onset	duration	nwb_table	ses_ID	ses_Name	cond_Name	cond_ID	target_rot	rep_num	pdOn	pdOff
26.544	0.9000000000000021	trials	89	s089_J210528	grCe_grSu6CiNe	15	90.0	5	26.844	27.143
27.152	0.9000000000000021	trials	89	s089_J210528	grCe_grSu6CiNe_PS	19	0.0	5	27.452	27.752
30.886	0.9000000000000021	trials	89	s089_J210528	grCe_grSu18Fa	11	0.0	5	31.186	31.486
31.503	0.8999999999999986	trials	89	s089_J210528	grCe_grSu18Fa	11	225.0	5	31.803	32.102
32.111000000000004	0.8999999999999986	trials	89	s089_J210528	grCe_grSu12SmCiNe_PS	21	135.0	5	32.411	32.711
37.054	0.8999999999999986	trials	89	s089_J210528	coCe_grSu6Ne	17	90.0	5	37.354	37.653
37.829	0.8999999999999986	trials	89	s089_J210528	grCe_grSu1Ne	3	315.0	5	38.129	38.428
38.429	0.8999999999999986	trials	89	s089_J210528	grCe	1	315.0	5	38.729	39.028
43.288000000000004	0.8999999999999986	trials	89	s089_J210528	grCe_grSu18Fa	11	45.0	5	43.588	43.887
47.305	0.8999999999999986	trials	89	s089_J210528	grCe_grSu12SmCiNe_PS	21	90.0	5	47.605	47.904
47.905	0.8999999999999986	trials	89	s089_J210528	NoStim	0		5	48.205	48.504
48.505	0.8999999999999986	trials	89	s089_J210528	grCe	1	90.0	5	48.805	49.105
56.489000000000004	0.8999999999999986	trials	89	s089_J210528	grCe_grSu12SmCiNe	13	180.0	5	56.789	57.089
57.106	0.8999999999999986	trials	89	s089_J210528	grCe_grSu12Mi	9	315.0	5	57.406	57.706
62.657000000000004	0.8999999999999986	trials	89	s089_J210528	grCe_grSu3Ne	5	315.0	5	62.957	63.256
63.265	0.8999999999999915	trials	89	s089_J210528	grCe_grSu1Ne	3	135.0	5	63.565	63.865
68.783	0.8999999999999915	trials	89	s089_J210528	grCe_grSu3Ne	5	225.0	5	69.083	69.382
69.391	0.8999999999999915	trials	89	s089_J210528	grCe_grSu6Ne_PS	18	225.0	5	69.691	69.991
69.99900000000001	0.8999999999999915	trials	89	s089_J210528	grCe_grSu6Ne_PS	18	270.0	5	70.299	70.599
81.176	0.8999999999999915	trials	89	s089_J210528	grCe_grSu12Mi	9	135.0	5	81.476	81.775
81.784	0.8999999999999915	trials	89	s089_J210528	grCe_grSu6Ne	7	270.0	5	82.084	82.384
82.393	0.8999999999999915	trials	89	s089_J210528	grCe_grSu12SmCiNe	13	315.0	5	82.693	82.992
93.378	0.8999999999999915	trials	89	s089_J210528	coCe	16	135.0	5	93.678	93.977
93.986	0.8999999999999915	trials	89	s089_J210528	grCe_grSu6CiNe	15	135.0	5	94.286	94.585
94.586	0.8999999999999915	trials	89	s089_J210528	grCe	1	45.0	5	94.886	95.186
99.37	0.8999999999999915	trials	89	s089_J210528	grCe_grSu6CiNe_PS	19	225.0	5	99.67	99.969
99.97	0.8999999999999915	trials	89	s089_J210528	grCe	1	135.0	5	100.27	100.57
100.578	0.8999999999999915	trials	89	s089_J210528	grCe_grSu12SmCiNe	13	0.0	5	100.878	101.178
105.479	0.8999999999999915	trials	89	s089_J210528	grCe_grSu18Fa	11	315.0	5	105.779	106.079
106.087	0.8999999999999915	trials	89	s089_J210528	grCe_grSu6CiNe	15	315.0	5	106.387	106.687
106.696	0.8999999999999915	trials	89	s089_J210528	grCe_grSu12SmCiNe	13	135.0	5	106.996	107.295
111.613	0.8999999999999915	trials	89	s089_J210528	coCe_grSu6Ne	17	225.0	5	111.913	112.213
112.22200000000001	0.8999999999999915	trials	89	s089_J210528	grCe_grSu3Ne	5	180.0	5	112.522	112.821
112.83	0.8999999999999915	trials	89	s089_J210528	grCe_grSu6CiNe_PS	19	270.0	5	113.13	113.43
117.581	0.8999999999999915	trials	89	s089_J210528	grCe_grSu6Ne	7	135.0	5	117.881	118.18
118.18900000000001	0.8999999999999915	trials	89	s089_J210528	coCe_grSu6Ne	17	270.0	5	118.489	118.789
118.789	0.8999999999999915	trials	89	s089_J210528	grCe	1	225.0	5	119.089	119.389
123.723	0.8999999999999915	trials	89	s089_J210528	grSu6CiNe	14		5	124.023	124.323
124.33200000000001	0.8999999999999915	trials	89	s089_J210528	grCe_grSu6CiNe_PS	19	180.0	5	124.632	124.931
128.065	0.9000000000000057	trials	89	s089_J210528	grCe_grSu1Ne	3	45.0	5	128.365	128.665
128.67399999999998	0.9000000000000057	trials	89	s089_J210528	coCe_grSu6Ne	17	315.0	5	128.974	129.273
133.941	0.9000000000000057	trials	89	s089_J210528	coCe	16	315.0	5	134.241	134.541
134.541	0.9000000000000057	trials	89	s089_J210528	grCe	1	180.0	5	134.841	135.141
135.14999999999998	0.9000000000000057	trials	89	s089_J210528	grCe_grSu6Ne	7	315.0	5	135.45	135.749
140.10899999999998	0.9000000000000057	trials	89	s089_J210528	grSu6Ne	6		5	140.409	140.708
140.71699999999998	0.9000000000000057	trials	89	s089_J210528	grCe_grSu3Ne	5	135.0	5	141.017	141.317
144.292	0.9000000000000057	trials	89	s089_J210528	grCe_grSu6CiNe_PS	19	90.0	5	144.592	144.892
150.402	0.9000000000000057	trials	89	s089_J210528	grCe_grSu12Mi	9	0.0	5	150.702	151.001
154.56	0.9000000000000057	trials	89	s089_J210528	grCe_grSu12SmCiNe_PS	21	225.0	5	154.86	155.16
155.344	0.9000000000000057	trials	89	s089_J210528	grCe_grSu6CiNe	15	180.0	5	155.644	155.943
160.21099999999998	0.9000000000000057	trials	89	s089_J210528	grCe_grSu12Mi	9	45.0	5	160.511	160.811
160.82	0.9000000000000057	trials	89	s089_J210528	coCe_grSu6Ne	17	135.0	5	161.12	161.419
161.428	0.9000000000000057	trials	89	s089_J210528	grCe_grSu6CiNe	15	225.0	5	161.728	162.028
166.154	0.9000000000000057	trials	89	s089_J210528	grCe_grSu6Ne_PS	18	315.0	5	166.454	166.753
170.06199999999998	0.9000000000000057	trials	89	s089_J210528	grCe_grSu3Ne	5	0.0	5	170.362	170.662
170.671	0.9000000000000057	trials	89	s089_J210528	grCe_grSu6Ne_PS	18	180.0	5	170.971	171.27
171.271	0.9000000000000057	trials	89	s089_J210528	grCe_grSu12SmCiNe_PS	21	270.0	5	171.571	171.87
176.155	0.9000000000000057	trials	89	s089_J210528	grCe_grSu6CiNe	15	45.0	5	176.455	176.754
177.37199999999999	0.9000000000000057	trials	89	s089_J210528	grCe_grSu12SmCiNe_PS	21	0.0	5	177.672	177.971
182.30599999999998	0.9000000000000057	trials	89	s089_J210528	grSu12SmCiNe	12		5	182.606	182.905
183.51399999999998	0.9000000000000057	trials	89	s089_J210528	grCe	1	0.0	5	183.814	184.114
189.03199999999998	0.9000000000000057	trials	89	s089_J210528	grSu18Fa	10		5	189.332	189.631
189.64	0.9000000000000057	trials	89	s089_J210528	grSu3Ne	4		5	189.94	190.24
198.041	0.9000000000000057	trials	89	s089_J210528	coCe_grSu6Ne	17	180.0	5	198.341	198.641
203.417	0.9000000000000057	trials	89	s089_J210528	grCe_grSu18Fa	11	180.0	5	203.717	204.016
204.167	0.9000000000000057	trials	89	s089_J210528	grCe_grSu12SmCiNe	13	45.0	5	204.467	204.766
209.81799999999998	0.9000000000000057	trials	89	s089_J210528	grCe_grSu12SmCiNe	13	270.0	5	210.118	210.417
210.426	0.9000000000000057	trials	89	s089_J210528	grCe_grSu12SmCiNe	13	90.0	5	210.726	211.026
215.85999999999999	0.9000000000000057	trials	89	s089_J210528	grCe_grSu12SmCiNe_PS	21	180.0	5	216.16	216.46
223.369	0.9000000000000057	trials	89	s089_J210528	coCe	16	270.0	5	223.669	223.969
223.97799999999998	0.9000000000000057	trials	89	s089_J210528	grCe_grSu1Ne	3	225.0	5	224.278	224.577
229.387	0.9000000000000057	trials	89	s089_J210528	coCe	16	225.0	5	229.687	229.986
229.99499999999998	0.9000000000000057	trials	89	s089_J210528	grCe_grSu1Ne	3	0.0	5	230.295	230.595
238.088	0.9000000000000057	trials	89	s089_J210528	coCe	16	45.0	5	238.388	238.687
239.30499999999998	0.9000000000000057	trials	89	s089_J210528	grCe_grSu3Ne	5	45.0	5	239.605	239.904
244.255	0.9000000000000057	trials	89	s089_J210528	grCe_grSu12Mi	9	180.0	5	244.555	244.855
244.86399999999998	0.9000000000000057	trials	89	s089_J210528	coCe_grSu6Ne	17	0.0	5	245.164	245.463
245.47199999999998	0.9000000000000057	trials	89	s089_J210528	grCe_grSu6CiNe_PS	19	315.0	5	245.772	246.072
256.515	0.9000000000000341	trials	89	s089_J210528	grSu1Ne	2		5	256.815	257.115
257.132	0.9000000000000341	trials	89	s089_J210528	grCe_grSu12Mi	9	225.0	5	257.432	257.732
257.74	0.9000000000000341	trials	89	s089_J210528	grCe_grSu6Ne_PS	18	90.0	5	258.04	258.34
262.633	0.9000000000000341	trials	89	s089_J210528	grCe_grSu18Fa	11	135.0	5	262.933	263.232
263.233	0.9000000000000341	trials	89	s089_J210528	coCe	16	180.0	5	263.533	263.832
263.858	0.9000000000000341	trials	89	s089_J210528	coCe	16	0.0	5	264.158	264.457
268.99199999999996	0.9000000000000341	trials	89	s089_J210528	grCe_grSu18Fa	11	270.0	5	269.292	269.591
269.59999999999997	0.9000000000000341	trials	89	s089_J210528	grCe_grSu1Ne	3	270.0	5	269.9	270.2
270.209	0.9000000000000341	trials	89	s089_J210528	grCe_grSu6CiNe_PS	19	45.0	5	270.509	270.808
275.05899999999997	0.9000000000000341	trials	89	s089_J210528	grCe_grSu6Ne	7	45.0	5	275.359	275.659
275.659	0.9000000000000341	trials	89	s089_J210528	coCe	16	90.0	5	275.959	276.259
276.268	0.9000000000000341	trials	89	s089_J210528	grSu12Mi	8		5	276.568	276.867
281.28499999999997	0.9000000000000341	trials	89	s089_J210528	grCe_grSu6Ne	7	0.0	5	281.585	281.885
281.894	0.9000000000000341	trials	89	s089_J210528	grCe_grSu6CiNe	15	270.0	5	282.194	282.493
285.919	0.9000000000000341	trials	89	s089_J210528	grCe_grSu18Fa	11	90.0	5	286.219	286.519
286.536	0.9000000000000341	trials	89	s089_J210528	grCe_grSu12Mi	9	90.0	5	286.836	287.135
293.828	0.9000000000000341	trials	89	s089_J210528	grCe_grSu1Ne	3	180.0	5	294.128	294.428
294.437	0.9000000000000341	trials	89	s089_J210528	grCe_grSu6Ne_PS	18	135.0	5	294.737	295.036
295.045	0.9000000000000341	trials	89	s089_J210528	grCe_grSu1Ne	3	90.0	5	295.345	295.645
300.00399999999996	0.9000000000000341	trials	89	s089_J210528	grCe_grSu3Ne	5	90.0	5	300.304	300.604
300.604	0.9000000000000341	trials	89	s089_J210528	grCe_grSu12SmCiNe_PS	21	45.0	5	300.904	301.204
306.10499999999996	0.9000000000000341	trials	89	s089_J210528	grCe_grSu12SmCiNe_PS	21	315.0	5	306.405	306.705
306.71299999999997	0.9000000000000341	trials	89	s089_J210528	grCe_grSu6Ne_PS	18	0.0	5	307.013	307.313
307.322	0.9000000000000341	trials	89	s089_J210528	grCe_grSu12SmCiNe	13	225.0	5	307.622	307.921
315.19	0.9000000000000341	trials	89	s089_J210528	grCe_grSu6CiNe	15	0.0	5	315.49	315.789
315.78999999999996	0.9000000000000341	trials	89	s089_J210528	grCe	1	270.0	5	316.09	316.389
316.39799999999997	0.9000000000000341	trials	89	s089_J210528	coSu6Ne	20		5	316.698	316.998
327.591	0.9000000000000341	trials	89	s089_J210528	coCe_grSu6Ne	17	45.0	5	327.891	328.191
328.2	0.9000000000000341	trials	89	s089_J210528	grCe_grSu6Ne_PS	18	45.0	5	328.5	328.799
328.808	0.9000000000000341	trials	89	s089_J210528	grCe_grSu6Ne	7	90.0	5	329.108	329.408
333.9	0.9000000000000341	trials	89	s089_J210528	grCe_grSu6CiNe_PS	19	135.0	5	334.2	334.5
334.509	0.9000000000000341	trials	89	s089_J210528	grCe_grSu6Ne	7	180.0	5	334.809	335.108
335.125	0.9000000000000341	trials	89	s089_J210528	grCe_grSu12Mi	9	270.0	5	335.425	335.725
344.293	0.9000000000000341	trials	89	s089_J210528	grCe_grSu6Ne	7	225.0	5	344.593	344.893
344.902	0.9000000000000341	trials	89	s089_J210528	grCe_grSu3Ne	5	270.0	5	345.202	345.501
345.502	0.9000000000000341	trials	89	s089_J210528	grCe_grSu6Ne_PS	18	180.0	6	345.802	346.101
351.036	0.9000000000000341	trials	89	s089_J210528	grCe_grSu6CiNe_PS	19	315.0	6	351.336	351.635
351.65299999999996	0.9000000000000341	trials	89	s089_J210528	grCe_grSu18Fa	11	270.0	6	351.953	352.252
356.412	0.9000000000000341	trials	89	s089_J210528	grCe_grSu3Ne	5	315.0	6	356.712	357.011
357.62	0.9000000000000341	trials	89	s089_J210528	grCe_grSu12SmCiNe_PS	21	270.0	6	357.92	358.22
362.44599999999997	0.9000000000000341	trials	89	s089_J210528	grCe_grSu12SmCiNe	13	45.0	6	362.746	363.045
363.054	0.9000000000000341	trials	89	s089_J210528	grSu3Ne	4		6	363.354	363.654
366.60499999999996	0.9000000000000341	trials	89	s089_J210528	coCe	16	90.0	6	366.905	367.204
367.221	0.9000000000000341	trials	89	s089_J210528	grCe_grSu18Fa	11	45.0	6	367.521	367.821
367.83	0.9000000000000341	trials	89	s089_J210528	grCe_grSu6CiNe	15	270.0	6	368.13	368.429
373.022	0.9000000000000341	trials	89	s089_J210528	grCe_grSu1Ne	3	315.0	6	373.322	373.622
377.181	0.9000000000000341	trials	89	s089_J210528	coCe_grSu6Ne	17	225.0	6	377.481	377.781
377.789	0.9000000000000341	trials	89	s089_J210528	grCe_grSu1Ne	3	270.0	6	378.089	378.389
378.39799999999997	0.9000000000000341	trials	89	s089_J210528	grCe_grSu12SmCiNe	13	90.0	6	378.698	378.997
383.282	0.9000000000000341	trials	89	s089_J210528	coCe_grSu6Ne	17	315.0	6	383.582	383.881
383.89	0.9000000000000341	trials	89	s089_J210528	grCe_grSu1Ne	3	0.0	6	384.19	384.49
384.49899999999997	0.9000000000000341	trials	89	s089_J210528	grCe_grSu3Ne	5	90.0	6	384.799	385.098
390.14099999999996	0.9000000000000341	trials	89	s089_J210528	grCe_grSu12SmCiNe	13	315.0	6	390.441	390.741
390.74899999999997	0.9000000000000341	trials	89	s089_J210528	grCe_grSu3Ne	5	270.0	6	391.049	391.349
395.667	0.9000000000000341	trials	89	s089_J210528	coCe_grSu6Ne	17	135.0	6	395.967	396.266
397.05899999999997	0.9000000000000341	trials	89	s089_J210528	grCe_grSu6Ne	7	225.0	6	397.359	397.658
402.07599999999996	0.9000000000000341	trials	89	s089_J210528	grCe_grSu12Mi	9	270.0	6	402.376	402.675
402.68399999999997	0.9000000000000341	trials	89	s089_J210528	grCe_grSu1Ne	3	135.0	6	402.984	403.284
403.293	0.9000000000000341	trials	89	s089_J210528	grCe_grSu12SmCiNe	13	270.0	6	403.593	403.892
409.01	0.9000000000000341	trials	89	s089_J210528	grCe_grSu12SmCiNe_PS	21	315.0	6	409.31	409.61
409.618	0.9000000000000341	trials	89	s089_J210528	grCe_grSu6CiNe_PS	19	0.0	6	409.918	410.218
414.794	0.9000000000000341	trials	89	s089_J210528	coCe	16	225.0	6	415.094	415.394
418.436	0.9000000000000341	trials	89	s089_J210528	NoStim	0		6	418.736	419.036
419.045	0.9000000000000341	trials	89	s089_J210528	grCe_grSu12SmCiNe	13	225.0	6	419.345	419.644
424.61199999999997	0.9000000000000341	trials	89	s089_J210528	coCe	16	45.0	6	424.912	425.212
425.221	0.9000000000000341	trials	89	s089_J210528	grCe_grSu12SmCiNe_PS	21	225.0	6	425.521	425.82
425.954	0.9000000000000341	trials	89	s089_J210528	grSu12Mi	8		6	426.254	426.553
431.33799999999997	0.9000000000000341	trials	89	s089_J210528	grCe_grSu3Ne	5	0.0	6	431.638	431.938
431.94599999999997	0.9000000000000341	trials	89	s089_J210528	grCe_grSu6Ne_PS	18	135.0	6	432.246	432.546
440.247	0.9000000000000341	trials	89	s089_J210528	grCe_grSu12SmCiNe_PS	21	90.0	6	440.547	440.847
440.856	0.9000000000000341	trials	89	s089_J210528	coCe_grSu6Ne	17	45.0	6	441.156	441.455
447.557	0.9000000000000341	trials	89	s089_J210528	grCe_grSu6CiNe_PS	19	180.0	6	447.857	448.156
452.649	0.9000000000000341	trials	89	s089_J210528	coCe_grSu6Ne	17	0.0	6	452.949	453.249
453.257	0.9000000000000341	trials	89	s089_J210528	grCe_grSu6Ne	7	315.0	6	453.557	453.857
458.692	0.9000000000000341	trials	89	s089_J210528	grCe_grSu6CiNe_PS	19	45.0	6	458.992	459.291
459.3	0.9000000000000341	trials	89	s089_J210528	grCe_grSu12Mi	9	180.0	6	459.6	459.899
459.95799999999997	0.9000000000000341	trials	89	s089_J210528	grCe_grSu6Ne_PS	18	270.0	6	460.258	460.558
465.442	0.9000000000000341	trials	89	s089_J210528	grCe_grSu3Ne	5	45.0	6	465.742	466.042
466.051	0.9000000000000341	trials	89	s089_J210528	grCe_grSu6CiNe	15	0.0	6	466.351	466.65
471.226	0.9000000000000341	trials	89	s089_J210528	grCe_grSu18Fa	11	315.0	6	471.526	471.826
471.827	0.9000000000000341	trials	89	s089_J210528	grCe	1	90.0	6	472.127	472.426
472.435	0.9000000000000341	trials	89	s089_J210528	grCe_grSu6CiNe	15	45.0	6	472.735	473.035
477.161	0.9000000000000341	trials	89	s089_J210528	grCe	1	315.0	6	477.461	477.76
477.76099999999997	0.9000000000000341	trials	89	s089_J210528	coCe	16	135.0	6	478.061	478.36
478.36899999999997	0.9000000000000341	trials	89	s089_J210528	grCe_grSu6Ne_PS	18	225.0	6	478.669	478.969
483.245	0.9000000000000341	trials	89	s089_J210528	grCe_grSu3Ne	5	225.0	6	483.545	483.844
483.853	0.9000000000000341	trials	89	s089_J210528	grCe_grSu12SmCiNe_PS	21	135.0	6	484.153	484.453
484.62	0.9000000000000341	trials	89	s089_J210528	grSu1Ne	2		6	484.92	485.219
489.604	0.9000000000000341	trials	89	s089_J210528	grCe_grSu1Ne	3	225.0	6	489.904	490.203
493.146	0.9000000000000341	trials	89	s089_J210528	grCe	1	45.0	6	493.446	493.746
493.75399999999996	0.9000000000000341	trials	89	s089_J210528	grCe_grSu1Ne	3	180.0	6	494.054	494.354
494.371	0.9000000000000341	trials	89	s089_J210528	grCe_grSu12Mi	9	225.0	6	494.671	494.971
499.322	0.9000000000000341	trials	89	s089_J210528	grCe	1	270.0	6	499.622	499.921
499.93899999999996	0.9000000000000341	trials	89	s089_J210528	grCe_grSu18Fa	11	0.0	6	500.239	500.538
500.705	0.9000000000000341	trials	89	s089_J210528	grCe_grSu12SmCiNe_PS	21	180.0	6	501.005	501.305
505.731	0.9000000000000341	trials	89	s089_J210528	grCe_grSu12Mi	9	135.0	6	506.031	506.33
506.948	0.9000000000000341	trials	89	s089_J210528	grCe_grSu6CiNe_PS	19	225.0	6	507.248	507.547
511.857	0.9000000000000341	trials	89	s089_J210528	grCe_grSu1Ne	3	45.0	6	512.157	512.456
512.465	0.8999999999999773	trials	89	s089_J210528	grCe_grSu6CiNe_PS	19	270.0	6	512.765	513.065
513.0740000000001	0.8999999999999773	trials	89	s089_J210528	grCe_grSu6Ne	7	90.0	6	513.374	513.673
521.058	0.8999999999999773	trials	89	s089_J210528	grCe_grSu12SmCiNe	13	135.0	6	521.358	521.657
521.691	0.8999999999999773	trials	89	s089_J210528	grSu6Ne	6		6	521.991	522.291
522.3000000000001	0.8999999999999773	trials	89	s089_J210528	coCe_grSu6Ne	17	90.0	6	522.6	522.899
527.784	0.8999999999999773	trials	89	s089_J210528	grCe_grSu6CiNe	15	315.0	6	528.084	528.383
528.392	0.8999999999999773	trials	89	s089_J210528	grCe_grSu6Ne	7	180.0	6	528.692	528.992
533.243	0.8999999999999773	trials	89	s089_J210528	grCe_grSu6CiNe_PS	19	90.0	6	533.543	533.842
534.451	0.8999999999999773	trials	89	s089_J210528	coCe	16	180.0	6	534.751	535.051
539.344	0.8999999999999773	trials	89	s089_J210528	grCe_grSu12Mi	9	45.0	6	539.644	539.943
539.952	0.8999999999999773	trials	89	s089_J210528	grCe_grSu6Ne	7	0.0	6	540.252	540.552
540.552	0.8999999999999773	trials	89	s089_J210528	grCe	1	135.0	6	540.852	541.152
545.6360000000001	0.8999999999999773	trials	89	s089_J210528	grSu6CiNe	14		6	545.936	546.236
549.212	0.8999999999999773	trials	89	s089_J210528	grCe_grSu18Fa	11	90.0	6	549.512	549.811
549.82	0.8999999999999773	trials	89	s089_J210528	grCe_grSu6Ne_PS	18	315.0	6	550.12	550.42
550.4200000000001	0.8999999999999773	trials	89	s089_J210528	grCe	1	225.0	6	550.72	551.02
555.187	0.8999999999999773	trials	89	s089_J210528	grCe_grSu12SmCiNe_PS	21	45.0	6	555.487	555.787
555.796	0.8999999999999773	trials	89	s089_J210528	grCe_grSu6CiNe	15	225.0	6	556.096	556.395
556.413	0.8999999999999773	trials	89	s089_J210528	grSu18Fa	10		6	556.713	557.012
561.263	0.8999999999999773	trials	89	s089_J210528	grCe_grSu18Fa	11	225.0	6	561.563	561.863
561.8720000000001	0.8999999999999773	trials	89	s089_J210528	grCe_grSu6Ne	7	270.0	6	562.172	562.471
562.4720000000001	0.8999999999999773	trials	89	s089_J210528	grCe_grSu6CiNe_PS	19	135.0	6	562.772	563.071
567.3140000000001	0.8999999999999773	trials	89	s089_J210528	grCe_grSu6CiNe	15	90.0	6	567.614	567.913
567.922	0.8999999999999773	trials	89	s089_J210528	grCe_grSu1Ne	3	90.0	6	568.222	568.522
568.5310000000001	0.8999999999999773	trials	89	s089_J210528	grCe_grSu12SmCiNe	13	180.0	6	568.831	569.13
574.2560000000001	0.8999999999999773	trials	89	s089_J210528	grCe	1	0.0	6	574.556	574.856
577.5150000000001	0.8999999999999773	trials	89	s089_J210528	grCe_grSu6Ne_PS	18	90.0	6	577.815	578.115
578.124	0.8999999999999773	trials	89	s089_J210528	grCe_grSu6Ne	7	45.0	6	578.424	578.723
578.724	0.8999999999999773	trials	89	s089_J210528	coCe	16	270.0	6	579.024	579.323
583.4490000000001	0.8999999999999773	trials	89	s089_J210528	coCe	16	315.0	6	583.749	584.049
584.058	0.8999999999999773	trials	89	s089_J210528	grCe_grSu3Ne	5	180.0	6	584.358	584.657
584.666	0.8999999999999773	trials	89	s089_J210528	grCe_grSu3Ne	5	135.0	6	584.966	585.266
590.284	0.8999999999999773	trials	89	s089_J210528	grCe_grSu12Mi	9	0.0	6	590.584	590.883
590.892	0.8999999999999773	trials	89	s089_J210528	grCe_grSu6Ne_PS	18	45.0	6	591.192	591.492
596.368	0.8999999999999773	trials	89	s089_J210528	grCe_grSu12SmCiNe_PS	21	0.0	6	596.668	596.967
596.976	0.8999999999999773	trials	89	s089_J210528	coSu6Ne	20		6	597.276	597.576
605.861	0.8999999999999773	trials	89	s089_J210528	grCe_grSu12Mi	9	315.0	6	606.161	606.46
606.461	0.8999999999999773	trials	89	s089_J210528	grCe	1	180.0	6	606.761	607.06
611.961	0.8999999999999773	trials	89	s089_J210528	grCe_grSu12SmCiNe	13	0.0	6	612.261	612.561
612.5780000000001	0.8999999999999773	trials	89	s089_J210528	grCe_grSu12Mi	9	90.0	6	612.878	613.178
613.195	0.8999999999999773	trials	89	s089_J210528	grCe_grSu18Fa	11	135.0	6	613.495	613.794
618.3040000000001	0.8999999999999773	trials	89	s089_J210528	coCe	16	0.0	6	618.604	618.903
618.921	0.8999999999999773	trials	89	s089_J210528	grCe_grSu18Fa	11	180.0	6	619.221	619.52
619.529	0.8999999999999773	trials	89	s089_J210528	grSu12SmCiNe	12		6	619.829	620.129
624.3380000000001	0.8999999999999773	trials	89	s089_J210528	coCe_grSu6Ne	17	270.0	6	624.638	624.938
624.946	0.8999999999999773	trials	89	s089_J210528	grCe_grSu6Ne	7	135.0	6	625.246	625.546
625.5550000000001	0.8999999999999773	trials	89	s089_J210528	coCe_grSu6Ne	17	180.0	6	625.855	626.154
630.4050000000001	0.8999999999999773	trials	89	s089_J210528	grCe_grSu6CiNe	15	135.0	6	630.705	631.005
641.374	0.8999999999999773	trials	89	s089_J210528	grCe_grSu6Ne_PS	18	0.0	6	641.674	641.973
646.9490000000001	0.8999999999999773	trials	89	s089_J210528	grCe_grSu6CiNe	15	180.0	6	647.249	647.549
647.566	0.8999999999999773	trials	89	s089_J210528	grCe_grSu12Mi	9	0.0	0	647.866	648.166
653.3000000000001	0.8999999999999773	trials	89	s089_J210528	NoStim	0		0	653.6	653.9
654.517	0.8999999999999773	trials	89	s089_J210528	grCe_grSu6CiNe_PS	19	315.0	0	654.817	655.116
659.518	0.8999999999999773	trials	89	s089_J210528	coCe_grSu6Ne	17	135.0	0	659.818	660.117
660.1260000000001	0.8999999999999773	trials	89	s089_J210528	grCe_grSu3Ne	5	0.0	0	660.426	660.725
660.734	0.8999999999999773	trials	89	s089_J210528	grCe_grSu6Ne	7	225.0	0	661.034	661.334
668.885	0.8999999999999773	trials	89	s089_J210528	coCe_grSu6Ne	17	225.0	0	669.185	669.485
669.494	0.8999999999999773	trials	89	s089_J210528	grSu6CiNe	14		0	669.794	670.093
670.1020000000001	0.8999999999999773	trials	89	s089_J210528	coSu6Ne	20		0	670.402	670.702
675.0360000000001	0.8999999999999773	trials	89	s089_J210528	grCe_grSu6CiNe_PS	19	90.0	0	675.336	675.636
675.6450000000001	0.8999999999999773	trials	89	s089_J210528	grCe_grSu6CiNe_PS	19	135.0	0	675.945	676.244
676.245	0.8999999999999773	trials	89	s089_J210528	coCe	16	180.0	0	676.545	676.844
681.0790000000001	0.8999999999999773	trials	89	s089_J210528	coCe_grSu6Ne	17	180.0	0	681.379	681.678
684.787	0.8999999999999773	trials	89	s089_J210528	grSu12SmCiNe	12		0	685.087	685.387
685.3960000000001	0.8999999999999773	trials	89	s089_J210528	grCe_grSu6Ne	7	90.0	0	685.696	685.995
694.8050000000001	0.8999999999999773	trials	89	s089_J210528	grCe_grSu12SmCiNe	13	90.0	0	695.105	695.405
695.4140000000001	0.8999999999999773	trials	89	s089_J210528	grCe_grSu6Ne_PS	18	90.0	0	695.714	696.013
700.248	0.8999999999999773	trials	89	s089_J210528	grCe_grSu12SmCiNe	13	270.0	0	700.548	700.847
700.856	0.8999999999999773	trials	89	s089_J210528	coCe_grSu6Ne	17	270.0	0	701.156	701.456
701.465	0.8999999999999773	trials	89	s089_J210528	grCe_grSu1Ne	3	45.0	0	701.765	702.064
707.0490000000001	0.8999999999999773	trials	89	s089_J210528	grCe_grSu6CiNe_PS	19	270.0	0	707.349	707.648
711.183	0.8999999999999773	trials	89	s089_J210528	grSu1Ne	2		0	711.483	711.782
711.791	0.8999999999999773	trials	89	s089_J210528	grCe_grSu1Ne	3	180.0	0	712.091	712.391
716.692	0.8999999999999773	trials	89	s089_J210528	grCe_grSu6CiNe_PS	19	0.0	0	716.992	717.291
717.292	0.8999999999999773	trials	89	s089_J210528	coCe	16	45.0	0	717.592	717.891
717.9000000000001	0.8999999999999773	trials	89	s089_J210528	grCe_grSu6Ne	7	270.0	0	718.2	718.5
726.4100000000001	0.8999999999999773	trials	89	s089_J210528	grCe_grSu12SmCiNe	13	0.0	0	726.71	727.009
727.01	0.8999999999999773	trials	89	s089_J210528	coCe	16	225.0	0	727.31	727.609
735.994	0.8999999999999773	trials	89	s089_J210528	grCe_grSu12Mi	9	225.0	0	736.294	736.594
736.6030000000001	0.8999999999999773	trials	89	s089_J210528	grCe_grSu1Ne	3	225.0	0	736.903	737.202
737.211	0.8999999999999773	trials	89	s089_J210528	grCe_grSu12SmCiNe_PS	21	180.0	0	737.511	737.81
742.1030000000001	0.8999999999999773	trials	89	s089_J210528	grCe_grSu6Ne	7	135.0	0	742.403	742.703
742.712	0.8999999999999773	trials	89	s089_J210528	grCe_grSu6CiNe_PS	19	180.0	0	743.012	743.311
743.3280000000001	0.8999999999999773	trials	89	s089_J210528	grCe_grSu12Mi	9	270.0	0	743.628	743.928
748.2710000000001	0.8999999999999773	trials	89	s089_J210528	grCe_grSu1Ne	3	0.0	0	748.571	748.87
748.8870000000001	0.8999999999999773	trials	89	s089_J210528	grCe_grSu18Fa	11	90.0	0	749.187	749.487
749.4960000000001	0.8999999999999773	trials	89	s089_J210528	coCe_grSu6Ne	17	90.0	0	749.796	750.095
754.1800000000001	0.8999999999999773	trials	89	s089_J210528	grCe_grSu12SmCiNe_PS	21	45.0	0	754.48	754.779
755.397	0.8999999999999773	trials	89	s089_J210528	grSu3Ne	4		0	755.697	755.996
760.306	0.8999999999999773	trials	89	s089_J210528	grCe_grSu6Ne_PS	18	225.0	0	760.606	760.905
760.9060000000001	0.8999999999999773	trials	89	s089_J210528	grCe	1	270.0	0	761.206	761.505
764.523	0.8999999999999773	trials	89	s089_J210528	grCe_grSu6CiNe_PS	19	225.0	0	764.823	765.122
765.731	0.8999999999999773	trials	89	s089_J210528	grCe	1	45.0	0	766.031	766.331
770.532	0.8999999999999773	trials	89	s089_J210528	grCe_grSu12SmCiNe	13	315.0	0	770.832	771.131
771.1400000000001	0.8999999999999773	trials	89	s089_J210528	grCe_grSu6CiNe	15	180.0	0	771.44	771.74
771.749	0.8999999999999773	trials	89	s089_J210528	grCe_grSu6CiNe	15	45.0	0	772.049	772.348
779.916	0.8999999999999773	trials	89	s089_J210528	grCe_grSu12SmCiNe	13	225.0	0	780.216	780.516
780.533	0.8999999999999773	trials	89	s089_J210528	grCe_grSu18Fa	11	45.0	0	780.833	781.133
781.1500000000001	0.8999999999999773	trials	89	s089_J210528	grCe_grSu18Fa	11	180.0	0	781.45	781.75
792.7510000000001	0.8999999999999773	trials	89	s089_J210528	grCe_grSu6Ne	7	180.0	0	793.051	793.351
793.36	0.8999999999999773	trials	89	s089_J210528	grCe_grSu3Ne	5	45.0	0	793.66	793.959
793.96	0.8999999999999773	trials	89	s089_J210528	grCe	1	315.0	0	794.26	794.56
799.4440000000001	0.8999999999999773	trials	89	s089_J210528	coCe	16	0.0	0	799.744	800.044
800.0440000000001	0.8999999999999773	trials	89	s089_J210528	coCe	16	270.0	0	800.344	800.644
808.128	0.8999999999999773	trials	89	s089_J210528	grCe_grSu6Ne	7	45.0	0	808.428	808.728
808.7370000000001	0.8999999999999773	trials	89	s089_J210528	coCe_grSu6Ne	17	45.0	0	809.037	809.336
809.345	0.8999999999999773	trials	89	s089_J210528	grCe_grSu12SmCiNe_PS	21	135.0	0	809.645	809.945
814.2040000000001	0.8999999999999773	trials	89	s089_J210528	grCe_grSu6Ne_PS	18	0.0	0	814.504	814.804
814.8040000000001	0.8999999999999773	trials	89	s089_J210528	coCe	16	315.0	0	815.104	815.404
815.404	0.8999999999999773	trials	89	s089_J210528	grCe	1	135.0	0	815.704	816.004
820.388	0.8999999999999773	trials	89	s089_J210528	grCe_grSu6Ne_PS	18	270.0	0	820.688	820.988
821.005	0.8999999999999773	trials	89	s089_J210528	grCe_grSu18Fa	11	270.0	0	821.305	821.605
821.614	0.8999999999999773	trials	89	s089_J210528	grCe_grSu1Ne	3	270.0	0	821.914	822.213
826.464	0.8999999999999773	trials	89	s089_J210528	grCe_grSu12SmCiNe	13	180.0	0	826.764	827.064
830.1310000000001	0.8999999999999773	trials	89	s089_J210528	coCe_grSu6Ne	17	0.0	0	830.431	830.731
831.356	0.8999999999999773	trials	89	s089_J210528	grCe_grSu18Fa	11	315.0	0	831.656	831.956
836.5400000000001	0.8999999999999773	trials	89	s089_J210528	grCe_grSu12SmCiNe	13	45.0	0	836.84	837.14
840.1410000000001	0.8999999999999773	trials	89	s089_J210528	grCe_grSu1Ne	3	315.0	0	840.441	840.74
841.3580000000001	0.8999999999999773	trials	89	s089_J210528	grCe_grSu3Ne	5	180.0	0	841.658	841.957
846.2420000000001	0.8999999999999773	trials	89	s089_J210528	grCe_grSu6Ne_PS	18	180.0	0	846.542	846.841
846.8580000000001	0.8999999999999773	trials	89	s089_J210528	grCe_grSu18Fa	11	135.0	0	847.158	847.458
847.4670000000001	0.8999999999999773	trials	89	s089_J210528	grCe_grSu3Ne	5	315.0	0	847.767	848.066
852.134	0.8999999999999773	trials	89	s089_J210528	grCe_grSu6CiNe_PS	19	45.0	0	852.434	852.734
852.7510000000001	0.8999999999999773	trials	89	s089_J210528	grCe_grSu12Mi	9	135.0	0	853.051	853.35
853.368	0.8999999999999773	trials	89	s089_J210528	grSu18Fa	10		0	853.668	853.967
858.768	0.8999999999999773	trials	89	s089_J210528	grSu6Ne	6		0	859.068	859.368
864.211	0.8999999999999773	trials	89	s089_J210528	grCe_grSu1Ne	3	135.0	0	864.511	864.81
867.928	0.8999999999999773	trials	89	s089_J210528	grCe	1	0.0	0	868.228	868.527
868.5360000000001	0.8999999999999773	trials	89	s089_J210528	grCe_grSu6CiNe	15	0.0	0	868.836	869.136
869.1360000000001	0.8999999999999773	trials	89	s089_J210528	grCe	1	225.0	0	869.436	869.736
874.5450000000001	0.8999999999999773	trials	89	s089_J210528	grSu12Mi	8		0	874.845	875.145
875.162	0.8999999999999773	trials	89	s089_J210528	grCe_grSu12Mi	9	180.0	0	875.462	875.762
880.238	0.8999999999999773	trials	89	s089_J210528	grCe_grSu12SmCiNe_PS	21	225.0	0	880.538	880.837
880.846	0.8999999999999773	trials	89	s089_J210528	grCe_grSu6CiNe	15	90.0	0	881.146	881.446
881.455	0.8999999999999773	trials	89	s089_J210528	grCe_grSu6Ne	7	315.0	0	881.755	882.054
886.639	0.8999999999999773	trials	89	s089_J210528	grCe_grSu12Mi	9	45.0	0	886.939	887.238
887.8470000000001	0.8999999999999773	trials	89	s089_J210528	grCe	1	90.0	0	888.147	888.447
900.8240000000001	0.8999999999999773	trials	89	s089_J210528	coCe	16	90.0	0	901.124	901.423
905.808	0.8999999999999773	trials	89	s089_J210528	grCe_grSu12SmCiNe_PS	21	315.0	0	906.108	906.407
906.416	0.8999999999999773	trials	89	s089_J210528	grCe_grSu6CiNe	15	135.0	0	906.716	907.016
911.884	0.8999999999999773	trials	89	s089_J210528	grCe_grSu12SmCiNe_PS	21	0.0	0	912.184	912.483
912.484	0.8999999999999773	trials	89	s089_J210528	grCe_grSu6Ne_PS	18	315.0	0	912.784	913.083
913.0920000000001	0.8999999999999773	trials	89	s089_J210528	grCe_grSu6Ne	7	0.0	0	913.392	913.692
918.076	0.8999999999999773	trials	89	s089_J210528	grCe_grSu3Ne	5	270.0	0	918.376	918.676
921.543	0.8999999999999773	trials	89	s089_J210528	grCe_grSu6CiNe	15	225.0	0	921.843	922.143
922.143	0.8999999999999773	trials	89	s089_J210528	grCe	1	180.0	0	922.443	922.743
928.0690000000001	0.8999999999999773	trials	89	s089_J210528	grCe_grSu12SmCiNe_PS	21	270.0	0	928.369	928.669
928.677	0.8999999999999773	trials	89	s089_J210528	coCe_grSu6Ne	17	315.0	0	928.977	929.277
934.361	0.8999999999999773	trials	89	s089_J210528	grCe_grSu3Ne	5	225.0	0	934.661	934.961
935.5780000000001	0.8999999999999773	trials	89	s089_J210528	grCe_grSu12SmCiNe_PS	21	90.0	0	935.878	936.178
940.5790000000001	0.8999999999999773	trials	89	s089_J210528	coCe	16	135.0	0	940.879	941.179
941.187	0.8999999999999773	trials	89	s089_J210528	grCe_grSu6CiNe	15	270.0	0	941.487	941.787
946.696	0.8999999999999773	trials	89	s089_J210528	grCe_grSu6Ne_PS	18	45.0	0	946.996	947.296
950.5390000000001	0.8999999999999773	trials	89	s089_J210528	grCe_grSu3Ne	5	135.0	0	950.839	951.138
951.1550000000001	0.8999999999999773	trials	89	s089_J210528	grCe_grSu12Mi	9	315.0	0	951.455	951.755
956.5980000000001	0.8999999999999773	trials	89	s089_J210528	grCe_grSu3Ne	5	90.0	0	956.898	957.197
957.206	0.8999999999999773	trials	89	s089_J210528	grCe_grSu12Mi	9	90.0	0	957.506	957.806
962.673	0.8999999999999773	trials	89	s089_J210528	grCe_grSu6Ne_PS	18	135.0	0	962.973	963.273
963.282	0.8999999999999773	trials	89	s089_J210528	grCe_grSu1Ne	3	90.0	0	963.582	963.881
963.899	0.8999999999999773	trials	89	s089_J210528	grCe_grSu18Fa	11	225.0	0	964.199	964.498
972.125	0.8999999999999773	trials	89	s089_J210528	grCe_grSu6CiNe	15	315.0	0	972.425	972.724
972.7330000000001	0.8999999999999773	trials	89	s089_J210528	grCe_grSu12SmCiNe	13	135.0	0	973.033	973.333
978.2170000000001	0.8999999999999773	trials	89	s089_J210528	grCe_grSu18Fa	11	0.0	0	978.517	978.817
978.8340000000001	0.8999999999999773	trials	89	s089_J210528	grCe_grSu12Mi	9	135.0	8	979.134	979.433
985.018	0.8999999999999773	trials	89	s089_J210528	coCe_grSu6Ne	17	0.0	8	985.318	985.618
985.635	0.8999999999999773	trials	89	s089_J210528	grCe_grSu12Mi	9	90.0	8	985.935	986.234
990.4100000000001	0.8999999999999773	trials	89	s089_J210528	grCe_grSu3Ne	5	135.0	8	990.71	991.01
991.027	0.8999999999999773	trials	89	s089_J210528	grCe_grSu18Fa	11	180.0	8	991.327	991.627
991.6360000000001	0.8999999999999773	trials	89	s089_J210528	grCe_grSu1Ne	3	90.0	8	991.936	992.235
1010.1460000000001	0.8999999999999773	trials	89	s089_J210528	grCe_grSu6Ne	7	225.0	8	1010.446	1010.746
1010.755	0.8999999999999773	trials	89	s089_J210528	grCe_grSu12SmCiNe_PS	21	270.0	8	1011.055	1011.354
1011.363	0.8999999999999773	trials	89	s089_J210528	grSu12Mi	8		8	1011.663	1011.963
1016.264	0.8999999999999773	trials	89	s089_J210528	grCe_grSu3Ne	5	225.0	8	1016.564	1016.863
1016.8720000000001	0.8999999999999773	trials	89	s089_J210528	grCe_grSu6Ne	7	45.0	8	1017.172	1017.472
1017.481	0.8999999999999773	trials	89	s089_J210528	grCe_grSu6Ne_PS	18	135.0	8	1017.781	1018.08
1022.423	0.8999999999999773	trials	89	s089_J210528	grCe_grSu3Ne	5	45.0	8	1022.723	1023.022
1023.181	0.8999999999998636	trials	89	s089_J210528	grCe_grSu6Ne_PS	18	270.0	8	1023.481	1023.781
1023.79	0.8999999999998636	trials	89	s089_J210528	grCe_grSu6CiNe	15	270.0	8	1024.09	1024.389
1028.474	0.8999999999998636	trials	89	s089_J210528	grCe_grSu12SmCiNe	13	90.0	8	1028.774	1029.073
1029.082	0.8999999999998636	trials	89	s089_J210528	coCe_grSu6Ne	17	90.0	8	1029.382	1029.682
1029.699	0.8999999999998636	trials	89	s089_J210528	grCe_grSu6CiNe	15	225.0	8	1029.999	1030.298
1034.449	0.8999999999998636	trials	89	s089_J210528	coCe_grSu6Ne	17	45.0	8	1034.749	1035.049
1035.05	0.8999999999998636	trials	89	s089_J210528	grCe	1	135.0	8	1035.35	1035.649
1035.65	0.8999999999998636	trials	89	s089_J210528	grCe	1	225.0	8	1035.95	1036.249
1040.642	0.8999999999998636	trials	89	s089_J210528	grCe_grSu12Mi	9	0.0	8	1040.942	1041.241
1041.267	0.8999999999998636	trials	89	s089_J210528	grCe_grSu18Fa	11	270.0	8	1041.567	1041.867
1041.875	0.8999999999998636	trials	89	s089_J210528	grCe_grSu6CiNe	15	45.0	8	1042.175	1042.475
1046.7340000000002	0.8999999999998636	trials	89	s089_J210528	grCe_grSu12SmCiNe_PS	21	225.0	8	1047.034	1047.334
1047.943	0.8999999999998636	trials	89	s089_J210528	grCe_grSu1Ne	3	225.0	8	1048.243	1048.542
1053.41	0.8999999999998636	trials	89	s089_J210528	coCe_grSu6Ne	17	270.0	8	1053.71	1054.01
1054.01	0.8999999999998636	trials	89	s089_J210528	grCe_grSu12SmCiNe_PS	21	90.0	8	1054.31	1054.61
1058.9360000000001	0.8999999999998636	trials	89	s089_J210528	grCe_grSu12Mi	9	45.0	8	1059.236	1059.536
1059.544	0.8999999999998636	trials	89	s089_J210528	grCe_grSu12SmCiNe	13	0.0	8	1059.844	1060.144
1060.153	0.8999999999998636	trials	89	s089_J210528	grCe_grSu6CiNe	15	0.0	8	1060.453	1060.752
1064.887	0.8999999999998636	trials	89	s089_J210528	grCe_grSu12SmCiNe	13	45.0	8	1065.187	1065.486
1073.813	0.8999999999998636	trials	89	s089_J210528	grCe_grSu12SmCiNe_PS	21	180.0	8	1074.113	1074.412
1075.021	0.8999999999998636	trials	89	s089_J210528	grCe	1	270.0	8	1075.321	1075.621
1079.797	0.8999999999998636	trials	89	s089_J210528	grCe_grSu6CiNe_PS	19	90.0	8	1080.097	1080.397
1080.414	0.8999999999998636	trials	89	s089_J210528	grCe_grSu18Fa	11	0.0	8	1080.714	1081.013
1089.257	0.8999999999998636	trials	89	s089_J210528	grCe_grSu6Ne	7	270.0	8	1089.557	1089.856
1096.057	0.8999999999998636	trials	89	s089_J210528	grCe_grSu12SmCiNe_PS	21	45.0	8	1096.357	1096.657
1096.666	0.8999999999998636	trials	89	s089_J210528	grCe_grSu6CiNe_PS	19	270.0	8	1096.966	1097.265
1097.2740000000001	0.8999999999998636	trials	89	s089_J210528	grCe_grSu6Ne_PS	18	180.0	8	1097.574	1097.874
1106.367	0.8999999999998636	trials	89	s089_J210528	coSu6Ne	20		8	1106.667	1106.967
1106.976	0.8999999999998636	trials	89	s089_J210528	coCe_grSu6Ne	17	135.0	8	1107.276	1107.575
1114.9850000000001	0.8999999999998636	trials	89	s089_J210528	grCe_grSu6Ne_PS	18	225.0	8	1115.285	1115.584
1115.593	0.8999999999998636	trials	89	s089_J210528	grSu12SmCiNe	12		8	1115.893	1116.193
1116.21	0.8999999999998636	trials	89	s089_J210528	grCe_grSu18Fa	11	225.0	8	1116.51	1116.81
1121.1770000000001	0.8999999999998636	trials	89	s089_J210528	coCe_grSu6Ne	17	180.0	8	1121.477	1121.777
1125.57	0.8999999999998636	trials	89	s089_J210528	coCe	16	0.0	8	1125.87	1126.169
1126.17	0.8999999999998636	trials	89	s089_J210528	coCe	16	270.0	8	1126.47	1126.769
1131.329	0.8999999999998636	trials	89	s089_J210528	grCe_grSu6CiNe_PS	19	45.0	8	1131.629	1131.928
1132.545	0.8999999999998636	trials	89	s089_J210528	grCe_grSu3Ne	5	180.0	8	1132.845	1133.145
1137.93	0.8999999999998636	trials	89	s089_J210528	grCe_grSu3Ne	5	270.0	8	1138.23	1138.529
1141.3880000000001	0.8999999999998636	trials	89	s089_J210528	grCe_grSu6Ne_PS	18	45.0	8	1141.688	1141.988
1141.988	0.8999999999998636	trials	89	s089_J210528	grCe	1	45.0	8	1142.288	1142.588
1142.597	0.8999999999998636	trials	89	s089_J210528	grCe_grSu12SmCiNe	13	315.0	8	1142.897	1143.196
1151.656	0.8999999999998636	trials	89	s089_J210528	grCe_grSu12SmCiNe_PS	21	0.0	8	1151.956	1152.256
1156.54	0.8999999999998636	trials	89	s089_J210528	grCe_grSu6CiNe	15	315.0	8	1156.84	1157.14
1157.14	0.8999999999998636	trials	89	s089_J210528	grCe	1	315.0	8	1157.44	1157.74
1162.608	0.8999999999998636	trials	89	s089_J210528	coCe	16	315.0	8	1162.908	1163.207
1163.2160000000001	0.8999999999998636	trials	89	s089_J210528	grCe_grSu12SmCiNe_PS	21	315.0	8	1163.516	1163.816
1168.659	0.8999999999998636	trials	89	s089_J210528	grSu3Ne	4		8	1168.959	1169.258
1169.259	0.8999999999998636	trials	89	s089_J210528	coCe	16	90.0	8	1169.559	1169.858
1169.867	0.8999999999998636	trials	89	s089_J210528	grSu1Ne	2		8	1170.167	1170.467
1174.684	0.8999999999998636	trials	89	s089_J210528	grCe_grSu6Ne	7	180.0	8	1174.984	1175.284
1175.2930000000001	0.8999999999998636	trials	89	s089_J210528	grCe_grSu3Ne	5	90.0	8	1175.593	1175.892
1175.901	0.8999999999998636	trials	89	s089_J210528	grCe_grSu12SmCiNe	13	135.0	8	1176.201	1176.501
1180.952	0.8999999999998636	trials	89	s089_J210528	grCe_grSu1Ne	3	135.0	8	1181.252	1181.551
1181.56	0.8999999999998636	trials	89	s089_J210528	coCe_grSu6Ne	17	225.0	8	1181.86	1182.16
1187.136	0.8999999999998636	trials	89	s089_J210528	grCe_grSu18Fa	11	315.0	8	1187.436	1187.735
1187.7440000000001	0.8999999999998636	trials	89	s089_J210528	grCe_grSu6CiNe_PS	19	315.0	8	1188.044	1188.344
1193.237	0.8999999999998636	trials	89	s089_J210528	grSu6Ne	6		8	1193.537	1193.836
1193.845	0.8999999999998636	trials	89	s089_J210528	grCe_grSu6CiNe	15	180.0	8	1194.145	1194.445
1194.462	0.8999999999998636	trials	89	s089_J210528	grCe_grSu18Fa	11	45.0	8	1194.762	1195.061
1199.429	0.8999999999998636	trials	89	s089_J210528	grCe_grSu6CiNe	15	90.0	8	1199.729	1200.029
1200.046	0.8999999999998636	trials	89	s089_J210528	grCe_grSu12Mi	9	270.0	8	1200.346	1200.645
1200.654	0.8999999999998636	trials	89	s089_J210528	grCe_grSu1Ne	3	270.0	8	1200.954	1201.254
1205.73	0.8999999999998636	trials	89	s089_J210528	grCe_grSu12Mi	9	225.0	8	1206.03	1206.33
1206.338	0.8999999999998636	trials	89	s089_J210528	grCe_grSu1Ne	3	0.0	8	1206.638	1206.938
1206.9470000000001	0.8999999999998636	trials	89	s089_J210528	grCe_grSu12SmCiNe	13	270.0	8	1207.247	1207.546
1211.931	0.8999999999998636	trials	89	s089_J210528	grCe_grSu6CiNe_PS	19	180.0	8	1212.231	1212.53
1212.539	0.8999999999998636	trials	89	s089_J210528	grCe_grSu6CiNe_PS	19	135.0	8	1212.839	1213.139
1213.156	0.8999999999998636	trials	89	s089_J210528	grCe_grSu18Fa	11	135.0	8	1213.456	1213.755
1218.64	0.8999999999998636	trials	89	s089_J210528	grCe_grSu6CiNe_PS	19	0.0	8	1218.94	1219.24
1219.248	0.8999999999998636	trials	89	s089_J210528	grCe_grSu6Ne	7	135.0	8	1219.548	1219.848
1224.724	0.8999999999998636	trials	89	s089_J210528	grCe_grSu12SmCiNe	13	180.0	8	1225.024	1225.324
1230.258	0.8999999999998636	trials	89	s089_J210528	grCe_grSu6Ne	7	0.0	8	1230.558	1230.858
1237.067	0.8999999999998636	trials	89	s089_J210528	grCe_grSu6CiNe	15	135.0	8	1237.367	1237.667
1238.284	0.8999999999998636	trials	89	s089_J210528	grCe_grSu6Ne_PS	18	0.0	8	1238.584	1238.884
1243.527	0.8999999999998636	trials	89	s089_J210528	grCe_grSu6Ne_PS	18	315.0	8	1243.827	1244.126
1246.9850000000001	0.8999999999998636	trials	89	s089_J210528	grCe_grSu12SmCiNe	13	225.0	8	1247.285	1247.585
1250.577	0.8999999999998636	trials	89	s089_J210528	coCe_grSu6Ne	17	315.0	8	1250.877	1251.177
1254.32	0.8999999999998636	trials	89	s089_J210528	coCe	16	180.0	8	1254.62	1254.919
1254.928	0.8999999999998636	trials	89	s089_J210528	grCe_grSu3Ne	5	315.0	8	1255.228	1255.528
1255.536	0.8999999999998636	trials	89	s089_J210528	grCe_grSu1Ne	3	180.0	8	1255.836	1256.136
1260.512	0.8999999999998636	trials	89	s089_J210528	grCe_grSu12Mi	9	315.0	8	1260.812	1261.112
1261.112	0.8999999999998636	trials	89	s089_J210528	grCe	1	0.0	8	1261.412	1261.712
1261.712	0.8999999999998636	trials	89	s089_J210528	grCe	1	90.0	8	1262.012	1262.312
1270.3880000000001	0.8999999999998636	trials	89	s089_J210528	grSu18Fa	10		8	1270.688	1270.988
1270.997	0.8999999999998636	trials	89	s089_J210528	grCe_grSu6CiNe_PS	19	225.0	8	1271.297	1271.596
1271.614	0.8999999999998636	trials	89	s089_J210528	grCe_grSu18Fa	11	90.0	8	1271.914	1272.213
1276.3310000000001	0.8999999999998636	trials	89	s089_J210528	NoStim	0		8	1276.631	1276.93
1276.931	0.8999999999998636	trials	89	s089_J210528	coCe	16	225.0	8	1277.231	1277.53
1282.5230000000001	0.8999999999998636	trials	89	s089_J210528	grCe_grSu6Ne_PS	18	90.0	8	1282.823	1283.123
1286.257	0.8999999999998636	trials	89	s089_J210528	grCe_grSu12Mi	9	180.0	8	1286.557	1286.857
1286.857	0.8999999999998636	trials	89	s089_J210528	coCe	16	135.0	8	1287.157	1287.457
1287.457	0.8999999999998636	trials	89	s089_J210528	coCe	16	45.0	8	1287.757	1288.057
1293.191	0.8999999999998636	trials	89	s089_J210528	grCe	1	180.0	8	1293.491	1293.791
1293.8	0.8999999999998636	trials	89	s089_J210528	grCe_grSu12SmCiNe_PS	21	135.0	8	1294.1	1294.399
1298.817	0.8999999999998636	trials	89	s089_J210528	grCe_grSu3Ne	5	0.0	8	1299.117	1299.417
1299.425	0.8999999999998636	trials	89	s089_J210528	grCe_grSu6Ne	7	90.0	8	1299.725	1300.025
1303.001	0.8999999999998636	trials	89	s089_J210528	grCe_grSu1Ne	3	315.0	8	1303.301	1303.6
1306.576	0.8999999999998636	trials	89	s089_J210528	grCe_grSu1Ne	3	45.0	8	1306.876	1307.176
1307.185	0.8999999999998636	trials	89	s089_J210528	grSu6CiNe	14		8	1307.485	1307.784
1307.7930000000001	0.8999999999998636	trials	89	s089_J210528	grCe_grSu6Ne	7	315.0	8	1308.093	1308.393
1313.086	0.8999999999998636	trials	89	s089_J210528	grCe	1	0.0	1	1313.386	1313.685
1313.694	0.8999999999998636	trials	89	s089_J210528	coCe_grSu6Ne	17	0.0	1	1313.994	1314.294
1314.3020000000001	0.8999999999998636	trials	89	s089_J210528	grCe_grSu1Ne	3	45.0	1	1314.602	1314.902
1319.211	0.8999999999998636	trials	89	s089_J210528	grCe_grSu6CiNe_PS	19	90.0	1	1319.511	1319.811
1319.82	0.8999999999998636	trials	89	s089_J210528	grCe_grSu6CiNe_PS	19	0.0	1	1320.12	1320.419
1320.4370000000001	0.8999999999998636	trials	89	s089_J210528	grCe_grSu18Fa	11	135.0	1	1320.737	1321.036
1325.362	0.8999999999998636	trials	89	s089_J210528	grCe_grSu12SmCiNe	13	135.0	1	1325.662	1325.962
1325.962	0.8999999999998636	trials	89	s089_J210528	grCe	1	135.0	1	1326.262	1326.562
1326.5710000000001	0.8999999999998636	trials	89	s089_J210528	grCe_grSu1Ne	3	315.0	1	1326.871	1327.17
1331.7050000000002	0.8999999999998636	trials	89	s089_J210528	grCe_grSu3Ne	5	90.0	1	1332.005	1332.304
1332.921	0.8999999999998636	trials	89	s089_J210528	grCe_grSu1Ne	3	135.0	1	1333.221	1333.521
1341.573	0.8999999999998636	trials	89	s089_J210528	grCe_grSu6Ne	7	225.0	1	1341.873	1342.172
1342.173	0.8999999999998636	trials	89	s089_J210528	coCe	16	90.0	1	1342.473	1342.772
1347.098	0.8999999999998636	trials	89	s089_J210528	coCe_grSu6Ne	17	180.0	1	1347.398	1347.698
1347.7150000000001	0.8999999999998636	trials	89	s089_J210528	grCe_grSu12Mi	9	45.0	1	1348.015	1348.315
1348.323	0.8999999999998636	trials	89	s089_J210528	coCe_grSu6Ne	17	45.0	1	1348.623	1348.923
1356.7160000000001	0.8999999999998636	trials	89	s089_J210528	grCe_grSu6CiNe_PS	19	180.0	1	1357.016	1357.316
1357.325	0.8999999999998636	trials	89	s089_J210528	coCe_grSu6Ne	17	270.0	1	1357.625	1357.924
1362.8500000000001	0.8999999999998636	trials	89	s089_J210528	coCe	16	0.0	1	1363.15	1363.45
1363.459	0.8999999999998636	trials	89	s089_J210528	grCe_grSu3Ne	5	135.0	1	1363.759	1364.058
1364.067	0.8999999999998636	trials	89	s089_J210528	grCe_grSu6CiNe	15	135.0	1	1364.367	1364.667
1371.71	0.8999999999998636	trials	89	s089_J210528	grCe_grSu6Ne	7	45.0	1	1372.01	1372.309
1372.31	0.8999999999998636	trials	89	s089_J210528	grCe_grSu6Ne_PS	18	0.0	1	1372.61	1372.909
1372.9180000000001	0.8999999999998636	trials	89	s089_J210528	grCe_grSu12Mi	9	180.0	1	1373.218	1373.518
1377.852	0.8999999999998636	trials	89	s089_J210528	grCe_grSu12Mi	9	270.0	1	1378.152	1378.452
1378.461	0.8999999999998636	trials	89	s089_J210528	grCe_grSu6CiNe	15	0.0	1	1378.761	1379.06
1379.069	0.8999999999998636	trials	89	s089_J210528	grCe_grSu12Mi	9	0.0	1	1379.369	1379.669
1384.72	0.8999999999998636	trials	89	s089_J210528	grCe_grSu3Ne	5	315.0	1	1385.02	1385.319
1385.328	0.8999999999998636	trials	89	s089_J210528	grCe_grSu6Ne_PS	18	270.0	1	1385.628	1385.928
1390.3210000000001	0.8999999999998636	trials	89	s089_J210528	grCe_grSu18Fa	11	180.0	1	1390.621	1390.92
1391.537	0.8999999999998636	trials	89	s089_J210528	grCe_grSu12SmCiNe_PS	21	0.0	1	1391.837	1392.137
1396.405	0.8999999999998636	trials	89	s089_J210528	coCe	16	180.0	1	1396.705	1397.004
1400.172	0.8999999999998636	trials	89	s089_J210528	grCe_grSu6Ne_PS	18	45.0	1	1400.472	1400.771
1400.78	0.8999999999998636	trials	89	s089_J210528	grCe_grSu6Ne_PS	18	225.0	1	1401.08	1401.38
1401.3890000000001	0.8999999999998636	trials	89	s089_J210528	grCe_grSu12SmCiNe_PS	21	135.0	1	1401.689	1401.988
1406.339	0.8999999999998636	trials	89	s089_J210528	grCe_grSu6Ne	7	180.0	1	1406.639	1406.939
1406.948	0.8999999999998636	trials	89	s089_J210528	grCe_grSu12SmCiNe	13	180.0	1	1407.248	1407.547
1407.556	0.8999999999998636	trials	89	s089_J210528	grCe_grSu1Ne	3	90.0	1	1407.856	1408.156
1412.49	0.8999999999998636	trials	89	s089_J210528	grCe_grSu18Fa	11	270.0	1	1412.79	1413.09
1413.099	0.8999999999998636	trials	89	s089_J210528	grCe_grSu12SmCiNe	13	0.0	1	1413.399	1413.698
1413.707	0.8999999999998636	trials	89	s089_J210528	grCe_grSu6Ne	7	90.0	1	1414.007	1414.306
1421.866	0.8999999999998636	trials	89	s089_J210528	grCe_grSu1Ne	3	180.0	1	1422.166	1422.466
1422.4660000000001	0.8999999999998636	trials	89	s089_J210528	coCe	16	270.0	1	1422.766	1423.066
1423.075	0.8999999999998636	trials	89	s089_J210528	grCe_grSu12SmCiNe_PS	21	315.0	1	1423.375	1423.674
1427.925	0.8999999999998636	trials	89	s089_J210528	grCe_grSu12SmCiNe_PS	21	90.0	1	1428.225	1428.525
1429.151	0.8999999999998636	trials	89	s089_J210528	grCe_grSu12Mi	9	315.0	1	1429.451	1429.75
1434.0430000000001	0.8999999999998636	trials	89	s089_J210528	grCe_grSu6Ne	7	270.0	1	1434.343	1434.642
1434.651	0.8999999999998636	trials	89	s089_J210528	grCe_grSu12SmCiNe	13	90.0	1	1434.951	1435.251
1435.26	0.8999999999998636	trials	89	s089_J210528	grCe_grSu6CiNe	15	180.0	1	1435.56	1435.859
1440.319	0.8999999999998636	trials	89	s089_J210528	grSu12Mi	8		1	1440.619	1440.918
1440.96	0.8999999999998636	trials	89	s089_J210528	grCe	1	225.0	1	1441.26	1441.56
1441.569	0.8999999999998636	trials	89	s089_J210528	grCe_grSu6CiNe_PS	19	270.0	1	1441.869	1442.168
1446.603	0.8999999999998636	trials	89	s089_J210528	grCe_grSu6CiNe	15	90.0	1	1446.903	1447.202
1447.211	0.8999999999998636	trials	89	s089_J210528	grCe_grSu3Ne	5	180.0	1	1447.511	1447.811
1456.546	0.8999999999998636	trials	89	s089_J210528	grCe_grSu6CiNe_PS	19	225.0	1	1456.846	1457.145
1457.154	0.8999999999998636	trials	89	s089_J210528	grCe_grSu6CiNe	15	315.0	1	1457.454	1457.754
1462.805	0.8999999999998636	trials	89	s089_J210528	grCe	1	45.0	1	1463.105	1463.405
1463.422	0.8999999999998636	trials	89	s089_J210528	grCe_grSu18Fa	11	225.0	1	1463.722	1464.021
1468.3310000000001	0.8999999999998636	trials	89	s089_J210528	grSu6CiNe	14		1	1468.631	1468.93
1468.931	0.8999999999998636	trials	89	s089_J210528	coCe	16	135.0	1	1469.231	1469.53
1469.539	0.8999999999998636	trials	89	s089_J210528	grCe_grSu12Mi	9	90.0	1	1469.839	1470.139
1474.531	0.8999999999998636	trials	89	s089_J210528	grCe_grSu3Ne	5	0.0	1	1474.831	1475.131
1478.482	0.8999999999998636	trials	89	s089_J210528	grCe_grSu1Ne	3	0.0	1	1478.782	1479.082
1479.0900000000001	0.8999999999998636	trials	89	s089_J210528	coCe_grSu6Ne	17	90.0	1	1479.39	1479.69
1479.699	0.8999999999998636	trials	89	s089_J210528	grCe_grSu3Ne	5	45.0	1	1479.999	1480.298
1485.066	0.8999999999998636	trials	89	s089_J210528	grCe_grSu12SmCiNe	13	315.0	1	1485.366	1485.666
1485.675	0.8999999999998636	trials	89	s089_J210528	grCe_grSu6Ne	7	0.0	1	1485.975	1486.274
1494.717	0.8999999999998636	trials	89	s089_J210528	grCe	1	90.0	1	1495.017	1495.317
1495.317	0.8999999999998636	trials	89	s089_J210528	NoStim	0		1	1495.617	1495.917
1495.9260000000002	0.8999999999998636	trials	89	s089_J210528	grCe_grSu3Ne	5	225.0	1	1496.226	1496.525
1501.027	0.8999999999998636	trials	89	s089_J210528	grCe_grSu12Mi	9	135.0	1	1501.327	1501.626
1502.2350000000001	0.8999999999998636	trials	89	s089_J210528	grCe	1	315.0	1	1502.535	1502.835
1507.319	0.8999999999998636	trials	89	s089_J210528	grCe_grSu3Ne	5	270.0	1	1507.619	1507.919
1507.9270000000001	0.8999999999998636	trials	89	s089_J210528	grSu1Ne	2		1	1508.227	1508.527
1508.586	0.8999999999998636	trials	89	s089_J210528	grCe_grSu18Fa	11	90.0	1	1508.886	1509.185
1513.512	0.8999999999998636	trials	89	s089_J210528	grCe_grSu6CiNe_PS	19	135.0	1	1513.812	1514.111
1517.112	0.8999999999998636	trials	89	s089_J210528	grCe_grSu12SmCiNe_PS	21	180.0	1	1517.412	1517.712
1517.72	0.8999999999998636	trials	89	s089_J210528	grCe_grSu12SmCiNe	13	225.0	1	1518.02	1518.32
1518.32	0.8999999999998636	trials	89	s089_J210528	coCe	16	45.0	1	1518.62	1518.92
1527.605	0.8999999999998636	trials	89	s089_J210528	grCe_grSu18Fa	11	315.0	1	1527.905	1528.205
1528.213	0.8999999999998636	trials	89	s089_J210528	coCe_grSu6Ne	17	135.0	1	1528.513	1528.813
1533.431	0.8999999999998636	trials	89	s089_J210528	grCe	1	270.0	1	1533.731	1534.03
1534.039	0.8999999999998636	trials	89	s089_J210528	grCe_grSu6CiNe	15	225.0	1	1534.339	1534.639
1537.873	0.8999999999998636	trials	89	s089_J210528	grCe_grSu6Ne	7	135.0	1	1538.173	1538.473
1538.481	0.8999999999998636	trials	89	s089_J210528	grCe_grSu6Ne_PS	18	315.0	1	1538.781	1539.081
1539.0900000000001	0.8999999999998636	trials	89	s089_J210528	grCe_grSu6CiNe_PS	19	315.0	1	1539.39	1539.689
1545.607	0.8999999999998636	trials	89	s089_J210528	coCe_grSu6Ne	17	315.0	1	1545.907	1546.207
1546.207	0.8999999999998636	trials	89	s089_J210528	coCe	16	225.0	1	1546.507	1546.807
1551.541	0.8999999999998636	trials	89	s089_J210528	grCe_grSu18Fa	11	0.0	1	1551.841	1552.141
1552.142	0.8999999999998636	trials	89	s089_J210528	grCe	1	180.0	1	1552.442	1552.741
1557.067	0.8999999999998636	trials	89	s089_J210528	grCe_grSu12SmCiNe_PS	21	270.0	1	1557.367	1557.667
1560.768	0.8999999999998636	trials	89	s089_J210528	grCe_grSu1Ne	3	225.0	1	1561.068	1561.367
1566.877	0.8999999999998636	trials	89	s089_J210528	grCe_grSu6Ne_PS	18	180.0	1	1567.177	1567.476
1567.4940000000001	0.8999999999998636	trials	89	s089_J210528	grSu18Fa	10		1	1567.794	1568.093
1568.102	0.8999999999998636	trials	89	s089_J210528	grCe_grSu1Ne	3	270.0	1	1568.402	1568.701
1573.178	0.8999999999998636	trials	89	s089_J210528	coSu6Ne	20		1	1573.478	1573.777
1574.5030000000002	0.8999999999998636	trials	89	s089_J210528	grCe_grSu6Ne	7	315.0	1	1574.803	1575.102
1579.345	0.8999999999998636	trials	89	s089_J210528	grSu6Ne	6		1	1579.645	1579.945
1579.953	0.8999999999998636	trials	89	s089_J210528	grCe_grSu6CiNe_PS	19	45.0	1	1580.253	1580.553
1580.5620000000001	0.8999999999998636	trials	89	s089_J210528	grCe_grSu12SmCiNe	13	45.0	1	1580.862	1581.161
1585.563	0.8999999999998636	trials	89	s089_J210528	coCe_grSu6Ne	17	225.0	1	1585.863	1586.162
1586.163	0.8999999999998636	trials	89	s089_J210528	grCe_grSu12SmCiNe_PS	21	225.0	1	1586.463	1586.762
1591.605	0.8999999999998636	trials	89	s089_J210528	grCe_grSu12SmCiNe	13	270.0	1	1591.905	1592.205
1598.714	0.8999999999998636	trials	89	s089_J210528	coCe	16	315.0	1	1599.014	1599.314
1612.5910000000001	0.8999999999998636	trials	89	s089_J210528	grCe_grSu6CiNe	15	45.0	1	1612.891	1613.191
1613.191	0.8999999999998636	trials	89	s089_J210528	grCe_grSu6Ne_PS	18	135.0	1	1613.491	1613.791
1618.317	0.8999999999998636	trials	89	s089_J210528	grSu3Ne	4		1	1618.617	1618.916
1618.934	0.8999999999998636	trials	89	s089_J210528	grCe_grSu12Mi	9	225.0	1	1619.234	1619.533
1622.4260000000002	0.8999999999998636	trials	89	s089_J210528	grCe_grSu6Ne_PS	18	90.0	1	1622.726	1623.025
1623.659	0.8999999999998636	trials	89	s089_J210528	grCe_grSu18Fa	11	45.0	1	1623.959	1624.259
1632.219	0.8999999999998636	trials	89	s089_J210528	grCe_grSu6CiNe	15	270.0	1	1632.519	1632.818
1632.827	0.8999999999998636	trials	89	s089_J210528	grCe_grSu12SmCiNe_PS	21	45.0	1	1633.127	1633.427
1633.435	0.8999999999998636	trials	89	s089_J210528	grSu12SmCiNe	12		1	1633.735	1634.035
1638.444	0.8999999999998636	trials	89	s089_J210528	grCe_grSu6Ne	7	45.0	2	1638.744	1639.044
1639.053	0.8999999999998636	trials	89	s089_J210528	grCe_grSu12SmCiNe_PS	21	45.0	2	1639.353	1639.652
1639.653	0.8999999999998636	trials	89	s089_J210528	coCe	16	180.0	2	1639.953	1640.252
1644.4950000000001	0.8999999999998636	trials	89	s089_J210528	grCe_grSu12Mi	9	180.0	2	1644.795	1645.095
1647.837	0.8999999999998636	trials	89	s089_J210528	grCe_grSu6Ne_PS	18	225.0	2	1648.137	1648.437
1648.4460000000001	0.8999999999998636	trials	89	s089_J210528	grCe_grSu6CiNe_PS	19	225.0	2	1648.746	1649.045
1654.0800000000002	0.8999999999998636	trials	89	s089_J210528	grCe_grSu18Fa	11	315.0	2	1654.38	1654.679
1655.297	0.8999999999998636	trials	89	s089_J210528	grCe_grSu1Ne	3	135.0	2	1655.597	1655.896
1660.314	0.8999999999998636	trials	89	s089_J210528	grCe_grSu12SmCiNe	13	225.0	2	1660.614	1660.913
1661.089	0.8999999999998636	trials	89	s089_J210528	grCe_grSu12SmCiNe_PS	21	0.0	2	1661.389	1661.689
1661.6970000000001	0.8999999999998636	trials	89	s089_J210528	grCe_grSu6Ne	7	315.0	2	1661.997	1662.297
1666.506	0.8999999999998636	trials	89	s089_J210528	grCe_grSu12SmCiNe	13	270.0	2	1666.806	1667.106
1667.115	0.8999999999998636	trials	89	s089_J210528	grCe_grSu6Ne_PS	18	45.0	2	1667.415	1667.714
1667.723	0.8999999999998636	trials	89	s089_J210528	grCe_grSu3Ne	5	90.0	2	1668.023	1668.323
1673.041	0.8999999999998636	trials	89	s089_J210528	grCe_grSu1Ne	3	270.0	2	1673.341	1673.64
1673.6490000000001	0.8999999999998636	trials	89	s089_J210528	grCe_grSu1Ne	3	315.0	2	1673.949	1674.248
1674.257	0.8999999999998636	trials	89	s089_J210528	coCe_grSu6Ne	17	90.0	2	1674.557	1674.857
1679.9	0.8999999999998636	trials	89	s089_J210528	grCe_grSu3Ne	5	225.0	2	1680.2	1680.499
1685.384	0.8999999999998636	trials	89	s089_J210528	grCe_grSu18Fa	11	180.0	2	1685.684	1685.983
1686.001	0.8999999999998636	trials	89	s089_J210528	grCe_grSu18Fa	11	45.0	2	1686.301	1686.6
1691.843	0.8999999999998636	trials	89	s089_J210528	NoStim	0		2	1692.143	1692.443
1697.277	0.8999999999998636	trials	89	s089_J210528	coSu6Ne	20		2	1697.577	1697.877
1698.4940000000001	0.8999999999998636	trials	89	s089_J210528	grCe_grSu12SmCiNe_PS	21	90.0	2	1698.794	1699.093
1706.678	0.8999999999998636	trials	89	s089_J210528	grCe	1	180.0	2	1706.978	1707.278
1707.278	0.8999999999998636	trials	89	s089_J210528	coCe	16	135.0	2	1707.578	1707.878
1712.162	0.8999999999998636	trials	89	s089_J210528	coCe_grSu6Ne	17	45.0	2	1712.462	1712.762
1712.762	0.8999999999998636	trials	89	s089_J210528	grCe_grSu12SmCiNe_PS	21	135.0	2	1713.062	1713.362
1713.371	0.8999999999998636	trials	89	s089_J210528	grCe_grSu6Ne_PS	18	0.0	2	1713.671	1713.97
1718.688	0.8999999999998636	trials	89	s089_J210528	grCe_grSu18Fa	11	0.0	2	1718.988	1719.288
1719.297	0.8999999999998636	trials	89	s089_J210528	grCe_grSu3Ne	5	135.0	2	1719.597	1719.896
1719.905	0.8999999999998636	trials	89	s089_J210528	coCe_grSu6Ne	17	225.0	2	1720.205	1720.504
1724.7640000000001	0.8999999999998636	trials	89	s089_J210528	coCe_grSu6Ne	17	270.0	2	1725.064	1725.363
1725.372	0.8999999999998636	trials	89	s089_J210528	grCe_grSu6CiNe	15	90.0	2	1725.672	1725.972
1734.448	0.8999999999998636	trials	89	s089_J210528	grCe_grSu12SmCiNe	13	90.0	2	1734.748	1735.048
1738.557	0.8999999999998636	trials	89	s089_J210528	grSu12SmCiNe	12		2	1738.857	1739.157
1739.166	0.8999999999998636	trials	89	s089_J210528	coCe_grSu6Ne	17	180.0	2	1739.466	1739.765
1739.766	0.8999999999998636	trials	89	s089_J210528	coCe	16	315.0	2	1740.066	1740.365
1744.7160000000001	0.8999999999998636	trials	89	s089_J210528	grCe_grSu18Fa	11	135.0	2	1745.016	1745.316
1748.0420000000001	0.8999999999998636	trials	89	s089_J210528	grCe	1	315.0	2	1748.342	1748.641
1748.825	0.8999999999998636	trials	89	s089_J210528	grCe_grSu18Fa	11	270.0	2	1749.125	1749.425
1749.434	0.8999999999998636	trials	89	s089_J210528	grCe_grSu12Mi	9	225.0	2	1749.734	1750.033
1754.276	0.8999999999998636	trials	89	s089_J210528	grCe_grSu6Ne_PS	18	180.0	2	1754.576	1754.876
1754.884	0.8999999999998636	trials	89	s089_J210528	grCe_grSu6Ne	7	0.0	2	1755.184	1755.484
1755.493	0.8999999999998636	trials	89	s089_J210528	grSu6Ne	6		2	1755.793	1756.092
1760.685	0.8999999999998636	trials	89	s089_J210528	grCe_grSu1Ne	3	90.0	2	1760.985	1761.285
1761.294	0.8999999999998636	trials	89	s089_J210528	grCe_grSu1Ne	3	0.0	2	1761.594	1761.893
1761.902	0.8999999999998636	trials	89	s089_J210528	grCe_grSu6Ne	7	135.0	2	1762.202	1762.502
1766.736	0.8999999999998636	trials	89	s089_J210528	grCe_grSu6CiNe	15	315.0	2	1767.036	1767.336
1767.386	0.8999999999998636	trials	89	s089_J210528	grCe_grSu12Mi	9	0.0	2	1767.686	1767.986
1772.962	0.8999999999998636	trials	89	s089_J210528	grCe_grSu12Mi	9	135.0	2	1773.262	1773.561
1773.57	0.8999999999998636	trials	89	s089_J210528	grCe_grSu6CiNe	15	270.0	2	1773.87	1774.17
1774.179	0.8999999999998636	trials	89	s089_J210528	coCe_grSu6Ne	17	0.0	2	1774.479	1774.778
1779.704	0.8999999999998636	trials	89	s089_J210528	grCe_grSu6CiNe	15	180.0	2	1780.004	1780.304
1791.631	0.8999999999998636	trials	89	s089_J210528	grCe_grSu12Mi	9	315.0	2	1791.931	1792.23
1792.239	0.8999999999998636	trials	89	s089_J210528	grCe_grSu1Ne	3	45.0	2	1792.539	1792.839
1792.839	0.8999999999998636	trials	89	s089_J210528	grCe	1	135.0	2	1793.139	1793.439
1797.598	0.8999999999998636	trials	89	s089_J210528	grCe_grSu1Ne	3	225.0	2	1797.898	1798.198
1801.482	0.8999999999998636	trials	89	s089_J210528	grCe_grSu18Fa	11	90.0	2	1801.782	1802.082
1802.699	0.8999999999998636	trials	89	s089_J210528	grCe_grSu3Ne	5	315.0	2	1802.999	1803.299
1814.3	0.8999999999998636	trials	89	s089_J210528	grSu3Ne	4		2	1814.6	1814.9
1814.9170000000001	0.8999999999998636	trials	89	s089_J210528	grCe_grSu12Mi	9	45.0	2	1815.217	1815.517
1815.517	0.8999999999998636	trials	89	s089_J210528	coCe	16	270.0	2	1815.817	1816.117
1821.101	0.8999999999998636	trials	89	s089_J210528	grCe_grSu6CiNe	15	135.0	2	1821.401	1821.701
1821.71	0.8999999999998636	trials	89	s089_J210528	grCe_grSu6CiNe_PS	19	270.0	2	1822.01	1822.309
1836.8120000000001	0.8999999999998636	trials	89	s089_J210528	grCe	1	225.0	2	1837.112	1837.411
1837.412	0.8999999999998636	trials	89	s089_J210528	grCe_grSu6Ne_PS	18	90.0	2	1837.712	1838.011
1838.02	0.8999999999998636	trials	89	s089_J210528	coCe_grSu6Ne	17	315.0	2	1838.32	1838.62
1842.804	0.8999999999998636	trials	89	s089_J210528	grCe	1	0.0	2	1843.104	1843.404
1843.413	0.8999999999998636	trials	89	s089_J210528	grCe_grSu6Ne	7	90.0	2	1843.713	1844.012
1844.0130000000001	0.8999999999998636	trials	89	s089_J210528	coCe	16	45.0	2	1844.313	1844.612
1849.0720000000001	0.8999999999998636	trials	89	s089_J210528	grCe_grSu12SmCiNe_PS	21	225.0	2	1849.372	1849.671
1849.68	0.8999999999998636	trials	89	s089_J210528	grCe_grSu3Ne	5	0.0	2	1849.98	1850.28
1850.288	0.8999999999998636	trials	89	s089_J210528	grCe_grSu6Ne	7	180.0	2	1850.588	1850.888
1855.314	0.8999999999998636	trials	89	s089_J210528	grCe_grSu6CiNe	15	45.0	2	1855.614	1855.914
1856.531	0.8999999999998636	trials	89	s089_J210528	grCe_grSu6CiNe	15	0.0	2	1856.831	1857.131
1861.498	0.8999999999998636	trials	89	s089_J210528	grCe	1	90.0	2	1861.798	1862.098
1862.107	0.8999999999998636	trials	89	s089_J210528	grSu1Ne	2		2	1862.407	1862.706
1867.741	0.8999999999998636	trials	89	s089_J210528	grCe_grSu6Ne_PS	18	135.0	2	1868.041	1868.34
1868.3410000000001	0.8999999999998636	trials	89	s089_J210528	coCe	16	90.0	2	1868.641	1868.94
1868.949	0.8999999999998636	trials	89	s089_J210528	grCe_grSu6CiNe_PS	19	90.0	2	1869.249	1869.549
1874.575	0.8999999999998636	trials	89	s089_J210528	grCe_grSu6Ne	7	270.0	2	1874.875	1875.175
1880.567	0.8999999999998636	trials	89	s089_J210528	grCe_grSu6CiNe_PS	19	135.0	2	1880.867	1881.167
1881.1670000000001	0.8999999999998636	trials	89	s089_J210528	grCe_grSu12SmCiNe_PS	21	180.0	2	1881.467	1881.767
1881.776	0.8999999999998636	trials	89	s089_J210528	grCe_grSu6CiNe_PS	19	315.0	2	1882.076	1882.375
1886.568	0.8999999999998636	trials	89	s089_J210528	coCe_grSu6Ne	17	135.0	2	1886.868	1887.168
1887.185	0.8999999999998636	trials	89	s089_J210528	grCe_grSu12Mi	9	270.0	2	1887.485	1887.784
1887.7930000000001	0.8999999999998636	trials	89	s089_J210528	grSu12Mi	8		2	1888.093	1888.393
1895.3690000000001	0.8999999999998636	trials	89	s089_J210528	grCe_grSu12SmCiNe	13	315.0	2	1895.669	1895.969
1895.978	0.8999999999998636	trials	89	s089_J210528	grCe_grSu12SmCiNe	13	45.0	2	1896.278	1896.577
1901.478	0.8999999999998636	trials	89	s089_J210528	coCe	16	225.0	2	1901.778	1902.078
1902.087	0.8999999999998636	trials	89	s089_J210528	grCe_grSu12SmCiNe	13	0.0	2	1902.387	1902.686
1902.72	0.8999999999998636	trials	89	s089_J210528	grSu6CiNe	14		2	1903.02	1903.32
1907.8790000000001	0.8999999999998636	trials	89	s089_J210528	grCe_grSu12SmCiNe_PS	21	315.0	2	1908.179	1908.479
1908.488	0.8999999999998636	trials	89	s089_J210528	grCe_grSu6Ne_PS	18	315.0	2	1908.788	1909.087
1909.088	0.8999999999998636	trials	89	s089_J210528	coCe	16	0.0	2	1909.388	1909.687
1914.222	0.8999999999998636	trials	89	s089_J210528	grCe_grSu12SmCiNe	13	180.0	2	1914.522	1914.821
1914.8300000000002	0.8999999999998636	trials	89	s089_J210528	grCe_grSu6Ne	7	225.0	2	1915.13	1915.43
1920.256	0.8999999999998636	trials	89	s089_J210528	grCe_grSu3Ne	5	45.0	2	1920.556	1920.855
1920.864	0.8999999999998636	trials	89	s089_J210528	grCe_grSu6CiNe_PS	19	180.0	2	1921.164	1921.464
1921.464	0.8999999999998636	trials	89	s089_J210528	grCe	1	270.0	2	1921.764	1922.064
1926.448	0.8999999999998636	trials	89	s089_J210528	grCe_grSu12SmCiNe	13	135.0	2	1926.748	1927.048
1927.057	0.8999999999998636	trials	89	s089_J210528	grCe_grSu6CiNe_PS	19	45.0	2	1927.357	1927.656
1927.674	0.8999999999998636	trials	89	s089_J210528	grCe_grSu12Mi	9	90.0	2	1927.974	1928.273
1932.758	0.8999999999998636	trials	89	s089_J210528	grCe_grSu12SmCiNe_PS	21	270.0	2	1933.058	1933.357
1933.366	0.8999999999998636	trials	89	s089_J210528	grCe_grSu3Ne	5	180.0	2	1933.666	1933.965
1933.974	0.8999999999998636	trials	89	s089_J210528	grCe_grSu6CiNe_PS	19	0.0	2	1934.274	1934.574
1938.7	0.8999999999998636	trials	89	s089_J210528	grCe_grSu3Ne	5	270.0	2	1939.0	1939.3
1939.3	0.8999999999998636	trials	89	s089_J210528	grCe	1	45.0	2	1939.6	1939.9
1939.9080000000001	0.8999999999998636	trials	89	s089_J210528	grCe_grSu6CiNe	15	225.0	2	1940.208	1940.508
1945.776	0.8999999999998636	trials	89	s089_J210528	grCe_grSu1Ne	3	180.0	2	1946.076	1946.375
1946.393	0.8999999999998636	trials	89	s089_J210528	grCe_grSu18Fa	11	225.0	2	1946.693	1946.992
1951.31	0.8999999999998636	trials	89	s089_J210528	grCe_grSu6Ne_PS	18	270.0	2	1951.61	1951.909
1951.9270000000001	0.8999999999998636	trials	89	s089_J210528	grSu18Fa	10		2	1952.227	1952.526
1952.535	0.8999999999998636	trials	89	s089_J210528	grCe_grSu1Ne	3	45.0	4	1952.835	1953.135
1960.769	0.8999999999998636	trials	89	s089_J210528	grCe_grSu6CiNe_PS	19	270.0	4	1961.069	1961.369
1961.3780000000002	0.8999999999998636	trials	89	s089_J210528	grCe_grSu1Ne	3	0.0	4	1961.678	1961.977
1961.986	0.8999999999998636	trials	89	s089_J210528	grSu12SmCiNe	12		4	1962.286	1962.586
1970.362	0.8999999999998636	trials	89	s089_J210528	grCe_grSu3Ne	5	180.0	4	1970.662	1970.962
1970.962	0.8999999999998636	trials	89	s089_J210528	grSu3Ne	4		4	1971.262	1971.562
1976.43	0.8999999999998636	trials	89	s089_J210528	grCe_grSu12Mi	9	90.0	4	1976.73	1977.029
1979.98	0.8999999999998636	trials	89	s089_J210528	grCe_grSu12SmCiNe	13	0.0	4	1980.28	1980.58
1980.5800000000002	0.8999999999998636	trials	89	s089_J210528	coCe	16	180.0	4	1980.88	1981.18
1993.6490000000001	0.8999999999998636	trials	89	s089_J210528	grCe_grSu18Fa	11	315.0	4	1993.949	1994.248
1994.866	0.8999999999998636	trials	89	s089_J210528	grCe_grSu6CiNe_PS	19	315.0	4	1995.166	1995.465
2003.075	0.8999999999998636	trials	89	s089_J210528	grCe_grSu6CiNe	15	270.0	4	2003.375	2003.675
2003.675	0.8999999999998636	trials	89	s089_J210528	grCe_grSu6CiNe_PS	19	225.0	4	2003.975	2004.275
2004.2830000000001	0.8999999999998636	trials	89	s089_J210528	grCe_grSu6Ne	7	180.0	4	2004.583	2004.883
2012.618	0.8999999999998636	trials	89	s089_J210528	grCe_grSu12SmCiNe_PS	21	225.0	4	2012.918	2013.217
2019.535	0.8999999999998636	trials	89	s089_J210528	grCe	1	270.0	4	2019.835	2020.135
2020.144	0.8999999999998636	trials	89	s089_J210528	coCe_grSu6Ne	17	0.0	4	2020.444	2020.743
2020.7440000000001	0.8999999999998636	trials	89	s089_J210528	grCe	1	45.0	4	2021.044	2021.343
2025.603	0.8999999999998636	trials	89	s089_J210528	grCe_grSu12Mi	9	225.0	4	2025.903	2026.202
2026.203	0.8999999999998636	trials	89	s089_J210528	coCe	16	45.0	4	2026.503	2026.803
2026.8110000000001	0.8999999999998636	trials	89	s089_J210528	grCe_grSu3Ne	5	45.0	4	2027.111	2027.411
2031.729	0.8999999999998636	trials	89	s089_J210528	grCe_grSu12SmCiNe	13	90.0	4	2032.029	2032.328
2032.337	0.8999999999998636	trials	89	s089_J210528	grCe_grSu1Ne	3	180.0	4	2032.637	2032.937
2032.945	0.8999999999998636	trials	89	s089_J210528	grCe_grSu6CiNe	15	90.0	4	2033.245	2033.545
2037.738	0.8999999999998636	trials	89	s089_J210528	grCe_grSu6Ne	7	0.0	4	2038.038	2038.337
2044.355	0.8999999999998636	trials	89	s089_J210528	grCe_grSu12SmCiNe_PS	21	90.0	4	2044.655	2044.955
2048.239	0.900000000000091	trials	89	s089_J210528	coCe_grSu6Ne	17	225.0	4	2048.539	2048.839
2048.8559999999998	0.900000000000091	trials	89	s089_J210528	grCe_grSu12Mi	9	0.0	4	2049.156	2049.455
2049.464	0.900000000000091	trials	89	s089_J210528	grCe_grSu6Ne_PS	18	270.0	4	2049.764	2050.064
2054.165	0.900000000000091	trials	89	s089_J210528	grCe_grSu12SmCiNe_PS	21	135.0	4	2054.465	2054.764
2057.615	0.900000000000091	trials	89	s089_J210528	grCe_grSu12Mi	9	315.0	4	2057.915	2058.215
2058.2239999999997	0.900000000000091	trials	89	s089_J210528	grSu1Ne	2		4	2058.524	2058.823
2058.8239999999996	0.900000000000091	trials	89	s089_J210528	coCe	16	0.0	4	2059.124	2059.423
2063.9159999999997	0.900000000000091	trials	89	s089_J210528	grCe_grSu6CiNe_PS	19	90.0	4	2064.216	2064.516
2065.133	0.900000000000091	trials	89	s089_J210528	coCe_grSu6Ne	17	270.0	4	2065.433	2065.733
2069.984	0.900000000000091	trials	89	s089_J210528	grCe	1	315.0	4	2070.284	2070.583
2070.5919999999996	0.900000000000091	trials	89	s089_J210528	grCe_grSu3Ne	5	270.0	4	2070.892	2071.192
2071.2	0.900000000000091	trials	89	s089_J210528	grCe_grSu12SmCiNe_PS	21	315.0	4	2071.5	2071.8
2076.218	0.900000000000091	trials	89	s089_J210528	grCe_grSu6Ne	7	225.0	4	2076.518	2076.817
2076.826	0.900000000000091	trials	89	s089_J210528	coCe_grSu6Ne	17	180.0	4	2077.126	2077.426
2077.435	0.900000000000091	trials	89	s089_J210528	grCe_grSu6CiNe	15	0.0	4	2077.735	2078.034
2082.419	0.900000000000091	trials	89	s089_J210528	grCe_grSu6CiNe_PS	19	45.0	4	2082.719	2083.018
2086.044	0.900000000000091	trials	89	s089_J210528	grCe_grSu1Ne	3	270.0	4	2086.344	2086.644
2086.644	0.900000000000091	trials	89	s089_J210528	grCe	1	90.0	4	2086.944	2087.244
2092.428	0.900000000000091	trials	89	s089_J210528	grCe_grSu18Fa	11	0.0	4	2092.728	2093.028
2093.645	0.900000000000091	trials	89	s089_J210528	grSu6CiNe	14		4	2093.945	2094.245
2098.446	0.900000000000091	trials	89	s089_J210528	coCe_grSu6Ne	17	135.0	4	2098.746	2099.045
2102.4539999999997	0.900000000000091	trials	89	s089_J210528	grCe_grSu12SmCiNe	13	270.0	4	2102.754	2103.054
2103.0629999999996	0.900000000000091	trials	89	s089_J210528	coSu6Ne	20		4	2103.363	2103.662
2103.671	0.900000000000091	trials	89	s089_J210528	grCe_grSu6Ne	7	270.0	4	2103.971	2104.271
2108.98	0.900000000000091	trials	89	s089_J210528	grCe_grSu12SmCiNe_PS	21	270.0	4	2109.28	2109.58
2112.7309999999998	0.900000000000091	trials	89	s089_J210528	grCe_grSu3Ne	5	90.0	4	2113.031	2113.33
2113.3309999999997	0.900000000000091	trials	89	s089_J210528	coCe	16	135.0	4	2113.631	2113.93
2113.931	0.900000000000091	trials	89	s089_J210528	grCe_grSu6CiNe_PS	19	0.0	4	2114.231	2114.531
2118.598	0.900000000000091	trials	89	s089_J210528	grCe_grSu3Ne	5	225.0	4	2118.898	2119.198
2119.207	0.900000000000091	trials	89	s089_J210528	grCe_grSu1Ne	3	90.0	4	2119.507	2119.806
2124.6409999999996	0.900000000000091	trials	89	s089_J210528	coCe	16	315.0	4	2124.941	2125.24
2125.249	0.900000000000091	trials	89	s089_J210528	grCe_grSu12Mi	9	45.0	4	2125.549	2125.849
2130.825	0.900000000000091	trials	89	s089_J210528	grCe_grSu6CiNe	15	180.0	4	2131.125	2131.424
2131.433	0.900000000000091	trials	89	s089_J210528	grCe_grSu12SmCiNe	13	225.0	4	2131.733	2132.033
2132.033	0.900000000000091	trials	89	s089_J210528	grCe	1	180.0	4	2132.333	2132.633
2137.017	0.900000000000091	trials	89	s089_J210528	grCe_grSu12SmCiNe_PS	21	45.0	4	2137.317	2137.617
2137.6259999999997	0.900000000000091	trials	89	s089_J210528	coCe_grSu6Ne	17	45.0	4	2137.926	2138.225
2138.2259999999997	0.900000000000091	trials	89	s089_J210528	grCe	1	225.0	4	2138.526	2138.825
2143.143	0.900000000000091	trials	89	s089_J210528	grCe_grSu6Ne_PS	18	90.0	4	2143.443	2143.743
2146.602	0.900000000000091	trials	89	s089_J210528	grCe_grSu6CiNe	15	225.0	4	2146.902	2147.201
2147.21	0.900000000000091	trials	89	s089_J210528	grCe_grSu12SmCiNe	13	180.0	4	2147.51	2147.81
2147.819	0.900000000000091	trials	89	s089_J210528	grSu6Ne	6		4	2148.119	2148.418
2152.694	0.900000000000091	trials	89	s089_J210528	grCe_grSu12Mi	9	270.0	4	2152.994	2153.294
2153.303	0.900000000000091	trials	89	s089_J210528	grCe_grSu3Ne	5	315.0	4	2153.603	2153.902
2153.903	0.900000000000091	trials	89	s089_J210528	NoStim	0		4	2154.203	2154.502
2158.837	0.900000000000091	trials	89	s089_J210528	grCe_grSu18Fa	11	135.0	4	2159.137	2159.436
2165.038	0.900000000000091	trials	89	s089_J210528	grCe_grSu6Ne	7	135.0	4	2165.338	2165.637
2165.6459999999997	0.900000000000091	trials	89	s089_J210528	coCe_grSu6Ne	17	315.0	4	2165.946	2166.246
2166.2459999999996	0.900000000000091	trials	89	s089_J210528	coCe	16	90.0	4	2166.546	2166.846
2171.297	0.900000000000091	trials	89	s089_J210528	grCe_grSu18Fa	11	45.0	4	2171.597	2171.896
2171.9049999999997	0.900000000000091	trials	89	s089_J210528	grCe_grSu12SmCiNe_PS	21	0.0	4	2172.205	2172.505
2177.406	0.900000000000091	trials	89	s089_J210528	coCe	16	270.0	4	2177.706	2178.005
2181.2309999999998	0.900000000000091	trials	89	s089_J210528	grCe_grSu1Ne	3	225.0	4	2181.531	2181.831
2181.8399999999997	0.900000000000091	trials	89	s089_J210528	grCe_grSu1Ne	3	315.0	4	2182.14	2182.439
2182.4399999999996	0.900000000000091	trials	89	s089_J210528	grCe	1	135.0	4	2182.74	2183.039
2188.082	0.900000000000091	trials	89	s089_J210528	grCe_grSu12SmCiNe	13	135.0	4	2188.382	2188.682
2188.707	0.900000000000091	trials	89	s089_J210528	grCe_grSu18Fa	11	270.0	4	2189.007	2189.307
2193.6409999999996	0.900000000000091	trials	89	s089_J210528	grCe_grSu6CiNe	15	315.0	4	2193.941	2194.241
2194.2659999999996	0.900000000000091	trials	89	s089_J210528	grCe_grSu18Fa	11	225.0	4	2194.566	2194.866
2194.875	0.900000000000091	trials	89	s089_J210528	grCe_grSu3Ne	5	135.0	4	2195.175	2195.474
2199.7169999999996	0.900000000000091	trials	89	s089_J210528	grCe_grSu6Ne	7	45.0	4	2200.017	2200.317
2200.326	0.900000000000091	trials	89	s089_J210528	grCe_grSu6Ne_PS	18	135.0	4	2200.626	2200.925
2209.335	0.900000000000091	trials	89	s089_J210528	grCe_grSu3Ne	5	0.0	4	2209.635	2209.935
2209.9429999999998	0.900000000000091	trials	89	s089_J210528	coCe_grSu6Ne	17	90.0	4	2210.243	2210.543
2210.56	0.900000000000091	trials	89	s089_J210528	grSu18Fa	10		4	2210.86	2211.16
2215.5609999999997	0.900000000000091	trials	89	s089_J210528	grCe_grSu6Ne_PS	18	225.0	4	2215.861	2216.16
2216.169	0.900000000000091	trials	89	s089_J210528	grCe_grSu12SmCiNe	13	45.0	4	2216.469	2216.769
2216.769	0.900000000000091	trials	89	s089_J210528	coCe	16	225.0	4	2217.069	2217.369
2222.1279999999997	0.900000000000091	trials	89	s089_J210528	grCe_grSu12SmCiNe_PS	21	180.0	4	2222.428	2222.728
2222.7369999999996	0.900000000000091	trials	89	s089_J210528	grCe_grSu6Ne_PS	18	45.0	4	2223.037	2223.336
2223.337	0.900000000000091	trials	89	s089_J210528	grCe	1	0.0	4	2223.637	2223.936
2229.5789999999997	0.900000000000091	trials	89	s089_J210528	grCe_grSu12Mi	9	180.0	4	2229.879	2230.179
2235.113	0.900000000000091	trials	89	s089_J210528	grCe_grSu12SmCiNe	13	315.0	4	2235.413	2235.713
2235.7219999999998	0.900000000000091	trials	89	s089_J210528	grCe_grSu6Ne_PS	18	180.0	4	2236.022	2236.321
2244.765	0.900000000000091	trials	89	s089_J210528	grCe_grSu6Ne	7	315.0	4	2245.065	2245.364
2245.9809999999998	0.900000000000091	trials	89	s089_J210528	grCe_grSu6Ne_PS	18	315.0	4	2246.281	2246.581
2255.0409999999997	0.900000000000091	trials	89	s089_J210528	grCe_grSu6CiNe_PS	19	135.0	4	2255.341	2255.64
2255.649	0.900000000000091	trials	89	s089_J210528	grCe_grSu6Ne	7	90.0	4	2255.949	2256.249
2261.533	0.900000000000091	trials	89	s089_J210528	grCe_grSu6CiNe_PS	19	180.0	4	2261.833	2262.133
2267.0009999999997	0.900000000000091	trials	89	s089_J210528	grCe_grSu6CiNe	15	45.0	4	2267.301	2267.6
2267.609	0.900000000000091	trials	89	s089_J210528	grCe_grSu6Ne_PS	18	0.0	4	2267.909	2268.209
2268.218	0.900000000000091	trials	89	s089_J210528	grCe_grSu1Ne	3	135.0	4	2268.518	2268.817
2273.6679999999997	0.900000000000091	trials	89	s089_J210528	grSu12Mi	8		4	2273.968	2274.268
2274.285	0.900000000000091	trials	89	s089_J210528	grCe_grSu18Fa	11	180.0	4	2274.585	2274.885
2279.294	0.900000000000091	trials	89	s089_J210528	grCe_grSu18Fa	11	90.0	4	2279.594	2279.894
2279.902	0.900000000000091	trials	89	s089_J210528	grCe_grSu12Mi	9	135.0	4	2280.202	2280.502
2280.511	0.900000000000091	trials	89	s089_J210528	grCe_grSu6CiNe	15	135.0	4	2280.811	2281.11
2286.6029999999996	0.900000000000091	trials	89	s089_J210528	grCe_grSu3Ne	5	90.0	7	2286.903	2287.203
2291.529	0.900000000000091	trials	89	s089_J210528	grCe_grSu12Mi	9	315.0	7	2291.829	2292.129
2292.1369999999997	0.900000000000091	trials	89	s089_J210528	coCe_grSu6Ne	17	315.0	7	2292.437	2292.737
2297.821	0.900000000000091	trials	89	s089_J210528	grCe_grSu12SmCiNe_PS	21	225.0	7	2298.121	2298.421
2299.038	0.900000000000091	trials	89	s089_J210528	grCe_grSu6CiNe	15	135.0	7	2299.338	2299.638
2310.181	0.900000000000091	trials	89	s089_J210528	grCe_grSu6CiNe	15	270.0	7	2310.481	2310.781
2310.79	0.900000000000091	trials	89	s089_J210528	grCe_grSu12SmCiNe_PS	21	90.0	7	2311.09	2311.389
2311.3979999999997	0.900000000000091	trials	89	s089_J210528	grCe_grSu6Ne_PS	18	270.0	7	2311.698	2311.998
2316.116	0.900000000000091	trials	89	s089_J210528	grCe_grSu6Ne	7	135.0	7	2316.416	2316.715
2316.7239999999997	0.900000000000091	trials	89	s089_J210528	grCe_grSu6Ne	7	225.0	7	2317.024	2317.323
2322.2999999999997	0.900000000000091	trials	89	s089_J210528	grCe_grSu6Ne_PS	18	315.0	7	2322.6	2322.899
2331.6929999999998	0.900000000000091	trials	89	s089_J210528	grCe_grSu3Ne	5	225.0	7	2331.993	2332.292
2338.585	0.900000000000091	trials	89	s089_J210528	grCe_grSu12SmCiNe_PS	21	135.0	7	2338.885	2339.185
2339.185	0.900000000000091	trials	89	s089_J210528	grCe	1	135.0	7	2339.485	2339.785
2339.794	0.900000000000091	trials	89	s089_J210528	grCe_grSu1Ne	3	45.0	7	2340.094	2340.393
2344.678	0.900000000000091	trials	89	s089_J210528	grCe_grSu1Ne	3	0.0	7	2344.978	2345.277
2355.162	0.900000000000091	trials	89	s089_J210528	grCe_grSu6CiNe_PS	19	135.0	7	2355.462	2355.762
2355.7709999999997	0.900000000000091	trials	89	s089_J210528	grCe_grSu6CiNe	15	180.0	7	2356.071	2356.37
2360.6459999999997	0.900000000000091	trials	89	s089_J210528	coSu6Ne	20		7	2360.946	2361.246
2361.263	0.900000000000091	trials	89	s089_J210528	grCe_grSu12Mi	9	180.0	7	2361.563	2361.863
2361.863	0.900000000000091	trials	89	s089_J210528	coCe	16	0.0	7	2362.163	2362.463
2366.814	0.900000000000091	trials	89	s089_J210528	grCe	1	90.0	7	2367.114	2367.413
2367.422	0.900000000000091	trials	89	s089_J210528	grCe_grSu6CiNe	15	0.0	7	2367.722	2368.022
2368.031	0.900000000000091	trials	89	s089_J210528	grCe_grSu12SmCiNe	13	180.0	7	2368.331	2368.63
2372.923	0.900000000000091	trials	89	s089_J210528	grCe_grSu12SmCiNe	13	0.0	7	2373.223	2373.522
2373.531	0.900000000000091	trials	89	s089_J210528	grCe_grSu1Ne	3	315.0	7	2373.831	2374.131
2374.14	0.900000000000091	trials	89	s089_J210528	grCe_grSu6CiNe_PS	19	225.0	7	2374.44	2374.739
2379.124	0.900000000000091	trials	89	s089_J210528	grCe_grSu6CiNe_PS	19	180.0	7	2379.424	2379.723
2379.732	0.900000000000091	trials	89	s089_J210528	grCe_grSu6CiNe_PS	19	270.0	7	2380.032	2380.332
2380.341	0.900000000000091	trials	89	s089_J210528	grCe_grSu6Ne	7	45.0	7	2380.641	2380.94
2385.783	0.900000000000091	trials	89	s089_J210528	grCe_grSu6Ne	7	0.0	7	2386.083	2386.382
2386.383	0.900000000000091	trials	89	s089_J210528	coCe	16	90.0	7	2386.683	2386.983
2391.084	0.900000000000091	trials	89	s089_J210528	grCe_grSu6CiNe_PS	19	90.0	7	2391.384	2391.683
2391.692	0.900000000000091	trials	89	s089_J210528	grCe_grSu1Ne	3	90.0	7	2391.992	2392.292
2397.176	0.900000000000091	trials	89	s089_J210528	grCe_grSu12SmCiNe_PS	21	180.0	7	2397.476	2397.776
2400.8599999999997	0.900000000000091	trials	89	s089_J210528	grSu6CiNe	14		7	2401.16	2401.459
2401.468	0.900000000000091	trials	89	s089_J210528	grCe_grSu1Ne	3	225.0	7	2401.768	2402.068
2402.085	0.900000000000091	trials	89	s089_J210528	grCe_grSu18Fa	11	135.0	7	2402.385	2402.685
2407.211	0.900000000000091	trials	89	s089_J210528	coCe_grSu6Ne	17	90.0	7	2407.511	2407.81
2418.12	0.900000000000091	trials	89	s089_J210528	grSu3Ne	4		7	2418.42	2418.72
2419.337	0.900000000000091	trials	89	s089_J210528	grCe_grSu3Ne	5	135.0	7	2419.637	2419.937
2425.3129999999996	0.900000000000091	trials	89	s089_J210528	grCe	1	0.0	7	2425.613	2425.913
2430.047	0.900000000000091	trials	89	s089_J210528	coCe_grSu6Ne	17	135.0	7	2430.347	2430.646
2430.6969999999997	0.900000000000091	trials	89	s089_J210528	coCe	16	270.0	7	2430.997	2431.297
2439.548	0.900000000000091	trials	89	s089_J210528	grCe	1	45.0	7	2439.848	2440.148
2440.1569999999997	0.900000000000091	trials	89	s089_J210528	grCe_grSu6Ne_PS	18	135.0	7	2440.457	2440.756
2440.765	0.900000000000091	trials	89	s089_J210528	grCe_grSu6CiNe_PS	19	315.0	7	2441.065	2441.365
2445.8239999999996	0.900000000000091	trials	89	s089_J210528	grCe_grSu18Fa	11	270.0	7	2446.124	2446.424
2446.432	0.900000000000091	trials	89	s089_J210528	grCe_grSu6Ne_PS	18	180.0	7	2446.732	2447.032
2452.6079999999997	0.900000000000091	trials	89	s089_J210528	grCe_grSu12SmCiNe	13	45.0	7	2452.908	2453.208
2453.2079999999996	0.900000000000091	trials	89	s089_J210528	coCe	16	315.0	7	2453.508	2453.808
2458.134	0.900000000000091	trials	89	s089_J210528	grCe_grSu1Ne	3	180.0	7	2458.434	2458.733
2458.734	0.900000000000091	trials	89	s089_J210528	NoStim	0		7	2459.034	2459.334
2459.3419999999996	0.900000000000091	trials	89	s089_J210528	grCe_grSu3Ne	5	270.0	7	2459.642	2459.942
2464.285	0.900000000000091	trials	89	s089_J210528	grCe_grSu12Mi	9	45.0	7	2464.585	2464.884
2464.893	0.900000000000091	trials	89	s089_J210528	grCe_grSu12SmCiNe	13	315.0	7	2465.193	2465.493
2470.486	0.900000000000091	trials	89	s089_J210528	grCe_grSu12SmCiNe_PS	21	0.0	7	2470.786	2471.085
2481.129	0.900000000000091	trials	89	s089_J210528	grCe_grSu12SmCiNe_PS	21	270.0	7	2481.429	2481.728
2481.8869999999997	0.900000000000091	trials	89	s089_J210528	grCe_grSu1Ne	3	270.0	7	2482.187	2482.487
2482.495	0.900000000000091	trials	89	s089_J210528	grCe_grSu6Ne_PS	18	90.0	7	2482.795	2483.095
2494.5049999999997	0.900000000000091	trials	89	s089_J210528	grCe_grSu6CiNe	15	225.0	7	2494.805	2495.105
2495.114	0.900000000000091	trials	89	s089_J210528	grCe_grSu6Ne_PS	18	0.0	7	2495.414	2495.713
2503.8819999999996	0.900000000000091	trials	89	s089_J210528	grCe_grSu12Mi	9	225.0	7	2504.182	2504.481
2504.49	0.900000000000091	trials	89	s089_J210528	grCe_grSu6Ne	7	90.0	7	2504.79	2505.089
2505.098	0.900000000000091	trials	89	s089_J210528	grCe_grSu6CiNe_PS	19	45.0	7	2505.398	2505.698
2513.991	0.900000000000091	trials	89	s089_J210528	grCe_grSu6Ne	7	270.0	7	2514.291	2514.591
2518.2999999999997	0.900000000000091	trials	89	s089_J210528	grCe_grSu1Ne	3	135.0	7	2518.6	2518.9
2522.134	0.900000000000091	trials	89	s089_J210528	grCe_grSu12SmCiNe	13	270.0	7	2522.434	2522.733
2532.169	0.900000000000091	trials	89	s089_J210528	grCe_grSu12SmCiNe_PS	21	315.0	7	2532.469	2532.768
2532.777	0.900000000000091	trials	89	s089_J210528	grCe_grSu3Ne	5	315.0	7	2533.077	2533.376
2533.3849999999998	0.900000000000091	trials	89	s089_J210528	grCe_grSu3Ne	5	45.0	7	2533.685	2533.985
2541.578	0.900000000000091	trials	89	s089_J210528	grCe_grSu6Ne	7	315.0	7	2541.878	2542.178
2542.1859999999997	0.900000000000091	trials	89	s089_J210528	grSu12Mi	8		7	2542.486	2542.786
2542.787	0.900000000000091	trials	89	s089_J210528	grCe	1	315.0	7	2543.087	2543.386
2548.4959999999996	0.900000000000091	trials	89	s089_J210528	grCe_grSu18Fa	11	225.0	7	2548.796	2549.095
2549.096	0.900000000000091	trials	89	s089_J210528	grCe	1	225.0	7	2549.396	2549.695
2554.105	0.900000000000091	trials	89	s089_J210528	grCe_grSu6CiNe	15	45.0	7	2554.405	2554.704
2554.7129999999997	0.900000000000091	trials	89	s089_J210528	grCe_grSu6Ne_PS	18	45.0	7	2555.013	2555.313
2560.464	0.900000000000091	trials	89	s089_J210528	grSu6Ne	6		7	2560.764	2561.063
2561.0809999999997	0.900000000000091	trials	89	s089_J210528	grCe_grSu12Mi	9	270.0	7	2561.381	2561.68
2561.689	0.900000000000091	trials	89	s089_J210528	coCe_grSu6Ne	17	45.0	7	2561.989	2562.289
2566.9399999999996	0.900000000000091	trials	89	s089_J210528	grCe_grSu6Ne	7	180.0	7	2567.24	2567.539
2567.556	0.900000000000091	trials	89	s089_J210528	grCe_grSu12Mi	9	135.0	7	2567.856	2568.156
2568.165	0.900000000000091	trials	89	s089_J210528	grCe_grSu6CiNe	15	90.0	7	2568.465	2568.764
2573.774	0.900000000000091	trials	89	s089_J210528	grCe_grSu6CiNe_PS	19	0.0	7	2574.074	2574.373
2574.374	0.900000000000091	trials	89	s089_J210528	coCe	16	225.0	7	2574.674	2574.974
2574.982	0.900000000000091	trials	89	s089_J210528	grCe_grSu12Mi	9	0.0	7	2575.282	2575.582
2583.4669999999996	0.900000000000091	trials	89	s089_J210528	grCe_grSu6CiNe	15	315.0	7	2583.767	2584.066
2584.1589999999997	0.900000000000091	trials	89	s089_J210528	grCe_grSu18Fa	11	0.0	7	2584.459	2584.758
2584.767	0.900000000000091	trials	89	s089_J210528	grCe_grSu12SmCiNe_PS	21	45.0	7	2585.067	2585.367
2592.5429999999997	0.900000000000091	trials	89	s089_J210528	coCe_grSu6Ne	17	225.0	7	2592.843	2593.143
2593.143	0.900000000000091	trials	89	s089_J210528	grCe	1	180.0	7	2593.443	2593.743
2598.669	0.900000000000091	trials	89	s089_J210528	grCe_grSu18Fa	11	90.0	7	2598.969	2599.268
2602.178	0.900000000000091	trials	89	s089_J210528	grCe_grSu12Mi	9	90.0	7	2602.478	2602.777
2602.778	0.900000000000091	trials	89	s089_J210528	coCe	16	180.0	7	2603.078	2603.377
2603.394	0.900000000000091	trials	89	s089_J210528	grCe_grSu18Fa	11	180.0	7	2603.694	2603.994
2608.4779999999996	0.900000000000091	trials	89	s089_J210528	coCe_grSu6Ne	17	0.0	7	2608.778	2609.078
2609.095	0.900000000000091	trials	89	s089_J210528	grSu18Fa	10		7	2609.395	2609.695
2609.712	0.900000000000091	trials	89	s089_J210528	grCe_grSu18Fa	11	45.0	7	2610.012	2610.311
2614.6209999999996	0.900000000000091	trials	89	s089_J210528	grCe_grSu12SmCiNe	13	225.0	7	2614.921	2615.22
2615.229	0.900000000000091	trials	89	s089_J210528	grCe_grSu12SmCiNe	13	135.0	7	2615.529	2615.829
2615.8379999999997	0.900000000000091	trials	89	s089_J210528	grSu1Ne	2		7	2616.138	2616.437
2628.5139999999997	0.900000000000091	trials	89	s089_J210528	grCe_grSu3Ne	5	180.0	7	2628.814	2629.114
2629.1229999999996	0.900000000000091	trials	89	s089_J210528	grCe_grSu12SmCiNe	13	90.0	7	2629.423	2629.722
2629.7309999999998	0.900000000000091	trials	89	s089_J210528	grCe_grSu3Ne	5	0.0	7	2630.031	2630.331
2634.615	0.900000000000091	trials	89	s089_J210528	coCe_grSu6Ne	17	270.0	7	2634.915	2635.215
2635.2149999999997	0.900000000000091	trials	89	s089_J210528	coCe	16	45.0	7	2635.515	2635.815
2635.8149999999996	0.900000000000091	trials	89	s089_J210528	grSu12SmCiNe	12		7	2636.115	2636.415
2640.8239999999996	0.900000000000091	trials	89	s089_J210528	coCe	16	135.0	7	2641.124	2641.424
2641.441	0.900000000000091	trials	89	s089_J210528	grCe_grSu18Fa	11	315.0	7	2641.741	2642.041
2642.049	0.900000000000091	trials	89	s089_J210528	coCe_grSu6Ne	17	180.0	7	2642.349	2642.649
2651.067	0.900000000000091	trials	89	s089_J210528	grCe	1	270.0	7	2651.367	2651.667
2651.676	0.900000000000091	trials	89	s089_J210528	grCe_grSu6Ne_PS	18	225.0	7	2651.976	2652.275
2656.526	0.900000000000091	trials	89	s089_J210528	grCe_grSu6CiNe_PS	19	225.0	9	2656.826	2657.126
2657.1349999999998	0.900000000000091	trials	89	s089_J210528	coCe_grSu6Ne	17	270.0	9	2657.435	2657.734
2657.7509999999997	0.900000000000091	trials	89	s089_J210528	grCe_grSu18Fa	11	180.0	9	2658.051	2658.351
2662.96	0.900000000000091	trials	89	s089_J210528	grCe_grSu6Ne_PS	18	135.0	9	2663.26	2663.56
2663.5769999999998	0.900000000000091	trials	89	s089_J210528	grCe_grSu18Fa	11	315.0	9	2663.877	2664.177
2664.1859999999997	0.900000000000091	trials	89	s089_J210528	grCe_grSu6CiNe	15	315.0	9	2664.486	2664.785
2669.12	0.900000000000091	trials	89	s089_J210528	grCe_grSu12SmCiNe_PS	21	315.0	9	2669.42	2669.719
2670.336	0.900000000000091	trials	89	s089_J210528	grCe_grSu12SmCiNe	13	0.0	9	2670.636	2670.936
2679.388	0.900000000000091	trials	89	s089_J210528	grCe_grSu18Fa	11	270.0	9	2679.688	2679.987
2680.604	0.900000000000091	trials	89	s089_J210528	grSu12SmCiNe	12		9	2680.904	2681.204
2686.6229999999996	0.900000000000091	trials	89	s089_J210528	grCe_grSu6Ne_PS	18	0.0	9	2686.923	2687.222
2687.2309999999998	0.900000000000091	trials	89	s089_J210528	grCe_grSu1Ne	3	180.0	9	2687.531	2687.831
2692.1989999999996	0.900000000000091	trials	89	s089_J210528	grCe_grSu1Ne	3	0.0	9	2692.499	2692.798
2692.89	0.900000000000091	trials	89	s089_J210528	grCe_grSu12Mi	9	315.0	9	2693.19	2693.49
2693.499	0.900000000000091	trials	89	s089_J210528	grCe_grSu3Ne	5	135.0	9	2693.799	2694.098
2698.441	0.900000000000091	trials	89	s089_J210528	grCe_grSu6Ne_PS	18	315.0	9	2698.741	2699.041
2699.049	0.900000000000091	trials	89	s089_J210528	grCe_grSu6Ne	7	0.0	9	2699.349	2699.649
2699.658	0.900000000000091	trials	89	s089_J210528	grCe_grSu12Mi	9	90.0	9	2699.958	2700.257
2704.7419999999997	0.900000000000091	trials	89	s089_J210528	grCe_grSu12SmCiNe_PS	21	0.0	9	2705.042	2705.341
2705.9669999999996	0.900000000000091	trials	89	s089_J210528	grCe_grSu6CiNe	15	180.0	9	2706.267	2706.567
2710.9759999999997	0.900000000000091	trials	89	s089_J210528	grCe_grSu1Ne	3	135.0	9	2711.276	2711.576
2711.584	0.900000000000091	trials	89	s089_J210528	grCe_grSu6CiNe	15	270.0	9	2711.884	2712.184
2712.1929999999998	0.900000000000091	trials	89	s089_J210528	grCe_grSu12SmCiNe	13	315.0	9	2712.493	2712.792
2718.4269999999997	0.900000000000091	trials	89	s089_J210528	grCe_grSu6CiNe_PS	19	135.0	9	2718.727	2719.027
2724.544	0.900000000000091	trials	89	s089_J210528	coSu6Ne	20		9	2724.844	2725.144
2725.145	0.900000000000091	trials	89	s089_J210528	NoStim	0		9	2725.445	2725.744
2734.2619999999997	0.900000000000091	trials	89	s089_J210528	coCe_grSu6Ne	17	90.0	9	2734.562	2734.862
2740.1879999999996	0.900000000000091	trials	89	s089_J210528	coCe_grSu6Ne	17	135.0	9	2740.488	2740.788
2740.788	0.900000000000091	trials	89	s089_J210528	grCe_grSu6Ne_PS	18	270.0	9	2741.088	2741.388
2741.397	0.900000000000091	trials	89	s089_J210528	grCe_grSu6Ne	7	315.0	9	2741.697	2741.996
2749.2729999999997	0.900000000000091	trials	89	s089_J210528	grCe_grSu6CiNe_PS	19	90.0	9	2749.573	2749.872
2749.8729999999996	0.900000000000091	trials	89	s089_J210528	grCe	1	90.0	9	2750.173	2750.472
2750.473	0.900000000000091	trials	89	s089_J210528	grCe	1	0.0	9	2750.773	2751.072
2755.9739999999997	0.900000000000091	trials	89	s089_J210528	grCe_grSu6CiNe_PS	19	180.0	9	2756.274	2756.573
2761.499	0.900000000000091	trials	89	s089_J210528	grCe_grSu6Ne	7	90.0	9	2761.799	2762.099
2762.116	0.900000000000091	trials	89	s089_J210528	grCe_grSu12Mi	9	270.0	9	2762.416	2762.716
2762.7239999999997	0.900000000000091	trials	89	s089_J210528	grCe_grSu6CiNe	15	90.0	9	2763.024	2763.324
2767.6079999999997	0.900000000000091	trials	89	s089_J210528	coCe_grSu6Ne	17	0.0	9	2767.908	2768.208
2777.451	0.900000000000091	trials	89	s089_J210528	grCe_grSu12SmCiNe_PS	21	270.0	9	2777.751	2778.051
2778.06	0.900000000000091	trials	89	s089_J210528	grCe_grSu1Ne	3	315.0	9	2778.36	2778.659
2778.66	0.900000000000091	trials	89	s089_J210528	grCe_grSu12SmCiNe_PS	21	90.0	9	2778.96	2779.259
2800.013	0.900000000000091	trials	89	s089_J210528	grCe_grSu3Ne	5	180.0	9	2800.313	2800.612
2800.613	0.900000000000091	trials	89	s089_J210528	grCe	1	180.0	9	2800.913	2801.212
2809.314	0.900000000000091	trials	89	s089_J210528	grCe_grSu18Fa	11	90.0	9	2809.614	2809.913
2809.9139999999998	0.900000000000091	trials	89	s089_J210528	grCe	1	45.0	9	2810.214	2810.513
2810.5139999999997	0.900000000000091	trials	89	s089_J210528	grCe	1	135.0	9	2810.814	2811.113
2815.39	0.900000000000091	trials	89	s089_J210528	grSu18Fa	10		9	2815.69	2815.989
2815.9979999999996	0.900000000000091	trials	89	s089_J210528	grCe_grSu1Ne	3	225.0	9	2816.298	2816.598
2816.598	0.900000000000091	trials	89	s089_J210528	coCe	16	45.0	9	2816.898	2817.198
2829.2909999999997	0.900000000000091	trials	89	s089_J210528	grSu3Ne	4		9	2829.591	2829.891
2830.5159999999996	0.900000000000091	trials	89	s089_J210528	grCe_grSu12Mi	9	0.0	9	2830.816	2831.116
2835.45	0.900000000000091	trials	89	s089_J210528	grCe_grSu12SmCiNe_PS	21	225.0	9	2835.75	2836.05
2836.067	0.900000000000091	trials	89	s089_J210528	grCe_grSu12Mi	9	180.0	9	2836.367	2836.667
2836.676	0.900000000000091	trials	89	s089_J210528	grCe_grSu12SmCiNe	13	135.0	9	2836.976	2837.275
2841.585	0.900000000000091	trials	89	s089_J210528	grCe_grSu12Mi	9	135.0	9	2841.885	2842.184
2842.801	0.900000000000091	trials	89	s089_J210528	grCe_grSu12SmCiNe_PS	21	180.0	9	2843.101	2843.401
2847.752	0.900000000000091	trials	89	s089_J210528	grCe_grSu3Ne	5	45.0	9	2848.052	2848.352
2848.3689999999997	0.900000000000091	trials	89	s089_J210528	grCe_grSu18Fa	11	225.0	9	2848.669	2848.968
2853.9199999999996	0.900000000000091	trials	89	s089_J210528	grCe_grSu12SmCiNe	13	225.0	9	2854.22	2854.519
2857.5449999999996	0.900000000000091	trials	89	s089_J210528	grCe_grSu18Fa	11	0.0	9	2857.845	2858.145
2864.696	0.900000000000091	trials	89	s089_J210528	grCe_grSu3Ne	5	315.0	9	2864.996	2865.295
2865.3039999999996	0.900000000000091	trials	89	s089_J210528	grCe_grSu6CiNe_PS	19	45.0	9	2865.604	2865.904
2865.921	0.900000000000091	trials	89	s089_J210528	grCe_grSu18Fa	11	135.0	9	2866.221	2866.521
2874.364	0.900000000000091	trials	89	s089_J210528	grCe_grSu6CiNe_PS	19	270.0	9	2874.664	2874.963
2874.9719999999998	0.900000000000091	trials	89	s089_J210528	grCe_grSu12SmCiNe_PS	21	45.0	9	2875.272	2875.572
2875.5719999999997	0.900000000000091	trials	89	s089_J210528	coCe	16	180.0	9	2875.872	2876.172
2880.223	0.900000000000091	trials	89	s089_J210528	coCe	16	90.0	9	2880.523	2880.822
2880.8309999999997	0.900000000000091	trials	89	s089_J210528	grCe_grSu3Ne	5	0.0	9	2881.131	2881.431
2881.431	0.900000000000091	trials	89	s089_J210528	coCe	16	225.0	9	2881.731	2882.031
2889.682	0.900000000000091	trials	89	s089_J210528	grCe_grSu3Ne	5	270.0	9	2889.982	2890.282
2890.899	0.900000000000091	trials	89	s089_J210528	grCe_grSu6Ne_PS	18	180.0	9	2891.199	2891.499
2898.7999999999997	0.900000000000091	trials	89	s089_J210528	grCe	1	315.0	9	2899.1	2899.4
2900.017	0.900000000000091	trials	89	s089_J210528	grCe_grSu6Ne	7	270.0	9	2900.317	2900.617
2904.9759999999997	0.900000000000091	trials	89	s089_J210528	grCe_grSu6Ne	7	180.0	9	2905.276	2905.576
2905.585	0.900000000000091	trials	89	s089_J210528	grCe_grSu6Ne	7	225.0	9	2905.885	2906.184
2906.1929999999998	0.900000000000091	trials	89	s089_J210528	grCe_grSu6Ne_PS	18	45.0	9	2906.493	2906.793
2911.002	0.900000000000091	trials	89	s089_J210528	grCe_grSu1Ne	3	90.0	9	2911.302	2911.601
2911.6099999999997	0.900000000000091	trials	89	s089_J210528	grCe_grSu12SmCiNe	13	45.0	9	2911.91	2912.21
2912.2189999999996	0.900000000000091	trials	89	s089_J210528	coCe_grSu6Ne	17	225.0	9	2912.519	2912.818
2923.47	0.900000000000091	trials	89	s089_J210528	grCe	1	225.0	9	2923.77	2924.07
2927.162	0.900000000000091	trials	89	s089_J210528	grSu6Ne	6		9	2927.462	2927.762
2927.779	0.900000000000091	trials	89	s089_J210528	grCe_grSu12Mi	9	225.0	9	2928.079	2928.379
2928.388	0.900000000000091	trials	89	s089_J210528	grCe_grSu12SmCiNe	13	90.0	9	2928.688	2928.987
2933.1879999999996	0.900000000000091	trials	89	s089_J210528	grCe	1	270.0	9	2933.488	2933.788
2933.797	0.900000000000091	trials	89	s089_J210528	grCe_grSu3Ne	5	225.0	9	2934.097	2934.396
2934.397	0.900000000000091	trials	89	s089_J210528	coCe	16	270.0	9	2934.697	2934.996
2939.631	0.900000000000091	trials	89	s089_J210528	coCe_grSu6Ne	17	315.0	9	2939.931	2940.23
2940.239	0.900000000000091	trials	89	s089_J210528	grCe_grSu12SmCiNe	13	180.0	9	2940.539	2940.839
2947.1229999999996	0.900000000000091	trials	89	s089_J210528	coCe	16	315.0	9	2947.423	2947.723
2947.732	0.900000000000091	trials	89	s089_J210528	grCe_grSu6Ne_PS	18	225.0	9	2948.032	2948.331
2948.3399999999997	0.900000000000091	trials	89	s089_J210528	grCe_grSu6CiNe	15	135.0	9	2948.64	2948.94
2953.207	0.900000000000091	trials	89	s089_J210528	grSu6CiNe	14		9	2953.507	2953.807
2953.816	0.900000000000091	trials	89	s089_J210528	grSu1Ne	2		9	2954.116	2954.415
2954.424	0.900000000000091	trials	89	s089_J210528	coCe_grSu6Ne	17	180.0	9	2954.724	2955.024
2963.375	0.900000000000091	trials	89	s089_J210528	grSu12Mi	8		9	2963.675	2963.975
2967.7259999999997	0.900000000000091	trials	89	s089_J210528	grCe_grSu6CiNe	15	225.0	9	2968.026	2968.325
2968.334	0.900000000000091	trials	89	s089_J210528	grCe_grSu3Ne	5	90.0	9	2968.634	2968.934
2973.277	0.900000000000091	trials	89	s089_J210528	grCe_grSu6CiNe_PS	19	0.0	9	2973.577	2973.876
2977.3019999999997	0.900000000000091	trials	89	s089_J210528	coCe	16	0.0	9	2977.602	2977.902
2977.9109999999996	0.900000000000091	trials	89	s089_J210528	grCe_grSu6Ne_PS	18	90.0	9	2978.211	2978.51
2978.519	0.900000000000091	trials	89	s089_J210528	coCe_grSu6Ne	17	45.0	9	2978.819	2979.119
2984.053	0.900000000000091	trials	89	s089_J210528	grCe_grSu6CiNe_PS	19	315.0	9	2984.353	2984.653
2984.6949999999997	0.900000000000091	trials	89	s089_J210528	grCe_grSu12SmCiNe	13	270.0	9	2984.995	2985.294
2989.5539999999996	0.900000000000091	trials	89	s089_J210528	grCe_grSu18Fa	11	45.0	9	2989.854	2990.153
2990.171	0.900000000000091	trials	89	s089_J210528	grCe_grSu12Mi	9	45.0	9	2990.471	2990.77
2990.779	0.900000000000091	trials	89	s089_J210528	grCe_grSu1Ne	3	45.0	9	2991.079	2991.378
2999.5969999999998	0.900000000000091	trials	89	s089_J210528	grCe_grSu6Ne	7	45.0	9	2999.897	3000.196
3000.205	0.900000000000091	trials	89	s089_J210528	grCe_grSu12SmCiNe_PS	21	135.0	9	3000.505	3000.805
3000.814	0.900000000000091	trials	89	s089_J210528	grCe_grSu6CiNe	15	0.0	9	3001.114	3001.413
3005.673	0.900000000000091	trials	89	s089_J210528	grCe_grSu6CiNe	15	45.0	9	3005.973	3006.272
3006.8889999999997	0.900000000000091	trials	89	s089_J210528	grCe_grSu1Ne	3	270.0	9	3007.189	3007.489
3011.7479999999996	0.900000000000091	trials	89	s089_J210528	coCe	16	135.0	9	3012.048	3012.348
3012.3729999999996	0.900000000000091	trials	89	s089_J210528	grCe_grSu6Ne	7	135.0	9	3012.673	3012.973
3012.982	0.900000000000091	trials	89	s089_J210528	grCe_grSu3Ne	5	180.0	3	3013.282	3013.581
3018.024	0.900000000000091	trials	89	s089_J210528	grSu6Ne	6		3	3018.324	3018.624
3018.6409999999996	0.900000000000091	trials	89	s089_J210528	grCe_grSu18Fa	11	180.0	3	3018.941	3019.24
3019.249	0.900000000000091	trials	89	s089_J210528	coCe_grSu6Ne	17	0.0	3	3019.549	3019.849
3024.1079999999997	0.900000000000091	trials	89	s089_J210528	grCe_grSu3Ne	5	270.0	3	3024.408	3024.708
3028.5339999999997	0.900000000000091	trials	89	s089_J210528	grCe_grSu12SmCiNe	13	90.0	3	3028.834	3029.133
3029.142	0.900000000000091	trials	89	s089_J210528	grCe_grSu6CiNe	15	270.0	3	3029.442	3029.742
3038.5099999999998	0.900000000000091	trials	89	s089_J210528	grCe_grSu6CiNe_PS	19	225.0	3	3038.81	3039.11
3044.011	0.900000000000091	trials	89	s089_J210528	grCe_grSu6Ne	7	270.0	3	3044.311	3044.61
3044.6189999999997	0.900000000000091	trials	89	s089_J210528	grCe_grSu6CiNe_PS	19	45.0	3	3044.919	3045.219
3049.52	0.900000000000091	trials	89	s089_J210528	grCe_grSu12Mi	9	45.0	3	3049.82	3050.119
3050.1279999999997	0.900000000000091	trials	89	s089_J210528	grCe_grSu6Ne	7	0.0	3	3050.428	3050.728
3050.7369999999996	0.900000000000091	trials	89	s089_J210528	grCe_grSu1Ne	3	180.0	3	3051.037	3051.336
3055.537	0.900000000000091	trials	89	s089_J210528	grCe_grSu12Mi	9	180.0	3	3055.837	3056.137
3056.1459999999997	0.900000000000091	trials	89	s089_J210528	grCe_grSu1Ne	3	45.0	3	3056.446	3056.745
3056.8619999999996	0.900000000000091	trials	89	s089_J210528	grCe_grSu3Ne	5	135.0	3	3057.162	3057.462
3061.763	0.900000000000091	trials	89	s089_J210528	grCe_grSu12Mi	9	90.0	3	3062.063	3062.363
3062.3799999999997	0.900000000000091	trials	89	s089_J210528	grCe_grSu18Fa	11	45.0	3	3062.68	3062.979
3062.988	0.900000000000091	trials	89	s089_J210528	coCe_grSu6Ne	17	135.0	3	3063.288	3063.588
3069.1059999999998	0.900000000000091	trials	89	s089_J210528	grCe_grSu6CiNe_PS	19	270.0	3	3069.406	3069.705
3080.8909999999996	0.900000000000091	trials	89	s089_J210528	grCe_grSu6Ne	7	225.0	3	3081.191	3081.49
3081.499	0.900000000000091	trials	89	s089_J210528	coCe_grSu6Ne	17	225.0	3	3081.799	3082.099
3082.107	0.900000000000091	trials	89	s089_J210528	coCe_grSu6Ne	17	90.0	3	3082.407	3082.707
3087.066	0.900000000000091	trials	89	s089_J210528	grCe_grSu6Ne_PS	18	270.0	3	3087.366	3087.666
3088.292	0.900000000000091	trials	89	s089_J210528	grCe_grSu12Mi	9	135.0	3	3088.592	3088.891
3093.1839999999997	0.900000000000091	trials	89	s089_J210528	grCe	1	90.0	3	3093.484	3093.783
3093.792	0.900000000000091	trials	89	s089_J210528	grCe_grSu12SmCiNe	13	270.0	3	3094.092	3094.392
3094.4089999999997	0.900000000000091	trials	89	s089_J210528	grCe_grSu18Fa	11	225.0	3	3094.709	3095.009
3102.777	0.900000000000091	trials	89	s089_J210528	grCe_grSu3Ne	5	0.0	3	3103.077	3103.376
3103.3849999999998	0.900000000000091	trials	89	s089_J210528	grSu3Ne	4		3	3103.685	3103.985
3103.9939999999997	0.900000000000091	trials	89	s089_J210528	grCe_grSu3Ne	5	315.0	3	3104.294	3104.593
3109.7279999999996	0.900000000000091	trials	89	s089_J210528	grCe_grSu18Fa	11	135.0	3	3110.028	3110.327
3110.336	0.900000000000091	trials	89	s089_J210528	grCe_grSu12SmCiNe	13	135.0	3	3110.636	3110.936
3110.944	0.900000000000091	trials	89	s089_J210528	coCe_grSu6Ne	17	45.0	3	3111.244	3111.544
3122.2709999999997	0.900000000000091	trials	89	s089_J210528	grCe_grSu1Ne	3	315.0	3	3122.571	3122.871
3126.0299999999997	0.900000000000091	trials	89	s089_J210528	grCe	1	0.0	3	3126.33	3126.629
3126.638	0.900000000000091	trials	89	s089_J210528	grCe_grSu3Ne	5	225.0	3	3126.938	3127.238
3127.2549999999997	0.900000000000091	trials	89	s089_J210528	grCe_grSu12Mi	9	225.0	3	3127.555	3127.854
3132.531	0.900000000000091	trials	89	s089_J210528	grCe_grSu6CiNe	15	90.0	3	3132.831	3133.13
3133.131	0.900000000000091	trials	89	s089_J210528	grCe	1	135.0	3	3133.431	3133.73
3138.2059999999997	0.900000000000091	trials	89	s089_J210528	grCe	1	45.0	3	3138.506	3138.806
3141.548	0.900000000000091	trials	89	s089_J210528	coCe_grSu6Ne	17	270.0	3	3141.848	3142.148
3145.149	0.900000000000091	trials	89	s089_J210528	grCe_grSu12SmCiNe_PS	21	90.0	3	3145.449	3145.748
3146.366	0.900000000000091	trials	89	s089_J210528	grCe_grSu3Ne	5	45.0	3	3146.666	3146.965
3151.283	0.900000000000091	trials	89	s089_J210528	grCe_grSu6CiNe	15	180.0	3	3151.583	3151.883
3151.8909999999996	0.900000000000091	trials	89	s089_J210528	grCe_grSu6CiNe	15	225.0	3	3152.191	3152.491
3152.5	0.900000000000091	trials	89	s089_J210528	grSu6CiNe	14		3	3152.8	3153.099
3157.426	0.900000000000091	trials	89	s089_J210528	grCe_grSu6CiNe_PS	19	180.0	3	3157.726	3158.025
3158.0339999999997	0.900000000000091	trials	89	s089_J210528	grCe_grSu1Ne	3	135.0	3	3158.334	3158.633
3158.642	0.900000000000091	trials	89	s089_J210528	grCe_grSu6Ne_PS	18	225.0	3	3158.942	3159.242
3166.8019999999997	0.900000000000091	trials	89	s089_J210528	grCe_grSu12SmCiNe_PS	21	315.0	3	3167.102	3167.401
3167.41	0.900000000000091	trials	89	s089_J210528	grCe_grSu6Ne_PS	18	45.0	3	3167.71	3168.01
3168.019	0.900000000000091	trials	89	s089_J210528	coSu6Ne	20		3	3168.319	3168.618
3172.928	0.900000000000091	trials	89	s089_J210528	grCe_grSu12Mi	9	315.0	3	3173.228	3173.527
3179.6029999999996	0.900000000000091	trials	89	s089_J210528	grCe_grSu12SmCiNe_PS	21	180.0	3	3179.903	3180.203
3180.212	0.900000000000091	trials	89	s089_J210528	grCe_grSu12SmCiNe_PS	21	270.0	3	3180.512	3180.811
3180.8199999999997	0.900000000000091	trials	89	s089_J210528	grCe_grSu12SmCiNe	13	315.0	3	3181.12	3181.42
3189.68	0.900000000000091	trials	89	s089_J210528	grCe_grSu6Ne	7	135.0	3	3189.98	3190.279
3190.296	0.900000000000091	trials	89	s089_J210528	grCe_grSu18Fa	11	315.0	3	3190.596	3190.896
3190.9049999999997	0.900000000000091	trials	89	s089_J210528	grSu1Ne	2		3	3191.205	3191.504
3195.8219999999997	0.900000000000091	trials	89	s089_J210528	grCe	1	180.0	3	3196.122	3196.422
3196.431	0.900000000000091	trials	89	s089_J210528	grCe_grSu12SmCiNe_PS	21	45.0	3	3196.731	3197.03
3197.0389999999998	0.900000000000091	trials	89	s089_J210528	grCe_grSu1Ne	3	0.0	3	3197.339	3197.639
3201.9559999999997	0.900000000000091	trials	89	s089_J210528	grCe	1	225.0	3	3202.256	3202.556
3202.7149999999997	0.900000000000091	trials	89	s089_J210528	grCe_grSu6Ne_PS	18	180.0	3	3203.015	3203.314
3203.3309999999997	0.900000000000091	trials	89	s089_J210528	grSu18Fa	10		3	3203.631	3203.931
3208.2569999999996	0.900000000000091	trials	89	s089_J210528	coCe_grSu6Ne	17	180.0	3	3208.557	3208.857
3208.857	0.900000000000091	trials	89	s089_J210528	grCe_grSu6CiNe_PS	19	315.0	3	3209.157	3209.457
3214.366	0.900000000000091	trials	89	s089_J210528	grCe_grSu12SmCiNe	13	0.0	3	3214.666	3214.966
3215.5829999999996	0.900000000000091	trials	89	s089_J210528	grCe_grSu12SmCiNe	13	225.0	3	3215.883	3216.183
3230.868	0.900000000000091	trials	89	s089_J210528	grCe_grSu1Ne	3	270.0	3	3231.168	3231.468
3231.477	0.900000000000091	trials	89	s089_J210528	grCe_grSu3Ne	5	90.0	3	3231.777	3232.076
3232.0769999999998	0.900000000000091	trials	89	s089_J210528	grCe_grSu6Ne_PS	18	135.0	3	3232.377	3232.676
3237.027	0.900000000000091	trials	89	s089_J210528	grCe_grSu6CiNe_PS	19	135.0	3	3237.327	3237.627
3237.636	0.900000000000091	trials	89	s089_J210528	grCe_grSu12Mi	9	0.0	3	3237.936	3238.235
3238.236	0.900000000000091	trials	89	s089_J210528	coCe	16	45.0	3	3238.536	3238.836
3243.645	0.900000000000091	trials	89	s089_J210528	grCe	1	270.0	3	3243.945	3244.245
3244.245	0.900000000000091	trials	89	s089_J210528	NoStim	0		3	3244.545	3244.845
3244.8619999999996	0.900000000000091	trials	89	s089_J210528	grCe_grSu18Fa	11	270.0	3	3245.162	3245.461
3250.8709999999996	0.900000000000091	trials	89	s089_J210528	grCe	1	315.0	3	3251.171	3251.471
3251.479	0.900000000000091	trials	89	s089_J210528	grCe_grSu12SmCiNe_PS	21	135.0	3	3251.779	3252.079
3252.0789999999997	0.900000000000091	trials	89	s089_J210528	coCe	16	180.0	3	3252.379	3252.679
3260.397	0.900000000000091	trials	89	s089_J210528	grCe_grSu6CiNe_PS	19	90.0	3	3260.697	3260.997
3261.0139999999997	0.900000000000091	trials	89	s089_J210528	grCe_grSu12Mi	9	270.0	3	3261.314	3261.613
3266.548	0.900000000000091	trials	89	s089_J210528	grCe_grSu6Ne_PS	18	315.0	3	3266.848	3267.148
3267.1899999999996	0.900000000000091	trials	89	s089_J210528	grCe_grSu6CiNe	15	45.0	3	3267.49	3267.789
3267.806	0.900000000000091	trials	89	s089_J210528	grCe_grSu18Fa	11	0.0	3	3268.106	3268.406
3272.807	0.900000000000091	trials	89	s089_J210528	coCe_grSu6Ne	17	315.0	3	3273.107	3273.407
3273.4159999999997	0.900000000000091	trials	89	s089_J210528	grCe_grSu6CiNe	15	0.0	3	3273.716	3274.015
3282.133	0.900000000000091	trials	89	s089_J210528	grCe_grSu6CiNe	15	315.0	3	3282.433	3282.733
3282.7329999999997	0.900000000000091	trials	89	s089_J210528	grCe_grSu6CiNe_PS	19	0.0	3	3283.033	3283.333
3283.3419999999996	0.900000000000091	trials	89	s089_J210528	grCe_grSu6CiNe	15	135.0	3	3283.642	3283.941
3288.401	0.900000000000091	trials	89	s089_J210528	coCe	16	225.0	3	3288.701	3289.0
3289.009	0.900000000000091	trials	89	s089_J210528	grCe_grSu6Ne_PS	18	90.0	3	3289.309	3289.609
3297.944	0.900000000000091	trials	89	s089_J210528	grCe_grSu6Ne	7	90.0	3	3298.244	3298.543
3299.1609999999996	0.900000000000091	trials	89	s089_J210528	grCe_grSu6Ne	7	315.0	3	3299.461	3299.76
3304.6859999999997	0.900000000000091	trials	89	s089_J210528	grSu12SmCiNe	12		3	3304.986	3305.286
3305.2949999999996	0.900000000000091	trials	89	s089_J210528	grCe_grSu12SmCiNe	13	45.0	3	3305.595	3305.894
3310.145	0.900000000000091	trials	89	s089_J210528	grCe_grSu18Fa	11	90.0	3	3310.445	3310.745
3310.754	0.900000000000091	trials	89	s089_J210528	grCe_grSu12SmCiNe	13	180.0	3	3311.054	3311.353
3311.354	0.900000000000091	trials	89	s089_J210528	coCe	16	0.0	3	3311.654	3311.953
3316.1209999999996	0.900000000000091	trials	89	s089_J210528	grCe_grSu12SmCiNe_PS	21	0.0	3	3316.421	3316.721
3316.729	0.900000000000091	trials	89	s089_J210528	grSu12Mi	8		3	3317.029	3317.329
3322.2889999999998	0.900000000000091	trials	89	s089_J210528	grCe_grSu12SmCiNe_PS	21	225.0	3	3322.589	3322.888
3322.897	0.900000000000091	trials	89	s089_J210528	grCe_grSu1Ne	3	90.0	3	3323.197	3323.497
3323.5049999999997	0.900000000000091	trials	89	s089_J210528	grCe_grSu6Ne	7	180.0	3	3323.805	3324.105
3331.8309999999997	0.900000000000091	trials	89	s089_J210528	coCe	16	270.0	3	3332.131	3332.431
3332.432	0.900000000000091	trials	89	s089_J210528	coCe	16	315.0	3	3332.732	3333.031
3333.0319999999997	0.900000000000091	trials	89	s089_J210528	coCe	16	135.0	3	3333.332	3333.631
3338.2909999999997	0.900000000000091	trials	89	s089_J210528	coCe	16	90.0	3	3338.591	3338.89
3338.899	0.900000000000091	trials	89	s089_J210528	grCe_grSu6Ne	7	45.0	3	3339.199	3339.499
3348.1839999999997	0.900000000000091	trials	89	s089_J210528	grCe_grSu1Ne	3	225.0	3	3348.484	3348.783
3352.234	0.900000000000091	trials	89	s089_J210528	grCe_grSu6Ne_PS	18	0.0	3	3352.534	3352.834
