onset	duration	nwb_table	ses_ID	ses_Name	cond_Name	cond_ID	target_rot	rep_num	pdOn	pdOff
28.468999999999998	0.9000000000000021	trials	43	s043_F200621	grCe_grSu12SmCiNe	13	0.0	8	28.769	29.068
33.194	0.8999999999999986	trials	43	s043_F200621	grCe_grSu3Ne	5	45.0	8	33.494	33.794
33.811	0.8999999999999986	trials	43	s043_F200621	grCe_grSu18Fa	11	225.0	8	34.111	34.411
37.562000000000005	0.8999999999999986	trials	43	s043_F200621	grCe_grSu6CiNe	15	135.0	8	37.862	38.161
38.187000000000005	0.8999999999999986	trials	43	s043_F200621	grCe_grSu12Mi	9	135.0	8	38.487	38.786
38.787000000000006	0.8999999999999986	trials	43	s043_F200621	grSu6CiNe	14		8	39.087	39.386
39.387	0.8999999999999986	trials	43	s043_F200621	grCe_grSu6Ne_PS	18	45.0	8	39.687	39.986
47.363	0.8999999999999986	trials	43	s043_F200621	coCe_grSu6Ne	17	270.0	8	47.663	47.963
47.996	0.8999999999999986	trials	43	s043_F200621	grCe_grSu12Mi	9	270.0	8	48.296	48.596
49.213	0.8999999999999986	trials	43	s043_F200621	grCe_grSu12Mi	9	225.0	8	49.513	49.813
49.821000000000005	0.8999999999999986	trials	43	s043_F200621	coCe_grSu6Ne	17	45.0	8	50.121	50.421
57.047000000000004	0.8999999999999986	trials	43	s043_F200621	grCe_grSu6CiNe_PS	19	90.0	8	57.347	57.647
57.689	0.8999999999999986	trials	43	s043_F200621	grCe_grSu6Ne_PS	18	315.0	8	57.989	58.289
58.289	0.8999999999999986	trials	43	s043_F200621	grCe	1	90.0	8	58.589	58.889
59.506	0.8999999999999986	trials	43	s043_F200621	grCe_grSu12SmCiNe	13	180.0	8	59.806	60.106
66.61500000000001	0.8999999999999915	trials	43	s043_F200621	grCe_grSu12SmCiNe	13	135.0	8	66.915	67.215
67.224	0.8999999999999915	trials	43	s043_F200621	grCe_grSu12SmCiNe	13	45.0	8	67.524	67.823
67.83200000000001	0.8999999999999915	trials	43	s043_F200621	grCe_grSu1Ne	3	180.0	8	68.132	68.432
72.24900000000001	0.8999999999999915	trials	43	s043_F200621	grCe_grSu6Ne	7	135.0	8	72.549	72.849
72.858	0.8999999999999915	trials	43	s043_F200621	grCe_grSu12Mi	9	315.0	8	73.158	73.457
73.47500000000001	0.8999999999999915	trials	43	s043_F200621	grCe_grSu18Fa	11	315.0	8	73.775	74.074
74.108	0.8999999999999915	trials	43	s043_F200621	grCe_grSu12SmCiNe	13	225.0	8	74.408	74.708
74.71600000000001	0.8999999999999915	trials	43	s043_F200621	grCe_grSu6Ne	7	0.0	8	75.016	75.316
81.967	0.8999999999999915	trials	43	s043_F200621	coCe_grSu6Ne	17	135.0	8	82.267	82.567
82.592	0.8999999999999915	trials	43	s043_F200621	grCe_grSu12Mi	9	45.0	8	82.892	83.192
83.209	0.8999999999999915	trials	43	s043_F200621	grCe_grSu12SmCiNe_PS	21	0.0	8	83.509	83.809
83.809	0.8999999999999915	trials	43	s043_F200621	coCe	16	45.0	8	84.109	84.409
84.409	0.8999999999999915	trials	43	s043_F200621	grCe	1	0.0	8	84.709	85.009
94.444	0.8999999999999915	trials	43	s043_F200621	grCe_grSu12Mi	9	90.0	8	94.744	95.044
95.077	0.8999999999999915	trials	43	s043_F200621	coSu6Ne	20		8	95.377	95.677
99.22	0.8999999999999915	trials	43	s043_F200621	grCe_grSu3Ne	5	180.0	8	99.52	99.819
99.828	0.8999999999999915	trials	43	s043_F200621	grCe_grSu6Ne	7	270.0	8	100.128	100.428
100.428	0.8999999999999915	trials	43	s043_F200621	grCe_grSu6CiNe_PS	19	45.0	8	100.728	101.028
101.028	0.8999999999999915	trials	43	s043_F200621	grCe_grSu6CiNe_PS	19	315.0	8	101.328	101.653
101.653	0.8999999999999915	trials	43	s043_F200621	grCe_grSu6CiNe_PS	19	180.0	8	101.953	102.253
109.162	0.8999999999999915	trials	43	s043_F200621	coCe_grSu6Ne	17	180.0	8	109.462	109.762
109.804	0.8999999999999915	trials	43	s043_F200621	grCe_grSu6Ne	7	315.0	8	110.104	110.404
110.513	0.8999999999999915	trials	43	s043_F200621	coCe	16	0.0	8	110.813	111.112
111.729	0.8999999999999915	trials	43	s043_F200621	coCe	16	90.0	8	112.029	112.329
118.93900000000001	0.8999999999999915	trials	43	s043_F200621	grCe_grSu6Ne	7	45.0	8	119.239	119.538
119.539	0.8999999999999915	trials	43	s043_F200621	grCe_grSu12SmCiNe_PS	21	135.0	8	119.839	120.139
120.147	0.8999999999999915	trials	43	s043_F200621	coCe_grSu6Ne	17	225.0	8	120.447	120.747
120.756	0.8999999999999915	trials	43	s043_F200621	grCe_grSu12Mi	9	0.0	8	121.056	121.355
128.47299999999998	0.9000000000000057	trials	43	s043_F200621	grCe_grSu6CiNe	15	90.0	8	128.773	129.073
129.107	0.9000000000000057	trials	43	s043_F200621	grCe_grSu18Fa	11	270.0	8	129.407	129.706
129.707	0.9000000000000057	trials	43	s043_F200621	grCe	1	135.0	8	130.007	130.306
130.957	0.9000000000000057	trials	43	s043_F200621	grCe_grSu6CiNe	15	45.0	8	131.257	131.557
138.09099999999998	0.9000000000000057	trials	43	s043_F200621	NoStim	0		8	138.391	138.691
138.691	0.9000000000000057	trials	43	s043_F200621	coCe	16	315.0	8	138.991	139.291
145.992	0.9000000000000057	trials	43	s043_F200621	grCe_grSu18Fa	11	90.0	8	146.292	146.592
146.601	0.9000000000000057	trials	43	s043_F200621	grSu1Ne	2		8	146.901	147.2
147.201	0.9000000000000057	trials	43	s043_F200621	grSu3Ne	4		8	147.501	147.8
147.809	0.9000000000000057	trials	43	s043_F200621	grCe_grSu6CiNe_PS	19	0.0	8	148.109	148.409
155.018	0.9000000000000057	trials	43	s043_F200621	grCe_grSu3Ne	5	0.0	8	155.318	155.618
155.618	0.9000000000000057	trials	43	s043_F200621	grCe_grSu6Ne_PS	18	180.0	8	155.918	156.218
156.22699999999998	0.9000000000000057	trials	43	s043_F200621	grCe_grSu3Ne	5	315.0	8	156.527	156.827
156.844	0.9000000000000057	trials	43	s043_F200621	grCe_grSu18Fa	11	0.0	8	157.144	157.443
157.452	0.9000000000000057	trials	43	s043_F200621	grCe_grSu1Ne	3	0.0	8	157.752	158.052
165.71099999999998	0.9000000000000057	trials	43	s043_F200621	grCe_grSu1Ne	3	45.0	8	166.011	166.311
166.32799999999997	0.9000000000000057	trials	43	s043_F200621	grCe_grSu18Fa	11	135.0	8	166.628	166.928
166.93699999999998	0.9000000000000057	trials	43	s043_F200621	grCe_grSu3Ne	5	270.0	8	167.237	167.536
174.404	0.9000000000000057	trials	43	s043_F200621	grCe	1	180.0	8	174.704	175.004
175.004	0.9000000000000057	trials	43	s043_F200621	grCe_grSu12SmCiNe_PS	21	270.0	8	175.304	175.604
175.613	0.9000000000000057	trials	43	s043_F200621	grCe	1	225.0	8	175.913	176.212
176.22099999999998	0.9000000000000057	trials	43	s043_F200621	coCe_grSu6Ne	17	90.0	8	176.521	176.821
184.15599999999998	0.9000000000000057	trials	43	s043_F200621	grCe_grSu6CiNe	15	270.0	8	184.456	184.755
185.37199999999999	0.9000000000000057	trials	43	s043_F200621	grSu12Mi	8		8	185.672	185.972
185.981	0.9000000000000057	trials	43	s043_F200621	grCe_grSu1Ne	3	135.0	8	186.281	186.58
186.581	0.9000000000000057	trials	43	s043_F200621	coCe	16	270.0	8	186.881	187.18
193.682	0.9000000000000057	trials	43	s043_F200621	grCe_grSu1Ne	3	90.0	8	193.982	194.281
194.307	0.9000000000000057	trials	43	s043_F200621	grCe	1	270.0	8	194.607	194.907
198.274	0.9000000000000057	trials	43	s043_F200621	grCe_grSu1Ne	3	225.0	8	198.574	198.874
198.874	0.9000000000000057	trials	43	s043_F200621	grCe_grSu6CiNe_PS	19	225.0	8	199.174	199.474
199.482	0.9000000000000057	trials	43	s043_F200621	grCe_grSu6CiNe	15	315.0	8	199.782	200.082
200.09099999999998	0.9000000000000057	trials	43	s043_F200621	grCe_grSu6Ne	7	90.0	8	200.391	200.691
200.691	0.9000000000000057	trials	43	s043_F200621	grCe_grSu12SmCiNe_PS	21	45.0	8	200.991	201.291
211.892	0.9000000000000057	trials	43	s043_F200621	coCe	16	135.0	8	212.192	212.492
223.00199999999998	0.9000000000000057	trials	43	s043_F200621	grCe_grSu1Ne	3	315.0	8	223.302	223.602
223.611	0.9000000000000057	trials	43	s043_F200621	grCe_grSu6CiNe_PS	19	135.0	8	223.911	224.21
224.236	0.9000000000000057	trials	43	s043_F200621	grCe_grSu12SmCiNe_PS	21	90.0	8	224.536	224.835
224.844	0.9000000000000057	trials	43	s043_F200621	grCe_grSu12Mi	9	180.0	8	225.144	225.444
236.421	0.9000000000000057	trials	43	s043_F200621	grCe_grSu6Ne_PS	18	0.0	8	236.721	237.02
237.654	0.9000000000000057	trials	43	s043_F200621	grCe_grSu1Ne	3	270.0	8	237.954	238.254
244.738	0.9000000000000057	trials	43	s043_F200621	grCe_grSu6Ne_PS	18	135.0	8	245.038	245.338
245.355	0.9000000000000057	trials	43	s043_F200621	grCe	1	45.0	8	245.655	245.955
245.963	0.9000000000000057	trials	43	s043_F200621	grCe_grSu6Ne	7	180.0	8	246.263	246.563
247.23	0.9000000000000057	trials	43	s043_F200621	grCe_grSu18Fa	11	45.0	8	247.53	247.83
254.19	0.9000000000000057	trials	43	s043_F200621	grCe_grSu6CiNe	15	0.0	8	254.49	254.789
254.798	0.9000000000000057	trials	43	s043_F200621	grCe_grSu6Ne_PS	18	225.0	8	255.098	255.398
255.40599999999998	0.9000000000000057	trials	43	s043_F200621	grCe_grSu12SmCiNe	13	90.0	8	255.706	256.006
256.015	0.9000000000000341	trials	43	s043_F200621	grCe_grSu3Ne	5	90.0	8	256.315	256.614
256.615	0.9000000000000341	trials	43	s043_F200621	grCe	1	315.0	8	256.915	257.215
263.474	0.9000000000000341	trials	43	s043_F200621	grCe_grSu6CiNe_PS	19	270.0	8	263.774	264.074
264.08299999999997	0.9000000000000341	trials	43	s043_F200621	coCe_grSu6Ne	17	0.0	8	264.383	264.682
264.691	0.9000000000000341	trials	43	s043_F200621	grCe_grSu12SmCiNe_PS	21	225.0	8	264.991	265.291
268.341	0.9000000000000341	trials	43	s043_F200621	grCe_grSu12SmCiNe_PS	21	180.0	8	268.641	268.941
268.941	0.9000000000000341	trials	43	s043_F200621	coCe	16	225.0	8	269.241	269.541
269.55	0.9000000000000341	trials	43	s043_F200621	grSu12SmCiNe	12		8	269.85	270.15
278.943	0.9000000000000341	trials	43	s043_F200621	coCe	16	180.0	8	279.243	279.542
279.59299999999996	0.9000000000000341	trials	43	s043_F200621	grCe_grSu6CiNe	15	225.0	8	279.893	280.193
280.20099999999996	0.9000000000000341	trials	43	s043_F200621	grCe_grSu12SmCiNe	13	315.0	8	280.501	280.801
287.786	0.9000000000000341	trials	43	s043_F200621	grCe_grSu12SmCiNe_PS	21	315.0	8	288.086	288.385
288.394	0.9000000000000341	trials	43	s043_F200621	coCe_grSu6Ne	17	315.0	8	288.694	288.994
289.002	0.9000000000000341	trials	43	s043_F200621	grCe_grSu3Ne	5	225.0	8	289.302	289.602
289.611	0.9000000000000341	trials	43	s043_F200621	grCe_grSu3Ne	5	135.0	8	289.911	290.21
296.687	0.9000000000000341	trials	43	s043_F200621	grCe_grSu6Ne_PS	18	90.0	8	296.987	297.286
297.303	0.9000000000000341	trials	43	s043_F200621	grSu18Fa	10		8	297.603	297.903
297.92	0.9000000000000341	trials	43	s043_F200621	grCe_grSu18Fa	11	180.0	8	298.22	298.52
298.529	0.9000000000000341	trials	43	s043_F200621	grCe_grSu6CiNe	15	180.0	8	298.829	299.128
306.163	0.9000000000000341	trials	43	s043_F200621	grCe_grSu6Ne	7	225.0	8	306.463	306.763
310.388	0.9000000000000341	trials	43	s043_F200621	grSu6Ne	6		8	310.688	310.988
310.989	0.9000000000000341	trials	43	s043_F200621	grCe_grSu6Ne_PS	18	270.0	8	311.289	311.588
311.597	0.9000000000000341	trials	43	s043_F200621	grCe_grSu12SmCiNe	13	270.0	8	311.897	312.197
319.765	0.9000000000000341	trials	43	s043_F200621	grCe_grSu12SmCiNe_PS	21	45.0	5	320.065	320.364
320.373	0.9000000000000341	trials	43	s043_F200621	grCe_grSu1Ne	3	180.0	5	320.673	320.973
320.98199999999997	0.9000000000000341	trials	43	s043_F200621	grCe_grSu3Ne	5	135.0	5	321.282	321.581
321.582	0.9000000000000341	trials	43	s043_F200621	coSu6Ne	20		5	321.882	322.181
336.84999999999997	0.9000000000000341	trials	43	s043_F200621	grCe_grSu12Mi	9	315.0	5	337.15	337.45
337.47499999999997	0.9000000000000341	trials	43	s043_F200621	grCe_grSu6Ne	7	180.0	5	337.775	338.075
338.7	0.9000000000000341	trials	43	s043_F200621	grCe_grSu6Ne_PS	18	270.0	5	339.0	339.3
339.30899999999997	0.9000000000000341	trials	43	s043_F200621	grCe_grSu6Ne	7	270.0	5	339.609	339.909
346.28499999999997	0.9000000000000341	trials	43	s043_F200621	coCe_grSu6Ne	17	135.0	5	346.585	346.884
346.885	0.9000000000000341	trials	43	s043_F200621	grCe_grSu6CiNe_PS	19	45.0	5	347.185	347.485
347.493	0.9000000000000341	trials	43	s043_F200621	grSu1Ne	2		5	347.793	348.093
348.09299999999996	0.9000000000000341	trials	43	s043_F200621	grCe_grSu6Ne_PS	18	225.0	5	348.393	348.693
348.71	0.9000000000000341	trials	43	s043_F200621	grCe_grSu3Ne	5	0.0	5	349.01	349.31
355.661	0.9000000000000341	trials	43	s043_F200621	coCe	16	270.0	5	355.961	356.261
357.52799999999996	0.9000000000000341	trials	43	s043_F200621	grCe_grSu6CiNe	15	315.0	5	357.828	358.128
365.346	0.9000000000000341	trials	43	s043_F200621	grCe_grSu12Mi	9	0.0	5	365.646	365.945
365.954	0.9000000000000341	trials	43	s043_F200621	grCe_grSu6Ne	7	135.0	5	366.254	366.554
366.554	0.9000000000000341	trials	43	s043_F200621	grCe_grSu6CiNe_PS	19	225.0	5	366.854	367.154
367.154	0.9000000000000341	trials	43	s043_F200621	grCe_grSu6CiNe_PS	19	270.0	5	367.454	367.754
367.763	0.9000000000000341	trials	43	s043_F200621	coCe_grSu6Ne	17	270.0	5	368.063	368.362
374.638	0.9000000000000341	trials	43	s043_F200621	grCe_grSu3Ne	5	225.0	5	374.938	375.238
375.339	0.9000000000000341	trials	43	s043_F200621	grCe_grSu12Mi	9	180.0	5	375.639	375.938
375.955	0.9000000000000341	trials	43	s043_F200621	grCe_grSu1Ne	3	315.0	5	376.255	376.555
376.58	0.9000000000000341	trials	43	s043_F200621	grCe_grSu6CiNe_PS	19	180.0	5	376.88	377.18
384.306	0.9000000000000341	trials	43	s043_F200621	coCe_grSu6Ne	17	0.0	5	384.606	384.906
385.53999999999996	0.9000000000000341	trials	43	s043_F200621	grCe_grSu1Ne	3	225.0	5	385.84	386.14
386.14	0.9000000000000341	trials	43	s043_F200621	grCe_grSu12SmCiNe_PS	21	0.0	5	386.44	386.74
386.748	0.9000000000000341	trials	43	s043_F200621	coCe	16	225.0	5	387.048	387.348
393.62399999999997	0.9000000000000341	trials	43	s043_F200621	grCe_grSu18Fa	11	270.0	5	393.924	394.224
394.224	0.9000000000000341	trials	43	s043_F200621	coCe	16	90.0	5	394.524	394.824
394.866	0.9000000000000341	trials	43	s043_F200621	grCe_grSu12SmCiNe_PS	21	135.0	5	395.166	395.466
395.474	0.9000000000000341	trials	43	s043_F200621	grCe_grSu6CiNe	15	270.0	5	395.774	396.074
396.091	0.9000000000000341	trials	43	s043_F200621	grCe_grSu18Fa	11	135.0	5	396.391	396.691
407.126	0.9000000000000341	trials	43	s043_F200621	grCe_grSu3Ne	5	270.0	5	407.426	407.726
408.359	0.9000000000000341	trials	43	s043_F200621	grCe_grSu6CiNe	15	45.0	5	408.659	408.959
408.993	0.9000000000000341	trials	43	s043_F200621	grCe_grSu12SmCiNe	13	0.0	5	409.293	409.593
416.077	0.9000000000000341	trials	43	s043_F200621	grSu6Ne	6		5	416.377	416.677
416.686	0.9000000000000341	trials	43	s043_F200621	coCe_grSu6Ne	17	45.0	5	416.986	417.285
417.294	0.9000000000000341	trials	43	s043_F200621	grCe_grSu6CiNe_PS	19	315.0	5	417.594	417.894
421.36899999999997	0.9000000000000341	trials	43	s043_F200621	grCe_grSu6CiNe	15	0.0	5	421.669	421.969
422.586	0.9000000000000341	trials	43	s043_F200621	grCe_grSu3Ne	5	315.0	5	422.886	423.186
423.195	0.9000000000000341	trials	43	s043_F200621	grCe_grSu1Ne	3	270.0	5	423.495	423.794
423.803	0.9000000000000341	trials	43	s043_F200621	grCe_grSu3Ne	5	180.0	5	424.103	424.403
430.979	0.9000000000000341	trials	43	s043_F200621	NoStim	0		5	431.279	431.579
431.579	0.9000000000000341	trials	43	s043_F200621	coCe	16	135.0	5	431.879	432.179
432.796	0.9000000000000341	trials	43	s043_F200621	grCe_grSu12SmCiNe_PS	21	90.0	5	433.096	433.396
433.404	0.9000000000000341	trials	43	s043_F200621	grCe_grSu12Mi	9	225.0	5	433.704	434.004
440.955	0.9000000000000341	trials	43	s043_F200621	grCe_grSu6CiNe_PS	19	90.0	5	441.255	441.555
441.597	0.9000000000000341	trials	43	s043_F200621	grCe_grSu6CiNe_PS	19	135.0	5	441.897	442.197
442.20599999999996	0.9000000000000341	trials	43	s043_F200621	grCe_grSu6Ne	7	225.0	5	442.506	442.805
449.923	0.9000000000000341	trials	43	s043_F200621	grCe_grSu6Ne_PS	18	45.0	5	450.223	450.523
450.532	0.9000000000000341	trials	43	s043_F200621	grCe_grSu6Ne	7	0.0	5	450.832	451.131
451.173	0.9000000000000341	trials	43	s043_F200621	coCe_grSu6Ne	17	180.0	5	451.473	451.773
451.782	0.9000000000000341	trials	43	s043_F200621	grCe_grSu6Ne	7	45.0	5	452.082	452.381
452.39	0.9000000000000341	trials	43	s043_F200621	grCe_grSu12SmCiNe	13	90.0	5	452.69	452.99
460.175	0.9000000000000341	trials	43	s043_F200621	grCe_grSu1Ne	3	0.0	5	460.475	460.774
460.825	0.9000000000000341	trials	43	s043_F200621	coCe_grSu6Ne	17	315.0	5	461.125	461.424
461.433	0.9000000000000341	trials	43	s043_F200621	grCe_grSu12SmCiNe_PS	21	225.0	5	461.733	462.033
484.311	0.9000000000000341	trials	43	s043_F200621	grCe_grSu12SmCiNe	13	315.0	5	484.611	484.911
484.928	0.9000000000000341	trials	43	s043_F200621	grCe_grSu18Fa	11	180.0	5	485.228	485.527
485.536	0.9000000000000341	trials	43	s043_F200621	grCe_grSu12Mi	9	270.0	5	485.836	486.136
486.13599999999997	0.9000000000000341	trials	43	s043_F200621	coCe	16	180.0	5	486.436	486.736
486.753	0.9000000000000341	trials	43	s043_F200621	coCe	16	0.0	5	487.053	487.353
499.08	0.9000000000000341	trials	43	s043_F200621	grCe_grSu6Ne	7	90.0	5	499.38	499.679
499.705	0.9000000000000341	trials	43	s043_F200621	grCe_grSu12SmCiNe	13	225.0	5	500.005	500.304
500.313	0.9000000000000341	trials	43	s043_F200621	grCe_grSu12SmCiNe	13	180.0	5	500.613	500.913
501.563	0.9000000000000341	trials	43	s043_F200621	grCe_grSu18Fa	11	0.0	5	501.863	502.163
508.772	0.9000000000000341	trials	43	s043_F200621	grCe_grSu12Mi	9	45.0	5	509.072	509.372
509.389	0.9000000000000341	trials	43	s043_F200621	grCe_grSu18Fa	11	90.0	5	509.689	509.989
510.614	0.9000000000000341	trials	43	s043_F200621	grCe_grSu12Mi	9	135.0	5	510.914	511.214
511.223	0.9000000000000341	trials	43	s043_F200621	grCe_grSu3Ne	5	45.0	5	511.523	511.822
518.274	0.8999999999999773	trials	43	s043_F200621	grCe	1	315.0	5	518.574	518.873
519.4910000000001	0.8999999999999773	trials	43	s043_F200621	grCe_grSu3Ne	5	90.0	5	519.791	520.09
520.091	0.8999999999999773	trials	43	s043_F200621	coCe	16	315.0	5	520.391	520.69
520.6990000000001	0.8999999999999773	trials	43	s043_F200621	grCe_grSu12Mi	9	90.0	5	520.999	521.299
527.85	0.8999999999999773	trials	43	s043_F200621	coCe	16	45.0	5	528.15	528.45
529.0920000000001	0.8999999999999773	trials	43	s043_F200621	grCe	1	180.0	5	529.392	529.691
529.692	0.8999999999999773	trials	43	s043_F200621	grCe_grSu6Ne_PS	18	0.0	5	529.992	530.292
530.292	0.8999999999999773	trials	43	s043_F200621	grSu12SmCiNe	12		5	530.592	530.892
537.426	0.8999999999999773	trials	43	s043_F200621	grCe_grSu12SmCiNe_PS	21	180.0	5	537.726	538.026
538.0680000000001	0.8999999999999773	trials	43	s043_F200621	grCe_grSu6CiNe_PS	19	0.0	5	538.368	538.668
538.7180000000001	0.8999999999999773	trials	43	s043_F200621	grCe_grSu6Ne	7	315.0	5	539.018	539.318
542.4680000000001	0.8999999999999773	trials	43	s043_F200621	grCe_grSu1Ne	3	90.0	5	542.768	543.068
543.085	0.8999999999999773	trials	43	s043_F200621	grCe_grSu18Fa	11	45.0	5	543.385	543.685
543.6940000000001	0.8999999999999773	trials	43	s043_F200621	grCe_grSu1Ne	3	135.0	5	543.994	544.293
544.302	0.8999999999999773	trials	43	s043_F200621	grCe_grSu1Ne	3	45.0	5	544.602	544.902
544.902	0.8999999999999773	trials	43	s043_F200621	grCe_grSu12SmCiNe_PS	21	315.0	5	545.202	545.502
551.8860000000001	0.8999999999999773	trials	43	s043_F200621	grCe_grSu12SmCiNe	13	135.0	5	552.186	552.486
552.495	0.8999999999999773	trials	43	s043_F200621	grCe_grSu12SmCiNe	13	270.0	5	552.795	553.094
553.095	0.8999999999999773	trials	43	s043_F200621	grCe	1	90.0	5	553.395	553.695
553.7030000000001	0.8999999999999773	trials	43	s043_F200621	grSu12Mi	8		5	554.003	554.303
554.312	0.8999999999999773	trials	43	s043_F200621	grCe_grSu6Ne_PS	18	180.0	5	554.612	554.911
561.346	0.8999999999999773	trials	43	s043_F200621	grSu18Fa	10		5	561.646	561.946
562.5540000000001	0.8999999999999773	trials	43	s043_F200621	grCe_grSu6Ne_PS	18	90.0	5	562.854	563.154
563.154	0.8999999999999773	trials	43	s043_F200621	grCe	1	270.0	5	563.454	563.754
563.788	0.8999999999999773	trials	43	s043_F200621	grCe	1	225.0	5	564.088	564.388
578.99	0.8999999999999773	trials	43	s043_F200621	coCe_grSu6Ne	17	225.0	5	579.29	579.59
579.59	0.8999999999999773	trials	43	s043_F200621	grCe	1	45.0	5	579.89	580.19
580.2650000000001	0.8999999999999773	trials	43	s043_F200621	grCe_grSu6CiNe	15	135.0	5	580.565	580.865
588.691	0.8999999999999773	trials	43	s043_F200621	grCe	1	0.0	5	588.991	589.291
589.3000000000001	0.8999999999999773	trials	43	s043_F200621	grCe_grSu6CiNe	15	90.0	5	589.6	589.899
589.933	0.8999999999999773	trials	43	s043_F200621	grCe_grSu12SmCiNe	13	45.0	5	590.233	590.533
590.541	0.8999999999999773	trials	43	s043_F200621	coCe_grSu6Ne	17	90.0	5	590.841	591.141
598.2760000000001	0.8999999999999773	trials	43	s043_F200621	grCe_grSu6Ne_PS	18	135.0	5	598.576	598.875
598.884	0.8999999999999773	trials	43	s043_F200621	grSu6CiNe	14		5	599.184	599.484
600.759	0.8999999999999773	trials	43	s043_F200621	grCe_grSu6Ne_PS	18	315.0	5	601.059	601.359
607.777	0.8999999999999773	trials	43	s043_F200621	grCe_grSu6CiNe	15	225.0	5	608.077	608.377
608.385	0.8999999999999773	trials	43	s043_F200621	grSu3Ne	4		5	608.685	608.985
612.244	0.8999999999999773	trials	43	s043_F200621	grCe_grSu18Fa	11	225.0	5	612.544	612.844
612.861	0.8999999999999773	trials	43	s043_F200621	grCe_grSu6CiNe	15	180.0	5	613.161	613.461
613.494	0.8999999999999773	trials	43	s043_F200621	grCe_grSu12SmCiNe_PS	21	270.0	5	613.794	614.094
614.111	0.8999999999999773	trials	43	s043_F200621	grCe_grSu18Fa	11	315.0	5	614.411	614.711
614.711	0.8999999999999773	trials	43	s043_F200621	grCe	1	135.0	5	615.011	615.311
622.212	0.8999999999999773	trials	43	s043_F200621	grCe_grSu3Ne	5	0.0	4	622.512	622.812
622.8290000000001	0.8999999999999773	trials	43	s043_F200621	grCe_grSu18Fa	11	0.0	4	623.129	623.429
623.462	0.8999999999999773	trials	43	s043_F200621	grCe_grSu3Ne	5	45.0	4	623.762	624.062
624.087	0.8999999999999773	trials	43	s043_F200621	grCe_grSu6CiNe_PS	19	45.0	4	624.387	624.687
636.839	0.8999999999999773	trials	43	s043_F200621	coCe	16	45.0	4	637.139	637.439
637.447	0.8999999999999773	trials	43	s043_F200621	grCe_grSu6CiNe	15	90.0	4	637.747	638.047
638.673	0.8999999999999773	trials	43	s043_F200621	grCe_grSu6Ne	7	180.0	4	638.973	639.272
639.2810000000001	0.8999999999999773	trials	43	s043_F200621	grCe_grSu12Mi	9	45.0	4	639.581	639.881
646.957	0.8999999999999773	trials	43	s043_F200621	grCe_grSu6CiNe_PS	19	225.0	4	647.257	647.557
647.582	0.8999999999999773	trials	43	s043_F200621	coCe_grSu6Ne	17	225.0	4	647.882	648.182
648.791	0.8999999999999773	trials	43	s043_F200621	grCe_grSu6CiNe_PS	19	180.0	4	649.091	649.39
655.883	0.8999999999999773	trials	43	s043_F200621	grCe_grSu12SmCiNe_PS	21	0.0	4	656.183	656.483
656.4920000000001	0.8999999999999773	trials	43	s043_F200621	grCe_grSu6Ne_PS	18	270.0	4	656.792	657.091
657.0920000000001	0.8999999999999773	trials	43	s043_F200621	grCe_grSu12SmCiNe_PS	21	315.0	4	657.392	657.691
657.692	0.8999999999999773	trials	43	s043_F200621	grCe	1	270.0	4	657.992	658.291
658.3000000000001	0.8999999999999773	trials	43	s043_F200621	grCe_grSu1Ne	3	270.0	4	658.6	658.9
665.143	0.8999999999999773	trials	43	s043_F200621	coCe_grSu6Ne	17	270.0	4	665.443	665.742
666.409	0.8999999999999773	trials	43	s043_F200621	coCe_grSu6Ne	17	90.0	4	666.709	667.009
667.0350000000001	0.8999999999999773	trials	43	s043_F200621	grCe_grSu6Ne_PS	18	135.0	4	667.335	667.634
683.87	0.8999999999999773	trials	43	s043_F200621	grCe_grSu18Fa	11	315.0	4	684.17	684.47
684.495	0.8999999999999773	trials	43	s043_F200621	coCe	16	270.0	4	684.795	685.095
685.712	0.8999999999999773	trials	43	s043_F200621	grSu12Mi	8		4	686.012	686.312
693.2460000000001	0.8999999999999773	trials	43	s043_F200621	grCe_grSu12SmCiNe	13	270.0	4	693.546	693.846
693.855	0.8999999999999773	trials	43	s043_F200621	coCe_grSu6Ne	17	180.0	4	694.155	694.454
694.4630000000001	0.8999999999999773	trials	43	s043_F200621	grCe_grSu6Ne	7	45.0	4	694.763	695.063
695.08	0.8999999999999773	trials	43	s043_F200621	grCe_grSu6CiNe_PS	19	135.0	4	695.38	695.68
695.6880000000001	0.8999999999999773	trials	43	s043_F200621	grCe_grSu12SmCiNe	13	90.0	4	695.988	696.288
706.273	0.8999999999999773	trials	43	s043_F200621	grCe_grSu6Ne_PS	18	90.0	4	706.573	706.873
706.873	0.8999999999999773	trials	43	s043_F200621	grCe_grSu6Ne_PS	18	45.0	4	707.173	707.473
707.498	0.8999999999999773	trials	43	s043_F200621	grCe	1	315.0	4	707.798	708.098
716.966	0.8999999999999773	trials	43	s043_F200621	grCe_grSu6CiNe	15	225.0	4	717.266	717.566
718.8000000000001	0.8999999999999773	trials	43	s043_F200621	grCe	1	90.0	4	719.1	719.399
737.385	0.8999999999999773	trials	43	s043_F200621	grCe_grSu6Ne_PS	18	0.0	4	737.685	737.985
738.0020000000001	0.8999999999999773	trials	43	s043_F200621	grCe_grSu12Mi	9	180.0	4	738.302	738.602
738.61	0.8999999999999773	trials	43	s043_F200621	grCe_grSu12SmCiNe_PS	21	135.0	4	738.91	739.21
739.219	0.8999999999999773	trials	43	s043_F200621	grCe_grSu3Ne	5	315.0	4	739.519	739.819
739.827	0.8999999999999773	trials	43	s043_F200621	grCe_grSu6CiNe_PS	19	315.0	4	740.127	740.427
746.9200000000001	0.8999999999999773	trials	43	s043_F200621	grCe_grSu18Fa	11	180.0	4	747.22	747.52
750.412	0.8999999999999773	trials	43	s043_F200621	grCe_grSu6Ne	7	270.0	4	750.712	751.012
751.0200000000001	0.8999999999999773	trials	43	s043_F200621	grCe_grSu12SmCiNe_PS	21	225.0	4	751.32	751.62
751.629	0.8999999999999773	trials	43	s043_F200621	grCe_grSu12SmCiNe	13	135.0	4	751.929	752.229
752.2370000000001	0.8999999999999773	trials	43	s043_F200621	grCe_grSu12SmCiNe	13	315.0	4	752.537	752.837
752.846	0.8999999999999773	trials	43	s043_F200621	coCe_grSu6Ne	17	315.0	4	753.146	753.445
760.9300000000001	0.8999999999999773	trials	43	s043_F200621	grCe_grSu12Mi	9	135.0	4	761.23	761.53
761.538	0.8999999999999773	trials	43	s043_F200621	grCe_grSu6Ne_PS	18	225.0	4	761.838	762.138
762.139	0.8999999999999773	trials	43	s043_F200621	coCe	16	135.0	4	762.439	762.738
769.089	0.8999999999999773	trials	43	s043_F200621	grCe_grSu6Ne	7	90.0	4	769.389	769.689
769.6980000000001	0.8999999999999773	trials	43	s043_F200621	grCe_grSu3Ne	5	90.0	4	769.998	770.298
770.306	0.8999999999999773	trials	43	s043_F200621	grCe_grSu12SmCiNe	13	0.0	4	770.606	770.906
770.9060000000001	0.8999999999999773	trials	43	s043_F200621	coCe	16	225.0	4	771.206	771.506
771.5060000000001	0.8999999999999773	trials	43	s043_F200621	grSu3Ne	4		4	771.806	772.106
778.691	0.8999999999999773	trials	43	s043_F200621	grCe_grSu3Ne	5	270.0	4	778.991	779.29
779.307	0.8999999999999773	trials	43	s043_F200621	grCe_grSu12SmCiNe_PS	21	180.0	4	779.607	779.907
779.916	0.8999999999999773	trials	43	s043_F200621	grCe_grSu12SmCiNe_PS	21	45.0	4	780.216	780.515
780.558	0.8999999999999773	trials	43	s043_F200621	grCe_grSu6CiNe_PS	19	90.0	4	780.858	781.157
781.166	0.8999999999999773	trials	43	s043_F200621	grCe_grSu6CiNe_PS	19	0.0	4	781.466	781.766
788.75	0.8999999999999773	trials	43	s043_F200621	coCe	16	180.0	4	789.05	789.35
789.4000000000001	0.8999999999999773	trials	43	s043_F200621	coCe_grSu6Ne	17	45.0	4	789.7	790.0
790.009	0.8999999999999773	trials	43	s043_F200621	grCe_grSu1Ne	3	315.0	4	790.309	790.608
790.642	0.8999999999999773	trials	43	s043_F200621	NoStim	0		4	790.942	791.242
797.4430000000001	0.8999999999999773	trials	43	s043_F200621	grCe_grSu3Ne	5	135.0	4	797.743	798.043
798.051	0.8999999999999773	trials	43	s043_F200621	grCe_grSu3Ne	5	180.0	4	798.351	798.651
798.6850000000001	0.8999999999999773	trials	43	s043_F200621	grCe_grSu6CiNe	15	135.0	4	798.985	799.285
799.293	0.8999999999999773	trials	43	s043_F200621	grCe_grSu12Mi	9	315.0	4	799.593	799.893
799.902	0.8999999999999773	trials	43	s043_F200621	grCe_grSu6CiNe	15	315.0	4	800.202	800.501
807.144	0.8999999999999773	trials	43	s043_F200621	grCe_grSu6CiNe	15	270.0	4	807.444	807.744
808.3530000000001	0.8999999999999773	trials	43	s043_F200621	grSu1Ne	2		4	808.653	808.953
808.97	0.8999999999999773	trials	43	s043_F200621	grCe_grSu18Fa	11	90.0	4	809.27	809.569
809.6030000000001	0.8999999999999773	trials	43	s043_F200621	grCe_grSu12SmCiNe	13	225.0	4	809.903	810.203
817.8620000000001	0.8999999999999773	trials	43	s043_F200621	grCe_grSu12Mi	9	0.0	4	818.162	818.462
819.6790000000001	0.8999999999999773	trials	43	s043_F200621	coCe	16	0.0	4	819.979	820.279
820.3130000000001	0.8999999999999773	trials	43	s043_F200621	grCe_grSu12Mi	9	225.0	4	820.613	820.912
836.865	0.8999999999999773	trials	43	s043_F200621	grSu18Fa	10		4	837.165	837.465
837.4820000000001	0.8999999999999773	trials	43	s043_F200621	grCe_grSu18Fa	11	225.0	4	837.782	838.081
838.0980000000001	0.8999999999999773	trials	43	s043_F200621	grCe_grSu18Fa	11	135.0	4	838.398	838.698
839.315	0.8999999999999773	trials	43	s043_F200621	grCe_grSu12Mi	9	270.0	4	839.615	839.915
856.067	0.8999999999999773	trials	43	s043_F200621	grCe_grSu1Ne	3	0.0	4	856.367	856.667
856.667	0.8999999999999773	trials	43	s043_F200621	grCe	1	135.0	4	856.967	857.267
857.267	0.8999999999999773	trials	43	s043_F200621	grCe_grSu6Ne_PS	18	180.0	4	857.567	857.867
864.868	0.8999999999999773	trials	43	s043_F200621	grCe_grSu18Fa	11	45.0	4	865.168	865.468
865.4770000000001	0.8999999999999773	trials	43	s043_F200621	grSu12SmCiNe	12		4	865.777	866.077
866.085	0.8999999999999773	trials	43	s043_F200621	grCe_grSu6CiNe	15	0.0	4	866.385	866.685
866.6940000000001	0.8999999999999773	trials	43	s043_F200621	coCe_grSu6Ne	17	0.0	4	866.994	867.293
867.302	0.8999999999999773	trials	43	s043_F200621	grCe_grSu6CiNe	15	45.0	4	867.602	867.902
874.845	0.8999999999999773	trials	43	s043_F200621	coSu6Ne	20		4	875.145	875.444
875.4530000000001	0.8999999999999773	trials	43	s043_F200621	grCe_grSu6Ne	7	135.0	4	875.753	876.053
876.7030000000001	0.8999999999999773	trials	43	s043_F200621	grCe_grSu3Ne	5	225.0	4	877.003	877.303
877.312	0.8999999999999773	trials	43	s043_F200621	grCe_grSu6Ne	7	0.0	4	877.612	877.911
884.921	0.8999999999999773	trials	43	s043_F200621	grCe_grSu1Ne	3	45.0	4	885.221	885.521
885.529	0.8999999999999773	trials	43	s043_F200621	grCe_grSu6CiNe	15	180.0	4	885.829	886.129
886.738	0.8999999999999773	trials	43	s043_F200621	grCe	1	180.0	4	887.038	887.338
887.3380000000001	0.8999999999999773	trials	43	s043_F200621	coCe	16	315.0	4	887.638	887.938
894.514	0.8999999999999773	trials	43	s043_F200621	grCe_grSu12SmCiNe_PS	21	90.0	4	894.814	895.114
895.114	0.8999999999999773	trials	43	s043_F200621	grCe_grSu12SmCiNe_PS	21	270.0	4	895.414	895.714
895.7220000000001	0.8999999999999773	trials	43	s043_F200621	grCe_grSu12Mi	9	90.0	4	896.022	896.322
896.3480000000001	0.8999999999999773	trials	43	s043_F200621	grCe	1	45.0	4	896.648	896.947
896.964	0.8999999999999773	trials	43	s043_F200621	grSu6Ne	6		4	897.264	897.564
904.315	0.8999999999999773	trials	43	s043_F200621	grCe_grSu6Ne	7	225.0	4	904.615	904.915
908.599	0.8999999999999773	trials	43	s043_F200621	grCe	1	0.0	4	908.899	909.199
909.2080000000001	0.8999999999999773	trials	43	s043_F200621	grCe_grSu1Ne	3	90.0	4	909.508	909.807
909.808	0.8999999999999773	trials	43	s043_F200621	grCe_grSu6CiNe_PS	19	270.0	4	910.108	910.407
910.416	0.8999999999999773	trials	43	s043_F200621	grCe_grSu1Ne	3	180.0	4	910.716	911.016
911.0490000000001	0.8999999999999773	trials	43	s043_F200621	grCe_grSu12SmCiNe	13	45.0	4	911.349	911.649
918.817	0.8999999999999773	trials	43	s043_F200621	coCe_grSu6Ne	17	135.0	4	919.117	919.417
919.417	0.8999999999999773	trials	43	s043_F200621	grCe	1	225.0	4	919.717	920.017
924.226	0.8999999999999773	trials	43	s043_F200621	grCe_grSu18Fa	11	270.0	4	924.526	924.826
925.4430000000001	0.8999999999999773	trials	43	s043_F200621	grCe_grSu1Ne	3	135.0	4	925.743	926.043
926.668	0.8999999999999773	trials	43	s043_F200621	grCe_grSu1Ne	3	225.0	4	926.968	927.268
942.962	0.8999999999999773	trials	43	s043_F200621	grCe_grSu6Ne_PS	18	315.0	4	943.262	943.562
943.57	0.8999999999999773	trials	43	s043_F200621	grSu6CiNe	14		4	943.87	944.17
944.212	0.8999999999999773	trials	43	s043_F200621	coCe	16	90.0	4	944.512	944.812
947.988	0.8999999999999773	trials	43	s043_F200621	grCe_grSu12SmCiNe	13	180.0	4	948.288	948.587
949.2040000000001	0.8999999999999773	trials	43	s043_F200621	grCe_grSu6Ne	7	315.0	4	949.504	949.804
949.8040000000001	0.8999999999999773	trials	43	s043_F200621	grCe_grSu6Ne_PS	18	225.0	1	950.104	950.404
957.422	0.8999999999999773	trials	43	s043_F200621	grCe_grSu6Ne	7	90.0	1	957.722	958.022
958.6560000000001	0.8999999999999773	trials	43	s043_F200621	grCe_grSu6CiNe	15	315.0	1	958.956	959.255
959.264	0.8999999999999773	trials	43	s043_F200621	grCe_grSu12SmCiNe	13	225.0	1	959.564	959.864
959.864	0.8999999999999773	trials	43	s043_F200621	coCe	16	180.0	1	960.164	960.464
967.34	0.8999999999999773	trials	43	s043_F200621	grCe_grSu18Fa	11	270.0	1	967.64	967.94
967.94	0.8999999999999773	trials	43	s043_F200621	grCe_grSu12SmCiNe_PS	21	0.0	1	968.24	968.54
968.565	0.8999999999999773	trials	43	s043_F200621	coCe	16	270.0	1	968.865	969.165
977.1080000000001	0.8999999999999773	trials	43	s043_F200621	grCe_grSu12SmCiNe	13	135.0	1	977.408	977.708
977.725	0.8999999999999773	trials	43	s043_F200621	grCe_grSu12SmCiNe	13	315.0	1	978.025	978.324
984.692	0.8999999999999773	trials	43	s043_F200621	coCe_grSu6Ne	17	45.0	1	984.992	985.292
985.917	0.8999999999999773	trials	43	s043_F200621	grCe_grSu18Fa	11	225.0	1	986.217	986.517
986.5260000000001	0.8999999999999773	trials	43	s043_F200621	grCe_grSu3Ne	5	180.0	1	986.826	987.126
987.134	0.8999999999999773	trials	43	s043_F200621	grCe_grSu12Mi	9	90.0	1	987.434	987.734
994.969	0.8999999999999773	trials	43	s043_F200621	grCe_grSu6Ne_PS	18	0.0	1	995.269	995.568
995.577	0.8999999999999773	trials	43	s043_F200621	coCe_grSu6Ne	17	180.0	1	995.877	996.177
996.3770000000001	0.8999999999999773	trials	43	s043_F200621	grCe_grSu3Ne	5	135.0	1	996.677	996.977
997.0020000000001	0.8999999999999773	trials	43	s043_F200621	grCe_grSu1Ne	3	135.0	1	997.302	997.602
1004.6120000000001	0.8999999999999773	trials	43	s043_F200621	grCe_grSu12SmCiNe	13	180.0	1	1004.912	1005.211
1008.229	0.8999999999999773	trials	43	s043_F200621	grCe_grSu6CiNe	15	0.0	1	1008.529	1008.828
1008.837	0.8999999999999773	trials	43	s043_F200621	grCe_grSu12Mi	9	0.0	1	1009.137	1009.437
1009.445	0.8999999999999773	trials	43	s043_F200621	grCe_grSu12Mi	9	315.0	1	1009.745	1010.045
1010.096	0.8999999999999773	trials	43	s043_F200621	grCe_grSu18Fa	11	315.0	1	1010.396	1010.695
1010.721	0.8999999999999773	trials	43	s043_F200621	coCe	16	45.0	1	1011.021	1011.32
1017.88	0.8999999999999773	trials	43	s043_F200621	grCe_grSu1Ne	3	180.0	1	1018.18	1018.48
1019.0880000000001	0.8999999999999773	trials	43	s043_F200621	grCe	1	135.0	1	1019.388	1019.688
1019.697	0.8999999999999773	trials	43	s043_F200621	grCe_grSu6Ne	7	135.0	1	1019.997	1020.296
1020.33	0.8999999999999773	trials	43	s043_F200621	grSu3Ne	4		1	1020.63	1020.93
1028.856	0.8999999999998636	trials	43	s043_F200621	grCe_grSu12SmCiNe_PS	21	270.0	1	1029.156	1029.456
1029.506	0.8999999999998636	trials	43	s043_F200621	grCe_grSu1Ne	3	315.0	1	1029.806	1030.106
1033.124	0.8999999999998636	trials	43	s043_F200621	coCe_grSu6Ne	17	225.0	1	1033.424	1033.723
1034.3400000000001	0.8999999999998636	trials	43	s043_F200621	grCe_grSu6Ne	7	270.0	1	1034.64	1034.94
1034.94	0.8999999999998636	trials	43	s043_F200621	grCe_grSu6Ne_PS	18	45.0	1	1035.24	1035.54
1035.549	0.8999999999998636	trials	43	s043_F200621	grCe_grSu6Ne	7	315.0	1	1035.849	1036.149
1047.434	0.8999999999998636	trials	43	s043_F200621	NoStim	0		1	1047.734	1048.033
1048.05	0.8999999999998636	trials	43	s043_F200621	grSu12Mi	8		1	1048.35	1048.65
1048.6670000000001	0.8999999999998636	trials	43	s043_F200621	grSu12SmCiNe	12		1	1048.967	1049.267
1049.267	0.8999999999998636	trials	43	s043_F200621	grSu1Ne	2		1	1049.567	1049.867
1049.867	0.8999999999998636	trials	43	s043_F200621	grCe	1	180.0	1	1050.167	1050.467
1057.077	0.8999999999998636	trials	43	s043_F200621	grCe_grSu3Ne	5	315.0	1	1057.377	1057.676
1057.6770000000001	0.8999999999998636	trials	43	s043_F200621	grSu6CiNe	14		1	1057.977	1058.276
1058.277	0.8999999999998636	trials	43	s043_F200621	grCe	1	45.0	1	1058.577	1058.876
1062.019	0.8999999999998636	trials	43	s043_F200621	grCe_grSu18Fa	11	135.0	1	1062.319	1062.619
1062.627	0.8999999999998636	trials	43	s043_F200621	grCe_grSu1Ne	3	225.0	1	1062.927	1063.227
1066.711	0.8999999999998636	trials	43	s043_F200621	grCe_grSu6CiNe_PS	19	270.0	1	1067.011	1067.311
1067.345	0.8999999999998636	trials	43	s043_F200621	grCe_grSu12SmCiNe	13	270.0	1	1067.645	1067.944
1067.953	0.8999999999998636	trials	43	s043_F200621	grCe_grSu6CiNe_PS	19	180.0	1	1068.253	1068.553
1068.553	0.8999999999998636	trials	43	s043_F200621	grCe	1	0.0	1	1068.853	1069.153
1069.162	0.8999999999998636	trials	43	s043_F200621	grCe_grSu12SmCiNe_PS	21	135.0	1	1069.462	1069.761
1081.271	0.8999999999998636	trials	43	s043_F200621	grCe_grSu18Fa	11	0.0	1	1081.571	1081.871
1081.872	0.8999999999998636	trials	43	s043_F200621	grSu6Ne	6		1	1082.172	1082.471
1087.756	0.8999999999998636	trials	43	s043_F200621	grCe_grSu6CiNe_PS	19	135.0	1	1088.056	1088.355
1088.372	0.8999999999998636	trials	43	s043_F200621	grCe_grSu3Ne	5	225.0	1	1088.672	1088.972
1088.981	0.8999999999998636	trials	43	s043_F200621	coCe_grSu6Ne	17	135.0	1	1089.281	1089.58
1095.957	0.8999999999998636	trials	43	s043_F200621	grCe_grSu6Ne_PS	18	180.0	1	1096.257	1096.556
1096.582	0.8999999999998636	trials	43	s043_F200621	coCe	16	90.0	1	1096.882	1097.181
1098.624	0.8999999999998636	trials	43	s043_F200621	grCe_grSu6CiNe	15	90.0	1	1098.924	1099.223
1111.4750000000001	0.8999999999998636	trials	43	s043_F200621	grCe_grSu1Ne	3	0.0	1	1111.775	1112.075
1112.1090000000002	0.8999999999998636	trials	43	s043_F200621	grCe_grSu6CiNe	15	225.0	1	1112.409	1112.708
1112.717	0.8999999999998636	trials	43	s043_F200621	grCe_grSu6CiNe	15	270.0	1	1113.017	1113.317
1113.326	0.8999999999998636	trials	43	s043_F200621	grCe_grSu1Ne	3	90.0	1	1113.626	1113.925
1120.835	0.8999999999998636	trials	43	s043_F200621	grCe_grSu12SmCiNe_PS	21	225.0	1	1121.135	1121.435
1121.443	0.8999999999998636	trials	43	s043_F200621	coCe_grSu6Ne	17	270.0	1	1121.743	1122.043
1122.0430000000001	0.8999999999998636	trials	43	s043_F200621	grCe_grSu6CiNe_PS	19	45.0	1	1122.343	1122.643
1122.652	0.8999999999998636	trials	43	s043_F200621	grCe_grSu12SmCiNe	13	45.0	1	1122.952	1123.251
1129.794	0.8999999999998636	trials	43	s043_F200621	grCe_grSu3Ne	5	270.0	1	1130.094	1130.394
1130.428	0.8999999999998636	trials	43	s043_F200621	grCe_grSu6Ne_PS	18	270.0	1	1130.728	1131.027
1131.036	0.8999999999998636	trials	43	s043_F200621	grCe_grSu12Mi	9	225.0	1	1131.336	1131.636
1131.845	0.8999999999998636	trials	43	s043_F200621	grCe_grSu12SmCiNe_PS	21	315.0	1	1132.145	1132.444
1139.5040000000001	0.8999999999998636	trials	43	s043_F200621	grCe_grSu6Ne	7	180.0	1	1139.804	1140.104
1140.721	0.8999999999998636	trials	43	s043_F200621	grCe_grSu6CiNe	15	180.0	1	1141.021	1141.32
1141.329	0.8999999999998636	trials	43	s043_F200621	coCe_grSu6Ne	17	0.0	1	1141.629	1141.929
1141.938	0.8999999999998636	trials	43	s043_F200621	grCe_grSu6Ne	7	45.0	1	1142.238	1142.537
1166.1490000000001	0.8999999999998636	trials	43	s043_F200621	grCe_grSu12SmCiNe	13	0.0	1	1166.449	1166.749
1166.757	0.8999999999998636	trials	43	s043_F200621	grCe_grSu6CiNe_PS	19	315.0	1	1167.057	1167.357
1167.366	0.8999999999998636	trials	43	s043_F200621	grCe_grSu12SmCiNe_PS	21	90.0	1	1167.666	1167.966
1172.983	0.8999999999998636	trials	43	s043_F200621	grCe_grSu6CiNe_PS	19	90.0	1	1173.283	1173.583
1173.592	0.8999999999998636	trials	43	s043_F200621	coCe_grSu6Ne	17	315.0	1	1173.892	1174.191
1174.208	0.8999999999998636	trials	43	s043_F200621	grCe_grSu6Ne	7	0.0	1	1174.508	1174.808
1174.825	0.8999999999998636	trials	43	s043_F200621	grCe_grSu6Ne_PS	18	90.0	1	1175.125	1175.425
1175.434	0.8999999999998636	trials	43	s043_F200621	grCe_grSu6CiNe	15	45.0	1	1175.734	1176.033
1182.635	0.8999999999998636	trials	43	s043_F200621	grCe_grSu12Mi	9	180.0	1	1182.935	1183.234
1183.243	0.8999999999998636	trials	43	s043_F200621	grCe_grSu3Ne	5	45.0	1	1183.543	1183.843
1183.893	0.8999999999998636	trials	43	s043_F200621	grCe_grSu18Fa	11	90.0	1	1184.193	1184.493
1184.501	0.8999999999998636	trials	43	s043_F200621	grCe_grSu3Ne	5	0.0	1	1184.801	1185.101
1185.1100000000001	0.8999999999998636	trials	43	s043_F200621	grCe_grSu6CiNe	15	135.0	1	1185.41	1185.71
1201.779	0.8999999999998636	trials	43	s043_F200621	grCe_grSu1Ne	3	270.0	1	1202.079	1202.378
1202.412	0.8999999999998636	trials	43	s043_F200621	coCe_grSu6Ne	17	90.0	1	1202.712	1203.012
1203.02	0.8999999999998636	trials	43	s043_F200621	grCe_grSu3Ne	5	90.0	1	1203.32	1203.62
1203.621	0.8999999999998636	trials	43	s043_F200621	coCe	16	0.0	1	1203.921	1204.22
1204.221	0.8999999999998636	trials	43	s043_F200621	grCe	1	270.0	1	1204.521	1204.82
1245.0510000000002	0.8999999999998636	trials	43	s043_F200621	grCe_grSu18Fa	11	45.0	1	1245.351	1245.651
1248.576	0.8999999999998636	trials	43	s043_F200621	grCe_grSu6Ne_PS	18	135.0	1	1248.876	1249.176
1249.8600000000001	0.8999999999998636	trials	43	s043_F200621	grCe_grSu1Ne	3	45.0	1	1250.16	1250.46
1256.261	0.8999999999998636	trials	43	s043_F200621	coCe	16	315.0	1	1256.561	1256.86
1256.861	0.8999999999998636	trials	43	s043_F200621	grCe_grSu12SmCiNe_PS	21	45.0	1	1257.161	1257.46
1258.1280000000002	0.8999999999998636	trials	43	s043_F200621	grCe	1	315.0	1	1258.428	1258.727
1258.736	0.8999999999998636	trials	43	s043_F200621	grCe_grSu12Mi	9	45.0	1	1259.036	1259.336
1276.038	0.8999999999998636	trials	43	s043_F200621	coCe	16	135.0	1	1276.338	1276.638
1276.647	0.8999999999998636	trials	43	s043_F200621	grCe	1	90.0	1	1276.947	1277.246
1277.255	0.8999999999998636	trials	43	s043_F200621	coCe	16	225.0	1	1277.555	1277.855
1290.69	0.8999999999998636	trials	43	s043_F200621	grCe_grSu6CiNe_PS	19	0.0	1	1290.99	1291.29
1291.324	0.8999999999998636	trials	43	s043_F200621	grCe	1	225.0	1	1291.624	1291.923
1291.94	0.8999999999998636	trials	43	s043_F200621	grCe_grSu18Fa	11	180.0	1	1292.24	1292.54
1292.54	0.8999999999998636	trials	43	s043_F200621	grCe_grSu6CiNe_PS	19	225.0	1	1292.84	1293.14
1293.1490000000001	0.8999999999998636	trials	43	s043_F200621	grCe_grSu12SmCiNe	13	90.0	1	1293.449	1293.748
1305.2250000000001	0.8999999999998636	trials	43	s043_F200621	grCe_grSu6Ne	7	225.0	1	1305.525	1305.825
1305.834	0.8999999999998636	trials	43	s043_F200621	grCe_grSu12SmCiNe_PS	21	180.0	1	1306.134	1306.433
1306.442	0.8999999999998636	trials	43	s043_F200621	grCe_grSu12Mi	9	135.0	1	1306.742	1307.042
1307.059	0.8999999999998636	trials	43	s043_F200621	grSu18Fa	10		1	1307.359	1307.659
1307.659	0.8999999999998636	trials	43	s043_F200621	grCe_grSu6Ne_PS	18	315.0	1	1307.959	1308.259
1318.01	0.8999999999998636	trials	43	s043_F200621	coSu6Ne	20		1	1318.31	1318.61
1319.277	0.8999999999998636	trials	43	s043_F200621	grCe_grSu12Mi	9	270.0	1	1319.577	1319.877
1368.375	0.8999999999998636	trials	43	s043_F200621	coCe	16	225.0	0	1368.675	1368.975
1369.017	0.8999999999998636	trials	43	s043_F200621	grCe_grSu6CiNe_PS	19	225.0	0	1369.317	1369.617
1369.659	0.8999999999998636	trials	43	s043_F200621	grSu18Fa	10		0	1369.959	1370.258
1382.602	0.8999999999998636	trials	43	s043_F200621	grCe_grSu6Ne	7	135.0	0	1382.902	1383.202
1383.2350000000001	0.8999999999998636	trials	43	s043_F200621	grCe_grSu6Ne	7	45.0	0	1383.535	1383.835
1383.844	0.8999999999998636	trials	43	s043_F200621	grCe_grSu12SmCiNe	13	0.0	0	1384.144	1384.444
1384.444	0.8999999999998636	trials	43	s043_F200621	grCe_grSu12SmCiNe_PS	21	270.0	0	1384.744	1385.044
1395.287	0.8999999999998636	trials	43	s043_F200621	grCe_grSu1Ne	3	270.0	0	1395.587	1395.887
1395.895	0.8999999999998636	trials	43	s043_F200621	coCe_grSu6Ne	17	315.0	0	1396.195	1396.495
1396.512	0.8999999999998636	trials	43	s043_F200621	grCe_grSu6Ne_PS	18	45.0	0	1396.812	1397.112
1397.737	0.8999999999998636	trials	43	s043_F200621	coCe_grSu6Ne	17	225.0	0	1398.037	1398.337
1405.047	0.8999999999998636	trials	43	s043_F200621	grCe	1	315.0	0	1405.347	1405.646
1405.663	0.8999999999998636	trials	43	s043_F200621	grCe_grSu18Fa	11	225.0	0	1405.963	1406.263
1406.272	0.8999999999998636	trials	43	s043_F200621	grCe_grSu6CiNe	15	45.0	0	1406.572	1406.871
1406.905	0.8999999999998636	trials	43	s043_F200621	grCe_grSu1Ne	3	90.0	0	1407.205	1407.505
1407.5140000000001	0.8999999999998636	trials	43	s043_F200621	grSu12SmCiNe	12		0	1407.814	1408.113
1414.606	0.8999999999998636	trials	43	s043_F200621	coSu6Ne	20		0	1414.906	1415.206
1415.2150000000001	0.8999999999998636	trials	43	s043_F200621	grSu6Ne	6		0	1415.515	1415.814
1416.423	0.8999999999998636	trials	43	s043_F200621	grCe_grSu12Mi	9	180.0	0	1416.723	1417.023
1417.031	0.8999999999998636	trials	43	s043_F200621	grCe_grSu1Ne	3	180.0	0	1417.331	1417.631
1424.357	0.8999999999998636	trials	43	s043_F200621	grCe_grSu3Ne	5	315.0	0	1424.657	1424.957
1424.9660000000001	0.8999999999998636	trials	43	s043_F200621	grCe_grSu6CiNe	15	135.0	0	1425.266	1425.566
1425.574	0.8999999999998636	trials	43	s043_F200621	grCe_grSu6Ne	7	180.0	0	1425.874	1426.174
1426.2160000000001	0.8999999999998636	trials	43	s043_F200621	grCe_grSu12Mi	9	45.0	0	1426.516	1426.816
1426.824	0.8999999999998636	trials	43	s043_F200621	grCe_grSu12SmCiNe_PS	21	0.0	0	1427.124	1427.424
1433.7250000000001	0.8999999999998636	trials	43	s043_F200621	grCe_grSu6CiNe_PS	19	45.0	0	1434.025	1434.325
1434.342	0.8999999999998636	trials	43	s043_F200621	grCe_grSu18Fa	11	135.0	0	1434.642	1434.942
1434.9750000000001	0.8999999999998636	trials	43	s043_F200621	grCe_grSu12Mi	9	225.0	0	1435.275	1435.575
1435.584	0.8999999999998636	trials	43	s043_F200621	grCe_grSu3Ne	5	225.0	0	1435.884	1436.184
1436.184	0.8999999999998636	trials	43	s043_F200621	NoStim	0		0	1436.484	1436.784
1444.402	0.8999999999998636	trials	43	s043_F200621	grCe_grSu3Ne	5	0.0	0	1444.702	1445.001
1452.986	0.8999999999998636	trials	43	s043_F200621	grCe_grSu12SmCiNe	13	225.0	0	1453.286	1453.586
1453.603	0.8999999999998636	trials	43	s043_F200621	grCe_grSu1Ne	3	0.0	0	1453.903	1454.203
1454.211	0.8999999999998636	trials	43	s043_F200621	grCe_grSu6Ne	7	270.0	0	1454.511	1454.811
1472.005	0.8999999999998636	trials	43	s043_F200621	coCe	16	270.0	0	1472.305	1472.605
1472.622	0.8999999999998636	trials	43	s043_F200621	grCe_grSu18Fa	11	315.0	0	1472.922	1473.222
1473.222	0.8999999999998636	trials	43	s043_F200621	grCe_grSu6Ne_PS	18	0.0	0	1473.522	1473.822
1473.8300000000002	0.8999999999998636	trials	43	s043_F200621	coCe_grSu6Ne	17	0.0	0	1474.13	1474.43
1474.439	0.8999999999998636	trials	43	s043_F200621	grCe_grSu6CiNe	15	180.0	0	1474.739	1475.039
1481.431	0.8999999999998636	trials	43	s043_F200621	grCe_grSu6Ne	7	315.0	0	1481.731	1482.031
1482.04	0.8999999999998636	trials	43	s043_F200621	grCe_grSu3Ne	5	135.0	0	1482.34	1482.64
1482.6480000000001	0.8999999999998636	trials	43	s043_F200621	coCe_grSu6Ne	17	135.0	0	1482.948	1483.248
1483.248	0.8999999999998636	trials	43	s043_F200621	grCe	1	90.0	0	1483.548	1483.848
1483.848	0.8999999999998636	trials	43	s043_F200621	grCe_grSu12SmCiNe_PS	21	315.0	0	1484.148	1484.448
1490.883	0.8999999999998636	trials	43	s043_F200621	coCe_grSu6Ne	17	180.0	0	1491.183	1491.482
1492.116	0.8999999999998636	trials	43	s043_F200621	grCe_grSu6Ne	7	225.0	0	1492.416	1492.716
1492.741	0.8999999999998636	trials	43	s043_F200621	grSu12Mi	8		0	1493.041	1493.341
1493.383	0.8999999999998636	trials	43	s043_F200621	grCe_grSu6CiNe_PS	19	315.0	0	1493.683	1493.983
1518.72	0.8999999999998636	trials	43	s043_F200621	grCe_grSu6CiNe_PS	19	90.0	0	1519.02	1519.319
1519.328	0.8999999999998636	trials	43	s043_F200621	grCe_grSu6Ne	7	0.0	0	1519.628	1519.928
1519.953	0.8999999999998636	trials	43	s043_F200621	grCe_grSu18Fa	11	180.0	0	1520.253	1520.553
1520.5620000000001	0.8999999999998636	trials	43	s043_F200621	grCe_grSu6Ne	7	90.0	0	1520.862	1521.161
1527.787	0.8999999999998636	trials	43	s043_F200621	grCe_grSu12SmCiNe_PS	21	180.0	0	1528.087	1528.387
1532.48	0.8999999999998636	trials	43	s043_F200621	grCe_grSu1Ne	3	315.0	0	1532.78	1533.079
1533.6970000000001	0.8999999999998636	trials	43	s043_F200621	grCe_grSu6CiNe_PS	19	0.0	0	1533.997	1534.296
1540.547	0.8999999999998636	trials	43	s043_F200621	grCe_grSu6CiNe	15	225.0	0	1540.847	1541.147
1541.789	0.8999999999998636	trials	43	s043_F200621	grCe_grSu6CiNe_PS	19	180.0	0	1542.089	1542.389
1542.3890000000001	0.8999999999998636	trials	43	s043_F200621	grCe_grSu6Ne_PS	18	315.0	0	1542.689	1542.989
1542.998	0.8999999999998636	trials	43	s043_F200621	grCe_grSu3Ne	5	180.0	0	1543.298	1543.597
1572.2350000000001	0.8999999999998636	trials	43	s043_F200621	grCe_grSu18Fa	11	90.0	0	1572.535	1572.835
1572.835	0.8999999999998636	trials	43	s043_F200621	grCe_grSu6Ne_PS	18	225.0	0	1573.135	1573.435
1573.435	0.8999999999998636	trials	43	s043_F200621	coCe	16	90.0	0	1573.735	1574.035
1574.035	0.8999999999998636	trials	43	s043_F200621	grSu3Ne	4		0	1574.335	1574.635
1582.0610000000001	0.8999999999998636	trials	43	s043_F200621	coCe	16	180.0	0	1582.361	1582.661
1582.661	0.8999999999998636	trials	43	s043_F200621	grCe	1	45.0	0	1582.961	1583.261
1583.303	0.8999999999998636	trials	43	s043_F200621	grCe	1	0.0	0	1583.603	1583.903
1583.911	0.8999999999998636	trials	43	s043_F200621	coCe_grSu6Ne	17	270.0	0	1584.211	1584.511
1584.52	0.8999999999998636	trials	43	s043_F200621	grCe_grSu12Mi	9	135.0	0	1584.82	1585.119
1591.671	0.8999999999998636	trials	43	s043_F200621	grCe_grSu18Fa	11	270.0	0	1591.971	1592.27
1593.496	0.8999999999998636	trials	43	s043_F200621	grCe_grSu3Ne	5	270.0	0	1593.796	1594.096
1594.104	0.8999999999998636	trials	43	s043_F200621	grCe_grSu6CiNe_PS	19	135.0	0	1594.404	1594.704
1615.207	0.8999999999998636	trials	43	s043_F200621	grCe_grSu3Ne	5	45.0	0	1615.507	1615.807
1615.8400000000001	0.8999999999998636	trials	43	s043_F200621	grCe_grSu6CiNe	15	315.0	0	1616.14	1616.44
1617.041	0.8999999999998636	trials	43	s043_F200621	coCe	16	315.0	0	1617.341	1617.64
1617.666	0.8999999999998636	trials	43	s043_F200621	coCe	16	0.0	0	1617.966	1618.265
1625.425	0.8999999999998636	trials	43	s043_F200621	grCe_grSu6Ne_PS	18	90.0	0	1625.725	1626.025
1626.0330000000001	0.8999999999998636	trials	43	s043_F200621	grCe_grSu1Ne	3	45.0	0	1626.333	1626.633
1626.642	0.8999999999998636	trials	43	s043_F200621	grCe_grSu12SmCiNe	13	135.0	0	1626.942	1627.242
1627.242	0.8999999999998636	trials	43	s043_F200621	coCe	16	45.0	0	1627.542	1627.842
1638.993	0.8999999999998636	trials	43	s043_F200621	coCe	16	135.0	0	1639.293	1639.593
1639.594	0.8999999999998636	trials	43	s043_F200621	grCe	1	135.0	0	1639.894	1640.193
1640.835	0.8999999999998636	trials	43	s043_F200621	grCe_grSu12SmCiNe	13	45.0	0	1641.135	1641.435
1641.435	0.8999999999998636	trials	43	s043_F200621	grCe	1	225.0	0	1641.735	1642.035
1648.9950000000001	0.8999999999998636	trials	43	s043_F200621	grCe_grSu12SmCiNe_PS	21	45.0	0	1649.295	1649.594
1649.637	0.8999999999998636	trials	43	s043_F200621	grSu1Ne	2		0	1649.937	1650.236
1650.4370000000001	0.8999999999998636	trials	43	s043_F200621	grCe_grSu6CiNe	15	270.0	0	1650.737	1651.036
1651.087	0.8999999999998636	trials	43	s043_F200621	grCe_grSu12Mi	9	315.0	0	1651.387	1651.686
1658.271	0.8999999999998636	trials	43	s043_F200621	grCe_grSu6Ne_PS	18	135.0	0	1658.571	1658.871
1658.8790000000001	0.8999999999998636	trials	43	s043_F200621	coCe_grSu6Ne	17	45.0	0	1659.179	1659.479
1659.488	0.8999999999998636	trials	43	s043_F200621	grCe_grSu12SmCiNe	13	180.0	0	1659.788	1660.087
1663.8300000000002	0.8999999999998636	trials	43	s043_F200621	grCe_grSu6CiNe_PS	19	270.0	0	1664.13	1664.43
1664.438	0.8999999999998636	trials	43	s043_F200621	grCe_grSu12Mi	9	90.0	0	1664.738	1665.038
1665.047	0.8999999999998636	trials	43	s043_F200621	grSu6CiNe	14		0	1665.347	1665.647
1665.655	0.8999999999998636	trials	43	s043_F200621	grCe_grSu12SmCiNe	13	270.0	0	1665.955	1666.255
1672.7150000000001	0.8999999999998636	trials	43	s043_F200621	grCe_grSu12SmCiNe_PS	21	225.0	0	1673.015	1673.314
1673.348	0.8999999999998636	trials	43	s043_F200621	grCe_grSu6Ne_PS	18	180.0	0	1673.648	1673.948
1677.223	0.8999999999998636	trials	43	s043_F200621	grCe_grSu12Mi	9	270.0	0	1677.523	1677.823
1677.849	0.8999999999998636	trials	43	s043_F200621	grCe_grSu1Ne	3	135.0	0	1678.149	1678.448
1679.699	0.8999999999998636	trials	43	s043_F200621	grCe_grSu6Ne_PS	18	270.0	0	1679.999	1680.298
1686.7250000000001	0.8999999999998636	trials	43	s043_F200621	grCe_grSu12Mi	9	0.0	0	1687.025	1687.324
1687.333	0.8999999999998636	trials	43	s043_F200621	grCe_grSu12SmCiNe	13	315.0	0	1687.633	1687.933
1688.575	0.8999999999998636	trials	43	s043_F200621	grCe	1	270.0	0	1688.875	1689.175
1689.183	0.8999999999998636	trials	43	s043_F200621	grCe_grSu6CiNe	15	90.0	0	1689.483	1689.783
1696.284	0.8999999999998636	trials	43	s043_F200621	grCe_grSu12SmCiNe_PS	21	90.0	0	1696.584	1696.884
1697.518	0.8999999999998636	trials	43	s043_F200621	grCe	1	180.0	0	1697.818	1698.117
1698.7350000000001	0.8999999999998636	trials	43	s043_F200621	grCe_grSu12SmCiNe_PS	21	135.0	0	1699.035	1699.334
1705.752	0.8999999999998636	trials	43	s043_F200621	grCe_grSu6CiNe	15	0.0	0	1706.052	1706.352
1710.2440000000001	0.8999999999998636	trials	43	s043_F200621	grCe_grSu1Ne	3	225.0	0	1710.544	1710.844
1710.853	0.8999999999998636	trials	43	s043_F200621	grCe_grSu3Ne	5	90.0	0	1711.153	1711.452
1711.461	0.8999999999998636	trials	43	s043_F200621	coCe_grSu6Ne	17	90.0	0	1711.761	1712.061
1719.146	0.8999999999998636	trials	43	s043_F200621	grCe_grSu18Fa	11	0.0	0	1719.446	1719.745
1719.7540000000001	0.8999999999998636	trials	43	s043_F200621	grCe_grSu12SmCiNe	13	90.0	0	1720.054	1720.354
1720.371	0.8999999999998636	trials	43	s043_F200621	grCe_grSu18Fa	11	45.0	0	1720.671	1720.97
1721.596	0.8999999999998636	trials	43	s043_F200621	grSu12Mi	8		3	1721.896	1722.195
1729.5140000000001	0.8999999999998636	trials	43	s043_F200621	coCe	16	135.0	3	1729.814	1730.113
1730.122	0.8999999999998636	trials	43	s043_F200621	grCe_grSu12SmCiNe	13	315.0	3	1730.422	1730.722
1737.4560000000001	0.8999999999998636	trials	43	s043_F200621	grCe_grSu12SmCiNe	13	180.0	3	1737.756	1738.056
1738.065	0.8999999999998636	trials	43	s043_F200621	grCe_grSu3Ne	5	270.0	3	1738.365	1738.664
1739.2730000000001	0.8999999999998636	trials	43	s043_F200621	grCe_grSu6Ne	7	315.0	3	1739.573	1739.873
1746.441	0.8999999999998636	trials	43	s043_F200621	grCe_grSu12Mi	9	315.0	3	1746.741	1747.04
1747.683	0.8999999999998636	trials	43	s043_F200621	grCe_grSu6CiNe_PS	19	270.0	3	1747.983	1748.282
1751.3	0.8999999999998636	trials	43	s043_F200621	grCe_grSu6CiNe	15	90.0	3	1751.6	1751.899
1751.9080000000001	0.8999999999998636	trials	43	s043_F200621	grCe_grSu6Ne	7	180.0	3	1752.208	1752.508
1752.516	0.8999999999998636	trials	43	s043_F200621	grCe_grSu3Ne	5	90.0	3	1752.816	1753.116
1760.834	0.8999999999998636	trials	43	s043_F200621	grCe_grSu6Ne	7	45.0	3	1761.134	1761.434
1761.443	0.8999999999998636	trials	43	s043_F200621	grCe_grSu12Mi	9	270.0	3	1761.743	1762.042
1762.659	0.8999999999998636	trials	43	s043_F200621	grCe_grSu6CiNe_PS	19	180.0	3	1762.959	1763.259
1766.9850000000001	0.8999999999998636	trials	43	s043_F200621	grCe	1	225.0	3	1767.285	1767.585
1771.694	0.8999999999998636	trials	43	s043_F200621	grCe_grSu18Fa	11	180.0	3	1771.994	1772.294
1772.344	0.8999999999998636	trials	43	s043_F200621	grCe_grSu18Fa	11	135.0	3	1772.644	1772.944
1775.903	0.8999999999998636	trials	43	s043_F200621	grCe_grSu3Ne	5	180.0	3	1776.203	1776.503
1776.528	0.8999999999998636	trials	43	s043_F200621	grCe_grSu12Mi	9	180.0	3	1776.828	1777.128
1777.136	0.8999999999998636	trials	43	s043_F200621	grCe_grSu6CiNe_PS	19	135.0	3	1777.436	1777.736
1777.77	0.8999999999998636	trials	43	s043_F200621	grCe_grSu12SmCiNe_PS	21	315.0	3	1778.07	1778.369
1782.529	0.8999999999998636	trials	43	s043_F200621	grCe_grSu12Mi	9	135.0	3	1782.829	1783.128
1783.154	0.8999999999998636	trials	43	s043_F200621	grCe_grSu6Ne_PS	18	225.0	3	1783.454	1783.753
1788.521	0.8999999999998636	trials	43	s043_F200621	grCe_grSu3Ne	5	225.0	3	1788.821	1789.121
1789.1380000000001	0.8999999999998636	trials	43	s043_F200621	coCe_grSu6Ne	17	45.0	3	1789.438	1789.738
1789.771	0.8999999999998636	trials	43	s043_F200621	grCe_grSu18Fa	11	225.0	3	1790.071	1790.371
1790.38	0.8999999999998636	trials	43	s043_F200621	grCe_grSu3Ne	5	135.0	3	1790.68	1790.979
1817.733	0.8999999999998636	trials	43	s043_F200621	grCe	1	45.0	3	1818.033	1818.333
1818.958	0.8999999999998636	trials	43	s043_F200621	grCe_grSu6Ne_PS	18	180.0	3	1819.258	1819.558
1820.175	0.8999999999998636	trials	43	s043_F200621	grCe_grSu1Ne	3	315.0	3	1820.475	1820.775
1827.093	0.8999999999998636	trials	43	s043_F200621	grCe_grSu6CiNe	15	225.0	3	1827.393	1827.692
1827.693	0.8999999999998636	trials	43	s043_F200621	grCe_grSu12SmCiNe_PS	21	135.0	3	1827.993	1828.293
1828.91	0.8999999999998636	trials	43	s043_F200621	grCe_grSu6Ne_PS	18	45.0	3	1829.21	1829.509
1836.469	0.8999999999998636	trials	43	s043_F200621	NoStim	0		3	1836.769	1837.069
1837.077	0.8999999999998636	trials	43	s043_F200621	grCe_grSu6CiNe	15	315.0	3	1837.377	1837.677
1837.6770000000001	0.8999999999998636	trials	43	s043_F200621	grCe_grSu12SmCiNe_PS	21	90.0	3	1837.977	1838.277
1838.286	0.8999999999998636	trials	43	s043_F200621	grCe_grSu6CiNe	15	45.0	3	1838.586	1838.886
1838.886	0.8999999999998636	trials	43	s043_F200621	grSu3Ne	4		3	1839.186	1839.486
1860.989	0.8999999999998636	trials	43	s043_F200621	grCe_grSu1Ne	3	180.0	3	1861.289	1861.589
1862.247	0.8999999999998636	trials	43	s043_F200621	grCe_grSu18Fa	11	270.0	3	1862.547	1862.847
1862.872	0.8999999999998636	trials	43	s043_F200621	grCe_grSu6Ne	7	90.0	3	1863.172	1863.472
1863.472	0.8999999999998636	trials	43	s043_F200621	grCe	1	315.0	3	1863.772	1864.072
1870.448	0.8999999999998636	trials	43	s043_F200621	grCe_grSu12SmCiNe_PS	21	270.0	3	1870.748	1871.048
1871.057	0.8999999999998636	trials	43	s043_F200621	grCe_grSu1Ne	3	135.0	3	1871.357	1871.656
1871.69	0.8999999999998636	trials	43	s043_F200621	coCe_grSu6Ne	17	135.0	3	1871.99	1872.29
1872.29	0.8999999999998636	trials	43	s043_F200621	grCe_grSu12SmCiNe_PS	21	45.0	3	1872.59	1872.89
1872.8990000000001	0.8999999999998636	trials	43	s043_F200621	grCe	1	90.0	3	1873.199	1873.498
1879.825	0.8999999999998636	trials	43	s043_F200621	coCe	16	180.0	3	1880.125	1880.424
1880.45	0.8999999999998636	trials	43	s043_F200621	grCe_grSu6CiNe_PS	19	45.0	3	1880.75	1881.049
1881.058	0.8999999999998636	trials	43	s043_F200621	grCe_grSu6CiNe	15	180.0	3	1881.358	1881.658
1882.317	0.8999999999998636	trials	43	s043_F200621	grCe_grSu12Mi	9	225.0	3	1882.617	1882.916
1889.4840000000002	0.8999999999998636	trials	43	s043_F200621	grCe_grSu6CiNe	15	270.0	3	1889.784	1890.084
1890.118	0.8999999999998636	trials	43	s043_F200621	grCe_grSu12SmCiNe_PS	21	225.0	3	1890.418	1890.717
1890.718	0.8999999999998636	trials	43	s043_F200621	coCe	16	315.0	3	1891.018	1891.317
1891.343	0.8999999999998636	trials	43	s043_F200621	grCe_grSu18Fa	11	315.0	3	1891.643	1891.942
1891.9850000000001	0.8999999999998636	trials	43	s043_F200621	grCe	1	180.0	3	1892.285	1892.584
1904.228	0.8999999999998636	trials	43	s043_F200621	grCe_grSu6Ne	7	270.0	3	1904.528	1904.827
1904.828	0.8999999999998636	trials	43	s043_F200621	grCe_grSu6Ne_PS	18	90.0	3	1905.128	1905.428
1905.4360000000001	0.8999999999998636	trials	43	s043_F200621	grCe_grSu12SmCiNe	13	225.0	3	1905.736	1906.036
1906.045	0.8999999999998636	trials	43	s043_F200621	grCe_grSu6Ne_PS	18	315.0	3	1906.345	1906.644
1906.786	0.8999999999998636	trials	43	s043_F200621	grCe_grSu6CiNe_PS	19	315.0	3	1907.086	1907.386
1914.671	0.8999999999998636	trials	43	s043_F200621	coCe_grSu6Ne	17	180.0	3	1914.971	1915.27
1915.279	0.8999999999998636	trials	43	s043_F200621	grCe_grSu1Ne	3	225.0	3	1915.579	1915.879
1915.921	0.8999999999998636	trials	43	s043_F200621	grCe_grSu12Mi	9	45.0	3	1916.221	1916.521
1916.521	0.8999999999998636	trials	43	s043_F200621	grSu6CiNe	14		3	1916.821	1917.121
1923.472	0.8999999999998636	trials	43	s043_F200621	grCe_grSu6CiNe_PS	19	90.0	3	1923.772	1924.072
1924.114	0.8999999999998636	trials	43	s043_F200621	grSu12SmCiNe	12		3	1924.414	1924.713
1925.347	0.8999999999998636	trials	43	s043_F200621	grCe_grSu6CiNe_PS	19	0.0	3	1925.647	1925.947
1925.9560000000001	0.8999999999998636	trials	43	s043_F200621	grCe_grSu1Ne	3	0.0	3	1926.256	1926.555
1933.998	0.8999999999998636	trials	43	s043_F200621	grCe_grSu6CiNe	15	0.0	3	1934.298	1934.598
1934.607	0.8999999999998636	trials	43	s043_F200621	coCe_grSu6Ne	17	225.0	3	1934.907	1935.206
1935.2150000000001	0.8999999999998636	trials	43	s043_F200621	grCe_grSu3Ne	5	315.0	3	1935.515	1935.815
1936.457	0.8999999999998636	trials	43	s043_F200621	grCe_grSu12Mi	9	0.0	3	1936.757	1937.057
1943.508	0.8999999999998636	trials	43	s043_F200621	grCe	1	135.0	3	1943.808	1944.108
1944.116	0.8999999999998636	trials	43	s043_F200621	grCe_grSu12SmCiNe	13	0.0	3	1944.416	1944.716
1944.7250000000001	0.8999999999998636	trials	43	s043_F200621	grCe_grSu12SmCiNe	13	90.0	3	1945.025	1945.324
1945.325	0.8999999999998636	trials	43	s043_F200621	coCe	16	225.0	3	1945.625	1945.924
1945.933	0.8999999999998636	trials	43	s043_F200621	grCe_grSu6Ne	7	225.0	3	1946.233	1946.533
1953.017	0.8999999999998636	trials	43	s043_F200621	grCe_grSu18Fa	11	90.0	3	1953.317	1953.617
1953.617	0.8999999999998636	trials	43	s043_F200621	coSu6Ne	20		3	1953.917	1954.217
1954.218	0.8999999999998636	trials	43	s043_F200621	grCe_grSu12SmCiNe_PS	21	180.0	3	1954.518	1954.817
1954.834	0.8999999999998636	trials	43	s043_F200621	grCe_grSu6Ne	7	135.0	3	1955.134	1955.434
1955.459	0.8999999999998636	trials	43	s043_F200621	grCe_grSu12Mi	9	90.0	3	1955.759	1956.059
1970.3700000000001	0.8999999999998636	trials	43	s043_F200621	grCe_grSu12SmCiNe	13	135.0	3	1970.67	1970.969
1970.986	0.8999999999998636	trials	43	s043_F200621	grCe_grSu18Fa	11	45.0	3	1971.286	1971.586
1971.595	0.8999999999998636	trials	43	s043_F200621	coCe_grSu6Ne	17	270.0	3	1971.895	1972.194
1972.195	0.8999999999998636	trials	43	s043_F200621	coCe	16	45.0	3	1972.495	1972.795
1972.837	0.8999999999998636	trials	43	s043_F200621	grSu1Ne	2		3	1973.137	1973.436
1979.9460000000001	0.8999999999998636	trials	43	s043_F200621	grSu6Ne	6		3	1980.246	1980.546
1980.563	0.8999999999998636	trials	43	s043_F200621	grCe_grSu18Fa	11	0.0	3	1980.863	1981.162
1981.8210000000001	0.8999999999998636	trials	43	s043_F200621	grCe_grSu6CiNe_PS	19	225.0	3	1982.121	1982.421
1982.438	0.8999999999998636	trials	43	s043_F200621	grCe_grSu6CiNe	15	135.0	3	1982.738	1983.038
1989.597	0.8999999999998636	trials	43	s043_F200621	grCe_grSu12SmCiNe	13	270.0	3	1989.897	1990.197
1990.1970000000001	0.8999999999998636	trials	43	s043_F200621	grCe_grSu6Ne_PS	18	270.0	3	1990.497	1990.797
1990.8220000000001	0.8999999999998636	trials	43	s043_F200621	grCe_grSu6Ne	7	0.0	3	1991.122	1991.422
1991.464	0.8999999999998636	trials	43	s043_F200621	grCe_grSu1Ne	3	45.0	3	1991.764	1992.064
1999.082	0.8999999999998636	trials	43	s043_F200621	grCe_grSu6Ne_PS	18	135.0	3	1999.382	1999.681
1999.69	0.8999999999998636	trials	43	s043_F200621	grCe_grSu3Ne	5	45.0	3	1999.99	2000.29
2000.332	0.8999999999998636	trials	43	s043_F200621	grCe	1	270.0	3	2000.632	2000.932
2000.932	0.8999999999998636	trials	43	s043_F200621	grCe_grSu12SmCiNe_PS	21	0.0	3	2001.232	2001.532
2001.5320000000002	0.8999999999998636	trials	43	s043_F200621	coCe	16	90.0	3	2001.832	2002.132
2008.4660000000001	0.8999999999998636	trials	43	s043_F200621	grCe	1	0.0	3	2008.766	2009.066
2009.108	0.8999999999998636	trials	43	s043_F200621	grCe_grSu3Ne	5	0.0	3	2009.408	2009.708
2009.708	0.8999999999998636	trials	43	s043_F200621	coCe	16	270.0	3	2010.008	2010.308
2014.25	0.8999999999998636	trials	43	s043_F200621	grCe_grSu12SmCiNe	13	45.0	3	2014.55	2014.85
2015.467	0.8999999999998636	trials	43	s043_F200621	coCe_grSu6Ne	17	0.0	3	2015.767	2016.067
2023.2350000000001	0.8999999999998636	trials	43	s043_F200621	grCe_grSu6Ne_PS	18	0.0	3	2023.535	2023.834
2024.477	0.8999999999998636	trials	43	s043_F200621	coCe_grSu6Ne	17	90.0	3	2024.777	2025.076
2025.102	0.8999999999998636	trials	43	s043_F200621	grCe_grSu1Ne	3	270.0	3	2025.402	2025.701
2025.71	0.8999999999998636	trials	43	s043_F200621	grCe_grSu1Ne	3	90.0	3	2026.01	2026.31
2032.8110000000001	0.8999999999998636	trials	43	s043_F200621	coCe	16	0.0	3	2033.111	2033.411
2033.428	0.8999999999998636	trials	43	s043_F200621	grSu18Fa	10		3	2033.728	2034.027
2034.036	0.8999999999998636	trials	43	s043_F200621	coCe_grSu6Ne	17	315.0	3	2034.336	2034.636
2034.645	0.8999999999998636	trials	43	s043_F200621	grCe_grSu3Ne	5	135.0	7	2034.945	2035.244
2042.1960000000001	0.8999999999998636	trials	43	s043_F200621	grCe_grSu6CiNe	15	135.0	7	2042.496	2042.795
2042.804	0.8999999999998636	trials	43	s043_F200621	grCe_grSu3Ne	5	315.0	7	2043.104	2043.404
2043.412	0.8999999999998636	trials	43	s043_F200621	grCe_grSu12SmCiNe	13	90.0	7	2043.712	2044.012
2044.021	0.8999999999998636	trials	43	s043_F200621	grCe_grSu3Ne	5	225.0	7	2044.321	2044.62
2044.6290000000001	0.8999999999998636	trials	43	s043_F200621	grCe_grSu6Ne	7	45.0	7	2044.929	2045.229
2052.4139999999998	0.900000000000091	trials	43	s043_F200621	grCe_grSu3Ne	5	270.0	7	2052.714	2053.013
2053.6299999999997	0.900000000000091	trials	43	s043_F200621	grSu6Ne	6		7	2053.93	2054.23
2064.832	0.900000000000091	trials	43	s043_F200621	grCe_grSu6CiNe_PS	19	90.0	7	2065.132	2065.432
2065.4399999999996	0.900000000000091	trials	43	s043_F200621	grCe_grSu6Ne_PS	18	135.0	7	2065.74	2066.04
2066.049	0.900000000000091	trials	43	s043_F200621	grCe_grSu3Ne	5	0.0	7	2066.349	2066.648
2066.649	0.900000000000091	trials	43	s043_F200621	grCe	1	0.0	7	2066.949	2067.248
2067.274	0.900000000000091	trials	43	s043_F200621	grCe_grSu12SmCiNe	13	0.0	7	2067.574	2067.873
2074.2909999999997	0.900000000000091	trials	43	s043_F200621	grCe_grSu12SmCiNe	13	45.0	7	2074.591	2074.891
2075.517	0.900000000000091	trials	43	s043_F200621	grSu6CiNe	14		7	2075.817	2076.116
2076.133	0.900000000000091	trials	43	s043_F200621	coCe_grSu6Ne	17	180.0	7	2076.433	2076.733
2076.7419999999997	0.900000000000091	trials	43	s043_F200621	grCe_grSu6CiNe	15	45.0	7	2077.042	2077.341
2083.7259999999997	0.900000000000091	trials	43	s043_F200621	grSu1Ne	2		7	2084.026	2084.326
2084.326	0.900000000000091	trials	43	s043_F200621	coCe	16	270.0	7	2084.626	2084.926
2084.926	0.900000000000091	trials	43	s043_F200621	grCe_grSu12SmCiNe_PS	21	225.0	7	2085.226	2085.526
2086.143	0.900000000000091	trials	43	s043_F200621	grCe_grSu6CiNe	15	0.0	7	2086.443	2086.743
2099.095	0.900000000000091	trials	43	s043_F200621	grCe_grSu6Ne	7	180.0	7	2099.395	2099.694
2099.711	0.900000000000091	trials	43	s043_F200621	coCe	16	90.0	7	2100.011	2100.311
2100.953	0.900000000000091	trials	43	s043_F200621	grCe	1	315.0	7	2101.253	2101.553
2101.562	0.900000000000091	trials	43	s043_F200621	coCe_grSu6Ne	17	135.0	7	2101.862	2102.161
2113.872	0.900000000000091	trials	43	s043_F200621	grCe_grSu1Ne	3	135.0	7	2114.172	2114.471
2115.0719999999997	0.900000000000091	trials	43	s043_F200621	grCe_grSu12SmCiNe_PS	21	90.0	7	2115.372	2115.671
2115.68	0.900000000000091	trials	43	s043_F200621	coCe_grSu6Ne	17	90.0	7	2115.98	2116.28
2122.7639999999997	0.900000000000091	trials	43	s043_F200621	grCe	1	270.0	7	2123.064	2123.364
2123.3729999999996	0.900000000000091	trials	43	s043_F200621	coCe_grSu6Ne	17	315.0	7	2123.673	2123.972
2126.9069999999997	0.900000000000091	trials	43	s043_F200621	grCe_grSu6Ne_PS	18	270.0	7	2127.207	2127.506
2128.1569999999997	0.900000000000091	trials	43	s043_F200621	grCe_grSu18Fa	11	180.0	7	2128.457	2128.756
2128.765	0.900000000000091	trials	43	s043_F200621	grCe_grSu12SmCiNe_PS	21	315.0	7	2129.065	2129.365
2129.374	0.900000000000091	trials	43	s043_F200621	grCe_grSu6CiNe	15	315.0	7	2129.674	2129.973
2136.8909999999996	0.900000000000091	trials	43	s043_F200621	grCe_grSu6Ne_PS	18	225.0	7	2137.191	2137.491
2137.533	0.900000000000091	trials	43	s043_F200621	grCe_grSu6CiNe_PS	19	270.0	7	2137.833	2138.133
2138.158	0.900000000000091	trials	43	s043_F200621	grCe	1	225.0	7	2138.458	2138.758
2138.7659999999996	0.900000000000091	trials	43	s043_F200621	grCe_grSu6Ne_PS	18	45.0	7	2139.066	2139.366
2150.768	0.900000000000091	trials	43	s043_F200621	grCe_grSu12Mi	9	180.0	7	2151.068	2151.368
2151.9849999999997	0.900000000000091	trials	43	s043_F200621	coCe_grSu6Ne	17	45.0	7	2152.285	2152.584
2155.71	0.900000000000091	trials	43	s043_F200621	coCe	16	225.0	7	2156.01	2156.31
2156.9519999999998	0.900000000000091	trials	43	s043_F200621	grCe_grSu6Ne_PS	18	0.0	7	2157.252	2157.552
2157.569	0.900000000000091	trials	43	s043_F200621	grCe_grSu6Ne	7	0.0	7	2157.869	2158.169
2165.4449999999997	0.900000000000091	trials	43	s043_F200621	grCe_grSu18Fa	11	315.0	7	2165.745	2166.045
2166.053	0.900000000000091	trials	43	s043_F200621	grCe_grSu12Mi	9	270.0	7	2166.353	2166.653
2166.6699999999996	0.900000000000091	trials	43	s043_F200621	grCe_grSu18Fa	11	45.0	7	2166.97	2167.27
2170.437	0.900000000000091	trials	43	s043_F200621	coCe_grSu6Ne	17	270.0	7	2170.737	2171.037
2171.046	0.900000000000091	trials	43	s043_F200621	grCe_grSu6CiNe_PS	19	45.0	7	2171.346	2171.645
2171.687	0.900000000000091	trials	43	s043_F200621	grCe_grSu6Ne	7	135.0	7	2171.987	2172.287
2172.287	0.900000000000091	trials	43	s043_F200621	grCe	1	180.0	7	2172.587	2172.887
2172.8959999999997	0.900000000000091	trials	43	s043_F200621	grCe_grSu6Ne_PS	18	315.0	7	2173.196	2173.495
2179.8379999999997	0.900000000000091	trials	43	s043_F200621	grCe_grSu12SmCiNe_PS	21	0.0	7	2180.138	2180.438
2180.48	0.900000000000091	trials	43	s043_F200621	grCe_grSu6CiNe	15	90.0	7	2180.78	2181.08
2181.089	0.900000000000091	trials	43	s043_F200621	grCe_grSu1Ne	3	270.0	7	2181.389	2181.688
2181.705	0.900000000000091	trials	43	s043_F200621	grCe_grSu6CiNe_PS	19	315.0	7	2182.005	2182.305
2182.314	0.900000000000091	trials	43	s043_F200621	grCe_grSu3Ne	5	90.0	7	2182.614	2182.913
2189.4979999999996	0.900000000000091	trials	43	s043_F200621	grCe_grSu18Fa	11	90.0	7	2189.798	2190.098
2190.1059999999998	0.900000000000091	trials	43	s043_F200621	grCe_grSu6CiNe	15	225.0	7	2190.406	2190.706
2190.756	0.900000000000091	trials	43	s043_F200621	grCe_grSu12Mi	9	225.0	7	2191.056	2191.356
2191.357	0.900000000000091	trials	43	s043_F200621	grCe_grSu6CiNe_PS	19	225.0	7	2191.657	2191.956
2199.0829999999996	0.900000000000091	trials	43	s043_F200621	grSu18Fa	10		7	2199.383	2199.682
2199.7329999999997	0.900000000000091	trials	43	s043_F200621	grCe_grSu12SmCiNe_PS	21	270.0	7	2200.033	2200.332
2200.341	0.900000000000091	trials	43	s043_F200621	coCe	16	315.0	7	2200.641	2200.941
2200.9489999999996	0.900000000000091	trials	43	s043_F200621	grCe_grSu12SmCiNe_PS	21	45.0	7	2201.249	2201.549
2201.558	0.900000000000091	trials	43	s043_F200621	grSu12Mi	8		7	2201.858	2202.158
2208.95	0.900000000000091	trials	43	s043_F200621	coCe_grSu6Ne	17	0.0	7	2209.25	2209.55
2209.5589999999997	0.900000000000091	trials	43	s043_F200621	grCe_grSu6Ne	7	315.0	7	2209.859	2210.159
2210.1589999999997	0.900000000000091	trials	43	s043_F200621	grCe_grSu6Ne_PS	18	180.0	7	2210.459	2210.759
2210.759	0.900000000000091	trials	43	s043_F200621	coCe	16	135.0	7	2211.059	2211.359
2211.3759999999997	0.900000000000091	trials	43	s043_F200621	grCe_grSu18Fa	11	270.0	7	2211.676	2211.975
2218.252	0.900000000000091	trials	43	s043_F200621	grSu3Ne	4		7	2218.552	2218.851
2218.877	0.900000000000091	trials	43	s043_F200621	grCe_grSu18Fa	11	225.0	7	2219.177	2219.476
2222.7189999999996	0.900000000000091	trials	43	s043_F200621	grCe_grSu12SmCiNe	13	180.0	7	2223.019	2223.319
2223.352	0.900000000000091	trials	43	s043_F200621	grCe_grSu12Mi	9	315.0	7	2223.652	2223.952
2223.9519999999998	0.900000000000091	trials	43	s043_F200621	coCe	16	45.0	7	2224.252	2224.552
2224.5519999999997	0.900000000000091	trials	43	s043_F200621	grCe_grSu6Ne_PS	18	90.0	7	2224.852	2225.152
2225.194	0.900000000000091	trials	43	s043_F200621	grCe_grSu1Ne	3	45.0	7	2225.494	2225.794
2240.355	0.900000000000091	trials	43	s043_F200621	coCe	16	180.0	7	2240.655	2240.954
2240.9629999999997	0.900000000000091	trials	43	s043_F200621	coCe_grSu6Ne	17	225.0	7	2241.263	2241.563
2241.571	0.900000000000091	trials	43	s043_F200621	grCe_grSu1Ne	3	90.0	7	2241.871	2242.171
2242.18	0.900000000000091	trials	43	s043_F200621	grCe_grSu6CiNe_PS	19	0.0	7	2242.48	2242.779
2242.796	0.900000000000091	trials	43	s043_F200621	grCe_grSu18Fa	11	0.0	7	2243.096	2243.396
2279.5099999999998	0.900000000000091	trials	43	s043_F200621	grCe_grSu12Mi	9	90.0	7	2279.81	2280.109
2280.118	0.900000000000091	trials	43	s043_F200621	grCe_grSu1Ne	3	180.0	7	2280.418	2280.718
2280.7259999999997	0.900000000000091	trials	43	s043_F200621	grCe_grSu12SmCiNe	13	225.0	7	2281.026	2281.326
2281.326	0.900000000000091	trials	43	s043_F200621	grCe	1	135.0	7	2281.626	2281.926
2281.9269999999997	0.900000000000091	trials	43	s043_F200621	grCe_grSu12SmCiNe_PS	21	135.0	7	2282.227	2282.526
2293.845	0.900000000000091	trials	43	s043_F200621	grCe	1	45.0	7	2294.145	2294.444
2294.453	0.900000000000091	trials	43	s043_F200621	grCe	1	90.0	7	2294.753	2295.053
2295.053	0.900000000000091	trials	43	s043_F200621	grCe_grSu12SmCiNe_PS	21	180.0	7	2295.353	2295.653
2303.363	0.900000000000091	trials	43	s043_F200621	grCe_grSu12SmCiNe	13	315.0	7	2303.663	2303.962
2304.613	0.900000000000091	trials	43	s043_F200621	grCe_grSu1Ne	3	225.0	7	2304.913	2305.213
2305.2129999999997	0.900000000000091	trials	43	s043_F200621	coCe	16	0.0	7	2305.513	2305.813
2305.821	0.900000000000091	trials	43	s043_F200621	grCe_grSu6CiNe_PS	19	180.0	7	2306.121	2306.421
2313.0809999999997	0.900000000000091	trials	43	s043_F200621	grCe_grSu1Ne	3	0.0	7	2313.381	2313.68
2313.689	0.900000000000091	trials	43	s043_F200621	grCe_grSu6Ne	7	225.0	7	2313.989	2314.289
2314.297	0.900000000000091	trials	43	s043_F200621	grCe_grSu6CiNe_PS	19	135.0	7	2314.597	2314.897
2314.9469999999997	0.900000000000091	trials	43	s043_F200621	grCe_grSu18Fa	11	135.0	7	2315.247	2315.547
2315.556	0.900000000000091	trials	43	s043_F200621	grCe_grSu12Mi	9	135.0	7	2315.856	2316.156
2334.058	0.900000000000091	trials	43	s043_F200621	grCe_grSu3Ne	5	180.0	7	2334.358	2334.658
2334.667	0.900000000000091	trials	43	s043_F200621	grCe_grSu12SmCiNe	13	135.0	7	2334.967	2335.266
2335.8999999999996	0.900000000000091	trials	43	s043_F200621	grCe_grSu12Mi	9	0.0	7	2336.2	2336.5
2336.5249999999996	0.900000000000091	trials	43	s043_F200621	NoStim	0		7	2336.825	2337.125
2353.1859999999997	0.900000000000091	trials	43	s043_F200621	grSu12SmCiNe	12		7	2353.486	2353.785
2354.394	0.900000000000091	trials	43	s043_F200621	grCe_grSu6Ne	7	270.0	7	2354.694	2354.994
2355.0029999999997	0.900000000000091	trials	43	s043_F200621	grCe_grSu3Ne	5	45.0	7	2355.303	2355.602
2355.636	0.900000000000091	trials	43	s043_F200621	grCe_grSu12SmCiNe	13	270.0	7	2355.936	2356.236
2363.495	0.900000000000091	trials	43	s043_F200621	grCe_grSu6CiNe	15	270.0	7	2363.795	2364.095
2364.7619999999997	0.900000000000091	trials	43	s043_F200621	grCe_grSu6CiNe	15	180.0	7	2365.062	2365.362
2365.3709999999996	0.900000000000091	trials	43	s043_F200621	grCe_grSu6Ne	7	90.0	7	2365.671	2365.97
2372.4719999999998	0.900000000000091	trials	43	s043_F200621	grCe_grSu12Mi	9	45.0	7	2372.772	2373.071
2373.6879999999996	0.900000000000091	trials	43	s043_F200621	grCe_grSu1Ne	3	315.0	7	2373.988	2374.288
2374.297	0.900000000000091	trials	43	s043_F200621	coSu6Ne	20		7	2374.597	2374.896
2374.9049999999997	0.900000000000091	trials	43	s043_F200621	grCe_grSu1Ne	3	315.0	9	2375.205	2375.505
2382.7479999999996	0.900000000000091	trials	43	s043_F200621	grSu3Ne	4		9	2383.048	2383.348
2383.3559999999998	0.900000000000091	trials	43	s043_F200621	coCe_grSu6Ne	17	135.0	9	2383.656	2383.956
2383.9559999999997	0.900000000000091	trials	43	s043_F200621	grCe_grSu6CiNe_PS	19	180.0	9	2384.256	2384.556
2384.556	0.900000000000091	trials	43	s043_F200621	grCe_grSu6Ne_PS	18	45.0	9	2384.856	2385.156
2392.8489999999997	0.900000000000091	trials	43	s043_F200621	grCe_grSu6Ne	7	0.0	9	2393.149	2393.449
2393.4579999999996	0.900000000000091	trials	43	s043_F200621	grCe_grSu3Ne	5	135.0	9	2393.758	2394.057
2394.674	0.900000000000091	trials	43	s043_F200621	grCe_grSu12Mi	9	270.0	9	2394.974	2395.274
2395.316	0.900000000000091	trials	43	s043_F200621	grCe_grSu18Fa	11	135.0	9	2395.616	2395.916
2407.743	0.900000000000091	trials	43	s043_F200621	coCe	16	180.0	9	2408.043	2408.342
2408.3599999999997	0.900000000000091	trials	43	s043_F200621	grCe_grSu18Fa	11	180.0	9	2408.66	2408.959
2408.993	0.900000000000091	trials	43	s043_F200621	grCe_grSu6Ne	7	45.0	9	2409.293	2409.593
2409.6009999999997	0.900000000000091	trials	43	s043_F200621	grCe_grSu1Ne	3	90.0	9	2409.901	2410.201
2410.201	0.900000000000091	trials	43	s043_F200621	grCe	1	225.0	9	2410.501	2410.801
2417.602	0.900000000000091	trials	43	s043_F200621	grCe_grSu18Fa	11	0.0	9	2417.902	2418.202
2418.227	0.900000000000091	trials	43	s043_F200621	grCe_grSu12SmCiNe_PS	21	180.0	9	2418.527	2418.827
2418.861	0.900000000000091	trials	43	s043_F200621	grCe_grSu1Ne	3	135.0	9	2419.161	2419.461
2420.078	0.900000000000091	trials	43	s043_F200621	coSu6Ne	20		9	2420.378	2420.677
2427.7619999999997	0.900000000000091	trials	43	s043_F200621	grCe_grSu6Ne	7	270.0	9	2428.062	2428.362
2428.37	0.900000000000091	trials	43	s043_F200621	grCe_grSu12SmCiNe	13	0.0	9	2428.67	2428.97
2428.979	0.900000000000091	trials	43	s043_F200621	coCe_grSu6Ne	17	315.0	9	2429.279	2429.579
2429.596	0.900000000000091	trials	43	s043_F200621	grCe_grSu12SmCiNe	13	135.0	9	2429.896	2430.195
2430.212	0.900000000000091	trials	43	s043_F200621	grCe_grSu3Ne	5	90.0	9	2430.512	2430.812
2442.464	0.900000000000091	trials	43	s043_F200621	grCe_grSu6CiNe_PS	19	135.0	9	2442.764	2443.064
2443.064	0.900000000000091	trials	43	s043_F200621	coCe	16	225.0	9	2443.364	2443.664
2443.672	0.900000000000091	trials	43	s043_F200621	coCe_grSu6Ne	17	90.0	9	2443.972	2444.272
2444.306	0.900000000000091	trials	43	s043_F200621	grCe_grSu18Fa	11	45.0	9	2444.606	2444.906
2444.923	0.900000000000091	trials	43	s043_F200621	grCe_grSu6CiNe	15	270.0	9	2445.223	2445.522
2452.732	0.900000000000091	trials	43	s043_F200621	grCe_grSu6CiNe	15	45.0	9	2453.032	2453.332
2453.3399999999997	0.900000000000091	trials	43	s043_F200621	grCe	1	0.0	9	2453.64	2453.94
2453.9489999999996	0.900000000000091	trials	43	s043_F200621	grCe_grSu6CiNe	15	0.0	9	2454.249	2454.548
2454.557	0.900000000000091	trials	43	s043_F200621	grCe_grSu6CiNe	15	180.0	9	2454.857	2455.157
2455.1569999999997	0.900000000000091	trials	43	s043_F200621	grCe_grSu6Ne_PS	18	315.0	9	2455.457	2455.757
2472.4179999999997	0.900000000000091	trials	43	s043_F200621	grCe	1	270.0	9	2472.718	2473.018
2473.026	0.900000000000091	trials	43	s043_F200621	coCe	16	45.0	9	2473.326	2473.626
2473.6349999999998	0.900000000000091	trials	43	s043_F200621	grCe_grSu6Ne	7	315.0	9	2473.935	2474.234
2474.2599999999998	0.900000000000091	trials	43	s043_F200621	grSu6Ne	6		9	2474.56	2474.859
2482.152	0.900000000000091	trials	43	s043_F200621	grCe_grSu12Mi	9	45.0	9	2482.452	2482.752
2483.3779999999997	0.900000000000091	trials	43	s043_F200621	grCe_grSu18Fa	11	225.0	9	2483.678	2483.977
2483.9939999999997	0.900000000000091	trials	43	s043_F200621	coCe	16	315.0	9	2484.294	2484.594
2484.636	0.900000000000091	trials	43	s043_F200621	grCe_grSu1Ne	3	225.0	9	2484.936	2485.236
2495.9289999999996	0.900000000000091	trials	43	s043_F200621	grCe_grSu3Ne	5	225.0	9	2496.229	2496.529
2496.546	0.900000000000091	trials	43	s043_F200621	grCe_grSu6CiNe_PS	19	0.0	9	2496.846	2497.146
2497.796	0.900000000000091	trials	43	s043_F200621	grCe_grSu6CiNe	15	135.0	9	2498.096	2498.396
2498.4049999999997	0.900000000000091	trials	43	s043_F200621	grCe_grSu1Ne	3	270.0	9	2498.705	2499.004
2507.172	0.900000000000091	trials	43	s043_F200621	grCe_grSu12Mi	9	0.0	9	2507.472	2507.772
2507.781	0.900000000000091	trials	43	s043_F200621	grCe_grSu1Ne	3	0.0	9	2508.081	2508.38
2508.9809999999998	0.900000000000091	trials	43	s043_F200621	grSu6CiNe	14		9	2509.281	2509.581
2509.5809999999997	0.900000000000091	trials	43	s043_F200621	grCe_grSu6Ne_PS	18	270.0	9	2509.881	2510.181
2539.16	0.900000000000091	trials	43	s043_F200621	grCe_grSu6CiNe_PS	19	315.0	9	2539.46	2539.759
2539.768	0.900000000000091	trials	43	s043_F200621	coCe_grSu6Ne	17	225.0	9	2540.068	2540.368
2540.3849999999998	0.900000000000091	trials	43	s043_F200621	grCe_grSu12Mi	9	180.0	9	2540.685	2540.985
2540.993	0.900000000000091	trials	43	s043_F200621	coCe_grSu6Ne	17	270.0	9	2541.293	2541.593
2541.602	0.900000000000091	trials	43	s043_F200621	grCe_grSu6Ne	7	225.0	9	2541.902	2542.201
2549.669	0.900000000000091	trials	43	s043_F200621	grCe_grSu12SmCiNe	13	180.0	9	2549.969	2550.269
2550.2859999999996	0.900000000000091	trials	43	s043_F200621	coCe	16	0.0	9	2550.586	2550.886
2550.9109999999996	0.900000000000091	trials	43	s043_F200621	grCe_grSu12SmCiNe	13	45.0	9	2551.211	2551.511
2564.68	0.900000000000091	trials	43	s043_F200621	grCe_grSu18Fa	11	90.0	9	2564.98	2565.279
2568.247	0.900000000000091	trials	43	s043_F200621	grCe_grSu12Mi	9	315.0	9	2568.547	2568.847
2568.864	0.900000000000091	trials	43	s043_F200621	grCe_grSu6Ne_PS	18	0.0	9	2569.164	2569.463
2569.5049999999997	0.900000000000091	trials	43	s043_F200621	coCe	16	135.0	9	2569.805	2570.105
2574.1059999999998	0.900000000000091	trials	43	s043_F200621	coCe_grSu6Ne	17	0.0	9	2574.406	2574.706
2574.7059999999997	0.900000000000091	trials	43	s043_F200621	grCe_grSu6Ne_PS	18	90.0	9	2575.006	2575.306
2575.314	0.900000000000091	trials	43	s043_F200621	grCe_grSu6CiNe	15	225.0	9	2575.614	2575.914
2575.915	0.900000000000091	trials	43	s043_F200621	grCe	1	90.0	9	2576.215	2576.514
2576.5649999999996	0.900000000000091	trials	43	s043_F200621	grCe_grSu3Ne	5	270.0	9	2576.865	2577.164
2594.5919999999996	0.900000000000091	trials	43	s043_F200621	grCe	1	45.0	9	2594.892	2595.192
2595.2	0.900000000000091	trials	43	s043_F200621	grCe_grSu1Ne	3	45.0	9	2595.5	2595.8
2596.4089999999997	0.900000000000091	trials	43	s043_F200621	NoStim	0		9	2596.709	2597.009
2597.009	0.900000000000091	trials	43	s043_F200621	grCe_grSu12SmCiNe_PS	21	225.0	9	2597.309	2597.609
2609.3109999999997	0.900000000000091	trials	43	s043_F200621	grCe_grSu3Ne	5	315.0	9	2609.611	2609.91
2609.919	0.900000000000091	trials	43	s043_F200621	grCe_grSu6Ne_PS	18	225.0	9	2610.219	2610.519
2610.527	0.900000000000091	trials	43	s043_F200621	grSu12SmCiNe	12		9	2610.827	2611.127
2611.144	0.900000000000091	trials	43	s043_F200621	grCe_grSu6CiNe_PS	19	90.0	9	2611.444	2611.744
2611.752	0.900000000000091	trials	43	s043_F200621	grCe_grSu12SmCiNe_PS	21	0.0	9	2612.052	2612.352
2620.379	0.900000000000091	trials	43	s043_F200621	grSu1Ne	2		9	2620.679	2620.978
2620.9869999999996	0.900000000000091	trials	43	s043_F200621	grCe_grSu6CiNe_PS	19	270.0	9	2621.287	2621.587
2621.629	0.900000000000091	trials	43	s043_F200621	grCe_grSu12SmCiNe_PS	21	270.0	9	2621.929	2622.228
2639.556	0.900000000000091	trials	43	s043_F200621	grSu18Fa	10		9	2639.856	2640.156
2640.1639999999998	0.900000000000091	trials	43	s043_F200621	grCe_grSu6Ne	7	135.0	9	2640.464	2640.764
2640.7729999999997	0.900000000000091	trials	43	s043_F200621	grCe_grSu1Ne	3	180.0	9	2641.073	2641.373
2649.749	0.900000000000091	trials	43	s043_F200621	grCe_grSu12SmCiNe_PS	21	315.0	9	2650.049	2650.349
2651.0409999999997	0.900000000000091	trials	43	s043_F200621	grCe_grSu12SmCiNe	13	270.0	9	2651.341	2651.641
2652.258	0.900000000000091	trials	43	s043_F200621	grCe_grSu12Mi	9	90.0	9	2652.558	2652.857
2659.9249999999997	0.900000000000091	trials	43	s043_F200621	grCe_grSu3Ne	5	180.0	9	2660.225	2660.525
2660.5339999999997	0.900000000000091	trials	43	s043_F200621	grCe_grSu6CiNe_PS	19	45.0	9	2660.834	2661.133
2661.134	0.900000000000091	trials	43	s043_F200621	grCe_grSu12SmCiNe_PS	21	90.0	9	2661.434	2661.734
2661.734	0.900000000000091	trials	43	s043_F200621	grCe	1	315.0	9	2662.034	2662.334
2710.665	0.900000000000091	trials	43	s043_F200621	grCe	1	180.0	9	2710.965	2711.265
2711.874	0.900000000000091	trials	43	s043_F200621	coCe	16	270.0	9	2712.174	2712.473
2712.491	0.900000000000091	trials	43	s043_F200621	grCe_grSu18Fa	11	270.0	9	2712.791	2713.09
2722.442	0.900000000000091	trials	43	s043_F200621	grCe_grSu6Ne	7	180.0	9	2722.742	2723.041
2723.0919999999996	0.900000000000091	trials	43	s043_F200621	grCe_grSu18Fa	11	315.0	9	2723.392	2723.692
2723.7	0.900000000000091	trials	43	s043_F200621	grCe_grSu6Ne	7	90.0	9	2724.0	2724.3
2724.3089999999997	0.900000000000091	trials	43	s043_F200621	grCe_grSu12SmCiNe	13	315.0	9	2724.609	2724.908
2724.917	0.900000000000091	trials	43	s043_F200621	grCe_grSu3Ne	5	0.0	9	2725.217	2725.517
2732.6679999999997	0.900000000000091	trials	43	s043_F200621	coCe_grSu6Ne	17	180.0	9	2732.968	2733.268
2734.518	0.900000000000091	trials	43	s043_F200621	grCe_grSu6CiNe	15	315.0	9	2734.818	2735.118
2735.1349999999998	0.900000000000091	trials	43	s043_F200621	grCe_grSu12SmCiNe_PS	21	135.0	9	2735.435	2735.735
2742.794	0.900000000000091	trials	43	s043_F200621	grCe_grSu6CiNe_PS	19	225.0	9	2743.094	2743.394
2743.403	0.900000000000091	trials	43	s043_F200621	grCe_grSu3Ne	5	45.0	9	2743.703	2744.003
2744.0029999999997	0.900000000000091	trials	43	s043_F200621	grCe_grSu6Ne_PS	18	180.0	9	2744.303	2744.603
2744.611	0.900000000000091	trials	43	s043_F200621	grCe_grSu12SmCiNe	13	225.0	9	2744.911	2745.211
2745.22	0.900000000000091	trials	43	s043_F200621	grCe_grSu12Mi	9	225.0	9	2745.52	2745.819
2753.046	0.900000000000091	trials	43	s043_F200621	coCe	16	90.0	9	2753.346	2753.645
2753.6879999999996	0.900000000000091	trials	43	s043_F200621	coCe_grSu6Ne	17	45.0	9	2753.988	2754.287
2754.296	0.900000000000091	trials	43	s043_F200621	grSu12Mi	8		9	2754.596	2754.896
2759.555	0.900000000000091	trials	43	s043_F200621	grCe_grSu12SmCiNe_PS	21	45.0	9	2759.855	2760.155
2770.1229999999996	0.900000000000091	trials	43	s043_F200621	grCe_grSu6Ne_PS	18	135.0	9	2770.423	2770.723
2770.7309999999998	0.900000000000091	trials	43	s043_F200621	grCe_grSu6CiNe	15	90.0	9	2771.031	2771.331
2771.973	0.900000000000091	trials	43	s043_F200621	grCe_grSu12Mi	9	135.0	9	2772.273	2772.573
2772.582	0.900000000000091	trials	43	s043_F200621	grCe_grSu12SmCiNe	13	90.0	9	2772.882	2773.181
2798.277	0.900000000000091	trials	43	s043_F200621	grCe	1	135.0	9	2798.577	2798.876
2806.928	0.900000000000091	trials	43	s043_F200621	grCe_grSu6CiNe	15	45.0	6	2807.228	2807.527
2807.553	0.900000000000091	trials	43	s043_F200621	coCe_grSu6Ne	17	270.0	6	2807.853	2808.152
2808.7859999999996	0.900000000000091	trials	43	s043_F200621	grCe_grSu6CiNe_PS	19	0.0	6	2809.086	2809.386
2809.395	0.900000000000091	trials	43	s043_F200621	grCe_grSu6CiNe	15	90.0	6	2809.695	2809.994
2861.426	0.900000000000091	trials	43	s043_F200621	coCe	16	45.0	6	2861.726	2862.026
2862.035	0.900000000000091	trials	43	s043_F200621	grCe_grSu6Ne	7	45.0	6	2862.335	2862.635
2863.243	0.900000000000091	trials	43	s043_F200621	grCe_grSu6CiNe	15	270.0	6	2863.543	2863.843
2863.852	0.900000000000091	trials	43	s043_F200621	grCe_grSu6CiNe_PS	19	135.0	6	2864.152	2864.451
2872.153	0.900000000000091	trials	43	s043_F200621	grCe_grSu6CiNe_PS	19	45.0	6	2872.453	2872.752
2872.761	0.900000000000091	trials	43	s043_F200621	grCe_grSu6Ne	7	270.0	6	2873.061	2873.361
2890.464	0.900000000000091	trials	43	s043_F200621	grCe	1	0.0	6	2890.764	2891.063
2921.6839999999997	0.900000000000091	trials	43	s043_F200621	grCe_grSu1Ne	3	135.0	6	2921.984	2922.284
2922.2839999999997	0.900000000000091	trials	43	s043_F200621	grCe_grSu12SmCiNe_PS	21	135.0	6	2922.584	2922.884
2922.893	0.900000000000091	trials	43	s043_F200621	grCe_grSu1Ne	3	315.0	6	2923.193	2923.492
2923.509	0.900000000000091	trials	43	s043_F200621	grSu18Fa	10		6	2923.809	2924.109
2924.118	0.900000000000091	trials	43	s043_F200621	grCe_grSu6CiNe_PS	19	90.0	6	2924.418	2924.718
2942.654	0.900000000000091	trials	43	s043_F200621	grCe_grSu12SmCiNe	13	135.0	6	2942.954	2943.253
2943.27	0.900000000000091	trials	43	s043_F200621	grCe_grSu18Fa	11	315.0	6	2943.57	2943.87
2944.504	0.900000000000091	trials	43	s043_F200621	coSu6Ne	20		6	2944.804	2945.104
2945.1119999999996	0.900000000000091	trials	43	s043_F200621	coCe_grSu6Ne	17	90.0	6	2945.412	2945.712
2953.1299999999997	0.900000000000091	trials	43	s043_F200621	coCe	16	135.0	6	2953.43	2953.73
2954.388	0.900000000000091	trials	43	s043_F200621	grCe_grSu6Ne_PS	18	45.0	6	2954.688	2954.988
2954.989	0.900000000000091	trials	43	s043_F200621	grCe_grSu6Ne_PS	18	225.0	6	2955.289	2955.588
2964.098	0.900000000000091	trials	43	s043_F200621	grCe	1	270.0	6	2964.398	2964.698
2964.7309999999998	0.900000000000091	trials	43	s043_F200621	grCe_grSu18Fa	11	225.0	6	2965.031	2965.331
2965.3399999999997	0.900000000000091	trials	43	s043_F200621	grCe_grSu1Ne	3	90.0	6	2965.64	2965.94
2965.948	0.900000000000091	trials	43	s043_F200621	grCe_grSu6Ne_PS	18	270.0	6	2966.248	2966.548
2973.749	0.900000000000091	trials	43	s043_F200621	coCe	16	180.0	6	2974.049	2974.349
2974.3909999999996	0.900000000000091	trials	43	s043_F200621	grCe_grSu12SmCiNe	13	180.0	6	2974.691	2974.991
2974.991	0.900000000000091	trials	43	s043_F200621	grCe	1	180.0	6	2975.291	2975.591
2975.6409999999996	0.900000000000091	trials	43	s043_F200621	grCe_grSu18Fa	11	180.0	6	2975.941	2976.241
2976.25	0.900000000000091	trials	43	s043_F200621	grCe_grSu6Ne	7	90.0	6	2976.55	2976.849
2984.759	0.900000000000091	trials	43	s043_F200621	grCe	1	135.0	6	2985.059	2985.359
2985.3669999999997	0.900000000000091	trials	43	s043_F200621	grCe_grSu12SmCiNe_PS	21	45.0	6	2985.667	2985.967
2985.9759999999997	0.900000000000091	trials	43	s043_F200621	grCe_grSu6CiNe	15	225.0	6	2986.276	2986.576
2986.584	0.900000000000091	trials	43	s043_F200621	grSu6CiNe	14		6	2986.884	2987.184
2994.902	0.900000000000091	trials	43	s043_F200621	grSu1Ne	2		6	2995.202	2995.502
2995.502	0.900000000000091	trials	43	s043_F200621	grCe_grSu6Ne_PS	18	315.0	6	2995.802	2996.102
2996.127	0.900000000000091	trials	43	s043_F200621	grCe_grSu12SmCiNe_PS	21	180.0	6	2996.427	2996.727
3000.636	0.900000000000091	trials	43	s043_F200621	grCe_grSu3Ne	5	90.0	6	3000.936	3001.236
3001.2439999999997	0.900000000000091	trials	43	s043_F200621	grCe_grSu3Ne	5	225.0	6	3001.544	3001.844
3002.461	0.900000000000091	trials	43	s043_F200621	grCe_grSu1Ne	3	180.0	6	3002.761	3003.061
3010.904	0.900000000000091	trials	43	s043_F200621	grCe_grSu3Ne	5	135.0	6	3011.204	3011.504
3011.537	0.900000000000091	trials	43	s043_F200621	grCe_grSu18Fa	11	90.0	6	3011.837	3012.137
3012.7459999999996	0.900000000000091	trials	43	s043_F200621	grSu6Ne	6		6	3013.046	3013.346
3013.354	0.900000000000091	trials	43	s043_F200621	grCe_grSu12Mi	9	315.0	6	3013.654	3013.954
3030.823	0.900000000000091	trials	43	s043_F200621	grCe	1	315.0	6	3031.123	3031.423
3087.406	0.900000000000091	trials	43	s043_F200621	grCe_grSu3Ne	5	0.0	6	3087.706	3088.005
3088.0139999999997	0.900000000000091	trials	43	s043_F200621	grCe_grSu12Mi	9	225.0	6	3088.314	3088.614
3088.614	0.900000000000091	trials	43	s043_F200621	grCe_grSu6CiNe_PS	19	180.0	6	3088.914	3089.214
3089.214	0.900000000000091	trials	43	s043_F200621	grCe_grSu6CiNe_PS	19	225.0	6	3089.514	3089.814
3089.848	0.900000000000091	trials	43	s043_F200621	grCe	1	45.0	6	3090.148	3090.447
3097.64	0.900000000000091	trials	43	s043_F200621	grCe_grSu6CiNe	15	180.0	6	3097.94	3098.24
3099.482	0.900000000000091	trials	43	s043_F200621	grSu3Ne	4		6	3099.782	3100.082
3100.116	0.900000000000091	trials	43	s043_F200621	coCe_grSu6Ne	17	45.0	6	3100.416	3100.715
3107.8579999999997	0.900000000000091	trials	43	s043_F200621	grCe_grSu6CiNe	15	315.0	6	3108.158	3108.458
3108.4669999999996	0.900000000000091	trials	43	s043_F200621	coCe_grSu6Ne	17	225.0	6	3108.767	3109.066
3109.0919999999996	0.900000000000091	trials	43	s043_F200621	grCe_grSu1Ne	3	225.0	6	3109.392	3109.691
3110.292	0.900000000000091	trials	43	s043_F200621	grCe_grSu6CiNe_PS	19	270.0	6	3110.592	3110.892
3118.093	0.900000000000091	trials	43	s043_F200621	grCe_grSu12SmCiNe	13	270.0	6	3118.393	3118.693
3118.71	0.900000000000091	trials	43	s043_F200621	grCe_grSu18Fa	11	135.0	6	3119.01	3119.309
3122.277	0.900000000000091	trials	43	s043_F200621	grCe_grSu12Mi	9	135.0	6	3122.577	3122.876
3122.902	0.900000000000091	trials	43	s043_F200621	grCe_grSu12SmCiNe_PS	21	315.0	6	3123.202	3123.502
3123.519	0.900000000000091	trials	43	s043_F200621	grCe_grSu18Fa	11	0.0	6	3123.819	3124.118
3124.127	0.900000000000091	trials	43	s043_F200621	grCe_grSu6Ne	7	0.0	6	3124.427	3124.727
3124.7439999999997	0.900000000000091	trials	43	s043_F200621	grCe_grSu3Ne	5	315.0	6	3125.044	3125.343
3132.453	0.900000000000091	trials	43	s043_F200621	grCe_grSu12Mi	9	45.0	6	3132.753	3133.053
3133.062	0.900000000000091	trials	43	s043_F200621	grCe_grSu12SmCiNe	13	315.0	6	3133.362	3133.661
3133.678	0.900000000000091	trials	43	s043_F200621	grCe_grSu6CiNe	15	0.0	6	3133.978	3134.278
3134.287	0.900000000000091	trials	43	s043_F200621	grCe_grSu6Ne_PS	18	0.0	6	3134.587	3134.886
3134.903	0.900000000000091	trials	43	s043_F200621	coCe	16	315.0	6	3135.203	3135.503
3142.8959999999997	0.900000000000091	trials	43	s043_F200621	grSu12Mi	8		6	3143.196	3143.496
3143.5049999999997	0.900000000000091	trials	43	s043_F200621	grCe_grSu1Ne	3	0.0	6	3143.805	3144.104
3144.171	0.900000000000091	trials	43	s043_F200621	grCe_grSu6Ne_PS	18	135.0	6	3144.471	3144.771
3145.421	0.900000000000091	trials	43	s043_F200621	grCe_grSu6Ne_PS	18	90.0	6	3145.721	3146.021
3153.314	0.900000000000091	trials	43	s043_F200621	grCe_grSu12SmCiNe	13	45.0	6	3153.614	3153.914
3153.931	0.900000000000091	trials	43	s043_F200621	grCe_grSu18Fa	11	45.0	6	3154.231	3154.531
3157.5649999999996	0.900000000000091	trials	43	s043_F200621	grCe_grSu3Ne	5	45.0	6	3157.865	3158.164
3158.7729999999997	0.900000000000091	trials	43	s043_F200621	grCe_grSu12SmCiNe_PS	21	270.0	6	3159.073	3159.373
3159.3729999999996	0.900000000000091	trials	43	s043_F200621	coCe	16	225.0	6	3159.673	3159.973
3163.5319999999997	0.900000000000091	trials	43	s043_F200621	grCe	1	225.0	6	3163.832	3164.132
3164.741	0.900000000000091	trials	43	s043_F200621	coCe	16	90.0	6	3165.041	3165.34
3173.325	0.900000000000091	trials	43	s043_F200621	grCe_grSu1Ne	3	270.0	6	3173.625	3173.925
3173.933	0.900000000000091	trials	43	s043_F200621	grCe_grSu1Ne	3	45.0	6	3174.233	3174.533
3174.5339999999997	0.900000000000091	trials	43	s043_F200621	NoStim	0		6	3174.834	3175.133
3178.701	0.900000000000091	trials	43	s043_F200621	grCe_grSu12SmCiNe_PS	21	90.0	6	3179.001	3179.3
3179.301	0.900000000000091	trials	43	s043_F200621	grCe_grSu6Ne_PS	18	180.0	6	3179.601	3179.9
3179.9089999999997	0.900000000000091	trials	43	s043_F200621	grCe_grSu6CiNe_PS	19	315.0	6	3180.209	3180.509
3181.151	0.900000000000091	trials	43	s043_F200621	coCe	16	270.0	6	3181.451	3181.751
3189.3599999999997	0.900000000000091	trials	43	s043_F200621	grCe_grSu12SmCiNe_PS	21	0.0	6	3189.66	3189.96
3189.961	0.900000000000091	trials	43	s043_F200621	grCe_grSu12SmCiNe_PS	21	225.0	6	3190.261	3190.56
3190.569	0.900000000000091	trials	43	s043_F200621	grCe_grSu6Ne	7	315.0	6	3190.869	3191.169
3191.1769999999997	0.900000000000091	trials	43	s043_F200621	coCe_grSu6Ne	17	180.0	6	3191.477	3191.777
3191.7859999999996	0.900000000000091	trials	43	s043_F200621	coCe_grSu6Ne	17	0.0	6	3192.086	3192.385
3199.587	0.900000000000091	trials	43	s043_F200621	grCe_grSu12SmCiNe	13	0.0	6	3199.887	3200.186
3200.1949999999997	0.900000000000091	trials	43	s043_F200621	grCe_grSu12Mi	9	180.0	6	3200.495	3200.795
3201.412	0.900000000000091	trials	43	s043_F200621	grCe_grSu12Mi	9	90.0	6	3201.712	3202.012
3202.0539999999996	0.900000000000091	trials	43	s043_F200621	grCe_grSu12Mi	9	0.0	6	3202.354	3202.653
3237.0249999999996	0.900000000000091	trials	43	s043_F200621	grCe_grSu3Ne	5	180.0	6	3237.325	3237.625
3237.625	0.900000000000091	trials	43	s043_F200621	coCe	16	0.0	6	3237.925	3238.225
3238.2329999999997	0.900000000000091	trials	43	s043_F200621	coCe_grSu6Ne	17	135.0	6	3238.533	3238.833
3238.834	0.900000000000091	trials	43	s043_F200621	grSu12SmCiNe	12		6	3239.134	3239.433
3239.45	0.900000000000091	trials	43	s043_F200621	coCe_grSu6Ne	17	315.0	6	3239.75	3240.05
3255.961	0.900000000000091	trials	43	s043_F200621	grCe_grSu6Ne	7	180.0	6	3256.261	3256.56
3257.178	0.900000000000091	trials	43	s043_F200621	grCe_grSu6CiNe	15	135.0	6	3257.478	3257.777
3257.8109999999997	0.900000000000091	trials	43	s043_F200621	grCe_grSu3Ne	5	270.0	6	3258.111	3258.411
3270.7459999999996	0.900000000000091	trials	43	s043_F200621	grCe	1	90.0	6	3271.046	3271.346
3271.9629999999997	0.900000000000091	trials	43	s043_F200621	grCe_grSu18Fa	11	270.0	6	3272.263	3272.562
3272.571	0.900000000000091	trials	43	s043_F200621	grCe_grSu12SmCiNe	13	90.0	6	3272.871	3273.171
3273.196	0.900000000000091	trials	43	s043_F200621	grCe_grSu12SmCiNe	13	225.0	6	3273.496	3273.796
3284.964	0.900000000000091	trials	43	s043_F200621	grCe_grSu6Ne	7	135.0	6	3285.264	3285.564
3285.573	0.900000000000091	trials	43	s043_F200621	grCe_grSu12Mi	9	270.0	6	3285.873	3286.173
3286.181	0.900000000000091	trials	43	s043_F200621	grCe_grSu6Ne	7	225.0	6	3286.481	3286.781
3286.781	0.900000000000091	trials	43	s043_F200621	grCe_grSu6CiNe_PS	19	180.0	2	3287.081	3287.381
3287.39	0.900000000000091	trials	43	s043_F200621	grCe_grSu6Ne	7	90.0	2	3287.69	3287.989
3314.243	0.900000000000091	trials	43	s043_F200621	grCe_grSu6Ne_PS	18	315.0	2	3314.543	3314.843
3314.852	0.900000000000091	trials	43	s043_F200621	grCe_grSu3Ne	5	135.0	2	3315.152	3315.451
3318.4689999999996	0.900000000000091	trials	43	s043_F200621	grCe_grSu12SmCiNe_PS	21	315.0	2	3318.769	3319.068
3319.0769999999998	0.900000000000091	trials	43	s043_F200621	grCe_grSu3Ne	5	270.0	2	3319.377	3319.677
3319.6859999999997	0.900000000000091	trials	43	s043_F200621	coCe_grSu6Ne	17	225.0	2	3319.986	3320.285
3320.294	0.900000000000091	trials	43	s043_F200621	grCe_grSu12SmCiNe_PS	21	225.0	2	3320.594	3320.894
3320.902	0.900000000000091	trials	43	s043_F200621	grCe_grSu6CiNe	15	90.0	2	3321.202	3321.502
3330.27	0.900000000000091	trials	43	s043_F200621	coCe_grSu6Ne	17	180.0	2	3330.57	3330.87
3330.879	0.900000000000091	trials	43	s043_F200621	grCe_grSu1Ne	3	0.0	2	3331.179	3331.478
3331.504	0.900000000000091	trials	43	s043_F200621	grCe_grSu6Ne	7	0.0	2	3331.804	3332.103
3332.104	0.900000000000091	trials	43	s043_F200621	NoStim	0		2	3332.404	3332.704
3332.712	0.900000000000091	trials	43	s043_F200621	grCe_grSu1Ne	3	270.0	2	3333.012	3333.312
3354.482	0.900000000000091	trials	43	s043_F200621	grCe_grSu6Ne_PS	18	90.0	2	3354.782	3355.081
3355.107	0.900000000000091	trials	43	s043_F200621	grCe_grSu6CiNe_PS	19	135.0	2	3355.407	3355.707
3374.401	0.900000000000091	trials	43	s043_F200621	grCe_grSu6Ne_PS	18	270.0	2	3374.701	3375.209
3375.8179999999998	0.900000000000091	trials	43	s043_F200621	grSu12SmCiNe	12		2	3376.118	3376.418
3376.426	0.900000000000091	trials	43	s043_F200621	grCe_grSu12SmCiNe	13	225.0	2	3376.726	3377.026
3377.051	0.900000000000091	trials	43	s043_F200621	grCe_grSu12SmCiNe_PS	21	90.0	2	3377.351	3377.651
3384.794	0.900000000000091	trials	43	s043_F200621	grCe_grSu3Ne	5	45.0	2	3385.094	3385.394
3385.394	0.900000000000091	trials	43	s043_F200621	grCe	1	225.0	2	3385.694	3385.994
3385.9939999999997	0.900000000000091	trials	43	s043_F200621	coCe	16	180.0	2	3386.294	3386.594
3394.854	0.900000000000091	trials	43	s043_F200621	grCe	1	315.0	2	3395.154	3395.453
3395.479	0.900000000000091	trials	43	s043_F200621	grSu6CiNe	14		2	3395.779	3396.078
3396.087	0.900000000000091	trials	43	s043_F200621	coCe_grSu6Ne	17	45.0	2	3396.387	3396.687
3396.687	0.900000000000091	trials	43	s043_F200621	grCe	1	45.0	2	3396.987	3397.287
3397.296	0.900000000000091	trials	43	s043_F200621	grCe_grSu6CiNe_PS	19	45.0	2	3397.596	3397.895
3405.0049999999997	0.900000000000091	trials	43	s043_F200621	coCe_grSu6Ne	17	270.0	2	3405.305	3405.605
3406.8219999999997	0.900000000000091	trials	43	s043_F200621	grCe_grSu1Ne	3	315.0	2	3407.122	3407.422
3407.439	0.900000000000091	trials	43	s043_F200621	grCe_grSu12SmCiNe_PS	21	180.0	2	3407.739	3408.038
3418.9979999999996	0.900000000000091	trials	43	s043_F200621	grCe_grSu12SmCiNe_PS	21	270.0	2	3419.298	3419.598
3419.5989999999997	0.900000000000091	trials	43	s043_F200621	grCe	1	180.0	2	3419.899	3420.198
3420.249	0.900000000000091	trials	43	s043_F200621	grCe_grSu18Fa	11	270.0	2	3420.549	3420.848
3425.6659999999997	0.900000000000091	trials	43	s043_F200621	grCe_grSu12Mi	9	270.0	2	3425.966	3426.266
3426.316	0.900000000000091	trials	43	s043_F200621	grCe_grSu6Ne_PS	18	180.0	2	3426.616	3426.916
3426.966	0.900000000000091	trials	43	s043_F200621	grCe_grSu12Mi	9	315.0	2	3427.266	3427.566
3427.5829999999996	0.900000000000091	trials	43	s043_F200621	grCe_grSu18Fa	11	45.0	2	3427.883	3428.183
3428.191	0.900000000000091	trials	43	s043_F200621	grSu3Ne	4		2	3428.491	3428.791
3471.7219999999998	0.900000000000091	trials	43	s043_F200621	grCe_grSu6Ne_PS	18	225.0	2	3472.022	3472.322
3472.364	0.900000000000091	trials	43	s043_F200621	grCe_grSu12Mi	9	0.0	2	3472.664	3472.963
3472.9719999999998	0.900000000000091	trials	43	s043_F200621	grCe_grSu3Ne	5	0.0	2	3473.272	3473.572
3474.2219999999998	0.900000000000091	trials	43	s043_F200621	grCe_grSu6CiNe	15	270.0	2	3474.522	3474.822
3540.839	0.900000000000091	trials	43	s043_F200621	grCe_grSu6CiNe_PS	19	0.0	2	3541.139	3541.439
3587.863	0.900000000000091	trials	43	s043_F200621	grCe_grSu6CiNe_PS	19	225.0	2	3588.163	3588.463
3604.2149999999997	0.900000000000091	trials	43	s043_F200621	grCe_grSu3Ne	5	180.0	2	3604.515	3604.815
3604.832	0.900000000000091	trials	43	s043_F200621	grCe_grSu6CiNe	15	180.0	2	3605.132	3605.431
3605.432	0.900000000000091	trials	43	s043_F200621	coCe	16	45.0	2	3605.732	3606.032
3606.04	0.900000000000091	trials	43	s043_F200621	grCe_grSu6Ne	7	225.0	2	3606.34	3606.64
3606.8399999999997	0.900000000000091	trials	43	s043_F200621	grCe_grSu12SmCiNe	13	180.0	2	3607.14	3607.44
3615.366	0.900000000000091	trials	43	s043_F200621	coCe	16	270.0	2	3615.666	3615.966
3621.0009999999997	0.900000000000091	trials	43	s043_F200621	grCe_grSu6Ne_PS	18	135.0	2	3621.301	3621.6
3624.6589999999997	0.900000000000091	trials	43	s043_F200621	grCe_grSu6CiNe_PS	19	90.0	2	3624.959	3625.259
3625.276	0.900000000000091	trials	43	s043_F200621	grCe_grSu18Fa	11	0.0	2	3625.576	3625.876
3625.8849999999998	0.900000000000091	trials	43	s043_F200621	coCe_grSu6Ne	17	315.0	2	3626.185	3626.484
3627.093	0.900000000000091	trials	43	s043_F200621	coCe	16	225.0	2	3627.393	3627.693
3634.769	0.900000000000091	trials	43	s043_F200621	grCe_grSu3Ne	5	90.0	2	3635.069	3635.369
3637.194	0.900000000000091	trials	43	s043_F200621	coCe	16	315.0	2	3637.494	3637.794
3644.912	0.900000000000091	trials	43	s043_F200621	grCe_grSu12SmCiNe	13	0.0	2	3645.212	3645.512
3681.1749999999997	0.900000000000091	trials	43	s043_F200621	grCe_grSu6Ne	7	180.0	2	3681.475	3681.775
3681.783	0.900000000000091	trials	43	s043_F200621	grCe_grSu6Ne	7	45.0	2	3682.083	3682.383
3682.392	0.900000000000091	trials	43	s043_F200621	grCe_grSu12SmCiNe_PS	21	0.0	2	3682.692	3682.991
3682.9919999999997	0.900000000000091	trials	43	s043_F200621	grCe	1	270.0	2	3683.292	3683.592
3683.5919999999996	0.900000000000091	trials	43	s043_F200621	coSu6Ne	20		2	3683.892	3684.192
3709.479	0.900000000000091	trials	43	s043_F200621	grCe_grSu12SmCiNe	13	315.0	2	3709.779	3710.078
3730.9809999999998	0.900000000000091	trials	43	s043_F200621	grCe_grSu1Ne	3	90.0	2	3731.281	3731.581
3732.232	0.900000000000091	trials	43	s043_F200621	grCe_grSu6CiNe	15	0.0	2	3732.532	3732.831
3732.857	0.900000000000091	trials	43	s043_F200621	grCe	1	0.0	2	3733.157	3733.456
3733.473	0.900000000000091	trials	43	s043_F200621	grCe_grSu18Fa	11	225.0	2	3733.773	3734.073
3741.2659999999996	0.900000000000091	trials	43	s043_F200621	grCe_grSu12Mi	9	45.0	2	3741.566	3741.866
3741.874	0.900000000000091	trials	43	s043_F200621	grCe_grSu6Ne	7	135.0	2	3742.174	3742.474
3742.475	0.900000000000091	trials	43	s043_F200621	grCe	1	90.0	2	3742.775	3743.074
3743.1079999999997	0.900000000000091	trials	43	s043_F200621	grCe_grSu3Ne	5	225.0	2	3743.408	3743.708
3743.758	0.900000000000091	trials	43	s043_F200621	grCe_grSu6CiNe	15	135.0	2	3744.058	3744.358
3751.484	0.900000000000091	trials	43	s043_F200621	grCe_grSu12SmCiNe_PS	21	135.0	2	3751.784	3752.084
3755.868	0.900000000000091	trials	43	s043_F200621	grCe_grSu12SmCiNe	13	90.0	2	3756.168	3756.468
3756.468	0.900000000000091	trials	43	s043_F200621	grCe_grSu6Ne_PS	18	0.0	2	3756.768	3757.068
3757.076	0.900000000000091	trials	43	s043_F200621	grCe_grSu12Mi	9	135.0	2	3757.376	3757.676
3757.6929999999998	0.900000000000091	trials	43	s043_F200621	grCe_grSu18Fa	11	180.0	2	3757.993	3758.293
3765.4689999999996	0.900000000000091	trials	43	s043_F200621	grCe_grSu12Mi	9	180.0	2	3765.769	3766.069
3769.111	0.900000000000091	trials	43	s043_F200621	grCe_grSu6CiNe	15	45.0	2	3769.411	3769.711
3769.72	0.900000000000091	trials	43	s043_F200621	grSu6Ne	6		2	3770.02	3770.319
3770.328	0.900000000000091	trials	43	s043_F200621	coCe_grSu6Ne	17	0.0	2	3770.628	3770.928
3770.937	0.900000000000091	trials	43	s043_F200621	coCe_grSu6Ne	17	90.0	2	3771.237	3771.536
3771.5449999999996	0.900000000000091	trials	43	s043_F200621	grCe_grSu12SmCiNe	13	270.0	2	3771.845	3772.145
3819.435	0.900000000000091	trials	43	s043_F200621	grCe_grSu18Fa	11	315.0	2	3819.735	3820.034
3820.035	0.900000000000091	trials	43	s043_F200621	grCe_grSu6Ne_PS	18	45.0	2	3820.335	3820.634
3820.676	0.900000000000091	trials	43	s043_F200621	grCe_grSu6CiNe_PS	19	315.0	2	3820.976	3821.276
3835.803	0.900000000000091	trials	43	s043_F200621	grCe	1	135.0	2	3836.103	3836.403
3841.2619999999997	0.900000000000091	trials	43	s043_F200621	coCe	16	90.0	2	3841.562	3841.862
3853.872	0.900000000000091	trials	43	s043_F200621	grCe_grSu18Fa	11	90.0	2	3854.172	3854.472
3854.4809999999998	0.900000000000091	trials	43	s043_F200621	grCe_grSu1Ne	3	180.0	2	3854.781	3855.08
3855.089	0.900000000000091	trials	43	s043_F200621	coCe_grSu6Ne	17	135.0	2	3855.389	3855.689
3855.689	0.900000000000091	trials	43	s043_F200621	coCe	16	135.0	2	3855.989	3856.289
3886.602	0.900000000000091	trials	43	s043_F200621	grCe_grSu1Ne	3	225.0	2	3886.902	3887.201
3887.902	0.900000000000091	trials	43	s043_F200621	grCe_grSu18Fa	11	135.0	2	3888.202	3888.501
3888.5099999999998	0.900000000000091	trials	43	s043_F200621	grCe_grSu12SmCiNe	13	135.0	2	3888.81	3889.11
3889.1189999999997	0.900000000000091	trials	43	s043_F200621	grSu12Mi	8		2	3889.419	3889.718
3920.756	0.900000000000091	trials	43	s043_F200621	grCe_grSu1Ne	3	135.0	2	3921.056	3921.356
3921.364	0.900000000000091	trials	43	s043_F200621	grCe_grSu6Ne	7	270.0	2	3921.664	3921.964
3922.006	0.900000000000091	trials	43	s043_F200621	grCe_grSu12SmCiNe_PS	21	45.0	2	3922.306	3922.606
3922.615	0.900000000000091	trials	43	s043_F200621	grCe_grSu6CiNe	15	225.0	2	3922.915	3923.214
3931.2569999999996	0.900000000000091	trials	43	s043_F200621	grSu1Ne	2		2	3931.557	3931.857
3932.607	0.900000000000091	trials	43	s043_F200621	grCe_grSu12Mi	9	225.0	2	3932.907	3933.207
3933.216	0.900000000000091	trials	43	s043_F200621	grCe_grSu1Ne	3	45.0	2	3933.516	3933.816
3950.685	0.900000000000091	trials	43	s043_F200621	grCe_grSu12SmCiNe	13	45.0	2	3950.985	3951.284
3951.335	0.900000000000091	trials	43	s043_F200621	grSu18Fa	10		2	3951.635	3951.935
3951.977	0.900000000000091	trials	43	s043_F200621	grCe_grSu12Mi	9	90.0	2	3952.277	3952.576
3952.585	0.900000000000091	trials	43	s043_F200621	grCe_grSu3Ne	5	315.0	2	3952.885	3953.185
3956.7019999999998	0.900000000000091	trials	43	s043_F200621	coCe	16	0.0	2	3957.002	3957.302
3957.3109999999997	0.900000000000091	trials	43	s043_F200621	grCe_grSu6Ne	7	315.0	2	3957.611	3957.91
3957.919	0.900000000000091	trials	43	s043_F200621	grCe_grSu6CiNe	15	315.0	2	3958.219	3958.519
3958.519	0.900000000000091	trials	43	s043_F200621	grCe_grSu6CiNe_PS	19	270.0	2	3958.819	3959.119
