onset	duration	nwb_table	ses_ID	ses_Name	cond_Name	cond_ID	target_rot	rep_num	pdOn	pdOff
40.13	0.8999999999999986	trials	118	s118_J210627	grSu18Fa	10		3	40.43	40.73
44.414	0.8999999999999986	trials	118	s118_J210627	grCe_grSu18Fa	11	225.0	3	44.714	45.013
45.014	0.8999999999999986	trials	118	s118_J210627	grCe_grSu6CiNe	15	270.0	3	45.314	45.614
45.614000000000004	0.8999999999999986	trials	118	s118_J210627	coCe_grSu6Ne	17	180.0	3	45.914	46.214
50.698	0.8999999999999986	trials	118	s118_J210627	NoStim	0		3	50.998	51.298
61.149	0.8999999999999986	trials	118	s118_J210627	grCe_grSu6Ne_PS	18	180.0	3	61.449	61.749
61.75	0.8999999999999986	trials	118	s118_J210627	grCe_grSu18Fa	11	180.0	3	62.05	62.349
65.842	0.8999999999999915	trials	118	s118_J210627	grCe_grSu18Fa	11	135.0	3	66.142	66.441
66.458	0.8999999999999915	trials	118	s118_J210627	grCe_grSu12Mi	9	90.0	3	66.758	67.058
67.059	0.8999999999999915	trials	118	s118_J210627	grCe_grSu1Ne	3	225.0	3	67.359	67.658
75.36800000000001	0.8999999999999915	trials	118	s118_J210627	grCe_grSu12SmCiNe_PS	21	90.0	3	75.668	75.967
75.968	0.8999999999999915	trials	118	s118_J210627	coCe	16	0.0	3	76.268	76.568
76.568	0.8999999999999915	trials	118	s118_J210627	grCe_grSu1Ne	3	0.0	3	76.868	77.168
81.46900000000001	0.8999999999999915	trials	118	s118_J210627	grSu6Ne	6		3	81.769	82.068
82.069	0.8999999999999915	trials	118	s118_J210627	grSu3Ne	4		3	82.369	82.668
82.669	0.8999999999999915	trials	118	s118_J210627	grCe_grSu6Ne	7	225.0	3	82.969	83.268
87.611	0.8999999999999915	trials	118	s118_J210627	grCe_grSu18Fa	11	270.0	3	87.911	88.211
88.22800000000001	0.8999999999999915	trials	118	s118_J210627	grCe_grSu12SmCiNe_PS	21	225.0	3	88.528	88.827
88.828	0.8999999999999915	trials	118	s118_J210627	grCe_grSu12SmCiNe	13	315.0	3	89.128	89.428
93.77	0.8999999999999915	trials	118	s118_J210627	coSu6Ne	20		3	94.07	94.37
94.37	0.8999999999999915	trials	118	s118_J210627	grCe_grSu12SmCiNe_PS	21	135.0	3	94.67	94.97
99.938	0.8999999999999915	trials	118	s118_J210627	grCe_grSu3Ne	5	315.0	3	100.238	100.537
101.138	0.8999999999999915	trials	118	s118_J210627	grCe_grSu12Mi	9	180.0	3	101.438	101.737
106.147	0.8999999999999915	trials	118	s118_J210627	grSu1Ne	2		3	106.447	106.746
107.364	0.8999999999999915	trials	118	s118_J210627	grCe_grSu18Fa	11	45.0	3	107.664	107.963
112.44800000000001	0.8999999999999915	trials	118	s118_J210627	grCe_grSu12SmCiNe	13	270.0	3	112.748	113.047
113.048	0.8999999999999915	trials	118	s118_J210627	coCe_grSu6Ne	17	90.0	3	113.348	113.647
113.648	0.8999999999999915	trials	118	s118_J210627	grCe_grSu6Ne	7	180.0	3	113.948	114.247
118.64	0.8999999999999915	trials	118	s118_J210627	grCe_grSu3Ne	5	45.0	3	118.94	119.24
125.183	0.8999999999999915	trials	118	s118_J210627	grCe_grSu6Ne	7	135.0	3	125.483	125.782
125.783	0.8999999999999915	trials	118	s118_J210627	grCe_grSu12SmCiNe	13	0.0	3	126.083	126.382
131.17499999999998	0.9000000000000057	trials	118	s118_J210627	grCe_grSu12SmCiNe_PS	21	180.0	3	131.475	131.775
134.95899999999997	0.9000000000000057	trials	118	s118_J210627	grCe_grSu6CiNe_PS	19	135.0	3	135.259	135.559
135.559	0.9000000000000057	trials	118	s118_J210627	grCe_grSu3Ne	5	0.0	3	135.859	136.159
136.201	0.9000000000000057	trials	118	s118_J210627	coCe_grSu6Ne	17	135.0	3	136.501	136.8
141.152	0.9000000000000057	trials	118	s118_J210627	grCe_grSu6Ne_PS	18	0.0	3	141.452	141.751
141.768	0.9000000000000057	trials	118	s118_J210627	grCe_grSu12Mi	9	135.0	3	142.068	142.368
142.37699999999998	0.9000000000000057	trials	118	s118_J210627	grCe_grSu6Ne_PS	18	225.0	3	142.677	142.976
147.97699999999998	0.9000000000000057	trials	118	s118_J210627	coCe	16	135.0	3	148.277	148.577
153.60299999999998	0.9000000000000057	trials	118	s118_J210627	grCe_grSu6CiNe	15	180.0	3	153.903	154.203
154.803	0.9000000000000057	trials	118	s118_J210627	grCe	1	90.0	3	155.103	155.403
159.737	0.9000000000000057	trials	118	s118_J210627	grCe_grSu12SmCiNe_PS	21	45.0	3	160.037	160.337
160.93699999999998	0.9000000000000057	trials	118	s118_J210627	grCe_grSu12SmCiNe_PS	21	315.0	3	161.237	161.537
165.921	0.9000000000000057	trials	118	s118_J210627	grCe_grSu6Ne_PS	18	315.0	3	166.221	166.521
166.521	0.9000000000000057	trials	118	s118_J210627	grCe_grSu6CiNe	15	315.0	3	166.821	167.121
167.12199999999999	0.9000000000000057	trials	118	s118_J210627	coCe_grSu6Ne	17	315.0	3	167.422	167.721
172.756	0.9000000000000057	trials	118	s118_J210627	grCe_grSu6CiNe_PS	19	315.0	3	173.056	173.355
173.381	0.9000000000000057	trials	118	s118_J210627	grCe_grSu12SmCiNe	13	45.0	3	173.681	173.98
178.356	0.9000000000000057	trials	118	s118_J210627	grCe_grSu12SmCiNe	13	135.0	3	178.656	178.956
184.415	0.9000000000000057	trials	118	s118_J210627	coCe	16	45.0	3	184.715	185.015
185.016	0.9000000000000057	trials	118	s118_J210627	grCe_grSu6CiNe_PS	19	0.0	3	185.316	185.615
185.61599999999999	0.9000000000000057	trials	118	s118_J210627	coCe	16	315.0	3	185.916	186.215
190.908	0.9000000000000057	trials	118	s118_J210627	grCe_grSu6CiNe_PS	19	225.0	3	191.208	191.507
191.50799999999998	0.9000000000000057	trials	118	s118_J210627	grCe_grSu6CiNe_PS	19	180.0	3	191.808	192.108
192.10799999999998	0.9000000000000057	trials	118	s118_J210627	grCe_grSu6Ne_PS	18	45.0	3	192.408	192.708
197.042	0.9000000000000057	trials	118	s118_J210627	grCe_grSu12Mi	9	45.0	3	197.342	197.642
197.642	0.9000000000000057	trials	118	s118_J210627	grCe_grSu12SmCiNe	13	180.0	3	197.942	198.242
198.242	0.9000000000000057	trials	118	s118_J210627	grCe_grSu1Ne	3	90.0	3	198.542	198.842
203.19299999999998	0.9000000000000057	trials	118	s118_J210627	grCe_grSu6CiNe	15	0.0	3	203.493	203.792
203.81799999999998	0.9000000000000057	trials	118	s118_J210627	grCe_grSu12SmCiNe	13	225.0	3	204.118	204.417
204.41799999999998	0.9000000000000057	trials	118	s118_J210627	grCe_grSu18Fa	11	315.0	3	204.718	205.018
209.535	0.9000000000000057	trials	118	s118_J210627	coCe	16	90.0	3	209.835	210.135
210.152	0.9000000000000057	trials	118	s118_J210627	grCe_grSu18Fa	11	0.0	3	210.452	210.752
210.75199999999998	0.9000000000000057	trials	118	s118_J210627	grCe_grSu6Ne	7	270.0	3	211.052	211.352
215.753	0.9000000000000057	trials	118	s118_J210627	grCe_grSu6CiNe	15	135.0	3	216.053	216.352
216.95299999999997	0.9000000000000057	trials	118	s118_J210627	grCe	1	315.0	3	217.253	217.553
221.737	0.9000000000000057	trials	118	s118_J210627	grCe_grSu3Ne	5	180.0	3	222.037	222.336
222.337	0.9000000000000057	trials	118	s118_J210627	grCe_grSu6CiNe_PS	19	90.0	3	222.637	222.937
222.93699999999998	0.9000000000000057	trials	118	s118_J210627	grCe	1	225.0	3	223.237	223.537
228.505	0.9000000000000057	trials	118	s118_J210627	grCe_grSu12Mi	9	270.0	3	228.805	229.104
229.105	0.9000000000000057	trials	118	s118_J210627	grCe_grSu3Ne	5	270.0	3	229.405	229.704
234.12199999999999	0.9000000000000057	trials	118	s118_J210627	grCe_grSu1Ne	3	270.0	3	234.422	234.721
234.72199999999998	0.9000000000000057	trials	118	s118_J210627	grCe_grSu12SmCiNe_PS	21	270.0	3	235.022	235.322
235.322	0.9000000000000057	trials	118	s118_J210627	grCe_grSu6CiNe	15	225.0	3	235.622	235.922
240.714	0.9000000000000057	trials	118	s118_J210627	coCe	16	270.0	3	241.014	241.314
241.315	0.9000000000000057	trials	118	s118_J210627	grCe_grSu6Ne	7	315.0	3	241.615	241.914
246.982	0.9000000000000057	trials	118	s118_J210627	grCe	1	45.0	3	247.282	247.581
247.582	0.9000000000000057	trials	118	s118_J210627	coCe	16	180.0	3	247.882	248.182
251.182	0.9000000000000057	trials	118	s118_J210627	grCe_grSu12Mi	9	0.0	3	251.482	251.782
251.783	0.9000000000000057	trials	118	s118_J210627	grCe_grSu1Ne	3	180.0	3	252.083	252.382
252.38299999999998	0.9000000000000057	trials	118	s118_J210627	grCe_grSu1Ne	3	135.0	3	252.683	252.982
257.45	0.9000000000000341	trials	118	s118_J210627	grCe_grSu6Ne_PS	18	270.0	3	257.75	258.049
258.05	0.9000000000000341	trials	118	s118_J210627	grCe_grSu1Ne	3	45.0	3	258.35	258.65
258.667	0.9000000000000341	trials	118	s118_J210627	grCe_grSu6Ne	7	0.0	3	258.967	259.266
265.026	0.9000000000000341	trials	118	s118_J210627	grCe_grSu1Ne	3	315.0	3	265.326	265.625
270.027	0.9000000000000341	trials	118	s118_J210627	grSu12SmCiNe	12		3	270.327	270.626
273.86	0.9000000000000341	trials	118	s118_J210627	grCe_grSu18Fa	11	90.0	3	274.16	274.46
274.46	0.9000000000000341	trials	118	s118_J210627	grCe_grSu12Mi	9	225.0	3	274.76	275.06
275.061	0.9000000000000341	trials	118	s118_J210627	grCe	1	135.0	3	275.361	275.66
281.195	0.9000000000000341	trials	118	s118_J210627	coCe	16	225.0	3	281.495	281.794
286.229	0.9000000000000341	trials	118	s118_J210627	grSu12Mi	8		3	286.529	286.828
286.829	0.9000000000000341	trials	118	s118_J210627	grCe_grSu12SmCiNe_PS	21	0.0	3	287.129	287.428
287.429	0.9000000000000341	trials	118	s118_J210627	grCe	1	270.0	3	287.729	288.028
292.296	0.9000000000000341	trials	118	s118_J210627	grCe_grSu3Ne	5	135.0	3	292.596	292.896
293.496	0.9000000000000341	trials	118	s118_J210627	grCe_grSu6Ne_PS	18	90.0	3	293.796	294.096
298.47999999999996	0.9000000000000341	trials	118	s118_J210627	coCe_grSu6Ne	17	45.0	3	298.78	299.08
299.08	0.9000000000000341	trials	118	s118_J210627	grCe_grSu6Ne	7	90.0	3	299.38	299.68
299.68	0.9000000000000341	trials	118	s118_J210627	grCe_grSu12SmCiNe	13	90.0	3	299.98	300.28
304.756	0.9000000000000341	trials	118	s118_J210627	grCe_grSu6Ne_PS	18	135.0	3	305.056	305.356
305.356	0.9000000000000341	trials	118	s118_J210627	grCe_grSu6CiNe	15	90.0	3	305.656	305.956
305.95599999999996	0.9000000000000341	trials	118	s118_J210627	grCe_grSu12Mi	9	315.0	3	306.256	306.556
315.074	0.9000000000000341	trials	118	s118_J210627	coCe_grSu6Ne	17	270.0	3	315.374	315.674
315.674	0.9000000000000341	trials	118	s118_J210627	grCe_grSu3Ne	5	90.0	3	315.974	316.274
316.274	0.9000000000000341	trials	118	s118_J210627	grCe	1	180.0	3	316.574	316.874
321.042	0.9000000000000341	trials	118	s118_J210627	coCe_grSu6Ne	17	0.0	3	321.342	321.641
322.24199999999996	0.9000000000000341	trials	118	s118_J210627	grCe_grSu6CiNe_PS	19	270.0	3	322.542	322.841
327.342	0.9000000000000341	trials	118	s118_J210627	grSu6CiNe	14		3	327.642	327.942
327.942	0.9000000000000341	trials	118	s118_J210627	grCe_grSu6CiNe_PS	19	45.0	3	328.242	328.542
328.542	0.9000000000000341	trials	118	s118_J210627	grCe_grSu6Ne	7	45.0	3	328.842	329.142
336.569	0.9000000000000341	trials	118	s118_J210627	grCe_grSu6CiNe	15	45.0	3	336.869	337.168
337.169	0.9000000000000341	trials	118	s118_J210627	grCe	1	0.0	3	337.469	337.768
342.753	0.9000000000000341	trials	118	s118_J210627	coCe_grSu6Ne	17	225.0	3	343.053	343.352
343.353	0.9000000000000341	trials	118	s118_J210627	grCe_grSu3Ne	5	225.0	3	343.653	343.952
343.953	0.9000000000000341	trials	118	s118_J210627	grCe_grSu6Ne	7	0.0	1	344.253	344.552
348.937	0.9000000000000341	trials	118	s118_J210627	grCe	1	180.0	1	349.237	349.536
349.537	0.9000000000000341	trials	118	s118_J210627	coCe_grSu6Ne	17	45.0	1	349.837	350.136
350.137	0.9000000000000341	trials	118	s118_J210627	grCe_grSu12Mi	9	45.0	1	350.437	350.736
361.97999999999996	0.9000000000000341	trials	118	s118_J210627	grSu18Fa	10		1	362.28	362.58
363.214	0.9000000000000341	trials	118	s118_J210627	grCe_grSu1Ne	3	225.0	1	363.514	363.813
368.214	0.9000000000000341	trials	118	s118_J210627	grCe_grSu6Ne	7	90.0	1	368.514	368.814
368.81399999999996	0.9000000000000341	trials	118	s118_J210627	grCe_grSu12Mi	9	315.0	1	369.114	369.414
369.414	0.9000000000000341	trials	118	s118_J210627	grCe_grSu18Fa	11	45.0	1	369.714	370.014
374.282	0.9000000000000341	trials	118	s118_J210627	grCe_grSu1Ne	3	180.0	1	374.582	374.881
375.48199999999997	0.9000000000000341	trials	118	s118_J210627	grCe_grSu1Ne	3	0.0	1	375.782	376.081
380.424	0.9000000000000341	trials	118	s118_J210627	grCe_grSu12Mi	9	180.0	1	380.724	381.024
381.033	0.9000000000000341	trials	118	s118_J210627	grCe_grSu6Ne_PS	18	180.0	1	381.333	381.632
386.642	0.9000000000000341	trials	118	s118_J210627	grCe_grSu12Mi	9	225.0	1	386.942	387.241
387.24199999999996	0.9000000000000341	trials	118	s118_J210627	grCe_grSu6Ne	7	180.0	1	387.542	387.841
392.82599999999996	0.9000000000000341	trials	118	s118_J210627	grCe_grSu6CiNe_PS	19	45.0	1	393.126	393.425
393.426	0.9000000000000341	trials	118	s118_J210627	coCe_grSu6Ne	17	315.0	1	393.726	394.025
394.026	0.9000000000000341	trials	118	s118_J210627	grCe_grSu6Ne	7	225.0	1	394.326	394.626
399.227	0.9000000000000341	trials	118	s118_J210627	grCe_grSu6CiNe_PS	19	315.0	1	399.527	399.826
399.827	0.9000000000000341	trials	118	s118_J210627	grCe_grSu6CiNe_PS	19	0.0	1	400.127	400.426
400.42699999999996	0.9000000000000341	trials	118	s118_J210627	grCe_grSu6Ne	7	45.0	1	400.727	401.026
405.444	0.9000000000000341	trials	118	s118_J210627	grCe	1	0.0	1	405.744	406.044
406.044	0.9000000000000341	trials	118	s118_J210627	grCe_grSu12Mi	9	270.0	1	406.344	406.644
406.644	0.9000000000000341	trials	118	s118_J210627	grCe_grSu12SmCiNe_PS	21	270.0	1	406.944	407.244
411.645	0.9000000000000341	trials	118	s118_J210627	grCe_grSu12SmCiNe_PS	21	225.0	1	411.945	412.244
412.245	0.9000000000000341	trials	118	s118_J210627	grCe_grSu3Ne	5	45.0	1	412.545	412.845
412.84499999999997	0.9000000000000341	trials	118	s118_J210627	grSu6CiNe	14		1	413.145	413.445
418.104	0.9000000000000341	trials	118	s118_J210627	coCe	16	45.0	1	418.404	418.704
419.37899999999996	0.9000000000000341	trials	118	s118_J210627	coCe	16	90.0	1	419.679	419.979
424.597	0.9000000000000341	trials	118	s118_J210627	grSu6Ne	6		1	424.897	425.196
425.197	0.9000000000000341	trials	118	s118_J210627	grCe_grSu3Ne	5	0.0	1	425.497	425.796
425.79699999999997	0.9000000000000341	trials	118	s118_J210627	grCe_grSu6CiNe	15	90.0	1	426.097	426.396
430.872	0.9000000000000341	trials	118	s118_J210627	grCe_grSu12Mi	9	0.0	1	431.172	431.472
431.481	0.9000000000000341	trials	118	s118_J210627	grCe_grSu6CiNe	15	135.0	1	431.781	432.08
432.08099999999996	0.9000000000000341	trials	118	s118_J210627	grCe_grSu12Mi	9	90.0	1	432.381	432.68
437.09	0.9000000000000341	trials	118	s118_J210627	grCe_grSu3Ne	5	315.0	1	437.39	437.689
437.69	0.9000000000000341	trials	118	s118_J210627	coCe	16	135.0	1	437.99	438.29
438.28999999999996	0.9000000000000341	trials	118	s118_J210627	grCe	1	270.0	1	438.59	438.89
443.957	0.9000000000000341	trials	118	s118_J210627	grCe_grSu6CiNe	15	225.0	1	444.257	444.557
444.558	0.9000000000000341	trials	118	s118_J210627	grCe	1	135.0	1	444.858	445.157
450.167	0.9000000000000341	trials	118	s118_J210627	coCe_grSu6Ne	17	135.0	1	450.467	450.766
455.80899999999997	0.9000000000000341	trials	118	s118_J210627	grSu3Ne	4		1	456.109	456.409
456.409	0.9000000000000341	trials	118	s118_J210627	grCe_grSu3Ne	5	225.0	1	456.709	457.009
457.009	0.9000000000000341	trials	118	s118_J210627	grCe_grSu6CiNe	15	45.0	1	457.309	457.609
461.993	0.9000000000000341	trials	118	s118_J210627	coCe_grSu6Ne	17	270.0	1	462.293	462.593
463.193	0.9000000000000341	trials	118	s118_J210627	grCe_grSu6Ne_PS	18	45.0	1	463.493	463.793
468.30199999999996	0.9000000000000341	trials	118	s118_J210627	coCe	16	315.0	1	468.602	468.902
468.902	0.9000000000000341	trials	118	s118_J210627	grCe_grSu18Fa	11	180.0	1	469.202	469.502
477.687	0.9000000000000341	trials	118	s118_J210627	grCe_grSu3Ne	5	90.0	1	477.987	478.286
478.287	0.9000000000000341	trials	118	s118_J210627	grCe_grSu12SmCiNe	13	45.0	1	478.587	478.886
478.887	0.9000000000000341	trials	118	s118_J210627	grCe_grSu6CiNe_PS	19	135.0	1	479.187	479.487
484.121	0.9000000000000341	trials	118	s118_J210627	grCe_grSu6CiNe	15	0.0	1	484.421	484.721
484.763	0.9000000000000341	trials	118	s118_J210627	grCe_grSu1Ne	3	315.0	1	485.063	485.362
485.363	0.9000000000000341	trials	118	s118_J210627	grCe_grSu12SmCiNe	13	0.0	1	485.663	485.962
490.38	0.9000000000000341	trials	118	s118_J210627	grCe_grSu6Ne	7	270.0	1	490.68	490.98
490.97999999999996	0.9000000000000341	trials	118	s118_J210627	grCe_grSu12SmCiNe	13	135.0	1	491.28	491.58
496.823	0.9000000000000341	trials	118	s118_J210627	coCe_grSu6Ne	17	0.0	1	497.123	497.422
498.02299999999997	0.9000000000000341	trials	118	s118_J210627	grCe	1	45.0	1	498.323	498.622
503.62399999999997	0.9000000000000341	trials	118	s118_J210627	grCe_grSu6CiNe	15	180.0	1	503.924	504.223
504.224	0.9000000000000341	trials	118	s118_J210627	coCe_grSu6Ne	17	90.0	1	504.524	504.823
512.183	0.8999999999999773	trials	118	s118_J210627	grCe_grSu12SmCiNe_PS	21	90.0	1	512.483	512.783
512.783	0.8999999999999773	trials	118	s118_J210627	grCe_grSu6Ne	7	315.0	1	513.083	513.383
513.383	0.8999999999999773	trials	118	s118_J210627	grCe_grSu18Fa	11	225.0	1	513.683	513.983
518.475	0.8999999999999773	trials	118	s118_J210627	grCe_grSu12SmCiNe	13	90.0	1	518.775	519.075
519.076	0.8999999999999773	trials	118	s118_J210627	NoStim	0		1	519.376	519.675
519.676	0.8999999999999773	trials	118	s118_J210627	grCe_grSu12SmCiNe	13	180.0	1	519.976	520.275
524.6930000000001	0.8999999999999773	trials	118	s118_J210627	grCe_grSu6Ne_PS	18	0.0	1	524.993	525.292
525.293	0.8999999999999773	trials	118	s118_J210627	grCe_grSu12SmCiNe_PS	21	135.0	1	525.593	525.893
525.893	0.8999999999999773	trials	118	s118_J210627	coCe_grSu6Ne	17	225.0	1	526.193	526.493
531.494	0.8999999999999773	trials	118	s118_J210627	grCe_grSu6CiNe	15	315.0	1	531.794	532.093
537.12	0.8999999999999773	trials	118	s118_J210627	grCe_grSu18Fa	11	90.0	1	537.42	537.719
538.32	0.8999999999999773	trials	118	s118_J210627	grCe_grSu6Ne_PS	18	315.0	1	538.62	538.919
543.312	0.8999999999999773	trials	118	s118_J210627	grCe_grSu12SmCiNe	13	270.0	1	543.612	543.912
543.912	0.8999999999999773	trials	118	s118_J210627	grCe_grSu1Ne	3	135.0	1	544.212	544.512
544.5120000000001	0.8999999999999773	trials	118	s118_J210627	grCe_grSu12Mi	9	135.0	1	544.812	545.112
549.5880000000001	0.8999999999999773	trials	118	s118_J210627	grCe_grSu6CiNe_PS	19	270.0	1	549.888	550.187
550.1880000000001	0.8999999999999773	trials	118	s118_J210627	grCe_grSu6CiNe_PS	19	90.0	1	550.488	550.787
550.788	0.8999999999999773	trials	118	s118_J210627	grCe	1	90.0	1	551.088	551.388
555.772	0.8999999999999773	trials	118	s118_J210627	grCe_grSu18Fa	11	0.0	1	556.072	556.372
556.3720000000001	0.8999999999999773	trials	118	s118_J210627	grCe_grSu18Fa	11	315.0	1	556.672	556.972
556.9720000000001	0.8999999999999773	trials	118	s118_J210627	grSu12SmCiNe	12		1	557.272	557.572
562.5730000000001	0.8999999999999773	trials	118	s118_J210627	grCe_grSu3Ne	5	135.0	1	562.873	563.172
563.173	0.8999999999999773	trials	118	s118_J210627	grCe_grSu6Ne_PS	18	270.0	1	563.473	563.772
568.19	0.8999999999999773	trials	118	s118_J210627	coCe	16	225.0	1	568.49	568.79
568.7900000000001	0.8999999999999773	trials	118	s118_J210627	grCe_grSu18Fa	11	135.0	1	569.09	569.39
569.3900000000001	0.8999999999999773	trials	118	s118_J210627	grCe_grSu12SmCiNe_PS	21	0.0	1	569.69	569.99
574.2990000000001	0.8999999999999773	trials	118	s118_J210627	grCe_grSu6Ne_PS	18	135.0	1	574.599	574.899
575.5	0.8999999999999773	trials	118	s118_J210627	grCe_grSu6CiNe_PS	19	225.0	1	575.8	576.099
580.6	0.8999999999999773	trials	118	s118_J210627	grCe_grSu1Ne	3	90.0	1	580.9	581.2
581.2	0.8999999999999773	trials	118	s118_J210627	grCe_grSu1Ne	3	270.0	1	581.5	581.8
581.8000000000001	0.8999999999999773	trials	118	s118_J210627	grCe_grSu6Ne_PS	18	90.0	1	582.1	582.4
586.759	0.8999999999999773	trials	118	s118_J210627	grCe	1	225.0	1	587.059	587.359
587.96	0.8999999999999773	trials	118	s118_J210627	grCe_grSu12SmCiNe_PS	21	180.0	1	588.26	588.559
592.8100000000001	0.8999999999999773	trials	118	s118_J210627	grCe_grSu6CiNe_PS	19	180.0	1	593.11	593.41
593.4100000000001	0.8999999999999773	trials	118	s118_J210627	coCe	16	180.0	1	593.71	594.01
594.01	0.8999999999999773	trials	118	s118_J210627	grCe_grSu12SmCiNe	13	315.0	1	594.31	594.61
599.1940000000001	0.8999999999999773	trials	118	s118_J210627	grCe	1	315.0	1	599.494	599.794
600.394	0.8999999999999773	trials	118	s118_J210627	grCe_grSu3Ne	5	270.0	1	600.694	600.994
606.337	0.8999999999999773	trials	118	s118_J210627	grCe_grSu6CiNe	15	270.0	1	606.637	606.936
607.537	0.8999999999999773	trials	118	s118_J210627	coCe_grSu6Ne	17	180.0	1	607.837	608.137
612.671	0.8999999999999773	trials	118	s118_J210627	grCe_grSu6Ne	7	135.0	1	612.971	613.271
613.288	0.8999999999999773	trials	118	s118_J210627	grCe_grSu18Fa	11	270.0	1	613.588	613.887
618.889	0.8999999999999773	trials	118	s118_J210627	grSu12Mi	8		1	619.189	619.488
620.089	0.8999999999999773	trials	118	s118_J210627	grSu1Ne	2		1	620.389	620.688
625.089	0.8999999999999773	trials	118	s118_J210627	grCe_grSu1Ne	3	45.0	1	625.389	625.689
625.6890000000001	0.8999999999999773	trials	118	s118_J210627	grCe_grSu3Ne	5	180.0	1	625.989	626.289
626.2890000000001	0.8999999999999773	trials	118	s118_J210627	grCe_grSu6Ne_PS	18	225.0	1	626.589	626.889
631.282	0.8999999999999773	trials	118	s118_J210627	grCe_grSu12SmCiNe_PS	21	315.0	1	631.582	631.881
631.9240000000001	0.8999999999999773	trials	118	s118_J210627	coSu6Ne	20		1	632.224	632.523
637.499	0.8999999999999773	trials	118	s118_J210627	coCe	16	0.0	1	637.799	638.099
638.099	0.8999999999999773	trials	118	s118_J210627	coCe	16	270.0	1	638.399	638.699
643.625	0.8999999999999773	trials	118	s118_J210627	grCe_grSu12SmCiNe	13	225.0	1	643.925	644.225
644.225	0.8999999999999773	trials	118	s118_J210627	grCe_grSu12SmCiNe_PS	21	45.0	1	644.525	644.825
644.825	0.8999999999999773	trials	118	s118_J210627	coCe_grSu6Ne	17	45.0	2	645.125	645.425
650.2180000000001	0.8999999999999773	trials	118	s118_J210627	grCe_grSu18Fa	11	90.0	2	650.518	650.817
650.8180000000001	0.8999999999999773	trials	118	s118_J210627	coCe	16	90.0	2	651.118	651.417
655.8180000000001	0.8999999999999773	trials	118	s118_J210627	grCe_grSu3Ne	5	270.0	2	656.118	656.418
656.418	0.8999999999999773	trials	118	s118_J210627	grCe_grSu6CiNe_PS	19	180.0	2	656.718	657.018
657.018	0.8999999999999773	trials	118	s118_J210627	grCe_grSu6Ne	7	0.0	2	657.318	657.618
662.186	0.8999999999999773	trials	118	s118_J210627	grCe_grSu6Ne_PS	18	135.0	2	662.486	662.785
662.7860000000001	0.8999999999999773	trials	118	s118_J210627	grCe_grSu6CiNe_PS	19	225.0	2	663.086	663.385
663.3860000000001	0.8999999999999773	trials	118	s118_J210627	grCe_grSu12Mi	9	270.0	2	663.686	663.985
668.503	0.8999999999999773	trials	118	s118_J210627	grCe_grSu6CiNe_PS	19	270.0	2	668.803	669.103
669.1030000000001	0.8999999999999773	trials	118	s118_J210627	grCe_grSu6Ne	7	135.0	2	669.403	669.703
669.7030000000001	0.8999999999999773	trials	118	s118_J210627	coCe_grSu6Ne	17	0.0	2	670.003	670.303
674.796	0.8999999999999773	trials	118	s118_J210627	grCe_grSu6CiNe	15	180.0	2	675.096	675.395
675.3960000000001	0.8999999999999773	trials	118	s118_J210627	grCe_grSu6CiNe	15	135.0	2	675.696	675.995
675.9960000000001	0.8999999999999773	trials	118	s118_J210627	grCe_grSu12SmCiNe	13	315.0	2	676.296	676.595
681.197	0.8999999999999773	trials	118	s118_J210627	grCe_grSu6Ne_PS	18	45.0	2	681.497	681.796
681.797	0.8999999999999773	trials	118	s118_J210627	coCe_grSu6Ne	17	315.0	2	682.097	682.396
682.397	0.8999999999999773	trials	118	s118_J210627	grCe_grSu6CiNe_PS	19	315.0	2	682.697	682.996
691.2230000000001	0.8999999999999773	trials	118	s118_J210627	grCe_grSu12SmCiNe	13	225.0	2	691.523	691.822
691.8230000000001	0.8999999999999773	trials	118	s118_J210627	grCe_grSu18Fa	11	315.0	2	692.123	692.423
692.423	0.8999999999999773	trials	118	s118_J210627	grCe_grSu3Ne	5	90.0	2	692.723	693.023
698.0070000000001	0.8999999999999773	trials	118	s118_J210627	coCe	16	270.0	2	698.307	698.607
698.624	0.8999999999999773	trials	118	s118_J210627	grSu1Ne	2		2	698.924	699.223
703.625	0.8999999999999773	trials	118	s118_J210627	grCe_grSu12SmCiNe	13	135.0	2	703.925	704.224
704.25	0.8999999999999773	trials	118	s118_J210627	grCe_grSu6Ne_PS	18	0.0	2	704.55	704.849
704.85	0.8999999999999773	trials	118	s118_J210627	grCe_grSu3Ne	5	315.0	2	705.15	705.449
710.392	0.8999999999999773	trials	118	s118_J210627	grCe_grSu18Fa	11	270.0	2	710.692	710.992
716.393	0.8999999999999773	trials	118	s118_J210627	NoStim	0		2	716.693	716.992
716.993	0.8999999999999773	trials	118	s118_J210627	grCe_grSu12Mi	9	225.0	2	717.293	717.592
721.869	0.8999999999999773	trials	118	s118_J210627	grCe_grSu1Ne	3	180.0	2	722.169	722.468
722.469	0.8999999999999773	trials	118	s118_J210627	coCe	16	135.0	2	722.769	723.068
723.0690000000001	0.8999999999999773	trials	118	s118_J210627	grCe_grSu1Ne	3	90.0	2	723.369	723.668
728.119	0.8999999999999773	trials	118	s118_J210627	grCe_grSu18Fa	11	225.0	2	728.419	728.719
728.719	0.8999999999999773	trials	118	s118_J210627	grCe_grSu12SmCiNe	13	90.0	2	729.019	729.319
729.32	0.8999999999999773	trials	118	s118_J210627	grCe_grSu12SmCiNe_PS	21	315.0	2	729.62	729.919
734.354	0.8999999999999773	trials	118	s118_J210627	grCe_grSu6Ne	7	315.0	2	734.654	734.953
734.9540000000001	0.8999999999999773	trials	118	s118_J210627	grCe	1	0.0	2	735.254	735.553
735.5540000000001	0.8999999999999773	trials	118	s118_J210627	grSu18Fa	10		2	735.854	736.153
741.0880000000001	0.8999999999999773	trials	118	s118_J210627	coCe_grSu6Ne	17	180.0	2	741.388	741.687
741.6880000000001	0.8999999999999773	trials	118	s118_J210627	grCe_grSu6Ne_PS	18	315.0	2	741.988	742.287
750.3470000000001	0.8999999999999773	trials	118	s118_J210627	coCe	16	45.0	2	750.647	750.947
750.956	0.8999999999999773	trials	118	s118_J210627	grCe_grSu6CiNe_PS	19	135.0	2	751.256	751.555
751.556	0.8999999999999773	trials	118	s118_J210627	grCe_grSu6CiNe	15	225.0	2	751.856	752.155
756.481	0.8999999999999773	trials	118	s118_J210627	grCe_grSu3Ne	5	0.0	2	756.781	757.081
757.081	0.8999999999999773	trials	118	s118_J210627	grCe_grSu6Ne	7	270.0	2	757.381	757.681
757.682	0.8999999999999773	trials	118	s118_J210627	grSu6CiNe	14		2	757.982	758.281
762.5740000000001	0.8999999999999773	trials	118	s118_J210627	grCe_grSu1Ne	3	135.0	2	762.874	763.173
763.1740000000001	0.8999999999999773	trials	118	s118_J210627	grCe_grSu12SmCiNe	13	0.0	2	763.474	763.773
772.392	0.8999999999999773	trials	118	s118_J210627	coCe	16	225.0	2	772.692	772.991
777.5920000000001	0.8999999999999773	trials	118	s118_J210627	grCe_grSu1Ne	3	270.0	2	777.892	778.192
782.576	0.8999999999999773	trials	118	s118_J210627	grCe	1	135.0	2	782.876	783.176
783.177	0.8999999999999773	trials	118	s118_J210627	grCe_grSu18Fa	11	135.0	2	783.477	783.776
783.777	0.8999999999999773	trials	118	s118_J210627	grCe_grSu6CiNe	15	315.0	2	784.077	784.376
788.736	0.8999999999999773	trials	118	s118_J210627	grCe_grSu3Ne	5	135.0	2	789.036	789.335
789.336	0.8999999999999773	trials	118	s118_J210627	grCe_grSu6CiNe	15	45.0	2	789.636	789.935
795.0200000000001	0.8999999999999773	trials	118	s118_J210627	grCe_grSu18Fa	11	45.0	2	795.32	795.619
795.62	0.8999999999999773	trials	118	s118_J210627	grCe_grSu6CiNe	15	270.0	2	795.92	796.219
796.22	0.8999999999999773	trials	118	s118_J210627	grCe_grSu6Ne	7	45.0	2	796.52	796.819
801.2620000000001	0.8999999999999773	trials	118	s118_J210627	grCe_grSu12Mi	9	0.0	2	801.562	801.862
808.2710000000001	0.8999999999999773	trials	118	s118_J210627	grCe_grSu12Mi	9	180.0	2	808.571	808.871
809.4720000000001	0.8999999999999773	trials	118	s118_J210627	grCe_grSu12SmCiNe_PS	21	225.0	2	809.772	810.071
814.447	0.8999999999999773	trials	118	s118_J210627	grCe_grSu6CiNe_PS	19	45.0	2	814.747	815.047
815.672	0.8999999999999773	trials	118	s118_J210627	grCe_grSu1Ne	3	225.0	2	815.972	816.272
821.298	0.8999999999999773	trials	118	s118_J210627	grCe_grSu12SmCiNe	13	45.0	2	821.598	821.898
821.898	0.8999999999999773	trials	118	s118_J210627	grCe_grSu6Ne_PS	18	270.0	2	822.198	822.498
826.941	0.8999999999999773	trials	118	s118_J210627	coCe	16	0.0	2	827.241	827.54
827.5490000000001	0.8999999999999773	trials	118	s118_J210627	grCe_grSu6Ne	7	90.0	2	827.849	828.148
828.149	0.8999999999999773	trials	118	s118_J210627	grCe_grSu6Ne_PS	18	180.0	2	828.449	828.749
833.383	0.8999999999999773	trials	118	s118_J210627	grCe_grSu12SmCiNe_PS	21	90.0	2	833.683	833.983
833.9830000000001	0.8999999999999773	trials	118	s118_J210627	grSu3Ne	4		2	834.283	834.583
834.5830000000001	0.8999999999999773	trials	118	s118_J210627	grCe_grSu3Ne	5	45.0	2	834.883	835.183
839.6510000000001	0.8999999999999773	trials	118	s118_J210627	grCe_grSu1Ne	3	315.0	2	839.951	840.25
840.2510000000001	0.8999999999999773	trials	118	s118_J210627	grCe_grSu6Ne	7	225.0	2	840.551	840.85
840.851	0.8999999999999773	trials	118	s118_J210627	grSu12SmCiNe	12		2	841.151	841.45
846.451	0.8999999999999773	trials	118	s118_J210627	grCe_grSu18Fa	11	0.0	2	846.751	847.051
847.051	0.8999999999999773	trials	118	s118_J210627	grCe_grSu6CiNe_PS	19	90.0	2	847.351	847.651
852.01	0.8999999999999773	trials	118	s118_J210627	grCe	1	180.0	2	852.31	852.61
852.611	0.8999999999999773	trials	118	s118_J210627	grCe_grSu6Ne_PS	18	90.0	2	852.911	853.21
853.211	0.8999999999999773	trials	118	s118_J210627	grCe_grSu12Mi	9	315.0	2	853.511	853.81
858.1700000000001	0.8999999999999773	trials	118	s118_J210627	coCe_grSu6Ne	17	225.0	2	858.47	858.769
859.3950000000001	0.8999999999999773	trials	118	s118_J210627	grCe_grSu1Ne	3	0.0	2	859.695	859.994
864.32	0.8999999999999773	trials	118	s118_J210627	grCe_grSu12Mi	9	135.0	2	864.62	864.92
864.9200000000001	0.8999999999999773	trials	118	s118_J210627	grCe_grSu12SmCiNe_PS	21	270.0	2	865.22	865.52
869.3130000000001	0.8999999999999773	trials	118	s118_J210627	grCe_grSu18Fa	11	180.0	2	869.613	869.912
874.913	0.8999999999999773	trials	118	s118_J210627	grCe_grSu6CiNe	15	0.0	2	875.213	875.513
875.514	0.8999999999999773	trials	118	s118_J210627	grCe_grSu1Ne	3	45.0	2	875.814	876.113
876.197	0.8999999999999773	trials	118	s118_J210627	grCe_grSu12SmCiNe	13	270.0	2	876.497	876.796
882.048	0.8999999999999773	trials	118	s118_J210627	grCe_grSu12Mi	9	90.0	2	882.348	882.647
882.648	0.8999999999999773	trials	118	s118_J210627	grCe_grSu12SmCiNe_PS	21	180.0	2	882.948	883.247
883.248	0.8999999999999773	trials	118	s118_J210627	coCe_grSu6Ne	17	270.0	2	883.548	883.847
888.349	0.8999999999999773	trials	118	s118_J210627	grCe_grSu6CiNe	15	90.0	2	888.649	888.948
888.9490000000001	0.8999999999999773	trials	118	s118_J210627	coCe_grSu6Ne	17	135.0	2	889.249	889.548
889.5490000000001	0.8999999999999773	trials	118	s118_J210627	grCe	1	270.0	2	889.849	890.148
894.599	0.8999999999999773	trials	118	s118_J210627	grCe_grSu12SmCiNe_PS	21	0.0	2	894.899	895.199
895.7990000000001	0.8999999999999773	trials	118	s118_J210627	grCe	1	225.0	2	896.099	896.399
902.067	0.8999999999999773	trials	118	s118_J210627	grCe	1	45.0	2	902.367	902.666
907.0590000000001	0.8999999999999773	trials	118	s118_J210627	grCe_grSu12SmCiNe_PS	21	45.0	2	907.359	907.659
911.043	0.8999999999999773	trials	118	s118_J210627	grCe_grSu6Ne	7	180.0	2	911.343	911.643
911.643	0.8999999999999773	trials	118	s118_J210627	grCe	1	315.0	2	911.943	912.243
912.243	0.8999999999999773	trials	118	s118_J210627	grCe_grSu12Mi	9	45.0	2	912.543	912.843
917.3520000000001	0.8999999999999773	trials	118	s118_J210627	grCe_grSu6CiNe_PS	19	0.0	2	917.652	917.952
917.952	0.8999999999999773	trials	118	s118_J210627	grCe_grSu3Ne	5	180.0	2	918.252	918.552
918.552	0.8999999999999773	trials	118	s118_J210627	coCe_grSu6Ne	17	90.0	2	918.852	919.152
923.495	0.8999999999999773	trials	118	s118_J210627	grCe_grSu12SmCiNe	13	180.0	2	923.795	924.094
927.004	0.8999999999999773	trials	118	s118_J210627	grSu12Mi	8		2	927.304	927.603
928.2040000000001	0.8999999999999773	trials	118	s118_J210627	grCe_grSu3Ne	5	225.0	2	928.504	928.803
933.8040000000001	0.8999999999999773	trials	118	s118_J210627	coCe	16	180.0	2	934.104	934.404
934.413	0.8999999999999773	trials	118	s118_J210627	grCe_grSu6Ne_PS	18	225.0	2	934.713	935.012
939.447	0.8999999999999773	trials	118	s118_J210627	coSu6Ne	20		2	939.747	940.046
943.2560000000001	0.8999999999999773	trials	118	s118_J210627	grCe	1	90.0	2	943.556	943.855
943.856	0.8999999999999773	trials	118	s118_J210627	grCe_grSu12SmCiNe_PS	21	135.0	2	944.156	944.455
944.456	0.8999999999999773	trials	118	s118_J210627	coCe	16	315.0	2	944.756	945.055
949.2560000000001	0.8999999999999773	trials	118	s118_J210627	grSu6Ne	6		2	949.556	949.856
954.615	0.8999999999999773	trials	118	s118_J210627	grCe_grSu1Ne	3	270.0	5	954.915	955.215
960.2660000000001	0.8999999999999773	trials	118	s118_J210627	grCe_grSu3Ne	5	270.0	5	960.566	960.866
960.8660000000001	0.8999999999999773	trials	118	s118_J210627	grCe_grSu12SmCiNe	13	135.0	5	961.166	961.466
966.442	0.8999999999999773	trials	118	s118_J210627	grSu3Ne	4		5	966.742	967.042
972.0930000000001	0.8999999999999773	trials	118	s118_J210627	grCe_grSu12SmCiNe	13	180.0	5	972.393	972.692
972.6930000000001	0.8999999999999773	trials	118	s118_J210627	grCe_grSu18Fa	11	180.0	5	972.993	973.292
973.293	0.8999999999999773	trials	118	s118_J210627	grCe_grSu1Ne	3	225.0	5	973.593	973.892
978.402	0.8999999999999773	trials	118	s118_J210627	grCe_grSu6Ne_PS	18	270.0	5	978.702	979.001
979.0020000000001	0.8999999999999773	trials	118	s118_J210627	grCe_grSu18Fa	11	90.0	5	979.302	979.601
979.6020000000001	0.8999999999999773	trials	118	s118_J210627	coCe_grSu6Ne	17	225.0	5	979.902	980.202
990.945	0.8999999999999773	trials	118	s118_J210627	NoStim	0		5	991.245	991.545
991.5450000000001	0.8999999999999773	trials	118	s118_J210627	grCe	1	225.0	5	991.845	992.145
992.1450000000001	0.8999999999999773	trials	118	s118_J210627	coCe_grSu6Ne	17	0.0	5	992.445	992.745
997.221	0.8999999999999773	trials	118	s118_J210627	grCe_grSu12SmCiNe	13	0.0	5	997.521	997.82
997.821	0.8999999999999773	trials	118	s118_J210627	grCe_grSu6CiNe_PS	19	180.0	5	998.121	998.421
1003.572	0.8999999999999773	trials	118	s118_J210627	grCe_grSu6CiNe	15	225.0	5	1003.872	1004.171
1004.172	0.8999999999999773	trials	118	s118_J210627	coSu6Ne	20		5	1004.472	1004.771
1004.772	0.8999999999999773	trials	118	s118_J210627	grCe_grSu12SmCiNe_PS	21	225.0	5	1005.072	1005.371
1009.806	0.8999999999999773	trials	118	s118_J210627	grCe_grSu6Ne_PS	18	90.0	5	1010.106	1010.405
1010.4060000000001	0.8999999999999773	trials	118	s118_J210627	grCe_grSu1Ne	3	0.0	5	1010.706	1011.006
1013.8900000000001	0.8999999999999773	trials	118	s118_J210627	grCe_grSu6CiNe_PS	19	225.0	5	1014.19	1014.489
1014.49	0.8999999999999773	trials	118	s118_J210627	grCe_grSu6CiNe_PS	19	135.0	5	1014.79	1015.089
1015.09	0.8999999999999773	trials	118	s118_J210627	coCe_grSu6Ne	17	180.0	5	1015.39	1015.689
1019.974	0.8999999999999773	trials	118	s118_J210627	coCe_grSu6Ne	17	315.0	5	1020.274	1020.573
1020.5740000000001	0.8999999999999773	trials	118	s118_J210627	grCe_grSu12Mi	9	270.0	5	1020.874	1021.174
1021.1740000000001	0.8999999999999773	trials	118	s118_J210627	grCe	1	0.0	5	1021.474	1021.774
1026.116	0.8999999999998636	trials	118	s118_J210627	grCe_grSu18Fa	11	135.0	5	1026.416	1026.716
1027.317	0.8999999999998636	trials	118	s118_J210627	grCe_grSu6CiNe	15	135.0	5	1027.617	1027.916
1032.4170000000001	0.8999999999998636	trials	118	s118_J210627	grCe_grSu1Ne	3	90.0	5	1032.717	1033.017
1033.017	0.8999999999998636	trials	118	s118_J210627	grCe	1	45.0	5	1033.317	1033.617
1033.617	0.8999999999998636	trials	118	s118_J210627	grCe_grSu18Fa	11	225.0	5	1033.917	1034.217
1038.401	0.8999999999998636	trials	118	s118_J210627	grCe_grSu3Ne	5	135.0	5	1038.701	1039.001
1039.601	0.8999999999998636	trials	118	s118_J210627	grCe_grSu12Mi	9	0.0	5	1039.901	1040.201
1045.127	0.8999999999998636	trials	118	s118_J210627	grSu6Ne	6		5	1045.427	1045.727
1045.752	0.8999999999998636	trials	118	s118_J210627	grCe_grSu1Ne	3	45.0	5	1046.052	1046.352
1054.153	0.8999999999998636	trials	118	s118_J210627	grCe_grSu3Ne	5	180.0	5	1054.453	1054.753
1054.7530000000002	0.8999999999998636	trials	118	s118_J210627	coCe_grSu6Ne	17	135.0	5	1055.053	1055.353
1063.671	0.8999999999998636	trials	118	s118_J210627	coCe	16	90.0	5	1063.971	1064.271
1064.871	0.8999999999998636	trials	118	s118_J210627	grCe_grSu3Ne	5	225.0	5	1065.171	1065.471
1070.247	0.8999999999998636	trials	118	s118_J210627	grSu1Ne	2		5	1070.547	1070.847
1070.847	0.8999999999998636	trials	118	s118_J210627	grCe_grSu12SmCiNe	13	225.0	5	1071.147	1071.447
1071.539	0.8999999999998636	trials	118	s118_J210627	grCe_grSu6CiNe_PS	19	315.0	5	1071.839	1072.138
1076.731	0.8999999999998636	trials	118	s118_J210627	grCe	1	180.0	5	1077.031	1077.331
1077.3310000000001	0.8999999999998636	trials	118	s118_J210627	coCe_grSu6Ne	17	270.0	5	1077.631	1077.931
1077.931	0.8999999999998636	trials	118	s118_J210627	grSu12Mi	8		5	1078.231	1078.531
1083.232	0.8999999999998636	trials	118	s118_J210627	grCe_grSu6Ne	7	135.0	5	1083.532	1083.832
1083.857	0.8999999999998636	trials	118	s118_J210627	grCe_grSu6CiNe	15	45.0	5	1084.157	1084.457
1084.457	0.8999999999998636	trials	118	s118_J210627	grSu12SmCiNe	12		5	1084.757	1085.057
1092.5420000000001	0.8999999999998636	trials	118	s118_J210627	grCe_grSu6CiNe	15	270.0	5	1092.842	1093.141
1093.142	0.8999999999998636	trials	118	s118_J210627	grCe_grSu6Ne	7	270.0	5	1093.442	1093.741
1093.742	0.8999999999998636	trials	118	s118_J210627	coCe	16	225.0	5	1094.042	1094.341
1098.717	0.8999999999998636	trials	118	s118_J210627	grCe_grSu6Ne	7	0.0	5	1099.017	1099.317
1099.318	0.8999999999998636	trials	118	s118_J210627	grCe_grSu6Ne_PS	18	135.0	5	1099.618	1099.917
1099.9180000000001	0.8999999999998636	trials	118	s118_J210627	grCe	1	270.0	5	1100.218	1100.517
1105.077	0.8999999999998636	trials	118	s118_J210627	grCe_grSu12SmCiNe	13	90.0	5	1105.377	1105.676
1105.6770000000001	0.8999999999998636	trials	118	s118_J210627	grCe_grSu6CiNe	15	180.0	5	1105.977	1106.276
1111.794	0.8999999999998636	trials	118	s118_J210627	grCe	1	315.0	5	1112.094	1112.394
1112.394	0.8999999999998636	trials	118	s118_J210627	grCe_grSu6Ne	7	90.0	5	1112.694	1112.994
1112.9940000000001	0.8999999999998636	trials	118	s118_J210627	grCe_grSu18Fa	11	0.0	5	1113.294	1113.594
1118.028	0.8999999999998636	trials	118	s118_J210627	grCe_grSu6CiNe	15	90.0	5	1118.328	1118.628
1118.6280000000002	0.8999999999998636	trials	118	s118_J210627	grCe_grSu6Ne	7	225.0	5	1118.928	1119.228
1119.228	0.8999999999998636	trials	118	s118_J210627	grSu18Fa	10		5	1119.528	1119.828
1124.271	0.8999999999998636	trials	118	s118_J210627	grSu6CiNe	14		5	1124.571	1124.87
1124.871	0.8999999999998636	trials	118	s118_J210627	grCe_grSu18Fa	11	45.0	5	1125.171	1125.47
1131.3220000000001	0.8999999999998636	trials	118	s118_J210627	coCe_grSu6Ne	17	45.0	5	1131.622	1131.921
1131.922	0.8999999999998636	trials	118	s118_J210627	grCe_grSu3Ne	5	45.0	5	1132.222	1132.521
1136.881	0.8999999999998636	trials	118	s118_J210627	grCe_grSu1Ne	3	315.0	5	1137.181	1137.48
1137.506	0.8999999999998636	trials	118	s118_J210627	grCe_grSu6CiNe_PS	19	0.0	5	1137.806	1138.105
1143.082	0.8999999999998636	trials	118	s118_J210627	grCe	1	90.0	5	1143.382	1143.681
1143.682	0.8999999999998636	trials	118	s118_J210627	grCe_grSu6Ne_PS	18	0.0	5	1143.982	1144.281
1144.382	0.8999999999998636	trials	118	s118_J210627	grCe_grSu12SmCiNe	13	45.0	5	1144.682	1144.981
1150.208	0.8999999999998636	trials	118	s118_J210627	grCe_grSu6Ne	7	180.0	5	1150.508	1150.807
1150.808	0.8999999999998636	trials	118	s118_J210627	grCe_grSu1Ne	3	135.0	5	1151.108	1151.407
1155.833	0.8999999999998636	trials	118	s118_J210627	grCe_grSu12Mi	9	315.0	5	1156.133	1156.433
1156.433	0.8999999999998636	trials	118	s118_J210627	grCe_grSu6CiNe_PS	19	90.0	5	1156.733	1157.033
1157.0330000000001	0.8999999999998636	trials	118	s118_J210627	grCe_grSu6CiNe	15	315.0	5	1157.333	1157.633
1162.076	0.8999999999998636	trials	118	s118_J210627	grCe_grSu1Ne	3	180.0	5	1162.376	1162.675
1162.6760000000002	0.8999999999998636	trials	118	s118_J210627	grCe_grSu6Ne	7	45.0	5	1162.976	1163.275
1163.276	0.8999999999998636	trials	118	s118_J210627	grCe_grSu3Ne	5	0.0	5	1163.576	1163.875
1168.185	0.8999999999998636	trials	118	s118_J210627	grCe_grSu12SmCiNe_PS	21	45.0	5	1168.485	1168.784
1169.385	0.8999999999998636	trials	118	s118_J210627	grCe_grSu6Ne	7	315.0	5	1169.685	1169.985
1174.327	0.8999999999998636	trials	118	s118_J210627	coCe	16	135.0	5	1174.627	1174.927
1174.9270000000001	0.8999999999998636	trials	118	s118_J210627	coCe	16	180.0	5	1175.227	1175.527
1175.527	0.8999999999998636	trials	118	s118_J210627	coCe	16	270.0	5	1175.827	1176.127
1180.595	0.8999999999998636	trials	118	s118_J210627	grCe_grSu12SmCiNe_PS	21	180.0	5	1180.895	1181.194
1181.195	0.8999999999998636	trials	118	s118_J210627	grCe_grSu12SmCiNe_PS	21	135.0	5	1181.495	1181.794
1181.837	0.8999999999998636	trials	118	s118_J210627	grCe_grSu12SmCiNe_PS	21	270.0	5	1182.137	1182.436
1187.054	0.8999999999998636	trials	118	s118_J210627	grCe_grSu12Mi	9	90.0	5	1187.354	1187.653
1188.287	0.8999999999998636	trials	118	s118_J210627	grCe_grSu12SmCiNe_PS	21	90.0	5	1188.587	1188.887
1193.88	0.8999999999998636	trials	118	s118_J210627	grCe_grSu6Ne_PS	18	225.0	5	1194.18	1194.479
1194.48	0.8999999999998636	trials	118	s118_J210627	coCe	16	315.0	5	1194.78	1195.079
1205.531	0.8999999999998636	trials	118	s118_J210627	coCe	16	45.0	5	1205.831	1206.131
1206.131	0.8999999999998636	trials	118	s118_J210627	grCe_grSu6CiNe_PS	19	270.0	5	1206.431	1206.731
1206.732	0.8999999999998636	trials	118	s118_J210627	grCe_grSu12SmCiNe_PS	21	0.0	5	1207.032	1207.331
1211.69	0.8999999999998636	trials	118	s118_J210627	grCe_grSu12Mi	9	225.0	5	1211.99	1212.29
1212.332	0.8999999999998636	trials	118	s118_J210627	grCe_grSu12Mi	9	135.0	5	1212.632	1212.932
1212.932	0.8999999999998636	trials	118	s118_J210627	grCe_grSu6Ne_PS	18	45.0	5	1213.232	1213.532
1217.9	0.8999999999998636	trials	118	s118_J210627	grCe_grSu6Ne_PS	18	315.0	5	1218.2	1218.499
1218.5	0.8999999999998636	trials	118	s118_J210627	coCe	16	0.0	5	1218.8	1219.099
1224.142	0.8999999999998636	trials	118	s118_J210627	grCe_grSu6CiNe	15	0.0	5	1224.442	1224.742
1225.342	0.8999999999998636	trials	118	s118_J210627	grCe_grSu6CiNe_PS	19	45.0	5	1225.642	1225.942
1230.385	0.8999999999998636	trials	118	s118_J210627	grCe_grSu12Mi	9	45.0	5	1230.685	1230.984
1230.9850000000001	0.8999999999998636	trials	118	s118_J210627	grCe_grSu18Fa	11	315.0	5	1231.285	1231.584
1236.577	0.8999999999998636	trials	118	s118_J210627	grCe_grSu12Mi	9	180.0	5	1236.877	1237.177
1237.1770000000001	0.8999999999998636	trials	118	s118_J210627	grCe_grSu18Fa	11	270.0	5	1237.477	1237.777
1237.794	0.8999999999998636	trials	118	s118_J210627	grCe_grSu12SmCiNe_PS	21	315.0	5	1238.094	1238.393
1243.0030000000002	0.8999999999998636	trials	118	s118_J210627	grCe_grSu12SmCiNe	13	315.0	5	1243.303	1243.602
1244.203	0.8999999999998636	trials	118	s118_J210627	grCe_grSu3Ne	5	90.0	5	1244.503	1244.803
1249.1870000000001	0.8999999999998636	trials	118	s118_J210627	coCe_grSu6Ne	17	90.0	5	1249.487	1249.787
1249.787	0.8999999999998636	trials	118	s118_J210627	grCe_grSu6Ne_PS	18	180.0	5	1250.087	1250.387
1250.387	0.8999999999998636	trials	118	s118_J210627	grCe_grSu12SmCiNe	13	270.0	5	1250.687	1250.987
1255.3880000000001	0.8999999999998636	trials	118	s118_J210627	grCe_grSu3Ne	5	315.0	5	1255.688	1255.987
1256.588	0.8999999999998636	trials	118	s118_J210627	grCe	1	135.0	5	1256.888	1257.188
1264.731	0.8999999999998636	trials	118	s118_J210627	grCe_grSu6Ne	7	315.0	8	1265.031	1265.33
1265.364	0.8999999999998636	trials	118	s118_J210627	grCe_grSu18Fa	11	135.0	8	1265.664	1265.964
1265.964	0.8999999999998636	trials	118	s118_J210627	grCe_grSu12Mi	9	135.0	8	1266.264	1266.564
1271.098	0.8999999999998636	trials	118	s118_J210627	grCe_grSu12SmCiNe_PS	21	225.0	8	1271.398	1271.698
1271.698	0.8999999999998636	trials	118	s118_J210627	grCe_grSu12SmCiNe_PS	21	180.0	8	1271.998	1272.298
1272.298	0.8999999999998636	trials	118	s118_J210627	grCe_grSu12SmCiNe_PS	21	135.0	8	1272.598	1272.898
1277.191	0.8999999999998636	trials	118	s118_J210627	grCe_grSu6Ne_PS	18	270.0	8	1277.491	1277.79
1277.832	0.8999999999998636	trials	118	s118_J210627	grSu12Mi	8		8	1278.132	1278.432
1281.2250000000001	0.8999999999998636	trials	118	s118_J210627	grCe_grSu3Ne	5	135.0	8	1281.525	1281.824
1281.825	0.8999999999998636	trials	118	s118_J210627	grCe_grSu6CiNe	15	135.0	8	1282.125	1282.424
1282.425	0.8999999999998636	trials	118	s118_J210627	grCe	1	180.0	8	1282.725	1283.024
1288.525	0.8999999999998636	trials	118	s118_J210627	coCe_grSu6Ne	17	180.0	8	1288.825	1289.125
1296.502	0.8999999999998636	trials	118	s118_J210627	grCe_grSu12SmCiNe	13	270.0	8	1296.802	1297.101
1297.102	0.8999999999998636	trials	118	s118_J210627	grCe_grSu1Ne	3	225.0	8	1297.402	1297.701
1303.402	0.8999999999998636	trials	118	s118_J210627	grCe_grSu12SmCiNe	13	0.0	8	1303.702	1304.002
1304.0520000000001	0.8999999999998636	trials	118	s118_J210627	grCe_grSu6CiNe_PS	19	0.0	8	1304.352	1304.652
1308.978	0.8999999999998636	trials	118	s118_J210627	grSu3Ne	4		8	1309.278	1309.578
1310.178	0.8999999999998636	trials	118	s118_J210627	grCe_grSu12SmCiNe_PS	21	270.0	8	1310.478	1310.778
1315.496	0.8999999999998636	trials	118	s118_J210627	grCe_grSu12SmCiNe_PS	21	45.0	8	1315.796	1316.095
1316.1290000000001	0.8999999999998636	trials	118	s118_J210627	coCe_grSu6Ne	17	315.0	8	1316.429	1316.729
1316.729	0.8999999999998636	trials	118	s118_J210627	grCe_grSu6Ne	7	180.0	8	1317.029	1317.329
1321.6960000000001	0.8999999999998636	trials	118	s118_J210627	grCe_grSu6Ne_PS	18	135.0	8	1321.996	1322.296
1322.938	0.8999999999998636	trials	118	s118_J210627	NoStim	0		8	1323.238	1323.538
1327.7640000000001	0.8999999999998636	trials	118	s118_J210627	grCe_grSu6Ne_PS	18	225.0	8	1328.064	1328.363
1328.364	0.8999999999998636	trials	118	s118_J210627	grCe_grSu12SmCiNe_PS	21	90.0	8	1328.664	1328.963
1328.964	0.8999999999998636	trials	118	s118_J210627	grCe	1	270.0	8	1329.264	1329.564
1334.8400000000001	0.8999999999998636	trials	118	s118_J210627	coCe	16	45.0	8	1335.14	1335.439
1335.44	0.8999999999998636	trials	118	s118_J210627	grCe_grSu1Ne	3	0.0	8	1335.74	1336.039
1340.549	0.8999999999998636	trials	118	s118_J210627	grCe_grSu6CiNe	15	0.0	8	1340.849	1341.148
1341.1490000000001	0.8999999999998636	trials	118	s118_J210627	grCe_grSu12Mi	9	270.0	8	1341.449	1341.748
1341.749	0.8999999999998636	trials	118	s118_J210627	grCe_grSu18Fa	11	315.0	8	1342.049	1342.349
1347.375	0.8999999999998636	trials	118	s118_J210627	grCe_grSu6Ne_PS	18	45.0	8	1347.675	1347.974
1350.825	0.8999999999998636	trials	118	s118_J210627	grCe_grSu18Fa	11	270.0	8	1351.125	1351.425
1352.025	0.8999999999998636	trials	118	s118_J210627	coCe_grSu6Ne	17	225.0	8	1352.325	1352.625
1357.626	0.8999999999998636	trials	118	s118_J210627	coCe	16	90.0	8	1357.926	1358.226
1358.226	0.8999999999998636	trials	118	s118_J210627	grCe_grSu6CiNe_PS	19	270.0	8	1358.526	1358.826
1363.252	0.8999999999998636	trials	118	s118_J210627	grCe_grSu6CiNe_PS	19	90.0	8	1363.552	1363.851
1363.852	0.8999999999998636	trials	118	s118_J210627	grCe_grSu12Mi	9	225.0	8	1364.152	1364.451
1367.544	0.8999999999998636	trials	118	s118_J210627	grCe_grSu6CiNe	15	225.0	8	1367.844	1368.144
1368.144	0.8999999999998636	trials	118	s118_J210627	grCe_grSu18Fa	11	90.0	8	1368.444	1368.744
1368.7440000000001	0.8999999999998636	trials	118	s118_J210627	grCe_grSu6Ne_PS	18	0.0	8	1369.044	1369.344
1373.828	0.8999999999998636	trials	118	s118_J210627	grCe_grSu18Fa	11	0.0	8	1374.128	1374.428
1374.428	0.8999999999998636	trials	118	s118_J210627	grCe_grSu6CiNe_PS	19	45.0	8	1374.728	1375.028
1379.846	0.8999999999998636	trials	118	s118_J210627	grCe_grSu6Ne_PS	18	180.0	8	1380.146	1380.445
1380.4460000000001	0.8999999999998636	trials	118	s118_J210627	coSu6Ne	20		8	1380.746	1381.045
1381.046	0.8999999999998636	trials	118	s118_J210627	grCe_grSu6Ne_PS	18	315.0	8	1381.346	1381.645
1389.797	0.8999999999998636	trials	118	s118_J210627	grCe_grSu6CiNe_PS	19	180.0	8	1390.097	1390.396
1395.473	0.8999999999998636	trials	118	s118_J210627	grCe_grSu1Ne	3	180.0	8	1395.773	1396.072
1396.073	0.8999999999998636	trials	118	s118_J210627	grCe_grSu3Ne	5	90.0	8	1396.373	1396.672
1396.673	0.8999999999998636	trials	118	s118_J210627	coCe	16	180.0	8	1396.973	1397.272
1401.44	0.8999999999998636	trials	118	s118_J210627	coCe	16	270.0	8	1401.74	1402.04
1402.04	0.8999999999998636	trials	118	s118_J210627	grCe_grSu1Ne	3	135.0	8	1402.34	1402.64
1402.64	0.8999999999998636	trials	118	s118_J210627	grCe_grSu6Ne	7	45.0	8	1402.94	1403.24
1407.474	0.8999999999998636	trials	118	s118_J210627	grCe_grSu12SmCiNe	13	45.0	8	1407.774	1408.074
1408.074	0.8999999999998636	trials	118	s118_J210627	grCe_grSu12Mi	9	90.0	8	1408.374	1408.674
1417.284	0.8999999999998636	trials	118	s118_J210627	grCe_grSu6Ne	7	0.0	8	1417.584	1417.883
1423.4850000000001	0.8999999999998636	trials	118	s118_J210627	grCe_grSu3Ne	5	225.0	8	1423.785	1424.084
1424.085	0.8999999999998636	trials	118	s118_J210627	grCe_grSu1Ne	3	45.0	8	1424.385	1424.684
1429.644	0.8999999999998636	trials	118	s118_J210627	grCe	1	0.0	8	1429.944	1430.243
1430.2440000000001	0.8999999999998636	trials	118	s118_J210627	grCe	1	225.0	8	1430.544	1430.843
1435.286	0.8999999999998636	trials	118	s118_J210627	grCe_grSu6CiNe	15	315.0	8	1435.586	1435.886
1438.945	0.8999999999998636	trials	118	s118_J210627	grCe_grSu12SmCiNe_PS	21	315.0	8	1439.245	1439.545
1439.545	0.8999999999998636	trials	118	s118_J210627	coCe_grSu6Ne	17	0.0	8	1439.845	1440.145
1440.145	0.8999999999998636	trials	118	s118_J210627	grCe_grSu3Ne	5	45.0	8	1440.445	1440.745
1445.096	0.8999999999998636	trials	118	s118_J210627	grCe_grSu18Fa	11	45.0	8	1445.396	1445.695
1445.721	0.8999999999998636	trials	118	s118_J210627	grCe_grSu6CiNe_PS	19	225.0	8	1446.021	1446.32
1446.3210000000001	0.8999999999998636	trials	118	s118_J210627	coCe	16	135.0	8	1446.621	1446.92
1451.305	0.8999999999998636	trials	118	s118_J210627	grCe_grSu18Fa	11	180.0	8	1451.605	1451.904
1451.905	0.8999999999998636	trials	118	s118_J210627	grCe_grSu6Ne	7	225.0	8	1452.205	1452.505
1457.431	0.8999999999998636	trials	118	s118_J210627	grSu1Ne	2		8	1457.731	1458.03
1461.365	0.8999999999998636	trials	118	s118_J210627	grCe_grSu3Ne	5	315.0	8	1461.665	1461.964
1461.9650000000001	0.8999999999998636	trials	118	s118_J210627	grCe_grSu1Ne	3	315.0	8	1462.265	1462.564
1467.665	0.8999999999998636	trials	118	s118_J210627	grCe_grSu6Ne	7	90.0	8	1467.965	1468.265
1468.265	0.8999999999998636	trials	118	s118_J210627	grCe_grSu12Mi	9	315.0	8	1468.565	1468.865
1468.866	0.8999999999998636	trials	118	s118_J210627	grCe_grSu6CiNe	15	180.0	8	1469.166	1469.465
1473.866	0.8999999999998636	trials	118	s118_J210627	grCe_grSu6Ne_PS	18	90.0	8	1474.166	1474.466
1474.4660000000001	0.8999999999998636	trials	118	s118_J210627	grSu6Ne	6		8	1474.766	1475.066
1480.15	0.8999999999998636	trials	118	s118_J210627	grCe_grSu12SmCiNe	13	315.0	8	1480.45	1480.75
1480.75	0.8999999999998636	trials	118	s118_J210627	coCe	16	0.0	8	1481.05	1481.35
1481.351	0.8999999999998636	trials	118	s118_J210627	grCe_grSu12SmCiNe	13	90.0	8	1481.651	1481.95
1486.384	0.8999999999998636	trials	118	s118_J210627	grCe_grSu12Mi	9	45.0	8	1486.684	1486.984
1486.9850000000001	0.8999999999998636	trials	118	s118_J210627	grCe_grSu12SmCiNe	13	135.0	8	1487.285	1487.584
1487.585	0.8999999999998636	trials	118	s118_J210627	coCe_grSu6Ne	17	135.0	8	1487.885	1488.184
1492.544	0.8999999999998636	trials	118	s118_J210627	grCe_grSu12SmCiNe_PS	21	0.0	8	1492.844	1493.143
1493.152	0.8999999999998636	trials	118	s118_J210627	grCe_grSu6Ne	7	270.0	8	1493.452	1493.752
1502.037	0.8999999999998636	trials	118	s118_J210627	coCe	16	315.0	8	1502.337	1502.636
1502.637	0.8999999999998636	trials	118	s118_J210627	grCe_grSu3Ne	5	270.0	8	1502.937	1503.236
1503.237	0.8999999999998636	trials	118	s118_J210627	grSu6CiNe	14		8	1503.537	1503.836
1515.23	0.8999999999998636	trials	118	s118_J210627	grSu18Fa	10		8	1515.53	1515.829
1515.8300000000002	0.8999999999998636	trials	118	s118_J210627	grCe_grSu1Ne	3	270.0	8	1516.13	1516.429
1516.438	0.8999999999998636	trials	118	s118_J210627	coCe_grSu6Ne	17	45.0	8	1516.738	1517.038
1521.4560000000001	0.8999999999998636	trials	118	s118_J210627	coCe_grSu6Ne	17	90.0	8	1521.756	1522.055
1522.056	0.8999999999998636	trials	118	s118_J210627	grCe_grSu6CiNe_PS	19	315.0	8	1522.356	1522.655
1527.832	0.8999999999998636	trials	118	s118_J210627	grCe_grSu1Ne	3	90.0	8	1528.132	1528.431
1528.432	0.8999999999998636	trials	118	s118_J210627	grCe	1	315.0	8	1528.732	1529.031
1529.0320000000002	0.8999999999998636	trials	118	s118_J210627	grCe_grSu12SmCiNe	13	180.0	8	1529.332	1529.631
1534.016	0.8999999999998636	trials	118	s118_J210627	grCe_grSu6CiNe	15	90.0	8	1534.316	1534.615
1534.616	0.8999999999998636	trials	118	s118_J210627	grCe	1	90.0	8	1534.916	1535.215
1535.233	0.8999999999998636	trials	118	s118_J210627	grCe	1	45.0	8	1535.533	1535.832
1543.409	0.8999999999998636	trials	118	s118_J210627	coCe	16	225.0	8	1543.709	1544.008
1544.009	0.8999999999998636	trials	118	s118_J210627	grCe_grSu18Fa	11	225.0	8	1544.309	1544.608
1544.6090000000002	0.8999999999998636	trials	118	s118_J210627	grCe_grSu12SmCiNe	13	225.0	8	1544.909	1545.208
1549.726	0.8999999999998636	trials	118	s118_J210627	grCe_grSu3Ne	5	0.0	8	1550.026	1550.326
1553.468	0.8999999999998636	trials	118	s118_J210627	grCe_grSu6CiNe	15	45.0	8	1553.768	1554.068
1554.6680000000001	0.8999999999998636	trials	118	s118_J210627	grSu12SmCiNe	12		8	1554.968	1555.268
1559.627	0.8999999999998636	trials	118	s118_J210627	grCe_grSu3Ne	5	180.0	8	1559.927	1560.227
1560.227	0.8999999999998636	trials	118	s118_J210627	grCe_grSu6CiNe_PS	19	135.0	8	1560.527	1560.827
1560.8690000000001	0.8999999999998636	trials	118	s118_J210627	grCe	1	135.0	8	1561.169	1561.469
1565.786	0.8999999999998636	trials	118	s118_J210627	coCe_grSu6Ne	17	270.0	8	1566.086	1566.386
1566.387	0.8999999999998636	trials	118	s118_J210627	grCe_grSu12Mi	9	180.0	8	1566.687	1566.986
1566.987	0.8999999999998636	trials	118	s118_J210627	grCe_grSu6CiNe	15	270.0	8	1567.287	1567.586
1575.079	0.8999999999998636	trials	118	s118_J210627	grCe_grSu6Ne	7	135.0	8	1575.379	1575.679
1575.679	0.8999999999998636	trials	118	s118_J210627	grCe_grSu12Mi	9	0.0	8	1575.979	1576.279
1581.363	0.8999999999998636	trials	118	s118_J210627	grCe_grSu3Ne	5	135.0	4	1581.663	1581.963
1581.964	0.8999999999998636	trials	118	s118_J210627	coCe_grSu6Ne	17	270.0	4	1582.264	1582.563
1591.265	0.8999999999998636	trials	118	s118_J210627	grCe_grSu6CiNe_PS	19	270.0	4	1591.565	1591.864
1591.865	0.8999999999998636	trials	118	s118_J210627	grCe_grSu3Ne	5	90.0	4	1592.165	1592.464
1597.8990000000001	0.8999999999998636	trials	118	s118_J210627	grCe_grSu18Fa	11	225.0	4	1598.199	1598.498
1598.499	0.8999999999998636	trials	118	s118_J210627	coCe_grSu6Ne	17	225.0	4	1598.799	1599.099
1599.099	0.8999999999998636	trials	118	s118_J210627	grCe_grSu12Mi	9	270.0	4	1599.399	1599.699
1604.583	0.8999999999998636	trials	118	s118_J210627	grCe_grSu6Ne	7	135.0	4	1604.883	1605.183
1605.183	0.8999999999998636	trials	118	s118_J210627	grCe_grSu6Ne	7	180.0	4	1605.483	1605.783
1605.7830000000001	0.8999999999998636	trials	118	s118_J210627	grCe	1	225.0	4	1606.083	1606.383
1610.651	0.8999999999998636	trials	118	s118_J210627	coCe	16	45.0	4	1610.951	1611.25
1611.8590000000002	0.8999999999998636	trials	118	s118_J210627	grSu6CiNe	14		4	1612.159	1612.459
1616.876	0.8999999999998636	trials	118	s118_J210627	coCe	16	90.0	4	1617.176	1617.476
1617.477	0.8999999999998636	trials	118	s118_J210627	coCe	16	135.0	4	1617.777	1618.076
1618.077	0.8999999999998636	trials	118	s118_J210627	grCe_grSu6Ne_PS	18	180.0	4	1618.377	1618.676
1622.9360000000001	0.8999999999998636	trials	118	s118_J210627	grCe_grSu6Ne	7	225.0	4	1623.236	1623.535
1623.536	0.8999999999998636	trials	118	s118_J210627	coCe	16	225.0	4	1623.836	1624.135
1629.395	0.8999999999998636	trials	118	s118_J210627	coCe_grSu6Ne	17	0.0	4	1629.695	1629.994
1633.22	0.8999999999998636	trials	118	s118_J210627	coCe_grSu6Ne	17	90.0	4	1633.52	1633.82
1633.82	0.8999999999998636	trials	118	s118_J210627	coCe	16	270.0	4	1634.12	1634.42
1634.42	0.8999999999998636	trials	118	s118_J210627	grCe_grSu6CiNe_PS	19	0.0	4	1634.72	1635.02
1639.4460000000001	0.8999999999998636	trials	118	s118_J210627	grCe_grSu12Mi	9	90.0	4	1639.746	1640.046
1640.046	0.8999999999998636	trials	118	s118_J210627	grCe_grSu6Ne_PS	18	0.0	4	1640.346	1640.646
1640.646	0.8999999999998636	trials	118	s118_J210627	grCe_grSu12SmCiNe	13	315.0	4	1640.946	1641.246
1663.0910000000001	0.8999999999998636	trials	118	s118_J210627	grCe_grSu12Mi	9	315.0	4	1663.391	1663.69
1664.291	0.8999999999998636	trials	118	s118_J210627	grCe_grSu6Ne_PS	18	135.0	4	1664.591	1664.89
1669.267	0.8999999999998636	trials	118	s118_J210627	grCe_grSu12SmCiNe_PS	21	225.0	4	1669.567	1669.866
1669.867	0.8999999999998636	trials	118	s118_J210627	grSu1Ne	2		4	1670.167	1670.466
1670.467	0.8999999999998636	trials	118	s118_J210627	grCe_grSu1Ne	3	315.0	4	1670.767	1671.066
1676.059	0.8999999999998636	trials	118	s118_J210627	grCe_grSu6Ne	7	90.0	4	1676.359	1676.659
1676.701	0.8999999999998636	trials	118	s118_J210627	grCe_grSu6Ne	7	45.0	4	1677.001	1677.3
1681.643	0.8999999999998636	trials	118	s118_J210627	grCe	1	90.0	4	1681.943	1682.243
1682.243	0.8999999999998636	trials	118	s118_J210627	grCe_grSu1Ne	3	0.0	4	1682.543	1682.843
1682.843	0.8999999999998636	trials	118	s118_J210627	grCe_grSu6CiNe_PS	19	135.0	4	1683.143	1683.443
1687.911	0.8999999999998636	trials	118	s118_J210627	grCe_grSu12SmCiNe_PS	21	180.0	4	1688.211	1688.51
1688.511	0.8999999999998636	trials	118	s118_J210627	grCe_grSu1Ne	3	180.0	4	1688.811	1689.11
1689.152	0.8999999999998636	trials	118	s118_J210627	grCe	1	45.0	4	1689.452	1689.752
1694.17	0.8999999999998636	trials	118	s118_J210627	grCe_grSu6Ne_PS	18	90.0	4	1694.47	1694.769
1694.853	0.8999999999998636	trials	118	s118_J210627	grCe	1	0.0	4	1695.153	1695.453
1700.804	0.8999999999998636	trials	118	s118_J210627	grCe_grSu6Ne_PS	18	225.0	4	1701.104	1701.404
1701.404	0.8999999999998636	trials	118	s118_J210627	grCe_grSu3Ne	5	45.0	4	1701.704	1702.004
1702.0040000000001	0.8999999999998636	trials	118	s118_J210627	grCe_grSu18Fa	11	90.0	4	1702.304	1702.604
1707.597	0.8999999999998636	trials	118	s118_J210627	grCe	1	270.0	4	1707.897	1708.196
1708.1970000000001	0.8999999999998636	trials	118	s118_J210627	grCe_grSu3Ne	5	225.0	4	1708.497	1708.796
1713.097	0.8999999999998636	trials	118	s118_J210627	NoStim	0		4	1713.397	1713.697
1713.6970000000001	0.8999999999998636	trials	118	s118_J210627	grCe_grSu18Fa	11	135.0	4	1713.997	1714.297
1714.297	0.8999999999998636	trials	118	s118_J210627	grCe_grSu12SmCiNe	13	45.0	4	1714.597	1714.897
1719.29	0.8999999999998636	trials	118	s118_J210627	grCe_grSu18Fa	11	270.0	4	1719.59	1719.889
1719.89	0.8999999999998636	trials	118	s118_J210627	grCe_grSu12Mi	9	0.0	4	1720.19	1720.489
1720.49	0.8999999999998636	trials	118	s118_J210627	grCe	1	180.0	4	1720.79	1721.089
1729.191	0.8999999999998636	trials	118	s118_J210627	grCe_grSu6CiNe	15	0.0	4	1729.491	1729.791
1729.791	0.8999999999998636	trials	118	s118_J210627	grCe_grSu18Fa	11	0.0	4	1730.091	1730.391
1730.391	0.8999999999998636	trials	118	s118_J210627	coCe	16	315.0	4	1730.691	1730.991
1735.4	0.8999999999998636	trials	118	s118_J210627	grCe_grSu6CiNe_PS	19	90.0	4	1735.7	1736.0
1740.201	0.8999999999998636	trials	118	s118_J210627	grSu12SmCiNe	12		4	1740.501	1740.8
1740.8010000000002	0.8999999999998636	trials	118	s118_J210627	grSu6Ne	6		4	1741.101	1741.4
1748.819	0.8999999999998636	trials	118	s118_J210627	grCe_grSu1Ne	3	270.0	4	1749.119	1749.418
1749.419	0.8999999999998636	trials	118	s118_J210627	grCe_grSu6Ne_PS	18	270.0	4	1749.719	1750.018
1755.019	0.8999999999998636	trials	118	s118_J210627	grCe_grSu18Fa	11	45.0	4	1755.319	1755.619
1755.6190000000001	0.8999999999998636	trials	118	s118_J210627	grCe_grSu12SmCiNe_PS	21	270.0	4	1755.919	1756.219
1761.2540000000001	0.8999999999998636	trials	118	s118_J210627	grSu18Fa	10		4	1761.554	1761.853
1761.854	0.8999999999998636	trials	118	s118_J210627	grSu12Mi	8		4	1762.154	1762.453
1762.454	0.8999999999998636	trials	118	s118_J210627	coSu6Ne	20		4	1762.754	1763.053
1767.579	0.8999999999998636	trials	118	s118_J210627	coCe_grSu6Ne	17	45.0	4	1767.879	1768.179
1768.179	0.8999999999998636	trials	118	s118_J210627	grCe_grSu1Ne	3	90.0	4	1768.479	1768.779
1768.78	0.8999999999998636	trials	118	s118_J210627	grCe_grSu12SmCiNe_PS	21	0.0	4	1769.08	1769.379
1777.247	0.8999999999998636	trials	118	s118_J210627	grCe_grSu12Mi	9	135.0	4	1777.547	1777.847
1777.847	0.8999999999998636	trials	118	s118_J210627	grCe_grSu6CiNe	15	45.0	4	1778.147	1778.447
1778.4470000000001	0.8999999999998636	trials	118	s118_J210627	grCe_grSu12SmCiNe	13	0.0	4	1778.747	1779.047
1787.682	0.8999999999998636	trials	118	s118_J210627	grCe_grSu12Mi	9	225.0	4	1787.982	1788.281
1788.315	0.8999999999998636	trials	118	s118_J210627	grCe_grSu6CiNe_PS	19	180.0	4	1788.615	1788.915
1788.915	0.8999999999998636	trials	118	s118_J210627	grCe_grSu1Ne	3	45.0	4	1789.215	1789.515
1793.8990000000001	0.8999999999998636	trials	118	s118_J210627	grCe_grSu6Ne_PS	18	315.0	4	1794.199	1794.499
1795.1000000000001	0.8999999999998636	trials	118	s118_J210627	grCe_grSu3Ne	5	270.0	4	1795.4	1795.699
1801.267	0.8999999999998636	trials	118	s118_J210627	grCe_grSu6CiNe	15	135.0	4	1801.567	1801.867
1807.101	0.8999999999998636	trials	118	s118_J210627	grCe_grSu6CiNe_PS	19	45.0	4	1807.401	1807.701
1807.701	0.8999999999998636	trials	118	s118_J210627	grCe_grSu12SmCiNe_PS	21	135.0	4	1808.001	1808.301
1813.002	0.8999999999998636	trials	118	s118_J210627	grCe_grSu12SmCiNe	13	225.0	4	1813.302	1813.601
1813.602	0.8999999999998636	trials	118	s118_J210627	grCe_grSu6CiNe	15	180.0	4	1813.902	1814.201
1814.202	0.8999999999998636	trials	118	s118_J210627	coCe_grSu6Ne	17	135.0	4	1814.502	1814.802
1820.428	0.8999999999998636	trials	118	s118_J210627	grCe_grSu6CiNe	15	90.0	4	1820.728	1821.027
1825.42	0.8999999999998636	trials	118	s118_J210627	grCe_grSu12SmCiNe	13	270.0	4	1825.72	1826.02
1829.1290000000001	0.8999999999998636	trials	118	s118_J210627	coCe_grSu6Ne	17	180.0	4	1829.429	1829.729
1829.729	0.8999999999998636	trials	118	s118_J210627	grCe_grSu3Ne	5	315.0	4	1830.029	1830.329
1830.329	0.8999999999998636	trials	118	s118_J210627	grCe_grSu6CiNe_PS	19	315.0	4	1830.629	1830.929
1835.897	0.8999999999998636	trials	118	s118_J210627	grCe	1	315.0	4	1836.197	1836.496
1836.497	0.8999999999998636	trials	118	s118_J210627	grCe_grSu12SmCiNe_PS	21	315.0	4	1836.797	1837.096
1844.798	0.8999999999998636	trials	118	s118_J210627	grCe_grSu6CiNe	15	225.0	4	1845.098	1845.397
1845.3980000000001	0.8999999999998636	trials	118	s118_J210627	grCe_grSu6CiNe	15	315.0	4	1845.698	1845.997
1845.998	0.8999999999998636	trials	118	s118_J210627	grCe_grSu6Ne	7	315.0	4	1846.298	1846.597
1854.224	0.8999999999998636	trials	118	s118_J210627	grSu3Ne	4		4	1854.524	1854.823
1854.824	0.8999999999998636	trials	118	s118_J210627	grCe_grSu6Ne_PS	18	45.0	4	1855.124	1855.424
1861.05	0.8999999999998636	trials	118	s118_J210627	grCe_grSu12SmCiNe	13	90.0	4	1861.35	1861.649
1861.65	0.8999999999998636	trials	118	s118_J210627	coCe_grSu6Ne	17	315.0	4	1861.95	1862.249
1866.726	0.8999999999998636	trials	118	s118_J210627	grCe_grSu18Fa	11	315.0	4	1867.026	1867.325
1867.326	0.8999999999998636	trials	118	s118_J210627	grCe_grSu1Ne	3	135.0	4	1867.626	1867.925
1867.9260000000002	0.8999999999998636	trials	118	s118_J210627	grCe_grSu6CiNe_PS	19	225.0	4	1868.226	1868.525
1873.0510000000002	0.8999999999998636	trials	118	s118_J210627	grCe_grSu12SmCiNe	13	135.0	4	1873.351	1873.651
1876.827	0.8999999999998636	trials	118	s118_J210627	grCe_grSu12Mi	9	45.0	4	1877.127	1877.426
1877.4270000000001	0.8999999999998636	trials	118	s118_J210627	grCe_grSu18Fa	11	180.0	4	1877.727	1878.026
1878.035	0.8999999999998636	trials	118	s118_J210627	grCe	1	135.0	4	1878.335	1878.635
1883.069	0.8999999999998636	trials	118	s118_J210627	coCe	16	180.0	4	1883.369	1883.669
1883.669	0.8999999999998636	trials	118	s118_J210627	coCe	16	0.0	4	1883.969	1884.269
1884.294	0.8999999999998636	trials	118	s118_J210627	grCe_grSu1Ne	3	225.0	4	1884.594	1884.894
1892.537	0.8999999999998636	trials	118	s118_J210627	grCe_grSu12SmCiNe_PS	21	45.0	4	1892.837	1893.137
1893.9370000000001	0.8999999999998636	trials	118	s118_J210627	grCe_grSu12SmCiNe_PS	21	90.0	4	1894.237	1894.537
1899.28	0.8999999999998636	trials	118	s118_J210627	grCe_grSu6Ne	7	270.0	4	1899.58	1899.879
1899.88	0.8999999999998636	trials	118	s118_J210627	grCe_grSu3Ne	5	0.0	4	1900.18	1900.479
1900.48	0.8999999999998636	trials	118	s118_J210627	grCe_grSu6CiNe	15	270.0	4	1900.78	1901.079
1905.439	0.8999999999998636	trials	118	s118_J210627	grCe_grSu12Mi	9	180.0	4	1905.739	1906.038
1906.6390000000001	0.8999999999998636	trials	118	s118_J210627	grCe_grSu6Ne	7	0.0	4	1906.939	1907.239
1911.448	0.8999999999998636	trials	118	s118_J210627	grCe_grSu3Ne	5	180.0	4	1911.748	1912.048
1912.048	0.8999999999998636	trials	118	s118_J210627	grCe_grSu12SmCiNe	13	180.0	4	1912.348	1912.648
1912.6480000000001	0.8999999999998636	trials	118	s118_J210627	grCe_grSu12Mi	9	270.0	6	1912.948	1913.248
1920.608	0.8999999999998636	trials	118	s118_J210627	grSu1Ne	2		6	1920.908	1921.207
1921.208	0.8999999999998636	trials	118	s118_J210627	grCe_grSu18Fa	11	0.0	6	1921.508	1921.807
1921.808	0.8999999999998636	trials	118	s118_J210627	grCe_grSu18Fa	11	270.0	6	1922.108	1922.407
1926.6000000000001	0.8999999999998636	trials	118	s118_J210627	grCe_grSu3Ne	5	270.0	6	1926.9	1927.2
1927.2	0.8999999999998636	trials	118	s118_J210627	grCe_grSu18Fa	11	135.0	6	1927.5	1927.8
1927.8	0.8999999999998636	trials	118	s118_J210627	coCe	16	0.0	6	1928.1	1928.4
1935.9850000000001	0.8999999999998636	trials	118	s118_J210627	grCe_grSu6Ne_PS	18	315.0	6	1936.285	1936.584
1936.585	0.8999999999998636	trials	118	s118_J210627	grCe_grSu12SmCiNe	13	90.0	6	1936.885	1937.184
1937.185	0.8999999999998636	trials	118	s118_J210627	grCe_grSu6CiNe	15	315.0	6	1937.485	1937.784
1942.169	0.8999999999998636	trials	118	s118_J210627	grCe_grSu12SmCiNe_PS	21	315.0	6	1942.469	1942.768
1942.769	0.8999999999998636	trials	118	s118_J210627	grCe_grSu18Fa	11	45.0	6	1943.069	1943.368
1943.3690000000001	0.8999999999998636	trials	118	s118_J210627	grCe_grSu12SmCiNe	13	0.0	6	1943.669	1943.968
1948.203	0.8999999999998636	trials	118	s118_J210627	grCe_grSu12Mi	9	90.0	6	1948.503	1948.802
1949.403	0.8999999999998636	trials	118	s118_J210627	coCe	16	90.0	6	1949.703	1950.002
1954.429	0.8999999999998636	trials	118	s118_J210627	coCe	16	225.0	6	1954.729	1955.028
1955.637	0.8999999999998636	trials	118	s118_J210627	grCe_grSu1Ne	3	0.0	6	1955.937	1956.237
1960.713	0.8999999999998636	trials	118	s118_J210627	coCe_grSu6Ne	17	0.0	6	1961.013	1961.312
1961.9460000000001	0.8999999999998636	trials	118	s118_J210627	grCe_grSu12SmCiNe_PS	21	45.0	6	1962.246	1962.546
1966.9550000000002	0.8999999999998636	trials	118	s118_J210627	grCe	1	0.0	6	1967.255	1967.555
1967.555	0.8999999999998636	trials	118	s118_J210627	grCe_grSu6CiNe	15	180.0	6	1967.855	1968.155
1973.098	0.8999999999998636	trials	118	s118_J210627	grCe_grSu6CiNe	15	0.0	6	1973.398	1973.697
1973.698	0.8999999999998636	trials	118	s118_J210627	grCe_grSu3Ne	5	135.0	6	1973.998	1974.297
1974.298	0.8999999999998636	trials	118	s118_J210627	grCe_grSu3Ne	5	225.0	6	1974.598	1974.897
1979.3400000000001	0.8999999999998636	trials	118	s118_J210627	grCe_grSu6CiNe_PS	19	45.0	6	1979.64	1979.94
1979.94	0.8999999999998636	trials	118	s118_J210627	grCe_grSu18Fa	11	90.0	6	1980.24	1980.54
1980.54	0.8999999999998636	trials	118	s118_J210627	grCe_grSu18Fa	11	180.0	6	1980.84	1981.14
1985.616	0.8999999999998636	trials	118	s118_J210627	coCe	16	180.0	6	1985.916	1986.216
1992.5	0.8999999999998636	trials	118	s118_J210627	coCe_grSu6Ne	17	180.0	6	1992.8	1993.1
1993.1000000000001	0.8999999999998636	trials	118	s118_J210627	grCe_grSu12SmCiNe	13	135.0	6	1993.4	1993.7
1993.7	0.8999999999998636	trials	118	s118_J210627	coCe	16	315.0	6	1994.0	1994.3
1998.784	0.8999999999998636	trials	118	s118_J210627	grCe_grSu12SmCiNe	13	180.0	6	1999.084	1999.384
2002.585	0.8999999999998636	trials	118	s118_J210627	grCe_grSu12Mi	9	135.0	6	2002.885	2003.184
2003.185	0.8999999999998636	trials	118	s118_J210627	coCe_grSu6Ne	17	315.0	6	2003.485	2003.784
2003.785	0.8999999999998636	trials	118	s118_J210627	coCe_grSu6Ne	17	45.0	6	2004.085	2004.385
2008.836	0.8999999999998636	trials	118	s118_J210627	grCe_grSu6Ne	7	270.0	6	2009.136	2009.435
2009.4360000000001	0.8999999999998636	trials	118	s118_J210627	grCe_grSu3Ne	5	180.0	6	2009.736	2010.035
2010.036	0.8999999999998636	trials	118	s118_J210627	coSu6Ne	20		6	2010.336	2010.635
2015.02	0.8999999999998636	trials	118	s118_J210627	coCe_grSu6Ne	17	225.0	6	2015.32	2015.619
2015.6200000000001	0.8999999999998636	trials	118	s118_J210627	grCe_grSu12Mi	9	225.0	6	2015.92	2016.219
2016.22	0.8999999999998636	trials	118	s118_J210627	grCe	1	90.0	6	2016.52	2016.819
2021.146	0.8999999999998636	trials	118	s118_J210627	grCe_grSu12Mi	9	45.0	6	2021.446	2021.745
2021.746	0.8999999999998636	trials	118	s118_J210627	grCe	1	315.0	6	2022.046	2022.345
2027.363	0.8999999999998636	trials	118	s118_J210627	grCe_grSu12Mi	9	0.0	6	2027.663	2027.963
2027.963	0.8999999999998636	trials	118	s118_J210627	grCe_grSu12Mi	9	315.0	6	2028.263	2028.563
2028.5800000000002	0.8999999999998636	trials	118	s118_J210627	grCe_grSu6CiNe_PS	19	180.0	6	2028.88	2029.179
2033.656	0.8999999999998636	trials	118	s118_J210627	grCe_grSu6Ne	7	0.0	6	2033.956	2034.255
2040.381	0.8999999999998636	trials	118	s118_J210627	grCe_grSu6CiNe	15	225.0	6	2040.681	2040.981
2040.982	0.8999999999998636	trials	118	s118_J210627	grCe_grSu6Ne	7	90.0	6	2041.282	2041.581
2041.582	0.8999999999998636	trials	118	s118_J210627	grCe_grSu6Ne	7	225.0	6	2041.882	2042.181
2046.499	0.8999999999998636	trials	118	s118_J210627	grSu12Mi	8		6	2046.799	2047.098
2047.099	0.8999999999998636	trials	118	s118_J210627	grCe_grSu12SmCiNe_PS	21	135.0	6	2047.399	2047.698
2047.699	0.900000000000091	trials	118	s118_J210627	grCe_grSu12SmCiNe_PS	21	180.0	6	2047.999	2048.299
2052.683	0.900000000000091	trials	118	s118_J210627	grCe	1	135.0	6	2052.983	2053.283
2053.883	0.900000000000091	trials	118	s118_J210627	grCe_grSu18Fa	11	225.0	6	2054.183	2054.483
2059.667	0.900000000000091	trials	118	s118_J210627	coCe_grSu6Ne	17	135.0	6	2059.967	2060.267
2060.267	0.900000000000091	trials	118	s118_J210627	coCe	16	45.0	6	2060.567	2060.867
2065.2259999999997	0.900000000000091	trials	118	s118_J210627	grCe_grSu1Ne	3	180.0	6	2065.526	2065.826
2065.826	0.900000000000091	trials	118	s118_J210627	grCe_grSu6CiNe_PS	19	90.0	6	2066.126	2066.426
2072.6609999999996	0.900000000000091	trials	118	s118_J210627	grCe_grSu6CiNe	15	270.0	6	2072.961	2073.26
2077.7529999999997	0.900000000000091	trials	118	s118_J210627	NoStim	0		6	2078.053	2078.352
2078.3529999999996	0.900000000000091	trials	118	s118_J210627	grSu6Ne	6		6	2078.653	2078.953
2083.979	0.900000000000091	trials	118	s118_J210627	grCe_grSu6Ne	7	180.0	6	2084.279	2084.578
2084.5789999999997	0.900000000000091	trials	118	s118_J210627	grCe	1	180.0	6	2084.879	2085.178
2085.1789999999996	0.900000000000091	trials	118	s118_J210627	grSu18Fa	10		6	2085.479	2085.778
2090.863	0.900000000000091	trials	118	s118_J210627	grCe_grSu12SmCiNe	13	315.0	6	2091.163	2091.463
2091.4629999999997	0.900000000000091	trials	118	s118_J210627	grCe_grSu3Ne	5	0.0	6	2091.763	2092.063
2096.422	0.900000000000091	trials	118	s118_J210627	grCe_grSu12SmCiNe	13	225.0	6	2096.722	2097.022
2097.022	0.900000000000091	trials	118	s118_J210627	grCe_grSu6CiNe_PS	19	0.0	6	2097.322	2097.622
2097.622	0.900000000000091	trials	118	s118_J210627	grCe_grSu3Ne	5	45.0	6	2097.922	2098.222
2104.0229999999997	0.900000000000091	trials	118	s118_J210627	grCe_grSu1Ne	3	135.0	6	2104.323	2104.623
2104.6229999999996	0.900000000000091	trials	118	s118_J210627	grCe_grSu12Mi	9	180.0	6	2104.923	2105.223
2109.624	0.900000000000091	trials	118	s118_J210627	grCe_grSu3Ne	5	90.0	6	2109.924	2110.223
2110.2239999999997	0.900000000000091	trials	118	s118_J210627	coCe_grSu6Ne	17	90.0	6	2110.524	2110.823
2110.8239999999996	0.900000000000091	trials	118	s118_J210627	grCe	1	225.0	6	2111.124	2111.423
2116.2	0.900000000000091	trials	118	s118_J210627	grCe_grSu1Ne	3	270.0	6	2116.5	2116.799
2117.408	0.900000000000091	trials	118	s118_J210627	grCe_grSu12SmCiNe_PS	21	0.0	6	2117.708	2118.008
2122.234	0.900000000000091	trials	118	s118_J210627	grCe_grSu6Ne_PS	18	45.0	6	2122.534	2122.833
2122.834	0.900000000000091	trials	118	s118_J210627	coCe_grSu6Ne	17	270.0	6	2123.134	2123.433
2128.5099999999998	0.900000000000091	trials	118	s118_J210627	grCe_grSu6Ne	7	135.0	6	2128.81	2129.109
2129.1099999999997	0.900000000000091	trials	118	s118_J210627	grCe_grSu12SmCiNe_PS	21	225.0	6	2129.41	2129.709
2135.4939999999997	0.900000000000091	trials	118	s118_J210627	grCe_grSu6Ne	7	315.0	6	2135.794	2136.093
2139.4939999999997	0.900000000000091	trials	118	s118_J210627	grCe_grSu6CiNe_PS	19	135.0	6	2139.794	2140.094
2140.0939999999996	0.900000000000091	trials	118	s118_J210627	grCe_grSu12SmCiNe_PS	21	90.0	6	2140.394	2140.694
2145.087	0.900000000000091	trials	118	s118_J210627	grCe	1	270.0	6	2145.387	2145.686
2145.687	0.900000000000091	trials	118	s118_J210627	grCe_grSu12SmCiNe	13	270.0	6	2145.987	2146.286
2146.287	0.900000000000091	trials	118	s118_J210627	grCe_grSu6CiNe	15	135.0	6	2146.587	2146.886
2151.413	0.900000000000091	trials	118	s118_J210627	grCe_grSu6CiNe_PS	19	315.0	6	2151.713	2152.012
2152.013	0.900000000000091	trials	118	s118_J210627	grCe_grSu1Ne	3	45.0	6	2152.313	2152.612
2152.638	0.900000000000091	trials	118	s118_J210627	grCe_grSu1Ne	3	315.0	6	2152.938	2153.237
2158.488	0.900000000000091	trials	118	s118_J210627	grSu3Ne	4		6	2158.788	2159.088
2164.239	0.900000000000091	trials	118	s118_J210627	coCe	16	135.0	6	2164.539	2164.839
2164.839	0.900000000000091	trials	118	s118_J210627	grCe_grSu6Ne_PS	18	135.0	6	2165.139	2165.439
2165.439	0.900000000000091	trials	118	s118_J210627	grCe_grSu6Ne_PS	18	225.0	6	2165.739	2166.039
2171.115	0.900000000000091	trials	118	s118_J210627	grSu12SmCiNe	12		6	2171.415	2171.715
2176.924	0.900000000000091	trials	118	s118_J210627	grCe_grSu6CiNe	15	90.0	6	2177.224	2177.524
2177.524	0.900000000000091	trials	118	s118_J210627	grCe_grSu6Ne_PS	18	90.0	6	2177.824	2178.124
2186.384	0.900000000000091	trials	118	s118_J210627	grSu6CiNe	14		6	2186.684	2186.983
2186.984	0.900000000000091	trials	118	s118_J210627	coCe	16	270.0	6	2187.284	2187.583
2187.6009999999997	0.900000000000091	trials	118	s118_J210627	grCe_grSu3Ne	5	315.0	6	2187.901	2188.2
2192.585	0.900000000000091	trials	118	s118_J210627	grCe_grSu6CiNe_PS	19	270.0	6	2192.885	2193.184
2193.276	0.900000000000091	trials	118	s118_J210627	grCe	1	45.0	6	2193.576	2193.876
2198.9689999999996	0.900000000000091	trials	118	s118_J210627	grCe_grSu6CiNe	15	45.0	6	2199.269	2199.568
2199.569	0.900000000000091	trials	118	s118_J210627	grCe_grSu6CiNe_PS	19	225.0	6	2199.869	2200.168
2203.8439999999996	0.900000000000091	trials	118	s118_J210627	grCe_grSu18Fa	11	315.0	6	2204.144	2204.444
2204.444	0.900000000000091	trials	118	s118_J210627	grCe_grSu6Ne	7	45.0	6	2204.744	2205.044
2209.562	0.900000000000091	trials	118	s118_J210627	grCe_grSu1Ne	3	225.0	6	2209.862	2210.161
2210.162	0.900000000000091	trials	118	s118_J210627	grCe_grSu1Ne	3	90.0	6	2210.462	2210.761
2210.7619999999997	0.900000000000091	trials	118	s118_J210627	grCe_grSu6Ne_PS	18	270.0	6	2211.062	2211.361
2215.854	0.900000000000091	trials	118	s118_J210627	grCe_grSu12SmCiNe	13	45.0	6	2216.154	2216.454
2219.738	0.900000000000091	trials	118	s118_J210627	grCe_grSu6Ne_PS	18	0.0	6	2220.038	2220.338
2220.3379999999997	0.900000000000091	trials	118	s118_J210627	grCe_grSu6Ne_PS	18	180.0	6	2220.638	2220.938
2220.9379999999996	0.900000000000091	trials	118	s118_J210627	grCe_grSu12SmCiNe_PS	21	270.0	6	2221.238	2221.538
2226.056	0.900000000000091	trials	118	s118_J210627	grSu1Ne	2		7	2226.356	2226.655
2226.689	0.900000000000091	trials	118	s118_J210627	coCe_grSu6Ne	17	270.0	7	2226.989	2227.288
2232.2729999999997	0.900000000000091	trials	118	s118_J210627	grCe	1	315.0	7	2232.573	2232.873
2238.424	0.900000000000091	trials	118	s118_J210627	grCe_grSu6CiNe_PS	19	135.0	7	2238.724	2239.023
2239.024	0.900000000000091	trials	118	s118_J210627	coCe_grSu6Ne	17	135.0	7	2239.324	2239.623
2239.624	0.900000000000091	trials	118	s118_J210627	grCe_grSu18Fa	11	0.0	7	2239.924	2240.223
2244.683	0.900000000000091	trials	118	s118_J210627	grCe_grSu12SmCiNe_PS	21	270.0	7	2244.983	2245.282
2245.283	0.900000000000091	trials	118	s118_J210627	grCe	1	180.0	7	2245.583	2245.883
2250.667	0.900000000000091	trials	118	s118_J210627	grCe_grSu6CiNe	15	90.0	7	2250.967	2251.267
2251.267	0.900000000000091	trials	118	s118_J210627	grCe_grSu6CiNe_PS	19	270.0	7	2251.567	2251.867
2256.7929999999997	0.900000000000091	trials	118	s118_J210627	grCe_grSu12Mi	9	225.0	7	2257.093	2257.392
2260.56	0.900000000000091	trials	118	s118_J210627	coCe	16	315.0	7	2260.86	2261.16
2264.261	0.900000000000091	trials	118	s118_J210627	grCe_grSu6Ne	7	0.0	7	2264.561	2264.86
2264.861	0.900000000000091	trials	118	s118_J210627	grCe_grSu6CiNe_PS	19	180.0	7	2265.161	2265.46
2270.528	0.900000000000091	trials	118	s118_J210627	grCe_grSu6CiNe	15	45.0	7	2270.828	2271.127
2271.1279999999997	0.900000000000091	trials	118	s118_J210627	grCe_grSu3Ne	5	90.0	7	2271.428	2271.728
2271.7529999999997	0.900000000000091	trials	118	s118_J210627	grSu12SmCiNe	12		7	2272.053	2272.353
2282.6879999999996	0.900000000000091	trials	118	s118_J210627	grCe_grSu12Mi	9	135.0	7	2282.988	2283.287
2283.921	0.900000000000091	trials	118	s118_J210627	grCe_grSu6CiNe	15	225.0	7	2284.221	2284.521
2292.6229999999996	0.900000000000091	trials	118	s118_J210627	grCe	1	45.0	7	2292.923	2293.222
2293.823	0.900000000000091	trials	118	s118_J210627	grCe_grSu6Ne_PS	18	135.0	7	2294.123	2294.422
2298.6479999999997	0.900000000000091	trials	118	s118_J210627	grCe_grSu6CiNe	15	180.0	7	2298.948	2299.248
2299.2819999999997	0.900000000000091	trials	118	s118_J210627	grCe_grSu6CiNe	15	270.0	7	2299.582	2299.881
2304.8489999999997	0.900000000000091	trials	118	s118_J210627	grCe_grSu12Mi	9	0.0	7	2305.149	2305.449
2305.4489999999996	0.900000000000091	trials	118	s118_J210627	grCe_grSu3Ne	5	270.0	7	2305.749	2306.049
2306.0829999999996	0.900000000000091	trials	118	s118_J210627	grCe_grSu6CiNe_PS	19	225.0	7	2306.383	2306.682
2311.125	0.900000000000091	trials	118	s118_J210627	grCe_grSu12SmCiNe_PS	21	90.0	7	2311.425	2311.724
2311.7329999999997	0.900000000000091	trials	118	s118_J210627	coSu6Ne	20		7	2312.033	2312.333
2312.3329999999996	0.900000000000091	trials	118	s118_J210627	grCe_grSu18Fa	11	135.0	7	2312.633	2312.933
2317.426	0.900000000000091	trials	118	s118_J210627	grCe_grSu1Ne	3	90.0	7	2317.726	2318.025
2318.026	0.900000000000091	trials	118	s118_J210627	grCe_grSu6Ne_PS	18	0.0	7	2318.326	2318.625
2318.6259999999997	0.900000000000091	trials	118	s118_J210627	coCe	16	270.0	7	2318.926	2319.225
2323.535	0.900000000000091	trials	118	s118_J210627	grCe_grSu1Ne	3	315.0	7	2323.835	2324.134
2324.1349999999998	0.900000000000091	trials	118	s118_J210627	grCe_grSu6Ne	7	225.0	7	2324.435	2324.734
2324.7349999999997	0.900000000000091	trials	118	s118_J210627	NoStim	0		7	2325.035	2325.335
2329.6769999999997	0.900000000000091	trials	118	s118_J210627	grCe	1	270.0	7	2329.977	2330.277
2330.277	0.900000000000091	trials	118	s118_J210627	grCe_grSu6Ne_PS	18	315.0	7	2330.577	2330.877
2330.877	0.900000000000091	trials	118	s118_J210627	coCe	16	45.0	7	2331.177	2331.477
2336.5699999999997	0.900000000000091	trials	118	s118_J210627	coCe_grSu6Ne	17	225.0	7	2336.87	2337.169
2337.1699999999996	0.900000000000091	trials	118	s118_J210627	grCe_grSu12SmCiNe_PS	21	0.0	7	2337.47	2337.769
2342.129	0.900000000000091	trials	118	s118_J210627	coCe	16	135.0	7	2342.429	2342.728
2342.754	0.900000000000091	trials	118	s118_J210627	grCe_grSu1Ne	3	180.0	7	2343.054	2343.354
2343.354	0.900000000000091	trials	118	s118_J210627	grCe_grSu3Ne	5	45.0	7	2343.654	2343.954
2348.296	0.900000000000091	trials	118	s118_J210627	grCe_grSu12Mi	9	180.0	7	2348.596	2348.896
2348.8959999999997	0.900000000000091	trials	118	s118_J210627	grCe_grSu12Mi	9	45.0	7	2349.196	2349.496
2349.497	0.900000000000091	trials	118	s118_J210627	grCe_grSu12Mi	9	315.0	7	2349.797	2350.096
2354.489	0.900000000000091	trials	118	s118_J210627	grSu18Fa	10		7	2354.789	2355.088
2355.089	0.900000000000091	trials	118	s118_J210627	grSu3Ne	4		7	2355.389	2355.688
2355.689	0.900000000000091	trials	118	s118_J210627	grCe_grSu6Ne_PS	18	270.0	7	2355.989	2356.289
2360.8399999999997	0.900000000000091	trials	118	s118_J210627	grCe_grSu3Ne	5	0.0	7	2361.14	2361.439
2364.665	0.900000000000091	trials	118	s118_J210627	grCe	1	135.0	7	2364.965	2365.265
2365.865	0.900000000000091	trials	118	s118_J210627	grCe_grSu6Ne_PS	18	45.0	7	2366.165	2366.465
2370.9159999999997	0.900000000000091	trials	118	s118_J210627	grCe_grSu12Mi	9	270.0	7	2371.216	2371.516
2372.116	0.900000000000091	trials	118	s118_J210627	grCe_grSu12SmCiNe	13	315.0	7	2372.416	2372.716
2377.133	0.900000000000091	trials	118	s118_J210627	coCe_grSu6Ne	17	315.0	7	2377.433	2377.733
2380.634	0.900000000000091	trials	118	s118_J210627	grCe_grSu6Ne_PS	18	90.0	7	2380.934	2381.233
2381.234	0.900000000000091	trials	118	s118_J210627	grCe_grSu12Mi	9	90.0	7	2381.534	2381.834
2381.834	0.900000000000091	trials	118	s118_J210627	grCe_grSu6Ne_PS	18	180.0	7	2382.134	2382.434
2387.4429999999998	0.900000000000091	trials	118	s118_J210627	grCe_grSu12SmCiNe	13	180.0	7	2387.743	2388.043
2388.0429999999997	0.900000000000091	trials	118	s118_J210627	grCe_grSu12SmCiNe_PS	21	45.0	7	2388.343	2388.643
2395.9939999999997	0.900000000000091	trials	118	s118_J210627	grCe_grSu18Fa	11	45.0	7	2396.294	2396.594
2396.5939999999996	0.900000000000091	trials	118	s118_J210627	coCe_grSu6Ne	17	45.0	7	2396.894	2397.194
2397.236	0.900000000000091	trials	118	s118_J210627	grCe_grSu6Ne	7	90.0	7	2397.536	2397.836
2405.212	0.900000000000091	trials	118	s118_J210627	grCe_grSu6Ne_PS	18	225.0	7	2405.512	2405.812
2405.812	0.900000000000091	trials	118	s118_J210627	grCe_grSu12SmCiNe	13	0.0	7	2406.112	2406.412
2406.412	0.900000000000091	trials	118	s118_J210627	grCe_grSu1Ne	3	45.0	7	2406.712	2407.012
2411.388	0.900000000000091	trials	118	s118_J210627	grCe_grSu12SmCiNe	13	270.0	7	2411.688	2411.987
2411.988	0.900000000000091	trials	118	s118_J210627	grSu6Ne	6		7	2412.288	2412.588
2412.5879999999997	0.900000000000091	trials	118	s118_J210627	grCe_grSu18Fa	11	180.0	7	2412.888	2413.188
2417.5049999999997	0.900000000000091	trials	118	s118_J210627	coCe_grSu6Ne	17	180.0	7	2417.805	2418.105
2418.105	0.900000000000091	trials	118	s118_J210627	coCe	16	225.0	7	2418.405	2418.705
2424.281	0.900000000000091	trials	118	s118_J210627	grCe_grSu1Ne	3	135.0	7	2424.581	2424.881
2430.057	0.900000000000091	trials	118	s118_J210627	grCe_grSu3Ne	5	315.0	7	2430.357	2430.657
2433.799	0.900000000000091	trials	118	s118_J210627	coCe	16	90.0	7	2434.099	2434.399
2434.399	0.900000000000091	trials	118	s118_J210627	grCe_grSu12SmCiNe_PS	21	135.0	7	2434.699	2434.999
2435.0409999999997	0.900000000000091	trials	118	s118_J210627	grCe_grSu12SmCiNe	13	90.0	7	2435.341	2435.641
2440.075	0.900000000000091	trials	118	s118_J210627	grCe_grSu6Ne	7	180.0	7	2440.375	2440.675
2441.2749999999996	0.900000000000091	trials	118	s118_J210627	grCe	1	225.0	7	2441.575	2441.875
2446.384	0.900000000000091	trials	118	s118_J210627	grSu12Mi	8		7	2446.684	2446.984
2446.993	0.900000000000091	trials	118	s118_J210627	grCe_grSu12SmCiNe	13	45.0	7	2447.293	2447.592
2447.634	0.900000000000091	trials	118	s118_J210627	grSu6CiNe	14		7	2447.934	2448.234
2452.81	0.900000000000091	trials	118	s118_J210627	grCe_grSu6CiNe	15	135.0	7	2453.11	2453.41
2459.211	0.900000000000091	trials	118	s118_J210627	grCe_grSu6CiNe_PS	19	90.0	7	2459.511	2459.81
2459.836	0.900000000000091	trials	118	s118_J210627	grCe_grSu18Fa	11	315.0	7	2460.136	2460.435
2460.4359999999997	0.900000000000091	trials	118	s118_J210627	grCe_grSu3Ne	5	180.0	7	2460.736	2461.035
2465.2949999999996	0.900000000000091	trials	118	s118_J210627	grCe_grSu12SmCiNe	13	135.0	7	2465.595	2465.894
2465.895	0.900000000000091	trials	118	s118_J210627	grCe_grSu12SmCiNe_PS	21	180.0	7	2466.195	2466.495
2466.495	0.900000000000091	trials	118	s118_J210627	grCe_grSu6Ne	7	270.0	7	2466.795	2467.095
2471.6369999999997	0.900000000000091	trials	118	s118_J210627	grCe_grSu6Ne	7	315.0	7	2471.937	2472.237
2472.238	0.900000000000091	trials	118	s118_J210627	coCe_grSu6Ne	17	0.0	7	2472.538	2472.837
2477.988	0.900000000000091	trials	118	s118_J210627	coCe	16	0.0	7	2478.288	2478.588
2478.5879999999997	0.900000000000091	trials	118	s118_J210627	coCe_grSu6Ne	17	90.0	7	2478.888	2479.188
2479.1879999999996	0.900000000000091	trials	118	s118_J210627	grCe	1	90.0	7	2479.488	2479.788
2484.239	0.900000000000091	trials	118	s118_J210627	grCe_grSu1Ne	3	270.0	7	2484.539	2484.839
2490.5319999999997	0.900000000000091	trials	118	s118_J210627	grCe_grSu12SmCiNe_PS	21	225.0	7	2490.832	2491.131
2491.79	0.900000000000091	trials	118	s118_J210627	grCe_grSu6Ne	7	45.0	7	2492.09	2492.39
2496.707	0.900000000000091	trials	118	s118_J210627	grCe_grSu3Ne	5	225.0	7	2497.007	2497.307
2497.307	0.900000000000091	trials	118	s118_J210627	grCe_grSu3Ne	5	135.0	7	2497.607	2497.907
2497.908	0.900000000000091	trials	118	s118_J210627	grCe_grSu6CiNe_PS	19	0.0	7	2498.208	2498.507
2503.375	0.900000000000091	trials	118	s118_J210627	grCe_grSu18Fa	11	270.0	7	2503.675	2503.974
2503.975	0.900000000000091	trials	118	s118_J210627	grCe_grSu6CiNe_PS	19	45.0	7	2504.275	2504.574
2504.575	0.900000000000091	trials	118	s118_J210627	grCe_grSu18Fa	11	225.0	7	2504.875	2505.175
2510.1589999999997	0.900000000000091	trials	118	s118_J210627	grCe_grSu6Ne	7	135.0	7	2510.459	2510.759
2510.768	0.900000000000091	trials	118	s118_J210627	grCe_grSu12SmCiNe	13	225.0	7	2511.068	2511.367
2518.9689999999996	0.900000000000091	trials	118	s118_J210627	coCe	16	180.0	7	2519.269	2519.568
2519.569	0.900000000000091	trials	118	s118_J210627	grCe_grSu18Fa	11	90.0	7	2519.869	2520.168
2520.169	0.900000000000091	trials	118	s118_J210627	grCe_grSu1Ne	3	225.0	7	2520.469	2520.768
2531.6699999999996	0.900000000000091	trials	118	s118_J210627	grCe_grSu6CiNe	15	0.0	7	2531.97	2532.27
2532.27	0.900000000000091	trials	118	s118_J210627	grCe_grSu1Ne	3	0.0	7	2532.57	2532.87
2537.129	0.900000000000091	trials	118	s118_J210627	grCe_grSu6CiNe	15	315.0	7	2537.429	2537.729
2537.729	0.900000000000091	trials	118	s118_J210627	grCe_grSu6CiNe_PS	19	315.0	7	2538.029	2538.329
2538.3289999999997	0.900000000000091	trials	118	s118_J210627	grCe_grSu12SmCiNe_PS	21	315.0	7	2538.629	2538.929
2546.9719999999998	0.900000000000091	trials	118	s118_J210627	grCe	1	0.0	7	2547.272	2547.572
2547.5719999999997	0.900000000000091	trials	118	s118_J210627	grCe_grSu1Ne	3	0.0	9	2547.872	2548.172
2553.3309999999997	0.900000000000091	trials	118	s118_J210627	grCe_grSu12SmCiNe_PS	21	135.0	9	2553.631	2553.931
2553.931	0.900000000000091	trials	118	s118_J210627	coCe	16	0.0	9	2554.231	2554.531
2554.5319999999997	0.900000000000091	trials	118	s118_J210627	grCe_grSu12SmCiNe	13	90.0	9	2554.832	2555.131
2559.557	0.900000000000091	trials	118	s118_J210627	grSu3Ne	4		9	2559.857	2560.157
2560.1569999999997	0.900000000000091	trials	118	s118_J210627	grCe_grSu12Mi	9	135.0	9	2560.457	2560.757
2560.7569999999996	0.900000000000091	trials	118	s118_J210627	grCe	1	270.0	9	2561.057	2561.357
2568.933	0.900000000000091	trials	118	s118_J210627	coCe_grSu6Ne	17	135.0	9	2569.233	2569.533
2572.4669999999996	0.900000000000091	trials	118	s118_J210627	coCe	16	180.0	9	2572.767	2573.067
2576.109	0.900000000000091	trials	118	s118_J210627	grCe_grSu6CiNe	15	135.0	9	2576.409	2576.709
2576.709	0.900000000000091	trials	118	s118_J210627	grCe_grSu12Mi	9	90.0	9	2577.009	2577.309
2577.343	0.900000000000091	trials	118	s118_J210627	grCe_grSu18Fa	11	0.0	9	2577.643	2577.942
2588.578	0.900000000000091	trials	118	s118_J210627	grCe_grSu3Ne	5	225.0	9	2588.878	2589.177
2589.178	0.900000000000091	trials	118	s118_J210627	grSu6Ne	6		9	2589.478	2589.777
2589.778	0.900000000000091	trials	118	s118_J210627	grCe_grSu6Ne	7	90.0	9	2590.078	2590.377
2594.7529999999997	0.900000000000091	trials	118	s118_J210627	grCe_grSu6CiNe	15	315.0	9	2595.053	2595.353
2599.0119999999997	0.900000000000091	trials	118	s118_J210627	grCe_grSu12SmCiNe_PS	21	315.0	9	2599.312	2599.612
2599.6119999999996	0.900000000000091	trials	118	s118_J210627	grCe_grSu1Ne	3	90.0	9	2599.912	2600.212
2604.596	0.900000000000091	trials	118	s118_J210627	grCe_grSu18Fa	11	135.0	9	2604.896	2605.196
2605.196	0.900000000000091	trials	118	s118_J210627	grCe_grSu12SmCiNe_PS	21	180.0	9	2605.496	2605.796
2605.797	0.900000000000091	trials	118	s118_J210627	grCe_grSu6CiNe	15	225.0	9	2606.097	2606.396
2614.6229999999996	0.900000000000091	trials	118	s118_J210627	grCe_grSu12SmCiNe_PS	21	90.0	9	2614.923	2615.222
2620.0899999999997	0.900000000000091	trials	118	s118_J210627	grCe_grSu18Fa	11	270.0	9	2620.39	2620.69
2620.6899999999996	0.900000000000091	trials	118	s118_J210627	grCe_grSu18Fa	11	180.0	9	2620.99	2621.29
2621.29	0.900000000000091	trials	118	s118_J210627	coCe_grSu6Ne	17	90.0	9	2621.59	2621.89
2626.3239999999996	0.900000000000091	trials	118	s118_J210627	grCe_grSu12SmCiNe	13	225.0	9	2626.624	2626.924
2626.924	0.900000000000091	trials	118	s118_J210627	grCe_grSu6CiNe	15	270.0	9	2627.224	2627.524
2633.267	0.900000000000091	trials	118	s118_J210627	grCe_grSu6CiNe_PS	19	270.0	9	2633.567	2633.866
2633.8669999999997	0.900000000000091	trials	118	s118_J210627	grCe_grSu6CiNe	15	90.0	9	2634.167	2634.466
2639.5589999999997	0.900000000000091	trials	118	s118_J210627	coCe_grSu6Ne	17	315.0	9	2639.859	2640.159
2645.493	0.900000000000091	trials	118	s118_J210627	grCe_grSu6Ne	7	0.0	9	2645.793	2646.093
2646.6929999999998	0.900000000000091	trials	118	s118_J210627	coCe_grSu6Ne	17	0.0	9	2646.993	2647.293
2651.8109999999997	0.900000000000091	trials	118	s118_J210627	grCe_grSu12SmCiNe	13	0.0	9	2652.111	2652.41
2652.453	0.900000000000091	trials	118	s118_J210627	grSu1Ne	2		9	2652.753	2653.052
2653.053	0.900000000000091	trials	118	s118_J210627	grCe_grSu3Ne	5	45.0	9	2653.353	2653.652
2658.02	0.900000000000091	trials	118	s118_J210627	grCe_grSu1Ne	3	180.0	9	2658.32	2658.619
2658.62	0.900000000000091	trials	118	s118_J210627	coCe	16	90.0	9	2658.92	2659.22
2659.22	0.900000000000091	trials	118	s118_J210627	grCe_grSu18Fa	11	315.0	9	2659.52	2659.82
2664.504	0.900000000000091	trials	118	s118_J210627	coCe_grSu6Ne	17	270.0	9	2664.804	2665.104
2665.104	0.900000000000091	trials	118	s118_J210627	grCe_grSu12Mi	9	0.0	9	2665.404	2665.704
2665.7039999999997	0.900000000000091	trials	118	s118_J210627	grCe_grSu6CiNe_PS	19	90.0	9	2666.004	2666.304
2671.9719999999998	0.900000000000091	trials	118	s118_J210627	grCe_grSu12SmCiNe	13	315.0	9	2672.272	2672.571
2677.497	0.900000000000091	trials	118	s118_J210627	grCe_grSu6CiNe_PS	19	315.0	9	2677.797	2678.097
2683.115	0.900000000000091	trials	118	s118_J210627	grCe_grSu6CiNe_PS	19	225.0	9	2683.415	2683.714
2689.6569999999997	0.900000000000091	trials	118	s118_J210627	grCe_grSu6CiNe_PS	19	135.0	9	2689.957	2690.257
2693.316	0.900000000000091	trials	118	s118_J210627	grCe_grSu6CiNe_PS	19	45.0	9	2693.616	2693.916
2693.9249999999997	0.900000000000091	trials	118	s118_J210627	grCe_grSu12Mi	9	180.0	9	2694.225	2694.524
2700.267	0.900000000000091	trials	118	s118_J210627	grSu18Fa	10		9	2700.567	2700.867
2700.8669999999997	0.900000000000091	trials	118	s118_J210627	grCe_grSu12Mi	9	315.0	9	2701.167	2701.467
2705.993	0.900000000000091	trials	118	s118_J210627	grSu12SmCiNe	12		9	2706.293	2706.592
2706.593	0.900000000000091	trials	118	s118_J210627	coCe	16	225.0	9	2706.893	2707.192
2707.1929999999998	0.900000000000091	trials	118	s118_J210627	grCe_grSu6Ne	7	270.0	9	2707.493	2707.793
2716.0609999999997	0.900000000000091	trials	118	s118_J210627	grCe_grSu6CiNe_PS	19	0.0	9	2716.361	2716.66
2716.6609999999996	0.900000000000091	trials	118	s118_J210627	grCe	1	180.0	9	2716.961	2717.26
2722.22	0.900000000000091	trials	118	s118_J210627	grCe	1	0.0	9	2722.52	2722.819
2722.8199999999997	0.900000000000091	trials	118	s118_J210627	grCe_grSu12SmCiNe	13	180.0	9	2723.12	2723.42
2723.4199999999996	0.900000000000091	trials	118	s118_J210627	grCe_grSu12SmCiNe	13	270.0	9	2723.72	2724.02
2728.3619999999996	0.900000000000091	trials	118	s118_J210627	grCe_grSu3Ne	5	315.0	9	2728.662	2728.962
2728.9629999999997	0.900000000000091	trials	118	s118_J210627	grCe_grSu6Ne	7	180.0	9	2729.263	2729.562
2729.5629999999996	0.900000000000091	trials	118	s118_J210627	grCe_grSu6Ne_PS	18	90.0	9	2729.863	2730.162
2734.613	0.900000000000091	trials	118	s118_J210627	grCe_grSu12Mi	9	270.0	9	2734.913	2735.213
2735.2129999999997	0.900000000000091	trials	118	s118_J210627	grCe_grSu6Ne_PS	18	135.0	9	2735.513	2735.813
2735.8129999999996	0.900000000000091	trials	118	s118_J210627	grCe	1	90.0	9	2736.113	2736.413
2740.689	0.900000000000091	trials	118	s118_J210627	grCe	1	315.0	9	2740.989	2741.289
2741.2889999999998	0.900000000000091	trials	118	s118_J210627	grCe_grSu12SmCiNe	13	135.0	9	2741.589	2741.889
2741.906	0.900000000000091	trials	118	s118_J210627	grCe_grSu6Ne	7	225.0	9	2742.206	2742.505
2746.957	0.900000000000091	trials	118	s118_J210627	coCe	16	135.0	9	2747.257	2747.556
2747.557	0.900000000000091	trials	118	s118_J210627	grCe_grSu1Ne	3	45.0	9	2747.857	2748.156
2748.1569999999997	0.900000000000091	trials	118	s118_J210627	grCe_grSu12SmCiNe_PS	21	270.0	9	2748.457	2748.756
2753.2239999999997	0.900000000000091	trials	118	s118_J210627	grCe_grSu6Ne	7	315.0	9	2753.524	2753.824
2753.8489999999997	0.900000000000091	trials	118	s118_J210627	grCe_grSu1Ne	3	315.0	9	2754.149	2754.449
2754.4489999999996	0.900000000000091	trials	118	s118_J210627	grCe_grSu12SmCiNe_PS	21	225.0	9	2754.749	2755.049
2759.633	0.900000000000091	trials	118	s118_J210627	grCe_grSu1Ne	3	270.0	9	2759.933	2760.233
2760.2329999999997	0.900000000000091	trials	118	s118_J210627	grCe_grSu6Ne_PS	18	0.0	9	2760.533	2760.833
2765.859	0.900000000000091	trials	118	s118_J210627	grCe_grSu12SmCiNe	13	45.0	9	2766.159	2766.458
2769.2509999999997	0.900000000000091	trials	118	s118_J210627	grCe_grSu6CiNe	15	180.0	9	2769.551	2769.851
2769.8509999999997	0.900000000000091	trials	118	s118_J210627	grCe_grSu3Ne	5	135.0	9	2770.151	2770.451
2770.451	0.900000000000091	trials	118	s118_J210627	grCe_grSu12Mi	9	45.0	9	2770.751	2771.051
2776.06	0.900000000000091	trials	118	s118_J210627	grCe_grSu12SmCiNe_PS	21	45.0	9	2776.36	2776.66
2779.6189999999997	0.900000000000091	trials	118	s118_J210627	grCe	1	135.0	9	2779.919	2780.219
2780.819	0.900000000000091	trials	118	s118_J210627	grCe	1	45.0	9	2781.119	2781.419
2786.8619999999996	0.900000000000091	trials	118	s118_J210627	grCe_grSu6Ne_PS	18	270.0	9	2787.162	2787.461
2787.462	0.900000000000091	trials	118	s118_J210627	grCe_grSu3Ne	5	90.0	9	2787.762	2788.061
2792.346	0.900000000000091	trials	118	s118_J210627	grCe_grSu18Fa	11	45.0	9	2792.646	2792.945
2792.946	0.900000000000091	trials	118	s118_J210627	coCe_grSu6Ne	17	45.0	9	2793.246	2793.545
2793.546	0.900000000000091	trials	118	s118_J210627	coCe_grSu6Ne	17	180.0	9	2793.846	2794.145
2798.4629999999997	0.900000000000091	trials	118	s118_J210627	grCe_grSu3Ne	5	0.0	9	2798.763	2799.063
2799.0629999999996	0.900000000000091	trials	118	s118_J210627	coSu6Ne	20		9	2799.363	2799.663
2799.663	0.900000000000091	trials	118	s118_J210627	grCe_grSu3Ne	5	180.0	9	2799.963	2800.263
2807.598	0.900000000000091	trials	118	s118_J210627	grSu12Mi	8		9	2807.898	2808.197
2811.073	0.900000000000091	trials	118	s118_J210627	coCe	16	270.0	9	2811.373	2811.673
2811.673	0.900000000000091	trials	118	s118_J210627	NoStim	0		9	2811.973	2812.273
2815.1899999999996	0.900000000000091	trials	118	s118_J210627	grCe_grSu6Ne_PS	18	315.0	9	2815.49	2815.79
2815.79	0.900000000000091	trials	118	s118_J210627	coCe	16	315.0	9	2816.09	2816.39
2816.3909999999996	0.900000000000091	trials	118	s118_J210627	grCe_grSu6CiNe	15	45.0	9	2816.691	2816.99
2821.9829999999997	0.900000000000091	trials	118	s118_J210627	coCe	16	45.0	9	2822.283	2822.582
2828.45	0.900000000000091	trials	118	s118_J210627	grCe_grSu3Ne	5	270.0	9	2828.75	2829.05
2829.051	0.900000000000091	trials	118	s118_J210627	grCe_grSu6Ne_PS	18	180.0	9	2829.351	2829.65
2834.051	0.900000000000091	trials	118	s118_J210627	grCe_grSu12Mi	9	225.0	9	2834.351	2834.651
2837.743	0.900000000000091	trials	118	s118_J210627	grCe_grSu6Ne	7	135.0	9	2838.043	2838.343
2838.343	0.900000000000091	trials	118	s118_J210627	grCe_grSu6CiNe	15	0.0	9	2838.643	2838.943
2838.9429999999998	0.900000000000091	trials	118	s118_J210627	grCe_grSu12SmCiNe_PS	21	0.0	9	2839.243	2839.543
2843.777	0.900000000000091	trials	118	s118_J210627	grCe_grSu6Ne	7	45.0	9	2844.077	2844.377
2844.3779999999997	0.900000000000091	trials	118	s118_J210627	grCe_grSu6CiNe_PS	19	180.0	9	2844.678	2844.977
2853.379	0.900000000000091	trials	118	s118_J210627	grCe	1	225.0	9	2853.679	2853.978
2860.071	0.900000000000091	trials	118	s118_J210627	grCe_grSu18Fa	11	225.0	9	2860.371	2860.671
2860.671	0.900000000000091	trials	118	s118_J210627	coCe_grSu6Ne	17	225.0	9	2860.971	2861.271
2861.2709999999997	0.900000000000091	trials	118	s118_J210627	grCe_grSu6Ne_PS	18	225.0	9	2861.571	2861.871
2866.3799999999997	0.900000000000091	trials	118	s118_J210627	grSu6CiNe	14		9	2866.68	2866.98
2866.98	0.900000000000091	trials	118	s118_J210627	grCe_grSu1Ne	3	135.0	9	2867.28	2867.58
2872.423	0.900000000000091	trials	118	s118_J210627	grCe_grSu1Ne	3	225.0	9	2872.723	2873.022
2873.0229999999997	0.900000000000091	trials	118	s118_J210627	grCe_grSu18Fa	11	90.0	9	2873.323	2873.622
2873.6229999999996	0.900000000000091	trials	118	s118_J210627	grCe_grSu6Ne_PS	18	45.0	9	2873.923	2874.222
2878.49	0.900000000000091	trials	118	s118_J210627	grCe_grSu12Mi	9	180.0	0	2878.79	2879.09
2879.0899999999997	0.900000000000091	trials	118	s118_J210627	grCe_grSu6CiNe_PS	19	0.0	0	2879.39	2879.69
2879.6899999999996	0.900000000000091	trials	118	s118_J210627	grCe_grSu1Ne	3	315.0	0	2879.99	2880.29
2884.7079999999996	0.900000000000091	trials	118	s118_J210627	grCe_grSu6Ne_PS	18	180.0	0	2885.008	2885.307
2885.908	0.900000000000091	trials	118	s118_J210627	grCe_grSu12Mi	9	315.0	0	2886.208	2886.507
2890.9339999999997	0.900000000000091	trials	118	s118_J210627	grCe_grSu12SmCiNe	13	180.0	0	2891.234	2891.533
2891.5339999999997	0.900000000000091	trials	118	s118_J210627	grCe_grSu18Fa	11	225.0	0	2891.834	2892.133
2892.134	0.900000000000091	trials	118	s118_J210627	grCe_grSu6CiNe	15	0.0	0	2892.434	2892.733
2897.093	0.900000000000091	trials	118	s118_J210627	grCe_grSu3Ne	5	0.0	0	2897.393	2897.692
2897.6929999999998	0.900000000000091	trials	118	s118_J210627	grCe_grSu6CiNe_PS	19	45.0	0	2897.993	2898.292
2898.3179999999998	0.900000000000091	trials	118	s118_J210627	grCe_grSu6Ne_PS	18	90.0	0	2898.618	2898.917
2907.5939999999996	0.900000000000091	trials	118	s118_J210627	NoStim	0		0	2907.894	2908.194
2912.595	0.900000000000091	trials	118	s118_J210627	coCe	16	135.0	0	2912.895	2913.194
2913.1949999999997	0.900000000000091	trials	118	s118_J210627	coCe_grSu6Ne	17	315.0	0	2913.495	2913.794
2913.8199999999997	0.900000000000091	trials	118	s118_J210627	grCe_grSu6CiNe	15	45.0	0	2914.12	2914.419
2919.279	0.900000000000091	trials	118	s118_J210627	coCe_grSu6Ne	17	270.0	0	2919.579	2919.878
2922.988	0.900000000000091	trials	118	s118_J210627	coCe	16	45.0	0	2923.288	2923.587
2923.5879999999997	0.900000000000091	trials	118	s118_J210627	grCe_grSu12SmCiNe_PS	21	90.0	0	2923.888	2924.187
2924.1879999999996	0.900000000000091	trials	118	s118_J210627	grSu12Mi	8		0	2924.488	2924.787
2929.114	0.900000000000091	trials	118	s118_J210627	grCe_grSu6CiNe_PS	19	270.0	0	2929.414	2929.713
2929.714	0.900000000000091	trials	118	s118_J210627	grCe_grSu12SmCiNe_PS	21	135.0	0	2930.014	2930.313
2930.314	0.900000000000091	trials	118	s118_J210627	grCe	1	315.0	0	2930.614	2930.913
2935.5809999999997	0.900000000000091	trials	118	s118_J210627	grCe_grSu6Ne_PS	18	225.0	0	2935.881	2936.181
2936.181	0.900000000000091	trials	118	s118_J210627	grSu18Fa	10		0	2936.481	2936.781
2936.8149999999996	0.900000000000091	trials	118	s118_J210627	grCe_grSu6Ne_PS	18	135.0	0	2937.115	2937.414
2941.765	0.900000000000091	trials	118	s118_J210627	grCe_grSu6CiNe	15	315.0	0	2942.065	2942.365
2942.9649999999997	0.900000000000091	trials	118	s118_J210627	grCe_grSu12SmCiNe	13	270.0	0	2943.265	2943.565
2947.941	0.900000000000091	trials	118	s118_J210627	grCe_grSu3Ne	5	270.0	0	2948.241	2948.54
2948.5409999999997	0.900000000000091	trials	118	s118_J210627	grCe_grSu1Ne	3	180.0	0	2948.841	2949.141
2949.149	0.900000000000091	trials	118	s118_J210627	grCe_grSu6Ne	7	270.0	0	2949.449	2949.749
2954.7999999999997	0.900000000000091	trials	118	s118_J210627	grCe_grSu1Ne	3	90.0	0	2955.1	2955.4
2955.3999999999996	0.900000000000091	trials	118	s118_J210627	grCe_grSu18Fa	11	90.0	0	2955.7	2956.0
2960.1839999999997	0.900000000000091	trials	118	s118_J210627	grCe_grSu18Fa	11	270.0	0	2960.484	2960.784
2960.7839999999997	0.900000000000091	trials	118	s118_J210627	grCe_grSu3Ne	5	45.0	0	2961.084	2961.384
2961.384	0.900000000000091	trials	118	s118_J210627	grCe	1	270.0	0	2961.684	2961.984
2966.3019999999997	0.900000000000091	trials	118	s118_J210627	coCe	16	315.0	0	2966.602	2966.901
2967.535	0.900000000000091	trials	118	s118_J210627	grCe_grSu6Ne	7	315.0	0	2967.835	2968.135
2972.636	0.900000000000091	trials	118	s118_J210627	grCe_grSu18Fa	11	135.0	0	2972.936	2973.235
2973.836	0.900000000000091	trials	118	s118_J210627	grCe_grSu12SmCiNe_PS	21	0.0	0	2974.136	2974.435
2978.7949999999996	0.900000000000091	trials	118	s118_J210627	grCe_grSu18Fa	11	0.0	0	2979.095	2979.394
2979.395	0.900000000000091	trials	118	s118_J210627	grCe	1	225.0	0	2979.695	2979.995
2980.02	0.900000000000091	trials	118	s118_J210627	grCe_grSu1Ne	3	45.0	0	2980.32	2980.62
2984.962	0.900000000000091	trials	118	s118_J210627	grCe_grSu6CiNe_PS	19	90.0	0	2985.262	2985.562
2986.171	0.900000000000091	trials	118	s118_J210627	grSu6Ne	6		0	2986.471	2986.77
2991.2219999999998	0.900000000000091	trials	118	s118_J210627	grCe_grSu6Ne_PS	18	270.0	0	2991.522	2991.821
2991.8219999999997	0.900000000000091	trials	118	s118_J210627	grCe_grSu12Mi	9	135.0	0	2992.122	2992.421
2995.5389999999998	0.900000000000091	trials	118	s118_J210627	grCe_grSu18Fa	11	315.0	0	2995.839	2996.138
2996.1389999999997	0.900000000000091	trials	118	s118_J210627	grSu12SmCiNe	12		0	2996.439	2996.738
2996.739	0.900000000000091	trials	118	s118_J210627	grCe_grSu12Mi	9	0.0	0	2997.039	2997.338
3005.357	0.900000000000091	trials	118	s118_J210627	grCe_grSu12SmCiNe	13	45.0	0	3005.657	3005.956
3006.5989999999997	0.900000000000091	trials	118	s118_J210627	grCe_grSu12SmCiNe_PS	21	270.0	0	3006.899	3007.198
3011.6659999999997	0.900000000000091	trials	118	s118_J210627	grCe_grSu6CiNe	15	225.0	0	3011.966	3012.265
3012.2659999999996	0.900000000000091	trials	118	s118_J210627	grCe_grSu6CiNe_PS	19	135.0	0	3012.566	3012.865
3012.991	0.900000000000091	trials	118	s118_J210627	grCe_grSu6CiNe_PS	19	225.0	0	3013.291	3013.591
3018.0	0.900000000000091	trials	118	s118_J210627	grCe_grSu6Ne_PS	18	45.0	0	3018.3	3018.6
3018.6	0.900000000000091	trials	118	s118_J210627	coCe_grSu6Ne	17	180.0	0	3018.9	3019.2
3019.2	0.900000000000091	trials	118	s118_J210627	grCe_grSu6Ne	7	90.0	0	3019.5	3019.8
3024.4089999999997	0.900000000000091	trials	118	s118_J210627	grCe_grSu12SmCiNe	13	225.0	0	3024.709	3025.009
3028.493	0.900000000000091	trials	118	s118_J210627	grCe_grSu18Fa	11	180.0	0	3028.793	3029.093
3029.6929999999998	0.900000000000091	trials	118	s118_J210627	coCe	16	90.0	0	3029.993	3030.293
3034.4519999999998	0.900000000000091	trials	118	s118_J210627	coCe_grSu6Ne	17	135.0	0	3034.752	3035.052
3035.0519999999997	0.900000000000091	trials	118	s118_J210627	grCe_grSu12SmCiNe_PS	21	45.0	0	3035.352	3035.652
3035.652	0.900000000000091	trials	118	s118_J210627	grCe_grSu3Ne	5	225.0	0	3035.952	3036.252
3041.461	0.900000000000091	trials	118	s118_J210627	grCe_grSu6Ne_PS	18	0.0	0	3041.761	3042.061
3042.0699999999997	0.900000000000091	trials	118	s118_J210627	grCe_grSu12SmCiNe	13	0.0	0	3042.37	3042.669
3046.937	0.900000000000091	trials	118	s118_J210627	grCe_grSu6CiNe_PS	19	315.0	0	3047.237	3047.537
3047.537	0.900000000000091	trials	118	s118_J210627	coCe	16	225.0	0	3047.837	3048.137
3048.1369999999997	0.900000000000091	trials	118	s118_J210627	grCe_grSu6CiNe	15	270.0	0	3048.437	3048.737
3053.18	0.900000000000091	trials	118	s118_J210627	grCe_grSu12SmCiNe_PS	21	315.0	0	3053.48	3053.779
3056.8469999999998	0.900000000000091	trials	118	s118_J210627	grCe_grSu12Mi	9	225.0	0	3057.147	3057.446
3057.4469999999997	0.900000000000091	trials	118	s118_J210627	grCe_grSu12SmCiNe_PS	21	180.0	0	3057.747	3058.046
3063.1639999999998	0.900000000000091	trials	118	s118_J210627	grCe_grSu1Ne	3	270.0	0	3063.464	3063.764
3064.364	0.900000000000091	trials	118	s118_J210627	grCe	1	180.0	0	3064.664	3064.964
3069.29	0.900000000000091	trials	118	s118_J210627	grCe	1	135.0	0	3069.59	3069.89
3072.79	0.900000000000091	trials	118	s118_J210627	coCe_grSu6Ne	17	90.0	0	3073.09	3073.39
3073.3909999999996	0.900000000000091	trials	118	s118_J210627	grCe_grSu6Ne	7	45.0	0	3073.691	3073.99
3073.991	0.900000000000091	trials	118	s118_J210627	coCe	16	270.0	0	3074.291	3074.59
3078.95	0.900000000000091	trials	118	s118_J210627	grCe_grSu12Mi	9	270.0	0	3079.25	3079.549
3080.1499999999996	0.900000000000091	trials	118	s118_J210627	grCe_grSu12SmCiNe_PS	21	225.0	0	3080.45	3080.749
3085.625	0.900000000000091	trials	118	s118_J210627	grCe	1	0.0	0	3085.925	3086.225
3086.2259999999997	0.900000000000091	trials	118	s118_J210627	grCe_grSu1Ne	3	225.0	0	3086.526	3086.825
3091.1009999999997	0.900000000000091	trials	118	s118_J210627	grSu3Ne	4		0	3091.401	3091.701
3091.701	0.900000000000091	trials	118	s118_J210627	grCe_grSu1Ne	3	0.0	0	3092.001	3092.301
3092.301	0.900000000000091	trials	118	s118_J210627	grCe	1	45.0	0	3092.601	3092.901
3097.277	0.900000000000091	trials	118	s118_J210627	grCe_grSu6CiNe_PS	19	180.0	0	3097.577	3097.877
3098.4939999999997	0.900000000000091	trials	118	s118_J210627	coCe_grSu6Ne	17	45.0	0	3098.794	3099.093
3103.645	0.900000000000091	trials	118	s118_J210627	grCe_grSu6Ne	7	225.0	0	3103.945	3104.244
3104.845	0.900000000000091	trials	118	s118_J210627	grSu1Ne	2		0	3105.145	3105.444
3113.0789999999997	0.900000000000091	trials	118	s118_J210627	coCe	16	180.0	0	3113.379	3113.679
3113.6789999999996	0.900000000000091	trials	118	s118_J210627	grCe_grSu6Ne	7	0.0	0	3113.979	3114.279
3114.3039999999996	0.900000000000091	trials	118	s118_J210627	grCe_grSu12SmCiNe	13	315.0	0	3114.604	3114.904
3119.355	0.900000000000091	trials	118	s118_J210627	coSu6Ne	20		0	3119.655	3119.954
3122.9719999999998	0.900000000000091	trials	118	s118_J210627	grCe_grSu12SmCiNe	13	135.0	0	3123.272	3123.572
3123.589	0.900000000000091	trials	118	s118_J210627	grCe_grSu1Ne	3	135.0	0	3123.889	3124.188
3124.314	0.900000000000091	trials	118	s118_J210627	grCe_grSu6CiNe	15	135.0	0	3124.614	3124.913
3129.348	0.900000000000091	trials	118	s118_J210627	grCe_grSu3Ne	5	135.0	0	3129.648	3129.947
3139.1989999999996	0.900000000000091	trials	118	s118_J210627	grCe_grSu3Ne	5	315.0	0	3139.499	3139.799
3139.799	0.900000000000091	trials	118	s118_J210627	grCe_grSu3Ne	5	180.0	0	3140.099	3140.399
3140.399	0.900000000000091	trials	118	s118_J210627	grCe	1	90.0	0	3140.699	3140.999
3145.317	0.900000000000091	trials	118	s118_J210627	grCe_grSu6Ne	7	180.0	0	3145.617	3145.916
3145.917	0.900000000000091	trials	118	s118_J210627	grCe_grSu6CiNe	15	180.0	0	3146.217	3146.516
3146.517	0.900000000000091	trials	118	s118_J210627	grSu6CiNe	14		0	3146.817	3147.116
3154.7259999999997	0.900000000000091	trials	118	s118_J210627	coCe_grSu6Ne	17	0.0	0	3155.026	3155.326
3155.326	0.900000000000091	trials	118	s118_J210627	coCe	16	0.0	0	3155.626	3155.926
3160.91	0.900000000000091	trials	118	s118_J210627	grCe_grSu6Ne_PS	18	315.0	0	3161.21	3161.51
3162.127	0.900000000000091	trials	118	s118_J210627	grCe_grSu12SmCiNe	13	90.0	0	3162.427	3162.727
3167.261	0.900000000000091	trials	118	s118_J210627	grCe_grSu12Mi	9	90.0	0	3167.561	3167.861
3167.861	0.900000000000091	trials	118	s118_J210627	grCe_grSu6Ne	7	135.0	0	3168.161	3168.461
3168.461	0.900000000000091	trials	118	s118_J210627	grCe_grSu6CiNe	15	90.0	0	3168.761	3169.061
3173.404	0.900000000000091	trials	118	s118_J210627	grCe_grSu12Mi	9	45.0	0	3173.704	3174.003
3174.004	0.900000000000091	trials	118	s118_J210627	coCe_grSu6Ne	17	225.0	0	3174.304	3174.603
3174.604	0.900000000000091	trials	118	s118_J210627	grCe_grSu18Fa	11	45.0	0	3174.904	3175.203
3181.238	0.900000000000091	trials	118	s118_J210627	grCe_grSu3Ne	5	90.0	0	3181.538	3181.837
