onset	duration	nwb_table	ses_ID	ses_Name	cond_Name	cond_ID	target_rot	rep_num	pdOn	pdOff
28.526	0.9000000000000021	trials	115	s115_J210623	grCe_grSu6CiNe_PS	19	90.0	7	28.826	29.125
42.703	0.8999999999999986	trials	115	s115_J210623	grSu6CiNe	14		7	43.003	43.302
43.311	0.8999999999999986	trials	115	s115_J210623	grCe_grSu6Ne	7	45.0	7	43.611	43.911
43.92	0.8999999999999986	trials	115	s115_J210623	grCe_grSu6CiNe	15	225.0	7	44.22	44.519
49.012	0.8999999999999986	trials	115	s115_J210623	grCe_grSu12SmCiNe_PS	21	45.0	7	49.312	49.611
53.037000000000006	0.8999999999999986	trials	115	s115_J210623	grCe_grSu1Ne	3	225.0	7	53.337	53.637
53.646	0.8999999999999986	trials	115	s115_J210623	grCe_grSu6CiNe	15	270.0	7	53.946	54.245
54.254000000000005	0.8999999999999986	trials	115	s115_J210623	grCe_grSu12SmCiNe	13	90.0	7	54.554	54.854
59.263000000000005	0.8999999999999986	trials	115	s115_J210623	grCe_grSu1Ne	3	135.0	7	59.563	59.863
60.480000000000004	0.8999999999999986	trials	115	s115_J210623	grCe_grSu6Ne	7	270.0	7	60.78	61.08
70.281	0.8999999999999915	trials	115	s115_J210623	grCe_grSu12Mi	9	225.0	7	70.581	70.881
75.299	0.8999999999999915	trials	115	s115_J210623	coCe	16	315.0	7	75.599	75.898
75.915	0.8999999999999915	trials	115	s115_J210623	grCe	1	180.0	7	76.215	76.515
76.54	0.8999999999999915	trials	115	s115_J210623	grCe_grSu18Fa	11	315.0	7	76.84	77.14
82.8	0.8999999999999915	trials	115	s115_J210623	grCe_grSu6Ne_PS	18	90.0	7	83.1	83.399
87.834	0.8999999999999915	trials	115	s115_J210623	grCe	1	270.0	7	88.134	88.433
88.434	0.8999999999999915	trials	115	s115_J210623	grCe	1	315.0	7	88.734	89.033
89.042	0.8999999999999915	trials	115	s115_J210623	grCe_grSu12SmCiNe_PS	21	90.0	7	89.342	89.642
94.193	0.8999999999999915	trials	115	s115_J210623	grCe_grSu12SmCiNe_PS	21	270.0	7	94.493	94.792
97.76	0.8999999999999915	trials	115	s115_J210623	grSu12Mi	8		7	98.06	98.359
98.36800000000001	0.8999999999999915	trials	115	s115_J210623	grCe_grSu6CiNe_PS	19	180.0	7	98.668	98.968
98.977	0.8999999999999915	trials	115	s115_J210623	grCe_grSu1Ne	3	0.0	7	99.277	99.576
103.944	0.8999999999999915	trials	115	s115_J210623	grCe_grSu12SmCiNe_PS	21	180.0	7	104.244	104.544
104.552	0.8999999999999915	trials	115	s115_J210623	grSu3Ne	4		7	104.852	105.152
105.169	0.8999999999999915	trials	115	s115_J210623	grCe_grSu12SmCiNe	13	225.0	7	105.469	105.769
109.986	0.8999999999999915	trials	115	s115_J210623	grCe_grSu6CiNe	15	315.0	7	110.286	110.586
110.60300000000001	0.8999999999999915	trials	115	s115_J210623	grCe_grSu12Mi	9	270.0	7	110.903	111.203
111.212	0.8999999999999915	trials	115	s115_J210623	grCe_grSu3Ne	5	90.0	7	111.512	111.811
117.49600000000001	0.8999999999999915	trials	115	s115_J210623	grCe_grSu12Mi	9	315.0	7	117.796	118.095
125.905	0.8999999999999915	trials	115	s115_J210623	grCe_grSu3Ne	5	225.0	7	126.205	126.505
129.90599999999998	0.9000000000000057	trials	115	s115_J210623	grCe	1	135.0	7	130.206	130.505
130.53099999999998	0.9000000000000057	trials	115	s115_J210623	grCe_grSu18Fa	11	225.0	7	130.831	131.13
131.13899999999998	0.9000000000000057	trials	115	s115_J210623	grCe_grSu6CiNe	15	45.0	7	131.439	131.739
139.707	0.9000000000000057	trials	115	s115_J210623	grSu6Ne	6		7	140.007	140.306
140.315	0.9000000000000057	trials	115	s115_J210623	grCe_grSu6Ne_PS	18	45.0	7	140.615	140.915
140.932	0.9000000000000057	trials	115	s115_J210623	coCe_grSu6Ne	17	45.0	7	141.232	141.532
146.158	0.9000000000000057	trials	115	s115_J210623	grCe_grSu6Ne	7	225.0	7	146.458	146.757
146.75799999999998	0.9000000000000057	trials	115	s115_J210623	grCe	1	225.0	7	147.058	147.357
147.36599999999999	0.9000000000000057	trials	115	s115_J210623	coCe_grSu6Ne	17	225.0	7	147.666	147.966
152.409	0.9000000000000057	trials	115	s115_J210623	coCe	16	180.0	7	152.709	153.008
153.009	0.9000000000000057	trials	115	s115_J210623	coCe	16	90.0	7	153.309	153.608
156.801	0.9000000000000057	trials	115	s115_J210623	coCe_grSu6Ne	17	270.0	7	157.101	157.4
157.409	0.9000000000000057	trials	115	s115_J210623	coCe_grSu6Ne	17	315.0	7	157.709	158.009
158.018	0.9000000000000057	trials	115	s115_J210623	grCe_grSu12SmCiNe	13	180.0	7	158.318	158.617
163.052	0.9000000000000057	trials	115	s115_J210623	grCe_grSu6Ne	7	135.0	7	163.352	163.651
163.66	0.9000000000000057	trials	115	s115_J210623	grCe_grSu3Ne	5	315.0	7	163.96	164.26
164.26	0.9000000000000057	trials	115	s115_J210623	coCe	16	0.0	7	164.56	164.86
169.386	0.9000000000000057	trials	115	s115_J210623	grCe_grSu6Ne_PS	18	135.0	7	169.686	169.985
173.636	0.9000000000000057	trials	115	s115_J210623	grCe_grSu6Ne	7	0.0	7	173.936	174.236
174.24499999999998	0.9000000000000057	trials	115	s115_J210623	grCe_grSu6CiNe_PS	19	0.0	7	174.545	174.844
179.212	0.9000000000000057	trials	115	s115_J210623	grCe_grSu12SmCiNe	13	270.0	7	179.512	179.812
180.429	0.9000000000000057	trials	115	s115_J210623	grCe_grSu6CiNe_PS	19	45.0	7	180.729	181.028
185.57999999999998	0.9000000000000057	trials	115	s115_J210623	grCe_grSu12SmCiNe	13	135.0	7	185.88	186.179
186.188	0.9000000000000057	trials	115	s115_J210623	grCe_grSu6CiNe_PS	19	225.0	7	186.488	186.788
186.796	0.9000000000000057	trials	115	s115_J210623	coCe_grSu6Ne	17	90.0	7	187.096	187.396
192.07999999999998	0.9000000000000057	trials	115	s115_J210623	grCe_grSu18Fa	11	0.0	7	192.38	192.68
192.689	0.9000000000000057	trials	115	s115_J210623	grCe_grSu1Ne	3	90.0	7	192.989	193.288
193.297	0.9000000000000057	trials	115	s115_J210623	coCe_grSu6Ne	17	135.0	7	193.597	193.897
201.73999999999998	0.9000000000000057	trials	115	s115_J210623	grSu18Fa	10		7	202.04	202.34
202.38199999999998	0.9000000000000057	trials	115	s115_J210623	grCe_grSu1Ne	3	315.0	7	202.682	202.981
207.999	0.9000000000000057	trials	115	s115_J210623	grCe_grSu1Ne	3	180.0	7	208.299	208.599
208.60799999999998	0.9000000000000057	trials	115	s115_J210623	grCe_grSu12SmCiNe_PS	21	135.0	7	208.908	209.207
209.21599999999998	0.9000000000000057	trials	115	s115_J210623	grCe_grSu6CiNe_PS	19	270.0	7	209.516	209.816
217.417	0.9000000000000057	trials	115	s115_J210623	grCe_grSu6Ne	7	315.0	7	217.717	218.017
218.042	0.9000000000000057	trials	115	s115_J210623	grCe_grSu6Ne_PS	18	180.0	7	218.342	218.642
218.65099999999998	0.9000000000000057	trials	115	s115_J210623	grCe_grSu12SmCiNe_PS	21	225.0	7	218.951	219.25
224.185	0.9000000000000057	trials	115	s115_J210623	grCe_grSu6Ne_PS	18	0.0	7	224.485	224.784
224.79299999999998	0.9000000000000057	trials	115	s115_J210623	grCe_grSu3Ne	5	270.0	7	225.093	225.393
229.87699999999998	0.9000000000000057	trials	115	s115_J210623	coCe	16	45.0	7	230.177	230.477
231.08499999999998	0.9000000000000057	trials	115	s115_J210623	coCe	16	135.0	7	231.385	231.685
240.01999999999998	0.9000000000000057	trials	115	s115_J210623	grCe_grSu1Ne	3	270.0	7	240.32	240.619
241.24499999999998	0.9000000000000057	trials	115	s115_J210623	grCe_grSu12Mi	9	135.0	7	241.545	241.845
246.796	0.9000000000000057	trials	115	s115_J210623	grCe_grSu3Ne	5	180.0	7	247.096	247.395
256.13	0.9000000000000341	trials	115	s115_J210623	grCe_grSu12SmCiNe	13	0.0	7	256.43	256.73
259.639	0.9000000000000341	trials	115	s115_J210623	grCe_grSu6Ne_PS	18	270.0	7	259.939	260.239
260.256	0.9000000000000341	trials	115	s115_J210623	grCe_grSu12Mi	9	180.0	7	260.556	260.855
260.864	0.9000000000000341	trials	115	s115_J210623	grCe_grSu12SmCiNe	13	45.0	7	261.164	261.464
267.132	0.9000000000000341	trials	115	s115_J210623	grCe_grSu12Mi	9	90.0	7	267.432	267.731
273.608	0.9000000000000341	trials	115	s115_J210623	grCe_grSu3Ne	5	45.0	7	273.908	274.207
278.508	0.9000000000000341	trials	115	s115_J210623	grCe_grSu18Fa	11	135.0	7	278.808	279.108
279.11699999999996	0.9000000000000341	trials	115	s115_J210623	grCe_grSu12SmCiNe	13	315.0	7	279.417	279.716
279.72499999999997	0.9000000000000341	trials	115	s115_J210623	grCe_grSu1Ne	3	45.0	7	280.025	280.325
288.143	0.9000000000000341	trials	115	s115_J210623	NoStim	0		7	288.443	288.742
288.751	0.9000000000000341	trials	115	s115_J210623	grCe_grSu6CiNe	15	90.0	7	289.051	289.351
289.501	0.9000000000000341	trials	115	s115_J210623	coSu6Ne	20		7	289.801	290.101
294.527	0.9000000000000341	trials	115	s115_J210623	grCe	1	90.0	7	294.827	295.127
295.752	0.9000000000000341	trials	115	s115_J210623	grCe_grSu12Mi	9	45.0	7	296.052	296.352
300.76099999999997	0.9000000000000341	trials	115	s115_J210623	grSu1Ne	2		7	301.061	301.361
301.37	0.9000000000000341	trials	115	s115_J210623	grSu12SmCiNe	12		7	301.67	301.969
301.978	0.9000000000000341	trials	115	s115_J210623	grCe_grSu6CiNe_PS	19	315.0	7	302.278	302.578
306.962	0.9000000000000341	trials	115	s115_J210623	grCe_grSu6CiNe	15	135.0	7	307.262	307.562
307.57	0.9000000000000341	trials	115	s115_J210623	grCe_grSu6Ne	7	90.0	7	307.87	308.17
308.17	0.9000000000000341	trials	115	s115_J210623	grCe	1	0.0	7	308.47	308.77
313.488	0.9000000000000341	trials	115	s115_J210623	grCe_grSu6CiNe	15	0.0	7	313.788	314.087
314.771	0.9000000000000341	trials	115	s115_J210623	grCe_grSu12Mi	9	0.0	7	315.071	315.371
319.989	0.9000000000000341	trials	115	s115_J210623	coCe_grSu6Ne	17	180.0	7	320.289	320.588
320.589	0.9000000000000341	trials	115	s115_J210623	grCe	1	45.0	7	320.889	321.188
321.381	0.9000000000000341	trials	115	s115_J210623	coCe	16	225.0	7	321.681	321.98
326.473	0.9000000000000341	trials	115	s115_J210623	grCe_grSu18Fa	11	45.0	7	326.773	327.072
327.08099999999996	0.9000000000000341	trials	115	s115_J210623	grCe_grSu6CiNe_PS	19	135.0	7	327.381	327.681
327.69	0.9000000000000341	trials	115	s115_J210623	grCe_grSu3Ne	5	0.0	7	327.99	328.289
335.62399999999997	0.9000000000000341	trials	115	s115_J210623	grCe_grSu12SmCiNe_PS	21	0.0	7	335.924	336.224
336.24899999999997	0.9000000000000341	trials	115	s115_J210623	grCe_grSu18Fa	11	270.0	7	336.549	336.849
336.849	0.9000000000000341	trials	115	s115_J210623	coCe	16	270.0	7	337.149	337.449
341.86699999999996	0.9000000000000341	trials	115	s115_J210623	grCe_grSu6Ne	7	180.0	7	342.167	342.466
345.825	0.9000000000000341	trials	115	s115_J210623	grCe_grSu18Fa	11	90.0	7	346.125	346.425
346.459	0.9000000000000341	trials	115	s115_J210623	grCe_grSu6Ne_PS	18	225.0	7	346.759	347.058
347.067	0.9000000000000341	trials	115	s115_J210623	grCe_grSu3Ne	5	135.0	7	347.367	347.667
352.185	0.9000000000000341	trials	115	s115_J210623	grCe_grSu18Fa	11	180.0	7	352.485	352.784
352.793	0.9000000000000341	trials	115	s115_J210623	grCe_grSu6CiNe	15	180.0	7	353.093	353.392
356.21799999999996	0.9000000000000341	trials	115	s115_J210623	grCe_grSu6Ne_PS	18	315.0	7	356.518	356.818
356.827	0.9000000000000341	trials	115	s115_J210623	coCe_grSu6Ne	17	0.0	7	357.127	357.426
357.435	0.9000000000000341	trials	115	s115_J210623	grCe_grSu12SmCiNe_PS	21	315.0	7	357.735	358.035
365.92	0.9000000000000341	trials	115	s115_J210623	grCe_grSu12SmCiNe	13	90.0	0	366.22	366.519
366.536	0.9000000000000341	trials	115	s115_J210623	grCe_grSu12Mi	9	135.0	0	366.836	367.136
367.145	0.9000000000000341	trials	115	s115_J210623	coCe_grSu6Ne	17	90.0	0	367.445	367.744
372.187	0.9000000000000341	trials	115	s115_J210623	grCe_grSu6CiNe	15	90.0	0	372.487	372.787
373.437	0.9000000000000341	trials	115	s115_J210623	grCe_grSu6CiNe_PS	19	225.0	0	373.737	374.037
378.538	0.9000000000000341	trials	115	s115_J210623	grCe_grSu12SmCiNe	13	45.0	0	378.838	379.137
382.005	0.9000000000000341	trials	115	s115_J210623	grCe_grSu6CiNe	15	0.0	0	382.305	382.605
382.613	0.9000000000000341	trials	115	s115_J210623	grCe_grSu12SmCiNe_PS	21	180.0	0	382.913	383.213
383.222	0.9000000000000341	trials	115	s115_J210623	grCe_grSu12SmCiNe_PS	21	315.0	0	383.522	383.821
388.973	0.9000000000000341	trials	115	s115_J210623	grCe_grSu18Fa	11	270.0	0	389.273	389.572
389.598	0.9000000000000341	trials	115	s115_J210623	grCe_grSu18Fa	11	90.0	0	389.898	390.197
394.59	0.9000000000000341	trials	115	s115_J210623	coCe	16	180.0	0	394.89	395.19
395.198	0.9000000000000341	trials	115	s115_J210623	grCe_grSu6Ne	7	270.0	0	395.498	395.798
395.849	0.9000000000000341	trials	115	s115_J210623	grCe_grSu6Ne	7	0.0	0	396.149	396.448
400.76599999999996	0.9000000000000341	trials	115	s115_J210623	grCe_grSu6Ne	7	45.0	0	401.066	401.365
401.37399999999997	0.9000000000000341	trials	115	s115_J210623	grCe_grSu1Ne	3	270.0	0	401.674	401.974
401.983	0.9000000000000341	trials	115	s115_J210623	grCe_grSu1Ne	3	135.0	0	402.283	402.582
407.11699999999996	0.9000000000000341	trials	115	s115_J210623	grCe_grSu12Mi	9	270.0	0	407.417	407.716
407.72499999999997	0.9000000000000341	trials	115	s115_J210623	grCe_grSu6CiNe_PS	19	45.0	0	408.025	408.325
408.34999999999997	0.9000000000000341	trials	115	s115_J210623	grCe_grSu18Fa	11	180.0	0	408.65	408.95
413.301	0.9000000000000341	trials	115	s115_J210623	grCe_grSu6Ne	7	90.0	0	413.601	413.9
413.95099999999996	0.9000000000000341	trials	115	s115_J210623	grCe_grSu1Ne	3	0.0	0	414.251	414.55
419.502	0.9000000000000341	trials	115	s115_J210623	grCe_grSu6CiNe	15	225.0	0	419.802	420.101
420.143	0.9000000000000341	trials	115	s115_J210623	grCe_grSu1Ne	3	180.0	0	420.443	420.743
420.768	0.9000000000000341	trials	115	s115_J210623	coCe	16	90.0	0	421.068	421.368
425.769	0.9000000000000341	trials	115	s115_J210623	grCe_grSu12SmCiNe	13	315.0	0	426.069	426.369
430.02799999999996	0.9000000000000341	trials	115	s115_J210623	grCe_grSu1Ne	3	225.0	0	430.328	430.627
430.65299999999996	0.9000000000000341	trials	115	s115_J210623	grCe_grSu18Fa	11	225.0	0	430.953	431.253
435.62	0.9000000000000341	trials	115	s115_J210623	grCe_grSu12SmCiNe_PS	21	45.0	0	435.92	436.22
436.87	0.9000000000000341	trials	115	s115_J210623	grCe_grSu12Mi	9	180.0	0	437.17	437.47
447.247	0.9000000000000341	trials	115	s115_J210623	grSu6CiNe	14		0	447.547	447.846
447.872	0.9000000000000341	trials	115	s115_J210623	grCe_grSu18Fa	11	315.0	0	448.172	448.471
456.723	0.9000000000000341	trials	115	s115_J210623	grCe_grSu12SmCiNe	13	0.0	0	457.023	457.323
457.323	0.9000000000000341	trials	115	s115_J210623	coCe	16	315.0	0	457.623	457.923
461.24899999999997	0.9000000000000341	trials	115	s115_J210623	grCe_grSu6CiNe	15	45.0	0	461.549	461.848
461.849	0.9000000000000341	trials	115	s115_J210623	coCe	16	135.0	0	462.149	462.448
462.457	0.9000000000000341	trials	115	s115_J210623	grCe_grSu12SmCiNe_PS	21	90.0	0	462.757	463.057
467.49899999999997	0.9000000000000341	trials	115	s115_J210623	grCe_grSu6Ne_PS	18	90.0	0	467.799	468.099
468.70799999999997	0.9000000000000341	trials	115	s115_J210623	grCe	1	180.0	0	469.008	469.307
473.775	0.9000000000000341	trials	115	s115_J210623	grCe	1	315.0	0	474.075	474.375
474.384	0.9000000000000341	trials	115	s115_J210623	grCe_grSu6CiNe_PS	19	90.0	0	474.684	474.983
480.09299999999996	0.9000000000000341	trials	115	s115_J210623	coCe	16	270.0	0	480.393	480.692
483.918	0.9000000000000341	trials	115	s115_J210623	grCe_grSu12SmCiNe	13	135.0	0	484.218	484.518
484.568	0.9000000000000341	trials	115	s115_J210623	grCe_grSu12Mi	9	225.0	0	484.868	485.168
488.28499999999997	0.9000000000000341	trials	115	s115_J210623	grCe_grSu12SmCiNe_PS	21	135.0	0	488.585	488.885
488.894	0.9000000000000341	trials	115	s115_J210623	grCe_grSu12SmCiNe	13	180.0	0	489.194	489.493
489.502	0.9000000000000341	trials	115	s115_J210623	coCe_grSu6Ne	17	270.0	0	489.802	490.102
494.536	0.9000000000000341	trials	115	s115_J210623	grCe	1	0.0	0	494.836	495.136
495.76099999999997	0.9000000000000341	trials	115	s115_J210623	grCe_grSu12Mi	9	90.0	0	496.061	496.361
500.654	0.9000000000000341	trials	115	s115_J210623	grCe_grSu6Ne_PS	18	225.0	0	500.954	501.253
508.021	0.9000000000000341	trials	115	s115_J210623	grCe_grSu18Fa	11	135.0	0	508.321	508.621
514.264	0.8999999999999773	trials	115	s115_J210623	grCe_grSu6CiNe	15	315.0	0	514.564	514.863
514.8810000000001	0.8999999999999773	trials	115	s115_J210623	grCe_grSu12Mi	9	315.0	0	515.181	515.48
515.5060000000001	0.8999999999999773	trials	115	s115_J210623	grCe_grSu18Fa	11	0.0	0	515.806	516.105
520.4730000000001	0.8999999999999773	trials	115	s115_J210623	grCe_grSu12SmCiNe_PS	21	270.0	0	520.773	521.073
521.081	0.8999999999999773	trials	115	s115_J210623	grCe_grSu12SmCiNe	13	225.0	0	521.381	521.681
527.407	0.8999999999999773	trials	115	s115_J210623	grCe_grSu6Ne	7	135.0	0	527.707	528.007
528.0160000000001	0.8999999999999773	trials	115	s115_J210623	grCe_grSu6CiNe_PS	19	270.0	0	528.316	528.615
533.0500000000001	0.8999999999999773	trials	115	s115_J210623	grCe_grSu6Ne_PS	18	315.0	0	533.35	533.649
534.2660000000001	0.8999999999999773	trials	115	s115_J210623	grCe_grSu3Ne	5	90.0	0	534.566	534.866
539.234	0.8999999999999773	trials	115	s115_J210623	grCe_grSu1Ne	3	45.0	0	539.534	539.833
539.8340000000001	0.8999999999999773	trials	115	s115_J210623	grCe	1	45.0	0	540.134	540.433
540.442	0.8999999999999773	trials	115	s115_J210623	grCe_grSu6CiNe_PS	19	0.0	0	540.742	541.042
552.652	0.8999999999999773	trials	115	s115_J210623	grCe_grSu3Ne	5	180.0	0	552.952	553.252
556.0360000000001	0.8999999999999773	trials	115	s115_J210623	grCe_grSu3Ne	5	315.0	0	556.336	556.635
556.644	0.8999999999999773	trials	115	s115_J210623	grCe_grSu1Ne	3	90.0	0	556.944	557.244
557.253	0.8999999999999773	trials	115	s115_J210623	coCe_grSu6Ne	17	180.0	0	557.553	557.852
562.945	0.8999999999999773	trials	115	s115_J210623	grCe_grSu3Ne	5	270.0	0	563.245	563.545
563.5540000000001	0.8999999999999773	trials	115	s115_J210623	grCe_grSu6Ne_PS	18	0.0	0	563.854	564.153
568.5790000000001	0.8999999999999773	trials	115	s115_J210623	grCe_grSu6CiNe	15	180.0	0	568.879	569.179
576.73	0.8999999999999773	trials	115	s115_J210623	grCe_grSu12SmCiNe_PS	21	0.0	0	577.03	577.33
580.764	0.8999999999999773	trials	115	s115_J210623	grSu12SmCiNe	12		0	581.064	581.364
584.273	0.8999999999999773	trials	115	s115_J210623	grCe_grSu6Ne	7	315.0	0	584.573	584.872
584.8810000000001	0.8999999999999773	trials	115	s115_J210623	grCe_grSu6Ne_PS	18	270.0	0	585.181	585.481
585.481	0.8999999999999773	trials	115	s115_J210623	grCe	1	135.0	0	585.781	586.081
590.532	0.8999999999999773	trials	115	s115_J210623	grCe_grSu3Ne	5	0.0	0	590.832	591.132
591.1410000000001	0.8999999999999773	trials	115	s115_J210623	coCe_grSu6Ne	17	135.0	0	591.441	591.74
591.749	0.8999999999999773	trials	115	s115_J210623	grCe_grSu3Ne	5	135.0	0	592.049	592.348
597.1500000000001	0.8999999999999773	trials	115	s115_J210623	coCe	16	0.0	0	597.45	597.749
597.758	0.8999999999999773	trials	115	s115_J210623	grCe_grSu6Ne_PS	18	135.0	0	598.058	598.358
598.3660000000001	0.8999999999999773	trials	115	s115_J210623	grCe_grSu6CiNe	15	135.0	0	598.666	598.966
603.409	0.8999999999999773	trials	115	s115_J210623	grCe_grSu6Ne	7	225.0	0	603.709	604.008
606.909	0.8999999999999773	trials	115	s115_J210623	coCe	16	45.0	0	607.209	607.509
607.518	0.8999999999999773	trials	115	s115_J210623	coCe_grSu6Ne	17	225.0	0	607.818	608.117
619.077	0.8999999999999773	trials	115	s115_J210623	coCe_grSu6Ne	17	315.0	0	619.377	619.677
623.053	0.8999999999999773	trials	115	s115_J210623	grCe_grSu12Mi	9	0.0	0	623.353	623.652
623.6610000000001	0.8999999999999773	trials	115	s115_J210623	coCe_grSu6Ne	17	0.0	0	623.961	624.261
624.2610000000001	0.8999999999999773	trials	115	s115_J210623	grCe	1	270.0	0	624.561	624.861
629.654	0.8999999999999773	trials	115	s115_J210623	grCe_grSu6CiNe	15	270.0	0	629.954	630.253
630.2710000000001	0.8999999999999773	trials	115	s115_J210623	grCe_grSu12Mi	9	45.0	0	630.571	630.87
630.879	0.8999999999999773	trials	115	s115_J210623	grSu12Mi	8		0	631.179	631.479
640.105	0.8999999999999773	trials	115	s115_J210623	grCe_grSu12SmCiNe_PS	21	225.0	0	640.405	640.705
640.705	0.8999999999999773	trials	115	s115_J210623	coCe	16	225.0	0	641.005	641.305
645.0640000000001	0.8999999999999773	trials	115	s115_J210623	grCe_grSu6Ne_PS	18	45.0	0	645.364	645.664
645.673	0.8999999999999773	trials	115	s115_J210623	grCe_grSu6Ne	7	180.0	0	645.973	646.272
650.69	0.8999999999999773	trials	115	s115_J210623	grCe_grSu3Ne	5	225.0	0	650.99	651.289
651.298	0.8999999999999773	trials	115	s115_J210623	grSu1Ne	2		0	651.598	651.898
651.923	0.8999999999999773	trials	115	s115_J210623	grSu6Ne	6		0	652.223	652.523
657.057	0.8999999999999773	trials	115	s115_J210623	grCe_grSu12SmCiNe	13	270.0	0	657.357	657.657
657.666	0.8999999999999773	trials	115	s115_J210623	NoStim	0		0	657.966	658.265
658.274	0.8999999999999773	trials	115	s115_J210623	grCe_grSu3Ne	5	45.0	0	658.574	658.874
667.067	0.8999999999999773	trials	115	s115_J210623	grCe_grSu6CiNe_PS	19	315.0	0	667.367	667.667
667.6750000000001	0.8999999999999773	trials	115	s115_J210623	grCe_grSu1Ne	3	315.0	0	667.975	668.275
673.3760000000001	0.8999999999999773	trials	115	s115_J210623	grCe_grSu6Ne_PS	18	180.0	0	673.676	673.976
673.985	0.8999999999999773	trials	115	s115_J210623	coCe_grSu6Ne	17	45.0	0	674.285	674.584
674.601	0.8999999999999773	trials	115	s115_J210623	grSu18Fa	10		0	674.901	675.201
683.236	0.8999999999999773	trials	115	s115_J210623	grCe	1	90.0	0	683.536	683.835
683.844	0.8999999999999773	trials	115	s115_J210623	coSu6Ne	20		0	684.144	684.444
684.4530000000001	0.8999999999999773	trials	115	s115_J210623	grSu3Ne	4		0	684.753	685.052
689.462	0.8999999999999773	trials	115	s115_J210623	grCe	1	225.0	0	689.762	690.061
690.07	0.8999999999999773	trials	115	s115_J210623	grCe_grSu6CiNe_PS	19	180.0	0	690.37	690.67
690.678	0.8999999999999773	trials	115	s115_J210623	grCe_grSu6CiNe_PS	19	135.0	0	690.978	691.278
699.3130000000001	0.8999999999999773	trials	115	s115_J210623	grCe_grSu18Fa	11	45.0	0	699.613	699.912
712.6650000000001	0.8999999999999773	trials	115	s115_J210623	grCe_grSu1Ne	3	135.0	6	712.965	713.264
718.2990000000001	0.8999999999999773	trials	115	s115_J210623	grCe	1	315.0	6	718.599	718.898
718.907	0.8999999999999773	trials	115	s115_J210623	grCe_grSu6Ne_PS	18	180.0	6	719.207	719.507
719.524	0.8999999999999773	trials	115	s115_J210623	grCe_grSu12Mi	9	270.0	6	719.824	720.123
724.5740000000001	0.8999999999999773	trials	115	s115_J210623	grCe_grSu6Ne	7	180.0	6	724.874	725.174
725.1750000000001	0.8999999999999773	trials	115	s115_J210623	grCe	1	225.0	6	725.475	725.774
725.791	0.8999999999999773	trials	115	s115_J210623	grSu6Ne	6		6	726.091	726.391
731.034	0.8999999999999773	trials	115	s115_J210623	grCe_grSu18Fa	11	180.0	6	731.334	731.633
731.642	0.8999999999999773	trials	115	s115_J210623	grCe_grSu6Ne_PS	18	225.0	6	731.942	732.242
732.2420000000001	0.8999999999999773	trials	115	s115_J210623	coCe	16	315.0	6	732.542	732.842
737.359	0.8999999999999773	trials	115	s115_J210623	grCe_grSu12SmCiNe	13	225.0	6	737.659	737.959
737.96	0.8999999999999773	trials	115	s115_J210623	grCe	1	270.0	6	738.26	738.559
743.7520000000001	0.8999999999999773	trials	115	s115_J210623	grCe_grSu3Ne	5	225.0	6	744.052	744.351
750.303	0.8999999999999773	trials	115	s115_J210623	grSu18Fa	10		6	750.603	750.902
750.9200000000001	0.8999999999999773	trials	115	s115_J210623	coCe	16	45.0	6	751.22	751.519
751.5450000000001	0.8999999999999773	trials	115	s115_J210623	grCe_grSu18Fa	11	45.0	6	751.845	752.144
756.629	0.8999999999999773	trials	115	s115_J210623	grCe_grSu12Mi	9	225.0	6	756.929	757.228
757.229	0.8999999999999773	trials	115	s115_J210623	grCe	1	45.0	6	757.529	757.828
760.687	0.8999999999999773	trials	115	s115_J210623	grCe_grSu12SmCiNe	13	270.0	6	760.987	761.287
761.296	0.8999999999999773	trials	115	s115_J210623	grCe_grSu1Ne	3	180.0	6	761.596	761.895
761.913	0.8999999999999773	trials	115	s115_J210623	grCe_grSu12SmCiNe_PS	21	270.0	6	762.213	762.512
767.613	0.8999999999999773	trials	115	s115_J210623	grCe_grSu6CiNe_PS	19	315.0	6	767.913	768.213
768.238	0.8999999999999773	trials	115	s115_J210623	grCe_grSu18Fa	11	315.0	6	768.538	768.838
773.447	0.8999999999999773	trials	115	s115_J210623	grCe_grSu12Mi	9	90.0	6	773.747	774.047
777.465	0.8999999999999773	trials	115	s115_J210623	grCe_grSu6Ne	7	270.0	6	777.765	778.064
778.0730000000001	0.8999999999999773	trials	115	s115_J210623	grSu1Ne	2		6	778.373	778.673
778.681	0.8999999999999773	trials	115	s115_J210623	grCe_grSu1Ne	3	315.0	6	778.981	779.281
787.508	0.8999999999999773	trials	115	s115_J210623	grCe_grSu1Ne	3	225.0	6	787.808	788.107
788.1160000000001	0.8999999999999773	trials	115	s115_J210623	grCe_grSu6CiNe_PS	19	0.0	6	788.416	788.716
792.9830000000001	0.8999999999999773	trials	115	s115_J210623	coCe	16	270.0	6	793.283	793.583
793.5920000000001	0.8999999999999773	trials	115	s115_J210623	grCe_grSu12SmCiNe_PS	21	225.0	6	793.892	794.191
797.326	0.8999999999999773	trials	115	s115_J210623	grCe_grSu12SmCiNe	13	0.0	6	797.626	797.925
797.9340000000001	0.8999999999999773	trials	115	s115_J210623	grSu12SmCiNe	12		6	798.234	798.534
801.4340000000001	0.8999999999999773	trials	115	s115_J210623	grCe_grSu6CiNe_PS	19	135.0	6	801.734	802.034
802.043	0.8999999999999773	trials	115	s115_J210623	grCe_grSu6CiNe	15	315.0	6	802.343	802.642
802.6510000000001	0.8999999999999773	trials	115	s115_J210623	grCe_grSu6Ne_PS	18	45.0	6	802.951	803.251
807.5440000000001	0.8999999999999773	trials	115	s115_J210623	grCe_grSu6Ne	7	45.0	6	807.844	808.143
808.7940000000001	0.8999999999999773	trials	115	s115_J210623	grCe_grSu12SmCiNe_PS	21	90.0	6	809.094	809.393
813.811	0.8999999999999773	trials	115	s115_J210623	grCe	1	135.0	6	814.111	814.411
814.4190000000001	0.8999999999999773	trials	115	s115_J210623	grCe_grSu6Ne_PS	18	90.0	6	814.719	815.019
815.028	0.8999999999999773	trials	115	s115_J210623	grCe_grSu3Ne	5	315.0	6	815.328	815.627
819.903	0.8999999999999773	trials	115	s115_J210623	grCe_grSu12Mi	9	45.0	6	820.203	820.503
820.5200000000001	0.8999999999999773	trials	115	s115_J210623	grCe_grSu6CiNe	15	225.0	6	820.82	821.12
826.154	0.8999999999999773	trials	115	s115_J210623	grCe_grSu12SmCiNe_PS	21	135.0	6	826.454	826.754
826.7710000000001	0.8999999999999773	trials	115	s115_J210623	grCe_grSu12Mi	9	315.0	6	827.071	827.371
827.413	0.8999999999999773	trials	115	s115_J210623	grCe_grSu12SmCiNe	13	315.0	6	827.713	828.012
832.388	0.8999999999999773	trials	115	s115_J210623	coCe	16	225.0	6	832.688	832.988
840.0310000000001	0.8999999999999773	trials	115	s115_J210623	grCe_grSu3Ne	5	45.0	6	840.331	840.631
841.248	0.8999999999999773	trials	115	s115_J210623	grCe_grSu3Ne	5	270.0	6	841.548	841.847
846.34	0.8999999999999773	trials	115	s115_J210623	grCe	1	180.0	6	846.64	846.94
846.9490000000001	0.8999999999999773	trials	115	s115_J210623	grCe_grSu12SmCiNe	13	45.0	6	847.249	847.548
847.582	0.8999999999999773	trials	115	s115_J210623	grCe_grSu6CiNe_PS	19	45.0	6	847.882	848.182
856.575	0.8999999999999773	trials	115	s115_J210623	grCe_grSu6Ne	7	315.0	6	856.875	857.174
857.183	0.8999999999999773	trials	115	s115_J210623	grCe_grSu6CiNe	15	0.0	6	857.483	857.783
862.2760000000001	0.8999999999999773	trials	115	s115_J210623	grCe_grSu6Ne	7	225.0	6	862.576	862.875
862.884	0.8999999999999773	trials	115	s115_J210623	coCe_grSu6Ne	17	315.0	6	863.184	863.484
868.5010000000001	0.8999999999999773	trials	115	s115_J210623	grSu6CiNe	14		6	868.801	869.101
869.11	0.8999999999999773	trials	115	s115_J210623	coCe	16	180.0	6	869.41	869.709
869.885	0.8999999999999773	trials	115	s115_J210623	grCe_grSu12Mi	9	0.0	6	870.185	870.484
882.962	0.8999999999999773	trials	115	s115_J210623	coCe_grSu6Ne	17	0.0	6	883.262	883.561
883.5780000000001	0.8999999999999773	trials	115	s115_J210623	grCe_grSu12Mi	9	135.0	6	883.878	884.178
884.178	0.8999999999999773	trials	115	s115_J210623	grCe	1	0.0	6	884.478	884.778
889.321	0.8999999999999773	trials	115	s115_J210623	grCe_grSu12SmCiNe_PS	21	45.0	6	889.621	889.92
893.0550000000001	0.8999999999999773	trials	115	s115_J210623	grCe_grSu3Ne	5	180.0	6	893.355	893.654
893.663	0.8999999999999773	trials	115	s115_J210623	grCe	1	90.0	6	893.963	894.263
894.2710000000001	0.8999999999999773	trials	115	s115_J210623	grCe_grSu3Ne	5	0.0	6	894.571	894.871
899.2890000000001	0.8999999999999773	trials	115	s115_J210623	grCe_grSu12SmCiNe	13	135.0	6	899.589	899.888
899.897	0.8999999999999773	trials	115	s115_J210623	grCe_grSu6Ne_PS	18	135.0	6	900.197	900.497
900.5060000000001	0.8999999999999773	trials	115	s115_J210623	grCe_grSu12SmCiNe	13	180.0	6	900.806	901.105
905.615	0.8999999999999773	trials	115	s115_J210623	grCe_grSu18Fa	11	270.0	6	905.915	906.214
906.24	0.8999999999999773	trials	115	s115_J210623	grCe_grSu18Fa	11	225.0	6	906.54	906.839
906.873	0.8999999999999773	trials	115	s115_J210623	coCe_grSu6Ne	17	180.0	6	907.173	907.473
911.965	0.8999999999999773	trials	115	s115_J210623	coCe	16	90.0	6	912.265	912.565
915.758	0.8999999999999773	trials	115	s115_J210623	grCe_grSu6CiNe_PS	19	270.0	6	916.058	916.357
916.974	0.8999999999999773	trials	115	s115_J210623	grCe_grSu12SmCiNe_PS	21	0.0	6	917.274	917.574
922.5250000000001	0.8999999999999773	trials	115	s115_J210623	NoStim	0		6	922.825	923.125
923.225	0.8999999999999773	trials	115	s115_J210623	grCe_grSu6Ne_PS	18	270.0	6	923.525	923.825
928.234	0.8999999999999773	trials	115	s115_J210623	grCe_grSu6CiNe	15	270.0	6	928.534	928.834
928.8430000000001	0.8999999999999773	trials	115	s115_J210623	grCe_grSu6CiNe	15	90.0	6	929.143	929.442
929.451	0.8999999999999773	trials	115	s115_J210623	grCe_grSu6CiNe_PS	19	90.0	6	929.751	930.051
934.4100000000001	0.8999999999999773	trials	115	s115_J210623	grCe_grSu3Ne	5	90.0	6	934.71	935.01
935.018	0.8999999999999773	trials	115	s115_J210623	grCe_grSu6Ne	7	90.0	6	935.318	935.618
935.6600000000001	0.8999999999999773	trials	115	s115_J210623	grCe_grSu12SmCiNe_PS	21	180.0	6	935.96	936.26
940.711	0.8999999999999773	trials	115	s115_J210623	grCe_grSu18Fa	11	135.0	6	941.011	941.31
941.3190000000001	0.8999999999999773	trials	115	s115_J210623	grCe_grSu6CiNe	15	135.0	6	941.619	941.919
941.928	0.8999999999999773	trials	115	s115_J210623	grCe_grSu1Ne	3	270.0	6	942.228	942.527
946.9870000000001	0.8999999999999773	trials	115	s115_J210623	grCe_grSu12SmCiNe	13	90.0	6	947.287	947.586
948.2030000000001	0.8999999999999773	trials	115	s115_J210623	grSu12Mi	8		6	948.503	948.803
953.229	0.8999999999999773	trials	115	s115_J210623	grCe_grSu18Fa	11	0.0	6	953.529	953.829
953.8380000000001	0.8999999999999773	trials	115	s115_J210623	coCe_grSu6Ne	17	45.0	6	954.138	954.437
954.446	0.8999999999999773	trials	115	s115_J210623	grCe_grSu6Ne_PS	18	0.0	6	954.746	955.045
959.413	0.8999999999999773	trials	115	s115_J210623	coCe_grSu6Ne	17	135.0	6	959.713	960.013
960.022	0.8999999999999773	trials	115	s115_J210623	grCe_grSu1Ne	3	45.0	6	960.322	960.621
960.8050000000001	0.8999999999999773	trials	115	s115_J210623	grCe_grSu1Ne	3	0.0	6	961.105	961.405
965.806	0.8999999999999773	trials	115	s115_J210623	coCe	16	0.0	6	966.106	966.405
967.181	0.8999999999999773	trials	115	s115_J210623	grCe_grSu12SmCiNe_PS	21	315.0	6	967.481	967.78
972.24	0.8999999999999773	trials	115	s115_J210623	coCe	16	135.0	6	972.54	972.839
972.8480000000001	0.8999999999999773	trials	115	s115_J210623	coCe_grSu6Ne	17	90.0	6	973.148	973.448
976.69	0.8999999999999773	trials	115	s115_J210623	coCe_grSu6Ne	17	270.0	6	976.99	977.29
977.2990000000001	0.8999999999999773	trials	115	s115_J210623	grCe_grSu6CiNe	15	45.0	6	977.599	977.898
982.9830000000001	0.8999999999999773	trials	115	s115_J210623	grCe_grSu6Ne	7	135.0	6	983.283	983.583
983.591	0.8999999999999773	trials	115	s115_J210623	grCe_grSu6Ne	7	0.0	6	983.891	984.191
989.409	0.8999999999999773	trials	115	s115_J210623	grSu3Ne	4		6	989.709	990.008
990.642	0.8999999999999773	trials	115	s115_J210623	grCe_grSu18Fa	11	90.0	6	990.942	991.242
995.6510000000001	0.8999999999999773	trials	115	s115_J210623	grCe_grSu12Mi	9	180.0	6	995.951	996.251
996.26	0.8999999999999773	trials	115	s115_J210623	grCe_grSu1Ne	3	90.0	6	996.56	996.859
996.893	0.8999999999999773	trials	115	s115_J210623	grCe_grSu6CiNe_PS	19	225.0	6	997.193	997.493
1001.9440000000001	0.8999999999999773	trials	115	s115_J210623	grCe_grSu6Ne_PS	18	315.0	6	1002.244	1002.543
1006.278	0.8999999999999773	trials	115	s115_J210623	coCe_grSu6Ne	17	225.0	6	1006.578	1006.877
1006.8860000000001	0.8999999999999773	trials	115	s115_J210623	coSu6Ne	20		6	1007.186	1007.486
1012.47	0.8999999999999773	trials	115	s115_J210623	grCe_grSu6CiNe_PS	19	180.0	6	1012.77	1013.07
1013.0790000000001	0.8999999999999773	trials	115	s115_J210623	grCe_grSu3Ne	5	135.0	6	1013.379	1013.678
1017.937	0.8999999999999773	trials	115	s115_J210623	grCe_grSu6CiNe	15	180.0	6	1018.237	1018.537
1018.546	0.8999999999999773	trials	115	s115_J210623	coCe_grSu6Ne	17	270.0	2	1018.846	1019.145
1019.154	0.8999999999999773	trials	115	s115_J210623	grCe_grSu1Ne	3	45.0	2	1019.454	1019.754
1024.105	0.8999999999998636	trials	115	s115_J210623	grCe_grSu6CiNe	15	90.0	2	1024.405	1024.705
1025.338	0.8999999999998636	trials	115	s115_J210623	grCe_grSu18Fa	11	45.0	2	1025.638	1025.938
1030.339	0.8999999999998636	trials	115	s115_J210623	grSu1Ne	2		2	1030.639	1030.939
1030.939	0.8999999999998636	trials	115	s115_J210623	coCe	16	135.0	2	1031.239	1031.539
1036.598	0.8999999999998636	trials	115	s115_J210623	coCe_grSu6Ne	17	90.0	2	1036.898	1037.198
1037.848	0.8999999999998636	trials	115	s115_J210623	grCe_grSu12SmCiNe	13	90.0	2	1038.148	1038.448
1042.949	0.8999999999998636	trials	115	s115_J210623	grCe_grSu1Ne	3	180.0	2	1043.249	1043.549
1043.557	0.8999999999998636	trials	115	s115_J210623	grCe_grSu6Ne_PS	18	90.0	2	1043.857	1044.157
1044.166	0.8999999999998636	trials	115	s115_J210623	grCe_grSu6CiNe	15	45.0	2	1044.466	1044.765
1049.25	0.8999999999998636	trials	115	s115_J210623	grCe_grSu12Mi	9	45.0	2	1049.55	1049.849
1049.8500000000001	0.8999999999998636	trials	115	s115_J210623	coCe	16	315.0	2	1050.15	1050.45
1050.458	0.8999999999998636	trials	115	s115_J210623	grSu6Ne	6		2	1050.758	1051.058
1055.526	0.8999999999998636	trials	115	s115_J210623	grCe	1	225.0	2	1055.826	1056.125
1056.142	0.8999999999998636	trials	115	s115_J210623	grCe_grSu6CiNe	15	0.0	2	1056.442	1056.742
1056.751	0.8999999999998636	trials	115	s115_J210623	grSu6CiNe	14		2	1057.051	1057.35
1061.743	0.8999999999998636	trials	115	s115_J210623	grCe_grSu18Fa	11	225.0	2	1062.043	1062.343
1069.394	0.8999999999998636	trials	115	s115_J210623	grCe_grSu6Ne_PS	18	270.0	2	1069.694	1069.994
1070.036	0.8999999999998636	trials	115	s115_J210623	grSu12Mi	8		2	1070.336	1070.635
1076.1870000000001	0.8999999999998636	trials	115	s115_J210623	grCe_grSu6Ne_PS	18	315.0	2	1076.487	1076.786
1085.0710000000001	0.8999999999998636	trials	115	s115_J210623	grCe_grSu6CiNe_PS	19	90.0	2	1085.371	1085.671
1088.9550000000002	0.8999999999998636	trials	115	s115_J210623	grCe_grSu3Ne	5	315.0	2	1089.255	1089.555
1089.563	0.8999999999998636	trials	115	s115_J210623	grCe_grSu3Ne	5	0.0	2	1089.863	1090.163
1095.173	0.8999999999998636	trials	115	s115_J210623	grCe_grSu1Ne	3	315.0	2	1095.473	1095.772
1095.7730000000001	0.8999999999998636	trials	115	s115_J210623	grCe	1	270.0	2	1096.073	1096.372
1096.381	0.8999999999998636	trials	115	s115_J210623	grCe_grSu6Ne	7	270.0	2	1096.681	1096.981
1101.4070000000002	0.8999999999998636	trials	115	s115_J210623	NoStim	0		2	1101.707	1102.006
1102.007	0.8999999999998636	trials	115	s115_J210623	coCe	16	270.0	2	1102.307	1102.606
1102.615	0.8999999999998636	trials	115	s115_J210623	grCe_grSu6Ne_PS	18	225.0	2	1102.915	1103.215
1107.607	0.8999999999998636	trials	115	s115_J210623	grSu12SmCiNe	12		2	1107.907	1108.207
1108.816	0.8999999999998636	trials	115	s115_J210623	grCe	1	45.0	2	1109.116	1109.415
1117.017	0.8999999999998636	trials	115	s115_J210623	grCe_grSu18Fa	11	135.0	2	1117.317	1117.617
1121.018	0.8999999999998636	trials	115	s115_J210623	grCe_grSu6Ne	7	225.0	2	1121.318	1121.617
1127.26	0.8999999999998636	trials	115	s115_J210623	grCe_grSu6CiNe_PS	19	0.0	2	1127.56	1127.86
1127.868	0.8999999999998636	trials	115	s115_J210623	grCe_grSu3Ne	5	135.0	2	1128.168	1128.468
1128.477	0.8999999999998636	trials	115	s115_J210623	grCe_grSu3Ne	5	90.0	2	1128.777	1129.076
1133.661	0.8999999999998636	trials	115	s115_J210623	grCe_grSu12SmCiNe_PS	21	90.0	2	1133.961	1134.26
1134.8780000000002	0.8999999999998636	trials	115	s115_J210623	grCe_grSu12SmCiNe_PS	21	180.0	2	1135.178	1135.477
1139.978	0.8999999999998636	trials	115	s115_J210623	grCe	1	90.0	2	1140.278	1140.578
1140.595	0.8999999999998636	trials	115	s115_J210623	grCe_grSu12Mi	9	90.0	2	1140.895	1141.195
1141.203	0.8999999999998636	trials	115	s115_J210623	grCe_grSu3Ne	5	45.0	2	1141.503	1141.803
1149.605	0.8999999999998636	trials	115	s115_J210623	coCe_grSu6Ne	17	0.0	2	1149.905	1150.204
1150.213	0.8999999999998636	trials	115	s115_J210623	grCe_grSu3Ne	5	225.0	2	1150.513	1150.813
1153.938	0.8999999999998636	trials	115	s115_J210623	grCe_grSu6CiNe	15	315.0	2	1154.238	1154.538
1154.539	0.8999999999998636	trials	115	s115_J210623	coCe	16	180.0	2	1154.839	1155.138
1155.147	0.8999999999998636	trials	115	s115_J210623	grCe_grSu6Ne_PS	18	135.0	2	1155.447	1155.746
1163.823	0.8999999999998636	trials	115	s115_J210623	grCe_grSu6CiNe	15	135.0	2	1164.123	1164.423
1164.44	0.8999999999998636	trials	115	s115_J210623	grCe_grSu12Mi	9	135.0	2	1164.74	1165.039
1178.708	0.8999999999998636	trials	115	s115_J210623	grCe_grSu12SmCiNe	13	135.0	2	1179.008	1179.308
1179.333	0.8999999999998636	trials	115	s115_J210623	grCe_grSu18Fa	11	270.0	2	1179.633	1179.933
1179.942	0.8999999999998636	trials	115	s115_J210623	grCe_grSu1Ne	3	225.0	2	1180.242	1180.541
1184.992	0.8999999999998636	trials	115	s115_J210623	grCe_grSu6CiNe_PS	19	135.0	2	1185.292	1185.592
1185.601	0.8999999999998636	trials	115	s115_J210623	grCe_grSu6CiNe_PS	19	315.0	2	1185.901	1186.2
1191.243	0.8999999999998636	trials	115	s115_J210623	grCe_grSu12SmCiNe_PS	21	0.0	2	1191.543	1191.843
1192.46	0.8999999999998636	trials	115	s115_J210623	grCe_grSu1Ne	3	0.0	2	1192.76	1193.06
1197.519	0.8999999999998636	trials	115	s115_J210623	grCe_grSu12SmCiNe	13	0.0	2	1197.819	1198.119
1201.27	0.8999999999998636	trials	115	s115_J210623	grCe_grSu18Fa	11	0.0	2	1201.57	1201.869
1204.645	0.8999999999998636	trials	115	s115_J210623	coCe_grSu6Ne	17	180.0	2	1204.945	1205.245
1208.579	0.8999999999998636	trials	115	s115_J210623	grCe_grSu18Fa	11	90.0	2	1208.879	1209.178
1209.1870000000001	0.8999999999998636	trials	115	s115_J210623	grCe_grSu6CiNe_PS	19	180.0	2	1209.487	1209.787
1209.8120000000001	0.8999999999998636	trials	115	s115_J210623	grCe	1	135.0	2	1210.112	1210.412
1218.2050000000002	0.8999999999998636	trials	115	s115_J210623	grCe_grSu12SmCiNe	13	315.0	2	1218.505	1218.805
1218.814	0.8999999999998636	trials	115	s115_J210623	grCe_grSu1Ne	3	270.0	2	1219.114	1219.413
1222.422	0.8999999999998636	trials	115	s115_J210623	coCe	16	0.0	2	1222.722	1223.022
1223.656	0.8999999999998636	trials	115	s115_J210623	grCe_grSu6CiNe	15	270.0	2	1223.956	1224.255
1228.681	0.8999999999998636	trials	115	s115_J210623	coCe_grSu6Ne	17	225.0	2	1228.981	1229.281
1229.323	0.8999999999998636	trials	115	s115_J210623	grCe_grSu12SmCiNe	13	180.0	2	1229.623	1229.923
1235.557	0.8999999999998636	trials	115	s115_J210623	grCe	1	180.0	2	1235.857	1236.157
1236.166	0.8999999999998636	trials	115	s115_J210623	grCe_grSu12SmCiNe_PS	21	135.0	2	1236.466	1236.765
1241.183	0.8999999999998636	trials	115	s115_J210623	grCe_grSu6Ne	7	0.0	2	1241.483	1241.783
1241.7920000000001	0.8999999999998636	trials	115	s115_J210623	grCe_grSu6Ne	7	180.0	2	1242.092	1242.391
1242.4	0.8999999999998636	trials	115	s115_J210623	grCe_grSu12SmCiNe_PS	21	225.0	2	1242.7	1242.999
1248.151	0.8999999999998636	trials	115	s115_J210623	grSu18Fa	10		2	1248.451	1248.75
1248.759	0.8999999999998636	trials	115	s115_J210623	grCe_grSu12SmCiNe	13	45.0	2	1249.059	1249.359
1253.818	0.8999999999998636	trials	115	s115_J210623	grCe_grSu6CiNe_PS	19	225.0	2	1254.118	1254.418
1254.4260000000002	0.8999999999998636	trials	115	s115_J210623	grCe_grSu6Ne_PS	18	0.0	2	1254.726	1255.026
1255.035	0.8999999999998636	trials	115	s115_J210623	grCe_grSu6Ne	7	135.0	2	1255.335	1255.634
1260.261	0.8999999999998636	trials	115	s115_J210623	grCe_grSu12Mi	9	270.0	2	1260.561	1260.86
1261.502	0.8999999999998636	trials	115	s115_J210623	coCe	16	45.0	2	1261.802	1262.102
1266.47	0.8999999999998636	trials	115	s115_J210623	grCe_grSu6CiNe	15	180.0	2	1266.77	1267.069
1267.078	0.8999999999998636	trials	115	s115_J210623	grCe_grSu6Ne_PS	18	45.0	2	1267.378	1267.678
1267.6870000000001	0.8999999999998636	trials	115	s115_J210623	coCe_grSu6Ne	17	135.0	2	1267.987	1268.286
1272.4460000000001	0.8999999999998636	trials	115	s115_J210623	grCe_grSu1Ne	3	135.0	2	1272.746	1273.045
1273.054	0.8999999999998636	trials	115	s115_J210623	grCe_grSu1Ne	3	90.0	2	1273.354	1273.653
1278.988	0.8999999999998636	trials	115	s115_J210623	coCe_grSu6Ne	17	315.0	2	1279.288	1279.588
1279.596	0.8999999999998636	trials	115	s115_J210623	grCe_grSu12SmCiNe_PS	21	315.0	2	1279.896	1280.196
1280.2050000000002	0.8999999999998636	trials	115	s115_J210623	grCe_grSu6Ne	7	90.0	2	1280.505	1280.804
1285.297	0.8999999999998636	trials	115	s115_J210623	grCe_grSu12Mi	9	225.0	2	1285.597	1285.897
1285.914	0.8999999999998636	trials	115	s115_J210623	grCe_grSu12Mi	9	315.0	2	1286.214	1286.513
1286.522	0.8999999999998636	trials	115	s115_J210623	grCe_grSu12SmCiNe	13	270.0	2	1286.822	1287.122
1291.6480000000001	0.8999999999998636	trials	115	s115_J210623	grCe_grSu18Fa	11	180.0	2	1291.948	1292.248
1292.256	0.8999999999998636	trials	115	s115_J210623	coCe_grSu6Ne	17	45.0	2	1292.556	1292.856
1292.865	0.8999999999998636	trials	115	s115_J210623	grCe_grSu3Ne	5	180.0	2	1293.165	1293.464
1297.874	0.8999999999998636	trials	115	s115_J210623	grCe	1	315.0	2	1298.174	1298.473
1301.666	0.8999999999998636	trials	115	s115_J210623	grCe_grSu12Mi	9	180.0	2	1301.966	1302.265
1308.517	0.8999999999998636	trials	115	s115_J210623	grCe	1	0.0	2	1308.817	1309.116
1309.125	0.8999999999998636	trials	115	s115_J210623	grCe_grSu6Ne_PS	18	180.0	2	1309.425	1309.725
1314.3010000000002	0.8999999999998636	trials	115	s115_J210623	grCe_grSu6CiNe	15	225.0	2	1314.601	1314.9
1315.518	0.8999999999998636	trials	115	s115_J210623	coSu6Ne	20		2	1315.818	1316.117
1320.568	0.8999999999998636	trials	115	s115_J210623	coCe	16	90.0	2	1320.868	1321.168
1321.185	0.8999999999998636	trials	115	s115_J210623	grCe_grSu12Mi	9	0.0	2	1321.485	1321.785
1321.81	0.8999999999998636	trials	115	s115_J210623	grCe_grSu18Fa	11	315.0	2	1322.11	1322.41
1326.978	0.8999999999998636	trials	115	s115_J210623	grCe_grSu6Ne	7	45.0	2	1327.278	1327.577
1334.179	0.8999999999998636	trials	115	s115_J210623	grCe_grSu3Ne	5	270.0	2	1334.479	1334.778
1338.171	0.8999999999998636	trials	115	s115_J210623	grCe_grSu6CiNe_PS	19	270.0	2	1338.471	1338.77
1338.779	0.8999999999998636	trials	115	s115_J210623	grCe_grSu12SmCiNe	13	225.0	2	1339.079	1339.379
1339.3880000000001	0.8999999999998636	trials	115	s115_J210623	grCe_grSu6Ne	7	315.0	2	1339.688	1339.987
1344.422	0.8999999999998636	trials	115	s115_J210623	coCe	16	225.0	2	1344.722	1345.021
1345.03	0.8999999999998636	trials	115	s115_J210623	grCe_grSu6CiNe_PS	19	45.0	2	1345.33	1345.629
1345.6380000000001	0.8999999999998636	trials	115	s115_J210623	grSu3Ne	4		2	1345.938	1346.238
1350.664	0.8999999999998636	trials	115	s115_J210623	grCe_grSu12SmCiNe_PS	21	270.0	2	1350.964	1351.264
1357.94	0.8999999999998636	trials	115	s115_J210623	grCe_grSu12SmCiNe_PS	21	45.0	2	1358.24	1358.539
1359.1570000000002	0.8999999999998636	trials	115	s115_J210623	grCe_grSu12SmCiNe	13	315.0	4	1359.457	1359.756
1368.691	0.8999999999998636	trials	115	s115_J210623	grCe_grSu6CiNe	15	225.0	4	1368.991	1369.291
1373.759	0.8999999999998636	trials	115	s115_J210623	grCe_grSu1Ne	3	270.0	4	1374.059	1374.358
1374.9750000000001	0.8999999999998636	trials	115	s115_J210623	grCe_grSu3Ne	5	45.0	4	1375.275	1375.575
1380.51	0.8999999999998636	trials	115	s115_J210623	coCe	16	0.0	4	1380.81	1381.109
1381.143	0.8999999999998636	trials	115	s115_J210623	grSu6Ne	6		4	1381.443	1381.742
1386.185	0.8999999999998636	trials	115	s115_J210623	grCe_grSu6CiNe	15	90.0	4	1386.485	1386.785
1386.794	0.8999999999998636	trials	115	s115_J210623	grCe_grSu3Ne	5	315.0	4	1387.094	1387.393
1387.402	0.8999999999998636	trials	115	s115_J210623	grCe_grSu6CiNe	15	270.0	4	1387.702	1388.002
1395.42	0.8999999999998636	trials	115	s115_J210623	coCe_grSu6Ne	17	225.0	4	1395.72	1396.019
1396.037	0.8999999999998636	trials	115	s115_J210623	grCe_grSu12Mi	9	225.0	4	1396.337	1396.636
1396.637	0.8999999999998636	trials	115	s115_J210623	grCe	1	90.0	4	1396.937	1397.236
1401.429	0.8999999999998636	trials	115	s115_J210623	coCe	16	45.0	4	1401.729	1402.028
1402.046	0.8999999999998636	trials	115	s115_J210623	grCe_grSu12Mi	9	315.0	4	1402.346	1402.645
1405.938	0.8999999999998636	trials	115	s115_J210623	grCe_grSu12SmCiNe_PS	21	180.0	4	1406.238	1406.537
1406.546	0.8999999999998636	trials	115	s115_J210623	grSu12Mi	8		4	1406.846	1407.146
1415.289	0.8999999999998636	trials	115	s115_J210623	grSu1Ne	2		4	1415.589	1415.889
1415.8890000000001	0.8999999999998636	trials	115	s115_J210623	coCe	16	90.0	4	1416.189	1416.489
1416.498	0.8999999999998636	trials	115	s115_J210623	grCe_grSu12SmCiNe_PS	21	225.0	4	1416.798	1417.097
1422.073	0.8999999999998636	trials	115	s115_J210623	grCe_grSu12SmCiNe	13	180.0	4	1422.373	1422.673
1425.64	0.8999999999998636	trials	115	s115_J210623	grCe_grSu6Ne_PS	18	180.0	4	1425.94	1426.24
1426.249	0.8999999999998636	trials	115	s115_J210623	grCe_grSu12SmCiNe_PS	21	135.0	4	1426.549	1426.848
1426.857	0.8999999999998636	trials	115	s115_J210623	coCe_grSu6Ne	17	0.0	4	1427.157	1427.457
1437.709	0.8999999999998636	trials	115	s115_J210623	grCe_grSu1Ne	3	315.0	4	1438.009	1438.308
1438.317	0.8999999999998636	trials	115	s115_J210623	coCe_grSu6Ne	17	45.0	4	1438.617	1438.917
1438.967	0.8999999999998636	trials	115	s115_J210623	grCe_grSu12SmCiNe_PS	21	90.0	4	1439.267	1439.567
1444.009	0.8999999999998636	trials	115	s115_J210623	grCe_grSu12Mi	9	0.0	4	1444.309	1444.609
1444.618	0.8999999999998636	trials	115	s115_J210623	grCe_grSu12SmCiNe	13	225.0	4	1444.918	1445.217
1445.226	0.8999999999998636	trials	115	s115_J210623	coCe_grSu6Ne	17	135.0	4	1445.526	1445.826
1450.21	0.8999999999998636	trials	115	s115_J210623	grCe_grSu6CiNe_PS	19	0.0	4	1450.51	1450.81
1450.819	0.8999999999998636	trials	115	s115_J210623	grCe_grSu6Ne_PS	18	225.0	4	1451.119	1451.418
1451.4270000000001	0.8999999999998636	trials	115	s115_J210623	grCe_grSu6CiNe_PS	19	90.0	4	1451.727	1452.027
1456.453	0.8999999999998636	trials	115	s115_J210623	grCe	1	45.0	4	1456.753	1457.052
1457.7530000000002	0.8999999999998636	trials	115	s115_J210623	grCe_grSu12SmCiNe_PS	21	315.0	4	1458.053	1458.352
1462.6870000000001	0.8999999999998636	trials	115	s115_J210623	grCe_grSu12SmCiNe	13	90.0	4	1462.987	1463.286
1463.295	0.8999999999998636	trials	115	s115_J210623	grCe_grSu6Ne_PS	18	45.0	4	1463.595	1463.895
1463.904	0.8999999999998636	trials	115	s115_J210623	grCe_grSu6CiNe	15	180.0	4	1464.204	1464.503
1468.8790000000001	0.8999999999998636	trials	115	s115_J210623	grCe_grSu18Fa	11	315.0	4	1469.179	1469.479
1470.096	0.8999999999998636	trials	115	s115_J210623	coSu6Ne	20		4	1470.396	1470.696
1475.922	0.8999999999998636	trials	115	s115_J210623	grCe_grSu12SmCiNe	13	45.0	4	1476.222	1476.521
1476.53	0.8999999999998636	trials	115	s115_J210623	grCe_grSu6CiNe	15	45.0	4	1476.83	1477.13
1481.548	0.8999999999998636	trials	115	s115_J210623	grCe_grSu12Mi	9	135.0	4	1481.848	1482.147
1482.173	0.8999999999998636	trials	115	s115_J210623	grCe_grSu18Fa	11	180.0	4	1482.473	1482.772
1482.7730000000001	0.8999999999998636	trials	115	s115_J210623	coCe	16	315.0	4	1483.073	1483.372
1487.765	0.8999999999998636	trials	115	s115_J210623	grCe_grSu6Ne_PS	18	315.0	4	1488.065	1488.365
1488.982	0.8999999999998636	trials	115	s115_J210623	grCe_grSu6Ne	7	0.0	4	1489.282	1489.581
1493.999	0.8999999999998636	trials	115	s115_J210623	grCe_grSu12Mi	9	45.0	4	1494.299	1494.599
1495.2160000000001	0.8999999999998636	trials	115	s115_J210623	grCe_grSu12SmCiNe_PS	21	0.0	4	1495.516	1495.816
1500.2830000000001	0.8999999999998636	trials	115	s115_J210623	grCe_grSu12SmCiNe_PS	21	45.0	4	1500.583	1500.883
1503.75	0.8999999999998636	trials	115	s115_J210623	grCe	1	135.0	4	1504.05	1504.35
1504.3590000000002	0.8999999999998636	trials	115	s115_J210623	coCe_grSu6Ne	17	90.0	4	1504.659	1504.958
1504.967	0.8999999999998636	trials	115	s115_J210623	coCe_grSu6Ne	17	180.0	4	1505.267	1505.567
1509.776	0.8999999999998636	trials	115	s115_J210623	grCe_grSu6CiNe_PS	19	45.0	4	1510.076	1510.376
1510.385	0.8999999999998636	trials	115	s115_J210623	grCe_grSu3Ne	5	270.0	4	1510.685	1510.984
1510.993	0.8999999999998636	trials	115	s115_J210623	grCe_grSu1Ne	3	135.0	4	1511.293	1511.593
1516.035	0.8999999999998636	trials	115	s115_J210623	grCe_grSu6CiNe	15	0.0	4	1516.335	1516.635
1516.66	0.8999999999998636	trials	115	s115_J210623	coCe	16	225.0	4	1516.96	1517.26
1517.294	0.8999999999998636	trials	115	s115_J210623	grCe_grSu6Ne	7	225.0	4	1517.594	1517.893
1522.27	0.8999999999998636	trials	115	s115_J210623	grCe	1	315.0	4	1522.57	1522.869
1523.4950000000001	0.8999999999998636	trials	115	s115_J210623	grCe_grSu6CiNe	15	315.0	4	1523.795	1524.094
1528.47	0.8999999999998636	trials	115	s115_J210623	grCe_grSu18Fa	11	90.0	4	1528.77	1529.07
1529.112	0.8999999999998636	trials	115	s115_J210623	grSu3Ne	4		4	1529.412	1529.712
1534.78	0.8999999999998636	trials	115	s115_J210623	grCe_grSu1Ne	3	225.0	4	1535.08	1535.379
1535.38	0.8999999999998636	trials	115	s115_J210623	NoStim	0		4	1535.68	1535.979
1535.988	0.8999999999998636	trials	115	s115_J210623	grCe_grSu6Ne	7	270.0	4	1536.288	1536.588
1546.5810000000001	0.8999999999998636	trials	115	s115_J210623	grCe	1	225.0	4	1546.881	1547.181
1552.49	0.8999999999998636	trials	115	s115_J210623	grCe_grSu12Mi	9	180.0	4	1552.79	1553.09
1553.115	0.8999999999998636	trials	115	s115_J210623	grCe_grSu18Fa	11	135.0	4	1553.415	1553.715
1553.732	0.8999999999998636	trials	115	s115_J210623	grCe	1	270.0	4	1554.032	1554.332
1558.991	0.8999999999998636	trials	115	s115_J210623	grSu18Fa	10		4	1559.291	1559.591
1559.599	0.8999999999998636	trials	115	s115_J210623	grCe_grSu12SmCiNe	13	270.0	4	1559.899	1560.199
1565.1000000000001	0.8999999999998636	trials	115	s115_J210623	grCe_grSu3Ne	5	90.0	4	1565.4	1565.7
1565.7250000000001	0.8999999999998636	trials	115	s115_J210623	grCe_grSu18Fa	11	0.0	4	1566.025	1566.325
1566.3500000000001	0.8999999999998636	trials	115	s115_J210623	grCe_grSu18Fa	11	225.0	4	1566.65	1566.95
1574.594	0.8999999999998636	trials	115	s115_J210623	coCe	16	180.0	4	1574.894	1575.194
1575.202	0.8999999999998636	trials	115	s115_J210623	grCe_grSu1Ne	3	90.0	4	1575.502	1575.802
1582.953	0.8999999999998636	trials	115	s115_J210623	grCe_grSu6CiNe_PS	19	180.0	4	1583.253	1583.553
1583.5620000000001	0.8999999999998636	trials	115	s115_J210623	grCe_grSu12SmCiNe	13	0.0	4	1583.862	1584.161
1593.93	0.8999999999998636	trials	115	s115_J210623	grCe_grSu3Ne	5	180.0	4	1594.23	1594.529
1594.538	0.8999999999998636	trials	115	s115_J210623	grCe_grSu3Ne	5	225.0	4	1594.838	1595.138
1595.23	0.8999999999998636	trials	115	s115_J210623	grCe_grSu6Ne_PS	18	90.0	4	1595.53	1595.83
1600.364	0.8999999999998636	trials	115	s115_J210623	grCe_grSu6Ne	7	90.0	4	1600.664	1600.964
1600.972	0.8999999999998636	trials	115	s115_J210623	grSu6CiNe	14		4	1601.272	1601.572
1606.682	0.8999999999998636	trials	115	s115_J210623	grCe_grSu6CiNe	15	135.0	4	1606.982	1607.281
1610.69	0.8999999999998636	trials	115	s115_J210623	grCe_grSu3Ne	5	135.0	4	1610.99	1611.29
1611.299	0.8999999999998636	trials	115	s115_J210623	grCe_grSu3Ne	5	0.0	4	1611.599	1611.898
1611.932	0.8999999999998636	trials	115	s115_J210623	grCe_grSu6Ne	7	315.0	4	1612.232	1612.532
1616.916	0.8999999999998636	trials	115	s115_J210623	grCe_grSu6CiNe_PS	19	270.0	4	1617.216	1617.516
1617.525	0.8999999999998636	trials	115	s115_J210623	grCe_grSu6Ne	7	180.0	4	1617.825	1618.124
1618.133	0.8999999999998636	trials	115	s115_J210623	coCe_grSu6Ne	17	315.0	4	1618.433	1618.733
1623.675	0.8999999999998636	trials	115	s115_J210623	grSu12SmCiNe	12		4	1623.975	1624.275
1624.284	0.8999999999998636	trials	115	s115_J210623	grCe_grSu1Ne	3	180.0	4	1624.584	1624.883
1629.209	0.8999999999998636	trials	115	s115_J210623	coCe_grSu6Ne	17	270.0	4	1629.509	1629.809
1629.818	0.8999999999998636	trials	115	s115_J210623	grCe_grSu12SmCiNe	13	135.0	4	1630.118	1630.417
1630.4260000000002	0.8999999999998636	trials	115	s115_J210623	grCe_grSu6Ne_PS	18	135.0	4	1630.726	1631.026
1635.444	0.8999999999998636	trials	115	s115_J210623	grCe_grSu1Ne	3	45.0	4	1635.744	1636.043
1636.069	0.8999999999998636	trials	115	s115_J210623	grCe_grSu12Mi	9	270.0	4	1636.369	1636.668
1636.669	0.8999999999998636	trials	115	s115_J210623	coCe	16	135.0	4	1636.969	1637.268
1641.669	0.8999999999998636	trials	115	s115_J210623	grCe_grSu6Ne_PS	18	270.0	4	1641.969	1642.269
1645.7530000000002	0.8999999999998636	trials	115	s115_J210623	grCe_grSu6CiNe_PS	19	225.0	4	1646.053	1646.353
1649.337	0.8999999999998636	trials	115	s115_J210623	grCe_grSu6Ne_PS	18	0.0	4	1649.637	1649.937
1649.9370000000001	0.8999999999998636	trials	115	s115_J210623	grCe	1	180.0	4	1650.237	1650.537
1650.546	0.8999999999998636	trials	115	s115_J210623	grCe_grSu6Ne	7	45.0	4	1650.846	1651.145
1656.271	0.8999999999998636	trials	115	s115_J210623	coCe	16	270.0	4	1656.571	1656.871
1668.289	0.8999999999998636	trials	115	s115_J210623	grCe_grSu12SmCiNe_PS	21	270.0	4	1668.589	1668.889
1668.906	0.8999999999998636	trials	115	s115_J210623	grCe_grSu12Mi	9	90.0	4	1669.206	1669.506
1669.531	0.8999999999998636	trials	115	s115_J210623	grCe_grSu18Fa	11	270.0	4	1669.831	1670.131
1674.5320000000002	0.8999999999998636	trials	115	s115_J210623	grCe_grSu1Ne	3	0.0	4	1674.832	1675.131
1675.749	0.8999999999998636	trials	115	s115_J210623	grCe_grSu6CiNe_PS	19	135.0	4	1676.049	1676.348
1685.258	0.8999999999998636	trials	115	s115_J210623	grCe_grSu18Fa	11	45.0	4	1685.558	1685.858
1685.858	0.8999999999998636	trials	115	s115_J210623	grCe	1	0.0	4	1686.158	1686.458
1686.467	0.8999999999998636	trials	115	s115_J210623	grCe_grSu6CiNe_PS	19	315.0	4	1686.767	1687.066
1691.501	0.8999999999998636	trials	115	s115_J210623	grCe_grSu6Ne	7	135.0	4	1691.801	1692.1
1692.709	0.8999999999998636	trials	115	s115_J210623	grCe	1	270.0	3	1693.009	1693.309
1700.694	0.8999999999998636	trials	115	s115_J210623	grCe_grSu12SmCiNe_PS	21	90.0	3	1700.994	1701.293
1701.319	0.8999999999998636	trials	115	s115_J210623	grCe_grSu3Ne	5	45.0	3	1701.619	1701.918
1701.9270000000001	0.8999999999998636	trials	115	s115_J210623	grCe_grSu6Ne	7	315.0	3	1702.227	1702.527
1706.8690000000001	0.8999999999998636	trials	115	s115_J210623	grCe_grSu6Ne_PS	18	45.0	3	1707.169	1707.469
1707.478	0.8999999999998636	trials	115	s115_J210623	grCe_grSu6CiNe_PS	19	0.0	3	1707.778	1708.077
1708.086	0.8999999999998636	trials	115	s115_J210623	coCe_grSu6Ne	17	315.0	3	1708.386	1708.686
1717.029	0.8999999999998636	trials	115	s115_J210623	grCe_grSu12SmCiNe_PS	21	45.0	3	1717.329	1717.629
1717.6290000000001	0.8999999999998636	trials	115	s115_J210623	grCe	1	90.0	3	1717.929	1718.229
1723.255	0.8999999999998636	trials	115	s115_J210623	grCe_grSu12Mi	9	90.0	3	1723.555	1723.854
1724.472	0.8999999999998636	trials	115	s115_J210623	grCe_grSu6CiNe_PS	19	135.0	3	1724.772	1725.071
1729.506	0.8999999999998636	trials	115	s115_J210623	grCe_grSu6CiNe	15	270.0	3	1729.806	1730.105
1730.123	0.8999999999998636	trials	115	s115_J210623	grCe_grSu12Mi	9	315.0	3	1730.423	1730.722
1730.739	0.8999999999998636	trials	115	s115_J210623	grSu18Fa	10		3	1731.039	1731.339
1735.765	0.8999999999998636	trials	115	s115_J210623	grCe_grSu12SmCiNe	13	225.0	3	1736.065	1736.364
1739.474	0.8999999999998636	trials	115	s115_J210623	grCe_grSu6CiNe	15	225.0	3	1739.774	1740.073
1749.05	0.8999999999998636	trials	115	s115_J210623	grCe_grSu6Ne_PS	18	0.0	3	1749.35	1749.649
1749.6580000000001	0.8999999999998636	trials	115	s115_J210623	grCe_grSu12SmCiNe	13	180.0	3	1749.958	1750.258
1750.267	0.8999999999998636	trials	115	s115_J210623	coCe_grSu6Ne	17	90.0	3	1750.567	1750.866
1755.251	0.8999999999998636	trials	115	s115_J210623	grCe_grSu3Ne	5	315.0	3	1755.551	1755.85
1755.8590000000002	0.8999999999998636	trials	115	s115_J210623	grCe_grSu6CiNe_PS	19	225.0	3	1756.159	1756.459
1756.468	0.8999999999998636	trials	115	s115_J210623	grCe_grSu3Ne	5	180.0	3	1756.768	1757.067
1761.5430000000001	0.8999999999998636	trials	115	s115_J210623	grCe_grSu6CiNe_PS	19	45.0	3	1761.843	1762.143
1762.152	0.8999999999998636	trials	115	s115_J210623	grCe_grSu6CiNe_PS	19	180.0	3	1762.452	1762.751
1762.76	0.8999999999998636	trials	115	s115_J210623	grCe_grSu3Ne	5	0.0	3	1763.06	1763.36
1767.6190000000001	0.8999999999998636	trials	115	s115_J210623	grCe_grSu18Fa	11	135.0	3	1767.919	1768.219
1768.836	0.8999999999998636	trials	115	s115_J210623	coCe_grSu6Ne	17	270.0	3	1769.136	1769.435
1773.8700000000001	0.8999999999998636	trials	115	s115_J210623	grCe_grSu3Ne	5	225.0	3	1774.17	1774.469
1774.478	0.8999999999998636	trials	115	s115_J210623	grCe_grSu6Ne	7	135.0	3	1774.778	1775.078
1780.121	0.8999999999998636	trials	115	s115_J210623	grCe_grSu1Ne	3	225.0	3	1780.421	1780.72
1780.729	0.8999999999998636	trials	115	s115_J210623	grSu12SmCiNe	12		3	1781.029	1781.329
1781.337	0.8999999999998636	trials	115	s115_J210623	grCe_grSu6CiNe	15	90.0	3	1781.637	1781.937
1786.396	0.8999999999998636	trials	115	s115_J210623	grSu3Ne	4		3	1786.696	1786.996
1787.005	0.8999999999998636	trials	115	s115_J210623	grCe_grSu1Ne	3	135.0	3	1787.305	1787.604
1787.6380000000001	0.8999999999998636	trials	115	s115_J210623	grCe_grSu6Ne_PS	18	180.0	3	1787.938	1788.238
1795.673	0.8999999999998636	trials	115	s115_J210623	grCe_grSu12Mi	9	45.0	3	1795.973	1796.272
1796.2730000000001	0.8999999999998636	trials	115	s115_J210623	NoStim	0		3	1796.573	1796.872
1796.873	0.8999999999998636	trials	115	s115_J210623	grCe	1	135.0	3	1797.173	1797.472
1804.999	0.8999999999998636	trials	115	s115_J210623	grCe_grSu1Ne	3	315.0	3	1805.299	1805.598
1805.607	0.8999999999998636	trials	115	s115_J210623	grCe_grSu6Ne	7	225.0	3	1805.907	1806.207
1806.207	0.8999999999998636	trials	115	s115_J210623	coCe	16	0.0	3	1806.507	1806.807
1810.95	0.8999999999998636	trials	115	s115_J210623	grCe_grSu6Ne	7	45.0	3	1811.25	1811.549
1811.558	0.8999999999998636	trials	115	s115_J210623	grCe	1	0.0	3	1811.858	1812.158
1812.166	0.8999999999998636	trials	115	s115_J210623	grCe_grSu12SmCiNe_PS	21	180.0	3	1812.466	1812.766
1817.034	0.8999999999998636	trials	115	s115_J210623	coSu6Ne	20		3	1817.334	1817.633
1817.6670000000001	0.8999999999998636	trials	115	s115_J210623	grCe_grSu6Ne_PS	18	225.0	3	1817.967	1818.267
1818.3010000000002	0.8999999999998636	trials	115	s115_J210623	grCe_grSu18Fa	11	225.0	3	1818.601	1818.9
1823.893	0.8999999999998636	trials	115	s115_J210623	grCe_grSu12SmCiNe	13	315.0	3	1824.193	1824.493
1824.518	0.8999999999998636	trials	115	s115_J210623	grCe_grSu18Fa	11	90.0	3	1824.818	1825.118
1829.635	0.8999999999998636	trials	115	s115_J210623	grCe_grSu12SmCiNe	13	90.0	3	1829.935	1830.235
1834.0610000000001	0.8999999999998636	trials	115	s115_J210623	grCe_grSu6CiNe_PS	19	90.0	3	1834.361	1834.661
1834.678	0.8999999999998636	trials	115	s115_J210623	grSu1Ne	2		3	1834.978	1835.277
1839.695	0.8999999999998636	trials	115	s115_J210623	grCe_grSu6CiNe	15	45.0	3	1839.995	1840.295
1840.303	0.8999999999998636	trials	115	s115_J210623	grCe_grSu6Ne_PS	18	315.0	3	1840.603	1840.903
1840.912	0.8999999999998636	trials	115	s115_J210623	coCe_grSu6Ne	17	180.0	3	1841.212	1841.511
1846.088	0.8999999999998636	trials	115	s115_J210623	grCe_grSu3Ne	5	90.0	3	1846.388	1846.687
1846.713	0.8999999999998636	trials	115	s115_J210623	grCe_grSu18Fa	11	0.0	3	1847.013	1847.312
1847.313	0.8999999999998636	trials	115	s115_J210623	coCe	16	90.0	3	1847.613	1847.912
1852.13	0.8999999999998636	trials	115	s115_J210623	grCe	1	180.0	3	1852.43	1852.73
1852.73	0.8999999999998636	trials	115	s115_J210623	coCe	16	180.0	3	1853.03	1853.33
1853.3300000000002	0.8999999999998636	trials	115	s115_J210623	grCe	1	315.0	3	1853.63	1853.93
1858.5810000000001	0.8999999999998636	trials	115	s115_J210623	grCe_grSu1Ne	3	180.0	3	1858.881	1859.18
1859.2060000000001	0.8999999999998636	trials	115	s115_J210623	grCe_grSu18Fa	11	270.0	3	1859.506	1859.805
1859.814	0.8999999999998636	trials	115	s115_J210623	grCe	1	225.0	3	1860.114	1860.414
1865.348	0.8999999999998636	trials	115	s115_J210623	grCe_grSu6CiNe	15	0.0	3	1865.648	1865.948
1874.758	0.8999999999998636	trials	115	s115_J210623	grCe_grSu6CiNe	15	135.0	3	1875.058	1875.357
1875.366	0.8999999999998636	trials	115	s115_J210623	grSu6CiNe	14		3	1875.666	1875.966
1880.442	0.8999999999998636	trials	115	s115_J210623	grCe_grSu6Ne	7	0.0	3	1880.742	1881.042
1881.059	0.8999999999998636	trials	115	s115_J210623	grCe_grSu12Mi	9	270.0	3	1881.359	1881.658
1881.675	0.8999999999998636	trials	115	s115_J210623	grCe_grSu12Mi	9	0.0	3	1881.975	1882.275
1888.151	0.8999999999998636	trials	115	s115_J210623	grCe_grSu12SmCiNe	13	270.0	3	1888.451	1888.751
1893.069	0.8999999999998636	trials	115	s115_J210623	coCe_grSu6Ne	17	135.0	3	1893.369	1893.668
1893.6770000000001	0.8999999999998636	trials	115	s115_J210623	grCe_grSu12SmCiNe_PS	21	315.0	3	1893.977	1894.277
1894.277	0.8999999999998636	trials	115	s115_J210623	grCe	1	45.0	3	1894.577	1894.877
1899.294	0.8999999999998636	trials	115	s115_J210623	coCe	16	315.0	3	1899.594	1899.894
1903.428	0.8999999999998636	trials	115	s115_J210623	coCe_grSu6Ne	17	45.0	3	1903.728	1904.028
1904.053	0.8999999999998636	trials	115	s115_J210623	grCe_grSu18Fa	11	315.0	3	1904.353	1904.653
1909.229	0.8999999999998636	trials	115	s115_J210623	grCe_grSu18Fa	11	45.0	3	1909.529	1909.829
1909.846	0.8999999999998636	trials	115	s115_J210623	grCe_grSu12Mi	9	180.0	3	1910.146	1910.445
1910.454	0.8999999999998636	trials	115	s115_J210623	grCe_grSu6CiNe_PS	19	270.0	3	1910.754	1911.054
1915.3220000000001	0.8999999999998636	trials	115	s115_J210623	grCe_grSu1Ne	3	0.0	3	1915.622	1915.921
1915.938	0.8999999999998636	trials	115	s115_J210623	grCe_grSu12Mi	9	135.0	3	1916.238	1916.538
1916.555	0.8999999999998636	trials	115	s115_J210623	grCe_grSu12Mi	9	225.0	3	1916.855	1917.155
1921.5810000000001	0.8999999999998636	trials	115	s115_J210623	grCe_grSu1Ne	3	90.0	3	1921.881	1922.18
1922.2060000000001	0.8999999999998636	trials	115	s115_J210623	grCe_grSu18Fa	11	180.0	3	1922.506	1922.805
1922.814	0.8999999999998636	trials	115	s115_J210623	grCe_grSu6CiNe_PS	19	315.0	3	1923.114	1923.414
1927.906	0.8999999999998636	trials	115	s115_J210623	grCe_grSu12SmCiNe_PS	21	0.0	3	1928.206	1928.506
1928.515	0.8999999999998636	trials	115	s115_J210623	grCe_grSu1Ne	3	45.0	3	1928.815	1929.114
1933.991	0.8999999999998636	trials	115	s115_J210623	coCe_grSu6Ne	17	225.0	3	1934.291	1934.59
1935.2160000000001	0.8999999999998636	trials	115	s115_J210623	grCe_grSu6CiNe	15	180.0	3	1935.516	1935.815
1941.117	0.8999999999998636	trials	115	s115_J210623	grCe_grSu3Ne	5	135.0	3	1941.417	1941.716
1941.7250000000001	0.8999999999998636	trials	115	s115_J210623	grCe_grSu6CiNe	15	315.0	3	1942.025	1942.324
1947.376	0.8999999999998636	trials	115	s115_J210623	grCe_grSu1Ne	3	270.0	3	1947.676	1947.975
1947.9840000000002	0.8999999999998636	trials	115	s115_J210623	grCe_grSu6Ne	7	270.0	3	1948.284	1948.584
1953.1760000000002	0.8999999999998636	trials	115	s115_J210623	grSu6Ne	6		3	1953.476	1953.776
1957.2350000000001	0.8999999999998636	trials	115	s115_J210623	grCe_grSu6Ne_PS	18	135.0	3	1957.535	1957.835
1965.9360000000001	0.8999999999998636	trials	115	s115_J210623	coCe	16	45.0	3	1966.236	1966.536
1971.537	0.8999999999998636	trials	115	s115_J210623	grCe_grSu12SmCiNe_PS	21	135.0	3	1971.837	1972.137
1972.137	0.8999999999998636	trials	115	s115_J210623	coCe	16	225.0	3	1972.437	1972.737
1976.963	0.8999999999998636	trials	115	s115_J210623	grCe_grSu12SmCiNe	13	135.0	3	1977.263	1977.562
1977.5710000000001	0.8999999999998636	trials	115	s115_J210623	grCe_grSu12SmCiNe	13	0.0	3	1977.871	1978.171
1978.188	0.8999999999998636	trials	115	s115_J210623	coCe	16	135.0	3	1978.488	1978.788
1983.255	0.8999999999998636	trials	115	s115_J210623	grCe_grSu12SmCiNe_PS	21	270.0	3	1983.555	1983.855
1983.864	0.8999999999998636	trials	115	s115_J210623	grSu12Mi	8		3	1984.164	1984.463
1984.472	0.8999999999998636	trials	115	s115_J210623	coCe_grSu6Ne	17	0.0	3	1984.772	1985.072
1989.439	0.8999999999998636	trials	115	s115_J210623	grCe_grSu3Ne	5	270.0	3	1989.739	1990.039
1990.048	0.8999999999998636	trials	115	s115_J210623	grCe_grSu12SmCiNe_PS	21	225.0	3	1990.348	1990.647
1990.656	0.8999999999998636	trials	115	s115_J210623	grCe_grSu6Ne_PS	18	270.0	3	1990.956	1991.256
2002.258	0.8999999999998636	trials	115	s115_J210623	grCe_grSu12SmCiNe	13	45.0	3	2002.558	2002.857
2002.866	0.8999999999998636	trials	115	s115_J210623	coCe	16	270.0	3	2003.166	2003.466
2003.4750000000001	0.8999999999998636	trials	115	s115_J210623	grCe_grSu6Ne_PS	18	90.0	3	2003.775	2004.074
2012.242	0.8999999999998636	trials	115	s115_J210623	grCe_grSu6Ne	7	90.0	3	2012.542	2012.842
2012.851	0.8999999999998636	trials	115	s115_J210623	grCe_grSu6Ne	7	180.0	3	2013.151	2013.45
2019.0430000000001	0.8999999999998636	trials	115	s115_J210623	grCe_grSu6CiNe_PS	19	90.0	1	2019.343	2019.643
2028.036	0.8999999999998636	trials	115	s115_J210623	grCe_grSu3Ne	5	0.0	1	2028.336	2028.636
2028.645	0.8999999999998636	trials	115	s115_J210623	grSu12SmCiNe	12		1	2028.945	2029.244
2029.27	0.8999999999998636	trials	115	s115_J210623	grCe_grSu18Fa	11	225.0	1	2029.57	2029.869
2034.362	0.8999999999998636	trials	115	s115_J210623	grCe_grSu12SmCiNe	13	0.0	1	2034.662	2034.961
2035.587	0.8999999999998636	trials	115	s115_J210623	grCe_grSu6CiNe	15	90.0	1	2035.887	2036.187
2040.579	0.8999999999998636	trials	115	s115_J210623	grCe_grSu6Ne_PS	18	315.0	1	2040.879	2041.179
2041.2050000000002	0.8999999999998636	trials	115	s115_J210623	grCe_grSu18Fa	11	135.0	1	2041.505	2041.804
2041.805	0.8999999999998636	trials	115	s115_J210623	coCe	16	45.0	1	2042.105	2042.404
2050.4719999999998	0.900000000000091	trials	115	s115_J210623	grCe_grSu3Ne	5	180.0	1	2050.772	2051.072
2051.0809999999997	0.900000000000091	trials	115	s115_J210623	grCe_grSu3Ne	5	225.0	1	2051.381	2051.68
2059.557	0.900000000000091	trials	115	s115_J210623	coCe_grSu6Ne	17	180.0	1	2059.857	2060.156
2060.165	0.900000000000091	trials	115	s115_J210623	grCe_grSu12SmCiNe_PS	21	225.0	1	2060.465	2060.765
2060.774	0.900000000000091	trials	115	s115_J210623	grCe_grSu6Ne_PS	18	225.0	1	2061.074	2061.373
2072.384	0.900000000000091	trials	115	s115_J210623	grCe_grSu12SmCiNe	13	45.0	1	2072.684	2072.983
2073.6	0.900000000000091	trials	115	s115_J210623	grCe_grSu6Ne_PS	18	90.0	1	2073.9	2074.2
2078.5679999999998	0.900000000000091	trials	115	s115_J210623	grCe_grSu6Ne_PS	18	270.0	1	2078.868	2079.167
2082.6929999999998	0.900000000000091	trials	115	s115_J210623	grCe_grSu6Ne	7	180.0	1	2082.993	2083.293
2083.3019999999997	0.900000000000091	trials	115	s115_J210623	coCe_grSu6Ne	17	0.0	1	2083.602	2083.901
2088.836	0.900000000000091	trials	115	s115_J210623	grCe	1	225.0	1	2089.136	2089.435
2089.4359999999997	0.900000000000091	trials	115	s115_J210623	NoStim	0		1	2089.736	2090.035
2093.028	0.900000000000091	trials	115	s115_J210623	grCe_grSu1Ne	3	0.0	1	2093.328	2093.627
2093.645	0.900000000000091	trials	115	s115_J210623	grSu18Fa	10		1	2093.945	2094.244
2094.2529999999997	0.900000000000091	trials	115	s115_J210623	grCe_grSu6Ne_PS	18	135.0	1	2094.553	2094.853
2100.412	0.900000000000091	trials	115	s115_J210623	grCe_grSu6Ne	7	135.0	1	2100.712	2101.012
2106.096	0.900000000000091	trials	115	s115_J210623	coCe	16	135.0	1	2106.396	2106.696
2106.705	0.900000000000091	trials	115	s115_J210623	grCe_grSu6Ne_PS	18	0.0	1	2107.005	2107.304
2107.3129999999996	0.900000000000091	trials	115	s115_J210623	grCe_grSu12SmCiNe	13	180.0	1	2107.613	2107.913
2112.355	0.900000000000091	trials	115	s115_J210623	grCe_grSu12Mi	9	0.0	1	2112.655	2112.955
2112.964	0.900000000000091	trials	115	s115_J210623	grSu12Mi	8		1	2113.264	2113.563
2119.756	0.900000000000091	trials	115	s115_J210623	coCe	16	180.0	1	2120.056	2120.356
2120.365	0.900000000000091	trials	115	s115_J210623	grCe_grSu6CiNe_PS	19	135.0	1	2120.665	2120.964
2120.982	0.900000000000091	trials	115	s115_J210623	grCe_grSu12Mi	9	270.0	1	2121.282	2121.581
2126.0739999999996	0.900000000000091	trials	115	s115_J210623	grCe_grSu12SmCiNe_PS	21	45.0	1	2126.374	2126.673
2126.6989999999996	0.900000000000091	trials	115	s115_J210623	grCe_grSu18Fa	11	90.0	1	2126.999	2127.298
2127.307	0.900000000000091	trials	115	s115_J210623	coCe_grSu6Ne	17	135.0	1	2127.607	2127.907
2132.3909999999996	0.900000000000091	trials	115	s115_J210623	grCe_grSu12SmCiNe	13	270.0	1	2132.691	2132.991
2133.0	0.900000000000091	trials	115	s115_J210623	grCe_grSu6CiNe	15	0.0	1	2133.3	2133.599
2138.6749999999997	0.900000000000091	trials	115	s115_J210623	grCe_grSu3Ne	5	45.0	1	2138.975	2139.275
2142.368	0.900000000000091	trials	115	s115_J210623	grCe_grSu18Fa	11	180.0	1	2142.668	2142.967
2142.9759999999997	0.900000000000091	trials	115	s115_J210623	grCe_grSu1Ne	3	180.0	1	2143.276	2143.576
2143.584	0.900000000000091	trials	115	s115_J210623	grCe_grSu12SmCiNe_PS	21	0.0	1	2143.884	2144.184
2148.527	0.900000000000091	trials	115	s115_J210623	grCe_grSu6Ne	7	0.0	1	2148.827	2149.126
2149.144	0.900000000000091	trials	115	s115_J210623	grCe_grSu12Mi	9	90.0	1	2149.444	2149.743
2155.178	0.900000000000091	trials	115	s115_J210623	coCe	16	90.0	1	2155.478	2155.777
2155.803	0.900000000000091	trials	115	s115_J210623	grCe_grSu18Fa	11	270.0	1	2156.103	2156.402
2164.7369999999996	0.900000000000091	trials	115	s115_J210623	grCe_grSu6CiNe_PS	19	270.0	1	2165.037	2165.337
2165.346	0.900000000000091	trials	115	s115_J210623	grCe_grSu12SmCiNe_PS	21	90.0	1	2165.646	2165.945
2171.0209999999997	0.900000000000091	trials	115	s115_J210623	grCe_grSu3Ne	5	90.0	1	2171.321	2171.621
2171.7459999999996	0.900000000000091	trials	115	s115_J210623	grCe_grSu12SmCiNe_PS	21	135.0	1	2172.046	2172.346
2177.9469999999997	0.900000000000091	trials	115	s115_J210623	grSu1Ne	2		1	2178.247	2178.547
2178.564	0.900000000000091	trials	115	s115_J210623	grCe_grSu12SmCiNe_PS	21	270.0	1	2178.864	2179.164
2183.4809999999998	0.900000000000091	trials	115	s115_J210623	grSu6CiNe	14		1	2183.781	2184.081
2184.0899999999997	0.900000000000091	trials	115	s115_J210623	grCe_grSu12SmCiNe	13	315.0	1	2184.39	2184.689
2184.6899999999996	0.900000000000091	trials	115	s115_J210623	coCe	16	225.0	1	2184.99	2185.289
2189.707	0.900000000000091	trials	115	s115_J210623	grCe_grSu6Ne	7	90.0	1	2190.007	2190.307
2190.316	0.900000000000091	trials	115	s115_J210623	coSu6Ne	20		1	2190.616	2190.915
2190.924	0.900000000000091	trials	115	s115_J210623	grCe_grSu3Ne	5	135.0	1	2191.224	2191.523
2195.725	0.900000000000091	trials	115	s115_J210623	coCe	16	270.0	1	2196.025	2196.324
2196.941	0.900000000000091	trials	115	s115_J210623	grCe_grSu1Ne	3	90.0	1	2197.241	2197.541
2201.792	0.900000000000091	trials	115	s115_J210623	grCe_grSu1Ne	3	315.0	1	2202.092	2202.392
2205.526	0.900000000000091	trials	115	s115_J210623	grCe_grSu6CiNe	15	315.0	1	2205.826	2206.125
2206.134	0.900000000000091	trials	115	s115_J210623	grCe_grSu6CiNe_PS	19	0.0	1	2206.434	2206.734
2206.734	0.900000000000091	trials	115	s115_J210623	grCe	1	45.0	1	2207.034	2207.334
2212.31	0.900000000000091	trials	115	s115_J210623	grCe_grSu6CiNe_PS	19	315.0	1	2212.61	2212.91
2212.9179999999997	0.900000000000091	trials	115	s115_J210623	grCe_grSu6CiNe_PS	19	180.0	1	2213.218	2213.518
2218.336	0.900000000000091	trials	115	s115_J210623	grCe_grSu6CiNe	15	225.0	1	2218.636	2218.935
2221.77	0.900000000000091	trials	115	s115_J210623	grCe_grSu6Ne	7	225.0	1	2222.07	2222.369
2231.779	0.900000000000091	trials	115	s115_J210623	grCe_grSu18Fa	11	0.0	1	2232.079	2232.379
2232.3959999999997	0.900000000000091	trials	115	s115_J210623	grCe_grSu12Mi	9	315.0	1	2232.696	2232.996
2233.046	0.900000000000091	trials	115	s115_J210623	grCe_grSu12Mi	9	225.0	1	2233.346	2233.646
2238.113	0.900000000000091	trials	115	s115_J210623	coCe_grSu6Ne	17	90.0	1	2238.413	2238.713
2242.0719999999997	0.900000000000091	trials	115	s115_J210623	grCe_grSu12SmCiNe_PS	21	180.0	1	2242.372	2242.672
2242.681	0.900000000000091	trials	115	s115_J210623	grSu6Ne	6		1	2242.981	2243.28
2243.297	0.900000000000091	trials	115	s115_J210623	grCe_grSu1Ne	3	45.0	1	2243.597	2243.897
2248.365	0.900000000000091	trials	115	s115_J210623	grCe_grSu18Fa	11	45.0	1	2248.665	2248.964
2248.973	0.900000000000091	trials	115	s115_J210623	grCe_grSu6CiNe	15	270.0	1	2249.273	2249.573
2249.573	0.900000000000091	trials	115	s115_J210623	grCe	1	0.0	1	2249.873	2250.173
2254.6569999999997	0.900000000000091	trials	115	s115_J210623	grCe	1	135.0	1	2254.957	2255.257
2255.274	0.900000000000091	trials	115	s115_J210623	grCe_grSu12Mi	9	45.0	1	2255.574	2255.873
2255.8819999999996	0.900000000000091	trials	115	s115_J210623	grCe_grSu6CiNe	15	135.0	1	2256.182	2256.482
2261.1749999999997	0.900000000000091	trials	115	s115_J210623	grCe_grSu6CiNe	15	180.0	1	2261.475	2261.774
2261.783	0.900000000000091	trials	115	s115_J210623	coCe_grSu6Ne	17	315.0	1	2262.083	2262.383
2262.4249999999997	0.900000000000091	trials	115	s115_J210623	grCe	1	90.0	1	2262.725	2263.024
2267.3759999999997	0.900000000000091	trials	115	s115_J210623	grCe_grSu1Ne	3	225.0	1	2267.676	2267.975
2267.9759999999997	0.900000000000091	trials	115	s115_J210623	grCe	1	180.0	1	2268.276	2268.575
2268.584	0.900000000000091	trials	115	s115_J210623	grCe_grSu12SmCiNe	13	90.0	1	2268.884	2269.184
2273.835	0.900000000000091	trials	115	s115_J210623	grCe_grSu6Ne_PS	18	180.0	1	2274.135	2274.434
2274.4429999999998	0.900000000000091	trials	115	s115_J210623	grCe_grSu12SmCiNe_PS	21	315.0	1	2274.743	2275.043
2275.051	0.900000000000091	trials	115	s115_J210623	coCe_grSu6Ne	17	45.0	1	2275.351	2275.651
2280.152	0.900000000000091	trials	115	s115_J210623	grCe_grSu1Ne	3	135.0	1	2280.452	2280.752
2280.761	0.900000000000091	trials	115	s115_J210623	grCe_grSu3Ne	5	270.0	1	2281.061	2281.36
2281.3689999999997	0.900000000000091	trials	115	s115_J210623	grCe_grSu6Ne_PS	18	45.0	1	2281.669	2281.969
2286.403	0.900000000000091	trials	115	s115_J210623	grCe_grSu12Mi	9	180.0	1	2286.703	2287.002
2287.011	0.900000000000091	trials	115	s115_J210623	grCe_grSu6CiNe_PS	19	45.0	1	2287.311	2287.611
2292.6119999999996	0.900000000000091	trials	115	s115_J210623	grCe_grSu12Mi	9	135.0	1	2292.912	2293.212
2293.221	0.900000000000091	trials	115	s115_J210623	grCe_grSu1Ne	3	270.0	1	2293.521	2293.82
2293.8289999999997	0.900000000000091	trials	115	s115_J210623	coCe_grSu6Ne	17	225.0	1	2294.129	2294.428
2299.355	0.900000000000091	trials	115	s115_J210623	coCe	16	315.0	1	2299.655	2299.954
2299.9629999999997	0.900000000000091	trials	115	s115_J210623	grCe_grSu6CiNe	15	45.0	1	2300.263	2300.563
2305.022	0.900000000000091	trials	115	s115_J210623	coCe	16	0.0	1	2305.322	2305.622
2306.239	0.900000000000091	trials	115	s115_J210623	coCe_grSu6Ne	17	270.0	1	2306.539	2306.838
2315.548	0.900000000000091	trials	115	s115_J210623	grCe	1	315.0	1	2315.848	2316.148
2316.1569999999997	0.900000000000091	trials	115	s115_J210623	grCe_grSu12SmCiNe	13	225.0	1	2316.457	2316.756
2319.707	0.900000000000091	trials	115	s115_J210623	grCe_grSu6Ne	7	270.0	1	2320.007	2320.307
2320.316	0.900000000000091	trials	115	s115_J210623	grSu3Ne	4		1	2320.616	2320.915
2320.9159999999997	0.900000000000091	trials	115	s115_J210623	grCe	1	270.0	1	2321.216	2321.515
2325.966	0.900000000000091	trials	115	s115_J210623	grCe_grSu6Ne	7	45.0	1	2326.266	2326.566
2326.625	0.900000000000091	trials	115	s115_J210623	grCe_grSu18Fa	11	315.0	1	2326.925	2327.224
2327.2329999999997	0.900000000000091	trials	115	s115_J210623	grCe_grSu3Ne	5	315.0	1	2327.533	2327.833
2332.192	0.900000000000091	trials	115	s115_J210623	grCe_grSu6Ne	7	315.0	1	2332.492	2332.792
2332.801	0.900000000000091	trials	115	s115_J210623	grCe_grSu12SmCiNe	13	135.0	1	2333.101	2333.4
2338.4759999999997	0.900000000000091	trials	115	s115_J210623	grCe_grSu6CiNe_PS	19	225.0	1	2338.776	2339.076
2347.894	0.900000000000091	trials	115	s115_J210623	grCe_grSu6Ne_PS	18	270.0	5	2348.194	2348.494
2348.4939999999997	0.900000000000091	trials	115	s115_J210623	grCe	1	225.0	5	2348.794	2349.094
2349.1029999999996	0.900000000000091	trials	115	s115_J210623	grCe_grSu12SmCiNe_PS	21	90.0	5	2349.403	2349.702
2354.1699999999996	0.900000000000091	trials	115	s115_J210623	grCe_grSu6CiNe_PS	19	315.0	5	2354.47	2354.77
2354.8039999999996	0.900000000000091	trials	115	s115_J210623	grCe_grSu6CiNe	15	45.0	5	2355.104	2355.403
2355.437	0.900000000000091	trials	115	s115_J210623	grCe_grSu6CiNe_PS	19	180.0	5	2355.737	2356.036
2363.7129999999997	0.900000000000091	trials	115	s115_J210623	grCe_grSu18Fa	11	270.0	5	2364.013	2364.313
2364.93	0.900000000000091	trials	115	s115_J210623	grCe_grSu6Ne	7	45.0	5	2365.23	2365.529
2370.105	0.900000000000091	trials	115	s115_J210623	grCe_grSu1Ne	3	0.0	5	2370.405	2370.705
2370.714	0.900000000000091	trials	115	s115_J210623	grSu12SmCiNe	12		5	2371.014	2371.313
2371.3469999999998	0.900000000000091	trials	115	s115_J210623	grCe_grSu1Ne	3	135.0	5	2371.647	2371.947
2376.3729999999996	0.900000000000091	trials	115	s115_J210623	coCe_grSu6Ne	17	0.0	5	2376.673	2376.972
2376.973	0.900000000000091	trials	115	s115_J210623	coCe	16	90.0	5	2377.273	2377.573
2377.615	0.900000000000091	trials	115	s115_J210623	grCe_grSu6Ne	7	225.0	5	2377.915	2378.214
2382.582	0.900000000000091	trials	115	s115_J210623	grCe_grSu6CiNe_PS	19	225.0	5	2382.882	2383.182
2386.549	0.900000000000091	trials	115	s115_J210623	grCe_grSu6Ne_PS	18	0.0	5	2386.849	2387.149
2387.7659999999996	0.900000000000091	trials	115	s115_J210623	grCe_grSu3Ne	5	135.0	5	2388.066	2388.366
2392.75	0.900000000000091	trials	115	s115_J210623	grCe_grSu3Ne	5	225.0	5	2393.05	2393.35
2393.359	0.900000000000091	trials	115	s115_J210623	coCe_grSu6Ne	17	315.0	5	2393.659	2393.958
2398.718	0.900000000000091	trials	115	s115_J210623	grCe_grSu3Ne	5	0.0	5	2399.018	2399.317
2399.326	0.900000000000091	trials	115	s115_J210623	grSu1Ne	2		5	2399.626	2399.925
2399.9339999999997	0.900000000000091	trials	115	s115_J210623	grCe_grSu12SmCiNe	13	180.0	5	2400.234	2400.534
2404.977	0.900000000000091	trials	115	s115_J210623	grCe_grSu18Fa	11	90.0	5	2405.277	2405.576
2405.602	0.900000000000091	trials	115	s115_J210623	grCe_grSu18Fa	11	315.0	5	2405.902	2406.201
2406.2189999999996	0.900000000000091	trials	115	s115_J210623	grCe_grSu6CiNe	15	315.0	5	2406.519	2406.818
2411.019	0.900000000000091	trials	115	s115_J210623	coCe_grSu6Ne	17	225.0	5	2411.319	2411.619
2411.6189999999997	0.900000000000091	trials	115	s115_J210623	coCe	16	225.0	5	2411.919	2412.219
2417.437	0.900000000000091	trials	115	s115_J210623	grCe_grSu18Fa	11	0.0	5	2417.737	2418.036
2418.0449999999996	0.900000000000091	trials	115	s115_J210623	grCe_grSu12SmCiNe_PS	21	0.0	5	2418.345	2418.645
2423.729	0.900000000000091	trials	115	s115_J210623	grCe_grSu6CiNe	15	180.0	5	2424.029	2424.329
2424.3379999999997	0.900000000000091	trials	115	s115_J210623	grCe_grSu6CiNe	15	225.0	5	2424.638	2424.937
2424.9539999999997	0.900000000000091	trials	115	s115_J210623	grCe_grSu12Mi	9	90.0	5	2425.254	2425.554
2430.013	0.900000000000091	trials	115	s115_J210623	grCe_grSu6Ne	7	90.0	5	2430.313	2430.613
2430.613	0.900000000000091	trials	115	s115_J210623	grCe	1	90.0	5	2430.913	2431.213
2437.964	0.900000000000091	trials	115	s115_J210623	grCe_grSu3Ne	5	90.0	5	2438.264	2438.564
2441.631	0.900000000000091	trials	115	s115_J210623	grCe_grSu6Ne	7	180.0	5	2441.931	2442.231
2442.24	0.900000000000091	trials	115	s115_J210623	grCe_grSu12SmCiNe_PS	21	225.0	5	2442.54	2442.839
2446.024	0.900000000000091	trials	115	s115_J210623	grCe_grSu1Ne	3	90.0	5	2446.324	2446.623
2446.6319999999996	0.900000000000091	trials	115	s115_J210623	grCe_grSu1Ne	3	180.0	5	2446.932	2447.232
2452.3579999999997	0.900000000000091	trials	115	s115_J210623	grCe_grSu6Ne_PS	18	135.0	5	2452.658	2452.957
2452.966	0.900000000000091	trials	115	s115_J210623	grCe_grSu12SmCiNe_PS	21	45.0	5	2453.266	2453.566
2457.792	0.900000000000091	trials	115	s115_J210623	grSu3Ne	4		5	2458.092	2458.391
2463.368	0.900000000000091	trials	115	s115_J210623	grCe_grSu6CiNe_PS	19	135.0	5	2463.668	2463.967
2463.9759999999997	0.900000000000091	trials	115	s115_J210623	grCe_grSu6CiNe	15	0.0	5	2464.276	2464.576
2468.9849999999997	0.900000000000091	trials	115	s115_J210623	grCe_grSu1Ne	3	270.0	5	2469.285	2469.585
2469.602	0.900000000000091	trials	115	s115_J210623	grSu12Mi	8		5	2469.902	2470.201
2470.21	0.900000000000091	trials	115	s115_J210623	grCe_grSu12SmCiNe	13	225.0	5	2470.51	2470.81
2475.486	0.900000000000091	trials	115	s115_J210623	coCe	16	270.0	5	2475.786	2476.085
2476.111	0.900000000000091	trials	115	s115_J210623	grCe_grSu6Ne	7	135.0	5	2476.411	2476.71
2476.7859999999996	0.900000000000091	trials	115	s115_J210623	NoStim	0		5	2477.086	2477.386
2481.745	0.900000000000091	trials	115	s115_J210623	grCe_grSu12Mi	9	225.0	5	2482.045	2482.344
2482.3529999999996	0.900000000000091	trials	115	s115_J210623	grCe_grSu12SmCiNe	13	90.0	5	2482.653	2482.953
2482.962	0.900000000000091	trials	115	s115_J210623	coCe_grSu6Ne	17	45.0	5	2483.262	2483.561
2488.629	0.900000000000091	trials	115	s115_J210623	grCe_grSu12SmCiNe	13	315.0	5	2488.929	2489.229
2489.238	0.900000000000091	trials	115	s115_J210623	coCe_grSu6Ne	17	135.0	5	2489.538	2489.837
2494.272	0.900000000000091	trials	115	s115_J210623	grCe_grSu18Fa	11	135.0	5	2494.572	2494.871
2494.8799999999997	0.900000000000091	trials	115	s115_J210623	coCe_grSu6Ne	17	90.0	5	2495.18	2495.48
2495.488	0.900000000000091	trials	115	s115_J210623	grCe_grSu6CiNe_PS	19	45.0	5	2495.788	2496.088
2500.656	0.900000000000091	trials	115	s115_J210623	grCe_grSu12Mi	9	45.0	5	2500.956	2501.255
2506.8729999999996	0.900000000000091	trials	115	s115_J210623	grCe_grSu6Ne	7	270.0	5	2507.173	2507.473
2507.473	0.900000000000091	trials	115	s115_J210623	coCe	16	135.0	5	2507.773	2508.073
2508.073	0.900000000000091	trials	115	s115_J210623	coCe	16	45.0	5	2508.373	2508.673
2513.1409999999996	0.900000000000091	trials	115	s115_J210623	grCe_grSu6CiNe	15	270.0	5	2513.441	2513.74
2513.741	0.900000000000091	trials	115	s115_J210623	grCe	1	180.0	5	2514.041	2514.34
2523.3669999999997	0.900000000000091	trials	115	s115_J210623	grCe_grSu12Mi	9	315.0	5	2523.667	2523.967
2523.975	0.900000000000091	trials	115	s115_J210623	grCe_grSu12SmCiNe	13	0.0	5	2524.275	2524.575
2524.584	0.900000000000091	trials	115	s115_J210623	grCe_grSu3Ne	5	45.0	5	2524.884	2525.183
2530.218	0.900000000000091	trials	115	s115_J210623	grCe_grSu6Ne_PS	18	315.0	5	2530.518	2530.817
2530.826	0.900000000000091	trials	115	s115_J210623	grCe_grSu12SmCiNe	13	45.0	5	2531.126	2531.426
2536.4689999999996	0.900000000000091	trials	115	s115_J210623	grCe_grSu18Fa	11	180.0	5	2536.769	2537.068
2537.0769999999998	0.900000000000091	trials	115	s115_J210623	grCe_grSu12SmCiNe_PS	21	270.0	5	2537.377	2537.677
2542.394	0.900000000000091	trials	115	s115_J210623	grCe_grSu6Ne_PS	18	180.0	5	2542.694	2542.994
2550.0539999999996	0.900000000000091	trials	115	s115_J210623	grCe_grSu1Ne	3	225.0	5	2550.354	2550.653
2550.654	0.900000000000091	trials	115	s115_J210623	coCe	16	0.0	5	2550.954	2551.253
2551.2619999999997	0.900000000000091	trials	115	s115_J210623	grCe_grSu3Ne	5	180.0	5	2551.562	2551.862
2556.238	0.900000000000091	trials	115	s115_J210623	grCe_grSu3Ne	5	315.0	5	2556.538	2556.837
2556.846	0.900000000000091	trials	115	s115_J210623	grSu6Ne	6		5	2557.146	2557.446
2557.455	0.900000000000091	trials	115	s115_J210623	grCe_grSu12SmCiNe	13	270.0	5	2557.755	2558.054
2562.4469999999997	0.900000000000091	trials	115	s115_J210623	grCe_grSu12SmCiNe_PS	21	180.0	5	2562.747	2563.047
2563.064	0.900000000000091	trials	115	s115_J210623	grCe_grSu12Mi	9	0.0	5	2563.364	2563.663
2563.672	0.900000000000091	trials	115	s115_J210623	grCe_grSu12SmCiNe_PS	21	315.0	5	2563.972	2564.272
2568.865	0.900000000000091	trials	115	s115_J210623	grCe_grSu6CiNe_PS	19	0.0	5	2569.165	2569.464
2569.49	0.900000000000091	trials	115	s115_J210623	grCe_grSu18Fa	11	45.0	5	2569.79	2570.089
2570.098	0.900000000000091	trials	115	s115_J210623	coSu6Ne	20		5	2570.398	2570.698
2574.899	0.900000000000091	trials	115	s115_J210623	grCe_grSu6CiNe_PS	19	270.0	5	2575.199	2575.498
2575.5069999999996	0.900000000000091	trials	115	s115_J210623	grSu6CiNe	14		5	2575.807	2576.107
2581.866	0.900000000000091	trials	115	s115_J210623	grSu18Fa	10		5	2582.166	2582.466
2582.475	0.900000000000091	trials	115	s115_J210623	grCe_grSu12SmCiNe	13	135.0	5	2582.775	2583.074
2596.993	0.900000000000091	trials	115	s115_J210623	grCe_grSu12Mi	9	180.0	5	2597.293	2597.593
2597.602	0.900000000000091	trials	115	s115_J210623	coCe_grSu6Ne	17	270.0	5	2597.902	2598.201
2598.21	0.900000000000091	trials	115	s115_J210623	grCe_grSu6CiNe	15	90.0	5	2598.51	2598.81
2603.8109999999997	0.900000000000091	trials	115	s115_J210623	grCe_grSu12Mi	9	270.0	5	2604.111	2604.41
2612.662	0.900000000000091	trials	115	s115_J210623	grCe_grSu1Ne	3	45.0	5	2612.962	2613.261
2613.27	0.900000000000091	trials	115	s115_J210623	grCe_grSu6Ne_PS	18	225.0	5	2613.57	2613.87
2621.796	0.900000000000091	trials	115	s115_J210623	coCe	16	180.0	5	2622.096	2622.396
2623.013	0.900000000000091	trials	115	s115_J210623	grCe_grSu6CiNe_PS	19	90.0	5	2623.313	2623.613
2628.189	0.900000000000091	trials	115	s115_J210623	grCe_grSu12Mi	9	135.0	5	2628.489	2628.788
2628.7889999999998	0.900000000000091	trials	115	s115_J210623	grCe	1	0.0	5	2629.089	2629.389
2629.397	0.900000000000091	trials	115	s115_J210623	grCe_grSu12SmCiNe_PS	21	135.0	5	2629.697	2629.997
2634.4809999999998	0.900000000000091	trials	115	s115_J210623	coCe_grSu6Ne	17	180.0	5	2634.781	2635.081
2635.115	0.900000000000091	trials	115	s115_J210623	grCe_grSu6CiNe	15	135.0	5	2635.415	2635.714
2635.723	0.900000000000091	trials	115	s115_J210623	grCe_grSu6Ne	7	315.0	5	2636.023	2636.323
2640.999	0.900000000000091	trials	115	s115_J210623	grCe	1	135.0	5	2641.299	2641.598
2641.607	0.900000000000091	trials	115	s115_J210623	grCe_grSu3Ne	5	270.0	5	2641.907	2642.207
2642.216	0.900000000000091	trials	115	s115_J210623	grCe_grSu6Ne_PS	18	45.0	5	2642.516	2642.815
2647.241	0.900000000000091	trials	115	s115_J210623	grCe_grSu1Ne	3	315.0	5	2647.541	2647.841
2647.8419999999996	0.900000000000091	trials	115	s115_J210623	grCe	1	45.0	5	2648.142	2648.441
2648.45	0.900000000000091	trials	115	s115_J210623	grCe_grSu6Ne_PS	18	90.0	5	2648.75	2649.049
2654.0339999999997	0.900000000000091	trials	115	s115_J210623	grCe	1	315.0	5	2654.334	2654.634
2654.642	0.900000000000091	trials	115	s115_J210623	grCe	1	270.0	5	2654.942	2655.242
2655.267	0.900000000000091	trials	115	s115_J210623	coCe	16	315.0	5	2655.567	2655.867
2661.018	0.900000000000091	trials	115	s115_J210623	grCe_grSu6Ne	7	0.0	5	2661.318	2661.618
2661.643	0.900000000000091	trials	115	s115_J210623	grCe_grSu18Fa	11	225.0	5	2661.943	2662.243
2667.227	0.900000000000091	trials	115	s115_J210623	grCe_grSu6CiNe	15	270.0	8	2667.527	2667.827
2667.8439999999996	0.900000000000091	trials	115	s115_J210623	grCe_grSu12Mi	9	90.0	8	2668.144	2668.444
2672.8529999999996	0.900000000000091	trials	115	s115_J210623	grCe_grSu6CiNe_PS	19	0.0	8	2673.153	2673.453
2674.095	0.900000000000091	trials	115	s115_J210623	grCe_grSu3Ne	5	315.0	8	2674.395	2674.694
2679.196	0.900000000000091	trials	115	s115_J210623	grCe_grSu6Ne	7	135.0	8	2679.496	2679.795
2679.8039999999996	0.900000000000091	trials	115	s115_J210623	grCe_grSu3Ne	5	180.0	8	2680.104	2680.404
2680.412	0.900000000000091	trials	115	s115_J210623	grCe_grSu1Ne	3	45.0	8	2680.712	2681.012
2685.18	0.900000000000091	trials	115	s115_J210623	grSu1Ne	2		8	2685.48	2685.779
2685.796	0.900000000000091	trials	115	s115_J210623	grCe_grSu12Mi	9	270.0	8	2686.096	2686.396
2686.4049999999997	0.900000000000091	trials	115	s115_J210623	grCe_grSu6CiNe	15	45.0	8	2686.705	2687.004
2691.3469999999998	0.900000000000091	trials	115	s115_J210623	grCe_grSu12SmCiNe_PS	21	270.0	8	2691.647	2691.947
2691.9559999999997	0.900000000000091	trials	115	s115_J210623	grCe_grSu6CiNe_PS	19	90.0	8	2692.256	2692.555
2692.564	0.900000000000091	trials	115	s115_J210623	grCe_grSu12SmCiNe	13	270.0	8	2692.864	2693.163
2697.49	0.900000000000091	trials	115	s115_J210623	grCe_grSu12Mi	9	0.0	8	2697.79	2698.089
2698.098	0.900000000000091	trials	115	s115_J210623	grCe_grSu6CiNe	15	135.0	8	2698.398	2698.698
2698.7059999999997	0.900000000000091	trials	115	s115_J210623	grCe_grSu6Ne_PS	18	270.0	8	2699.006	2699.306
2703.549	0.900000000000091	trials	115	s115_J210623	grCe_grSu6Ne	7	225.0	8	2703.849	2704.148
2704.149	0.900000000000091	trials	115	s115_J210623	grCe	1	0.0	8	2704.449	2704.748
2704.749	0.900000000000091	trials	115	s115_J210623	grCe	1	45.0	8	2705.049	2705.348
2709.8329999999996	0.900000000000091	trials	115	s115_J210623	grCe_grSu6Ne	7	90.0	8	2710.133	2710.432
2710.441	0.900000000000091	trials	115	s115_J210623	coSu6Ne	20		8	2710.741	2711.041
2723.1099999999997	0.900000000000091	trials	115	s115_J210623	grCe_grSu6Ne_PS	18	135.0	8	2723.41	2723.709
2723.718	0.900000000000091	trials	115	s115_J210623	grSu12SmCiNe	12		8	2724.018	2724.318
2728.7439999999997	0.900000000000091	trials	115	s115_J210623	grCe_grSu1Ne	3	270.0	8	2729.044	2729.343
2729.9939999999997	0.900000000000091	trials	115	s115_J210623	grCe_grSu12SmCiNe_PS	21	135.0	8	2730.294	2730.593
2735.028	0.900000000000091	trials	115	s115_J210623	coCe	16	90.0	8	2735.328	2735.627
2735.636	0.900000000000091	trials	115	s115_J210623	grCe_grSu1Ne	3	0.0	8	2735.936	2736.236
2736.261	0.900000000000091	trials	115	s115_J210623	grCe_grSu18Fa	11	180.0	8	2736.561	2736.861
2741.1949999999997	0.900000000000091	trials	115	s115_J210623	grCe_grSu6Ne_PS	18	90.0	8	2741.495	2741.795
2741.8039999999996	0.900000000000091	trials	115	s115_J210623	grCe_grSu12SmCiNe	13	225.0	8	2742.104	2742.403
2742.412	0.900000000000091	trials	115	s115_J210623	grCe_grSu6Ne_PS	18	45.0	8	2742.712	2743.012
2750.596	0.900000000000091	trials	115	s115_J210623	grCe_grSu12SmCiNe	13	90.0	8	2750.896	2751.196
2751.8129999999996	0.900000000000091	trials	115	s115_J210623	grCe_grSu3Ne	5	45.0	8	2752.113	2752.413
2756.8219999999997	0.900000000000091	trials	115	s115_J210623	grCe_grSu3Ne	5	90.0	8	2757.122	2757.422
2757.422	0.900000000000091	trials	115	s115_J210623	grCe	1	90.0	8	2757.722	2758.022
2758.047	0.900000000000091	trials	115	s115_J210623	grCe_grSu18Fa	11	315.0	8	2758.347	2758.647
2763.3149999999996	0.900000000000091	trials	115	s115_J210623	grCe_grSu3Ne	5	270.0	8	2763.615	2763.914
2763.923	0.900000000000091	trials	115	s115_J210623	grCe_grSu6Ne	7	315.0	8	2764.223	2764.523
2764.548	0.900000000000091	trials	115	s115_J210623	grCe_grSu18Fa	11	90.0	8	2764.848	2765.148
2769.341	0.900000000000091	trials	115	s115_J210623	grCe_grSu6CiNe	15	225.0	8	2769.641	2769.94
2769.9489999999996	0.900000000000091	trials	115	s115_J210623	grCe_grSu6Ne_PS	18	315.0	8	2770.249	2770.549
2770.549	0.900000000000091	trials	115	s115_J210623	coCe	16	180.0	8	2770.849	2771.149
2775.991	0.900000000000091	trials	115	s115_J210623	grCe_grSu12SmCiNe_PS	21	180.0	8	2776.291	2776.591
2776.6	0.900000000000091	trials	115	s115_J210623	coCe_grSu6Ne	17	225.0	8	2776.9	2777.199
2781.567	0.900000000000091	trials	115	s115_J210623	grSu18Fa	10		8	2781.867	2782.167
2785.634	0.900000000000091	trials	115	s115_J210623	grCe_grSu6CiNe_PS	19	135.0	8	2785.934	2786.234
2786.243	0.900000000000091	trials	115	s115_J210623	grCe_grSu6Ne_PS	18	225.0	8	2786.543	2786.842
2786.8509999999997	0.900000000000091	trials	115	s115_J210623	grCe_grSu1Ne	3	180.0	8	2787.151	2787.451
2792.1769999999997	0.900000000000091	trials	115	s115_J210623	coCe	16	45.0	8	2792.477	2792.776
2792.777	0.900000000000091	trials	115	s115_J210623	coCe	16	315.0	8	2793.077	2793.376
2793.3849999999998	0.900000000000091	trials	115	s115_J210623	grCe_grSu6CiNe_PS	19	315.0	8	2793.685	2793.985
2810.379	0.900000000000091	trials	115	s115_J210623	grCe_grSu18Fa	11	45.0	8	2810.679	2810.979
2811.004	0.900000000000091	trials	115	s115_J210623	NoStim	0		8	2811.304	2811.604
2816.488	0.900000000000091	trials	115	s115_J210623	grCe_grSu12SmCiNe	13	315.0	8	2816.788	2817.088
2817.0969999999998	0.900000000000091	trials	115	s115_J210623	grCe_grSu6Ne	7	45.0	8	2817.397	2817.696
2822.0809999999997	0.900000000000091	trials	115	s115_J210623	grCe_grSu12SmCiNe	13	45.0	8	2822.381	2822.68
2822.689	0.900000000000091	trials	115	s115_J210623	grCe_grSu12SmCiNe	13	135.0	8	2822.989	2823.289
2828.298	0.900000000000091	trials	115	s115_J210623	grCe_grSu12SmCiNe_PS	21	315.0	8	2828.598	2828.898
2828.9069999999997	0.900000000000091	trials	115	s115_J210623	coCe_grSu6Ne	17	180.0	8	2829.207	2829.506
2829.515	0.900000000000091	trials	115	s115_J210623	grCe_grSu6Ne_PS	18	0.0	8	2829.815	2830.115
2834.482	0.900000000000091	trials	115	s115_J210623	grCe_grSu1Ne	3	135.0	8	2834.782	2835.082
2835.091	0.900000000000091	trials	115	s115_J210623	grCe_grSu12SmCiNe	13	180.0	8	2835.391	2835.69
2840.933	0.900000000000091	trials	115	s115_J210623	grCe_grSu6CiNe	15	90.0	8	2841.233	2841.533
2841.542	0.900000000000091	trials	115	s115_J210623	grCe_grSu1Ne	3	90.0	8	2841.842	2842.141
2842.142	0.900000000000091	trials	115	s115_J210623	grCe	1	135.0	8	2842.442	2842.741
2847.1259999999997	0.900000000000091	trials	115	s115_J210623	grCe_grSu12Mi	9	45.0	8	2847.426	2847.725
2847.734	0.900000000000091	trials	115	s115_J210623	grCe_grSu6Ne	7	0.0	8	2848.034	2848.334
2848.3509999999997	0.900000000000091	trials	115	s115_J210623	grCe_grSu6CiNe_PS	19	270.0	8	2848.651	2848.95
2853.977	0.900000000000091	trials	115	s115_J210623	grCe_grSu3Ne	5	135.0	8	2854.277	2854.576
2854.585	0.900000000000091	trials	115	s115_J210623	grCe_grSu6CiNe_PS	19	225.0	8	2854.885	2855.185
2859.602	0.900000000000091	trials	115	s115_J210623	grCe_grSu12SmCiNe_PS	21	0.0	8	2859.902	2860.202
2860.836	0.900000000000091	trials	115	s115_J210623	grCe_grSu18Fa	11	135.0	8	2861.136	2861.435
2869.3289999999997	0.900000000000091	trials	115	s115_J210623	grCe_grSu1Ne	3	225.0	8	2869.629	2869.928
2869.9539999999997	0.900000000000091	trials	115	s115_J210623	grSu6CiNe	14		8	2870.254	2870.553
2870.562	0.900000000000091	trials	115	s115_J210623	grCe_grSu12SmCiNe_PS	21	45.0	8	2870.862	2871.162
2875.4539999999997	0.900000000000091	trials	115	s115_J210623	coCe	16	0.0	8	2875.754	2876.054
2876.0629999999996	0.900000000000091	trials	115	s115_J210623	grCe_grSu3Ne	5	0.0	8	2876.363	2876.662
2880.2799999999997	0.900000000000091	trials	115	s115_J210623	grCe_grSu12SmCiNe	13	0.0	8	2880.58	2880.879
2880.8799999999997	0.900000000000091	trials	115	s115_J210623	coCe	16	225.0	8	2881.18	2881.48
2885.9469999999997	0.900000000000091	trials	115	s115_J210623	grCe_grSu18Fa	11	225.0	8	2886.247	2886.547
2886.556	0.900000000000091	trials	115	s115_J210623	grCe_grSu6CiNe_PS	19	180.0	8	2886.856	2887.155
2891.973	0.900000000000091	trials	115	s115_J210623	grCe_grSu6CiNe	15	180.0	8	2892.273	2892.573
2892.582	0.900000000000091	trials	115	s115_J210623	grSu3Ne	4		8	2892.882	2893.181
2902.0989999999997	0.900000000000091	trials	115	s115_J210623	coCe_grSu6Ne	17	90.0	8	2902.399	2902.699
2905.7079999999996	0.900000000000091	trials	115	s115_J210623	coCe_grSu6Ne	17	45.0	8	2906.008	2906.308
2906.317	0.900000000000091	trials	115	s115_J210623	grCe_grSu6Ne_PS	18	180.0	8	2906.617	2906.916
2906.9249999999997	0.900000000000091	trials	115	s115_J210623	grCe_grSu1Ne	3	315.0	8	2907.225	2907.525
2915.8759999999997	0.900000000000091	trials	115	s115_J210623	grCe_grSu3Ne	5	225.0	8	2916.176	2916.476
2916.4759999999997	0.900000000000091	trials	115	s115_J210623	coCe	16	135.0	8	2916.776	2917.076
2921.519	0.900000000000091	trials	115	s115_J210623	grCe_grSu12Mi	9	225.0	8	2921.819	2922.118
2922.127	0.900000000000091	trials	115	s115_J210623	coCe_grSu6Ne	17	0.0	8	2922.427	2922.727
2930.5699999999997	0.900000000000091	trials	115	s115_J210623	grCe_grSu12Mi	9	135.0	8	2930.87	2931.169
2931.22	0.900000000000091	trials	115	s115_J210623	grCe_grSu12Mi	9	315.0	8	2931.52	2931.819
2931.828	0.900000000000091	trials	115	s115_J210623	grSu6Ne	6		8	2932.128	2932.428
2936.721	0.900000000000091	trials	115	s115_J210623	coCe_grSu6Ne	17	135.0	8	2937.021	2937.32
2937.3289999999997	0.900000000000091	trials	115	s115_J210623	grCe_grSu6Ne	7	270.0	8	2937.629	2937.929
2937.937	0.900000000000091	trials	115	s115_J210623	grCe_grSu12SmCiNe_PS	21	90.0	8	2938.237	2938.537
2946.0719999999997	0.900000000000091	trials	115	s115_J210623	grCe_grSu6CiNe	15	315.0	8	2946.372	2946.671
2946.6969999999997	0.900000000000091	trials	115	s115_J210623	grCe_grSu18Fa	11	270.0	8	2946.997	2947.296
2947.305	0.900000000000091	trials	115	s115_J210623	grCe_grSu6CiNe_PS	19	45.0	8	2947.605	2947.905
2952.3979999999997	0.900000000000091	trials	115	s115_J210623	coCe_grSu6Ne	17	270.0	8	2952.698	2952.997
2953.614	0.900000000000091	trials	115	s115_J210623	grSu12Mi	8		8	2953.914	2954.214
2962.857	0.900000000000091	trials	115	s115_J210623	grCe_grSu12Mi	9	180.0	8	2963.157	2963.457
2963.5069999999996	0.900000000000091	trials	115	s115_J210623	coCe_grSu6Ne	17	315.0	8	2963.807	2964.107
2964.116	0.900000000000091	trials	115	s115_J210623	grCe_grSu6Ne	7	180.0	8	2964.416	2964.715
2969.158	0.900000000000091	trials	115	s115_J210623	grCe	1	270.0	8	2969.458	2969.758
2969.758	0.900000000000091	trials	115	s115_J210623	grCe	1	315.0	8	2970.058	2970.358
2970.383	0.900000000000091	trials	115	s115_J210623	grCe_grSu18Fa	11	0.0	8	2970.683	2970.983
2975.4339999999997	0.900000000000091	trials	115	s115_J210623	grCe	1	225.0	8	2975.734	2976.034
2976.1589999999997	0.900000000000091	trials	115	s115_J210623	grCe_grSu12SmCiNe_PS	21	225.0	8	2976.459	2976.759
2976.767	0.900000000000091	trials	115	s115_J210623	grCe_grSu6CiNe	15	0.0	8	2977.067	2977.367
2981.6929999999998	0.900000000000091	trials	115	s115_J210623	grCe	1	180.0	8	2981.993	2982.293
2982.96	0.900000000000091	trials	115	s115_J210623	coCe	16	270.0	8	2983.26	2983.559
2987.894	0.900000000000091	trials	115	s115_J210623	grCe_grSu6CiNe_PS	19	0.0	9	2988.194	2988.493
2988.502	0.900000000000091	trials	115	s115_J210623	grCe_grSu6Ne_PS	18	315.0	9	2988.802	2989.102
2989.1189999999997	0.900000000000091	trials	115	s115_J210623	grSu18Fa	10		9	2989.419	2989.719
2993.895	0.900000000000091	trials	115	s115_J210623	grCe	1	270.0	9	2994.195	2994.494
2994.5029999999997	0.900000000000091	trials	115	s115_J210623	grCe_grSu6Ne_PS	18	180.0	9	2994.803	2995.103
3000.062	0.900000000000091	trials	115	s115_J210623	grCe	1	315.0	9	3000.362	3000.662
3003.354	0.900000000000091	trials	115	s115_J210623	grCe_grSu6Ne	7	225.0	9	3003.654	3003.954
3003.9629999999997	0.900000000000091	trials	115	s115_J210623	grCe_grSu12SmCiNe	13	0.0	9	3004.263	3004.562
3004.571	0.900000000000091	trials	115	s115_J210623	grCe_grSu6CiNe	15	0.0	9	3004.871	3005.171
3016.323	0.900000000000091	trials	115	s115_J210623	grCe_grSu18Fa	11	0.0	9	3016.623	3016.922
3016.931	0.900000000000091	trials	115	s115_J210623	grCe_grSu6CiNe_PS	19	180.0	9	3017.231	3017.531
3021.982	0.900000000000091	trials	115	s115_J210623	grCe_grSu18Fa	11	225.0	9	3022.282	3022.581
3023.2239999999997	0.900000000000091	trials	115	s115_J210623	grCe	1	225.0	9	3023.524	3023.823
3028.191	0.900000000000091	trials	115	s115_J210623	grCe_grSu12SmCiNe_PS	21	180.0	9	3028.491	3028.79
3028.799	0.900000000000091	trials	115	s115_J210623	grCe_grSu6CiNe_PS	19	225.0	9	3029.099	3029.399
3034.9829999999997	0.900000000000091	trials	115	s115_J210623	grCe_grSu12Mi	9	0.0	9	3035.283	3035.583
3035.5919999999996	0.900000000000091	trials	115	s115_J210623	grCe_grSu1Ne	3	0.0	9	3035.892	3036.191
3040.5339999999997	0.900000000000091	trials	115	s115_J210623	coCe	16	180.0	9	3040.834	3041.134
3041.142	0.900000000000091	trials	115	s115_J210623	grCe_grSu6Ne	7	0.0	9	3041.442	3041.742
3041.7509999999997	0.900000000000091	trials	115	s115_J210623	grCe_grSu6Ne_PS	18	0.0	9	3042.051	3042.35
3046.768	0.900000000000091	trials	115	s115_J210623	grCe_grSu3Ne	5	0.0	9	3047.068	3047.368
3048.018	0.900000000000091	trials	115	s115_J210623	grCe_grSu1Ne	3	315.0	9	3048.318	3048.618
3053.0769999999998	0.900000000000091	trials	115	s115_J210623	grCe_grSu3Ne	5	45.0	9	3053.377	3053.677
3053.694	0.900000000000091	trials	115	s115_J210623	grCe_grSu12Mi	9	90.0	9	3053.994	3054.294
3054.3109999999997	0.900000000000091	trials	115	s115_J210623	grCe_grSu12Mi	9	315.0	9	3054.611	3054.91
3062.8619999999996	0.900000000000091	trials	115	s115_J210623	grCe_grSu18Fa	11	90.0	9	3063.162	3063.462
3063.47	0.900000000000091	trials	115	s115_J210623	grCe_grSu3Ne	5	315.0	9	3063.77	3064.07
3069.004	0.900000000000091	trials	115	s115_J210623	coCe	16	225.0	9	3069.304	3069.604
3069.605	0.900000000000091	trials	115	s115_J210623	NoStim	0		9	3069.905	3070.204
3070.23	0.900000000000091	trials	115	s115_J210623	grCe_grSu18Fa	11	315.0	9	3070.53	3070.829
3075.48	0.900000000000091	trials	115	s115_J210623	grCe_grSu18Fa	11	270.0	9	3075.78	3076.08
3076.6969999999997	0.900000000000091	trials	115	s115_J210623	grCe_grSu1Ne	3	180.0	9	3076.997	3077.297
3081.964	0.900000000000091	trials	115	s115_J210623	coCe_grSu6Ne	17	225.0	9	3082.264	3082.564
3082.573	0.900000000000091	trials	115	s115_J210623	grCe_grSu6CiNe_PS	19	90.0	9	3082.873	3083.172
3083.198	0.900000000000091	trials	115	s115_J210623	grCe_grSu3Ne	5	180.0	9	3083.498	3083.797
3088.174	0.900000000000091	trials	115	s115_J210623	coCe	16	135.0	9	3088.474	3088.773
3089.4069999999997	0.900000000000091	trials	115	s115_J210623	grCe_grSu6CiNe_PS	19	135.0	9	3089.707	3090.007
3097.975	0.900000000000091	trials	115	s115_J210623	grCe	1	0.0	9	3098.275	3098.574
3098.5829999999996	0.900000000000091	trials	115	s115_J210623	grCe_grSu6CiNe	15	180.0	9	3098.883	3099.183
3099.192	0.900000000000091	trials	115	s115_J210623	grCe_grSu6Ne_PS	18	270.0	9	3099.492	3099.791
3104.1839999999997	0.900000000000091	trials	115	s115_J210623	coCe_grSu6Ne	17	135.0	9	3104.484	3104.784
3104.792	0.900000000000091	trials	115	s115_J210623	grCe_grSu6Ne	7	180.0	9	3105.092	3105.392
3105.401	0.900000000000091	trials	115	s115_J210623	grSu6CiNe	14		9	3105.701	3106.0
3110.301	0.900000000000091	trials	115	s115_J210623	grCe_grSu12SmCiNe_PS	21	315.0	9	3110.601	3110.901
3123.111	0.900000000000091	trials	115	s115_J210623	grCe_grSu6CiNe	15	315.0	9	3123.411	3123.711
3123.72	0.900000000000091	trials	115	s115_J210623	grCe_grSu12SmCiNe	13	315.0	9	3124.02	3124.319
3127.504	0.900000000000091	trials	115	s115_J210623	grCe_grSu1Ne	3	270.0	9	3127.804	3128.103
3128.12	0.900000000000091	trials	115	s115_J210623	grCe_grSu12Mi	9	270.0	9	3128.42	3128.72
3128.729	0.900000000000091	trials	115	s115_J210623	grCe_grSu12SmCiNe_PS	21	135.0	9	3129.029	3129.328
3133.671	0.900000000000091	trials	115	s115_J210623	coCe	16	315.0	9	3133.971	3134.271
3134.288	0.900000000000091	trials	115	s115_J210623	grCe_grSu12Mi	9	45.0	9	3134.588	3134.887
3134.8959999999997	0.900000000000091	trials	115	s115_J210623	grCe_grSu6Ne	7	90.0	9	3135.196	3135.496
3139.7549999999997	0.900000000000091	trials	115	s115_J210623	grCe_grSu1Ne	3	225.0	9	3140.055	3140.355
3144.1639999999998	0.900000000000091	trials	115	s115_J210623	grCe_grSu6CiNe	15	225.0	9	3144.464	3144.764
3144.7729999999997	0.900000000000091	trials	115	s115_J210623	coCe_grSu6Ne	17	180.0	9	3145.073	3145.372
3145.3979999999997	0.900000000000091	trials	115	s115_J210623	grCe_grSu18Fa	11	45.0	9	3145.698	3145.997
3154.0319999999997	0.900000000000091	trials	115	s115_J210623	coCe	16	0.0	9	3154.332	3154.632
3154.6409999999996	0.900000000000091	trials	115	s115_J210623	grCe_grSu6Ne	7	45.0	9	3154.941	3155.24
3155.249	0.900000000000091	trials	115	s115_J210623	grCe_grSu6CiNe	15	90.0	9	3155.549	3155.848
3160.283	0.900000000000091	trials	115	s115_J210623	coCe_grSu6Ne	17	270.0	9	3160.583	3160.882
3160.8909999999996	0.900000000000091	trials	115	s115_J210623	grCe_grSu6Ne_PS	18	225.0	9	3161.191	3161.491
3161.491	0.900000000000091	trials	115	s115_J210623	grCe	1	45.0	9	3161.791	3162.091
3167.334	0.900000000000091	trials	115	s115_J210623	grCe_grSu12SmCiNe_PS	21	90.0	9	3167.634	3167.933
3174.0679999999998	0.900000000000091	trials	115	s115_J210623	grCe_grSu12SmCiNe_PS	21	0.0	9	3174.368	3174.668
3174.676	0.900000000000091	trials	115	s115_J210623	grCe_grSu6Ne	7	315.0	9	3174.976	3175.276
3180.3019999999997	0.900000000000091	trials	115	s115_J210623	coCe_grSu6Ne	17	315.0	9	3180.602	3180.902
3180.919	0.900000000000091	trials	115	s115_J210623	grCe_grSu12Mi	9	180.0	9	3181.219	3181.518
3181.527	0.900000000000091	trials	115	s115_J210623	grCe_grSu1Ne	3	45.0	9	3181.827	3182.127
3186.6859999999997	0.900000000000091	trials	115	s115_J210623	coCe_grSu6Ne	17	0.0	9	3186.986	3187.286
3187.303	0.900000000000091	trials	115	s115_J210623	grCe_grSu6Ne_PS	18	45.0	9	3187.603	3187.903
3187.912	0.900000000000091	trials	115	s115_J210623	grCe_grSu3Ne	5	225.0	9	3188.212	3188.511
3192.837	0.900000000000091	trials	115	s115_J210623	grSu3Ne	4		9	3193.137	3193.437
3193.462	0.900000000000091	trials	115	s115_J210623	grCe_grSu18Fa	11	180.0	9	3193.762	3194.062
3197.8709999999996	0.900000000000091	trials	115	s115_J210623	grCe_grSu3Ne	5	135.0	9	3198.171	3198.471
3198.488	0.900000000000091	trials	115	s115_J210623	grCe_grSu3Ne	5	270.0	9	3198.788	3199.087
3203.455	0.900000000000091	trials	115	s115_J210623	grCe_grSu6CiNe	15	45.0	9	3203.755	3204.055
3204.689	0.900000000000091	trials	115	s115_J210623	grCe_grSu12SmCiNe	13	135.0	9	3204.989	3205.288
3210.2309999999998	0.900000000000091	trials	115	s115_J210623	grCe_grSu12SmCiNe_PS	21	45.0	9	3210.531	3210.831
3210.848	0.900000000000091	trials	115	s115_J210623	grCe_grSu12Mi	9	225.0	9	3211.148	3211.447
3215.9399999999996	0.900000000000091	trials	115	s115_J210623	grCe_grSu12Mi	9	135.0	9	3216.24	3216.54
3216.549	0.900000000000091	trials	115	s115_J210623	grCe_grSu1Ne	3	90.0	9	3216.849	3217.148
3217.1569999999997	0.900000000000091	trials	115	s115_J210623	grCe_grSu6CiNe_PS	19	315.0	9	3217.457	3217.757
3222.1659999999997	0.900000000000091	trials	115	s115_J210623	grCe_grSu12SmCiNe_PS	21	270.0	9	3222.466	3222.765
3222.774	0.900000000000091	trials	115	s115_J210623	grCe_grSu6CiNe	15	270.0	9	3223.074	3223.374
3223.374	0.900000000000091	trials	115	s115_J210623	grCe	1	90.0	9	3223.674	3223.974
3228.35	0.900000000000091	trials	115	s115_J210623	grCe_grSu6CiNe	15	135.0	9	3228.65	3228.95
3228.9919999999997	0.900000000000091	trials	115	s115_J210623	grSu1Ne	2		9	3229.292	3229.591
3229.609	0.900000000000091	trials	115	s115_J210623	grSu12Mi	8		9	3229.909	3230.208
3234.643	0.900000000000091	trials	115	s115_J210623	grCe_grSu6Ne	7	135.0	9	3234.943	3235.242
3235.2509999999997	0.900000000000091	trials	115	s115_J210623	coCe_grSu6Ne	17	90.0	9	3235.551	3235.851
3235.859	0.900000000000091	trials	115	s115_J210623	grCe_grSu12SmCiNe	13	90.0	9	3236.159	3236.459
3240.835	0.900000000000091	trials	115	s115_J210623	coSu6Ne	20		9	3241.135	3241.435
3242.085	0.900000000000091	trials	115	s115_J210623	grCe_grSu12SmCiNe	13	45.0	9	3242.385	3242.685
3247.644	0.900000000000091	trials	115	s115_J210623	grCe_grSu12SmCiNe	13	270.0	9	3247.944	3248.244
3251.136	0.900000000000091	trials	115	s115_J210623	grCe_grSu6CiNe_PS	19	270.0	9	3251.436	3251.736
3252.3529999999996	0.900000000000091	trials	115	s115_J210623	grCe_grSu6Ne_PS	18	90.0	9	3252.653	3252.953
3257.946	0.900000000000091	trials	115	s115_J210623	grCe_grSu6CiNe_PS	19	45.0	9	3258.246	3258.545
3263.5209999999997	0.900000000000091	trials	115	s115_J210623	grCe_grSu1Ne	3	135.0	9	3263.821	3264.121
3264.1299999999997	0.900000000000091	trials	115	s115_J210623	grCe_grSu12SmCiNe_PS	21	225.0	9	3264.43	3264.729
3264.738	0.900000000000091	trials	115	s115_J210623	grCe_grSu12SmCiNe	13	180.0	9	3265.038	3265.338
3269.6639999999998	0.900000000000091	trials	115	s115_J210623	grCe	1	180.0	9	3269.964	3270.263
3270.2889999999998	0.900000000000091	trials	115	s115_J210623	grCe_grSu18Fa	11	135.0	9	3270.589	3270.888
3270.897	0.900000000000091	trials	115	s115_J210623	grCe_grSu12SmCiNe	13	225.0	9	3271.197	3271.497
3275.9399999999996	0.900000000000091	trials	115	s115_J210623	grCe_grSu6Ne	7	270.0	9	3276.24	3276.539
3279.607	0.900000000000091	trials	115	s115_J210623	coCe	16	45.0	9	3279.907	3280.206
3280.8149999999996	0.900000000000091	trials	115	s115_J210623	coCe	16	270.0	9	3281.115	3281.415
3288.883	0.900000000000091	trials	115	s115_J210623	coCe_grSu6Ne	17	45.0	9	3289.183	3289.482
3289.491	0.900000000000091	trials	115	s115_J210623	grCe_grSu3Ne	5	90.0	9	3289.791	3290.091
3295.267	0.900000000000091	trials	115	s115_J210623	grSu6Ne	6		9	3295.567	3295.867
3295.8759999999997	0.900000000000091	trials	115	s115_J210623	grCe_grSu6Ne_PS	18	135.0	9	3296.176	3296.475
3296.509	0.900000000000091	trials	115	s115_J210623	coCe	16	90.0	9	3296.809	3297.108
3301.526	0.900000000000091	trials	115	s115_J210623	grCe	1	135.0	9	3301.826	3302.126
3305.4269999999997	0.900000000000091	trials	115	s115_J210623	grSu12SmCiNe	12		9	3305.727	3306.026
