onset	duration	nwb_table	ses_ID	ses_Name	cond_Name	cond_ID	target_rot	rep_num	pdOn	pdOff
26.465999999999998	0.9000000000000021	trials	92	s092_J210602	grCe_grSu6CiNe	15	315.0	5	26.766	27.065
30.741	0.9000000000000021	trials	92	s092_J210602	grCe_grSu3Ne	5	0.0	5	31.041	31.341
38.392	0.8999999999999986	trials	92	s092_J210602	coCe	16	135.0	5	38.692	38.992
39.001000000000005	0.8999999999999986	trials	92	s092_J210602	grCe_grSu12Mi	9	135.0	5	39.301	39.6
43.868	0.8999999999999986	trials	92	s092_J210602	grCe_grSu6CiNe	15	90.0	5	44.168	44.468
44.468	0.8999999999999986	trials	92	s092_J210602	grCe_grSu12SmCiNe_PS	21	45.0	5	44.768	45.068
45.068000000000005	0.8999999999999986	trials	92	s092_J210602	grCe_grSu6Ne_PS	18	90.0	5	45.368	45.668
49.752	0.8999999999999986	trials	92	s092_J210602	grCe_grSu6Ne	7	180.0	5	50.052	50.352
50.352000000000004	0.8999999999999986	trials	92	s092_J210602	grCe	1	315.0	5	50.652	50.952
55.736000000000004	0.8999999999999986	trials	92	s092_J210602	coCe	16	90.0	5	56.036	56.336
56.336000000000006	0.8999999999999986	trials	92	s092_J210602	grCe_grSu12SmCiNe_PS	21	225.0	5	56.636	56.936
56.945	0.8999999999999986	trials	92	s092_J210602	grCe_grSu12SmCiNe	13	45.0	5	57.245	57.544
65.779	0.8999999999999915	trials	92	s092_J210602	grCe_grSu6CiNe_PS	19	135.0	5	66.079	66.379
70.313	0.8999999999999915	trials	92	s092_J210602	grSu12SmCiNe	12		5	70.613	70.913
70.913	0.8999999999999915	trials	92	s092_J210602	coCe	16	45.0	5	71.213	71.513
71.522	0.8999999999999915	trials	92	s092_J210602	coCe_grSu6Ne	17	225.0	5	71.822	72.121
77.022	0.8999999999999915	trials	92	s092_J210602	grCe_grSu6CiNe_PS	19	315.0	5	77.322	77.622
77.631	0.8999999999999915	trials	92	s092_J210602	grCe_grSu12Mi	9	225.0	5	77.931	78.23
82.565	0.8999999999999915	trials	92	s092_J210602	grCe_grSu6CiNe_PS	19	0.0	5	82.865	83.164
83.173	0.8999999999999915	trials	92	s092_J210602	grCe_grSu12SmCiNe	13	0.0	5	83.473	83.773
86.599	0.8999999999999915	trials	92	s092_J210602	NoStim	0		5	86.899	87.198
87.20700000000001	0.8999999999999915	trials	92	s092_J210602	grCe_grSu3Ne	5	315.0	5	87.507	87.807
87.807	0.8999999999999915	trials	92	s092_J210602	grCe_grSu6Ne_PS	18	45.0	5	88.107	88.407
92.641	0.8999999999999915	trials	92	s092_J210602	grCe_grSu12SmCiNe_PS	21	180.0	5	92.941	93.241
98.542	0.8999999999999915	trials	92	s092_J210602	grCe_grSu12SmCiNe_PS	21	0.0	5	98.842	99.141
102.042	0.8999999999999915	trials	92	s092_J210602	grCe	1	135.0	5	102.342	102.642
102.642	0.8999999999999915	trials	92	s092_J210602	grCe_grSu6CiNe_PS	19	90.0	5	102.942	103.242
103.251	0.8999999999999915	trials	92	s092_J210602	coCe_grSu6Ne	17	0.0	5	103.551	103.85
108.11	0.8999999999999915	trials	92	s092_J210602	grCe_grSu6Ne_PS	18	270.0	5	108.41	108.709
108.75200000000001	0.8999999999999915	trials	92	s092_J210602	grCe_grSu6Ne_PS	18	180.0	5	109.052	109.351
109.36	0.8999999999999915	trials	92	s092_J210602	coCe_grSu6Ne	17	270.0	5	109.66	109.96
114.352	0.8999999999999915	trials	92	s092_J210602	grCe_grSu1Ne	3	225.0	5	114.652	114.952
114.952	0.8999999999999915	trials	92	s092_J210602	grCe_grSu6CiNe_PS	19	225.0	5	115.252	115.552
121.053	0.8999999999999915	trials	92	s092_J210602	grCe_grSu12SmCiNe_PS	21	270.0	5	121.353	121.653
121.67	0.8999999999999915	trials	92	s092_J210602	grCe_grSu18Fa	11	225.0	5	121.97	122.269
129.404	0.9000000000000057	trials	92	s092_J210602	grCe_grSu6Ne	7	315.0	5	129.704	130.004
136.61399999999998	0.9000000000000057	trials	92	s092_J210602	coCe_grSu6Ne	17	180.0	5	136.914	137.213
137.22199999999998	0.9000000000000057	trials	92	s092_J210602	grCe_grSu12Mi	9	45.0	5	137.522	137.822
142.373	0.9000000000000057	trials	92	s092_J210602	grCe_grSu6Ne	7	0.0	5	142.673	142.972
146.023	0.9000000000000057	trials	92	s092_J210602	coCe_grSu6Ne	17	90.0	5	146.323	146.623
146.623	0.9000000000000057	trials	92	s092_J210602	grCe_grSu12SmCiNe_PS	21	315.0	5	146.923	147.223
147.232	0.9000000000000057	trials	92	s092_J210602	grCe_grSu6CiNe	15	270.0	5	147.532	147.831
152.07399999999998	0.9000000000000057	trials	92	s092_J210602	grCe_grSu6CiNe_PS	19	180.0	5	152.374	152.673
152.682	0.9000000000000057	trials	92	s092_J210602	grCe_grSu12SmCiNe	13	135.0	5	152.982	153.282
153.291	0.9000000000000057	trials	92	s092_J210602	grCe_grSu12Mi	9	315.0	5	153.591	153.89
158.158	0.9000000000000057	trials	92	s092_J210602	grCe_grSu6CiNe	15	0.0	5	158.458	158.758
158.75799999999998	0.9000000000000057	trials	92	s092_J210602	grSu6CiNe	14		5	159.058	159.358
159.367	0.9000000000000057	trials	92	s092_J210602	grCe_grSu6Ne	7	225.0	5	159.667	159.966
170.77599999999998	0.9000000000000057	trials	92	s092_J210602	grSu1Ne	2		5	171.076	171.376
175.277	0.9000000000000057	trials	92	s092_J210602	grCe_grSu6Ne	7	90.0	5	175.577	175.876
175.87699999999998	0.9000000000000057	trials	92	s092_J210602	grCe_grSu6Ne_PS	18	315.0	5	176.177	176.477
176.47699999999998	0.9000000000000057	trials	92	s092_J210602	grCe_grSu6Ne_PS	18	0.0	5	176.777	177.077
181.303	0.9000000000000057	trials	92	s092_J210602	grCe_grSu18Fa	11	180.0	5	181.603	181.902
181.91899999999998	0.9000000000000057	trials	92	s092_J210602	grCe_grSu18Fa	11	135.0	5	182.219	182.519
182.51999999999998	0.9000000000000057	trials	92	s092_J210602	grCe_grSu12SmCiNe_PS	21	90.0	5	182.82	183.119
190.554	0.9000000000000057	trials	92	s092_J210602	grSu3Ne	4		5	190.854	191.153
191.771	0.9000000000000057	trials	92	s092_J210602	grCe_grSu3Ne	5	270.0	5	192.071	192.37
197.99699999999999	0.9000000000000057	trials	92	s092_J210602	grCe_grSu6Ne	7	45.0	5	198.297	198.596
203.03099999999998	0.9000000000000057	trials	92	s092_J210602	grCe_grSu18Fa	11	45.0	5	203.331	203.63
203.63899999999998	0.9000000000000057	trials	92	s092_J210602	grCe_grSu12Mi	9	90.0	5	203.939	204.238
204.24699999999999	0.9000000000000057	trials	92	s092_J210602	grCe_grSu1Ne	3	270.0	5	204.547	204.847
209.123	0.9000000000000057	trials	92	s092_J210602	grCe_grSu6Ne_PS	18	135.0	5	209.423	209.723
209.731	0.9000000000000057	trials	92	s092_J210602	grCe_grSu3Ne	5	90.0	5	210.031	210.331
210.331	0.9000000000000057	trials	92	s092_J210602	coCe	16	0.0	5	210.631	210.931
215.249	0.9000000000000057	trials	92	s092_J210602	grCe_grSu12SmCiNe	13	90.0	5	215.549	215.848
215.857	0.9000000000000057	trials	92	s092_J210602	grCe_grSu6Ne	7	270.0	5	216.157	216.457
216.457	0.9000000000000057	trials	92	s092_J210602	grCe_grSu12SmCiNe_PS	21	135.0	5	216.757	217.057
221.98299999999998	0.9000000000000057	trials	92	s092_J210602	grCe_grSu12SmCiNe	13	225.0	5	222.283	222.583
222.59099999999998	0.9000000000000057	trials	92	s092_J210602	grCe_grSu1Ne	3	90.0	5	222.891	223.191
231.059	0.9000000000000057	trials	92	s092_J210602	grCe_grSu6CiNe	15	45.0	5	231.359	231.659
232.268	0.9000000000000057	trials	92	s092_J210602	grSu6Ne	6		5	232.568	232.867
237.26	0.9000000000000057	trials	92	s092_J210602	coCe_grSu6Ne	17	135.0	5	237.56	237.859
237.868	0.9000000000000057	trials	92	s092_J210602	grCe_grSu6CiNe	15	135.0	5	238.168	238.468
249.678	0.9000000000000057	trials	92	s092_J210602	grCe_grSu1Ne	3	135.0	5	249.978	250.278
250.278	0.9000000000000057	trials	92	s092_J210602	coCe	16	180.0	5	250.578	250.878
262.255	0.9000000000000341	trials	92	s092_J210602	grCe_grSu3Ne	5	225.0	5	262.555	262.854
265.68899999999996	0.9000000000000341	trials	92	s092_J210602	grCe_grSu12SmCiNe	13	180.0	5	265.989	266.288
266.29699999999997	0.9000000000000341	trials	92	s092_J210602	grCe_grSu12Mi	9	270.0	5	266.597	266.897
266.905	0.9000000000000341	trials	92	s092_J210602	coCe_grSu6Ne	17	45.0	5	267.205	267.505
271.856	0.9000000000000341	trials	92	s092_J210602	grCe_grSu3Ne	5	45.0	5	272.156	272.456
272.45599999999996	0.9000000000000341	trials	92	s092_J210602	grCe	1	180.0	5	272.756	273.056
273.056	0.9000000000000341	trials	92	s092_J210602	grCe	1	225.0	5	273.356	273.656
277.907	0.9000000000000341	trials	92	s092_J210602	grCe	1	270.0	5	278.207	278.506
281.816	0.9000000000000341	trials	92	s092_J210602	coCe	16	225.0	5	282.116	282.415
291.459	0.9000000000000341	trials	92	s092_J210602	grCe_grSu6Ne_PS	18	225.0	5	291.759	292.058
292.067	0.9000000000000341	trials	92	s092_J210602	grCe_grSu1Ne	3	45.0	5	292.367	292.667
296.909	0.9000000000000341	trials	92	s092_J210602	grCe_grSu1Ne	3	180.0	5	297.209	297.509
298.118	0.9000000000000341	trials	92	s092_J210602	grCe_grSu6CiNe_PS	19	45.0	5	298.418	298.717
303.11	0.9000000000000341	trials	92	s092_J210602	grCe_grSu12SmCiNe	13	315.0	5	303.41	303.71
310.15299999999996	0.9000000000000341	trials	92	s092_J210602	grSu12Mi	8		5	310.453	310.752
311.361	0.9000000000000341	trials	92	s092_J210602	grCe_grSu1Ne	3	315.0	5	311.661	311.961
316.262	0.9000000000000341	trials	92	s092_J210602	grCe_grSu6CiNe	15	180.0	5	316.562	316.861
316.87	0.9000000000000341	trials	92	s092_J210602	grCe_grSu12Mi	9	180.0	5	317.17	317.47
317.479	0.9000000000000341	trials	92	s092_J210602	grCe_grSu3Ne	5	180.0	5	317.779	318.078
322.413	0.9000000000000341	trials	92	s092_J210602	grCe	1	0.0	5	322.713	323.012
323.029	0.9000000000000341	trials	92	s092_J210602	grCe_grSu18Fa	11	270.0	5	323.329	323.629
323.638	0.9000000000000341	trials	92	s092_J210602	grSu18Fa	10		5	323.938	324.237
329.04699999999997	0.9000000000000341	trials	92	s092_J210602	grCe_grSu3Ne	5	135.0	5	329.347	329.646
329.681	0.9000000000000341	trials	92	s092_J210602	grCe	1	45.0	5	329.981	330.281
334.507	0.9000000000000341	trials	92	s092_J210602	coCe	16	315.0	5	334.807	335.106
335.115	0.9000000000000341	trials	92	s092_J210602	coCe_grSu6Ne	17	315.0	5	335.415	335.715
335.73199999999997	0.9000000000000341	trials	92	s092_J210602	grCe_grSu18Fa	11	90.0	5	336.032	336.332
340.683	0.9000000000000341	trials	92	s092_J210602	grCe_grSu12SmCiNe	13	270.0	5	340.983	341.282
341.283	0.9000000000000341	trials	92	s092_J210602	grCe_grSu6CiNe_PS	19	270.0	5	341.583	341.882
346.83299999999997	0.9000000000000341	trials	92	s092_J210602	grCe_grSu6CiNe	15	225.0	5	347.133	347.433
347.45	0.9000000000000341	trials	92	s092_J210602	grCe_grSu18Fa	11	315.0	5	347.75	348.05
348.05	0.9000000000000341	trials	92	s092_J210602	coSu6Ne	20		5	348.35	348.65
353.426	0.9000000000000341	trials	92	s092_J210602	grCe_grSu6Ne	7	135.0	5	353.726	354.026
354.034	0.9000000000000341	trials	92	s092_J210602	grCe_grSu12Mi	9	0.0	5	354.334	354.634
358.743	0.9000000000000341	trials	92	s092_J210602	grCe	1	90.0	5	359.043	359.343
362.152	0.9000000000000341	trials	92	s092_J210602	coCe	16	270.0	5	362.452	362.752
362.769	0.9000000000000341	trials	92	s092_J210602	grCe_grSu18Fa	11	0.0	5	363.069	363.368
363.377	0.9000000000000341	trials	92	s092_J210602	grCe_grSu1Ne	3	0.0	5	363.677	363.977
374.36199999999997	0.9000000000000341	trials	92	s092_J210602	grCe_grSu12Mi	9	270.0	9	374.662	374.962
374.962	0.9000000000000341	trials	92	s092_J210602	grSu12SmCiNe	12		9	375.262	375.562
380.97999999999996	0.9000000000000341	trials	92	s092_J210602	grCe	1	225.0	9	381.28	381.579
381.58799999999997	0.9000000000000341	trials	92	s092_J210602	grCe_grSu3Ne	5	45.0	9	381.888	382.188
386.414	0.9000000000000341	trials	92	s092_J210602	coCe_grSu6Ne	17	270.0	9	386.714	387.013
387.03	0.9000000000000341	trials	92	s092_J210602	grCe_grSu18Fa	11	45.0	9	387.33	387.63
387.639	0.9000000000000341	trials	92	s092_J210602	grCe_grSu1Ne	3	180.0	9	387.939	388.238
392.514	0.9000000000000341	trials	92	s092_J210602	grCe_grSu18Fa	11	225.0	9	392.814	393.114
393.131	0.9000000000000341	trials	92	s092_J210602	grCe_grSu18Fa	11	0.0	9	393.431	393.731
393.731	0.9000000000000341	trials	92	s092_J210602	grCe	1	180.0	9	394.031	394.331
401.691	0.9000000000000341	trials	92	s092_J210602	grCe_grSu6Ne	7	180.0	9	401.991	402.29
402.291	0.9000000000000341	trials	92	s092_J210602	grCe_grSu12SmCiNe_PS	21	45.0	9	402.591	402.89
402.899	0.9000000000000341	trials	92	s092_J210602	grCe_grSu12SmCiNe	13	270.0	9	403.199	403.499
407.76599999999996	0.9000000000000341	trials	92	s092_J210602	grCe_grSu12Mi	9	180.0	9	408.066	408.366
417.984	0.9000000000000341	trials	92	s092_J210602	grCe_grSu12Mi	9	315.0	9	418.284	418.584
421.46799999999996	0.9000000000000341	trials	92	s092_J210602	grCe_grSu6CiNe_PS	19	135.0	9	421.768	422.068
428.80199999999996	0.9000000000000341	trials	92	s092_J210602	NoStim	0		9	429.102	429.402
433.686	0.9000000000000341	trials	92	s092_J210602	grCe_grSu12SmCiNe_PS	21	0.0	9	433.986	434.286
434.295	0.9000000000000341	trials	92	s092_J210602	grCe_grSu6CiNe	15	270.0	9	434.595	434.894
434.90299999999996	0.9000000000000341	trials	92	s092_J210602	grCe_grSu3Ne	5	135.0	9	435.203	435.503
439.829	0.9000000000000341	trials	92	s092_J210602	grCe_grSu6Ne_PS	18	180.0	9	440.129	440.428
440.437	0.9000000000000341	trials	92	s092_J210602	grCe_grSu3Ne	5	225.0	9	440.737	441.037
441.037	0.9000000000000341	trials	92	s092_J210602	grCe_grSu6Ne_PS	18	0.0	9	441.337	441.637
450.764	0.9000000000000341	trials	92	s092_J210602	grCe_grSu12SmCiNe_PS	21	270.0	9	451.064	451.363
451.364	0.9000000000000341	trials	92	s092_J210602	coCe	16	90.0	9	451.664	451.963
456.239	0.9000000000000341	trials	92	s092_J210602	grCe_grSu6CiNe	15	315.0	9	456.539	456.839
457.45599999999996	0.9000000000000341	trials	92	s092_J210602	grCe_grSu3Ne	5	90.0	9	457.756	458.056
463.03999999999996	0.9000000000000341	trials	92	s092_J210602	grCe_grSu6Ne_PS	18	315.0	9	463.34	463.64
463.649	0.9000000000000341	trials	92	s092_J210602	grCe_grSu12Mi	9	135.0	9	463.949	464.248
468.449	0.9000000000000341	trials	92	s092_J210602	grCe_grSu12SmCiNe	13	0.0	9	468.749	469.049
469.049	0.9000000000000341	trials	92	s092_J210602	grCe_grSu6CiNe_PS	19	0.0	9	469.349	469.649
469.658	0.9000000000000341	trials	92	s092_J210602	grCe_grSu1Ne	3	270.0	9	469.958	470.257
474.317	0.9000000000000341	trials	92	s092_J210602	coCe	16	45.0	9	474.617	474.916
474.917	0.9000000000000341	trials	92	s092_J210602	grCe_grSu6CiNe_PS	19	315.0	9	475.217	475.516
484.28499999999997	0.9000000000000341	trials	92	s092_J210602	grCe_grSu18Fa	11	270.0	9	484.585	484.884
484.885	0.9000000000000341	trials	92	s092_J210602	grCe	1	135.0	9	485.185	485.484
485.485	0.9000000000000341	trials	92	s092_J210602	grCe_grSu6Ne_PS	18	90.0	9	485.785	486.084
490.51	0.9000000000000341	trials	92	s092_J210602	grCe	1	90.0	9	490.81	491.11
493.836	0.9000000000000341	trials	92	s092_J210602	grCe_grSu6CiNe_PS	19	225.0	9	494.136	494.435
497.803	0.9000000000000341	trials	92	s092_J210602	grCe_grSu12SmCiNe_PS	21	225.0	9	498.103	498.403
498.411	0.9000000000000341	trials	92	s092_J210602	grCe_grSu6Ne	7	90.0	9	498.711	499.011
499.012	0.9000000000000341	trials	92	s092_J210602	grCe	1	45.0	9	499.312	499.611
503.937	0.9000000000000341	trials	92	s092_J210602	coSu6Ne	20		9	504.237	504.537
504.537	0.9000000000000341	trials	92	s092_J210602	grCe_grSu6CiNe_PS	19	90.0	9	504.837	505.137
505.146	0.9000000000000341	trials	92	s092_J210602	grCe_grSu12SmCiNe	13	45.0	9	505.446	505.745
510.113	0.9000000000000341	trials	92	s092_J210602	grCe_grSu12SmCiNe_PS	21	315.0	9	510.413	510.713
510.746	0.9000000000000341	trials	92	s092_J210602	grCe_grSu6CiNe_PS	19	180.0	9	511.046	511.346
516.5970000000001	0.8999999999999773	trials	92	s092_J210602	grCe_grSu6CiNe	15	0.0	9	516.897	517.197
521.4390000000001	0.8999999999999773	trials	92	s092_J210602	grSu3Ne	4		9	521.739	522.039
526.5150000000001	0.8999999999999773	trials	92	s092_J210602	grCe	1	0.0	9	526.815	527.115
527.124	0.8999999999999773	trials	92	s092_J210602	grCe_grSu1Ne	3	315.0	9	527.424	527.723
532.566	0.8999999999999773	trials	92	s092_J210602	grCe_grSu1Ne	3	45.0	9	532.866	533.165
533.166	0.8999999999999773	trials	92	s092_J210602	coCe	16	270.0	9	533.466	533.766
533.774	0.8999999999999773	trials	92	s092_J210602	grCe_grSu6Ne	7	135.0	9	534.074	534.374
538.75	0.8999999999999773	trials	92	s092_J210602	grCe_grSu3Ne	5	180.0	9	539.05	539.35
539.35	0.8999999999999773	trials	92	s092_J210602	grCe_grSu6Ne_PS	18	225.0	9	539.65	539.95
542.8090000000001	0.8999999999999773	trials	92	s092_J210602	grCe_grSu1Ne	3	90.0	9	543.109	543.408
544.0260000000001	0.8999999999999773	trials	92	s092_J210602	grCe_grSu6CiNe	15	90.0	9	544.326	544.625
548.86	0.8999999999999773	trials	92	s092_J210602	grCe_grSu12SmCiNe_PS	21	180.0	9	549.16	549.459
552.51	0.8999999999999773	trials	92	s092_J210602	grCe_grSu18Fa	11	315.0	9	552.81	553.11
553.119	0.8999999999999773	trials	92	s092_J210602	grCe_grSu6CiNe	15	225.0	9	553.419	553.718
553.7270000000001	0.8999999999999773	trials	92	s092_J210602	grCe_grSu3Ne	5	315.0	9	554.027	554.327
558.894	0.8999999999999773	trials	92	s092_J210602	grCe_grSu6Ne	7	225.0	9	559.194	559.494
559.494	0.8999999999999773	trials	92	s092_J210602	grSu6CiNe	14		9	559.794	560.094
565.337	0.8999999999999773	trials	92	s092_J210602	grCe_grSu1Ne	3	0.0	9	565.637	565.936
575.5300000000001	0.8999999999999773	trials	92	s092_J210602	grCe_grSu12Mi	9	45.0	9	575.83	576.129
576.138	0.8999999999999773	trials	92	s092_J210602	coCe_grSu6Ne	17	225.0	9	576.438	576.738
576.7470000000001	0.8999999999999773	trials	92	s092_J210602	coCe_grSu6Ne	17	180.0	9	577.047	577.346
581.6560000000001	0.8999999999999773	trials	92	s092_J210602	grCe_grSu12SmCiNe	13	315.0	9	581.956	582.255
582.264	0.8999999999999773	trials	92	s092_J210602	grSu12Mi	8		9	582.564	582.864
582.8720000000001	0.8999999999999773	trials	92	s092_J210602	grCe_grSu6CiNe	15	135.0	9	583.172	583.472
587.6560000000001	0.8999999999999773	trials	92	s092_J210602	grSu18Fa	10		9	587.956	588.256
588.2560000000001	0.8999999999999773	trials	92	s092_J210602	grCe_grSu6CiNe_PS	19	270.0	9	588.556	588.856
588.865	0.8999999999999773	trials	92	s092_J210602	grCe_grSu12Mi	9	225.0	9	589.165	589.464
594.041	0.8999999999999773	trials	92	s092_J210602	grCe_grSu12SmCiNe_PS	21	135.0	9	594.341	594.64
594.649	0.8999999999999773	trials	92	s092_J210602	grCe_grSu12SmCiNe	13	135.0	9	594.949	595.249
595.2570000000001	0.8999999999999773	trials	92	s092_J210602	grCe_grSu1Ne	3	135.0	9	595.557	595.857
600.9000000000001	0.8999999999999773	trials	92	s092_J210602	grCe_grSu18Fa	11	90.0	9	601.2	601.499
601.508	0.8999999999999773	trials	92	s092_J210602	grCe_grSu6Ne	7	0.0	9	601.808	602.108
607.017	0.8999999999999773	trials	92	s092_J210602	grCe_grSu6Ne_PS	18	270.0	9	607.317	607.617
612.5010000000001	0.8999999999999773	trials	92	s092_J210602	coCe_grSu6Ne	17	135.0	9	612.801	613.101
613.11	0.8999999999999773	trials	92	s092_J210602	coCe_grSu6Ne	17	90.0	9	613.41	613.709
618.585	0.8999999999999773	trials	92	s092_J210602	grCe_grSu6Ne	7	270.0	9	618.885	619.185
619.1940000000001	0.8999999999999773	trials	92	s092_J210602	grCe_grSu3Ne	5	270.0	9	619.494	619.793
624.936	0.8999999999999773	trials	92	s092_J210602	coCe	16	315.0	9	625.236	625.536
625.5360000000001	0.8999999999999773	trials	92	s092_J210602	grSu6Ne	6		9	625.836	626.136
626.1450000000001	0.8999999999999773	trials	92	s092_J210602	grCe_grSu6Ne	7	315.0	9	626.445	626.744
631.0120000000001	0.8999999999999773	trials	92	s092_J210602	grSu1Ne	2		9	631.312	631.612
631.6120000000001	0.8999999999999773	trials	92	s092_J210602	grCe	1	315.0	9	631.912	632.212
632.212	0.8999999999999773	trials	92	s092_J210602	grCe_grSu6CiNe_PS	19	45.0	9	632.512	632.812
637.096	0.8999999999999773	trials	92	s092_J210602	coCe_grSu6Ne	17	315.0	9	637.396	637.696
637.7130000000001	0.8999999999999773	trials	92	s092_J210602	grCe_grSu18Fa	11	135.0	9	638.013	638.312
638.321	0.8999999999999773	trials	92	s092_J210602	grCe_grSu12Mi	9	0.0	9	638.621	638.921
643.1800000000001	0.8999999999999773	trials	92	s092_J210602	grCe_grSu6Ne	7	45.0	9	643.48	643.78
643.7800000000001	0.8999999999999773	trials	92	s092_J210602	grCe_grSu6Ne_PS	18	135.0	9	644.08	644.38
649.3230000000001	0.8999999999999773	trials	92	s092_J210602	grCe_grSu1Ne	3	225.0	9	649.623	649.922
649.9390000000001	0.8999999999999773	trials	92	s092_J210602	grCe_grSu18Fa	11	180.0	9	650.239	650.539
650.548	0.8999999999999773	trials	92	s092_J210602	grCe_grSu12SmCiNe	13	90.0	9	650.848	651.147
655.3230000000001	0.8999999999999773	trials	92	s092_J210602	coCe	16	225.0	9	655.623	655.923
655.9240000000001	0.8999999999999773	trials	92	s092_J210602	coCe	16	135.0	9	656.224	656.523
656.524	0.8999999999999773	trials	92	s092_J210602	coCe	16	0.0	9	656.824	657.123
661.441	0.8999999999999773	trials	92	s092_J210602	coCe	16	180.0	9	661.741	662.04
662.041	0.8999999999999773	trials	92	s092_J210602	grCe	1	270.0	9	662.341	662.641
662.649	0.8999999999999773	trials	92	s092_J210602	coCe_grSu6Ne	17	0.0	9	662.949	663.249
667.817	0.8999999999999773	trials	92	s092_J210602	grCe_grSu6CiNe	15	180.0	9	668.117	668.416
668.4250000000001	0.8999999999999773	trials	92	s092_J210602	grCe_grSu6CiNe	15	45.0	9	668.725	669.025
669.0250000000001	0.8999999999999773	trials	92	s092_J210602	grCe_grSu12SmCiNe_PS	21	90.0	9	669.325	669.625
680.86	0.8999999999999773	trials	92	s092_J210602	grCe_grSu12Mi	9	90.0	9	681.16	681.46
681.469	0.8999999999999773	trials	92	s092_J210602	grCe_grSu12SmCiNe	13	225.0	9	681.769	682.068
682.077	0.8999999999999773	trials	92	s092_J210602	coCe_grSu6Ne	17	45.0	9	682.377	682.677
686.961	0.8999999999999773	trials	92	s092_J210602	grCe_grSu6Ne_PS	18	45.0	9	687.261	687.56
687.5690000000001	0.8999999999999773	trials	92	s092_J210602	grCe_grSu12SmCiNe	13	180.0	9	687.869	688.169
696.712	0.8999999999999773	trials	92	s092_J210602	grCe_grSu3Ne	5	0.0	9	697.012	697.312
697.321	0.8999999999999773	trials	92	s092_J210602	grCe_grSu3Ne	5	225.0	4	697.621	697.92
697.9290000000001	0.8999999999999773	trials	92	s092_J210602	grCe_grSu6Ne	7	90.0	4	698.229	698.529
702.83	0.8999999999999773	trials	92	s092_J210602	coCe_grSu6Ne	17	0.0	4	703.13	703.429
703.4300000000001	0.8999999999999773	trials	92	s092_J210602	grCe_grSu6Ne_PS	18	45.0	4	703.73	704.029
704.0300000000001	0.8999999999999773	trials	92	s092_J210602	grCe_grSu12SmCiNe_PS	21	90.0	4	704.33	704.629
708.88	0.8999999999999773	trials	92	s092_J210602	grCe_grSu12SmCiNe_PS	21	270.0	4	709.18	709.48
709.489	0.8999999999999773	trials	92	s092_J210602	grCe_grSu6CiNe	15	270.0	4	709.789	710.088
710.089	0.8999999999999773	trials	92	s092_J210602	grCe	1	225.0	4	710.389	710.688
717.832	0.8999999999999773	trials	92	s092_J210602	grCe	1	315.0	4	718.132	718.431
718.432	0.8999999999999773	trials	92	s092_J210602	grCe	1	180.0	4	718.732	719.031
719.0400000000001	0.8999999999999773	trials	92	s092_J210602	grCe_grSu12Mi	9	45.0	4	719.34	719.64
728.341	0.8999999999999773	trials	92	s092_J210602	grCe_grSu6CiNe_PS	19	45.0	4	728.641	728.941
733.2170000000001	0.8999999999999773	trials	92	s092_J210602	coCe_grSu6Ne	17	180.0	4	733.517	733.816
733.817	0.8999999999999773	trials	92	s092_J210602	grCe	1	45.0	4	734.117	734.417
734.4250000000001	0.8999999999999773	trials	92	s092_J210602	grCe_grSu6Ne	7	0.0	4	734.725	735.025
739.284	0.8999999999999773	trials	92	s092_J210602	grCe_grSu1Ne	3	315.0	4	739.584	739.884
739.893	0.8999999999999773	trials	92	s092_J210602	grCe_grSu1Ne	3	45.0	4	740.193	740.492
740.5010000000001	0.8999999999999773	trials	92	s092_J210602	grCe_grSu12SmCiNe	13	270.0	4	740.801	741.101
746.519	0.8999999999999773	trials	92	s092_J210602	grCe_grSu3Ne	5	45.0	4	746.819	747.118
752.1610000000001	0.8999999999999773	trials	92	s092_J210602	grCe_grSu18Fa	11	90.0	4	752.461	752.761
752.769	0.8999999999999773	trials	92	s092_J210602	grCe_grSu1Ne	3	0.0	4	753.069	753.369
753.378	0.8999999999999773	trials	92	s092_J210602	grCe_grSu6CiNe	15	180.0	4	753.678	753.977
762.1120000000001	0.8999999999999773	trials	92	s092_J210602	grSu3Ne	4		4	762.412	762.712
766.205	0.8999999999999773	trials	92	s092_J210602	grCe_grSu12Mi	9	0.0	4	766.505	766.804
766.8130000000001	0.8999999999999773	trials	92	s092_J210602	grCe_grSu6CiNe	15	135.0	4	767.113	767.412
767.413	0.8999999999999773	trials	92	s092_J210602	coCe	16	180.0	4	767.713	768.013
772.23	0.8999999999999773	trials	92	s092_J210602	grCe_grSu12SmCiNe_PS	21	45.0	4	772.53	772.83
772.839	0.8999999999999773	trials	92	s092_J210602	coCe_grSu6Ne	17	270.0	4	773.139	773.438
778.3230000000001	0.8999999999999773	trials	92	s092_J210602	grCe_grSu18Fa	11	0.0	4	778.623	778.922
782.565	0.8999999999999773	trials	92	s092_J210602	grCe_grSu6CiNe_PS	19	180.0	4	782.865	783.165
783.173	0.8999999999999773	trials	92	s092_J210602	grCe_grSu6Ne	7	180.0	4	783.473	783.773
783.782	0.8999999999999773	trials	92	s092_J210602	coCe_grSu6Ne	17	315.0	4	784.082	784.381
788.682	0.8999999999999773	trials	92	s092_J210602	grCe	1	90.0	4	788.982	789.282
789.291	0.8999999999999773	trials	92	s092_J210602	grCe_grSu3Ne	5	135.0	4	789.591	789.89
789.908	0.8999999999999773	trials	92	s092_J210602	grCe_grSu18Fa	11	180.0	4	790.208	790.507
795.167	0.8999999999999773	trials	92	s092_J210602	grCe_grSu3Ne	5	270.0	4	795.467	795.766
795.767	0.8999999999999773	trials	92	s092_J210602	grCe_grSu6Ne_PS	18	0.0	4	796.067	796.366
796.375	0.8999999999999773	trials	92	s092_J210602	grCe_grSu12SmCiNe	13	180.0	4	796.675	796.975
801.509	0.8999999999999773	trials	92	s092_J210602	grSu6Ne	6		4	801.809	802.109
805.301	0.8999999999999773	trials	92	s092_J210602	grCe_grSu12SmCiNe	13	45.0	4	805.601	805.901
811.385	0.8999999999999773	trials	92	s092_J210602	grCe_grSu12SmCiNe_PS	21	135.0	4	811.685	811.985
811.985	0.8999999999999773	trials	92	s092_J210602	grCe	1	135.0	4	812.285	812.585
818.87	0.8999999999999773	trials	92	s092_J210602	grSu12Mi	8		4	819.17	819.469
823.7370000000001	0.8999999999999773	trials	92	s092_J210602	coCe	16	270.0	4	824.037	824.337
827.296	0.8999999999999773	trials	92	s092_J210602	coCe	16	225.0	4	827.596	827.895
827.904	0.8999999999999773	trials	92	s092_J210602	grCe_grSu12SmCiNe	13	225.0	4	828.204	828.504
831.605	0.8999999999999773	trials	92	s092_J210602	grCe_grSu6CiNe	15	0.0	4	831.905	832.204
835.397	0.8999999999999773	trials	92	s092_J210602	grCe	1	270.0	4	835.697	835.996
836.605	0.8999999999999773	trials	92	s092_J210602	grCe_grSu12Mi	9	225.0	4	836.905	837.205
841.7230000000001	0.8999999999999773	trials	92	s092_J210602	grCe_grSu12SmCiNe	13	0.0	4	842.023	842.322
842.931	0.8999999999999773	trials	92	s092_J210602	coCe	16	45.0	4	843.231	843.531
855.1990000000001	0.8999999999999773	trials	92	s092_J210602	grCe_grSu1Ne	3	225.0	4	855.499	855.799
855.808	0.8999999999999773	trials	92	s092_J210602	grCe_grSu12Mi	9	135.0	4	856.108	856.407
856.4250000000001	0.8999999999999773	trials	92	s092_J210602	grCe_grSu18Fa	11	135.0	4	856.725	857.024
861.9250000000001	0.8999999999999773	trials	92	s092_J210602	grCe_grSu6CiNe_PS	19	0.0	4	862.225	862.525
862.534	0.8999999999999773	trials	92	s092_J210602	coCe_grSu6Ne	17	45.0	4	862.834	863.133
867.643	0.8999999999999773	trials	92	s092_J210602	grCe_grSu1Ne	3	270.0	4	867.943	868.242
868.851	0.8999999999999773	trials	92	s092_J210602	grCe_grSu6Ne_PS	18	180.0	4	869.151	869.451
874.2850000000001	0.8999999999999773	trials	92	s092_J210602	grCe_grSu12SmCiNe	13	135.0	4	874.585	874.885
874.894	0.8999999999999773	trials	92	s092_J210602	grCe_grSu6CiNe	15	90.0	4	875.194	875.493
879.7280000000001	0.8999999999999773	trials	92	s092_J210602	grCe_grSu12Mi	9	180.0	4	880.028	880.327
880.3280000000001	0.8999999999999773	trials	92	s092_J210602	grSu1Ne	2		4	880.628	880.927
880.936	0.8999999999999773	trials	92	s092_J210602	grCe_grSu12Mi	9	315.0	4	881.236	881.536
885.928	0.8999999999999773	trials	92	s092_J210602	coCe_grSu6Ne	17	135.0	4	886.228	886.528
890.0790000000001	0.8999999999999773	trials	92	s092_J210602	grCe_grSu1Ne	3	180.0	4	890.379	890.678
890.6790000000001	0.8999999999999773	trials	92	s092_J210602	coCe	16	0.0	4	890.979	891.279
896.2710000000001	0.8999999999999773	trials	92	s092_J210602	grCe_grSu6CiNe	15	45.0	4	896.571	896.871
896.8710000000001	0.8999999999999773	trials	92	s092_J210602	grCe_grSu6Ne_PS	18	135.0	4	897.171	897.471
897.4720000000001	0.8999999999999773	trials	92	s092_J210602	grSu6CiNe	14		4	897.772	898.071
902.2890000000001	0.8999999999999773	trials	92	s092_J210602	grSu12SmCiNe	12		4	902.589	902.888
902.889	0.8999999999999773	trials	92	s092_J210602	grCe_grSu6CiNe_PS	19	90.0	4	903.189	903.488
903.5060000000001	0.8999999999999773	trials	92	s092_J210602	grCe_grSu18Fa	11	315.0	4	903.806	904.105
908.998	0.8999999999999773	trials	92	s092_J210602	grCe_grSu6Ne_PS	18	90.0	4	909.298	909.598
909.5980000000001	0.8999999999999773	trials	92	s092_J210602	coSu6Ne	20		4	909.898	910.198
914.474	0.8999999999999773	trials	92	s092_J210602	grCe_grSu6Ne	7	270.0	4	914.774	915.073
918.041	0.8999999999999773	trials	92	s092_J210602	grCe_grSu12SmCiNe_PS	21	315.0	4	918.341	918.64
918.649	0.8999999999999773	trials	92	s092_J210602	grCe_grSu3Ne	5	0.0	4	918.949	919.249
922.091	0.8999999999999773	trials	92	s092_J210602	grCe_grSu18Fa	11	225.0	4	922.391	922.691
922.7	0.8999999999999773	trials	92	s092_J210602	grCe_grSu12Mi	9	90.0	4	923.0	923.299
929.0590000000001	0.8999999999999773	trials	92	s092_J210602	grCe_grSu6Ne_PS	18	270.0	4	929.359	929.659
929.659	0.8999999999999773	trials	92	s092_J210602	grCe_grSu12SmCiNe_PS	21	225.0	4	929.959	930.259
934.551	0.8999999999999773	trials	92	s092_J210602	grCe_grSu6Ne_PS	18	225.0	4	934.851	935.151
938.469	0.8999999999999773	trials	92	s092_J210602	grCe_grSu12SmCiNe	13	90.0	4	938.769	939.068
939.077	0.8999999999999773	trials	92	s092_J210602	coCe_grSu6Ne	17	225.0	4	939.377	939.676
939.677	0.8999999999999773	trials	92	s092_J210602	grCe_grSu12SmCiNe_PS	21	0.0	4	939.977	940.277
944.503	0.8999999999999773	trials	92	s092_J210602	coCe	16	135.0	4	944.803	945.102
945.111	0.8999999999999773	trials	92	s092_J210602	coCe_grSu6Ne	17	90.0	4	945.411	945.711
945.719	0.8999999999999773	trials	92	s092_J210602	grCe_grSu6Ne	7	315.0	4	946.019	946.319
950.6120000000001	0.8999999999999773	trials	92	s092_J210602	grCe_grSu3Ne	5	315.0	4	950.912	951.211
951.22	0.8999999999999773	trials	92	s092_J210602	grCe_grSu6Ne	7	135.0	4	951.52	951.82
951.8290000000001	0.8999999999999773	trials	92	s092_J210602	grCe_grSu6Ne	7	225.0	4	952.129	952.428
956.846	0.8999999999999773	trials	92	s092_J210602	grCe_grSu6CiNe_PS	19	135.0	4	957.146	957.445
960.33	0.8999999999999773	trials	92	s092_J210602	grCe_grSu18Fa	11	45.0	4	960.63	960.929
960.9380000000001	0.8999999999999773	trials	92	s092_J210602	grCe_grSu6CiNe	15	315.0	4	961.238	961.538
961.547	0.8999999999999773	trials	92	s092_J210602	grCe_grSu3Ne	5	90.0	4	961.847	962.146
969.889	0.8999999999999773	trials	92	s092_J210602	grCe_grSu6CiNe_PS	19	315.0	4	970.189	970.489
970.498	0.8999999999999773	trials	92	s092_J210602	grCe_grSu1Ne	3	135.0	4	970.798	971.097
971.0980000000001	0.8999999999999773	trials	92	s092_J210602	grCe_grSu6CiNe_PS	19	270.0	4	971.398	971.697
976.373	0.8999999999999773	trials	92	s092_J210602	grCe_grSu12SmCiNe_PS	21	180.0	4	976.673	976.973
976.974	0.8999999999999773	trials	92	s092_J210602	coCe	16	315.0	4	977.274	977.573
982.499	0.8999999999999773	trials	92	s092_J210602	grCe_grSu6CiNe	15	225.0	4	982.799	983.099
983.6990000000001	0.8999999999999773	trials	92	s092_J210602	NoStim	0		4	983.999	984.299
988.5920000000001	0.8999999999999773	trials	92	s092_J210602	coCe	16	90.0	4	988.892	989.191
989.2	0.8999999999999773	trials	92	s092_J210602	grCe_grSu3Ne	5	180.0	4	989.5	989.8
989.817	0.8999999999999773	trials	92	s092_J210602	grCe_grSu18Fa	11	270.0	4	990.117	990.416
995.4010000000001	0.8999999999999773	trials	92	s092_J210602	grCe_grSu12SmCiNe	13	315.0	4	995.701	996.0
996.009	0.8999999999999773	trials	92	s092_J210602	grSu18Fa	10		4	996.309	996.609
1000.835	0.8999999999999773	trials	92	s092_J210602	grCe_grSu6Ne	7	45.0	4	1001.135	1001.435
1005.211	0.8999999999999773	trials	92	s092_J210602	grCe_grSu1Ne	3	90.0	4	1005.511	1005.81
1005.811	0.8999999999999773	trials	92	s092_J210602	grCe_grSu6Ne_PS	18	315.0	4	1006.111	1006.41
1014.062	0.8999999999999773	trials	92	s092_J210602	grCe_grSu6CiNe_PS	19	225.0	4	1014.362	1014.661
1014.6700000000001	0.8999999999999773	trials	92	s092_J210602	grCe_grSu12Mi	9	270.0	4	1014.97	1015.27
1015.2700000000001	0.8999999999999773	trials	92	s092_J210602	grCe	1	0.0	4	1015.57	1015.87
1024.238	0.8999999999998636	trials	92	s092_J210602	grCe_grSu6CiNe_PS	19	315.0	1	1024.538	1024.838
1024.846	0.8999999999998636	trials	92	s092_J210602	grCe_grSu6CiNe	15	270.0	1	1025.146	1025.446
1029.872	0.8999999999998636	trials	92	s092_J210602	grCe_grSu1Ne	3	270.0	1	1030.172	1030.472
1031.0810000000001	0.8999999999998636	trials	92	s092_J210602	grCe_grSu12SmCiNe_PS	21	225.0	1	1031.381	1031.68
1038.848	0.8999999999998636	trials	92	s092_J210602	coCe	16	135.0	1	1039.148	1039.448
1039.457	0.8999999999998636	trials	92	s092_J210602	grCe_grSu3Ne	5	315.0	1	1039.757	1040.056
1040.057	0.8999999999998636	trials	92	s092_J210602	grCe_grSu6Ne_PS	18	270.0	1	1040.357	1040.656
1045.224	0.8999999999998636	trials	92	s092_J210602	grCe_grSu12SmCiNe	13	315.0	1	1045.524	1045.824
1045.832	0.8999999999998636	trials	92	s092_J210602	grCe_grSu3Ne	5	90.0	1	1046.132	1046.432
1051.267	0.8999999999998636	trials	92	s092_J210602	grCe_grSu6Ne_PS	18	180.0	1	1051.567	1051.866
1051.867	0.8999999999998636	trials	92	s092_J210602	grCe_grSu6Ne_PS	18	135.0	1	1052.167	1052.466
1052.4750000000001	0.8999999999998636	trials	92	s092_J210602	grCe_grSu6Ne	7	45.0	1	1052.775	1053.075
1057.451	0.8999999999998636	trials	92	s092_J210602	grCe_grSu6CiNe_PS	19	225.0	1	1057.751	1058.05
1058.059	0.8999999999998636	trials	92	s092_J210602	grCe_grSu12SmCiNe	13	225.0	1	1058.359	1058.659
1058.6670000000001	0.8999999999998636	trials	92	s092_J210602	grCe_grSu12SmCiNe	13	180.0	1	1058.967	1059.267
1069.794	0.8999999999998636	trials	92	s092_J210602	grCe_grSu18Fa	11	45.0	1	1070.094	1070.393
1070.402	0.8999999999998636	trials	92	s092_J210602	grCe_grSu12Mi	9	270.0	1	1070.702	1071.002
1075.961	0.8999999999998636	trials	92	s092_J210602	grCe	1	315.0	1	1076.261	1076.561
1076.57	0.8999999999998636	trials	92	s092_J210602	grCe_grSu6CiNe	15	135.0	1	1076.87	1077.169
1077.1870000000001	0.8999999999998636	trials	92	s092_J210602	grCe_grSu18Fa	11	135.0	1	1077.487	1077.786
1082.604	0.8999999999998636	trials	92	s092_J210602	grCe_grSu12SmCiNe	13	90.0	1	1082.904	1083.203
1087.8880000000001	0.8999999999998636	trials	92	s092_J210602	grCe_grSu12SmCiNe_PS	21	90.0	1	1088.188	1088.487
1088.488	0.8999999999998636	trials	92	s092_J210602	grSu6CiNe	14		1	1088.788	1089.088
1089.096	0.8999999999998636	trials	92	s092_J210602	grCe_grSu3Ne	5	45.0	1	1089.396	1089.696
1093.989	0.8999999999998636	trials	92	s092_J210602	grCe_grSu6Ne	7	180.0	1	1094.289	1094.588
1094.597	0.8999999999998636	trials	92	s092_J210602	grCe_grSu12SmCiNe	13	45.0	1	1094.897	1095.197
1095.2060000000001	0.8999999999998636	trials	92	s092_J210602	coCe_grSu6Ne	17	90.0	1	1095.506	1095.805
1100.0230000000001	0.8999999999998636	trials	92	s092_J210602	grCe_grSu1Ne	3	180.0	1	1100.323	1100.622
1100.631	0.8999999999998636	trials	92	s092_J210602	grCe_grSu12Mi	9	135.0	1	1100.931	1101.231
1101.24	0.8999999999998636	trials	92	s092_J210602	coCe_grSu6Ne	17	45.0	1	1101.54	1101.839
1106.065	0.8999999999998636	trials	92	s092_J210602	grCe_grSu6CiNe_PS	19	180.0	1	1106.365	1106.665
1106.665	0.8999999999998636	trials	92	s092_J210602	grCe_grSu12SmCiNe_PS	21	135.0	1	1106.965	1107.265
1107.2740000000001	0.8999999999998636	trials	92	s092_J210602	grCe_grSu12Mi	9	180.0	1	1107.574	1107.873
1114.95	0.8999999999998636	trials	92	s092_J210602	grCe	1	270.0	1	1115.25	1115.549
1115.55	0.8999999999998636	trials	92	s092_J210602	grSu1Ne	2		1	1115.85	1116.149
1116.1580000000001	0.8999999999998636	trials	92	s092_J210602	grCe_grSu6CiNe	15	45.0	1	1116.458	1116.758
1120.967	0.8999999999998636	trials	92	s092_J210602	grCe_grSu6Ne_PS	18	45.0	1	1121.267	1121.567
1121.584	0.8999999999998636	trials	92	s092_J210602	grCe_grSu18Fa	11	315.0	1	1121.884	1122.184
1122.184	0.8999999999998636	trials	92	s092_J210602	coCe	16	225.0	1	1122.484	1122.784
1127.768	0.8999999999998636	trials	92	s092_J210602	grCe_grSu18Fa	11	0.0	1	1128.068	1128.368
1128.377	0.8999999999998636	trials	92	s092_J210602	grSu18Fa	10		1	1128.677	1128.976
1136.511	0.8999999999998636	trials	92	s092_J210602	grCe_grSu6Ne	7	270.0	1	1136.811	1137.11
1137.1190000000001	0.8999999999998636	trials	92	s092_J210602	grCe_grSu1Ne	3	90.0	1	1137.419	1137.719
1137.728	0.8999999999998636	trials	92	s092_J210602	coCe_grSu6Ne	17	180.0	1	1138.028	1138.327
1143.17	0.8999999999998636	trials	92	s092_J210602	grCe_grSu6Ne	7	315.0	1	1143.47	1143.77
1143.77	0.8999999999998636	trials	92	s092_J210602	grCe	1	180.0	1	1144.07	1144.37
1152.288	0.8999999999998636	trials	92	s092_J210602	grCe_grSu6CiNe	15	90.0	1	1152.588	1152.887
1155.847	0.8999999999998636	trials	92	s092_J210602	coCe	16	90.0	1	1156.147	1156.446
1156.463	0.8999999999998636	trials	92	s092_J210602	grCe_grSu18Fa	11	270.0	1	1156.763	1157.063
1161.931	0.8999999999998636	trials	92	s092_J210602	coCe	16	270.0	1	1162.231	1162.53
1162.539	0.8999999999998636	trials	92	s092_J210602	grCe_grSu12Mi	9	315.0	1	1162.839	1163.139
1163.1480000000001	0.8999999999998636	trials	92	s092_J210602	grCe_grSu3Ne	5	0.0	1	1163.448	1163.747
1167.873	0.8999999999998636	trials	92	s092_J210602	coCe_grSu6Ne	17	0.0	1	1168.173	1168.473
1168.482	0.8999999999998636	trials	92	s092_J210602	grCe_grSu12Mi	9	90.0	1	1168.782	1169.081
1169.082	0.8999999999998636	trials	92	s092_J210602	grCe_grSu6Ne_PS	18	315.0	1	1169.382	1169.681
1173.941	0.8999999999998636	trials	92	s092_J210602	grCe_grSu12SmCiNe	13	135.0	1	1174.241	1174.54
1174.549	0.8999999999998636	trials	92	s092_J210602	grCe_grSu12SmCiNe	13	0.0	1	1174.849	1175.149
1175.1580000000001	0.8999999999998636	trials	92	s092_J210602	grCe_grSu3Ne	5	180.0	1	1175.458	1175.757
1180.017	0.8999999999998636	trials	92	s092_J210602	grCe_grSu6CiNe	15	180.0	1	1180.317	1180.616
1180.633	0.8999999999998636	trials	92	s092_J210602	grCe_grSu18Fa	11	225.0	1	1180.933	1181.233
1181.242	0.8999999999998636	trials	92	s092_J210602	grCe_grSu1Ne	3	315.0	1	1181.542	1181.841
1186.2340000000002	0.8999999999998636	trials	92	s092_J210602	coCe_grSu6Ne	17	270.0	1	1186.534	1186.834
1186.842	0.8999999999998636	trials	92	s092_J210602	grCe_grSu6CiNe	15	315.0	1	1187.142	1187.442
1198.9940000000001	0.8999999999998636	trials	92	s092_J210602	coCe	16	0.0	1	1199.294	1199.594
1199.602	0.8999999999998636	trials	92	s092_J210602	grCe_grSu6Ne	7	135.0	1	1199.902	1200.202
1200.202	0.8999999999998636	trials	92	s092_J210602	grSu12SmCiNe	12		1	1200.502	1200.802
1205.053	0.8999999999998636	trials	92	s092_J210602	grCe_grSu1Ne	3	0.0	1	1205.353	1205.653
1206.262	0.8999999999998636	trials	92	s092_J210602	NoStim	0		1	1206.562	1206.861
1211.1870000000001	0.8999999999998636	trials	92	s092_J210602	grCe_grSu1Ne	3	135.0	1	1211.487	1211.787
1215.346	0.8999999999998636	trials	92	s092_J210602	grCe_grSu12Mi	9	45.0	1	1215.646	1215.946
1216.555	0.8999999999998636	trials	92	s092_J210602	coCe	16	180.0	1	1216.855	1217.154
1222.172	0.8999999999998636	trials	92	s092_J210602	grCe	1	90.0	1	1222.472	1222.772
1222.78	0.8999999999998636	trials	92	s092_J210602	grCe_grSu12SmCiNe	13	270.0	1	1223.08	1223.38
1227.656	0.8999999999998636	trials	92	s092_J210602	coCe	16	45.0	1	1227.956	1228.256
1228.2640000000001	0.8999999999998636	trials	92	s092_J210602	grCe_grSu12Mi	9	225.0	1	1228.564	1228.864
1228.873	0.8999999999998636	trials	92	s092_J210602	grCe_grSu6CiNe	15	225.0	1	1229.173	1229.472
1236.6490000000001	0.8999999999998636	trials	92	s092_J210602	grCe_grSu6CiNe_PS	19	0.0	1	1236.949	1237.248
1237.249	0.8999999999998636	trials	92	s092_J210602	grCe	1	45.0	1	1237.549	1237.849
1246.075	0.8999999999998636	trials	92	s092_J210602	grCe_grSu12SmCiNe_PS	21	45.0	1	1246.375	1246.675
1246.684	0.8999999999998636	trials	92	s092_J210602	grCe_grSu1Ne	3	45.0	1	1246.984	1247.283
1247.284	0.8999999999998636	trials	92	s092_J210602	grCe	1	135.0	1	1247.584	1247.883
1252.1090000000002	0.8999999999998636	trials	92	s092_J210602	grCe_grSu6Ne	7	225.0	1	1252.409	1252.709
1252.709	0.8999999999998636	trials	92	s092_J210602	grCe_grSu6CiNe_PS	19	270.0	1	1253.009	1253.309
1253.309	0.8999999999998636	trials	92	s092_J210602	grCe_grSu6Ne_PS	18	0.0	1	1253.609	1253.909
1262.2440000000001	0.8999999999998636	trials	92	s092_J210602	grCe	1	0.0	1	1262.544	1262.843
1271.295	0.8999999999998636	trials	92	s092_J210602	grSu6Ne	6		1	1271.595	1271.895
1283.38	0.8999999999998636	trials	92	s092_J210602	grCe_grSu3Ne	5	270.0	1	1283.68	1283.979
1284.588	0.8999999999998636	trials	92	s092_J210602	grCe_grSu6Ne_PS	18	90.0	1	1284.888	1285.188
1289.364	0.8999999999998636	trials	92	s092_J210602	grCe_grSu6CiNe_PS	19	135.0	1	1289.664	1289.964
1295.823	0.8999999999998636	trials	92	s092_J210602	grCe_grSu18Fa	11	90.0	1	1296.123	1296.423
1296.423	0.8999999999998636	trials	92	s092_J210602	grCe_grSu6Ne_PS	18	225.0	1	1296.723	1297.023
1297.0230000000001	0.8999999999998636	trials	92	s092_J210602	grSu3Ne	4		1	1297.323	1297.623
1301.957	0.8999999999998636	trials	92	s092_J210602	grCe_grSu6CiNe	15	0.0	1	1302.257	1302.557
1302.557	0.8999999999998636	trials	92	s092_J210602	grCe_grSu6CiNe_PS	19	90.0	1	1302.857	1303.157
1303.166	0.8999999999998636	trials	92	s092_J210602	coSu6Ne	20		1	1303.466	1303.765
1308.058	0.8999999999998636	trials	92	s092_J210602	grCe_grSu3Ne	5	135.0	1	1308.358	1308.658
1308.6670000000001	0.8999999999998636	trials	92	s092_J210602	coCe_grSu6Ne	17	225.0	1	1308.967	1309.266
1309.267	0.8999999999998636	trials	92	s092_J210602	coCe	16	315.0	1	1309.567	1309.866
1314.2340000000002	0.8999999999998636	trials	92	s092_J210602	grCe_grSu12SmCiNe_PS	21	315.0	1	1314.534	1314.833
1315.451	0.8999999999998636	trials	92	s092_J210602	grCe_grSu1Ne	3	225.0	1	1315.751	1316.05
1320.118	0.8999999999998636	trials	92	s092_J210602	grCe_grSu6Ne	7	90.0	1	1320.418	1320.718
1329.328	0.8999999999998636	trials	92	s092_J210602	grCe_grSu18Fa	11	180.0	1	1329.628	1329.927
1329.928	0.8999999999998636	trials	92	s092_J210602	grCe_grSu12SmCiNe_PS	21	180.0	1	1330.228	1330.527
1330.528	0.8999999999998636	trials	92	s092_J210602	grCe_grSu12SmCiNe_PS	21	270.0	1	1330.828	1331.127
1335.32	0.8999999999998636	trials	92	s092_J210602	grCe	1	225.0	1	1335.62	1335.92
1335.92	0.8999999999998636	trials	92	s092_J210602	grCe_grSu6CiNe_PS	19	45.0	1	1336.22	1336.52
1336.528	0.8999999999998636	trials	92	s092_J210602	grSu12Mi	8		1	1336.828	1337.128
1345.038	0.8999999999998636	trials	92	s092_J210602	grCe_grSu12SmCiNe_PS	21	0.0	1	1345.338	1345.637
1345.646	0.8999999999998636	trials	92	s092_J210602	grCe_grSu12Mi	9	0.0	1	1345.946	1346.246
1351.255	0.8999999999998636	trials	92	s092_J210602	grCe_grSu3Ne	5	225.0	1	1351.555	1351.855
1351.864	0.8999999999998636	trials	92	s092_J210602	coCe_grSu6Ne	17	135.0	1	1352.164	1352.463
1352.472	0.8999999999998636	trials	92	s092_J210602	coCe_grSu6Ne	17	315.0	1	1352.772	1353.072
1357.431	0.8999999999998636	trials	92	s092_J210602	grCe_grSu6Ne	7	0.0	1	1357.731	1358.031
1358.031	0.8999999999998636	trials	92	s092_J210602	grCe_grSu6Ne_PS	18	270.0	3	1358.331	1358.631
1358.64	0.8999999999998636	trials	92	s092_J210602	grCe_grSu1Ne	3	135.0	3	1358.94	1359.239
1366.799	0.8999999999998636	trials	92	s092_J210602	grCe_grSu6Ne	7	45.0	3	1367.099	1367.399
1367.3990000000001	0.8999999999998636	trials	92	s092_J210602	grCe	1	45.0	3	1367.699	1367.999
1368.008	0.8999999999998636	trials	92	s092_J210602	grCe_grSu6CiNe	15	90.0	3	1368.308	1368.607
1372.942	0.8999999999998636	trials	92	s092_J210602	grCe_grSu6Ne_PS	18	315.0	3	1373.242	1373.541
1373.5420000000001	0.8999999999998636	trials	92	s092_J210602	grCe_grSu6CiNe_PS	19	90.0	3	1373.842	1374.141
1379.017	0.8999999999998636	trials	92	s092_J210602	grCe_grSu12Mi	9	180.0	3	1379.317	1379.617
1379.617	0.8999999999998636	trials	92	s092_J210602	coCe	16	180.0	3	1379.917	1380.217
1380.2340000000002	0.8999999999998636	trials	92	s092_J210602	grCe_grSu18Fa	11	270.0	3	1380.534	1380.834
1387.902	0.8999999999998636	trials	92	s092_J210602	grCe_grSu12Mi	9	225.0	3	1388.202	1388.501
1388.51	0.8999999999998636	trials	92	s092_J210602	grCe_grSu6Ne	7	270.0	3	1388.81	1389.11
1389.1190000000001	0.8999999999998636	trials	92	s092_J210602	grCe_grSu1Ne	3	270.0	3	1389.419	1389.718
1393.919	0.8999999999998636	trials	92	s092_J210602	grCe_grSu6Ne	7	315.0	3	1394.219	1394.519
1394.519	0.8999999999998636	trials	92	s092_J210602	grCe_grSu6Ne_PS	18	225.0	3	1394.819	1395.119
1395.1280000000002	0.8999999999998636	trials	92	s092_J210602	grCe_grSu12SmCiNe	13	225.0	3	1395.428	1395.727
1400.637	0.8999999999998636	trials	92	s092_J210602	grSu6Ne	6		3	1400.937	1401.236
1401.2540000000001	0.8999999999998636	trials	92	s092_J210602	grCe_grSu18Fa	11	225.0	3	1401.554	1401.853
1409.313	0.8999999999998636	trials	92	s092_J210602	grCe_grSu3Ne	5	90.0	3	1409.613	1409.912
1409.921	0.8999999999998636	trials	92	s092_J210602	grCe_grSu1Ne	3	180.0	3	1410.221	1410.521
1410.53	0.8999999999998636	trials	92	s092_J210602	grCe_grSu3Ne	5	270.0	3	1410.83	1411.129
1415.405	0.8999999999998636	trials	92	s092_J210602	grCe_grSu6CiNe_PS	19	315.0	3	1415.705	1416.005
1416.606	0.8999999999998636	trials	92	s092_J210602	grCe_grSu12SmCiNe_PS	21	135.0	3	1416.906	1417.205
1421.481	0.8999999999998636	trials	92	s092_J210602	grCe_grSu12SmCiNe_PS	21	90.0	3	1421.781	1422.081
1422.0900000000001	0.8999999999998636	trials	92	s092_J210602	grCe_grSu1Ne	3	225.0	3	1422.39	1422.689
1422.698	0.8999999999998636	trials	92	s092_J210602	grCe_grSu6Ne	7	225.0	3	1422.998	1423.298
1427.732	0.8999999999998636	trials	92	s092_J210602	grCe_grSu12Mi	9	315.0	3	1428.032	1428.332
1428.957	0.8999999999998636	trials	92	s092_J210602	grCe_grSu18Fa	11	0.0	3	1429.257	1429.557
1433.9080000000001	0.8999999999998636	trials	92	s092_J210602	grCe_grSu3Ne	5	45.0	3	1434.208	1434.507
1434.516	0.8999999999998636	trials	92	s092_J210602	coCe_grSu6Ne	17	225.0	3	1434.816	1435.116
1438.75	0.8999999999998636	trials	92	s092_J210602	grCe_grSu12SmCiNe_PS	21	45.0	3	1439.05	1439.35
1439.3590000000002	0.8999999999998636	trials	92	s092_J210602	grCe_grSu6CiNe	15	0.0	3	1439.659	1439.958
1444.1670000000001	0.8999999999998636	trials	92	s092_J210602	grSu18Fa	10		3	1444.467	1444.767
1444.784	0.8999999999998636	trials	92	s092_J210602	grCe_grSu18Fa	11	90.0	3	1445.084	1445.384
1445.393	0.8999999999998636	trials	92	s092_J210602	grCe_grSu3Ne	5	135.0	3	1445.693	1445.992
1450.318	0.8999999999998636	trials	92	s092_J210602	grCe_grSu3Ne	5	0.0	3	1450.618	1450.918
1451.535	0.8999999999998636	trials	92	s092_J210602	grSu6CiNe	14		3	1451.835	1452.135
1456.611	0.8999999999998636	trials	92	s092_J210602	NoStim	0		3	1456.911	1457.21
1463.395	0.8999999999998636	trials	92	s092_J210602	grCe_grSu1Ne	3	0.0	3	1463.695	1463.995
1463.9950000000001	0.8999999999998636	trials	92	s092_J210602	grCe_grSu12SmCiNe_PS	21	225.0	3	1464.295	1464.595
1464.603	0.8999999999998636	trials	92	s092_J210602	grCe_grSu6Ne	7	90.0	3	1464.903	1465.203
1470.663	0.8999999999998636	trials	92	s092_J210602	grCe_grSu1Ne	3	90.0	3	1470.963	1471.262
1475.53	0.8999999999998636	trials	92	s092_J210602	grCe_grSu6CiNe	15	135.0	3	1475.83	1476.129
1479.372	0.8999999999998636	trials	92	s092_J210602	coCe	16	315.0	3	1479.672	1479.972
1479.98	0.8999999999998636	trials	92	s092_J210602	coCe_grSu6Ne	17	0.0	3	1480.28	1480.58
1480.589	0.8999999999998636	trials	92	s092_J210602	grCe_grSu12SmCiNe	13	270.0	3	1480.889	1481.188
1485.498	0.8999999999998636	trials	92	s092_J210602	grCe_grSu6CiNe_PS	19	45.0	3	1485.798	1486.097
1486.098	0.8999999999998636	trials	92	s092_J210602	coCe	16	225.0	3	1486.398	1486.697
1494.7820000000002	0.8999999999998636	trials	92	s092_J210602	grCe_grSu6Ne	7	0.0	3	1495.082	1495.382
1495.382	0.8999999999998636	trials	92	s092_J210602	grCe	1	225.0	3	1495.682	1495.982
1495.991	0.8999999999998636	trials	92	s092_J210602	coCe_grSu6Ne	17	45.0	3	1496.291	1496.59
1500.958	0.8999999999998636	trials	92	s092_J210602	grCe_grSu6CiNe_PS	19	135.0	3	1501.258	1501.558
1504.409	0.8999999999998636	trials	92	s092_J210602	grCe_grSu12SmCiNe	13	180.0	3	1504.709	1505.008
1505.625	0.8999999999998636	trials	92	s092_J210602	grSu12Mi	8		3	1505.925	1506.225
1510.3010000000002	0.8999999999998636	trials	92	s092_J210602	grCe	1	90.0	3	1510.601	1510.901
1510.9180000000001	0.8999999999998636	trials	92	s092_J210602	grCe_grSu18Fa	11	180.0	3	1511.218	1511.517
1511.518	0.8999999999998636	trials	92	s092_J210602	grCe	1	135.0	3	1511.818	1512.117
1516.4270000000001	0.8999999999998636	trials	92	s092_J210602	grCe_grSu6CiNe_PS	19	0.0	3	1516.727	1517.026
1517.027	0.8999999999998636	trials	92	s092_J210602	grCe_grSu6CiNe_PS	19	270.0	3	1517.327	1517.626
1522.553	0.8999999999998636	trials	92	s092_J210602	coCe_grSu6Ne	17	270.0	3	1522.853	1523.152
1523.153	0.8999999999998636	trials	92	s092_J210602	grCe_grSu6CiNe_PS	19	180.0	3	1523.453	1523.752
1523.7530000000002	0.8999999999998636	trials	92	s092_J210602	grCe	1	0.0	3	1524.053	1524.352
1528.662	0.8999999999998636	trials	92	s092_J210602	coCe	16	45.0	3	1528.962	1529.261
1529.8700000000001	0.8999999999998636	trials	92	s092_J210602	grCe_grSu12SmCiNe	13	45.0	3	1530.17	1530.47
1534.779	0.8999999999998636	trials	92	s092_J210602	grSu12SmCiNe	12		3	1535.079	1535.379
1535.3880000000001	0.8999999999998636	trials	92	s092_J210602	grCe_grSu6CiNe	15	45.0	3	1535.688	1535.987
1535.988	0.8999999999998636	trials	92	s092_J210602	grSu3Ne	4		3	1536.288	1536.587
1540.847	0.8999999999998636	trials	92	s092_J210602	grCe_grSu12Mi	9	135.0	3	1541.147	1541.446
1541.4470000000001	0.8999999999998636	trials	92	s092_J210602	grCe_grSu12SmCiNe_PS	21	315.0	3	1541.747	1542.046
1542.047	0.8999999999998636	trials	92	s092_J210602	grCe_grSu6Ne_PS	18	45.0	3	1542.347	1542.646
1547.022	0.8999999999998636	trials	92	s092_J210602	grCe_grSu6Ne	7	180.0	3	1547.322	1547.622
1548.231	0.8999999999998636	trials	92	s092_J210602	grCe_grSu6CiNe	15	225.0	3	1548.531	1548.831
1553.098	0.8999999999998636	trials	92	s092_J210602	grCe_grSu18Fa	11	135.0	3	1553.398	1553.698
1554.315	0.8999999999998636	trials	92	s092_J210602	coCe_grSu6Ne	17	135.0	3	1554.615	1554.915
1559.174	0.8999999999998636	trials	92	s092_J210602	grCe_grSu6Ne	7	135.0	3	1559.474	1559.774
1562.758	0.8999999999998636	trials	92	s092_J210602	grCe_grSu12SmCiNe_PS	21	180.0	3	1563.058	1563.357
1563.9750000000001	0.8999999999998636	trials	92	s092_J210602	grCe_grSu18Fa	11	315.0	3	1564.275	1564.574
1568.759	0.8999999999998636	trials	92	s092_J210602	coSu6Ne	20		3	1569.059	1569.358
1573.593	0.8999999999998636	trials	92	s092_J210602	grCe_grSu12SmCiNe	13	315.0	3	1573.893	1574.192
1574.193	0.8999999999998636	trials	92	s092_J210602	coCe	16	270.0	3	1574.493	1574.792
1578.877	0.8999999999998636	trials	92	s092_J210602	grCe_grSu6CiNe	15	180.0	3	1579.177	1579.476
1579.477	0.8999999999998636	trials	92	s092_J210602	grCe	1	270.0	3	1579.777	1580.076
1584.9940000000001	0.8999999999998636	trials	92	s092_J210602	coCe_grSu6Ne	17	315.0	3	1585.294	1585.594
1586.211	0.8999999999998636	trials	92	s092_J210602	grCe_grSu1Ne	3	45.0	3	1586.511	1586.81
1598.637	0.8999999999998636	trials	92	s092_J210602	grCe_grSu6CiNe	15	270.0	3	1598.937	1599.237
1599.238	0.8999999999998636	trials	92	s092_J210602	coCe	16	90.0	3	1599.538	1599.837
1599.838	0.8999999999998636	trials	92	s092_J210602	coCe	16	0.0	3	1600.138	1600.437
1604.7050000000002	0.8999999999998636	trials	92	s092_J210602	grCe_grSu12Mi	9	0.0	3	1605.005	1605.304
1605.913	0.8999999999998636	trials	92	s092_J210602	grCe_grSu12SmCiNe_PS	21	270.0	3	1606.213	1606.513
1611.006	0.8999999999998636	trials	92	s092_J210602	grCe_grSu12SmCiNe	13	90.0	3	1611.306	1611.605
1611.606	0.8999999999998636	trials	92	s092_J210602	grCe_grSu12SmCiNe_PS	21	0.0	3	1611.906	1612.205
1617.165	0.8999999999998636	trials	92	s092_J210602	grSu1Ne	2		3	1617.465	1617.764
1618.382	0.8999999999998636	trials	92	s092_J210602	grCe_grSu3Ne	5	180.0	3	1618.682	1618.981
1623.232	0.8999999999998636	trials	92	s092_J210602	coCe_grSu6Ne	17	90.0	3	1623.532	1623.832
1623.832	0.8999999999998636	trials	92	s092_J210602	grCe_grSu6Ne_PS	18	180.0	3	1624.132	1624.432
1624.433	0.8999999999998636	trials	92	s092_J210602	grCe	1	180.0	3	1624.733	1625.032
1629.25	0.8999999999998636	trials	92	s092_J210602	grCe_grSu6CiNe_PS	19	225.0	3	1629.55	1629.849
1629.858	0.8999999999998636	trials	92	s092_J210602	grCe_grSu12Mi	9	270.0	3	1630.158	1630.458
1630.467	0.8999999999998636	trials	92	s092_J210602	grCe_grSu6CiNe	15	315.0	3	1630.767	1631.066
1635.284	0.8999999999998636	trials	92	s092_J210602	coCe	16	135.0	3	1635.584	1635.883
1635.892	0.8999999999998636	trials	92	s092_J210602	grCe_grSu3Ne	5	315.0	3	1636.192	1636.492
1636.501	0.8999999999998636	trials	92	s092_J210602	coCe_grSu6Ne	17	180.0	3	1636.801	1637.1
1641.5510000000002	0.8999999999998636	trials	92	s092_J210602	grCe_grSu1Ne	3	315.0	3	1641.851	1642.151
1642.16	0.8999999999998636	trials	92	s092_J210602	grCe_grSu12SmCiNe	13	0.0	3	1642.46	1642.759
1642.768	0.8999999999998636	trials	92	s092_J210602	grCe_grSu12Mi	9	90.0	3	1643.068	1643.368
1647.769	0.8999999999998636	trials	92	s092_J210602	grCe_grSu12Mi	9	45.0	3	1648.069	1648.368
1648.411	0.8999999999998636	trials	92	s092_J210602	grCe	1	315.0	3	1648.711	1649.01
1649.011	0.8999999999998636	trials	92	s092_J210602	grCe_grSu6Ne_PS	18	90.0	3	1649.311	1649.61
1653.961	0.8999999999998636	trials	92	s092_J210602	grCe_grSu6Ne_PS	18	135.0	3	1654.261	1654.561
1655.178	0.8999999999998636	trials	92	s092_J210602	grCe_grSu12SmCiNe	13	135.0	3	1655.478	1655.778
1660.012	0.8999999999998636	trials	92	s092_J210602	grCe_grSu18Fa	11	45.0	3	1660.312	1660.612
1660.621	0.8999999999998636	trials	92	s092_J210602	grCe_grSu3Ne	5	225.0	3	1660.921	1661.22
1661.221	0.8999999999998636	trials	92	s092_J210602	grCe_grSu6Ne_PS	18	0.0	3	1661.521	1661.82
1666.2050000000002	0.8999999999998636	trials	92	s092_J210602	grCe_grSu18Fa	11	135.0	8	1666.505	1666.804
1666.805	0.8999999999998636	trials	92	s092_J210602	grCe	1	180.0	8	1667.105	1667.404
1672.589	0.8999999999998636	trials	92	s092_J210602	grCe_grSu18Fa	11	45.0	8	1672.889	1673.188
1673.1970000000001	0.8999999999998636	trials	92	s092_J210602	grCe_grSu6Ne	7	270.0	8	1673.497	1673.797
1673.806	0.8999999999998636	trials	92	s092_J210602	grSu12Mi	8		8	1674.106	1674.405
1678.556	0.8999999999998636	trials	92	s092_J210602	grCe_grSu12SmCiNe	13	225.0	8	1678.856	1679.156
1679.165	0.8999999999998636	trials	92	s092_J210602	grCe_grSu12SmCiNe	13	45.0	8	1679.465	1679.764
1679.765	0.8999999999998636	trials	92	s092_J210602	grCe_grSu6Ne_PS	18	45.0	8	1680.065	1680.364
1688.224	0.8999999999998636	trials	92	s092_J210602	grCe_grSu12SmCiNe_PS	21	90.0	8	1688.524	1688.824
1688.833	0.8999999999998636	trials	92	s092_J210602	coCe_grSu6Ne	17	315.0	8	1689.133	1689.432
1689.441	0.8999999999998636	trials	92	s092_J210602	coCe_grSu6Ne	17	135.0	8	1689.741	1690.04
1694.383	0.8999999999998636	trials	92	s092_J210602	grCe_grSu3Ne	5	90.0	8	1694.683	1694.983
1694.992	0.8999999999998636	trials	92	s092_J210602	grCe_grSu12SmCiNe	13	0.0	8	1695.292	1695.591
1695.6000000000001	0.8999999999998636	trials	92	s092_J210602	grCe_grSu12SmCiNe	13	90.0	8	1695.9	1696.2
1700.384	0.8999999999998636	trials	92	s092_J210602	grCe_grSu6CiNe_PS	19	270.0	8	1700.684	1700.984
1701.001	0.8999999999998636	trials	92	s092_J210602	grCe_grSu18Fa	11	0.0	8	1701.301	1701.6
1701.6090000000002	0.8999999999998636	trials	92	s092_J210602	coCe_grSu6Ne	17	45.0	8	1701.909	1702.209
1706.576	0.8999999999998636	trials	92	s092_J210602	coCe	16	270.0	8	1706.876	1707.176
1707.185	0.8999999999998636	trials	92	s092_J210602	grCe_grSu1Ne	3	90.0	8	1707.485	1707.784
1712.6770000000001	0.8999999999998636	trials	92	s092_J210602	grCe_grSu1Ne	3	0.0	8	1712.977	1713.277
1713.277	0.8999999999998636	trials	92	s092_J210602	grCe_grSu6CiNe_PS	19	135.0	8	1713.577	1713.877
1716.7440000000001	0.8999999999998636	trials	92	s092_J210602	grCe_grSu12Mi	9	0.0	8	1717.044	1717.344
1717.353	0.8999999999998636	trials	92	s092_J210602	grCe_grSu6Ne	7	180.0	8	1717.653	1717.952
1722.92	0.8999999999998636	trials	92	s092_J210602	grCe_grSu12Mi	9	180.0	8	1723.22	1723.52
1723.529	0.8999999999998636	trials	92	s092_J210602	grCe_grSu6Ne	7	45.0	8	1723.829	1724.128
1724.145	0.8999999999998636	trials	92	s092_J210602	grCe_grSu18Fa	11	90.0	8	1724.445	1724.745
1729.721	0.8999999999998636	trials	92	s092_J210602	grCe_grSu12SmCiNe	13	315.0	8	1730.021	1730.321
1730.3210000000001	0.8999999999998636	trials	92	s092_J210602	grCe	1	90.0	8	1730.621	1730.921
1735.23	0.8999999999998636	trials	92	s092_J210602	grCe_grSu3Ne	5	45.0	8	1735.53	1735.83
1736.5140000000001	0.8999999999998636	trials	92	s092_J210602	grCe_grSu12Mi	9	45.0	8	1736.814	1737.113
1742.298	0.8999999999998636	trials	92	s092_J210602	grCe_grSu6CiNe	15	90.0	8	1742.598	1742.897
1742.8980000000001	0.8999999999998636	trials	92	s092_J210602	grSu3Ne	4		8	1743.198	1743.497
1747.7730000000001	0.8999999999998636	trials	92	s092_J210602	grCe_grSu12SmCiNe_PS	21	45.0	8	1748.073	1748.373
1748.374	0.8999999999998636	trials	92	s092_J210602	coCe	16	180.0	8	1748.674	1748.973
1748.982	0.8999999999998636	trials	92	s092_J210602	grCe_grSu12SmCiNe	13	135.0	8	1749.282	1749.582
1753.874	0.8999999999998636	trials	92	s092_J210602	grCe_grSu6CiNe_PS	19	225.0	8	1754.174	1754.474
1754.483	0.8999999999998636	trials	92	s092_J210602	grCe_grSu6Ne	7	315.0	8	1754.783	1755.082
1755.0910000000001	0.8999999999998636	trials	92	s092_J210602	grCe_grSu6CiNe	15	270.0	8	1755.391	1755.691
1760.0330000000001	0.8999999999998636	trials	92	s092_J210602	grCe_grSu6Ne_PS	18	270.0	8	1760.333	1760.633
1760.633	0.8999999999998636	trials	92	s092_J210602	coCe	16	225.0	8	1760.933	1761.233
1761.242	0.8999999999998636	trials	92	s092_J210602	grCe_grSu6CiNe	15	135.0	8	1761.542	1761.841
1766.701	0.8999999999998636	trials	92	s092_J210602	grCe_grSu1Ne	3	180.0	8	1767.001	1767.3
1767.3010000000002	0.8999999999998636	trials	92	s092_J210602	grSu6Ne	6		8	1767.601	1767.901
1772.518	0.8999999999998636	trials	92	s092_J210602	coSu6Ne	20		8	1772.818	1773.118
1773.118	0.8999999999998636	trials	92	s092_J210602	grCe_grSu6CiNe_PS	19	45.0	8	1773.418	1773.718
1773.719	0.8999999999998636	trials	92	s092_J210602	coCe	16	0.0	8	1774.019	1774.318
1778.361	0.8999999999998636	trials	92	s092_J210602	grCe_grSu3Ne	5	225.0	8	1778.661	1778.96
1778.961	0.8999999999998636	trials	92	s092_J210602	coCe	16	90.0	8	1779.261	1779.56
1779.5610000000001	0.8999999999998636	trials	92	s092_J210602	grCe_grSu12SmCiNe_PS	21	180.0	8	1779.861	1780.161
1784.528	0.8999999999998636	trials	92	s092_J210602	grCe_grSu6CiNe_PS	19	180.0	8	1784.828	1785.128
1785.7450000000001	0.8999999999998636	trials	92	s092_J210602	grCe_grSu3Ne	5	0.0	8	1786.045	1786.345
1794.0800000000002	0.8999999999998636	trials	92	s092_J210602	grCe_grSu12SmCiNe_PS	21	270.0	8	1794.38	1794.679
1798.555	0.8999999999998636	trials	92	s092_J210602	grSu18Fa	10		8	1798.855	1799.155
1799.155	0.8999999999998636	trials	92	s092_J210602	grCe	1	315.0	8	1799.455	1799.755
1804.381	0.8999999999998636	trials	92	s092_J210602	grCe_grSu6CiNe_PS	19	90.0	8	1804.681	1804.98
1804.998	0.8999999999998636	trials	92	s092_J210602	grCe_grSu18Fa	11	270.0	8	1805.298	1805.597
1810.582	0.8999999999998636	trials	92	s092_J210602	grCe_grSu12Mi	9	225.0	8	1810.882	1811.181
1811.182	0.8999999999998636	trials	92	s092_J210602	coCe	16	315.0	8	1811.482	1811.781
1811.79	0.8999999999998636	trials	92	s092_J210602	grCe_grSu3Ne	5	270.0	8	1812.09	1812.39
1817.166	0.8999999999998636	trials	92	s092_J210602	coCe_grSu6Ne	17	270.0	8	1817.466	1817.765
1817.7740000000001	0.8999999999998636	trials	92	s092_J210602	grCe_grSu12SmCiNe	13	180.0	8	1818.074	1818.374
1822.708	0.8999999999998636	trials	92	s092_J210602	grCe_grSu1Ne	3	225.0	8	1823.008	1823.308
1823.308	0.8999999999998636	trials	92	s092_J210602	grCe_grSu6Ne_PS	18	135.0	8	1823.608	1823.908
1823.9170000000001	0.8999999999998636	trials	92	s092_J210602	grCe_grSu6CiNe	15	0.0	8	1824.217	1824.516
1831.951	0.8999999999998636	trials	92	s092_J210602	grCe	1	45.0	8	1832.251	1832.551
1836.868	0.8999999999998636	trials	92	s092_J210602	grCe_grSu6Ne	7	0.0	8	1837.168	1837.468
1842.6770000000001	0.8999999999998636	trials	92	s092_J210602	coCe	16	135.0	8	1842.977	1843.277
1843.286	0.8999999999998636	trials	92	s092_J210602	grCe_grSu6Ne_PS	18	0.0	8	1843.586	1843.885
1848.462	0.8999999999998636	trials	92	s092_J210602	coCe_grSu6Ne	17	0.0	8	1848.762	1849.061
1855.212	0.8999999999998636	trials	92	s092_J210602	grCe_grSu6CiNe	15	225.0	8	1855.512	1855.812
1855.813	0.8999999999998636	trials	92	s092_J210602	grCe	1	0.0	8	1856.113	1856.412
1856.421	0.8999999999998636	trials	92	s092_J210602	grCe_grSu6Ne	7	90.0	8	1856.721	1857.02
1861.588	0.8999999999998636	trials	92	s092_J210602	grSu6CiNe	14		8	1861.888	1862.188
1865.597	0.8999999999998636	trials	92	s092_J210602	grCe_grSu6CiNe	15	315.0	8	1865.897	1866.197
1866.2060000000001	0.8999999999998636	trials	92	s092_J210602	grCe_grSu12Mi	9	270.0	8	1866.506	1866.805
1866.814	0.8999999999998636	trials	92	s092_J210602	coCe_grSu6Ne	17	90.0	8	1867.114	1867.413
1871.74	0.8999999999998636	trials	92	s092_J210602	NoStim	0		8	1872.04	1872.339
1872.948	0.8999999999998636	trials	92	s092_J210602	coCe_grSu6Ne	17	225.0	8	1873.248	1873.548
1878.115	0.8999999999998636	trials	92	s092_J210602	grCe_grSu12SmCiNe_PS	21	225.0	8	1878.415	1878.715
1878.724	0.8999999999998636	trials	92	s092_J210602	grCe_grSu1Ne	3	270.0	8	1879.024	1879.323
1879.324	0.8999999999998636	trials	92	s092_J210602	grCe	1	225.0	8	1879.624	1879.923
1884.05	0.8999999999998636	trials	92	s092_J210602	grCe_grSu12Mi	9	135.0	8	1884.35	1884.649
1884.6580000000001	0.8999999999998636	trials	92	s092_J210602	grCe_grSu3Ne	5	315.0	8	1884.958	1885.257
1885.266	0.8999999999998636	trials	92	s092_J210602	grCe_grSu12Mi	9	90.0	8	1885.566	1885.866
1890.117	0.8999999999998636	trials	92	s092_J210602	coCe	16	45.0	8	1890.417	1890.716
1890.717	0.8999999999998636	trials	92	s092_J210602	grCe	1	270.0	8	1891.017	1891.317
1891.325	0.8999999999998636	trials	92	s092_J210602	grCe_grSu6Ne	7	135.0	8	1891.625	1891.925
1899.06	0.8999999999998636	trials	92	s092_J210602	grCe_grSu12SmCiNe	13	270.0	8	1899.36	1899.659
1899.6770000000001	0.8999999999998636	trials	92	s092_J210602	grCe_grSu18Fa	11	315.0	8	1899.977	1900.276
1900.285	0.8999999999998636	trials	92	s092_J210602	coCe_grSu6Ne	17	180.0	8	1900.585	1900.884
1908.1860000000001	0.8999999999998636	trials	92	s092_J210602	grCe_grSu6CiNe_PS	19	315.0	8	1908.486	1908.786
1908.794	0.8999999999998636	trials	92	s092_J210602	grCe_grSu6Ne	7	225.0	8	1909.094	1909.394
1917.521	0.8999999999998636	trials	92	s092_J210602	grCe_grSu6CiNe	15	45.0	8	1917.821	1918.12
1920.8790000000001	0.8999999999998636	trials	92	s092_J210602	grCe_grSu6CiNe	15	180.0	8	1921.179	1921.479
1921.479	0.8999999999998636	trials	92	s092_J210602	grCe_grSu12SmCiNe_PS	21	135.0	8	1921.779	1922.079
1922.096	0.8999999999998636	trials	92	s092_J210602	grCe_grSu18Fa	11	180.0	8	1922.396	1922.696
1927.105	0.8999999999998636	trials	92	s092_J210602	grCe_grSu12SmCiNe_PS	21	315.0	8	1927.405	1927.705
1927.713	0.8999999999998636	trials	92	s092_J210602	grCe_grSu1Ne	3	315.0	8	1928.013	1928.313
1928.314	0.8999999999998636	trials	92	s092_J210602	grCe_grSu6Ne_PS	18	315.0	8	1928.614	1928.913
1937.015	0.8999999999998636	trials	92	s092_J210602	grCe_grSu1Ne	3	135.0	8	1937.315	1937.614
1942.757	0.8999999999998636	trials	92	s092_J210602	grCe_grSu12SmCiNe_PS	21	0.0	8	1943.057	1943.357
1947.724	0.8999999999998636	trials	92	s092_J210602	grCe_grSu18Fa	11	225.0	8	1948.024	1948.324
1952.983	0.8999999999998636	trials	92	s092_J210602	grCe_grSu6CiNe_PS	19	0.0	8	1953.283	1953.583
1953.584	0.8999999999998636	trials	92	s092_J210602	grSu12SmCiNe	12		8	1953.884	1954.183
1954.184	0.8999999999998636	trials	92	s092_J210602	grCe_grSu6Ne_PS	18	90.0	8	1954.484	1954.783
1962.076	0.8999999999998636	trials	92	s092_J210602	grCe_grSu3Ne	5	180.0	8	1962.376	1962.676
1968.769	0.8999999999998636	trials	92	s092_J210602	grSu1Ne	2		8	1969.069	1969.368
1969.3690000000001	0.8999999999998636	trials	92	s092_J210602	grCe_grSu6Ne_PS	18	180.0	8	1969.669	1969.968
1974.211	0.8999999999998636	trials	92	s092_J210602	grCe_grSu12Mi	9	315.0	8	1974.511	1974.811
1974.8110000000001	0.8999999999998636	trials	92	s092_J210602	grCe_grSu6Ne_PS	18	225.0	8	1975.111	1975.411
1975.42	0.8999999999998636	trials	92	s092_J210602	grCe_grSu1Ne	3	45.0	8	1975.72	1976.019
1980.27	0.8999999999998636	trials	92	s092_J210602	grCe	1	135.0	8	1980.57	1980.87
1980.8790000000001	0.8999999999998636	trials	92	s092_J210602	grCe_grSu3Ne	5	135.0	8	1981.179	1981.478
1981.487	0.8999999999998636	trials	92	s092_J210602	grCe_grSu6CiNe_PS	19	0.0	7	1981.787	1982.087
1986.304	0.8999999999998636	trials	92	s092_J210602	grCe_grSu1Ne	3	270.0	7	1986.604	1986.904
1990.188	0.8999999999998636	trials	92	s092_J210602	grCe_grSu12SmCiNe	13	180.0	7	1990.488	1990.788
1990.797	0.8999999999998636	trials	92	s092_J210602	grCe_grSu6Ne	7	135.0	7	1991.097	1991.396
1994.48	0.8999999999998636	trials	92	s092_J210602	grCe_grSu12SmCiNe_PS	21	315.0	7	1994.78	1995.08
2004.357	0.8999999999998636	trials	92	s092_J210602	grCe_grSu6CiNe	15	90.0	7	2004.657	2004.956
2005.582	0.8999999999998636	trials	92	s092_J210602	grCe_grSu18Fa	11	45.0	7	2005.882	2006.181
2013.483	0.8999999999998636	trials	92	s092_J210602	grCe	1	180.0	7	2013.783	2014.083
2014.083	0.8999999999998636	trials	92	s092_J210602	grSu6Ne	6		7	2014.383	2014.683
2014.683	0.8999999999998636	trials	92	s092_J210602	grCe_grSu6CiNe_PS	19	180.0	7	2014.983	2015.283
2019.5420000000001	0.8999999999998636	trials	92	s092_J210602	grCe_grSu6Ne_PS	18	135.0	7	2019.842	2020.142
2020.15	0.8999999999998636	trials	92	s092_J210602	grCe_grSu12SmCiNe	13	270.0	7	2020.45	2020.75
2020.759	0.8999999999998636	trials	92	s092_J210602	grCe_grSu6CiNe	15	45.0	7	2021.059	2021.358
2025.51	0.8999999999998636	trials	92	s092_J210602	grCe_grSu3Ne	5	270.0	7	2025.81	2026.109
2026.1100000000001	0.8999999999998636	trials	92	s092_J210602	coSu6Ne	20		7	2026.41	2026.709
2026.71	0.8999999999998636	trials	92	s092_J210602	coCe	16	45.0	7	2027.01	2027.309
2035.027	0.8999999999998636	trials	92	s092_J210602	grCe_grSu18Fa	11	315.0	7	2035.327	2035.627
2035.636	0.8999999999998636	trials	92	s092_J210602	grCe_grSu12Mi	9	45.0	7	2035.936	2036.235
2041.195	0.8999999999998636	trials	92	s092_J210602	grCe_grSu6Ne_PS	18	225.0	7	2041.495	2041.794
2042.403	0.8999999999998636	trials	92	s092_J210602	coCe	16	270.0	7	2042.703	2043.003
2047.296	0.8999999999998636	trials	92	s092_J210602	grCe_grSu18Fa	11	135.0	7	2047.596	2047.895
2047.912	0.8999999999998636	trials	92	s092_J210602	grCe_grSu18Fa	11	0.0	7	2048.212	2048.512
2052.013	0.900000000000091	trials	92	s092_J210602	grCe_grSu6CiNe	15	180.0	7	2052.313	2052.612
2055.913	0.900000000000091	trials	92	s092_J210602	grCe_grSu12SmCiNe	13	90.0	7	2056.213	2056.513
2056.5139999999997	0.900000000000091	trials	92	s092_J210602	grCe_grSu12SmCiNe_PS	21	225.0	7	2056.814	2057.113
2057.147	0.900000000000091	trials	92	s092_J210602	grCe_grSu6Ne_PS	18	315.0	7	2057.447	2057.746
2066.04	0.900000000000091	trials	92	s092_J210602	grCe_grSu6Ne	7	225.0	7	2066.34	2066.639
2066.64	0.900000000000091	trials	92	s092_J210602	coCe	16	135.0	7	2066.94	2067.239
2071.4069999999997	0.900000000000091	trials	92	s092_J210602	grCe_grSu12Mi	9	90.0	7	2071.707	2072.007
2072.1319999999996	0.900000000000091	trials	92	s092_J210602	coCe_grSu6Ne	17	270.0	7	2072.432	2072.732
2077.433	0.900000000000091	trials	92	s092_J210602	grCe_grSu6Ne_PS	18	270.0	7	2077.733	2078.032
2078.033	0.900000000000091	trials	92	s092_J210602	grSu1Ne	2		7	2078.333	2078.633
2078.633	0.900000000000091	trials	92	s092_J210602	grCe_grSu6CiNe_PS	19	45.0	7	2078.933	2079.233
2083.484	0.900000000000091	trials	92	s092_J210602	grCe	1	270.0	7	2083.784	2084.083
2084.0919999999996	0.900000000000091	trials	92	s092_J210602	grCe_grSu6CiNe	15	225.0	7	2084.392	2084.692
2084.701	0.900000000000091	trials	92	s092_J210602	grCe_grSu12SmCiNe	13	315.0	7	2085.001	2085.3
2089.584	0.900000000000091	trials	92	s092_J210602	grCe_grSu6Ne	7	0.0	7	2089.884	2090.184
2093.243	0.900000000000091	trials	92	s092_J210602	grCe	1	315.0	7	2093.543	2093.843
2093.843	0.900000000000091	trials	92	s092_J210602	coCe	16	180.0	7	2094.143	2094.443
2099.527	0.900000000000091	trials	92	s092_J210602	NoStim	0		7	2099.827	2100.127
2103.586	0.900000000000091	trials	92	s092_J210602	grCe_grSu1Ne	3	315.0	7	2103.886	2104.186
2104.1859999999997	0.900000000000091	trials	92	s092_J210602	grCe	1	45.0	7	2104.486	2104.786
2104.7949999999996	0.900000000000091	trials	92	s092_J210602	grCe_grSu12Mi	9	0.0	7	2105.095	2105.394
2109.6949999999997	0.900000000000091	trials	92	s092_J210602	grCe_grSu3Ne	5	180.0	7	2109.995	2110.295
2113.5209999999997	0.900000000000091	trials	92	s092_J210602	grCe_grSu6Ne_PS	18	180.0	7	2113.821	2114.12
2117.83	0.900000000000091	trials	92	s092_J210602	grCe_grSu3Ne	5	135.0	7	2118.13	2118.429
2118.4379999999996	0.900000000000091	trials	92	s092_J210602	grCe_grSu3Ne	5	90.0	7	2118.738	2119.038
2119.047	0.900000000000091	trials	92	s092_J210602	coCe_grSu6Ne	17	0.0	7	2119.347	2119.646
2123.8889999999997	0.900000000000091	trials	92	s092_J210602	grCe_grSu6CiNe_PS	19	90.0	7	2124.189	2124.488
2124.497	0.900000000000091	trials	92	s092_J210602	grCe_grSu6Ne	7	180.0	7	2124.797	2125.097
2125.214	0.900000000000091	trials	92	s092_J210602	grCe_grSu12SmCiNe	13	45.0	7	2125.514	2125.814
2130.765	0.900000000000091	trials	92	s092_J210602	coCe_grSu6Ne	17	135.0	7	2131.065	2131.364
2131.3819999999996	0.900000000000091	trials	92	s092_J210602	grCe_grSu18Fa	11	180.0	7	2131.682	2131.981
2136.241	0.900000000000091	trials	92	s092_J210602	grCe_grSu12Mi	9	315.0	7	2136.541	2136.84
2137.457	0.900000000000091	trials	92	s092_J210602	grCe_grSu1Ne	3	225.0	7	2137.757	2138.057
2146.484	0.900000000000091	trials	92	s092_J210602	grSu12SmCiNe	12		7	2146.784	2147.083
2150.984	0.900000000000091	trials	92	s092_J210602	grCe_grSu1Ne	3	0.0	7	2151.284	2151.584
2154.826	0.900000000000091	trials	92	s092_J210602	grSu18Fa	10		7	2155.126	2155.426
2156.035	0.900000000000091	trials	92	s092_J210602	grCe_grSu12SmCiNe_PS	21	270.0	7	2156.335	2156.634
2161.044	0.900000000000091	trials	92	s092_J210602	grCe_grSu6Ne	7	315.0	7	2161.344	2161.643
2161.644	0.900000000000091	trials	92	s092_J210602	coCe	16	225.0	7	2161.944	2162.243
2162.252	0.900000000000091	trials	92	s092_J210602	grCe_grSu1Ne	3	135.0	7	2162.552	2162.852
2167.8199999999997	0.900000000000091	trials	92	s092_J210602	grCe_grSu1Ne	3	90.0	7	2168.12	2168.419
2168.4199999999996	0.900000000000091	trials	92	s092_J210602	grSu3Ne	4		7	2168.72	2169.019
2173.2949999999996	0.900000000000091	trials	92	s092_J210602	coCe	16	315.0	7	2173.595	2173.895
2174.5119999999997	0.900000000000091	trials	92	s092_J210602	grCe_grSu6Ne	7	45.0	7	2174.812	2175.112
2179.421	0.900000000000091	trials	92	s092_J210602	coCe_grSu6Ne	17	315.0	7	2179.721	2180.021
2185.647	0.900000000000091	trials	92	s092_J210602	grCe_grSu6CiNe	15	135.0	7	2185.947	2186.246
2186.855	0.900000000000091	trials	92	s092_J210602	coCe_grSu6Ne	17	225.0	7	2187.155	2187.455
2192.2639999999997	0.900000000000091	trials	92	s092_J210602	grCe_grSu6Ne	7	270.0	7	2192.564	2192.864
2192.8729999999996	0.900000000000091	trials	92	s092_J210602	grCe_grSu6CiNe_PS	19	270.0	7	2193.173	2193.472
2197.832	0.900000000000091	trials	92	s092_J210602	grCe_grSu12Mi	9	135.0	7	2198.132	2198.431
2204.624	0.900000000000091	trials	92	s092_J210602	grCe_grSu12Mi	9	270.0	7	2204.924	2205.224
2205.2329999999997	0.900000000000091	trials	92	s092_J210602	grCe_grSu6CiNe	15	315.0	7	2205.533	2205.832
2210.767	0.900000000000091	trials	92	s092_J210602	grCe_grSu3Ne	5	0.0	7	2211.067	2211.366
2214.417	0.900000000000091	trials	92	s092_J210602	grCe_grSu3Ne	5	45.0	7	2214.717	2215.017
2218.093	0.900000000000091	trials	92	s092_J210602	grCe_grSu6Ne_PS	18	45.0	7	2218.393	2218.692
2218.701	0.900000000000091	trials	92	s092_J210602	grCe_grSu1Ne	3	45.0	7	2219.001	2219.301
2219.31	0.900000000000091	trials	92	s092_J210602	grCe_grSu6Ne	7	90.0	7	2219.61	2219.909
2224.252	0.900000000000091	trials	92	s092_J210602	grCe	1	0.0	7	2224.552	2224.851
2224.8599999999997	0.900000000000091	trials	92	s092_J210602	grCe_grSu12SmCiNe	13	0.0	7	2225.16	2225.46
2230.3439999999996	0.900000000000091	trials	92	s092_J210602	grCe_grSu18Fa	11	270.0	7	2230.644	2230.944
2230.961	0.900000000000091	trials	92	s092_J210602	grCe_grSu18Fa	11	90.0	7	2231.261	2231.561
2231.5609999999997	0.900000000000091	trials	92	s092_J210602	grCe	1	90.0	7	2231.861	2232.161
2243.513	0.900000000000091	trials	92	s092_J210602	grCe_grSu12SmCiNe	13	135.0	7	2243.813	2244.112
2244.113	0.900000000000091	trials	92	s092_J210602	grCe_grSu12SmCiNe_PS	21	45.0	7	2244.413	2244.712
2244.721	0.900000000000091	trials	92	s092_J210602	grCe_grSu6Ne_PS	18	90.0	7	2245.021	2245.321
2249.614	0.900000000000091	trials	92	s092_J210602	coCe_grSu6Ne	17	90.0	7	2249.914	2250.213
2250.214	0.900000000000091	trials	92	s092_J210602	grCe	1	135.0	7	2250.514	2250.813
2250.8219999999997	0.900000000000091	trials	92	s092_J210602	grCe_grSu3Ne	5	225.0	7	2251.122	2251.422
2255.673	0.900000000000091	trials	92	s092_J210602	grCe_grSu1Ne	3	180.0	7	2255.973	2256.272
2259.2729999999997	0.900000000000091	trials	92	s092_J210602	grCe_grSu6CiNe_PS	19	135.0	7	2259.573	2259.873
2259.8819999999996	0.900000000000091	trials	92	s092_J210602	coCe_grSu6Ne	17	45.0	7	2260.182	2260.481
2265.816	0.900000000000091	trials	92	s092_J210602	grCe_grSu12SmCiNe	13	225.0	7	2266.116	2266.415
2269.7909999999997	0.900000000000091	trials	92	s092_J210602	coCe	16	90.0	7	2270.091	2270.391
2271.0	0.900000000000091	trials	92	s092_J210602	grCe_grSu6CiNe	15	270.0	7	2271.3	2271.599
2278.9669999999996	0.900000000000091	trials	92	s092_J210602	grCe_grSu12SmCiNe_PS	21	0.0	7	2279.267	2279.567
2279.567	0.900000000000091	trials	92	s092_J210602	grCe_grSu12SmCiNe_PS	21	135.0	7	2279.867	2280.167
2285.1769999999997	0.900000000000091	trials	92	s092_J210602	grCe_grSu6CiNe	15	0.0	7	2285.477	2285.776
2288.785	0.900000000000091	trials	92	s092_J210602	grCe_grSu12SmCiNe_PS	21	90.0	7	2289.085	2289.385
2295.5359999999996	0.900000000000091	trials	92	s092_J210602	coCe	16	0.0	7	2295.836	2296.136
2296.136	0.900000000000091	trials	92	s092_J210602	grCe_grSu6Ne_PS	18	0.0	7	2296.436	2296.736
2296.7529999999997	0.900000000000091	trials	92	s092_J210602	grCe_grSu18Fa	11	225.0	7	2297.053	2297.353
2301.9449999999997	0.900000000000091	trials	92	s092_J210602	grCe_grSu12Mi	9	180.0	7	2302.245	2302.545
2302.5539999999996	0.900000000000091	trials	92	s092_J210602	grCe_grSu3Ne	5	315.0	7	2302.854	2303.153
2303.162	0.900000000000091	trials	92	s092_J210602	coCe_grSu6Ne	17	180.0	7	2303.462	2303.762
2311.305	0.900000000000091	trials	92	s092_J210602	grCe_grSu12SmCiNe_PS	21	180.0	7	2311.605	2311.904
2311.9049999999997	0.900000000000091	trials	92	s092_J210602	grCe_grSu6CiNe_PS	19	315.0	7	2312.205	2312.505
2312.5049999999997	0.900000000000091	trials	92	s092_J210602	grCe_grSu6CiNe_PS	19	225.0	7	2312.805	2313.105
2317.256	0.900000000000091	trials	92	s092_J210602	grCe	1	225.0	7	2317.556	2317.855
2317.864	0.900000000000091	trials	92	s092_J210602	grCe_grSu12Mi	9	225.0	7	2318.164	2318.464
2318.473	0.900000000000091	trials	92	s092_J210602	grSu6CiNe	14		7	2318.773	2319.072
2323.973	0.900000000000091	trials	92	s092_J210602	grSu12Mi	8		7	2324.273	2324.573
2324.573	0.900000000000091	trials	92	s092_J210602	NoStim	0		6	2324.873	2325.173
2329.441	0.900000000000091	trials	92	s092_J210602	grCe_grSu6CiNe	15	0.0	6	2329.741	2330.04
2332.999	0.900000000000091	trials	92	s092_J210602	grCe_grSu18Fa	11	225.0	6	2333.299	2333.599
2333.5989999999997	0.900000000000091	trials	92	s092_J210602	grCe_grSu6CiNe_PS	19	135.0	6	2333.899	2334.199
2342.667	0.900000000000091	trials	92	s092_J210602	grCe_grSu18Fa	11	315.0	6	2342.967	2343.267
2346.201	0.900000000000091	trials	92	s092_J210602	grCe_grSu12Mi	9	180.0	6	2346.501	2346.801
2355.0609999999997	0.900000000000091	trials	92	s092_J210602	coCe_grSu6Ne	17	135.0	6	2355.361	2355.66
2355.6609999999996	0.900000000000091	trials	92	s092_J210602	grCe_grSu6CiNe_PS	19	225.0	6	2355.961	2356.26
2356.261	0.900000000000091	trials	92	s092_J210602	coCe	16	90.0	6	2356.561	2356.86
2361.086	0.900000000000091	trials	92	s092_J210602	grCe_grSu6Ne	7	90.0	6	2361.386	2361.686
2362.303	0.900000000000091	trials	92	s092_J210602	grCe_grSu6CiNe	15	135.0	6	2362.603	2362.903
2367.22	0.900000000000091	trials	92	s092_J210602	grCe	1	270.0	6	2367.52	2367.82
2371.488	0.900000000000091	trials	92	s092_J210602	grCe_grSu12SmCiNe_PS	21	270.0	6	2371.788	2372.087
2372.096	0.900000000000091	trials	92	s092_J210602	grCe_grSu3Ne	5	45.0	6	2372.396	2372.696
2376.913	0.900000000000091	trials	92	s092_J210602	grCe_grSu18Fa	11	180.0	6	2377.213	2377.513
2377.522	0.900000000000091	trials	92	s092_J210602	grCe_grSu6Ne	7	0.0	6	2377.822	2378.121
2378.1299999999997	0.900000000000091	trials	92	s092_J210602	grCe_grSu12Mi	9	90.0	6	2378.43	2378.73
2382.9809999999998	0.900000000000091	trials	92	s092_J210602	grCe_grSu6Ne	7	270.0	6	2383.281	2383.58
2383.589	0.900000000000091	trials	92	s092_J210602	coCe_grSu6Ne	17	45.0	6	2383.889	2384.189
2384.198	0.900000000000091	trials	92	s092_J210602	coCe_grSu6Ne	17	180.0	6	2384.498	2384.797
2389.1479999999997	0.900000000000091	trials	92	s092_J210602	grCe_grSu3Ne	5	90.0	6	2389.448	2389.748
2392.807	0.900000000000091	trials	92	s092_J210602	grCe_grSu6Ne_PS	18	135.0	6	2393.107	2393.407
2393.4069999999997	0.900000000000091	trials	92	s092_J210602	grCe_grSu12SmCiNe_PS	21	225.0	6	2393.707	2394.007
2394.0739999999996	0.900000000000091	trials	92	s092_J210602	coCe_grSu6Ne	17	315.0	6	2394.374	2394.674
2399.008	0.900000000000091	trials	92	s092_J210602	grCe_grSu1Ne	3	90.0	6	2399.308	2399.607
2402.6499999999996	0.900000000000091	trials	92	s092_J210602	grCe_grSu6CiNe	15	180.0	6	2402.95	2403.25
2403.25	0.900000000000091	trials	92	s092_J210602	grCe_grSu6CiNe_PS	19	315.0	6	2403.55	2403.85
2403.85	0.900000000000091	trials	92	s092_J210602	grCe_grSu6Ne_PS	18	180.0	6	2404.15	2404.45
2408.834	0.900000000000091	trials	92	s092_J210602	grCe_grSu18Fa	11	0.0	6	2409.134	2409.434
2409.4429999999998	0.900000000000091	trials	92	s092_J210602	coCe_grSu6Ne	17	225.0	6	2409.743	2410.042
2410.051	0.900000000000091	trials	92	s092_J210602	coCe_grSu6Ne	17	0.0	6	2410.351	2410.651
2414.8599999999997	0.900000000000091	trials	92	s092_J210602	grCe_grSu1Ne	3	180.0	6	2415.16	2415.46
2418.877	0.900000000000091	trials	92	s092_J210602	coCe_grSu6Ne	17	270.0	6	2419.177	2419.477
2419.477	0.900000000000091	trials	92	s092_J210602	grCe_grSu6Ne_PS	18	270.0	6	2419.777	2420.077
2420.0769999999998	0.900000000000091	trials	92	s092_J210602	grCe_grSu12SmCiNe_PS	21	315.0	6	2420.377	2420.677
2429.62	0.900000000000091	trials	92	s092_J210602	grCe_grSu12SmCiNe	13	225.0	6	2429.92	2430.22
2430.22	0.900000000000091	trials	92	s092_J210602	grCe	1	0.0	6	2430.52	2430.82
2430.9289999999996	0.900000000000091	trials	92	s092_J210602	grCe_grSu6CiNe	15	270.0	6	2431.229	2431.528
2435.821	0.900000000000091	trials	92	s092_J210602	grCe_grSu12SmCiNe_PS	21	0.0	6	2436.121	2436.421
2439.9719999999998	0.900000000000091	trials	92	s092_J210602	grCe_grSu12SmCiNe_PS	21	45.0	6	2440.272	2440.571
2440.5719999999997	0.900000000000091	trials	92	s092_J210602	grCe_grSu6CiNe_PS	19	45.0	6	2440.872	2441.171
2441.18	0.900000000000091	trials	92	s092_J210602	grCe_grSu12SmCiNe	13	315.0	6	2441.48	2441.78
2446.064	0.900000000000091	trials	92	s092_J210602	grSu12SmCiNe	12		6	2446.364	2446.664
2446.6639999999998	0.900000000000091	trials	92	s092_J210602	coCe	16	45.0	6	2446.964	2447.264
2452.807	0.900000000000091	trials	92	s092_J210602	grCe_grSu18Fa	11	270.0	6	2453.107	2453.406
2458.491	0.900000000000091	trials	92	s092_J210602	grSu6CiNe	14		6	2458.791	2459.09
2459.0989999999997	0.900000000000091	trials	92	s092_J210602	grCe_grSu1Ne	3	225.0	6	2459.399	2459.699
2459.707	0.900000000000091	trials	92	s092_J210602	grCe_grSu3Ne	5	180.0	6	2460.007	2460.307
2464.7079999999996	0.900000000000091	trials	92	s092_J210602	coCe	16	180.0	6	2465.008	2465.308
2465.317	0.900000000000091	trials	92	s092_J210602	grCe_grSu1Ne	3	45.0	6	2465.617	2465.916
2470.701	0.900000000000091	trials	92	s092_J210602	grCe_grSu1Ne	3	270.0	6	2471.001	2471.3
2471.9089999999997	0.900000000000091	trials	92	s092_J210602	grCe	1	90.0	6	2472.209	2472.509
2480.1929999999998	0.900000000000091	trials	92	s092_J210602	grCe_grSu12Mi	9	315.0	6	2480.493	2480.793
2480.8019999999997	0.900000000000091	trials	92	s092_J210602	grCe_grSu3Ne	5	315.0	6	2481.102	2481.401
2481.402	0.900000000000091	trials	92	s092_J210602	coCe	16	315.0	6	2481.702	2482.002
2486.3109999999997	0.900000000000091	trials	92	s092_J210602	grCe_grSu12SmCiNe	13	0.0	6	2486.611	2486.91
2486.919	0.900000000000091	trials	92	s092_J210602	grCe_grSu12SmCiNe	13	180.0	6	2487.219	2487.519
2487.519	0.900000000000091	trials	92	s092_J210602	grCe	1	45.0	6	2487.819	2488.119
2492.4449999999997	0.900000000000091	trials	92	s092_J210602	grCe_grSu6CiNe_PS	19	270.0	6	2492.745	2493.045
2493.053	0.900000000000091	trials	92	s092_J210602	grCe_grSu6Ne	7	180.0	6	2493.353	2493.653
2501.763	0.900000000000091	trials	92	s092_J210602	grCe	1	225.0	6	2502.063	2502.362
2502.3709999999996	0.900000000000091	trials	92	s092_J210602	grCe_grSu6Ne	7	135.0	6	2502.671	2502.971
2502.98	0.900000000000091	trials	92	s092_J210602	grCe_grSu12Mi	9	270.0	6	2503.28	2503.579
2507.772	0.900000000000091	trials	92	s092_J210602	grCe_grSu6Ne_PS	18	315.0	6	2508.072	2508.372
2508.372	0.900000000000091	trials	92	s092_J210602	coCe	16	270.0	6	2508.672	2508.972
2508.9809999999998	0.900000000000091	trials	92	s092_J210602	grCe_grSu12Mi	9	225.0	6	2509.281	2509.58
2513.689	0.900000000000091	trials	92	s092_J210602	grCe_grSu12Mi	9	135.0	6	2513.989	2514.289
2514.29	0.900000000000091	trials	92	s092_J210602	grCe_grSu6Ne_PS	18	225.0	6	2514.59	2514.889
2514.915	0.900000000000091	trials	92	s092_J210602	grCe_grSu6Ne_PS	18	45.0	6	2515.215	2515.514
2519.865	0.900000000000091	trials	92	s092_J210602	grCe_grSu12Mi	9	45.0	6	2520.165	2520.465
2520.4739999999997	0.900000000000091	trials	92	s092_J210602	grCe_grSu3Ne	5	135.0	6	2520.774	2521.073
2521.082	0.900000000000091	trials	92	s092_J210602	grCe_grSu6Ne	7	225.0	6	2521.382	2521.682
2525.883	0.900000000000091	trials	92	s092_J210602	grCe_grSu18Fa	11	135.0	6	2526.183	2526.482
2527.1079999999997	0.900000000000091	trials	92	s092_J210602	grCe_grSu18Fa	11	90.0	6	2527.408	2527.707
2532.167	0.900000000000091	trials	92	s092_J210602	grCe_grSu6CiNe	15	315.0	6	2532.467	2532.766
2533.375	0.900000000000091	trials	92	s092_J210602	grCe_grSu6Ne_PS	18	0.0	6	2533.675	2533.975
2538.234	0.900000000000091	trials	92	s092_J210602	grSu18Fa	10		6	2538.534	2538.834
2538.834	0.900000000000091	trials	92	s092_J210602	grSu3Ne	4		6	2539.134	2539.434
2539.4339999999997	0.900000000000091	trials	92	s092_J210602	grCe	1	135.0	6	2539.734	2540.034
2544.352	0.900000000000091	trials	92	s092_J210602	grCe_grSu12SmCiNe	13	90.0	6	2544.652	2544.951
2551.136	0.900000000000091	trials	92	s092_J210602	grCe_grSu18Fa	11	45.0	6	2551.436	2551.736
2557.8289999999997	0.900000000000091	trials	92	s092_J210602	grCe_grSu6CiNe_PS	19	180.0	6	2558.129	2558.428
2559.0449999999996	0.900000000000091	trials	92	s092_J210602	grCe_grSu12SmCiNe	13	270.0	6	2559.345	2559.645
2563.971	0.900000000000091	trials	92	s092_J210602	grCe_grSu3Ne	5	225.0	6	2564.271	2564.571
2570.08	0.900000000000091	trials	92	s092_J210602	grCe_grSu1Ne	3	315.0	6	2570.38	2570.68
2571.2889999999998	0.900000000000091	trials	92	s092_J210602	grSu1Ne	2		6	2571.589	2571.888
2576.5809999999997	0.900000000000091	trials	92	s092_J210602	grCe_grSu6CiNe_PS	19	90.0	6	2576.881	2577.181
2577.181	0.900000000000091	trials	92	s092_J210602	coSu6Ne	20		6	2577.481	2577.781
2577.7889999999998	0.900000000000091	trials	92	s092_J210602	grCe_grSu12Mi	9	0.0	6	2578.089	2578.389
2582.7149999999997	0.900000000000091	trials	92	s092_J210602	grCe_grSu3Ne	5	270.0	6	2583.015	2583.315
2583.3149999999996	0.900000000000091	trials	92	s092_J210602	grCe	1	180.0	6	2583.615	2583.915
2583.915	0.900000000000091	trials	92	s092_J210602	grCe_grSu12SmCiNe_PS	21	180.0	6	2584.215	2584.515
2588.9829999999997	0.900000000000091	trials	92	s092_J210602	grSu12Mi	8		6	2589.283	2589.582
2592.558	0.900000000000091	trials	92	s092_J210602	grCe_grSu1Ne	3	135.0	6	2592.858	2593.158
2593.758	0.900000000000091	trials	92	s092_J210602	grSu6Ne	6		6	2594.058	2594.358
2598.6169999999997	0.900000000000091	trials	92	s092_J210602	coCe	16	135.0	6	2598.917	2599.217
2599.2169999999996	0.900000000000091	trials	92	s092_J210602	grCe_grSu12SmCiNe_PS	21	135.0	6	2599.517	2599.817
2599.826	0.900000000000091	trials	92	s092_J210602	grCe_grSu12SmCiNe	13	135.0	6	2600.126	2600.425
2604.651	0.900000000000091	trials	92	s092_J210602	grCe_grSu12SmCiNe	13	45.0	6	2604.951	2605.251
2605.2599999999998	0.900000000000091	trials	92	s092_J210602	coCe_grSu6Ne	17	90.0	6	2605.56	2605.859
2605.868	0.900000000000091	trials	92	s092_J210602	grCe_grSu1Ne	3	0.0	6	2606.168	2606.468
2610.685	0.900000000000091	trials	92	s092_J210602	grCe_grSu6CiNe	15	90.0	6	2610.985	2611.285
2611.886	0.900000000000091	trials	92	s092_J210602	coCe	16	0.0	6	2612.186	2612.485
2616.8199999999997	0.900000000000091	trials	92	s092_J210602	grCe_grSu6CiNe_PS	19	0.0	6	2617.12	2617.419
2618.0359999999996	0.900000000000091	trials	92	s092_J210602	grCe_grSu6Ne	7	315.0	6	2618.336	2618.636
2622.8619999999996	0.900000000000091	trials	92	s092_J210602	grCe_grSu3Ne	5	0.0	6	2623.162	2623.462
2623.462	0.900000000000091	trials	92	s092_J210602	grCe_grSu12SmCiNe_PS	21	90.0	6	2623.762	2624.062
2624.062	0.900000000000091	trials	92	s092_J210602	grCe	1	315.0	6	2624.362	2624.662
2628.946	0.900000000000091	trials	92	s092_J210602	grCe_grSu6Ne_PS	18	90.0	6	2629.246	2629.546
2629.555	0.900000000000091	trials	92	s092_J210602	grCe_grSu6Ne	7	45.0	6	2629.855	2630.154
2630.163	0.900000000000091	trials	92	s092_J210602	grCe_grSu6CiNe	15	225.0	6	2630.463	2630.762
2639.031	0.900000000000091	trials	92	s092_J210602	coCe	16	225.0	6	2639.331	2639.63
2639.6389999999997	0.900000000000091	trials	92	s092_J210602	grCe_grSu6CiNe	15	45.0	6	2639.939	2640.239
2644.473	0.900000000000091	trials	92	s092_J210602	grCe_grSu12SmCiNe_PS	21	90.0	0	2644.773	2645.073
2648.232	0.900000000000091	trials	92	s092_J210602	grCe	1	180.0	0	2648.532	2648.831
2655.3999999999996	0.900000000000091	trials	92	s092_J210602	grCe_grSu18Fa	11	135.0	0	2655.7	2655.999
2656.0159999999996	0.900000000000091	trials	92	s092_J210602	grCe_grSu18Fa	11	0.0	0	2656.316	2656.616
2665.2169999999996	0.900000000000091	trials	92	s092_J210602	grCe_grSu6Ne_PS	18	0.0	0	2665.517	2665.817
2665.826	0.900000000000091	trials	92	s092_J210602	grCe_grSu3Ne	5	180.0	0	2666.126	2666.425
2666.426	0.900000000000091	trials	92	s092_J210602	grCe_grSu6Ne_PS	18	135.0	0	2666.726	2667.026
2672.4429999999998	0.900000000000091	trials	92	s092_J210602	grCe_grSu1Ne	3	225.0	0	2672.743	2673.043
2677.3019999999997	0.900000000000091	trials	92	s092_J210602	grCe_grSu12SmCiNe	13	315.0	0	2677.602	2677.902
2677.9109999999996	0.900000000000091	trials	92	s092_J210602	grCe_grSu6Ne	7	135.0	0	2678.211	2678.51
2678.511	0.900000000000091	trials	92	s092_J210602	grCe_grSu12SmCiNe_PS	21	180.0	0	2678.811	2679.11
2683.4779999999996	0.900000000000091	trials	92	s092_J210602	grCe_grSu12Mi	9	225.0	0	2683.778	2684.078
2684.078	0.900000000000091	trials	92	s092_J210602	coSu6Ne	20		0	2684.378	2684.678
2684.687	0.900000000000091	trials	92	s092_J210602	grCe_grSu12Mi	9	270.0	0	2684.987	2685.286
2689.471	0.900000000000091	trials	92	s092_J210602	grCe_grSu18Fa	11	90.0	0	2689.771	2690.07
2690.0789999999997	0.900000000000091	trials	92	s092_J210602	grCe_grSu6CiNe	15	180.0	0	2690.379	2690.679
2690.696	0.900000000000091	trials	92	s092_J210602	grCe_grSu18Fa	11	270.0	0	2690.996	2691.295
2695.546	0.900000000000091	trials	92	s092_J210602	grCe_grSu1Ne	3	0.0	0	2695.846	2696.146
2696.1549999999997	0.900000000000091	trials	92	s092_J210602	grCe_grSu6Ne	7	0.0	0	2696.455	2696.754
2696.763	0.900000000000091	trials	92	s092_J210602	grCe_grSu1Ne	3	135.0	0	2697.063	2697.363
2704.9559999999997	0.900000000000091	trials	92	s092_J210602	grCe_grSu3Ne	5	270.0	0	2705.256	2705.556
2705.564	0.900000000000091	trials	92	s092_J210602	grCe_grSu6Ne	7	180.0	0	2705.864	2706.164
2706.1639999999998	0.900000000000091	trials	92	s092_J210602	coCe	16	270.0	0	2706.464	2706.764
2710.973	0.900000000000091	trials	92	s092_J210602	grSu1Ne	2		0	2711.273	2711.573
2711.573	0.900000000000091	trials	92	s092_J210602	coCe	16	135.0	0	2711.873	2712.173
2712.174	0.900000000000091	trials	92	s092_J210602	coCe	16	0.0	0	2712.474	2712.773
2718.1659999999997	0.900000000000091	trials	92	s092_J210602	grCe_grSu3Ne	5	0.0	0	2718.466	2718.766
2724.7999999999997	0.900000000000091	trials	92	s092_J210602	grCe_grSu12Mi	9	135.0	0	2725.1	2725.4
2725.417	0.900000000000091	trials	92	s092_J210602	grCe_grSu18Fa	11	225.0	0	2725.717	2726.016
2726.0249999999996	0.900000000000091	trials	92	s092_J210602	grCe_grSu6Ne	7	225.0	0	2726.325	2726.625
2730.8759999999997	0.900000000000091	trials	92	s092_J210602	grCe_grSu6CiNe	15	270.0	0	2731.176	2731.476
2731.4759999999997	0.900000000000091	trials	92	s092_J210602	grCe	1	0.0	0	2731.776	2732.076
2732.084	0.900000000000091	trials	92	s092_J210602	grCe_grSu3Ne	5	225.0	0	2732.384	2732.684
2737.085	0.900000000000091	trials	92	s092_J210602	coCe_grSu6Ne	17	225.0	0	2737.385	2737.685
2737.694	0.900000000000091	trials	92	s092_J210602	grCe_grSu12SmCiNe	13	90.0	0	2737.994	2738.293
2738.3019999999997	0.900000000000091	trials	92	s092_J210602	grCe_grSu6CiNe	15	225.0	0	2738.602	2738.901
2743.086	0.900000000000091	trials	92	s092_J210602	grCe	1	270.0	0	2743.386	2743.685
2743.6859999999997	0.900000000000091	trials	92	s092_J210602	coCe	16	45.0	0	2743.986	2744.286
2744.336	0.900000000000091	trials	92	s092_J210602	grCe	1	135.0	0	2744.636	2744.936
2749.787	0.900000000000091	trials	92	s092_J210602	grCe	1	315.0	0	2750.087	2750.386
2750.3869999999997	0.900000000000091	trials	92	s092_J210602	grCe	1	45.0	0	2750.687	2750.986
2758.68	0.900000000000091	trials	92	s092_J210602	grCe_grSu1Ne	3	270.0	0	2758.98	2759.279
2759.2799999999997	0.900000000000091	trials	92	s092_J210602	grSu6CiNe	14		0	2759.58	2759.879
2759.888	0.900000000000091	trials	92	s092_J210602	grCe_grSu6Ne	7	270.0	0	2760.188	2760.488
2767.631	0.900000000000091	trials	92	s092_J210602	grCe_grSu18Fa	11	180.0	0	2767.931	2768.23
2773.573	0.900000000000091	trials	92	s092_J210602	grCe_grSu12SmCiNe_PS	21	0.0	0	2773.873	2774.173
2774.173	0.900000000000091	trials	92	s092_J210602	grCe	1	90.0	0	2774.473	2774.773
2779.691	0.900000000000091	trials	92	s092_J210602	grCe_grSu6CiNe	15	45.0	0	2779.991	2780.29
2780.299	0.900000000000091	trials	92	s092_J210602	grCe_grSu3Ne	5	45.0	0	2780.599	2780.899
2780.9159999999997	0.900000000000091	trials	92	s092_J210602	coCe	16	180.0	0	2781.216	2781.515
2786.433	0.900000000000091	trials	92	s092_J210602	coCe	16	315.0	0	2786.733	2787.033
2790.1499999999996	0.900000000000091	trials	92	s092_J210602	grCe_grSu12Mi	9	0.0	0	2790.45	2790.75
2790.75	0.900000000000091	trials	92	s092_J210602	grCe_grSu12SmCiNe_PS	21	45.0	0	2791.05	2791.35
2795.359	0.900000000000091	trials	92	s092_J210602	grCe_grSu6Ne_PS	18	315.0	0	2795.659	2795.959
2795.959	0.900000000000091	trials	92	s092_J210602	grCe_grSu6CiNe_PS	19	90.0	0	2796.259	2796.559
2796.576	0.900000000000091	trials	92	s092_J210602	grCe_grSu18Fa	11	45.0	0	2796.876	2797.176
2805.519	0.900000000000091	trials	92	s092_J210602	coCe_grSu6Ne	17	90.0	0	2805.819	2806.119
2809.5699999999997	0.900000000000091	trials	92	s092_J210602	grCe_grSu12Mi	9	90.0	0	2809.87	2810.169
2810.7859999999996	0.900000000000091	trials	92	s092_J210602	grCe_grSu3Ne	5	315.0	0	2811.086	2811.386
2816.3289999999997	0.900000000000091	trials	92	s092_J210602	coCe	16	225.0	0	2816.629	2816.928
2822.0789999999997	0.900000000000091	trials	92	s092_J210602	grCe_grSu1Ne	3	315.0	0	2822.379	2822.679
2822.6879999999996	0.900000000000091	trials	92	s092_J210602	grCe_grSu3Ne	5	135.0	0	2822.988	2823.287
2823.288	0.900000000000091	trials	92	s092_J210602	grCe_grSu12SmCiNe_PS	21	315.0	0	2823.588	2823.888
2828.1639999999998	0.900000000000091	trials	92	s092_J210602	grCe_grSu12SmCiNe_PS	21	225.0	0	2828.464	2828.763
2828.772	0.900000000000091	trials	92	s092_J210602	grCe_grSu6Ne_PS	18	90.0	0	2829.072	2829.372
2829.3799999999997	0.900000000000091	trials	92	s092_J210602	grCe_grSu12SmCiNe	13	270.0	0	2829.68	2829.98
2834.156	0.900000000000091	trials	92	s092_J210602	grCe_grSu12SmCiNe	13	0.0	0	2834.456	2834.756
2835.365	0.900000000000091	trials	92	s092_J210602	grCe_grSu12SmCiNe_PS	21	270.0	0	2835.665	2835.964
2840.924	0.900000000000091	trials	92	s092_J210602	grCe_grSu6Ne_PS	18	180.0	0	2841.224	2841.523
2841.524	0.900000000000091	trials	92	s092_J210602	grCe_grSu6Ne_PS	18	225.0	0	2841.824	2842.123
2849.566	0.900000000000091	trials	92	s092_J210602	grCe_grSu6Ne_PS	18	270.0	0	2849.866	2850.166
2850.1659999999997	0.900000000000091	trials	92	s092_J210602	grSu12SmCiNe	12		0	2850.466	2850.766
2850.7749999999996	0.900000000000091	trials	92	s092_J210602	coCe_grSu6Ne	17	0.0	0	2851.075	2851.374
2855.475	0.900000000000091	trials	92	s092_J210602	grCe_grSu12Mi	9	45.0	0	2855.775	2856.075
2856.084	0.900000000000091	trials	92	s092_J210602	grCe_grSu6Ne	7	315.0	0	2856.384	2856.683
2856.692	0.900000000000091	trials	92	s092_J210602	grCe_grSu12Mi	9	315.0	0	2856.992	2857.292
2861.6259999999997	0.900000000000091	trials	92	s092_J210602	grCe_grSu6CiNe	15	0.0	0	2861.926	2862.226
2862.2349999999997	0.900000000000091	trials	92	s092_J210602	grCe_grSu12SmCiNe	13	135.0	0	2862.535	2862.834
2862.835	0.900000000000091	trials	92	s092_J210602	grCe_grSu6CiNe_PS	19	0.0	0	2863.135	2863.434
2868.4939999999997	0.900000000000091	trials	92	s092_J210602	grSu3Ne	4		0	2868.794	2869.093
2869.0939999999996	0.900000000000091	trials	92	s092_J210602	grCe_grSu6Ne_PS	18	45.0	0	2869.394	2869.693
2874.961	0.900000000000091	trials	92	s092_J210602	grCe_grSu6Ne	7	45.0	0	2875.261	2875.561
2878.6949999999997	0.900000000000091	trials	92	s092_J210602	grCe_grSu6CiNe_PS	19	270.0	0	2878.995	2879.295
2884.638	0.900000000000091	trials	92	s092_J210602	grCe	1	225.0	0	2884.938	2885.237
2885.2459999999996	0.900000000000091	trials	92	s092_J210602	grCe_grSu12SmCiNe	13	45.0	0	2885.546	2885.846
2885.854	0.900000000000091	trials	92	s092_J210602	grCe_grSu12SmCiNe	13	180.0	0	2886.154	2886.454
2900.056	0.900000000000091	trials	92	s092_J210602	grCe_grSu1Ne	3	180.0	0	2900.356	2900.656
2900.665	0.900000000000091	trials	92	s092_J210602	coCe_grSu6Ne	17	270.0	0	2900.965	2901.264
2906.2569999999996	0.900000000000091	trials	92	s092_J210602	coCe	16	90.0	0	2906.557	2906.857
2906.865	0.900000000000091	trials	92	s092_J210602	coCe_grSu6Ne	17	135.0	0	2907.165	2907.465
2907.4739999999997	0.900000000000091	trials	92	s092_J210602	coCe_grSu6Ne	17	45.0	0	2907.774	2908.073
2912.2999999999997	0.900000000000091	trials	92	s092_J210602	grCe_grSu18Fa	11	315.0	0	2912.6	2912.899
2912.908	0.900000000000091	trials	92	s092_J210602	grCe_grSu6CiNe	15	135.0	0	2913.208	2913.507
2913.5159999999996	0.900000000000091	trials	92	s092_J210602	grCe_grSu1Ne	3	90.0	0	2913.816	2914.116
2921.3089999999997	0.900000000000091	trials	92	s092_J210602	grCe_grSu6CiNe_PS	19	135.0	0	2921.609	2921.909
2921.9339999999997	0.900000000000091	trials	92	s092_J210602	grCe_grSu12SmCiNe_PS	21	135.0	0	2922.234	2922.534
2922.5339999999997	0.900000000000091	trials	92	s092_J210602	grSu6Ne	6		0	2922.834	2923.134
2930.444	0.900000000000091	trials	92	s092_J210602	grCe_grSu12SmCiNe	13	225.0	0	2930.744	2931.043
2931.0519999999997	0.900000000000091	trials	92	s092_J210602	grCe_grSu6Ne	7	90.0	0	2931.352	2931.652
2936.569	0.900000000000091	trials	92	s092_J210602	grCe_grSu3Ne	5	90.0	0	2936.869	2937.169
2937.178	0.900000000000091	trials	92	s092_J210602	coCe_grSu6Ne	17	180.0	0	2937.478	2937.777
2937.7859999999996	0.900000000000091	trials	92	s092_J210602	grCe_grSu1Ne	3	45.0	0	2938.086	2938.386
2942.7369999999996	0.900000000000091	trials	92	s092_J210602	grCe_grSu6CiNe_PS	19	45.0	0	2943.037	2943.336
2943.337	0.900000000000091	trials	92	s092_J210602	grCe_grSu6CiNe_PS	19	180.0	0	2943.637	2943.936
2948.988	0.900000000000091	trials	92	s092_J210602	NoStim	0		0	2949.288	2949.587
2949.596	0.900000000000091	trials	92	s092_J210602	grCe_grSu12Mi	9	180.0	0	2949.896	2950.196
2955.047	0.900000000000091	trials	92	s092_J210602	grCe_grSu6CiNe_PS	19	225.0	0	2955.347	2955.646
2955.6549999999997	0.900000000000091	trials	92	s092_J210602	grCe_grSu6CiNe	15	90.0	0	2955.955	2956.255
2956.2639999999997	0.900000000000091	trials	92	s092_J210602	grSu12Mi	8		0	2956.564	2956.863
2961.189	0.900000000000091	trials	92	s092_J210602	grSu18Fa	10		0	2961.489	2961.789
2961.798	0.900000000000091	trials	92	s092_J210602	coCe_grSu6Ne	17	315.0	0	2962.098	2962.397
2962.3979999999997	0.900000000000091	trials	92	s092_J210602	grCe_grSu6CiNe_PS	19	315.0	0	2962.698	2962.997
2974.183	0.900000000000091	trials	92	s092_J210602	grCe_grSu6CiNe	15	315.0	0	2974.483	2974.782
2975.408	0.900000000000091	trials	92	s092_J210602	grCe_grSu18Fa	11	225.0	2	2975.708	2976.007
2980.4249999999997	0.900000000000091	trials	92	s092_J210602	grCe_grSu3Ne	5	180.0	2	2980.725	2981.025
2981.033	0.900000000000091	trials	92	s092_J210602	grCe_grSu3Ne	5	0.0	2	2981.333	2981.633
2981.642	0.900000000000091	trials	92	s092_J210602	grCe_grSu6Ne	7	45.0	2	2981.942	2982.241
2986.5339999999997	0.900000000000091	trials	92	s092_J210602	grCe_grSu12SmCiNe	13	180.0	2	2986.834	2987.134
2987.134	0.900000000000091	trials	92	s092_J210602	grCe_grSu12SmCiNe_PS	21	315.0	2	2987.434	2987.734
2992.602	0.900000000000091	trials	92	s092_J210602	coCe_grSu6Ne	17	315.0	2	2992.902	2993.201
2996.3439999999996	0.900000000000091	trials	92	s092_J210602	grCe_grSu6Ne_PS	18	270.0	2	2996.644	2996.943
2996.9519999999998	0.900000000000091	trials	92	s092_J210602	grCe_grSu12Mi	9	90.0	2	2997.252	2997.552
2997.5519999999997	0.900000000000091	trials	92	s092_J210602	grSu1Ne	2		2	2997.852	2998.152
3002.47	0.900000000000091	trials	92	s092_J210602	coCe	16	0.0	2	3002.77	3003.069
3003.078	0.900000000000091	trials	92	s092_J210602	coCe_grSu6Ne	17	45.0	2	3003.378	3003.677
3003.678	0.900000000000091	trials	92	s092_J210602	grCe	1	45.0	2	3003.978	3004.278
3009.562	0.900000000000091	trials	92	s092_J210602	grCe_grSu18Fa	11	315.0	2	3009.862	3010.162
3010.171	0.900000000000091	trials	92	s092_J210602	grCe_grSu12SmCiNe	13	135.0	2	3010.471	3010.77
3015.68	0.900000000000091	trials	92	s092_J210602	grCe_grSu1Ne	3	90.0	2	3015.98	3016.279
3021.2639999999997	0.900000000000091	trials	92	s092_J210602	grCe_grSu18Fa	11	180.0	2	3021.564	3021.863
3021.864	0.900000000000091	trials	92	s092_J210602	grCe_grSu12SmCiNe_PS	21	225.0	2	3022.164	3022.463
3022.4719999999998	0.900000000000091	trials	92	s092_J210602	grCe_grSu12Mi	9	180.0	2	3022.772	3023.072
3027.464	0.900000000000091	trials	92	s092_J210602	grCe	1	180.0	2	3027.764	3028.064
3028.0649999999996	0.900000000000091	trials	92	s092_J210602	grCe	1	315.0	2	3028.365	3028.664
3028.673	0.900000000000091	trials	92	s092_J210602	grCe_grSu6Ne_PS	18	225.0	2	3028.973	3029.272
3033.6319999999996	0.900000000000091	trials	92	s092_J210602	grCe_grSu3Ne	5	315.0	2	3033.932	3034.231
3034.232	0.900000000000091	trials	92	s092_J210602	grCe_grSu6Ne_PS	18	90.0	2	3034.532	3034.832
3045.8329999999996	0.900000000000091	trials	92	s092_J210602	grCe	1	270.0	2	3046.133	3046.433
3046.4339999999997	0.900000000000091	trials	92	s092_J210602	grCe	1	225.0	2	3046.734	3047.033
3052.1589999999997	0.900000000000091	trials	92	s092_J210602	grCe_grSu6CiNe	15	225.0	2	3052.459	3052.759
3058.502	0.900000000000091	trials	92	s092_J210602	coCe	16	135.0	2	3058.802	3059.101
3059.1099999999997	0.900000000000091	trials	92	s092_J210602	grCe_grSu12SmCiNe	13	315.0	2	3059.41	3059.71
3059.7189999999996	0.900000000000091	trials	92	s092_J210602	grCe_grSu3Ne	5	135.0	2	3060.019	3060.318
3064.703	0.900000000000091	trials	92	s092_J210602	coCe	16	270.0	2	3065.003	3065.302
3068.303	0.900000000000091	trials	92	s092_J210602	grCe_grSu6CiNe_PS	19	225.0	2	3068.603	3068.903
3068.9109999999996	0.900000000000091	trials	92	s092_J210602	coCe_grSu6Ne	17	225.0	2	3069.211	3069.511
3069.52	0.900000000000091	trials	92	s092_J210602	grCe_grSu12Mi	9	135.0	2	3069.82	3070.119
3074.437	0.900000000000091	trials	92	s092_J210602	grCe_grSu12SmCiNe_PS	21	270.0	2	3074.737	3075.037
3075.046	0.900000000000091	trials	92	s092_J210602	grCe_grSu12Mi	9	0.0	2	3075.346	3075.645
3078.613	0.900000000000091	trials	92	s092_J210602	coCe	16	225.0	2	3078.913	3079.212
3079.221	0.900000000000091	trials	92	s092_J210602	grCe_grSu6Ne	7	0.0	2	3079.521	3079.821
3079.83	0.900000000000091	trials	92	s092_J210602	grCe_grSu6CiNe	15	315.0	2	3080.13	3080.429
3084.714	0.900000000000091	trials	92	s092_J210602	grCe_grSu6Ne_PS	18	180.0	2	3085.014	3085.313
3085.33	0.900000000000091	trials	92	s092_J210602	grCe_grSu18Fa	11	270.0	2	3085.63	3085.93
3085.93	0.900000000000091	trials	92	s092_J210602	grCe_grSu6Ne_PS	18	45.0	2	3086.23	3086.53
3090.806	0.900000000000091	trials	92	s092_J210602	grCe_grSu6Ne_PS	18	135.0	2	3091.106	3091.406
3091.4139999999998	0.900000000000091	trials	92	s092_J210602	grCe_grSu6Ne	7	225.0	2	3091.714	3092.014
3092.0139999999997	0.900000000000091	trials	92	s092_J210602	grCe_grSu6CiNe_PS	19	135.0	2	3092.314	3092.614
3096.707	0.900000000000091	trials	92	s092_J210602	grCe_grSu12SmCiNe	13	0.0	2	3097.007	3097.306
3097.3149999999996	0.900000000000091	trials	92	s092_J210602	grCe_grSu12SmCiNe_PS	21	135.0	2	3097.615	3097.915
3106.6499999999996	0.900000000000091	trials	92	s092_J210602	grCe_grSu3Ne	5	225.0	2	3106.95	3107.249
3107.258	0.900000000000091	trials	92	s092_J210602	grCe_grSu3Ne	5	270.0	2	3107.558	3107.858
3112.709	0.900000000000091	trials	92	s092_J210602	coSu6Ne	20		2	3113.009	3113.308
3113.317	0.900000000000091	trials	92	s092_J210602	grCe_grSu6Ne	7	270.0	2	3113.617	3113.917
3113.917	0.900000000000091	trials	92	s092_J210602	grCe	1	90.0	2	3114.217	3114.517
3118.8759999999997	0.900000000000091	trials	92	s092_J210602	grCe_grSu12SmCiNe	13	225.0	2	3119.176	3119.476
3120.093	0.900000000000091	trials	92	s092_J210602	grCe_grSu6CiNe	15	270.0	2	3120.393	3120.693
3124.8849999999998	0.900000000000091	trials	92	s092_J210602	coCe_grSu6Ne	17	270.0	2	3125.185	3125.485
3125.4849999999997	0.900000000000091	trials	92	s092_J210602	coCe	16	180.0	2	3125.785	3126.085
3126.102	0.900000000000091	trials	92	s092_J210602	grCe_grSu18Fa	11	0.0	2	3126.402	3126.702
3131.053	0.900000000000091	trials	92	s092_J210602	grCe_grSu6Ne	7	180.0	2	3131.353	3131.652
3131.653	0.900000000000091	trials	92	s092_J210602	NoStim	0		2	3131.953	3132.253
3132.261	0.900000000000091	trials	92	s092_J210602	grCe_grSu12SmCiNe	13	45.0	2	3132.561	3132.861
3140.354	0.900000000000091	trials	92	s092_J210602	grCe_grSu12Mi	9	225.0	2	3140.654	3140.954
3141.5539999999996	0.900000000000091	trials	92	s092_J210602	grCe_grSu6Ne_PS	18	0.0	2	3141.854	3142.154
3146.3799999999997	0.900000000000091	trials	92	s092_J210602	grCe_grSu6Ne	7	135.0	2	3146.68	3146.979
3146.98	0.900000000000091	trials	92	s092_J210602	coCe	16	90.0	2	3147.28	3147.579
3147.5879999999997	0.900000000000091	trials	92	s092_J210602	grCe_grSu3Ne	5	45.0	2	3147.888	3148.188
3153.064	0.900000000000091	trials	92	s092_J210602	coCe_grSu6Ne	17	180.0	2	3153.364	3153.664
3159.0899999999997	0.900000000000091	trials	92	s092_J210602	grCe_grSu18Fa	11	45.0	2	3159.39	3159.689
3170.866	0.900000000000091	trials	92	s092_J210602	grCe_grSu6Ne	7	90.0	2	3171.166	3171.466
3175.0	0.900000000000091	trials	92	s092_J210602	grCe_grSu6CiNe_PS	19	45.0	2	3175.3	3175.6
3180.801	0.900000000000091	trials	92	s092_J210602	grCe_grSu1Ne	3	315.0	2	3181.101	3181.401
3181.401	0.900000000000091	trials	92	s092_J210602	grCe_grSu6CiNe_PS	19	180.0	2	3181.701	3182.001
3182.009	0.900000000000091	trials	92	s092_J210602	grCe_grSu1Ne	3	135.0	2	3182.309	3182.609
3187.6349999999998	0.900000000000091	trials	92	s092_J210602	grCe_grSu18Fa	11	90.0	2	3187.935	3188.235
3188.2439999999997	0.900000000000091	trials	92	s092_J210602	grCe_grSu12Mi	9	45.0	2	3188.544	3188.843
3199.953	0.900000000000091	trials	92	s092_J210602	grCe_grSu6CiNe	15	90.0	2	3200.253	3200.553
3200.5539999999996	0.900000000000091	trials	92	s092_J210602	grCe_grSu12SmCiNe_PS	21	90.0	2	3200.854	3201.153
3201.154	0.900000000000091	trials	92	s092_J210602	grCe_grSu12SmCiNe_PS	21	0.0	2	3201.454	3201.753
3206.071	0.900000000000091	trials	92	s092_J210602	grCe_grSu12SmCiNe_PS	21	180.0	2	3206.371	3206.67
3206.671	0.900000000000091	trials	92	s092_J210602	grCe_grSu12SmCiNe_PS	21	45.0	2	3206.971	3207.271
3212.1969999999997	0.900000000000091	trials	92	s092_J210602	coCe_grSu6Ne	17	0.0	2	3212.497	3212.796
3212.805	0.900000000000091	trials	92	s092_J210602	grSu12Mi	8		2	3213.105	3213.405
3213.4139999999998	0.900000000000091	trials	92	s092_J210602	grCe_grSu1Ne	3	270.0	2	3213.714	3214.013
3218.131	0.900000000000091	trials	92	s092_J210602	grCe_grSu6CiNe	15	135.0	2	3218.431	3218.73
3218.739	0.900000000000091	trials	92	s092_J210602	grCe_grSu1Ne	3	225.0	2	3219.039	3219.339
3219.339	0.900000000000091	trials	92	s092_J210602	coCe	16	315.0	2	3219.639	3219.939
3231.5739999999996	0.900000000000091	trials	92	s092_J210602	grCe_grSu12SmCiNe	13	90.0	2	3231.874	3232.174
3232.7909999999997	0.900000000000091	trials	92	s092_J210602	grCe_grSu6CiNe	15	0.0	2	3233.091	3233.391
3240.5919999999996	0.900000000000091	trials	92	s092_J210602	grCe_grSu1Ne	3	0.0	2	3240.892	3241.192
3241.192	0.900000000000091	trials	92	s092_J210602	grCe_grSu6Ne_PS	18	315.0	2	3241.492	3241.792
3241.826	0.900000000000091	trials	92	s092_J210602	grCe_grSu1Ne	3	45.0	2	3242.126	3242.425
3246.7259999999997	0.900000000000091	trials	92	s092_J210602	grCe_grSu6CiNe	15	45.0	2	3247.026	3247.326
3247.326	0.900000000000091	trials	92	s092_J210602	grCe_grSu6CiNe_PS	19	270.0	2	3247.626	3247.926
3247.935	0.900000000000091	trials	92	s092_J210602	grCe_grSu6CiNe_PS	19	315.0	2	3248.235	3248.534
3252.8019999999997	0.900000000000091	trials	92	s092_J210602	grSu12SmCiNe	12		2	3253.102	3253.402
3253.41	0.900000000000091	trials	92	s092_J210602	grCe_grSu6Ne	7	315.0	2	3253.71	3254.01
3254.019	0.900000000000091	trials	92	s092_J210602	coCe_grSu6Ne	17	135.0	2	3254.319	3254.618
3258.828	0.900000000000091	trials	92	s092_J210602	coCe_grSu6Ne	17	90.0	2	3259.128	3259.427
3260.0359999999996	0.900000000000091	trials	92	s092_J210602	grSu18Fa	10		2	3260.336	3260.636
3265.087	0.900000000000091	trials	92	s092_J210602	coCe	16	45.0	2	3265.387	3265.686
3265.687	0.900000000000091	trials	92	s092_J210602	grSu3Ne	4		2	3265.987	3266.287
3266.287	0.900000000000091	trials	92	s092_J210602	grCe	1	0.0	2	3266.587	3266.887
3271.0879999999997	0.900000000000091	trials	92	s092_J210602	grCe_grSu18Fa	11	135.0	2	3271.388	3271.687
3271.6879999999996	0.900000000000091	trials	92	s092_J210602	grCe_grSu6CiNe_PS	19	90.0	2	3271.988	3272.287
3277.205	0.900000000000091	trials	92	s092_J210602	grCe_grSu6CiNe	15	180.0	2	3277.505	3277.805
3278.422	0.900000000000091	trials	92	s092_J210602	grCe_grSu12Mi	9	315.0	2	3278.722	3279.022
3283.4139999999998	0.900000000000091	trials	92	s092_J210602	grSu6CiNe	14		2	3283.714	3284.014
3284.0229999999997	0.900000000000091	trials	92	s092_J210602	grCe_grSu12SmCiNe	13	270.0	2	3284.323	3284.622
3284.6229999999996	0.900000000000091	trials	92	s092_J210602	grCe	1	135.0	2	3284.923	3285.222
3289.4649999999997	0.900000000000091	trials	92	s092_J210602	grCe_grSu6CiNe_PS	19	0.0	2	3289.765	3290.065
3290.0739999999996	0.900000000000091	trials	92	s092_J210602	grCe_grSu12Mi	9	270.0	2	3290.374	3290.673
3290.682	0.900000000000091	trials	92	s092_J210602	grCe_grSu3Ne	5	90.0	2	3290.982	3291.281
3295.674	0.900000000000091	trials	92	s092_J210602	grCe_grSu1Ne	3	180.0	2	3295.974	3296.274
3296.274	0.900000000000091	trials	92	s092_J210602	grSu6Ne	6		2	3296.574	3296.874
