onset	duration	nwb_table	ses_ID	ses_Name	cond_Name	cond_ID	target_rot	rep_num	pdOn	pdOff
28.628	0.9000000000000021	trials	101	s101_J210609	grCe_grSu1Ne	3	135.0	8	28.928	29.228
29.227999999999998	0.9000000000000021	trials	101	s101_J210609	grCe_grSu6Ne_PS	18	180.0	8	29.528	29.828
32.845000000000006	0.8999999999999986	trials	101	s101_J210609	coCe	16	225.0	8	33.145	33.445
36.787000000000006	0.8999999999999986	trials	101	s101_J210609	coCe	16	315.0	8	37.087	37.387
40.263000000000005	0.8999999999999986	trials	101	s101_J210609	grCe_grSu1Ne	3	45.0	8	40.563	40.862
44.022000000000006	0.8999999999999986	trials	101	s101_J210609	grCe_grSu6CiNe_PS	19	225.0	8	44.322	44.621
44.622	0.8999999999999986	trials	101	s101_J210609	grCe	1	135.0	8	44.922	45.221
50.173	0.8999999999999986	trials	101	s101_J210609	grCe_grSu12Mi	9	135.0	8	50.473	50.772
50.773	0.8999999999999986	trials	101	s101_J210609	grCe_grSu18Fa	11	0.0	8	51.073	51.372
54.865	0.8999999999999986	trials	101	s101_J210609	grCe_grSu3Ne	5	45.0	8	55.165	55.464
63.391000000000005	0.8999999999999915	trials	101	s101_J210609	grCe_grSu6CiNe	15	180.0	8	63.691	63.99
64.59100000000001	0.8999999999999915	trials	101	s101_J210609	coCe	16	135.0	8	64.891	65.191
69.533	0.8999999999999915	trials	101	s101_J210609	coCe_grSu6Ne	17	315.0	8	69.833	70.133
70.13300000000001	0.8999999999999915	trials	101	s101_J210609	grCe_grSu6CiNe	15	225.0	8	70.433	70.733
75.834	0.8999999999999915	trials	101	s101_J210609	grCe_grSu12SmCiNe_PS	21	90.0	8	76.134	76.434
76.434	0.8999999999999915	trials	101	s101_J210609	grCe_grSu12SmCiNe_PS	21	45.0	8	76.734	77.034
85.285	0.8999999999999915	trials	101	s101_J210609	grCe_grSu6Ne	7	90.0	8	85.585	85.885
86.486	0.8999999999999915	trials	101	s101_J210609	coSu6Ne	20		8	86.786	87.085
91.578	0.8999999999999915	trials	101	s101_J210609	grCe	1	45.0	8	91.878	92.177
95.94500000000001	0.8999999999999915	trials	101	s101_J210609	grCe_grSu12Mi	9	90.0	8	96.245	96.545
96.545	0.8999999999999915	trials	101	s101_J210609	grSu18Fa	10		8	96.845	97.145
104.971	0.8999999999999915	trials	101	s101_J210609	grCe_grSu6Ne	7	180.0	8	105.271	105.571
105.571	0.8999999999999915	trials	101	s101_J210609	grCe	1	0.0	8	105.871	106.171
106.171	0.8999999999999915	trials	101	s101_J210609	grCe	1	90.0	8	106.471	106.771
111.214	0.8999999999999915	trials	101	s101_J210609	grCe_grSu6Ne_PS	18	315.0	8	111.514	111.813
111.81400000000001	0.8999999999999915	trials	101	s101_J210609	grCe_grSu1Ne	3	180.0	8	112.114	112.413
112.414	0.8999999999999915	trials	101	s101_J210609	grCe_grSu12Mi	9	225.0	8	112.714	113.013
117.34	0.8999999999999915	trials	101	s101_J210609	grCe_grSu6Ne	7	45.0	8	117.64	117.939
117.94	0.8999999999999915	trials	101	s101_J210609	grCe_grSu1Ne	3	270.0	8	118.24	118.539
118.54	0.8999999999999915	trials	101	s101_J210609	grCe_grSu18Fa	11	315.0	8	118.84	119.139
123.507	0.8999999999999915	trials	101	s101_J210609	grCe_grSu3Ne	5	225.0	8	123.807	124.107
124.11500000000001	0.8999999999999915	trials	101	s101_J210609	grCe_grSu12Mi	9	315.0	8	124.415	124.715
132.7	0.9000000000000057	trials	101	s101_J210609	grCe_grSu6Ne	7	270.0	8	133.0	133.299
133.29999999999998	0.9000000000000057	trials	101	s101_J210609	grCe_grSu6Ne_PS	18	45.0	8	133.6	133.9
133.89999999999998	0.9000000000000057	trials	101	s101_J210609	grCe_grSu6CiNe	15	135.0	8	134.2	134.5
138.826	0.9000000000000057	trials	101	s101_J210609	grCe_grSu18Fa	11	45.0	8	139.126	139.425
145.35199999999998	0.9000000000000057	trials	101	s101_J210609	grCe_grSu3Ne	5	0.0	8	145.652	145.951
145.952	0.9000000000000057	trials	101	s101_J210609	NoStim	0		8	146.252	146.551
146.552	0.9000000000000057	trials	101	s101_J210609	grSu3Ne	4		8	146.852	147.151
152.16899999999998	0.9000000000000057	trials	101	s101_J210609	grCe_grSu12SmCiNe	13	270.0	8	152.469	152.769
152.76899999999998	0.9000000000000057	trials	101	s101_J210609	grSu12Mi	8		8	153.069	153.369
158.303	0.9000000000000057	trials	101	s101_J210609	coCe	16	180.0	8	158.603	158.903
158.903	0.9000000000000057	trials	101	s101_J210609	grCe_grSu12Mi	9	45.0	8	159.203	159.503
163.887	0.9000000000000057	trials	101	s101_J210609	grSu6Ne	6		8	164.187	164.487
164.554	0.9000000000000057	trials	101	s101_J210609	grCe_grSu12SmCiNe	13	135.0	8	164.854	165.154
165.154	0.9000000000000057	trials	101	s101_J210609	grCe_grSu12SmCiNe_PS	21	180.0	8	165.454	165.754
170.13799999999998	0.9000000000000057	trials	101	s101_J210609	grCe_grSu12SmCiNe_PS	21	225.0	8	170.438	170.738
170.738	0.9000000000000057	trials	101	s101_J210609	grCe_grSu1Ne	3	90.0	8	171.038	171.338
171.338	0.9000000000000057	trials	101	s101_J210609	grCe_grSu6CiNe	15	90.0	8	171.638	171.938
176.356	0.9000000000000057	trials	101	s101_J210609	coCe	16	270.0	8	176.656	176.955
176.956	0.9000000000000057	trials	101	s101_J210609	coCe	16	45.0	8	177.256	177.555
177.55599999999998	0.9000000000000057	trials	101	s101_J210609	grCe_grSu3Ne	5	270.0	8	177.856	178.155
182.54	0.9000000000000057	trials	101	s101_J210609	coCe_grSu6Ne	17	45.0	8	182.84	183.139
183.14	0.9000000000000057	trials	101	s101_J210609	grCe_grSu6Ne_PS	18	270.0	8	183.44	183.739
188.857	0.9000000000000057	trials	101	s101_J210609	coCe	16	0.0	8	189.157	189.457
193.316	0.9000000000000057	trials	101	s101_J210609	grCe_grSu18Fa	11	270.0	8	193.616	193.916
193.916	0.9000000000000057	trials	101	s101_J210609	grCe_grSu6CiNe_PS	19	180.0	8	194.216	194.516
194.516	0.9000000000000057	trials	101	s101_J210609	grCe_grSu6Ne_PS	18	90.0	8	194.816	195.116
199.559	0.9000000000000057	trials	101	s101_J210609	coCe_grSu6Ne	17	90.0	8	199.859	200.158
203.951	0.9000000000000057	trials	101	s101_J210609	grCe_grSu18Fa	11	180.0	8	204.251	204.55
205.15099999999998	0.9000000000000057	trials	101	s101_J210609	grCe_grSu6CiNe	15	315.0	8	205.451	205.751
210.06	0.9000000000000057	trials	101	s101_J210609	grCe_grSu12SmCiNe_PS	21	0.0	8	210.36	210.659
210.66	0.9000000000000057	trials	101	s101_J210609	grCe_grSu6CiNe	15	0.0	8	210.96	211.26
211.26	0.9000000000000057	trials	101	s101_J210609	grCe_grSu18Fa	11	90.0	8	211.56	211.86
216.37699999999998	0.9000000000000057	trials	101	s101_J210609	grCe_grSu18Fa	11	135.0	8	216.677	216.977
219.82	0.9000000000000057	trials	101	s101_J210609	grCe_grSu12SmCiNe	13	180.0	8	220.12	220.419
220.42	0.9000000000000057	trials	101	s101_J210609	grCe_grSu18Fa	11	225.0	8	220.72	221.019
221.14499999999998	0.9000000000000057	trials	101	s101_J210609	grCe_grSu12SmCiNe_PS	21	270.0	8	221.445	221.744
226.462	0.9000000000000057	trials	101	s101_J210609	grCe_grSu6Ne	7	135.0	8	226.762	227.062
227.06199999999998	0.9000000000000057	trials	101	s101_J210609	grSu6CiNe	14		8	227.362	227.662
232.688	0.9000000000000057	trials	101	s101_J210609	grCe_grSu12Mi	9	270.0	8	232.988	233.287
233.28799999999998	0.9000000000000057	trials	101	s101_J210609	coCe_grSu6Ne	17	135.0	8	233.588	233.887
233.88799999999998	0.9000000000000057	trials	101	s101_J210609	grCe_grSu12SmCiNe	13	45.0	8	234.188	234.488
238.84699999999998	0.9000000000000057	trials	101	s101_J210609	grCe_grSu6CiNe_PS	19	315.0	8	239.147	239.447
239.447	0.9000000000000057	trials	101	s101_J210609	grCe_grSu3Ne	5	135.0	8	239.747	240.047
240.047	0.9000000000000057	trials	101	s101_J210609	grCe_grSu6CiNe_PS	19	135.0	8	240.347	240.647
245.273	0.9000000000000057	trials	101	s101_J210609	coCe	16	90.0	8	245.573	245.872
249.54	0.9000000000000057	trials	101	s101_J210609	grCe_grSu6Ne	7	225.0	8	249.84	250.14
250.14	0.9000000000000057	trials	101	s101_J210609	grCe_grSu12Mi	9	180.0	8	250.44	250.74
258.72499999999997	0.9000000000000341	trials	101	s101_J210609	grCe_grSu1Ne	3	0.0	8	259.025	259.324
259.325	0.9000000000000341	trials	101	s101_J210609	grCe_grSu12SmCiNe_PS	21	135.0	8	259.625	259.924
260.058	0.9000000000000341	trials	101	s101_J210609	grCe	1	315.0	8	260.358	260.658
265.784	0.9000000000000341	trials	101	s101_J210609	grCe_grSu3Ne	5	90.0	8	266.084	266.383
266.384	0.9000000000000341	trials	101	s101_J210609	grCe_grSu12SmCiNe	13	225.0	8	266.684	266.983
271.485	0.9000000000000341	trials	101	s101_J210609	coCe_grSu6Ne	17	180.0	8	271.785	272.084
272.085	0.9000000000000341	trials	101	s101_J210609	grSu1Ne	2		8	272.385	272.684
272.685	0.9000000000000341	trials	101	s101_J210609	grCe_grSu1Ne	3	225.0	8	272.985	273.284
280.952	0.9000000000000341	trials	101	s101_J210609	grCe	1	270.0	8	281.252	281.552
284.728	0.9000000000000341	trials	101	s101_J210609	grCe_grSu6CiNe_PS	19	45.0	8	285.028	285.327
285.328	0.9000000000000341	trials	101	s101_J210609	grCe	1	180.0	8	285.628	285.928
285.928	0.9000000000000341	trials	101	s101_J210609	grCe_grSu3Ne	5	180.0	8	286.228	286.528
293.929	0.9000000000000341	trials	101	s101_J210609	grSu12SmCiNe	12		8	294.229	294.529
294.529	0.9000000000000341	trials	101	s101_J210609	grCe_grSu1Ne	3	315.0	8	294.829	295.129
298.08799999999997	0.9000000000000341	trials	101	s101_J210609	coCe_grSu6Ne	17	270.0	8	298.388	298.688
298.688	0.9000000000000341	trials	101	s101_J210609	grCe	1	225.0	8	298.988	299.288
299.288	0.9000000000000341	trials	101	s101_J210609	coCe_grSu6Ne	17	225.0	8	299.588	299.888
304.33	0.9000000000000341	trials	101	s101_J210609	grCe_grSu6Ne	7	315.0	8	304.63	304.93
304.931	0.9000000000000341	trials	101	s101_J210609	grCe_grSu6CiNe_PS	19	90.0	8	305.231	305.53
313.48199999999997	0.9000000000000341	trials	101	s101_J210609	grCe_grSu6CiNe	15	270.0	8	313.782	314.081
314.082	0.9000000000000341	trials	101	s101_J210609	grCe_grSu6CiNe	15	45.0	8	314.382	314.681
314.682	0.9000000000000341	trials	101	s101_J210609	coCe_grSu6Ne	17	0.0	8	314.982	315.281
320.058	0.9000000000000341	trials	101	s101_J210609	grCe_grSu12Mi	9	0.0	8	320.358	320.657
320.658	0.9000000000000341	trials	101	s101_J210609	grCe_grSu6Ne_PS	18	0.0	8	320.958	321.257
325.633	0.9000000000000341	trials	101	s101_J210609	grCe_grSu12SmCiNe_PS	21	315.0	8	325.933	326.233
326.83299999999997	0.9000000000000341	trials	101	s101_J210609	grCe_grSu12SmCiNe	13	315.0	8	327.133	327.433
336.335	0.9000000000000341	trials	101	s101_J210609	grCe_grSu6Ne_PS	18	225.0	8	336.635	336.934
348.253	0.9000000000000341	trials	101	s101_J210609	grCe_grSu12SmCiNe	13	90.0	8	348.553	348.852
348.92	0.9000000000000341	trials	101	s101_J210609	grCe_grSu3Ne	5	315.0	8	349.22	349.519
349.52	0.9000000000000341	trials	101	s101_J210609	grCe_grSu12SmCiNe	13	0.0	8	349.82	350.119
355.295	0.9000000000000341	trials	101	s101_J210609	grCe_grSu6Ne_PS	18	135.0	8	355.595	355.895
355.895	0.9000000000000341	trials	101	s101_J210609	grCe_grSu6CiNe_PS	19	0.0	8	356.195	356.495
364.655	0.9000000000000341	trials	101	s101_J210609	grCe_grSu6CiNe_PS	19	270.0	8	364.955	365.254
365.255	0.9000000000000341	trials	101	s101_J210609	grCe_grSu6Ne	7	0.0	8	365.555	365.855
370.214	0.9000000000000341	trials	101	s101_J210609	grCe_grSu3Ne	5	0.0	3	370.514	370.814
370.81399999999996	0.9000000000000341	trials	101	s101_J210609	grCe_grSu12SmCiNe	13	180.0	3	371.114	371.414
371.414	0.9000000000000341	trials	101	s101_J210609	grCe_grSu6CiNe	15	315.0	3	371.714	372.014
376.957	0.9000000000000341	trials	101	s101_J210609	grCe_grSu6Ne	7	135.0	3	377.257	377.556
382.466	0.9000000000000341	trials	101	s101_J210609	grCe_grSu6CiNe	15	0.0	3	382.766	383.065
386.158	0.9000000000000341	trials	101	s101_J210609	grSu6Ne	6		3	386.458	386.757
386.758	0.9000000000000341	trials	101	s101_J210609	grCe_grSu12SmCiNe_PS	21	315.0	3	387.058	387.357
387.358	0.9000000000000341	trials	101	s101_J210609	grCe_grSu6CiNe	15	45.0	3	387.658	387.957
392.15	0.9000000000000341	trials	101	s101_J210609	grCe_grSu6CiNe	15	180.0	3	392.45	392.75
399.801	0.9000000000000341	trials	101	s101_J210609	coCe_grSu6Ne	17	90.0	3	400.101	400.401
400.401	0.9000000000000341	trials	101	s101_J210609	grCe_grSu6CiNe	15	270.0	3	400.701	401.001
401.001	0.9000000000000341	trials	101	s101_J210609	coCe	16	45.0	3	401.301	401.601
408.92699999999996	0.9000000000000341	trials	101	s101_J210609	grCe_grSu6CiNe_PS	19	90.0	3	409.227	409.527
409.527	0.9000000000000341	trials	101	s101_J210609	grCe_grSu3Ne	5	315.0	3	409.827	410.127
410.128	0.9000000000000341	trials	101	s101_J210609	coCe	16	180.0	3	410.428	410.727
415.128	0.9000000000000341	trials	101	s101_J210609	coCe_grSu6Ne	17	315.0	3	415.428	415.728
415.728	0.9000000000000341	trials	101	s101_J210609	grCe_grSu12SmCiNe_PS	21	0.0	3	416.028	416.328
416.328	0.9000000000000341	trials	101	s101_J210609	grSu12SmCiNe	12		3	416.628	416.928
421.337	0.9000000000000341	trials	101	s101_J210609	grCe_grSu12Mi	9	180.0	3	421.637	421.937
421.937	0.9000000000000341	trials	101	s101_J210609	grCe_grSu6Ne	7	0.0	3	422.237	422.537
422.546	0.9000000000000341	trials	101	s101_J210609	grCe_grSu12SmCiNe	13	135.0	3	422.846	423.145
427.871	0.9000000000000341	trials	101	s101_J210609	grCe_grSu3Ne	5	135.0	3	428.171	428.471
428.472	0.9000000000000341	trials	101	s101_J210609	grCe_grSu12Mi	9	45.0	3	428.772	429.071
429.072	0.9000000000000341	trials	101	s101_J210609	grCe_grSu12SmCiNe	13	90.0	3	429.372	429.671
434.272	0.9000000000000341	trials	101	s101_J210609	grCe_grSu6Ne_PS	18	0.0	3	434.572	434.872
435.472	0.9000000000000341	trials	101	s101_J210609	grSu3Ne	4		3	435.772	436.072
443.78999999999996	0.9000000000000341	trials	101	s101_J210609	grSu6CiNe	14		3	444.09	444.39
444.424	0.9000000000000341	trials	101	s101_J210609	grCe_grSu12Mi	9	135.0	3	444.724	445.023
449.974	0.9000000000000341	trials	101	s101_J210609	grCe_grSu6Ne	7	270.0	3	450.274	450.574
450.574	0.9000000000000341	trials	101	s101_J210609	grCe_grSu18Fa	11	270.0	3	450.874	451.174
455.45	0.9000000000000341	trials	101	s101_J210609	grCe_grSu6Ne	7	315.0	3	455.75	456.05
461.709	0.9000000000000341	trials	101	s101_J210609	coCe	16	225.0	3	462.009	462.309
462.359	0.9000000000000341	trials	101	s101_J210609	grCe_grSu1Ne	3	135.0	3	462.659	462.959
462.959	0.9000000000000341	trials	101	s101_J210609	grCe_grSu18Fa	11	180.0	3	463.259	463.559
468.543	0.9000000000000341	trials	101	s101_J210609	coSu6Ne	20		3	468.843	469.143
469.143	0.9000000000000341	trials	101	s101_J210609	grCe_grSu12SmCiNe	13	45.0	3	469.443	469.743
474.144	0.9000000000000341	trials	101	s101_J210609	grCe_grSu3Ne	5	225.0	3	474.444	474.744
475.36899999999997	0.9000000000000341	trials	101	s101_J210609	grCe_grSu12SmCiNe_PS	21	45.0	3	475.669	475.969
483.32	0.9000000000000341	trials	101	s101_J210609	grCe_grSu6Ne	7	45.0	3	483.62	483.92
483.92	0.9000000000000341	trials	101	s101_J210609	grCe_grSu6CiNe_PS	19	270.0	3	484.22	484.52
484.52	0.9000000000000341	trials	101	s101_J210609	grCe_grSu6Ne	7	90.0	3	484.82	485.12
489.579	0.9000000000000341	trials	101	s101_J210609	coCe	16	135.0	3	489.879	490.179
490.18	0.9000000000000341	trials	101	s101_J210609	grCe_grSu6Ne_PS	18	315.0	3	490.48	490.779
490.78	0.9000000000000341	trials	101	s101_J210609	grCe_grSu12SmCiNe_PS	21	135.0	3	491.08	491.379
496.305	0.9000000000000341	trials	101	s101_J210609	grCe_grSu6Ne	7	180.0	3	496.605	496.905
496.905	0.9000000000000341	trials	101	s101_J210609	grCe	1	180.0	3	497.205	497.505
502.098	0.9000000000000341	trials	101	s101_J210609	grCe	1	135.0	3	502.398	502.697
505.94	0.9000000000000341	trials	101	s101_J210609	grCe_grSu1Ne	3	45.0	3	506.24	506.539
506.53999999999996	0.9000000000000341	trials	101	s101_J210609	grCe_grSu3Ne	5	90.0	3	506.84	507.14
507.14	0.9000000000000341	trials	101	s101_J210609	grCe_grSu6CiNe_PS	19	0.0	3	507.44	507.74
512.2410000000001	0.8999999999999773	trials	101	s101_J210609	grCe_grSu12SmCiNe	13	225.0	3	512.541	512.84
513.4490000000001	0.8999999999999773	trials	101	s101_J210609	grCe_grSu12Mi	9	0.0	3	513.749	514.049
521.409	0.8999999999999773	trials	101	s101_J210609	grCe_grSu12Mi	9	315.0	3	521.709	522.008
522.609	0.8999999999999773	trials	101	s101_J210609	coCe	16	270.0	3	522.909	523.208
530.8180000000001	0.8999999999999773	trials	101	s101_J210609	coCe	16	315.0	3	531.118	531.418
534.577	0.8999999999999773	trials	101	s101_J210609	grSu12Mi	8		3	534.877	535.177
535.2850000000001	0.8999999999999773	trials	101	s101_J210609	grCe_grSu6CiNe_PS	19	225.0	3	535.585	535.885
535.885	0.8999999999999773	trials	101	s101_J210609	grCe_grSu12Mi	9	270.0	3	536.185	536.485
540.769	0.8999999999999773	trials	101	s101_J210609	grCe_grSu6Ne_PS	18	180.0	3	541.069	541.369
541.97	0.8999999999999773	trials	101	s101_J210609	grCe_grSu18Fa	11	225.0	3	542.27	542.569
550.1210000000001	0.8999999999999773	trials	101	s101_J210609	grCe_grSu6CiNe	15	90.0	3	550.421	550.72
551.321	0.8999999999999773	trials	101	s101_J210609	grCe_grSu12SmCiNe	13	0.0	3	551.621	551.92
556.5210000000001	0.8999999999999773	trials	101	s101_J210609	grCe_grSu6Ne	7	225.0	3	556.821	557.121
557.1220000000001	0.8999999999999773	trials	101	s101_J210609	grCe_grSu3Ne	5	270.0	3	557.422	557.721
557.7220000000001	0.8999999999999773	trials	101	s101_J210609	grCe_grSu12SmCiNe_PS	21	270.0	3	558.022	558.321
562.7470000000001	0.8999999999999773	trials	101	s101_J210609	grCe_grSu18Fa	11	0.0	3	563.047	563.347
563.3470000000001	0.8999999999999773	trials	101	s101_J210609	grCe	1	90.0	3	563.647	563.947
563.947	0.8999999999999773	trials	101	s101_J210609	coCe_grSu6Ne	17	225.0	3	564.247	564.547
569.106	0.8999999999999773	trials	101	s101_J210609	grCe_grSu1Ne	3	180.0	3	569.406	569.706
569.707	0.8999999999999773	trials	101	s101_J210609	grSu18Fa	10		3	570.007	570.306
574.332	0.8999999999999773	trials	101	s101_J210609	grCe_grSu12SmCiNe	13	315.0	3	574.632	574.932
583.1500000000001	0.8999999999999773	trials	101	s101_J210609	grSu1Ne	2		3	583.45	583.749
583.75	0.8999999999999773	trials	101	s101_J210609	grCe_grSu18Fa	11	45.0	3	584.05	584.35
591.7760000000001	0.8999999999999773	trials	101	s101_J210609	NoStim	0		3	592.076	592.376
592.976	0.8999999999999773	trials	101	s101_J210609	coCe_grSu6Ne	17	180.0	3	593.276	593.576
598.0350000000001	0.8999999999999773	trials	101	s101_J210609	grCe_grSu1Ne	3	315.0	3	598.335	598.635
607.8280000000001	0.8999999999999773	trials	101	s101_J210609	grCe_grSu6Ne_PS	18	135.0	3	608.128	608.428
608.428	0.8999999999999773	trials	101	s101_J210609	coCe_grSu6Ne	17	135.0	3	608.728	609.028
609.028	0.8999999999999773	trials	101	s101_J210609	grCe_grSu12SmCiNe_PS	21	180.0	3	609.328	609.628
613.937	0.8999999999999773	trials	101	s101_J210609	grCe_grSu12SmCiNe_PS	21	90.0	3	614.237	614.537
614.537	0.8999999999999773	trials	101	s101_J210609	grCe_grSu6Ne_PS	18	90.0	3	614.837	615.137
615.1370000000001	0.8999999999999773	trials	101	s101_J210609	coCe_grSu6Ne	17	270.0	3	615.437	615.737
623.6220000000001	0.8999999999999773	trials	101	s101_J210609	grCe	1	225.0	3	623.922	624.221
624.2220000000001	0.8999999999999773	trials	101	s101_J210609	grCe_grSu1Ne	3	90.0	3	624.522	624.821
629.114	0.8999999999999773	trials	101	s101_J210609	grCe_grSu6Ne_PS	18	225.0	3	629.414	629.714
629.773	0.8999999999999773	trials	101	s101_J210609	grCe_grSu1Ne	3	0.0	3	630.073	630.372
630.373	0.8999999999999773	trials	101	s101_J210609	grCe_grSu12Mi	9	225.0	3	630.673	630.972
635.407	0.8999999999999773	trials	101	s101_J210609	grCe_grSu6Ne_PS	18	270.0	3	635.707	636.006
636.0070000000001	0.8999999999999773	trials	101	s101_J210609	grCe_grSu18Fa	11	90.0	3	636.307	636.606
636.6070000000001	0.8999999999999773	trials	101	s101_J210609	grCe_grSu6Ne_PS	18	45.0	3	636.907	637.206
642.349	0.8999999999999773	trials	101	s101_J210609	grCe_grSu12SmCiNe	13	270.0	3	642.649	642.949
648.067	0.8999999999999773	trials	101	s101_J210609	grCe_grSu18Fa	11	315.0	3	648.367	648.666
655.243	0.8999999999999773	trials	101	s101_J210609	grCe	1	0.0	3	655.543	655.842
655.8430000000001	0.8999999999999773	trials	101	s101_J210609	grCe_grSu1Ne	3	225.0	3	656.143	656.442
656.4430000000001	0.8999999999999773	trials	101	s101_J210609	grCe_grSu6CiNe_PS	19	45.0	3	656.743	657.042
661.518	0.8999999999999773	trials	101	s101_J210609	grCe_grSu3Ne	5	45.0	3	661.818	662.118
662.118	0.8999999999999773	trials	101	s101_J210609	grCe_grSu3Ne	5	180.0	3	662.418	662.718
670.961	0.8999999999999773	trials	101	s101_J210609	grCe	1	315.0	3	671.261	671.561
671.561	0.8999999999999773	trials	101	s101_J210609	grCe_grSu12Mi	9	90.0	3	671.861	672.161
672.1610000000001	0.8999999999999773	trials	101	s101_J210609	grCe	1	45.0	3	672.461	672.761
677.254	0.8999999999999773	trials	101	s101_J210609	coCe	16	0.0	3	677.554	677.853
677.854	0.8999999999999773	trials	101	s101_J210609	grCe_grSu6CiNe	15	135.0	3	678.154	678.453
678.4540000000001	0.8999999999999773	trials	101	s101_J210609	grCe_grSu6CiNe_PS	19	180.0	3	678.754	679.053
686.5300000000001	0.8999999999999773	trials	101	s101_J210609	coCe	16	90.0	3	686.83	687.13
687.13	0.8999999999999773	trials	101	s101_J210609	grCe_grSu6CiNe_PS	19	315.0	3	687.43	687.73
687.73	0.8999999999999773	trials	101	s101_J210609	grCe_grSu12SmCiNe_PS	21	225.0	3	688.03	688.33
692.739	0.8999999999999773	trials	101	s101_J210609	grCe	1	270.0	3	693.039	693.339
693.339	0.8999999999999773	trials	101	s101_J210609	grCe_grSu6CiNe_PS	19	135.0	3	693.639	693.939
693.9390000000001	0.8999999999999773	trials	101	s101_J210609	coCe_grSu6Ne	17	0.0	3	694.239	694.539
698.865	0.8999999999999773	trials	101	s101_J210609	grCe_grSu18Fa	11	135.0	3	699.165	699.464
699.465	0.8999999999999773	trials	101	s101_J210609	grCe_grSu1Ne	3	270.0	3	699.765	700.065
700.065	0.8999999999999773	trials	101	s101_J210609	coCe_grSu6Ne	17	45.0	3	700.365	700.665
705.599	0.8999999999999773	trials	101	s101_J210609	grCe_grSu6CiNe	15	225.0	3	705.899	706.199
706.1990000000001	0.8999999999999773	trials	101	s101_J210609	grCe_grSu6Ne	7	135.0	2	706.499	706.799
711.308	0.8999999999999773	trials	101	s101_J210609	grCe	1	180.0	2	711.608	711.908
715.017	0.8999999999999773	trials	101	s101_J210609	grCe_grSu12SmCiNe_PS	21	315.0	2	715.317	715.617
716.2170000000001	0.8999999999999773	trials	101	s101_J210609	grCe_grSu6Ne	7	315.0	2	716.517	716.817
724.635	0.8999999999999773	trials	101	s101_J210609	coCe	16	315.0	2	724.935	725.234
728.0350000000001	0.8999999999999773	trials	101	s101_J210609	grCe_grSu18Fa	11	135.0	2	728.335	728.635
728.635	0.8999999999999773	trials	101	s101_J210609	grCe_grSu6Ne_PS	18	180.0	2	728.935	729.235
729.236	0.8999999999999773	trials	101	s101_J210609	coCe_grSu6Ne	17	315.0	2	729.536	729.835
743.979	0.8999999999999773	trials	101	s101_J210609	grCe_grSu18Fa	11	0.0	2	744.279	744.579
744.5790000000001	0.8999999999999773	trials	101	s101_J210609	grCe_grSu1Ne	3	225.0	2	744.879	745.179
750.072	0.8999999999999773	trials	101	s101_J210609	grCe_grSu12Mi	9	270.0	2	750.372	750.671
750.672	0.8999999999999773	trials	101	s101_J210609	grCe_grSu12SmCiNe_PS	21	135.0	2	750.972	751.271
751.272	0.8999999999999773	trials	101	s101_J210609	grCe_grSu1Ne	3	315.0	2	751.572	751.871
759.5310000000001	0.8999999999999773	trials	101	s101_J210609	grCe	1	90.0	2	759.831	760.131
760.1310000000001	0.8999999999999773	trials	101	s101_J210609	grCe_grSu18Fa	11	45.0	2	760.431	760.731
760.731	0.8999999999999773	trials	101	s101_J210609	grCe_grSu3Ne	5	270.0	2	761.031	761.331
768.907	0.8999999999999773	trials	101	s101_J210609	grCe_grSu6CiNe	15	315.0	2	769.207	769.507
772.716	0.8999999999999773	trials	101	s101_J210609	coCe	16	225.0	2	773.016	773.316
773.316	0.8999999999999773	trials	101	s101_J210609	grCe_grSu6CiNe_PS	19	135.0	2	773.616	773.916
773.916	0.8999999999999773	trials	101	s101_J210609	grCe_grSu1Ne	3	45.0	2	774.216	774.516
779.034	0.8999999999999773	trials	101	s101_J210609	grCe_grSu12Mi	9	90.0	2	779.334	779.633
779.634	0.8999999999999773	trials	101	s101_J210609	grCe_grSu3Ne	5	225.0	2	779.934	780.233
780.234	0.8999999999999773	trials	101	s101_J210609	grCe_grSu12SmCiNe	13	90.0	2	780.534	780.833
785.168	0.8999999999999773	trials	101	s101_J210609	grCe_grSu12SmCiNe_PS	21	45.0	2	785.468	785.767
785.768	0.8999999999999773	trials	101	s101_J210609	coCe	16	135.0	2	786.068	786.367
791.269	0.8999999999999773	trials	101	s101_J210609	grCe	1	225.0	2	791.569	791.868
791.869	0.8999999999999773	trials	101	s101_J210609	grCe	1	315.0	2	792.169	792.468
800.3950000000001	0.8999999999999773	trials	101	s101_J210609	grCe_grSu3Ne	5	135.0	2	800.695	800.994
801.595	0.8999999999999773	trials	101	s101_J210609	grCe_grSu3Ne	5	45.0	2	801.895	802.194
806.7460000000001	0.8999999999999773	trials	101	s101_J210609	coCe_grSu6Ne	17	225.0	2	807.046	807.345
807.346	0.8999999999999773	trials	101	s101_J210609	grCe_grSu6Ne_PS	18	270.0	2	807.646	807.945
807.946	0.8999999999999773	trials	101	s101_J210609	coCe_grSu6Ne	17	45.0	2	808.246	808.545
813.238	0.8999999999999773	trials	101	s101_J210609	grCe_grSu12SmCiNe	13	0.0	2	813.538	813.838
813.8380000000001	0.8999999999999773	trials	101	s101_J210609	coCe_grSu6Ne	17	180.0	2	814.138	814.438
814.4380000000001	0.8999999999999773	trials	101	s101_J210609	coCe_grSu6Ne	17	90.0	2	814.738	815.038
822.6560000000001	0.8999999999999773	trials	101	s101_J210609	grCe_grSu12Mi	9	45.0	2	822.956	823.256
826.498	0.8999999999999773	trials	101	s101_J210609	grCe_grSu6Ne	7	180.0	2	826.798	827.098
827.0980000000001	0.8999999999999773	trials	101	s101_J210609	coCe_grSu6Ne	17	0.0	2	827.398	827.698
827.6980000000001	0.8999999999999773	trials	101	s101_J210609	grCe_grSu6Ne	7	270.0	2	827.998	828.298
832.9820000000001	0.8999999999999773	trials	101	s101_J210609	grCe_grSu6Ne_PS	18	135.0	2	833.282	833.582
833.582	0.8999999999999773	trials	101	s101_J210609	grCe_grSu12Mi	9	225.0	2	833.882	834.182
834.182	0.8999999999999773	trials	101	s101_J210609	grCe_grSu1Ne	3	180.0	2	834.482	834.782
839.216	0.8999999999999773	trials	101	s101_J210609	coCe	16	0.0	2	839.516	839.816
839.817	0.8999999999999773	trials	101	s101_J210609	grCe_grSu6CiNe	15	90.0	2	840.117	840.416
840.417	0.8999999999999773	trials	101	s101_J210609	grCe_grSu6CiNe_PS	19	45.0	2	840.717	841.016
845.426	0.8999999999999773	trials	101	s101_J210609	grCe_grSu6CiNe_PS	19	90.0	2	845.726	846.025
846.0260000000001	0.8999999999999773	trials	101	s101_J210609	grCe_grSu6CiNe	15	135.0	2	846.326	846.625
851.4680000000001	0.8999999999999773	trials	101	s101_J210609	grSu18Fa	10		2	851.768	852.068
852.0680000000001	0.8999999999999773	trials	101	s101_J210609	grCe_grSu6CiNe	15	180.0	2	852.368	852.668
855.5020000000001	0.8999999999999773	trials	101	s101_J210609	grSu1Ne	2		2	855.802	856.101
859.736	0.8999999999999773	trials	101	s101_J210609	grCe_grSu18Fa	11	90.0	2	860.036	860.335
860.336	0.8999999999999773	trials	101	s101_J210609	grCe_grSu12SmCiNe_PS	21	90.0	2	860.636	860.935
869.3040000000001	0.8999999999999773	trials	101	s101_J210609	coCe_grSu6Ne	17	270.0	2	869.604	869.903
870.504	0.8999999999999773	trials	101	s101_J210609	grCe_grSu6Ne	7	225.0	2	870.804	871.103
875.4630000000001	0.8999999999999773	trials	101	s101_J210609	grCe_grSu6CiNe	15	45.0	2	875.763	876.062
876.0630000000001	0.8999999999999773	trials	101	s101_J210609	grCe_grSu18Fa	11	225.0	2	876.363	876.662
876.696	0.8999999999999773	trials	101	s101_J210609	grCe_grSu3Ne	5	180.0	2	876.996	877.296
881.7220000000001	0.8999999999999773	trials	101	s101_J210609	grSu12Mi	8		2	882.022	882.321
882.322	0.8999999999999773	trials	101	s101_J210609	grCe_grSu6CiNe_PS	19	180.0	2	882.622	882.922
890.956	0.8999999999999773	trials	101	s101_J210609	grCe_grSu6Ne	7	0.0	2	891.256	891.556
894.432	0.8999999999999773	trials	101	s101_J210609	grCe	1	0.0	2	894.732	895.031
895.032	0.8999999999999773	trials	101	s101_J210609	grCe_grSu6Ne	7	90.0	2	895.332	895.632
895.6320000000001	0.8999999999999773	trials	101	s101_J210609	coCe	16	270.0	2	895.932	896.232
901.791	0.8999999999999773	trials	101	s101_J210609	grCe_grSu12Mi	9	0.0	2	902.091	902.391
906.5250000000001	0.8999999999999773	trials	101	s101_J210609	grCe_grSu3Ne	5	90.0	2	906.825	907.125
907.125	0.8999999999999773	trials	101	s101_J210609	grSu12SmCiNe	12		2	907.425	907.725
907.725	0.8999999999999773	trials	101	s101_J210609	grCe_grSu12Mi	9	315.0	2	908.025	908.325
913.326	0.8999999999999773	trials	101	s101_J210609	coCe	16	90.0	2	913.626	913.926
913.926	0.8999999999999773	trials	101	s101_J210609	grCe_grSu3Ne	5	0.0	2	914.226	914.526
918.985	0.8999999999999773	trials	101	s101_J210609	grCe_grSu12Mi	9	135.0	2	919.285	919.585
919.6020000000001	0.8999999999999773	trials	101	s101_J210609	grCe_grSu12SmCiNe_PS	21	0.0	2	919.902	920.201
920.235	0.8999999999999773	trials	101	s101_J210609	grCe_grSu12SmCiNe	13	180.0	2	920.535	920.835
925.053	0.8999999999999773	trials	101	s101_J210609	grCe	1	45.0	2	925.353	925.652
925.653	0.8999999999999773	trials	101	s101_J210609	grCe_grSu12SmCiNe_PS	21	180.0	2	925.953	926.252
926.253	0.8999999999999773	trials	101	s101_J210609	NoStim	0		2	926.553	926.852
931.287	0.8999999999999773	trials	101	s101_J210609	grCe_grSu1Ne	3	0.0	2	931.587	931.886
931.8870000000001	0.8999999999999773	trials	101	s101_J210609	coCe	16	45.0	2	932.187	932.486
932.4870000000001	0.8999999999999773	trials	101	s101_J210609	grCe_grSu6Ne_PS	18	225.0	2	932.787	933.086
938.071	0.8999999999999773	trials	101	s101_J210609	grSu3Ne	4		2	938.371	938.67
947.505	0.8999999999999773	trials	101	s101_J210609	grCe_grSu6CiNe_PS	19	225.0	2	947.805	948.105
948.106	0.8999999999999773	trials	101	s101_J210609	grSu6CiNe	14		2	948.406	948.705
953.7810000000001	0.8999999999999773	trials	101	s101_J210609	grCe_grSu6Ne_PS	18	0.0	2	954.081	954.381
959.224	0.8999999999999773	trials	101	s101_J210609	grCe_grSu12SmCiNe	13	135.0	2	959.524	959.823
959.8240000000001	0.8999999999999773	trials	101	s101_J210609	grCe_grSu12Mi	9	180.0	2	960.124	960.423
960.624	0.8999999999999773	trials	101	s101_J210609	coCe	16	180.0	2	960.924	961.223
965.941	0.8999999999999773	trials	101	s101_J210609	grCe_grSu6Ne	7	45.0	2	966.241	966.541
966.541	0.8999999999999773	trials	101	s101_J210609	grCe_grSu12SmCiNe_PS	21	225.0	2	966.841	967.141
967.1410000000001	0.8999999999999773	trials	101	s101_J210609	grCe_grSu12SmCiNe	13	45.0	2	967.441	967.741
972.234	0.8999999999999773	trials	101	s101_J210609	grCe_grSu1Ne	3	90.0	2	972.534	972.833
972.8340000000001	0.8999999999999773	trials	101	s101_J210609	grCe_grSu12SmCiNe	13	270.0	2	973.134	973.433
973.4340000000001	0.8999999999999773	trials	101	s101_J210609	grCe_grSu6CiNe_PS	19	315.0	2	973.734	974.033
978.4010000000001	0.8999999999999773	trials	101	s101_J210609	grCe_grSu1Ne	3	135.0	2	978.701	979.001
979.0010000000001	0.8999999999999773	trials	101	s101_J210609	grCe_grSu12SmCiNe_PS	21	270.0	2	979.301	979.601
979.601	0.8999999999999773	trials	101	s101_J210609	grCe_grSu6Ne_PS	18	45.0	2	979.901	980.201
984.6850000000001	0.8999999999999773	trials	101	s101_J210609	grCe_grSu18Fa	11	180.0	2	984.985	985.285
988.969	0.8999999999999773	trials	101	s101_J210609	grCe_grSu6CiNe	15	225.0	2	989.269	989.569
989.5690000000001	0.8999999999999773	trials	101	s101_J210609	grCe_grSu6CiNe	15	0.0	2	989.869	990.169
998.104	0.8999999999999773	trials	101	s101_J210609	grCe	1	270.0	2	998.404	998.703
1001.821	0.8999999999999773	trials	101	s101_J210609	grCe_grSu1Ne	3	270.0	2	1002.121	1002.42
1003.0210000000001	0.8999999999999773	trials	101	s101_J210609	grCe_grSu12SmCiNe	13	315.0	2	1003.321	1003.621
1008.072	0.8999999999999773	trials	101	s101_J210609	coSu6Ne	20		2	1008.372	1008.671
1008.672	0.8999999999999773	trials	101	s101_J210609	grCe_grSu6CiNe_PS	19	0.0	2	1008.972	1009.271
1009.272	0.8999999999999773	trials	101	s101_J210609	grCe_grSu6Ne_PS	18	315.0	2	1009.572	1009.871
1014.489	0.8999999999999773	trials	101	s101_J210609	grCe_grSu18Fa	11	315.0	2	1014.789	1015.089
1015.089	0.8999999999999773	trials	101	s101_J210609	grCe_grSu3Ne	5	315.0	2	1015.389	1015.689
1015.6890000000001	0.8999999999999773	trials	101	s101_J210609	grSu6Ne	6		2	1015.989	1016.289
1023.49	0.8999999999998636	trials	101	s101_J210609	grCe_grSu6CiNe_PS	19	270.0	2	1023.79	1024.09
1030.691	0.8999999999998636	trials	101	s101_J210609	grCe_grSu6CiNe	15	270.0	2	1030.991	1031.291
1031.291	0.8999999999998636	trials	101	s101_J210609	grCe_grSu18Fa	11	270.0	2	1031.591	1031.891
1036.3500000000001	0.8999999999998636	trials	101	s101_J210609	grCe_grSu12SmCiNe	13	225.0	2	1036.65	1036.95
1040.0510000000002	0.8999999999998636	trials	101	s101_J210609	grCe_grSu6Ne_PS	18	90.0	2	1040.351	1040.65
1040.651	0.8999999999998636	trials	101	s101_J210609	grCe	1	135.0	2	1040.951	1041.25
1041.251	0.8999999999998636	trials	101	s101_J210609	coCe_grSu6Ne	17	135.0	2	1041.551	1041.85
1049.977	0.8999999999998636	trials	101	s101_J210609	coCe_grSu6Ne	17	315.0	4	1050.277	1050.577
1050.577	0.8999999999998636	trials	101	s101_J210609	coCe	16	45.0	4	1050.877	1051.177
1055.4940000000001	0.8999999999998636	trials	101	s101_J210609	grCe_grSu3Ne	5	225.0	4	1055.794	1056.094
1059.17	0.8999999999998636	trials	101	s101_J210609	grCe_grSu1Ne	3	90.0	4	1059.47	1059.769
1059.77	0.8999999999998636	trials	101	s101_J210609	grCe	1	45.0	4	1060.07	1060.37
1069.28	0.8999999999998636	trials	101	s101_J210609	grCe_grSu12SmCiNe	13	315.0	4	1069.58	1069.879
1070.48	0.8999999999998636	trials	101	s101_J210609	grCe	1	90.0	4	1070.78	1071.079
1075.48	0.8999999999998636	trials	101	s101_J210609	grCe_grSu6CiNe_PS	19	0.0	4	1075.78	1076.08
1076.0800000000002	0.8999999999998636	trials	101	s101_J210609	grCe_grSu12Mi	9	90.0	4	1076.38	1076.68
1076.681	0.8999999999998636	trials	101	s101_J210609	grCe_grSu6Ne	7	0.0	4	1076.981	1077.28
1084.823	0.8999999999998636	trials	101	s101_J210609	grCe	1	180.0	4	1085.123	1085.423
1089.1570000000002	0.8999999999998636	trials	101	s101_J210609	grCe_grSu18Fa	11	315.0	4	1089.457	1089.757
1089.757	0.8999999999998636	trials	101	s101_J210609	grCe_grSu1Ne	3	315.0	4	1090.057	1090.357
1097.867	0.8999999999998636	trials	101	s101_J210609	coCe	16	90.0	4	1098.167	1098.466
1098.467	0.8999999999998636	trials	101	s101_J210609	grCe_grSu12Mi	9	180.0	4	1098.767	1099.066
1102.634	0.8999999999998636	trials	101	s101_J210609	coCe_grSu6Ne	17	270.0	4	1102.934	1103.233
1103.2340000000002	0.8999999999998636	trials	101	s101_J210609	grCe_grSu6CiNe	15	270.0	4	1103.534	1103.834
1103.834	0.8999999999998636	trials	101	s101_J210609	coCe_grSu6Ne	17	225.0	4	1104.134	1104.434
1116.336	0.8999999999998636	trials	101	s101_J210609	grCe_grSu18Fa	11	0.0	4	1116.636	1116.935
1116.9360000000001	0.8999999999998636	trials	101	s101_J210609	grCe_grSu6Ne	7	45.0	4	1117.236	1117.535
1117.536	0.8999999999998636	trials	101	s101_J210609	grCe_grSu6Ne	7	180.0	4	1117.836	1118.135
1125.6870000000001	0.8999999999998636	trials	101	s101_J210609	grCe_grSu1Ne	3	135.0	4	1125.987	1126.286
1126.287	0.8999999999998636	trials	101	s101_J210609	grCe_grSu6Ne	7	90.0	4	1126.587	1126.887
1126.887	0.8999999999998636	trials	101	s101_J210609	grCe_grSu3Ne	5	90.0	4	1127.187	1127.487
1131.713	0.8999999999998636	trials	101	s101_J210609	grCe_grSu18Fa	11	225.0	4	1132.013	1132.312
1132.313	0.8999999999998636	trials	101	s101_J210609	NoStim	0		4	1132.613	1132.912
1132.929	0.8999999999998636	trials	101	s101_J210609	grCe_grSu6CiNe_PS	19	135.0	4	1133.229	1133.529
1137.913	0.8999999999998636	trials	101	s101_J210609	grCe_grSu12SmCiNe	13	0.0	4	1138.213	1138.513
1139.114	0.8999999999998636	trials	101	s101_J210609	grCe_grSu6Ne	7	135.0	4	1139.414	1139.713
1144.1390000000001	0.8999999999998636	trials	101	s101_J210609	coCe	16	270.0	4	1144.439	1144.739
1144.739	0.8999999999998636	trials	101	s101_J210609	coCe	16	0.0	4	1145.039	1145.339
1145.339	0.8999999999998636	trials	101	s101_J210609	grCe_grSu12SmCiNe_PS	21	45.0	4	1145.639	1145.939
1150.415	0.8999999999998636	trials	101	s101_J210609	grCe_grSu6Ne_PS	18	135.0	4	1150.715	1151.015
1154.741	0.8999999999998636	trials	101	s101_J210609	grCe_grSu18Fa	11	135.0	4	1155.041	1155.34
1161.525	0.8999999999998636	trials	101	s101_J210609	grCe_grSu12SmCiNe	13	90.0	4	1161.825	1162.124
1162.125	0.8999999999998636	trials	101	s101_J210609	grCe_grSu6Ne_PS	18	90.0	4	1162.425	1162.724
1167.492	0.8999999999998636	trials	101	s101_J210609	coCe_grSu6Ne	17	90.0	4	1167.792	1168.092
1168.092	0.8999999999998636	trials	101	s101_J210609	grCe_grSu6CiNe_PS	19	45.0	4	1168.392	1168.692
1168.692	0.8999999999998636	trials	101	s101_J210609	grCe_grSu6CiNe_PS	19	315.0	4	1168.992	1169.292
1173.643	0.8999999999998636	trials	101	s101_J210609	grCe_grSu6Ne	7	270.0	4	1173.943	1174.243
1174.252	0.8999999999998636	trials	101	s101_J210609	grCe_grSu3Ne	5	135.0	4	1174.552	1174.851
1174.852	0.8999999999998636	trials	101	s101_J210609	grCe_grSu12SmCiNe_PS	21	135.0	4	1175.152	1175.451
1179.8110000000001	0.8999999999998636	trials	101	s101_J210609	grCe_grSu6Ne_PS	18	0.0	4	1180.111	1180.41
1180.411	0.8999999999998636	trials	101	s101_J210609	grCe_grSu12SmCiNe_PS	21	270.0	4	1180.711	1181.01
1181.011	0.8999999999998636	trials	101	s101_J210609	grCe_grSu12SmCiNe_PS	21	180.0	4	1181.311	1181.61
1186.778	0.8999999999998636	trials	101	s101_J210609	grCe_grSu1Ne	3	225.0	4	1187.078	1187.378
1187.3780000000002	0.8999999999998636	trials	101	s101_J210609	coCe	16	180.0	4	1187.678	1187.978
1196.704	0.8999999999998636	trials	101	s101_J210609	grCe_grSu6CiNe_PS	19	180.0	4	1197.004	1197.304
1197.305	0.8999999999998636	trials	101	s101_J210609	grCe_grSu3Ne	5	270.0	4	1197.605	1197.904
1205.681	0.8999999999998636	trials	101	s101_J210609	grCe_grSu1Ne	3	0.0	4	1205.981	1206.28
1206.281	0.8999999999998636	trials	101	s101_J210609	grCe_grSu12SmCiNe	13	135.0	4	1206.581	1206.88
1207.047	0.8999999999998636	trials	101	s101_J210609	grCe_grSu12SmCiNe_PS	21	0.0	4	1207.347	1207.647
1211.973	0.8999999999998636	trials	101	s101_J210609	grCe_grSu6Ne_PS	18	315.0	4	1212.273	1212.573
1215.5900000000001	0.8999999999998636	trials	101	s101_J210609	grCe_grSu12Mi	9	315.0	4	1215.89	1216.19
1216.19	0.8999999999998636	trials	101	s101_J210609	grCe_grSu6Ne	7	315.0	4	1216.49	1216.79
1219.999	0.8999999999998636	trials	101	s101_J210609	coSu6Ne	20		4	1220.299	1220.599
1220.599	0.8999999999998636	trials	101	s101_J210609	grCe_grSu12SmCiNe	13	225.0	4	1220.899	1221.199
1221.199	0.8999999999998636	trials	101	s101_J210609	grCe_grSu18Fa	11	45.0	4	1221.499	1221.799
1226.267	0.8999999999998636	trials	101	s101_J210609	grCe_grSu6CiNe_PS	19	225.0	4	1226.567	1226.866
1227.483	0.8999999999998636	trials	101	s101_J210609	coCe	16	315.0	4	1227.783	1228.083
1232.509	0.8999999999998636	trials	101	s101_J210609	grCe_grSu1Ne	3	180.0	4	1232.809	1233.109
1233.1090000000002	0.8999999999998636	trials	101	s101_J210609	grCe_grSu3Ne	5	315.0	4	1233.409	1233.709
1233.709	0.8999999999998636	trials	101	s101_J210609	grCe_grSu6CiNe_PS	19	270.0	4	1234.009	1234.309
1238.852	0.8999999999998636	trials	101	s101_J210609	grCe	1	0.0	4	1239.152	1239.451
1239.452	0.8999999999998636	trials	101	s101_J210609	grCe_grSu12Mi	9	225.0	4	1239.752	1240.051
1240.0520000000001	0.8999999999998636	trials	101	s101_J210609	grSu12Mi	8		4	1240.352	1240.651
1245.1860000000001	0.8999999999998636	trials	101	s101_J210609	grCe_grSu6CiNe	15	315.0	4	1245.486	1245.785
1248.644	0.8999999999998636	trials	101	s101_J210609	grCe_grSu12SmCiNe_PS	21	315.0	4	1248.944	1249.244
1249.2450000000001	0.8999999999998636	trials	101	s101_J210609	grCe_grSu6CiNe	15	45.0	4	1249.545	1249.844
1249.845	0.8999999999998636	trials	101	s101_J210609	grCe_grSu12SmCiNe	13	270.0	4	1250.145	1250.444
1258.462	0.8999999999998636	trials	101	s101_J210609	grSu6CiNe	14		4	1258.762	1259.062
1259.063	0.8999999999998636	trials	101	s101_J210609	grCe_grSu6CiNe	15	135.0	4	1259.363	1259.662
1264.713	0.8999999999998636	trials	101	s101_J210609	grSu1Ne	2		4	1265.013	1265.313
1265.313	0.8999999999998636	trials	101	s101_J210609	grCe_grSu12Mi	9	0.0	4	1265.613	1265.913
1265.913	0.8999999999998636	trials	101	s101_J210609	grCe_grSu1Ne	3	45.0	4	1266.213	1266.513
1270.964	0.8999999999998636	trials	101	s101_J210609	grCe	1	270.0	4	1271.264	1271.564
1275.19	0.8999999999998636	trials	101	s101_J210609	coCe	16	135.0	4	1275.49	1275.789
1275.79	0.8999999999998636	trials	101	s101_J210609	grCe_grSu6Ne_PS	18	45.0	4	1276.09	1276.389
1276.39	0.8999999999998636	trials	101	s101_J210609	grCe_grSu6Ne_PS	18	180.0	4	1276.69	1276.989
1285.891	0.8999999999998636	trials	101	s101_J210609	grCe_grSu12SmCiNe_PS	21	225.0	4	1286.191	1286.491
1286.491	0.8999999999998636	trials	101	s101_J210609	grCe	1	225.0	4	1286.791	1287.091
1291.892	0.8999999999998636	trials	101	s101_J210609	grCe_grSu6CiNe_PS	19	90.0	4	1292.192	1292.491
1292.492	0.8999999999998636	trials	101	s101_J210609	coCe_grSu6Ne	17	180.0	4	1292.792	1293.091
1293.092	0.8999999999998636	trials	101	s101_J210609	grCe_grSu18Fa	11	90.0	4	1293.392	1293.691
1298.126	0.8999999999998636	trials	101	s101_J210609	grCe_grSu12SmCiNe	13	180.0	4	1298.426	1298.725
1301.718	0.8999999999998636	trials	101	s101_J210609	grCe_grSu1Ne	3	270.0	4	1302.018	1302.318
1302.318	0.8999999999998636	trials	101	s101_J210609	grCe_grSu6CiNe	15	225.0	4	1302.618	1302.918
1308.086	0.8999999999998636	trials	101	s101_J210609	grCe_grSu6CiNe	15	180.0	4	1308.386	1308.685
1308.727	0.8999999999998636	trials	101	s101_J210609	grCe_grSu18Fa	11	180.0	4	1309.027	1309.327
1309.327	0.8999999999998636	trials	101	s101_J210609	grCe_grSu12Mi	9	270.0	4	1309.627	1309.927
1314.303	0.8999999999998636	trials	101	s101_J210609	grCe_grSu3Ne	5	0.0	4	1314.603	1314.903
1314.903	0.8999999999998636	trials	101	s101_J210609	grCe_grSu12SmCiNe	13	45.0	4	1315.203	1315.503
1320.529	0.8999999999998636	trials	101	s101_J210609	grCe_grSu3Ne	5	45.0	4	1320.829	1321.128
1325.0130000000001	0.8999999999998636	trials	101	s101_J210609	grCe_grSu6Ne_PS	18	270.0	4	1325.313	1325.612
1325.613	0.8999999999998636	trials	101	s101_J210609	grSu3Ne	4		4	1325.913	1326.212
1326.213	0.8999999999998636	trials	101	s101_J210609	grCe_grSu12Mi	9	45.0	4	1326.513	1326.812
1334.839	0.8999999999998636	trials	101	s101_J210609	coCe_grSu6Ne	17	45.0	4	1335.139	1335.439
1335.439	0.8999999999998636	trials	101	s101_J210609	grCe	1	135.0	4	1335.739	1336.039
1344.4650000000001	0.8999999999998636	trials	101	s101_J210609	grCe_grSu6CiNe	15	90.0	4	1344.765	1345.065
1345.065	0.8999999999998636	trials	101	s101_J210609	grCe_grSu12Mi	9	135.0	4	1345.365	1345.665
1349.824	0.8999999999998636	trials	101	s101_J210609	grCe_grSu18Fa	11	270.0	4	1350.124	1350.424
1350.424	0.8999999999998636	trials	101	s101_J210609	grSu12SmCiNe	12		4	1350.724	1351.024
1351.0240000000001	0.8999999999998636	trials	101	s101_J210609	coCe	16	225.0	4	1351.324	1351.624
1355.95	0.8999999999998636	trials	101	s101_J210609	grSu6Ne	6		4	1356.25	1356.55
1356.55	0.8999999999998636	trials	101	s101_J210609	grCe_grSu6CiNe	15	0.0	4	1356.85	1357.15
1363.0510000000002	0.8999999999998636	trials	101	s101_J210609	grCe_grSu3Ne	5	180.0	4	1363.351	1363.651
1363.651	0.8999999999998636	trials	101	s101_J210609	grSu18Fa	10		4	1363.951	1364.251
1368.6770000000001	0.8999999999998636	trials	101	s101_J210609	coCe_grSu6Ne	17	0.0	4	1368.977	1369.276
1375.578	0.8999999999998636	trials	101	s101_J210609	grCe_grSu12SmCiNe_PS	21	90.0	4	1375.878	1376.177
1376.178	0.8999999999998636	trials	101	s101_J210609	grCe_grSu6Ne	7	225.0	4	1376.478	1376.777
1381.7450000000001	0.8999999999998636	trials	101	s101_J210609	grCe_grSu6Ne_PS	18	225.0	4	1382.045	1382.345
1385.471	0.8999999999998636	trials	101	s101_J210609	grCe	1	315.0	4	1385.771	1386.07
1386.671	0.8999999999998636	trials	101	s101_J210609	coCe_grSu6Ne	17	135.0	4	1386.971	1387.27
1395.0800000000002	0.8999999999998636	trials	101	s101_J210609	grCe_grSu18Fa	11	180.0	0	1395.38	1395.68
1396.28	0.8999999999998636	trials	101	s101_J210609	coCe_grSu6Ne	17	180.0	0	1396.58	1396.88
1401.739	0.8999999999998636	trials	101	s101_J210609	grCe_grSu6CiNe_PS	19	0.0	0	1402.039	1402.339
1402.339	0.8999999999998636	trials	101	s101_J210609	grCe	1	225.0	0	1402.639	1402.939
1410.499	0.8999999999998636	trials	101	s101_J210609	grCe_grSu12SmCiNe_PS	21	90.0	0	1410.799	1411.098
1411.099	0.8999999999998636	trials	101	s101_J210609	grCe_grSu6CiNe_PS	19	135.0	0	1411.399	1411.698
1416.7	0.8999999999998636	trials	101	s101_J210609	coCe_grSu6Ne	17	90.0	0	1417.0	1417.299
1417.3	0.8999999999998636	trials	101	s101_J210609	grCe	1	90.0	0	1417.6	1417.899
1417.9	0.8999999999998636	trials	101	s101_J210609	grCe_grSu12Mi	9	90.0	0	1418.2	1418.499
1423.584	0.8999999999998636	trials	101	s101_J210609	grCe	1	270.0	0	1423.884	1424.183
1424.184	0.8999999999998636	trials	101	s101_J210609	coCe	16	225.0	0	1424.484	1424.783
1429.343	0.8999999999998636	trials	101	s101_J210609	grCe_grSu12Mi	9	225.0	0	1429.643	1429.942
1429.943	0.8999999999998636	trials	101	s101_J210609	grSu18Fa	10		0	1430.243	1430.543
1433.468	0.8999999999998636	trials	101	s101_J210609	grCe	1	315.0	0	1433.768	1434.068
1436.8690000000001	0.8999999999998636	trials	101	s101_J210609	grCe_grSu18Fa	11	90.0	0	1437.169	1437.468
1443.203	0.8999999999998636	trials	101	s101_J210609	coCe_grSu6Ne	17	45.0	0	1443.503	1443.803
1443.803	0.8999999999998636	trials	101	s101_J210609	coCe_grSu6Ne	17	270.0	0	1444.103	1444.403
1444.403	0.8999999999998636	trials	101	s101_J210609	coCe	16	0.0	0	1444.703	1445.003
1449.971	0.8999999999998636	trials	101	s101_J210609	grCe_grSu6Ne	7	180.0	0	1450.271	1450.57
1450.5710000000001	0.8999999999998636	trials	101	s101_J210609	grCe_grSu6Ne	7	225.0	0	1450.871	1451.17
1455.596	0.8999999999998636	trials	101	s101_J210609	coSu6Ne	20		0	1455.896	1456.196
1463.289	0.8999999999998636	trials	101	s101_J210609	coCe	16	270.0	0	1463.589	1463.889
1467.073	0.8999999999998636	trials	101	s101_J210609	grCe_grSu12SmCiNe	13	225.0	0	1467.373	1467.672
1467.673	0.8999999999998636	trials	101	s101_J210609	grCe_grSu3Ne	5	135.0	0	1467.973	1468.272
1468.2730000000001	0.8999999999998636	trials	101	s101_J210609	coCe_grSu6Ne	17	315.0	0	1468.573	1468.872
1473.14	0.8999999999998636	trials	101	s101_J210609	grCe_grSu3Ne	5	90.0	0	1473.44	1473.74
1473.74	0.8999999999998636	trials	101	s101_J210609	grCe_grSu1Ne	3	315.0	0	1474.04	1474.34
1479.891	0.8999999999998636	trials	101	s101_J210609	grCe_grSu12SmCiNe	13	180.0	0	1480.191	1480.491
1480.491	0.8999999999998636	trials	101	s101_J210609	NoStim	0		0	1480.791	1481.091
1485.45	0.8999999999998636	trials	101	s101_J210609	grCe_grSu1Ne	3	0.0	0	1485.75	1486.05
1486.05	0.8999999999998636	trials	101	s101_J210609	grCe_grSu6Ne	7	90.0	0	1486.35	1486.65
1486.65	0.8999999999998636	trials	101	s101_J210609	coCe	16	90.0	0	1486.95	1487.25
1491.468	0.8999999999998636	trials	101	s101_J210609	grSu3Ne	4		0	1491.768	1492.067
1492.068	0.8999999999998636	trials	101	s101_J210609	grCe_grSu12Mi	9	0.0	0	1492.368	1492.667
1492.6680000000001	0.8999999999998636	trials	101	s101_J210609	grCe_grSu3Ne	5	315.0	0	1492.968	1493.267
1497.702	0.8999999999998636	trials	101	s101_J210609	grCe	1	135.0	0	1498.002	1498.301
1498.452	0.8999999999998636	trials	101	s101_J210609	grCe_grSu12SmCiNe	13	135.0	0	1498.752	1499.051
1499.1190000000001	0.8999999999998636	trials	101	s101_J210609	grCe_grSu6Ne	7	135.0	0	1499.419	1499.718
1504.053	0.8999999999998636	trials	101	s101_J210609	coCe_grSu6Ne	17	225.0	0	1504.353	1504.652
1507.911	0.8999999999998636	trials	101	s101_J210609	grCe_grSu3Ne	5	0.0	0	1508.211	1508.511
1509.112	0.8999999999998636	trials	101	s101_J210609	grCe_grSu12SmCiNe_PS	21	0.0	0	1509.412	1509.711
1514.112	0.8999999999998636	trials	101	s101_J210609	grCe_grSu18Fa	11	225.0	0	1514.412	1514.712
1514.712	0.8999999999998636	trials	101	s101_J210609	grCe_grSu6Ne	7	315.0	0	1515.012	1515.312
1515.3120000000001	0.8999999999998636	trials	101	s101_J210609	grCe_grSu6CiNe_PS	19	270.0	0	1515.612	1515.912
1520.3210000000001	0.8999999999998636	trials	101	s101_J210609	grCe_grSu6CiNe_PS	19	45.0	0	1520.621	1520.921
1520.921	0.8999999999998636	trials	101	s101_J210609	grCe_grSu3Ne	5	225.0	0	1521.221	1521.521
1521.522	0.8999999999998636	trials	101	s101_J210609	grCe_grSu6Ne	7	270.0	0	1521.822	1522.121
1526.5140000000001	0.8999999999998636	trials	101	s101_J210609	grCe_grSu6CiNe_PS	19	225.0	0	1526.814	1527.113
1527.714	0.8999999999998636	trials	101	s101_J210609	grCe_grSu12SmCiNe	13	45.0	0	1528.014	1528.314
1533.931	0.8999999999998636	trials	101	s101_J210609	grCe_grSu6CiNe	15	0.0	0	1534.231	1534.531
1539.107	0.8999999999998636	trials	101	s101_J210609	grSu6Ne	6		0	1539.407	1539.707
1539.707	0.8999999999998636	trials	101	s101_J210609	grCe_grSu6CiNe	15	315.0	0	1540.007	1540.307
1540.307	0.8999999999998636	trials	101	s101_J210609	grCe_grSu18Fa	11	315.0	0	1540.607	1540.907
1545.25	0.8999999999998636	trials	101	s101_J210609	grCe_grSu12SmCiNe_PS	21	180.0	0	1545.55	1545.849
1545.8500000000001	0.8999999999998636	trials	101	s101_J210609	grCe_grSu3Ne	5	45.0	0	1546.15	1546.449
1546.45	0.8999999999998636	trials	101	s101_J210609	grCe	1	180.0	0	1546.75	1547.049
1551.709	0.8999999999998636	trials	101	s101_J210609	grCe_grSu6CiNe	15	45.0	0	1552.009	1552.308
1552.309	0.8999999999998636	trials	101	s101_J210609	coCe	16	135.0	0	1552.609	1552.908
1552.909	0.8999999999998636	trials	101	s101_J210609	grCe_grSu12Mi	9	135.0	0	1553.209	1553.508
1567.152	0.8999999999998636	trials	101	s101_J210609	grCe_grSu12SmCiNe_PS	21	45.0	0	1567.452	1567.752
1567.7530000000002	0.8999999999998636	trials	101	s101_J210609	grCe_grSu12SmCiNe	13	90.0	0	1568.053	1568.352
1568.353	0.8999999999998636	trials	101	s101_J210609	grCe_grSu3Ne	5	180.0	0	1568.653	1568.952
1573.3780000000002	0.8999999999998636	trials	101	s101_J210609	grCe_grSu6Ne_PS	18	180.0	0	1573.678	1573.978
1573.978	0.8999999999998636	trials	101	s101_J210609	grCe_grSu6Ne_PS	18	0.0	0	1574.278	1574.578
1574.578	0.8999999999998636	trials	101	s101_J210609	grCe_grSu6CiNe_PS	19	315.0	0	1574.878	1575.178
1579.6960000000001	0.8999999999998636	trials	101	s101_J210609	coCe	16	315.0	0	1579.996	1580.295
1580.296	0.8999999999998636	trials	101	s101_J210609	grCe_grSu6CiNe	15	270.0	0	1580.596	1580.895
1596.381	0.8999999999998636	trials	101	s101_J210609	grCe_grSu18Fa	11	45.0	0	1596.681	1596.981
1596.981	0.8999999999998636	trials	101	s101_J210609	grCe_grSu18Fa	11	270.0	0	1597.281	1597.581
1600.315	0.8999999999998636	trials	101	s101_J210609	grCe_grSu6Ne_PS	18	45.0	0	1600.615	1600.915
1600.915	0.8999999999998636	trials	101	s101_J210609	grCe	1	0.0	0	1601.215	1601.515
1601.515	0.8999999999998636	trials	101	s101_J210609	grCe_grSu18Fa	11	0.0	0	1601.815	1602.115
1609.583	0.8999999999998636	trials	101	s101_J210609	grCe_grSu12SmCiNe	13	315.0	0	1609.883	1610.182
1610.183	0.8999999999998636	trials	101	s101_J210609	grCe_grSu1Ne	3	270.0	0	1610.483	1610.783
1610.7830000000001	0.8999999999998636	trials	101	s101_J210609	grCe_grSu6CiNe	15	180.0	0	1611.083	1611.383
1615.634	0.8999999999998636	trials	101	s101_J210609	grCe_grSu3Ne	5	270.0	0	1615.934	1616.233
1619.909	0.8999999999998636	trials	101	s101_J210609	grCe_grSu18Fa	11	135.0	0	1620.209	1620.509
1620.509	0.8999999999998636	trials	101	s101_J210609	grCe_grSu6CiNe_PS	19	90.0	0	1620.809	1621.109
1628.6770000000001	0.8999999999998636	trials	101	s101_J210609	grSu12Mi	8		0	1628.977	1629.277
1629.277	0.8999999999998636	trials	101	s101_J210609	grCe_grSu6Ne	7	45.0	0	1629.577	1629.877
1629.877	0.8999999999998636	trials	101	s101_J210609	coCe_grSu6Ne	17	0.0	0	1630.177	1630.477
1637.862	0.8999999999998636	trials	101	s101_J210609	grCe_grSu6Ne	7	0.0	0	1638.162	1638.461
1641.72	0.8999999999998636	trials	101	s101_J210609	grCe_grSu6CiNe	15	90.0	0	1642.02	1642.32
1642.3210000000001	0.8999999999998636	trials	101	s101_J210609	grCe_grSu1Ne	3	90.0	0	1642.621	1642.92
1642.921	0.8999999999998636	trials	101	s101_J210609	coCe_grSu6Ne	17	135.0	0	1643.221	1643.52
1651.1380000000001	0.8999999999998636	trials	101	s101_J210609	grCe_grSu12SmCiNe_PS	21	315.0	0	1651.438	1651.738
1657.5810000000001	0.8999999999998636	trials	101	s101_J210609	grCe_grSu6CiNe	15	225.0	0	1657.881	1658.18
1658.181	0.8999999999998636	trials	101	s101_J210609	grCe_grSu6Ne_PS	18	225.0	0	1658.481	1658.78
1658.781	0.8999999999998636	trials	101	s101_J210609	grCe_grSu6CiNe_PS	19	180.0	0	1659.081	1659.381
1663.79	0.8999999999998636	trials	101	s101_J210609	grCe_grSu6Ne_PS	18	270.0	0	1664.09	1664.389
1668.224	0.8999999999998636	trials	101	s101_J210609	grCe_grSu1Ne	3	45.0	0	1668.524	1668.823
1668.824	0.8999999999998636	trials	101	s101_J210609	grCe_grSu12SmCiNe	13	270.0	0	1669.124	1669.423
1675.808	0.8999999999998636	trials	101	s101_J210609	grCe_grSu6Ne_PS	18	90.0	0	1676.108	1676.408
1681.476	0.8999999999998636	trials	101	s101_J210609	grCe_grSu6Ne_PS	18	135.0	0	1681.776	1682.075
1682.076	0.8999999999998636	trials	101	s101_J210609	grCe_grSu12Mi	9	270.0	0	1682.376	1682.675
1694.1860000000001	0.8999999999998636	trials	101	s101_J210609	grCe_grSu12Mi	9	315.0	0	1694.486	1694.785
1694.786	0.8999999999998636	trials	101	s101_J210609	grSu1Ne	2		0	1695.086	1695.385
1699.761	0.8999999999998636	trials	101	s101_J210609	grCe_grSu12SmCiNe_PS	21	225.0	0	1700.061	1700.361
1701.0030000000002	0.8999999999998636	trials	101	s101_J210609	grCe_grSu12SmCiNe	13	0.0	0	1701.303	1701.603
1706.012	0.8999999999998636	trials	101	s101_J210609	grSu12SmCiNe	12		0	1706.312	1706.612
1706.612	0.8999999999998636	trials	101	s101_J210609	grCe_grSu6CiNe	15	135.0	0	1706.912	1707.212
1707.212	0.8999999999998636	trials	101	s101_J210609	grCe_grSu12SmCiNe_PS	21	270.0	0	1707.512	1707.812
1712.3210000000001	0.8999999999998636	trials	101	s101_J210609	grCe_grSu1Ne	3	225.0	0	1712.621	1712.921
1712.921	0.8999999999998636	trials	101	s101_J210609	grSu6CiNe	14		0	1713.221	1713.521
1713.521	0.8999999999998636	trials	101	s101_J210609	grCe_grSu6Ne_PS	18	315.0	0	1713.821	1714.121
1718.43	0.8999999999998636	trials	101	s101_J210609	grCe_grSu12Mi	9	45.0	0	1718.73	1719.03
1719.03	0.8999999999998636	trials	101	s101_J210609	grCe_grSu12Mi	9	180.0	0	1719.33	1719.63
1719.631	0.8999999999998636	trials	101	s101_J210609	grCe_grSu12SmCiNe_PS	21	135.0	0	1719.931	1720.23
1728.323	0.8999999999998636	trials	101	s101_J210609	grCe	1	45.0	0	1728.623	1728.923
1728.923	0.8999999999998636	trials	101	s101_J210609	coCe	16	180.0	0	1729.223	1729.523
1729.5230000000001	0.8999999999998636	trials	101	s101_J210609	grCe_grSu1Ne	3	135.0	0	1729.823	1730.123
1734.5240000000001	0.8999999999998636	trials	101	s101_J210609	coCe	16	45.0	0	1734.824	1735.124
1735.124	0.8999999999998636	trials	101	s101_J210609	grCe_grSu1Ne	3	180.0	0	1735.424	1735.724
1735.724	0.8999999999998636	trials	101	s101_J210609	grCe_grSu3Ne	5	315.0	5	1736.024	1736.324
1740.833	0.8999999999998636	trials	101	s101_J210609	coCe_grSu6Ne	17	45.0	5	1741.133	1741.433
1742.0330000000001	0.8999999999998636	trials	101	s101_J210609	grCe_grSu12SmCiNe_PS	21	180.0	5	1742.333	1742.633
1747.084	0.8999999999998636	trials	101	s101_J210609	grCe_grSu1Ne	3	90.0	5	1747.384	1747.684
1747.684	0.8999999999998636	trials	101	s101_J210609	grCe_grSu18Fa	11	0.0	5	1747.984	1748.284
1754.46	0.8999999999998636	trials	101	s101_J210609	grCe_grSu12SmCiNe_PS	21	225.0	5	1754.76	1755.06
1755.66	0.8999999999998636	trials	101	s101_J210609	grCe_grSu1Ne	3	0.0	5	1755.96	1756.26
1764.353	0.8999999999998636	trials	101	s101_J210609	grCe_grSu12Mi	9	90.0	5	1764.653	1764.953
1764.953	0.8999999999998636	trials	101	s101_J210609	coCe	16	90.0	5	1765.253	1765.553
1771.087	0.8999999999998636	trials	101	s101_J210609	grCe_grSu12SmCiNe	13	270.0	5	1771.387	1771.687
1777.246	0.8999999999998636	trials	101	s101_J210609	grCe_grSu1Ne	3	225.0	5	1777.546	1777.846
1777.846	0.8999999999998636	trials	101	s101_J210609	grCe_grSu6CiNe	15	0.0	5	1778.146	1778.446
1778.4460000000001	0.8999999999998636	trials	101	s101_J210609	grCe_grSu6CiNe	15	315.0	5	1778.746	1779.046
1783.522	0.8999999999998636	trials	101	s101_J210609	grCe_grSu18Fa	11	225.0	5	1783.822	1784.122
1787.073	0.8999999999998636	trials	101	s101_J210609	grCe_grSu12Mi	9	180.0	5	1787.373	1787.672
1790.7060000000001	0.8999999999998636	trials	101	s101_J210609	grCe_grSu3Ne	5	225.0	5	1791.006	1791.306
1791.306	0.8999999999998636	trials	101	s101_J210609	grCe_grSu6CiNe_PS	19	180.0	5	1791.606	1791.906
1791.9070000000002	0.8999999999998636	trials	101	s101_J210609	grCe	1	90.0	5	1792.207	1792.506
1797.007	0.8999999999998636	trials	101	s101_J210609	coCe	16	315.0	5	1797.307	1797.607
1797.607	0.8999999999998636	trials	101	s101_J210609	grCe_grSu18Fa	11	270.0	5	1797.907	1798.207
1798.207	0.8999999999998636	trials	101	s101_J210609	grCe_grSu6Ne_PS	18	0.0	5	1798.507	1798.807
1803.1580000000001	0.8999999999998636	trials	101	s101_J210609	coCe	16	0.0	5	1803.458	1803.758
1803.758	0.8999999999998636	trials	101	s101_J210609	coCe_grSu6Ne	17	225.0	5	1804.058	1804.358
1804.358	0.8999999999998636	trials	101	s101_J210609	grCe_grSu6CiNe_PS	19	135.0	5	1804.658	1804.958
1809.425	0.8999999999998636	trials	101	s101_J210609	coCe_grSu6Ne	17	0.0	5	1809.725	1810.025
1810.026	0.8999999999998636	trials	101	s101_J210609	grCe_grSu3Ne	5	45.0	5	1810.326	1810.625
1810.626	0.8999999999998636	trials	101	s101_J210609	grCe_grSu12Mi	9	225.0	5	1810.926	1811.225
1815.651	0.8999999999998636	trials	101	s101_J210609	grCe_grSu12SmCiNe_PS	21	0.0	5	1815.951	1816.251
1816.851	0.8999999999998636	trials	101	s101_J210609	grCe_grSu12SmCiNe	13	225.0	5	1817.151	1817.451
1821.827	0.8999999999998636	trials	101	s101_J210609	grCe_grSu12SmCiNe_PS	21	315.0	5	1822.127	1822.427
1825.669	0.8999999999998636	trials	101	s101_J210609	grSu12Mi	8		5	1825.969	1826.269
1826.269	0.8999999999998636	trials	101	s101_J210609	grSu18Fa	10		5	1826.569	1826.869
1826.8690000000001	0.8999999999998636	trials	101	s101_J210609	grCe_grSu3Ne	5	135.0	5	1827.169	1827.469
1834.962	0.8999999999998636	trials	101	s101_J210609	grCe_grSu18Fa	11	90.0	5	1835.262	1835.562
1835.5620000000001	0.8999999999998636	trials	101	s101_J210609	grCe_grSu18Fa	11	315.0	5	1835.862	1836.162
1836.162	0.8999999999998636	trials	101	s101_J210609	grCe_grSu12SmCiNe_PS	21	45.0	5	1836.462	1836.762
1841.7630000000001	0.8999999999998636	trials	101	s101_J210609	grCe_grSu6Ne_PS	18	90.0	5	1842.063	1842.363
1842.363	0.8999999999998636	trials	101	s101_J210609	grCe_grSu6CiNe	15	45.0	5	1842.663	1842.963
1847.414	0.8999999999998636	trials	101	s101_J210609	grCe_grSu18Fa	11	180.0	5	1847.714	1848.013
1848.0140000000001	0.8999999999998636	trials	101	s101_J210609	grCe_grSu12SmCiNe	13	0.0	5	1848.314	1848.613
1848.614	0.8999999999998636	trials	101	s101_J210609	grCe_grSu12SmCiNe	13	135.0	5	1848.914	1849.213
1853.565	0.8999999999998636	trials	101	s101_J210609	grCe_grSu6CiNe	15	135.0	5	1853.865	1854.164
1854.165	0.8999999999998636	trials	101	s101_J210609	grCe_grSu6Ne	7	270.0	5	1854.465	1854.764
1854.765	0.8999999999998636	trials	101	s101_J210609	grCe_grSu12SmCiNe	13	90.0	5	1855.065	1855.364
1860.7820000000002	0.8999999999998636	trials	101	s101_J210609	grCe_grSu6Ne	7	225.0	5	1861.082	1861.382
1861.382	0.8999999999998636	trials	101	s101_J210609	grSu6CiNe	14		5	1861.682	1861.982
1866.866	0.8999999999998636	trials	101	s101_J210609	grCe_grSu6CiNe_PS	19	90.0	5	1867.166	1867.466
1867.4660000000001	0.8999999999998636	trials	101	s101_J210609	grCe_grSu6Ne_PS	18	180.0	5	1867.766	1868.066
1868.258	0.8999999999998636	trials	101	s101_J210609	coCe_grSu6Ne	17	315.0	5	1868.558	1868.858
1873.375	0.8999999999998636	trials	101	s101_J210609	grCe	1	0.0	5	1873.675	1873.975
1873.976	0.8999999999998636	trials	101	s101_J210609	grCe_grSu3Ne	5	270.0	5	1874.276	1874.575
1874.576	0.8999999999998636	trials	101	s101_J210609	grCe	1	45.0	5	1874.876	1875.175
1879.443	0.8999999999998636	trials	101	s101_J210609	grCe	1	225.0	5	1879.743	1880.042
1880.643	0.8999999999998636	trials	101	s101_J210609	grCe_grSu6Ne	7	315.0	5	1880.943	1881.243
1885.669	0.8999999999998636	trials	101	s101_J210609	coCe	16	180.0	5	1885.969	1886.268
1886.269	0.8999999999998636	trials	101	s101_J210609	grCe_grSu12Mi	9	45.0	5	1886.569	1886.868
1886.8690000000001	0.8999999999998636	trials	101	s101_J210609	grCe_grSu1Ne	3	45.0	5	1887.169	1887.468
1891.803	0.8999999999998636	trials	101	s101_J210609	coSu6Ne	20		5	1892.103	1892.402
1892.403	0.8999999999998636	trials	101	s101_J210609	grCe_grSu18Fa	11	45.0	5	1892.703	1893.002
1893.0030000000002	0.8999999999998636	trials	101	s101_J210609	grCe	1	315.0	5	1893.303	1893.603
1898.104	0.8999999999998636	trials	101	s101_J210609	grCe_grSu6CiNe_PS	19	270.0	5	1898.404	1898.703
1898.704	0.8999999999998636	trials	101	s101_J210609	grCe_grSu6Ne_PS	18	135.0	5	1899.004	1899.303
1899.304	0.8999999999998636	trials	101	s101_J210609	coCe	16	135.0	5	1899.604	1899.903
1907.355	0.8999999999998636	trials	101	s101_J210609	grCe_grSu6Ne_PS	18	315.0	5	1907.655	1907.954
1907.9550000000002	0.8999999999998636	trials	101	s101_J210609	grCe_grSu1Ne	3	135.0	5	1908.255	1908.554
1911.672	0.8999999999998636	trials	101	s101_J210609	grCe_grSu18Fa	11	135.0	5	1911.972	1912.272
1915.123	0.8999999999998636	trials	101	s101_J210609	grSu12SmCiNe	12		5	1915.423	1915.722
1915.723	0.8999999999998636	trials	101	s101_J210609	grCe_grSu3Ne	5	180.0	5	1916.023	1916.322
1916.323	0.8999999999998636	trials	101	s101_J210609	grCe_grSu12Mi	9	270.0	5	1916.623	1916.922
1921.4070000000002	0.8999999999998636	trials	101	s101_J210609	grCe_grSu6Ne	7	180.0	5	1921.707	1922.006
1922.007	0.8999999999998636	trials	101	s101_J210609	grCe_grSu6Ne	7	0.0	5	1922.307	1922.606
1922.607	0.8999999999998636	trials	101	s101_J210609	grCe	1	270.0	5	1922.907	1923.206
1933.833	0.8999999999998636	trials	101	s101_J210609	grCe_grSu1Ne	3	270.0	5	1934.133	1934.433
1935.0330000000001	0.8999999999998636	trials	101	s101_J210609	coCe_grSu6Ne	17	270.0	5	1935.333	1935.633
1940.0420000000001	0.8999999999998636	trials	101	s101_J210609	grSu6Ne	6		5	1940.342	1940.642
1940.642	0.8999999999998636	trials	101	s101_J210609	grCe_grSu12Mi	9	135.0	5	1940.942	1941.242
1941.243	0.8999999999998636	trials	101	s101_J210609	NoStim	0		5	1941.543	1941.842
1946.943	0.8999999999998636	trials	101	s101_J210609	coCe_grSu6Ne	17	90.0	5	1947.243	1947.543
1952.777	0.8999999999998636	trials	101	s101_J210609	grCe_grSu6Ne	7	90.0	5	1953.077	1953.377
1953.377	0.8999999999998636	trials	101	s101_J210609	grCe_grSu3Ne	5	90.0	5	1953.677	1953.977
1953.978	0.8999999999998636	trials	101	s101_J210609	grSu3Ne	4		5	1954.278	1954.577
1959.07	0.8999999999998636	trials	101	s101_J210609	grCe_grSu6CiNe_PS	19	45.0	5	1959.37	1959.669
1960.27	0.8999999999998636	trials	101	s101_J210609	grCe	1	135.0	5	1960.57	1960.87
1965.296	0.8999999999998636	trials	101	s101_J210609	grCe_grSu6CiNe_PS	19	0.0	5	1965.596	1965.895
1965.896	0.8999999999998636	trials	101	s101_J210609	grSu1Ne	2		5	1966.196	1966.495
1966.496	0.8999999999998636	trials	101	s101_J210609	grCe_grSu6Ne	7	135.0	5	1966.796	1967.095
1971.496	0.8999999999998636	trials	101	s101_J210609	coCe_grSu6Ne	17	180.0	5	1971.796	1972.096
1972.097	0.8999999999998636	trials	101	s101_J210609	grCe_grSu12SmCiNe	13	45.0	5	1972.397	1972.696
1972.6970000000001	0.8999999999998636	trials	101	s101_J210609	grCe_grSu12Mi	9	0.0	5	1972.997	1973.296
1978.622	0.8999999999998636	trials	101	s101_J210609	grCe_grSu6Ne_PS	18	270.0	5	1978.922	1979.222
1979.222	0.8999999999998636	trials	101	s101_J210609	grCe_grSu6Ne_PS	18	225.0	5	1979.522	1979.822
1984.306	0.8999999999998636	trials	101	s101_J210609	grCe_grSu6CiNe_PS	19	225.0	5	1984.606	1984.906
1985.507	0.8999999999998636	trials	101	s101_J210609	grCe_grSu1Ne	3	180.0	5	1985.807	1986.106
1993.683	0.8999999999998636	trials	101	s101_J210609	grCe_grSu12SmCiNe_PS	21	90.0	5	1993.983	1994.282
1994.883	0.8999999999998636	trials	101	s101_J210609	coCe_grSu6Ne	17	135.0	5	1995.183	1995.482
1999.959	0.8999999999998636	trials	101	s101_J210609	grCe_grSu6CiNe	15	270.0	5	2000.259	2000.558
2000.559	0.8999999999998636	trials	101	s101_J210609	grCe_grSu1Ne	3	315.0	5	2000.859	2001.158
2001.159	0.8999999999998636	trials	101	s101_J210609	grCe_grSu6CiNe	15	180.0	5	2001.459	2001.758
2005.934	0.8999999999998636	trials	101	s101_J210609	grCe_grSu12SmCiNe	13	180.0	5	2006.234	2006.534
2006.534	0.8999999999998636	trials	101	s101_J210609	coCe	16	270.0	5	2006.834	2007.134
2007.134	0.8999999999998636	trials	101	s101_J210609	coCe	16	225.0	5	2007.434	2007.734
2012.7350000000001	0.8999999999998636	trials	101	s101_J210609	grCe_grSu6CiNe	15	225.0	5	2013.035	2013.335
2013.335	0.8999999999998636	trials	101	s101_J210609	grCe	1	180.0	5	2013.635	2013.935
2018.3690000000001	0.8999999999998636	trials	101	s101_J210609	grCe_grSu12SmCiNe_PS	21	135.0	5	2018.669	2018.969
2018.969	0.8999999999998636	trials	101	s101_J210609	grCe_grSu12Mi	9	315.0	5	2019.269	2019.569
2019.569	0.8999999999998636	trials	101	s101_J210609	grCe_grSu6Ne_PS	18	45.0	5	2019.869	2020.169
2024.7450000000001	0.8999999999998636	trials	101	s101_J210609	grCe_grSu12SmCiNe_PS	21	270.0	5	2025.045	2025.345
2025.345	0.8999999999998636	trials	101	s101_J210609	grCe_grSu6CiNe	15	90.0	5	2025.645	2025.945
2032.363	0.8999999999998636	trials	101	s101_J210609	grCe_grSu3Ne	5	0.0	5	2032.663	2032.962
2037.897	0.8999999999998636	trials	101	s101_J210609	grCe_grSu6CiNe_PS	19	315.0	5	2038.197	2038.496
2038.497	0.8999999999998636	trials	101	s101_J210609	coCe	16	45.0	5	2038.797	2039.096
2044.156	0.8999999999998636	trials	101	s101_J210609	grCe_grSu6Ne	7	45.0	5	2044.456	2044.755
2044.7640000000001	0.8999999999998636	trials	101	s101_J210609	grCe_grSu12SmCiNe	13	315.0	5	2045.064	2045.364
2049.89	0.900000000000091	trials	101	s101_J210609	coCe	16	45.0	1	2050.19	2050.49
2050.49	0.900000000000091	trials	101	s101_J210609	grSu12SmCiNe	12		1	2050.79	2051.09
2051.0899999999997	0.900000000000091	trials	101	s101_J210609	grCe_grSu3Ne	5	180.0	1	2051.39	2051.69
2056.0409999999997	0.900000000000091	trials	101	s101_J210609	grCe_grSu12SmCiNe	13	0.0	1	2056.341	2056.64
2057.241	0.900000000000091	trials	101	s101_J210609	grCe_grSu6CiNe_PS	19	315.0	1	2057.541	2057.84
2062.167	0.900000000000091	trials	101	s101_J210609	grCe	1	270.0	1	2062.467	2062.766
2062.767	0.900000000000091	trials	101	s101_J210609	grCe_grSu6CiNe_PS	19	0.0	1	2063.067	2063.366
2063.3669999999997	0.900000000000091	trials	101	s101_J210609	grCe_grSu6Ne	7	90.0	1	2063.667	2063.966
2068.392	0.900000000000091	trials	101	s101_J210609	grCe_grSu6CiNe_PS	19	45.0	1	2068.692	2068.992
2068.9919999999997	0.900000000000091	trials	101	s101_J210609	grCe_grSu3Ne	5	90.0	1	2069.292	2069.592
2069.593	0.900000000000091	trials	101	s101_J210609	grCe_grSu6CiNe_PS	19	135.0	1	2069.893	2070.192
2075.285	0.900000000000091	trials	101	s101_J210609	NoStim	0		1	2075.585	2075.884
2075.8849999999998	0.900000000000091	trials	101	s101_J210609	grCe_grSu3Ne	5	45.0	1	2076.185	2076.485
2081.136	0.900000000000091	trials	101	s101_J210609	grCe_grSu6CiNe	15	270.0	1	2081.436	2081.735
2081.736	0.900000000000091	trials	101	s101_J210609	grCe_grSu1Ne	3	45.0	1	2082.036	2082.335
2082.336	0.900000000000091	trials	101	s101_J210609	coCe_grSu6Ne	17	135.0	1	2082.636	2082.935
2088.52	0.900000000000091	trials	101	s101_J210609	coCe_grSu6Ne	17	180.0	1	2088.82	2089.12
2093.479	0.900000000000091	trials	101	s101_J210609	grCe_grSu12Mi	9	270.0	1	2093.779	2094.078
2094.1209999999996	0.900000000000091	trials	101	s101_J210609	grCe_grSu12SmCiNe_PS	21	90.0	1	2094.421	2094.72
2094.721	0.900000000000091	trials	101	s101_J210609	grCe_grSu1Ne	3	225.0	1	2095.021	2095.32
2100.3379999999997	0.900000000000091	trials	101	s101_J210609	grCe_grSu12SmCiNe_PS	21	45.0	1	2100.638	2100.938
2100.9379999999996	0.900000000000091	trials	101	s101_J210609	grSu12Mi	8		1	2101.238	2101.538
2106.0139999999997	0.900000000000091	trials	101	s101_J210609	grCe_grSu1Ne	3	135.0	1	2106.314	2106.613
2106.631	0.900000000000091	trials	101	s101_J210609	grCe_grSu6Ne_PS	18	225.0	1	2106.931	2107.23
2107.2309999999998	0.900000000000091	trials	101	s101_J210609	grCe_grSu12SmCiNe	13	270.0	1	2107.531	2107.83
2112.1059999999998	0.900000000000091	trials	101	s101_J210609	grCe_grSu6CiNe	15	315.0	1	2112.406	2112.706
2112.7059999999997	0.900000000000091	trials	101	s101_J210609	grCe_grSu6Ne_PS	18	0.0	1	2113.006	2113.306
2113.307	0.900000000000091	trials	101	s101_J210609	grCe_grSu6Ne_PS	18	45.0	1	2113.607	2113.906
2118.3819999999996	0.900000000000091	trials	101	s101_J210609	grCe_grSu12SmCiNe	13	45.0	1	2118.682	2118.982
2122.4579999999996	0.900000000000091	trials	101	s101_J210609	grCe_grSu18Fa	11	270.0	1	2122.758	2123.057
2123.058	0.900000000000091	trials	101	s101_J210609	coCe	16	270.0	1	2123.358	2123.657
2128.042	0.900000000000091	trials	101	s101_J210609	grCe_grSu6CiNe	15	0.0	1	2128.342	2128.641
2128.642	0.900000000000091	trials	101	s101_J210609	grCe_grSu6Ne	7	0.0	1	2128.942	2129.241
2129.2419999999997	0.900000000000091	trials	101	s101_J210609	grCe_grSu6Ne	7	270.0	1	2129.542	2129.841
2138.118	0.900000000000091	trials	101	s101_J210609	coCe	16	315.0	1	2138.418	2138.718
2142.0939999999996	0.900000000000091	trials	101	s101_J210609	grCe_grSu12Mi	9	90.0	1	2142.394	2142.693
2142.694	0.900000000000091	trials	101	s101_J210609	grCe_grSu18Fa	11	90.0	1	2142.994	2143.293
2146.703	0.900000000000091	trials	101	s101_J210609	grCe	1	90.0	1	2147.003	2147.302
2147.303	0.900000000000091	trials	101	s101_J210609	grCe_grSu12Mi	9	45.0	1	2147.603	2147.902
2152.178	0.900000000000091	trials	101	s101_J210609	grCe_grSu6Ne_PS	18	90.0	1	2152.478	2152.778
2152.778	0.900000000000091	trials	101	s101_J210609	coCe_grSu6Ne	17	90.0	1	2153.078	2153.378
2153.3779999999997	0.900000000000091	trials	101	s101_J210609	grCe_grSu6Ne	7	45.0	1	2153.678	2153.978
2158.354	0.900000000000091	trials	101	s101_J210609	coCe	16	180.0	1	2158.654	2158.954
2158.9539999999997	0.900000000000091	trials	101	s101_J210609	grCe_grSu1Ne	3	0.0	1	2159.254	2159.554
2159.5539999999996	0.900000000000091	trials	101	s101_J210609	grCe_grSu6Ne_PS	18	315.0	1	2159.854	2160.154
2167.8799999999997	0.900000000000091	trials	101	s101_J210609	coCe_grSu6Ne	17	45.0	1	2168.18	2168.48
2174.3889999999997	0.900000000000091	trials	101	s101_J210609	grCe_grSu3Ne	5	315.0	1	2174.689	2174.989
2174.99	0.900000000000091	trials	101	s101_J210609	grCe_grSu3Ne	5	135.0	1	2175.29	2175.589
2190.783	0.900000000000091	trials	101	s101_J210609	grCe_grSu18Fa	11	315.0	1	2191.083	2191.383
2191.383	0.900000000000091	trials	101	s101_J210609	grCe_grSu6Ne_PS	18	135.0	1	2191.683	2191.983
2191.9829999999997	0.900000000000091	trials	101	s101_J210609	grCe	1	135.0	1	2192.283	2192.583
2197.109	0.900000000000091	trials	101	s101_J210609	grSu6CiNe	14		1	2197.409	2197.709
2204.368	0.900000000000091	trials	101	s101_J210609	grCe_grSu12Mi	9	135.0	1	2204.668	2204.968
2204.968	0.900000000000091	trials	101	s101_J210609	grCe_grSu18Fa	11	45.0	1	2205.268	2205.568
2213.595	0.900000000000091	trials	101	s101_J210609	grCe_grSu6Ne_PS	18	180.0	1	2213.895	2214.194
2214.1949999999997	0.900000000000091	trials	101	s101_J210609	coCe	16	90.0	1	2214.495	2214.794
2219.4539999999997	0.900000000000091	trials	101	s101_J210609	grCe_grSu6CiNe_PS	19	180.0	1	2219.754	2220.053
2220.0539999999996	0.900000000000091	trials	101	s101_J210609	coCe	16	0.0	1	2220.354	2220.653
2230.647	0.900000000000091	trials	101	s101_J210609	grCe_grSu6CiNe_PS	19	90.0	1	2230.947	2231.246
2231.247	0.900000000000091	trials	101	s101_J210609	coCe_grSu6Ne	17	225.0	1	2231.547	2231.846
2231.8469999999998	0.900000000000091	trials	101	s101_J210609	coCe_grSu6Ne	17	0.0	1	2232.147	2232.446
2238.114	0.900000000000091	trials	101	s101_J210609	grSu3Ne	4		1	2238.414	2238.714
2243.0229999999997	0.900000000000091	trials	101	s101_J210609	coSu6Ne	20		1	2243.323	2243.623
2243.6229999999996	0.900000000000091	trials	101	s101_J210609	grCe_grSu12SmCiNe_PS	21	225.0	1	2243.923	2244.223
2244.223	0.900000000000091	trials	101	s101_J210609	grCe_grSu12SmCiNe	13	315.0	1	2244.523	2244.823
2249.274	0.900000000000091	trials	101	s101_J210609	grCe_grSu1Ne	3	180.0	1	2249.574	2249.874
2265.66	0.900000000000091	trials	101	s101_J210609	grCe_grSu18Fa	11	135.0	1	2265.96	2266.259
2269.152	0.900000000000091	trials	101	s101_J210609	grSu6Ne	6		1	2269.452	2269.751
2269.752	0.900000000000091	trials	101	s101_J210609	coCe_grSu6Ne	17	270.0	1	2270.052	2270.351
2270.352	0.900000000000091	trials	101	s101_J210609	grCe_grSu6Ne	7	225.0	1	2270.652	2270.951
2275.319	0.900000000000091	trials	101	s101_J210609	grCe_grSu6Ne	7	135.0	1	2275.619	2275.919
2275.919	0.900000000000091	trials	101	s101_J210609	grCe_grSu12SmCiNe	13	135.0	1	2276.219	2276.519
2276.519	0.900000000000091	trials	101	s101_J210609	grCe_grSu1Ne	3	315.0	1	2276.819	2277.119
2285.1789999999996	0.900000000000091	trials	101	s101_J210609	grCe	1	45.0	1	2285.479	2285.778
2285.779	0.900000000000091	trials	101	s101_J210609	grCe_grSu12SmCiNe_PS	21	135.0	1	2286.079	2286.378
2290.7129999999997	0.900000000000091	trials	101	s101_J210609	coCe	16	135.0	1	2291.013	2291.312
2291.3129999999996	0.900000000000091	trials	101	s101_J210609	grCe_grSu3Ne	5	270.0	1	2291.613	2291.912
2296.897	0.900000000000091	trials	101	s101_J210609	grCe_grSu6CiNe_PS	19	270.0	1	2297.197	2297.497
2297.497	0.900000000000091	trials	101	s101_J210609	coCe_grSu6Ne	17	315.0	1	2297.797	2298.097
2298.0969999999998	0.900000000000091	trials	101	s101_J210609	grCe_grSu18Fa	11	225.0	1	2298.397	2298.697
2303.1639999999998	0.900000000000091	trials	101	s101_J210609	grCe	1	225.0	1	2303.464	2303.764
2317.7	0.900000000000091	trials	101	s101_J210609	grSu18Fa	10		1	2318.0	2318.299
2318.2999999999997	0.900000000000091	trials	101	s101_J210609	grCe_grSu1Ne	3	90.0	1	2318.6	2318.899
2323.8419999999996	0.900000000000091	trials	101	s101_J210609	grCe_grSu12Mi	9	180.0	1	2324.142	2324.442
2324.442	0.900000000000091	trials	101	s101_J210609	grCe_grSu12Mi	9	225.0	1	2324.742	2325.042
2325.042	0.900000000000091	trials	101	s101_J210609	grCe_grSu6CiNe	15	45.0	1	2325.342	2325.642
2330.243	0.900000000000091	trials	101	s101_J210609	grCe_grSu12SmCiNe	13	90.0	1	2330.543	2330.842
2330.843	0.900000000000091	trials	101	s101_J210609	grCe_grSu12Mi	9	0.0	1	2331.143	2331.443
2331.4429999999998	0.900000000000091	trials	101	s101_J210609	grCe	1	0.0	1	2331.743	2332.043
2336.4939999999997	0.900000000000091	trials	101	s101_J210609	grCe	1	180.0	1	2336.794	2337.093
2340.4689999999996	0.900000000000091	trials	101	s101_J210609	grSu1Ne	2		1	2340.769	2341.069
2341.669	0.900000000000091	trials	101	s101_J210609	grCe_grSu6CiNe	15	90.0	1	2341.969	2342.269
2353.196	0.900000000000091	trials	101	s101_J210609	grCe_grSu1Ne	3	270.0	1	2353.496	2353.795
2353.796	0.900000000000091	trials	101	s101_J210609	grCe_grSu12SmCiNe_PS	21	180.0	1	2354.096	2354.396
2354.3959999999997	0.900000000000091	trials	101	s101_J210609	grCe_grSu6Ne_PS	18	270.0	1	2354.696	2354.996
2362.6639999999998	0.900000000000091	trials	101	s101_J210609	grCe_grSu6CiNe	15	180.0	1	2362.964	2363.263
2363.2639999999997	0.900000000000091	trials	101	s101_J210609	grCe_grSu12SmCiNe	13	225.0	1	2363.564	2363.863
2370.265	0.900000000000091	trials	101	s101_J210609	grCe_grSu3Ne	5	0.0	1	2370.565	2370.864
2370.865	0.900000000000091	trials	101	s101_J210609	grCe_grSu6CiNe	15	135.0	1	2371.165	2371.464
2371.4649999999997	0.900000000000091	trials	101	s101_J210609	grCe_grSu12SmCiNe_PS	21	315.0	1	2371.765	2372.065
2376.5159999999996	0.900000000000091	trials	101	s101_J210609	grCe_grSu12SmCiNe	13	180.0	1	2376.816	2377.115
2377.116	0.900000000000091	trials	101	s101_J210609	grCe_grSu6CiNe	15	225.0	1	2377.416	2377.715
2383.308	0.900000000000091	trials	101	s101_J210609	coCe	16	225.0	1	2383.608	2383.908
2383.908	0.900000000000091	trials	101	s101_J210609	grCe_grSu12SmCiNe_PS	21	0.0	1	2384.208	2384.508
2384.508	0.900000000000091	trials	101	s101_J210609	grCe_grSu6CiNe_PS	19	225.0	1	2384.808	2385.108
2389.6259999999997	0.900000000000091	trials	101	s101_J210609	grCe_grSu12Mi	9	315.0	1	2389.926	2390.225
2395.7259999999997	0.900000000000091	trials	101	s101_J210609	grCe_grSu6Ne	7	315.0	1	2396.026	2396.326
2402.5939999999996	0.900000000000091	trials	101	s101_J210609	grCe_grSu18Fa	11	0.0	1	2402.894	2403.194
2403.194	0.900000000000091	trials	101	s101_J210609	grCe_grSu12SmCiNe_PS	21	270.0	1	2403.494	2403.794
2403.794	0.900000000000091	trials	101	s101_J210609	grCe_grSu6Ne	7	180.0	1	2404.094	2404.394
2409.5029999999997	0.900000000000091	trials	101	s101_J210609	grCe	1	315.0	1	2409.803	2410.103
2410.1029999999996	0.900000000000091	trials	101	s101_J210609	grCe_grSu3Ne	5	225.0	1	2410.403	2410.703
2418.529	0.900000000000091	trials	101	s101_J210609	grCe_grSu18Fa	11	180.0	1	2418.829	2419.129
2419.129	0.900000000000091	trials	101	s101_J210609	grCe_grSu12SmCiNe_PS	21	135.0	9	2419.429	2419.729
2419.73	0.900000000000091	trials	101	s101_J210609	grCe_grSu3Ne	5	0.0	9	2420.03	2420.329
2424.964	0.900000000000091	trials	101	s101_J210609	coCe	16	225.0	9	2425.264	2425.563
2425.564	0.900000000000091	trials	101	s101_J210609	grCe_grSu6Ne	7	315.0	9	2425.864	2426.163
2431.314	0.900000000000091	trials	101	s101_J210609	grCe_grSu6CiNe_PS	19	315.0	9	2431.614	2431.914
2431.9139999999998	0.900000000000091	trials	101	s101_J210609	grCe_grSu1Ne	3	225.0	9	2432.214	2432.514
2432.515	0.900000000000091	trials	101	s101_J210609	grCe_grSu12Mi	9	45.0	9	2432.815	2433.114
2437.54	0.900000000000091	trials	101	s101_J210609	grCe_grSu6Ne_PS	18	90.0	9	2437.84	2438.14
2438.14	0.900000000000091	trials	101	s101_J210609	grCe_grSu12SmCiNe	13	90.0	9	2438.44	2438.74
2441.524	0.900000000000091	trials	101	s101_J210609	coSu6Ne	20		9	2441.824	2442.124
2447.8329999999996	0.900000000000091	trials	101	s101_J210609	grCe_grSu12SmCiNe	13	135.0	9	2448.133	2448.433
2453.926	0.900000000000091	trials	101	s101_J210609	grCe_grSu18Fa	11	135.0	9	2454.226	2454.525
2457.576	0.900000000000091	trials	101	s101_J210609	grCe_grSu12SmCiNe_PS	21	45.0	9	2457.876	2458.176
2458.176	0.900000000000091	trials	101	s101_J210609	grCe_grSu6CiNe	15	225.0	9	2458.476	2458.776
2458.776	0.900000000000091	trials	101	s101_J210609	grCe_grSu12SmCiNe	13	0.0	9	2459.076	2459.376
2463.752	0.900000000000091	trials	101	s101_J210609	grCe_grSu3Ne	5	45.0	9	2464.052	2464.351
2464.352	0.900000000000091	trials	101	s101_J210609	grCe_grSu6Ne_PS	18	45.0	9	2464.652	2464.952
2464.9519999999998	0.900000000000091	trials	101	s101_J210609	grCe	1	45.0	9	2465.252	2465.552
2472.803	0.900000000000091	trials	101	s101_J210609	grCe_grSu12SmCiNe	13	225.0	9	2473.103	2473.403
2473.403	0.900000000000091	trials	101	s101_J210609	grCe_grSu18Fa	11	180.0	9	2473.703	2474.003
2479.5119999999997	0.900000000000091	trials	101	s101_J210609	grCe	1	90.0	9	2479.812	2480.112
2480.712	0.900000000000091	trials	101	s101_J210609	grCe_grSu6Ne_PS	18	0.0	9	2481.012	2481.312
2485.921	0.900000000000091	trials	101	s101_J210609	grSu3Ne	4		9	2486.221	2486.521
2486.522	0.900000000000091	trials	101	s101_J210609	grCe_grSu12Mi	9	270.0	9	2486.822	2487.121
2487.122	0.900000000000091	trials	101	s101_J210609	grCe_grSu6Ne	7	90.0	9	2487.422	2487.721
2492.114	0.900000000000091	trials	101	s101_J210609	grCe_grSu6Ne	7	270.0	9	2492.414	2492.713
2492.714	0.900000000000091	trials	101	s101_J210609	grCe_grSu12Mi	9	225.0	9	2493.014	2493.314
2493.314	0.900000000000091	trials	101	s101_J210609	grCe_grSu3Ne	5	315.0	9	2493.614	2493.914
2498.3559999999998	0.900000000000091	trials	101	s101_J210609	grCe_grSu18Fa	11	90.0	9	2498.656	2498.956
2498.9559999999997	0.900000000000091	trials	101	s101_J210609	grCe_grSu6CiNe	15	90.0	9	2499.256	2499.556
2502.982	0.900000000000091	trials	101	s101_J210609	grCe_grSu6CiNe_PS	19	135.0	9	2503.282	2503.582
2503.582	0.900000000000091	trials	101	s101_J210609	grCe_grSu6Ne_PS	18	315.0	9	2503.882	2504.182
2504.182	0.900000000000091	trials	101	s101_J210609	grCe_grSu6CiNe_PS	19	225.0	9	2504.482	2504.782
2509.258	0.900000000000091	trials	101	s101_J210609	grCe_grSu6CiNe_PS	19	90.0	9	2509.558	2509.857
2509.8579999999997	0.900000000000091	trials	101	s101_J210609	grCe_grSu12SmCiNe	13	315.0	9	2510.158	2510.457
2510.4579999999996	0.900000000000091	trials	101	s101_J210609	grCe_grSu3Ne	5	225.0	9	2510.758	2511.058
2515.475	0.900000000000091	trials	101	s101_J210609	grCe_grSu18Fa	11	315.0	9	2515.775	2516.075
2522.0009999999997	0.900000000000091	trials	101	s101_J210609	coCe_grSu6Ne	17	45.0	9	2522.301	2522.601
2522.6009999999997	0.900000000000091	trials	101	s101_J210609	grCe_grSu6Ne	7	135.0	9	2522.901	2523.201
2523.201	0.900000000000091	trials	101	s101_J210609	grSu12Mi	8		9	2523.501	2523.801
2528.402	0.900000000000091	trials	101	s101_J210609	coCe_grSu6Ne	17	315.0	9	2528.702	2529.002
2529.002	0.900000000000091	trials	101	s101_J210609	grCe_grSu18Fa	11	0.0	9	2529.302	2529.602
2529.602	0.900000000000091	trials	101	s101_J210609	grCe_grSu3Ne	5	180.0	9	2529.902	2530.202
2535.2529999999997	0.900000000000091	trials	101	s101_J210609	grCe_grSu12SmCiNe_PS	21	0.0	9	2535.553	2535.852
2535.8529999999996	0.900000000000091	trials	101	s101_J210609	grCe_grSu18Fa	11	270.0	9	2536.153	2536.452
2541.145	0.900000000000091	trials	101	s101_J210609	grCe	1	270.0	9	2541.445	2541.745
2545.0209999999997	0.900000000000091	trials	101	s101_J210609	grCe_grSu18Fa	11	225.0	9	2545.321	2545.62
2545.6209999999996	0.900000000000091	trials	101	s101_J210609	grCe_grSu3Ne	5	90.0	9	2545.921	2546.22
2549.4379999999996	0.900000000000091	trials	101	s101_J210609	grCe_grSu6Ne	7	180.0	9	2549.738	2550.038
2550.038	0.900000000000091	trials	101	s101_J210609	grCe_grSu6CiNe_PS	19	0.0	9	2550.338	2550.638
2550.638	0.900000000000091	trials	101	s101_J210609	grCe_grSu6CiNe_PS	19	180.0	9	2550.938	2551.238
2555.714	0.900000000000091	trials	101	s101_J210609	grSu12SmCiNe	12		9	2556.014	2556.313
2556.314	0.900000000000091	trials	101	s101_J210609	grCe_grSu12Mi	9	135.0	9	2556.614	2556.913
2556.9139999999998	0.900000000000091	trials	101	s101_J210609	NoStim	0		9	2557.214	2557.514
2562.131	0.900000000000091	trials	101	s101_J210609	coCe	16	45.0	9	2562.431	2562.731
2562.7309999999998	0.900000000000091	trials	101	s101_J210609	grCe_grSu12Mi	9	180.0	9	2563.031	2563.331
2563.3309999999997	0.900000000000091	trials	101	s101_J210609	coCe	16	180.0	9	2563.631	2563.931
2568.932	0.900000000000091	trials	101	s101_J210609	grCe_grSu12SmCiNe	13	270.0	9	2569.232	2569.532
2569.5319999999997	0.900000000000091	trials	101	s101_J210609	grCe_grSu12SmCiNe	13	45.0	9	2569.832	2570.132
2574.5	0.900000000000091	trials	101	s101_J210609	grCe_grSu1Ne	3	315.0	9	2574.8	2575.099
2575.1	0.900000000000091	trials	101	s101_J210609	coCe	16	270.0	9	2575.4	2575.699
2575.7	0.900000000000091	trials	101	s101_J210609	grCe_grSu12Mi	9	315.0	9	2576.0	2576.299
2580.85	0.900000000000091	trials	101	s101_J210609	grCe_grSu18Fa	11	45.0	9	2581.15	2581.45
2581.451	0.900000000000091	trials	101	s101_J210609	grCe_grSu3Ne	5	135.0	9	2581.751	2582.05
2582.051	0.900000000000091	trials	101	s101_J210609	grCe_grSu12SmCiNe_PS	21	225.0	9	2582.351	2582.65
2587.1259999999997	0.900000000000091	trials	101	s101_J210609	grCe_grSu1Ne	3	135.0	9	2587.426	2587.726
2593.894	0.900000000000091	trials	101	s101_J210609	grCe	1	0.0	9	2594.194	2594.493
2594.4939999999997	0.900000000000091	trials	101	s101_J210609	grSu6Ne	6		9	2594.794	2595.093
2603.7279999999996	0.900000000000091	trials	101	s101_J210609	grCe	1	135.0	9	2604.028	2604.328
2604.9289999999996	0.900000000000091	trials	101	s101_J210609	grCe	1	180.0	9	2605.229	2605.528
2609.8379999999997	0.900000000000091	trials	101	s101_J210609	grCe_grSu12SmCiNe_PS	21	180.0	9	2610.138	2610.437
2610.4379999999996	0.900000000000091	trials	101	s101_J210609	coCe	16	315.0	9	2610.738	2611.037
2614.8469999999998	0.900000000000091	trials	101	s101_J210609	coCe_grSu6Ne	17	135.0	9	2615.147	2615.446
2615.4469999999997	0.900000000000091	trials	101	s101_J210609	grCe_grSu6CiNe	15	0.0	9	2615.747	2616.046
2620.6969999999997	0.900000000000091	trials	101	s101_J210609	grCe_grSu1Ne	3	180.0	9	2620.997	2621.297
2621.297	0.900000000000091	trials	101	s101_J210609	grCe_grSu6Ne_PS	18	135.0	9	2621.597	2621.897
2628.0229999999997	0.900000000000091	trials	101	s101_J210609	grCe_grSu12SmCiNe_PS	21	270.0	9	2628.323	2628.623
2629.223	0.900000000000091	trials	101	s101_J210609	coCe_grSu6Ne	17	180.0	9	2629.523	2629.823
2634.091	0.900000000000091	trials	101	s101_J210609	grCe_grSu6Ne	7	0.0	9	2634.391	2634.69
2634.691	0.900000000000091	trials	101	s101_J210609	grCe	1	225.0	9	2634.991	2635.29
2635.2909999999997	0.900000000000091	trials	101	s101_J210609	grCe_grSu6CiNe	15	135.0	9	2635.591	2635.89
2640.383	0.900000000000091	trials	101	s101_J210609	grCe_grSu12Mi	9	90.0	9	2640.683	2640.983
2640.9829999999997	0.900000000000091	trials	101	s101_J210609	grCe_grSu6CiNe_PS	19	45.0	9	2641.283	2641.583
2641.5829999999996	0.900000000000091	trials	101	s101_J210609	grCe_grSu6Ne	7	45.0	9	2641.883	2642.183
2646.551	0.900000000000091	trials	101	s101_J210609	grCe_grSu1Ne	3	45.0	9	2646.851	2647.15
2656.227	0.900000000000091	trials	101	s101_J210609	grCe_grSu1Ne	3	90.0	9	2656.527	2656.826
2656.8269999999998	0.900000000000091	trials	101	s101_J210609	coCe_grSu6Ne	17	0.0	9	2657.127	2657.426
2657.4269999999997	0.900000000000091	trials	101	s101_J210609	grCe	1	315.0	9	2657.727	2658.027
2662.4939999999997	0.900000000000091	trials	101	s101_J210609	grCe_grSu6Ne_PS	18	225.0	9	2662.794	2663.094
2663.0939999999996	0.900000000000091	trials	101	s101_J210609	coCe_grSu6Ne	17	225.0	9	2663.394	2663.694
2663.6949999999997	0.900000000000091	trials	101	s101_J210609	coCe	16	90.0	9	2663.995	2664.294
2672.979	0.900000000000091	trials	101	s101_J210609	grCe_grSu1Ne	3	270.0	9	2673.279	2673.579
2678.105	0.900000000000091	trials	101	s101_J210609	coCe_grSu6Ne	17	270.0	9	2678.405	2678.704
2681.6549999999997	0.900000000000091	trials	101	s101_J210609	grCe_grSu6Ne_PS	18	270.0	9	2681.955	2682.255
2682.2549999999997	0.900000000000091	trials	101	s101_J210609	grSu18Fa	10		9	2682.555	2682.855
2682.855	0.900000000000091	trials	101	s101_J210609	coCe	16	0.0	9	2683.155	2683.455
2692.223	0.900000000000091	trials	101	s101_J210609	coCe_grSu6Ne	17	90.0	9	2692.523	2692.823
2692.823	0.900000000000091	trials	101	s101_J210609	grCe_grSu3Ne	5	270.0	9	2693.123	2693.423
2693.423	0.900000000000091	trials	101	s101_J210609	grCe_grSu12Mi	9	0.0	9	2693.723	2694.023
2698.707	0.900000000000091	trials	101	s101_J210609	grCe_grSu1Ne	3	0.0	9	2699.007	2699.307
2699.307	0.900000000000091	trials	101	s101_J210609	grCe_grSu6CiNe	15	270.0	9	2699.607	2699.907
2699.908	0.900000000000091	trials	101	s101_J210609	grCe_grSu6Ne_PS	18	180.0	9	2700.208	2700.507
2705.042	0.900000000000091	trials	101	s101_J210609	grCe_grSu6CiNe	15	180.0	9	2705.342	2705.641
2706.2419999999997	0.900000000000091	trials	101	s101_J210609	grCe_grSu6CiNe_PS	19	270.0	9	2706.542	2706.841
2711.292	0.900000000000091	trials	101	s101_J210609	grSu1Ne	2		9	2711.592	2711.892
2711.892	0.900000000000091	trials	101	s101_J210609	grSu6CiNe	14		9	2712.192	2712.492
2712.4919999999997	0.900000000000091	trials	101	s101_J210609	grCe_grSu6CiNe	15	45.0	9	2712.792	2713.092
2718.518	0.900000000000091	trials	101	s101_J210609	grCe_grSu6CiNe	15	315.0	9	2718.818	2719.118
2726.519	0.900000000000091	trials	101	s101_J210609	grCe_grSu6Ne	7	225.0	9	2726.819	2727.119
2727.1189999999997	0.900000000000091	trials	101	s101_J210609	grCe_grSu12SmCiNe	13	180.0	9	2727.419	2727.719
2732.587	0.900000000000091	trials	101	s101_J210609	grCe_grSu12SmCiNe_PS	21	90.0	9	2732.887	2733.186
2733.187	0.900000000000091	trials	101	s101_J210609	grCe_grSu12SmCiNe_PS	21	315.0	9	2733.487	2733.786
2742.171	0.900000000000091	trials	101	s101_J210609	coCe	16	135.0	9	2742.471	2742.771
2742.7709999999997	0.900000000000091	trials	101	s101_J210609	grCe_grSu12SmCiNe_PS	21	270.0	7	2743.071	2743.371
2743.3709999999996	0.900000000000091	trials	101	s101_J210609	grCe_grSu12SmCiNe	13	315.0	7	2743.671	2743.971
2748.305	0.900000000000091	trials	101	s101_J210609	grCe_grSu12SmCiNe	13	90.0	7	2748.605	2748.905
2748.906	0.900000000000091	trials	101	s101_J210609	grCe_grSu3Ne	5	135.0	7	2749.206	2749.505
2749.506	0.900000000000091	trials	101	s101_J210609	grCe	1	225.0	7	2749.806	2750.105
2754.531	0.900000000000091	trials	101	s101_J210609	grCe_grSu12Mi	9	45.0	7	2754.831	2755.131
2755.131	0.900000000000091	trials	101	s101_J210609	grCe_grSu18Fa	11	90.0	7	2755.431	2755.731
2755.7309999999998	0.900000000000091	trials	101	s101_J210609	grCe_grSu12SmCiNe	13	135.0	7	2756.031	2756.331
2763.8909999999996	0.900000000000091	trials	101	s101_J210609	coCe_grSu6Ne	17	135.0	7	2764.191	2764.49
2764.491	0.900000000000091	trials	101	s101_J210609	grCe_grSu12Mi	9	315.0	7	2764.791	2765.09
2769.9249999999997	0.900000000000091	trials	101	s101_J210609	grCe	1	315.0	7	2770.225	2770.524
2770.5249999999996	0.900000000000091	trials	101	s101_J210609	grSu1Ne	2		7	2770.825	2771.125
2776.1589999999997	0.900000000000091	trials	101	s101_J210609	grCe_grSu1Ne	3	0.0	7	2776.459	2776.759
2779.9179999999997	0.900000000000091	trials	101	s101_J210609	grCe_grSu12SmCiNe	13	0.0	7	2780.218	2780.517
2780.518	0.900000000000091	trials	101	s101_J210609	coCe	16	45.0	7	2780.818	2781.118
2781.118	0.900000000000091	trials	101	s101_J210609	grCe_grSu12SmCiNe	13	270.0	7	2781.418	2781.718
2786.085	0.900000000000091	trials	101	s101_J210609	coCe_grSu6Ne	17	315.0	7	2786.385	2786.685
2786.685	0.900000000000091	trials	101	s101_J210609	grCe_grSu3Ne	5	315.0	7	2786.985	2787.285
2787.2859999999996	0.900000000000091	trials	101	s101_J210609	grCe_grSu6Ne	7	225.0	7	2787.586	2787.885
2793.5449999999996	0.900000000000091	trials	101	s101_J210609	grCe_grSu18Fa	11	315.0	7	2793.845	2794.144
2798.654	0.900000000000091	trials	101	s101_J210609	grCe_grSu12Mi	9	225.0	7	2798.954	2799.253
2799.254	0.900000000000091	trials	101	s101_J210609	grCe_grSu6CiNe_PS	19	270.0	7	2799.554	2799.853
2799.854	0.900000000000091	trials	101	s101_J210609	coCe_grSu6Ne	17	45.0	7	2800.154	2800.453
2804.8289999999997	0.900000000000091	trials	101	s101_J210609	grCe_grSu6Ne_PS	18	0.0	7	2805.129	2805.429
2805.43	0.900000000000091	trials	101	s101_J210609	grCe_grSu6Ne_PS	18	225.0	7	2805.73	2806.029
2814.5809999999997	0.900000000000091	trials	101	s101_J210609	grCe_grSu1Ne	3	45.0	7	2814.881	2815.18
2815.181	0.900000000000091	trials	101	s101_J210609	grCe_grSu1Ne	3	225.0	7	2815.481	2815.78
2815.781	0.900000000000091	trials	101	s101_J210609	grCe_grSu3Ne	5	270.0	7	2816.081	2816.38
2820.9069999999997	0.900000000000091	trials	101	s101_J210609	grCe	1	270.0	7	2821.207	2821.506
2828.633	0.900000000000091	trials	101	s101_J210609	grCe_grSu6CiNe	15	90.0	7	2828.933	2829.232
2829.8329999999996	0.900000000000091	trials	101	s101_J210609	grCe_grSu1Ne	3	135.0	7	2830.133	2830.432
2834.8419999999996	0.900000000000091	trials	101	s101_J210609	grCe_grSu6Ne	7	180.0	7	2835.142	2835.441
2835.442	0.900000000000091	trials	101	s101_J210609	coCe	16	90.0	7	2835.742	2836.041
2836.042	0.900000000000091	trials	101	s101_J210609	grCe_grSu18Fa	11	270.0	7	2836.342	2836.641
2841.026	0.900000000000091	trials	101	s101_J210609	grCe_grSu6CiNe_PS	19	135.0	7	2841.326	2841.625
2845.3179999999998	0.900000000000091	trials	101	s101_J210609	coCe_grSu6Ne	17	180.0	7	2845.618	2845.918
2845.9179999999997	0.900000000000091	trials	101	s101_J210609	coCe_grSu6Ne	17	90.0	7	2846.218	2846.518
2851.5939999999996	0.900000000000091	trials	101	s101_J210609	grCe	1	180.0	7	2851.894	2852.193
2852.794	0.900000000000091	trials	101	s101_J210609	grCe_grSu1Ne	3	315.0	7	2853.094	2853.394
2857.845	0.900000000000091	trials	101	s101_J210609	grCe_grSu6CiNe	15	180.0	7	2858.145	2858.444
2858.4449999999997	0.900000000000091	trials	101	s101_J210609	grCe_grSu6Ne	7	270.0	7	2858.745	2859.044
2859.0449999999996	0.900000000000091	trials	101	s101_J210609	grSu6Ne	6		7	2859.345	2859.644
2864.062	0.900000000000091	trials	101	s101_J210609	grCe	1	0.0	7	2864.362	2864.662
2864.662	0.900000000000091	trials	101	s101_J210609	grSu12SmCiNe	12		7	2864.962	2865.262
2865.2619999999997	0.900000000000091	trials	101	s101_J210609	grCe_grSu6CiNe	15	315.0	7	2865.562	2865.862
2870.296	0.900000000000091	trials	101	s101_J210609	grCe_grSu1Ne	3	270.0	7	2870.596	2870.896
2871.4959999999996	0.900000000000091	trials	101	s101_J210609	grCe_grSu18Fa	11	0.0	7	2871.796	2872.096
2883.798	0.900000000000091	trials	101	s101_J210609	grCe_grSu1Ne	3	90.0	7	2884.098	2884.398
2890.015	0.900000000000091	trials	101	s101_J210609	coSu6Ne	20		7	2890.315	2890.615
2890.616	0.900000000000091	trials	101	s101_J210609	grCe_grSu18Fa	11	225.0	7	2890.916	2891.215
2891.216	0.900000000000091	trials	101	s101_J210609	grCe_grSu6Ne	7	90.0	7	2891.516	2891.815
2896.1499999999996	0.900000000000091	trials	101	s101_J210609	grCe_grSu6CiNe	15	135.0	7	2896.45	2896.749
2896.75	0.900000000000091	trials	101	s101_J210609	grSu18Fa	10		7	2897.05	2897.349
2897.35	0.900000000000091	trials	101	s101_J210609	coCe	16	315.0	7	2897.65	2897.949
2902.384	0.900000000000091	trials	101	s101_J210609	grCe_grSu3Ne	5	0.0	7	2902.684	2902.983
2902.984	0.900000000000091	trials	101	s101_J210609	grCe_grSu12SmCiNe	13	180.0	7	2903.284	2903.583
2903.584	0.900000000000091	trials	101	s101_J210609	grCe_grSu12Mi	9	270.0	7	2903.884	2904.183
2909.1009999999997	0.900000000000091	trials	101	s101_J210609	grCe_grSu6CiNe_PS	19	225.0	7	2909.401	2909.701
2909.701	0.900000000000091	trials	101	s101_J210609	grCe_grSu12Mi	9	0.0	7	2910.001	2910.301
2915.002	0.900000000000091	trials	101	s101_J210609	grCe_grSu12Mi	9	180.0	7	2915.302	2915.602
2915.602	0.900000000000091	trials	101	s101_J210609	grCe_grSu12SmCiNe_PS	21	45.0	7	2915.902	2916.202
2920.953	0.900000000000091	trials	101	s101_J210609	grCe_grSu6Ne	7	0.0	7	2921.253	2921.552
2921.553	0.900000000000091	trials	101	s101_J210609	grCe_grSu6Ne	7	135.0	7	2921.853	2922.152
2927.212	0.900000000000091	trials	101	s101_J210609	grCe_grSu6Ne_PS	18	180.0	7	2927.512	2927.812
2928.412	0.900000000000091	trials	101	s101_J210609	grCe_grSu6CiNe_PS	19	90.0	7	2928.712	2929.012
2933.4629999999997	0.900000000000091	trials	101	s101_J210609	grCe_grSu6Ne	7	315.0	7	2933.763	2934.062
2934.2549999999997	0.900000000000091	trials	101	s101_J210609	grCe_grSu6CiNe_PS	19	0.0	7	2934.555	2934.854
2934.855	0.900000000000091	trials	101	s101_J210609	grCe_grSu12SmCiNe_PS	21	180.0	7	2935.155	2935.454
2939.939	0.900000000000091	trials	101	s101_J210609	grCe_grSu6CiNe_PS	19	45.0	7	2940.239	2940.538
2940.5389999999998	0.900000000000091	trials	101	s101_J210609	grCe_grSu18Fa	11	45.0	7	2940.839	2941.138
2941.1389999999997	0.900000000000091	trials	101	s101_J210609	grCe_grSu3Ne	5	225.0	7	2941.439	2941.738
2946.2309999999998	0.900000000000091	trials	101	s101_J210609	grCe_grSu6Ne	7	45.0	7	2946.531	2946.831
2949.9979999999996	0.900000000000091	trials	101	s101_J210609	grCe_grSu6CiNe_PS	19	315.0	7	2950.298	2950.598
2950.7729999999997	0.900000000000091	trials	101	s101_J210609	grCe_grSu12SmCiNe_PS	21	135.0	7	2951.073	2951.373
2951.3729999999996	0.900000000000091	trials	101	s101_J210609	grCe	1	90.0	7	2951.673	2951.973
2956.2569999999996	0.900000000000091	trials	101	s101_J210609	grCe	1	45.0	7	2956.557	2956.857
2956.857	0.900000000000091	trials	101	s101_J210609	coCe	16	0.0	7	2957.157	2957.457
2957.4579999999996	0.900000000000091	trials	101	s101_J210609	coCe	16	135.0	7	2957.758	2958.057
2962.3999999999996	0.900000000000091	trials	101	s101_J210609	grCe_grSu6Ne_PS	18	135.0	7	2962.7	2962.999
2963.0	0.900000000000091	trials	101	s101_J210609	grCe_grSu3Ne	5	180.0	7	2963.3	2963.599
2963.6	0.900000000000091	trials	101	s101_J210609	coCe	16	225.0	7	2963.9	2964.2
2968.676	0.900000000000091	trials	101	s101_J210609	grCe_grSu3Ne	5	90.0	7	2968.976	2969.275
2969.8759999999997	0.900000000000091	trials	101	s101_J210609	grCe_grSu18Fa	11	180.0	7	2970.176	2970.475
2975.06	0.900000000000091	trials	101	s101_J210609	grCe_grSu18Fa	11	135.0	7	2975.36	2975.659
2975.66	0.900000000000091	trials	101	s101_J210609	grCe_grSu6CiNe	15	0.0	7	2975.96	2976.259
2976.3019999999997	0.900000000000091	trials	101	s101_J210609	coCe_grSu6Ne	17	270.0	7	2976.602	2976.901
2985.1609999999996	0.900000000000091	trials	101	s101_J210609	coCe	16	180.0	7	2985.461	2985.761
2985.761	0.900000000000091	trials	101	s101_J210609	grCe_grSu3Ne	5	45.0	7	2986.061	2986.361
2986.361	0.900000000000091	trials	101	s101_J210609	grCe_grSu1Ne	3	180.0	7	2986.661	2986.961
2991.3869999999997	0.900000000000091	trials	101	s101_J210609	grCe_grSu12SmCiNe_PS	21	225.0	7	2991.687	2991.986
2992.587	0.900000000000091	trials	101	s101_J210609	grCe_grSu6Ne_PS	18	45.0	7	2992.887	2993.187
2997.763	0.900000000000091	trials	101	s101_J210609	grCe_grSu6CiNe	15	45.0	7	2998.063	2998.362
3001.5299999999997	0.900000000000091	trials	101	s101_J210609	grCe_grSu12SmCiNe	13	45.0	7	3001.83	3002.129
3002.1299999999997	0.900000000000091	trials	101	s101_J210609	coCe	16	270.0	7	3002.43	3002.73
3002.73	0.900000000000091	trials	101	s101_J210609	grCe_grSu6CiNe	15	225.0	7	3003.03	3003.33
3011.365	0.900000000000091	trials	101	s101_J210609	grCe_grSu6Ne_PS	18	270.0	7	3011.665	3011.964
3011.9649999999997	0.900000000000091	trials	101	s101_J210609	grCe_grSu12SmCiNe_PS	21	315.0	7	3012.265	3012.564
3012.5649999999996	0.900000000000091	trials	101	s101_J210609	grSu6CiNe	14		7	3012.865	3013.164
3017.6569999999997	0.900000000000091	trials	101	s101_J210609	grCe_grSu12SmCiNe	13	225.0	7	3017.957	3018.257
3018.2569999999996	0.900000000000091	trials	101	s101_J210609	grCe_grSu12Mi	9	135.0	7	3018.557	3018.857
3018.857	0.900000000000091	trials	101	s101_J210609	grCe_grSu6CiNe_PS	19	180.0	7	3019.157	3019.457
3023.6079999999997	0.900000000000091	trials	101	s101_J210609	grCe_grSu12SmCiNe_PS	21	90.0	7	3023.908	3024.207
3024.2079999999996	0.900000000000091	trials	101	s101_J210609	grCe_grSu12SmCiNe_PS	21	0.0	7	3024.508	3024.807
3029.8419999999996	0.900000000000091	trials	101	s101_J210609	coCe_grSu6Ne	17	225.0	7	3030.142	3030.441
3030.442	0.900000000000091	trials	101	s101_J210609	grCe	1	135.0	7	3030.742	3031.042
3031.042	0.900000000000091	trials	101	s101_J210609	coCe_grSu6Ne	17	0.0	7	3031.342	3031.642
3036.634	0.900000000000091	trials	101	s101_J210609	grCe_grSu6Ne_PS	18	315.0	7	3036.934	3037.234
3037.2349999999997	0.900000000000091	trials	101	s101_J210609	grSu12Mi	8		7	3037.535	3037.834
3042.2439999999997	0.900000000000091	trials	101	s101_J210609	grCe_grSu6Ne_PS	18	90.0	7	3042.544	3042.843
3042.8439999999996	0.900000000000091	trials	101	s101_J210609	grCe_grSu12Mi	9	90.0	7	3043.144	3043.443
3043.444	0.900000000000091	trials	101	s101_J210609	grCe_grSu6CiNe	15	270.0	7	3043.744	3044.043
3054.9539999999997	0.900000000000091	trials	101	s101_J210609	NoStim	0		7	3055.254	3055.553
3056.154	0.900000000000091	trials	101	s101_J210609	grSu3Ne	4		7	3056.454	3056.753
3061.754	0.900000000000091	trials	101	s101_J210609	grCe_grSu6Ne	7	45.0	6	3062.054	3062.354
3067.4049999999997	0.900000000000091	trials	101	s101_J210609	grSu1Ne	2		6	3067.705	3068.005
3068.0049999999997	0.900000000000091	trials	101	s101_J210609	grCe_grSu6Ne	7	0.0	6	3068.305	3068.605
3068.605	0.900000000000091	trials	101	s101_J210609	grSu6CiNe	14		6	3068.905	3069.205
3079.5069999999996	0.900000000000091	trials	101	s101_J210609	grCe_grSu6Ne_PS	18	180.0	6	3079.807	3080.106
3080.107	0.900000000000091	trials	101	s101_J210609	grCe_grSu6CiNe	15	45.0	6	3080.407	3080.706
3080.707	0.900000000000091	trials	101	s101_J210609	grCe_grSu6CiNe_PS	19	225.0	6	3081.007	3081.306
3085.466	0.900000000000091	trials	101	s101_J210609	grCe_grSu6Ne	7	180.0	6	3085.766	3086.065
3086.066	0.900000000000091	trials	101	s101_J210609	grCe_grSu18Fa	11	270.0	6	3086.366	3086.665
3086.6659999999997	0.900000000000091	trials	101	s101_J210609	grCe_grSu12SmCiNe_PS	21	90.0	6	3086.966	3087.266
3095.2749999999996	0.900000000000091	trials	101	s101_J210609	grCe_grSu6Ne_PS	18	90.0	6	3095.575	3095.875
3095.875	0.900000000000091	trials	101	s101_J210609	grCe_grSu18Fa	11	90.0	6	3096.175	3096.475
3102.143	0.900000000000091	trials	101	s101_J210609	grCe_grSu3Ne	5	0.0	6	3102.443	3102.743
3110.0939999999996	0.900000000000091	trials	101	s101_J210609	coCe	16	45.0	6	3110.394	3110.694
3120.4449999999997	0.900000000000091	trials	101	s101_J210609	NoStim	0		6	3120.745	3121.045
3121.0449999999996	0.900000000000091	trials	101	s101_J210609	grCe_grSu12Mi	9	45.0	6	3121.345	3121.645
3121.687	0.900000000000091	trials	101	s101_J210609	grCe_grSu12SmCiNe	13	135.0	6	3121.987	3122.287
3126.6789999999996	0.900000000000091	trials	101	s101_J210609	grCe_grSu1Ne	3	225.0	6	3126.979	3127.279
3127.2799999999997	0.900000000000091	trials	101	s101_J210609	grCe_grSu6CiNe	15	270.0	6	3127.58	3127.879
3127.8799999999997	0.900000000000091	trials	101	s101_J210609	grCe_grSu6CiNe	15	315.0	6	3128.18	3128.479
3133.0049999999997	0.900000000000091	trials	101	s101_J210609	grCe_grSu6Ne	7	315.0	6	3133.305	3133.605
3133.605	0.900000000000091	trials	101	s101_J210609	grCe_grSu3Ne	5	225.0	6	3133.905	3134.205
3134.205	0.900000000000091	trials	101	s101_J210609	coCe	16	270.0	6	3134.505	3134.805
3142.932	0.900000000000091	trials	101	s101_J210609	grCe	1	135.0	6	3143.232	3143.531
3143.5319999999997	0.900000000000091	trials	101	s101_J210609	coCe	16	315.0	6	3143.832	3144.131
3148.491	0.900000000000091	trials	101	s101_J210609	grCe_grSu6CiNe_PS	19	135.0	6	3148.791	3149.09
3152.508	0.900000000000091	trials	101	s101_J210609	grCe_grSu18Fa	11	180.0	6	3152.808	3153.107
3153.1079999999997	0.900000000000091	trials	101	s101_J210609	grCe_grSu12SmCiNe_PS	21	270.0	6	3153.408	3153.707
3153.7079999999996	0.900000000000091	trials	101	s101_J210609	grCe_grSu6CiNe_PS	19	45.0	6	3154.008	3154.308
3158.6749999999997	0.900000000000091	trials	101	s101_J210609	grCe_grSu1Ne	3	180.0	6	3158.975	3159.275
3167.6929999999998	0.900000000000091	trials	101	s101_J210609	grCe	1	180.0	6	3167.993	3168.293
3168.2929999999997	0.900000000000091	trials	101	s101_J210609	grCe_grSu6Ne_PS	18	0.0	6	3168.593	3168.893
3168.893	0.900000000000091	trials	101	s101_J210609	grCe_grSu3Ne	5	45.0	6	3169.193	3169.493
3177.0939999999996	0.900000000000091	trials	101	s101_J210609	grCe_grSu1Ne	3	90.0	6	3177.394	3177.694
3177.694	0.900000000000091	trials	101	s101_J210609	grCe_grSu3Ne	5	180.0	6	3177.994	3178.294
3178.2949999999996	0.900000000000091	trials	101	s101_J210609	coCe	16	90.0	6	3178.595	3178.894
3183.1699999999996	0.900000000000091	trials	101	s101_J210609	grCe_grSu6CiNe_PS	19	270.0	6	3183.47	3183.77
3183.77	0.900000000000091	trials	101	s101_J210609	grCe_grSu6CiNe_PS	19	0.0	6	3184.07	3184.37
3184.37	0.900000000000091	trials	101	s101_J210609	coCe	16	225.0	6	3184.67	3184.97
3189.379	0.900000000000091	trials	101	s101_J210609	grCe_grSu6Ne_PS	18	225.0	6	3189.679	3189.979
3193.9469999999997	0.900000000000091	trials	101	s101_J210609	coCe_grSu6Ne	17	270.0	6	3194.247	3194.546
3194.547	0.900000000000091	trials	101	s101_J210609	grCe_grSu3Ne	5	315.0	6	3194.847	3195.146
3199.464	0.900000000000091	trials	101	s101_J210609	grCe_grSu12SmCiNe	13	45.0	6	3199.764	3200.063
3200.6639999999998	0.900000000000091	trials	101	s101_J210609	grSu3Ne	4		6	3200.964	3201.264
3205.5809999999997	0.900000000000091	trials	101	s101_J210609	grCe_grSu12SmCiNe_PS	21	0.0	6	3205.881	3206.181
3206.181	0.900000000000091	trials	101	s101_J210609	grCe_grSu6CiNe	15	0.0	6	3206.481	3206.781
3206.8149999999996	0.900000000000091	trials	101	s101_J210609	grCe_grSu12SmCiNe_PS	21	45.0	6	3207.115	3207.414
3214.8909999999996	0.900000000000091	trials	101	s101_J210609	coCe_grSu6Ne	17	45.0	6	3215.191	3215.49
3215.491	0.900000000000091	trials	101	s101_J210609	grCe_grSu3Ne	5	135.0	6	3215.791	3216.091
3216.116	0.900000000000091	trials	101	s101_J210609	grCe_grSu18Fa	11	225.0	6	3216.416	3216.716
3221.1749999999997	0.900000000000091	trials	101	s101_J210609	grCe_grSu6Ne_PS	18	315.0	6	3221.475	3221.775
3228.1589999999997	0.900000000000091	trials	101	s101_J210609	coSu6Ne	20		6	3228.459	3228.759
3228.759	0.900000000000091	trials	101	s101_J210609	grCe_grSu3Ne	5	270.0	6	3229.059	3229.359
3229.359	0.900000000000091	trials	101	s101_J210609	coCe_grSu6Ne	17	90.0	6	3229.659	3229.959
3234.393	0.900000000000091	trials	101	s101_J210609	grCe_grSu12SmCiNe_PS	21	225.0	6	3234.693	3234.993
3238.169	0.900000000000091	trials	101	s101_J210609	grCe_grSu12SmCiNe_PS	21	315.0	6	3238.469	3238.768
3242.028	0.900000000000091	trials	101	s101_J210609	grCe_grSu12Mi	9	0.0	6	3242.328	3242.627
3242.653	0.900000000000091	trials	101	s101_J210609	grCe_grSu6CiNe_PS	19	180.0	6	3242.953	3243.252
3243.2529999999997	0.900000000000091	trials	101	s101_J210609	coCe_grSu6Ne	17	180.0	6	3243.553	3243.852
3248.3039999999996	0.900000000000091	trials	101	s101_J210609	coCe_grSu6Ne	17	225.0	6	3248.604	3248.903
3248.9539999999997	0.900000000000091	trials	101	s101_J210609	grCe_grSu12SmCiNe_PS	21	180.0	6	3249.254	3249.553
3249.5539999999996	0.900000000000091	trials	101	s101_J210609	grCe_grSu6CiNe_PS	19	315.0	6	3249.854	3250.153
3255.4049999999997	0.900000000000091	trials	101	s101_J210609	grCe_grSu18Fa	11	315.0	6	3255.705	3256.005
3256.006	0.900000000000091	trials	101	s101_J210609	grCe_grSu1Ne	3	135.0	6	3256.306	3256.605
3261.6059999999998	0.900000000000091	trials	101	s101_J210609	coCe_grSu6Ne	17	135.0	6	3261.906	3262.206
3272.9489999999996	0.900000000000091	trials	101	s101_J210609	grCe	1	225.0	6	3273.249	3273.549
3273.5499999999997	0.900000000000091	trials	101	s101_J210609	grCe_grSu12Mi	9	225.0	6	3273.85	3274.149
3278.642	0.900000000000091	trials	101	s101_J210609	grCe_grSu12SmCiNe	13	315.0	6	3278.942	3279.241
3279.2419999999997	0.900000000000091	trials	101	s101_J210609	grCe_grSu12Mi	9	135.0	6	3279.542	3279.841
3285.3509999999997	0.900000000000091	trials	101	s101_J210609	grCe_grSu6CiNe_PS	19	90.0	6	3285.651	3285.951
3285.951	0.900000000000091	trials	101	s101_J210609	grSu6Ne	6		6	3286.251	3286.551
3286.551	0.900000000000091	trials	101	s101_J210609	grCe_grSu6CiNe	15	225.0	6	3286.851	3287.151
3295.377	0.900000000000091	trials	101	s101_J210609	grCe_grSu6Ne	7	135.0	6	3295.677	3295.977
3295.977	0.900000000000091	trials	101	s101_J210609	grCe_grSu6Ne_PS	18	270.0	6	3296.277	3296.577
3301.5449999999996	0.900000000000091	trials	101	s101_J210609	grCe	1	90.0	6	3301.845	3302.144
3302.145	0.900000000000091	trials	101	s101_J210609	coCe	16	0.0	6	3302.445	3302.744
3308.162	0.900000000000091	trials	101	s101_J210609	grCe_grSu12SmCiNe_PS	21	135.0	6	3308.462	3308.762
3312.4629999999997	0.900000000000091	trials	101	s101_J210609	grCe_grSu12SmCiNe	13	90.0	6	3312.763	3313.062
3313.0629999999996	0.900000000000091	trials	101	s101_J210609	grCe_grSu3Ne	5	90.0	6	3313.363	3313.663
3318.114	0.900000000000091	trials	101	s101_J210609	grCe_grSu6Ne	7	90.0	6	3318.414	3318.713
3318.714	0.900000000000091	trials	101	s101_J210609	grCe_grSu1Ne	3	45.0	6	3319.014	3319.313
3319.314	0.900000000000091	trials	101	s101_J210609	grCe_grSu12SmCiNe	13	225.0	6	3319.614	3319.913
3324.423	0.900000000000091	trials	101	s101_J210609	grSu18Fa	10		6	3324.723	3325.022
3327.8979999999997	0.900000000000091	trials	101	s101_J210609	grCe_grSu6Ne	7	225.0	6	3328.198	3328.498
3328.4979999999996	0.900000000000091	trials	101	s101_J210609	grCe_grSu12Mi	9	315.0	6	3328.798	3329.098
3329.098	0.900000000000091	trials	101	s101_J210609	grCe	1	315.0	6	3329.398	3329.698
3334.241	0.900000000000091	trials	101	s101_J210609	coCe	16	180.0	6	3334.541	3334.84
3340.883	0.900000000000091	trials	101	s101_J210609	grCe_grSu12Mi	9	180.0	6	3341.183	3341.483
3341.4829999999997	0.900000000000091	trials	101	s101_J210609	grCe_grSu6Ne_PS	18	45.0	6	3341.783	3342.083
3347.151	0.900000000000091	trials	101	s101_J210609	grCe_grSu6Ne_PS	18	135.0	6	3347.451	3347.75
3348.3509999999997	0.900000000000091	trials	101	s101_J210609	grSu12Mi	8		6	3348.651	3348.95
3357.8269999999998	0.900000000000091	trials	101	s101_J210609	grCe_grSu12SmCiNe	13	270.0	6	3358.127	3358.427
3358.4269999999997	0.900000000000091	trials	101	s101_J210609	grCe_grSu6Ne	7	270.0	6	3358.727	3359.027
3359.027	0.900000000000091	trials	101	s101_J210609	grCe_grSu6CiNe	15	180.0	6	3359.327	3359.627
3364.011	0.900000000000091	trials	101	s101_J210609	grCe_grSu1Ne	3	270.0	6	3364.311	3364.611
3364.611	0.900000000000091	trials	101	s101_J210609	grCe_grSu12Mi	9	90.0	6	3364.911	3365.211
3365.211	0.900000000000091	trials	101	s101_J210609	grCe_grSu1Ne	3	315.0	6	3365.511	3365.811
3370.5449999999996	0.900000000000091	trials	101	s101_J210609	grCe_grSu1Ne	3	0.0	6	3370.845	3371.145
3371.145	0.900000000000091	trials	101	s101_J210609	coCe_grSu6Ne	17	0.0	6	3371.445	3371.745
3371.7459999999996	0.900000000000091	trials	101	s101_J210609	grCe_grSu6CiNe	15	135.0	6	3372.046	3372.345
3377.3379999999997	0.900000000000091	trials	101	s101_J210609	grCe	1	45.0	6	3377.638	3377.938
3377.9379999999996	0.900000000000091	trials	101	s101_J210609	grCe_grSu12SmCiNe	13	180.0	6	3378.238	3378.538
3383.2639999999997	0.900000000000091	trials	101	s101_J210609	coCe_grSu6Ne	17	315.0	6	3383.564	3383.863
3390.0809999999997	0.900000000000091	trials	101	s101_J210609	grCe	1	0.0	6	3390.381	3390.681
3390.681	0.900000000000091	trials	101	s101_J210609	grCe_grSu6CiNe	15	90.0	6	3390.981	3391.281
3391.281	0.900000000000091	trials	101	s101_J210609	grCe_grSu12SmCiNe	13	0.0	6	3391.581	3391.881
3396.332	0.900000000000091	trials	101	s101_J210609	grCe_grSu12Mi	9	270.0	6	3396.632	3396.932
3396.932	0.900000000000091	trials	101	s101_J210609	grCe_grSu18Fa	11	0.0	6	3397.232	3397.532
3397.5319999999997	0.900000000000091	trials	101	s101_J210609	coCe	16	135.0	6	3397.832	3398.132
3403.716	0.900000000000091	trials	101	s101_J210609	grSu12SmCiNe	12		6	3404.016	3404.316
3411.7169999999996	0.900000000000091	trials	101	s101_J210609	grCe	1	270.0	6	3412.017	3412.317
3412.317	0.900000000000091	trials	101	s101_J210609	grCe_grSu18Fa	11	45.0	6	3412.617	3412.917
3418.1929999999998	0.900000000000091	trials	101	s101_J210609	grCe_grSu18Fa	11	135.0	6	3418.493	3418.793
