onset	duration	nwb_table	ses_ID	ses_Name	cond_Name	cond_ID	target_rot	rep_num	pdOn	pdOff
26.186	0.9000000000000021	trials	44	s044_F200623	coSu6Ne	20		2	26.486	26.786
26.794999999999998	0.9000000000000021	trials	44	s044_F200623	grCe_grSu12SmCiNe	13	90.0	2	27.095	27.394
27.395	0.9000000000000021	trials	44	s044_F200623	grCe_grSu6CiNe_PS	19	225.0	2	27.695	27.995
27.995	0.9000000000000021	trials	44	s044_F200623	grCe_grSu6CiNe_PS	19	270.0	2	28.295	28.595
28.595	0.9000000000000021	trials	44	s044_F200623	coCe_grSu6Ne	17	315.0	2	28.895	29.195
37.938	0.8999999999999986	trials	44	s044_F200623	grCe_grSu3Ne	5	0.0	2	38.238	38.538
38.538000000000004	0.8999999999999986	trials	44	s044_F200623	coCe	16	0.0	2	38.838	39.138
46.497	0.8999999999999986	trials	44	s044_F200623	coCe_grSu6Ne	17	90.0	2	46.797	47.097
47.256	0.8999999999999986	trials	44	s044_F200623	grCe	1	270.0	2	47.556	47.855
49.064	0.8999999999999986	trials	44	s044_F200623	grCe_grSu12SmCiNe	13	225.0	2	49.364	49.664
58.274	0.8999999999999986	trials	44	s044_F200623	grSu3Ne	4		2	58.574	58.874
58.874	0.8999999999999986	trials	44	s044_F200623	grCe_grSu6CiNe_PS	19	135.0	2	59.174	59.474
59.482	0.8999999999999986	trials	44	s044_F200623	grCe_grSu12SmCiNe	13	270.0	2	59.782	60.082
60.082	0.8999999999999986	trials	44	s044_F200623	grCe_grSu6Ne	7	90.0	2	60.382	60.682
60.683	0.8999999999999986	trials	44	s044_F200623	grCe_grSu6CiNe	15	90.0	2	60.983	61.282
67.592	0.8999999999999915	trials	44	s044_F200623	grCe_grSu18Fa	11	0.0	2	67.892	68.191
68.2	0.8999999999999915	trials	44	s044_F200623	grCe_grSu3Ne	5	270.0	2	68.5	68.8
74.776	0.8999999999999915	trials	44	s044_F200623	grCe	1	180.0	2	75.076	75.376
75.384	0.8999999999999915	trials	44	s044_F200623	grSu18Fa	10		2	75.684	75.984
75.985	0.8999999999999915	trials	44	s044_F200623	coCe	16	45.0	2	76.285	76.584
76.593	0.8999999999999915	trials	44	s044_F200623	grCe_grSu6CiNe	15	0.0	2	76.893	77.193
77.20100000000001	0.8999999999999915	trials	44	s044_F200623	grCe_grSu18Fa	11	45.0	2	77.501	77.801
83.59400000000001	0.8999999999999915	trials	44	s044_F200623	grCe_grSu6Ne	7	315.0	2	83.894	84.193
84.202	0.8999999999999915	trials	44	s044_F200623	grCe_grSu12Mi	9	180.0	2	84.502	84.802
88.311	0.8999999999999915	trials	44	s044_F200623	grCe_grSu12SmCiNe_PS	21	225.0	2	88.611	88.911
88.911	0.8999999999999915	trials	44	s044_F200623	grCe_grSu6Ne	7	135.0	2	89.211	89.511
89.51100000000001	0.8999999999999915	trials	44	s044_F200623	coCe_grSu6Ne	17	45.0	2	89.811	90.111
90.111	0.8999999999999915	trials	44	s044_F200623	grCe_grSu1Ne	3	180.0	2	90.411	90.711
90.72	0.8999999999999915	trials	44	s044_F200623	grCe_grSu3Ne	5	135.0	2	91.02	91.319
96.771	0.8999999999999915	trials	44	s044_F200623	grCe_grSu12SmCiNe_PS	21	180.0	2	97.071	97.37
97.387	0.8999999999999915	trials	44	s044_F200623	grCe_grSu18Fa	11	225.0	2	97.687	97.987
97.99600000000001	0.8999999999999915	trials	44	s044_F200623	grCe_grSu12Mi	9	0.0	2	98.296	98.595
98.604	0.8999999999999915	trials	44	s044_F200623	grCe_grSu6CiNe	15	180.0	2	98.904	99.204
99.20400000000001	0.8999999999999915	trials	44	s044_F200623	grCe_grSu6Ne_PS	18	180.0	2	99.504	99.804
105.305	0.8999999999999915	trials	44	s044_F200623	grCe	1	315.0	2	105.605	105.905
105.913	0.8999999999999915	trials	44	s044_F200623	grCe_grSu18Fa	11	270.0	2	106.213	106.513
106.513	0.8999999999999915	trials	44	s044_F200623	NoStim	0		2	106.813	107.113
107.122	0.8999999999999915	trials	44	s044_F200623	grCe_grSu1Ne	3	135.0	2	107.422	107.722
107.72200000000001	0.8999999999999915	trials	44	s044_F200623	grCe_grSu12SmCiNe	13	0.0	2	108.022	108.322
114.931	0.8999999999999915	trials	44	s044_F200623	grCe_grSu6CiNe_PS	19	315.0	2	115.231	115.531
115.54	0.8999999999999915	trials	44	s044_F200623	grSu12Mi	8		2	115.84	116.139
122.941	0.8999999999999915	trials	44	s044_F200623	grCe	1	45.0	2	123.241	123.54
126.516	0.8999999999999915	trials	44	s044_F200623	grCe_grSu18Fa	11	90.0	2	126.816	127.116
127.72500000000001	0.8999999999999915	trials	44	s044_F200623	grCe_grSu6CiNe	15	135.0	2	128.025	128.324
128.92499999999998	0.9000000000000057	trials	44	s044_F200623	grCe_grSu6Ne	7	270.0	2	129.225	129.524
135.017	0.9000000000000057	trials	44	s044_F200623	coCe_grSu6Ne	17	0.0	2	135.317	135.617
135.617	0.9000000000000057	trials	44	s044_F200623	grCe_grSu6Ne_PS	18	315.0	2	135.917	136.217
136.21699999999998	0.9000000000000057	trials	44	s044_F200623	grCe_grSu1Ne	3	225.0	2	136.517	136.817
136.826	0.9000000000000057	trials	44	s044_F200623	grCe_grSu1Ne	3	315.0	2	137.126	137.425
144.10199999999998	0.9000000000000057	trials	44	s044_F200623	coCe	16	90.0	2	144.402	144.701
144.70999999999998	0.9000000000000057	trials	44	s044_F200623	grCe_grSu3Ne	5	45.0	2	145.01	145.31
145.31	0.9000000000000057	trials	44	s044_F200623	grCe_grSu6CiNe_PS	19	0.0	2	145.61	145.91
145.91899999999998	0.9000000000000057	trials	44	s044_F200623	coCe_grSu6Ne	17	180.0	2	146.219	146.518
152.01899999999998	0.9000000000000057	trials	44	s044_F200623	coCe	16	270.0	2	152.319	152.619
152.66899999999998	0.9000000000000057	trials	44	s044_F200623	grSu6CiNe	14		2	152.969	153.269
156.212	0.9000000000000057	trials	44	s044_F200623	grCe_grSu12SmCiNe_PS	21	90.0	2	156.512	156.811
157.42	0.9000000000000057	trials	44	s044_F200623	grCe_grSu12SmCiNe_PS	21	0.0	2	157.72	158.02
158.01999999999998	0.9000000000000057	trials	44	s044_F200623	grCe	1	135.0	2	158.32	158.62
158.61999999999998	0.9000000000000057	trials	44	s044_F200623	grCe_grSu6CiNe	15	270.0	2	158.92	159.22
164.72099999999998	0.9000000000000057	trials	44	s044_F200623	grCe_grSu1Ne	3	45.0	2	165.021	165.321
165.321	0.9000000000000057	trials	44	s044_F200623	grCe	1	225.0	2	165.621	165.921
165.921	0.9000000000000057	trials	44	s044_F200623	grCe_grSu12SmCiNe	13	315.0	2	166.221	166.521
166.521	0.9000000000000057	trials	44	s044_F200623	grCe_grSu12SmCiNe_PS	21	270.0	2	166.821	167.121
173.22199999999998	0.9000000000000057	trials	44	s044_F200623	grCe_grSu1Ne	3	0.0	2	173.522	173.822
173.82999999999998	0.9000000000000057	trials	44	s044_F200623	coCe_grSu6Ne	17	225.0	2	174.13	174.43
174.43099999999998	0.9000000000000057	trials	44	s044_F200623	grSu1Ne	2		2	174.731	175.03
175.039	0.9000000000000057	trials	44	s044_F200623	grCe_grSu12Mi	9	225.0	2	175.339	175.639
175.63899999999998	0.9000000000000057	trials	44	s044_F200623	grCe_grSu6Ne_PS	18	45.0	2	175.939	176.239
181.665	0.9000000000000057	trials	44	s044_F200623	grCe_grSu18Fa	11	315.0	2	181.965	182.265
182.86499999999998	0.9000000000000057	trials	44	s044_F200623	grCe_grSu12SmCiNe	13	135.0	2	183.165	183.465
184.07299999999998	0.9000000000000057	trials	44	s044_F200623	grCe_grSu12Mi	9	270.0	2	184.373	184.673
190.35799999999998	0.9000000000000057	trials	44	s044_F200623	grCe_grSu6CiNe_PS	19	45.0	2	190.658	190.957
191.00799999999998	0.9000000000000057	trials	44	s044_F200623	coCe	16	225.0	2	191.308	191.607
191.60799999999998	0.9000000000000057	trials	44	s044_F200623	grCe_grSu6Ne_PS	18	225.0	2	191.908	192.207
192.808	0.9000000000000057	trials	44	s044_F200623	grCe	1	0.0	2	193.108	193.408
199.542	0.9000000000000057	trials	44	s044_F200623	grCe_grSu6CiNe	15	45.0	2	199.842	200.142
200.142	0.9000000000000057	trials	44	s044_F200623	coCe	16	180.0	2	200.442	200.742
200.742	0.9000000000000057	trials	44	s044_F200623	grCe_grSu6CiNe_PS	19	180.0	2	201.042	201.342
201.351	0.9000000000000057	trials	44	s044_F200623	grCe_grSu6Ne	7	180.0	2	201.651	201.95
207.60199999999998	0.9000000000000057	trials	44	s044_F200623	grCe_grSu6Ne	7	225.0	2	207.902	208.201
208.202	0.9000000000000057	trials	44	s044_F200623	coCe_grSu6Ne	17	135.0	2	208.502	208.801
208.802	0.9000000000000057	trials	44	s044_F200623	grSu12SmCiNe	12		2	209.102	209.401
209.402	0.9000000000000057	trials	44	s044_F200623	grCe_grSu12SmCiNe	13	45.0	2	209.702	210.001
216.003	0.9000000000000057	trials	44	s044_F200623	grCe_grSu12SmCiNe_PS	21	135.0	2	216.303	216.602
216.60299999999998	0.9000000000000057	trials	44	s044_F200623	coCe	16	135.0	2	216.903	217.202
217.20299999999997	0.9000000000000057	trials	44	s044_F200623	grCe_grSu6Ne_PS	18	90.0	2	217.503	217.802
217.803	0.9000000000000057	trials	44	s044_F200623	coCe	16	315.0	2	218.103	218.402
218.411	0.9000000000000057	trials	44	s044_F200623	grCe_grSu1Ne	3	270.0	2	218.711	219.011
224.43699999999998	0.9000000000000057	trials	44	s044_F200623	grCe_grSu12Mi	9	45.0	2	224.737	225.037
225.03699999999998	0.9000000000000057	trials	44	s044_F200623	grCe_grSu6Ne_PS	18	135.0	2	225.337	225.637
226.24599999999998	0.9000000000000057	trials	44	s044_F200623	grCe_grSu1Ne	3	90.0	2	226.546	226.845
226.84599999999998	0.9000000000000057	trials	44	s044_F200623	grCe_grSu3Ne	5	315.0	2	227.146	227.445
233.01299999999998	0.9000000000000057	trials	44	s044_F200623	grCe_grSu6Ne_PS	18	270.0	2	233.313	233.613
233.613	0.9000000000000057	trials	44	s044_F200623	grCe_grSu3Ne	5	180.0	2	233.913	234.213
234.22199999999998	0.9000000000000057	trials	44	s044_F200623	grCe_grSu12Mi	9	315.0	2	234.522	234.821
234.838	0.9000000000000057	trials	44	s044_F200623	grCe_grSu18Fa	11	180.0	2	235.138	235.438
241.464	0.9000000000000057	trials	44	s044_F200623	grCe_grSu6Ne_PS	18	0.0	2	241.764	242.064
242.07299999999998	0.9000000000000057	trials	44	s044_F200623	grCe_grSu12Mi	9	135.0	2	242.373	242.672
242.68099999999998	0.9000000000000057	trials	44	s044_F200623	grCe_grSu3Ne	5	225.0	2	242.981	243.281
243.28099999999998	0.9000000000000057	trials	44	s044_F200623	grCe_grSu3Ne	5	90.0	2	243.581	243.881
243.881	0.9000000000000057	trials	44	s044_F200623	grCe_grSu6Ne	7	45.0	2	244.181	244.481
250.61499999999998	0.9000000000000057	trials	44	s044_F200623	grCe_grSu6CiNe	15	315.0	2	250.915	251.215
251.232	0.9000000000000057	trials	44	s044_F200623	grCe_grSu18Fa	11	135.0	2	251.532	251.832
251.832	0.9000000000000057	trials	44	s044_F200623	grCe_grSu12SmCiNe_PS	21	45.0	2	252.132	252.432
252.441	0.9000000000000057	trials	44	s044_F200623	grCe_grSu12Mi	9	90.0	2	252.741	253.04
262.209	0.9000000000000341	trials	44	s044_F200623	grCe_grSu6CiNe	15	225.0	2	262.509	262.808
262.80899999999997	0.9000000000000341	trials	44	s044_F200623	grSu6Ne	6		2	263.109	263.408
263.409	0.9000000000000341	trials	44	s044_F200623	grCe	1	90.0	2	263.709	264.008
264.009	0.9000000000000341	trials	44	s044_F200623	grCe_grSu6CiNe_PS	19	90.0	2	264.309	264.608
264.609	0.9000000000000341	trials	44	s044_F200623	grCe_grSu12SmCiNe	13	180.0	2	264.909	265.209
271.443	0.9000000000000341	trials	44	s044_F200623	coCe_grSu6Ne	17	270.0	2	271.743	272.043
272.043	0.9000000000000341	trials	44	s044_F200623	grCe_grSu6Ne	7	0.0	2	272.343	272.643
275.78499999999997	0.9000000000000341	trials	44	s044_F200623	grCe_grSu12SmCiNe_PS	21	315.0	2	276.085	276.385
276.385	0.9000000000000341	trials	44	s044_F200623	coCe	16	315.0	9	276.685	276.985
277.594	0.9000000000000341	trials	44	s044_F200623	grCe_grSu6Ne_PS	18	90.0	9	277.894	278.194
278.202	0.9000000000000341	trials	44	s044_F200623	grCe_grSu3Ne	5	270.0	9	278.502	278.802
287.787	0.9000000000000341	trials	44	s044_F200623	grCe_grSu6CiNe	15	270.0	9	288.087	288.387
288.395	0.9000000000000341	trials	44	s044_F200623	grCe_grSu12Mi	9	225.0	9	288.695	288.995
288.995	0.9000000000000341	trials	44	s044_F200623	grCe_grSu3Ne	5	0.0	9	289.295	289.595
295.771	0.9000000000000341	trials	44	s044_F200623	grCe_grSu6Ne_PS	18	270.0	9	296.071	296.371
296.371	0.9000000000000341	trials	44	s044_F200623	grSu6CiNe	14		9	296.671	296.971
296.971	0.9000000000000341	trials	44	s044_F200623	coCe	16	135.0	9	297.271	297.571
298.18	0.9000000000000341	trials	44	s044_F200623	grCe_grSu6CiNe	15	90.0	9	298.48	298.78
304.58099999999996	0.9000000000000341	trials	44	s044_F200623	grCe_grSu6Ne	7	0.0	9	304.881	305.18
308.20599999999996	0.9000000000000341	trials	44	s044_F200623	grCe_grSu6CiNe	15	225.0	9	308.506	308.806
308.806	0.9000000000000341	trials	44	s044_F200623	coCe	16	225.0	9	309.106	309.406
309.406	0.9000000000000341	trials	44	s044_F200623	grCe_grSu6Ne_PS	18	180.0	9	309.706	310.006
310.015	0.9000000000000341	trials	44	s044_F200623	grCe_grSu12Mi	9	90.0	9	310.315	310.614
310.623	0.9000000000000341	trials	44	s044_F200623	grCe_grSu1Ne	3	180.0	9	310.923	311.223
316.76599999999996	0.9000000000000341	trials	44	s044_F200623	grCe_grSu12SmCiNe_PS	21	225.0	9	317.066	317.365
317.366	0.9000000000000341	trials	44	s044_F200623	grCe	1	315.0	9	317.666	317.965
317.974	0.9000000000000341	trials	44	s044_F200623	coCe_grSu6Ne	17	180.0	9	318.274	318.574
318.58299999999997	0.9000000000000341	trials	44	s044_F200623	grCe_grSu3Ne	5	45.0	9	318.883	319.182
325.642	0.9000000000000341	trials	44	s044_F200623	grCe_grSu18Fa	11	0.0	9	325.942	326.241
330.259	0.9000000000000341	trials	44	s044_F200623	coCe	16	0.0	9	330.559	330.859
330.859	0.9000000000000341	trials	44	s044_F200623	grCe_grSu12SmCiNe_PS	21	0.0	9	331.159	331.459
331.46799999999996	0.9000000000000341	trials	44	s044_F200623	grCe_grSu6CiNe	15	135.0	9	331.768	332.067
338.252	0.9000000000000341	trials	44	s044_F200623	coCe	16	45.0	9	338.552	338.851
338.852	0.9000000000000341	trials	44	s044_F200623	grCe	1	0.0	9	339.152	339.451
339.452	0.9000000000000341	trials	44	s044_F200623	coCe	16	90.0	9	339.752	340.052
340.05199999999996	0.9000000000000341	trials	44	s044_F200623	grCe	1	45.0	9	340.352	340.652
340.652	0.9000000000000341	trials	44	s044_F200623	grSu1Ne	2		9	340.952	341.252
347.436	0.9000000000000341	trials	44	s044_F200623	grCe_grSu3Ne	5	90.0	9	347.736	348.036
348.045	0.9000000000000341	trials	44	s044_F200623	grCe_grSu1Ne	3	270.0	9	348.345	348.644
348.65299999999996	0.9000000000000341	trials	44	s044_F200623	grSu18Fa	10		9	348.953	349.253
349.253	0.9000000000000341	trials	44	s044_F200623	coCe_grSu6Ne	17	45.0	9	349.553	349.853
355.396	0.9000000000000341	trials	44	s044_F200623	grCe_grSu6CiNe	15	180.0	9	355.696	355.995
355.996	0.9000000000000341	trials	44	s044_F200623	grSu6Ne	6		9	356.296	356.595
356.596	0.9000000000000341	trials	44	s044_F200623	coCe	16	270.0	9	356.896	357.195
357.796	0.9000000000000341	trials	44	s044_F200623	coCe_grSu6Ne	17	135.0	9	358.096	358.396
364.005	0.9000000000000341	trials	44	s044_F200623	coCe_grSu6Ne	17	315.0	9	364.305	364.605
367.914	0.9000000000000341	trials	44	s044_F200623	grCe_grSu12Mi	9	270.0	9	368.214	368.514
368.522	0.9000000000000341	trials	44	s044_F200623	grCe_grSu18Fa	11	225.0	9	368.822	369.122
369.131	0.9000000000000341	trials	44	s044_F200623	coCe_grSu6Ne	17	0.0	9	369.431	369.73
369.739	0.9000000000000341	trials	44	s044_F200623	grCe_grSu6Ne	7	225.0	9	370.039	370.339
370.339	0.9000000000000341	trials	44	s044_F200623	grCe	1	225.0	9	370.639	370.939
376.52299999999997	0.9000000000000341	trials	44	s044_F200623	grCe_grSu12SmCiNe	13	45.0	9	376.823	377.123
377.765	0.9000000000000341	trials	44	s044_F200623	grCe_grSu12SmCiNe_PS	21	90.0	9	378.065	378.365
378.37399999999997	0.9000000000000341	trials	44	s044_F200623	grCe_grSu1Ne	3	225.0	9	378.674	378.973
385.149	0.9000000000000341	trials	44	s044_F200623	grCe_grSu6CiNe_PS	19	45.0	9	385.449	385.749
385.758	0.9000000000000341	trials	44	s044_F200623	grCe_grSu12Mi	9	315.0	9	386.058	386.358
386.375	0.9000000000000341	trials	44	s044_F200623	grCe_grSu18Fa	11	270.0	9	386.675	386.974
386.97499999999997	0.9000000000000341	trials	44	s044_F200623	grSu3Ne	4		9	387.275	387.574
387.575	0.9000000000000341	trials	44	s044_F200623	grCe_grSu6CiNe	15	0.0	9	387.875	388.174
393.651	0.9000000000000341	trials	44	s044_F200623	grCe_grSu12SmCiNe_PS	21	180.0	9	393.951	394.25
394.251	0.9000000000000341	trials	44	s044_F200623	grCe_grSu6CiNe_PS	19	225.0	9	394.551	394.85
394.851	0.9000000000000341	trials	44	s044_F200623	coSu6Ne	20		9	395.151	395.45
395.45099999999996	0.9000000000000341	trials	44	s044_F200623	grCe	1	270.0	9	395.751	396.05
396.05899999999997	0.9000000000000341	trials	44	s044_F200623	grCe_grSu12Mi	9	180.0	9	396.359	396.659
402.202	0.9000000000000341	trials	44	s044_F200623	grCe_grSu3Ne	5	315.0	9	402.502	402.801
402.818	0.9000000000000341	trials	44	s044_F200623	grCe_grSu18Fa	11	135.0	9	403.118	403.418
403.418	0.9000000000000341	trials	44	s044_F200623	grCe	1	180.0	9	403.718	404.018
404.019	0.9000000000000341	trials	44	s044_F200623	grCe_grSu12SmCiNe	13	225.0	9	404.319	404.618
404.61899999999997	0.9000000000000341	trials	44	s044_F200623	grCe_grSu6Ne_PS	18	135.0	9	404.919	405.218
410.678	0.9000000000000341	trials	44	s044_F200623	grCe_grSu1Ne	3	0.0	9	410.978	411.277
411.27799999999996	0.9000000000000341	trials	44	s044_F200623	grCe_grSu6CiNe_PS	19	0.0	9	411.578	411.878
411.88599999999997	0.9000000000000341	trials	44	s044_F200623	grCe_grSu12Mi	9	45.0	9	412.186	412.486
412.486	0.9000000000000341	trials	44	s044_F200623	grCe_grSu6Ne_PS	18	45.0	9	412.786	413.086
422.479	0.9000000000000341	trials	44	s044_F200623	NoStim	0		9	422.779	423.079
423.079	0.9000000000000341	trials	44	s044_F200623	grCe_grSu6Ne	7	180.0	9	423.379	423.679
423.679	0.9000000000000341	trials	44	s044_F200623	grCe_grSu6Ne	7	135.0	9	423.979	424.279
424.28	0.9000000000000341	trials	44	s044_F200623	grCe_grSu6CiNe_PS	19	90.0	9	424.58	424.879
434.639	0.9000000000000341	trials	44	s044_F200623	grCe_grSu12SmCiNe	13	315.0	9	434.939	435.239
435.239	0.9000000000000341	trials	44	s044_F200623	grCe	1	90.0	9	435.539	435.839
435.839	0.9000000000000341	trials	44	s044_F200623	grCe_grSu12SmCiNe_PS	21	135.0	9	436.139	436.439
436.448	0.9000000000000341	trials	44	s044_F200623	grCe_grSu6Ne	7	45.0	9	436.748	437.047
437.056	0.9000000000000341	trials	44	s044_F200623	grCe_grSu12Mi	9	0.0	9	437.356	437.656
443.515	0.9000000000000341	trials	44	s044_F200623	coCe_grSu6Ne	17	90.0	9	443.815	444.115
452.216	0.9000000000000341	trials	44	s044_F200623	grCe_grSu12SmCiNe_PS	21	45.0	9	452.516	452.816
452.817	0.9000000000000341	trials	44	s044_F200623	grCe_grSu6CiNe_PS	19	270.0	9	453.117	453.416
454.625	0.9000000000000341	trials	44	s044_F200623	coCe	16	180.0	9	454.925	455.225
460.82599999999996	0.9000000000000341	trials	44	s044_F200623	grCe_grSu12SmCiNe	13	135.0	9	461.126	461.426
461.426	0.9000000000000341	trials	44	s044_F200623	grCe_grSu12SmCiNe_PS	21	315.0	9	461.726	462.026
462.034	0.9000000000000341	trials	44	s044_F200623	grCe_grSu12SmCiNe	13	180.0	9	462.334	462.634
462.643	0.9000000000000341	trials	44	s044_F200623	grCe_grSu1Ne	3	45.0	9	462.943	463.242
463.243	0.9000000000000341	trials	44	s044_F200623	grSu12SmCiNe	12		9	463.543	463.843
469.519	0.9000000000000341	trials	44	s044_F200623	grCe_grSu18Fa	11	315.0	9	469.819	470.118
474.019	0.9000000000000341	trials	44	s044_F200623	grSu12Mi	8		9	474.319	474.619
475.228	0.9000000000000341	trials	44	s044_F200623	grCe_grSu12SmCiNe	13	0.0	9	475.528	475.827
476.436	0.9000000000000341	trials	44	s044_F200623	grCe_grSu12Mi	9	135.0	9	476.736	477.036
487.671	0.9000000000000341	trials	44	s044_F200623	grCe_grSu6CiNe	15	45.0	9	487.971	488.271
488.271	0.9000000000000341	trials	44	s044_F200623	grCe_grSu6CiNe_PS	19	180.0	9	488.571	488.871
488.88	0.9000000000000341	trials	44	s044_F200623	grCe_grSu3Ne	5	135.0	9	489.18	489.479
489.47999999999996	0.9000000000000341	trials	44	s044_F200623	grCe	1	135.0	9	489.78	490.079
490.08799999999997	0.9000000000000341	trials	44	s044_F200623	grCe_grSu6Ne	7	270.0	9	490.388	490.688
496.42199999999997	0.9000000000000341	trials	44	s044_F200623	grCe_grSu6Ne_PS	18	0.0	9	496.722	497.022
500.431	0.9000000000000341	trials	44	s044_F200623	grCe_grSu6CiNe_PS	19	315.0	9	500.731	501.031
501.039	0.9000000000000341	trials	44	s044_F200623	grCe_grSu6Ne	7	90.0	9	501.339	501.639
501.639	0.9000000000000341	trials	44	s044_F200623	grCe_grSu1Ne	3	315.0	9	501.939	502.239
502.248	0.9000000000000341	trials	44	s044_F200623	grCe_grSu3Ne	5	180.0	9	502.548	502.848
502.865	0.9000000000000341	trials	44	s044_F200623	grCe_grSu18Fa	11	180.0	9	503.165	503.464
509.907	0.9000000000000341	trials	44	s044_F200623	grCe_grSu1Ne	3	90.0	9	510.207	510.507
518.5920000000001	0.8999999999999773	trials	44	s044_F200623	grCe_grSu12SmCiNe_PS	21	270.0	9	518.892	519.191
519.8090000000001	0.8999999999999773	trials	44	s044_F200623	grCe_grSu6CiNe	15	315.0	9	520.109	520.408
520.417	0.8999999999999773	trials	44	s044_F200623	grCe_grSu6Ne	7	315.0	9	520.717	521.017
530.0600000000001	0.8999999999999773	trials	44	s044_F200623	grCe_grSu6Ne_PS	18	315.0	9	530.36	530.66
530.6600000000001	0.8999999999999773	trials	44	s044_F200623	grCe_grSu6Ne_PS	18	225.0	9	530.96	531.26
531.26	0.8999999999999773	trials	44	s044_F200623	grCe_grSu12SmCiNe	13	270.0	9	531.56	531.86
532.46	0.8999999999999773	trials	44	s044_F200623	coCe_grSu6Ne	17	225.0	9	532.76	533.06
541.62	0.8999999999999773	trials	44	s044_F200623	grCe_grSu1Ne	3	135.0	9	541.92	542.219
542.236	0.8999999999999773	trials	44	s044_F200623	grCe_grSu18Fa	11	90.0	9	542.536	542.836
542.8530000000001	0.8999999999999773	trials	44	s044_F200623	grCe_grSu18Fa	11	45.0	9	543.153	543.453
543.462	0.8999999999999773	trials	44	s044_F200623	grCe_grSu12SmCiNe	13	90.0	9	543.762	544.061
544.07	0.8999999999999773	trials	44	s044_F200623	grCe_grSu3Ne	5	225.0	9	544.37	544.67
550.2460000000001	0.8999999999999773	trials	44	s044_F200623	grCe_grSu6CiNe_PS	19	135.0	9	550.546	550.845
550.846	0.8999999999999773	trials	44	s044_F200623	coCe_grSu6Ne	17	270.0	9	551.146	551.446
551.446	0.8999999999999773	trials	44	s044_F200623	grCe_grSu12SmCiNe	13	45.0	1	551.746	552.046
552.046	0.8999999999999773	trials	44	s044_F200623	grCe_grSu12SmCiNe_PS	21	0.0	1	552.346	552.646
552.663	0.8999999999999773	trials	44	s044_F200623	grCe_grSu18Fa	11	225.0	1	552.963	553.262
559.339	0.8999999999999773	trials	44	s044_F200623	grCe_grSu6CiNe_PS	19	180.0	1	559.639	559.938
559.9390000000001	0.8999999999999773	trials	44	s044_F200623	grCe	1	180.0	1	560.239	560.538
560.5390000000001	0.8999999999999773	trials	44	s044_F200623	coSu6Ne	20		1	560.839	561.138
561.139	0.8999999999999773	trials	44	s044_F200623	grCe_grSu6Ne_PS	18	135.0	1	561.439	561.739
567.306	0.8999999999999773	trials	44	s044_F200623	grCe_grSu1Ne	3	0.0	1	567.606	567.906
569.1070000000001	0.8999999999999773	trials	44	s044_F200623	NoStim	0		1	569.407	569.706
569.715	0.8999999999999773	trials	44	s044_F200623	grCe_grSu3Ne	5	0.0	1	570.015	570.315
575.999	0.8999999999999773	trials	44	s044_F200623	grCe	1	270.0	1	576.299	576.599
576.599	0.8999999999999773	trials	44	s044_F200623	grCe_grSu3Ne	5	45.0	1	576.899	577.199
577.2330000000001	0.8999999999999773	trials	44	s044_F200623	grCe_grSu12Mi	9	135.0	1	577.533	577.832
577.841	0.8999999999999773	trials	44	s044_F200623	grCe_grSu6CiNe	15	90.0	1	578.141	578.441
578.441	0.8999999999999773	trials	44	s044_F200623	grCe_grSu3Ne	5	135.0	1	578.741	579.041
584.6750000000001	0.8999999999999773	trials	44	s044_F200623	coCe_grSu6Ne	17	90.0	1	584.975	585.275
588.601	0.8999999999999773	trials	44	s044_F200623	grSu3Ne	4		1	588.901	589.2
589.2090000000001	0.8999999999999773	trials	44	s044_F200623	grCe_grSu6CiNe	15	270.0	1	589.509	589.809
589.826	0.8999999999999773	trials	44	s044_F200623	grCe_grSu18Fa	11	90.0	1	590.126	590.426
590.426	0.8999999999999773	trials	44	s044_F200623	coCe	16	180.0	1	590.726	591.026
597.1600000000001	0.8999999999999773	trials	44	s044_F200623	grCe_grSu6CiNe_PS	19	270.0	1	597.46	597.76
597.76	0.8999999999999773	trials	44	s044_F200623	grCe_grSu12SmCiNe	13	225.0	1	598.06	598.36
598.36	0.8999999999999773	trials	44	s044_F200623	grCe	1	315.0	1	598.66	598.96
598.969	0.8999999999999773	trials	44	s044_F200623	grCe_grSu6CiNe	15	0.0	1	599.269	599.568
599.5690000000001	0.8999999999999773	trials	44	s044_F200623	grCe_grSu6Ne_PS	18	180.0	1	599.869	600.168
605.736	0.8999999999999773	trials	44	s044_F200623	grCe_grSu12Mi	9	0.0	1	606.036	606.336
606.345	0.8999999999999773	trials	44	s044_F200623	coCe_grSu6Ne	17	135.0	1	606.645	606.944
606.945	0.8999999999999773	trials	44	s044_F200623	grCe_grSu6Ne_PS	18	270.0	1	607.245	607.544
608.1450000000001	0.8999999999999773	trials	44	s044_F200623	coCe_grSu6Ne	17	180.0	1	608.445	608.745
614.379	0.8999999999999773	trials	44	s044_F200623	coCe_grSu6Ne	17	45.0	1	614.679	614.979
617.9960000000001	0.8999999999999773	trials	44	s044_F200623	grCe_grSu6CiNe_PS	19	225.0	1	618.296	618.596
619.205	0.8999999999999773	trials	44	s044_F200623	grCe_grSu12SmCiNe	13	180.0	1	619.505	619.804
619.8050000000001	0.8999999999999773	trials	44	s044_F200623	grCe_grSu3Ne	5	90.0	1	620.105	620.404
626.389	0.8999999999999773	trials	44	s044_F200623	grCe_grSu1Ne	3	45.0	1	626.689	626.989
626.989	0.8999999999999773	trials	44	s044_F200623	grCe_grSu3Ne	5	180.0	1	627.289	627.589
627.606	0.8999999999999773	trials	44	s044_F200623	grCe_grSu18Fa	11	45.0	1	627.906	628.205
628.214	0.8999999999999773	trials	44	s044_F200623	grCe_grSu12Mi	9	180.0	1	628.514	628.814
635.0400000000001	0.8999999999999773	trials	44	s044_F200623	grCe_grSu3Ne	5	270.0	1	635.34	635.64
635.648	0.8999999999999773	trials	44	s044_F200623	grSu12Mi	8		1	635.948	636.248
636.249	0.8999999999999773	trials	44	s044_F200623	grCe	1	225.0	1	636.549	636.848
637.4490000000001	0.8999999999999773	trials	44	s044_F200623	coCe	16	90.0	1	637.749	638.048
644.666	0.8999999999999773	trials	44	s044_F200623	coCe	16	135.0	1	644.966	645.266
645.2750000000001	0.8999999999999773	trials	44	s044_F200623	grCe_grSu12Mi	9	225.0	1	645.575	645.874
645.875	0.8999999999999773	trials	44	s044_F200623	grCe_grSu6Ne	7	180.0	1	646.175	646.474
646.4830000000001	0.8999999999999773	trials	44	s044_F200623	grCe_grSu12Mi	9	90.0	1	646.783	647.083
647.0830000000001	0.8999999999999773	trials	44	s044_F200623	grCe_grSu12SmCiNe_PS	21	45.0	1	647.383	647.683
653.409	0.8999999999999773	trials	44	s044_F200623	grCe_grSu12SmCiNe	13	315.0	1	653.709	654.009
654.009	0.8999999999999773	trials	44	s044_F200623	grSu6CiNe	14		1	654.309	654.609
654.6930000000001	0.8999999999999773	trials	44	s044_F200623	coCe_grSu6Ne	17	270.0	1	654.993	655.292
655.9010000000001	0.8999999999999773	trials	44	s044_F200623	grCe_grSu12Mi	9	45.0	1	656.201	656.501
662.7520000000001	0.8999999999999773	trials	44	s044_F200623	coCe	16	315.0	1	663.052	663.352
663.3520000000001	0.8999999999999773	trials	44	s044_F200623	grSu12SmCiNe	12		1	663.652	663.952
663.96	0.8999999999999773	trials	44	s044_F200623	grCe_grSu18Fa	11	135.0	1	664.26	664.56
664.561	0.8999999999999773	trials	44	s044_F200623	grCe_grSu12SmCiNe_PS	21	270.0	1	664.861	665.16
665.1610000000001	0.8999999999999773	trials	44	s044_F200623	coCe	16	225.0	1	665.461	665.76
671.2860000000001	0.8999999999999773	trials	44	s044_F200623	grSu1Ne	2		1	671.586	671.886
671.8860000000001	0.8999999999999773	trials	44	s044_F200623	grCe_grSu3Ne	5	315.0	1	672.186	672.486
679.8130000000001	0.8999999999999773	trials	44	s044_F200623	grCe_grSu3Ne	5	225.0	1	680.113	680.412
683.571	0.8999999999999773	trials	44	s044_F200623	grCe_grSu1Ne	3	315.0	1	683.871	684.171
684.788	0.8999999999999773	trials	44	s044_F200623	grCe_grSu6CiNe	15	180.0	1	685.088	685.388
685.4050000000001	0.8999999999999773	trials	44	s044_F200623	grCe_grSu18Fa	11	270.0	1	685.705	686.005
686.005	0.8999999999999773	trials	44	s044_F200623	coCe	16	45.0	1	686.305	686.605
692.081	0.8999999999999773	trials	44	s044_F200623	grCe_grSu6Ne	7	225.0	1	692.381	692.68
692.6890000000001	0.8999999999999773	trials	44	s044_F200623	grCe_grSu6Ne	7	90.0	1	692.989	693.289
701.374	0.8999999999999773	trials	44	s044_F200623	grCe_grSu6Ne_PS	18	225.0	1	701.674	701.973
701.974	0.8999999999999773	trials	44	s044_F200623	coCe_grSu6Ne	17	0.0	1	702.274	702.573
702.5740000000001	0.8999999999999773	trials	44	s044_F200623	grCe	1	0.0	1	702.874	703.173
703.207	0.8999999999999773	trials	44	s044_F200623	grCe_grSu12SmCiNe_PS	21	225.0	1	703.507	703.807
719.984	0.8999999999999773	trials	44	s044_F200623	grCe_grSu6Ne	7	135.0	1	720.284	720.584
720.5930000000001	0.8999999999999773	trials	44	s044_F200623	grCe_grSu1Ne	3	225.0	1	720.893	721.192
729.5020000000001	0.8999999999999773	trials	44	s044_F200623	grCe_grSu6CiNe	15	315.0	1	729.802	730.102
730.1020000000001	0.8999999999999773	trials	44	s044_F200623	grCe_grSu6CiNe_PS	19	90.0	1	730.402	730.702
731.311	0.8999999999999773	trials	44	s044_F200623	grCe_grSu1Ne	3	135.0	1	731.611	731.911
731.928	0.8999999999999773	trials	44	s044_F200623	grCe_grSu18Fa	11	180.0	1	732.228	732.527
739.0790000000001	0.8999999999999773	trials	44	s044_F200623	grCe_grSu1Ne	3	180.0	1	739.379	739.678
739.687	0.8999999999999773	trials	44	s044_F200623	grCe_grSu6Ne	7	0.0	1	739.987	740.287
740.912	0.8999999999999773	trials	44	s044_F200623	grCe_grSu18Fa	11	315.0	1	741.212	741.512
746.971	0.8999999999999773	trials	44	s044_F200623	grCe_grSu6Ne_PS	18	315.0	1	747.271	747.571
747.571	0.8999999999999773	trials	44	s044_F200623	coCe	16	0.0	1	747.871	748.171
751.4970000000001	0.8999999999999773	trials	44	s044_F200623	grSu18Fa	10		1	751.797	752.096
752.8050000000001	0.8999999999999773	trials	44	s044_F200623	grCe_grSu12SmCiNe	13	0.0	1	753.105	753.405
753.4050000000001	0.8999999999999773	trials	44	s044_F200623	grCe_grSu6Ne	7	270.0	1	753.705	754.005
754.005	0.8999999999999773	trials	44	s044_F200623	grCe_grSu6CiNe_PS	19	45.0	1	754.305	754.605
760.331	0.8999999999999773	trials	44	s044_F200623	coCe_grSu6Ne	17	315.0	1	760.631	760.931
764.3900000000001	0.8999999999999773	trials	44	s044_F200623	grCe_grSu6Ne	7	315.0	1	764.69	764.99
764.99	0.8999999999999773	trials	44	s044_F200623	grCe	1	45.0	1	765.29	765.59
765.599	0.8999999999999773	trials	44	s044_F200623	grCe_grSu12Mi	9	270.0	1	765.899	766.198
766.207	0.8999999999999773	trials	44	s044_F200623	grCe_grSu1Ne	3	270.0	1	766.507	766.807
766.807	0.8999999999999773	trials	44	s044_F200623	grCe_grSu12SmCiNe_PS	21	90.0	1	767.107	767.407
773.1160000000001	0.8999999999999773	trials	44	s044_F200623	coCe_grSu6Ne	17	225.0	1	773.416	773.716
773.716	0.8999999999999773	trials	44	s044_F200623	grSu6Ne	6		1	774.016	774.316
774.9250000000001	0.8999999999999773	trials	44	s044_F200623	grCe_grSu12SmCiNe_PS	21	315.0	1	775.225	775.524
775.5250000000001	0.8999999999999773	trials	44	s044_F200623	grCe_grSu12SmCiNe_PS	21	135.0	1	775.825	776.125
781.6840000000001	0.8999999999999773	trials	44	s044_F200623	grCe_grSu12SmCiNe_PS	21	180.0	1	781.984	782.284
782.292	0.8999999999999773	trials	44	s044_F200623	grCe_grSu1Ne	3	90.0	1	782.592	782.892
782.893	0.8999999999999773	trials	44	s044_F200623	grCe	1	90.0	1	783.193	783.492
783.493	0.8999999999999773	trials	44	s044_F200623	grCe_grSu6Ne_PS	18	90.0	1	783.793	784.092
784.101	0.8999999999999773	trials	44	s044_F200623	grCe_grSu6CiNe	15	225.0	1	784.401	784.701
790.3430000000001	0.8999999999999773	trials	44	s044_F200623	coCe	16	270.0	1	790.643	790.943
790.952	0.8999999999999773	trials	44	s044_F200623	grCe_grSu12SmCiNe	13	270.0	1	791.252	791.552
791.552	0.8999999999999773	trials	44	s044_F200623	grCe_grSu12SmCiNe	13	135.0	1	791.852	792.152
792.1600000000001	0.8999999999999773	trials	44	s044_F200623	grCe_grSu12Mi	9	315.0	1	792.46	792.76
792.76	0.8999999999999773	trials	44	s044_F200623	grCe_grSu6CiNe_PS	19	135.0	1	793.06	793.36
798.928	0.8999999999999773	trials	44	s044_F200623	grCe_grSu12SmCiNe	13	90.0	1	799.228	799.528
800.128	0.8999999999999773	trials	44	s044_F200623	grCe_grSu6CiNe_PS	19	0.0	1	800.428	800.728
800.736	0.8999999999999773	trials	44	s044_F200623	grCe_grSu6CiNe	15	45.0	1	801.036	801.336
801.337	0.8999999999999773	trials	44	s044_F200623	grCe_grSu6Ne_PS	18	0.0	1	801.637	801.936
807.404	0.8999999999999773	trials	44	s044_F200623	grCe	1	135.0	1	807.704	808.004
808.0120000000001	0.8999999999999773	trials	44	s044_F200623	grCe_grSu6Ne	7	45.0	1	808.312	808.612
808.6120000000001	0.8999999999999773	trials	44	s044_F200623	grCe_grSu6Ne_PS	18	45.0	1	808.912	809.212
809.879	0.8999999999999773	trials	44	s044_F200623	grCe_grSu6CiNe	15	135.0	1	810.179	810.479
819.7220000000001	0.8999999999999773	trials	44	s044_F200623	grCe_grSu18Fa	11	0.0	1	820.022	820.322
820.322	0.8999999999999773	trials	44	s044_F200623	grCe_grSu6CiNe_PS	19	315.0	1	820.622	820.922
820.922	0.8999999999999773	trials	44	s044_F200623	grCe_grSu1Ne	3	270.0	0	821.222	821.522
821.522	0.8999999999999773	trials	44	s044_F200623	grCe_grSu12SmCiNe_PS	21	45.0	0	821.822	822.122
822.123	0.8999999999999773	trials	44	s044_F200623	grSu1Ne	2		0	822.423	822.722
828.332	0.8999999999999773	trials	44	s044_F200623	grCe_grSu6CiNe	15	180.0	0	828.632	828.931
828.94	0.8999999999999773	trials	44	s044_F200623	grCe_grSu6Ne	7	225.0	0	829.24	829.54
829.557	0.8999999999999773	trials	44	s044_F200623	grCe_grSu18Fa	11	270.0	0	829.857	830.157
830.157	0.8999999999999773	trials	44	s044_F200623	grCe	1	315.0	0	830.457	830.757
830.7570000000001	0.8999999999999773	trials	44	s044_F200623	grCe_grSu12SmCiNe_PS	21	0.0	0	831.057	831.357
838.291	0.8999999999999773	trials	44	s044_F200623	grSu6Ne	6		0	838.591	838.891
839.5	0.8999999999999773	trials	44	s044_F200623	grCe_grSu12Mi	9	45.0	0	839.8	840.099
840.1080000000001	0.8999999999999773	trials	44	s044_F200623	grCe_grSu12SmCiNe	13	225.0	0	840.408	840.708
846.551	0.8999999999999773	trials	44	s044_F200623	grCe_grSu6Ne_PS	18	180.0	0	846.851	847.15
847.159	0.8999999999999773	trials	44	s044_F200623	grCe_grSu12SmCiNe	13	180.0	0	847.459	847.759
847.759	0.8999999999999773	trials	44	s044_F200623	coCe_grSu6Ne	17	315.0	0	848.059	848.359
848.359	0.8999999999999773	trials	44	s044_F200623	grCe_grSu12SmCiNe_PS	21	135.0	0	848.659	848.959
848.9680000000001	0.8999999999999773	trials	44	s044_F200623	grCe_grSu12Mi	9	270.0	0	849.268	849.567
867.1030000000001	0.8999999999999773	trials	44	s044_F200623	grCe	1	45.0	0	867.403	867.703
874.529	0.8999999999999773	trials	44	s044_F200623	grCe	1	180.0	0	874.829	875.129
875.138	0.8999999999999773	trials	44	s044_F200623	grCe_grSu3Ne	5	225.0	0	875.438	875.737
875.738	0.8999999999999773	trials	44	s044_F200623	grCe_grSu6CiNe_PS	19	0.0	0	876.038	876.337
876.346	0.8999999999999773	trials	44	s044_F200623	grCe_grSu1Ne	3	90.0	0	876.646	876.946
876.955	0.8999999999999773	trials	44	s044_F200623	grCe_grSu12Mi	9	135.0	0	877.255	877.554
883.6310000000001	0.8999999999999773	trials	44	s044_F200623	coCe	16	180.0	0	883.931	884.23
884.231	0.8999999999999773	trials	44	s044_F200623	grCe	1	90.0	0	884.531	884.83
885.431	0.8999999999999773	trials	44	s044_F200623	grCe_grSu12SmCiNe_PS	21	90.0	0	885.731	886.03
886.0310000000001	0.8999999999999773	trials	44	s044_F200623	grCe_grSu6Ne_PS	18	270.0	0	886.331	886.63
892.7650000000001	0.8999999999999773	trials	44	s044_F200623	grCe_grSu12Mi	9	315.0	0	893.065	893.365
896.8240000000001	0.8999999999999773	trials	44	s044_F200623	grCe	1	225.0	0	897.124	897.424
897.4240000000001	0.8999999999999773	trials	44	s044_F200623	NoStim	0		0	897.724	898.024
898.041	0.8999999999999773	trials	44	s044_F200623	grCe_grSu18Fa	11	225.0	0	898.341	898.64
898.6410000000001	0.8999999999999773	trials	44	s044_F200623	grCe_grSu6CiNe	15	315.0	0	898.941	899.24
905.3580000000001	0.8999999999999773	trials	44	s044_F200623	coCe	16	90.0	0	905.658	905.958
905.9670000000001	0.8999999999999773	trials	44	s044_F200623	grCe_grSu6CiNe	15	90.0	0	906.267	906.566
906.567	0.8999999999999773	trials	44	s044_F200623	grCe_grSu6Ne	7	0.0	0	906.867	907.166
907.1750000000001	0.8999999999999773	trials	44	s044_F200623	grCe_grSu3Ne	5	270.0	0	907.475	907.775
907.784	0.8999999999999773	trials	44	s044_F200623	grCe_grSu3Ne	5	180.0	0	908.084	908.383
924.5440000000001	0.8999999999999773	trials	44	s044_F200623	coCe	16	315.0	0	924.844	925.144
928.6360000000001	0.8999999999999773	trials	44	s044_F200623	grCe_grSu6Ne	7	180.0	0	928.936	929.236
929.236	0.8999999999999773	trials	44	s044_F200623	grSu6CiNe	14		0	929.536	929.836
934.3870000000001	0.8999999999999773	trials	44	s044_F200623	grCe	1	270.0	0	934.687	934.987
934.995	0.8999999999999773	trials	44	s044_F200623	grCe_grSu12Mi	9	90.0	0	935.295	935.595
935.596	0.8999999999999773	trials	44	s044_F200623	grCe_grSu12SmCiNe_PS	21	180.0	0	935.896	936.195
941.73	0.8999999999999773	trials	44	s044_F200623	grCe_grSu12SmCiNe	13	45.0	0	942.03	942.329
942.33	0.8999999999999773	trials	44	s044_F200623	grCe_grSu6Ne_PS	18	90.0	0	942.63	942.929
942.9380000000001	0.8999999999999773	trials	44	s044_F200623	grCe_grSu6CiNe	15	225.0	0	943.238	943.538
943.547	0.8999999999999773	trials	44	s044_F200623	grCe_grSu18Fa	11	0.0	0	943.847	944.146
944.172	0.8999999999999773	trials	44	s044_F200623	coCe_grSu6Ne	17	180.0	0	944.472	944.771
950.798	0.8999999999999773	trials	44	s044_F200623	grCe_grSu12SmCiNe_PS	21	225.0	0	951.098	951.397
951.4060000000001	0.8999999999999773	trials	44	s044_F200623	coCe_grSu6Ne	17	270.0	0	951.706	952.006
952.014	0.8999999999999773	trials	44	s044_F200623	grCe_grSu12SmCiNe	13	315.0	0	952.314	952.614
952.623	0.8999999999999773	trials	44	s044_F200623	grCe_grSu1Ne	3	315.0	0	952.923	953.222
958.807	0.8999999999999773	trials	44	s044_F200623	coCe	16	45.0	0	959.107	959.407
959.407	0.8999999999999773	trials	44	s044_F200623	grCe_grSu6CiNe_PS	19	45.0	0	959.707	960.007
960.615	0.8999999999999773	trials	44	s044_F200623	grCe_grSu6Ne	7	135.0	0	960.915	961.215
961.224	0.8999999999999773	trials	44	s044_F200623	grCe_grSu3Ne	5	135.0	0	961.524	961.824
967.475	0.8999999999999773	trials	44	s044_F200623	grCe_grSu6Ne	7	315.0	0	967.775	968.074
968.075	0.8999999999999773	trials	44	s044_F200623	grCe_grSu6CiNe	15	45.0	0	968.375	968.674
969.283	0.8999999999999773	trials	44	s044_F200623	grCe_grSu12SmCiNe	13	270.0	0	969.583	969.883
969.892	0.8999999999999773	trials	44	s044_F200623	grSu12Mi	8		0	970.192	970.491
976.9430000000001	0.8999999999999773	trials	44	s044_F200623	coCe_grSu6Ne	17	90.0	0	977.243	977.542
977.543	0.8999999999999773	trials	44	s044_F200623	grCe_grSu3Ne	5	90.0	0	977.843	978.142
978.159	0.8999999999999773	trials	44	s044_F200623	grCe_grSu18Fa	11	90.0	0	978.459	978.759
982.552	0.8999999999999773	trials	44	s044_F200623	coCe_grSu6Ne	17	45.0	0	982.852	983.151
983.152	0.8999999999999773	trials	44	s044_F200623	grCe_grSu3Ne	5	45.0	0	983.452	983.751
983.7520000000001	0.8999999999999773	trials	44	s044_F200623	grCe_grSu6Ne_PS	18	225.0	0	984.052	984.351
984.3520000000001	0.8999999999999773	trials	44	s044_F200623	grCe_grSu6Ne_PS	18	135.0	0	984.652	984.952
984.952	0.8999999999999773	trials	44	s044_F200623	grCe_grSu6CiNe_PS	19	90.0	0	985.252	985.552
991.744	0.8999999999999773	trials	44	s044_F200623	coCe	16	0.0	0	992.044	992.344
992.945	0.8999999999999773	trials	44	s044_F200623	grSu3Ne	4		0	993.245	993.544
994.303	0.8999999999999773	trials	44	s044_F200623	grCe_grSu1Ne	3	135.0	0	994.603	994.903
1000.379	0.8999999999999773	trials	44	s044_F200623	grSu18Fa	10		0	1000.679	1000.979
1000.979	0.8999999999999773	trials	44	s044_F200623	grCe_grSu6Ne_PS	18	315.0	0	1001.279	1001.579
1001.5790000000001	0.8999999999999773	trials	44	s044_F200623	coCe	16	225.0	0	1001.879	1002.179
1002.1790000000001	0.8999999999999773	trials	44	s044_F200623	grCe_grSu12SmCiNe_PS	21	315.0	0	1002.479	1002.779
1002.796	0.8999999999999773	trials	44	s044_F200623	grCe_grSu18Fa	11	135.0	0	1003.096	1003.396
1008.913	0.8999999999999773	trials	44	s044_F200623	grCe_grSu6CiNe	15	270.0	0	1009.213	1009.513
1009.513	0.8999999999999773	trials	44	s044_F200623	grCe_grSu6Ne	7	45.0	0	1009.813	1010.113
1010.114	0.8999999999999773	trials	44	s044_F200623	grCe_grSu1Ne	3	0.0	0	1010.414	1010.713
1010.714	0.8999999999999773	trials	44	s044_F200623	grCe_grSu6Ne_PS	18	0.0	0	1011.014	1011.313
1011.3140000000001	0.8999999999999773	trials	44	s044_F200623	grCe_grSu6Ne_PS	18	45.0	0	1011.614	1011.913
1022.0150000000001	0.8999999999999773	trials	44	s044_F200623	grSu12SmCiNe	12		0	1022.315	1022.615
1022.615	0.8999999999999773	trials	44	s044_F200623	grCe_grSu6CiNe_PS	19	180.0	0	1022.915	1023.215
1023.215	0.8999999999999773	trials	44	s044_F200623	grCe_grSu3Ne	5	315.0	0	1023.515	1023.815
1023.815	0.8999999999998636	trials	44	s044_F200623	grCe_grSu1Ne	3	180.0	0	1024.115	1024.415
1024.415	0.8999999999998636	trials	44	s044_F200623	grCe_grSu6CiNe_PS	19	135.0	0	1024.715	1025.015
1030.516	0.8999999999998636	trials	44	s044_F200623	grCe_grSu1Ne	3	225.0	0	1030.816	1031.116
1031.116	0.8999999999998636	trials	44	s044_F200623	grCe_grSu6CiNe	15	0.0	0	1031.416	1031.716
1031.7160000000001	0.8999999999998636	trials	44	s044_F200623	coCe	16	270.0	0	1032.016	1032.316
1032.325	0.8999999999998636	trials	44	s044_F200623	grCe_grSu12Mi	9	180.0	0	1032.625	1032.924
1043.0430000000001	0.8999999999998636	trials	44	s044_F200623	grCe_grSu6CiNe_PS	19	270.0	0	1043.343	1043.642
1043.651	0.8999999999998636	trials	44	s044_F200623	grCe_grSu12SmCiNe	13	0.0	0	1043.951	1044.251
1045.46	0.8999999999998636	trials	44	s044_F200623	coCe	16	135.0	0	1045.76	1046.059
1051.769	0.8999999999998636	trials	44	s044_F200623	grCe_grSu12Mi	9	0.0	0	1052.069	1052.369
1052.3690000000001	0.8999999999998636	trials	44	s044_F200623	grCe_grSu12SmCiNe	13	135.0	0	1052.669	1052.969
1052.969	0.8999999999998636	trials	44	s044_F200623	grCe_grSu6CiNe	15	135.0	0	1053.269	1053.569
1053.586	0.8999999999998636	trials	44	s044_F200623	grCe_grSu18Fa	11	180.0	0	1053.886	1054.185
1054.1860000000001	0.8999999999998636	trials	44	s044_F200623	grCe_grSu12SmCiNe	13	90.0	0	1054.486	1054.786
1060.345	0.8999999999998636	trials	44	s044_F200623	grCe_grSu12Mi	9	225.0	0	1060.645	1060.945
1060.945	0.8999999999998636	trials	44	s044_F200623	grCe	1	0.0	0	1061.245	1061.545
1061.554	0.8999999999998636	trials	44	s044_F200623	coCe_grSu6Ne	17	135.0	0	1061.854	1062.153
1062.154	0.8999999999998636	trials	44	s044_F200623	grCe_grSu6CiNe_PS	19	315.0	0	1062.454	1062.753
1069.5800000000002	0.8999999999998636	trials	44	s044_F200623	grCe_grSu6CiNe_PS	19	225.0	0	1069.88	1070.179
1073.2630000000001	0.8999999999998636	trials	44	s044_F200623	grCe	1	135.0	0	1073.563	1073.863
1074.463	0.8999999999998636	trials	44	s044_F200623	grCe_grSu12SmCiNe_PS	21	270.0	0	1074.763	1075.063
1075.0720000000001	0.8999999999998636	trials	44	s044_F200623	grCe_grSu18Fa	11	45.0	0	1075.372	1075.672
1075.68	0.8999999999998636	trials	44	s044_F200623	grCe_grSu3Ne	5	0.0	0	1075.98	1076.28
1081.856	0.8999999999998636	trials	44	s044_F200623	coSu6Ne	20		0	1082.156	1082.456
1082.4650000000001	0.8999999999998636	trials	44	s044_F200623	grCe_grSu1Ne	3	45.0	0	1082.765	1083.064
1083.065	0.8999999999998636	trials	44	s044_F200623	grCe_grSu6Ne	7	270.0	0	1083.365	1083.664
1083.665	0.8999999999998636	trials	44	s044_F200623	coCe_grSu6Ne	17	225.0	0	1083.965	1084.264
1090.724	0.8999999999998636	trials	44	s044_F200623	coCe_grSu6Ne	17	0.0	0	1091.024	1091.324
1091.3410000000001	0.8999999999998636	trials	44	s044_F200623	grCe_grSu18Fa	11	315.0	0	1091.641	1091.94
1091.949	0.8999999999998636	trials	44	s044_F200623	grCe_grSu6Ne	7	90.0	0	1092.249	1092.549
1092.549	0.8999999999998636	trials	44	s044_F200623	grCe_grSu12SmCiNe_PS	21	270.0	7	1092.849	1093.149
1093.1490000000001	0.8999999999998636	trials	44	s044_F200623	grCe_grSu12SmCiNe_PS	21	180.0	7	1093.449	1093.749
1102.625	0.8999999999998636	trials	44	s044_F200623	grCe_grSu6CiNe	15	180.0	7	1102.925	1103.225
1103.226	0.8999999999998636	trials	44	s044_F200623	coCe	16	225.0	7	1103.526	1103.825
1103.826	0.8999999999998636	trials	44	s044_F200623	grCe	1	315.0	7	1104.126	1104.425
1104.434	0.8999999999998636	trials	44	s044_F200623	grCe_grSu12Mi	9	315.0	7	1104.734	1105.034
1105.034	0.8999999999998636	trials	44	s044_F200623	grSu6CiNe	14		7	1105.334	1105.634
1111.71	0.8999999999998636	trials	44	s044_F200623	grCe_grSu18Fa	11	180.0	7	1112.01	1112.31
1115.294	0.8999999999998636	trials	44	s044_F200623	grCe_grSu6Ne	7	90.0	7	1115.594	1115.893
1115.894	0.8999999999998636	trials	44	s044_F200623	grCe	1	270.0	7	1116.194	1116.494
1116.4940000000001	0.8999999999998636	trials	44	s044_F200623	grCe_grSu6CiNe_PS	19	270.0	7	1116.794	1117.094
1117.102	0.8999999999998636	trials	44	s044_F200623	grCe_grSu6Ne	7	270.0	7	1117.402	1117.702
1117.702	0.8999999999998636	trials	44	s044_F200623	grCe	1	225.0	7	1118.002	1118.302
1124.52	0.8999999999998636	trials	44	s044_F200623	grCe_grSu6Ne	7	225.0	7	1124.82	1125.12
1125.1280000000002	0.8999999999998636	trials	44	s044_F200623	grCe_grSu1Ne	3	135.0	7	1125.428	1125.728
1125.737	0.8999999999998636	trials	44	s044_F200623	grCe_grSu12Mi	9	0.0	7	1126.037	1126.336
1126.345	0.8999999999998636	trials	44	s044_F200623	grSu18Fa	10		7	1126.645	1126.945
1133.121	0.8999999999998636	trials	44	s044_F200623	grSu3Ne	4		7	1133.421	1133.721
1133.729	0.8999999999998636	trials	44	s044_F200623	grCe_grSu12SmCiNe	13	180.0	7	1134.029	1134.329
1134.338	0.8999999999998636	trials	44	s044_F200623	grCe_grSu6Ne	7	315.0	7	1134.638	1134.938
1134.938	0.8999999999998636	trials	44	s044_F200623	coCe_grSu6Ne	17	45.0	7	1135.238	1135.538
1141.089	0.8999999999998636	trials	44	s044_F200623	grCe_grSu1Ne	3	270.0	7	1141.389	1141.688
1142.289	0.8999999999998636	trials	44	s044_F200623	grCe_grSu6CiNe	15	90.0	7	1142.589	1142.889
1142.8890000000001	0.8999999999998636	trials	44	s044_F200623	grCe_grSu6Ne_PS	18	90.0	7	1143.189	1143.489
1143.497	0.8999999999998636	trials	44	s044_F200623	grCe_grSu12SmCiNe	13	270.0	7	1143.797	1144.097
1149.9070000000002	0.8999999999998636	trials	44	s044_F200623	grCe	1	135.0	7	1150.207	1150.506
1150.507	0.8999999999998636	trials	44	s044_F200623	grCe_grSu6Ne_PS	18	180.0	7	1150.807	1151.106
1151.107	0.8999999999998636	trials	44	s044_F200623	coCe	16	90.0	7	1151.407	1151.706
1152.324	0.8999999999998636	trials	44	s044_F200623	grCe_grSu12Mi	9	225.0	7	1152.624	1152.923
1159.108	0.8999999999998636	trials	44	s044_F200623	grCe_grSu12Mi	9	90.0	7	1159.408	1159.707
1159.7250000000001	0.8999999999998636	trials	44	s044_F200623	grCe_grSu18Fa	11	270.0	7	1160.025	1160.325
1160.334	0.8999999999998636	trials	44	s044_F200623	grCe_grSu18Fa	11	315.0	7	1160.634	1160.934
1160.934	0.8999999999998636	trials	44	s044_F200623	grCe_grSu6Ne_PS	18	135.0	7	1161.234	1161.534
1167.0510000000002	0.8999999999998636	trials	44	s044_F200623	grCe_grSu12Mi	9	45.0	7	1167.351	1167.651
1167.652	0.8999999999998636	trials	44	s044_F200623	grCe_grSu6CiNe	15	45.0	7	1167.952	1168.251
1168.852	0.8999999999998636	trials	44	s044_F200623	grCe_grSu3Ne	5	0.0	7	1169.152	1169.451
1169.452	0.8999999999998636	trials	44	s044_F200623	grCe_grSu6Ne_PS	18	0.0	7	1169.752	1170.051
1178.678	0.8999999999998636	trials	44	s044_F200623	grCe_grSu18Fa	11	0.0	7	1178.978	1179.278
1179.278	0.8999999999998636	trials	44	s044_F200623	grCe_grSu6Ne_PS	18	315.0	7	1179.578	1179.878
1179.886	0.8999999999998636	trials	44	s044_F200623	grCe_grSu3Ne	5	315.0	7	1180.186	1180.486
1180.487	0.8999999999998636	trials	44	s044_F200623	coCe_grSu6Ne	17	90.0	7	1180.787	1181.086
1187.454	0.8999999999998636	trials	44	s044_F200623	grCe_grSu6CiNe	15	270.0	7	1187.754	1188.054
1188.054	0.8999999999998636	trials	44	s044_F200623	grCe_grSu6CiNe	15	225.0	7	1188.354	1188.654
1188.663	0.8999999999998636	trials	44	s044_F200623	grCe_grSu18Fa	11	45.0	7	1188.963	1189.262
1189.271	0.8999999999998636	trials	44	s044_F200623	coCe_grSu6Ne	17	225.0	7	1189.571	1189.871
1189.871	0.8999999999998636	trials	44	s044_F200623	grCe_grSu12SmCiNe_PS	21	90.0	7	1190.171	1190.471
1209.632	0.8999999999998636	trials	44	s044_F200623	coCe_grSu6Ne	17	0.0	7	1209.932	1210.232
1210.232	0.8999999999998636	trials	44	s044_F200623	coCe	16	315.0	7	1210.532	1210.832
1217.691	0.8999999999998636	trials	44	s044_F200623	coCe_grSu6Ne	17	180.0	7	1217.991	1218.291
1218.291	0.8999999999998636	trials	44	s044_F200623	grCe_grSu12SmCiNe_PS	21	315.0	7	1218.591	1218.891
1218.891	0.8999999999998636	trials	44	s044_F200623	grCe_grSu6Ne_PS	18	45.0	7	1219.191	1219.491
1219.492	0.8999999999998636	trials	44	s044_F200623	coCe	16	45.0	7	1219.792	1220.091
1226.251	0.8999999999998636	trials	44	s044_F200623	grCe_grSu6Ne	7	135.0	7	1226.551	1226.85
1226.851	0.8999999999998636	trials	44	s044_F200623	grSu12SmCiNe	12		7	1227.151	1227.451
1227.584	0.8999999999998636	trials	44	s044_F200623	grCe_grSu1Ne	3	0.0	7	1227.884	1228.184
1231.3600000000001	0.8999999999998636	trials	44	s044_F200623	grCe_grSu6Ne	7	0.0	7	1231.66	1231.959
1231.96	0.8999999999998636	trials	44	s044_F200623	grCe_grSu12SmCiNe	13	45.0	7	1232.26	1232.56
1232.56	0.8999999999998636	trials	44	s044_F200623	grCe_grSu3Ne	5	90.0	7	1232.86	1233.16
1233.768	0.8999999999998636	trials	44	s044_F200623	NoStim	0		7	1234.068	1234.368
1239.8690000000001	0.8999999999998636	trials	44	s044_F200623	grCe_grSu18Fa	11	90.0	7	1240.169	1240.469
1240.478	0.8999999999998636	trials	44	s044_F200623	grCe_grSu3Ne	5	270.0	7	1240.778	1241.077
1241.078	0.8999999999998636	trials	44	s044_F200623	grCe_grSu1Ne	3	180.0	7	1241.378	1241.677
1241.678	0.8999999999998636	trials	44	s044_F200623	grCe_grSu12SmCiNe_PS	21	45.0	7	1241.978	1242.277
1246.5620000000001	0.8999999999998636	trials	44	s044_F200623	grCe_grSu12SmCiNe_PS	21	135.0	7	1246.862	1247.161
1247.17	0.8999999999998636	trials	44	s044_F200623	coCe_grSu6Ne	17	315.0	7	1247.47	1247.77
1247.77	0.8999999999998636	trials	44	s044_F200623	grCe_grSu12SmCiNe_PS	21	225.0	7	1248.07	1248.37
1255.6960000000001	0.8999999999998636	trials	44	s044_F200623	grCe	1	90.0	7	1255.996	1256.296
1256.296	0.8999999999998636	trials	44	s044_F200623	grCe_grSu6Ne_PS	18	225.0	7	1256.596	1256.896
1256.896	0.8999999999998636	trials	44	s044_F200623	coCe	16	180.0	7	1257.196	1257.496
1257.496	0.8999999999998636	trials	44	s044_F200623	grSu6Ne	6		7	1257.796	1258.096
1263.8310000000001	0.8999999999998636	trials	44	s044_F200623	grCe_grSu6CiNe_PS	19	315.0	7	1264.131	1264.43
1264.439	0.8999999999998636	trials	44	s044_F200623	grCe_grSu3Ne	5	180.0	7	1264.739	1265.039
1265.039	0.8999999999998636	trials	44	s044_F200623	grCe	1	180.0	7	1265.339	1265.639
1265.6390000000001	0.8999999999998636	trials	44	s044_F200623	grCe	1	45.0	7	1265.939	1266.239
1266.239	0.8999999999998636	trials	44	s044_F200623	coCe	16	270.0	7	1266.539	1266.839
1273.165	0.8999999999998636	trials	44	s044_F200623	grCe_grSu12Mi	9	270.0	7	1273.465	1273.765
1276.824	0.8999999999998636	trials	44	s044_F200623	grCe_grSu6CiNe_PS	19	135.0	7	1277.124	1277.424
1277.432	0.8999999999998636	trials	44	s044_F200623	grCe_grSu12Mi	9	180.0	7	1277.732	1278.032
1278.049	0.8999999999998636	trials	44	s044_F200623	grCe_grSu18Fa	11	225.0	7	1278.349	1278.649
1278.6490000000001	0.8999999999998636	trials	44	s044_F200623	grCe_grSu6CiNe_PS	19	45.0	7	1278.949	1279.249
1279.366	0.8999999999998636	trials	44	s044_F200623	grCe_grSu12SmCiNe	13	90.0	7	1279.666	1279.966
1285.5420000000001	0.8999999999998636	trials	44	s044_F200623	coCe_grSu6Ne	17	135.0	7	1285.842	1286.141
1286.15	0.8999999999998636	trials	44	s044_F200623	grCe_grSu12SmCiNe	13	315.0	7	1286.45	1286.75
1286.759	0.8999999999998636	trials	44	s044_F200623	grCe_grSu6Ne	7	180.0	7	1287.059	1287.358
1287.367	0.8999999999998636	trials	44	s044_F200623	grSu12Mi	8		7	1287.667	1287.967
1287.967	0.8999999999998636	trials	44	s044_F200623	coCe	16	135.0	7	1288.267	1288.567
1298.8020000000001	0.8999999999998636	trials	44	s044_F200623	grCe_grSu12SmCiNe	13	135.0	7	1299.102	1299.401
1299.402	0.8999999999998636	trials	44	s044_F200623	grCe_grSu1Ne	3	315.0	7	1299.702	1300.002
1300.002	0.8999999999998636	trials	44	s044_F200623	grCe_grSu6CiNe_PS	19	225.0	7	1300.302	1300.602
1301.202	0.8999999999998636	trials	44	s044_F200623	coSu6Ne	20		7	1301.502	1301.802
1307.711	0.8999999999998636	trials	44	s044_F200623	grCe_grSu1Ne	3	90.0	7	1308.011	1308.311
1308.32	0.8999999999998636	trials	44	s044_F200623	grCe_grSu6Ne	7	45.0	7	1308.62	1308.919
1312.104	0.8999999999998636	trials	44	s044_F200623	grCe_grSu3Ne	5	135.0	7	1312.404	1312.703
1313.304	0.8999999999998636	trials	44	s044_F200623	grCe_grSu12SmCiNe	13	0.0	7	1313.604	1313.903
1313.904	0.8999999999998636	trials	44	s044_F200623	grCe_grSu6CiNe	15	0.0	7	1314.204	1314.503
1314.5040000000001	0.8999999999998636	trials	44	s044_F200623	grSu1Ne	2		7	1314.804	1315.103
1320.621	0.8999999999998636	trials	44	s044_F200623	grCe_grSu6Ne_PS	18	270.0	7	1320.921	1321.221
1323.038	0.8999999999998636	trials	44	s044_F200623	grCe_grSu3Ne	5	45.0	7	1323.338	1323.638
1329.131	0.8999999999998636	trials	44	s044_F200623	grCe_grSu6CiNe	15	315.0	7	1329.431	1329.73
1329.731	0.8999999999998636	trials	44	s044_F200623	grCe_grSu12SmCiNe_PS	21	0.0	7	1330.031	1330.33
1330.339	0.8999999999998636	trials	44	s044_F200623	grCe_grSu12Mi	9	135.0	7	1330.639	1330.939
1330.948	0.8999999999998636	trials	44	s044_F200623	grCe_grSu12SmCiNe	13	225.0	7	1331.248	1331.547
1331.548	0.8999999999998636	trials	44	s044_F200623	grCe_grSu6CiNe_PS	19	90.0	7	1331.848	1332.147
1338.39	0.8999999999998636	trials	44	s044_F200623	grCe_grSu6CiNe	15	135.0	7	1338.69	1338.99
1338.99	0.8999999999998636	trials	44	s044_F200623	grCe_grSu3Ne	5	225.0	7	1339.29	1339.59
1339.5900000000001	0.8999999999998636	trials	44	s044_F200623	grCe_grSu1Ne	3	45.0	7	1339.89	1340.19
1340.8410000000001	0.8999999999998636	trials	44	s044_F200623	grCe_grSu18Fa	11	135.0	7	1341.141	1341.44
1347.8410000000001	0.8999999999998636	trials	44	s044_F200623	grCe_grSu6CiNe_PS	19	180.0	7	1348.141	1348.441
1348.442	0.8999999999998636	trials	44	s044_F200623	coCe	16	0.0	7	1348.742	1349.041
1349.0420000000001	0.8999999999998636	trials	44	s044_F200623	grCe	1	0.0	7	1349.342	1349.641
1363.91	0.8999999999998636	trials	44	s044_F200623	grCe_grSu6CiNe_PS	19	0.0	7	1364.21	1364.51
1364.51	0.8999999999998636	trials	44	s044_F200623	grCe_grSu1Ne	3	225.0	7	1364.81	1365.11
1365.1100000000001	0.8999999999998636	trials	44	s044_F200623	coCe_grSu6Ne	17	270.0	7	1365.41	1365.71
1366.319	0.8999999999998636	trials	44	s044_F200623	grCe_grSu1Ne	3	180.0	8	1366.619	1366.919
1372.32	0.8999999999998636	trials	44	s044_F200623	coCe	16	315.0	8	1372.62	1372.919
1372.92	0.8999999999998636	trials	44	s044_F200623	grCe_grSu6CiNe_PS	19	0.0	8	1373.22	1373.519
1373.52	0.8999999999998636	trials	44	s044_F200623	coCe	16	270.0	8	1373.82	1374.119
1374.1200000000001	0.8999999999998636	trials	44	s044_F200623	coSu6Ne	20		8	1374.42	1374.72
1374.7450000000001	0.8999999999998636	trials	44	s044_F200623	grCe_grSu12SmCiNe_PS	21	225.0	8	1375.045	1375.345
1380.854	0.8999999999998636	trials	44	s044_F200623	grCe_grSu12SmCiNe_PS	21	0.0	8	1381.154	1381.454
1381.454	0.8999999999998636	trials	44	s044_F200623	grCe	1	270.0	8	1381.754	1382.054
1382.054	0.8999999999998636	trials	44	s044_F200623	grCe_grSu6Ne	7	225.0	8	1382.354	1382.654
1390.13	0.8999999999998636	trials	44	s044_F200623	grCe	1	315.0	8	1390.43	1390.73
1390.73	0.8999999999998636	trials	44	s044_F200623	grSu12SmCiNe	12		8	1391.03	1391.33
1391.339	0.8999999999998636	trials	44	s044_F200623	grCe_grSu6Ne	7	135.0	8	1391.639	1391.938
1391.939	0.8999999999998636	trials	44	s044_F200623	grCe_grSu12SmCiNe_PS	21	270.0	8	1392.239	1392.539
1398.748	0.8999999999998636	trials	44	s044_F200623	grCe_grSu12Mi	9	180.0	8	1399.048	1399.348
1399.348	0.8999999999998636	trials	44	s044_F200623	grCe	1	45.0	8	1399.648	1399.948
1400.557	0.8999999999998636	trials	44	s044_F200623	grSu6CiNe	14		8	1400.857	1401.156
1401.1570000000002	0.8999999999998636	trials	44	s044_F200623	coCe	16	135.0	8	1401.457	1401.756
1407.416	0.8999999999998636	trials	44	s044_F200623	coCe_grSu6Ne	17	135.0	8	1407.716	1408.016
1409.224	0.8999999999998636	trials	44	s044_F200623	grCe_grSu3Ne	5	180.0	8	1409.524	1409.824
1409.824	0.8999999999998636	trials	44	s044_F200623	grCe_grSu12SmCiNe	13	180.0	8	1410.124	1410.424
1416.309	0.8999999999998636	trials	44	s044_F200623	grCe_grSu12SmCiNe	13	315.0	8	1416.609	1416.908
1416.909	0.8999999999998636	trials	44	s044_F200623	coCe_grSu6Ne	17	0.0	8	1417.209	1417.508
1417.517	0.8999999999998636	trials	44	s044_F200623	grCe_grSu3Ne	5	135.0	8	1417.817	1418.117
1418.126	0.8999999999998636	trials	44	s044_F200623	grCe_grSu12SmCiNe	13	45.0	8	1418.426	1418.725
1418.726	0.8999999999998636	trials	44	s044_F200623	grCe_grSu3Ne	5	90.0	8	1419.026	1419.325
1425.193	0.8999999999998636	trials	44	s044_F200623	grCe_grSu18Fa	11	90.0	8	1425.493	1425.793
1425.7930000000001	0.8999999999998636	trials	44	s044_F200623	grCe_grSu12SmCiNe	13	0.0	8	1426.093	1426.393
1426.402	0.8999999999998636	trials	44	s044_F200623	grCe_grSu12Mi	9	225.0	8	1426.702	1427.001
1427.01	0.8999999999998636	trials	44	s044_F200623	grCe_grSu12Mi	9	0.0	8	1427.31	1427.61
1427.6100000000001	0.8999999999998636	trials	44	s044_F200623	grCe_grSu6CiNe	15	0.0	8	1427.91	1428.21
1434.444	0.8999999999998636	trials	44	s044_F200623	grCe_grSu1Ne	3	0.0	8	1434.744	1435.044
1435.053	0.8999999999998636	trials	44	s044_F200623	grSu18Fa	10		8	1435.353	1435.652
1435.653	0.8999999999998636	trials	44	s044_F200623	coCe	16	0.0	8	1435.953	1436.252
1436.27	0.8999999999998636	trials	44	s044_F200623	grCe_grSu18Fa	11	0.0	8	1436.57	1436.869
1436.8780000000002	0.8999999999998636	trials	44	s044_F200623	coCe_grSu6Ne	17	45.0	8	1437.178	1437.478
1443.712	0.8999999999998636	trials	44	s044_F200623	grCe	1	0.0	8	1444.012	1444.312
1444.3210000000001	0.8999999999998636	trials	44	s044_F200623	grCe_grSu6Ne	7	270.0	8	1444.621	1444.92
1444.9370000000001	0.8999999999998636	trials	44	s044_F200623	grCe_grSu18Fa	11	180.0	8	1445.237	1445.537
1446.154	0.8999999999998636	trials	44	s044_F200623	grCe_grSu18Fa	11	315.0	8	1446.454	1446.754
1452.6380000000001	0.8999999999998636	trials	44	s044_F200623	grCe_grSu18Fa	11	270.0	8	1452.938	1453.238
1453.247	0.8999999999998636	trials	44	s044_F200623	grSu12Mi	8		8	1453.547	1453.846
1453.855	0.8999999999998636	trials	44	s044_F200623	grCe_grSu6CiNe	15	135.0	8	1454.155	1454.455
1454.4550000000002	0.8999999999998636	trials	44	s044_F200623	grCe_grSu12SmCiNe_PS	21	135.0	8	1454.755	1455.055
1455.064	0.8999999999998636	trials	44	s044_F200623	grCe_grSu18Fa	11	135.0	8	1455.364	1455.663
1461.798	0.8999999999998636	trials	44	s044_F200623	grCe_grSu12SmCiNe_PS	21	90.0	8	1462.098	1462.398
1462.3980000000001	0.8999999999998636	trials	44	s044_F200623	grCe	1	180.0	8	1462.698	1462.998
1463.598	0.8999999999998636	trials	44	s044_F200623	coCe_grSu6Ne	17	315.0	8	1463.898	1464.198
1469.824	0.8999999999998636	trials	44	s044_F200623	grCe_grSu6CiNe	15	90.0	8	1470.124	1470.424
1470.432	0.8999999999998636	trials	44	s044_F200623	grCe_grSu18Fa	11	45.0	8	1470.732	1471.032
1471.041	0.8999999999998636	trials	44	s044_F200623	grCe_grSu3Ne	5	270.0	8	1471.341	1471.64
1471.641	0.8999999999998636	trials	44	s044_F200623	coCe_grSu6Ne	17	90.0	8	1471.941	1472.24
1472.241	0.8999999999998636	trials	44	s044_F200623	coCe_grSu6Ne	17	270.0	8	1472.541	1472.841
1478.7920000000001	0.8999999999998636	trials	44	s044_F200623	grCe_grSu6Ne_PS	18	45.0	8	1479.092	1479.391
1479.392	0.8999999999998636	trials	44	s044_F200623	coCe_grSu6Ne	17	180.0	8	1479.692	1479.991
1479.992	0.8999999999998636	trials	44	s044_F200623	grCe_grSu12SmCiNe_PS	21	45.0	8	1480.292	1480.592
1480.6000000000001	0.8999999999998636	trials	44	s044_F200623	grCe_grSu1Ne	3	135.0	8	1480.9	1481.2
1481.2	0.8999999999998636	trials	44	s044_F200623	coCe	16	45.0	8	1481.5	1481.8
1487.351	0.8999999999998636	trials	44	s044_F200623	grCe_grSu6Ne_PS	18	0.0	8	1487.651	1487.951
1487.951	0.8999999999998636	trials	44	s044_F200623	grCe_grSu6Ne_PS	18	315.0	8	1488.251	1488.551
1491.9180000000001	0.8999999999998636	trials	44	s044_F200623	grCe_grSu6Ne	7	45.0	8	1492.218	1492.518
1492.527	0.8999999999998636	trials	44	s044_F200623	grCe_grSu12Mi	9	315.0	8	1492.827	1493.127
1493.127	0.8999999999998636	trials	44	s044_F200623	grCe_grSu1Ne	3	270.0	8	1493.427	1493.727
1493.7350000000001	0.8999999999998636	trials	44	s044_F200623	grCe_grSu6Ne	7	90.0	8	1494.035	1494.335
1494.344	0.8999999999998636	trials	44	s044_F200623	grCe_grSu12SmCiNe	13	270.0	8	1494.644	1494.943
1500.328	0.8999999999998636	trials	44	s044_F200623	grCe_grSu6Ne	7	180.0	8	1500.628	1500.928
1500.9360000000001	0.8999999999998636	trials	44	s044_F200623	grCe_grSu12Mi	9	45.0	8	1501.236	1501.536
1501.536	0.8999999999998636	trials	44	s044_F200623	coCe	16	225.0	8	1501.836	1502.136
1502.7530000000002	0.8999999999998636	trials	44	s044_F200623	grCe_grSu3Ne	5	45.0	8	1503.053	1503.353
1508.787	0.8999999999998636	trials	44	s044_F200623	grCe_grSu12SmCiNe_PS	21	180.0	8	1509.087	1509.387
1509.987	0.8999999999998636	trials	44	s044_F200623	grCe_grSu12SmCiNe	13	225.0	8	1510.287	1510.587
1510.596	0.8999999999998636	trials	44	s044_F200623	grCe_grSu3Ne	5	225.0	8	1510.896	1511.196
1511.204	0.8999999999998636	trials	44	s044_F200623	grCe_grSu6Ne	7	0.0	8	1511.504	1511.804
1531.915	0.8999999999998636	trials	44	s044_F200623	grCe_grSu6CiNe	15	315.0	8	1532.215	1532.515
1532.515	0.8999999999998636	trials	44	s044_F200623	grCe_grSu6CiNe_PS	19	135.0	8	1532.815	1533.115
1533.1570000000002	0.8999999999998636	trials	44	s044_F200623	NoStim	0		8	1533.457	1533.757
1540.1000000000001	0.8999999999998636	trials	44	s044_F200623	grCe_grSu12SmCiNe	13	135.0	8	1540.4	1540.699
1540.7	0.8999999999998636	trials	44	s044_F200623	grCe_grSu6CiNe_PS	19	90.0	8	1541.0	1541.299
1541.3	0.8999999999998636	trials	44	s044_F200623	grCe	1	90.0	8	1541.6	1541.899
1541.9080000000001	0.8999999999998636	trials	44	s044_F200623	grCe_grSu6CiNe	15	45.0	8	1542.208	1542.508
1542.508	0.8999999999998636	trials	44	s044_F200623	grCe_grSu6CiNe_PS	19	180.0	8	1542.808	1543.108
1553.751	0.8999999999998636	trials	44	s044_F200623	grCe_grSu12SmCiNe_PS	21	315.0	8	1554.051	1554.351
1554.3600000000001	0.8999999999998636	trials	44	s044_F200623	grCe_grSu3Ne	5	0.0	8	1554.66	1554.959
1554.96	0.8999999999998636	trials	44	s044_F200623	grSu3Ne	4		8	1555.26	1555.56
1559.819	0.8999999999998636	trials	44	s044_F200623	grCe_grSu6CiNe	15	180.0	8	1560.119	1560.419
1561.019	0.8999999999998636	trials	44	s044_F200623	grCe_grSu1Ne	3	90.0	8	1561.319	1561.619
1561.6190000000001	0.8999999999998636	trials	44	s044_F200623	grCe_grSu6Ne_PS	18	270.0	8	1561.919	1562.219
1562.228	0.8999999999998636	trials	44	s044_F200623	grCe_grSu1Ne	3	315.0	8	1562.528	1562.827
1568.987	0.8999999999998636	trials	44	s044_F200623	coCe_grSu6Ne	17	225.0	8	1569.287	1569.586
1569.587	0.8999999999998636	trials	44	s044_F200623	grCe_grSu6CiNe_PS	19	270.0	8	1569.887	1570.186
1570.1870000000001	0.8999999999998636	trials	44	s044_F200623	grCe_grSu6Ne_PS	18	135.0	8	1570.487	1570.787
1570.8120000000001	0.8999999999998636	trials	44	s044_F200623	grCe_grSu12SmCiNe	13	90.0	8	1571.112	1571.412
1580.922	0.8999999999998636	trials	44	s044_F200623	grSu6Ne	6		8	1581.222	1581.521
1582.738	0.8999999999998636	trials	44	s044_F200623	grCe_grSu6CiNe	15	225.0	8	1583.038	1583.338
1583.339	0.8999999999998636	trials	44	s044_F200623	grCe_grSu6Ne_PS	18	180.0	8	1583.639	1583.938
1592.448	0.8999999999998636	trials	44	s044_F200623	grCe_grSu6Ne	7	315.0	8	1592.748	1593.048
1593.056	0.8999999999998636	trials	44	s044_F200623	grCe_grSu12Mi	9	90.0	8	1593.356	1593.656
1594.2730000000001	0.8999999999998636	trials	44	s044_F200623	grCe	1	135.0	8	1594.573	1594.873
1594.882	0.8999999999998636	trials	44	s044_F200623	grCe_grSu1Ne	3	45.0	8	1595.182	1595.481
1601.316	0.8999999999998636	trials	44	s044_F200623	grCe_grSu6Ne_PS	18	90.0	8	1601.616	1601.916
1605.708	0.8999999999998636	trials	44	s044_F200623	grCe_grSu3Ne	5	315.0	8	1606.008	1606.308
1606.308	0.8999999999998636	trials	44	s044_F200623	coCe	16	90.0	8	1606.608	1606.908
1606.9080000000001	0.8999999999998636	trials	44	s044_F200623	grCe_grSu6CiNe_PS	19	45.0	8	1607.208	1607.508
1607.517	0.8999999999998636	trials	44	s044_F200623	grCe_grSu6CiNe	15	270.0	8	1607.817	1608.116
1613.684	0.8999999999998636	trials	44	s044_F200623	grCe_grSu6Ne_PS	18	225.0	8	1613.984	1614.284
1618.46	0.8999999999998636	trials	44	s044_F200623	grCe_grSu18Fa	11	225.0	8	1618.76	1619.059
1619.068	0.8999999999998636	trials	44	s044_F200623	grCe_grSu12Mi	9	270.0	8	1619.368	1619.668
1619.6680000000001	0.8999999999998636	trials	44	s044_F200623	grSu1Ne	2		8	1619.968	1620.268
1620.268	0.8999999999998636	trials	44	s044_F200623	grCe	1	225.0	8	1620.568	1620.868
1626.5520000000001	0.8999999999998636	trials	44	s044_F200623	grCe_grSu6CiNe_PS	19	225.0	8	1626.852	1627.152
1627.761	0.8999999999998636	trials	44	s044_F200623	coCe	16	180.0	8	1628.061	1628.361
1628.3690000000001	0.8999999999998636	trials	44	s044_F200623	grCe_grSu1Ne	3	225.0	8	1628.669	1628.969
1632.353	0.8999999999998636	trials	44	s044_F200623	grCe_grSu6CiNe_PS	19	315.0	8	1632.653	1632.953
1634.178	0.8999999999998636	trials	44	s044_F200623	grCe_grSu12Mi	9	135.0	8	1634.478	1634.778
1640.979	0.8999999999998636	trials	44	s044_F200623	grCe_grSu12SmCiNe	13	225.0	6	1641.279	1641.579
1641.588	0.8999999999998636	trials	44	s044_F200623	grCe_grSu12Mi	9	90.0	6	1641.888	1642.187
1642.1960000000001	0.8999999999998636	trials	44	s044_F200623	grCe_grSu12Mi	9	180.0	6	1642.496	1642.796
1642.813	0.8999999999998636	trials	44	s044_F200623	grCe_grSu18Fa	11	90.0	6	1643.113	1643.413
1654.5230000000001	0.8999999999998636	trials	44	s044_F200623	grCe_grSu12SmCiNe_PS	21	315.0	6	1654.823	1655.122
1655.123	0.8999999999998636	trials	44	s044_F200623	grCe	1	180.0	6	1655.423	1655.723
1656.323	0.8999999999998636	trials	44	s044_F200623	grSu12SmCiNe	12		6	1656.623	1656.923
1661.174	0.8999999999998636	trials	44	s044_F200623	grSu1Ne	2		6	1661.474	1661.773
1661.7740000000001	0.8999999999998636	trials	44	s044_F200623	grCe_grSu12SmCiNe	13	90.0	6	1662.074	1662.373
1668.491	0.8999999999998636	trials	44	s044_F200623	grSu6CiNe	14		6	1668.791	1669.091
1669.0910000000001	0.8999999999998636	trials	44	s044_F200623	grCe_grSu12SmCiNe_PS	21	135.0	6	1669.391	1669.691
1669.708	0.8999999999998636	trials	44	s044_F200623	grCe_grSu18Fa	11	45.0	6	1670.008	1670.308
1670.308	0.8999999999998636	trials	44	s044_F200623	grCe_grSu6CiNe_PS	19	180.0	6	1670.608	1670.908
1670.9170000000001	0.8999999999998636	trials	44	s044_F200623	grCe_grSu6Ne	7	225.0	6	1671.217	1671.516
1682.185	0.8999999999998636	trials	44	s044_F200623	grCe_grSu6Ne	7	0.0	6	1682.485	1682.784
1682.785	0.8999999999998636	trials	44	s044_F200623	grCe_grSu6Ne_PS	18	0.0	6	1683.085	1683.384
1683.385	0.8999999999998636	trials	44	s044_F200623	coSu6Ne	20		6	1683.685	1683.984
1683.993	0.8999999999998636	trials	44	s044_F200623	coCe_grSu6Ne	17	225.0	6	1684.293	1684.593
1684.602	0.8999999999998636	trials	44	s044_F200623	coCe_grSu6Ne	17	135.0	6	1684.902	1685.201
1690.861	0.8999999999998636	trials	44	s044_F200623	grCe_grSu6Ne	7	180.0	6	1691.161	1691.46
1692.0610000000001	0.8999999999998636	trials	44	s044_F200623	coCe	16	135.0	6	1692.361	1692.661
1692.669	0.8999999999998636	trials	44	s044_F200623	grCe_grSu6Ne	7	45.0	6	1692.969	1693.269
1693.269	0.8999999999998636	trials	44	s044_F200623	grCe_grSu12SmCiNe	13	180.0	6	1693.569	1693.869
1699.445	0.8999999999998636	trials	44	s044_F200623	grSu18Fa	10		6	1699.745	1700.045
1700.645	0.8999999999998636	trials	44	s044_F200623	grCe_grSu12SmCiNe	13	135.0	6	1700.945	1701.245
1701.2450000000001	0.8999999999998636	trials	44	s044_F200623	grCe_grSu1Ne	3	270.0	6	1701.545	1701.845
1701.846	0.8999999999998636	trials	44	s044_F200623	grCe_grSu12SmCiNe_PS	21	0.0	6	1702.146	1702.445
1708.4550000000002	0.8999999999998636	trials	44	s044_F200623	grCe	1	45.0	6	1708.755	1709.054
1709.063	0.8999999999998636	trials	44	s044_F200623	grCe_grSu6CiNe	15	90.0	6	1709.363	1709.663
1710.28	0.8999999999998636	trials	44	s044_F200623	grCe_grSu6Ne	7	135.0	6	1710.58	1710.88
1710.88	0.8999999999998636	trials	44	s044_F200623	grCe_grSu6Ne_PS	18	45.0	6	1711.18	1711.48
1717.681	0.8999999999998636	trials	44	s044_F200623	grCe_grSu18Fa	11	0.0	6	1717.981	1718.281
1718.881	0.8999999999998636	trials	44	s044_F200623	grCe_grSu6CiNe	15	225.0	6	1719.181	1719.481
1719.481	0.8999999999998636	trials	44	s044_F200623	grCe_grSu6CiNe_PS	19	90.0	6	1719.781	1720.081
1720.0900000000001	0.8999999999998636	trials	44	s044_F200623	grCe_grSu12Mi	9	45.0	6	1720.39	1720.689
1726.299	0.8999999999998636	trials	44	s044_F200623	grCe	1	135.0	6	1726.599	1726.898
1730.224	0.8999999999998636	trials	44	s044_F200623	grCe	1	315.0	6	1730.524	1730.824
1730.833	0.8999999999998636	trials	44	s044_F200623	coCe_grSu6Ne	17	0.0	6	1731.133	1731.432
1731.433	0.8999999999998636	trials	44	s044_F200623	grCe_grSu12SmCiNe_PS	21	225.0	6	1731.733	1732.032
1732.2160000000001	0.8999999999998636	trials	44	s044_F200623	NoStim	0		6	1732.516	1732.816
1732.825	0.8999999999998636	trials	44	s044_F200623	coCe_grSu6Ne	17	315.0	6	1733.125	1733.424
1739.709	0.8999999999998636	trials	44	s044_F200623	grCe_grSu12SmCiNe_PS	21	45.0	6	1740.009	1740.308
1748.285	0.8999999999998636	trials	44	s044_F200623	coCe_grSu6Ne	17	270.0	6	1748.585	1748.885
1748.885	0.8999999999998636	trials	44	s044_F200623	coCe	16	225.0	6	1749.185	1749.485
1750.702	0.8999999999998636	trials	44	s044_F200623	grCe_grSu12SmCiNe	13	270.0	6	1751.002	1751.302
1761.52	0.8999999999998636	trials	44	s044_F200623	grCe_grSu18Fa	11	315.0	6	1761.82	1762.12
1762.162	0.8999999999998636	trials	44	s044_F200623	grCe_grSu1Ne	3	90.0	6	1762.462	1762.761
1762.762	0.8999999999998636	trials	44	s044_F200623	grCe_grSu6CiNe_PS	19	315.0	6	1763.062	1763.361
1763.3700000000001	0.8999999999998636	trials	44	s044_F200623	grCe_grSu6Ne	7	315.0	6	1763.67	1763.97
1763.979	0.8999999999998636	trials	44	s044_F200623	grCe_grSu3Ne	5	315.0	6	1764.279	1764.578
1770.1380000000001	0.8999999999998636	trials	44	s044_F200623	grCe_grSu12Mi	9	315.0	6	1770.438	1770.737
1770.738	0.8999999999998636	trials	44	s044_F200623	grCe_grSu6Ne_PS	18	225.0	6	1771.038	1771.337
1771.338	0.8999999999998636	trials	44	s044_F200623	grCe	1	0.0	6	1771.638	1771.938
1771.938	0.8999999999998636	trials	44	s044_F200623	coCe	16	180.0	6	1772.238	1772.538
1772.546	0.8999999999998636	trials	44	s044_F200623	grCe_grSu6CiNe	15	135.0	6	1772.846	1773.146
1783.314	0.8999999999998636	trials	44	s044_F200623	grCe_grSu12SmCiNe	13	0.0	6	1783.614	1783.914
1783.914	0.8999999999998636	trials	44	s044_F200623	grCe_grSu12SmCiNe	13	315.0	6	1784.214	1784.514
1788.857	0.8999999999998636	trials	44	s044_F200623	grSu3Ne	4		6	1789.157	1789.456
1790.057	0.8999999999998636	trials	44	s044_F200623	grCe_grSu12SmCiNe	13	45.0	6	1790.357	1790.657
1790.665	0.8999999999998636	trials	44	s044_F200623	grCe_grSu6Ne	7	90.0	6	1790.965	1791.265
1791.265	0.8999999999998636	trials	44	s044_F200623	grCe_grSu6CiNe	15	45.0	6	1791.565	1791.865
1803.059	0.8999999999998636	trials	44	s044_F200623	grCe_grSu6CiNe_PS	19	0.0	6	1803.359	1803.658
1803.659	0.8999999999998636	trials	44	s044_F200623	grCe_grSu6CiNe_PS	19	135.0	6	1803.959	1804.258
1804.259	0.8999999999998636	trials	44	s044_F200623	grCe_grSu12SmCiNe_PS	21	270.0	6	1804.559	1804.858
1804.8590000000002	0.8999999999998636	trials	44	s044_F200623	grCe_grSu6CiNe	15	180.0	6	1805.159	1805.459
1811.326	0.8999999999998636	trials	44	s044_F200623	coCe	16	90.0	6	1811.626	1811.926
1815.769	0.8999999999998636	trials	44	s044_F200623	grCe_grSu18Fa	11	225.0	6	1816.069	1816.368
1816.377	0.8999999999998636	trials	44	s044_F200623	grCe_grSu12Mi	9	135.0	6	1816.677	1816.977
1816.977	0.8999999999998636	trials	44	s044_F200623	coCe	16	45.0	6	1817.277	1817.577
1824.486	0.8999999999998636	trials	44	s044_F200623	grCe_grSu6Ne_PS	18	270.0	6	1824.786	1825.086
1825.095	0.8999999999998636	trials	44	s044_F200623	grCe_grSu6Ne	7	270.0	6	1825.395	1825.694
1825.695	0.8999999999998636	trials	44	s044_F200623	grCe_grSu1Ne	3	225.0	6	1825.995	1826.295
1826.295	0.8999999999998636	trials	44	s044_F200623	grCe_grSu12SmCiNe_PS	21	180.0	6	1826.595	1826.895
1826.895	0.8999999999998636	trials	44	s044_F200623	grCe_grSu6Ne_PS	18	90.0	6	1827.195	1827.495
1833.054	0.8999999999998636	trials	44	s044_F200623	grCe_grSu6CiNe_PS	19	45.0	6	1833.354	1833.654
1833.654	0.8999999999998636	trials	44	s044_F200623	grCe_grSu6Ne_PS	18	135.0	6	1833.954	1834.254
1834.2540000000001	0.8999999999998636	trials	44	s044_F200623	grSu6Ne	6		6	1834.554	1834.854
1834.854	0.8999999999998636	trials	44	s044_F200623	coCe	16	315.0	6	1835.154	1835.454
1835.463	0.8999999999998636	trials	44	s044_F200623	grCe_grSu12Mi	9	225.0	6	1835.763	1836.062
1841.689	0.8999999999998636	trials	44	s044_F200623	grCe_grSu3Ne	5	270.0	6	1841.989	1842.288
1842.8890000000001	0.8999999999998636	trials	44	s044_F200623	grCe_grSu6CiNe	15	315.0	6	1843.189	1843.488
1843.489	0.8999999999998636	trials	44	s044_F200623	grCe	1	270.0	6	1843.789	1844.088
1847.314	0.8999999999998636	trials	44	s044_F200623	grCe_grSu3Ne	5	180.0	6	1847.614	1847.914
1851.732	0.8999999999998636	trials	44	s044_F200623	coCe_grSu6Ne	17	180.0	6	1852.032	1852.331
1852.332	0.8999999999998636	trials	44	s044_F200623	grCe_grSu1Ne	3	0.0	6	1852.632	1852.931
1852.94	0.8999999999998636	trials	44	s044_F200623	grCe_grSu1Ne	3	180.0	6	1853.24	1853.54
1853.548	0.8999999999998636	trials	44	s044_F200623	grCe_grSu1Ne	3	315.0	6	1853.848	1854.148
1860.733	0.8999999999998636	trials	44	s044_F200623	grCe_grSu1Ne	3	45.0	6	1861.033	1861.332
1861.333	0.8999999999998636	trials	44	s044_F200623	coCe	16	0.0	6	1861.633	1861.932
1862.55	0.8999999999998636	trials	44	s044_F200623	grCe_grSu3Ne	5	135.0	6	1862.85	1863.149
1870.217	0.8999999999998636	trials	44	s044_F200623	coCe_grSu6Ne	17	45.0	6	1870.517	1870.817
1870.817	0.8999999999998636	trials	44	s044_F200623	grCe	1	90.0	6	1871.117	1871.417
1871.4260000000002	0.8999999999998636	trials	44	s044_F200623	grCe_grSu18Fa	11	270.0	6	1871.726	1872.025
1882.319	0.8999999999998636	trials	44	s044_F200623	grCe_grSu6CiNe_PS	19	270.0	6	1882.619	1882.919
1882.9270000000001	0.8999999999998636	trials	44	s044_F200623	grCe_grSu3Ne	5	45.0	6	1883.227	1883.527
1883.527	0.8999999999998636	trials	44	s044_F200623	grCe_grSu6CiNe_PS	19	225.0	6	1883.827	1884.127
1884.127	0.8999999999998636	trials	44	s044_F200623	grCe_grSu12SmCiNe_PS	21	90.0	6	1884.427	1884.727
1884.7440000000001	0.8999999999998636	trials	44	s044_F200623	grCe_grSu18Fa	11	180.0	6	1885.044	1885.344
1890.912	0.8999999999998636	trials	44	s044_F200623	grCe_grSu1Ne	3	135.0	6	1891.212	1891.511
1891.52	0.8999999999998636	trials	44	s044_F200623	grCe	1	225.0	6	1891.82	1892.12
1892.862	0.8999999999998636	trials	44	s044_F200623	grSu12Mi	8		6	1893.162	1893.462
1893.462	0.8999999999998636	trials	44	s044_F200623	coCe	16	270.0	6	1893.762	1894.062
1899.963	0.8999999999998636	trials	44	s044_F200623	coCe_grSu6Ne	17	90.0	6	1900.263	1900.562
1901.163	0.8999999999998636	trials	44	s044_F200623	grCe_grSu3Ne	5	90.0	6	1901.463	1901.763
1901.7630000000001	0.8999999999998636	trials	44	s044_F200623	grCe_grSu6CiNe	15	0.0	6	1902.063	1902.363
1906.63	0.8999999999998636	trials	44	s044_F200623	grCe_grSu12Mi	9	270.0	6	1906.93	1907.23
1907.239	0.8999999999998636	trials	44	s044_F200623	grCe_grSu3Ne	5	0.0	6	1907.539	1907.838
1907.847	0.8999999999998636	trials	44	s044_F200623	grCe_grSu12Mi	9	0.0	6	1908.147	1908.447
1908.4470000000001	0.8999999999998636	trials	44	s044_F200623	grCe_grSu6Ne_PS	18	315.0	6	1908.747	1909.047
1909.064	0.8999999999998636	trials	44	s044_F200623	grCe_grSu18Fa	11	135.0	6	1909.364	1909.664
1916.94	0.8999999999998636	trials	44	s044_F200623	grCe_grSu6CiNe	15	270.0	6	1917.24	1917.54
1917.54	0.8999999999998636	trials	44	s044_F200623	grCe_grSu6Ne_PS	18	180.0	6	1917.84	1918.14
1918.757	0.8999999999998636	trials	44	s044_F200623	grCe_grSu3Ne	5	225.0	6	1919.057	1919.357
1919.365	0.8999999999998636	trials	44	s044_F200623	coCe_grSu6Ne	17	270.0	3	1919.665	1919.965
1929.7920000000001	0.8999999999998636	trials	44	s044_F200623	grCe_grSu12SmCiNe	13	315.0	3	1930.092	1930.391
1930.392	0.8999999999998636	trials	44	s044_F200623	grSu12SmCiNe	12		3	1930.692	1930.991
1931.592	0.8999999999998636	trials	44	s044_F200623	grCe_grSu12SmCiNe_PS	21	180.0	3	1931.892	1932.192
1943.243	0.8999999999998636	trials	44	s044_F200623	grCe_grSu12SmCiNe	13	180.0	3	1943.543	1943.843
1943.852	0.8999999999998636	trials	44	s044_F200623	grCe_grSu6CiNe	15	90.0	3	1944.152	1944.451
1944.46	0.8999999999998636	trials	44	s044_F200623	grCe_grSu6Ne	7	180.0	3	1944.76	1945.06
1945.66	0.8999999999998636	trials	44	s044_F200623	grCe_grSu12SmCiNe_PS	21	315.0	3	1945.96	1946.26
1952.161	0.8999999999998636	trials	44	s044_F200623	grCe_grSu6Ne_PS	18	270.0	3	1952.461	1952.761
1953.3700000000001	0.8999999999998636	trials	44	s044_F200623	grCe_grSu12SmCiNe	13	45.0	3	1953.67	1953.969
1953.97	0.8999999999998636	trials	44	s044_F200623	grCe	1	225.0	3	1954.27	1954.569
1954.578	0.8999999999998636	trials	44	s044_F200623	grSu12Mi	8		3	1954.878	1955.178
1960.887	0.8999999999998636	trials	44	s044_F200623	coCe_grSu6Ne	17	0.0	3	1961.187	1961.487
1973.664	0.8999999999998636	trials	44	s044_F200623	grSu18Fa	10		3	1973.964	1974.264
1974.272	0.8999999999998636	trials	44	s044_F200623	grCe_grSu6Ne	7	225.0	3	1974.572	1974.872
1974.881	0.8999999999998636	trials	44	s044_F200623	grCe_grSu3Ne	5	315.0	3	1975.181	1975.48
1976.098	0.8999999999998636	trials	44	s044_F200623	grCe_grSu1Ne	3	90.0	3	1976.398	1976.697
1982.5320000000002	0.8999999999998636	trials	44	s044_F200623	grCe_grSu6CiNe	15	0.0	3	1982.832	1983.131
1983.132	0.8999999999998636	trials	44	s044_F200623	coCe	16	180.0	3	1983.432	1983.732
1983.732	0.8999999999998636	trials	44	s044_F200623	grSu6Ne	6		3	1984.032	1984.332
1984.332	0.8999999999998636	trials	44	s044_F200623	grCe_grSu3Ne	5	270.0	3	1984.632	1984.932
1984.94	0.8999999999998636	trials	44	s044_F200623	grCe_grSu12Mi	9	45.0	3	1985.24	1985.54
2003.585	0.8999999999998636	trials	44	s044_F200623	grCe_grSu6CiNe	15	225.0	3	2003.885	2004.184
2004.185	0.8999999999998636	trials	44	s044_F200623	grCe_grSu6CiNe_PS	19	45.0	3	2004.485	2004.784
2004.785	0.8999999999998636	trials	44	s044_F200623	grCe_grSu6Ne_PS	18	135.0	3	2005.085	2005.384
2012.486	0.8999999999998636	trials	44	s044_F200623	grCe_grSu6CiNe	15	135.0	3	2012.786	2013.085
2014.286	0.8999999999998636	trials	44	s044_F200623	coCe	16	45.0	3	2014.586	2014.886
2014.894	0.8999999999998636	trials	44	s044_F200623	coCe_grSu6Ne	17	90.0	3	2015.194	2015.494
2033.28	0.8999999999998636	trials	44	s044_F200623	coSu6Ne	20		3	2033.58	2033.88
2033.88	0.8999999999998636	trials	44	s044_F200623	grCe_grSu12SmCiNe_PS	21	90.0	3	2034.18	2034.48
2034.48	0.8999999999998636	trials	44	s044_F200623	coCe	16	90.0	3	2034.78	2035.08
2035.0800000000002	0.8999999999998636	trials	44	s044_F200623	grCe	1	45.0	3	2035.38	2035.68
2041.781	0.8999999999998636	trials	44	s044_F200623	grCe	1	315.0	3	2042.081	2042.381
2042.381	0.8999999999998636	trials	44	s044_F200623	grSu1Ne	2		3	2042.681	2042.981
2042.981	0.8999999999998636	trials	44	s044_F200623	grCe_grSu6Ne	7	90.0	3	2043.281	2043.581
2043.5810000000001	0.8999999999998636	trials	44	s044_F200623	grCe_grSu12SmCiNe_PS	21	135.0	3	2043.881	2044.181
2044.181	0.8999999999998636	trials	44	s044_F200623	grCe_grSu6Ne	7	0.0	3	2044.481	2044.781
2059.7329999999997	0.900000000000091	trials	44	s044_F200623	grCe_grSu6CiNe_PS	19	90.0	3	2060.033	2060.333
2063.5009999999997	0.900000000000091	trials	44	s044_F200623	grCe_grSu12SmCiNe	13	135.0	3	2063.801	2064.1
2064.1169999999997	0.900000000000091	trials	44	s044_F200623	grCe_grSu18Fa	11	0.0	3	2064.417	2064.717
2064.7169999999996	0.900000000000091	trials	44	s044_F200623	grCe_grSu6CiNe_PS	19	315.0	3	2065.017	2065.317
2065.326	0.900000000000091	trials	44	s044_F200623	grCe_grSu12Mi	9	135.0	3	2065.626	2065.925
2065.926	0.900000000000091	trials	44	s044_F200623	grCe_grSu3Ne	5	135.0	3	2066.226	2066.526
2075.8689999999997	0.900000000000091	trials	44	s044_F200623	grCe	1	0.0	3	2076.169	2076.469
2076.477	0.900000000000091	trials	44	s044_F200623	grCe_grSu12Mi	9	270.0	3	2076.777	2077.077
2077.086	0.900000000000091	trials	44	s044_F200623	grCe_grSu12Mi	9	180.0	3	2077.386	2077.685
2081.345	0.900000000000091	trials	44	s044_F200623	grCe_grSu6CiNe_PS	19	180.0	3	2081.645	2081.944
2081.9449999999997	0.900000000000091	trials	44	s044_F200623	grCe_grSu1Ne	3	135.0	3	2082.245	2082.544
2082.5449999999996	0.900000000000091	trials	44	s044_F200623	grCe_grSu6Ne	7	315.0	3	2082.845	2083.144
2086.337	0.900000000000091	trials	44	s044_F200623	grCe_grSu12SmCiNe_PS	21	225.0	3	2086.637	2086.937
2086.937	0.900000000000091	trials	44	s044_F200623	grCe_grSu6CiNe_PS	19	0.0	3	2087.237	2087.537
2087.5449999999996	0.900000000000091	trials	44	s044_F200623	grCe_grSu6CiNe	15	270.0	3	2087.845	2088.145
2088.154	0.900000000000091	trials	44	s044_F200623	grCe_grSu12Mi	9	315.0	3	2088.454	2088.753
2088.754	0.900000000000091	trials	44	s044_F200623	grCe_grSu6CiNe_PS	19	270.0	3	2089.054	2089.354
2095.171	0.900000000000091	trials	44	s044_F200623	grCe_grSu6Ne	7	270.0	3	2095.471	2095.771
2095.7709999999997	0.900000000000091	trials	44	s044_F200623	grCe_grSu12SmCiNe	13	225.0	3	2096.071	2096.371
2096.372	0.900000000000091	trials	44	s044_F200623	coCe	16	270.0	3	2096.672	2096.971
2096.9719999999998	0.900000000000091	trials	44	s044_F200623	grCe_grSu6Ne_PS	18	315.0	3	2097.272	2097.571
2097.58	0.900000000000091	trials	44	s044_F200623	grCe_grSu1Ne	3	180.0	3	2097.88	2098.18
2122.7329999999997	0.900000000000091	trials	44	s044_F200623	grCe_grSu12SmCiNe_PS	21	45.0	3	2123.033	2123.333
2126.8999999999996	0.900000000000091	trials	44	s044_F200623	grCe_grSu18Fa	11	135.0	3	2127.2	2127.5
2127.5009999999997	0.900000000000091	trials	44	s044_F200623	coCe	16	135.0	3	2127.801	2128.1
2128.1009999999997	0.900000000000091	trials	44	s044_F200623	NoStim	0		3	2128.401	2128.7
2128.709	0.900000000000091	trials	44	s044_F200623	coCe_grSu6Ne	17	135.0	3	2129.009	2129.309
2144.136	0.900000000000091	trials	44	s044_F200623	grCe_grSu6CiNe	15	315.0	3	2144.436	2144.736
2144.736	0.900000000000091	trials	44	s044_F200623	grCe_grSu6CiNe	15	180.0	3	2145.036	2145.336
2149.187	0.900000000000091	trials	44	s044_F200623	grCe_grSu1Ne	3	315.0	3	2149.487	2149.786
2157.5789999999997	0.900000000000091	trials	44	s044_F200623	grCe	1	90.0	3	2157.879	2158.179
2158.788	0.900000000000091	trials	44	s044_F200623	grCe_grSu12Mi	9	225.0	3	2159.088	2159.388
2159.988	0.900000000000091	trials	44	s044_F200623	grCe_grSu12SmCiNe	13	90.0	3	2160.288	2160.588
2166.122	0.900000000000091	trials	44	s044_F200623	grCe_grSu18Fa	11	225.0	3	2166.422	2166.722
2166.7309999999998	0.900000000000091	trials	44	s044_F200623	grCe_grSu12Mi	9	0.0	3	2167.031	2167.33
2167.3309999999997	0.900000000000091	trials	44	s044_F200623	grCe	1	180.0	3	2167.631	2167.93
2167.931	0.900000000000091	trials	44	s044_F200623	grCe_grSu3Ne	5	225.0	3	2168.231	2168.53
2168.531	0.900000000000091	trials	44	s044_F200623	grCe_grSu6Ne_PS	18	90.0	3	2168.831	2169.13
2174.6569999999997	0.900000000000091	trials	44	s044_F200623	grCe_grSu12SmCiNe	13	270.0	3	2174.957	2175.256
2175.865	0.900000000000091	trials	44	s044_F200623	grCe_grSu18Fa	11	315.0	3	2176.165	2176.465
2177.082	0.900000000000091	trials	44	s044_F200623	grCe_grSu18Fa	11	270.0	3	2177.382	2177.682
2184.3999999999996	0.900000000000091	trials	44	s044_F200623	grCe_grSu6Ne_PS	18	45.0	3	2184.7	2184.999
2185.0	0.900000000000091	trials	44	s044_F200623	grCe	1	135.0	3	2185.3	2185.599
2185.6	0.900000000000091	trials	44	s044_F200623	grCe_grSu6Ne	7	45.0	3	2185.9	2186.199
2186.2	0.900000000000091	trials	44	s044_F200623	coCe	16	0.0	3	2186.5	2186.799
2186.7999999999997	0.900000000000091	trials	44	s044_F200623	grCe_grSu6Ne_PS	18	225.0	3	2187.1	2187.4
2194.276	0.900000000000091	trials	44	s044_F200623	grCe_grSu6Ne	7	135.0	3	2194.576	2194.875
2195.484	0.900000000000091	trials	44	s044_F200623	grCe_grSu6CiNe	15	45.0	3	2195.784	2196.084
2196.084	0.900000000000091	trials	44	s044_F200623	grCe_grSu12SmCiNe	13	0.0	3	2196.384	2196.684
2196.6839999999997	0.900000000000091	trials	44	s044_F200623	grCe_grSu3Ne	5	180.0	3	2196.984	2197.284
2202.902	0.900000000000091	trials	44	s044_F200623	grCe_grSu6Ne_PS	18	0.0	3	2203.202	2203.502
2207.4109999999996	0.900000000000091	trials	44	s044_F200623	grCe_grSu6CiNe_PS	19	135.0	3	2207.711	2208.011
2208.028	0.900000000000091	trials	44	s044_F200623	grCe_grSu18Fa	11	180.0	3	2208.328	2208.627
2208.6279999999997	0.900000000000091	trials	44	s044_F200623	grCe	1	270.0	3	2208.928	2209.227
2209.236	0.900000000000091	trials	44	s044_F200623	grCe_grSu1Ne	3	270.0	3	2209.536	2209.836
2215.645	0.900000000000091	trials	44	s044_F200623	grCe_grSu1Ne	3	45.0	3	2215.945	2216.245
2216.254	0.900000000000091	trials	44	s044_F200623	coCe_grSu6Ne	17	45.0	3	2216.554	2216.853
2216.8619999999996	0.900000000000091	trials	44	s044_F200623	grCe_grSu1Ne	3	225.0	3	2217.162	2217.462
2218.062	0.900000000000091	trials	44	s044_F200623	coCe	16	225.0	3	2218.362	2218.662
2224.446	0.900000000000091	trials	44	s044_F200623	coCe_grSu6Ne	17	225.0	3	2224.746	2225.046
2225.046	0.900000000000091	trials	44	s044_F200623	grCe_grSu6CiNe_PS	19	225.0	3	2225.346	2225.646
2225.6549999999997	0.900000000000091	trials	44	s044_F200623	coCe_grSu6Ne	17	315.0	3	2225.955	2226.255
2226.2549999999997	0.900000000000091	trials	44	s044_F200623	grCe_grSu3Ne	5	45.0	3	2226.555	2226.855
2226.863	0.900000000000091	trials	44	s044_F200623	grCe_grSu18Fa	11	90.0	3	2227.163	2227.463
2238.1059999999998	0.900000000000091	trials	44	s044_F200623	grCe_grSu6Ne_PS	18	180.0	3	2238.406	2238.706
2238.707	0.900000000000091	trials	44	s044_F200623	grSu6CiNe	14		3	2239.007	2239.306
2239.323	0.900000000000091	trials	44	s044_F200623	grCe_grSu18Fa	11	45.0	3	2239.623	2239.923
2239.923	0.900000000000091	trials	44	s044_F200623	coCe	16	315.0	3	2240.223	2240.523
2246.8329999999996	0.900000000000091	trials	44	s044_F200623	coCe_grSu6Ne	17	180.0	3	2247.133	2247.432
2247.433	0.900000000000091	trials	44	s044_F200623	grCe_grSu3Ne	5	90.0	3	2247.733	2248.032
2248.0409999999997	0.900000000000091	trials	44	s044_F200623	grCe_grSu3Ne	5	0.0	3	2248.341	2248.641
2248.6409999999996	0.900000000000091	trials	44	s044_F200623	grCe_grSu12SmCiNe_PS	21	0.0	3	2248.941	2249.241
2249.4159999999997	0.900000000000091	trials	44	s044_F200623	grSu3Ne	4		3	2249.716	2250.016
2255.5339999999997	0.900000000000091	trials	44	s044_F200623	grCe_grSu12SmCiNe_PS	21	270.0	3	2255.834	2256.133
2256.142	0.900000000000091	trials	44	s044_F200623	grCe_grSu1Ne	3	0.0	3	2256.442	2256.742
2256.7509999999997	0.900000000000091	trials	44	s044_F200623	grCe_grSu12Mi	9	90.0	3	2257.051	2257.35
2257.951	0.900000000000091	trials	44	s044_F200623	grCe_grSu6Ne_PS	18	45.0	5	2258.251	2258.55
2264.152	0.900000000000091	trials	44	s044_F200623	grCe	1	270.0	5	2264.452	2264.751
2264.768	0.900000000000091	trials	44	s044_F200623	grCe_grSu18Fa	11	180.0	5	2265.068	2265.368
2265.368	0.900000000000091	trials	44	s044_F200623	grCe_grSu12SmCiNe_PS	21	135.0	5	2265.668	2265.968
2266.5769999999998	0.900000000000091	trials	44	s044_F200623	grSu12Mi	8		5	2266.877	2267.176
2272.7189999999996	0.900000000000091	trials	44	s044_F200623	coCe_grSu6Ne	17	225.0	5	2273.019	2273.319
2281.979	0.900000000000091	trials	44	s044_F200623	grCe_grSu18Fa	11	315.0	5	2282.279	2282.578
2282.5789999999997	0.900000000000091	trials	44	s044_F200623	coSu6Ne	20		5	2282.879	2283.179
2283.1789999999996	0.900000000000091	trials	44	s044_F200623	grCe	1	90.0	5	2283.479	2283.779
2284.379	0.900000000000091	trials	44	s044_F200623	grCe_grSu6Ne_PS	18	90.0	5	2284.679	2284.979
2290.497	0.900000000000091	trials	44	s044_F200623	grCe_grSu6CiNe	15	180.0	5	2290.797	2291.096
2291.105	0.900000000000091	trials	44	s044_F200623	coCe_grSu6Ne	17	135.0	5	2291.405	2291.705
2291.705	0.900000000000091	trials	44	s044_F200623	grCe_grSu6CiNe_PS	19	315.0	5	2292.005	2292.305
2292.9139999999998	0.900000000000091	trials	44	s044_F200623	grCe_grSu6Ne_PS	18	180.0	5	2293.214	2293.513
2313.908	0.900000000000091	trials	44	s044_F200623	grCe_grSu18Fa	11	0.0	5	2314.208	2314.508
2314.508	0.900000000000091	trials	44	s044_F200623	grCe_grSu12SmCiNe_PS	21	90.0	5	2314.808	2315.108
2319.1169999999997	0.900000000000091	trials	44	s044_F200623	grCe_grSu12Mi	9	180.0	5	2319.417	2319.717
2319.7169999999996	0.900000000000091	trials	44	s044_F200623	grSu6CiNe	14		5	2320.017	2320.317
2320.325	0.900000000000091	trials	44	s044_F200623	grCe_grSu18Fa	11	45.0	5	2320.625	2320.925
2327.176	0.900000000000091	trials	44	s044_F200623	grCe_grSu12SmCiNe	13	315.0	5	2327.476	2327.776
2327.785	0.900000000000091	trials	44	s044_F200623	grCe_grSu12SmCiNe	13	45.0	5	2328.085	2328.384
2328.393	0.900000000000091	trials	44	s044_F200623	grCe_grSu12Mi	9	45.0	5	2328.693	2328.993
2329.002	0.900000000000091	trials	44	s044_F200623	coCe_grSu6Ne	17	315.0	5	2329.302	2329.601
2329.602	0.900000000000091	trials	44	s044_F200623	grCe_grSu3Ne	5	90.0	5	2329.902	2330.201
2336.127	0.900000000000091	trials	44	s044_F200623	grCe_grSu3Ne	5	180.0	5	2336.427	2336.727
2336.736	0.900000000000091	trials	44	s044_F200623	coCe_grSu6Ne	17	45.0	5	2337.036	2337.336
2337.336	0.900000000000091	trials	44	s044_F200623	grCe	1	180.0	5	2337.636	2337.936
2337.944	0.900000000000091	trials	44	s044_F200623	grCe_grSu12SmCiNe	13	135.0	5	2338.244	2338.544
2338.553	0.900000000000091	trials	44	s044_F200623	coCe_grSu6Ne	17	0.0	5	2338.853	2339.152
2344.854	0.900000000000091	trials	44	s044_F200623	coCe_grSu6Ne	17	90.0	5	2345.154	2345.453
2345.462	0.900000000000091	trials	44	s044_F200623	grCe_grSu3Ne	5	270.0	5	2345.762	2346.062
2346.062	0.900000000000091	trials	44	s044_F200623	grCe_grSu6Ne_PS	18	270.0	5	2346.362	2346.662
2346.662	0.900000000000091	trials	44	s044_F200623	grCe	1	135.0	5	2346.962	2347.262
2347.2619999999997	0.900000000000091	trials	44	s044_F200623	grCe_grSu6CiNe_PS	19	270.0	5	2347.562	2347.862
2353.83	0.900000000000091	trials	44	s044_F200623	grCe_grSu6Ne	7	45.0	5	2354.13	2354.429
2354.43	0.900000000000091	trials	44	s044_F200623	coCe	16	315.0	5	2354.73	2355.029
2355.6299999999997	0.900000000000091	trials	44	s044_F200623	grCe_grSu12SmCiNe_PS	21	45.0	5	2355.93	2356.23
2376.4579999999996	0.900000000000091	trials	44	s044_F200623	grCe_grSu6CiNe	15	0.0	5	2376.758	2377.057
2377.066	0.900000000000091	trials	44	s044_F200623	grCe_grSu12SmCiNe	13	90.0	5	2377.366	2377.666
2377.6659999999997	0.900000000000091	trials	44	s044_F200623	grCe_grSu12SmCiNe_PS	21	270.0	5	2377.966	2378.266
2378.2659999999996	0.900000000000091	trials	44	s044_F200623	grCe_grSu6CiNe	15	135.0	5	2378.566	2378.866
2378.866	0.900000000000091	trials	44	s044_F200623	grCe_grSu1Ne	3	45.0	5	2379.166	2379.466
2385.0589999999997	0.900000000000091	trials	44	s044_F200623	grCe_grSu12SmCiNe_PS	21	180.0	5	2385.359	2385.658
2385.667	0.900000000000091	trials	44	s044_F200623	grCe_grSu6CiNe	15	90.0	5	2385.967	2386.267
2386.267	0.900000000000091	trials	44	s044_F200623	coCe	16	0.0	5	2386.567	2386.867
2386.8669999999997	0.900000000000091	trials	44	s044_F200623	grCe	1	45.0	5	2387.167	2387.467
2387.4669999999996	0.900000000000091	trials	44	s044_F200623	coCe	16	45.0	5	2387.767	2388.067
2398.5609999999997	0.900000000000091	trials	44	s044_F200623	grSu3Ne	4		5	2398.861	2399.16
2399.769	0.900000000000091	trials	44	s044_F200623	grCe_grSu3Ne	5	135.0	5	2400.069	2400.369
2400.3689999999997	0.900000000000091	trials	44	s044_F200623	coCe	16	135.0	5	2400.669	2400.969
2407.345	0.900000000000091	trials	44	s044_F200623	grCe_grSu6Ne_PS	18	0.0	5	2407.645	2407.945
2420.7549999999997	0.900000000000091	trials	44	s044_F200623	coCe_grSu6Ne	17	180.0	5	2421.055	2421.355
2435.182	0.900000000000091	trials	44	s044_F200623	grCe_grSu6Ne_PS	18	315.0	5	2435.482	2435.782
2435.79	0.900000000000091	trials	44	s044_F200623	grCe_grSu6Ne	7	135.0	5	2436.09	2436.39
2436.39	0.900000000000091	trials	44	s044_F200623	grSu1Ne	2		5	2436.69	2436.99
2436.99	0.900000000000091	trials	44	s044_F200623	coCe	16	225.0	5	2437.29	2437.59
2447.9919999999997	0.900000000000091	trials	44	s044_F200623	grCe_grSu3Ne	5	315.0	5	2448.292	2448.592
2448.609	0.900000000000091	trials	44	s044_F200623	grCe_grSu18Fa	11	135.0	5	2448.909	2449.208
2449.817	0.900000000000091	trials	44	s044_F200623	grCe_grSu12Mi	9	0.0	5	2450.117	2450.417
2450.417	0.900000000000091	trials	44	s044_F200623	grCe_grSu1Ne	3	180.0	5	2450.717	2451.017
2460.027	0.900000000000091	trials	44	s044_F200623	grCe_grSu1Ne	3	90.0	5	2460.327	2460.626
2460.6349999999998	0.900000000000091	trials	44	s044_F200623	grCe_grSu3Ne	5	45.0	5	2460.935	2461.235
2461.31	0.900000000000091	trials	44	s044_F200623	grCe_grSu12SmCiNe_PS	21	225.0	5	2461.61	2461.91
2461.91	0.900000000000091	trials	44	s044_F200623	grCe_grSu6Ne	7	180.0	5	2462.21	2462.51
2462.5099999999998	0.900000000000091	trials	44	s044_F200623	grCe_grSu1Ne	3	0.0	5	2462.81	2463.11
2479.254	0.900000000000091	trials	44	s044_F200623	grCe_grSu1Ne	3	135.0	5	2479.554	2479.854
2481.071	0.900000000000091	trials	44	s044_F200623	grCe_grSu6CiNe_PS	19	0.0	5	2481.371	2481.671
2487.1549999999997	0.900000000000091	trials	44	s044_F200623	grCe_grSu1Ne	3	315.0	5	2487.455	2487.755
2487.7639999999997	0.900000000000091	trials	44	s044_F200623	grCe_grSu6Ne	7	315.0	5	2488.064	2488.363
2488.364	0.900000000000091	trials	44	s044_F200623	grCe	1	225.0	5	2488.664	2488.963
2488.9719999999998	0.900000000000091	trials	44	s044_F200623	grCe_grSu18Fa	11	225.0	5	2489.272	2489.572
2489.5969999999998	0.900000000000091	trials	44	s044_F200623	grCe_grSu12SmCiNe	13	0.0	5	2489.897	2490.197
2496.457	0.900000000000091	trials	44	s044_F200623	grCe_grSu6CiNe_PS	19	90.0	5	2496.757	2497.056
2497.0649999999996	0.900000000000091	trials	44	s044_F200623	grCe_grSu6CiNe	15	315.0	5	2497.365	2497.665
2498.265	0.900000000000091	trials	44	s044_F200623	coCe_grSu6Ne	17	270.0	5	2498.565	2498.865
2504.433	0.900000000000091	trials	44	s044_F200623	grCe_grSu6CiNe_PS	19	225.0	5	2504.733	2505.032
2505.0409999999997	0.900000000000091	trials	44	s044_F200623	grCe_grSu12Mi	9	315.0	5	2505.341	2505.641
2505.6409999999996	0.900000000000091	trials	44	s044_F200623	NoStim	0		5	2505.941	2506.241
2506.249	0.900000000000091	trials	44	s044_F200623	grCe_grSu12SmCiNe	13	270.0	5	2506.549	2506.849
2506.8579999999997	0.900000000000091	trials	44	s044_F200623	grCe_grSu3Ne	5	0.0	5	2507.158	2507.458
2513.075	0.900000000000091	trials	44	s044_F200623	grCe_grSu6Ne	7	270.0	5	2513.375	2513.675
2513.6839999999997	0.900000000000091	trials	44	s044_F200623	grCe_grSu12SmCiNe	13	180.0	5	2513.984	2514.283
2514.2839999999997	0.900000000000091	trials	44	s044_F200623	grCe_grSu12SmCiNe_PS	21	315.0	5	2514.584	2514.883
2514.884	0.900000000000091	trials	44	s044_F200623	grCe_grSu6Ne_PS	18	225.0	5	2515.184	2515.484
2515.5009999999997	0.900000000000091	trials	44	s044_F200623	grCe_grSu18Fa	11	270.0	5	2515.801	2516.1
2521.768	0.900000000000091	trials	44	s044_F200623	coCe	16	90.0	5	2522.068	2522.368
2525.46	0.900000000000091	trials	44	s044_F200623	grCe_grSu6CiNe_PS	19	45.0	5	2525.76	2526.06
2526.069	0.900000000000091	trials	44	s044_F200623	grCe_grSu6CiNe	15	225.0	5	2526.369	2526.668
2526.6769999999997	0.900000000000091	trials	44	s044_F200623	grCe_grSu18Fa	11	90.0	5	2526.977	2527.277
2527.277	0.900000000000091	trials	44	s044_F200623	grCe_grSu6CiNe_PS	19	180.0	5	2527.577	2527.877
2527.886	0.900000000000091	trials	44	s044_F200623	grCe_grSu12Mi	9	225.0	5	2528.186	2528.485
2534.0609999999997	0.900000000000091	trials	44	s044_F200623	grCe_grSu1Ne	3	270.0	5	2534.361	2534.661
2534.6609999999996	0.900000000000091	trials	44	s044_F200623	grCe_grSu1Ne	3	225.0	5	2534.961	2535.261
2539.3619999999996	0.900000000000091	trials	44	s044_F200623	grCe_grSu12Mi	9	270.0	5	2539.662	2539.962
2539.962	0.900000000000091	trials	44	s044_F200623	grCe_grSu6Ne	7	225.0	5	2540.262	2540.562
2541.162	0.900000000000091	trials	44	s044_F200623	grCe	1	0.0	5	2541.462	2541.762
2541.7709999999997	0.900000000000091	trials	44	s044_F200623	grCe_grSu12Mi	9	90.0	5	2542.071	2542.37
2547.9379999999996	0.900000000000091	trials	44	s044_F200623	grCe_grSu6Ne	7	0.0	5	2548.238	2548.538
2549.7549999999997	0.900000000000091	trials	44	s044_F200623	grCe_grSu6Ne	7	90.0	5	2550.055	2550.355
2550.363	0.900000000000091	trials	44	s044_F200623	grSu18Fa	10		5	2550.663	2550.963
2561.04	0.900000000000091	trials	44	s044_F200623	grCe_grSu12SmCiNe_PS	21	0.0	5	2561.34	2561.64
2561.6479999999997	0.900000000000091	trials	44	s044_F200623	grCe_grSu6CiNe	15	45.0	5	2561.948	2562.248
2562.2479999999996	0.900000000000091	trials	44	s044_F200623	grCe_grSu12SmCiNe	13	225.0	5	2562.548	2562.848
2562.848	0.900000000000091	trials	44	s044_F200623	coCe	16	270.0	5	2563.148	2563.448
2563.448	0.900000000000091	trials	44	s044_F200623	grCe_grSu6Ne_PS	18	135.0	5	2563.748	2564.048
2588.2019999999998	0.900000000000091	trials	44	s044_F200623	grCe_grSu6CiNe	15	270.0	5	2588.502	2588.801
2588.8019999999997	0.900000000000091	trials	44	s044_F200623	grSu6Ne	6		5	2589.102	2589.401
2589.402	0.900000000000091	trials	44	s044_F200623	grCe_grSu6CiNe_PS	19	135.0	5	2589.702	2590.002
2590.002	0.900000000000091	trials	44	s044_F200623	grCe	1	315.0	5	2590.302	2590.602
2590.602	0.900000000000091	trials	44	s044_F200623	coCe	16	180.0	5	2590.902	2591.202
2596.961	0.900000000000091	trials	44	s044_F200623	grSu12SmCiNe	12		5	2597.261	2597.561
2597.5699999999997	0.900000000000091	trials	44	s044_F200623	grCe_grSu3Ne	5	225.0	5	2597.87	2598.169
2598.7859999999996	0.900000000000091	trials	44	s044_F200623	grCe_grSu12Mi	9	135.0	5	2599.086	2599.386
2599.395	0.900000000000091	trials	44	s044_F200623	coCe_grSu6Ne	17	270.0	4	2599.695	2599.994
2607.229	0.900000000000091	trials	44	s044_F200623	grCe_grSu6CiNe	15	180.0	4	2607.529	2607.829
2607.846	0.900000000000091	trials	44	s044_F200623	grCe_grSu18Fa	11	180.0	4	2608.146	2608.446
2608.446	0.900000000000091	trials	44	s044_F200623	grCe_grSu6CiNe_PS	19	0.0	4	2608.746	2609.046
2609.0539999999996	0.900000000000091	trials	44	s044_F200623	grCe_grSu1Ne	3	45.0	4	2609.354	2609.654
2609.654	0.900000000000091	trials	44	s044_F200623	NoStim	0		4	2609.954	2610.254
2616.0049999999997	0.900000000000091	trials	44	s044_F200623	grCe_grSu12SmCiNe_PS	21	0.0	4	2616.305	2616.605
2616.605	0.900000000000091	trials	44	s044_F200623	grCe_grSu6Ne_PS	18	90.0	4	2616.905	2617.205
2617.205	0.900000000000091	trials	44	s044_F200623	grCe_grSu6Ne_PS	18	180.0	4	2617.505	2617.805
2617.806	0.900000000000091	trials	44	s044_F200623	grCe_grSu6CiNe	15	135.0	4	2618.106	2618.405
2624.381	0.900000000000091	trials	44	s044_F200623	grCe_grSu12SmCiNe	13	90.0	4	2624.681	2624.981
2625.598	0.900000000000091	trials	44	s044_F200623	grCe_grSu3Ne	5	225.0	4	2625.898	2626.198
2626.807	0.900000000000091	trials	44	s044_F200623	grSu6Ne	6		4	2627.107	2627.406
2633.7079999999996	0.900000000000091	trials	44	s044_F200623	coCe	16	180.0	4	2634.008	2634.307
2634.3239999999996	0.900000000000091	trials	44	s044_F200623	grCe_grSu18Fa	11	225.0	4	2634.624	2634.924
2635.533	0.900000000000091	trials	44	s044_F200623	grCe_grSu12Mi	9	135.0	4	2635.833	2636.132
2636.1409999999996	0.900000000000091	trials	44	s044_F200623	grCe_grSu1Ne	3	135.0	4	2636.441	2636.741
2643.017	0.900000000000091	trials	44	s044_F200623	grCe	1	0.0	4	2643.317	2643.617
2651.96	0.900000000000091	trials	44	s044_F200623	grCe_grSu6Ne_PS	18	225.0	4	2652.26	2652.56
2653.1679999999997	0.900000000000091	trials	44	s044_F200623	grCe_grSu12SmCiNe_PS	21	315.0	4	2653.468	2653.768
2653.768	0.900000000000091	trials	44	s044_F200623	grCe_grSu12SmCiNe_PS	21	135.0	4	2654.068	2654.368
2654.3689999999997	0.900000000000091	trials	44	s044_F200623	grSu6CiNe	14		4	2654.669	2654.968
2660.7439999999997	0.900000000000091	trials	44	s044_F200623	grCe_grSu12Mi	9	90.0	4	2661.044	2661.344
2661.361	0.900000000000091	trials	44	s044_F200623	grCe_grSu18Fa	11	135.0	4	2661.661	2661.961
2661.97	0.900000000000091	trials	44	s044_F200623	coCe_grSu6Ne	17	45.0	4	2662.27	2662.569
2662.5699999999997	0.900000000000091	trials	44	s044_F200623	coCe	16	90.0	4	2662.87	2663.169
2669.354	0.900000000000091	trials	44	s044_F200623	grCe_grSu6Ne	7	315.0	4	2669.654	2669.954
2669.9539999999997	0.900000000000091	trials	44	s044_F200623	grCe_grSu1Ne	3	180.0	4	2670.254	2670.554
2671.7619999999997	0.900000000000091	trials	44	s044_F200623	coCe	16	315.0	4	2672.062	2672.362
2697.1319999999996	0.900000000000091	trials	44	s044_F200623	coCe_grSu6Ne	17	180.0	4	2697.432	2697.732
2698.3329999999996	0.900000000000091	trials	44	s044_F200623	coCe	16	0.0	4	2698.633	2698.932
2698.933	0.900000000000091	trials	44	s044_F200623	grCe	1	135.0	4	2699.233	2699.532
2699.533	0.900000000000091	trials	44	s044_F200623	grCe	1	90.0	4	2699.833	2700.132
2705.9919999999997	0.900000000000091	trials	44	s044_F200623	grCe_grSu12Mi	9	225.0	4	2706.292	2706.592
2706.5919999999996	0.900000000000091	trials	44	s044_F200623	grCe_grSu6CiNe_PS	19	45.0	4	2706.892	2707.192
2707.192	0.900000000000091	trials	44	s044_F200623	grCe	1	180.0	4	2707.492	2707.792
2707.792	0.900000000000091	trials	44	s044_F200623	grCe_grSu6CiNe	15	0.0	4	2708.092	2708.392
2708.401	0.900000000000091	trials	44	s044_F200623	grCe_grSu6Ne	7	0.0	4	2708.701	2709.0
2715.176	0.900000000000091	trials	44	s044_F200623	grCe	1	270.0	4	2715.476	2715.776
2715.777	0.900000000000091	trials	44	s044_F200623	grCe_grSu12SmCiNe	13	225.0	4	2716.077	2716.376
2716.377	0.900000000000091	trials	44	s044_F200623	grCe_grSu6CiNe_PS	19	180.0	4	2716.677	2716.976
2716.993	0.900000000000091	trials	44	s044_F200623	grCe_grSu18Fa	11	90.0	4	2717.293	2717.593
2717.593	0.900000000000091	trials	44	s044_F200623	grCe_grSu6CiNe_PS	19	90.0	4	2717.893	2718.193
2723.819	0.900000000000091	trials	44	s044_F200623	grCe_grSu12SmCiNe_PS	21	45.0	4	2724.119	2724.419
2727.745	0.900000000000091	trials	44	s044_F200623	grCe_grSu6CiNe	15	270.0	4	2728.045	2728.344
2728.953	0.900000000000091	trials	44	s044_F200623	grCe_grSu6Ne	7	45.0	4	2729.253	2729.553
2729.553	0.900000000000091	trials	44	s044_F200623	grCe_grSu1Ne	3	0.0	4	2729.853	2730.153
2730.162	0.900000000000091	trials	44	s044_F200623	grCe_grSu12Mi	9	180.0	4	2730.462	2730.761
2736.2709999999997	0.900000000000091	trials	44	s044_F200623	grCe_grSu12Mi	9	45.0	4	2736.571	2736.87
2736.879	0.900000000000091	trials	44	s044_F200623	coCe_grSu6Ne	17	315.0	4	2737.179	2737.479
2737.479	0.900000000000091	trials	44	s044_F200623	grCe_grSu6Ne	7	135.0	4	2737.779	2738.079
2738.6879999999996	0.900000000000091	trials	44	s044_F200623	coCe_grSu6Ne	17	90.0	4	2738.988	2739.287
2744.797	0.900000000000091	trials	44	s044_F200623	grSu18Fa	10		4	2745.097	2745.397
2745.397	0.900000000000091	trials	44	s044_F200623	grCe	1	45.0	4	2745.697	2745.997
2745.997	0.900000000000091	trials	44	s044_F200623	grCe	1	315.0	4	2746.297	2746.597
2746.605	0.900000000000091	trials	44	s044_F200623	grCe_grSu12Mi	9	0.0	4	2746.905	2747.205
2747.2059999999997	0.900000000000091	trials	44	s044_F200623	grSu1Ne	2		4	2747.506	2747.805
2753.7309999999998	0.900000000000091	trials	44	s044_F200623	grSu12SmCiNe	12		4	2754.031	2754.331
2754.3309999999997	0.900000000000091	trials	44	s044_F200623	coCe_grSu6Ne	17	135.0	4	2754.631	2754.931
2755.557	0.900000000000091	trials	44	s044_F200623	grCe_grSu18Fa	11	0.0	4	2755.857	2756.156
2756.1569999999997	0.900000000000091	trials	44	s044_F200623	grCe_grSu6CiNe	15	90.0	4	2756.457	2756.756
2762.9579999999996	0.900000000000091	trials	44	s044_F200623	grSu12Mi	8		4	2763.258	2763.557
2763.558	0.900000000000091	trials	44	s044_F200623	grCe_grSu6CiNe_PS	19	225.0	4	2763.858	2764.157
2764.158	0.900000000000091	trials	44	s044_F200623	grCe_grSu3Ne	5	45.0	4	2764.458	2764.757
2764.758	0.900000000000091	trials	44	s044_F200623	grCe_grSu6CiNe	15	225.0	4	2765.058	2765.358
2771.0249999999996	0.900000000000091	trials	44	s044_F200623	grCe_grSu12Mi	9	315.0	4	2771.325	2771.625
2771.625	0.900000000000091	trials	44	s044_F200623	grCe_grSu6Ne_PS	18	0.0	4	2771.925	2772.225
2772.225	0.900000000000091	trials	44	s044_F200623	grCe_grSu12SmCiNe_PS	21	180.0	4	2772.525	2772.825
2773.4339999999997	0.900000000000091	trials	44	s044_F200623	grCe_grSu6Ne_PS	18	270.0	4	2773.734	2774.034
2780.1099999999997	0.900000000000091	trials	44	s044_F200623	grCe_grSu12SmCiNe_PS	21	90.0	4	2780.41	2780.709
2781.31	0.900000000000091	trials	44	s044_F200623	coCe	16	135.0	4	2781.61	2781.91
2782.518	0.900000000000091	trials	44	s044_F200623	grCe_grSu1Ne	3	270.0	4	2782.818	2783.118
2788.519	0.900000000000091	trials	44	s044_F200623	grCe_grSu6CiNe_PS	19	315.0	4	2788.819	2789.119
2789.1189999999997	0.900000000000091	trials	44	s044_F200623	grCe_grSu6Ne_PS	18	135.0	4	2789.419	2789.719
2789.7189999999996	0.900000000000091	trials	44	s044_F200623	coCe	16	225.0	4	2790.019	2790.319
2790.319	0.900000000000091	trials	44	s044_F200623	grCe_grSu6Ne	7	270.0	4	2790.619	2790.919
2797.2039999999997	0.900000000000091	trials	44	s044_F200623	grCe_grSu1Ne	3	225.0	4	2797.504	2797.803
2797.8039999999996	0.900000000000091	trials	44	s044_F200623	coCe	16	45.0	4	2798.104	2798.403
2801.888	0.900000000000091	trials	44	s044_F200623	grCe	1	225.0	4	2802.188	2802.487
2803.096	0.900000000000091	trials	44	s044_F200623	grCe_grSu6Ne	7	225.0	4	2803.396	2803.696
2803.696	0.900000000000091	trials	44	s044_F200623	grCe_grSu3Ne	5	315.0	4	2803.996	2804.296
2811.022	0.900000000000091	trials	44	s044_F200623	grCe_grSu3Ne	5	0.0	4	2811.322	2811.622
2811.631	0.900000000000091	trials	44	s044_F200623	grCe_grSu12SmCiNe	13	315.0	4	2811.931	2812.23
2812.2309999999998	0.900000000000091	trials	44	s044_F200623	grCe_grSu12SmCiNe_PS	21	225.0	4	2812.531	2812.83
2816.4559999999997	0.900000000000091	trials	44	s044_F200623	grCe_grSu6Ne_PS	18	315.0	4	2816.756	2817.056
2817.056	0.900000000000091	trials	44	s044_F200623	grCe_grSu6CiNe	15	45.0	4	2817.356	2817.656
2817.656	0.900000000000091	trials	44	s044_F200623	grCe_grSu12SmCiNe	13	0.0	4	2817.956	2818.256
2818.265	0.900000000000091	trials	44	s044_F200623	grCe_grSu12SmCiNe	13	180.0	4	2818.565	2818.864
2830.341	0.900000000000091	trials	44	s044_F200623	grCe_grSu6Ne_PS	18	45.0	4	2830.641	2830.941
2830.941	0.900000000000091	trials	44	s044_F200623	grCe_grSu6CiNe_PS	19	270.0	4	2831.241	2831.541
2831.558	0.900000000000091	trials	44	s044_F200623	grCe_grSu18Fa	11	315.0	4	2831.858	2832.158
2832.1749999999997	0.900000000000091	trials	44	s044_F200623	grCe_grSu18Fa	11	270.0	4	2832.475	2832.775
2832.783	0.900000000000091	trials	44	s044_F200623	coCe_grSu6Ne	17	225.0	4	2833.083	2833.383
2839.1169999999997	0.900000000000091	trials	44	s044_F200623	grCe_grSu18Fa	11	45.0	4	2839.417	2839.717
2839.7259999999997	0.900000000000091	trials	44	s044_F200623	grCe_grSu6Ne	7	90.0	4	2840.026	2840.326
2840.326	0.900000000000091	trials	44	s044_F200623	grCe_grSu3Ne	5	270.0	4	2840.626	2840.926
2841.018	0.900000000000091	trials	44	s044_F200623	grSu3Ne	4		4	2841.318	2841.617
2841.618	0.900000000000091	trials	44	s044_F200623	coSu6Ne	20		4	2841.918	2842.217
2847.7599999999998	0.900000000000091	trials	44	s044_F200623	grCe_grSu3Ne	5	180.0	4	2848.06	2848.36
2848.3689999999997	0.900000000000091	trials	44	s044_F200623	grCe_grSu1Ne	3	90.0	4	2848.669	2848.968
2848.9689999999996	0.900000000000091	trials	44	s044_F200623	grCe_grSu1Ne	3	315.0	4	2849.269	2849.568
2849.5769999999998	0.900000000000091	trials	44	s044_F200623	grCe_grSu12SmCiNe	13	45.0	4	2849.877	2850.177
2853.553	0.900000000000091	trials	44	s044_F200623	grCe_grSu3Ne	5	90.0	4	2853.853	2854.152
2854.153	0.900000000000091	trials	44	s044_F200623	grCe_grSu6CiNe_PS	19	135.0	4	2854.453	2854.752
2854.7529999999997	0.900000000000091	trials	44	s044_F200623	grCe_grSu6Ne	7	180.0	4	2855.053	2855.352
2855.961	0.900000000000091	trials	44	s044_F200623	coCe_grSu6Ne	17	0.0	4	2856.261	2856.561
2862.7369999999996	0.900000000000091	trials	44	s044_F200623	grCe_grSu12Mi	9	270.0	4	2863.037	2863.337
2863.346	0.900000000000091	trials	44	s044_F200623	grCe_grSu12SmCiNe	13	270.0	4	2863.646	2863.945
2863.946	0.900000000000091	trials	44	s044_F200623	coCe	16	270.0	4	2864.246	2864.545
2864.546	0.900000000000091	trials	44	s044_F200623	grCe_grSu12SmCiNe_PS	21	270.0	4	2864.846	2865.145
2882.298	0.900000000000091	trials	44	s044_F200623	grCe_grSu3Ne	5	135.0	4	2882.598	2882.898
2889.2819999999997	0.900000000000091	trials	44	s044_F200623	grCe_grSu6CiNe	15	315.0	4	2889.582	2889.882
2892.7329999999997	0.900000000000091	trials	44	s044_F200623	grCe_grSu12SmCiNe	13	135.0	4	2893.033	2893.332
