onset	duration	nwb_table	ses_ID	ses_Name	cond_Name	cond_ID	target_rot	rep_num	pdOn	pdOff
26.002	0.9000000000000021	trials	124	s124_J210702	coCe_grSu6Ne	17	135.0	9	26.302	26.602
30.035999999999998	0.9000000000000021	trials	124	s124_J210702	grSu12Mi	8		9	30.336	30.636
30.645	0.9000000000000021	trials	124	s124_J210702	grCe_grSu12Mi	9	45.0	9	30.945	31.244
36.279	0.8999999999999986	trials	124	s124_J210702	grCe_grSu1Ne	3	135.0	9	36.579	36.878
36.879000000000005	0.8999999999999986	trials	124	s124_J210702	coCe_grSu6Ne	17	0.0	9	37.179	37.478
37.487	0.8999999999999986	trials	124	s124_J210702	grCe_grSu18Fa	11	180.0	9	37.787	38.087
42.363	0.8999999999999986	trials	124	s124_J210702	grCe_grSu6CiNe_PS	19	225.0	9	42.663	42.962
45.905	0.8999999999999986	trials	124	s124_J210702	grCe_grSu6CiNe	15	315.0	9	46.205	46.505
47.105000000000004	0.8999999999999986	trials	124	s124_J210702	grSu6Ne	6		9	47.405	47.705
52.998000000000005	0.8999999999999986	trials	124	s124_J210702	grCe_grSu12SmCiNe	13	45.0	9	53.298	53.597
53.598000000000006	0.8999999999999986	trials	124	s124_J210702	grCe	1	270.0	9	53.898	54.197
54.198	0.8999999999999986	trials	124	s124_J210702	grCe_grSu6CiNe_PS	19	45.0	9	54.498	54.797
59.24	0.8999999999999986	trials	124	s124_J210702	grCe_grSu1Ne	3	270.0	9	59.54	59.84
63.074000000000005	0.8999999999999986	trials	124	s124_J210702	coCe	16	0.0	9	63.374	63.673
63.674	0.8999999999999986	trials	124	s124_J210702	grCe_grSu6Ne	7	45.0	9	63.974	64.273
64.274	0.8999999999999915	trials	124	s124_J210702	coCe_grSu6Ne	17	45.0	9	64.574	64.874
69.333	0.8999999999999915	trials	124	s124_J210702	grCe_grSu1Ne	3	45.0	9	69.633	69.933
69.933	0.8999999999999915	trials	124	s124_J210702	grCe_grSu3Ne	5	225.0	9	70.233	70.533
70.542	0.8999999999999915	trials	124	s124_J210702	grCe_grSu6CiNe	15	180.0	9	70.842	71.141
75.901	0.8999999999999915	trials	124	s124_J210702	grCe_grSu12Mi	9	90.0	9	76.201	76.5
76.526	0.8999999999999915	trials	124	s124_J210702	grCe_grSu6Ne	7	90.0	9	76.826	77.125
77.126	0.8999999999999915	trials	124	s124_J210702	grCe_grSu6CiNe	15	225.0	9	77.426	77.725
88.794	0.8999999999999915	trials	124	s124_J210702	coCe	16	270.0	9	89.094	89.393
95.02	0.8999999999999915	trials	124	s124_J210702	grCe_grSu6CiNe_PS	19	0.0	9	95.32	95.619
95.62	0.8999999999999915	trials	124	s124_J210702	grCe_grSu6CiNe	15	0.0	9	95.92	96.219
96.22	0.8999999999999915	trials	124	s124_J210702	grCe_grSu12SmCiNe	13	315.0	9	96.52	96.819
107.646	0.8999999999999915	trials	124	s124_J210702	grCe_grSu1Ne	3	225.0	9	107.946	108.246
108.24600000000001	0.8999999999999915	trials	124	s124_J210702	grCe	1	225.0	9	108.546	108.846
108.87100000000001	0.8999999999999915	trials	124	s124_J210702	grSu6CiNe	14		9	109.171	109.471
117.081	0.8999999999999915	trials	124	s124_J210702	grCe_grSu12Mi	9	135.0	9	117.381	117.68
117.681	0.8999999999999915	trials	124	s124_J210702	grCe_grSu6CiNe_PS	19	135.0	9	117.981	118.28
118.289	0.8999999999999915	trials	124	s124_J210702	grCe_grSu6Ne_PS	18	225.0	9	118.589	118.889
123.89	0.8999999999999915	trials	124	s124_J210702	grCe_grSu18Fa	11	0.0	9	124.19	124.49
124.49900000000001	0.8999999999999915	trials	124	s124_J210702	grCe_grSu18Fa	11	225.0	9	124.799	125.098
133.52499999999998	0.9000000000000057	trials	124	s124_J210702	grCe_grSu3Ne	5	180.0	9	133.825	134.124
134.125	0.9000000000000057	trials	124	s124_J210702	grCe_grSu3Ne	5	135.0	9	134.425	134.724
142.676	0.9000000000000057	trials	124	s124_J210702	grCe_grSu6Ne_PS	18	90.0	9	142.976	143.275
143.27599999999998	0.9000000000000057	trials	124	s124_J210702	grCe	1	315.0	9	143.576	143.875
147.15099999999998	0.9000000000000057	trials	124	s124_J210702	coCe	16	315.0	9	147.451	147.751
147.75199999999998	0.9000000000000057	trials	124	s124_J210702	grCe_grSu3Ne	5	270.0	9	148.052	148.351
159.92	0.9000000000000057	trials	124	s124_J210702	grCe	1	0.0	9	160.22	160.519
160.51999999999998	0.9000000000000057	trials	124	s124_J210702	grCe_grSu6Ne	7	180.0	9	160.82	161.119
161.14499999999998	0.9000000000000057	trials	124	s124_J210702	grCe_grSu12Mi	9	0.0	9	161.445	161.744
166.304	0.9000000000000057	trials	124	s124_J210702	grCe_grSu12SmCiNe	13	225.0	9	166.604	166.903
166.904	0.9000000000000057	trials	124	s124_J210702	grCe_grSu12SmCiNe_PS	21	90.0	9	167.204	167.504
167.504	0.9000000000000057	trials	124	s124_J210702	coCe_grSu6Ne	17	90.0	9	167.804	168.104
172.51299999999998	0.9000000000000057	trials	124	s124_J210702	grCe_grSu6CiNe	15	45.0	9	172.813	173.113
173.73	0.9000000000000057	trials	124	s124_J210702	grCe	1	180.0	9	174.03	174.329
178.74699999999999	0.9000000000000057	trials	124	s124_J210702	grCe_grSu6Ne_PS	18	180.0	9	179.047	179.347
189.057	0.9000000000000057	trials	124	s124_J210702	grCe_grSu6CiNe_PS	19	270.0	9	189.357	189.656
189.65699999999998	0.9000000000000057	trials	124	s124_J210702	grCe_grSu6Ne_PS	18	315.0	9	189.957	190.256
190.25699999999998	0.9000000000000057	trials	124	s124_J210702	grCe_grSu12SmCiNe	13	270.0	9	190.557	190.857
198.266	0.9000000000000057	trials	124	s124_J210702	grCe_grSu12SmCiNe_PS	21	270.0	9	198.566	198.866
198.875	0.9000000000000057	trials	124	s124_J210702	grCe_grSu18Fa	11	135.0	9	199.175	199.474
204.642	0.9000000000000057	trials	124	s124_J210702	grCe_grSu6CiNe_PS	19	90.0	9	204.942	205.242
208.343	0.9000000000000057	trials	124	s124_J210702	grCe_grSu12SmCiNe	13	0.0	9	208.643	208.942
208.951	0.9000000000000057	trials	124	s124_J210702	grCe_grSu3Ne	5	0.0	9	209.251	209.551
209.551	0.9000000000000057	trials	124	s124_J210702	grCe_grSu6CiNe	15	270.0	9	209.851	210.151
214.56	0.9000000000000057	trials	124	s124_J210702	coCe	16	180.0	9	214.86	215.16
215.16	0.9000000000000057	trials	124	s124_J210702	coCe	16	90.0	9	215.46	215.76
221.003	0.9000000000000057	trials	124	s124_J210702	grSu1Ne	2		9	221.303	221.602
224.70299999999997	0.9000000000000057	trials	124	s124_J210702	grCe_grSu12Mi	9	225.0	9	225.003	225.303
225.31199999999998	0.9000000000000057	trials	124	s124_J210702	grCe_grSu18Fa	11	315.0	9	225.612	225.911
225.91199999999998	0.9000000000000057	trials	124	s124_J210702	grCe_grSu6CiNe	15	90.0	9	226.212	226.511
230.82899999999998	0.9000000000000057	trials	124	s124_J210702	grCe_grSu12SmCiNe_PS	21	315.0	9	231.129	231.428
231.429	0.9000000000000057	trials	124	s124_J210702	grCe_grSu6Ne_PS	18	135.0	9	231.729	232.029
232.029	0.9000000000000057	trials	124	s124_J210702	coCe	16	135.0	9	232.329	232.629
245.798	0.9000000000000057	trials	124	s124_J210702	grCe_grSu3Ne	5	315.0	9	246.098	246.397
246.398	0.9000000000000057	trials	124	s124_J210702	grCe_grSu6Ne	7	315.0	9	246.698	246.997
251.515	0.9000000000000057	trials	124	s124_J210702	coCe_grSu6Ne	17	225.0	9	251.815	252.115
252.123	0.9000000000000057	trials	124	s124_J210702	grCe_grSu18Fa	11	90.0	9	252.423	252.723
252.732	0.9000000000000057	trials	124	s124_J210702	coCe_grSu6Ne	17	270.0	9	253.032	253.331
257.691	0.9000000000000341	trials	124	s124_J210702	grCe_grSu6CiNe_PS	19	180.0	9	257.991	258.29
269.70099999999996	0.9000000000000341	trials	124	s124_J210702	coCe_grSu6Ne	17	180.0	9	270.001	270.3
273.159	0.9000000000000341	trials	124	s124_J210702	grCe_grSu6CiNe	15	135.0	9	273.459	273.759
273.768	0.9000000000000341	trials	124	s124_J210702	grSu18Fa	10		9	274.068	274.367
274.368	0.9000000000000341	trials	124	s124_J210702	grCe_grSu12SmCiNe_PS	21	0.0	9	274.668	274.967
279.90999999999997	0.9000000000000341	trials	124	s124_J210702	coSu6Ne	20		9	280.21	280.51
283.661	0.9000000000000341	trials	124	s124_J210702	grCe_grSu6Ne	7	0.0	9	283.961	284.26
287.311	0.9000000000000341	trials	124	s124_J210702	grCe_grSu6Ne	7	270.0	9	287.611	287.911
287.911	0.9000000000000341	trials	124	s124_J210702	grCe_grSu1Ne	3	0.0	9	288.211	288.511
288.51099999999997	0.9000000000000341	trials	124	s124_J210702	grCe_grSu12SmCiNe	13	135.0	9	288.811	289.111
293.537	0.9000000000000341	trials	124	s124_J210702	grCe_grSu1Ne	3	180.0	9	293.837	294.137
294.137	0.9000000000000341	trials	124	s124_J210702	grCe_grSu6Ne_PS	18	0.0	9	294.437	294.737
294.73699999999997	0.9000000000000341	trials	124	s124_J210702	grCe_grSu12SmCiNe_PS	21	45.0	9	295.037	295.337
299.896	0.9000000000000341	trials	124	s124_J210702	grCe_grSu12SmCiNe_PS	21	180.0	9	300.196	300.496
300.505	0.9000000000000341	trials	124	s124_J210702	grCe_grSu18Fa	11	270.0	9	300.805	301.104
301.10499999999996	0.9000000000000341	trials	124	s124_J210702	coCe_grSu6Ne	17	315.0	9	301.405	301.704
306.822	0.9000000000000341	trials	124	s124_J210702	coCe	16	45.0	9	307.122	307.422
307.42199999999997	0.9000000000000341	trials	124	s124_J210702	grCe	1	45.0	9	307.722	308.022
313.173	0.9000000000000341	trials	124	s124_J210702	grCe_grSu12Mi	9	180.0	9	313.473	313.773
329.75	0.9000000000000341	trials	124	s124_J210702	grCe_grSu1Ne	3	315.0	9	330.05	330.35
330.34999999999997	0.9000000000000341	trials	124	s124_J210702	grCe_grSu6Ne	7	135.0	9	330.65	330.95
335.943	0.9000000000000341	trials	124	s124_J210702	grCe_grSu18Fa	11	45.0	9	336.243	336.542
336.543	0.9000000000000341	trials	124	s124_J210702	grCe_grSu6Ne_PS	18	45.0	9	336.843	337.142
337.143	0.9000000000000341	trials	124	s124_J210702	grCe_grSu1Ne	3	90.0	9	337.443	337.742
342.252	0.9000000000000341	trials	124	s124_J210702	grCe_grSu12SmCiNe	13	90.0	9	342.552	342.851
343.46	0.9000000000000341	trials	124	s124_J210702	grCe_grSu12SmCiNe_PS	21	135.0	9	343.76	344.06
348.478	0.9000000000000341	trials	124	s124_J210702	grCe_grSu3Ne	5	45.0	9	348.778	349.077
349.078	0.9000000000000341	trials	124	s124_J210702	grCe_grSu12SmCiNe	13	180.0	9	349.378	349.677
354.637	0.9000000000000341	trials	124	s124_J210702	grCe_grSu12SmCiNe_PS	21	225.0	9	354.937	355.236
355.23699999999997	0.9000000000000341	trials	124	s124_J210702	grCe_grSu6CiNe_PS	19	315.0	9	355.537	355.836
360.804	0.9000000000000341	trials	124	s124_J210702	NoStim	0		9	361.104	361.404
361.404	0.9000000000000341	trials	124	s124_J210702	grCe	1	90.0	9	361.704	362.004
362.00399999999996	0.9000000000000341	trials	124	s124_J210702	grCe	1	135.0	9	362.304	362.604
367.63	0.9000000000000341	trials	124	s124_J210702	grCe_grSu12Mi	9	270.0	9	367.93	368.23
368.22999999999996	0.9000000000000341	trials	124	s124_J210702	grCe_grSu3Ne	5	90.0	9	368.53	368.83
380.515	0.9000000000000341	trials	124	s124_J210702	grSu12SmCiNe	12		9	380.815	381.115
381.132	0.9000000000000341	trials	124	s124_J210702	grCe_grSu6Ne_PS	18	270.0	9	381.432	381.731
386.87399999999997	0.9000000000000341	trials	124	s124_J210702	grCe_grSu12Mi	9	315.0	9	387.174	387.474
387.474	0.9000000000000341	trials	124	s124_J210702	grSu3Ne	4		9	387.774	388.074
388.074	0.9000000000000341	trials	124	s124_J210702	coCe	16	225.0	9	388.374	388.674
399.70099999999996	0.9000000000000341	trials	124	s124_J210702	grCe_grSu6Ne	7	225.0	9	400.001	400.3
404.34299999999996	0.9000000000000341	trials	124	s124_J210702	grCe_grSu6Ne	7	45.0	7	404.643	404.943
404.943	0.9000000000000341	trials	124	s124_J210702	grCe_grSu12SmCiNe	13	270.0	7	405.243	405.543
416.361	0.9000000000000341	trials	124	s124_J210702	coCe_grSu6Ne	17	180.0	7	416.661	416.961
416.961	0.9000000000000341	trials	124	s124_J210702	grCe_grSu12SmCiNe	13	0.0	7	417.261	417.561
417.562	0.9000000000000341	trials	124	s124_J210702	coCe_grSu6Ne	17	270.0	7	417.862	418.161
423.48699999999997	0.9000000000000341	trials	124	s124_J210702	coCe_grSu6Ne	17	135.0	7	423.787	424.087
424.096	0.9000000000000341	trials	124	s124_J210702	grCe_grSu18Fa	11	270.0	7	424.396	424.695
433.764	0.9000000000000341	trials	124	s124_J210702	grCe_grSu6Ne	7	270.0	7	434.064	434.363
437.506	0.9000000000000341	trials	124	s124_J210702	grCe_grSu3Ne	5	0.0	7	437.806	438.105
438.106	0.9000000000000341	trials	124	s124_J210702	grCe_grSu6CiNe	15	270.0	7	438.406	438.705
447.574	0.9000000000000341	trials	124	s124_J210702	grCe_grSu12SmCiNe_PS	21	270.0	7	447.874	448.173
448.174	0.9000000000000341	trials	124	s124_J210702	grSu1Ne	2		7	448.474	448.773
448.774	0.9000000000000341	trials	124	s124_J210702	grCe_grSu6Ne	7	90.0	7	449.074	449.373
455.26599999999996	0.9000000000000341	trials	124	s124_J210702	coCe_grSu6Ne	17	315.0	7	455.566	455.866
455.86699999999996	0.9000000000000341	trials	124	s124_J210702	grCe_grSu12SmCiNe_PS	21	315.0	7	456.167	456.466
456.47499999999997	0.9000000000000341	trials	124	s124_J210702	grCe_grSu18Fa	11	90.0	7	456.775	457.074
462.101	0.9000000000000341	trials	124	s124_J210702	grCe_grSu6Ne_PS	18	0.0	7	462.401	462.7
469.077	0.9000000000000341	trials	124	s124_J210702	grCe_grSu6CiNe	15	90.0	7	469.377	469.676
469.67699999999996	0.9000000000000341	trials	124	s124_J210702	grCe	1	90.0	7	469.977	470.276
470.277	0.9000000000000341	trials	124	s124_J210702	grCe_grSu6CiNe	15	0.0	7	470.577	470.876
475.26099999999997	0.9000000000000341	trials	124	s124_J210702	grCe_grSu6Ne	7	0.0	7	475.561	475.86
475.86899999999997	0.9000000000000341	trials	124	s124_J210702	grCe_grSu18Fa	11	225.0	7	476.169	476.469
476.478	0.9000000000000341	trials	124	s124_J210702	grCe_grSu1Ne	3	225.0	7	476.778	477.077
481.82	0.9000000000000341	trials	124	s124_J210702	grCe	1	315.0	7	482.12	482.419
482.42	0.9000000000000341	trials	124	s124_J210702	grCe_grSu3Ne	5	90.0	7	482.72	483.019
496.072	0.9000000000000341	trials	124	s124_J210702	grCe_grSu6CiNe	15	45.0	7	496.372	496.671
496.67199999999997	0.9000000000000341	trials	124	s124_J210702	coCe	16	45.0	7	496.972	497.271
502.673	0.9000000000000341	trials	124	s124_J210702	grCe_grSu1Ne	3	0.0	7	502.973	503.272
506.373	0.9000000000000341	trials	124	s124_J210702	grCe_grSu3Ne	5	45.0	7	506.673	506.973
518.2330000000001	0.8999999999999773	trials	124	s124_J210702	grSu18Fa	10		7	518.533	518.832
518.8330000000001	0.8999999999999773	trials	124	s124_J210702	grSu12SmCiNe	12		7	519.133	519.433
519.433	0.8999999999999773	trials	124	s124_J210702	grCe_grSu6Ne_PS	18	45.0	7	519.733	520.033
524.692	0.8999999999999773	trials	124	s124_J210702	grCe_grSu6Ne_PS	18	135.0	7	524.992	525.292
525.292	0.8999999999999773	trials	124	s124_J210702	grCe_grSu6CiNe_PS	19	0.0	7	525.592	525.892
525.892	0.8999999999999773	trials	124	s124_J210702	grCe_grSu6CiNe_PS	19	225.0	7	526.192	526.492
561.505	0.8999999999999773	trials	124	s124_J210702	coCe	16	0.0	7	561.805	562.105
562.105	0.8999999999999773	trials	124	s124_J210702	grCe_grSu6Ne	7	135.0	7	562.405	562.705
562.705	0.8999999999999773	trials	124	s124_J210702	coCe	16	270.0	7	563.005	563.305
568.048	0.8999999999999773	trials	124	s124_J210702	grCe_grSu1Ne	3	180.0	7	568.348	568.647
568.6560000000001	0.8999999999999773	trials	124	s124_J210702	grCe_grSu18Fa	11	135.0	7	568.956	569.256
574.499	0.8999999999999773	trials	124	s124_J210702	NoStim	0		7	574.799	575.098
575.099	0.8999999999999773	trials	124	s124_J210702	grCe_grSu6CiNe_PS	19	135.0	7	575.399	575.698
580.558	0.8999999999999773	trials	124	s124_J210702	grCe_grSu12SmCiNe_PS	21	90.0	7	580.858	581.157
581.158	0.8999999999999773	trials	124	s124_J210702	grSu3Ne	4		7	581.458	581.757
581.758	0.8999999999999773	trials	124	s124_J210702	grCe_grSu1Ne	3	270.0	7	582.058	582.357
586.8000000000001	0.8999999999999773	trials	124	s124_J210702	grCe_grSu12SmCiNe	13	45.0	7	587.1	587.4
588.0	0.8999999999999773	trials	124	s124_J210702	coSu6Ne	20		7	588.3	588.6
593.0840000000001	0.8999999999999773	trials	124	s124_J210702	grCe_grSu3Ne	5	225.0	7	593.384	593.684
593.6840000000001	0.8999999999999773	trials	124	s124_J210702	coCe_grSu6Ne	17	0.0	7	593.984	594.284
594.284	0.8999999999999773	trials	124	s124_J210702	coCe_grSu6Ne	17	225.0	7	594.584	594.884
600.8100000000001	0.8999999999999773	trials	124	s124_J210702	grSu6Ne	6		7	601.11	601.41
601.4100000000001	0.8999999999999773	trials	124	s124_J210702	grCe_grSu12SmCiNe_PS	21	135.0	7	601.71	602.01
613.845	0.8999999999999773	trials	124	s124_J210702	grCe_grSu1Ne	3	135.0	7	614.145	614.445
617.312	0.8999999999999773	trials	124	s124_J210702	grCe_grSu6CiNe	15	225.0	7	617.612	617.912
621.58	0.8999999999999773	trials	124	s124_J210702	grSu12Mi	8		7	621.88	622.179
622.7800000000001	0.8999999999999773	trials	124	s124_J210702	grCe_grSu3Ne	5	135.0	7	623.08	623.379
627.822	0.8999999999999773	trials	124	s124_J210702	grCe_grSu6CiNe	15	135.0	7	628.122	628.422
628.422	0.8999999999999773	trials	124	s124_J210702	grCe_grSu12SmCiNe	13	225.0	7	628.722	629.022
629.056	0.8999999999999773	trials	124	s124_J210702	grCe	1	135.0	7	629.356	629.655
634.065	0.8999999999999773	trials	124	s124_J210702	grCe	1	45.0	7	634.365	634.664
634.6650000000001	0.8999999999999773	trials	124	s124_J210702	grCe_grSu12SmCiNe_PS	21	45.0	7	634.965	635.264
635.2650000000001	0.8999999999999773	trials	124	s124_J210702	grSu6CiNe	14		7	635.565	635.864
640.5070000000001	0.8999999999999773	trials	124	s124_J210702	grCe	1	270.0	7	640.807	641.107
641.1070000000001	0.8999999999999773	trials	124	s124_J210702	grCe_grSu6Ne_PS	18	270.0	7	641.407	641.707
641.7570000000001	0.8999999999999773	trials	124	s124_J210702	grCe_grSu18Fa	11	0.0	7	642.057	642.357
657.301	0.8999999999999773	trials	124	s124_J210702	grCe_grSu12Mi	9	135.0	7	657.601	657.9
657.9010000000001	0.8999999999999773	trials	124	s124_J210702	grCe_grSu6Ne_PS	18	315.0	7	658.201	658.501
658.509	0.8999999999999773	trials	124	s124_J210702	grCe_grSu12Mi	9	270.0	7	658.809	659.109
678.187	0.8999999999999773	trials	124	s124_J210702	grCe_grSu6Ne	7	180.0	7	678.487	678.787
679.3870000000001	0.8999999999999773	trials	124	s124_J210702	grCe	1	0.0	7	679.687	679.987
689.013	0.8999999999999773	trials	124	s124_J210702	grCe_grSu1Ne	3	45.0	7	689.313	689.613
690.255	0.8999999999999773	trials	124	s124_J210702	grCe_grSu6CiNe_PS	19	45.0	7	690.555	690.855
695.6980000000001	0.8999999999999773	trials	124	s124_J210702	grCe_grSu1Ne	3	315.0	7	695.998	696.297
696.298	0.8999999999999773	trials	124	s124_J210702	grCe	1	180.0	7	696.598	696.897
703.565	0.8999999999999773	trials	124	s124_J210702	grCe_grSu18Fa	11	315.0	7	703.865	704.165
721.7180000000001	0.8999999999999773	trials	124	s124_J210702	grCe	1	225.0	7	722.018	722.317
722.3180000000001	0.8999999999999773	trials	124	s124_J210702	coCe	16	90.0	7	722.618	722.917
727.335	0.8999999999999773	trials	124	s124_J210702	coCe	16	315.0	7	727.635	727.935
727.9350000000001	0.8999999999999773	trials	124	s124_J210702	coCe	16	225.0	7	728.235	728.535
728.5350000000001	0.8999999999999773	trials	124	s124_J210702	grCe_grSu12SmCiNe	13	90.0	7	728.835	729.135
733.6610000000001	0.8999999999999773	trials	124	s124_J210702	grCe_grSu12Mi	9	0.0	7	733.961	734.26
734.2610000000001	0.8999999999999773	trials	124	s124_J210702	coCe_grSu6Ne	17	45.0	7	734.561	734.86
734.861	0.8999999999999773	trials	124	s124_J210702	grCe_grSu3Ne	5	180.0	7	735.161	735.461
740.0200000000001	0.8999999999999773	trials	124	s124_J210702	grCe_grSu12SmCiNe	13	315.0	7	740.32	740.62
740.62	0.8999999999999773	trials	124	s124_J210702	grCe_grSu3Ne	5	315.0	7	740.92	741.22
748.8040000000001	0.8999999999999773	trials	124	s124_J210702	grCe_grSu12SmCiNe_PS	21	0.0	7	749.104	749.404
749.413	0.8999999999999773	trials	124	s124_J210702	grCe_grSu18Fa	11	45.0	7	749.713	750.012
755.0300000000001	0.8999999999999773	trials	124	s124_J210702	grCe_grSu6CiNe_PS	19	180.0	7	755.33	755.63
755.639	0.8999999999999773	trials	124	s124_J210702	grCe_grSu18Fa	11	180.0	7	755.939	756.238
756.239	0.8999999999999773	trials	124	s124_J210702	grCe_grSu12SmCiNe_PS	21	225.0	7	756.539	756.838
761.648	0.8999999999999773	trials	124	s124_J210702	grCe_grSu1Ne	3	90.0	7	761.948	762.247
762.8480000000001	0.8999999999999773	trials	124	s124_J210702	grCe_grSu6CiNe_PS	19	315.0	7	763.148	763.447
775.5	0.8999999999999773	trials	124	s124_J210702	coCe_grSu6Ne	17	90.0	7	775.8	776.099
776.1	0.8999999999999773	trials	124	s124_J210702	grCe_grSu6CiNe_PS	19	90.0	7	776.4	776.699
782.2	0.8999999999999773	trials	124	s124_J210702	grCe_grSu6Ne_PS	18	225.0	7	782.5	782.8
790.1270000000001	0.8999999999999773	trials	124	s124_J210702	grCe_grSu6CiNe	15	180.0	7	790.427	790.726
791.3430000000001	0.8999999999999773	trials	124	s124_J210702	grCe_grSu6Ne_PS	18	180.0	7	791.643	791.943
796.3770000000001	0.8999999999999773	trials	124	s124_J210702	grCe_grSu3Ne	5	270.0	7	796.677	796.977
796.9770000000001	0.8999999999999773	trials	124	s124_J210702	coCe	16	180.0	7	797.277	797.577
797.586	0.8999999999999773	trials	124	s124_J210702	grCe_grSu12Mi	9	225.0	7	797.886	798.185
804.053	0.8999999999999773	trials	124	s124_J210702	grCe_grSu12SmCiNe	13	180.0	7	804.353	804.653
804.653	0.8999999999999773	trials	124	s124_J210702	grCe_grSu12SmCiNe_PS	21	180.0	7	804.953	805.253
809.6460000000001	0.8999999999999773	trials	124	s124_J210702	coCe	16	135.0	7	809.946	810.245
810.2460000000001	0.8999999999999773	trials	124	s124_J210702	grCe_grSu6CiNe_PS	19	270.0	7	810.546	810.845
810.846	0.8999999999999773	trials	124	s124_J210702	grCe_grSu6CiNe	15	315.0	7	811.146	811.445
832.3900000000001	0.8999999999999773	trials	124	s124_J210702	grCe_grSu12Mi	9	315.0	7	832.69	832.99
832.99	0.8999999999999773	trials	124	s124_J210702	grCe_grSu6Ne_PS	18	90.0	7	833.29	833.59
833.599	0.8999999999999773	trials	124	s124_J210702	grCe_grSu12Mi	9	180.0	7	833.899	834.198
838.383	0.8999999999999773	trials	124	s124_J210702	grCe_grSu6Ne	7	225.0	7	838.683	838.982
842.658	0.8999999999999773	trials	124	s124_J210702	grCe_grSu12Mi	9	45.0	7	842.958	843.258
843.292	0.8999999999999773	trials	124	s124_J210702	grCe_grSu6Ne	7	315.0	7	843.592	843.891
848.417	0.8999999999999773	trials	124	s124_J210702	grCe_grSu12Mi	9	90.0	7	848.717	849.017
849.0260000000001	0.8999999999999773	trials	124	s124_J210702	grCe_grSu12SmCiNe	13	135.0	7	849.326	849.625
849.6260000000001	0.8999999999999773	trials	124	s124_J210702	grCe_grSu12SmCiNe_PS	21	90.0	2	849.926	850.225
858.644	0.8999999999999773	trials	124	s124_J210702	coCe_grSu6Ne	17	225.0	2	858.944	859.243
859.244	0.8999999999999773	trials	124	s124_J210702	grCe_grSu12SmCiNe	13	270.0	2	859.544	859.843
859.844	0.8999999999999773	trials	124	s124_J210702	grSu12SmCiNe	12		2	860.144	860.443
864.8280000000001	0.8999999999999773	trials	124	s124_J210702	grSu3Ne	4		2	865.128	865.427
865.445	0.8999999999999773	trials	124	s124_J210702	grCe_grSu12SmCiNe_PS	21	225.0	2	865.745	866.044
866.0450000000001	0.8999999999999773	trials	124	s124_J210702	coCe	16	270.0	2	866.345	866.644
877.3710000000001	0.8999999999999773	trials	124	s124_J210702	grCe_grSu12SmCiNe	13	315.0	2	877.671	877.971
877.971	0.8999999999999773	trials	124	s124_J210702	grCe_grSu3Ne	5	225.0	2	878.271	878.571
883.7800000000001	0.8999999999999773	trials	124	s124_J210702	grCe_grSu12SmCiNe	13	0.0	2	884.08	884.38
884.38	0.8999999999999773	trials	124	s124_J210702	grCe_grSu1Ne	3	315.0	2	884.68	884.98
890.181	0.8999999999999773	trials	124	s124_J210702	grCe_grSu6CiNe_PS	19	180.0	2	890.481	890.781
890.7810000000001	0.8999999999999773	trials	124	s124_J210702	coCe	16	135.0	2	891.081	891.381
891.3810000000001	0.8999999999999773	trials	124	s124_J210702	grCe_grSu12SmCiNe	13	45.0	2	891.681	891.981
901.1990000000001	0.8999999999999773	trials	124	s124_J210702	grCe_grSu6Ne_PS	18	0.0	2	901.499	901.799
902.558	0.8999999999999773	trials	124	s124_J210702	grCe_grSu12Mi	9	135.0	2	902.858	903.157
908.35	0.8999999999999773	trials	124	s124_J210702	grCe_grSu6CiNe	15	45.0	2	908.65	908.95
908.95	0.8999999999999773	trials	124	s124_J210702	grCe_grSu12SmCiNe	13	90.0	2	909.25	909.55
936.1790000000001	0.8999999999999773	trials	124	s124_J210702	grCe_grSu18Fa	11	270.0	2	936.479	936.778
936.779	0.8999999999999773	trials	124	s124_J210702	grCe_grSu12SmCiNe	13	135.0	2	937.079	937.378
947.2800000000001	0.8999999999999773	trials	124	s124_J210702	grCe_grSu12SmCiNe_PS	21	0.0	2	947.58	947.88
960.74	0.8999999999999773	trials	124	s124_J210702	grCe_grSu6Ne	7	180.0	2	961.04	961.34
961.34	0.8999999999999773	trials	124	s124_J210702	grCe_grSu6Ne	7	315.0	2	961.64	961.94
961.94	0.8999999999999773	trials	124	s124_J210702	grCe_grSu6Ne	7	90.0	2	962.24	962.54
967.0160000000001	0.8999999999999773	trials	124	s124_J210702	grCe_grSu1Ne	3	45.0	2	967.316	967.616
967.6160000000001	0.8999999999999773	trials	124	s124_J210702	coCe	16	0.0	2	967.916	968.216
973.292	0.8999999999999773	trials	124	s124_J210702	grCe_grSu12SmCiNe_PS	21	45.0	2	973.592	973.891
973.917	0.8999999999999773	trials	124	s124_J210702	grCe_grSu6Ne_PS	18	180.0	2	974.217	974.517
974.517	0.8999999999999773	trials	124	s124_J210702	grSu12Mi	8		2	974.817	975.117
979.5840000000001	0.8999999999999773	trials	124	s124_J210702	coCe_grSu6Ne	17	90.0	2	979.884	980.184
980.1840000000001	0.8999999999999773	trials	124	s124_J210702	grCe_grSu12SmCiNe	13	225.0	2	980.484	980.784
986.385	0.8999999999999773	trials	124	s124_J210702	coSu6Ne	20		2	986.685	986.985
986.985	0.8999999999999773	trials	124	s124_J210702	grCe_grSu3Ne	5	135.0	2	987.285	987.585
992.061	0.8999999999999773	trials	124	s124_J210702	grCe_grSu6CiNe_PS	19	90.0	2	992.361	992.661
1004.479	0.8999999999999773	trials	124	s124_J210702	grCe_grSu6CiNe	15	315.0	2	1004.779	1005.079
1008.88	0.8999999999999773	trials	124	s124_J210702	grCe_grSu6CiNe_PS	19	135.0	2	1009.18	1009.479
1009.48	0.8999999999999773	trials	124	s124_J210702	coCe_grSu6Ne	17	180.0	2	1009.78	1010.079
1020.84	0.8999999999999773	trials	124	s124_J210702	grCe_grSu18Fa	11	45.0	2	1021.14	1021.439
1024.424	0.8999999999998636	trials	124	s124_J210702	grCe_grSu12Mi	9	225.0	2	1024.724	1025.023
1025.0240000000001	0.8999999999998636	trials	124	s124_J210702	grCe_grSu6Ne	7	135.0	2	1025.324	1025.623
1025.624	0.8999999999998636	trials	124	s124_J210702	grCe	1	45.0	2	1025.924	1026.223
1032.008	0.8999999999998636	trials	124	s124_J210702	grCe_grSu6CiNe	15	180.0	2	1032.308	1032.607
1043.709	0.8999999999998636	trials	124	s124_J210702	grCe_grSu3Ne	5	0.0	2	1044.009	1044.309
1044.309	0.8999999999998636	trials	124	s124_J210702	grCe_grSu6CiNe	15	90.0	2	1044.609	1044.909
1044.91	0.8999999999998636	trials	124	s124_J210702	grCe_grSu6Ne	7	45.0	2	1045.21	1045.509
1049.894	0.8999999999998636	trials	124	s124_J210702	coCe_grSu6Ne	17	315.0	2	1050.194	1050.493
1053.877	0.8999999999998636	trials	124	s124_J210702	grCe_grSu12Mi	9	315.0	2	1054.177	1054.477
1054.519	0.8999999999998636	trials	124	s124_J210702	grCe_grSu6Ne	7	225.0	2	1054.819	1055.119
1055.1190000000001	0.8999999999998636	trials	124	s124_J210702	grCe_grSu6Ne_PS	18	135.0	2	1055.419	1055.719
1060.087	0.8999999999998636	trials	124	s124_J210702	grCe_grSu1Ne	3	90.0	2	1060.387	1060.686
1060.6870000000001	0.8999999999998636	trials	124	s124_J210702	grCe	1	0.0	2	1060.987	1061.286
1061.295	0.8999999999998636	trials	124	s124_J210702	grCe_grSu12Mi	9	90.0	2	1061.595	1061.895
1067.6290000000001	0.8999999999998636	trials	124	s124_J210702	coCe	16	225.0	2	1067.929	1068.229
1072.7630000000001	0.8999999999998636	trials	124	s124_J210702	grCe_grSu6Ne_PS	18	45.0	2	1073.063	1073.363
1073.363	0.8999999999998636	trials	124	s124_J210702	coCe	16	90.0	2	1073.663	1073.963
1073.963	0.8999999999998636	trials	124	s124_J210702	NoStim	0		2	1074.263	1074.563
1079.239	0.8999999999998636	trials	124	s124_J210702	grCe_grSu3Ne	5	180.0	2	1079.539	1079.839
1079.847	0.8999999999998636	trials	124	s124_J210702	grCe_grSu18Fa	11	135.0	2	1080.147	1080.447
1080.481	0.8999999999998636	trials	124	s124_J210702	grCe_grSu1Ne	3	225.0	2	1080.781	1081.08
1085.481	0.8999999999998636	trials	124	s124_J210702	grCe_grSu6CiNe_PS	19	315.0	2	1085.781	1086.081
1086.082	0.8999999999998636	trials	124	s124_J210702	grCe_grSu12SmCiNe_PS	21	180.0	2	1086.382	1086.681
1095.474	0.8999999999998636	trials	124	s124_J210702	grCe_grSu6Ne_PS	18	225.0	2	1095.774	1096.074
1096.075	0.8999999999998636	trials	124	s124_J210702	grCe	1	180.0	2	1096.375	1096.674
1096.7160000000001	0.8999999999998636	trials	124	s124_J210702	grCe_grSu6CiNe_PS	19	45.0	2	1097.016	1097.316
1102.267	0.8999999999998636	trials	124	s124_J210702	grCe_grSu6CiNe_PS	19	270.0	2	1102.567	1102.867
1102.867	0.8999999999998636	trials	124	s124_J210702	grCe	1	315.0	2	1103.167	1103.467
1107.943	0.8999999999998636	trials	124	s124_J210702	grCe_grSu6Ne_PS	18	90.0	2	1108.243	1108.542
1108.5430000000001	0.8999999999998636	trials	124	s124_J210702	grCe_grSu6CiNe_PS	19	225.0	2	1108.843	1109.142
1115.1770000000001	0.8999999999998636	trials	124	s124_J210702	grCe_grSu1Ne	3	270.0	2	1115.477	1115.777
1121.344	0.8999999999998636	trials	124	s124_J210702	grCe	1	225.0	2	1121.644	1121.944
1121.945	0.8999999999998636	trials	124	s124_J210702	coCe	16	315.0	2	1122.245	1122.544
1122.545	0.8999999999998636	trials	124	s124_J210702	coCe	16	180.0	2	1122.845	1123.144
1131.012	0.8999999999998636	trials	124	s124_J210702	grCe_grSu3Ne	5	90.0	2	1131.312	1131.612
1131.621	0.8999999999998636	trials	124	s124_J210702	grCe_grSu18Fa	11	90.0	2	1131.921	1132.22
1132.221	0.8999999999998636	trials	124	s124_J210702	grCe	1	135.0	2	1132.521	1132.82
1138.4550000000002	0.8999999999998636	trials	124	s124_J210702	coCe_grSu6Ne	17	270.0	2	1138.755	1139.055
1143.539	0.8999999999998636	trials	124	s124_J210702	grSu6CiNe	14		2	1143.839	1144.139
1147.106	0.8999999999998636	trials	124	s124_J210702	grCe_grSu6CiNe	15	135.0	2	1147.406	1147.706
1150.815	0.8999999999998636	trials	124	s124_J210702	grCe_grSu18Fa	11	225.0	2	1151.115	1151.414
1154.257	0.8999999999998636	trials	124	s124_J210702	grCe_grSu1Ne	3	180.0	2	1154.557	1154.857
1154.857	0.8999999999998636	trials	124	s124_J210702	grCe_grSu6CiNe_PS	19	0.0	2	1155.157	1155.457
1158.316	0.8999999999998636	trials	124	s124_J210702	grCe_grSu3Ne	5	45.0	2	1158.616	1158.915
1158.924	0.8999999999998636	trials	124	s124_J210702	grCe_grSu12Mi	9	0.0	2	1159.224	1159.524
1159.608	0.8999999999998636	trials	124	s124_J210702	grCe_grSu6Ne	7	0.0	2	1159.908	1160.207
1164.425	0.8999999999998636	trials	124	s124_J210702	grCe	1	90.0	2	1164.725	1165.025
1165.0330000000001	0.8999999999998636	trials	124	s124_J210702	grSu18Fa	10		2	1165.333	1165.633
1165.634	0.8999999999998636	trials	124	s124_J210702	grCe_grSu12SmCiNe	13	180.0	2	1165.934	1166.233
1170.884	0.8999999999998636	trials	124	s124_J210702	coCe_grSu6Ne	17	0.0	2	1171.184	1171.484
1171.4840000000002	0.8999999999998636	trials	124	s124_J210702	grCe_grSu6CiNe	15	225.0	2	1171.784	1172.084
1172.093	0.8999999999998636	trials	124	s124_J210702	grCe_grSu12Mi	9	180.0	2	1172.393	1172.692
1177.035	0.8999999999998636	trials	124	s124_J210702	grCe	1	270.0	2	1177.335	1177.635
1177.635	0.8999999999998636	trials	124	s124_J210702	grCe_grSu12SmCiNe_PS	21	135.0	2	1177.935	1178.235
1181.211	0.8999999999998636	trials	124	s124_J210702	grCe_grSu12SmCiNe_PS	21	270.0	2	1181.511	1181.81
1181.8110000000001	0.8999999999998636	trials	124	s124_J210702	grCe_grSu1Ne	3	0.0	2	1182.111	1182.41
1182.411	0.8999999999998636	trials	124	s124_J210702	grSu1Ne	2		2	1182.711	1183.01
1187.395	0.8999999999998636	trials	124	s124_J210702	grCe_grSu3Ne	5	315.0	2	1187.695	1187.994
1188.595	0.8999999999998636	trials	124	s124_J210702	grCe_grSu12SmCiNe_PS	21	315.0	2	1188.895	1189.194
1193.52	0.8999999999998636	trials	124	s124_J210702	grCe_grSu6Ne_PS	18	315.0	2	1193.82	1194.12
1194.1290000000001	0.8999999999998636	trials	124	s124_J210702	grCe_grSu18Fa	11	0.0	2	1194.429	1194.728
1194.737	0.8999999999998636	trials	124	s124_J210702	grCe_grSu18Fa	11	315.0	2	1195.037	1195.337
1199.7630000000001	0.8999999999998636	trials	124	s124_J210702	grCe_grSu6Ne_PS	18	270.0	2	1200.063	1200.362
1200.363	0.8999999999998636	trials	124	s124_J210702	coCe_grSu6Ne	17	45.0	2	1200.663	1200.963
1200.963	0.8999999999998636	trials	124	s124_J210702	grSu6Ne	6		2	1201.263	1201.563
1206.055	0.8999999999998636	trials	124	s124_J210702	grCe_grSu12Mi	9	45.0	2	1206.355	1206.655
1206.689	0.8999999999998636	trials	124	s124_J210702	grCe_grSu1Ne	3	135.0	2	1206.989	1207.288
1207.297	0.8999999999998636	trials	124	s124_J210702	grCe_grSu18Fa	11	180.0	2	1207.597	1207.897
1212.29	0.8999999999998636	trials	124	s124_J210702	grCe_grSu12Mi	9	270.0	2	1212.59	1212.889
1212.89	0.8999999999998636	trials	124	s124_J210702	coCe	16	45.0	2	1213.19	1213.489
1213.498	0.8999999999998636	trials	124	s124_J210702	grCe_grSu6Ne	7	270.0	2	1213.798	1214.098
1218.482	0.8999999999998636	trials	124	s124_J210702	grCe_grSu6CiNe	15	270.0	2	1218.782	1219.082
1219.0900000000001	0.8999999999998636	trials	124	s124_J210702	grCe_grSu3Ne	5	270.0	2	1219.39	1219.69
1219.691	0.8999999999998636	trials	124	s124_J210702	grCe_grSu6CiNe	15	0.0	2	1219.991	1220.29
1224.516	0.8999999999998636	trials	124	s124_J210702	coCe_grSu6Ne	17	135.0	2	1224.816	1225.116
1225.116	0.8999999999998636	trials	124	s124_J210702	coCe_grSu6Ne	17	180.0	3	1225.416	1225.716
1225.7250000000001	0.8999999999998636	trials	124	s124_J210702	grCe_grSu18Fa	11	225.0	3	1226.025	1226.324
1234.642	0.8999999999998636	trials	124	s124_J210702	grCe_grSu3Ne	5	45.0	3	1234.942	1235.242
1235.243	0.8999999999998636	trials	124	s124_J210702	grCe	1	225.0	3	1235.543	1235.842
1235.843	0.8999999999998636	trials	124	s124_J210702	grCe_grSu1Ne	3	225.0	3	1236.143	1236.442
1243.894	0.8999999999998636	trials	124	s124_J210702	grCe_grSu1Ne	3	270.0	3	1244.194	1244.493
1245.094	0.8999999999998636	trials	124	s124_J210702	grCe_grSu12SmCiNe_PS	21	270.0	3	1245.394	1245.693
1250.136	0.8999999999998636	trials	124	s124_J210702	grCe_grSu6CiNe	15	135.0	3	1250.436	1250.736
1250.7450000000001	0.8999999999998636	trials	124	s124_J210702	grCe_grSu18Fa	11	45.0	3	1251.045	1251.344
1251.345	0.8999999999998636	trials	124	s124_J210702	grCe	1	0.0	3	1251.645	1251.944
1256.279	0.8999999999998636	trials	124	s124_J210702	grCe_grSu18Fa	11	0.0	3	1256.579	1256.878
1257.537	0.8999999999998636	trials	124	s124_J210702	grCe_grSu12Mi	9	225.0	3	1257.837	1258.137
1262.546	0.8999999999998636	trials	124	s124_J210702	grCe_grSu12Mi	9	0.0	3	1262.846	1263.146
1263.146	0.8999999999998636	trials	124	s124_J210702	coCe	16	135.0	3	1263.446	1263.746
1263.746	0.8999999999998636	trials	124	s124_J210702	NoStim	0		3	1264.046	1264.346
1272.339	0.8999999999998636	trials	124	s124_J210702	coCe_grSu6Ne	17	270.0	3	1272.639	1272.939
1276.4650000000001	0.8999999999998636	trials	124	s124_J210702	grCe_grSu6CiNe	15	45.0	3	1276.765	1277.064
1277.065	0.8999999999998636	trials	124	s124_J210702	grCe_grSu3Ne	5	225.0	3	1277.365	1277.664
1277.665	0.8999999999998636	trials	124	s124_J210702	grCe_grSu3Ne	5	315.0	3	1277.965	1278.264
1282.957	0.8999999999998636	trials	124	s124_J210702	coCe	16	90.0	3	1283.257	1283.557
1283.599	0.8999999999998636	trials	124	s124_J210702	grCe_grSu3Ne	5	0.0	3	1283.899	1284.198
1284.199	0.8999999999998636	trials	124	s124_J210702	grCe_grSu12SmCiNe_PS	21	180.0	3	1284.499	1284.798
1289.141	0.8999999999998636	trials	124	s124_J210702	grCe_grSu6Ne_PS	18	180.0	3	1289.441	1289.741
1289.741	0.8999999999998636	trials	124	s124_J210702	grCe_grSu12SmCiNe_PS	21	0.0	3	1290.041	1290.341
1295.742	0.8999999999998636	trials	124	s124_J210702	coCe_grSu6Ne	17	225.0	3	1296.042	1296.342
1296.942	0.8999999999998636	trials	124	s124_J210702	grCe_grSu3Ne	5	90.0	3	1297.242	1297.542
1302.243	0.8999999999998636	trials	124	s124_J210702	grCe_grSu12Mi	9	270.0	3	1302.543	1302.842
1302.843	0.8999999999998636	trials	124	s124_J210702	grCe_grSu1Ne	3	315.0	3	1303.143	1303.443
1303.443	0.8999999999998636	trials	124	s124_J210702	grSu1Ne	2		3	1303.743	1304.043
1308.6770000000001	0.8999999999998636	trials	124	s124_J210702	grCe_grSu6CiNe_PS	19	90.0	3	1308.977	1309.277
1309.277	0.8999999999998636	trials	124	s124_J210702	grCe_grSu1Ne	3	45.0	3	1309.577	1309.877
1309.877	0.8999999999998636	trials	124	s124_J210702	grCe_grSu3Ne	5	135.0	3	1310.177	1310.477
1321.9370000000001	0.8999999999998636	trials	124	s124_J210702	grSu12Mi	8		3	1322.237	1322.537
1322.537	0.8999999999998636	trials	124	s124_J210702	grCe_grSu6CiNe	15	0.0	3	1322.837	1323.137
1323.146	0.8999999999998636	trials	124	s124_J210702	grCe_grSu18Fa	11	315.0	3	1323.446	1323.745
1328.28	0.8999999999998636	trials	124	s124_J210702	grCe_grSu12SmCiNe	13	0.0	3	1328.58	1328.879
1331.847	0.8999999999998636	trials	124	s124_J210702	grCe_grSu12SmCiNe_PS	21	90.0	3	1332.147	1332.446
1332.4470000000001	0.8999999999998636	trials	124	s124_J210702	grCe_grSu6Ne_PS	18	45.0	3	1332.747	1333.046
1338.073	0.8999999999998636	trials	124	s124_J210702	grCe_grSu6CiNe	15	90.0	3	1338.373	1338.672
1338.673	0.8999999999998636	trials	124	s124_J210702	grCe_grSu6CiNe_PS	19	135.0	3	1338.973	1339.272
1339.2730000000001	0.8999999999998636	trials	124	s124_J210702	grCe_grSu12SmCiNe	13	270.0	3	1339.573	1339.872
1344.332	0.8999999999998636	trials	124	s124_J210702	grCe	1	90.0	3	1344.632	1344.931
1344.932	0.8999999999998636	trials	124	s124_J210702	grCe	1	315.0	3	1345.232	1345.531
1345.5320000000002	0.8999999999998636	trials	124	s124_J210702	coCe_grSu6Ne	17	45.0	3	1345.832	1346.131
1350.5240000000001	0.8999999999998636	trials	124	s124_J210702	grSu6Ne	6		3	1350.824	1351.124
1351.133	0.8999999999998636	trials	124	s124_J210702	grSu18Fa	10		3	1351.433	1351.732
1351.733	0.8999999999998636	trials	124	s124_J210702	coCe	16	315.0	3	1352.033	1352.332
1356.767	0.8999999999998636	trials	124	s124_J210702	coCe	16	0.0	3	1357.067	1357.366
1360.2340000000002	0.8999999999998636	trials	124	s124_J210702	grCe_grSu12Mi	9	315.0	3	1360.534	1360.833
1360.834	0.8999999999998636	trials	124	s124_J210702	coCe	16	45.0	3	1361.134	1361.433
1361.434	0.8999999999998636	trials	124	s124_J210702	grCe_grSu6Ne	7	45.0	3	1361.734	1362.033
1370.4850000000001	0.8999999999998636	trials	124	s124_J210702	grCe_grSu6Ne	7	270.0	3	1370.785	1371.085
1371.094	0.8999999999998636	trials	124	s124_J210702	coCe_grSu6Ne	17	135.0	3	1371.394	1371.693
1376.594	0.8999999999998636	trials	124	s124_J210702	grCe_grSu1Ne	3	135.0	3	1376.894	1377.194
1377.794	0.8999999999998636	trials	124	s124_J210702	grCe	1	135.0	3	1378.094	1378.394
1383.3780000000002	0.8999999999998636	trials	124	s124_J210702	coCe	16	225.0	3	1383.678	1383.978
1389.521	0.8999999999998636	trials	124	s124_J210702	grCe_grSu6Ne_PS	18	270.0	3	1389.821	1390.12
1390.1290000000001	0.8999999999998636	trials	124	s124_J210702	grCe_grSu12SmCiNe	13	225.0	3	1390.429	1390.729
1395.5720000000001	0.8999999999998636	trials	124	s124_J210702	grCe_grSu6CiNe	15	225.0	3	1395.872	1396.171
1401.097	0.8999999999998636	trials	124	s124_J210702	grCe_grSu12SmCiNe	13	180.0	3	1401.397	1401.697
1401.6970000000001	0.8999999999998636	trials	124	s124_J210702	grCe_grSu6Ne	7	315.0	3	1401.997	1402.297
1405.1480000000001	0.8999999999998636	trials	124	s124_J210702	grCe_grSu3Ne	5	180.0	3	1405.448	1405.747
1405.748	0.8999999999998636	trials	124	s124_J210702	grCe_grSu6CiNe_PS	19	315.0	3	1406.048	1406.348
1406.356	0.8999999999998636	trials	124	s124_J210702	grCe_grSu12Mi	9	135.0	3	1406.656	1406.956
1411.415	0.8999999999998636	trials	124	s124_J210702	grCe_grSu6Ne_PS	18	135.0	3	1411.715	1412.015
1412.015	0.8999999999998636	trials	124	s124_J210702	grCe_grSu6CiNe_PS	19	45.0	3	1412.315	1412.615
1412.616	0.8999999999998636	trials	124	s124_J210702	grCe_grSu6Ne	7	90.0	3	1412.916	1413.215
1421.2	0.8999999999998636	trials	124	s124_J210702	coCe_grSu6Ne	17	315.0	3	1421.5	1421.8
1421.8	0.8999999999998636	trials	124	s124_J210702	grCe_grSu6CiNe	15	270.0	3	1422.1	1422.4
1426.992	0.8999999999998636	trials	124	s124_J210702	coCe_grSu6Ne	17	0.0	3	1427.292	1427.592
1430.518	0.8999999999998636	trials	124	s124_J210702	grCe_grSu3Ne	5	270.0	3	1430.818	1431.117
1431.818	0.8999999999998636	trials	124	s124_J210702	grCe_grSu18Fa	11	90.0	3	1432.118	1432.418
1440.478	0.8999999999998636	trials	124	s124_J210702	grCe_grSu6CiNe_PS	19	270.0	3	1440.778	1441.077
1441.111	0.8999999999998636	trials	124	s124_J210702	grCe_grSu6Ne	7	225.0	3	1441.411	1441.71
1441.711	0.8999999999998636	trials	124	s124_J210702	grCe_grSu12SmCiNe	13	135.0	3	1442.011	1442.311
1450.07	0.8999999999998636	trials	124	s124_J210702	grCe_grSu6Ne_PS	18	315.0	3	1450.37	1450.67
1454.188	0.8999999999998636	trials	124	s124_J210702	grCe_grSu12SmCiNe_PS	21	135.0	3	1454.488	1454.787
1454.788	0.8999999999998636	trials	124	s124_J210702	grCe_grSu6Ne_PS	18	90.0	3	1455.088	1455.387
1460.563	0.8999999999998636	trials	124	s124_J210702	grCe_grSu12SmCiNe	13	90.0	3	1460.863	1461.163
1461.164	0.8999999999998636	trials	124	s124_J210702	grCe_grSu12SmCiNe_PS	21	315.0	3	1461.464	1461.763
1466.864	0.8999999999998636	trials	124	s124_J210702	grCe	1	270.0	3	1467.164	1467.464
1467.464	0.8999999999998636	trials	124	s124_J210702	grCe_grSu12SmCiNe	13	45.0	3	1467.764	1468.064
1468.106	0.8999999999998636	trials	124	s124_J210702	grSu6CiNe	14		3	1468.406	1468.706
1473.04	0.8999999999998636	trials	124	s124_J210702	grSu3Ne	4		3	1473.34	1473.64
1473.64	0.8999999999998636	trials	124	s124_J210702	grCe_grSu1Ne	3	180.0	3	1473.94	1474.24
1474.249	0.8999999999998636	trials	124	s124_J210702	grCe_grSu12Mi	9	45.0	3	1474.549	1474.848
1482.833	0.8999999999998636	trials	124	s124_J210702	grCe_grSu6Ne	7	180.0	3	1483.133	1483.433
1487.1670000000001	0.8999999999998636	trials	124	s124_J210702	grCe_grSu12SmCiNe_PS	21	225.0	3	1487.467	1487.766
1487.775	0.8999999999998636	trials	124	s124_J210702	grCe_grSu18Fa	11	135.0	3	1488.075	1488.375
1496.226	0.8999999999998636	trials	124	s124_J210702	grCe_grSu6CiNe_PS	19	0.0	3	1496.526	1496.826
1496.826	0.8999999999998636	trials	124	s124_J210702	grCe_grSu6Ne_PS	18	225.0	3	1497.126	1497.426
1510.728	0.8999999999998636	trials	124	s124_J210702	coSu6Ne	20		3	1511.028	1511.328
1511.97	0.8999999999998636	trials	124	s124_J210702	grCe_grSu6CiNe	15	315.0	3	1512.27	1512.57
1517.1870000000001	0.8999999999998636	trials	124	s124_J210702	grCe_grSu18Fa	11	180.0	3	1517.487	1517.787
1517.788	0.8999999999998636	trials	124	s124_J210702	grCe_grSu1Ne	3	90.0	3	1518.088	1518.387
1518.3880000000001	0.8999999999998636	trials	124	s124_J210702	grCe	1	45.0	3	1518.688	1518.987
1523.48	0.8999999999998636	trials	124	s124_J210702	grCe_grSu12SmCiNe_PS	21	45.0	3	1523.78	1524.079
1524.0800000000002	0.8999999999998636	trials	124	s124_J210702	grCe_grSu12SmCiNe	13	315.0	3	1524.38	1524.68
1546.083	0.8999999999998636	trials	124	s124_J210702	grCe_grSu12Mi	9	90.0	3	1546.383	1546.682
1546.683	0.8999999999998636	trials	124	s124_J210702	grCe_grSu6Ne	7	135.0	3	1546.983	1547.282
1547.2830000000001	0.8999999999998636	trials	124	s124_J210702	grCe_grSu6CiNe_PS	19	225.0	3	1547.583	1547.883
1555.834	0.8999999999998636	trials	124	s124_J210702	grCe_grSu12Mi	9	180.0	3	1556.134	1556.434
1556.434	0.8999999999998636	trials	124	s124_J210702	coCe_grSu6Ne	17	90.0	3	1556.734	1557.034
1562.01	0.8999999999998636	trials	124	s124_J210702	grCe_grSu6CiNe	15	180.0	3	1562.31	1562.609
1562.6100000000001	0.8999999999998636	trials	124	s124_J210702	coCe	16	180.0	3	1562.91	1563.21
1563.21	0.8999999999998636	trials	124	s124_J210702	grCe_grSu6CiNe_PS	19	180.0	3	1563.51	1563.81
1568.4360000000001	0.8999999999998636	trials	124	s124_J210702	grSu12SmCiNe	12		3	1568.736	1569.035
1569.036	0.8999999999998636	trials	124	s124_J210702	coCe	16	270.0	3	1569.336	1569.635
1572.903	0.8999999999998636	trials	124	s124_J210702	grCe_grSu1Ne	3	0.0	3	1573.203	1573.503
1574.1280000000002	0.8999999999998636	trials	124	s124_J210702	grCe_grSu18Fa	11	270.0	3	1574.428	1574.728
1579.246	0.8999999999998636	trials	124	s124_J210702	grCe	1	180.0	3	1579.546	1579.845
1579.854	0.8999999999998636	trials	124	s124_J210702	grCe_grSu6Ne_PS	18	0.0	3	1580.154	1580.453
1583.5130000000001	0.8999999999998636	trials	124	s124_J210702	grCe_grSu6Ne	7	0.0	3	1583.813	1584.112
1584.113	0.8999999999998636	trials	124	s124_J210702	grSu6CiNe	14		8	1584.413	1584.712
1584.713	0.8999999999998636	trials	124	s124_J210702	grCe_grSu6Ne	7	225.0	8	1585.013	1585.312
1590.73	0.8999999999998636	trials	124	s124_J210702	grCe_grSu12SmCiNe_PS	21	225.0	8	1591.03	1591.33
1591.3300000000002	0.8999999999998636	trials	124	s124_J210702	grCe	1	45.0	8	1591.63	1591.93
1600.998	0.8999999999998636	trials	124	s124_J210702	coCe	16	135.0	8	1601.298	1601.598
1601.598	0.8999999999998636	trials	124	s124_J210702	coCe_grSu6Ne	17	270.0	8	1601.898	1602.198
1602.198	0.8999999999998636	trials	124	s124_J210702	coCe	16	45.0	8	1602.498	1602.798
1607.5330000000001	0.8999999999998636	trials	124	s124_J210702	grCe_grSu6Ne	7	135.0	8	1607.833	1608.132
1608.133	0.8999999999998636	trials	124	s124_J210702	grCe_grSu6Ne	7	270.0	8	1608.433	1608.732
1608.741	0.8999999999998636	trials	124	s124_J210702	grCe_grSu6CiNe	15	0.0	8	1609.041	1609.341
1614.075	0.8999999999998636	trials	124	s124_J210702	grCe_grSu3Ne	5	180.0	8	1614.375	1614.675
1620.7340000000002	0.8999999999998636	trials	124	s124_J210702	grCe_grSu6Ne_PS	18	270.0	8	1621.034	1621.334
1621.934	0.8999999999998636	trials	124	s124_J210702	grCe_grSu12SmCiNe_PS	21	315.0	8	1622.234	1622.534
1635.886	0.8999999999998636	trials	124	s124_J210702	coCe	16	315.0	8	1636.186	1636.486
1646.804	0.8999999999998636	trials	124	s124_J210702	grCe_grSu6CiNe_PS	19	180.0	8	1647.104	1647.404
1647.404	0.8999999999998636	trials	124	s124_J210702	grCe_grSu6CiNe	15	45.0	8	1647.704	1648.004
1653.188	0.8999999999998636	trials	124	s124_J210702	grCe_grSu6CiNe_PS	19	315.0	8	1653.488	1653.788
1653.789	0.8999999999998636	trials	124	s124_J210702	grCe_grSu6CiNe_PS	19	225.0	8	1654.089	1654.388
1654.397	0.8999999999998636	trials	124	s124_J210702	grCe_grSu18Fa	11	0.0	8	1654.697	1654.996
1672.3410000000001	0.8999999999998636	trials	124	s124_J210702	grCe_grSu12SmCiNe	13	45.0	8	1672.641	1672.94
1676.45	0.8999999999998636	trials	124	s124_J210702	grCe_grSu3Ne	5	270.0	8	1676.75	1677.049
1682.376	0.8999999999998636	trials	124	s124_J210702	grCe_grSu12SmCiNe_PS	21	270.0	8	1682.676	1682.975
1688.751	0.8999999999998636	trials	124	s124_J210702	grCe	1	135.0	8	1689.051	1689.351
1689.3600000000001	0.8999999999998636	trials	124	s124_J210702	grSu18Fa	10		8	1689.66	1689.959
1689.968	0.8999999999998636	trials	124	s124_J210702	grCe_grSu12SmCiNe	13	180.0	8	1690.268	1690.568
1695.252	0.8999999999998636	trials	124	s124_J210702	grCe_grSu6Ne_PS	18	315.0	8	1695.552	1695.852
1695.852	0.8999999999998636	trials	124	s124_J210702	grCe_grSu6CiNe	15	135.0	8	1696.152	1696.452
1696.452	0.8999999999998636	trials	124	s124_J210702	grCe_grSu6Ne	7	180.0	8	1696.752	1697.052
1712.813	0.8999999999998636	trials	124	s124_J210702	grCe_grSu12Mi	9	90.0	8	1713.113	1713.412
1716.797	0.8999999999998636	trials	124	s124_J210702	grCe_grSu1Ne	3	90.0	8	1717.097	1717.396
1717.397	0.8999999999998636	trials	124	s124_J210702	grCe_grSu6Ne	7	45.0	8	1717.697	1717.996
1717.997	0.8999999999998636	trials	124	s124_J210702	grCe_grSu1Ne	3	0.0	8	1718.297	1718.596
1722.981	0.8999999999998636	trials	124	s124_J210702	grCe_grSu3Ne	5	45.0	8	1723.281	1723.58
1723.5810000000001	0.8999999999998636	trials	124	s124_J210702	grCe_grSu6CiNe	15	270.0	8	1723.881	1724.18
1724.181	0.8999999999998636	trials	124	s124_J210702	grCe_grSu6CiNe_PS	19	90.0	8	1724.481	1724.78
1729.932	0.8999999999998636	trials	124	s124_J210702	grCe_grSu6CiNe_PS	19	135.0	8	1730.232	1730.531
1730.5320000000002	0.8999999999998636	trials	124	s124_J210702	coCe_grSu6Ne	17	180.0	8	1730.832	1731.131
1735.516	0.8999999999998636	trials	124	s124_J210702	grCe_grSu3Ne	5	90.0	8	1735.816	1736.115
1736.7160000000001	0.8999999999998636	trials	124	s124_J210702	grCe	1	180.0	8	1737.016	1737.315
1745.25	0.8999999999998636	trials	124	s124_J210702	grCe_grSu12Mi	9	315.0	8	1745.55	1745.85
1745.8500000000001	0.8999999999998636	trials	124	s124_J210702	coCe_grSu6Ne	17	225.0	8	1746.15	1746.45
1746.451	0.8999999999998636	trials	124	s124_J210702	grCe_grSu6Ne	7	90.0	8	1746.751	1747.05
1751.435	0.8999999999998636	trials	124	s124_J210702	coCe	16	0.0	8	1751.735	1752.034
1755.618	0.8999999999998636	trials	124	s124_J210702	grCe_grSu12SmCiNe	13	135.0	8	1755.918	1756.218
1756.819	0.8999999999998636	trials	124	s124_J210702	grCe_grSu6Ne_PS	18	90.0	8	1757.119	1757.418
1762.403	0.8999999999998636	trials	124	s124_J210702	grCe	1	225.0	8	1762.703	1763.002
1763.011	0.8999999999998636	trials	124	s124_J210702	grCe_grSu12Mi	9	270.0	8	1763.311	1763.611
1768.0620000000001	0.8999999999998636	trials	124	s124_J210702	grCe_grSu12Mi	9	180.0	8	1768.362	1768.661
1771.695	0.8999999999998636	trials	124	s124_J210702	grCe_grSu6CiNe	15	315.0	8	1771.995	1772.295
1772.296	0.8999999999998636	trials	124	s124_J210702	grCe	1	90.0	8	1772.596	1772.895
1772.896	0.8999999999998636	trials	124	s124_J210702	grCe_grSu3Ne	5	225.0	8	1773.196	1773.495
1777.813	0.8999999999998636	trials	124	s124_J210702	grCe_grSu6Ne_PS	18	0.0	8	1778.113	1778.412
1778.413	0.8999999999998636	trials	124	s124_J210702	grCe_grSu12SmCiNe_PS	21	90.0	8	1778.713	1779.013
1779.0130000000001	0.8999999999998636	trials	124	s124_J210702	coCe_grSu6Ne	17	0.0	8	1779.313	1779.613
1784.464	0.8999999999998636	trials	124	s124_J210702	coCe_grSu6Ne	17	45.0	8	1784.764	1785.063
1785.114	0.8999999999998636	trials	124	s124_J210702	grCe_grSu18Fa	11	180.0	8	1785.414	1785.713
1788.981	0.8999999999998636	trials	124	s124_J210702	coSu6Ne	20		8	1789.281	1789.581
1789.5810000000001	0.8999999999998636	trials	124	s124_J210702	grCe	1	0.0	8	1789.881	1790.181
1795.265	0.8999999999998636	trials	124	s124_J210702	grCe_grSu18Fa	11	315.0	8	1795.565	1795.865
1795.865	0.8999999999998636	trials	124	s124_J210702	grCe_grSu12SmCiNe_PS	21	135.0	8	1796.165	1796.465
1796.474	0.8999999999998636	trials	124	s124_J210702	grCe_grSu18Fa	11	45.0	8	1796.774	1797.073
1801.674	0.8999999999998636	trials	124	s124_J210702	grCe_grSu3Ne	5	315.0	8	1801.974	1802.274
1802.2740000000001	0.8999999999998636	trials	124	s124_J210702	grCe_grSu12SmCiNe_PS	21	180.0	8	1802.574	1802.874
1802.883	0.8999999999998636	trials	124	s124_J210702	grCe_grSu18Fa	11	225.0	8	1803.183	1803.482
1808.117	0.8999999999998636	trials	124	s124_J210702	grCe_grSu12Mi	9	135.0	8	1808.417	1808.716
1815.818	0.8999999999998636	trials	124	s124_J210702	grCe_grSu6CiNe	15	225.0	8	1816.118	1816.417
1816.4260000000002	0.8999999999998636	trials	124	s124_J210702	grCe_grSu18Fa	11	270.0	8	1816.726	1817.026
1817.035	0.8999999999998636	trials	124	s124_J210702	grCe_grSu18Fa	11	135.0	8	1817.335	1817.634
1824.911	0.8999999999998636	trials	124	s124_J210702	grCe_grSu12SmCiNe	13	90.0	8	1825.211	1825.51
1825.511	0.8999999999998636	trials	124	s124_J210702	coCe	16	90.0	8	1825.811	1826.11
1826.111	0.8999999999998636	trials	124	s124_J210702	grCe_grSu6Ne	7	0.0	8	1826.411	1826.71
1842.713	0.8999999999998636	trials	124	s124_J210702	grCe_grSu12Mi	9	0.0	8	1843.013	1843.313
1843.313	0.8999999999998636	trials	124	s124_J210702	coCe_grSu6Ne	17	315.0	8	1843.613	1843.913
1843.913	0.8999999999998636	trials	124	s124_J210702	grCe_grSu6CiNe_PS	19	270.0	8	1844.213	1844.513
1848.905	0.8999999999998636	trials	124	s124_J210702	grCe	1	315.0	8	1849.205	1849.505
1849.5140000000001	0.8999999999998636	trials	124	s124_J210702	grCe_grSu1Ne	3	45.0	8	1849.814	1850.113
1850.122	0.8999999999998636	trials	124	s124_J210702	grCe_grSu12Mi	9	225.0	8	1850.422	1850.722
1855.04	0.8999999999998636	trials	124	s124_J210702	coCe_grSu6Ne	17	135.0	8	1855.34	1855.639
1855.64	0.8999999999998636	trials	124	s124_J210702	grCe_grSu1Ne	3	270.0	8	1855.94	1856.239
1864.307	0.8999999999998636	trials	124	s124_J210702	grCe_grSu3Ne	5	135.0	8	1864.607	1864.907
1864.9080000000001	0.8999999999998636	trials	124	s124_J210702	grSu1Ne	2		8	1865.208	1865.507
1871.083	0.8999999999998636	trials	124	s124_J210702	grCe_grSu1Ne	3	180.0	8	1871.383	1871.683
1871.683	0.8999999999998636	trials	124	s124_J210702	grCe_grSu6CiNe	15	180.0	8	1871.983	1872.283
1880.185	0.8999999999998636	trials	124	s124_J210702	coCe_grSu6Ne	17	90.0	8	1880.485	1880.784
1881.385	0.8999999999998636	trials	124	s124_J210702	grCe	1	270.0	8	1881.685	1881.984
1886.344	0.8999999999998636	trials	124	s124_J210702	grCe_grSu6Ne	7	315.0	8	1886.644	1886.943
1886.952	0.8999999999998636	trials	124	s124_J210702	grCe_grSu12SmCiNe	13	315.0	8	1887.252	1887.552
1887.5520000000001	0.8999999999998636	trials	124	s124_J210702	grCe_grSu6Ne_PS	18	180.0	8	1887.852	1888.152
1892.694	0.8999999999998636	trials	124	s124_J210702	grCe_grSu12Mi	9	45.0	8	1892.994	1893.294
1893.295	0.8999999999998636	trials	124	s124_J210702	grCe_grSu12SmCiNe	13	225.0	8	1893.595	1893.894
1902.487	0.8999999999998636	trials	124	s124_J210702	grCe_grSu6CiNe_PS	19	45.0	8	1902.787	1903.087
1903.087	0.8999999999998636	trials	124	s124_J210702	NoStim	0		8	1903.387	1903.687
1903.688	0.8999999999998636	trials	124	s124_J210702	grSu6Ne	6		8	1903.988	1904.287
1908.855	0.8999999999998636	trials	124	s124_J210702	grCe_grSu12SmCiNe	13	0.0	8	1909.155	1909.454
1909.4550000000002	0.8999999999998636	trials	124	s124_J210702	coCe	16	270.0	8	1909.755	1910.055
1910.0720000000001	0.8999999999998636	trials	124	s124_J210702	grCe_grSu6CiNe_PS	19	0.0	8	1910.372	1910.671
1921.982	0.8999999999998636	trials	124	s124_J210702	coCe	16	180.0	8	1922.282	1922.581
1922.757	0.8999999999998636	trials	124	s124_J210702	grCe_grSu6Ne_PS	18	45.0	8	1923.057	1923.356
1923.382	0.8999999999998636	trials	124	s124_J210702	grCe_grSu1Ne	3	135.0	8	1923.682	1923.981
1929.008	0.8999999999998636	trials	124	s124_J210702	grCe_grSu12SmCiNe_PS	21	45.0	8	1929.308	1929.607
1929.608	0.8999999999998636	trials	124	s124_J210702	grCe_grSu12SmCiNe	13	270.0	8	1929.908	1930.207
1934.583	0.8999999999998636	trials	124	s124_J210702	grSu3Ne	4		8	1934.883	1935.183
1935.192	0.8999999999998636	trials	124	s124_J210702	grCe_grSu6CiNe	15	90.0	8	1935.492	1935.791
1935.8	0.8999999999998636	trials	124	s124_J210702	grSu12Mi	8		8	1936.1	1936.4
1940.7340000000002	0.8999999999998636	trials	124	s124_J210702	grCe_grSu6Ne_PS	18	225.0	8	1941.034	1941.334
1944.7350000000001	0.8999999999998636	trials	124	s124_J210702	grCe_grSu6Ne_PS	18	135.0	8	1945.035	1945.334
1945.335	0.8999999999998636	trials	124	s124_J210702	grSu12SmCiNe	12		8	1945.635	1945.934
1945.976	0.8999999999998636	trials	124	s124_J210702	grCe_grSu12SmCiNe_PS	21	0.0	8	1946.276	1946.576
1950.96	0.8999999999998636	trials	124	s124_J210702	grCe_grSu18Fa	11	90.0	8	1951.26	1951.56
1951.56	0.8999999999998636	trials	124	s124_J210702	grCe_grSu3Ne	5	0.0	8	1951.86	1952.16
1952.161	0.8999999999998636	trials	124	s124_J210702	coCe	16	225.0	8	1952.461	1952.76
1957.1280000000002	0.8999999999998636	trials	124	s124_J210702	grCe_grSu1Ne	3	225.0	8	1957.428	1957.727
1957.728	0.8999999999998636	trials	124	s124_J210702	grCe_grSu1Ne	3	315.0	8	1958.028	1958.327
1963.2450000000001	0.8999999999998636	trials	124	s124_J210702	grCe_grSu12SmCiNe_PS	21	315.0	4	1963.545	1963.845
1963.845	0.8999999999998636	trials	124	s124_J210702	grCe_grSu6Ne_PS	18	90.0	4	1964.145	1964.445
1964.445	0.8999999999998636	trials	124	s124_J210702	grCe	1	90.0	4	1964.745	1965.045
1969.646	0.8999999999998636	trials	124	s124_J210702	grSu18Fa	10		4	1969.946	1970.246
1970.246	0.8999999999998636	trials	124	s124_J210702	grCe_grSu1Ne	3	90.0	4	1970.546	1970.846
1970.855	0.8999999999998636	trials	124	s124_J210702	grCe_grSu12Mi	9	225.0	4	1971.155	1971.454
1979.189	0.8999999999998636	trials	124	s124_J210702	coCe_grSu6Ne	17	0.0	4	1979.489	1979.789
1979.789	0.8999999999998636	trials	124	s124_J210702	grCe_grSu12SmCiNe	13	90.0	4	1980.089	1980.389
1980.3980000000001	0.8999999999998636	trials	124	s124_J210702	grCe_grSu18Fa	11	180.0	4	1980.698	1980.997
1985.423	0.8999999999998636	trials	124	s124_J210702	grCe_grSu1Ne	3	45.0	4	1985.723	1986.023
1986.0320000000002	0.8999999999998636	trials	124	s124_J210702	grCe_grSu12Mi	9	0.0	4	1986.332	1986.631
1986.665	0.8999999999998636	trials	124	s124_J210702	coCe	16	315.0	4	1986.965	1987.265
1991.599	0.8999999999998636	trials	124	s124_J210702	grCe	1	0.0	4	1991.899	1992.198
1992.199	0.8999999999998636	trials	124	s124_J210702	grCe_grSu3Ne	5	270.0	4	1992.499	1992.799
1995.916	0.8999999999998636	trials	124	s124_J210702	grCe_grSu12SmCiNe_PS	21	90.0	4	1996.216	1996.516
2003.259	0.8999999999998636	trials	124	s124_J210702	grCe_grSu6CiNe	15	225.0	4	2003.559	2003.858
2003.8590000000002	0.8999999999998636	trials	124	s124_J210702	grCe_grSu1Ne	3	0.0	4	2004.159	2004.458
2004.459	0.8999999999998636	trials	124	s124_J210702	grCe_grSu6Ne	7	0.0	4	2004.759	2005.058
2009.46	0.8999999999998636	trials	124	s124_J210702	grCe_grSu6CiNe_PS	19	225.0	4	2009.76	2010.059
2010.06	0.8999999999998636	trials	124	s124_J210702	grCe_grSu6CiNe	15	90.0	4	2010.36	2010.659
2014.519	0.8999999999998636	trials	124	s124_J210702	grCe_grSu12SmCiNe	13	225.0	4	2014.819	2015.118
2015.1190000000001	0.8999999999998636	trials	124	s124_J210702	grCe_grSu6CiNe	15	0.0	4	2015.419	2015.718
2020.053	0.8999999999998636	trials	124	s124_J210702	grCe_grSu1Ne	3	270.0	4	2020.353	2020.652
2026.303	0.8999999999998636	trials	124	s124_J210702	grCe_grSu12SmCiNe_PS	21	270.0	4	2026.603	2026.903
2026.945	0.8999999999998636	trials	124	s124_J210702	grCe_grSu3Ne	5	180.0	4	2027.245	2027.545
2035.38	0.8999999999998636	trials	124	s124_J210702	coCe	16	270.0	4	2035.68	2035.979
2036.5800000000002	0.8999999999998636	trials	124	s124_J210702	grCe_grSu12SmCiNe	13	315.0	4	2036.88	2037.179
2041.622	0.8999999999998636	trials	124	s124_J210702	grCe_grSu12SmCiNe	13	0.0	4	2041.922	2042.222
2042.231	0.8999999999998636	trials	124	s124_J210702	grCe_grSu18Fa	11	45.0	4	2042.531	2042.83
2042.847	0.8999999999998636	trials	124	s124_J210702	grCe_grSu3Ne	5	225.0	4	2043.147	2043.447
2047.831	0.8999999999998636	trials	124	s124_J210702	grCe_grSu12Mi	9	270.0	4	2048.131	2048.431
2048.4559999999997	0.900000000000091	trials	124	s124_J210702	grCe_grSu12SmCiNe	13	270.0	4	2048.756	2049.056
2054.0649999999996	0.900000000000091	trials	124	s124_J210702	grCe_grSu6CiNe_PS	19	135.0	4	2054.365	2054.665
2054.665	0.900000000000091	trials	124	s124_J210702	grCe_grSu12SmCiNe_PS	21	0.0	4	2054.965	2055.265
2055.2659999999996	0.900000000000091	trials	124	s124_J210702	coCe	16	45.0	4	2055.566	2055.865
2060.3329999999996	0.900000000000091	trials	124	s124_J210702	grCe_grSu6CiNe_PS	19	90.0	4	2060.633	2060.932
2064.3579999999997	0.900000000000091	trials	124	s124_J210702	grCe_grSu6Ne_PS	18	270.0	4	2064.658	2064.958
2064.9579999999996	0.900000000000091	trials	124	s124_J210702	grCe	1	315.0	4	2065.258	2065.558
2069.926	0.900000000000091	trials	124	s124_J210702	grCe	1	135.0	4	2070.226	2070.525
2070.526	0.900000000000091	trials	124	s124_J210702	grCe_grSu6Ne_PS	18	225.0	4	2070.826	2071.125
2071.1259999999997	0.900000000000091	trials	124	s124_J210702	grCe_grSu6CiNe	15	180.0	4	2071.426	2071.725
2076.843	0.900000000000091	trials	124	s124_J210702	coCe_grSu6Ne	17	90.0	4	2077.143	2077.443
2077.4429999999998	0.900000000000091	trials	124	s124_J210702	grCe_grSu6Ne	7	225.0	4	2077.743	2078.043
2082.761	0.900000000000091	trials	124	s124_J210702	grCe_grSu1Ne	3	225.0	4	2083.061	2083.36
2083.961	0.900000000000091	trials	124	s124_J210702	grCe_grSu3Ne	5	135.0	4	2084.261	2084.56
2089.8199999999997	0.900000000000091	trials	124	s124_J210702	coCe_grSu6Ne	17	135.0	4	2090.12	2090.42
2093.721	0.900000000000091	trials	124	s124_J210702	NoStim	0		4	2094.021	2094.32
2094.321	0.900000000000091	trials	124	s124_J210702	grCe_grSu6Ne	7	90.0	4	2094.621	2094.92
2097.9629999999997	0.900000000000091	trials	124	s124_J210702	coCe_grSu6Ne	17	225.0	4	2098.263	2098.562
2102.0629999999996	0.900000000000091	trials	124	s124_J210702	grCe_grSu6CiNe	15	315.0	4	2102.363	2102.663
2102.663	0.900000000000091	trials	124	s124_J210702	grCe_grSu6Ne_PS	18	135.0	4	2102.963	2103.263
2107.714	0.900000000000091	trials	124	s124_J210702	coSu6Ne	20		4	2108.014	2108.314
2108.314	0.900000000000091	trials	124	s124_J210702	grCe_grSu6CiNe_PS	19	0.0	4	2108.614	2108.914
2108.923	0.900000000000091	trials	124	s124_J210702	grCe_grSu18Fa	11	270.0	4	2109.223	2109.522
2114.073	0.900000000000091	trials	124	s124_J210702	grCe_grSu6CiNe	15	45.0	4	2114.373	2114.673
2115.2819999999997	0.900000000000091	trials	124	s124_J210702	coCe_grSu6Ne	17	270.0	4	2115.582	2115.881
2120.341	0.900000000000091	trials	124	s124_J210702	coCe	16	180.0	4	2120.641	2120.94
2120.941	0.900000000000091	trials	124	s124_J210702	grCe_grSu6Ne_PS	18	315.0	4	2121.241	2121.54
2121.5409999999997	0.900000000000091	trials	124	s124_J210702	grCe_grSu12SmCiNe_PS	21	135.0	4	2121.841	2122.14
2126.5409999999997	0.900000000000091	trials	124	s124_J210702	grCe_grSu18Fa	11	90.0	4	2126.841	2127.141
2127.1749999999997	0.900000000000091	trials	124	s124_J210702	coCe	16	90.0	4	2127.475	2127.774
2127.7749999999996	0.900000000000091	trials	124	s124_J210702	grCe_grSu12SmCiNe_PS	21	180.0	4	2128.075	2128.374
2132.8669999999997	0.900000000000091	trials	124	s124_J210702	grCe	1	180.0	4	2133.167	2133.467
2140.252	0.900000000000091	trials	124	s124_J210702	grCe_grSu6Ne	7	135.0	4	2140.552	2140.851
2140.852	0.900000000000091	trials	124	s124_J210702	grCe_grSu1Ne	3	315.0	4	2141.152	2141.451
2141.4519999999998	0.900000000000091	trials	124	s124_J210702	grCe_grSu6CiNe	15	135.0	4	2141.752	2142.051
2147.044	0.900000000000091	trials	124	s124_J210702	grCe_grSu12Mi	9	180.0	4	2147.344	2147.644
2147.644	0.900000000000091	trials	124	s124_J210702	grCe_grSu6Ne	7	315.0	4	2147.944	2148.244
2158.779	0.900000000000091	trials	124	s124_J210702	grCe_grSu6Ne	7	45.0	4	2159.079	2159.379
2159.379	0.900000000000091	trials	124	s124_J210702	grCe_grSu12SmCiNe	13	45.0	4	2159.679	2159.979
2159.979	0.900000000000091	trials	124	s124_J210702	grCe_grSu3Ne	5	90.0	4	2160.279	2160.579
2165.0629999999996	0.900000000000091	trials	124	s124_J210702	coCe_grSu6Ne	17	45.0	4	2165.363	2165.663
2165.663	0.900000000000091	trials	124	s124_J210702	grCe_grSu6CiNe_PS	19	315.0	4	2165.963	2166.263
2171.647	0.900000000000091	trials	124	s124_J210702	grCe	1	225.0	4	2171.947	2172.247
2177.798	0.900000000000091	trials	124	s124_J210702	grCe_grSu12Mi	9	315.0	4	2178.098	2178.398
2178.3979999999997	0.900000000000091	trials	124	s124_J210702	grSu12SmCiNe	12		4	2178.698	2178.998
2179.0069999999996	0.900000000000091	trials	124	s124_J210702	grCe_grSu18Fa	11	135.0	4	2179.307	2179.606
2187.5159999999996	0.900000000000091	trials	124	s124_J210702	grCe	1	270.0	4	2187.816	2188.116
2188.158	0.900000000000091	trials	124	s124_J210702	grSu12Mi	8		4	2188.458	2188.757
2193.225	0.900000000000091	trials	124	s124_J210702	grCe_grSu12Mi	9	135.0	4	2193.525	2193.825
2193.825	0.900000000000091	trials	124	s124_J210702	grCe_grSu6CiNe_PS	19	270.0	4	2194.125	2194.425
2199.9429999999998	0.900000000000091	trials	124	s124_J210702	grCe_grSu12SmCiNe_PS	21	45.0	4	2200.243	2200.542
2200.551	0.900000000000091	trials	124	s124_J210702	grCe_grSu18Fa	11	315.0	4	2200.851	2201.151
2205.685	0.900000000000091	trials	124	s124_J210702	coCe_grSu6Ne	17	180.0	4	2205.985	2206.285
2206.285	0.900000000000091	trials	124	s124_J210702	grSu1Ne	2		4	2206.585	2206.885
2216.011	0.900000000000091	trials	124	s124_J210702	grCe_grSu6CiNe_PS	19	45.0	4	2216.311	2216.611
2221.6699999999996	0.900000000000091	trials	124	s124_J210702	grCe_grSu3Ne	5	45.0	4	2221.97	2222.27
2222.279	0.900000000000091	trials	124	s124_J210702	grCe_grSu18Fa	11	225.0	4	2222.579	2222.878
2222.879	0.900000000000091	trials	124	s124_J210702	grCe_grSu6CiNe	15	270.0	4	2223.179	2223.478
2227.7459999999996	0.900000000000091	trials	124	s124_J210702	grCe_grSu6Ne_PS	18	0.0	4	2228.046	2228.346
2228.346	0.900000000000091	trials	124	s124_J210702	grCe_grSu3Ne	5	315.0	4	2228.646	2228.946
2228.955	0.900000000000091	trials	124	s124_J210702	grCe_grSu12Mi	9	45.0	4	2229.255	2229.554
2233.8889999999997	0.900000000000091	trials	124	s124_J210702	grSu6Ne	6		4	2234.189	2234.488
2234.489	0.900000000000091	trials	124	s124_J210702	grSu3Ne	4		4	2234.789	2235.088
2235.131	0.900000000000091	trials	124	s124_J210702	grCe_grSu12Mi	9	90.0	4	2235.431	2235.73
2243.2479999999996	0.900000000000091	trials	124	s124_J210702	grCe_grSu1Ne	3	180.0	4	2243.548	2243.848
2243.848	0.900000000000091	trials	124	s124_J210702	grCe_grSu3Ne	5	0.0	4	2244.148	2244.448
2244.473	0.900000000000091	trials	124	s124_J210702	grCe_grSu6CiNe_PS	19	180.0	4	2244.773	2245.073
2249.682	0.900000000000091	trials	124	s124_J210702	grCe_grSu6Ne_PS	18	45.0	4	2249.982	2250.282
2250.283	0.900000000000091	trials	124	s124_J210702	grCe_grSu12SmCiNe	13	180.0	4	2250.583	2250.882
2250.8909999999996	0.900000000000091	trials	124	s124_J210702	grCe_grSu18Fa	11	0.0	4	2251.191	2251.49
2255.75	0.900000000000091	trials	124	s124_J210702	grCe_grSu12SmCiNe	13	135.0	4	2256.05	2256.349
2262.542	0.900000000000091	trials	124	s124_J210702	grCe_grSu6Ne	7	270.0	4	2262.842	2263.142
2266.1679999999997	0.900000000000091	trials	124	s124_J210702	coCe	16	0.0	4	2266.468	2266.767
2272.2349999999997	0.900000000000091	trials	124	s124_J210702	grCe	1	45.0	4	2272.535	2272.835
2272.835	0.900000000000091	trials	124	s124_J210702	coCe	16	135.0	4	2273.135	2273.435
2273.4359999999997	0.900000000000091	trials	124	s124_J210702	grCe_grSu6Ne_PS	18	180.0	4	2273.736	2274.035
2278.47	0.900000000000091	trials	124	s124_J210702	coCe_grSu6Ne	17	315.0	4	2278.77	2279.069
2279.0699999999997	0.900000000000091	trials	124	s124_J210702	grSu6CiNe	14		4	2279.37	2279.669
2279.6699999999996	0.900000000000091	trials	124	s124_J210702	grCe_grSu1Ne	3	135.0	4	2279.97	2280.269
2284.8199999999997	0.900000000000091	trials	124	s124_J210702	coCe	16	225.0	4	2285.12	2285.42
2285.4199999999996	0.900000000000091	trials	124	s124_J210702	grCe_grSu12SmCiNe_PS	21	225.0	4	2285.72	2286.02
2286.029	0.900000000000091	trials	124	s124_J210702	grCe_grSu6Ne	7	180.0	4	2286.329	2286.628
2299.823	0.900000000000091	trials	124	s124_J210702	grCe_grSu6Ne_PS	18	315.0	5	2300.123	2300.423
2300.423	0.900000000000091	trials	124	s124_J210702	grCe	1	45.0	5	2300.723	2301.023
2301.0229999999997	0.900000000000091	trials	124	s124_J210702	grCe_grSu1Ne	3	225.0	5	2301.323	2301.623
2312.7749999999996	0.900000000000091	trials	124	s124_J210702	grCe_grSu3Ne	5	270.0	5	2313.075	2313.374
2313.417	0.900000000000091	trials	124	s124_J210702	grCe_grSu12SmCiNe	13	45.0	5	2313.717	2314.016
2318.584	0.900000000000091	trials	124	s124_J210702	grCe_grSu6CiNe	15	90.0	5	2318.884	2319.184
2319.2259999999997	0.900000000000091	trials	124	s124_J210702	coCe	16	270.0	5	2319.526	2319.825
2319.826	0.900000000000091	trials	124	s124_J210702	grCe_grSu6CiNe_PS	19	270.0	5	2320.126	2320.425
2324.893	0.900000000000091	trials	124	s124_J210702	grCe_grSu18Fa	11	270.0	5	2325.193	2325.493
2325.527	0.900000000000091	trials	124	s124_J210702	grCe_grSu12SmCiNe	13	90.0	5	2325.827	2326.126
2326.1349999999998	0.900000000000091	trials	124	s124_J210702	grCe_grSu6Ne_PS	18	0.0	5	2326.435	2326.735
2331.261	0.900000000000091	trials	124	s124_J210702	grCe_grSu12Mi	9	315.0	5	2331.561	2331.86
2332.461	0.900000000000091	trials	124	s124_J210702	coCe	16	45.0	5	2332.761	2333.06
2337.562	0.900000000000091	trials	124	s124_J210702	coCe	16	90.0	5	2337.862	2338.161
2338.187	0.900000000000091	trials	124	s124_J210702	grCe_grSu6Ne	7	45.0	5	2338.487	2338.786
2338.7949999999996	0.900000000000091	trials	124	s124_J210702	grCe_grSu12Mi	9	270.0	5	2339.095	2339.395
2343.8619999999996	0.900000000000091	trials	124	s124_J210702	coCe	16	0.0	5	2344.162	2344.462
2344.479	0.900000000000091	trials	124	s124_J210702	grCe_grSu6Ne_PS	18	90.0	5	2344.779	2345.079
2345.0789999999997	0.900000000000091	trials	124	s124_J210702	grSu12SmCiNe	12		5	2345.379	2345.679
2350.046	0.900000000000091	trials	124	s124_J210702	grSu18Fa	10		5	2350.346	2350.646
2350.647	0.900000000000091	trials	124	s124_J210702	grCe_grSu6Ne_PS	18	270.0	5	2350.947	2351.246
2351.272	0.900000000000091	trials	124	s124_J210702	grCe_grSu6CiNe_PS	19	225.0	5	2351.572	2351.871
2356.006	0.900000000000091	trials	124	s124_J210702	grCe_grSu6Ne_PS	18	135.0	5	2356.306	2356.605
2356.6059999999998	0.900000000000091	trials	124	s124_J210702	coCe	16	315.0	5	2356.906	2357.205
2357.2059999999997	0.900000000000091	trials	124	s124_J210702	grCe_grSu12SmCiNe	13	225.0	5	2357.506	2357.805
2362.9399999999996	0.900000000000091	trials	124	s124_J210702	grCe_grSu6Ne	7	90.0	5	2363.24	2363.539
2363.548	0.900000000000091	trials	124	s124_J210702	grCe_grSu18Fa	11	90.0	5	2363.848	2364.148
2368.466	0.900000000000091	trials	124	s124_J210702	grCe_grSu12Mi	9	0.0	5	2368.766	2369.065
2369.0739999999996	0.900000000000091	trials	124	s124_J210702	grCe_grSu18Fa	11	180.0	5	2369.374	2369.673
2374.75	0.900000000000091	trials	124	s124_J210702	grCe_grSu3Ne	5	45.0	5	2375.05	2375.349
2381.017	0.900000000000091	trials	124	s124_J210702	grCe_grSu1Ne	3	135.0	5	2381.317	2381.617
2384.7259999999997	0.900000000000091	trials	124	s124_J210702	grCe	1	90.0	5	2385.026	2385.325
2385.326	0.900000000000091	trials	124	s124_J210702	grCe_grSu6CiNe	15	0.0	5	2385.626	2385.926
2385.9339999999997	0.900000000000091	trials	124	s124_J210702	grCe_grSu18Fa	11	135.0	5	2386.234	2386.534
2397.0029999999997	0.900000000000091	trials	124	s124_J210702	grCe_grSu6Ne_PS	18	45.0	5	2397.303	2397.602
2397.6029999999996	0.900000000000091	trials	124	s124_J210702	grCe_grSu6Ne	7	0.0	5	2397.903	2398.202
2398.203	0.900000000000091	trials	124	s124_J210702	grCe_grSu1Ne	3	180.0	5	2398.503	2398.802
2403.153	0.900000000000091	trials	124	s124_J210702	grSu3Ne	4		5	2403.453	2403.753
2404.354	0.900000000000091	trials	124	s124_J210702	grCe	1	0.0	5	2404.654	2404.953
2409.4539999999997	0.900000000000091	trials	124	s124_J210702	coCe_grSu6Ne	17	135.0	5	2409.754	2410.054
2410.0539999999996	0.900000000000091	trials	124	s124_J210702	grCe_grSu3Ne	5	315.0	5	2410.354	2410.654
2410.654	0.900000000000091	trials	124	s124_J210702	grSu1Ne	2		5	2410.954	2411.254
2415.7549999999997	0.900000000000091	trials	124	s124_J210702	grCe_grSu6CiNe_PS	19	135.0	5	2416.055	2416.354
2419.23	0.900000000000091	trials	124	s124_J210702	grCe_grSu18Fa	11	45.0	5	2419.53	2419.83
2419.8309999999997	0.900000000000091	trials	124	s124_J210702	grCe_grSu6Ne	7	135.0	5	2420.131	2420.43
2420.431	0.900000000000091	trials	124	s124_J210702	grCe_grSu12SmCiNe_PS	21	90.0	5	2420.731	2421.03
2428.432	0.900000000000091	trials	124	s124_J210702	grCe_grSu12Mi	9	135.0	5	2428.732	2429.031
2432.1899999999996	0.900000000000091	trials	124	s124_J210702	grCe_grSu6Ne	7	225.0	5	2432.49	2432.79
2432.7909999999997	0.900000000000091	trials	124	s124_J210702	grCe_grSu12SmCiNe_PS	21	180.0	5	2433.091	2433.39
2433.441	0.900000000000091	trials	124	s124_J210702	grCe_grSu12Mi	9	45.0	5	2433.741	2434.04
2438.4159999999997	0.900000000000091	trials	124	s124_J210702	coSu6Ne	20		5	2438.716	2439.016
2439.0159999999996	0.900000000000091	trials	124	s124_J210702	grCe	1	180.0	5	2439.316	2439.616
2439.6499999999996	0.900000000000091	trials	124	s124_J210702	grCe	1	225.0	5	2439.95	2440.249
2444.634	0.900000000000091	trials	124	s124_J210702	grCe_grSu18Fa	11	315.0	5	2444.934	2445.233
2445.234	0.900000000000091	trials	124	s124_J210702	coCe_grSu6Ne	17	90.0	5	2445.534	2445.833
2454.435	0.900000000000091	trials	124	s124_J210702	grCe_grSu12SmCiNe	13	135.0	5	2454.735	2455.035
2455.0429999999997	0.900000000000091	trials	124	s124_J210702	grCe_grSu18Fa	11	0.0	5	2455.343	2455.643
2459.944	0.900000000000091	trials	124	s124_J210702	grCe_grSu12SmCiNe	13	270.0	5	2460.244	2460.544
2460.544	0.900000000000091	trials	124	s124_J210702	grCe	1	270.0	5	2460.844	2461.144
2461.144	0.900000000000091	trials	124	s124_J210702	grCe_grSu6CiNe	15	45.0	5	2461.444	2461.744
2466.1369999999997	0.900000000000091	trials	124	s124_J210702	grCe_grSu6CiNe_PS	19	90.0	5	2466.437	2466.736
2466.7369999999996	0.900000000000091	trials	124	s124_J210702	grSu6Ne	6		5	2467.037	2467.336
2467.337	0.900000000000091	trials	124	s124_J210702	grCe_grSu6CiNe	15	270.0	5	2467.637	2467.936
2478.18	0.900000000000091	trials	124	s124_J210702	grCe_grSu6Ne_PS	18	180.0	5	2478.48	2478.779
2478.797	0.900000000000091	trials	124	s124_J210702	grCe_grSu6CiNe_PS	19	45.0	5	2479.097	2479.396
2484.406	0.900000000000091	trials	124	s124_J210702	grCe_grSu1Ne	3	45.0	5	2484.706	2485.005
2485.006	0.900000000000091	trials	124	s124_J210702	grCe	1	315.0	5	2485.306	2485.605
2485.6059999999998	0.900000000000091	trials	124	s124_J210702	coCe_grSu6Ne	17	225.0	5	2485.906	2486.205
2490.615	0.900000000000091	trials	124	s124_J210702	grCe_grSu6Ne	7	180.0	5	2490.915	2491.214
2494.3399999999997	0.900000000000091	trials	124	s124_J210702	grCe_grSu6Ne	7	315.0	5	2494.64	2494.94
2494.9399999999996	0.900000000000091	trials	124	s124_J210702	grCe_grSu3Ne	5	135.0	5	2495.24	2495.54
2495.557	0.900000000000091	trials	124	s124_J210702	grCe_grSu12SmCiNe_PS	21	225.0	5	2495.857	2496.157
2500.7239999999997	0.900000000000091	trials	124	s124_J210702	grCe_grSu12SmCiNe_PS	21	270.0	5	2501.024	2501.324
2501.3239999999996	0.900000000000091	trials	124	s124_J210702	grCe_grSu12SmCiNe	13	0.0	5	2501.624	2501.924
2501.924	0.900000000000091	trials	124	s124_J210702	coCe_grSu6Ne	17	45.0	5	2502.224	2502.524
2508.084	0.900000000000091	trials	124	s124_J210702	grCe_grSu1Ne	3	0.0	5	2508.384	2508.683
2513.6259999999997	0.900000000000091	trials	124	s124_J210702	coCe	16	225.0	5	2513.926	2514.226
2519.227	0.900000000000091	trials	124	s124_J210702	coCe	16	180.0	5	2519.527	2519.826
2519.8269999999998	0.900000000000091	trials	124	s124_J210702	grCe_grSu6Ne_PS	18	225.0	5	2520.127	2520.426
2520.4269999999997	0.900000000000091	trials	124	s124_J210702	grCe_grSu6CiNe_PS	19	0.0	5	2520.727	2521.026
2525.236	0.900000000000091	trials	124	s124_J210702	grSu12Mi	8		5	2525.536	2525.835
2525.8689999999997	0.900000000000091	trials	124	s124_J210702	grCe_grSu18Fa	11	225.0	5	2526.169	2526.469
2526.4689999999996	0.900000000000091	trials	124	s124_J210702	grCe_grSu3Ne	5	225.0	5	2526.769	2527.069
2534.404	0.900000000000091	trials	124	s124_J210702	grCe	1	135.0	5	2534.704	2535.003
2535.004	0.900000000000091	trials	124	s124_J210702	grCe_grSu6CiNe_PS	19	180.0	5	2535.304	2535.603
2535.604	0.900000000000091	trials	124	s124_J210702	coCe_grSu6Ne	17	270.0	5	2535.904	2536.203
2540.513	0.900000000000091	trials	124	s124_J210702	grCe_grSu3Ne	5	0.0	5	2540.813	2541.112
2541.113	0.900000000000091	trials	124	s124_J210702	grCe_grSu6CiNe	15	180.0	5	2541.413	2541.712
2546.705	0.900000000000091	trials	124	s124_J210702	grCe_grSu1Ne	3	270.0	5	2547.005	2547.305
2547.314	0.900000000000091	trials	124	s124_J210702	grCe_grSu12Mi	9	225.0	5	2547.614	2547.913
2547.9469999999997	0.900000000000091	trials	124	s124_J210702	grCe_grSu12SmCiNe	13	180.0	5	2548.247	2548.547
2552.8559999999998	0.900000000000091	trials	124	s124_J210702	grCe_grSu3Ne	5	90.0	5	2553.156	2553.456
2553.4979999999996	0.900000000000091	trials	124	s124_J210702	grCe_grSu1Ne	3	315.0	5	2553.798	2554.097
2554.098	0.900000000000091	trials	124	s124_J210702	grCe_grSu6Ne	7	270.0	5	2554.398	2554.697
2559.432	0.900000000000091	trials	124	s124_J210702	grCe_grSu6CiNe	15	135.0	5	2559.732	2560.031
2564.241	0.900000000000091	trials	124	s124_J210702	grCe_grSu3Ne	5	180.0	5	2564.541	2564.84
2572.3999999999996	0.900000000000091	trials	124	s124_J210702	coCe	16	135.0	5	2572.7	2573.0
2573.0	0.900000000000091	trials	124	s124_J210702	grCe_grSu12SmCiNe_PS	21	315.0	5	2573.3	2573.6
2573.6	0.900000000000091	trials	124	s124_J210702	grCe_grSu12SmCiNe_PS	21	45.0	5	2573.9	2574.2
2578.6679999999997	0.900000000000091	trials	124	s124_J210702	coCe_grSu6Ne	17	180.0	5	2578.968	2579.267
2582.643	0.900000000000091	trials	124	s124_J210702	grCe_grSu12Mi	9	90.0	5	2582.943	2583.243
2583.243	0.900000000000091	trials	124	s124_J210702	grCe_grSu12SmCiNe	13	315.0	5	2583.543	2583.843
2592.6949999999997	0.900000000000091	trials	124	s124_J210702	grCe_grSu12SmCiNe_PS	21	0.0	5	2592.995	2593.294
2593.2949999999996	0.900000000000091	trials	124	s124_J210702	coCe_grSu6Ne	17	0.0	5	2593.595	2593.894
2598.1949999999997	0.900000000000091	trials	124	s124_J210702	grCe_grSu12Mi	9	180.0	5	2598.495	2598.795
2598.8039999999996	0.900000000000091	trials	124	s124_J210702	grCe_grSu6CiNe	15	225.0	5	2599.104	2599.403
2599.404	0.900000000000091	trials	124	s124_J210702	coCe_grSu6Ne	17	315.0	5	2599.704	2600.003
2604.488	0.900000000000091	trials	124	s124_J210702	grSu6CiNe	14		5	2604.788	2605.087
2605.7129999999997	0.900000000000091	trials	124	s124_J210702	grCe_grSu12SmCiNe_PS	21	135.0	5	2606.013	2606.312
2614.431	0.900000000000091	trials	124	s124_J210702	NoStim	0		5	2614.731	2615.03
2615.031	0.900000000000091	trials	124	s124_J210702	grCe_grSu6CiNe	15	315.0	5	2615.331	2615.63
2621.24	0.900000000000091	trials	124	s124_J210702	grCe_grSu6CiNe_PS	19	315.0	5	2621.54	2621.839
2627.0159999999996	0.900000000000091	trials	124	s124_J210702	grCe_grSu1Ne	3	90.0	5	2627.316	2627.615
2632.725	0.900000000000091	trials	124	s124_J210702	grCe_grSu6CiNe_PS	19	90.0	6	2633.025	2633.324
2636.7169999999996	0.900000000000091	trials	124	s124_J210702	grCe_grSu12Mi	9	135.0	6	2637.017	2637.316
2637.35	0.900000000000091	trials	124	s124_J210702	grCe_grSu3Ne	5	180.0	6	2637.65	2637.95
2642.9089999999997	0.900000000000091	trials	124	s124_J210702	grCe_grSu18Fa	11	180.0	6	2643.209	2643.509
2643.518	0.900000000000091	trials	124	s124_J210702	grCe_grSu12SmCiNe	13	135.0	6	2643.818	2644.117
2644.118	0.900000000000091	trials	124	s124_J210702	coSu6Ne	20		6	2644.418	2644.717
2649.1349999999998	0.900000000000091	trials	124	s124_J210702	grCe_grSu12Mi	9	225.0	6	2649.435	2649.735
2656.7859999999996	0.900000000000091	trials	124	s124_J210702	grCe_grSu6CiNe_PS	19	135.0	6	2657.086	2657.386
2657.386	0.900000000000091	trials	124	s124_J210702	grCe	1	315.0	6	2657.686	2657.986
2662.4869999999996	0.900000000000091	trials	124	s124_J210702	grCe_grSu12SmCiNe_PS	21	270.0	6	2662.787	2663.086
2663.087	0.900000000000091	trials	124	s124_J210702	grCe_grSu6CiNe_PS	19	315.0	6	2663.387	2663.687
2663.687	0.900000000000091	trials	124	s124_J210702	grSu12SmCiNe	12		6	2663.987	2664.287
2668.6789999999996	0.900000000000091	trials	124	s124_J210702	coCe	16	315.0	6	2668.979	2669.279
2669.2799999999997	0.900000000000091	trials	124	s124_J210702	grCe_grSu3Ne	5	315.0	6	2669.58	2669.879
2669.8799999999997	0.900000000000091	trials	124	s124_J210702	grCe_grSu6Ne_PS	18	0.0	6	2670.18	2670.479
2674.872	0.900000000000091	trials	124	s124_J210702	grCe_grSu12Mi	9	180.0	6	2675.172	2675.471
2675.48	0.900000000000091	trials	124	s124_J210702	grCe_grSu6Ne	7	315.0	6	2675.78	2676.08
2683.9559999999997	0.900000000000091	trials	124	s124_J210702	grCe_grSu12SmCiNe	13	225.0	6	2684.256	2684.556
2684.557	0.900000000000091	trials	124	s124_J210702	grCe_grSu1Ne	3	225.0	6	2684.857	2685.156
2685.1569999999997	0.900000000000091	trials	124	s124_J210702	grCe_grSu6CiNe	15	90.0	6	2685.457	2685.756
2690.499	0.900000000000091	trials	124	s124_J210702	grCe	1	45.0	6	2690.799	2691.098
2691.741	0.900000000000091	trials	124	s124_J210702	grCe_grSu6Ne	7	225.0	6	2692.041	2692.34
2697.292	0.900000000000091	trials	124	s124_J210702	NoStim	0		6	2697.592	2697.891
2697.892	0.900000000000091	trials	124	s124_J210702	grCe_grSu1Ne	3	135.0	6	2698.192	2698.491
2706.0339999999997	0.900000000000091	trials	124	s124_J210702	grCe_grSu6CiNe_PS	19	180.0	6	2706.334	2706.634
2706.634	0.900000000000091	trials	124	s124_J210702	grCe_grSu6Ne_PS	18	135.0	6	2706.934	2707.234
2712.268	0.900000000000091	trials	124	s124_J210702	grCe_grSu6Ne	7	0.0	6	2712.568	2712.868
2712.8689999999997	0.900000000000091	trials	124	s124_J210702	grCe_grSu6CiNe_PS	19	0.0	6	2713.169	2713.468
2713.4689999999996	0.900000000000091	trials	124	s124_J210702	coCe	16	90.0	6	2713.769	2714.068
2718.611	0.900000000000091	trials	124	s124_J210702	grCe_grSu12SmCiNe	13	45.0	6	2718.911	2719.21
2719.236	0.900000000000091	trials	124	s124_J210702	grCe_grSu1Ne	3	315.0	6	2719.536	2719.836
2719.836	0.900000000000091	trials	124	s124_J210702	coCe_grSu6Ne	17	270.0	6	2720.136	2720.436
2724.87	0.900000000000091	trials	124	s124_J210702	grCe_grSu18Fa	11	45.0	6	2725.17	2725.47
2725.4779999999996	0.900000000000091	trials	124	s124_J210702	grCe_grSu18Fa	11	135.0	6	2725.778	2726.078
2726.0789999999997	0.900000000000091	trials	124	s124_J210702	coCe	16	270.0	6	2726.379	2726.678
2740.672	0.900000000000091	trials	124	s124_J210702	grCe_grSu12Mi	9	315.0	6	2740.972	2741.272
2741.272	0.900000000000091	trials	124	s124_J210702	grCe_grSu6CiNe	15	135.0	6	2741.572	2741.872
2746.8399999999997	0.900000000000091	trials	124	s124_J210702	grCe_grSu1Ne	3	45.0	6	2747.14	2747.439
2747.4399999999996	0.900000000000091	trials	124	s124_J210702	grCe_grSu3Ne	5	270.0	6	2747.74	2748.039
2748.04	0.900000000000091	trials	124	s124_J210702	grSu6CiNe	14		6	2748.34	2748.639
2756.691	0.900000000000091	trials	124	s124_J210702	grCe_grSu1Ne	3	180.0	6	2756.991	2757.29
2757.8909999999996	0.900000000000091	trials	124	s124_J210702	grCe_grSu12SmCiNe	13	270.0	6	2758.191	2758.491
2762.8329999999996	0.900000000000091	trials	124	s124_J210702	grCe_grSu12SmCiNe_PS	21	315.0	6	2763.133	2763.433
2763.433	0.900000000000091	trials	124	s124_J210702	grCe	1	180.0	6	2763.733	2764.033
2764.033	0.900000000000091	trials	124	s124_J210702	coCe	16	180.0	6	2764.333	2764.633
2768.9919999999997	0.900000000000091	trials	124	s124_J210702	coCe_grSu6Ne	17	45.0	6	2769.292	2769.592
2769.6009999999997	0.900000000000091	trials	124	s124_J210702	grCe_grSu18Fa	11	0.0	6	2769.901	2770.2
2775.285	0.900000000000091	trials	124	s124_J210702	grCe_grSu6Ne_PS	18	270.0	6	2775.585	2775.884
2775.8849999999998	0.900000000000091	trials	124	s124_J210702	grCe_grSu12SmCiNe	13	180.0	6	2776.185	2776.485
2781.461	0.900000000000091	trials	124	s124_J210702	coCe_grSu6Ne	17	315.0	6	2781.761	2782.06
2782.0609999999997	0.900000000000091	trials	124	s124_J210702	grCe_grSu3Ne	5	225.0	6	2782.361	2782.66
2782.6609999999996	0.900000000000091	trials	124	s124_J210702	grCe_grSu3Ne	5	90.0	6	2782.961	2783.26
2787.72	0.900000000000091	trials	124	s124_J210702	grSu12Mi	8		6	2788.02	2788.319
2788.928	0.900000000000091	trials	124	s124_J210702	grCe_grSu12Mi	9	45.0	6	2789.228	2789.528
2796.8289999999997	0.900000000000091	trials	124	s124_J210702	grCe_grSu6Ne_PS	18	180.0	6	2797.129	2797.429
2798.038	0.900000000000091	trials	124	s124_J210702	grCe_grSu12Mi	9	270.0	6	2798.338	2798.637
2803.4719999999998	0.900000000000091	trials	124	s124_J210702	grCe_grSu6Ne	7	270.0	6	2803.772	2804.071
2804.0719999999997	0.900000000000091	trials	124	s124_J210702	grCe_grSu6Ne	7	90.0	6	2804.372	2804.672
2809.006	0.900000000000091	trials	124	s124_J210702	grSu6Ne	6		6	2809.306	2809.605
2809.6059999999998	0.900000000000091	trials	124	s124_J210702	grCe	1	270.0	6	2809.906	2810.206
2810.2059999999997	0.900000000000091	trials	124	s124_J210702	grCe_grSu6CiNe	15	225.0	6	2810.506	2810.806
2818.249	0.900000000000091	trials	124	s124_J210702	grCe_grSu6Ne_PS	18	225.0	6	2818.549	2818.848
2818.8489999999997	0.900000000000091	trials	124	s124_J210702	grCe	1	135.0	6	2819.149	2819.448
2819.4489999999996	0.900000000000091	trials	124	s124_J210702	grCe_grSu6Ne_PS	18	45.0	6	2819.749	2820.049
2828.767	0.900000000000091	trials	124	s124_J210702	grCe_grSu12SmCiNe_PS	21	90.0	6	2829.067	2829.366
2829.3669999999997	0.900000000000091	trials	124	s124_J210702	grCe_grSu1Ne	3	0.0	6	2829.667	2829.966
2834.868	0.900000000000091	trials	124	s124_J210702	grCe_grSu12SmCiNe_PS	21	225.0	6	2835.168	2835.467
2840.56	0.900000000000091	trials	124	s124_J210702	grCe_grSu6Ne	7	180.0	6	2840.86	2841.16
2841.7599999999998	0.900000000000091	trials	124	s124_J210702	grCe	1	90.0	6	2842.06	2842.36
2850.111	0.900000000000091	trials	124	s124_J210702	grCe_grSu6CiNe	15	45.0	6	2850.411	2850.711
2850.711	0.900000000000091	trials	124	s124_J210702	coCe	16	45.0	6	2851.011	2851.311
2851.3109999999997	0.900000000000091	trials	124	s124_J210702	grCe_grSu6CiNe_PS	19	270.0	6	2851.611	2851.911
2856.337	0.900000000000091	trials	124	s124_J210702	coCe	16	225.0	6	2856.637	2856.937
2856.937	0.900000000000091	trials	124	s124_J210702	grCe_grSu12SmCiNe_PS	21	135.0	6	2857.237	2857.537
2857.546	0.900000000000091	trials	124	s124_J210702	grCe_grSu12Mi	9	90.0	6	2857.846	2858.145
2862.446	0.900000000000091	trials	124	s124_J210702	grCe_grSu6CiNe_PS	19	45.0	6	2862.746	2863.046
2863.046	0.900000000000091	trials	124	s124_J210702	grCe_grSu12SmCiNe	13	0.0	6	2863.346	2863.646
2863.6459999999997	0.900000000000091	trials	124	s124_J210702	grCe_grSu3Ne	5	45.0	6	2863.946	2864.246
2868.672	0.900000000000091	trials	124	s124_J210702	grCe_grSu12SmCiNe_PS	21	0.0	6	2868.972	2869.272
2869.272	0.900000000000091	trials	124	s124_J210702	grCe_grSu12SmCiNe_PS	21	45.0	6	2869.572	2869.872
2869.9139999999998	0.900000000000091	trials	124	s124_J210702	grSu1Ne	2		6	2870.214	2870.513
2878.073	0.900000000000091	trials	124	s124_J210702	grSu3Ne	4		6	2878.373	2878.673
2878.673	0.900000000000091	trials	124	s124_J210702	grCe_grSu3Ne	5	0.0	6	2878.973	2879.273
2884.307	0.900000000000091	trials	124	s124_J210702	grCe_grSu1Ne	3	90.0	6	2884.607	2884.907
2884.9069999999997	0.900000000000091	trials	124	s124_J210702	grCe	1	0.0	6	2885.207	2885.507
2885.5159999999996	0.900000000000091	trials	124	s124_J210702	grCe_grSu12SmCiNe	13	315.0	6	2885.816	2886.115
2890.567	0.900000000000091	trials	124	s124_J210702	grCe_grSu18Fa	11	270.0	6	2890.867	2891.166
2891.167	0.900000000000091	trials	124	s124_J210702	coCe	16	0.0	6	2891.467	2891.766
2891.767	0.900000000000091	trials	124	s124_J210702	coCe_grSu6Ne	17	135.0	6	2892.067	2892.366
2896.776	0.900000000000091	trials	124	s124_J210702	grCe_grSu6CiNe	15	315.0	6	2897.076	2897.375
2897.384	0.900000000000091	trials	124	s124_J210702	grCe_grSu18Fa	11	90.0	6	2897.684	2897.984
2897.984	0.900000000000091	trials	124	s124_J210702	grCe_grSu6Ne	7	45.0	6	2898.284	2898.584
2903.0769999999998	0.900000000000091	trials	124	s124_J210702	grCe_grSu12Mi	9	0.0	6	2903.377	2903.676
2903.6769999999997	0.900000000000091	trials	124	s124_J210702	grCe_grSu6Ne_PS	18	315.0	6	2903.977	2904.276
2904.277	0.900000000000091	trials	124	s124_J210702	grCe_grSu3Ne	5	135.0	6	2904.577	2904.876
2909.9269999999997	0.900000000000091	trials	124	s124_J210702	grCe_grSu1Ne	3	270.0	6	2910.227	2910.527
2910.544	0.900000000000091	trials	124	s124_J210702	grSu18Fa	10		6	2910.844	2911.144
2924.629	0.900000000000091	trials	124	s124_J210702	coCe_grSu6Ne	17	225.0	6	2924.929	2925.229
2925.238	0.900000000000091	trials	124	s124_J210702	grCe_grSu18Fa	11	225.0	6	2925.538	2925.837
2937.189	0.900000000000091	trials	124	s124_J210702	grCe	1	225.0	6	2937.489	2937.789
2937.7889999999998	0.900000000000091	trials	124	s124_J210702	grCe_grSu12SmCiNe	13	90.0	6	2938.089	2938.389
2938.3889999999997	0.900000000000091	trials	124	s124_J210702	grCe_grSu6CiNe_PS	19	225.0	6	2938.689	2938.989
2943.39	0.900000000000091	trials	124	s124_J210702	grCe_grSu6CiNe	15	270.0	6	2943.69	2943.99
2943.9979999999996	0.900000000000091	trials	124	s124_J210702	grCe_grSu18Fa	11	315.0	6	2944.298	2944.598
2944.5989999999997	0.900000000000091	trials	124	s124_J210702	coCe_grSu6Ne	17	0.0	6	2944.899	2945.198
2952.6659999999997	0.900000000000091	trials	124	s124_J210702	coCe_grSu6Ne	17	90.0	6	2952.966	2953.266
2963.426	0.900000000000091	trials	124	s124_J210702	coCe	16	135.0	6	2963.726	2964.026
2974.7439999999997	0.900000000000091	trials	124	s124_J210702	grCe_grSu6Ne_PS	18	90.0	6	2975.044	2975.344
2975.3439999999996	0.900000000000091	trials	124	s124_J210702	coCe_grSu6Ne	17	180.0	6	2975.644	2975.944
2975.944	0.900000000000091	trials	124	s124_J210702	grCe_grSu6Ne	7	135.0	6	2976.244	2976.544
2981.0119999999997	0.900000000000091	trials	124	s124_J210702	grCe_grSu6CiNe	15	180.0	6	2981.312	2981.611
2981.6119999999996	0.900000000000091	trials	124	s124_J210702	grCe_grSu12SmCiNe_PS	21	180.0	6	2981.912	2982.211
2982.212	0.900000000000091	trials	124	s124_J210702	grCe_grSu6CiNe	15	0.0	6	2982.512	2982.811
2987.8039999999996	0.900000000000091	trials	124	s124_J210702	grCe_grSu6Ne_PS	18	315.0	0	2988.104	2988.404
2996.5299999999997	0.900000000000091	trials	124	s124_J210702	grCe_grSu12SmCiNe	13	0.0	0	2996.83	2997.13
2997.1299999999997	0.900000000000091	trials	124	s124_J210702	grCe_grSu3Ne	5	270.0	0	2997.43	2997.73
2997.73	0.900000000000091	trials	124	s124_J210702	grCe	1	180.0	0	2998.03	2998.33
3006.332	0.900000000000091	trials	124	s124_J210702	coCe	16	315.0	0	3006.632	3006.931
3011.8819999999996	0.900000000000091	trials	124	s124_J210702	coCe	16	180.0	0	3012.182	3012.482
3012.6659999999997	0.900000000000091	trials	124	s124_J210702	coCe_grSu6Ne	17	180.0	0	3012.966	3013.265
3013.2659999999996	0.900000000000091	trials	124	s124_J210702	grCe_grSu6CiNe_PS	19	270.0	0	3013.566	3013.865
3018.2749999999996	0.900000000000091	trials	124	s124_J210702	grCe_grSu12SmCiNe_PS	21	135.0	0	3018.575	3018.874
3018.875	0.900000000000091	trials	124	s124_J210702	grCe_grSu6CiNe	15	135.0	0	3019.175	3019.474
3019.475	0.900000000000091	trials	124	s124_J210702	grCe_grSu6Ne	7	180.0	0	3019.775	3020.074
3024.2839999999997	0.900000000000091	trials	124	s124_J210702	coSu6Ne	20		0	3024.584	3024.883
3031.035	0.900000000000091	trials	124	s124_J210702	grCe_grSu18Fa	11	180.0	0	3031.335	3031.634
3031.6349999999998	0.900000000000091	trials	124	s124_J210702	grCe_grSu6Ne_PS	18	45.0	0	3031.935	3032.234
3037.194	0.900000000000091	trials	124	s124_J210702	grCe_grSu6CiNe_PS	19	0.0	0	3037.494	3037.793
3037.794	0.900000000000091	trials	124	s124_J210702	grCe_grSu1Ne	3	225.0	0	3038.094	3038.394
3038.402	0.900000000000091	trials	124	s124_J210702	coCe_grSu6Ne	17	315.0	0	3038.702	3039.002
3047.3039999999996	0.900000000000091	trials	124	s124_J210702	grCe_grSu6CiNe_PS	19	225.0	0	3047.604	3047.903
3047.904	0.900000000000091	trials	124	s124_J210702	grCe_grSu6Ne_PS	18	90.0	0	3048.204	3048.503
3048.504	0.900000000000091	trials	124	s124_J210702	coCe_grSu6Ne	17	0.0	0	3048.804	3049.103
3053.4629999999997	0.900000000000091	trials	124	s124_J210702	coCe	16	45.0	0	3053.763	3054.062
3054.663	0.900000000000091	trials	124	s124_J210702	grCe_grSu6CiNe	15	270.0	0	3054.963	3055.262
3059.7549999999997	0.900000000000091	trials	124	s124_J210702	grSu18Fa	10		0	3060.055	3060.355
3060.355	0.900000000000091	trials	124	s124_J210702	grCe	1	270.0	0	3060.655	3060.955
3060.955	0.900000000000091	trials	124	s124_J210702	grCe_grSu6Ne_PS	18	135.0	0	3061.255	3061.555
3066.048	0.900000000000091	trials	124	s124_J210702	grCe_grSu12SmCiNe_PS	21	45.0	0	3066.348	3066.647
3066.6479999999997	0.900000000000091	trials	124	s124_J210702	grCe_grSu12SmCiNe_PS	21	225.0	0	3066.948	3067.247
3067.2479999999996	0.900000000000091	trials	124	s124_J210702	grSu1Ne	2		0	3067.548	3067.847
3075.649	0.900000000000091	trials	124	s124_J210702	coCe	16	270.0	0	3075.949	3076.248
3081.841	0.900000000000091	trials	124	s124_J210702	grCe_grSu3Ne	5	90.0	0	3082.141	3082.441
3082.441	0.900000000000091	trials	124	s124_J210702	grCe_grSu1Ne	3	180.0	0	3082.741	3083.041
3083.042	0.900000000000091	trials	124	s124_J210702	grCe_grSu3Ne	5	0.0	0	3083.342	3083.641
3087.85	0.900000000000091	trials	124	s124_J210702	grCe_grSu12Mi	9	0.0	0	3088.15	3088.45
3088.459	0.900000000000091	trials	124	s124_J210702	grCe_grSu12Mi	9	90.0	0	3088.759	3089.058
3089.0589999999997	0.900000000000091	trials	124	s124_J210702	grCe_grSu6Ne_PS	18	270.0	0	3089.359	3089.658
3093.8849999999998	0.900000000000091	trials	124	s124_J210702	grCe_grSu6Ne_PS	18	0.0	0	3094.185	3094.484
3095.1349999999998	0.900000000000091	trials	124	s124_J210702	grCe_grSu12Mi	9	270.0	0	3095.435	3095.734
3100.185	0.900000000000091	trials	124	s124_J210702	grCe_grSu6CiNe_PS	19	315.0	0	3100.485	3100.785
3100.794	0.900000000000091	trials	124	s124_J210702	grSu12SmCiNe	12		0	3101.094	3101.393
3101.402	0.900000000000091	trials	124	s124_J210702	grCe_grSu12Mi	9	180.0	0	3101.702	3102.002
3106.62	0.900000000000091	trials	124	s124_J210702	coCe_grSu6Ne	17	135.0	0	3106.92	3107.219
3107.22	0.900000000000091	trials	124	s124_J210702	grCe	1	135.0	0	3107.52	3107.819
3112.779	0.900000000000091	trials	124	s124_J210702	grCe_grSu18Fa	11	270.0	0	3113.079	3113.378
3119.0299999999997	0.900000000000091	trials	124	s124_J210702	grCe_grSu6Ne	7	225.0	0	3119.33	3119.629
3119.7549999999997	0.900000000000091	trials	124	s124_J210702	coCe	16	225.0	0	3120.055	3120.354
3120.355	0.900000000000091	trials	124	s124_J210702	coCe	16	0.0	0	3120.655	3120.954
3126.622	0.900000000000091	trials	124	s124_J210702	grCe_grSu18Fa	11	225.0	0	3126.922	3127.222
3135.1319999999996	0.900000000000091	trials	124	s124_J210702	coCe_grSu6Ne	17	225.0	0	3135.432	3135.731
3135.732	0.900000000000091	trials	124	s124_J210702	grCe_grSu3Ne	5	180.0	0	3136.032	3136.331
3136.332	0.900000000000091	trials	124	s124_J210702	grCe_grSu6CiNe_PS	19	45.0	0	3136.632	3136.931
3141.441	0.900000000000091	trials	124	s124_J210702	coCe_grSu6Ne	17	90.0	0	3141.741	3142.04
3145.741	0.900000000000091	trials	124	s124_J210702	grCe_grSu12Mi	9	315.0	0	3146.041	3146.341
3146.341	0.900000000000091	trials	124	s124_J210702	coCe_grSu6Ne	17	45.0	0	3146.641	3146.941
3146.941	0.900000000000091	trials	124	s124_J210702	grCe_grSu6Ne	7	45.0	0	3147.241	3147.541
3152.259	0.900000000000091	trials	124	s124_J210702	grCe_grSu18Fa	11	45.0	0	3152.559	3152.858
3152.859	0.900000000000091	trials	124	s124_J210702	grCe_grSu6CiNe	15	315.0	0	3153.159	3153.458
3158.435	0.900000000000091	trials	124	s124_J210702	grCe_grSu1Ne	3	0.0	0	3158.735	3159.034
3159.035	0.900000000000091	trials	124	s124_J210702	grCe_grSu12SmCiNe	13	225.0	0	3159.335	3159.634
3164.6769999999997	0.900000000000091	trials	124	s124_J210702	grCe_grSu6Ne_PS	18	180.0	0	3164.977	3165.277
3165.277	0.900000000000091	trials	124	s124_J210702	grSu6CiNe	14		0	3165.577	3165.877
3165.877	0.900000000000091	trials	124	s124_J210702	grCe_grSu12SmCiNe_PS	21	180.0	0	3166.177	3166.477
3171.0029999999997	0.900000000000091	trials	124	s124_J210702	grCe_grSu6CiNe_PS	19	90.0	0	3171.303	3171.602
3171.636	0.900000000000091	trials	124	s124_J210702	grCe_grSu6CiNe	15	225.0	0	3171.936	3172.236
3172.236	0.900000000000091	trials	124	s124_J210702	grCe_grSu12SmCiNe	13	135.0	0	3172.536	3172.836
3180.2369999999996	0.900000000000091	trials	124	s124_J210702	grCe_grSu12SmCiNe	13	90.0	0	3180.537	3180.837
3180.8379999999997	0.900000000000091	trials	124	s124_J210702	grSu3Ne	4		0	3181.138	3181.437
3181.4379999999996	0.900000000000091	trials	124	s124_J210702	grCe_grSu1Ne	3	315.0	0	3181.738	3182.037
3186.4379999999996	0.900000000000091	trials	124	s124_J210702	grCe_grSu6Ne	7	135.0	0	3186.738	3187.038
3189.8889999999997	0.900000000000091	trials	124	s124_J210702	grCe_grSu12SmCiNe_PS	21	90.0	0	3190.189	3190.488
3196.756	0.900000000000091	trials	124	s124_J210702	grCe_grSu6CiNe	15	0.0	0	3197.056	3197.356
3197.3559999999998	0.900000000000091	trials	124	s124_J210702	grCe_grSu6Ne	7	0.0	0	3197.656	3197.956
3202.365	0.900000000000091	trials	124	s124_J210702	grSu12Mi	8		0	3202.665	3202.965
3202.9649999999997	0.900000000000091	trials	124	s124_J210702	grCe_grSu3Ne	5	225.0	0	3203.265	3203.565
3203.5739999999996	0.900000000000091	trials	124	s124_J210702	grCe_grSu12Mi	9	45.0	0	3203.874	3204.173
3208.658	0.900000000000091	trials	124	s124_J210702	grCe_grSu6CiNe_PS	19	180.0	0	3208.958	3209.257
3209.258	0.900000000000091	trials	124	s124_J210702	coCe	16	90.0	0	3209.558	3209.857
3209.8579999999997	0.900000000000091	trials	124	s124_J210702	grCe_grSu6CiNe_PS	19	135.0	0	3210.158	3210.457
3214.9339999999997	0.900000000000091	trials	124	s124_J210702	grCe_grSu3Ne	5	45.0	0	3215.234	3215.533
3218.5589999999997	0.900000000000091	trials	124	s124_J210702	grCe_grSu12SmCiNe	13	270.0	0	3218.859	3219.159
3219.1679999999997	0.900000000000091	trials	124	s124_J210702	coCe_grSu6Ne	17	270.0	0	3219.468	3219.767
3219.768	0.900000000000091	trials	124	s124_J210702	grCe	1	225.0	0	3220.068	3220.367
3224.7929999999997	0.900000000000091	trials	124	s124_J210702	grCe	1	90.0	0	3225.093	3225.393
3225.993	0.900000000000091	trials	124	s124_J210702	NoStim	0		0	3226.293	3226.593
3230.977	0.900000000000091	trials	124	s124_J210702	grCe_grSu1Ne	3	270.0	0	3231.277	3231.577
3231.5769999999998	0.900000000000091	trials	124	s124_J210702	grCe_grSu6Ne	7	270.0	0	3231.877	3232.177
3232.178	0.900000000000091	trials	124	s124_J210702	grCe_grSu6CiNe	15	180.0	0	3232.478	3232.777
3240.5119999999997	0.900000000000091	trials	124	s124_J210702	grCe_grSu18Fa	11	135.0	0	3240.812	3241.111
3241.1119999999996	0.900000000000091	trials	124	s124_J210702	grCe_grSu6CiNe	15	45.0	0	3241.412	3241.712
3241.712	0.900000000000091	trials	124	s124_J210702	grCe	1	0.0	0	3242.012	3242.312
3246.7129999999997	0.900000000000091	trials	124	s124_J210702	grCe_grSu6Ne	7	90.0	0	3247.013	3247.312
3247.3129999999996	0.900000000000091	trials	124	s124_J210702	grCe_grSu1Ne	3	45.0	0	3247.613	3247.912
3247.921	0.900000000000091	trials	124	s124_J210702	grCe_grSu18Fa	11	90.0	0	3248.221	3248.521
3253.089	0.900000000000091	trials	124	s124_J210702	grCe_grSu3Ne	5	315.0	0	3253.389	3253.688
3253.689	0.900000000000091	trials	124	s124_J210702	grCe_grSu12SmCiNe_PS	21	270.0	0	3253.989	3254.288
3254.2889999999998	0.900000000000091	trials	124	s124_J210702	grCe	1	45.0	0	3254.589	3254.888
3263.173	0.900000000000091	trials	124	s124_J210702	grCe_grSu12SmCiNe_PS	21	0.0	0	3263.473	3263.773
3263.7819999999997	0.900000000000091	trials	124	s124_J210702	grCe_grSu12Mi	9	225.0	0	3264.082	3264.381
3268.674	0.900000000000091	trials	124	s124_J210702	grCe_grSu1Ne	3	135.0	0	3268.974	3269.273
3269.274	0.900000000000091	trials	124	s124_J210702	grCe_grSu3Ne	5	135.0	0	3269.574	3269.874
3269.874	0.900000000000091	trials	124	s124_J210702	coCe	16	135.0	0	3270.174	3270.474
3275.033	0.900000000000091	trials	124	s124_J210702	grCe	1	315.0	0	3275.333	3275.633
3278.475	0.900000000000091	trials	124	s124_J210702	grCe_grSu1Ne	3	90.0	0	3278.775	3279.075
3279.6749999999997	0.900000000000091	trials	124	s124_J210702	grCe_grSu12SmCiNe	13	315.0	0	3279.975	3280.275
3288.618	0.900000000000091	trials	124	s124_J210702	grCe_grSu12SmCiNe_PS	21	315.0	0	3288.918	3289.218
3289.218	0.900000000000091	trials	124	s124_J210702	grSu6Ne	6		0	3289.518	3289.818
3289.8179999999998	0.900000000000091	trials	124	s124_J210702	grCe_grSu6Ne_PS	18	225.0	0	3290.118	3290.418
3294.6859999999997	0.900000000000091	trials	124	s124_J210702	grCe_grSu6CiNe	15	90.0	0	3294.986	3295.285
3295.294	0.900000000000091	trials	124	s124_J210702	grCe_grSu18Fa	11	0.0	0	3295.594	3295.894
3295.902	0.900000000000091	trials	124	s124_J210702	grCe_grSu18Fa	11	315.0	0	3296.202	3296.502
3300.778	0.900000000000091	trials	124	s124_J210702	grCe_grSu12Mi	9	135.0	0	3301.078	3301.378
3301.3779999999997	0.900000000000091	trials	124	s124_J210702	grCe_grSu6Ne	7	315.0	0	3301.678	3301.978
3301.9779999999996	0.900000000000091	trials	124	s124_J210702	grCe_grSu12SmCiNe	13	180.0	0	3302.278	3302.578
3306.837	0.900000000000091	trials	124	s124_J210702	grCe_grSu12SmCiNe	13	45.0	0	3307.137	3307.437
3307.596	0.900000000000091	trials	124	s124_J210702	coCe_grSu6Ne	17	270.0	1	3307.896	3308.195
3312.988	0.900000000000091	trials	124	s124_J210702	grCe_grSu6CiNe_PS	19	270.0	1	3313.288	3313.588
3313.5879999999997	0.900000000000091	trials	124	s124_J210702	grCe	1	90.0	1	3313.888	3314.188
3314.1969999999997	0.900000000000091	trials	124	s124_J210702	grCe_grSu1Ne	3	0.0	1	3314.497	3314.796
3319.18	0.900000000000091	trials	124	s124_J210702	grCe_grSu6Ne	7	225.0	1	3319.48	3319.78
3319.781	0.900000000000091	trials	124	s124_J210702	grCe_grSu6Ne	7	270.0	1	3320.081	3320.38
3320.381	0.900000000000091	trials	124	s124_J210702	grCe	1	45.0	1	3320.681	3320.98
3339.075	0.900000000000091	trials	124	s124_J210702	grCe_grSu12SmCiNe	13	0.0	1	3339.375	3339.674
3339.6749999999997	0.900000000000091	trials	124	s124_J210702	grSu12Mi	8		1	3339.975	3340.274
3340.2749999999996	0.900000000000091	trials	124	s124_J210702	grCe_grSu6CiNe_PS	19	225.0	1	3340.575	3340.874
3345.326	0.900000000000091	trials	124	s124_J210702	grCe_grSu12Mi	9	0.0	1	3345.626	3345.925
3346.526	0.900000000000091	trials	124	s124_J210702	grCe_grSu12SmCiNe	13	135.0	1	3346.826	3347.125
3351.493	0.900000000000091	trials	124	s124_J210702	grCe_grSu18Fa	11	180.0	1	3351.793	3352.093
3352.093	0.900000000000091	trials	124	s124_J210702	grCe_grSu1Ne	3	315.0	1	3352.393	3352.693
3357.56	0.900000000000091	trials	124	s124_J210702	coCe	16	135.0	1	3357.86	3358.16
3361.553	0.900000000000091	trials	124	s124_J210702	grCe_grSu12SmCiNe_PS	21	0.0	1	3361.853	3362.152
3362.153	0.900000000000091	trials	124	s124_J210702	grCe_grSu6Ne	7	180.0	1	3362.453	3362.752
3362.7529999999997	0.900000000000091	trials	124	s124_J210702	grCe_grSu6CiNe	15	135.0	1	3363.053	3363.352
3367.8779999999997	0.900000000000091	trials	124	s124_J210702	grCe_grSu6CiNe	15	180.0	1	3368.178	3368.478
3377.1459999999997	0.900000000000091	trials	124	s124_J210702	coCe	16	0.0	1	3377.446	3377.746
3377.7459999999996	0.900000000000091	trials	124	s124_J210702	coCe	16	225.0	1	3378.046	3378.346
3378.346	0.900000000000091	trials	124	s124_J210702	coCe	16	45.0	1	3378.646	3378.946
3383.9809999999998	0.900000000000091	trials	124	s124_J210702	grCe_grSu6CiNe	15	45.0	1	3384.281	3384.58
3384.5809999999997	0.900000000000091	trials	124	s124_J210702	grCe_grSu1Ne	3	90.0	1	3384.881	3385.18
3389.573	0.900000000000091	trials	124	s124_J210702	grCe_grSu12SmCiNe	13	315.0	1	3389.873	3390.172
3390.181	0.900000000000091	trials	124	s124_J210702	grCe_grSu3Ne	5	0.0	1	3390.481	3390.781
3395.999	0.900000000000091	trials	124	s124_J210702	grSu12SmCiNe	12		1	3396.299	3396.598
3396.616	0.900000000000091	trials	124	s124_J210702	grCe_grSu3Ne	5	90.0	1	3396.916	3397.215
3397.216	0.900000000000091	trials	124	s124_J210702	grCe_grSu6CiNe_PS	19	315.0	1	3397.516	3397.815
3405.6169999999997	0.900000000000091	trials	124	s124_J210702	grCe_grSu12SmCiNe	13	45.0	1	3405.917	3406.216
3406.2169999999996	0.900000000000091	trials	124	s124_J210702	grCe_grSu6CiNe_PS	19	135.0	1	3406.517	3406.816
3414.935	0.900000000000091	trials	124	s124_J210702	grCe_grSu18Fa	11	45.0	1	3415.235	3415.534
3415.535	0.900000000000091	trials	124	s124_J210702	grCe_grSu12SmCiNe	13	270.0	1	3415.835	3416.134
3416.1349999999998	0.900000000000091	trials	124	s124_J210702	grCe_grSu6CiNe_PS	19	0.0	1	3416.435	3416.734
3421.602	0.900000000000091	trials	124	s124_J210702	grCe_grSu3Ne	5	225.0	1	3421.902	3422.202
3422.2189999999996	0.900000000000091	trials	124	s124_J210702	grCe_grSu18Fa	11	0.0	1	3422.519	3422.818
3427.211	0.900000000000091	trials	124	s124_J210702	grSu18Fa	10		1	3427.511	3427.811
3427.8109999999997	0.900000000000091	trials	124	s124_J210702	grCe_grSu6Ne	7	45.0	1	3428.111	3428.411
3428.4109999999996	0.900000000000091	trials	124	s124_J210702	grCe_grSu12SmCiNe	13	90.0	1	3428.711	3429.011
3433.6119999999996	0.900000000000091	trials	124	s124_J210702	grCe_grSu3Ne	5	135.0	1	3433.912	3434.211
3434.212	0.900000000000091	trials	124	s124_J210702	grCe	1	270.0	1	3434.512	3434.812
3434.812	0.900000000000091	trials	124	s124_J210702	grSu6Ne	6		1	3435.112	3435.412
3439.8709999999996	0.900000000000091	trials	124	s124_J210702	coCe_grSu6Ne	17	90.0	1	3440.171	3440.471
3440.4959999999996	0.900000000000091	trials	124	s124_J210702	grCe_grSu1Ne	3	225.0	1	3440.796	3441.096
3441.096	0.900000000000091	trials	124	s124_J210702	grCe_grSu6Ne_PS	18	225.0	1	3441.396	3441.696
3446.23	0.900000000000091	trials	124	s124_J210702	grCe	1	0.0	1	3446.53	3446.83
3450.022	0.900000000000091	trials	124	s124_J210702	coCe	16	180.0	1	3450.322	3450.622
3450.6229999999996	0.900000000000091	trials	124	s124_J210702	coCe_grSu6Ne	17	315.0	1	3450.923	3451.222
3451.2309999999998	0.900000000000091	trials	124	s124_J210702	grCe_grSu12Mi	9	45.0	1	3451.531	3451.83
3457.5649999999996	0.900000000000091	trials	124	s124_J210702	grCe_grSu6CiNe	15	90.0	1	3457.865	3458.165
3463.308	0.900000000000091	trials	124	s124_J210702	grCe_grSu6Ne_PS	18	45.0	1	3463.608	3463.907
3469.017	0.900000000000091	trials	124	s124_J210702	grCe_grSu12SmCiNe_PS	21	270.0	1	3469.317	3469.616
3469.625	0.900000000000091	trials	124	s124_J210702	grCe_grSu12Mi	9	135.0	1	3469.925	3470.225
3470.225	0.900000000000091	trials	124	s124_J210702	grCe_grSu6CiNe_PS	19	45.0	1	3470.525	3470.825
3475.901	0.900000000000091	trials	124	s124_J210702	grCe_grSu3Ne	5	45.0	1	3476.201	3476.5
3476.5009999999997	0.900000000000091	trials	124	s124_J210702	grCe	1	135.0	1	3476.801	3477.1
3482.1929999999998	0.900000000000091	trials	124	s124_J210702	grCe_grSu18Fa	11	90.0	1	3482.493	3482.793
3482.81	0.900000000000091	trials	124	s124_J210702	grCe_grSu6Ne	7	135.0	1	3483.11	3483.41
3488.194	0.900000000000091	trials	124	s124_J210702	grCe_grSu18Fa	11	225.0	1	3488.494	3488.794
3488.794	0.900000000000091	trials	124	s124_J210702	coCe_grSu6Ne	17	180.0	1	3489.094	3489.394
3493.828	0.900000000000091	trials	124	s124_J210702	grCe_grSu12SmCiNe	13	225.0	1	3494.128	3494.428
3494.437	0.900000000000091	trials	124	s124_J210702	grCe_grSu6CiNe	15	225.0	1	3494.737	3495.036
3495.037	0.900000000000091	trials	124	s124_J210702	NoStim	0		1	3495.337	3495.636
3509.93	0.900000000000091	trials	124	s124_J210702	coCe_grSu6Ne	17	45.0	1	3510.23	3510.53
3510.5299999999997	0.900000000000091	trials	124	s124_J210702	grCe_grSu6Ne_PS	18	90.0	1	3510.83	3511.13
3511.1299999999997	0.900000000000091	trials	124	s124_J210702	grCe_grSu12SmCiNe_PS	21	225.0	1	3511.43	3511.73
3519.3559999999998	0.900000000000091	trials	124	s124_J210702	grCe_grSu6Ne_PS	18	135.0	1	3519.656	3519.956
3520.5899999999997	0.900000000000091	trials	124	s124_J210702	grCe_grSu6CiNe	15	0.0	1	3520.89	3521.189
3525.3909999999996	0.900000000000091	trials	124	s124_J210702	grCe	1	225.0	1	3525.691	3525.99
3525.991	0.900000000000091	trials	124	s124_J210702	grCe_grSu6CiNe_PS	19	90.0	1	3526.291	3526.59
3526.591	0.900000000000091	trials	124	s124_J210702	grCe_grSu6Ne_PS	18	270.0	1	3526.891	3527.19
3535.567	0.900000000000091	trials	124	s124_J210702	grCe_grSu1Ne	3	135.0	1	3535.867	3536.166
3536.167	0.900000000000091	trials	124	s124_J210702	grCe_grSu6Ne	7	315.0	1	3536.467	3536.766
3536.767	0.900000000000091	trials	124	s124_J210702	coCe_grSu6Ne	17	225.0	1	3537.067	3537.367
3544.651	0.900000000000091	trials	124	s124_J210702	grCe_grSu1Ne	3	180.0	1	3544.951	3545.251
3545.2509999999997	0.900000000000091	trials	124	s124_J210702	grCe_grSu6Ne	7	0.0	1	3545.551	3545.851
3545.852	0.900000000000091	trials	124	s124_J210702	coCe	16	270.0	1	3546.152	3546.451
3550.9269999999997	0.900000000000091	trials	124	s124_J210702	grCe_grSu12SmCiNe	13	180.0	1	3551.227	3551.527
3557.511	0.900000000000091	trials	124	s124_J210702	grCe_grSu6CiNe	15	270.0	1	3557.811	3558.111
3558.712	0.900000000000091	trials	124	s124_J210702	grCe	1	180.0	1	3559.012	3559.311
3563.779	0.900000000000091	trials	124	s124_J210702	grCe_grSu12Mi	9	315.0	1	3564.079	3564.378
3564.9869999999996	0.900000000000091	trials	124	s124_J210702	grCe_grSu18Fa	11	270.0	1	3565.287	3565.587
3570.046	0.900000000000091	trials	124	s124_J210702	coCe	16	315.0	1	3570.346	3570.646
3570.6459999999997	0.900000000000091	trials	124	s124_J210702	grCe_grSu12SmCiNe_PS	21	90.0	1	3570.946	3571.246
3576.372	0.900000000000091	trials	124	s124_J210702	grCe_grSu3Ne	5	180.0	1	3576.672	3576.972
3576.9809999999998	0.900000000000091	trials	124	s124_J210702	grCe_grSu12Mi	9	270.0	1	3577.281	3577.58
3577.589	0.900000000000091	trials	124	s124_J210702	grCe_grSu12Mi	9	225.0	1	3577.889	3578.188
3586.2149999999997	0.900000000000091	trials	124	s124_J210702	grCe_grSu12SmCiNe_PS	21	315.0	1	3586.515	3586.815
3586.857	0.900000000000091	trials	124	s124_J210702	grCe_grSu18Fa	11	135.0	1	3587.157	3587.456
3587.457	0.900000000000091	trials	124	s124_J210702	coCe_grSu6Ne	17	135.0	1	3587.757	3588.056
3592.866	0.900000000000091	trials	124	s124_J210702	grCe_grSu6CiNe	15	315.0	1	3593.166	3593.465
3593.466	0.900000000000091	trials	124	s124_J210702	grCe_grSu12SmCiNe_PS	21	45.0	1	3593.766	3594.066
3594.0739999999996	0.900000000000091	trials	124	s124_J210702	grCe_grSu3Ne	5	270.0	1	3594.374	3594.674
3598.933	0.900000000000091	trials	124	s124_J210702	grCe_grSu6Ne_PS	18	180.0	1	3599.233	3599.533
3600.134	0.900000000000091	trials	124	s124_J210702	grCe_grSu1Ne	3	45.0	1	3600.434	3600.733
3608.6259999999997	0.900000000000091	trials	124	s124_J210702	grCe_grSu12SmCiNe_PS	21	180.0	1	3608.926	3609.226
3609.2259999999997	0.900000000000091	trials	124	s124_J210702	grCe_grSu12SmCiNe_PS	21	135.0	1	3609.526	3609.826
3609.835	0.900000000000091	trials	124	s124_J210702	grCe_grSu12Mi	9	180.0	1	3610.135	3610.434
3614.8599999999997	0.900000000000091	trials	124	s124_J210702	grSu6CiNe	14		1	3615.16	3615.46
3615.461	0.900000000000091	trials	124	s124_J210702	grCe_grSu6CiNe_PS	19	180.0	1	3615.761	3616.06
3616.069	0.900000000000091	trials	124	s124_J210702	grSu3Ne	4		1	3616.369	3616.668
3621.145	0.900000000000091	trials	124	s124_J210702	coCe	16	90.0	1	3621.445	3621.744
3621.7529999999997	0.900000000000091	trials	124	s124_J210702	grCe_grSu12Mi	9	90.0	1	3622.053	3622.353
3626.095	0.900000000000091	trials	124	s124_J210702	coSu6Ne	20		1	3626.395	3626.695
3626.6949999999997	0.900000000000091	trials	124	s124_J210702	grCe_grSu3Ne	5	315.0	1	3626.995	3627.295
3627.2949999999996	0.900000000000091	trials	124	s124_J210702	grCe_grSu6Ne_PS	18	315.0	1	3627.595	3627.895
3639.772	0.900000000000091	trials	124	s124_J210702	grCe_grSu6Ne	7	90.0	1	3640.072	3640.372
3640.372	0.900000000000091	trials	124	s124_J210702	grCe	1	315.0	1	3640.672	3640.972
3645.6059999999998	0.900000000000091	trials	124	s124_J210702	grCe_grSu1Ne	3	270.0	1	3645.906	3646.206
3646.2149999999997	0.900000000000091	trials	124	s124_J210702	grCe_grSu18Fa	11	315.0	1	3646.515	3646.814
3646.8149999999996	0.900000000000091	trials	124	s124_J210702	grCe_grSu6Ne_PS	18	0.0	1	3647.115	3647.414
3651.624	0.900000000000091	trials	124	s124_J210702	coCe_grSu6Ne	17	0.0	1	3651.924	3652.223
3652.8239999999996	0.900000000000091	trials	124	s124_J210702	grSu1Ne	2		1	3653.124	3653.423
