onset	duration	nwb_table	ses_ID	ses_Name	cond_Name	cond_ID	target_rot	rep_num	pdOn	pdOff
26.593999999999998	0.9000000000000021	trials	58	s058_F200813	grSu3Ne	4		6	26.894	27.194
27.201999999999998	0.9000000000000021	trials	58	s058_F200813	grCe_grSu6CiNe_PS	19	90.0	6	27.502	27.802
27.843999999999998	0.9000000000000021	trials	58	s058_F200813	grCe_grSu6CiNe	15	0.0	6	28.144	28.444
28.468999999999998	0.9000000000000021	trials	58	s058_F200813	grCe_grSu12SmCiNe_PS	21	315.0	6	28.769	29.069
29.119	0.9000000000000021	trials	58	s058_F200813	grCe_grSu18Fa	11	45.0	6	29.419	29.719
34.262	0.8999999999999986	trials	58	s058_F200813	grCe_grSu12Mi	9	270.0	6	34.562	34.861
35.478	0.8999999999999986	trials	58	s058_F200813	grCe_grSu12SmCiNe	13	135.0	6	35.778	36.078
36.079	0.8999999999999986	trials	58	s058_F200813	coCe	16	180.0	6	36.379	36.678
36.679	0.8999999999999986	trials	58	s058_F200813	grCe_grSu6Ne_PS	18	0.0	6	36.979	37.278
41.746	0.8999999999999986	trials	58	s058_F200813	grCe_grSu6CiNe_PS	19	270.0	6	42.046	42.346
42.388000000000005	0.8999999999999986	trials	58	s058_F200813	grCe	1	225.0	6	42.688	42.987
42.996	0.8999999999999986	trials	58	s058_F200813	grCe	1	135.0	6	43.296	43.596
43.605000000000004	0.8999999999999986	trials	58	s058_F200813	grCe_grSu12SmCiNe	13	90.0	6	43.905	44.204
44.213	0.8999999999999986	trials	58	s058_F200813	grCe_grSu3Ne	5	315.0	6	44.513	44.813
70.3	0.8999999999999915	trials	58	s058_F200813	grCe_grSu18Fa	11	225.0	6	70.6	70.899
70.941	0.8999999999999915	trials	58	s058_F200813	grCe_grSu6Ne_PS	18	180.0	6	71.241	71.541
71.741	0.8999999999999915	trials	58	s058_F200813	grCe_grSu6Ne	7	180.0	6	72.041	72.341
72.375	0.8999999999999915	trials	58	s058_F200813	grCe_grSu6CiNe	15	90.0	6	72.675	72.975
72.97500000000001	0.8999999999999915	trials	58	s058_F200813	grCe	1	90.0	6	73.275	73.575
78.142	0.8999999999999915	trials	58	s058_F200813	grCe_grSu18Fa	11	270.0	6	78.442	78.742
79.35900000000001	0.8999999999999915	trials	58	s058_F200813	grCe_grSu12SmCiNe	13	45.0	6	79.659	79.959
79.968	0.8999999999999915	trials	58	s058_F200813	grCe_grSu12Mi	9	45.0	6	80.268	80.567
80.57600000000001	0.8999999999999915	trials	58	s058_F200813	grCe_grSu3Ne	5	135.0	6	80.876	81.176
85.843	0.8999999999999915	trials	58	s058_F200813	grCe_grSu12SmCiNe	13	0.0	6	86.143	86.443
86.452	0.8999999999999915	trials	58	s058_F200813	grSu6Ne	6		6	86.752	87.051
90.62700000000001	0.8999999999999915	trials	58	s058_F200813	grCe_grSu12Mi	9	0.0	6	90.927	91.227
91.236	0.8999999999999915	trials	58	s058_F200813	coCe_grSu6Ne	17	0.0	6	91.536	91.835
91.852	0.8999999999999915	trials	58	s058_F200813	grCe_grSu6Ne	7	225.0	6	92.152	92.452
92.503	0.8999999999999915	trials	58	s058_F200813	grCe_grSu6Ne	7	315.0	6	92.803	93.102
93.111	0.8999999999999915	trials	58	s058_F200813	grCe_grSu6Ne	7	45.0	6	93.411	93.711
98.60300000000001	0.8999999999999915	trials	58	s058_F200813	grCe_grSu3Ne	5	180.0	6	98.903	99.203
99.23700000000001	0.8999999999999915	trials	58	s058_F200813	coCe	16	90.0	6	99.537	99.836
99.837	0.8999999999999915	trials	58	s058_F200813	coCe	16	135.0	6	100.137	100.436
100.47	0.8999999999999915	trials	58	s058_F200813	grCe_grSu6Ne	7	270.0	6	100.77	101.07
101.104	0.8999999999999915	trials	58	s058_F200813	grCe_grSu18Fa	11	135.0	6	101.404	101.703
106.504	0.8999999999999915	trials	58	s058_F200813	grCe_grSu1Ne	3	315.0	6	106.804	107.104
107.146	0.8999999999999915	trials	58	s058_F200813	grCe_grSu6CiNe	15	225.0	6	107.446	107.746
107.754	0.8999999999999915	trials	58	s058_F200813	grCe_grSu12Mi	9	225.0	6	108.054	108.354
108.355	0.8999999999999915	trials	58	s058_F200813	coCe	16	0.0	6	108.655	108.954
114.522	0.8999999999999915	trials	58	s058_F200813	grCe	1	270.0	6	114.822	115.122
115.139	0.8999999999999915	trials	58	s058_F200813	grCe_grSu6Ne_PS	18	90.0	6	115.439	115.738
115.739	0.8999999999999915	trials	58	s058_F200813	coCe	16	45.0	6	116.039	116.339
116.956	0.8999999999999915	trials	58	s058_F200813	grCe_grSu12SmCiNe	13	315.0	6	117.256	117.555
122.665	0.8999999999999915	trials	58	s058_F200813	grCe_grSu1Ne	3	45.0	6	122.965	123.264
126.74000000000001	0.8999999999999915	trials	58	s058_F200813	coCe_grSu6Ne	17	270.0	6	127.04	127.34
127.349	0.8999999999999915	trials	58	s058_F200813	grCe_grSu3Ne	5	90.0	6	127.649	127.948
127.949	0.8999999999999915	trials	58	s058_F200813	grCe	1	45.0	6	128.249	128.548
128.565	0.9000000000000057	trials	58	s058_F200813	grCe_grSu18Fa	11	90.0	6	128.865	129.165
129.17399999999998	0.9000000000000057	trials	58	s058_F200813	coCe_grSu6Ne	17	315.0	6	129.474	129.774
134.42499999999998	0.9000000000000057	trials	58	s058_F200813	grSu12SmCiNe	12		6	134.725	135.024
135.033	0.9000000000000057	trials	58	s058_F200813	grCe_grSu3Ne	5	270.0	6	135.333	135.633
135.641	0.9000000000000057	trials	58	s058_F200813	grCe_grSu12SmCiNe_PS	21	45.0	6	135.941	136.241
136.27499999999998	0.9000000000000057	trials	58	s058_F200813	grCe_grSu6Ne_PS	18	270.0	6	136.575	136.875
136.875	0.9000000000000057	trials	58	s058_F200813	grCe	1	180.0	6	137.175	137.475
142.634	0.9000000000000057	trials	58	s058_F200813	grCe_grSu6Ne_PS	18	135.0	6	142.934	143.234
143.267	0.9000000000000057	trials	58	s058_F200813	grCe_grSu6Ne_PS	18	45.0	6	143.567	143.867
143.90099999999998	0.9000000000000057	trials	58	s058_F200813	grCe_grSu12SmCiNe	13	180.0	6	144.201	144.501
145.12599999999998	0.9000000000000057	trials	58	s058_F200813	grCe_grSu12Mi	9	315.0	6	145.426	145.726
151.535	0.9000000000000057	trials	58	s058_F200813	grCe_grSu6Ne	7	90.0	6	151.835	152.135
152.73499999999999	0.9000000000000057	trials	58	s058_F200813	grCe_grSu12SmCiNe_PS	21	90.0	6	153.035	153.335
161.31099999999998	0.9000000000000057	trials	58	s058_F200813	grCe_grSu12SmCiNe_PS	21	270.0	6	161.611	161.911
161.92	0.9000000000000057	trials	58	s058_F200813	grCe_grSu1Ne	3	0.0	6	162.22	162.519
162.553	0.9000000000000057	trials	58	s058_F200813	grCe_grSu12SmCiNe_PS	21	135.0	6	162.853	163.153
163.153	0.9000000000000057	trials	58	s058_F200813	coCe	16	315.0	6	163.453	163.753
163.76999999999998	0.9000000000000057	trials	58	s058_F200813	grCe_grSu6Ne_PS	18	315.0	6	164.07	164.37
168.99599999999998	0.9000000000000057	trials	58	s058_F200813	coCe_grSu6Ne	17	90.0	6	169.296	169.595
169.60399999999998	0.9000000000000057	trials	58	s058_F200813	grCe_grSu6CiNe_PS	19	0.0	6	169.904	170.204
170.22899999999998	0.9000000000000057	trials	58	s058_F200813	grCe_grSu6CiNe	15	45.0	6	170.529	170.829
170.84599999999998	0.9000000000000057	trials	58	s058_F200813	grCe_grSu12Mi	9	135.0	6	171.146	171.446
171.49599999999998	0.9000000000000057	trials	58	s058_F200813	grCe_grSu18Fa	11	315.0	6	171.796	172.096
177.422	0.9000000000000057	trials	58	s058_F200813	grCe_grSu6CiNe	15	315.0	6	177.722	178.022
178.03	0.9000000000000057	trials	58	s058_F200813	grCe_grSu12SmCiNe	13	225.0	6	178.33	178.63
178.63899999999998	0.9000000000000057	trials	58	s058_F200813	coCe_grSu6Ne	17	45.0	6	178.939	179.238
179.255	0.9000000000000057	trials	58	s058_F200813	grCe_grSu18Fa	11	0.0	6	179.555	179.855
191.44899999999998	0.9000000000000057	trials	58	s058_F200813	grCe_grSu12SmCiNe	13	270.0	6	191.749	192.048
192.04899999999998	0.9000000000000057	trials	58	s058_F200813	grCe_grSu6CiNe_PS	19	45.0	6	192.349	192.648
192.65699999999998	0.9000000000000057	trials	58	s058_F200813	grSu12Mi	8		6	192.957	193.257
193.25699999999998	0.9000000000000057	trials	58	s058_F200813	grCe	1	315.0	6	193.557	193.857
193.86599999999999	0.9000000000000057	trials	58	s058_F200813	grCe_grSu6CiNe	15	180.0	6	194.166	194.465
199.916	0.9000000000000057	trials	58	s058_F200813	grCe_grSu6Ne	7	135.0	6	200.216	200.516
200.54999999999998	0.9000000000000057	trials	58	s058_F200813	coCe	16	225.0	6	200.85	201.149
201.167	0.9000000000000057	trials	58	s058_F200813	grSu18Fa	10		6	201.467	201.766
207.117	0.9000000000000057	trials	58	s058_F200813	grCe_grSu1Ne	3	135.0	6	207.417	207.717
208.367	0.9000000000000057	trials	58	s058_F200813	grCe_grSu1Ne	3	180.0	6	208.667	208.967
208.968	0.9000000000000057	trials	58	s058_F200813	grCe	1	0.0	6	209.268	209.567
209.593	0.9000000000000057	trials	58	s058_F200813	grCe_grSu3Ne	5	225.0	6	209.893	210.192
215.018	0.9000000000000057	trials	58	s058_F200813	grCe_grSu3Ne	5	0.0	6	215.318	215.618
215.62699999999998	0.9000000000000057	trials	58	s058_F200813	grCe_grSu12Mi	9	90.0	6	215.927	216.226
216.268	0.9000000000000057	trials	58	s058_F200813	grCe_grSu1Ne	3	225.0	6	216.568	216.868
216.869	0.9000000000000057	trials	58	s058_F200813	grSu6CiNe	14		6	217.169	217.468
217.47699999999998	0.9000000000000057	trials	58	s058_F200813	grCe_grSu1Ne	3	270.0	6	217.777	218.077
224.64499999999998	0.9000000000000057	trials	58	s058_F200813	grCe_grSu12SmCiNe_PS	21	225.0	6	224.945	225.244
230.97	0.9000000000000057	trials	58	s058_F200813	grCe_grSu12Mi	9	180.0	6	231.27	231.57
231.57	0.9000000000000057	trials	58	s058_F200813	grCe_grSu6CiNe_PS	19	180.0	6	231.87	232.17
232.179	0.9000000000000057	trials	58	s058_F200813	grCe_grSu1Ne	3	90.0	6	232.479	232.779
238.92999999999998	0.9000000000000057	trials	58	s058_F200813	coCe_grSu6Ne	17	180.0	6	239.23	239.529
240.13799999999998	0.9000000000000057	trials	58	s058_F200813	grCe_grSu6Ne_PS	18	225.0	6	240.438	240.738
240.74699999999999	0.9000000000000057	trials	58	s058_F200813	grCe_grSu6Ne	7	0.0	6	241.047	241.346
245.797	0.9000000000000057	trials	58	s058_F200813	grCe_grSu6CiNe_PS	19	225.0	6	246.097	246.397
247.047	0.9000000000000057	trials	58	s058_F200813	coCe_grSu6Ne	17	225.0	6	247.347	247.647
247.68099999999998	0.9000000000000057	trials	58	s058_F200813	grCe_grSu3Ne	5	45.0	6	247.981	248.281
251.47299999999998	0.9000000000000057	trials	58	s058_F200813	grCe_grSu6CiNe	15	135.0	6	251.773	252.073
252.07299999999998	0.9000000000000057	trials	58	s058_F200813	coCe	16	270.0	6	252.373	252.673
252.71499999999997	0.9000000000000057	trials	58	s058_F200813	NoStim	0		6	253.015	253.315
253.32299999999998	0.9000000000000057	trials	58	s058_F200813	grCe_grSu6CiNe_PS	19	315.0	6	253.623	253.923
253.932	0.9000000000000057	trials	58	s058_F200813	grCe_grSu12SmCiNe_PS	21	180.0	6	254.232	254.531
263.26599999999996	0.9000000000000341	trials	58	s058_F200813	grSu1Ne	2		6	263.566	263.866
263.883	0.9000000000000341	trials	58	s058_F200813	coSu6Ne	20		6	264.183	264.483
265.09999999999997	0.9000000000000341	trials	58	s058_F200813	grCe_grSu6CiNe_PS	19	135.0	6	265.4	265.7
271.909	0.9000000000000341	trials	58	s058_F200813	grCe_grSu18Fa	11	180.0	6	272.209	272.509
272.517	0.9000000000000341	trials	58	s058_F200813	grCe_grSu6CiNe	15	270.0	6	272.817	273.117
273.134	0.9000000000000341	trials	58	s058_F200813	grCe_grSu12SmCiNe_PS	21	0.0	6	273.434	273.734
273.759	0.9000000000000341	trials	58	s058_F200813	coCe_grSu6Ne	17	135.0	6	274.059	274.359
285.477	0.9000000000000341	trials	58	s058_F200813	grCe_grSu12Mi	9	270.0	7	285.777	286.077
286.111	0.9000000000000341	trials	58	s058_F200813	grCe_grSu6Ne_PS	18	180.0	7	286.411	286.711
286.728	0.9000000000000341	trials	58	s058_F200813	grCe_grSu18Fa	11	270.0	7	287.028	287.327
287.344	0.9000000000000341	trials	58	s058_F200813	grCe_grSu6CiNe_PS	19	90.0	7	287.644	287.944
287.944	0.9000000000000341	trials	58	s058_F200813	coCe	16	225.0	7	288.244	288.544
293.003	0.9000000000000341	trials	58	s058_F200813	coCe	16	90.0	7	293.303	293.603
293.603	0.9000000000000341	trials	58	s058_F200813	grSu1Ne	2		7	293.903	294.203
294.212	0.9000000000000341	trials	58	s058_F200813	grCe_grSu6CiNe_PS	19	135.0	7	294.512	294.812
294.82	0.9000000000000341	trials	58	s058_F200813	grCe_grSu3Ne	5	180.0	7	295.12	295.42
295.462	0.9000000000000341	trials	58	s058_F200813	grCe_grSu12SmCiNe_PS	21	0.0	7	295.762	296.062
305.04699999999997	0.9000000000000341	trials	58	s058_F200813	coCe_grSu6Ne	17	315.0	7	305.347	305.646
305.655	0.9000000000000341	trials	58	s058_F200813	grCe_grSu12Mi	9	180.0	7	305.955	306.255
306.272	0.9000000000000341	trials	58	s058_F200813	grCe_grSu12Mi	9	135.0	7	306.572	306.871
306.88	0.9000000000000341	trials	58	s058_F200813	grCe_grSu3Ne	5	270.0	7	307.18	307.48
312.723	0.9000000000000341	trials	58	s058_F200813	grCe_grSu12SmCiNe_PS	21	315.0	7	313.023	313.322
313.356	0.9000000000000341	trials	58	s058_F200813	grCe_grSu6Ne_PS	18	315.0	7	313.656	313.956
313.964	0.9000000000000341	trials	58	s058_F200813	grCe_grSu12SmCiNe	13	270.0	7	314.264	314.564
324.091	0.9000000000000341	trials	58	s058_F200813	grCe_grSu6CiNe	15	270.0	7	324.391	324.69
324.716	0.9000000000000341	trials	58	s058_F200813	grCe_grSu6Ne_PS	18	135.0	7	325.016	325.316
325.33299999999997	0.9000000000000341	trials	58	s058_F200813	grCe_grSu6CiNe_PS	19	225.0	7	325.633	325.932
325.941	0.9000000000000341	trials	58	s058_F200813	coSu6Ne	20		7	326.241	326.541
326.541	0.9000000000000341	trials	58	s058_F200813	grCe	1	45.0	7	326.841	327.141
331.59999999999997	0.9000000000000341	trials	58	s058_F200813	grCe_grSu18Fa	11	135.0	7	331.9	332.2
332.834	0.9000000000000341	trials	58	s058_F200813	grCe_grSu6Ne_PS	18	45.0	7	333.134	333.433
333.517	0.9000000000000341	trials	58	s058_F200813	grCe_grSu1Ne	3	270.0	7	333.817	334.117
334.125	0.9000000000000341	trials	58	s058_F200813	grCe_grSu6Ne	7	45.0	7	334.425	334.725
347.30199999999996	0.9000000000000341	trials	58	s058_F200813	grCe_grSu3Ne	5	0.0	7	347.602	347.902
351.003	0.9000000000000341	trials	58	s058_F200813	coCe	16	45.0	7	351.303	351.602
351.61899999999997	0.9000000000000341	trials	58	s058_F200813	grCe_grSu6Ne	7	270.0	7	351.919	352.219
352.836	0.9000000000000341	trials	58	s058_F200813	grCe_grSu6Ne	7	0.0	7	353.136	353.436
353.445	0.9000000000000341	trials	58	s058_F200813	grCe_grSu12SmCiNe	13	90.0	7	353.745	354.044
358.46999999999997	0.9000000000000341	trials	58	s058_F200813	grCe_grSu6CiNe	15	90.0	7	358.77	359.07
359.679	0.9000000000000341	trials	58	s058_F200813	grCe_grSu12SmCiNe_PS	21	225.0	7	359.979	360.278
360.287	0.9000000000000341	trials	58	s058_F200813	grCe_grSu12SmCiNe_PS	21	270.0	7	360.587	360.887
360.896	0.9000000000000341	trials	58	s058_F200813	grCe_grSu6CiNe	15	45.0	7	361.196	361.495
366.205	0.9000000000000341	trials	58	s058_F200813	grCe_grSu6CiNe_PS	19	315.0	7	366.505	366.804
368.755	0.9000000000000341	trials	58	s058_F200813	grCe_grSu12Mi	9	225.0	7	369.055	369.355
373.914	0.9000000000000341	trials	58	s058_F200813	grCe_grSu12Mi	9	90.0	7	374.214	374.514
374.522	0.9000000000000341	trials	58	s058_F200813	grCe_grSu6Ne_PS	18	225.0	7	374.822	375.122
375.122	0.9000000000000341	trials	58	s058_F200813	grCe	1	180.0	7	375.422	375.722
375.731	0.9000000000000341	trials	58	s058_F200813	grCe_grSu12Mi	9	315.0	7	376.031	376.33
376.373	0.9000000000000341	trials	58	s058_F200813	grCe	1	225.0	7	376.673	376.972
385.62399999999997	0.9000000000000341	trials	58	s058_F200813	NoStim	0		7	385.924	386.223
386.257	0.9000000000000341	trials	58	s058_F200813	grCe_grSu1Ne	3	225.0	7	386.557	386.857
386.85699999999997	0.9000000000000341	trials	58	s058_F200813	grCe_grSu12SmCiNe_PS	21	90.0	7	387.157	387.457
387.466	0.9000000000000341	trials	58	s058_F200813	grCe_grSu12Mi	9	45.0	7	387.766	388.065
396.734	0.9000000000000341	trials	58	s058_F200813	coCe	16	0.0	7	397.034	397.334
400.518	0.9000000000000341	trials	58	s058_F200813	coCe_grSu6Ne	17	45.0	7	400.818	401.118
401.135	0.9000000000000341	trials	58	s058_F200813	grCe_grSu1Ne	3	180.0	7	401.435	401.735
401.735	0.9000000000000341	trials	58	s058_F200813	grCe_grSu6CiNe_PS	19	270.0	7	402.035	402.335
402.335	0.9000000000000341	trials	58	s058_F200813	grCe_grSu6Ne_PS	18	270.0	7	402.635	402.935
402.944	0.9000000000000341	trials	58	s058_F200813	grCe_grSu3Ne	5	135.0	7	403.244	403.543
408.38599999999997	0.9000000000000341	trials	58	s058_F200813	grCe_grSu6Ne_PS	18	0.0	7	408.686	408.986
412.428	0.9000000000000341	trials	58	s058_F200813	coCe_grSu6Ne	17	90.0	7	412.728	413.028
413.678	0.9000000000000341	trials	58	s058_F200813	grCe_grSu6Ne	7	180.0	7	413.978	414.278
414.295	0.9000000000000341	trials	58	s058_F200813	coCe	16	135.0	7	414.595	414.895
414.904	0.9000000000000341	trials	58	s058_F200813	grCe_grSu1Ne	3	45.0	7	415.204	415.503
423.18	0.9000000000000341	trials	58	s058_F200813	coCe_grSu6Ne	17	225.0	7	423.48	423.779
423.938	0.9000000000000341	trials	58	s058_F200813	grCe_grSu12SmCiNe	13	0.0	7	424.238	424.538
424.546	0.9000000000000341	trials	58	s058_F200813	coCe_grSu6Ne	17	180.0	7	424.846	425.146
425.163	0.9000000000000341	trials	58	s058_F200813	grCe_grSu18Fa	11	315.0	7	425.463	425.763
425.772	0.9000000000000341	trials	58	s058_F200813	grCe	1	270.0	7	426.072	426.371
431.131	0.9000000000000341	trials	58	s058_F200813	grCe_grSu18Fa	11	45.0	7	431.431	431.73
431.739	0.9000000000000341	trials	58	s058_F200813	grCe_grSu6Ne	7	225.0	7	432.039	432.339
432.364	0.9000000000000341	trials	58	s058_F200813	grCe_grSu12SmCiNe_PS	21	180.0	7	432.664	432.964
465.043	0.9000000000000341	trials	58	s058_F200813	grCe	1	90.0	7	465.343	465.643
465.652	0.9000000000000341	trials	58	s058_F200813	grSu6Ne	6		7	465.952	466.251
466.86	0.9000000000000341	trials	58	s058_F200813	coCe	16	270.0	7	467.16	467.46
467.477	0.9000000000000341	trials	58	s058_F200813	grCe_grSu18Fa	11	180.0	7	467.777	468.077
472.961	0.9000000000000341	trials	58	s058_F200813	grCe_grSu6Ne	7	135.0	7	473.261	473.561
477.387	0.9000000000000341	trials	58	s058_F200813	grCe_grSu6CiNe	15	135.0	7	477.687	477.986
477.995	0.9000000000000341	trials	58	s058_F200813	coCe_grSu6Ne	17	0.0	7	478.295	478.595
478.603	0.9000000000000341	trials	58	s058_F200813	grCe_grSu6CiNe	15	0.0	7	478.903	479.203
479.212	0.9000000000000341	trials	58	s058_F200813	coCe_grSu6Ne	17	135.0	7	479.512	479.812
479.829	0.9000000000000341	trials	58	s058_F200813	grSu3Ne	4		7	480.129	480.428
485.096	0.9000000000000341	trials	58	s058_F200813	grSu12SmCiNe	12		7	485.396	485.696
485.721	0.9000000000000341	trials	58	s058_F200813	grSu6CiNe	14		7	486.021	486.321
486.329	0.9000000000000341	trials	58	s058_F200813	grCe_grSu3Ne	5	45.0	7	486.629	486.929
486.929	0.9000000000000341	trials	58	s058_F200813	grCe	1	315.0	7	487.229	487.529
487.57099999999997	0.9000000000000341	trials	58	s058_F200813	grCe_grSu12SmCiNe_PS	21	135.0	7	487.871	488.171
492.83	0.9000000000000341	trials	58	s058_F200813	grCe_grSu3Ne	5	315.0	7	493.13	493.43
493.56399999999996	0.9000000000000341	trials	58	s058_F200813	grCe_grSu18Fa	11	0.0	7	493.864	494.163
494.17199999999997	0.9000000000000341	trials	58	s058_F200813	grCe_grSu3Ne	5	225.0	7	494.472	494.772
494.781	0.9000000000000341	trials	58	s058_F200813	grCe_grSu1Ne	3	0.0	7	495.081	495.38
495.389	0.9000000000000341	trials	58	s058_F200813	grCe_grSu6CiNe_PS	19	180.0	7	495.689	495.989
500.473	0.9000000000000341	trials	58	s058_F200813	grCe	1	135.0	7	500.773	501.073
504.265	0.9000000000000341	trials	58	s058_F200813	grCe_grSu6Ne_PS	18	90.0	7	504.565	504.865
508.032	0.9000000000000341	trials	58	s058_F200813	grCe_grSu12SmCiNe	13	135.0	7	508.332	508.632
509.241	0.9000000000000341	trials	58	s058_F200813	coCe	16	315.0	7	509.541	509.84
509.87399999999997	0.9000000000000341	trials	58	s058_F200813	grCe_grSu6Ne	7	315.0	7	510.174	510.474
510.49899999999997	0.9000000000000341	trials	58	s058_F200813	grCe_grSu18Fa	11	225.0	7	510.799	511.099
515.5830000000001	0.8999999999999773	trials	58	s058_F200813	grCe_grSu12SmCiNe	13	180.0	7	515.883	516.183
516.192	0.8999999999999773	trials	58	s058_F200813	grCe_grSu6Ne	7	90.0	7	516.492	516.791
517.4000000000001	0.8999999999999773	trials	58	s058_F200813	grCe_grSu1Ne	3	90.0	7	517.7	518.0
518.017	0.8999999999999773	trials	58	s058_F200813	grSu18Fa	10		7	518.317	518.617
523.5010000000001	0.8999999999999773	trials	58	s058_F200813	grCe_grSu1Ne	3	135.0	7	523.801	524.101
524.101	0.8999999999999773	trials	58	s058_F200813	grCe_grSu6CiNe_PS	19	45.0	7	524.401	524.701
524.7090000000001	0.8999999999999773	trials	58	s058_F200813	grCe_grSu3Ne	5	90.0	7	525.009	525.309
525.3090000000001	0.8999999999999773	trials	58	s058_F200813	coCe	16	180.0	7	525.609	525.909
525.951	0.8999999999999773	trials	58	s058_F200813	grCe_grSu12SmCiNe	13	225.0	7	526.251	526.551
531.894	0.8999999999999773	trials	58	s058_F200813	grSu12Mi	8		7	532.194	532.493
532.527	0.8999999999999773	trials	58	s058_F200813	grCe_grSu18Fa	11	90.0	7	532.827	533.127
539.2700000000001	0.8999999999999773	trials	58	s058_F200813	grCe_grSu12SmCiNe	13	45.0	7	539.57	539.869
539.878	0.8999999999999773	trials	58	s058_F200813	grCe_grSu12Mi	9	0.0	7	540.178	540.478
540.503	0.8999999999999773	trials	58	s058_F200813	grCe_grSu6CiNe_PS	19	0.0	7	540.803	541.103
541.111	0.8999999999999773	trials	58	s058_F200813	coCe_grSu6Ne	17	270.0	7	541.411	541.711
546.854	0.8999999999999773	trials	58	s058_F200813	grCe	1	0.0	7	547.154	547.454
547.471	0.8999999999999773	trials	58	s058_F200813	grCe_grSu12SmCiNe_PS	21	45.0	7	547.771	548.07
548.087	0.8999999999999773	trials	58	s058_F200813	grCe_grSu6CiNe	15	180.0	7	548.387	548.687
555.3720000000001	0.8999999999999773	trials	58	s058_F200813	grCe_grSu6CiNe	15	225.0	7	555.672	555.971
555.98	0.8999999999999773	trials	58	s058_F200813	grCe_grSu6CiNe	15	315.0	7	556.28	556.58
562.556	0.8999999999999773	trials	58	s058_F200813	grCe_grSu12SmCiNe	13	315.0	7	562.856	563.156
563.1640000000001	0.8999999999999773	trials	58	s058_F200813	grCe_grSu1Ne	3	315.0	7	563.464	563.764
563.773	0.8999999999999773	trials	58	s058_F200813	grCe_grSu3Ne	5	315.0	2	564.073	564.372
564.3810000000001	0.8999999999999773	trials	58	s058_F200813	grCe_grSu1Ne	3	315.0	2	564.681	564.981
565.0060000000001	0.8999999999999773	trials	58	s058_F200813	grCe_grSu3Ne	5	90.0	2	565.306	565.606
570.657	0.8999999999999773	trials	58	s058_F200813	coCe	16	0.0	2	570.957	571.257
574.282	0.8999999999999773	trials	58	s058_F200813	grCe_grSu12SmCiNe	13	0.0	2	574.582	574.882
574.933	0.8999999999999773	trials	58	s058_F200813	grCe_grSu12SmCiNe_PS	21	225.0	2	575.233	575.532
575.541	0.8999999999999773	trials	58	s058_F200813	grCe_grSu6Ne_PS	18	180.0	2	575.841	576.141
576.758	0.8999999999999773	trials	58	s058_F200813	grCe_grSu1Ne	3	45.0	2	577.058	577.357
581.933	0.8999999999999773	trials	58	s058_F200813	grCe	1	45.0	2	582.233	582.533
585.417	0.8999999999999773	trials	58	s058_F200813	grCe_grSu3Ne	5	180.0	2	585.717	586.017
587.2510000000001	0.8999999999999773	trials	58	s058_F200813	grCe_grSu12SmCiNe	13	90.0	2	587.551	587.85
597.152	0.8999999999999773	trials	58	s058_F200813	coCe	16	225.0	2	597.452	597.752
597.802	0.8999999999999773	trials	58	s058_F200813	grCe_grSu18Fa	11	315.0	2	598.102	598.402
598.4110000000001	0.8999999999999773	trials	58	s058_F200813	grCe_grSu12Mi	9	225.0	2	598.711	599.01
599.0110000000001	0.8999999999999773	trials	58	s058_F200813	grCe	1	225.0	2	599.311	599.61
599.6610000000001	0.8999999999999773	trials	58	s058_F200813	grCe_grSu1Ne	3	0.0	2	599.961	600.26
605.128	0.8999999999999773	trials	58	s058_F200813	grCe_grSu6CiNe	15	45.0	2	605.428	605.728
605.7370000000001	0.8999999999999773	trials	58	s058_F200813	coCe_grSu6Ne	17	90.0	2	606.037	606.336
607.003	0.8999999999999773	trials	58	s058_F200813	coCe	16	270.0	2	607.303	607.603
607.6120000000001	0.8999999999999773	trials	58	s058_F200813	grCe_grSu12SmCiNe	13	45.0	2	607.912	608.211
614.321	0.8999999999999773	trials	58	s058_F200813	grSu3Ne	4		2	614.621	614.921
628.2810000000001	0.8999999999999773	trials	58	s058_F200813	grCe_grSu6CiNe	15	135.0	2	628.581	628.881
629.5310000000001	0.8999999999999773	trials	58	s058_F200813	grCe_grSu6CiNe	15	225.0	2	629.831	630.131
630.1310000000001	0.8999999999999773	trials	58	s058_F200813	coSu6Ne	20		2	630.431	630.731
630.74	0.8999999999999773	trials	58	s058_F200813	grCe	1	90.0	2	631.04	631.339
643.8580000000001	0.8999999999999773	trials	58	s058_F200813	coCe_grSu6Ne	17	0.0	2	644.158	644.458
644.4670000000001	0.8999999999999773	trials	58	s058_F200813	grCe_grSu1Ne	3	225.0	2	644.767	645.066
645.0920000000001	0.8999999999999773	trials	58	s058_F200813	grCe_grSu6Ne	7	0.0	2	645.392	645.691
645.7170000000001	0.8999999999999773	trials	58	s058_F200813	grCe_grSu12SmCiNe_PS	21	135.0	2	646.017	646.316
651.734	0.8999999999999773	trials	58	s058_F200813	coCe_grSu6Ne	17	270.0	2	652.034	652.334
652.3430000000001	0.8999999999999773	trials	58	s058_F200813	coCe_grSu6Ne	17	180.0	2	652.643	652.942
652.951	0.8999999999999773	trials	58	s058_F200813	grCe_grSu1Ne	3	270.0	2	653.251	653.551
653.5590000000001	0.8999999999999773	trials	58	s058_F200813	grCe_grSu12Mi	9	135.0	2	653.859	654.159
664.336	0.8999999999999773	trials	58	s058_F200813	coCe	16	135.0	2	664.636	664.935
664.9530000000001	0.8999999999999773	trials	58	s058_F200813	grCe_grSu18Fa	11	90.0	2	665.253	665.552
665.561	0.8999999999999773	trials	58	s058_F200813	grCe_grSu6Ne	7	315.0	2	665.861	666.161
666.1690000000001	0.8999999999999773	trials	58	s058_F200813	grCe_grSu3Ne	5	0.0	2	666.469	666.769
671.878	0.8999999999999773	trials	58	s058_F200813	grCe_grSu6Ne	7	135.0	2	672.178	672.478
673.087	0.8999999999999773	trials	58	s058_F200813	grCe_grSu6CiNe_PS	19	135.0	2	673.387	673.687
673.695	0.8999999999999773	trials	58	s058_F200813	coCe_grSu6Ne	17	135.0	2	673.995	674.295
674.32	0.8999999999999773	trials	58	s058_F200813	grCe_grSu6CiNe_PS	19	0.0	2	674.62	674.92
684.4630000000001	0.8999999999999773	trials	58	s058_F200813	grCe_grSu6Ne	7	225.0	2	684.763	685.063
685.0880000000001	0.8999999999999773	trials	58	s058_F200813	grCe_grSu12SmCiNe	13	270.0	2	685.388	685.688
685.697	0.8999999999999773	trials	58	s058_F200813	grCe_grSu3Ne	5	225.0	2	685.997	686.297
686.297	0.8999999999999773	trials	58	s058_F200813	grCe	1	0.0	2	686.597	686.897
686.9050000000001	0.8999999999999773	trials	58	s058_F200813	grCe_grSu6Ne	7	180.0	2	687.205	687.505
706.883	0.8999999999999773	trials	58	s058_F200813	grCe_grSu18Fa	11	180.0	2	707.183	707.483
707.4910000000001	0.8999999999999773	trials	58	s058_F200813	grCe_grSu12SmCiNe	13	180.0	2	707.791	708.091
708.1	0.8999999999999773	trials	58	s058_F200813	grCe_grSu6Ne	7	270.0	2	708.4	708.699
713.8420000000001	0.8999999999999773	trials	58	s058_F200813	grCe_grSu18Fa	11	45.0	2	714.142	714.442
714.451	0.8999999999999773	trials	58	s058_F200813	grCe_grSu6Ne	7	90.0	2	714.751	715.05
715.067	0.8999999999999773	trials	58	s058_F200813	grCe_grSu18Fa	11	225.0	2	715.367	715.667
715.676	0.8999999999999773	trials	58	s058_F200813	grCe_grSu12Mi	9	45.0	2	715.976	716.275
716.2760000000001	0.8999999999999773	trials	58	s058_F200813	grCe_grSu6CiNe_PS	19	270.0	2	716.576	716.875
721.5010000000001	0.8999999999999773	trials	58	s058_F200813	grCe_grSu12Mi	9	270.0	2	721.801	722.101
722.143	0.8999999999999773	trials	58	s058_F200813	grCe_grSu12SmCiNe_PS	21	315.0	2	722.443	722.743
722.7520000000001	0.8999999999999773	trials	58	s058_F200813	grCe_grSu1Ne	3	135.0	2	723.052	723.351
723.393	0.8999999999999773	trials	58	s058_F200813	grCe_grSu3Ne	5	45.0	2	723.693	723.993
724.0020000000001	0.8999999999999773	trials	58	s058_F200813	grCe_grSu12SmCiNe_PS	21	0.0	2	724.302	724.602
729.361	0.8999999999999773	trials	58	s058_F200813	grCe_grSu6CiNe_PS	19	90.0	2	729.661	729.961
729.969	0.8999999999999773	trials	58	s058_F200813	grCe_grSu6Ne_PS	18	135.0	2	730.269	730.569
731.1940000000001	0.8999999999999773	trials	58	s058_F200813	grSu18Fa	10		2	731.494	731.794
731.8280000000001	0.8999999999999773	trials	58	s058_F200813	grCe_grSu6Ne_PS	18	45.0	2	732.128	732.428
740.4540000000001	0.8999999999999773	trials	58	s058_F200813	grCe_grSu6CiNe	15	315.0	2	740.754	741.054
741.0790000000001	0.8999999999999773	trials	58	s058_F200813	grCe_grSu12SmCiNe_PS	21	90.0	2	741.379	741.679
741.721	0.8999999999999773	trials	58	s058_F200813	grCe_grSu3Ne	5	135.0	2	742.021	742.32
742.9380000000001	0.8999999999999773	trials	58	s058_F200813	coCe_grSu6Ne	17	45.0	2	743.238	743.537
748.0630000000001	0.8999999999999773	trials	58	s058_F200813	grCe_grSu12Mi	9	90.0	2	748.363	748.663
748.7130000000001	0.8999999999999773	trials	58	s058_F200813	grCe_grSu12Mi	9	0.0	2	749.013	749.313
749.322	0.8999999999999773	trials	58	s058_F200813	grCe_grSu12Mi	9	180.0	2	749.622	749.921
749.922	0.8999999999999773	trials	58	s058_F200813	grCe	1	315.0	2	750.222	750.522
750.5300000000001	0.8999999999999773	trials	58	s058_F200813	grCe_grSu6Ne_PS	18	90.0	2	750.83	751.13
763.707	0.8999999999999773	trials	58	s058_F200813	grCe_grSu6Ne	7	45.0	2	764.007	764.307
764.307	0.8999999999999773	trials	58	s058_F200813	grCe_grSu6Ne_PS	18	225.0	2	764.607	764.907
766.1990000000001	0.8999999999999773	trials	58	s058_F200813	grCe_grSu6CiNe	15	90.0	2	766.499	766.799
772.0830000000001	0.8999999999999773	trials	58	s058_F200813	grCe_grSu12SmCiNe_PS	21	45.0	2	772.383	772.683
772.75	0.8999999999999773	trials	58	s058_F200813	grSu1Ne	2		2	773.05	773.349
773.3580000000001	0.8999999999999773	trials	58	s058_F200813	grCe_grSu12SmCiNe	13	135.0	2	773.658	773.958
774.0	0.8999999999999773	trials	58	s058_F200813	grCe_grSu6CiNe	15	0.0	2	774.3	774.6
802.904	0.8999999999999773	trials	58	s058_F200813	NoStim	0		2	803.204	803.503
803.5120000000001	0.8999999999999773	trials	58	s058_F200813	grCe_grSu1Ne	3	90.0	2	803.812	804.112
804.129	0.8999999999999773	trials	58	s058_F200813	grCe_grSu3Ne	5	270.0	2	804.429	804.729
804.7370000000001	0.8999999999999773	trials	58	s058_F200813	grSu12Mi	8		2	805.037	805.337
813.9380000000001	0.8999999999999773	trials	58	s058_F200813	grCe_grSu18Fa	11	135.0	2	814.238	814.538
814.5390000000001	0.8999999999999773	trials	58	s058_F200813	grCe	1	270.0	2	814.839	815.138
815.1640000000001	0.8999999999999773	trials	58	s058_F200813	grCe_grSu18Fa	11	0.0	2	815.464	815.763
815.772	0.8999999999999773	trials	58	s058_F200813	grCe_grSu6Ne_PS	18	0.0	2	816.072	816.372
816.38	0.8999999999999773	trials	58	s058_F200813	coCe_grSu6Ne	17	225.0	2	816.68	816.98
823.065	0.8999999999999773	trials	58	s058_F200813	grCe_grSu6Ne_PS	18	315.0	2	823.365	823.664
823.681	0.8999999999999773	trials	58	s058_F200813	grCe_grSu6CiNe_PS	19	45.0	2	823.981	824.281
824.2810000000001	0.8999999999999773	trials	58	s058_F200813	grCe_grSu12SmCiNe_PS	21	180.0	2	824.581	824.881
824.8900000000001	0.8999999999999773	trials	58	s058_F200813	grCe	1	180.0	2	825.19	825.49
825.498	0.8999999999999773	trials	58	s058_F200813	grCe_grSu6CiNe_PS	19	225.0	2	825.798	826.098
831.782	0.8999999999999773	trials	58	s058_F200813	grCe_grSu1Ne	3	180.0	2	832.082	832.382
832.407	0.8999999999999773	trials	58	s058_F200813	coCe	16	45.0	2	832.707	833.007
833.0490000000001	0.8999999999999773	trials	58	s058_F200813	grSu6CiNe	14		2	833.349	833.649
833.658	0.8999999999999773	trials	58	s058_F200813	coCe_grSu6Ne	17	315.0	2	833.958	834.257
838.758	0.8999999999999773	trials	58	s058_F200813	grCe_grSu18Fa	11	270.0	2	839.058	839.358
839.3580000000001	0.8999999999999773	trials	58	s058_F200813	coCe	16	315.0	2	839.658	839.958
839.9580000000001	0.8999999999999773	trials	58	s058_F200813	coCe	16	90.0	2	840.258	840.558
840.609	0.8999999999999773	trials	58	s058_F200813	grCe_grSu12SmCiNe	13	225.0	2	840.909	841.208
841.259	0.8999999999999773	trials	58	s058_F200813	grCe_grSu12Mi	9	315.0	2	841.559	841.858
850.11	0.8999999999999773	trials	58	s058_F200813	grCe_grSu6Ne_PS	18	270.0	2	850.41	850.709
850.71	0.8999999999999773	trials	58	s058_F200813	grCe	1	135.0	2	851.01	851.31
851.3180000000001	0.8999999999999773	trials	58	s058_F200813	grCe_grSu6CiNe	15	180.0	2	851.618	851.918
851.927	0.8999999999999773	trials	58	s058_F200813	grSu12SmCiNe	12		2	852.227	852.526
868.404	0.8999999999999773	trials	58	s058_F200813	grCe_grSu12SmCiNe_PS	21	270.0	2	868.704	869.003
869.0120000000001	0.8999999999999773	trials	58	s058_F200813	grCe_grSu12SmCiNe	13	315.0	2	869.312	869.612
876.08	0.8999999999999773	trials	58	s058_F200813	grSu6Ne	6		2	876.38	876.679
876.6800000000001	0.8999999999999773	trials	58	s058_F200813	grCe_grSu6CiNe_PS	19	180.0	2	876.98	877.28
877.2800000000001	0.8999999999999773	trials	58	s058_F200813	grCe_grSu6CiNe_PS	19	315.0	2	877.58	877.88
878.4970000000001	0.8999999999999773	trials	58	s058_F200813	coCe	16	180.0	2	878.797	879.096
883.731	0.8999999999999773	trials	58	s058_F200813	grCe_grSu6CiNe	15	270.0	2	884.031	884.33
884.339	0.8999999999999773	trials	58	s058_F200813	grCe_grSu6CiNe	15	135.0	3	884.639	884.939
884.9480000000001	0.8999999999999773	trials	58	s058_F200813	grCe_grSu12SmCiNe_PS	21	135.0	3	885.248	885.547
885.5640000000001	0.8999999999999773	trials	58	s058_F200813	grCe_grSu12Mi	9	315.0	3	885.864	886.164
886.181	0.8999999999999773	trials	58	s058_F200813	grCe	1	135.0	3	886.481	886.781
891.7320000000001	0.8999999999999773	trials	58	s058_F200813	grCe_grSu18Fa	11	180.0	3	892.032	892.332
892.365	0.8999999999999773	trials	58	s058_F200813	grCe_grSu18Fa	11	90.0	3	892.665	892.965
893.599	0.8999999999999773	trials	58	s058_F200813	grCe_grSu1Ne	3	315.0	3	893.899	894.198
894.215	0.8999999999999773	trials	58	s058_F200813	grCe_grSu18Fa	11	270.0	3	894.515	894.815
899.7410000000001	0.8999999999999773	trials	58	s058_F200813	grCe	1	270.0	3	900.041	900.341
901.625	0.8999999999999773	trials	58	s058_F200813	grCe_grSu6Ne	7	180.0	3	901.925	902.224
902.267	0.8999999999999773	trials	58	s058_F200813	grCe	1	225.0	3	902.567	902.866
919.369	0.8999999999999773	trials	58	s058_F200813	grSu6CiNe	14		3	919.669	919.968
920.619	0.8999999999999773	trials	58	s058_F200813	grCe_grSu6Ne	7	45.0	3	920.919	921.219
931.712	0.8999999999999773	trials	58	s058_F200813	grCe_grSu12SmCiNe_PS	21	45.0	3	932.012	932.312
932.3290000000001	0.8999999999999773	trials	58	s058_F200813	grCe_grSu6Ne_PS	18	180.0	3	932.629	932.928
932.945	0.8999999999999773	trials	58	s058_F200813	NoStim	0		3	933.245	933.545
933.5540000000001	0.8999999999999773	trials	58	s058_F200813	grCe_grSu3Ne	5	135.0	3	933.854	934.154
934.187	0.8999999999999773	trials	58	s058_F200813	grCe_grSu12SmCiNe	13	225.0	3	934.487	934.787
939.363	0.8999999999999773	trials	58	s058_F200813	grCe_grSu12SmCiNe_PS	21	270.0	3	939.663	939.963
939.971	0.8999999999999773	trials	58	s058_F200813	grCe_grSu12Mi	9	90.0	3	940.271	940.571
940.596	0.8999999999999773	trials	58	s058_F200813	grCe_grSu6CiNe	15	180.0	3	940.896	941.196
941.205	0.8999999999999773	trials	58	s058_F200813	grCe_grSu6Ne_PS	18	0.0	3	941.505	941.805
941.8130000000001	0.8999999999999773	trials	58	s058_F200813	grCe_grSu12SmCiNe	13	0.0	3	942.113	942.413
946.9140000000001	0.8999999999999773	trials	58	s058_F200813	grCe_grSu3Ne	5	90.0	3	947.214	947.514
947.5390000000001	0.8999999999999773	trials	58	s058_F200813	grCe	1	45.0	3	947.839	948.139
948.147	0.8999999999999773	trials	58	s058_F200813	coCe_grSu6Ne	17	45.0	3	948.447	948.747
948.7560000000001	0.8999999999999773	trials	58	s058_F200813	grCe_grSu1Ne	3	225.0	3	949.056	949.356
949.373	0.8999999999999773	trials	58	s058_F200813	coCe	16	270.0	3	949.673	949.972
955.74	0.8999999999999773	trials	58	s058_F200813	grCe_grSu6CiNe	15	45.0	3	956.04	956.34
957.6320000000001	0.8999999999999773	trials	58	s058_F200813	coCe_grSu6Ne	17	0.0	3	957.932	958.232
958.24	0.8999999999999773	trials	58	s058_F200813	coCe_grSu6Ne	17	90.0	3	958.54	958.84
966.7330000000001	0.8999999999999773	trials	58	s058_F200813	grCe_grSu3Ne	5	0.0	3	967.033	967.333
975.3180000000001	0.8999999999999773	trials	58	s058_F200813	grCe_grSu12SmCiNe	13	180.0	3	975.618	975.917
975.9590000000001	0.8999999999999773	trials	58	s058_F200813	grCe_grSu12SmCiNe	13	135.0	3	976.259	976.559
976.5680000000001	0.8999999999999773	trials	58	s058_F200813	grCe_grSu3Ne	5	225.0	3	976.868	977.167
977.176	0.8999999999999773	trials	58	s058_F200813	grCe_grSu12Mi	9	180.0	3	977.476	977.776
982.9440000000001	0.8999999999999773	trials	58	s058_F200813	grCe_grSu6Ne	7	90.0	3	983.244	983.543
983.585	0.8999999999999773	trials	58	s058_F200813	grCe_grSu1Ne	3	0.0	3	983.885	984.185
984.21	0.8999999999999773	trials	58	s058_F200813	grSu12Mi	8		3	984.51	984.81
984.8190000000001	0.8999999999999773	trials	58	s058_F200813	grCe_grSu6Ne	7	135.0	3	985.119	985.419
985.427	0.8999999999999773	trials	58	s058_F200813	grCe_grSu1Ne	3	45.0	3	985.727	986.027
991.061	0.8999999999999773	trials	58	s058_F200813	grCe_grSu6Ne	7	315.0	3	991.361	991.661
991.6610000000001	0.8999999999999773	trials	58	s058_F200813	grCe_grSu6CiNe_PS	19	135.0	3	991.961	992.261
995.437	0.8999999999999773	trials	58	s058_F200813	grCe_grSu6Ne_PS	18	315.0	3	995.737	996.037
996.0450000000001	0.8999999999999773	trials	58	s058_F200813	grCe_grSu1Ne	3	180.0	3	996.345	996.645
996.6450000000001	0.8999999999999773	trials	58	s058_F200813	grCe	1	315.0	3	996.945	997.245
1015.898	0.8999999999999773	trials	58	s058_F200813	grCe_grSu12SmCiNe_PS	21	90.0	3	1016.198	1016.498
1017.123	0.8999999999999773	trials	58	s058_F200813	coCe_grSu6Ne	17	270.0	3	1017.423	1017.723
1017.731	0.8999999999999773	trials	58	s058_F200813	coCe_grSu6Ne	17	135.0	3	1018.031	1018.331
1018.34	0.8999999999999773	trials	58	s058_F200813	grCe_grSu6CiNe_PS	19	45.0	3	1018.64	1018.94
1023.499	0.8999999999998636	trials	58	s058_F200813	grCe	1	90.0	3	1023.799	1024.099
1024.107	0.8999999999998636	trials	58	s058_F200813	grCe_grSu12Mi	9	270.0	3	1024.407	1024.707
1024.7160000000001	0.8999999999998636	trials	58	s058_F200813	grCe_grSu12SmCiNe_PS	21	315.0	3	1025.016	1025.315
1031.15	0.8999999999998636	trials	58	s058_F200813	grCe_grSu6CiNe_PS	19	0.0	3	1031.45	1031.75
1032.967	0.8999999999998636	trials	58	s058_F200813	grCe_grSu1Ne	3	270.0	3	1033.267	1033.566
1033.575	0.8999999999998636	trials	58	s058_F200813	grCe_grSu6CiNe	15	315.0	3	1033.875	1034.175
1040.218	0.8999999999998636	trials	58	s058_F200813	grCe_grSu12SmCiNe	13	90.0	3	1040.518	1040.817
1040.818	0.8999999999998636	trials	58	s058_F200813	grCe_grSu6Ne_PS	18	90.0	3	1041.118	1041.417
1045.368	0.8999999999998636	trials	58	s058_F200813	grSu18Fa	10		3	1045.668	1045.968
1047.194	0.8999999999998636	trials	58	s058_F200813	grCe_grSu6CiNe	15	225.0	3	1047.494	1047.793
1047.794	0.8999999999998636	trials	58	s058_F200813	coSu6Ne	20		3	1048.094	1048.393
1052.919	0.8999999999998636	trials	58	s058_F200813	grCe_grSu6CiNe_PS	19	225.0	3	1053.219	1053.519
1053.528	0.8999999999998636	trials	58	s058_F200813	coCe_grSu6Ne	17	180.0	3	1053.828	1054.127
1054.795	0.8999999999998636	trials	58	s058_F200813	grCe_grSu18Fa	11	225.0	3	1055.095	1055.394
1055.411	0.8999999999998636	trials	58	s058_F200813	grCe_grSu18Fa	11	315.0	3	1055.711	1056.011
1061.6200000000001	0.8999999999998636	trials	58	s058_F200813	grSu3Ne	4		3	1061.92	1062.22
1062.237	0.8999999999998636	trials	58	s058_F200813	grCe_grSu6CiNe_PS	19	270.0	3	1062.537	1062.837
1065.996	0.8999999999998636	trials	58	s058_F200813	grCe_grSu12SmCiNe_PS	21	225.0	3	1066.296	1066.596
1066.604	0.8999999999998636	trials	58	s058_F200813	grCe_grSu1Ne	3	90.0	3	1066.904	1067.204
1068.43	0.8999999999998636	trials	58	s058_F200813	grCe_grSu12Mi	9	0.0	3	1068.73	1069.029
1108.076	0.8999999999998636	trials	58	s058_F200813	grCe_grSu12SmCiNe	13	270.0	3	1108.376	1108.676
1108.718	0.8999999999998636	trials	58	s058_F200813	grCe_grSu12SmCiNe	13	45.0	3	1109.018	1109.318
1109.327	0.8999999999998636	trials	58	s058_F200813	grCe_grSu6Ne	7	270.0	3	1109.627	1109.926
1110.6100000000001	0.8999999999998636	trials	58	s058_F200813	grCe_grSu18Fa	11	45.0	3	1110.91	1111.21
1118.603	0.8999999999998636	trials	58	s058_F200813	grCe_grSu3Ne	5	315.0	3	1118.903	1119.203
1119.236	0.8999999999998636	trials	58	s058_F200813	grCe_grSu12SmCiNe_PS	21	0.0	3	1119.536	1119.836
1119.886	0.8999999999998636	trials	58	s058_F200813	grCe_grSu18Fa	11	135.0	3	1120.186	1120.486
1121.111	0.8999999999998636	trials	58	s058_F200813	grCe_grSu18Fa	11	0.0	3	1121.411	1121.711
1126.487	0.8999999999998636	trials	58	s058_F200813	grCe_grSu3Ne	5	180.0	3	1126.787	1127.087
1127.096	0.8999999999998636	trials	58	s058_F200813	grCe_grSu6Ne	7	0.0	3	1127.396	1127.695
1127.6960000000001	0.8999999999998636	trials	58	s058_F200813	coCe	16	180.0	3	1127.996	1128.295
1128.296	0.8999999999998636	trials	58	s058_F200813	grSu6Ne	6		3	1128.596	1128.895
1128.896	0.8999999999998636	trials	58	s058_F200813	coCe	16	225.0	3	1129.196	1129.496
1134.0710000000001	0.8999999999998636	trials	58	s058_F200813	coCe	16	0.0	3	1134.371	1134.671
1137.664	0.8999999999998636	trials	58	s058_F200813	grCe_grSu6Ne_PS	18	45.0	3	1137.964	1138.263
1138.28	0.8999999999998636	trials	58	s058_F200813	grCe_grSu1Ne	3	135.0	3	1138.58	1138.88
1138.8890000000001	0.8999999999998636	trials	58	s058_F200813	grCe_grSu6Ne_PS	18	270.0	3	1139.189	1139.488
1139.497	0.8999999999998636	trials	58	s058_F200813	coCe	16	90.0	3	1139.797	1140.097
1140.106	0.8999999999998636	trials	58	s058_F200813	grCe_grSu6CiNe	15	0.0	3	1140.406	1140.705
1157.183	0.8999999999998636	trials	58	s058_F200813	grCe_grSu6CiNe_PS	19	315.0	3	1157.483	1157.783
1157.791	0.8999999999998636	trials	58	s058_F200813	grCe_grSu12Mi	9	135.0	3	1158.091	1158.391
1158.4	0.8999999999998636	trials	58	s058_F200813	grCe_grSu6Ne	7	225.0	3	1158.7	1158.999
1159.025	0.8999999999998636	trials	58	s058_F200813	grCe_grSu12Mi	9	45.0	3	1159.325	1159.624
1159.633	0.8999999999998636	trials	58	s058_F200813	grCe	1	0.0	3	1159.933	1160.233
1164.9170000000001	0.8999999999998636	trials	58	s058_F200813	coCe_grSu6Ne	17	225.0	3	1165.217	1165.517
1165.526	0.8999999999998636	trials	58	s058_F200813	grCe_grSu3Ne	5	270.0	3	1165.826	1166.125
1166.159	0.8999999999998636	trials	58	s058_F200813	coCe	16	135.0	3	1166.459	1166.759
1166.767	0.8999999999998636	trials	58	s058_F200813	grCe_grSu6CiNe	15	270.0	3	1167.067	1167.367
1167.367	0.8999999999998636	trials	58	s058_F200813	grCe_grSu6Ne_PS	18	135.0	3	1167.667	1167.967
1172.585	0.8999999999998636	trials	58	s058_F200813	grCe_grSu3Ne	5	45.0	3	1172.885	1173.184
1173.193	0.8999999999998636	trials	58	s058_F200813	grCe_grSu12SmCiNe	13	315.0	3	1173.493	1173.793
1173.835	0.8999999999998636	trials	58	s058_F200813	grCe_grSu6CiNe	15	90.0	3	1174.135	1174.435
1174.443	0.8999999999998636	trials	58	s058_F200813	grSu12SmCiNe	12		3	1174.743	1175.043
1175.0430000000001	0.8999999999998636	trials	58	s058_F200813	grCe_grSu6CiNe_PS	19	180.0	3	1175.343	1175.643
1180.778	0.8999999999998636	trials	58	s058_F200813	grCe	1	180.0	3	1181.078	1181.377
1181.3780000000002	0.8999999999998636	trials	58	s058_F200813	coCe	16	45.0	3	1181.678	1181.977
1181.986	0.8999999999998636	trials	58	s058_F200813	coCe_grSu6Ne	17	315.0	3	1182.286	1182.586
1182.594	0.8999999999998636	trials	58	s058_F200813	grSu1Ne	2		3	1182.894	1183.194
1183.203	0.8999999999998636	trials	58	s058_F200813	grCe_grSu12SmCiNe_PS	21	180.0	3	1183.503	1183.803
1188.3790000000001	0.8999999999998636	trials	58	s058_F200813	grCe_grSu12Mi	9	225.0	3	1188.679	1188.978
1189.587	0.8999999999998636	trials	58	s058_F200813	grCe_grSu6CiNe_PS	19	90.0	3	1189.887	1190.187
1193.362	0.8999999999998636	trials	58	s058_F200813	coCe	16	315.0	3	1193.662	1193.962
1193.971	0.8999999999998636	trials	58	s058_F200813	grCe_grSu6Ne_PS	18	225.0	3	1194.271	1194.571
1194.5710000000001	0.8999999999998636	trials	58	s058_F200813	grCe_grSu12SmCiNe_PS	21	135.0	4	1194.871	1195.171
1195.188	0.8999999999998636	trials	58	s058_F200813	grCe_grSu18Fa	11	180.0	4	1195.488	1195.787
1201.005	0.8999999999998636	trials	58	s058_F200813	grCe_grSu6CiNe_PS	19	0.0	4	1201.305	1201.605
1201.614	0.8999999999998636	trials	58	s058_F200813	grCe_grSu12Mi	9	90.0	4	1201.914	1202.213
1202.239	0.8999999999998636	trials	58	s058_F200813	grCe_grSu3Ne	5	135.0	4	1202.539	1202.838
1202.839	0.8999999999998636	trials	58	s058_F200813	coCe	16	270.0	4	1203.139	1203.438
1211.9070000000002	0.8999999999998636	trials	58	s058_F200813	grCe_grSu6Ne_PS	18	135.0	4	1212.207	1212.506
1212.515	0.8999999999998636	trials	58	s058_F200813	grCe_grSu3Ne	5	90.0	4	1212.815	1213.115
1213.132	0.8999999999998636	trials	58	s058_F200813	grCe_grSu12Mi	9	180.0	4	1213.432	1213.731
1213.74	0.8999999999998636	trials	58	s058_F200813	grCe_grSu6CiNe	15	45.0	4	1214.04	1214.34
1214.3990000000001	0.8999999999998636	trials	58	s058_F200813	grCe_grSu18Fa	11	315.0	4	1214.699	1214.998
1219.666	0.8999999999998636	trials	58	s058_F200813	grCe_grSu6CiNe	15	0.0	4	1219.966	1220.266
1220.9080000000001	0.8999999999998636	trials	58	s058_F200813	grCe_grSu1Ne	3	225.0	4	1221.208	1221.507
1221.516	0.8999999999998636	trials	58	s058_F200813	grCe_grSu12Mi	9	45.0	4	1221.816	1222.116
1222.125	0.8999999999998636	trials	58	s058_F200813	grCe_grSu3Ne	5	180.0	4	1222.425	1222.724
1227.309	0.8999999999998636	trials	58	s058_F200813	grCe_grSu18Fa	11	270.0	4	1227.609	1227.908
1231.251	0.8999999999998636	trials	58	s058_F200813	grCe_grSu6Ne	7	90.0	4	1231.551	1231.85
1232.468	0.8999999999998636	trials	58	s058_F200813	grCe_grSu12SmCiNe	13	0.0	4	1232.768	1233.067
1233.068	0.8999999999998636	trials	58	s058_F200813	grCe_grSu6Ne_PS	18	225.0	4	1233.368	1233.667
1233.6760000000002	0.8999999999998636	trials	58	s058_F200813	grCe_grSu1Ne	3	90.0	4	1233.976	1234.276
1258.179	0.8999999999998636	trials	58	s058_F200813	grCe	1	45.0	4	1258.479	1258.779
1262.046	0.8999999999998636	trials	58	s058_F200813	grCe_grSu12SmCiNe	13	180.0	4	1262.346	1262.646
1262.646	0.8999999999998636	trials	58	s058_F200813	grCe_grSu6CiNe_PS	19	315.0	4	1262.946	1263.246
1263.28	0.8999999999998636	trials	58	s058_F200813	grCe_grSu6CiNe_PS	19	270.0	4	1263.58	1263.88
1264.497	0.8999999999998636	trials	58	s058_F200813	grCe_grSu12Mi	9	0.0	4	1264.797	1265.096
1270.431	0.8999999999998636	trials	58	s058_F200813	grCe_grSu6Ne	7	135.0	4	1270.731	1271.03
1283.991	0.8999999999998636	trials	58	s058_F200813	coCe_grSu6Ne	17	315.0	4	1284.291	1284.591
1284.624	0.8999999999998636	trials	58	s058_F200813	grCe_grSu12SmCiNe_PS	21	225.0	4	1284.924	1285.224
1285.2740000000001	0.8999999999998636	trials	58	s058_F200813	grSu18Fa	10		4	1285.574	1285.874
1285.8990000000001	0.8999999999998636	trials	58	s058_F200813	grCe_grSu1Ne	3	180.0	4	1286.199	1286.499
1286.5	0.8999999999998636	trials	58	s058_F200813	grSu1Ne	2		4	1286.8	1287.099
1291.634	0.8999999999998636	trials	58	s058_F200813	grCe_grSu6CiNe_PS	19	135.0	4	1291.934	1292.233
1292.2340000000002	0.8999999999998636	trials	58	s058_F200813	grCe	1	135.0	4	1292.534	1292.833
1292.8500000000001	0.8999999999998636	trials	58	s058_F200813	coCe_grSu6Ne	17	0.0	4	1293.15	1293.45
1293.459	0.8999999999998636	trials	58	s058_F200813	grSu6CiNe	14		4	1293.759	1294.058
1294.092	0.8999999999998636	trials	58	s058_F200813	grCe_grSu6Ne_PS	18	0.0	4	1294.392	1294.692
1299.593	0.8999999999998636	trials	58	s058_F200813	grCe_grSu12Mi	9	270.0	4	1299.893	1300.193
1300.218	0.8999999999998636	trials	58	s058_F200813	coCe	16	90.0	4	1300.518	1300.818
1300.818	0.8999999999998636	trials	58	s058_F200813	grCe	1	315.0	4	1301.118	1301.418
1302.068	0.8999999999998636	trials	58	s058_F200813	grCe_grSu12SmCiNe_PS	21	315.0	4	1302.368	1302.668
1307.261	0.8999999999998636	trials	58	s058_F200813	grCe_grSu6CiNe	15	90.0	4	1307.561	1307.86
1308.486	0.8999999999998636	trials	58	s058_F200813	grCe_grSu3Ne	5	45.0	4	1308.786	1309.085
1309.719	0.8999999999998636	trials	58	s058_F200813	coCe_grSu6Ne	17	135.0	4	1310.019	1310.319
1319.654	0.8999999999998636	trials	58	s058_F200813	coCe	16	315.0	4	1319.954	1320.253
1320.262	0.8999999999998636	trials	58	s058_F200813	grCe_grSu3Ne	5	225.0	4	1320.562	1320.862
1320.8790000000001	0.8999999999998636	trials	58	s058_F200813	grCe_grSu18Fa	11	0.0	4	1321.179	1321.479
1321.479	0.8999999999998636	trials	58	s058_F200813	grCe_grSu6Ne_PS	18	315.0	4	1321.779	1322.079
1328.288	0.8999999999998636	trials	58	s058_F200813	coCe_grSu6Ne	17	45.0	4	1328.588	1328.888
1328.93	0.8999999999998636	trials	58	s058_F200813	grCe	1	225.0	4	1329.23	1329.53
1329.6970000000001	0.8999999999998636	trials	58	s058_F200813	grCe_grSu3Ne	5	270.0	4	1329.997	1330.296
1330.914	0.8999999999998636	trials	58	s058_F200813	grCe_grSu6CiNe	15	270.0	4	1331.214	1331.513
1336.189	0.8999999999998636	trials	58	s058_F200813	grCe_grSu3Ne	5	0.0	4	1336.489	1336.789
1337.3980000000001	0.8999999999998636	trials	58	s058_F200813	grCe_grSu3Ne	5	315.0	4	1337.698	1337.997
1338.006	0.8999999999998636	trials	58	s058_F200813	grCe_grSu6CiNe_PS	19	180.0	4	1338.306	1338.606
1338.656	0.8999999999998636	trials	58	s058_F200813	grCe_grSu18Fa	11	225.0	4	1338.956	1339.256
1371.435	0.8999999999998636	trials	58	s058_F200813	grCe_grSu12SmCiNe	13	45.0	4	1371.735	1372.035
1372.044	0.8999999999998636	trials	58	s058_F200813	grCe_grSu6Ne	7	45.0	4	1372.344	1372.644
1372.6860000000001	0.8999999999998636	trials	58	s058_F200813	grCe_grSu6Ne	7	225.0	4	1372.986	1373.285
1373.286	0.8999999999998636	trials	58	s058_F200813	grCe_grSu6CiNe_PS	19	225.0	4	1373.586	1373.885
1378.403	0.8999999999998636	trials	58	s058_F200813	grCe_grSu6Ne_PS	18	90.0	4	1378.703	1379.003
1379.036	0.8999999999998636	trials	58	s058_F200813	grCe_grSu6CiNe_PS	19	45.0	4	1379.336	1379.636
1379.662	0.8999999999998636	trials	58	s058_F200813	grCe_grSu12SmCiNe_PS	21	45.0	4	1379.962	1380.261
1380.8780000000002	0.8999999999998636	trials	58	s058_F200813	grCe_grSu12SmCiNe	13	135.0	4	1381.178	1381.478
1391.555	0.8999999999998636	trials	58	s058_F200813	grCe_grSu12Mi	9	135.0	4	1391.855	1392.154
1393.38	0.8999999999998636	trials	58	s058_F200813	grCe_grSu6CiNe	15	135.0	4	1393.68	1393.98
1393.98	0.8999999999998636	trials	58	s058_F200813	NoStim	0		4	1394.28	1394.58
1404.29	0.8999999999998636	trials	58	s058_F200813	grCe_grSu18Fa	11	45.0	4	1404.59	1404.889
1404.8980000000001	0.8999999999998636	trials	58	s058_F200813	coCe_grSu6Ne	17	225.0	4	1405.198	1405.498
1406.107	0.8999999999998636	trials	58	s058_F200813	coCe	16	45.0	4	1406.407	1406.706
1406.74	0.8999999999998636	trials	58	s058_F200813	coCe_grSu6Ne	17	90.0	4	1407.04	1407.34
1416.025	0.8999999999998636	trials	58	s058_F200813	grCe	1	270.0	4	1416.325	1416.624
1420.275	0.8999999999998636	trials	58	s058_F200813	grCe_grSu6Ne_PS	18	180.0	4	1420.575	1420.875
1420.884	0.8999999999998636	trials	58	s058_F200813	grCe_grSu6Ne	7	0.0	4	1421.184	1421.483
1421.492	0.8999999999998636	trials	58	s058_F200813	grCe_grSu6Ne_PS	18	270.0	4	1421.792	1422.092
1422.117	0.8999999999998636	trials	58	s058_F200813	grCe_grSu12SmCiNe_PS	21	270.0	4	1422.417	1422.717
1422.7250000000001	0.8999999999998636	trials	58	s058_F200813	grCe_grSu1Ne	3	270.0	4	1423.025	1423.325
1466.9650000000001	0.8999999999998636	trials	58	s058_F200813	coCe_grSu6Ne	17	270.0	4	1467.265	1467.564
1467.573	0.8999999999998636	trials	58	s058_F200813	grCe_grSu1Ne	3	135.0	4	1467.873	1468.173
1468.181	0.8999999999998636	trials	58	s058_F200813	grCe_grSu6Ne	7	180.0	4	1468.481	1468.781
1469.3980000000001	0.8999999999998636	trials	58	s058_F200813	grCe_grSu12SmCiNe	13	270.0	4	1469.698	1469.998
1475.791	0.8999999999998636	trials	58	s058_F200813	grCe_grSu12SmCiNe	13	225.0	4	1476.091	1476.39
1476.3990000000001	0.8999999999998636	trials	58	s058_F200813	grCe_grSu12Mi	9	225.0	4	1476.699	1476.999
1477.016	0.8999999999998636	trials	58	s058_F200813	grCe	1	0.0	4	1477.316	1477.616
1477.641	0.8999999999998636	trials	58	s058_F200813	coCe	16	135.0	4	1477.941	1478.241
1478.249	0.8999999999998636	trials	58	s058_F200813	grCe_grSu6CiNe	15	225.0	4	1478.549	1478.849
1515.896	0.8999999999998636	trials	58	s058_F200813	grSu12Mi	8		4	1516.196	1516.496
1517.713	0.8999999999998636	trials	58	s058_F200813	grCe_grSu12SmCiNe	13	315.0	4	1518.013	1518.312
1518.3210000000001	0.8999999999998636	trials	58	s058_F200813	grCe_grSu6Ne	7	315.0	4	1518.621	1518.921
1529.739	0.8999999999998636	trials	58	s058_F200813	coCe	16	225.0	4	1530.039	1530.339
1530.356	0.8999999999998636	trials	58	s058_F200813	grCe_grSu18Fa	11	135.0	4	1530.656	1530.956
1530.964	0.8999999999998636	trials	58	s058_F200813	grCe_grSu12SmCiNe	13	90.0	4	1531.264	1531.564
1538.9650000000001	0.8999999999998636	trials	58	s058_F200813	grCe_grSu6Ne	7	270.0	4	1539.265	1539.565
1539.5910000000001	0.8999999999998636	trials	58	s058_F200813	grSu6Ne	6		4	1539.891	1540.19
1540.199	0.8999999999998636	trials	58	s058_F200813	grCe_grSu12SmCiNe_PS	21	90.0	4	1540.499	1540.799
1602.624	0.8999999999998636	trials	58	s058_F200813	grCe_grSu18Fa	11	90.0	4	1602.924	1603.223
1603.232	0.8999999999998636	trials	58	s058_F200813	grCe_grSu6CiNe	15	315.0	4	1603.532	1603.832
1603.8410000000001	0.8999999999998636	trials	58	s058_F200813	grCe_grSu6CiNe	15	180.0	4	1604.141	1604.44
1604.4660000000001	0.8999999999998636	trials	58	s058_F200813	grCe_grSu12SmCiNe_PS	21	0.0	4	1604.766	1605.065
1605.074	0.8999999999998636	trials	58	s058_F200813	grCe_grSu1Ne	3	45.0	4	1605.374	1605.674
1614.942	0.8999999999998636	trials	58	s058_F200813	grCe	1	90.0	4	1615.242	1615.542
1615.567	0.8999999999998636	trials	58	s058_F200813	coCe	16	180.0	4	1615.867	1616.167
1616.175	0.8999999999998636	trials	58	s058_F200813	coCe_grSu6Ne	17	180.0	4	1616.475	1616.775
1616.784	0.8999999999998636	trials	58	s058_F200813	grCe	1	180.0	4	1617.084	1617.384
1629.185	0.8999999999998636	trials	58	s058_F200813	grCe_grSu12SmCiNe_PS	21	180.0	4	1629.485	1629.785
1629.794	0.8999999999998636	trials	58	s058_F200813	grSu12SmCiNe	12		4	1630.094	1630.394
1631.019	0.8999999999998636	trials	58	s058_F200813	grCe_grSu1Ne	3	0.0	4	1631.319	1631.619
1631.6190000000001	0.8999999999998636	trials	58	s058_F200813	grCe_grSu6CiNe_PS	19	90.0	4	1631.919	1632.219
1637.595	0.8999999999998636	trials	58	s058_F200813	grSu3Ne	4		4	1637.895	1638.195
1638.203	0.8999999999998636	trials	58	s058_F200813	coCe	16	0.0	4	1638.503	1638.803
1638.8120000000001	0.8999999999998636	trials	58	s058_F200813	grCe_grSu12Mi	9	315.0	4	1639.112	1639.411
1639.4370000000001	0.8999999999998636	trials	58	s058_F200813	coSu6Ne	20		4	1639.737	1640.036
1646.021	0.8999999999998636	trials	58	s058_F200813	grCe_grSu1Ne	3	315.0	4	1646.321	1646.621
1646.663	0.8999999999998636	trials	58	s058_F200813	grCe_grSu6Ne_PS	18	45.0	4	1646.963	1647.262
1647.271	0.8999999999998636	trials	58	s058_F200813	coCe_grSu6Ne	17	90.0	1	1647.571	1647.871
1647.88	0.8999999999998636	trials	58	s058_F200813	grCe_grSu6CiNe_PS	19	90.0	1	1648.18	1648.479
1648.488	0.8999999999998636	trials	58	s058_F200813	grCe_grSu6CiNe_PS	19	45.0	1	1648.788	1649.088
1663.3400000000001	0.8999999999998636	trials	58	s058_F200813	coCe	16	225.0	1	1663.64	1663.94
1663.94	0.8999999999998636	trials	58	s058_F200813	NoStim	0		1	1664.24	1664.54
1665.2150000000001	0.8999999999998636	trials	58	s058_F200813	grCe_grSu18Fa	11	225.0	1	1665.515	1665.815
1665.815	0.8999999999998636	trials	58	s058_F200813	grCe	1	315.0	1	1666.115	1666.415
1677.083	0.8999999999998636	trials	58	s058_F200813	grCe_grSu12SmCiNe_PS	21	90.0	1	1677.383	1677.683
1677.692	0.8999999999998636	trials	58	s058_F200813	grCe_grSu12Mi	9	45.0	1	1677.992	1678.291
1678.942	0.8999999999998636	trials	58	s058_F200813	coCe_grSu6Ne	17	180.0	1	1679.242	1679.542
1679.575	0.8999999999998636	trials	58	s058_F200813	grCe_grSu3Ne	5	45.0	1	1679.875	1680.175
1685.743	0.8999999999998636	trials	58	s058_F200813	grCe_grSu1Ne	3	225.0	1	1686.043	1686.342
1686.3600000000001	0.8999999999998636	trials	58	s058_F200813	coCe	16	0.0	1	1686.66	1686.959
1686.968	0.8999999999998636	trials	58	s058_F200813	grCe_grSu12SmCiNe_PS	21	0.0	1	1687.268	1687.568
1687.576	0.8999999999998636	trials	58	s058_F200813	grCe_grSu12SmCiNe	13	45.0	1	1687.876	1688.176
1688.1760000000002	0.8999999999998636	trials	58	s058_F200813	grCe_grSu6CiNe_PS	19	0.0	1	1688.476	1688.776
1694.969	0.8999999999998636	trials	58	s058_F200813	grCe_grSu18Fa	11	135.0	1	1695.269	1695.569
1695.577	0.8999999999998636	trials	58	s058_F200813	coCe_grSu6Ne	17	270.0	1	1695.877	1696.177
1696.1860000000001	0.8999999999998636	trials	58	s058_F200813	coCe_grSu6Ne	17	225.0	1	1696.486	1696.786
1696.794	0.8999999999998636	trials	58	s058_F200813	grCe_grSu6CiNe	15	0.0	1	1697.094	1697.394
1702.645	0.8999999999998636	trials	58	s058_F200813	coCe	16	135.0	1	1702.945	1703.245
1703.27	0.8999999999998636	trials	58	s058_F200813	grCe_grSu6Ne	7	225.0	1	1703.57	1703.87
1703.895	0.8999999999998636	trials	58	s058_F200813	grSu3Ne	4		1	1704.195	1704.495
1708.179	0.8999999999998636	trials	58	s058_F200813	grSu18Fa	10		1	1708.479	1708.779
1708.796	0.8999999999998636	trials	58	s058_F200813	grCe_grSu6CiNe_PS	19	225.0	1	1709.096	1709.395
1709.404	0.8999999999998636	trials	58	s058_F200813	grSu1Ne	2		1	1709.704	1710.004
1710.0130000000001	0.8999999999998636	trials	58	s058_F200813	grCe_grSu12Mi	9	315.0	1	1710.313	1710.612
1710.621	0.8999999999998636	trials	58	s058_F200813	grCe_grSu6Ne_PS	18	0.0	1	1710.921	1711.221
1719.48	0.8999999999998636	trials	58	s058_F200813	grCe_grSu1Ne	3	90.0	1	1719.78	1720.08
1720.0810000000001	0.8999999999998636	trials	58	s058_F200813	coCe	16	270.0	1	1720.381	1720.68
1720.7060000000001	0.8999999999998636	trials	58	s058_F200813	grCe_grSu1Ne	3	0.0	1	1721.006	1721.305
1721.922	0.8999999999998636	trials	58	s058_F200813	grCe_grSu12SmCiNe_PS	21	315.0	1	1722.222	1722.522
1731.14	0.8999999999998636	trials	58	s058_F200813	coSu6Ne	20		1	1731.44	1731.74
1731.749	0.8999999999998636	trials	58	s058_F200813	grSu6Ne	6		1	1732.049	1732.348
1732.357	0.8999999999998636	trials	58	s058_F200813	grCe_grSu12Mi	9	0.0	1	1732.657	1732.957
1732.974	0.8999999999998636	trials	58	s058_F200813	grCe_grSu3Ne	5	315.0	1	1733.274	1733.574
1733.582	0.8999999999998636	trials	58	s058_F200813	grCe_grSu3Ne	5	135.0	1	1733.882	1734.182
1739.5	0.8999999999998636	trials	58	s058_F200813	grCe_grSu6Ne_PS	18	45.0	1	1739.8	1740.099
1744.5	0.8999999999998636	trials	58	s058_F200813	grCe	1	0.0	1	1744.8	1745.1
1745.1090000000002	0.8999999999998636	trials	58	s058_F200813	grCe_grSu1Ne	3	270.0	1	1745.409	1745.708
1745.742	0.8999999999998636	trials	58	s058_F200813	grCe_grSu12SmCiNe_PS	21	225.0	1	1746.042	1746.342
1746.384	0.8999999999998636	trials	58	s058_F200813	grCe_grSu18Fa	11	45.0	1	1746.684	1746.984
1746.9840000000002	0.8999999999998636	trials	58	s058_F200813	coCe	16	90.0	1	1747.284	1747.584
1753.118	0.8999999999998636	trials	58	s058_F200813	coCe	16	315.0	1	1753.418	1753.718
1753.727	0.8999999999998636	trials	58	s058_F200813	grCe_grSu12SmCiNe	13	270.0	1	1754.027	1754.326
1760.527	0.8999999999998636	trials	58	s058_F200813	grCe_grSu12Mi	9	90.0	1	1760.827	1761.127
1761.7440000000001	0.8999999999998636	trials	58	s058_F200813	grCe_grSu1Ne	3	45.0	1	1762.044	1762.344
1762.536	0.8999999999998636	trials	58	s058_F200813	grCe	1	180.0	1	1762.836	1763.136
1763.144	0.8999999999998636	trials	58	s058_F200813	grCe_grSu12SmCiNe_PS	21	45.0	1	1763.444	1763.744
1769.72	0.8999999999998636	trials	58	s058_F200813	grCe_grSu3Ne	5	180.0	1	1770.02	1770.32
1770.945	0.8999999999998636	trials	58	s058_F200813	grCe_grSu3Ne	5	0.0	1	1771.245	1771.545
1771.554	0.8999999999998636	trials	58	s058_F200813	grCe_grSu6Ne	7	315.0	1	1771.854	1772.154
1777.171	0.8999999999998636	trials	58	s058_F200813	grCe_grSu6Ne_PS	18	315.0	1	1777.471	1777.771
1777.988	0.8999999999998636	trials	58	s058_F200813	grCe_grSu18Fa	11	270.0	1	1778.288	1778.588
1778.596	0.8999999999998636	trials	58	s058_F200813	grCe_grSu12Mi	9	180.0	1	1778.896	1779.196
1779.2050000000002	0.8999999999998636	trials	58	s058_F200813	grCe_grSu12Mi	9	135.0	1	1779.505	1779.805
1779.838	0.8999999999998636	trials	58	s058_F200813	grCe_grSu6Ne_PS	18	135.0	1	1780.138	1780.438
1789.44	0.8999999999998636	trials	58	s058_F200813	grCe_grSu6Ne	7	90.0	1	1789.74	1790.039
1790.04	0.8999999999998636	trials	58	s058_F200813	grCe	1	90.0	1	1790.34	1790.639
1790.673	0.8999999999998636	trials	58	s058_F200813	grCe_grSu6CiNe	15	90.0	1	1790.973	1791.273
1791.915	0.8999999999998636	trials	58	s058_F200813	grCe_grSu6CiNe_PS	19	135.0	1	1792.215	1792.515
1798.757	0.8999999999998636	trials	58	s058_F200813	grCe_grSu6Ne_PS	18	225.0	1	1799.057	1799.357
1799.3990000000001	0.8999999999998636	trials	58	s058_F200813	coCe_grSu6Ne	17	0.0	1	1799.699	1799.999
1804.2160000000001	0.8999999999998636	trials	58	s058_F200813	grCe_grSu18Fa	11	90.0	1	1804.516	1804.816
1806.0420000000001	0.8999999999998636	trials	58	s058_F200813	grCe_grSu12SmCiNe	13	225.0	1	1806.342	1806.641
1806.675	0.8999999999998636	trials	58	s058_F200813	grCe_grSu12SmCiNe_PS	21	135.0	1	1806.975	1807.275
1812.9180000000001	0.8999999999998636	trials	58	s058_F200813	grCe_grSu12SmCiNe	13	180.0	1	1813.218	1813.517
1813.559	0.8999999999998636	trials	58	s058_F200813	grCe_grSu12SmCiNe_PS	21	270.0	1	1813.859	1814.159
1821.0520000000001	0.8999999999998636	trials	58	s058_F200813	grCe_grSu1Ne	3	180.0	1	1821.352	1821.652
1821.66	0.8999999999998636	trials	58	s058_F200813	grCe_grSu6Ne	7	45.0	1	1821.96	1822.26
1822.3020000000001	0.8999999999998636	trials	58	s058_F200813	grCe_grSu12SmCiNe	13	90.0	1	1822.602	1822.902
1837.204	0.8999999999998636	trials	58	s058_F200813	grCe_grSu6Ne_PS	18	90.0	1	1837.504	1837.804
1837.837	0.8999999999998636	trials	58	s058_F200813	grCe_grSu6Ne_PS	18	270.0	1	1838.137	1838.437
1838.488	0.8999999999998636	trials	58	s058_F200813	grCe_grSu12SmCiNe	13	0.0	1	1838.788	1839.087
1839.113	0.8999999999998636	trials	58	s058_F200813	grCe_grSu1Ne	3	135.0	1	1839.413	1839.712
1839.721	0.8999999999998636	trials	58	s058_F200813	grCe	1	225.0	1	1840.021	1840.321
1846.5800000000002	0.8999999999998636	trials	58	s058_F200813	grSu12Mi	8		1	1846.88	1847.18
1847.18	0.8999999999998636	trials	58	s058_F200813	grCe_grSu6CiNe_PS	19	315.0	1	1847.48	1847.78
1847.797	0.8999999999998636	trials	58	s058_F200813	coCe_grSu6Ne	17	45.0	1	1848.097	1848.397
1848.405	0.8999999999998636	trials	58	s058_F200813	coCe_grSu6Ne	17	135.0	1	1848.705	1849.005
1878.909	0.8999999999998636	trials	58	s058_F200813	coCe_grSu6Ne	17	315.0	1	1879.209	1879.509
1879.518	0.8999999999998636	trials	58	s058_F200813	grCe_grSu12SmCiNe	13	135.0	1	1879.818	1880.118
1880.118	0.8999999999998636	trials	58	s058_F200813	grCe	1	135.0	1	1880.418	1880.718
1880.726	0.8999999999998636	trials	58	s058_F200813	grCe_grSu6CiNe	15	135.0	1	1881.026	1881.326
1881.326	0.8999999999998636	trials	58	s058_F200813	grCe	1	270.0	1	1881.626	1881.926
1887.227	0.8999999999998636	trials	58	s058_F200813	grCe_grSu3Ne	5	225.0	1	1887.527	1887.827
1892.278	0.8999999999998636	trials	58	s058_F200813	grCe_grSu12SmCiNe	13	315.0	1	1892.578	1892.878
1892.8780000000002	0.8999999999998636	trials	58	s058_F200813	coCe	16	45.0	1	1893.178	1893.478
1893.486	0.8999999999998636	trials	58	s058_F200813	grCe_grSu1Ne	3	315.0	1	1893.786	1894.086
1894.095	0.8999999999998636	trials	58	s058_F200813	grCe_grSu6CiNe_PS	19	180.0	1	1894.395	1894.694
1894.695	0.8999999999998636	trials	58	s058_F200813	grCe_grSu12SmCiNe_PS	21	180.0	1	1894.995	1895.294
1901.0710000000001	0.8999999999998636	trials	58	s058_F200813	grCe_grSu12Mi	9	225.0	1	1901.371	1901.67
1901.671	0.8999999999998636	trials	58	s058_F200813	grSu12SmCiNe	12		1	1901.971	1902.27
1902.279	0.8999999999998636	trials	58	s058_F200813	grCe_grSu6Ne	7	135.0	1	1902.579	1902.879
1902.8880000000001	0.8999999999998636	trials	58	s058_F200813	grCe_grSu6Ne	7	180.0	1	1903.188	1903.487
1908.813	0.8999999999998636	trials	58	s058_F200813	grCe_grSu6CiNe	15	180.0	1	1909.113	1909.413
1913.547	0.8999999999998636	trials	58	s058_F200813	grCe_grSu3Ne	5	90.0	1	1913.847	1914.147
1914.156	0.8999999999998636	trials	58	s058_F200813	grCe_grSu6CiNe	15	45.0	1	1914.456	1914.755
1914.7640000000001	0.8999999999998636	trials	58	s058_F200813	grCe_grSu12Mi	9	270.0	1	1915.064	1915.364
1915.372	0.8999999999998636	trials	58	s058_F200813	grCe	1	45.0	1	1915.672	1915.972
1915.981	0.8999999999998636	trials	58	s058_F200813	grCe_grSu6CiNe	15	270.0	1	1916.281	1916.581
1945.443	0.8999999999998636	trials	58	s058_F200813	grCe_grSu6Ne	7	270.0	1	1945.743	1946.043
1946.068	0.8999999999998636	trials	58	s058_F200813	coCe	16	180.0	1	1946.368	1946.668
1946.685	0.8999999999998636	trials	58	s058_F200813	grCe_grSu3Ne	5	270.0	1	1946.985	1947.285
1947.318	0.8999999999998636	trials	58	s058_F200813	grCe_grSu6Ne_PS	18	180.0	1	1947.618	1947.918
1947.9270000000001	0.8999999999998636	trials	58	s058_F200813	grCe_grSu6CiNe	15	315.0	1	1948.227	1948.526
1958.903	0.8999999999998636	trials	58	s058_F200813	grCe_grSu6CiNe	15	225.0	1	1959.203	1959.503
1960.162	0.8999999999998636	trials	58	s058_F200813	grCe_grSu6CiNe_PS	19	270.0	1	1960.462	1960.761
1960.778	0.8999999999998636	trials	58	s058_F200813	grCe_grSu18Fa	11	315.0	1	1961.078	1961.378
1971.346	0.8999999999998636	trials	58	s058_F200813	grCe_grSu18Fa	11	0.0	1	1971.646	1971.946
1971.9550000000002	0.8999999999998636	trials	58	s058_F200813	grCe_grSu6Ne	7	0.0	1	1972.255	1972.554
1972.597	0.8999999999998636	trials	58	s058_F200813	grCe_grSu18Fa	11	180.0	1	1972.897	1973.196
1983.24	0.8999999999998636	trials	58	s058_F200813	grSu6CiNe	14		1	1983.54	1983.839
1983.8400000000001	0.8999999999998636	trials	58	s058_F200813	grCe_grSu6Ne_PS	18	90.0	0	1984.14	1984.439
1985.073	0.8999999999998636	trials	58	s058_F200813	grCe	1	45.0	0	1985.373	1985.673
1985.682	0.8999999999998636	trials	58	s058_F200813	coCe_grSu6Ne	17	225.0	0	1985.982	1986.281
1991.549	0.8999999999998636	trials	58	s058_F200813	grCe_grSu3Ne	5	45.0	0	1991.849	1992.149
1992.766	0.8999999999998636	trials	58	s058_F200813	grCe	1	315.0	0	1993.066	1993.366
1993.374	0.8999999999998636	trials	58	s058_F200813	coCe	16	135.0	0	1993.674	1993.974
1993.983	0.8999999999998636	trials	58	s058_F200813	grCe_grSu6Ne_PS	18	0.0	0	1994.283	1994.582
2003.901	0.8999999999998636	trials	58	s058_F200813	coCe	16	270.0	0	2004.201	2004.5
2004.509	0.8999999999998636	trials	58	s058_F200813	coCe_grSu6Ne	17	270.0	0	2004.809	2005.109
2005.7340000000002	0.8999999999998636	trials	58	s058_F200813	grCe_grSu6CiNe_PS	19	0.0	0	2006.034	2006.334
2006.343	0.8999999999998636	trials	58	s058_F200813	grCe_grSu6CiNe_PS	19	270.0	0	2006.643	2006.942
2012.31	0.8999999999998636	trials	58	s058_F200813	grCe_grSu12Mi	9	180.0	0	2012.61	2012.91
2012.91	0.8999999999998636	trials	58	s058_F200813	grCe_grSu6Ne_PS	18	270.0	0	2013.21	2013.51
2014.1190000000001	0.8999999999998636	trials	58	s058_F200813	grCe_grSu12SmCiNe	13	315.0	0	2014.419	2014.718
2018.519	0.8999999999998636	trials	58	s058_F200813	grCe_grSu12Mi	9	90.0	0	2018.819	2019.119
2019.153	0.8999999999998636	trials	58	s058_F200813	coCe_grSu6Ne	17	0.0	0	2019.453	2019.752
2019.761	0.8999999999998636	trials	58	s058_F200813	grCe_grSu1Ne	3	270.0	0	2020.061	2020.361
2020.361	0.8999999999998636	trials	58	s058_F200813	grSu6Ne	6		0	2020.661	2020.961
2020.961	0.8999999999998636	trials	58	s058_F200813	NoStim	0		0	2021.261	2021.561
2026.704	0.8999999999998636	trials	58	s058_F200813	grCe_grSu12SmCiNe	13	225.0	0	2027.004	2027.303
2031.287	0.8999999999998636	trials	58	s058_F200813	grCe_grSu12Mi	9	225.0	0	2031.587	2031.887
2032.5130000000001	0.8999999999998636	trials	58	s058_F200813	grCe_grSu1Ne	3	0.0	0	2032.813	2033.112
2033.1380000000001	0.8999999999998636	trials	58	s058_F200813	grCe_grSu6CiNe	15	180.0	0	2033.438	2033.737
2039.314	0.8999999999998636	trials	58	s058_F200813	grCe_grSu6CiNe_PS	19	135.0	0	2039.614	2039.913
2040.53	0.8999999999998636	trials	58	s058_F200813	grCe_grSu1Ne	3	90.0	0	2040.83	2041.13
2041.1390000000001	0.8999999999998636	trials	58	s058_F200813	grCe_grSu6CiNe_PS	19	45.0	0	2041.439	2041.738
2041.747	0.8999999999998636	trials	58	s058_F200813	grCe_grSu12Mi	9	270.0	0	2042.047	2042.347
2047.298	0.8999999999998636	trials	58	s058_F200813	grCe_grSu1Ne	3	180.0	0	2047.598	2047.898
2047.923	0.8999999999998636	trials	58	s058_F200813	grSu18Fa	10		0	2048.223	2048.523
2048.5229999999997	0.900000000000091	trials	58	s058_F200813	coCe	16	90.0	0	2048.823	2049.123
2049.131	0.900000000000091	trials	58	s058_F200813	grCe_grSu12SmCiNe_PS	21	45.0	0	2049.431	2049.731
2052.7239999999997	0.900000000000091	trials	58	s058_F200813	grCe_grSu6CiNe_PS	19	315.0	0	2053.024	2053.323
2053.9399999999996	0.900000000000091	trials	58	s058_F200813	grCe_grSu12SmCiNe_PS	21	135.0	0	2054.24	2054.54
2054.549	0.900000000000091	trials	58	s058_F200813	coCe_grSu6Ne	17	45.0	0	2054.849	2055.149
2062.5159999999996	0.900000000000091	trials	58	s058_F200813	grCe_grSu6Ne_PS	18	45.0	0	2062.816	2063.116
2063.125	0.900000000000091	trials	58	s058_F200813	grCe_grSu12SmCiNe_PS	21	225.0	0	2063.425	2063.725
2064.35	0.900000000000091	trials	58	s058_F200813	grCe_grSu18Fa	11	225.0	0	2064.65	2064.95
2064.975	0.900000000000091	trials	58	s058_F200813	grCe_grSu6CiNe	15	270.0	0	2065.275	2065.575
2070.609	0.900000000000091	trials	58	s058_F200813	grCe_grSu12SmCiNe	13	0.0	0	2070.909	2071.209
2071.8509999999997	0.900000000000091	trials	58	s058_F200813	grCe_grSu12SmCiNe_PS	21	180.0	0	2072.151	2072.451
2072.468	0.900000000000091	trials	58	s058_F200813	grCe_grSu6Ne	7	180.0	0	2072.768	2073.067
2073.076	0.900000000000091	trials	58	s058_F200813	grCe	1	180.0	0	2073.376	2073.676
2080.102	0.900000000000091	trials	58	s058_F200813	coCe_grSu6Ne	17	90.0	0	2080.402	2080.702
2080.711	0.900000000000091	trials	58	s058_F200813	grSu6CiNe	14		0	2081.011	2081.31
2081.319	0.900000000000091	trials	58	s058_F200813	grCe_grSu6CiNe	15	225.0	0	2081.619	2081.919
2085.211	0.900000000000091	trials	58	s058_F200813	grCe_grSu6CiNe_PS	19	225.0	0	2085.511	2085.811
2085.845	0.900000000000091	trials	58	s058_F200813	grCe_grSu6CiNe	15	135.0	0	2086.145	2086.444
2086.486	0.900000000000091	trials	58	s058_F200813	grCe_grSu12SmCiNe	13	180.0	0	2086.786	2087.086
2087.711	0.900000000000091	trials	58	s058_F200813	grCe_grSu18Fa	11	135.0	0	2088.011	2088.311
2094.846	0.900000000000091	trials	58	s058_F200813	grCe_grSu6Ne	7	225.0	0	2095.146	2095.445
2095.4539999999997	0.900000000000091	trials	58	s058_F200813	coCe_grSu6Ne	17	315.0	0	2095.754	2096.054
2096.0539999999996	0.900000000000091	trials	58	s058_F200813	coCe	16	45.0	0	2096.354	2096.654
2096.6789999999996	0.900000000000091	trials	58	s058_F200813	grCe_grSu6Ne	7	270.0	0	2096.979	2097.279
2097.288	0.900000000000091	trials	58	s058_F200813	grCe_grSu6Ne	7	135.0	0	2097.588	2097.887
2130.209	0.900000000000091	trials	58	s058_F200813	grCe_grSu1Ne	3	315.0	0	2130.509	2130.808
2131.4249999999997	0.900000000000091	trials	58	s058_F200813	grCe_grSu12Mi	9	315.0	0	2131.725	2132.025
2138.743	0.900000000000091	trials	58	s058_F200813	grCe_grSu6CiNe	15	0.0	0	2139.043	2139.343
2139.393	0.900000000000091	trials	58	s058_F200813	grCe_grSu6CiNe	15	45.0	0	2139.693	2139.993
2139.993	0.900000000000091	trials	58	s058_F200813	coCe	16	225.0	0	2140.293	2140.593
2140.6099999999997	0.900000000000091	trials	58	s058_F200813	coSu6Ne	20		0	2140.91	2141.21
2141.21	0.900000000000091	trials	58	s058_F200813	grCe	1	0.0	0	2141.51	2141.81
2147.4939999999997	0.900000000000091	trials	58	s058_F200813	grCe_grSu12SmCiNe_PS	21	315.0	0	2147.794	2148.094
2148.1029999999996	0.900000000000091	trials	58	s058_F200813	grCe_grSu3Ne	5	180.0	0	2148.403	2148.702
2148.7439999999997	0.900000000000091	trials	58	s058_F200813	grCe_grSu1Ne	3	45.0	0	2149.044	2149.344
2149.3529999999996	0.900000000000091	trials	58	s058_F200813	grCe_grSu3Ne	5	315.0	0	2149.653	2149.952
2159.004	0.900000000000091	trials	58	s058_F200813	grCe_grSu6Ne_PS	18	135.0	0	2159.304	2159.604
2162.5539999999996	0.900000000000091	trials	58	s058_F200813	grCe_grSu18Fa	11	180.0	0	2162.854	2163.154
2163.171	0.900000000000091	trials	58	s058_F200813	grCe_grSu12SmCiNe	13	45.0	0	2163.471	2163.771
2163.805	0.900000000000091	trials	58	s058_F200813	grCe_grSu12SmCiNe	13	135.0	0	2164.105	2164.404
2164.421	0.900000000000091	trials	58	s058_F200813	grCe_grSu18Fa	11	45.0	0	2164.721	2165.021
2165.0299999999997	0.900000000000091	trials	58	s058_F200813	grCe_grSu6Ne	7	45.0	0	2165.33	2165.629
2217.078	0.900000000000091	trials	58	s058_F200813	grCe_grSu6Ne	7	90.0	0	2217.378	2217.678
2221.562	0.900000000000091	trials	58	s058_F200813	grCe_grSu6Ne_PS	18	315.0	0	2221.862	2222.162
2222.1699999999996	0.900000000000091	trials	58	s058_F200813	grSu12Mi	8		0	2222.47	2222.77
2223.421	0.900000000000091	trials	58	s058_F200813	grCe_grSu6CiNe	15	315.0	0	2223.721	2224.02
2229.23	0.900000000000091	trials	58	s058_F200813	grCe_grSu18Fa	11	270.0	0	2229.53	2229.829
2229.83	0.900000000000091	trials	58	s058_F200813	grCe_grSu6CiNe_PS	19	90.0	0	2230.13	2230.429
2230.455	0.900000000000091	trials	58	s058_F200813	grCe_grSu6Ne	7	0.0	0	2230.755	2231.055
2231.055	0.900000000000091	trials	58	s058_F200813	grCe_grSu6Ne_PS	18	180.0	0	2231.355	2231.655
2231.663	0.900000000000091	trials	58	s058_F200813	grCe_grSu3Ne	5	225.0	0	2231.963	2232.263
2242.6899999999996	0.900000000000091	trials	58	s058_F200813	grCe	1	225.0	0	2242.99	2243.289
2243.29	0.900000000000091	trials	58	s058_F200813	coCe	16	180.0	0	2243.59	2243.89
2244.49	0.900000000000091	trials	58	s058_F200813	grCe	1	135.0	0	2244.79	2245.09
2245.098	0.900000000000091	trials	58	s058_F200813	grCe_grSu6Ne_PS	18	225.0	0	2245.398	2245.698
2290.4379999999996	0.900000000000091	trials	58	s058_F200813	grCe_grSu12SmCiNe_PS	21	0.0	0	2290.738	2291.037
2291.696	0.900000000000091	trials	58	s058_F200813	grCe_grSu3Ne	5	90.0	0	2291.996	2292.296
2292.913	0.900000000000091	trials	58	s058_F200813	grCe_grSu12Mi	9	0.0	0	2293.213	2293.513
2318.383	0.900000000000091	trials	58	s058_F200813	grCe_grSu18Fa	11	90.0	0	2318.683	2318.983
2318.991	0.900000000000091	trials	58	s058_F200813	grCe_grSu12Mi	9	135.0	0	2319.291	2319.591
2320.225	0.900000000000091	trials	58	s058_F200813	grCe_grSu12SmCiNe_PS	21	90.0	0	2320.525	2320.825
2320.825	0.900000000000091	trials	58	s058_F200813	grCe	1	90.0	0	2321.125	2321.425
2328.9429999999998	0.900000000000091	trials	58	s058_F200813	grCe	1	270.0	0	2329.243	2329.542
2329.5589999999997	0.900000000000091	trials	58	s058_F200813	grCe_grSu18Fa	11	0.0	0	2329.859	2330.159
2330.1679999999997	0.900000000000091	trials	58	s058_F200813	grSu12SmCiNe	12		0	2330.468	2330.767
2330.801	0.900000000000091	trials	58	s058_F200813	grCe_grSu12SmCiNe	13	270.0	0	2331.101	2331.401
2336.502	0.900000000000091	trials	58	s058_F200813	coCe	16	0.0	0	2336.802	2337.102
2337.2189999999996	0.900000000000091	trials	58	s058_F200813	grCe_grSu12Mi	9	45.0	0	2337.519	2337.818
2338.435	0.900000000000091	trials	58	s058_F200813	grCe_grSu1Ne	3	225.0	0	2338.735	2339.035
2339.069	0.900000000000091	trials	58	s058_F200813	grCe_grSu12SmCiNe	13	90.0	0	2339.369	2339.669
2349.6699999999996	0.900000000000091	trials	58	s058_F200813	grCe_grSu18Fa	11	315.0	0	2349.97	2350.27
2350.312	0.900000000000091	trials	58	s058_F200813	grSu1Ne	2		0	2350.612	2350.912
2350.9199999999996	0.900000000000091	trials	58	s058_F200813	grCe_grSu6CiNe_PS	19	180.0	0	2351.22	2351.52
2351.529	0.900000000000091	trials	58	s058_F200813	grCe_grSu6Ne	7	315.0	0	2351.829	2352.129
2352.1459999999997	0.900000000000091	trials	58	s058_F200813	grCe_grSu12SmCiNe_PS	21	270.0	0	2352.446	2352.745
2357.8709999999996	0.900000000000091	trials	58	s058_F200813	grCe_grSu3Ne	5	270.0	0	2358.171	2358.471
2362.48	0.900000000000091	trials	58	s058_F200813	coCe_grSu6Ne	17	135.0	0	2362.78	2363.08
2363.6969999999997	0.900000000000091	trials	58	s058_F200813	grCe_grSu3Ne	5	0.0	0	2363.997	2364.297
2364.306	0.900000000000091	trials	58	s058_F200813	grCe_grSu6CiNe	15	90.0	0	2364.606	2364.905
2364.9139999999998	0.900000000000091	trials	58	s058_F200813	coCe_grSu6Ne	17	180.0	0	2365.214	2365.514
2371.006	0.900000000000091	trials	58	s058_F200813	grSu3Ne	4		0	2371.306	2371.606
2375.0649999999996	0.900000000000091	trials	58	s058_F200813	coCe	16	315.0	0	2375.365	2375.665
2378.7569999999996	0.900000000000091	trials	58	s058_F200813	grCe_grSu1Ne	3	135.0	0	2379.057	2379.357
2379.374	0.900000000000091	trials	58	s058_F200813	grCe_grSu3Ne	5	135.0	0	2379.674	2379.974
2379.9829999999997	0.900000000000091	trials	58	s058_F200813	grCe_grSu1Ne	3	225.0	8	2380.283	2380.582
2380.591	0.900000000000091	trials	58	s058_F200813	grCe_grSu3Ne	5	270.0	8	2380.891	2381.191
2381.191	0.900000000000091	trials	58	s058_F200813	grCe_grSu6CiNe_PS	19	135.0	8	2381.491	2381.791
2398.877	0.900000000000091	trials	58	s058_F200813	grCe_grSu6CiNe	15	315.0	8	2399.177	2399.476
2402.527	0.900000000000091	trials	58	s058_F200813	grSu6CiNe	14		8	2402.827	2403.127
2403.136	0.900000000000091	trials	58	s058_F200813	coCe_grSu6Ne	17	270.0	8	2403.436	2403.735
2403.769	0.900000000000091	trials	58	s058_F200813	grCe_grSu12Mi	9	315.0	8	2404.069	2404.369
2404.3689999999997	0.900000000000091	trials	58	s058_F200813	grCe_grSu12SmCiNe_PS	21	0.0	8	2404.669	2404.969
2404.977	0.900000000000091	trials	58	s058_F200813	grCe_grSu12Mi	9	135.0	8	2405.277	2405.577
2425.2549999999997	0.900000000000091	trials	58	s058_F200813	grCe_grSu12SmCiNe_PS	21	225.0	8	2425.555	2425.855
2425.872	0.900000000000091	trials	58	s058_F200813	grCe_grSu18Fa	11	270.0	8	2426.172	2426.471
2426.4719999999998	0.900000000000091	trials	58	s058_F200813	NoStim	0		8	2426.772	2427.072
2427.105	0.900000000000091	trials	58	s058_F200813	grCe_grSu18Fa	11	135.0	8	2427.405	2427.705
2427.747	0.900000000000091	trials	58	s058_F200813	grCe_grSu6Ne	7	45.0	8	2428.047	2428.347
2434.2149999999997	0.900000000000091	trials	58	s058_F200813	grCe_grSu6Ne_PS	18	270.0	8	2434.515	2434.814
2434.8149999999996	0.900000000000091	trials	58	s058_F200813	grCe	1	90.0	8	2435.115	2435.414
2436.015	0.900000000000091	trials	58	s058_F200813	grCe	1	45.0	8	2436.315	2436.614
2441.982	0.900000000000091	trials	58	s058_F200813	grCe_grSu6CiNe	15	135.0	8	2442.282	2442.582
2442.607	0.900000000000091	trials	58	s058_F200813	grCe_grSu6Ne_PS	18	0.0	8	2442.907	2443.207
2443.207	0.900000000000091	trials	58	s058_F200813	grCe_grSu6Ne_PS	18	135.0	8	2443.507	2443.807
2443.807	0.900000000000091	trials	58	s058_F200813	grCe_grSu6CiNe_PS	19	225.0	8	2444.107	2444.407
2587.676	0.900000000000091	trials	58	s058_F200813	grCe_grSu12SmCiNe_PS	21	135.0	8	2587.976	2588.276
2588.276	0.900000000000091	trials	58	s058_F200813	grCe	1	225.0	8	2588.576	2588.876
2588.8849999999998	0.900000000000091	trials	58	s058_F200813	coCe	16	225.0	8	2589.185	2589.484
2590.1099999999997	0.900000000000091	trials	58	s058_F200813	grCe_grSu6CiNe_PS	19	45.0	8	2590.41	2590.709
2613.5209999999997	0.900000000000091	trials	58	s058_F200813	grCe_grSu12SmCiNe_PS	21	270.0	8	2613.821	2614.121
2614.1459999999997	0.900000000000091	trials	58	s058_F200813	grCe_grSu6CiNe_PS	19	270.0	8	2614.446	2614.746
2614.7549999999997	0.900000000000091	trials	58	s058_F200813	grCe_grSu1Ne	3	270.0	8	2615.055	2615.354
2615.388	0.900000000000091	trials	58	s058_F200813	grCe_grSu12Mi	9	90.0	8	2615.688	2615.988
2621.114	0.900000000000091	trials	58	s058_F200813	grCe_grSu12SmCiNe	13	90.0	8	2621.414	2621.713
2621.7219999999998	0.900000000000091	trials	58	s058_F200813	grCe_grSu6CiNe_PS	19	0.0	8	2622.022	2622.322
2652.1679999999997	0.900000000000091	trials	58	s058_F200813	grCe	1	135.0	8	2652.468	2652.767
2652.776	0.900000000000091	trials	58	s058_F200813	grCe_grSu1Ne	3	90.0	8	2653.076	2653.376
2654.0009999999997	0.900000000000091	trials	58	s058_F200813	grCe_grSu3Ne	5	135.0	8	2654.301	2654.601
2654.618	0.900000000000091	trials	58	s058_F200813	grCe_grSu18Fa	11	180.0	8	2654.918	2655.218
2660.444	0.900000000000091	trials	58	s058_F200813	grCe_grSu18Fa	11	225.0	8	2660.744	2661.043
2661.0519999999997	0.900000000000091	trials	58	s058_F200813	grCe_grSu6CiNe	15	270.0	8	2661.352	2661.652
2661.669	0.900000000000091	trials	58	s058_F200813	grCe_grSu18Fa	11	0.0	8	2661.969	2662.269
2662.3109999999997	0.900000000000091	trials	58	s058_F200813	grCe_grSu12SmCiNe_PS	21	45.0	8	2662.611	2662.91
2662.9519999999998	0.900000000000091	trials	58	s058_F200813	grCe_grSu3Ne	5	90.0	8	2663.252	2663.552
2677.296	0.900000000000091	trials	58	s058_F200813	grCe_grSu6Ne	7	90.0	8	2677.596	2677.896
2677.904	0.900000000000091	trials	58	s058_F200813	grCe_grSu6CiNe	15	0.0	8	2678.204	2678.504
2679.1209999999996	0.900000000000091	trials	58	s058_F200813	grCe_grSu6Ne_PS	18	315.0	8	2679.421	2679.721
2679.7459999999996	0.900000000000091	trials	58	s058_F200813	grCe_grSu12SmCiNe_PS	21	180.0	8	2680.046	2680.346
2686.58	0.900000000000091	trials	58	s058_F200813	grCe_grSu6Ne_PS	18	180.0	8	2686.88	2687.18
2687.189	0.900000000000091	trials	58	s058_F200813	coCe_grSu6Ne	17	0.0	8	2687.489	2687.789
2688.406	0.900000000000091	trials	58	s058_F200813	grCe_grSu12SmCiNe	13	225.0	8	2688.706	2689.005
2694.732	0.900000000000091	trials	58	s058_F200813	grCe	1	315.0	8	2695.032	2695.331
2695.348	0.900000000000091	trials	58	s058_F200813	grCe_grSu1Ne	3	180.0	8	2695.648	2695.948
2696.582	0.900000000000091	trials	58	s058_F200813	grCe_grSu1Ne	3	315.0	8	2696.882	2697.181
2697.1899999999996	0.900000000000091	trials	58	s058_F200813	grCe_grSu12SmCiNe	13	315.0	8	2697.49	2697.79
2704.566	0.900000000000091	trials	58	s058_F200813	coCe_grSu6Ne	17	225.0	8	2704.866	2705.166
2705.183	0.900000000000091	trials	58	s058_F200813	grCe_grSu18Fa	11	315.0	8	2705.483	2705.783
2706.4249999999997	0.900000000000091	trials	58	s058_F200813	coCe_grSu6Ne	17	180.0	8	2706.725	2707.024
2707.033	0.900000000000091	trials	58	s058_F200813	grCe_grSu1Ne	3	45.0	8	2707.333	2707.633
2713.2509999999997	0.900000000000091	trials	58	s058_F200813	grCe_grSu12Mi	9	225.0	8	2713.551	2713.85
2713.859	0.900000000000091	trials	58	s058_F200813	grCe_grSu6CiNe	15	90.0	8	2714.159	2714.459
2714.459	0.900000000000091	trials	58	s058_F200813	grCe	1	0.0	8	2714.759	2715.059
2715.076	0.900000000000091	trials	58	s058_F200813	grCe_grSu18Fa	11	45.0	8	2715.376	2715.676
2729.4109999999996	0.900000000000091	trials	58	s058_F200813	grCe_grSu6CiNe_PS	19	180.0	8	2729.711	2730.011
2730.019	0.900000000000091	trials	58	s058_F200813	coCe_grSu6Ne	17	135.0	8	2730.319	2730.619
2730.6279999999997	0.900000000000091	trials	58	s058_F200813	grCe_grSu6CiNe_PS	19	90.0	8	2730.928	2731.228
2743.238	0.900000000000091	trials	58	s058_F200813	coCe	16	270.0	8	2743.538	2743.838
2743.846	0.900000000000091	trials	58	s058_F200813	grCe_grSu3Ne	5	180.0	8	2744.146	2744.446
2745.08	0.900000000000091	trials	58	s058_F200813	coCe_grSu6Ne	17	90.0	8	2745.38	2745.679
2745.68	0.900000000000091	trials	58	s058_F200813	coCe	16	45.0	8	2745.98	2746.279
2752.881	0.900000000000091	trials	58	s058_F200813	grSu12SmCiNe	12		8	2753.181	2753.48
2753.5139999999997	0.900000000000091	trials	58	s058_F200813	grCe_grSu6Ne	7	135.0	8	2753.814	2754.114
2754.1229999999996	0.900000000000091	trials	58	s058_F200813	grCe_grSu12SmCiNe	13	180.0	8	2754.423	2754.722
2754.7309999999998	0.900000000000091	trials	58	s058_F200813	grCe_grSu6Ne	7	225.0	8	2755.031	2755.331
2755.3559999999998	0.900000000000091	trials	58	s058_F200813	grCe_grSu12Mi	9	180.0	8	2755.656	2755.956
2775.984	0.900000000000091	trials	58	s058_F200813	grSu6Ne	6		8	2776.284	2776.583
2776.6	0.900000000000091	trials	58	s058_F200813	coCe	16	0.0	8	2776.9	2777.2
2777.8089999999997	0.900000000000091	trials	58	s058_F200813	coCe	16	135.0	8	2778.109	2778.409
2778.417	0.900000000000091	trials	58	s058_F200813	grCe_grSu12SmCiNe	13	0.0	8	2778.717	2779.017
2784.8849999999998	0.900000000000091	trials	58	s058_F200813	grCe_grSu6Ne_PS	18	90.0	8	2785.185	2785.485
2786.102	0.900000000000091	trials	58	s058_F200813	grCe_grSu6Ne	7	180.0	8	2786.402	2786.701
2808.3959999999997	0.900000000000091	trials	58	s058_F200813	grCe_grSu18Fa	11	90.0	8	2808.696	2808.996
2808.9959999999996	0.900000000000091	trials	58	s058_F200813	grCe_grSu12SmCiNe_PS	21	315.0	8	2809.296	2809.596
2809.6299999999997	0.900000000000091	trials	58	s058_F200813	grCe_grSu3Ne	5	315.0	8	2809.93	2810.229
2810.2459999999996	0.900000000000091	trials	58	s058_F200813	grCe_grSu6Ne	7	315.0	8	2810.546	2810.846
2810.863	0.900000000000091	trials	58	s058_F200813	grCe_grSu12SmCiNe	13	135.0	8	2811.163	2811.463
2816.497	0.900000000000091	trials	58	s058_F200813	coSu6Ne	20		8	2816.797	2817.097
2817.1059999999998	0.900000000000091	trials	58	s058_F200813	grCe_grSu12SmCiNe_PS	21	90.0	8	2817.406	2817.705
2817.714	0.900000000000091	trials	58	s058_F200813	grCe_grSu3Ne	5	0.0	8	2818.014	2818.314
2818.323	0.900000000000091	trials	58	s058_F200813	grSu12Mi	8		8	2818.623	2818.922
2818.964	0.900000000000091	trials	58	s058_F200813	grCe_grSu12SmCiNe	13	45.0	8	2819.264	2819.564
2829.0069999999996	0.900000000000091	trials	58	s058_F200813	grCe_grSu12Mi	9	45.0	8	2829.307	2829.607
2929.845	0.900000000000091	trials	58	s058_F200813	grSu1Ne	2		8	2930.145	2930.445
2930.47	0.900000000000091	trials	58	s058_F200813	grCe_grSu6Ne	7	0.0	8	2930.77	2931.07
2931.0789999999997	0.900000000000091	trials	58	s058_F200813	grCe_grSu12Mi	9	270.0	8	2931.379	2931.678
2931.6789999999996	0.900000000000091	trials	58	s058_F200813	grSu3Ne	4		8	2931.979	2932.279
2932.287	0.900000000000091	trials	58	s058_F200813	grCe_grSu6CiNe	15	45.0	8	2932.587	2932.887
2939.9719999999998	0.900000000000091	trials	58	s058_F200813	grCe_grSu3Ne	5	45.0	8	2940.272	2940.571
2940.5879999999997	0.900000000000091	trials	58	s058_F200813	grCe	1	180.0	8	2940.888	2941.188
2941.1879999999996	0.900000000000091	trials	58	s058_F200813	coCe	16	315.0	8	2941.488	2941.788
2941.788	0.900000000000091	trials	58	s058_F200813	grCe	1	270.0	8	2942.088	2942.388
2942.397	0.900000000000091	trials	58	s058_F200813	grCe_grSu6CiNe	15	180.0	8	2942.697	2942.997
2997.4869999999996	0.900000000000091	trials	58	s058_F200813	grCe_grSu6Ne_PS	18	45.0	8	2997.787	2998.087
3001.5879999999997	0.900000000000091	trials	58	s058_F200813	coCe_grSu6Ne	17	45.0	8	3001.888	3002.188
3002.196	0.900000000000091	trials	58	s058_F200813	grCe_grSu1Ne	3	0.0	8	3002.496	3002.796
3002.796	0.900000000000091	trials	58	s058_F200813	coCe	16	180.0	8	3003.096	3003.396
3003.413	0.900000000000091	trials	58	s058_F200813	grSu18Fa	10		8	3003.713	3004.013
3034.692	0.900000000000091	trials	58	s058_F200813	grCe_grSu6CiNe	15	225.0	8	3034.992	3035.292
3035.301	0.900000000000091	trials	58	s058_F200813	grCe_grSu12SmCiNe	13	270.0	8	3035.601	3035.9
3035.9089999999997	0.900000000000091	trials	58	s058_F200813	coCe_grSu6Ne	17	315.0	8	3036.209	3036.509
3036.517	0.900000000000091	trials	58	s058_F200813	grCe_grSu6Ne_PS	18	225.0	8	3036.817	3037.117
3037.1259999999997	0.900000000000091	trials	58	s058_F200813	grCe_grSu3Ne	5	225.0	8	3037.426	3037.725
3057.537	0.900000000000091	trials	58	s058_F200813	grCe_grSu1Ne	3	135.0	8	3057.837	3058.136
3073.556	0.900000000000091	trials	58	s058_F200813	coCe	16	90.0	8	3073.856	3074.155
3074.1639999999998	0.900000000000091	trials	58	s058_F200813	grCe_grSu6CiNe_PS	19	315.0	8	3074.464	3074.764
3074.772	0.900000000000091	trials	58	s058_F200813	grCe_grSu6Ne	7	270.0	8	3075.072	3075.372
3075.381	0.900000000000091	trials	58	s058_F200813	grCe_grSu12Mi	9	0.0	8	3075.681	3075.98
3123.745	0.900000000000091	trials	58	s058_F200813	grCe_grSu6CiNe	15	270.0	9	3124.045	3124.345
3124.345	0.900000000000091	trials	58	s058_F200813	grCe	1	135.0	9	3124.645	3124.945
3125.562	0.900000000000091	trials	58	s058_F200813	grCe_grSu6Ne	7	315.0	9	3125.862	3126.162
3131.788	0.900000000000091	trials	58	s058_F200813	coCe_grSu6Ne	17	0.0	9	3132.088	3132.388
3132.413	0.900000000000091	trials	58	s058_F200813	grCe_grSu1Ne	3	270.0	9	3132.713	3133.013
3133.013	0.900000000000091	trials	58	s058_F200813	coCe	16	270.0	9	3133.313	3133.613
3133.622	0.900000000000091	trials	58	s058_F200813	grCe_grSu12SmCiNe	13	90.0	9	3133.922	3134.221
3134.23	0.900000000000091	trials	58	s058_F200813	grCe_grSu12Mi	9	225.0	9	3134.53	3134.83
3140.556	0.900000000000091	trials	58	s058_F200813	grCe_grSu3Ne	5	0.0	9	3140.856	3141.156
3141.1639999999998	0.900000000000091	trials	58	s058_F200813	grCe_grSu12SmCiNe	13	135.0	9	3141.464	3141.764
3141.7729999999997	0.900000000000091	trials	58	s058_F200813	grSu12Mi	8		9	3142.073	3142.372
3142.9809999999998	0.900000000000091	trials	58	s058_F200813	coCe	16	225.0	9	3143.281	3143.581
3161.859	0.900000000000091	trials	58	s058_F200813	grCe_grSu12Mi	9	90.0	9	3162.159	3162.458
3162.475	0.900000000000091	trials	58	s058_F200813	grCe_grSu18Fa	11	90.0	9	3162.775	3163.075
3163.084	0.900000000000091	trials	58	s058_F200813	grCe_grSu6Ne	7	225.0	9	3163.384	3163.683
3163.6839999999997	0.900000000000091	trials	58	s058_F200813	grCe	1	45.0	9	3163.984	3164.284
3164.292	0.900000000000091	trials	58	s058_F200813	grSu6CiNe	14		9	3164.592	3164.892
3181.428	0.900000000000091	trials	58	s058_F200813	grCe_grSu18Fa	11	225.0	9	3181.728	3182.027
3186.0699999999997	0.900000000000091	trials	58	s058_F200813	grCe_grSu6Ne	7	270.0	9	3186.37	3186.67
3186.678	0.900000000000091	trials	58	s058_F200813	grCe_grSu1Ne	3	0.0	9	3186.978	3187.278
3187.287	0.900000000000091	trials	58	s058_F200813	grCe_grSu12SmCiNe_PS	21	315.0	9	3187.587	3187.887
3188.5119999999997	0.900000000000091	trials	58	s058_F200813	grCe_grSu6CiNe_PS	19	270.0	9	3188.812	3189.112
3204.656	0.900000000000091	trials	58	s058_F200813	grCe_grSu18Fa	11	0.0	9	3204.956	3205.255
3205.2639999999997	0.900000000000091	trials	58	s058_F200813	grCe_grSu12SmCiNe	13	270.0	9	3205.564	3205.864
3205.906	0.900000000000091	trials	58	s058_F200813	grSu12SmCiNe	12		9	3206.206	3206.506
3207.1479999999997	0.900000000000091	trials	58	s058_F200813	grCe_grSu6Ne	7	0.0	9	3207.448	3207.747
3213.549	0.900000000000091	trials	58	s058_F200813	grCe_grSu12Mi	9	180.0	9	3213.849	3214.148
3214.1899999999996	0.900000000000091	trials	58	s058_F200813	coCe	16	180.0	9	3214.49	3214.79
3214.79	0.900000000000091	trials	58	s058_F200813	grCe_grSu6Ne_PS	18	135.0	9	3215.09	3215.39
3224.158	0.900000000000091	trials	58	s058_F200813	grCe_grSu12Mi	9	315.0	9	3224.458	3224.758
3225.383	0.900000000000091	trials	58	s058_F200813	coSu6Ne	20		9	3225.683	3225.983
3225.9919999999997	0.900000000000091	trials	58	s058_F200813	grCe_grSu6CiNe	15	45.0	9	3226.292	3226.592
3226.6	0.900000000000091	trials	58	s058_F200813	grCe_grSu6CiNe	15	90.0	9	3226.9	3227.2
3260.538	0.900000000000091	trials	58	s058_F200813	coCe	16	315.0	9	3260.838	3261.138
3261.1459999999997	0.900000000000091	trials	58	s058_F200813	grCe_grSu6CiNe_PS	19	315.0	9	3261.446	3261.746
3261.7459999999996	0.900000000000091	trials	58	s058_F200813	grCe_grSu12SmCiNe_PS	21	0.0	9	3262.046	3262.346
3409.341	0.900000000000091	trials	58	s058_F200813	grCe_grSu6Ne	7	135.0	9	3409.641	3409.94
3410.549	0.900000000000091	trials	58	s058_F200813	grCe_grSu12Mi	9	45.0	9	3410.849	3411.149
3411.1659999999997	0.900000000000091	trials	58	s058_F200813	grSu1Ne	2		9	3411.466	3411.766
3415.058	0.900000000000091	trials	58	s058_F200813	grCe_grSu18Fa	11	315.0	9	3415.358	3415.658
3415.658	0.900000000000091	trials	58	s058_F200813	NoStim	0		9	3415.958	3416.258
3416.258	0.900000000000091	trials	58	s058_F200813	grCe_grSu6Ne_PS	18	0.0	9	3416.558	3416.858
3416.8579999999997	0.900000000000091	trials	58	s058_F200813	grCe	1	315.0	9	3417.158	3417.458
3417.4669999999996	0.900000000000091	trials	58	s058_F200813	grCe_grSu1Ne	3	90.0	9	3417.767	3418.066
3437.9689999999996	0.900000000000091	trials	58	s058_F200813	grCe_grSu6Ne_PS	18	180.0	9	3438.269	3438.569
3463.256	0.900000000000091	trials	58	s058_F200813	coCe_grSu6Ne	17	270.0	9	3463.556	3463.856
3467.8559999999998	0.900000000000091	trials	58	s058_F200813	grCe_grSu18Fa	11	270.0	9	3468.156	3468.456
3468.457	0.900000000000091	trials	58	s058_F200813	grCe_grSu12SmCiNe_PS	21	225.0	9	3468.757	3469.056
3469.0649999999996	0.900000000000091	trials	58	s058_F200813	grCe_grSu3Ne	5	315.0	9	3469.365	3469.665
3469.673	0.900000000000091	trials	58	s058_F200813	grCe_grSu3Ne	5	135.0	9	3469.973	3470.273
3470.29	0.900000000000091	trials	58	s058_F200813	coCe_grSu6Ne	17	315.0	9	3470.59	3470.89
3477.441	0.900000000000091	trials	58	s058_F200813	grCe_grSu12SmCiNe	13	0.0	9	3477.741	3478.041
3478.049	0.900000000000091	trials	58	s058_F200813	coCe_grSu6Ne	17	225.0	9	3478.349	3478.649
3478.691	0.900000000000091	trials	58	s058_F200813	grCe_grSu1Ne	3	225.0	9	3478.991	3479.291
3479.933	0.900000000000091	trials	58	s058_F200813	grCe_grSu6Ne_PS	18	45.0	9	3480.233	3480.533
3573.1949999999997	0.900000000000091	trials	58	s058_F200813	grCe_grSu6CiNe	15	225.0	9	3573.495	3573.795
3573.8039999999996	0.900000000000091	trials	58	s058_F200813	grCe_grSu1Ne	3	180.0	9	3574.104	3574.403
3574.437	0.900000000000091	trials	58	s058_F200813	coCe	16	45.0	9	3574.737	3575.037
3575.0539999999996	0.900000000000091	trials	58	s058_F200813	coCe_grSu6Ne	17	45.0	9	3575.354	3575.653
3581.863	0.900000000000091	trials	58	s058_F200813	grCe_grSu6CiNe	15	315.0	9	3582.163	3582.463
3582.488	0.900000000000091	trials	58	s058_F200813	grCe_grSu12SmCiNe_PS	21	180.0	9	3582.788	3583.088
3583.096	0.900000000000091	trials	58	s058_F200813	grCe_grSu1Ne	3	315.0	9	3583.396	3583.696
3583.73	0.900000000000091	trials	58	s058_F200813	grCe_grSu12SmCiNe	13	45.0	9	3584.03	3584.329
3584.3379999999997	0.900000000000091	trials	58	s058_F200813	grCe_grSu1Ne	3	45.0	9	3584.638	3584.938
3599.4979999999996	0.900000000000091	trials	58	s058_F200813	grCe_grSu6CiNe_PS	19	45.0	9	3599.798	3600.098
3600.107	0.900000000000091	trials	58	s058_F200813	grCe_grSu6CiNe_PS	19	135.0	9	3600.407	3600.707
3614.3419999999996	0.900000000000091	trials	58	s058_F200813	grCe_grSu6Ne	7	90.0	9	3614.642	3614.942
3638.203	0.900000000000091	trials	58	s058_F200813	coCe_grSu6Ne	17	135.0	9	3638.503	3638.803
3638.8039999999996	0.900000000000091	trials	58	s058_F200813	grCe	1	0.0	9	3639.104	3639.403
3639.4289999999996	0.900000000000091	trials	58	s058_F200813	grCe_grSu12SmCiNe	13	315.0	9	3639.729	3640.028
3640.037	0.900000000000091	trials	58	s058_F200813	grCe_grSu3Ne	5	180.0	9	3640.337	3640.637
3640.662	0.900000000000091	trials	58	s058_F200813	coCe	16	0.0	9	3640.962	3641.262
3686.051	0.900000000000091	trials	58	s058_F200813	grCe_grSu3Ne	5	270.0	9	3686.351	3686.651
3727.74	0.900000000000091	trials	58	s058_F200813	grCe_grSu12SmCiNe	13	180.0	9	3728.04	3728.34
3728.365	0.900000000000091	trials	58	s058_F200813	grCe_grSu12SmCiNe_PS	21	270.0	9	3728.665	3728.965
3908.297	0.900000000000091	trials	58	s058_F200813	coCe_grSu6Ne	17	90.0	9	3908.597	3908.896
4002.826	0.900000000000091	trials	58	s058_F200813	grCe_grSu18Fa	11	135.0	9	4003.126	4003.425
4003.4339999999997	0.900000000000091	trials	58	s058_F200813	grCe_grSu3Ne	5	90.0	9	4003.734	4004.034
4004.067	0.900000000000091	trials	58	s058_F200813	grCe_grSu6Ne_PS	18	315.0	9	4004.367	4004.667
4004.709	0.900000000000091	trials	58	s058_F200813	grCe_grSu12Mi	9	0.0	9	4005.009	4005.309
4263.6089999999995	0.9000000000005457	trials	58	s058_F200813	grCe_grSu12SmCiNe_PS	21	135.0	9	4263.909	4264.209
4275.5779999999995	0.9000000000005457	trials	58	s058_F200813	coCe	16	135.0	9	4275.878	4276.177
4276.186	0.9000000000005457	trials	58	s058_F200813	grCe_grSu12Mi	9	135.0	9	4276.486	4276.786
4276.803	0.9000000000005457	trials	58	s058_F200813	grCe_grSu12SmCiNe_PS	21	45.0	9	4277.103	4277.402
4300.331	0.9000000000005457	trials	58	s058_F200813	grSu6Ne	6		9	4300.631	4300.93
4300.931	0.9000000000005457	trials	58	s058_F200813	grSu3Ne	4		9	4301.231	4301.531
4302.173	0.9000000000005457	trials	58	s058_F200813	grCe_grSu6Ne	7	45.0	9	4302.473	4302.772
4348.887	0.9000000000005457	trials	58	s058_F200813	grCe	1	90.0	9	4349.187	4349.487
4349.504	0.9000000000005457	trials	58	s058_F200813	grCe_grSu18Fa	11	45.0	9	4349.804	4350.103
4350.112	0.9000000000005457	trials	58	s058_F200813	coCe_grSu6Ne	17	180.0	9	4350.412	4350.712
4350.7119999999995	0.9000000000005457	trials	58	s058_F200813	grCe_grSu12SmCiNe_PS	21	90.0	9	4351.012	4351.312
4404.7609999999995	0.9000000000005457	trials	58	s058_F200813	grCe	1	270.0	9	4405.061	4405.361
4405.403	0.9000000000005457	trials	58	s058_F200813	grCe_grSu12SmCiNe	13	225.0	9	4405.703	4406.002
4436.807	0.9000000000005457	trials	58	s058_F200813	grCe_grSu6CiNe_PS	19	90.0	9	4437.107	4437.406
4437.423	0.9000000000005457	trials	58	s058_F200813	grSu18Fa	10		9	4437.723	4438.023
4438.032	0.9000000000005457	trials	58	s058_F200813	grCe_grSu6CiNe_PS	19	0.0	9	4438.332	4438.632
4439.282	0.9000000000005457	trials	58	s058_F200813	grCe_grSu3Ne	5	45.0	9	4439.582	4439.882
4446.583	0.9000000000005457	trials	58	s058_F200813	grCe_grSu6CiNe	15	180.0	9	4446.883	4447.183
4450.433	0.9000000000005457	trials	58	s058_F200813	grCe_grSu1Ne	3	135.0	9	4450.733	4451.033
4451.075	0.9000000000005457	trials	58	s058_F200813	grCe	1	180.0	9	4451.375	4451.675
4465.494	0.9000000000005457	trials	58	s058_F200813	grCe_grSu6Ne	7	180.0	9	4465.794	4466.093
4475.178	0.9000000000005457	trials	58	s058_F200813	grCe_grSu12Mi	9	270.0	9	4475.478	4475.778
4475.778	0.9000000000005457	trials	58	s058_F200813	grCe_grSu6Ne_PS	18	270.0	9	4476.078	4476.378
4476.387	0.9000000000005457	trials	58	s058_F200813	grCe_grSu6CiNe	15	0.0	9	4476.687	4476.987
4477.004	0.9000000000005457	trials	58	s058_F200813	grCe_grSu6Ne_PS	18	225.0	9	4477.304	4477.603
4477.7699999999995	0.9000000000005457	trials	58	s058_F200813	grCe_grSu6CiNe	15	135.0	9	4478.07	4478.37
4490.905	0.9000000000005457	trials	58	s058_F200813	grCe_grSu18Fa	11	180.0	9	4491.205	4491.505
4495.556	0.9000000000005457	trials	58	s058_F200813	grCe_grSu6CiNe_PS	19	180.0	9	4495.856	4496.156
4500.915	0.9000000000005457	trials	58	s058_F200813	grCe_grSu6CiNe_PS	19	225.0	9	4501.215	4501.515
4501.532	0.9000000000005457	trials	58	s058_F200813	coCe	16	90.0	9	4501.832	4502.131
4502.139999999999	0.9000000000005457	trials	58	s058_F200813	grCe_grSu3Ne	5	225.0	9	4502.44	4502.74
4502.74	0.9000000000005457	trials	58	s058_F200813	grCe	1	225.0	9	4503.04	4503.34
4527.635	0.9000000000005457	trials	58	s058_F200813	grCe_grSu6Ne_PS	18	90.0	9	4527.935	4528.235
4532.327	0.9000000000005457	trials	58	s058_F200813	grCe_grSu6CiNe_PS	19	0.0	5	4532.627	4532.927
4574.775	0.9000000000005457	trials	58	s058_F200813	grCe_grSu12SmCiNe	13	180.0	5	4575.075	4575.374
4575.375	0.9000000000005457	trials	58	s058_F200813	grCe	1	0.0	5	4575.675	4575.974
4576.0	0.9000000000005457	trials	58	s058_F200813	grCe_grSu6Ne_PS	18	225.0	5	4576.3	4576.599
4583.2919999999995	0.9000000000005457	trials	58	s058_F200813	grCe_grSu1Ne	3	90.0	5	4583.592	4583.892
4583.892	0.9000000000005457	trials	58	s058_F200813	grCe	1	90.0	5	4584.192	4584.492
4584.501	0.9000000000005457	trials	58	s058_F200813	grCe_grSu6Ne	7	270.0	5	4584.801	4585.101
4585.1089999999995	0.9000000000005457	trials	58	s058_F200813	grCe_grSu6CiNe	15	0.0	5	4585.409	4585.709
4585.718	0.9000000000005457	trials	58	s058_F200813	grCe_grSu12Mi	9	225.0	5	4586.018	4586.317
4593.327	0.9000000000005457	trials	58	s058_F200813	grCe	1	315.0	5	4593.627	4593.927
4611.2789999999995	0.9000000000005457	trials	58	s058_F200813	coCe_grSu6Ne	17	90.0	5	4611.579	4611.879
4612.487999999999	0.9000000000005457	trials	58	s058_F200813	coCe	16	225.0	5	4612.788	4613.087
4621.181	0.9000000000005457	trials	58	s058_F200813	coCe	16	180.0	5	4621.481	4621.78
4621.813999999999	0.9000000000005457	trials	58	s058_F200813	grCe_grSu12SmCiNe_PS	21	315.0	5	4622.114	4622.414
4629.907	0.9000000000005457	trials	58	s058_F200813	coCe	16	315.0	5	4630.207	4630.506
4630.514999999999	0.9000000000005457	trials	58	s058_F200813	grCe_grSu12Mi	9	270.0	5	4630.815	4631.115
4631.132	0.9000000000005457	trials	58	s058_F200813	coCe_grSu6Ne	17	45.0	5	4631.432	4631.732
4631.773999999999	0.9000000000005457	trials	58	s058_F200813	grCe_grSu1Ne	3	135.0	5	4632.074	4632.373
4632.374	0.9000000000005457	trials	58	s058_F200813	grCe_grSu6Ne_PS	18	135.0	5	4632.674	4632.973
4640.016	0.9000000000005457	trials	58	s058_F200813	grCe_grSu12SmCiNe_PS	21	90.0	5	4640.316	4640.616
4641.224999999999	0.9000000000005457	trials	58	s058_F200813	grCe_grSu6Ne	7	90.0	5	4641.525	4641.825
4641.849999999999	0.9000000000005457	trials	58	s058_F200813	grCe_grSu3Ne	5	225.0	5	4642.15	4642.45
4648.534	0.9000000000005457	trials	58	s058_F200813	grSu12Mi	8		5	4648.834	4649.134
4649.751	0.9000000000005457	trials	58	s058_F200813	grCe_grSu12Mi	9	45.0	5	4650.051	4650.351
4650.9929999999995	0.9000000000005457	trials	58	s058_F200813	coCe_grSu6Ne	17	225.0	5	4651.293	4651.592
4658.494	0.9000000000005457	trials	58	s058_F200813	grCe_grSu3Ne	5	45.0	5	4658.794	4659.093
4659.1269999999995	0.9000000000005457	trials	58	s058_F200813	grCe_grSu6CiNe_PS	19	135.0	5	4659.427	4659.727
4659.727	0.9000000000005457	trials	58	s058_F200813	grCe	1	225.0	5	4660.027	4660.327
4716.518	0.9000000000005457	trials	58	s058_F200813	grCe_grSu12SmCiNe_PS	21	135.0	5	4716.818	4717.118
4717.126	0.9000000000005457	trials	58	s058_F200813	grCe_grSu6Ne	7	135.0	5	4717.426	4717.726
4717.768	0.9000000000005457	trials	58	s058_F200813	grCe_grSu18Fa	11	180.0	5	4718.068	4718.368
4719.01	0.9000000000005457	trials	58	s058_F200813	grCe_grSu6Ne_PS	18	315.0	5	4719.31	4719.61
4739.287	0.9000000000005457	trials	58	s058_F200813	coCe_grSu6Ne	17	135.0	5	4739.587	4739.887
4739.888	0.9000000000005457	trials	58	s058_F200813	NoStim	0		5	4740.188	4740.487
4740.496	0.9000000000005457	trials	58	s058_F200813	coCe_grSu6Ne	17	180.0	5	4740.796	4741.096
4741.112999999999	0.9000000000005457	trials	58	s058_F200813	grCe_grSu12SmCiNe	13	0.0	5	4741.413	4741.712
4751.371999999999	0.9000000000005457	trials	58	s058_F200813	grCe_grSu6CiNe_PS	19	315.0	5	4751.672	4751.972
4755.148	0.9000000000005457	trials	58	s058_F200813	grCe_grSu6Ne_PS	18	90.0	5	4755.448	4755.748
4755.773	0.9000000000005457	trials	58	s058_F200813	grCe_grSu6CiNe	15	45.0	5	4756.073	4756.373
4756.998	0.9000000000005457	trials	58	s058_F200813	grCe_grSu18Fa	11	315.0	5	4757.298	4757.598
4757.598	0.9000000000005457	trials	58	s058_F200813	grCe_grSu12SmCiNe_PS	21	270.0	5	4757.898	4758.198
4793.103	0.9000000000005457	trials	58	s058_F200813	grCe_grSu6Ne	7	45.0	5	4793.403	4793.702
4794.32	0.9000000000005457	trials	58	s058_F200813	grSu6Ne	6		5	4794.62	4794.919
4794.928	0.9000000000005457	trials	58	s058_F200813	grCe_grSu12Mi	9	90.0	5	4795.228	4795.528
4795.545	0.9000000000005457	trials	58	s058_F200813	coCe	16	270.0	5	4795.845	4796.144
4802.762	0.9000000000005457	trials	58	s058_F200813	grCe_grSu18Fa	11	45.0	5	4803.062	4803.362
4858.903	0.9000000000005457	trials	58	s058_F200813	grCe_grSu6CiNe	15	135.0	5	4859.203	4859.503
4859.503	0.9000000000005457	trials	58	s058_F200813	grCe_grSu6CiNe_PS	19	225.0	5	4859.803	4860.103
4860.7699999999995	0.9000000000005457	trials	58	s058_F200813	grCe_grSu1Ne	3	180.0	5	4861.07	4861.37
4861.403	0.9000000000005457	trials	58	s058_F200813	grCe_grSu6CiNe_PS	19	90.0	5	4861.703	4862.003
4872.905	0.9000000000005457	trials	58	s058_F200813	grCe_grSu3Ne	5	135.0	5	4873.205	4873.504
4873.513	0.9000000000005457	trials	58	s058_F200813	grCe_grSu12Mi	9	135.0	5	4873.813	4874.113
4874.121999999999	0.9000000000005457	trials	58	s058_F200813	grSu12SmCiNe	12		5	4874.422	4874.721
4874.763	0.9000000000005457	trials	58	s058_F200813	grCe_grSu18Fa	11	0.0	5	4875.063	4875.363
4875.362999999999	0.9000000000005457	trials	58	s058_F200813	coCe	16	90.0	5	4875.663	4875.963
4882.598	0.9000000000005457	trials	58	s058_F200813	grCe_grSu18Fa	11	225.0	5	4882.898	4883.197
4883.206	0.9000000000005457	trials	58	s058_F200813	grCe	1	45.0	5	4883.506	4883.806
4883.831	0.9000000000005457	trials	58	s058_F200813	coCe_grSu6Ne	17	270.0	5	4884.131	4884.431
4885.09	0.9000000000005457	trials	58	s058_F200813	grCe_grSu6CiNe	15	90.0	5	4885.39	4885.689
4892.941	0.9000000000005457	trials	58	s058_F200813	grCe_grSu12SmCiNe	13	270.0	5	4893.241	4893.54
4893.549	0.9000000000005457	trials	58	s058_F200813	grCe_grSu6Ne	7	315.0	5	4893.849	4894.149
4894.157999999999	0.9000000000005457	trials	58	s058_F200813	grCe_grSu3Ne	5	0.0	5	4894.458	4894.757
4894.766	0.9000000000005457	trials	58	s058_F200813	grCe_grSu1Ne	3	315.0	5	4895.066	4895.366
4895.374	0.9000000000005457	trials	58	s058_F200813	grCe_grSu12SmCiNe	13	90.0	5	4895.674	4895.974
4912.4929999999995	0.9000000000005457	trials	58	s058_F200813	coCe_grSu6Ne	17	0.0	5	4912.793	4913.093
4913.1179999999995	0.9000000000005457	trials	58	s058_F200813	grCe_grSu6CiNe_PS	19	45.0	5	4913.418	4913.718
4913.727	0.9000000000005457	trials	58	s058_F200813	grCe_grSu1Ne	3	45.0	5	4914.027	4914.326
4914.3679999999995	0.9000000000005457	trials	58	s058_F200813	grCe_grSu6Ne_PS	18	270.0	5	4914.668	4914.968
4914.977	0.9000000000005457	trials	58	s058_F200813	grCe_grSu1Ne	3	225.0	5	4915.277	4915.577
4922.161	0.9000000000005457	trials	58	s058_F200813	grCe_grSu12SmCiNe_PS	21	45.0	5	4922.461	4922.761
4922.803	0.9000000000005457	trials	58	s058_F200813	coSu6Ne	20		5	4923.103	4923.403
4923.428	0.9000000000005457	trials	58	s058_F200813	grCe_grSu18Fa	11	135.0	5	4923.728	4924.028
4924.053	0.9000000000005457	trials	58	s058_F200813	grSu3Ne	4		5	4924.353	4924.653
4924.678	0.9000000000005457	trials	58	s058_F200813	grSu18Fa	10		5	4924.978	4925.278
4933.004	0.9000000000005457	trials	58	s058_F200813	grCe_grSu6CiNe_PS	19	270.0	5	4933.304	4933.604
4940.013	0.9000000000005457	trials	58	s058_F200813	grCe_grSu12Mi	9	315.0	5	4940.313	4940.613
4941.246999999999	0.9000000000005457	trials	58	s058_F200813	grCe	1	135.0	5	4941.547	4941.847
4941.855	0.9000000000005457	trials	58	s058_F200813	grCe_grSu12Mi	9	0.0	5	4942.155	4942.455
4942.505	0.9000000000005457	trials	58	s058_F200813	grCe_grSu1Ne	3	270.0	5	4942.805	4943.105
4949.231	0.9000000000005457	trials	58	s058_F200813	coCe	16	135.0	5	4949.531	4949.831
4949.831	0.9000000000005457	trials	58	s058_F200813	grCe	1	270.0	5	4950.131	4950.431
4950.44	0.9000000000005457	trials	58	s058_F200813	grCe_grSu3Ne	5	315.0	5	4950.74	4951.039
4951.065	0.9000000000005457	trials	58	s058_F200813	grCe_grSu6Ne	7	180.0	5	4951.365	4951.665
4963.715999999999	0.9000000000005457	trials	58	s058_F200813	grCe_grSu6CiNe	15	225.0	5	4964.016	4964.316
4977.835	0.9000000000005457	trials	58	s058_F200813	grCe_grSu6Ne_PS	18	0.0	5	4978.135	4978.435
5001.03	0.9000000000005457	trials	58	s058_F200813	grCe_grSu6CiNe_PS	19	180.0	5	5001.33	5001.629
5001.638	0.9000000000005457	trials	58	s058_F200813	coCe_grSu6Ne	17	315.0	5	5001.938	5002.238
5002.246	0.9000000000005457	trials	58	s058_F200813	grCe_grSu12SmCiNe	13	315.0	5	5002.546	5002.846
5002.88	0.9000000000005457	trials	58	s058_F200813	grCe_grSu6Ne	7	0.0	5	5003.18	5003.48
5003.505	0.9000000000005457	trials	58	s058_F200813	grCe_grSu12SmCiNe_PS	21	0.0	5	5003.805	5004.105
5028.775	0.9000000000005457	trials	58	s058_F200813	grCe_grSu12Mi	9	180.0	5	5029.075	5029.375
5029.383	0.9000000000005457	trials	58	s058_F200813	grCe_grSu6CiNe	15	180.0	5	5029.683	5029.983
5029.992	0.9000000000005457	trials	58	s058_F200813	grCe_grSu1Ne	3	0.0	5	5030.292	5030.591
5031.2	0.9000000000005457	trials	58	s058_F200813	coCe	16	0.0	5	5031.5	5031.8
5061.888	0.9000000000005457	trials	58	s058_F200813	grCe_grSu12SmCiNe_PS	21	180.0	5	5062.188	5062.487
5062.496	0.9000000000005457	trials	58	s058_F200813	grCe_grSu6CiNe	15	270.0	5	5062.796	5063.096
5063.104	0.9000000000005457	trials	58	s058_F200813	grCe_grSu3Ne	5	180.0	5	5063.404	5063.704
5063.704	0.9000000000005457	trials	58	s058_F200813	coCe	16	45.0	5	5064.004	5064.304
5064.304	0.9000000000005457	trials	58	s058_F200813	grCe_grSu6Ne_PS	18	180.0	5	5064.604	5064.904
5071.88	0.9000000000005457	trials	58	s058_F200813	grCe_grSu3Ne	5	90.0	5	5072.18	5072.48
5072.481	0.9000000000005457	trials	58	s058_F200813	grSu1Ne	2		5	5072.781	5073.08
5073.089	0.9000000000005457	trials	58	s058_F200813	grCe_grSu12SmCiNe	13	45.0	5	5073.389	5073.689
5073.697	0.9000000000005457	trials	58	s058_F200813	grCe_grSu6CiNe	15	315.0	5	5073.997	5074.297
5074.306	0.9000000000005457	trials	58	s058_F200813	grCe_grSu12SmCiNe	13	135.0	5	5074.606	5074.905
5100.893	0.9000000000005457	trials	58	s058_F200813	grCe_grSu3Ne	5	270.0	5	5101.193	5101.492
5101.509	0.9000000000005457	trials	58	s058_F200813	grCe_grSu18Fa	11	90.0	5	5101.809	5102.109
5102.143	0.9000000000005457	trials	58	s058_F200813	grCe_grSu18Fa	11	270.0	5	5102.443	5102.742
5102.751	0.9000000000005457	trials	58	s058_F200813	grCe_grSu6Ne	7	225.0	5	5103.051	5103.351
5157.342	0.9000000000005457	trials	58	s058_F200813	grCe_grSu6Ne_PS	18	45.0	5	5157.642	5157.941
5158.55	0.9000000000005457	trials	58	s058_F200813	grCe	1	180.0	5	5158.85	5159.15
5159.157999999999	0.9000000000005457	trials	58	s058_F200813	grSu6CiNe	14		5	5159.458	5159.758
5206.706	0.9000000000005457	trials	58	s058_F200813	grCe_grSu12SmCiNe	13	225.0	5	5207.006	5207.306
5207.331	0.9000000000005457	trials	58	s058_F200813	grCe_grSu12SmCiNe_PS	21	225.0	5	5207.631	5207.931
