onset	duration	nwb_table	ses_ID	ses_Name	cond_Name	cond_ID	target_rot	rep_num	pdOn	pdOff
27.569	0.9000000000000021	trials	48	s048_F200704	grCe_grSu6CiNe_PS	19	270.0	1	27.869	28.168
28.169	0.9000000000000021	trials	48	s048_F200704	coCe	16	0.0	1	28.469	28.768
28.769	0.9000000000000021	trials	48	s048_F200704	grCe_grSu6Ne_PS	18	270.0	1	29.069	29.368
29.369	0.9000000000000021	trials	48	s048_F200704	grCe_grSu12SmCiNe_PS	21	315.0	1	29.669	29.969
29.977	0.9000000000000021	trials	48	s048_F200704	grCe_grSu18Fa	11	180.0	1	30.277	30.577
36.136	0.8999999999999986	trials	48	s048_F200704	grCe_grSu12Mi	9	315.0	1	36.436	36.736
36.786	0.8999999999999986	trials	48	s048_F200704	grCe_grSu18Fa	11	315.0	1	37.086	37.386
38.612	0.8999999999999986	trials	48	s048_F200704	grCe_grSu12SmCiNe	13	45.0	1	38.912	39.211
44.821000000000005	0.8999999999999986	trials	48	s048_F200704	coCe_grSu6Ne	17	45.0	1	45.121	45.421
45.421	0.8999999999999986	trials	48	s048_F200704	coCe	16	315.0	1	45.721	46.021
46.046	0.8999999999999986	trials	48	s048_F200704	grCe_grSu1Ne	3	0.0	1	46.346	46.646
46.663000000000004	0.8999999999999986	trials	48	s048_F200704	grCe_grSu6CiNe_PS	19	180.0	1	46.963	47.262
47.271	0.8999999999999986	trials	48	s048_F200704	grCe_grSu6Ne_PS	18	135.0	1	47.571	47.871
53.422000000000004	0.8999999999999986	trials	48	s048_F200704	coCe_grSu6Ne	17	225.0	1	53.722	54.022
54.022000000000006	0.8999999999999986	trials	48	s048_F200704	grCe_grSu12SmCiNe_PS	21	90.0	1	54.322	54.622
54.622	0.8999999999999986	trials	48	s048_F200704	coCe_grSu6Ne	17	315.0	1	54.922	55.222
55.264	0.8999999999999986	trials	48	s048_F200704	grCe	1	0.0	1	55.564	55.864
55.864000000000004	0.8999999999999986	trials	48	s048_F200704	grCe_grSu1Ne	3	315.0	1	56.164	56.464
62.598000000000006	0.8999999999999986	trials	48	s048_F200704	grSu12Mi	8		1	62.898	63.198
63.198	0.8999999999999986	trials	48	s048_F200704	NoStim	0		1	63.498	63.798
64.415	0.8999999999999915	trials	48	s048_F200704	grCe_grSu6Ne_PS	18	315.0	1	64.715	65.015
70.59100000000001	0.8999999999999915	trials	48	s048_F200704	grCe_grSu6Ne	7	225.0	1	70.891	71.191
71.199	0.8999999999999915	trials	48	s048_F200704	grCe_grSu3Ne	5	45.0	1	71.499	71.799
72.441	0.8999999999999915	trials	48	s048_F200704	grCe_grSu6CiNe_PS	19	225.0	1	72.741	73.041
73.075	0.8999999999999915	trials	48	s048_F200704	grCe_grSu12Mi	9	0.0	1	73.375	73.674
79.242	0.8999999999999915	trials	48	s048_F200704	grCe_grSu6CiNe_PS	19	315.0	1	79.542	79.842
79.875	0.8999999999999915	trials	48	s048_F200704	grCe_grSu6Ne_PS	18	90.0	1	80.175	80.475
81.092	0.8999999999999915	trials	48	s048_F200704	grCe_grSu1Ne	3	180.0	1	81.392	81.692
81.69200000000001	0.8999999999999915	trials	48	s048_F200704	grCe_grSu1Ne	3	270.0	1	81.992	82.292
88.151	0.8999999999999915	trials	48	s048_F200704	grCe_grSu6Ne_PS	18	180.0	1	88.451	88.751
88.75200000000001	0.8999999999999915	trials	48	s048_F200704	grCe_grSu6CiNe	15	270.0	1	89.052	89.351
89.352	0.8999999999999915	trials	48	s048_F200704	grCe_grSu12SmCiNe_PS	21	135.0	1	89.652	89.951
89.952	0.8999999999999915	trials	48	s048_F200704	grCe_grSu1Ne	3	90.0	1	90.252	90.551
90.593	0.8999999999999915	trials	48	s048_F200704	grCe_grSu12SmCiNe	13	90.0	1	90.893	91.193
96.644	0.8999999999999915	trials	48	s048_F200704	grSu6CiNe	14		1	96.944	97.244
97.244	0.8999999999999915	trials	48	s048_F200704	grCe_grSu6CiNe	15	0.0	1	97.544	97.844
97.84400000000001	0.8999999999999915	trials	48	s048_F200704	grCe_grSu6Ne	7	180.0	1	98.144	98.444
99.086	0.8999999999999915	trials	48	s048_F200704	grCe_grSu3Ne	5	315.0	1	99.386	99.686
105.179	0.8999999999999915	trials	48	s048_F200704	grCe_grSu3Ne	5	0.0	1	105.479	105.778
105.779	0.8999999999999915	trials	48	s048_F200704	grCe_grSu6Ne	7	45.0	1	106.079	106.378
106.387	0.8999999999999915	trials	48	s048_F200704	grCe_grSu1Ne	3	225.0	1	106.687	106.987
107.029	0.8999999999999915	trials	48	s048_F200704	grCe	1	180.0	1	107.329	107.629
113.688	0.8999999999999915	trials	48	s048_F200704	grCe_grSu6CiNe	15	45.0	1	113.988	114.288
114.897	0.8999999999999915	trials	48	s048_F200704	coCe	16	270.0	1	115.197	115.496
115.53	0.8999999999999915	trials	48	s048_F200704	grCe_grSu18Fa	11	270.0	1	115.83	116.13
116.13000000000001	0.8999999999999915	trials	48	s048_F200704	grCe	1	135.0	1	116.43	116.73
122.789	0.8999999999999915	trials	48	s048_F200704	grCe_grSu12SmCiNe_PS	21	270.0	1	123.089	123.389
124.006	0.8999999999999915	trials	48	s048_F200704	grCe_grSu12SmCiNe_PS	21	180.0	1	124.306	124.606
124.60600000000001	0.8999999999999915	trials	48	s048_F200704	grCe_grSu12SmCiNe_PS	21	225.0	1	124.906	125.206
130.79	0.9000000000000057	trials	48	s048_F200704	grCe_grSu6Ne	7	90.0	1	131.09	131.39
131.39	0.9000000000000057	trials	48	s048_F200704	coCe_grSu6Ne	17	135.0	1	131.69	131.99
131.999	0.9000000000000057	trials	48	s048_F200704	grCe_grSu12Mi	9	180.0	1	132.299	132.598
132.63199999999998	0.9000000000000057	trials	48	s048_F200704	grCe_grSu6CiNe	15	225.0	1	132.932	133.232
133.24099999999999	0.9000000000000057	trials	48	s048_F200704	grCe_grSu18Fa	11	0.0	1	133.541	133.84
139.783	0.9000000000000057	trials	48	s048_F200704	grCe_grSu18Fa	11	45.0	1	140.083	140.383
140.392	0.9000000000000057	trials	48	s048_F200704	grCe_grSu12SmCiNe	13	180.0	1	140.692	140.991
140.992	0.9000000000000057	trials	48	s048_F200704	coCe_grSu6Ne	17	180.0	1	141.292	141.591
142.25	0.9000000000000057	trials	48	s048_F200704	grCe_grSu6Ne	7	270.0	1	142.55	142.85
149.00099999999998	0.9000000000000057	trials	48	s048_F200704	grSu1Ne	2		1	149.301	149.601
149.601	0.9000000000000057	trials	48	s048_F200704	grCe	1	225.0	1	149.901	150.201
150.226	0.9000000000000057	trials	48	s048_F200704	grCe_grSu6Ne_PS	18	225.0	1	150.526	150.826
150.843	0.9000000000000057	trials	48	s048_F200704	grCe_grSu1Ne	3	135.0	1	151.143	151.443
163.26899999999998	0.9000000000000057	trials	48	s048_F200704	coCe_grSu6Ne	17	0.0	1	163.569	163.869
163.86999999999998	0.9000000000000057	trials	48	s048_F200704	grCe	1	270.0	1	164.17	164.469
164.511	0.9000000000000057	trials	48	s048_F200704	coCe	16	45.0	1	164.811	165.111
165.128	0.9000000000000057	trials	48	s048_F200704	grCe_grSu6CiNe_PS	19	90.0	1	165.428	165.728
174.563	0.9000000000000057	trials	48	s048_F200704	grCe_grSu12SmCiNe	13	315.0	1	174.863	175.162
175.16299999999998	0.9000000000000057	trials	48	s048_F200704	grCe_grSu12SmCiNe	13	225.0	1	175.463	175.762
175.804	0.9000000000000057	trials	48	s048_F200704	grCe_grSu18Fa	11	90.0	1	176.104	176.404
176.421	0.9000000000000057	trials	48	s048_F200704	grCe_grSu12Mi	9	90.0	1	176.721	177.021
177.021	0.9000000000000057	trials	48	s048_F200704	grCe_grSu12SmCiNe	13	135.0	1	177.321	177.621
184.09699999999998	0.9000000000000057	trials	48	s048_F200704	grCe_grSu3Ne	5	90.0	1	184.397	184.697
185.314	0.9000000000000057	trials	48	s048_F200704	grCe_grSu6CiNe	15	90.0	1	185.614	185.914
192.707	0.9000000000000057	trials	48	s048_F200704	coCe_grSu6Ne	17	90.0	1	193.007	193.306
193.307	0.9000000000000057	trials	48	s048_F200704	grSu3Ne	4		1	193.607	193.906
194.50699999999998	0.9000000000000057	trials	48	s048_F200704	coCe	16	135.0	1	194.807	195.107
195.107	0.9000000000000057	trials	48	s048_F200704	grCe_grSu3Ne	5	225.0	1	195.407	195.707
202.48299999999998	0.9000000000000057	trials	48	s048_F200704	grCe_grSu18Fa	11	135.0	1	202.783	203.083
203.083	0.9000000000000057	trials	48	s048_F200704	grCe_grSu6Ne	7	315.0	1	203.383	203.683
203.691	0.9000000000000057	trials	48	s048_F200704	grCe_grSu12Mi	9	135.0	1	203.991	204.291
204.308	0.9000000000000057	trials	48	s048_F200704	grCe	1	45.0	1	204.608	204.908
212.201	0.9000000000000057	trials	48	s048_F200704	grCe_grSu18Fa	11	225.0	1	212.501	212.8
212.801	0.9000000000000057	trials	48	s048_F200704	grCe_grSu6Ne_PS	18	45.0	1	213.101	213.401
213.409	0.9000000000000057	trials	48	s048_F200704	coCe	16	225.0	1	213.709	214.009
214.009	0.9000000000000057	trials	48	s048_F200704	grCe_grSu6CiNe	15	180.0	1	214.309	214.609
214.60899999999998	0.9000000000000057	trials	48	s048_F200704	grCe	1	315.0	1	214.909	215.209
225.444	0.9000000000000057	trials	48	s048_F200704	grCe_grSu6CiNe_PS	19	135.0	1	225.744	226.044
226.04399999999998	0.9000000000000057	trials	48	s048_F200704	grCe_grSu6CiNe_PS	19	0.0	1	226.344	226.644
227.286	0.9000000000000057	trials	48	s048_F200704	grCe_grSu12SmCiNe	13	0.0	1	227.586	227.886
233.429	0.9000000000000057	trials	48	s048_F200704	grCe_grSu6Ne	7	0.0	1	233.729	234.028
234.03699999999998	0.9000000000000057	trials	48	s048_F200704	grCe_grSu12Mi	9	225.0	1	234.337	234.637
234.637	0.9000000000000057	trials	48	s048_F200704	grCe_grSu12SmCiNe_PS	21	45.0	1	234.937	235.237
235.279	0.9000000000000057	trials	48	s048_F200704	grCe_grSu6CiNe	15	135.0	1	235.579	235.878
235.879	0.9000000000000057	trials	48	s048_F200704	grSu6Ne	6		1	236.179	236.479
242.45499999999998	0.9000000000000057	trials	48	s048_F200704	grCe_grSu3Ne	5	135.0	1	242.755	243.054
247.17999999999998	0.9000000000000057	trials	48	s048_F200704	grCe_grSu3Ne	5	180.0	1	247.48	247.78
247.80499999999998	0.9000000000000057	trials	48	s048_F200704	grCe_grSu6Ne	7	135.0	1	248.105	248.405
248.405	0.9000000000000057	trials	48	s048_F200704	grCe_grSu6CiNe	15	315.0	1	248.705	249.005
263.89099999999996	0.9000000000000341	trials	48	s048_F200704	grCe_grSu3Ne	5	270.0	1	264.191	264.49
264.491	0.9000000000000341	trials	48	s048_F200704	grCe_grSu6Ne_PS	18	0.0	1	264.791	265.091
265.691	0.9000000000000341	trials	48	s048_F200704	coSu6Ne	20		1	265.991	266.291
266.291	0.9000000000000341	trials	48	s048_F200704	coCe	16	180.0	1	266.591	266.891
272.47499999999997	0.9000000000000341	trials	48	s048_F200704	grSu12SmCiNe	12		1	272.775	273.075
273.109	0.9000000000000341	trials	48	s048_F200704	grCe_grSu12SmCiNe	13	270.0	1	273.409	273.708
273.717	0.9000000000000341	trials	48	s048_F200704	grCe_grSu12Mi	9	45.0	1	274.017	274.317
274.342	0.9000000000000341	trials	48	s048_F200704	grCe_grSu1Ne	3	45.0	1	274.642	274.942
281.401	0.9000000000000341	trials	48	s048_F200704	coCe	16	90.0	1	281.701	282.001
282.018	0.9000000000000341	trials	48	s048_F200704	grCe	1	90.0	1	282.318	282.618
282.627	0.9000000000000341	trials	48	s048_F200704	grSu18Fa	10		1	282.927	283.226
286.185	0.9000000000000341	trials	48	s048_F200704	grCe_grSu12SmCiNe_PS	21	0.0	1	286.485	286.785
286.80199999999996	0.9000000000000341	trials	48	s048_F200704	coCe_grSu6Ne	17	270.0	1	287.102	287.402
287.436	0.9000000000000341	trials	48	s048_F200704	grCe_grSu12Mi	9	270.0	1	287.736	288.035
288.036	0.9000000000000341	trials	48	s048_F200704	grCe_grSu6CiNe_PS	19	45.0	1	288.336	288.635
288.63599999999997	0.9000000000000341	trials	48	s048_F200704	grCe_grSu12SmCiNe_PS	21	90.0	6	288.936	289.235
304.121	0.9000000000000341	trials	48	s048_F200704	grCe_grSu12SmCiNe_PS	21	0.0	6	304.421	304.721
304.721	0.9000000000000341	trials	48	s048_F200704	grCe_grSu6CiNe	15	0.0	6	305.021	305.321
305.32099999999997	0.9000000000000341	trials	48	s048_F200704	coCe	16	45.0	6	305.621	305.921
305.93	0.9000000000000341	trials	48	s048_F200704	grCe_grSu12Mi	9	90.0	6	306.23	306.529
313.006	0.9000000000000341	trials	48	s048_F200704	grCe_grSu3Ne	5	270.0	6	313.306	313.605
314.20599999999996	0.9000000000000341	trials	48	s048_F200704	grCe_grSu12SmCiNe	13	90.0	6	314.506	314.805
314.806	0.9000000000000341	trials	48	s048_F200704	grCe_grSu12SmCiNe	13	315.0	6	315.106	315.405
315.406	0.9000000000000341	trials	48	s048_F200704	grCe_grSu3Ne	5	90.0	6	315.706	316.005
321.423	0.9000000000000341	trials	48	s048_F200704	grCe_grSu6Ne_PS	18	135.0	6	321.723	322.023
322.02299999999997	0.9000000000000341	trials	48	s048_F200704	grCe_grSu12SmCiNe	13	0.0	6	322.323	322.623
322.623	0.9000000000000341	trials	48	s048_F200704	coCe_grSu6Ne	17	225.0	6	322.923	323.223
323.85699999999997	0.9000000000000341	trials	48	s048_F200704	grCe_grSu6Ne	7	135.0	6	324.157	324.457
330.116	0.9000000000000341	trials	48	s048_F200704	grSu6CiNe	14		6	330.416	330.716
330.724	0.9000000000000341	trials	48	s048_F200704	grSu18Fa	10		6	331.024	331.324
331.325	0.9000000000000341	trials	48	s048_F200704	coCe_grSu6Ne	17	270.0	6	331.625	331.924
331.933	0.9000000000000341	trials	48	s048_F200704	grCe_grSu18Fa	11	180.0	6	332.233	332.533
332.533	0.9000000000000341	trials	48	s048_F200704	coSu6Ne	20		6	332.833	333.133
342.359	0.9000000000000341	trials	48	s048_F200704	grCe_grSu6CiNe_PS	19	225.0	6	342.659	342.959
342.959	0.9000000000000341	trials	48	s048_F200704	grCe_grSu12SmCiNe	13	225.0	6	343.259	343.559
343.568	0.9000000000000341	trials	48	s048_F200704	grCe_grSu12Mi	9	135.0	6	343.868	344.167
355.303	0.9000000000000341	trials	48	s048_F200704	coCe	16	90.0	6	355.603	355.902
355.90299999999996	0.9000000000000341	trials	48	s048_F200704	grCe	1	45.0	6	356.203	356.502
356.503	0.9000000000000341	trials	48	s048_F200704	grCe_grSu6Ne	7	90.0	6	356.803	357.102
357.15299999999996	0.9000000000000341	trials	48	s048_F200704	grCe_grSu18Fa	11	45.0	6	357.453	357.753
357.76099999999997	0.9000000000000341	trials	48	s048_F200704	grCe_grSu12Mi	9	270.0	6	358.061	358.361
363.995	0.9000000000000341	trials	48	s048_F200704	coCe_grSu6Ne	17	45.0	6	364.295	364.595
364.596	0.9000000000000341	trials	48	s048_F200704	grCe_grSu12SmCiNe_PS	21	180.0	6	364.896	365.195
365.19599999999997	0.9000000000000341	trials	48	s048_F200704	grCe_grSu6CiNe_PS	19	315.0	6	365.496	365.795
366.412	0.9000000000000341	trials	48	s048_F200704	grSu12Mi	8		6	366.712	367.012
376.08	0.9000000000000341	trials	48	s048_F200704	grCe_grSu3Ne	5	0.0	6	376.38	376.68
376.68	0.9000000000000341	trials	48	s048_F200704	grCe_grSu1Ne	3	315.0	6	376.98	377.28
377.289	0.9000000000000341	trials	48	s048_F200704	grCe_grSu6Ne_PS	18	270.0	6	377.589	377.888
377.906	0.9000000000000341	trials	48	s048_F200704	grCe_grSu1Ne	3	270.0	6	378.206	378.505
384.681	0.9000000000000341	trials	48	s048_F200704	grCe_grSu6CiNe	15	315.0	6	384.981	385.281
385.282	0.9000000000000341	trials	48	s048_F200704	coCe	16	180.0	6	385.582	385.881
385.882	0.9000000000000341	trials	48	s048_F200704	grCe_grSu12SmCiNe_PS	21	315.0	6	386.182	386.481
387.10699999999997	0.9000000000000341	trials	48	s048_F200704	grCe_grSu1Ne	3	135.0	6	387.407	387.706
404.159	0.9000000000000341	trials	48	s048_F200704	coCe	16	0.0	6	404.459	404.759
404.759	0.9000000000000341	trials	48	s048_F200704	grCe_grSu6CiNe_PS	19	0.0	6	405.059	405.359
405.359	0.9000000000000341	trials	48	s048_F200704	grCe	1	270.0	6	405.659	405.959
405.959	0.9000000000000341	trials	48	s048_F200704	grCe_grSu6CiNe_PS	19	135.0	6	406.259	406.559
406.55899999999997	0.9000000000000341	trials	48	s048_F200704	grCe_grSu12SmCiNe_PS	21	225.0	6	406.859	407.159
412.71799999999996	0.9000000000000341	trials	48	s048_F200704	grCe_grSu3Ne	5	45.0	6	413.018	413.318
416.752	0.9000000000000341	trials	48	s048_F200704	grCe_grSu6CiNe_PS	19	45.0	6	417.052	417.352
417.961	0.9000000000000341	trials	48	s048_F200704	grCe	1	225.0	6	418.261	418.56
418.594	0.9000000000000341	trials	48	s048_F200704	grCe_grSu3Ne	5	180.0	6	418.894	419.194
419.194	0.9000000000000341	trials	48	s048_F200704	grCe_grSu3Ne	5	225.0	6	419.494	419.794
425.40299999999996	0.9000000000000341	trials	48	s048_F200704	grCe	1	315.0	6	425.703	426.003
426.003	0.9000000000000341	trials	48	s048_F200704	grCe_grSu12SmCiNe_PS	21	135.0	6	426.303	426.603
426.604	0.9000000000000341	trials	48	s048_F200704	grCe	1	90.0	6	426.904	427.203
427.21999999999997	0.9000000000000341	trials	48	s048_F200704	grCe_grSu6CiNe_PS	19	270.0	6	427.52	427.82
427.84499999999997	0.9000000000000341	trials	48	s048_F200704	coCe	16	315.0	6	428.145	428.445
439.68899999999996	0.9000000000000341	trials	48	s048_F200704	grCe_grSu6Ne	7	225.0	6	439.989	440.288
440.289	0.9000000000000341	trials	48	s048_F200704	grSu1Ne	2		6	440.589	440.888
440.889	0.9000000000000341	trials	48	s048_F200704	grCe_grSu6CiNe	15	180.0	6	441.189	441.488
441.489	0.9000000000000341	trials	48	s048_F200704	grCe	1	135.0	6	441.789	442.088
442.089	0.9000000000000341	trials	48	s048_F200704	coCe_grSu6Ne	17	180.0	6	442.389	442.689
448.931	0.9000000000000341	trials	48	s048_F200704	grCe_grSu6Ne	7	45.0	6	449.231	449.531
449.53999999999996	0.9000000000000341	trials	48	s048_F200704	grCe_grSu12Mi	9	45.0	6	449.84	450.139
450.757	0.9000000000000341	trials	48	s048_F200704	grSu3Ne	4		6	451.057	451.356
456.924	0.9000000000000341	trials	48	s048_F200704	grCe_grSu6Ne_PS	18	180.0	6	457.224	457.524
457.524	0.9000000000000341	trials	48	s048_F200704	grCe_grSu6Ne	7	270.0	6	457.824	458.124
458.158	0.9000000000000341	trials	48	s048_F200704	grCe_grSu6Ne_PS	18	45.0	6	458.458	458.757
458.791	0.9000000000000341	trials	48	s048_F200704	grCe_grSu18Fa	11	135.0	6	459.091	459.391
459.408	0.9000000000000341	trials	48	s048_F200704	grCe	1	0.0	6	459.708	460.007
465.825	0.9000000000000341	trials	48	s048_F200704	grCe_grSu18Fa	11	225.0	6	466.125	466.425
467.7	0.9000000000000341	trials	48	s048_F200704	grCe_grSu6CiNe_PS	19	180.0	6	468.0	468.3
468.342	0.9000000000000341	trials	48	s048_F200704	grCe_grSu1Ne	3	45.0	6	468.642	468.942
474.876	0.9000000000000341	trials	48	s048_F200704	coCe	16	225.0	6	475.176	475.476
476.67699999999996	0.9000000000000341	trials	48	s048_F200704	coCe	16	270.0	6	476.977	477.276
477.277	0.9000000000000341	trials	48	s048_F200704	grCe_grSu12SmCiNe	13	45.0	6	477.577	477.876
483.444	0.9000000000000341	trials	48	s048_F200704	grCe_grSu3Ne	5	315.0	6	483.744	484.044
484.044	0.9000000000000341	trials	48	s048_F200704	coCe_grSu6Ne	17	135.0	6	484.344	484.644
484.644	0.9000000000000341	trials	48	s048_F200704	grCe_grSu6Ne	7	180.0	6	484.944	485.244
485.24399999999997	0.9000000000000341	trials	48	s048_F200704	grCe_grSu6Ne_PS	18	0.0	6	485.544	485.844
485.84499999999997	0.9000000000000341	trials	48	s048_F200704	grCe_grSu1Ne	3	0.0	6	486.145	486.444
492.137	0.9000000000000341	trials	48	s048_F200704	grCe_grSu12SmCiNe	13	180.0	6	492.437	492.737
492.762	0.9000000000000341	trials	48	s048_F200704	grCe_grSu12Mi	9	180.0	6	493.062	493.362
493.36199999999997	0.9000000000000341	trials	48	s048_F200704	grCe_grSu6CiNe	15	270.0	6	493.662	493.962
493.962	0.9000000000000341	trials	48	s048_F200704	coCe_grSu6Ne	17	0.0	6	494.262	494.562
494.579	0.9000000000000341	trials	48	s048_F200704	grCe	1	180.0	6	494.879	495.179
500.663	0.9000000000000341	trials	48	s048_F200704	grCe_grSu12SmCiNe	13	135.0	6	500.963	501.263
501.305	0.9000000000000341	trials	48	s048_F200704	grCe_grSu6Ne	7	0.0	6	501.605	501.905
501.905	0.9000000000000341	trials	48	s048_F200704	grCe_grSu12SmCiNe_PS	21	270.0	6	502.205	502.505
503.113	0.9000000000000341	trials	48	s048_F200704	grCe_grSu12Mi	9	225.0	6	503.413	503.713
509.448	0.9000000000000341	trials	48	s048_F200704	grCe_grSu6CiNe	15	90.0	6	509.748	510.047
511.298	0.8999999999999773	trials	48	s048_F200704	grCe_grSu6CiNe_PS	19	90.0	6	511.598	511.897
511.915	0.9000000000000341	trials	48	s048_F200704	grCe_grSu6CiNe	15	45.0	6	512.215	512.514
518.0400000000001	0.8999999999999773	trials	48	s048_F200704	grCe_grSu6Ne_PS	18	315.0	6	518.34	518.64
518.649	0.8999999999999773	trials	48	s048_F200704	grCe_grSu1Ne	3	180.0	6	518.949	519.248
519.249	0.8999999999999773	trials	48	s048_F200704	grCe_grSu6Ne	7	315.0	6	519.549	519.848
519.8660000000001	0.8999999999999773	trials	48	s048_F200704	grCe_grSu1Ne	3	90.0	6	520.166	520.465
520.474	0.8999999999999773	trials	48	s048_F200704	grCe_grSu6Ne_PS	18	90.0	6	520.774	521.074
526.591	0.8999999999999773	trials	48	s048_F200704	grCe_grSu1Ne	3	225.0	6	526.891	527.191
527.2	0.8999999999999773	trials	48	s048_F200704	grCe_grSu18Fa	11	270.0	6	527.5	527.8
527.808	0.8999999999999773	trials	48	s048_F200704	grCe_grSu12Mi	9	0.0	6	528.108	528.408
529.008	0.8999999999999773	trials	48	s048_F200704	grCe_grSu3Ne	5	135.0	6	529.308	529.608
536.109	0.8999999999999773	trials	48	s048_F200704	coCe_grSu6Ne	17	90.0	6	536.409	536.709
537.3180000000001	0.8999999999999773	trials	48	s048_F200704	grCe_grSu6CiNe	15	135.0	6	537.618	537.918
537.951	0.8999999999999773	trials	48	s048_F200704	grSu6Ne	6		6	538.251	538.551
550.745	0.8999999999999773	trials	48	s048_F200704	grCe_grSu18Fa	11	0.0	6	551.045	551.344
551.995	0.8999999999999773	trials	48	s048_F200704	grCe_grSu18Fa	11	315.0	6	552.295	552.594
552.595	0.8999999999999773	trials	48	s048_F200704	grCe_grSu6Ne_PS	18	225.0	6	552.895	553.194
553.22	0.8999999999999773	trials	48	s048_F200704	coCe	16	135.0	6	553.52	553.82
559.937	0.8999999999999773	trials	48	s048_F200704	grCe_grSu18Fa	11	90.0	6	560.237	560.537
561.171	0.8999999999999773	trials	48	s048_F200704	grSu12SmCiNe	12		6	561.471	561.771
561.779	0.8999999999999773	trials	48	s048_F200704	grCe_grSu12Mi	9	315.0	6	562.079	562.379
573.8810000000001	0.8999999999999773	trials	48	s048_F200704	grCe_grSu6CiNe	15	225.0	6	574.181	574.481
575.123	0.8999999999999773	trials	48	s048_F200704	grCe_grSu12SmCiNe	13	270.0	6	575.423	575.722
575.7230000000001	0.8999999999999773	trials	48	s048_F200704	grCe_grSu12SmCiNe_PS	21	45.0	6	576.023	576.322
576.3230000000001	0.8999999999999773	trials	48	s048_F200704	NoStim	0		6	576.623	576.923
588.966	0.8999999999999773	trials	48	s048_F200704	coCe_grSu6Ne	17	315.0	6	589.266	589.566
590.2080000000001	0.8999999999999773	trials	48	s048_F200704	coCe	16	315.0	0	590.508	590.808
590.808	0.8999999999999773	trials	48	s048_F200704	coCe_grSu6Ne	17	225.0	0	591.108	591.408
591.433	0.8999999999999773	trials	48	s048_F200704	grCe_grSu3Ne	5	135.0	0	591.733	592.033
597.642	0.8999999999999773	trials	48	s048_F200704	grCe_grSu12Mi	9	90.0	0	597.942	598.242
598.8420000000001	0.8999999999999773	trials	48	s048_F200704	grCe_grSu6CiNe_PS	19	90.0	0	599.142	599.442
599.4430000000001	0.8999999999999773	trials	48	s048_F200704	grCe_grSu12SmCiNe	13	270.0	0	599.743	600.042
600.0590000000001	0.8999999999999773	trials	48	s048_F200704	grCe_grSu6CiNe	15	270.0	0	600.359	600.659
606.3430000000001	0.8999999999999773	trials	48	s048_F200704	grCe_grSu6Ne_PS	18	225.0	0	606.643	606.943
606.985	0.8999999999999773	trials	48	s048_F200704	coSu6Ne	20		0	607.285	607.585
608.219	0.8999999999999773	trials	48	s048_F200704	grCe_grSu12SmCiNe_PS	21	90.0	0	608.519	608.818
608.827	0.8999999999999773	trials	48	s048_F200704	grCe	1	180.0	0	609.127	609.427
618.995	0.8999999999999773	trials	48	s048_F200704	grCe_grSu6Ne_PS	18	315.0	0	619.295	619.595
619.7370000000001	0.8999999999999773	trials	48	s048_F200704	grSu12SmCiNe	12		0	620.037	620.336
620.337	0.8999999999999773	trials	48	s048_F200704	coCe_grSu6Ne	17	135.0	0	620.637	620.937
620.979	0.8999999999999773	trials	48	s048_F200704	grSu12Mi	8		0	621.279	621.578
626.9960000000001	0.8999999999999773	trials	48	s048_F200704	grCe_grSu12Mi	9	135.0	0	627.296	627.596
627.629	0.8999999999999773	trials	48	s048_F200704	grCe_grSu3Ne	5	45.0	0	627.929	628.229
628.23	0.8999999999999773	trials	48	s048_F200704	grCe_grSu1Ne	3	270.0	0	628.53	628.829
629.4300000000001	0.8999999999999773	trials	48	s048_F200704	grCe_grSu6CiNe	15	45.0	0	629.73	630.029
635.572	0.8999999999999773	trials	48	s048_F200704	grSu18Fa	10		0	635.872	636.172
636.172	0.8999999999999773	trials	48	s048_F200704	coCe	16	90.0	0	636.472	636.772
636.806	0.8999999999999773	trials	48	s048_F200704	grCe_grSu18Fa	11	0.0	0	637.106	637.405
637.4060000000001	0.8999999999999773	trials	48	s048_F200704	grCe_grSu3Ne	5	225.0	0	637.706	638.005
644.0730000000001	0.8999999999999773	trials	48	s048_F200704	coCe_grSu6Ne	17	315.0	0	644.373	644.673
644.673	0.8999999999999773	trials	48	s048_F200704	grSu6CiNe	14		0	644.973	645.273
645.8820000000001	0.8999999999999773	trials	48	s048_F200704	grCe_grSu12Mi	9	225.0	0	646.182	646.482
652.666	0.8999999999999773	trials	48	s048_F200704	grCe_grSu12SmCiNe_PS	21	225.0	0	652.966	653.266
653.2660000000001	0.8999999999999773	trials	48	s048_F200704	coCe	16	270.0	0	653.566	653.866
653.8910000000001	0.8999999999999773	trials	48	s048_F200704	grCe_grSu18Fa	11	270.0	0	654.191	654.491
654.4910000000001	0.8999999999999773	trials	48	s048_F200704	NoStim	0		0	654.791	655.091
655.133	0.8999999999999773	trials	48	s048_F200704	coCe	16	180.0	0	655.433	655.733
661.201	0.8999999999999773	trials	48	s048_F200704	grCe_grSu12SmCiNe	13	180.0	0	661.501	661.8
662.4010000000001	0.8999999999999773	trials	48	s048_F200704	grCe_grSu3Ne	5	90.0	0	662.701	663.0
663.0010000000001	0.8999999999999773	trials	48	s048_F200704	grCe	1	135.0	0	663.301	663.6
663.642	0.8999999999999773	trials	48	s048_F200704	grCe_grSu12SmCiNe	13	315.0	0	663.942	664.242
670.11	0.8999999999999773	trials	48	s048_F200704	grCe_grSu18Fa	11	90.0	0	670.41	670.71
670.735	0.8999999999999773	trials	48	s048_F200704	grCe_grSu12Mi	9	270.0	0	671.035	671.335
671.9350000000001	0.8999999999999773	trials	48	s048_F200704	grCe_grSu6CiNe	15	90.0	0	672.235	672.535
672.5350000000001	0.8999999999999773	trials	48	s048_F200704	grCe_grSu6CiNe_PS	19	180.0	0	672.835	673.135
681.836	0.8999999999999773	trials	48	s048_F200704	grCe_grSu18Fa	11	180.0	0	682.136	682.436
682.437	0.8999999999999773	trials	48	s048_F200704	coCe	16	45.0	0	682.737	683.036
683.037	0.8999999999999773	trials	48	s048_F200704	grCe_grSu6CiNe_PS	19	0.0	0	683.337	683.636
684.2620000000001	0.8999999999999773	trials	48	s048_F200704	grCe_grSu3Ne	5	180.0	0	684.562	684.861
690.7710000000001	0.8999999999999773	trials	48	s048_F200704	grCe_grSu1Ne	3	315.0	0	691.071	691.371
692.013	0.8999999999999773	trials	48	s048_F200704	grCe_grSu12Mi	9	180.0	0	692.313	692.612
692.613	0.8999999999999773	trials	48	s048_F200704	grCe	1	225.0	0	692.913	693.213
699.389	0.8999999999999773	trials	48	s048_F200704	grCe_grSu18Fa	11	225.0	0	699.689	699.988
703.2230000000001	0.8999999999999773	trials	48	s048_F200704	grCe_grSu3Ne	5	315.0	0	703.523	703.822
705.056	0.8999999999999773	trials	48	s048_F200704	grCe_grSu3Ne	5	270.0	0	705.356	705.656
705.6560000000001	0.8999999999999773	trials	48	s048_F200704	grCe_grSu12SmCiNe_PS	21	270.0	0	705.956	706.256
711.724	0.8999999999999773	trials	48	s048_F200704	coCe	16	225.0	0	712.024	712.323
712.3240000000001	0.8999999999999773	trials	48	s048_F200704	grCe_grSu6CiNe_PS	19	45.0	0	712.624	712.923
712.9490000000001	0.8999999999999773	trials	48	s048_F200704	grCe_grSu6Ne_PS	18	135.0	0	713.249	713.549
713.5490000000001	0.8999999999999773	trials	48	s048_F200704	coCe_grSu6Ne	17	270.0	0	713.849	714.149
714.157	0.8999999999999773	trials	48	s048_F200704	grCe_grSu1Ne	3	0.0	0	714.457	714.757
720.4250000000001	0.8999999999999773	trials	48	s048_F200704	grCe_grSu3Ne	5	0.0	0	720.725	721.024
721.625	0.8999999999999773	trials	48	s048_F200704	grCe_grSu6Ne	7	0.0	0	721.925	722.225
722.225	0.8999999999999773	trials	48	s048_F200704	grCe_grSu1Ne	3	90.0	0	722.525	722.825
722.825	0.8999999999999773	trials	48	s048_F200704	grCe_grSu6Ne	7	315.0	0	723.125	723.425
733.3100000000001	0.8999999999999773	trials	48	s048_F200704	grCe_grSu6CiNe_PS	19	135.0	0	733.61	733.909
733.9100000000001	0.8999999999999773	trials	48	s048_F200704	grCe_grSu12SmCiNe_PS	21	315.0	0	734.21	734.51
734.51	0.8999999999999773	trials	48	s048_F200704	grCe_grSu6Ne_PS	18	90.0	0	734.81	735.11
735.11	0.8999999999999773	trials	48	s048_F200704	grCe_grSu12SmCiNe_PS	21	135.0	0	735.41	735.71
735.7180000000001	0.8999999999999773	trials	48	s048_F200704	grCe_grSu1Ne	3	135.0	0	736.018	736.318
754.796	0.8999999999999773	trials	48	s048_F200704	grCe_grSu6Ne	7	180.0	0	755.096	755.396
755.404	0.8999999999999773	trials	48	s048_F200704	grCe_grSu6CiNe	15	0.0	0	755.704	756.004
759.505	0.8999999999999773	trials	48	s048_F200704	grCe_grSu6Ne	7	45.0	0	759.805	760.105
760.105	0.8999999999999773	trials	48	s048_F200704	grCe_grSu12SmCiNe_PS	21	180.0	0	760.405	760.705
761.3050000000001	0.8999999999999773	trials	48	s048_F200704	grCe_grSu6CiNe_PS	19	225.0	0	761.605	761.905
761.9050000000001	0.8999999999999773	trials	48	s048_F200704	grCe_grSu6Ne_PS	18	270.0	0	762.205	762.505
768.264	0.8999999999999773	trials	48	s048_F200704	grCe_grSu6Ne_PS	18	180.0	0	768.564	768.864
768.864	0.8999999999999773	trials	48	s048_F200704	grCe_grSu1Ne	3	180.0	0	769.164	769.464
773.19	0.8999999999999773	trials	48	s048_F200704	grCe_grSu12Mi	9	0.0	0	773.49	773.79
773.7900000000001	0.8999999999999773	trials	48	s048_F200704	grCe_grSu6CiNe	15	225.0	0	774.09	774.39
774.3900000000001	0.8999999999999773	trials	48	s048_F200704	grCe_grSu6Ne	7	90.0	0	774.69	774.99
784.791	0.8999999999999773	trials	48	s048_F200704	coCe_grSu6Ne	17	45.0	0	785.091	785.391
785.392	0.8999999999999773	trials	48	s048_F200704	grCe_grSu6Ne_PS	18	0.0	0	785.692	785.991
786.008	0.8999999999999773	trials	48	s048_F200704	grCe_grSu12SmCiNe	13	0.0	0	786.308	786.608
786.6080000000001	0.8999999999999773	trials	48	s048_F200704	grCe_grSu6CiNe	15	135.0	0	786.908	787.208
787.2080000000001	0.8999999999999773	trials	48	s048_F200704	grCe_grSu6CiNe_PS	19	270.0	0	787.508	787.808
794.0680000000001	0.8999999999999773	trials	48	s048_F200704	grCe_grSu12SmCiNe_PS	21	45.0	0	794.368	794.667
794.7180000000001	0.8999999999999773	trials	48	s048_F200704	grCe_grSu6CiNe	15	180.0	0	795.018	795.317
795.3180000000001	0.8999999999999773	trials	48	s048_F200704	grCe	1	315.0	0	795.618	795.918
795.9430000000001	0.8999999999999773	trials	48	s048_F200704	grCe_grSu12SmCiNe	13	90.0	0	796.243	796.543
802.085	0.8999999999999773	trials	48	s048_F200704	grCe_grSu1Ne	3	225.0	0	802.385	802.685
806.003	0.8999999999999773	trials	48	s048_F200704	grCe_grSu12SmCiNe	13	135.0	0	806.303	806.602
806.6030000000001	0.8999999999999773	trials	48	s048_F200704	grSu3Ne	4		0	806.903	807.202
807.2030000000001	0.8999999999999773	trials	48	s048_F200704	grCe_grSu6Ne	7	135.0	0	807.503	807.802
807.803	0.8999999999999773	trials	48	s048_F200704	coCe_grSu6Ne	17	90.0	0	808.103	808.402
808.4200000000001	0.8999999999999773	trials	48	s048_F200704	coCe_grSu6Ne	17	0.0	0	808.72	809.019
817.837	0.8999999999999773	trials	48	s048_F200704	grCe_grSu6CiNe_PS	19	315.0	0	818.137	818.437
818.437	0.8999999999999773	trials	48	s048_F200704	grCe	1	0.0	0	818.737	819.037
819.046	0.8999999999999773	trials	48	s048_F200704	grCe_grSu12Mi	9	45.0	0	819.346	819.646
819.6460000000001	0.8999999999999773	trials	48	s048_F200704	grSu6Ne	6		0	819.946	820.246
823.63	0.8999999999999773	trials	48	s048_F200704	grCe_grSu18Fa	11	45.0	0	823.93	824.23
824.2470000000001	0.8999999999999773	trials	48	s048_F200704	grCe_grSu6CiNe	15	315.0	0	824.547	824.846
824.8470000000001	0.8999999999999773	trials	48	s048_F200704	grCe_grSu1Ne	3	45.0	0	825.147	825.446
825.455	0.8999999999999773	trials	48	s048_F200704	grCe_grSu18Fa	11	135.0	0	825.755	826.055
832.5640000000001	0.8999999999999773	trials	48	s048_F200704	grCe_grSu6Ne	7	270.0	0	832.864	833.164
833.1980000000001	0.8999999999999773	trials	48	s048_F200704	grCe_grSu12SmCiNe	13	225.0	0	833.498	833.797
833.798	0.8999999999999773	trials	48	s048_F200704	coCe	16	135.0	0	834.098	834.397
834.398	0.8999999999999773	trials	48	s048_F200704	grCe_grSu12SmCiNe	13	45.0	0	834.698	834.998
835.0310000000001	0.8999999999999773	trials	48	s048_F200704	grCe_grSu12Mi	9	315.0	0	835.331	835.631
841.6650000000001	0.8999999999999773	trials	48	s048_F200704	grCe_grSu18Fa	11	315.0	0	841.965	842.265
842.2660000000001	0.8999999999999773	trials	48	s048_F200704	grSu1Ne	2		0	842.566	842.865
842.8910000000001	0.8999999999999773	trials	48	s048_F200704	grCe_grSu12SmCiNe_PS	21	0.0	0	843.191	843.49
843.524	0.8999999999999773	trials	48	s048_F200704	grCe	1	45.0	0	843.824	844.124
850.892	0.8999999999999773	trials	48	s048_F200704	grCe_grSu6Ne_PS	18	45.0	0	851.192	851.491
851.4920000000001	0.8999999999999773	trials	48	s048_F200704	grCe_grSu6Ne	7	225.0	0	851.792	852.091
852.0920000000001	0.8999999999999773	trials	48	s048_F200704	grCe	1	90.0	0	852.392	852.692
852.692	0.8999999999999773	trials	48	s048_F200704	coCe_grSu6Ne	17	180.0	0	852.992	853.292
859.201	0.8999999999999773	trials	48	s048_F200704	coCe	16	0.0	0	859.501	859.801
860.4100000000001	0.8999999999999773	trials	48	s048_F200704	grCe	1	270.0	0	860.71	861.009
861.018	0.8999999999999773	trials	48	s048_F200704	coCe_grSu6Ne	17	45.0	7	861.318	861.618
861.618	0.8999999999999773	trials	48	s048_F200704	grSu1Ne	2		7	861.918	862.218
873.878	0.8999999999999773	trials	48	s048_F200704	grCe_grSu12Mi	9	315.0	7	874.178	874.478
874.4780000000001	0.8999999999999773	trials	48	s048_F200704	grCe_grSu6Ne	7	135.0	7	874.778	875.078
875.095	0.8999999999999773	trials	48	s048_F200704	grCe_grSu3Ne	5	315.0	7	875.395	875.694
876.303	0.8999999999999773	trials	48	s048_F200704	grCe_grSu12SmCiNe	13	225.0	7	876.603	876.903
882.6790000000001	0.8999999999999773	trials	48	s048_F200704	coCe	16	225.0	7	882.979	883.279
885.163	0.8999999999999773	trials	48	s048_F200704	grCe_grSu6Ne	7	0.0	7	885.463	885.762
891.6640000000001	0.8999999999999773	trials	48	s048_F200704	grSu6Ne	6		7	891.964	892.263
892.297	0.8999999999999773	trials	48	s048_F200704	grCe	1	270.0	7	892.597	892.897
892.9050000000001	0.8999999999999773	trials	48	s048_F200704	grCe_grSu12Mi	9	180.0	7	893.205	893.505
893.514	0.8999999999999773	trials	48	s048_F200704	grCe_grSu6Ne	7	90.0	7	893.814	894.114
894.1220000000001	0.8999999999999773	trials	48	s048_F200704	grCe_grSu12Mi	9	270.0	7	894.422	894.722
914.5	0.8999999999999773	trials	48	s048_F200704	coCe_grSu6Ne	17	90.0	7	914.8	915.1
915.1	0.8999999999999773	trials	48	s048_F200704	coCe	16	180.0	7	915.4	915.7
915.7330000000001	0.8999999999999773	trials	48	s048_F200704	grCe	1	180.0	7	916.033	916.333
920.484	0.8999999999999773	trials	48	s048_F200704	grCe_grSu6Ne	7	225.0	7	920.784	921.084
921.0920000000001	0.8999999999999773	trials	48	s048_F200704	grCe_grSu6Ne_PS	18	180.0	7	921.392	921.692
921.692	0.8999999999999773	trials	48	s048_F200704	coCe	16	45.0	7	921.992	922.292
932.552	0.8999999999999773	trials	48	s048_F200704	grCe_grSu1Ne	3	315.0	7	932.852	933.152
933.1940000000001	0.8999999999999773	trials	48	s048_F200704	grCe_grSu12SmCiNe_PS	21	315.0	7	933.494	933.794
933.802	0.8999999999999773	trials	48	s048_F200704	grCe_grSu6Ne_PS	18	45.0	7	934.102	934.402
934.4440000000001	0.8999999999999773	trials	48	s048_F200704	grCe_grSu3Ne	5	45.0	7	934.744	935.044
944.37	0.8999999999999773	trials	48	s048_F200704	grCe	1	45.0	7	944.67	944.97
944.97	0.8999999999999773	trials	48	s048_F200704	grCe_grSu12SmCiNe	13	315.0	7	945.27	945.57
945.571	0.8999999999999773	trials	48	s048_F200704	grCe_grSu12SmCiNe	13	45.0	7	945.871	946.17
946.1790000000001	0.8999999999999773	trials	48	s048_F200704	grCe_grSu18Fa	11	180.0	7	946.479	946.779
946.779	0.8999999999999773	trials	48	s048_F200704	grCe_grSu1Ne	3	0.0	7	947.079	947.379
953.1550000000001	0.8999999999999773	trials	48	s048_F200704	grCe_grSu6CiNe	15	180.0	7	953.455	953.755
953.763	0.8999999999999773	trials	48	s048_F200704	grCe_grSu18Fa	11	135.0	7	954.063	954.363
954.363	0.8999999999999773	trials	48	s048_F200704	grCe_grSu6CiNe	15	315.0	7	954.663	954.963
954.988	0.8999999999999773	trials	48	s048_F200704	grCe_grSu3Ne	5	270.0	7	955.288	955.588
955.5970000000001	0.8999999999999773	trials	48	s048_F200704	grCe_grSu1Ne	3	270.0	7	955.897	956.197
965.106	0.8999999999999773	trials	48	s048_F200704	grCe_grSu6Ne	7	45.0	7	965.406	965.706
965.7320000000001	0.8999999999999773	trials	48	s048_F200704	coCe_grSu6Ne	17	315.0	7	966.032	966.331
966.332	0.8999999999999773	trials	48	s048_F200704	coCe_grSu6Ne	17	225.0	7	966.632	966.931
966.932	0.8999999999999773	trials	48	s048_F200704	grCe_grSu6CiNe_PS	19	90.0	7	967.232	967.531
973.8910000000001	0.8999999999999773	trials	48	s048_F200704	coCe	16	0.0	7	974.191	974.491
975.133	0.8999999999999773	trials	48	s048_F200704	grCe_grSu12SmCiNe	13	180.0	7	975.433	975.732
976.341	0.8999999999999773	trials	48	s048_F200704	coCe_grSu6Ne	17	135.0	7	976.641	976.941
982.95	0.8999999999999773	trials	48	s048_F200704	grCe_grSu1Ne	3	180.0	7	983.25	983.55
983.5500000000001	0.8999999999999773	trials	48	s048_F200704	grCe_grSu3Ne	5	135.0	7	983.85	984.15
984.192	0.8999999999999773	trials	48	s048_F200704	grCe_grSu18Fa	11	225.0	7	984.492	984.792
984.801	0.8999999999999773	trials	48	s048_F200704	grCe_grSu6CiNe_PS	19	0.0	7	985.101	985.4
985.4010000000001	0.8999999999999773	trials	48	s048_F200704	grCe_grSu12SmCiNe	13	270.0	7	985.701	986.0
992.243	0.8999999999999773	trials	48	s048_F200704	grCe_grSu3Ne	5	0.0	7	992.543	992.843
992.8430000000001	0.8999999999999773	trials	48	s048_F200704	grCe_grSu3Ne	5	225.0	7	993.143	993.443
993.4430000000001	0.8999999999999773	trials	48	s048_F200704	coCe	16	90.0	7	993.743	994.043
1003.8860000000001	0.8999999999999773	trials	48	s048_F200704	grCe_grSu12SmCiNe	13	135.0	7	1004.186	1004.486
1004.5200000000001	0.8999999999999773	trials	48	s048_F200704	grCe_grSu12SmCiNe_PS	21	180.0	7	1004.82	1005.12
1005.153	0.8999999999999773	trials	48	s048_F200704	grCe_grSu1Ne	3	45.0	7	1005.453	1005.753
1005.753	0.8999999999999773	trials	48	s048_F200704	grCe_grSu12SmCiNe	13	0.0	7	1006.053	1006.353
1012.879	0.8999999999999773	trials	48	s048_F200704	coCe_grSu6Ne	17	270.0	7	1013.179	1013.479
1013.488	0.8999999999999773	trials	48	s048_F200704	grCe_grSu12Mi	9	225.0	7	1013.788	1014.087
1014.0880000000001	0.8999999999999773	trials	48	s048_F200704	grCe_grSu12SmCiNe_PS	21	270.0	7	1014.388	1014.687
1023.072	0.8999999999999773	trials	48	s048_F200704	grSu12Mi	8		7	1023.372	1023.672
1023.672	0.8999999999998636	trials	48	s048_F200704	grCe_grSu6Ne	7	270.0	7	1023.972	1024.272
1024.306	0.8999999999998636	trials	48	s048_F200704	grCe	1	90.0	7	1024.606	1024.905
1025.539	0.8999999999998636	trials	48	s048_F200704	grCe_grSu6CiNe_PS	19	180.0	7	1025.839	1026.139
1032.065	0.8999999999998636	trials	48	s048_F200704	grCe_grSu6CiNe_PS	19	315.0	7	1032.365	1032.665
1033.265	0.8999999999998636	trials	48	s048_F200704	grCe_grSu12SmCiNe	13	90.0	7	1033.565	1033.865
1033.8990000000001	0.8999999999998636	trials	48	s048_F200704	grCe	1	135.0	7	1034.199	1034.498
1034.499	0.8999999999998636	trials	48	s048_F200704	NoStim	0		7	1034.799	1035.098
1040.441	0.8999999999998636	trials	48	s048_F200704	grCe_grSu6CiNe	15	45.0	7	1040.741	1041.041
1041.65	0.8999999999998636	trials	48	s048_F200704	grCe_grSu6Ne	7	315.0	7	1041.95	1042.249
1045.9170000000001	0.8999999999998636	trials	48	s048_F200704	grCe_grSu6CiNe_PS	19	135.0	7	1046.217	1046.517
1046.525	0.8999999999998636	trials	48	s048_F200704	grSu12SmCiNe	12		7	1046.825	1047.125
1047.125	0.8999999999998636	trials	48	s048_F200704	grCe_grSu6CiNe	15	135.0	7	1047.425	1047.725
1047.7340000000002	0.8999999999998636	trials	48	s048_F200704	grCe_grSu3Ne	5	180.0	7	1048.034	1048.333
1048.367	0.8999999999998636	trials	48	s048_F200704	grCe_grSu18Fa	11	270.0	7	1048.667	1048.967
1059.477	0.8999999999998636	trials	48	s048_F200704	coCe	16	135.0	7	1059.777	1060.077
1060.077	0.8999999999998636	trials	48	s048_F200704	grCe_grSu6CiNe_PS	19	225.0	7	1060.377	1060.677
1060.6770000000001	0.8999999999998636	trials	48	s048_F200704	grCe_grSu12SmCiNe_PS	21	45.0	7	1060.977	1061.277
1061.277	0.8999999999998636	trials	48	s048_F200704	coCe	16	270.0	7	1061.577	1061.877
1068.0610000000001	0.8999999999998636	trials	48	s048_F200704	grCe_grSu6Ne_PS	18	135.0	7	1068.361	1068.661
1069.27	0.8999999999998636	trials	48	s048_F200704	grCe_grSu1Ne	3	90.0	7	1069.57	1069.87
1069.895	0.8999999999998636	trials	48	s048_F200704	grCe_grSu6Ne_PS	18	0.0	7	1070.195	1070.495
1073.712	0.8999999999998636	trials	48	s048_F200704	grCe_grSu6CiNe_PS	19	270.0	7	1074.012	1074.312
1074.3210000000001	0.8999999999998636	trials	48	s048_F200704	grCe_grSu18Fa	11	90.0	7	1074.621	1074.92
1074.929	0.8999999999998636	trials	48	s048_F200704	grSu18Fa	10		7	1075.229	1075.529
1075.537	0.8999999999998636	trials	48	s048_F200704	grCe_grSu18Fa	11	45.0	7	1075.837	1076.137
1076.171	0.8999999999998636	trials	48	s048_F200704	grCe_grSu12Mi	9	45.0	7	1076.471	1076.77
1082.363	0.8999999999998636	trials	48	s048_F200704	grCe_grSu12SmCiNe_PS	21	90.0	7	1082.663	1082.963
1082.988	0.8999999999998636	trials	48	s048_F200704	grCe	1	0.0	7	1083.288	1083.588
1083.588	0.8999999999998636	trials	48	s048_F200704	grSu6CiNe	14		7	1083.888	1084.188
1084.1970000000001	0.8999999999998636	trials	48	s048_F200704	grCe_grSu12Mi	9	90.0	7	1084.497	1084.796
1084.797	0.8999999999998636	trials	48	s048_F200704	grCe_grSu6CiNe	15	225.0	7	1085.097	1085.397
1100.616	0.8999999999998636	trials	48	s048_F200704	grCe_grSu6Ne_PS	18	225.0	7	1100.916	1101.215
1101.2160000000001	0.8999999999998636	trials	48	s048_F200704	grCe_grSu12SmCiNe_PS	21	225.0	7	1101.516	1101.815
1101.816	0.8999999999998636	trials	48	s048_F200704	grCe	1	225.0	7	1102.116	1102.415
1102.416	0.8999999999998636	trials	48	s048_F200704	coCe	16	315.0	7	1102.716	1103.016
1108.6580000000001	0.8999999999998636	trials	48	s048_F200704	grCe_grSu6CiNe_PS	19	45.0	7	1108.958	1109.258
1109.275	0.8999999999998636	trials	48	s048_F200704	coCe_grSu6Ne	17	180.0	7	1109.575	1109.875
1109.875	0.8999999999998636	trials	48	s048_F200704	grCe_grSu6Ne_PS	18	90.0	7	1110.175	1110.475
1110.4750000000001	0.8999999999998636	trials	48	s048_F200704	grCe_grSu6Ne	7	180.0	7	1110.775	1111.075
1111.075	0.8999999999998636	trials	48	s048_F200704	grCe_grSu6Ne_PS	18	270.0	7	1111.375	1111.675
1118.4180000000001	0.8999999999998636	trials	48	s048_F200704	grCe_grSu6Ne_PS	18	315.0	7	1118.718	1119.018
1119.0510000000002	0.8999999999998636	trials	48	s048_F200704	grCe_grSu6CiNe	15	0.0	7	1119.351	1119.651
1119.651	0.8999999999998636	trials	48	s048_F200704	grCe_grSu6CiNe	15	90.0	7	1119.951	1120.251
1125.702	0.8999999999998636	trials	48	s048_F200704	grCe_grSu12SmCiNe_PS	21	135.0	7	1126.002	1126.302
1126.9270000000001	0.8999999999998636	trials	48	s048_F200704	grSu3Ne	4		7	1127.227	1127.527
1127.527	0.8999999999998636	trials	48	s048_F200704	coSu6Ne	20		7	1127.827	1128.127
1128.127	0.8999999999998636	trials	48	s048_F200704	grCe	1	315.0	7	1128.427	1128.727
1134.1870000000001	0.8999999999998636	trials	48	s048_F200704	grCe_grSu18Fa	11	315.0	7	1134.487	1134.786
1134.795	0.8999999999998636	trials	48	s048_F200704	grCe_grSu12Mi	9	135.0	7	1135.095	1135.395
1136.012	0.8999999999998636	trials	48	s048_F200704	grCe_grSu12SmCiNe_PS	21	0.0	7	1136.312	1136.612
1136.612	0.8999999999998636	trials	48	s048_F200704	coCe_grSu6Ne	17	0.0	7	1136.912	1137.212
1142.804	0.8999999999998636	trials	48	s048_F200704	grCe_grSu6CiNe	15	270.0	7	1143.104	1143.404
1143.404	0.8999999999998636	trials	48	s048_F200704	grCe_grSu1Ne	3	225.0	7	1143.704	1144.004
1144.005	0.8999999999998636	trials	48	s048_F200704	grCe_grSu3Ne	5	90.0	7	1144.305	1144.604
1148.397	0.8999999999998636	trials	48	s048_F200704	grCe_grSu12Mi	9	0.0	7	1148.697	1148.996
1149.005	0.8999999999998636	trials	48	s048_F200704	grCe_grSu1Ne	3	135.0	7	1149.305	1149.605
1149.614	0.8999999999998636	trials	48	s048_F200704	grCe_grSu18Fa	11	0.0	7	1149.914	1150.213
1150.247	0.8999999999998636	trials	48	s048_F200704	grCe_grSu6CiNe	15	180.0	9	1150.547	1150.847
1150.864	0.8999999999998636	trials	48	s048_F200704	grCe_grSu12SmCiNe	13	90.0	9	1151.164	1151.463
1165.757	0.8999999999998636	trials	48	s048_F200704	grSu18Fa	10		9	1166.057	1166.357
1166.983	0.8999999999998636	trials	48	s048_F200704	grCe_grSu3Ne	5	45.0	9	1167.283	1167.582
1167.583	0.8999999999998636	trials	48	s048_F200704	grCe_grSu12SmCiNe_PS	21	315.0	9	1167.883	1168.182
1168.208	0.8999999999998636	trials	48	s048_F200704	grCe_grSu6Ne	7	180.0	9	1168.508	1168.807
1174.592	0.8999999999998636	trials	48	s048_F200704	grCe_grSu18Fa	11	135.0	9	1174.892	1175.192
1175.192	0.8999999999998636	trials	48	s048_F200704	grSu3Ne	4		9	1175.492	1175.792
1175.7920000000001	0.8999999999998636	trials	48	s048_F200704	grCe_grSu12SmCiNe	13	270.0	9	1176.092	1176.392
1177.0420000000001	0.8999999999998636	trials	48	s048_F200704	grCe_grSu6CiNe	15	90.0	9	1177.342	1177.642
1186.4270000000001	0.8999999999998636	trials	48	s048_F200704	grCe	1	315.0	9	1186.727	1187.026
1187.027	0.8999999999998636	trials	48	s048_F200704	coCe	16	180.0	9	1187.327	1187.626
1187.635	0.8999999999998636	trials	48	s048_F200704	grCe_grSu18Fa	11	90.0	9	1187.935	1188.235
1188.2350000000001	0.8999999999998636	trials	48	s048_F200704	grCe_grSu12SmCiNe	13	45.0	9	1188.535	1188.835
1195.169	0.8999999999998636	trials	48	s048_F200704	grCe	1	135.0	9	1195.469	1195.769
1196.3700000000001	0.8999999999998636	trials	48	s048_F200704	grCe_grSu6CiNe	15	225.0	9	1196.67	1196.969
1196.978	0.8999999999998636	trials	48	s048_F200704	grCe_grSu6CiNe	15	315.0	9	1197.278	1197.578
1197.578	0.8999999999998636	trials	48	s048_F200704	grCe	1	0.0	9	1197.878	1198.178
1203.746	0.8999999999998636	trials	48	s048_F200704	grCe_grSu12Mi	9	45.0	9	1204.046	1204.345
1204.346	0.8999999999998636	trials	48	s048_F200704	grCe_grSu3Ne	5	90.0	9	1204.646	1204.945
1204.954	0.8999999999998636	trials	48	s048_F200704	grCe_grSu12Mi	9	90.0	9	1205.254	1205.554
1205.554	0.8999999999998636	trials	48	s048_F200704	grCe_grSu12SmCiNe_PS	21	270.0	9	1205.854	1206.154
1206.179	0.8999999999998636	trials	48	s048_F200704	coCe_grSu6Ne	17	225.0	9	1206.479	1206.779
1222.24	0.8999999999998636	trials	48	s048_F200704	grCe_grSu12Mi	9	270.0	9	1222.54	1222.839
1222.873	0.8999999999998636	trials	48	s048_F200704	grCe_grSu12SmCiNe_PS	21	135.0	9	1223.173	1223.473
1223.473	0.8999999999998636	trials	48	s048_F200704	coCe	16	315.0	9	1223.773	1224.073
1224.107	0.8999999999998636	trials	48	s048_F200704	coCe_grSu6Ne	17	270.0	9	1224.407	1224.706
1230.7740000000001	0.8999999999998636	trials	48	s048_F200704	grCe_grSu18Fa	11	315.0	9	1231.074	1231.374
1232.008	0.8999999999998636	trials	48	s048_F200704	grCe_grSu3Ne	5	180.0	9	1232.308	1232.607
1232.616	0.8999999999998636	trials	48	s048_F200704	grCe_grSu12Mi	9	225.0	9	1232.916	1233.216
1233.2160000000001	0.8999999999998636	trials	48	s048_F200704	grCe_grSu12SmCiNe	13	225.0	9	1233.516	1233.816
1239.959	0.8999999999998636	trials	48	s048_F200704	coCe_grSu6Ne	17	45.0	9	1240.259	1240.558
1240.575	0.8999999999998636	trials	48	s048_F200704	grCe_grSu3Ne	5	270.0	9	1240.875	1241.175
1242.4170000000001	0.8999999999998636	trials	48	s048_F200704	coCe_grSu6Ne	17	180.0	9	1242.717	1243.017
1261.82	0.8999999999998636	trials	48	s048_F200704	grCe_grSu1Ne	3	135.0	9	1262.12	1262.419
1263.6280000000002	0.8999999999998636	trials	48	s048_F200704	grCe_grSu6CiNe_PS	19	45.0	9	1263.928	1264.228
1264.228	0.8999999999998636	trials	48	s048_F200704	grCe_grSu3Ne	5	315.0	9	1264.528	1264.828
1270.563	0.8999999999998636	trials	48	s048_F200704	grCe	1	270.0	9	1270.863	1271.162
1274.838	0.8999999999998636	trials	48	s048_F200704	grCe_grSu6Ne_PS	18	45.0	9	1275.138	1275.438
1275.4470000000001	0.8999999999998636	trials	48	s048_F200704	grCe_grSu6CiNe	15	135.0	9	1275.747	1276.046
1277.272	0.8999999999998636	trials	48	s048_F200704	grCe_grSu6CiNe_PS	19	225.0	9	1277.572	1277.871
1283.589	0.8999999999998636	trials	48	s048_F200704	grCe_grSu12SmCiNe_PS	21	45.0	9	1283.889	1284.189
1284.814	0.8999999999998636	trials	48	s048_F200704	coCe_grSu6Ne	17	0.0	9	1285.114	1285.414
1285.414	0.8999999999998636	trials	48	s048_F200704	coCe_grSu6Ne	17	135.0	9	1285.714	1286.014
1286.015	0.8999999999998636	trials	48	s048_F200704	grCe_grSu12SmCiNe	13	180.0	9	1286.315	1286.614
1292.7820000000002	0.8999999999998636	trials	48	s048_F200704	grCe_grSu1Ne	3	270.0	9	1293.082	1293.382
1293.4070000000002	0.8999999999998636	trials	48	s048_F200704	grCe_grSu1Ne	3	315.0	9	1293.707	1294.007
1294.0240000000001	0.8999999999998636	trials	48	s048_F200704	grCe_grSu6Ne_PS	18	270.0	9	1294.324	1294.624
1294.624	0.8999999999998636	trials	48	s048_F200704	coCe	16	0.0	9	1294.924	1295.224
1308.843	0.8999999999998636	trials	48	s048_F200704	grCe_grSu12SmCiNe	13	135.0	9	1309.143	1309.442
1309.443	0.8999999999998636	trials	48	s048_F200704	grSu6CiNe	14		9	1309.743	1310.042
1310.643	0.8999999999998636	trials	48	s048_F200704	grCe	1	45.0	9	1310.943	1311.242
1311.243	0.8999999999998636	trials	48	s048_F200704	grCe_grSu6Ne_PS	18	315.0	9	1311.543	1311.842
1328.7450000000001	0.8999999999998636	trials	48	s048_F200704	grCe_grSu1Ne	3	45.0	9	1329.045	1329.345
1329.353	0.8999999999998636	trials	48	s048_F200704	grCe_grSu12Mi	9	315.0	9	1329.653	1329.953
1330.57	0.8999999999998636	trials	48	s048_F200704	grCe_grSu1Ne	3	0.0	9	1330.87	1331.17
1331.17	0.8999999999998636	trials	48	s048_F200704	grSu12SmCiNe	12		9	1331.47	1331.77
1337.38	0.8999999999998636	trials	48	s048_F200704	grCe_grSu6Ne_PS	18	0.0	9	1337.68	1337.979
1337.988	0.8999999999998636	trials	48	s048_F200704	grCe_grSu18Fa	11	0.0	9	1338.288	1338.588
1339.221	0.8999999999998636	trials	48	s048_F200704	grCe_grSu12Mi	9	0.0	9	1339.521	1339.821
1339.847	0.8999999999998636	trials	48	s048_F200704	grCe_grSu6Ne	7	270.0	9	1340.147	1340.446
1346.247	0.8999999999998636	trials	48	s048_F200704	grCe_grSu12SmCiNe	13	315.0	9	1346.547	1346.847
1346.864	0.8999999999998636	trials	48	s048_F200704	coCe_grSu6Ne	17	90.0	9	1347.164	1347.464
1347.464	0.8999999999998636	trials	48	s048_F200704	grCe_grSu6CiNe	15	0.0	9	1347.764	1348.064
1348.698	0.8999999999998636	trials	48	s048_F200704	grCe_grSu18Fa	11	225.0	9	1348.998	1349.297
1358.066	0.8999999999998636	trials	48	s048_F200704	grCe_grSu12SmCiNe_PS	21	225.0	9	1358.366	1358.665
1358.666	0.8999999999998636	trials	48	s048_F200704	grCe_grSu1Ne	3	90.0	9	1358.966	1359.265
1359.266	0.8999999999998636	trials	48	s048_F200704	grCe_grSu3Ne	5	225.0	9	1359.566	1359.865
1359.866	0.8999999999998636	trials	48	s048_F200704	coSu6Ne	20		9	1360.166	1360.465
1360.491	0.8999999999998636	trials	48	s048_F200704	grCe_grSu6CiNe_PS	19	90.0	9	1360.791	1361.091
1371.651	0.8999999999998636	trials	48	s048_F200704	grCe_grSu6Ne	7	225.0	9	1371.951	1372.25
1372.259	0.8999999999998636	trials	48	s048_F200704	grCe_grSu6Ne	7	135.0	9	1372.559	1372.859
1372.8590000000002	0.8999999999998636	trials	48	s048_F200704	grCe_grSu6CiNe	15	45.0	9	1373.159	1373.459
1373.468	0.8999999999998636	trials	48	s048_F200704	grCe_grSu6Ne	7	45.0	9	1373.768	1374.067
1377.351	0.8999999999998636	trials	48	s048_F200704	grCe_grSu6CiNe	15	270.0	9	1377.651	1377.951
1377.951	0.8999999999998636	trials	48	s048_F200704	grCe_grSu12SmCiNe_PS	21	180.0	9	1378.251	1378.551
1378.56	0.8999999999998636	trials	48	s048_F200704	grCe_grSu18Fa	11	45.0	9	1378.86	1379.16
1379.1770000000001	0.8999999999998636	trials	48	s048_F200704	grCe_grSu6CiNe_PS	19	180.0	9	1379.477	1379.776
1379.818	0.8999999999998636	trials	48	s048_F200704	coCe	16	270.0	9	1380.118	1380.418
1386.1190000000001	0.8999999999998636	trials	48	s048_F200704	grCe	1	90.0	9	1386.419	1386.719
1386.7530000000002	0.8999999999998636	trials	48	s048_F200704	grCe_grSu6CiNe_PS	19	315.0	9	1387.053	1387.352
1387.3780000000002	0.8999999999998636	trials	48	s048_F200704	coCe_grSu6Ne	17	315.0	9	1387.678	1387.977
1391.928	0.8999999999998636	trials	48	s048_F200704	grSu6Ne	6		9	1392.228	1392.528
1392.528	0.8999999999998636	trials	48	s048_F200704	NoStim	0		9	1392.828	1393.128
1393.1280000000002	0.8999999999998636	trials	48	s048_F200704	grCe_grSu12SmCiNe_PS	21	90.0	9	1393.428	1393.728
1397.637	0.8999999999998636	trials	48	s048_F200704	grCe	1	180.0	9	1397.937	1398.237
1398.279	0.8999999999998636	trials	48	s048_F200704	grCe_grSu12SmCiNe_PS	21	0.0	9	1398.579	1398.879
1398.8790000000001	0.8999999999998636	trials	48	s048_F200704	grCe_grSu6Ne	7	0.0	9	1399.179	1399.479
1399.5130000000001	0.8999999999998636	trials	48	s048_F200704	grCe_grSu18Fa	11	270.0	9	1399.813	1400.112
1405.722	0.8999999999998636	trials	48	s048_F200704	grCe_grSu6CiNe_PS	19	135.0	9	1406.022	1406.321
1409.5720000000001	0.8999999999998636	trials	48	s048_F200704	coCe	16	45.0	9	1409.872	1410.172
1410.172	0.8999999999998636	trials	48	s048_F200704	coCe	16	225.0	9	1410.472	1410.772
1410.772	0.8999999999998636	trials	48	s048_F200704	grCe_grSu3Ne	5	135.0	9	1411.072	1411.372
1411.4470000000001	0.8999999999998636	trials	48	s048_F200704	grCe_grSu6Ne_PS	18	180.0	9	1411.747	1412.047
1412.048	0.8999999999998636	trials	48	s048_F200704	grCe_grSu6Ne	7	90.0	9	1412.348	1412.647
1419.057	0.8999999999998636	trials	48	s048_F200704	grCe_grSu6Ne	7	315.0	9	1419.357	1419.656
1419.6570000000002	0.8999999999998636	trials	48	s048_F200704	coCe	16	135.0	9	1419.957	1420.256
1420.307	0.8999999999998636	trials	48	s048_F200704	grCe_grSu3Ne	5	0.0	9	1420.607	1420.907
1420.9070000000002	0.8999999999998636	trials	48	s048_F200704	grCe_grSu6CiNe_PS	19	0.0	9	1421.207	1421.507
1421.507	0.8999999999998636	trials	48	s048_F200704	grCe	1	225.0	9	1421.807	1422.107
1428.258	0.8999999999998636	trials	48	s048_F200704	grCe_grSu1Ne	3	225.0	9	1428.558	1428.858
1428.858	0.8999999999998636	trials	48	s048_F200704	grCe_grSu6Ne_PS	18	90.0	9	1429.158	1429.458
1430.1000000000001	0.8999999999998636	trials	48	s048_F200704	grSu1Ne	2		9	1430.4	1430.7
1438.093	0.8999999999998636	trials	48	s048_F200704	grCe_grSu1Ne	3	180.0	9	1438.393	1438.692
1438.693	0.8999999999998636	trials	48	s048_F200704	grCe_grSu6Ne_PS	18	225.0	9	1438.993	1439.292
1439.3010000000002	0.8999999999998636	trials	48	s048_F200704	grCe_grSu18Fa	11	180.0	9	1439.601	1439.901
1440.5510000000002	0.8999999999998636	trials	48	s048_F200704	grSu12Mi	8		9	1440.851	1441.151
1452.9940000000001	0.8999999999998636	trials	48	s048_F200704	grCe_grSu12Mi	9	180.0	9	1453.294	1453.594
1453.595	0.8999999999998636	trials	48	s048_F200704	coCe	16	90.0	9	1453.895	1454.194
1454.22	0.8999999999998636	trials	48	s048_F200704	grCe_grSu12Mi	9	135.0	9	1454.52	1454.819
1454.828	0.8999999999998636	trials	48	s048_F200704	grCe_grSu6CiNe_PS	19	270.0	9	1455.128	1455.428
1460.929	0.8999999999998636	trials	48	s048_F200704	grCe_grSu6Ne_PS	18	135.0	9	1461.229	1461.528
1461.529	0.8999999999998636	trials	48	s048_F200704	grCe_grSu12SmCiNe	13	0.0	9	1461.829	1462.129
1462.137	0.8999999999998636	trials	48	s048_F200704	grCe_grSu6Ne	7	0.0	2	1462.437	1462.737
1462.771	0.8999999999998636	trials	48	s048_F200704	grCe_grSu12SmCiNe	13	180.0	2	1463.071	1463.37
1463.404	0.8999999999998636	trials	48	s048_F200704	grCe_grSu1Ne	3	180.0	2	1463.704	1464.004
1472.414	0.8999999999998636	trials	48	s048_F200704	grCe_grSu12Mi	9	180.0	2	1472.714	1473.013
1473.03	0.8999999999998636	trials	48	s048_F200704	grCe_grSu12SmCiNe_PS	21	270.0	2	1473.33	1473.63
1474.272	0.8999999999998636	trials	48	s048_F200704	grCe_grSu6Ne_PS	18	270.0	2	1474.572	1474.872
1474.872	0.8999999999998636	trials	48	s048_F200704	grCe_grSu1Ne	3	225.0	2	1475.172	1475.472
1485.132	0.8999999999998636	trials	48	s048_F200704	grSu12SmCiNe	12		2	1485.432	1485.732
1485.765	0.8999999999998636	trials	48	s048_F200704	grCe_grSu6CiNe_PS	19	180.0	2	1486.065	1486.365
1486.515	0.8999999999998636	trials	48	s048_F200704	grCe_grSu6Ne	7	315.0	2	1486.815	1487.115
1487.766	0.8999999999998636	trials	48	s048_F200704	grCe_grSu3Ne	5	180.0	2	1488.066	1488.365
1493.8	0.8999999999998636	trials	48	s048_F200704	grCe_grSu1Ne	3	90.0	2	1494.1	1494.399
1498.575	0.8999999999998636	trials	48	s048_F200704	grCe_grSu12SmCiNe	13	315.0	2	1498.875	1499.175
1499.184	0.8999999999998636	trials	48	s048_F200704	grCe_grSu12Mi	9	90.0	2	1499.484	1499.783
1499.784	0.8999999999998636	trials	48	s048_F200704	grCe_grSu6Ne_PS	18	90.0	2	1500.084	1500.384
1500.384	0.8999999999998636	trials	48	s048_F200704	grSu6CiNe	14		2	1500.684	1500.984
1512.027	0.8999999999998636	trials	48	s048_F200704	grCe_grSu3Ne	5	90.0	2	1512.327	1512.627
1528.838	0.8999999999998636	trials	48	s048_F200704	grCe_grSu12Mi	9	225.0	2	1529.138	1529.437
1529.438	0.8999999999998636	trials	48	s048_F200704	grCe_grSu3Ne	5	0.0	2	1529.738	1530.037
1530.655	0.8999999999998636	trials	48	s048_F200704	grSu3Ne	4		2	1530.955	1531.254
1531.255	0.8999999999998636	trials	48	s048_F200704	grCe	1	225.0	2	1531.555	1531.854
1537.772	0.8999999999998636	trials	48	s048_F200704	grCe_grSu6CiNe	15	180.0	2	1538.072	1538.372
1538.38	0.8999999999998636	trials	48	s048_F200704	grCe_grSu18Fa	11	45.0	2	1538.68	1538.98
1538.981	0.8999999999998636	trials	48	s048_F200704	grCe_grSu1Ne	3	0.0	2	1539.281	1539.58
1540.1970000000001	0.8999999999998636	trials	48	s048_F200704	coCe_grSu6Ne	17	315.0	2	1540.497	1540.797
1562.784	0.8999999999998636	trials	48	s048_F200704	coCe	16	135.0	2	1563.084	1563.383
1565.267	0.8999999999998636	trials	48	s048_F200704	grCe_grSu18Fa	11	90.0	2	1565.567	1565.867
1571.6680000000001	0.8999999999998636	trials	48	s048_F200704	grSu12Mi	8		2	1571.968	1572.268
1572.277	0.8999999999998636	trials	48	s048_F200704	grCe_grSu12Mi	9	0.0	2	1572.577	1572.876
1572.885	0.8999999999998636	trials	48	s048_F200704	grCe_grSu12SmCiNe_PS	21	0.0	2	1573.185	1573.485
1573.4850000000001	0.8999999999998636	trials	48	s048_F200704	coSu6Ne	20		2	1573.785	1574.085
1574.102	0.8999999999998636	trials	48	s048_F200704	grCe	1	90.0	2	1574.402	1574.701
1590.529	0.8999999999998636	trials	48	s048_F200704	grCe_grSu12SmCiNe_PS	21	315.0	2	1590.829	1591.129
1591.1290000000001	0.8999999999998636	trials	48	s048_F200704	coCe_grSu6Ne	17	135.0	2	1591.429	1591.729
1591.737	0.8999999999998636	trials	48	s048_F200704	grSu18Fa	10		2	1592.037	1592.337
1592.979	0.8999999999998636	trials	48	s048_F200704	grCe_grSu6Ne_PS	18	225.0	2	1593.279	1593.579
1599.188	0.8999999999998636	trials	48	s048_F200704	grCe_grSu6Ne_PS	18	45.0	2	1599.488	1599.788
1599.788	0.8999999999998636	trials	48	s048_F200704	grCe_grSu6CiNe	15	135.0	2	1600.088	1600.388
1600.414	0.8999999999998636	trials	48	s048_F200704	grCe_grSu6CiNe	15	270.0	2	1600.714	1601.013
1601.0140000000001	0.8999999999998636	trials	48	s048_F200704	grCe	1	315.0	2	1601.314	1601.613
1601.614	0.8999999999998636	trials	48	s048_F200704	NoStim	0		2	1601.914	1602.213
1607.8980000000001	0.8999999999998636	trials	48	s048_F200704	grCe_grSu3Ne	5	270.0	2	1608.198	1608.497
1608.498	0.8999999999998636	trials	48	s048_F200704	grCe_grSu6Ne	7	135.0	2	1608.798	1609.098
1609.098	0.8999999999998636	trials	48	s048_F200704	coCe	16	225.0	2	1609.398	1609.698
1609.74	0.8999999999998636	trials	48	s048_F200704	grCe_grSu12SmCiNe	13	270.0	2	1610.04	1610.339
1610.3400000000001	0.8999999999998636	trials	48	s048_F200704	grCe_grSu6Ne_PS	18	180.0	2	1610.64	1610.939
1616.557	0.8999999999998636	trials	48	s048_F200704	grCe_grSu12Mi	9	45.0	2	1616.857	1617.157
1617.182	0.8999999999998636	trials	48	s048_F200704	grCe_grSu18Fa	11	315.0	2	1617.482	1617.782
1617.7820000000002	0.8999999999998636	trials	48	s048_F200704	grCe_grSu6CiNe_PS	19	0.0	2	1618.082	1618.382
1619.016	0.8999999999998636	trials	48	s048_F200704	grCe_grSu12Mi	9	315.0	2	1619.316	1619.616
1625.892	0.8999999999998636	trials	48	s048_F200704	coCe	16	0.0	2	1626.192	1626.491
1626.492	0.8999999999998636	trials	48	s048_F200704	grCe_grSu3Ne	5	315.0	2	1626.792	1627.092
1627.159	0.8999999999998636	trials	48	s048_F200704	coCe_grSu6Ne	17	225.0	2	1627.459	1627.758
1633.826	0.8999999999998636	trials	48	s048_F200704	grCe_grSu18Fa	11	0.0	2	1634.126	1634.426
1634.468	0.8999999999998636	trials	48	s048_F200704	grCe_grSu6Ne_PS	18	315.0	2	1634.768	1635.068
1635.085	0.8999999999998636	trials	48	s048_F200704	grCe	1	270.0	2	1635.385	1635.684
1635.685	0.8999999999998636	trials	48	s048_F200704	grCe_grSu6CiNe	15	90.0	2	1635.985	1636.284
1639.194	0.8999999999998636	trials	48	s048_F200704	grCe_grSu18Fa	11	225.0	2	1639.494	1639.793
1639.794	0.8999999999998636	trials	48	s048_F200704	grCe_grSu12SmCiNe	13	90.0	2	1640.094	1640.393
1640.419	0.8999999999998636	trials	48	s048_F200704	grCe_grSu18Fa	11	270.0	2	1640.719	1641.018
1641.652	0.8999999999998636	trials	48	s048_F200704	coCe_grSu6Ne	17	180.0	2	1641.952	1642.252
1648.07	0.8999999999998636	trials	48	s048_F200704	grCe_grSu6Ne	7	90.0	2	1648.37	1648.669
1648.67	0.8999999999998636	trials	48	s048_F200704	coCe_grSu6Ne	17	90.0	2	1648.97	1649.269
1649.303	0.8999999999998636	trials	48	s048_F200704	coCe_grSu6Ne	17	270.0	2	1649.603	1649.903
1649.9370000000001	0.8999999999998636	trials	48	s048_F200704	grCe_grSu6CiNe	15	225.0	2	1650.237	1650.536
1650.537	0.8999999999998636	trials	48	s048_F200704	grCe_grSu12SmCiNe	13	135.0	2	1650.837	1651.136
1656.729	0.8999999999998636	trials	48	s048_F200704	grCe_grSu3Ne	5	45.0	2	1657.029	1657.329
1657.371	0.8999999999998636	trials	48	s048_F200704	grCe_grSu12SmCiNe_PS	21	180.0	2	1657.671	1657.971
1657.979	0.8999999999998636	trials	48	s048_F200704	grCe_grSu6CiNe	15	45.0	2	1658.279	1658.579
1658.621	0.8999999999998636	trials	48	s048_F200704	grSu1Ne	2		2	1658.921	1659.221
1659.2630000000001	0.8999999999998636	trials	48	s048_F200704	grCe_grSu6CiNe_PS	19	315.0	2	1659.563	1659.862
1666.147	0.8999999999998636	trials	48	s048_F200704	grCe	1	135.0	2	1666.447	1666.747
1666.755	0.8999999999998636	trials	48	s048_F200704	grCe_grSu6CiNe	15	315.0	2	1667.055	1667.355
1667.372	0.8999999999998636	trials	48	s048_F200704	grCe_grSu6Ne	7	270.0	2	1667.672	1667.972
1667.972	0.8999999999998636	trials	48	s048_F200704	grCe_grSu1Ne	3	45.0	2	1668.272	1668.572
1668.5720000000001	0.8999999999998636	trials	48	s048_F200704	grCe_grSu12SmCiNe_PS	21	225.0	2	1668.872	1669.172
1675.2820000000002	0.8999999999998636	trials	48	s048_F200704	grCe_grSu12Mi	9	270.0	2	1675.582	1675.881
1675.923	0.8999999999998636	trials	48	s048_F200704	grCe_grSu6Ne	7	45.0	2	1676.223	1676.523
1676.557	0.8999999999998636	trials	48	s048_F200704	grCe_grSu3Ne	5	135.0	2	1676.857	1677.156
1677.1570000000002	0.8999999999998636	trials	48	s048_F200704	grCe_grSu6Ne	7	225.0	2	1677.457	1677.756
1684.799	0.8999999999998636	trials	48	s048_F200704	grCe_grSu12SmCiNe_PS	21	135.0	2	1685.099	1685.399
1685.525	0.8999999999998636	trials	48	s048_F200704	grCe_grSu12SmCiNe	13	0.0	2	1685.825	1686.124
1686.133	0.8999999999998636	trials	48	s048_F200704	grCe_grSu6CiNe_PS	19	225.0	2	1686.433	1686.733
1686.7830000000001	0.8999999999998636	trials	48	s048_F200704	grCe_grSu6CiNe_PS	19	135.0	2	1687.083	1687.383
1693.959	0.8999999999998636	trials	48	s048_F200704	coCe	16	90.0	2	1694.259	1694.559
1694.559	0.8999999999998636	trials	48	s048_F200704	grCe_grSu6Ne	7	180.0	2	1694.859	1695.159
1695.1670000000001	0.8999999999998636	trials	48	s048_F200704	grCe_grSu12Mi	9	135.0	2	1695.467	1695.767
1695.767	0.8999999999998636	trials	48	s048_F200704	grCe_grSu6Ne_PS	18	135.0	2	1696.067	1696.367
1702.518	0.8999999999998636	trials	48	s048_F200704	coCe	16	180.0	2	1702.818	1703.118
1703.719	0.8999999999998636	trials	48	s048_F200704	grCe_grSu6CiNe_PS	19	270.0	2	1704.019	1704.318
1704.319	0.8999999999998636	trials	48	s048_F200704	grCe	1	180.0	2	1704.619	1704.918
1704.9270000000001	0.8999999999998636	trials	48	s048_F200704	grCe_grSu18Fa	11	135.0	2	1705.227	1705.527
1711.136	0.8999999999998636	trials	48	s048_F200704	grCe_grSu6CiNe_PS	19	45.0	2	1711.436	1711.736
1718.095	0.8999999999998636	trials	48	s048_F200704	grCe_grSu1Ne	3	135.0	2	1718.395	1718.695
1718.704	0.8999999999998636	trials	48	s048_F200704	grCe_grSu12SmCiNe_PS	21	45.0	2	1719.004	1719.303
1719.304	0.8999999999998636	trials	48	s048_F200704	coCe_grSu6Ne	17	0.0	2	1719.604	1719.904
1720.546	0.8999999999998636	trials	48	s048_F200704	coCe	16	270.0	2	1720.846	1721.145
1727.288	0.8999999999998636	trials	48	s048_F200704	grCe_grSu1Ne	3	315.0	2	1727.588	1727.888
1727.8880000000001	0.8999999999998636	trials	48	s048_F200704	grCe_grSu6CiNe	15	0.0	2	1728.188	1728.488
1729.13	0.8999999999998636	trials	48	s048_F200704	grCe_grSu12SmCiNe_PS	21	90.0	2	1729.43	1729.73
1735.481	0.8999999999998636	trials	48	s048_F200704	grCe	1	45.0	2	1735.781	1736.081
1736.0810000000001	0.8999999999998636	trials	48	s048_F200704	grSu6Ne	6		2	1736.381	1736.681
1736.689	0.8999999999998636	trials	48	s048_F200704	grCe_grSu18Fa	11	180.0	2	1736.989	1737.289
1737.298	0.8999999999998636	trials	48	s048_F200704	coCe_grSu6Ne	17	45.0	2	1737.598	1737.898
1737.8980000000001	0.8999999999998636	trials	48	s048_F200704	grCe_grSu3Ne	5	225.0	2	1738.198	1738.498
1744.04	0.8999999999998636	trials	48	s048_F200704	grCe_grSu1Ne	3	270.0	2	1744.34	1744.64
1744.674	0.8999999999998636	trials	48	s048_F200704	coCe	16	315.0	2	1744.974	1745.273
1745.307	0.8999999999998636	trials	48	s048_F200704	grCe_grSu12SmCiNe	13	45.0	2	1745.607	1745.907
1745.949	0.8999999999998636	trials	48	s048_F200704	grCe_grSu12SmCiNe	13	225.0	2	1746.249	1746.549
1746.549	0.8999999999998636	trials	48	s048_F200704	grCe_grSu6Ne_PS	18	0.0	2	1746.849	1747.149
1753.0420000000001	0.8999999999998636	trials	48	s048_F200704	grCe_grSu6CiNe_PS	19	90.0	2	1753.342	1753.641
1753.642	0.8999999999998636	trials	48	s048_F200704	coCe	16	45.0	2	1753.942	1754.241
1754.242	0.8999999999998636	trials	48	s048_F200704	grCe	1	0.0	2	1754.542	1754.841
1758.867	0.8999999999998636	trials	48	s048_F200704	grCe_grSu6CiNe_PS	19	135.0	3	1759.167	1759.467
1760.1090000000002	0.8999999999998636	trials	48	s048_F200704	grCe_grSu12SmCiNe_PS	21	45.0	3	1760.409	1760.709
1760.709	0.8999999999998636	trials	48	s048_F200704	grCe_grSu6CiNe	15	315.0	3	1761.009	1761.309
1767.077	0.8999999999998636	trials	48	s048_F200704	grCe_grSu12Mi	9	315.0	3	1767.377	1767.676
1767.6770000000001	0.8999999999998636	trials	48	s048_F200704	grCe_grSu12SmCiNe	13	90.0	3	1767.977	1768.276
1768.319	0.8999999999998636	trials	48	s048_F200704	grCe_grSu12Mi	9	90.0	3	1768.619	1768.918
1768.96	0.8999999999998636	trials	48	s048_F200704	grSu1Ne	2		3	1769.26	1769.56
1769.602	0.8999999999998636	trials	48	s048_F200704	grCe	1	270.0	3	1769.902	1770.202
1776.453	0.8999999999998636	trials	48	s048_F200704	grCe_grSu3Ne	5	270.0	3	1776.753	1777.053
1777.053	0.8999999999998636	trials	48	s048_F200704	grCe_grSu12SmCiNe_PS	21	180.0	3	1777.353	1777.653
1778.27	0.8999999999998636	trials	48	s048_F200704	grCe_grSu6Ne	7	0.0	3	1778.57	1778.869
1784.3790000000001	0.8999999999998636	trials	48	s048_F200704	NoStim	0		3	1784.679	1784.979
1784.979	0.8999999999998636	trials	48	s048_F200704	grCe_grSu6Ne_PS	18	135.0	3	1785.279	1785.579
1785.579	0.8999999999998636	trials	48	s048_F200704	grCe_grSu6CiNe_PS	19	180.0	3	1785.879	1786.179
1786.779	0.8999999999998636	trials	48	s048_F200704	grSu6CiNe	14		3	1787.079	1787.379
1793.238	0.8999999999998636	trials	48	s048_F200704	coCe_grSu6Ne	17	270.0	3	1793.538	1793.838
1794.4550000000002	0.8999999999998636	trials	48	s048_F200704	coCe_grSu6Ne	17	225.0	3	1794.755	1795.055
1795.0800000000002	0.8999999999998636	trials	48	s048_F200704	grCe_grSu12SmCiNe_PS	21	90.0	3	1795.38	1795.68
1806.9070000000002	0.8999999999998636	trials	48	s048_F200704	grCe	1	180.0	3	1807.207	1807.507
1807.515	0.8999999999998636	trials	48	s048_F200704	grCe_grSu12SmCiNe_PS	21	315.0	3	1807.815	1808.115
1808.132	0.8999999999998636	trials	48	s048_F200704	grCe_grSu12SmCiNe_PS	21	225.0	3	1808.432	1808.732
1808.732	0.8999999999998636	trials	48	s048_F200704	grCe	1	135.0	3	1809.032	1809.332
1809.3410000000001	0.8999999999998636	trials	48	s048_F200704	grCe_grSu18Fa	11	90.0	3	1809.641	1809.94
1815.516	0.8999999999998636	trials	48	s048_F200704	grCe_grSu6CiNe	15	0.0	3	1815.816	1816.116
1816.116	0.8999999999998636	trials	48	s048_F200704	grCe_grSu12SmCiNe	13	315.0	3	1816.416	1816.716
1816.733	0.8999999999998636	trials	48	s048_F200704	grCe_grSu6Ne	7	315.0	3	1817.033	1817.333
1834.76	0.8999999999998636	trials	48	s048_F200704	grCe_grSu3Ne	5	45.0	3	1835.06	1835.36
1835.3690000000001	0.8999999999998636	trials	48	s048_F200704	grCe_grSu18Fa	11	270.0	3	1835.669	1835.969
1835.969	0.8999999999998636	trials	48	s048_F200704	grCe_grSu6Ne_PS	18	0.0	3	1836.269	1836.569
1836.569	0.8999999999998636	trials	48	s048_F200704	grCe_grSu3Ne	5	315.0	3	1836.869	1837.169
1837.194	0.8999999999998636	trials	48	s048_F200704	grCe_grSu1Ne	3	225.0	3	1837.494	1837.794
1844.02	0.8999999999998636	trials	48	s048_F200704	grCe_grSu1Ne	3	270.0	3	1844.32	1844.62
1845.228	0.8999999999998636	trials	48	s048_F200704	grCe_grSu12SmCiNe_PS	21	0.0	3	1845.528	1845.828
1845.862	0.8999999999998636	trials	48	s048_F200704	coCe	16	315.0	3	1846.162	1846.462
1860.2640000000001	0.8999999999998636	trials	48	s048_F200704	grCe_grSu1Ne	3	0.0	3	1860.564	1860.863
1860.864	0.8999999999998636	trials	48	s048_F200704	grCe_grSu6Ne_PS	18	180.0	3	1861.164	1861.464
1861.472	0.8999999999998636	trials	48	s048_F200704	coCe	16	225.0	3	1861.772	1862.072
1862.7060000000001	0.8999999999998636	trials	48	s048_F200704	grCe_grSu6Ne	7	90.0	3	1863.006	1863.305
1868.932	0.8999999999998636	trials	48	s048_F200704	grCe	1	315.0	3	1869.232	1869.531
1869.5320000000002	0.8999999999998636	trials	48	s048_F200704	grCe_grSu1Ne	3	45.0	3	1869.832	1870.131
1870.748	0.8999999999998636	trials	48	s048_F200704	grCe_grSu12SmCiNe	13	180.0	3	1871.048	1871.348
1877.758	0.8999999999998636	trials	48	s048_F200704	grSu12Mi	8		3	1878.058	1878.357
1878.358	0.8999999999998636	trials	48	s048_F200704	grCe_grSu1Ne	3	135.0	3	1878.658	1878.957
1878.958	0.8999999999998636	trials	48	s048_F200704	grCe_grSu3Ne	5	90.0	3	1879.258	1879.558
1889.893	0.8999999999998636	trials	48	s048_F200704	grCe_grSu1Ne	3	180.0	3	1890.193	1890.492
1890.526	0.8999999999998636	trials	48	s048_F200704	coSu6Ne	20		3	1890.826	1891.126
1891.126	0.8999999999998636	trials	48	s048_F200704	coCe	16	90.0	3	1891.426	1891.726
1891.726	0.8999999999998636	trials	48	s048_F200704	grCe_grSu6Ne_PS	18	315.0	3	1892.026	1892.326
1892.343	0.8999999999998636	trials	48	s048_F200704	grCe_grSu6Ne	7	180.0	3	1892.643	1892.943
1901.577	0.8999999999998636	trials	48	s048_F200704	grSu3Ne	4		3	1901.877	1902.177
1902.1770000000001	0.8999999999998636	trials	48	s048_F200704	coCe	16	0.0	3	1902.477	1902.777
1902.786	0.8999999999998636	trials	48	s048_F200704	grCe_grSu6CiNe	15	225.0	3	1903.086	1903.386
1903.428	0.8999999999998636	trials	48	s048_F200704	grCe_grSu6CiNe	15	45.0	3	1903.728	1904.027
1904.028	0.8999999999998636	trials	48	s048_F200704	grCe_grSu3Ne	5	0.0	3	1904.328	1904.627
1910.1290000000001	0.8999999999998636	trials	48	s048_F200704	coCe	16	180.0	3	1910.429	1910.728
1910.729	0.8999999999998636	trials	48	s048_F200704	grCe_grSu6Ne	7	270.0	3	1911.029	1911.328
1911.929	0.8999999999998636	trials	48	s048_F200704	grCe_grSu6CiNe	15	90.0	3	1912.229	1912.528
1912.529	0.8999999999998636	trials	48	s048_F200704	grCe	1	90.0	3	1912.829	1913.129
1918.7050000000002	0.8999999999998636	trials	48	s048_F200704	coCe_grSu6Ne	17	45.0	3	1919.005	1919.304
1919.305	0.8999999999998636	trials	48	s048_F200704	coCe_grSu6Ne	17	315.0	3	1919.605	1919.904
1919.905	0.8999999999998636	trials	48	s048_F200704	grCe_grSu6Ne_PS	18	45.0	3	1920.205	1920.504
1920.538	0.8999999999998636	trials	48	s048_F200704	grCe_grSu6CiNe_PS	19	270.0	3	1920.838	1921.138
1921.172	0.8999999999998636	trials	48	s048_F200704	grCe_grSu12Mi	9	135.0	3	1921.472	1921.771
1927.2640000000001	0.8999999999998636	trials	48	s048_F200704	grCe_grSu18Fa	11	45.0	3	1927.564	1927.864
1928.464	0.8999999999998636	trials	48	s048_F200704	grCe_grSu6Ne_PS	18	270.0	3	1928.764	1929.064
1929.073	0.8999999999998636	trials	48	s048_F200704	grSu18Fa	10		3	1929.373	1929.672
1929.681	0.8999999999998636	trials	48	s048_F200704	grCe_grSu6Ne_PS	18	90.0	3	1929.981	1930.281
1935.799	0.8999999999998636	trials	48	s048_F200704	grCe_grSu12Mi	9	270.0	3	1936.099	1936.398
1936.415	0.8999999999998636	trials	48	s048_F200704	grCe_grSu3Ne	5	180.0	3	1936.715	1937.015
1937.015	0.8999999999998636	trials	48	s048_F200704	coCe_grSu6Ne	17	0.0	3	1937.315	1937.615
1937.64	0.8999999999998636	trials	48	s048_F200704	grCe_grSu6Ne	7	45.0	3	1937.94	1938.24
1947.867	0.8999999999998636	trials	48	s048_F200704	grCe_grSu18Fa	11	0.0	3	1948.167	1948.466
1948.467	0.8999999999998636	trials	48	s048_F200704	grCe	1	0.0	3	1948.767	1949.066
1949.067	0.8999999999998636	trials	48	s048_F200704	coCe_grSu6Ne	17	90.0	3	1949.367	1949.667
1949.6670000000001	0.8999999999998636	trials	48	s048_F200704	grCe_grSu6Ne	7	135.0	3	1949.967	1950.267
1950.3	0.8999999999998636	trials	48	s048_F200704	grCe_grSu6CiNe_PS	19	90.0	3	1950.6	1950.9
1964.411	0.8999999999998636	trials	48	s048_F200704	grCe_grSu6CiNe_PS	19	0.0	3	1964.711	1965.01
1965.011	0.8999999999998636	trials	48	s048_F200704	grCe_grSu3Ne	5	135.0	3	1965.311	1965.61
1970.02	0.8999999999998636	trials	48	s048_F200704	grCe_grSu12SmCiNe	13	45.0	3	1970.32	1970.619
1970.653	0.8999999999998636	trials	48	s048_F200704	grCe_grSu6CiNe	15	180.0	3	1970.953	1971.253
1971.286	0.8999999999998636	trials	48	s048_F200704	grCe_grSu12Mi	9	0.0	3	1971.586	1971.886
1971.912	0.8999999999998636	trials	48	s048_F200704	grSu12SmCiNe	12		3	1972.212	1972.511
1978.121	0.8999999999998636	trials	48	s048_F200704	coCe	16	135.0	3	1978.421	1978.72
1978.721	0.8999999999998636	trials	48	s048_F200704	grCe_grSu12SmCiNe	13	225.0	3	1979.021	1979.32
1979.329	0.8999999999998636	trials	48	s048_F200704	grCe_grSu18Fa	11	135.0	3	1979.629	1979.929
1979.954	0.8999999999998636	trials	48	s048_F200704	grCe_grSu6CiNe	15	270.0	3	1980.254	1980.554
1980.5710000000001	0.8999999999998636	trials	48	s048_F200704	coCe	16	270.0	3	1980.871	1981.171
1986.772	0.8999999999998636	trials	48	s048_F200704	grSu6Ne	6		3	1987.072	1987.371
1987.372	0.8999999999998636	trials	48	s048_F200704	grCe_grSu12SmCiNe_PS	21	270.0	3	1987.672	1987.972
1987.98	0.8999999999998636	trials	48	s048_F200704	grCe_grSu18Fa	11	225.0	3	1988.28	1988.58
1988.5800000000002	0.8999999999998636	trials	48	s048_F200704	grCe_grSu6CiNe	15	135.0	3	1988.88	1989.18
2014.309	0.8999999999998636	trials	48	s048_F200704	grCe_grSu1Ne	3	90.0	3	2014.609	2014.908
2015.509	0.8999999999998636	trials	48	s048_F200704	grCe_grSu12SmCiNe	13	270.0	3	2015.809	2016.108
2016.1090000000002	0.8999999999998636	trials	48	s048_F200704	grCe	1	225.0	3	2016.409	2016.709
2023.2350000000001	0.8999999999998636	trials	48	s048_F200704	coCe_grSu6Ne	17	135.0	3	2023.535	2023.834
2023.877	0.8999999999998636	trials	48	s048_F200704	grCe_grSu6CiNe_PS	19	45.0	3	2024.177	2024.476
2024.477	0.8999999999998636	trials	48	s048_F200704	grCe_grSu6Ne_PS	18	225.0	3	2024.777	2025.076
2025.077	0.8999999999998636	trials	48	s048_F200704	grCe_grSu3Ne	5	225.0	3	2025.377	2025.676
2044.146	0.8999999999998636	trials	48	s048_F200704	grCe_grSu18Fa	11	180.0	3	2044.446	2044.746
2044.7630000000001	0.8999999999998636	trials	48	s048_F200704	grCe_grSu12Mi	9	225.0	3	2045.063	2045.362
2052.7549999999997	0.900000000000091	trials	48	s048_F200704	grCe_grSu6Ne	7	225.0	3	2053.055	2053.355
2053.372	0.900000000000091	trials	48	s048_F200704	grCe_grSu6CiNe_PS	19	315.0	3	2053.672	2053.972
2053.989	0.900000000000091	trials	48	s048_F200704	grCe_grSu1Ne	3	315.0	3	2054.289	2054.588
2054.622	0.900000000000091	trials	48	s048_F200704	grCe_grSu12SmCiNe	13	0.0	3	2054.922	2055.222
2055.2219999999998	0.900000000000091	trials	48	s048_F200704	grCe_grSu12SmCiNe	13	135.0	3	2055.522	2055.822
2061.415	0.900000000000091	trials	48	s048_F200704	coCe	16	45.0	3	2061.715	2062.014
2062.015	0.900000000000091	trials	48	s048_F200704	coCe_grSu6Ne	17	180.0	3	2062.315	2062.614
2062.615	0.900000000000091	trials	48	s048_F200704	grCe_grSu12SmCiNe_PS	21	135.0	3	2062.915	2063.215
2063.223	0.900000000000091	trials	48	s048_F200704	grCe_grSu18Fa	11	315.0	3	2063.523	2063.823
2063.832	0.900000000000091	trials	48	s048_F200704	grCe_grSu6CiNe_PS	19	225.0	3	2064.132	2064.431
2071.124	0.900000000000091	trials	48	s048_F200704	grCe_grSu12Mi	9	180.0	3	2071.424	2071.724
2071.7239999999997	0.900000000000091	trials	48	s048_F200704	grCe	1	45.0	3	2072.024	2072.324
2072.3329999999996	0.900000000000091	trials	48	s048_F200704	grCe_grSu12Mi	9	45.0	3	2072.633	2072.932
2073.558	0.900000000000091	trials	48	s048_F200704	grCe_grSu1Ne	3	45.0	4	2073.858	2074.158
2080.667	0.900000000000091	trials	48	s048_F200704	grCe_grSu6Ne_PS	18	45.0	4	2080.967	2081.267
2081.3089999999997	0.900000000000091	trials	48	s048_F200704	grCe_grSu12SmCiNe_PS	21	0.0	4	2081.609	2081.909
2081.9089999999997	0.900000000000091	trials	48	s048_F200704	grCe_grSu3Ne	5	225.0	4	2082.209	2082.509
2082.517	0.900000000000091	trials	48	s048_F200704	grCe_grSu6CiNe	15	0.0	4	2082.817	2083.117
2093.6769999999997	0.900000000000091	trials	48	s048_F200704	grCe	1	315.0	4	2093.977	2094.277
2094.294	0.900000000000091	trials	48	s048_F200704	coCe	16	180.0	4	2094.594	2094.894
2094.9359999999997	0.900000000000091	trials	48	s048_F200704	coCe_grSu6Ne	17	180.0	4	2095.236	2095.535
2096.153	0.900000000000091	trials	48	s048_F200704	coCe	16	45.0	4	2096.453	2096.752
2107.154	0.900000000000091	trials	48	s048_F200704	grCe_grSu6CiNe	15	270.0	4	2107.454	2107.754
2108.404	0.900000000000091	trials	48	s048_F200704	grCe_grSu18Fa	11	135.0	4	2108.704	2109.004
2118.2549999999997	0.900000000000091	trials	48	s048_F200704	grCe_grSu6Ne	7	135.0	4	2118.555	2118.855
2118.864	0.900000000000091	trials	48	s048_F200704	grCe_grSu18Fa	11	180.0	4	2119.164	2119.463
2119.4719999999998	0.900000000000091	trials	48	s048_F200704	grCe_grSu12Mi	9	90.0	4	2119.772	2120.072
2120.0809999999997	0.900000000000091	trials	48	s048_F200704	grCe_grSu12Mi	9	45.0	4	2120.381	2120.68
2128.04	0.900000000000091	trials	48	s048_F200704	grCe_grSu12SmCiNe_PS	21	90.0	4	2128.34	2128.64
2129.89	0.900000000000091	trials	48	s048_F200704	grCe_grSu18Fa	11	0.0	4	2130.19	2130.49
2130.49	0.900000000000091	trials	48	s048_F200704	coCe	16	135.0	4	2130.79	2131.09
2137.375	0.900000000000091	trials	48	s048_F200704	grCe_grSu12Mi	9	315.0	4	2137.675	2137.974
2137.975	0.900000000000091	trials	48	s048_F200704	grCe_grSu3Ne	5	315.0	4	2138.275	2138.574
2160.928	0.900000000000091	trials	48	s048_F200704	coCe	16	0.0	4	2161.228	2161.527
2166.02	0.900000000000091	trials	48	s048_F200704	grCe_grSu6Ne_PS	18	225.0	4	2166.32	2166.62
2167.312	0.900000000000091	trials	48	s048_F200704	coCe	16	270.0	4	2167.612	2167.911
2167.912	0.900000000000091	trials	48	s048_F200704	grCe_grSu6CiNe_PS	19	225.0	4	2168.212	2168.512
2168.529	0.900000000000091	trials	48	s048_F200704	grCe_grSu6Ne	7	45.0	4	2168.829	2169.128
2174.654	0.900000000000091	trials	48	s048_F200704	grCe_grSu3Ne	5	180.0	4	2174.954	2175.254
2175.855	0.900000000000091	trials	48	s048_F200704	grCe_grSu12SmCiNe_PS	21	45.0	4	2176.155	2176.454
2176.455	0.900000000000091	trials	48	s048_F200704	grCe_grSu6CiNe_PS	19	135.0	4	2176.755	2177.054
2177.0879999999997	0.900000000000091	trials	48	s048_F200704	grCe_grSu12Mi	9	180.0	4	2177.388	2177.688
2184.489	0.900000000000091	trials	48	s048_F200704	grCe_grSu12SmCiNe	13	90.0	4	2184.789	2185.089
2185.089	0.900000000000091	trials	48	s048_F200704	grCe_grSu1Ne	3	225.0	4	2185.389	2185.689
2185.7059999999997	0.900000000000091	trials	48	s048_F200704	grCe_grSu6CiNe_PS	19	180.0	4	2186.006	2186.305
2186.348	0.900000000000091	trials	48	s048_F200704	grCe_grSu12SmCiNe	13	315.0	4	2186.648	2186.947
2186.948	0.900000000000091	trials	48	s048_F200704	coCe_grSu6Ne	17	315.0	4	2187.248	2187.547
2236.5789999999997	0.900000000000091	trials	48	s048_F200704	grCe_grSu6CiNe	15	135.0	4	2236.879	2237.179
2237.779	0.900000000000091	trials	48	s048_F200704	grCe_grSu6CiNe_PS	19	45.0	4	2238.079	2238.379
2238.404	0.900000000000091	trials	48	s048_F200704	coCe_grSu6Ne	17	225.0	4	2238.704	2239.004
2239.004	0.900000000000091	trials	48	s048_F200704	grCe	1	0.0	4	2239.304	2239.604
2264.0829999999996	0.900000000000091	trials	48	s048_F200704	grCe	1	270.0	4	2264.383	2264.682
2264.683	0.900000000000091	trials	48	s048_F200704	grCe	1	135.0	4	2264.983	2265.282
2265.316	0.900000000000091	trials	48	s048_F200704	grCe_grSu6Ne	7	0.0	4	2265.616	2265.916
2265.941	0.900000000000091	trials	48	s048_F200704	grCe_grSu6CiNe	15	225.0	4	2266.241	2266.541
2266.5499999999997	0.900000000000091	trials	48	s048_F200704	grCe_grSu12Mi	9	0.0	4	2266.85	2267.149
2289.553	0.900000000000091	trials	48	s048_F200704	grCe_grSu6Ne_PS	18	135.0	4	2289.853	2290.152
2290.1859999999997	0.900000000000091	trials	48	s048_F200704	grCe	1	45.0	4	2290.486	2290.786
2290.794	0.900000000000091	trials	48	s048_F200704	grCe_grSu12Mi	9	225.0	4	2291.094	2291.394
2291.403	0.900000000000091	trials	48	s048_F200704	grCe_grSu6Ne	7	270.0	4	2291.703	2292.002
2292.011	0.900000000000091	trials	48	s048_F200704	grCe_grSu6CiNe_PS	19	270.0	4	2292.311	2292.611
2298.604	0.900000000000091	trials	48	s048_F200704	grCe_grSu6CiNe	15	45.0	4	2298.904	2299.203
2299.2039999999997	0.900000000000091	trials	48	s048_F200704	grCe_grSu6Ne	7	315.0	4	2299.504	2299.803
2299.837	0.900000000000091	trials	48	s048_F200704	grCe	1	90.0	4	2300.137	2300.437
2300.437	0.900000000000091	trials	48	s048_F200704	grCe_grSu6Ne_PS	18	315.0	4	2300.737	2301.037
2301.037	0.900000000000091	trials	48	s048_F200704	grCe_grSu3Ne	5	135.0	4	2301.337	2301.637
2307.605	0.900000000000091	trials	48	s048_F200704	grCe_grSu12SmCiNe	13	180.0	4	2307.905	2308.205
2308.23	0.900000000000091	trials	48	s048_F200704	coSu6Ne	20		4	2308.53	2308.83
2309.455	0.900000000000091	trials	48	s048_F200704	grCe_grSu1Ne	3	315.0	4	2309.755	2310.055
2316.256	0.900000000000091	trials	48	s048_F200704	grCe_grSu12SmCiNe_PS	21	225.0	4	2316.556	2316.856
2317.4979999999996	0.900000000000091	trials	48	s048_F200704	grCe_grSu6CiNe	15	90.0	4	2317.798	2318.098
2318.098	0.900000000000091	trials	48	s048_F200704	NoStim	0		4	2318.398	2318.698
2318.7059999999997	0.900000000000091	trials	48	s048_F200704	grCe_grSu18Fa	11	270.0	4	2319.006	2319.306
2324.899	0.900000000000091	trials	48	s048_F200704	grCe_grSu3Ne	5	270.0	4	2325.199	2325.498
2325.499	0.900000000000091	trials	48	s048_F200704	grCe_grSu12SmCiNe_PS	21	315.0	4	2325.799	2326.099
2326.0989999999997	0.900000000000091	trials	48	s048_F200704	grCe	1	180.0	4	2326.399	2326.699
2326.7239999999997	0.900000000000091	trials	48	s048_F200704	grCe_grSu6CiNe_PS	19	0.0	4	2327.024	2327.324
2327.332	0.900000000000091	trials	48	s048_F200704	grCe_grSu6Ne	7	225.0	4	2327.632	2327.932
2334.2169999999996	0.900000000000091	trials	48	s048_F200704	coCe_grSu6Ne	17	0.0	4	2334.517	2334.816
2335.4669999999996	0.900000000000091	trials	48	s048_F200704	grCe_grSu12SmCiNe	13	225.0	4	2335.767	2336.066
2336.067	0.900000000000091	trials	48	s048_F200704	grCe_grSu6Ne	7	90.0	4	2336.367	2336.667
2346.877	0.900000000000091	trials	48	s048_F200704	coCe	16	225.0	4	2347.177	2347.476
2347.502	0.900000000000091	trials	48	s048_F200704	coCe_grSu6Ne	17	45.0	4	2347.802	2348.101
2348.102	0.900000000000091	trials	48	s048_F200704	grCe_grSu12SmCiNe	13	45.0	4	2348.402	2348.701
2348.71	0.900000000000091	trials	48	s048_F200704	grCe_grSu18Fa	11	315.0	4	2349.01	2349.31
2365.546	0.900000000000091	trials	48	s048_F200704	grCe_grSu1Ne	3	270.0	4	2365.846	2366.145
2366.1459999999997	0.900000000000091	trials	48	s048_F200704	grSu3Ne	4		4	2366.446	2366.745
2366.863	0.900000000000091	trials	48	s048_F200704	grCe_grSu12Mi	9	135.0	4	2367.163	2367.462
2367.4959999999996	0.900000000000091	trials	48	s048_F200704	grCe_grSu3Ne	5	45.0	4	2367.796	2368.096
2373.922	0.900000000000091	trials	48	s048_F200704	grSu18Fa	10		4	2374.222	2374.521
2374.522	0.900000000000091	trials	48	s048_F200704	grCe_grSu12SmCiNe	13	135.0	4	2374.822	2375.122
2375.1549999999997	0.900000000000091	trials	48	s048_F200704	grCe_grSu1Ne	3	0.0	4	2375.455	2375.755
2375.7549999999997	0.900000000000091	trials	48	s048_F200704	grCe_grSu12SmCiNe	13	270.0	4	2376.055	2376.355
2376.355	0.900000000000091	trials	48	s048_F200704	grCe_grSu3Ne	5	90.0	4	2376.655	2376.955
2382.631	0.900000000000091	trials	48	s048_F200704	grCe_grSu6Ne_PS	18	0.0	4	2382.931	2383.231
2383.2479999999996	0.900000000000091	trials	48	s048_F200704	grCe_grSu1Ne	3	135.0	4	2383.548	2383.848
2383.8729999999996	0.900000000000091	trials	48	s048_F200704	coCe_grSu6Ne	17	135.0	4	2384.173	2384.473
2384.515	0.900000000000091	trials	48	s048_F200704	grCe_grSu6CiNe	15	180.0	4	2384.815	2385.114
2385.115	0.900000000000091	trials	48	s048_F200704	grSu1Ne	2		4	2385.415	2385.715
2391.5319999999997	0.900000000000091	trials	48	s048_F200704	coCe	16	315.0	4	2391.832	2392.132
2397.0499999999997	0.900000000000091	trials	48	s048_F200704	grSu6Ne	6		4	2397.35	2397.649
2397.6499999999996	0.900000000000091	trials	48	s048_F200704	grCe_grSu6Ne_PS	18	180.0	4	2397.95	2398.25
2398.258	0.900000000000091	trials	48	s048_F200704	grCe_grSu12Mi	9	270.0	4	2398.558	2398.858
2398.8579999999997	0.900000000000091	trials	48	s048_F200704	grCe_grSu1Ne	3	180.0	4	2399.158	2399.458
2405.2509999999997	0.900000000000091	trials	48	s048_F200704	coCe	16	90.0	4	2405.551	2405.851
2445.365	0.900000000000091	trials	48	s048_F200704	grCe	1	225.0	4	2445.665	2445.965
2446.591	0.900000000000091	trials	48	s048_F200704	coCe_grSu6Ne	17	270.0	4	2446.891	2447.19
2447.1989999999996	0.900000000000091	trials	48	s048_F200704	grSu12Mi	8		4	2447.499	2447.799
2447.807	0.900000000000091	trials	48	s048_F200704	grCe_grSu18Fa	11	90.0	4	2448.107	2448.407
2462.084	0.900000000000091	trials	48	s048_F200704	grCe_grSu6Ne	7	180.0	4	2462.384	2462.684
2466.426	0.900000000000091	trials	48	s048_F200704	grCe_grSu12SmCiNe_PS	21	270.0	4	2466.726	2467.026
2467.026	0.900000000000091	trials	48	s048_F200704	grCe_grSu6CiNe	15	315.0	4	2467.326	2467.626
2467.627	0.900000000000091	trials	48	s048_F200704	grSu12SmCiNe	12		4	2467.927	2468.226
2468.2349999999997	0.900000000000091	trials	48	s048_F200704	grSu6CiNe	14		4	2468.535	2468.835
2468.868	0.900000000000091	trials	48	s048_F200704	grCe_grSu3Ne	5	0.0	4	2469.168	2469.468
2475.044	0.900000000000091	trials	48	s048_F200704	grCe_grSu12SmCiNe_PS	21	180.0	4	2475.344	2475.644
2475.644	0.900000000000091	trials	48	s048_F200704	grCe_grSu6Ne_PS	18	270.0	4	2475.944	2476.244
2476.294	0.900000000000091	trials	48	s048_F200704	grCe_grSu18Fa	11	45.0	4	2476.594	2476.894
2476.903	0.900000000000091	trials	48	s048_F200704	grCe_grSu18Fa	11	225.0	4	2477.203	2477.502
2502.673	0.900000000000091	trials	48	s048_F200704	grCe_grSu12SmCiNe	13	0.0	4	2502.973	2503.272
2504.515	0.900000000000091	trials	48	s048_F200704	grCe_grSu6CiNe_PS	19	315.0	4	2504.815	2505.114
2505.115	0.900000000000091	trials	48	s048_F200704	grCe_grSu1Ne	3	90.0	4	2505.415	2505.714
2512.816	0.900000000000091	trials	48	s048_F200704	grCe_grSu6CiNe_PS	19	90.0	4	2513.116	2513.415
2513.432	0.900000000000091	trials	48	s048_F200704	grCe_grSu12SmCiNe_PS	21	135.0	4	2513.732	2514.032
2514.033	0.900000000000091	trials	48	s048_F200704	coCe_grSu6Ne	17	90.0	4	2514.333	2514.632
2518.058	0.900000000000091	trials	48	s048_F200704	grCe_grSu6Ne_PS	18	90.0	4	2518.358	2518.658
2518.658	0.900000000000091	trials	48	s048_F200704	grCe	1	45.0	8	2518.958	2519.258
2519.258	0.900000000000091	trials	48	s048_F200704	grCe_grSu6CiNe	15	90.0	8	2519.558	2519.858
2519.8579999999997	0.900000000000091	trials	48	s048_F200704	coCe_grSu6Ne	17	180.0	8	2520.158	2520.458
2536.3019999999997	0.900000000000091	trials	48	s048_F200704	grSu1Ne	2		8	2536.602	2536.902
2537.5359999999996	0.900000000000091	trials	48	s048_F200704	coCe_grSu6Ne	17	225.0	8	2537.836	2538.135
2538.136	0.900000000000091	trials	48	s048_F200704	grCe_grSu6Ne	7	315.0	8	2538.436	2538.735
2538.736	0.900000000000091	trials	48	s048_F200704	grCe_grSu3Ne	5	0.0	8	2539.036	2539.335
2545.8869999999997	0.900000000000091	trials	48	s048_F200704	grCe_grSu12Mi	9	225.0	8	2546.187	2546.486
2550.037	0.900000000000091	trials	48	s048_F200704	grCe_grSu6CiNe	15	180.0	8	2550.337	2550.637
2550.6459999999997	0.900000000000091	trials	48	s048_F200704	grCe_grSu12SmCiNe	13	0.0	8	2550.946	2551.245
2551.254	0.900000000000091	trials	48	s048_F200704	grCe_grSu6Ne_PS	18	270.0	8	2551.554	2551.854
2551.854	0.900000000000091	trials	48	s048_F200704	coCe_grSu6Ne	17	45.0	8	2552.154	2552.454
2552.4539999999997	0.900000000000091	trials	48	s048_F200704	grCe_grSu6Ne_PS	18	45.0	8	2552.754	2553.054
2578.1989999999996	0.900000000000091	trials	48	s048_F200704	grCe	1	315.0	8	2578.499	2578.799
2583.9829999999997	0.900000000000091	trials	48	s048_F200704	grCe_grSu12SmCiNe	13	270.0	8	2584.283	2584.583
2584.6169999999997	0.900000000000091	trials	48	s048_F200704	grCe_grSu12SmCiNe	13	315.0	8	2584.917	2585.216
2585.825	0.900000000000091	trials	48	s048_F200704	grSu12Mi	8		8	2586.125	2586.425
2593.618	0.900000000000091	trials	48	s048_F200704	grCe_grSu12Mi	9	135.0	8	2593.918	2594.217
2594.218	0.900000000000091	trials	48	s048_F200704	grCe_grSu12SmCiNe	13	45.0	8	2594.518	2594.818
2594.8179999999998	0.900000000000091	trials	48	s048_F200704	grCe_grSu3Ne	5	45.0	8	2595.118	2595.418
2595.426	0.900000000000091	trials	48	s048_F200704	grCe_grSu18Fa	11	225.0	8	2595.726	2596.026
2596.026	0.900000000000091	trials	48	s048_F200704	grCe_grSu3Ne	5	270.0	8	2596.326	2596.626
2606.711	0.900000000000091	trials	48	s048_F200704	grCe_grSu12SmCiNe_PS	21	225.0	8	2607.011	2607.311
2607.3199999999997	0.900000000000091	trials	48	s048_F200704	grCe_grSu1Ne	3	225.0	8	2607.62	2607.919
2607.9359999999997	0.900000000000091	trials	48	s048_F200704	grCe_grSu6CiNe	15	315.0	8	2608.236	2608.536
2608.5449999999996	0.900000000000091	trials	48	s048_F200704	grCe_grSu1Ne	3	45.0	8	2608.845	2609.144
2624.0879999999997	0.900000000000091	trials	48	s048_F200704	grCe_grSu12SmCiNe_PS	21	180.0	8	2624.388	2624.688
2624.689	0.900000000000091	trials	48	s048_F200704	coCe_grSu6Ne	17	90.0	8	2624.989	2625.288
2625.2889999999998	0.900000000000091	trials	48	s048_F200704	coCe	16	45.0	8	2625.589	2625.888
2625.9139999999998	0.900000000000091	trials	48	s048_F200704	grCe_grSu18Fa	11	270.0	8	2626.214	2626.513
2629.8729999999996	0.900000000000091	trials	48	s048_F200704	grCe_grSu6Ne_PS	18	315.0	8	2630.173	2630.472
2630.473	0.900000000000091	trials	48	s048_F200704	grCe_grSu12SmCiNe_PS	21	270.0	8	2630.773	2631.072
2631.114	0.900000000000091	trials	48	s048_F200704	grSu6CiNe	14		8	2631.414	2631.714
2631.723	0.900000000000091	trials	48	s048_F200704	grSu18Fa	10		8	2632.023	2632.322
2635.432	0.900000000000091	trials	48	s048_F200704	grCe_grSu12Mi	9	270.0	8	2635.732	2636.031
2636.0319999999997	0.900000000000091	trials	48	s048_F200704	grCe	1	225.0	8	2636.332	2636.631
2637.265	0.900000000000091	trials	48	s048_F200704	grCe_grSu12SmCiNe_PS	21	135.0	8	2637.565	2637.865
2637.865	0.900000000000091	trials	48	s048_F200704	grCe_grSu12SmCiNe	13	180.0	8	2638.165	2638.465
2681.337	0.900000000000091	trials	48	s048_F200704	grCe_grSu18Fa	11	45.0	8	2681.637	2681.937
2681.971	0.900000000000091	trials	48	s048_F200704	grCe_grSu12SmCiNe_PS	21	45.0	8	2682.271	2682.571
2682.571	0.900000000000091	trials	48	s048_F200704	grCe_grSu6Ne_PS	18	180.0	8	2682.871	2683.171
2683.171	0.900000000000091	trials	48	s048_F200704	NoStim	0		8	2683.471	2683.771
2683.7709999999997	0.900000000000091	trials	48	s048_F200704	grCe_grSu6CiNe	15	225.0	8	2684.071	2684.371
2689.9469999999997	0.900000000000091	trials	48	s048_F200704	grCe_grSu3Ne	5	180.0	8	2690.247	2690.547
2690.547	0.900000000000091	trials	48	s048_F200704	grCe_grSu1Ne	3	135.0	8	2690.847	2691.147
2691.1549999999997	0.900000000000091	trials	48	s048_F200704	grCe_grSu18Fa	11	90.0	8	2691.455	2691.755
2692.406	0.900000000000091	trials	48	s048_F200704	grCe_grSu18Fa	11	135.0	8	2692.706	2693.005
2699.8149999999996	0.900000000000091	trials	48	s048_F200704	coCe_grSu6Ne	17	135.0	8	2700.115	2700.415
2700.415	0.900000000000091	trials	48	s048_F200704	grCe	1	270.0	8	2700.715	2701.015
2701.015	0.900000000000091	trials	48	s048_F200704	grCe_grSu12SmCiNe	13	135.0	8	2701.315	2701.615
2701.6319999999996	0.900000000000091	trials	48	s048_F200704	coCe	16	315.0	8	2701.932	2702.231
2702.274	0.900000000000091	trials	48	s048_F200704	grCe_grSu6CiNe	15	270.0	8	2702.574	2702.873
2751.1299999999997	0.900000000000091	trials	48	s048_F200704	grCe_grSu6CiNe	15	45.0	8	2751.43	2751.73
2752.33	0.900000000000091	trials	48	s048_F200704	grCe_grSu3Ne	5	225.0	8	2752.63	2752.93
2752.9379999999996	0.900000000000091	trials	48	s048_F200704	grCe_grSu18Fa	11	315.0	8	2753.238	2753.538
2753.538	0.900000000000091	trials	48	s048_F200704	grCe_grSu12SmCiNe	13	225.0	8	2753.838	2754.138
2760.064	0.900000000000091	trials	48	s048_F200704	grCe_grSu6Ne	7	135.0	8	2760.364	2760.664
2761.2639999999997	0.900000000000091	trials	48	s048_F200704	grSu12SmCiNe	12		8	2761.564	2761.864
2761.865	0.900000000000091	trials	48	s048_F200704	grCe_grSu6CiNe_PS	19	135.0	8	2762.165	2762.464
2762.4649999999997	0.900000000000091	trials	48	s048_F200704	grCe	1	90.0	8	2762.765	2763.064
2790.8269999999998	0.900000000000091	trials	48	s048_F200704	grCe	1	180.0	8	2791.127	2791.426
2791.4429999999998	0.900000000000091	trials	48	s048_F200704	grCe_grSu6Ne_PS	18	90.0	8	2791.743	2792.043
2792.0429999999997	0.900000000000091	trials	48	s048_F200704	grCe	1	0.0	8	2792.343	2792.643
2792.669	0.900000000000091	trials	48	s048_F200704	grCe_grSu6Ne_PS	18	225.0	8	2792.969	2793.268
2793.285	0.900000000000091	trials	48	s048_F200704	grCe_grSu18Fa	11	180.0	8	2793.585	2793.885
2800.111	0.900000000000091	trials	48	s048_F200704	grCe_grSu12SmCiNe_PS	21	315.0	8	2800.411	2800.711
2801.345	0.900000000000091	trials	48	s048_F200704	coCe	16	90.0	8	2801.645	2801.944
2802.578	0.900000000000091	trials	48	s048_F200704	grCe_grSu12SmCiNe_PS	21	0.0	8	2802.878	2803.178
2809.321	0.900000000000091	trials	48	s048_F200704	grCe_grSu6CiNe_PS	19	315.0	8	2809.621	2809.92
2809.937	0.900000000000091	trials	48	s048_F200704	grCe_grSu6Ne	7	0.0	8	2810.237	2810.537
2811.138	0.900000000000091	trials	48	s048_F200704	grCe_grSu12SmCiNe_PS	21	90.0	8	2811.438	2811.737
2811.738	0.900000000000091	trials	48	s048_F200704	grCe_grSu6CiNe	15	0.0	8	2812.038	2812.337
2818.614	0.900000000000091	trials	48	s048_F200704	grCe_grSu12Mi	9	180.0	8	2818.914	2819.222
2819.23	0.900000000000091	trials	48	s048_F200704	coCe_grSu6Ne	17	315.0	8	2819.53	2819.83
2822.997	0.900000000000091	trials	48	s048_F200704	grCe_grSu1Ne	3	315.0	8	2823.297	2823.597
2828.223	0.900000000000091	trials	48	s048_F200704	coSu6Ne	20		8	2828.523	2828.823
2828.865	0.900000000000091	trials	48	s048_F200704	grCe_grSu6CiNe_PS	19	90.0	8	2829.165	2829.465
2829.4649999999997	0.900000000000091	trials	48	s048_F200704	coCe_grSu6Ne	17	270.0	8	2829.765	2830.065
2842.558	0.900000000000091	trials	48	s048_F200704	grCe_grSu12Mi	9	90.0	8	2842.858	2843.158
2843.158	0.900000000000091	trials	48	s048_F200704	grCe_grSu12SmCiNe	13	90.0	8	2843.458	2843.758
2843.7999999999997	0.900000000000091	trials	48	s048_F200704	coCe	16	135.0	8	2844.1	2844.4
2844.45	0.900000000000091	trials	48	s048_F200704	grCe_grSu18Fa	11	0.0	8	2844.75	2845.05
2852.4849999999997	0.900000000000091	trials	48	s048_F200704	grCe_grSu6Ne_PS	18	0.0	8	2852.785	2853.084
2853.118	0.900000000000091	trials	48	s048_F200704	grCe_grSu3Ne	5	315.0	8	2853.418	2853.718
2860.9519999999998	0.900000000000091	trials	48	s048_F200704	grCe_grSu3Ne	5	135.0	8	2861.252	2861.552
2861.5519999999997	0.900000000000091	trials	48	s048_F200704	grCe_grSu6CiNe_PS	19	225.0	8	2861.852	2862.152
2862.194	0.900000000000091	trials	48	s048_F200704	grCe_grSu1Ne	3	270.0	8	2862.494	2862.794
2862.794	0.900000000000091	trials	48	s048_F200704	grSu3Ne	4		8	2863.094	2863.394
2918.0429999999997	0.900000000000091	trials	48	s048_F200704	coCe	16	0.0	8	2918.343	2918.643
2918.651	0.900000000000091	trials	48	s048_F200704	grCe_grSu6Ne	7	225.0	8	2918.951	2919.251
2919.252	0.900000000000091	trials	48	s048_F200704	coCe	16	270.0	8	2919.552	2919.851
2920.035	0.900000000000091	trials	48	s048_F200704	grCe_grSu12Mi	9	315.0	8	2920.335	2920.635
2931.37	0.900000000000091	trials	48	s048_F200704	grCe_grSu6Ne	7	180.0	8	2931.67	2931.969
2932.595	0.900000000000091	trials	48	s048_F200704	grCe_grSu6CiNe	15	135.0	8	2932.895	2933.195
2933.2279999999996	0.900000000000091	trials	48	s048_F200704	grCe_grSu6CiNe_PS	19	0.0	8	2933.528	2933.828
2933.828	0.900000000000091	trials	48	s048_F200704	grCe_grSu1Ne	3	90.0	8	2934.128	2934.428
2941.3129999999996	0.900000000000091	trials	48	s048_F200704	grCe_grSu12Mi	9	0.0	8	2941.613	2941.912
2941.913	0.900000000000091	trials	48	s048_F200704	coCe	16	180.0	8	2942.213	2942.513
2942.5209999999997	0.900000000000091	trials	48	s048_F200704	grCe_grSu12Mi	9	45.0	8	2942.821	2943.121
2943.1209999999996	0.900000000000091	trials	48	s048_F200704	grCe_grSu6Ne	7	90.0	8	2943.421	2943.721
2943.721	0.900000000000091	trials	48	s048_F200704	grCe_grSu1Ne	3	0.0	8	2944.021	2944.321
2954.5229999999997	0.900000000000091	trials	48	s048_F200704	grCe_grSu1Ne	3	180.0	8	2954.823	2955.122
2969.241	0.900000000000091	trials	48	s048_F200704	grCe	1	135.0	8	2969.541	2969.841
2971.1079999999997	0.900000000000091	trials	48	s048_F200704	grCe_grSu6CiNe_PS	19	270.0	8	2971.408	2971.708
2971.7079999999996	0.900000000000091	trials	48	s048_F200704	grCe_grSu6Ne	7	270.0	8	2972.008	2972.308
2978.5429999999997	0.900000000000091	trials	48	s048_F200704	grCe_grSu6Ne	7	45.0	8	2978.843	2979.142
2979.743	0.900000000000091	trials	48	s048_F200704	grCe_grSu6Ne_PS	18	135.0	8	2980.043	2980.342
2980.9429999999998	0.900000000000091	trials	48	s048_F200704	coCe_grSu6Ne	17	0.0	8	2981.243	2981.543
2988.544	0.900000000000091	trials	48	s048_F200704	grCe_grSu6CiNe_PS	19	45.0	8	2988.844	2989.144
2989.144	0.900000000000091	trials	48	s048_F200704	grSu6Ne	6		8	2989.444	2989.744
2989.7859999999996	0.900000000000091	trials	48	s048_F200704	grCe_grSu3Ne	5	90.0	8	2990.086	2990.385
2990.386	0.900000000000091	trials	48	s048_F200704	grCe_grSu6CiNe_PS	19	180.0	8	2990.686	2990.985
2997.9199999999996	0.900000000000091	trials	48	s048_F200704	coCe	16	225.0	8	2998.22	2998.52
3002.346	0.900000000000091	trials	48	s048_F200704	grCe	1	315.0	5	3002.646	3002.945
3002.946	0.900000000000091	trials	48	s048_F200704	grCe_grSu3Ne	5	270.0	5	3003.246	3003.545
3004.1459999999997	0.900000000000091	trials	48	s048_F200704	grCe_grSu12SmCiNe_PS	21	90.0	5	3004.446	3004.746
3004.7459999999996	0.900000000000091	trials	48	s048_F200704	grCe_grSu1Ne	3	270.0	5	3005.046	3005.346
3011.797	0.900000000000091	trials	48	s048_F200704	coCe_grSu6Ne	17	135.0	5	3012.097	3012.397
3012.397	0.900000000000091	trials	48	s048_F200704	grCe_grSu12SmCiNe_PS	21	180.0	5	3012.697	3012.997
3013.022	0.900000000000091	trials	48	s048_F200704	grSu12SmCiNe	12		5	3013.322	3013.622
3013.622	0.900000000000091	trials	48	s048_F200704	grCe_grSu12SmCiNe_PS	21	270.0	5	3013.922	3014.222
3014.2219999999998	0.900000000000091	trials	48	s048_F200704	grCe_grSu6Ne_PS	18	270.0	5	3014.522	3014.822
3022.64	0.900000000000091	trials	48	s048_F200704	grCe_grSu12Mi	9	225.0	5	3022.94	3023.24
3023.2569999999996	0.900000000000091	trials	48	s048_F200704	coCe	16	0.0	5	3023.557	3023.856
3023.857	0.900000000000091	trials	48	s048_F200704	grCe_grSu6Ne_PS	18	0.0	5	3024.157	3024.456
3024.5069999999996	0.900000000000091	trials	48	s048_F200704	coCe_grSu6Ne	17	180.0	5	3024.807	3025.106
3025.149	0.900000000000091	trials	48	s048_F200704	grCe_grSu6CiNe	15	180.0	5	3025.449	3025.748
3032.158	0.900000000000091	trials	48	s048_F200704	coCe_grSu6Ne	17	225.0	5	3032.458	3032.757
3032.758	0.900000000000091	trials	48	s048_F200704	grCe_grSu6Ne	7	45.0	5	3033.058	3033.358
3033.383	0.900000000000091	trials	48	s048_F200704	grCe_grSu1Ne	3	180.0	5	3033.683	3033.983
3041.426	0.900000000000091	trials	48	s048_F200704	grCe_grSu6Ne_PS	18	90.0	5	3041.726	3042.025
3042.051	0.900000000000091	trials	48	s048_F200704	grCe_grSu6Ne	7	90.0	5	3042.351	3042.65
3045.701	0.900000000000091	trials	48	s048_F200704	grCe_grSu12SmCiNe_PS	21	0.0	5	3046.001	3046.301
3046.9179999999997	0.900000000000091	trials	48	s048_F200704	grCe_grSu6CiNe	15	45.0	5	3047.218	3047.518
3047.518	0.900000000000091	trials	48	s048_F200704	coCe_grSu6Ne	17	0.0	5	3047.818	3048.118
3065.537	0.900000000000091	trials	48	s048_F200704	grCe_grSu12SmCiNe	13	315.0	5	3065.837	3066.137
3066.7369999999996	0.900000000000091	trials	48	s048_F200704	coCe	16	90.0	5	3067.037	3067.337
3067.346	0.900000000000091	trials	48	s048_F200704	grCe_grSu12SmCiNe	13	225.0	5	3067.646	3067.945
3067.9869999999996	0.900000000000091	trials	48	s048_F200704	grCe_grSu6Ne	7	180.0	5	3068.287	3068.587
3075.3379999999997	0.900000000000091	trials	48	s048_F200704	grCe_grSu18Fa	11	90.0	5	3075.638	3075.938
3075.9379999999996	0.900000000000091	trials	48	s048_F200704	grCe_grSu6Ne	7	135.0	5	3076.238	3076.538
3076.5389999999998	0.900000000000091	trials	48	s048_F200704	grSu1Ne	2		5	3076.839	3077.138
3077.772	0.900000000000091	trials	48	s048_F200704	grCe_grSu6Ne_PS	18	135.0	5	3078.072	3078.372
3084.74	0.900000000000091	trials	48	s048_F200704	grCe_grSu6Ne	7	270.0	5	3085.04	3085.339
3085.348	0.900000000000091	trials	48	s048_F200704	grCe_grSu12Mi	9	135.0	5	3085.648	3085.948
3085.9649999999997	0.900000000000091	trials	48	s048_F200704	grCe_grSu18Fa	11	225.0	5	3086.265	3086.564
3086.582	0.900000000000091	trials	48	s048_F200704	grCe_grSu12Mi	9	45.0	5	3086.882	3087.181
3094.107	0.900000000000091	trials	48	s048_F200704	grCe_grSu6CiNe_PS	19	180.0	5	3094.407	3094.707
3094.716	0.900000000000091	trials	48	s048_F200704	grCe_grSu18Fa	11	45.0	5	3095.016	3095.316
3095.316	0.900000000000091	trials	48	s048_F200704	grCe_grSu6CiNe_PS	19	135.0	5	3095.616	3095.916
3104.4339999999997	0.900000000000091	trials	48	s048_F200704	grCe	1	270.0	5	3104.734	3105.033
3105.0589999999997	0.900000000000091	trials	48	s048_F200704	grCe_grSu6CiNe	15	225.0	5	3105.359	3105.659
3105.667	0.900000000000091	trials	48	s048_F200704	grCe_grSu12SmCiNe_PS	21	315.0	5	3105.967	3106.267
3106.267	0.900000000000091	trials	48	s048_F200704	grCe_grSu1Ne	3	90.0	5	3106.567	3106.867
3106.8669999999997	0.900000000000091	trials	48	s048_F200704	grCe_grSu6Ne	7	0.0	5	3107.167	3107.467
3113.6929999999998	0.900000000000091	trials	48	s048_F200704	coCe	16	135.0	5	3113.993	3114.293
3114.31	0.900000000000091	trials	48	s048_F200704	grCe_grSu6CiNe_PS	19	45.0	5	3114.61	3114.91
3115.5769999999998	0.900000000000091	trials	48	s048_F200704	grCe_grSu1Ne	3	45.0	5	3115.877	3116.177
3116.1769999999997	0.900000000000091	trials	48	s048_F200704	coCe	16	45.0	5	3116.477	3116.777
3122.986	0.900000000000091	trials	48	s048_F200704	grCe_grSu3Ne	5	45.0	5	3123.286	3123.586
3123.595	0.900000000000091	trials	48	s048_F200704	grCe_grSu18Fa	11	180.0	5	3123.895	3124.194
3124.7949999999996	0.900000000000091	trials	48	s048_F200704	grCe_grSu6Ne	7	225.0	5	3125.095	3125.394
3125.395	0.900000000000091	trials	48	s048_F200704	grCe_grSu12SmCiNe	13	90.0	5	3125.695	3125.995
3132.004	0.900000000000091	trials	48	s048_F200704	coCe	16	315.0	5	3132.304	3132.604
3132.604	0.900000000000091	trials	48	s048_F200704	grCe_grSu6CiNe_PS	19	0.0	5	3132.904	3133.204
3133.2039999999997	0.900000000000091	trials	48	s048_F200704	grCe	1	180.0	5	3133.504	3133.804
3133.8039999999996	0.900000000000091	trials	48	s048_F200704	coCe_grSu6Ne	17	90.0	5	3134.104	3134.404
3141.0389999999998	0.900000000000091	trials	48	s048_F200704	coCe_grSu6Ne	17	315.0	5	3141.339	3141.638
3141.647	0.900000000000091	trials	48	s048_F200704	grSu18Fa	10		5	3141.947	3142.247
3142.272	0.900000000000091	trials	48	s048_F200704	grCe_grSu6CiNe_PS	19	225.0	5	3142.572	3142.872
3142.897	0.900000000000091	trials	48	s048_F200704	grCe_grSu18Fa	11	0.0	5	3143.197	3143.497
3143.497	0.900000000000091	trials	48	s048_F200704	grCe_grSu3Ne	5	315.0	5	3143.797	3144.097
3155.107	0.900000000000091	trials	48	s048_F200704	grCe_grSu12Mi	9	315.0	5	3155.407	3155.707
3156.307	0.900000000000091	trials	48	s048_F200704	coCe_grSu6Ne	17	45.0	5	3156.607	3156.907
3156.9159999999997	0.900000000000091	trials	48	s048_F200704	grCe_grSu12Mi	9	90.0	5	3157.216	3157.515
3157.5159999999996	0.900000000000091	trials	48	s048_F200704	grCe_grSu12SmCiNe	13	0.0	5	3157.816	3158.115
3197.187	0.900000000000091	trials	48	s048_F200704	coSu6Ne	20		5	3197.487	3197.787
3197.796	0.900000000000091	trials	48	s048_F200704	grCe_grSu3Ne	5	135.0	5	3198.096	3198.396
3198.421	0.900000000000091	trials	48	s048_F200704	grCe_grSu12SmCiNe	13	135.0	5	3198.721	3199.021
3199.0209999999997	0.900000000000091	trials	48	s048_F200704	grCe	1	90.0	5	3199.321	3199.621
3199.6209999999996	0.900000000000091	trials	48	s048_F200704	grCe_grSu12SmCiNe	13	180.0	5	3199.921	3200.221
3245.7439999999997	0.900000000000091	trials	48	s048_F200704	grCe_grSu6Ne_PS	18	45.0	5	3246.044	3246.343
3246.3439999999996	0.900000000000091	trials	48	s048_F200704	grCe_grSu12SmCiNe	13	45.0	5	3246.644	3246.944
3246.944	0.900000000000091	trials	48	s048_F200704	coCe	16	225.0	5	3247.244	3247.544
3247.5769999999998	0.900000000000091	trials	48	s048_F200704	grCe_grSu6CiNe	15	90.0	5	3247.877	3248.177
3248.1769999999997	0.900000000000091	trials	48	s048_F200704	grCe_grSu1Ne	3	135.0	5	3248.477	3248.777
3298.959	0.900000000000091	trials	48	s048_F200704	grCe_grSu18Fa	11	315.0	5	3299.259	3299.559
3300.192	0.900000000000091	trials	48	s048_F200704	grCe_grSu12Mi	9	270.0	5	3300.492	3300.792
3300.7929999999997	0.900000000000091	trials	48	s048_F200704	grCe_grSu6Ne_PS	18	315.0	5	3301.093	3301.392
3301.393	0.900000000000091	trials	48	s048_F200704	grCe_grSu3Ne	5	225.0	5	3301.693	3301.992
3351.799	0.900000000000091	trials	48	s048_F200704	grCe_grSu6CiNe	15	270.0	5	3352.099	3352.399
3360.392	0.900000000000091	trials	48	s048_F200704	grCe_grSu12SmCiNe_PS	21	135.0	5	3360.692	3360.992
3361.0339999999997	0.900000000000091	trials	48	s048_F200704	coCe	16	180.0	5	3361.334	3361.633
3362.2749999999996	0.900000000000091	trials	48	s048_F200704	coCe	16	270.0	5	3362.575	3362.875
3362.8759999999997	0.900000000000091	trials	48	s048_F200704	coCe_grSu6Ne	17	270.0	5	3363.176	3363.475
3369.6099999999997	0.900000000000091	trials	48	s048_F200704	grCe_grSu12SmCiNe_PS	21	45.0	5	3369.91	3370.209
3374.044	0.900000000000091	trials	48	s048_F200704	grCe_grSu6CiNe	15	0.0	5	3374.344	3374.643
3374.669	0.900000000000091	trials	48	s048_F200704	grCe_grSu6CiNe_PS	19	270.0	5	3374.969	3375.268
3383.345	0.900000000000091	trials	48	s048_F200704	grSu12Mi	8		5	3383.645	3383.945
3384.562	0.900000000000091	trials	48	s048_F200704	grCe	1	135.0	5	3384.862	3385.161
3385.162	0.900000000000091	trials	48	s048_F200704	grCe_grSu1Ne	3	0.0	5	3385.462	3385.761
3397.622	0.900000000000091	trials	48	s048_F200704	grCe_grSu6Ne_PS	18	225.0	5	3397.922	3398.221
3398.247	0.900000000000091	trials	48	s048_F200704	grSu3Ne	4		5	3398.547	3398.846
3398.8469999999998	0.900000000000091	trials	48	s048_F200704	grCe_grSu6Ne	7	315.0	5	3399.147	3399.447
3399.4469999999997	0.900000000000091	trials	48	s048_F200704	grCe_grSu6CiNe	15	315.0	5	3399.747	3400.047
3400.055	0.900000000000091	trials	48	s048_F200704	grCe_grSu3Ne	5	90.0	5	3400.355	3400.655
3410.9649999999997	0.900000000000091	trials	48	s048_F200704	grCe_grSu12SmCiNe	13	270.0	5	3411.265	3411.565
3415.0319999999997	0.900000000000091	trials	48	s048_F200704	grCe_grSu18Fa	11	135.0	5	3415.332	3415.632
3415.6409999999996	0.900000000000091	trials	48	s048_F200704	grCe_grSu12Mi	9	0.0	5	3415.941	3416.24
3416.241	0.900000000000091	trials	48	s048_F200704	grCe_grSu6CiNe_PS	19	315.0	5	3416.541	3416.84
3417.4739999999997	0.900000000000091	trials	48	s048_F200704	grCe_grSu6CiNe	15	135.0	5	3417.774	3418.074
3436.5099999999998	0.900000000000091	trials	48	s048_F200704	grCe_grSu1Ne	3	315.0	5	3436.81	3437.11
3437.127	0.900000000000091	trials	48	s048_F200704	grSu6Ne	6		5	3437.427	3437.726
3437.752	0.900000000000091	trials	48	s048_F200704	grCe_grSu3Ne	5	180.0	5	3438.052	3438.352
3438.3689999999997	0.900000000000091	trials	48	s048_F200704	grCe_grSu1Ne	3	225.0	5	3438.669	3438.968
3438.9689999999996	0.900000000000091	trials	48	s048_F200704	NoStim	0		5	3439.269	3439.568
3445.7859999999996	0.900000000000091	trials	48	s048_F200704	grCe	1	0.0	5	3446.086	3446.386
3446.395	0.900000000000091	trials	48	s048_F200704	grCe_grSu18Fa	11	270.0	5	3446.695	3446.994
3447.02	0.900000000000091	trials	48	s048_F200704	grCe	1	45.0	5	3447.32	3447.619
3447.62	0.900000000000091	trials	48	s048_F200704	grCe_grSu6CiNe_PS	19	90.0	5	3447.92	3448.219
3448.312	0.900000000000091	trials	48	s048_F200704	grSu6CiNe	14		5	3448.612	3448.911
3456.6459999999997	0.900000000000091	trials	48	s048_F200704	grCe	1	225.0	5	3456.946	3457.246
3466.9719999999998	0.900000000000091	trials	48	s048_F200704	grCe_grSu12Mi	9	180.0	5	3467.272	3467.572
3468.1969999999997	0.900000000000091	trials	48	s048_F200704	grCe_grSu12SmCiNe_PS	21	225.0	5	3468.497	3468.797
3468.839	0.900000000000091	trials	48	s048_F200704	grCe_grSu3Ne	5	0.0	5	3469.139	3469.439
3476.54	0.900000000000091	trials	48	s048_F200704	grCe_grSu6Ne_PS	18	180.0	5	3476.84	3477.14
