onset	duration	nwb_table	ses_ID	ses_Name	cond_Name	cond_ID	target_rot	rep_num	pdOn	pdOff
62.404	0.8999999999999986	trials	21	s021_F191226	grCe_grSu12Mi	9	315.0	2	62.704	63.003
66.00500000000001	0.8999999999999915	trials	21	s021_F191226	grCe_grSu18Fa	11	315.0	2	66.305	66.603
66.613	0.8999999999999915	trials	21	s021_F191226	grCe_grSu6Ne_PS	18	0.0	2	66.913	67.212
70.97200000000001	0.8999999999999915	trials	21	s021_F191226	grCe_grSu1Ne	3	90.0	2	71.272	71.571
72.19800000000001	0.8999999999999915	trials	21	s021_F191226	grCe_grSu1Ne	3	45.0	2	72.498	72.796
72.81400000000001	0.8999999999999915	trials	21	s021_F191226	grCe_grSu3Ne	5	315.0	2	73.114	73.413
79.657	0.8999999999999915	trials	21	s021_F191226	coSu6Ne	20		2	79.957	80.256
80.266	0.8999999999999915	trials	21	s021_F191226	grCe_grSu6Ne	7	45.0	2	80.566	80.864
80.87400000000001	0.8999999999999915	trials	21	s021_F191226	grSu6Ne	6		2	81.174	81.473
82.09100000000001	0.8999999999999915	trials	21	s021_F191226	grCe_grSu12SmCiNe	13	270.0	2	82.391	82.69
89.092	0.8999999999999915	trials	21	s021_F191226	coCe	16	180.0	2	89.392	89.691
89.70100000000001	0.8999999999999915	trials	21	s021_F191226	grCe_grSu12SmCiNe_PS	21	0.0	2	90.001	90.299
90.318	0.8999999999999915	trials	21	s021_F191226	grCe_grSu3Ne	5	225.0	2	90.618	90.916
91.56	0.8999999999999915	trials	21	s021_F191226	grCe_grSu18Fa	11	45.0	2	91.86	92.158
105.929	0.8999999999999915	trials	21	s021_F191226	grCe	1	270.0	2	106.229	106.527
106.537	0.8999999999999915	trials	21	s021_F191226	grCe	1	135.0	2	106.837	107.136
107.146	0.8999999999999915	trials	21	s021_F191226	grCe_grSu12SmCiNe	13	135.0	2	107.446	107.744
107.763	0.8999999999999915	trials	21	s021_F191226	grCe_grSu6Ne	7	0.0	2	108.063	108.361
118.54	0.8999999999999915	trials	21	s021_F191226	grCe	1	0.0	2	118.84	119.138
119.14	0.8999999999999915	trials	21	s021_F191226	NoStim	0		2	119.44	119.738
119.748	0.8999999999999915	trials	21	s021_F191226	coCe_grSu6Ne	17	270.0	2	120.048	120.347
120.373	0.8999999999999915	trials	21	s021_F191226	grCe_grSu12Mi	9	180.0	2	120.673	120.972
120.982	0.8999999999999915	trials	21	s021_F191226	grCe_grSu12SmCiNe_PS	21	180.0	2	121.282	121.58
127.608	0.9000000000000057	trials	21	s021_F191226	grCe_grSu6CiNe_PS	19	90.0	2	127.908	128.206
128.825	0.9000000000000057	trials	21	s021_F191226	grSu1Ne	2		2	129.125	129.423
130.04999999999998	0.9000000000000057	trials	21	s021_F191226	grCe_grSu12SmCiNe_PS	21	270.0	2	130.35	130.648
136.635	0.9000000000000057	trials	21	s021_F191226	coCe	16	90.0	2	136.935	137.233
137.243	0.9000000000000057	trials	21	s021_F191226	grCe_grSu6CiNe_PS	19	0.0	2	137.543	137.841
137.85199999999998	0.9000000000000057	trials	21	s021_F191226	grCe_grSu1Ne	3	270.0	2	138.152	138.45
138.45999999999998	0.9000000000000057	trials	21	s021_F191226	grCe	1	90.0	2	138.76	139.058
139.06799999999998	0.9000000000000057	trials	21	s021_F191226	grCe_grSu12SmCiNe	13	225.0	2	139.368	139.667
145.68599999999998	0.9000000000000057	trials	21	s021_F191226	grCe_grSu6CiNe	15	315.0	2	145.986	146.285
146.903	0.9000000000000057	trials	21	s021_F191226	grCe_grSu6Ne_PS	18	225.0	2	147.203	147.502
147.512	0.9000000000000057	trials	21	s021_F191226	grCe_grSu3Ne	5	270.0	2	147.812	148.11
148.11999999999998	0.9000000000000057	trials	21	s021_F191226	grCe	1	225.0	2	148.42	148.718
154.63	0.9000000000000057	trials	21	s021_F191226	grCe_grSu12SmCiNe	13	315.0	2	154.93	155.228
155.238	0.9000000000000057	trials	21	s021_F191226	grCe	1	180.0	2	155.538	155.836
155.84699999999998	0.9000000000000057	trials	21	s021_F191226	grCe	1	45.0	2	156.147	156.445
156.45499999999998	0.9000000000000057	trials	21	s021_F191226	grCe_grSu6Ne_PS	18	45.0	2	156.755	157.053
157.063	0.9000000000000057	trials	21	s021_F191226	grCe_grSu6CiNe_PS	19	270.0	2	157.363	157.662
163.72299999999998	0.9000000000000057	trials	21	s021_F191226	coCe_grSu6Ne	17	315.0	2	164.023	164.321
164.331	0.9000000000000057	trials	21	s021_F191226	grCe_grSu6CiNe	15	135.0	2	164.631	164.93
164.94799999999998	0.9000000000000057	trials	21	s021_F191226	coCe_grSu6Ne	17	90.0	2	165.248	165.547
166.173	0.9000000000000057	trials	21	s021_F191226	grCe_grSu12Mi	9	90.0	2	166.473	166.772
173.5	0.9000000000000057	trials	21	s021_F191226	grCe_grSu18Fa	11	180.0	2	173.8	174.098
174.10799999999998	0.9000000000000057	trials	21	s021_F191226	grCe_grSu12SmCiNe	13	45.0	2	174.408	174.707
174.71699999999998	0.9000000000000057	trials	21	s021_F191226	grCe_grSu6CiNe_PS	19	135.0	2	175.017	175.315
175.325	0.9000000000000057	trials	21	s021_F191226	grCe_grSu3Ne	5	0.0	2	175.625	175.924
181.98499999999999	0.9000000000000057	trials	21	s021_F191226	grCe_grSu6Ne	7	270.0	2	182.285	182.583
182.593	0.9000000000000057	trials	21	s021_F191226	coCe_grSu6Ne	17	0.0	2	182.893	183.192
186.369	0.9000000000000057	trials	21	s021_F191226	grCe_grSu12SmCiNe_PS	21	135.0	2	186.669	186.967
186.994	0.9000000000000057	trials	21	s021_F191226	grSu18Fa	10		2	187.294	187.592
187.60199999999998	0.9000000000000057	trials	21	s021_F191226	coCe	16	135.0	2	187.902	188.201
188.21099999999998	0.9000000000000057	trials	21	s021_F191226	grCe_grSu6CiNe_PS	19	315.0	2	188.511	188.809
188.82799999999997	0.9000000000000057	trials	21	s021_F191226	grCe_grSu6CiNe	15	180.0	2	189.128	189.426
195.59599999999998	0.9000000000000057	trials	21	s021_F191226	grCe_grSu3Ne	5	90.0	2	195.896	196.194
196.20399999999998	0.9000000000000057	trials	21	s021_F191226	grCe_grSu12SmCiNe_PS	21	45.0	2	196.504	196.802
196.81199999999998	0.9000000000000057	trials	21	s021_F191226	grSu12SmCiNe	12		2	197.112	197.411
197.421	0.9000000000000057	trials	21	s021_F191226	grCe_grSu3Ne	5	180.0	2	197.721	198.019
198.029	0.9000000000000057	trials	21	s021_F191226	coCe	16	315.0	2	198.329	198.628
204.59699999999998	0.9000000000000057	trials	21	s021_F191226	coCe	16	45.0	2	204.897	205.196
205.814	0.9000000000000057	trials	21	s021_F191226	grCe_grSu6CiNe_PS	19	225.0	2	206.114	206.413
206.423	0.9000000000000057	trials	21	s021_F191226	grCe_grSu1Ne	3	225.0	2	206.723	207.021
207.03099999999998	0.9000000000000057	trials	21	s021_F191226	coCe_grSu6Ne	17	225.0	2	207.331	207.629
213.67399999999998	0.9000000000000057	trials	21	s021_F191226	grCe_grSu12Mi	9	45.0	2	213.974	214.272
218.316	0.9000000000000057	trials	21	s021_F191226	grCe_grSu18Fa	11	135.0	2	218.616	218.915
218.92499999999998	0.9000000000000057	trials	21	s021_F191226	grCe	1	315.0	2	219.225	219.523
226.16799999999998	0.9000000000000057	trials	21	s021_F191226	grCe_grSu6Ne_PS	18	180.0	2	226.468	226.766
226.785	0.9000000000000057	trials	21	s021_F191226	grCe_grSu6Ne	7	90.0	2	227.085	227.383
227.393	0.9000000000000057	trials	21	s021_F191226	coCe	16	0.0	2	227.693	227.992
228.01	0.9000000000000057	trials	21	s021_F191226	grCe_grSu6CiNe	15	270.0	2	228.31	228.608
228.62699999999998	0.9000000000000057	trials	21	s021_F191226	grSu12Mi	8		2	228.927	229.225
235.095	0.9000000000000057	trials	21	s021_F191226	grCe_grSu12SmCiNe_PS	21	315.0	2	235.395	235.693
235.70299999999997	0.9000000000000057	trials	21	s021_F191226	coCe	16	270.0	2	236.003	236.301
236.32	0.9000000000000057	trials	21	s021_F191226	grCe_grSu6Ne	7	135.0	2	236.62	236.918
237.545	0.9000000000000057	trials	21	s021_F191226	grCe_grSu6Ne	7	180.0	2	237.845	238.143
244.255	0.9000000000000057	trials	21	s021_F191226	grCe_grSu18Fa	11	0.0	2	244.555	244.853
245.47199999999998	0.9000000000000057	trials	21	s021_F191226	grCe_grSu12SmCiNe	13	180.0	2	245.772	246.07
246.07999999999998	0.9000000000000057	trials	21	s021_F191226	coCe_grSu6Ne	17	135.0	2	246.38	246.678
246.688	0.9000000000000057	trials	21	s021_F191226	grSu6CiNe	14		2	246.988	247.287
253.231	0.9000000000000057	trials	21	s021_F191226	coCe	16	225.0	2	253.531	253.83
255.057	0.9000000000000057	trials	21	s021_F191226	grCe_grSu6CiNe_PS	19	180.0	2	255.357	255.655
255.665	0.9000000000000057	trials	21	s021_F191226	grCe_grSu1Ne	3	135.0	2	255.965	256.263
262.291	0.9000000000000341	trials	21	s021_F191226	grCe_grSu12SmCiNe_PS	21	225.0	2	262.591	262.89
262.925	0.9000000000000341	trials	21	s021_F191226	grCe_grSu18Fa	11	225.0	2	263.225	263.523
263.558	0.9000000000000341	trials	21	s021_F191226	grCe_grSu18Fa	11	90.0	2	263.858	264.157
264.175	0.9000000000000341	trials	21	s021_F191226	grCe_grSu12SmCiNe	13	90.0	2	264.475	264.773
267.926	0.9000000000000341	trials	21	s021_F191226	grCe_grSu12SmCiNe_PS	21	90.0	2	268.226	268.524
268.534	0.9000000000000341	trials	21	s021_F191226	grCe_grSu6Ne	7	315.0	2	268.834	269.133
269.759	0.9000000000000341	trials	21	s021_F191226	grCe_grSu12Mi	9	0.0	2	270.059	270.358
270.376	0.9000000000000341	trials	21	s021_F191226	grCe_grSu6Ne	7	225.0	2	270.676	270.975
277.436	0.9000000000000341	trials	21	s021_F191226	grCe_grSu6CiNe	15	45.0	2	277.736	278.034
278.053	0.9000000000000341	trials	21	s021_F191226	grCe_grSu3Ne	5	45.0	2	278.353	278.651
278.661	0.9000000000000341	trials	21	s021_F191226	grCe_grSu12SmCiNe	13	0.0	2	278.961	279.259
279.294	0.9000000000000341	trials	21	s021_F191226	grCe_grSu18Fa	11	270.0	2	279.594	279.893
286.579	0.9000000000000341	trials	21	s021_F191226	grSu3Ne	4		2	286.879	287.178
287.188	0.9000000000000341	trials	21	s021_F191226	grCe_grSu6CiNe	15	90.0	2	287.488	287.786
287.796	0.9000000000000341	trials	21	s021_F191226	grCe_grSu6Ne_PS	18	315.0	2	288.096	288.394
288.404	0.9000000000000341	trials	21	s021_F191226	grCe_grSu6Ne_PS	18	270.0	2	288.704	289.003
289.013	0.9000000000000341	trials	21	s021_F191226	coCe_grSu6Ne	17	45.0	2	289.313	289.611
295.614	0.9000000000000341	trials	21	s021_F191226	grCe_grSu3Ne	5	135.0	2	295.914	296.213
296.223	0.9000000000000341	trials	21	s021_F191226	grCe_grSu6Ne_PS	18	135.0	2	296.523	296.821
297.43899999999996	0.9000000000000341	trials	21	s021_F191226	grCe_grSu1Ne	3	180.0	2	297.739	298.038
305.433	0.9000000000000341	trials	21	s021_F191226	grCe_grSu12Mi	9	270.0	2	305.733	306.031
306.041	0.9000000000000341	trials	21	s021_F191226	grCe_grSu6CiNe	15	0.0	2	306.341	306.64
306.658	0.9000000000000341	trials	21	s021_F191226	grCe_grSu12Mi	9	135.0	2	306.958	307.256
307.883	0.9000000000000341	trials	21	s021_F191226	grCe_grSu6CiNe	15	225.0	2	308.183	308.482
325.536	0.9000000000000341	trials	21	s021_F191226	coCe_grSu6Ne	17	180.0	2	325.836	326.135
326.762	0.9000000000000341	trials	21	s021_F191226	grCe_grSu1Ne	3	0.0	2	327.062	327.36
327.37	0.9000000000000341	trials	21	s021_F191226	grCe_grSu1Ne	3	315.0	2	327.67	327.968
334.055	0.9000000000000341	trials	21	s021_F191226	grCe_grSu12Mi	9	225.0	2	334.355	334.653
337.555	0.9000000000000341	trials	21	s021_F191226	grCe_grSu6CiNe_PS	19	45.0	2	337.855	338.154
338.164	0.9000000000000341	trials	21	s021_F191226	grCe_grSu6Ne_PS	18	90.0	2	338.464	338.762
338.764	0.9000000000000341	trials	21	s021_F191226	coCe	16	45.0	7	339.064	339.362
339.372	0.9000000000000341	trials	21	s021_F191226	coCe	16	180.0	7	339.672	339.971
339.981	0.9000000000000341	trials	21	s021_F191226	grCe_grSu12SmCiNe_PS	21	0.0	7	340.281	340.579
346.924	0.9000000000000341	trials	21	s021_F191226	grSu18Fa	10		7	347.224	347.522
350.983	0.9000000000000341	trials	21	s021_F191226	grCe_grSu6CiNe_PS	19	135.0	7	351.283	351.581
351.591	0.9000000000000341	trials	21	s021_F191226	grCe	1	270.0	7	351.891	352.19
355.759	0.9000000000000341	trials	21	s021_F191226	grCe_grSu12SmCiNe_PS	21	135.0	7	356.059	356.357
356.36699999999996	0.9000000000000341	trials	21	s021_F191226	coCe_grSu6Ne	17	270.0	7	356.667	356.966
357.601	0.9000000000000341	trials	21	s021_F191226	grCe_grSu12Mi	9	225.0	7	357.901	358.199
358.209	0.9000000000000341	trials	21	s021_F191226	grSu6CiNe	14		7	358.509	358.808
364.96	0.9000000000000341	trials	21	s021_F191226	grCe_grSu12Mi	9	270.0	7	365.26	365.559
366.786	0.9000000000000341	trials	21	s021_F191226	grCe_grSu6Ne_PS	18	225.0	7	367.086	367.384
367.394	0.9000000000000341	trials	21	s021_F191226	grCe_grSu6CiNe_PS	19	90.0	7	367.694	367.993
377.679	0.9000000000000341	trials	21	s021_F191226	grCe_grSu12Mi	9	90.0	7	377.979	378.278
378.296	0.9000000000000341	trials	21	s021_F191226	grCe_grSu12Mi	9	315.0	7	378.596	378.895
380.122	0.9000000000000341	trials	21	s021_F191226	grCe	1	90.0	7	380.422	380.72
386.798	0.9000000000000341	trials	21	s021_F191226	grCe_grSu12SmCiNe_PS	21	270.0	7	387.098	387.396
387.41499999999996	0.9000000000000341	trials	21	s021_F191226	grCe_grSu3Ne	5	180.0	7	387.715	388.013
388.02299999999997	0.9000000000000341	trials	21	s021_F191226	grCe_grSu12SmCiNe	13	45.0	7	388.323	388.621
389.265	0.9000000000000341	trials	21	s021_F191226	grCe_grSu18Fa	11	315.0	7	389.565	389.863
396.658	0.9000000000000341	trials	21	s021_F191226	grCe_grSu6CiNe_PS	19	225.0	7	396.958	397.256
400.30899999999997	0.9000000000000341	trials	21	s021_F191226	grCe_grSu18Fa	11	225.0	7	400.609	400.907
401.526	0.9000000000000341	trials	21	s021_F191226	grCe_grSu6Ne_PS	18	0.0	7	401.826	402.124
402.134	0.9000000000000341	trials	21	s021_F191226	grCe_grSu1Ne	3	0.0	7	402.434	402.732
409.385	0.9000000000000341	trials	21	s021_F191226	coCe_grSu6Ne	17	0.0	7	409.685	409.984
410.002	0.9000000000000341	trials	21	s021_F191226	coCe_grSu6Ne	17	45.0	7	410.302	410.6
410.611	0.9000000000000341	trials	21	s021_F191226	coCe_grSu6Ne	17	225.0	7	410.911	411.209
411.227	0.9000000000000341	trials	21	s021_F191226	coCe_grSu6Ne	17	180.0	7	411.527	411.826
411.836	0.9000000000000341	trials	21	s021_F191226	grCe_grSu6Ne_PS	18	315.0	7	412.136	412.434
419.11199999999997	0.9000000000000341	trials	21	s021_F191226	grCe_grSu6CiNe_PS	19	0.0	7	419.412	419.711
419.721	0.9000000000000341	trials	21	s021_F191226	grCe_grSu1Ne	3	135.0	7	420.021	420.319
420.354	0.9000000000000341	trials	21	s021_F191226	grCe_grSu18Fa	11	135.0	7	420.654	420.952
424.03	0.9000000000000341	trials	21	s021_F191226	coCe	16	90.0	7	424.33	424.628
424.638	0.9000000000000341	trials	21	s021_F191226	grCe_grSu3Ne	5	90.0	7	424.938	425.237
425.255	0.9000000000000341	trials	21	s021_F191226	grCe_grSu3Ne	5	0.0	7	425.555	425.853
426.47999999999996	0.9000000000000341	trials	21	s021_F191226	grCe_grSu12Mi	9	180.0	7	426.78	427.079
433.215	0.9000000000000341	trials	21	s021_F191226	grCe_grSu12Mi	9	45.0	7	433.515	433.813
433.823	0.9000000000000341	trials	21	s021_F191226	grCe	1	0.0	7	434.123	434.422
434.432	0.9000000000000341	trials	21	s021_F191226	grCe_grSu12SmCiNe_PS	21	225.0	7	434.732	435.03
435.03999999999996	0.9000000000000341	trials	21	s021_F191226	grCe_grSu3Ne	5	45.0	7	435.34	435.638
442.408	0.9000000000000341	trials	21	s021_F191226	grCe_grSu6Ne_PS	18	270.0	7	442.708	443.006
443.017	0.9000000000000341	trials	21	s021_F191226	grCe_grSu12SmCiNe_PS	21	45.0	7	443.317	443.615
443.625	0.9000000000000341	trials	21	s021_F191226	grCe_grSu6Ne_PS	18	135.0	7	443.925	444.223
444.233	0.9000000000000341	trials	21	s021_F191226	grCe_grSu6CiNe	15	135.0	7	444.533	444.832
451.393	0.9000000000000341	trials	21	s021_F191226	coCe	16	270.0	7	451.693	451.992
452.027	0.9000000000000341	trials	21	s021_F191226	grCe_grSu18Fa	11	180.0	7	452.327	452.625
452.635	0.9000000000000341	trials	21	s021_F191226	grCe_grSu12SmCiNe_PS	21	90.0	7	452.935	453.233
453.243	0.9000000000000341	trials	21	s021_F191226	grCe_grSu3Ne	5	270.0	7	453.543	453.842
453.852	0.9000000000000341	trials	21	s021_F191226	grCe_grSu6CiNe_PS	19	270.0	7	454.152	454.45
460.645	0.9000000000000341	trials	21	s021_F191226	grCe_grSu6CiNe	15	90.0	7	460.945	461.243
461.27799999999996	0.9000000000000341	trials	21	s021_F191226	grCe_grSu18Fa	11	0.0	7	461.578	461.877
462.495	0.9000000000000341	trials	21	s021_F191226	coCe	16	225.0	7	462.795	463.094
463.11199999999997	0.9000000000000341	trials	21	s021_F191226	grCe_grSu1Ne	3	90.0	7	463.412	463.71
471.072	0.9000000000000341	trials	21	s021_F191226	grSu12Mi	8		7	471.372	471.67
471.68	0.9000000000000341	trials	21	s021_F191226	grCe_grSu3Ne	5	135.0	7	471.98	472.279
472.31399999999996	0.9000000000000341	trials	21	s021_F191226	grCe_grSu18Fa	11	45.0	7	472.614	472.912
472.92199999999997	0.9000000000000341	trials	21	s021_F191226	grSu12SmCiNe	12		7	473.222	473.52
473.539	0.9000000000000341	trials	21	s021_F191226	grCe_grSu12SmCiNe	13	270.0	7	473.839	474.137
480.23199999999997	0.9000000000000341	trials	21	s021_F191226	coCe	16	0.0	7	480.532	480.83
480.84	0.9000000000000341	trials	21	s021_F191226	grCe_grSu12SmCiNe	13	135.0	7	481.14	481.439
481.449	0.9000000000000341	trials	21	s021_F191226	grCe_grSu6Ne_PS	18	90.0	7	481.749	482.047
482.057	0.9000000000000341	trials	21	s021_F191226	grSu3Ne	4		7	482.357	482.656
482.666	0.9000000000000341	trials	21	s021_F191226	grCe_grSu6Ne	7	45.0	7	482.966	483.264
489.609	0.9000000000000341	trials	21	s021_F191226	grCe_grSu12SmCiNe_PS	21	315.0	7	489.909	490.207
490.209	0.9000000000000341	trials	21	s021_F191226	grCe	1	45.0	7	490.509	490.807
493.743	0.9000000000000341	trials	21	s021_F191226	grCe_grSu1Ne	3	270.0	7	494.043	494.341
494.359	0.9000000000000341	trials	21	s021_F191226	grCe_grSu3Ne	5	225.0	7	494.659	494.958
494.96799999999996	0.9000000000000341	trials	21	s021_F191226	coCe	16	135.0	7	495.268	495.566
495.601	0.9000000000000341	trials	21	s021_F191226	grCe_grSu18Fa	11	90.0	7	495.901	496.2
496.21799999999996	0.9000000000000341	trials	21	s021_F191226	grCe_grSu6Ne	7	225.0	7	496.518	496.816
504.161	0.9000000000000341	trials	21	s021_F191226	grCe_grSu1Ne	3	180.0	7	504.461	504.76
504.76099999999997	0.9000000000000341	trials	21	s021_F191226	grCe	1	135.0	7	505.061	505.36
505.37	0.9000000000000341	trials	21	s021_F191226	grCe_grSu6Ne	7	180.0	7	505.67	505.968
512.321	0.8999999999999773	trials	21	s021_F191226	grCe_grSu6CiNe_PS	19	315.0	7	512.621	512.919
513.546	0.8999999999999773	trials	21	s021_F191226	grCe_grSu12SmCiNe	13	225.0	7	513.846	514.145
514.163	0.8999999999999773	trials	21	s021_F191226	grCe_grSu6CiNe	15	45.0	7	514.463	514.761
514.772	0.8999999999999773	trials	21	s021_F191226	grCe_grSu6CiNe	15	270.0	7	515.072	515.37
521.673	0.8999999999999773	trials	21	s021_F191226	grCe_grSu3Ne	5	315.0	7	521.973	522.271
522.2810000000001	0.8999999999999773	trials	21	s021_F191226	grCe_grSu6CiNe	15	315.0	7	522.581	522.88
522.8900000000001	0.8999999999999773	trials	21	s021_F191226	grCe_grSu6Ne	7	135.0	7	523.19	523.488
523.498	0.8999999999999773	trials	21	s021_F191226	grCe_grSu12SmCiNe	13	315.0	7	523.798	524.097
524.1070000000001	0.8999999999999773	trials	21	s021_F191226	grCe_grSu12SmCiNe_PS	21	180.0	7	524.407	524.705
531.408	0.8999999999999773	trials	21	s021_F191226	grCe_grSu6Ne_PS	18	45.0	7	531.708	532.006
532.0250000000001	0.8999999999999773	trials	21	s021_F191226	coCe_grSu6Ne	17	90.0	7	532.325	532.623
532.642	0.8999999999999773	trials	21	s021_F191226	grCe_grSu12Mi	9	135.0	7	532.942	533.24
533.25	0.8999999999999773	trials	21	s021_F191226	grCe_grSu6Ne	7	90.0	7	533.55	533.848
533.8670000000001	0.8999999999999773	trials	21	s021_F191226	grCe_grSu12SmCiNe	13	90.0	7	534.167	534.465
541.868	0.8999999999999773	trials	21	s021_F191226	grCe_grSu6Ne	7	0.0	7	542.168	542.467
542.4770000000001	0.8999999999999773	trials	21	s021_F191226	grSu1Ne	2		7	542.777	543.075
543.0930000000001	0.8999999999999773	trials	21	s021_F191226	grCe_grSu12Mi	9	0.0	7	543.393	543.692
550.3530000000001	0.8999999999999773	trials	21	s021_F191226	grCe_grSu6CiNe_PS	19	45.0	7	550.653	550.952
551.57	0.8999999999999773	trials	21	s021_F191226	grCe_grSu1Ne	3	315.0	7	551.87	552.168
552.178	0.8999999999999773	trials	21	s021_F191226	grCe_grSu12SmCiNe	13	0.0	7	552.478	552.777
558.8130000000001	0.8999999999999773	trials	21	s021_F191226	grCe_grSu6CiNe	15	180.0	7	559.113	559.411
559.421	0.8999999999999773	trials	21	s021_F191226	coSu6Ne	20		7	559.721	560.02
560.022	0.8999999999999773	trials	21	s021_F191226	NoStim	0		7	560.322	560.62
561.23	0.8999999999999773	trials	21	s021_F191226	grCe	1	315.0	7	561.53	561.829
567.7230000000001	0.8999999999999773	trials	21	s021_F191226	grSu6Ne	6		7	568.023	568.321
568.331	0.8999999999999773	trials	21	s021_F191226	coCe_grSu6Ne	17	315.0	7	568.631	568.93
568.94	0.8999999999999773	trials	21	s021_F191226	grCe_grSu6Ne	7	315.0	7	569.24	569.538
569.548	0.8999999999999773	trials	21	s021_F191226	coCe_grSu6Ne	17	135.0	7	569.848	570.147
570.157	0.8999999999999773	trials	21	s021_F191226	grCe_grSu6Ne_PS	18	180.0	7	570.457	570.755
577.066	0.8999999999999773	trials	21	s021_F191226	grCe_grSu6CiNe	15	0.0	7	577.366	577.665
578.292	0.8999999999999773	trials	21	s021_F191226	grCe_grSu12SmCiNe	13	180.0	7	578.592	578.89
579.534	0.8999999999999773	trials	21	s021_F191226	grCe_grSu18Fa	11	270.0	7	579.834	580.132
586.2180000000001	0.8999999999999773	trials	21	s021_F191226	grCe	1	180.0	7	586.518	586.817
586.827	0.8999999999999773	trials	21	s021_F191226	grCe_grSu1Ne	3	45.0	7	587.127	587.425
587.4350000000001	0.8999999999999773	trials	21	s021_F191226	grCe	1	225.0	7	587.735	588.033
588.043	0.8999999999999773	trials	21	s021_F191226	grCe_grSu6CiNe_PS	19	180.0	7	588.343	588.642
588.652	0.8999999999999773	trials	21	s021_F191226	grCe_grSu1Ne	3	225.0	7	588.952	589.25
595.3530000000001	0.8999999999999773	trials	21	s021_F191226	grCe_grSu6Ne	7	270.0	7	595.653	595.952
599.162	0.8999999999999773	trials	21	s021_F191226	grCe_grSu6CiNe	15	225.0	7	599.462	599.761
599.7710000000001	0.8999999999999773	trials	21	s021_F191226	coCe	16	315.0	7	600.071	600.369
600.3870000000001	0.8999999999999773	trials	21	s021_F191226	grCe_grSu12Mi	9	315.0	5	600.687	600.986
600.9960000000001	0.8999999999999773	trials	21	s021_F191226	grCe_grSu6Ne_PS	18	315.0	5	601.296	601.594
601.604	0.8999999999999773	trials	21	s021_F191226	grCe_grSu6CiNe_PS	19	135.0	5	601.904	602.203
608.1640000000001	0.8999999999999773	trials	21	s021_F191226	grCe_grSu3Ne	5	135.0	5	608.464	608.762
608.764	0.8999999999999773	trials	21	s021_F191226	coCe	16	135.0	5	609.064	609.362
609.3720000000001	0.8999999999999773	trials	21	s021_F191226	grCe_grSu6Ne_PS	18	0.0	5	609.672	609.971
610.0060000000001	0.8999999999999773	trials	21	s021_F191226	grCe_grSu18Fa	11	315.0	5	610.306	610.604
614.0150000000001	0.8999999999999773	trials	21	s021_F191226	grCe_grSu6CiNe	15	45.0	5	614.315	614.613
614.615	0.8999999999999773	trials	21	s021_F191226	NoStim	0		5	614.915	615.213
615.224	0.8999999999999773	trials	21	s021_F191226	coCe	16	90.0	5	615.524	615.822
616.4490000000001	0.8999999999999773	trials	21	s021_F191226	grCe_grSu12Mi	9	0.0	5	616.749	617.047
622.9830000000001	0.8999999999999773	trials	21	s021_F191226	grSu6CiNe	14		5	623.283	623.582
623.5920000000001	0.8999999999999773	trials	21	s021_F191226	coSu6Ne	20		5	623.892	624.19
624.2	0.8999999999999773	trials	21	s021_F191226	grCe	1	0.0	5	624.5	624.799
624.8090000000001	0.8999999999999773	trials	21	s021_F191226	grCe_grSu3Ne	5	0.0	5	625.109	625.407
632.0350000000001	0.8999999999999773	trials	21	s021_F191226	grCe_grSu6Ne	7	135.0	5	632.335	632.633
632.643	0.8999999999999773	trials	21	s021_F191226	grCe	1	45.0	5	632.943	633.242
633.2520000000001	0.8999999999999773	trials	21	s021_F191226	grCe_grSu6CiNe	15	135.0	5	633.552	633.85
634.469	0.8999999999999773	trials	21	s021_F191226	grCe	1	135.0	5	634.769	635.067
642.529	0.8999999999999773	trials	21	s021_F191226	grCe_grSu6CiNe_PS	19	180.0	5	642.829	643.127
643.1370000000001	0.8999999999999773	trials	21	s021_F191226	grCe_grSu6Ne_PS	18	180.0	5	643.437	643.735
643.745	0.8999999999999773	trials	21	s021_F191226	grCe_grSu6Ne	7	90.0	5	644.045	644.344
650.422	0.8999999999999773	trials	21	s021_F191226	coCe_grSu6Ne	17	180.0	5	650.722	651.02
651.0300000000001	0.8999999999999773	trials	21	s021_F191226	grCe_grSu6CiNe_PS	19	0.0	5	651.33	651.629
651.639	0.8999999999999773	trials	21	s021_F191226	grCe_grSu6Ne_PS	18	225.0	5	651.939	652.237
652.2470000000001	0.8999999999999773	trials	21	s021_F191226	grCe_grSu3Ne	5	315.0	5	652.547	652.845
652.856	0.8999999999999773	trials	21	s021_F191226	grCe_grSu1Ne	3	180.0	5	653.156	653.454
659.657	0.8999999999999773	trials	21	s021_F191226	grCe_grSu6Ne	7	0.0	5	659.957	660.255
660.874	0.8999999999999773	trials	21	s021_F191226	grCe_grSu12SmCiNe	13	225.0	5	661.174	661.472
661.4820000000001	0.8999999999999773	trials	21	s021_F191226	grCe	1	225.0	5	661.782	662.081
662.091	0.8999999999999773	trials	21	s021_F191226	grCe_grSu6CiNe_PS	19	90.0	5	662.391	662.689
668.7420000000001	0.8999999999999773	trials	21	s021_F191226	grCe_grSu6CiNe	15	315.0	5	669.042	669.34
669.9670000000001	0.8999999999999773	trials	21	s021_F191226	grCe_grSu6Ne_PS	18	135.0	5	670.267	670.565
670.575	0.8999999999999773	trials	21	s021_F191226	grCe_grSu3Ne	5	180.0	5	670.875	671.174
674.6600000000001	0.8999999999999773	trials	21	s021_F191226	grCe_grSu18Fa	11	45.0	5	674.96	675.258
675.268	0.8999999999999773	trials	21	s021_F191226	grCe_grSu6Ne	7	180.0	5	675.568	675.866
675.8760000000001	0.8999999999999773	trials	21	s021_F191226	grCe_grSu12SmCiNe_PS	21	135.0	5	676.176	676.475
677.1020000000001	0.8999999999999773	trials	21	s021_F191226	grCe_grSu12SmCiNe	13	270.0	5	677.402	677.7
684.32	0.8999999999999773	trials	21	s021_F191226	grCe_grSu12SmCiNe_PS	21	180.0	5	684.62	684.918
684.928	0.8999999999999773	trials	21	s021_F191226	grCe_grSu6Ne	7	270.0	5	685.228	685.527
685.537	0.8999999999999773	trials	21	s021_F191226	coCe_grSu6Ne	17	270.0	5	685.837	686.135
692.8710000000001	0.8999999999999773	trials	21	s021_F191226	grCe_grSu3Ne	5	270.0	5	693.171	693.47
693.48	0.8999999999999773	trials	21	s021_F191226	grCe_grSu3Ne	5	90.0	5	693.78	694.078
694.113	0.8999999999999773	trials	21	s021_F191226	grCe_grSu18Fa	11	135.0	5	694.413	694.712
694.73	0.8999999999999773	trials	21	s021_F191226	grCe_grSu12SmCiNe	13	90.0	5	695.03	695.328
695.3380000000001	0.8999999999999773	trials	21	s021_F191226	grCe_grSu6Ne	7	225.0	5	695.638	695.937
702.398	0.8999999999999773	trials	21	s021_F191226	grCe	1	315.0	5	702.698	702.996
703.0070000000001	0.8999999999999773	trials	21	s021_F191226	grCe_grSu6CiNe	15	225.0	5	703.307	703.605
704.2230000000001	0.8999999999999773	trials	21	s021_F191226	grCe_grSu1Ne	3	135.0	5	704.523	704.822
704.832	0.8999999999999773	trials	21	s021_F191226	grCe_grSu6CiNe_PS	19	315.0	5	705.132	705.43
712.142	0.8999999999999773	trials	21	s021_F191226	grCe_grSu18Fa	11	225.0	5	712.442	712.74
712.75	0.8999999999999773	trials	21	s021_F191226	coCe	16	315.0	5	713.05	713.348
713.3580000000001	0.8999999999999773	trials	21	s021_F191226	grCe	1	90.0	5	713.658	713.957
721.5600000000001	0.8999999999999773	trials	21	s021_F191226	coCe_grSu6Ne	17	90.0	5	721.86	722.158
722.168	0.8999999999999773	trials	21	s021_F191226	grCe_grSu12SmCiNe	13	45.0	5	722.468	722.767
722.7940000000001	0.8999999999999773	trials	21	s021_F191226	grCe_grSu12Mi	9	180.0	5	723.094	723.392
723.402	0.8999999999999773	trials	21	s021_F191226	coCe_grSu6Ne	17	135.0	5	723.702	724.0
733.4200000000001	0.8999999999999773	trials	21	s021_F191226	grCe_grSu12SmCiNe	13	0.0	5	733.72	734.019
734.6370000000001	0.8999999999999773	trials	21	s021_F191226	coCe_grSu6Ne	17	0.0	5	734.937	735.236
735.863	0.8999999999999773	trials	21	s021_F191226	grCe_grSu1Ne	3	45.0	5	736.163	736.461
742.5640000000001	0.8999999999999773	trials	21	s021_F191226	grCe_grSu6CiNe_PS	19	45.0	5	742.864	743.162
743.797	0.8999999999999773	trials	21	s021_F191226	grCe_grSu12Mi	9	45.0	5	744.097	744.396
745.0390000000001	0.8999999999999773	trials	21	s021_F191226	grCe_grSu18Fa	11	180.0	5	745.339	745.638
751.7570000000001	0.8999999999999773	trials	21	s021_F191226	coCe	16	180.0	5	752.057	752.356
752.3660000000001	0.8999999999999773	trials	21	s021_F191226	grCe_grSu6CiNe_PS	19	270.0	5	752.666	752.964
752.974	0.8999999999999773	trials	21	s021_F191226	grSu6Ne	6		5	753.274	753.573
753.599	0.8999999999999773	trials	21	s021_F191226	grCe_grSu12Mi	9	90.0	5	753.899	754.198
754.216	0.8999999999999773	trials	21	s021_F191226	coCe_grSu6Ne	17	315.0	5	754.516	754.814
760.9670000000001	0.8999999999999773	trials	21	s021_F191226	grCe_grSu1Ne	3	270.0	5	761.267	761.566
761.576	0.8999999999999773	trials	21	s021_F191226	grCe_grSu12SmCiNe	13	135.0	5	761.876	762.174
762.1840000000001	0.8999999999999773	trials	21	s021_F191226	coCe	16	0.0	5	762.484	762.783
762.793	0.8999999999999773	trials	21	s021_F191226	grSu12SmCiNe	12		5	763.093	763.391
763.409	0.8999999999999773	trials	21	s021_F191226	grCe_grSu6Ne	7	315.0	5	763.709	764.008
770.0690000000001	0.8999999999999773	trials	21	s021_F191226	grCe_grSu1Ne	3	90.0	5	770.369	770.667
770.677	0.8999999999999773	trials	21	s021_F191226	grCe_grSu12SmCiNe	13	180.0	5	770.977	771.276
771.2860000000001	0.8999999999999773	trials	21	s021_F191226	grSu3Ne	4		5	771.586	771.884
771.894	0.8999999999999773	trials	21	s021_F191226	grCe_grSu12SmCiNe_PS	21	45.0	5	772.194	772.493
772.503	0.8999999999999773	trials	21	s021_F191226	grCe_grSu1Ne	3	0.0	5	772.803	773.101
779.529	0.8999999999999773	trials	21	s021_F191226	grCe_grSu12SmCiNe_PS	21	90.0	5	779.829	780.127
780.1460000000001	0.8999999999999773	trials	21	s021_F191226	grSu12Mi	8		5	780.446	780.744
780.754	0.8999999999999773	trials	21	s021_F191226	coCe	16	225.0	5	781.054	781.353
781.971	0.8999999999999773	trials	21	s021_F191226	grSu1Ne	2		5	782.271	782.57
789.022	0.8999999999999773	trials	21	s021_F191226	grCe_grSu12SmCiNe	13	315.0	5	789.322	789.621
789.623	0.8999999999999773	trials	21	s021_F191226	grCe	1	180.0	5	789.923	790.221
790.231	0.8999999999999773	trials	21	s021_F191226	grCe_grSu6CiNe	15	90.0	5	790.531	790.829
790.856	0.8999999999999773	trials	21	s021_F191226	grCe_grSu12Mi	9	135.0	5	791.156	791.455
791.465	0.8999999999999773	trials	21	s021_F191226	grCe_grSu12SmCiNe_PS	21	315.0	5	791.765	792.063
798.3240000000001	0.8999999999999773	trials	21	s021_F191226	grCe	1	270.0	5	798.624	798.923
798.941	0.8999999999999773	trials	21	s021_F191226	grCe_grSu1Ne	3	225.0	5	799.241	799.539
799.541	0.8999999999999773	trials	21	s021_F191226	coCe	16	270.0	5	799.841	800.139
800.158	0.8999999999999773	trials	21	s021_F191226	grCe_grSu3Ne	5	45.0	5	800.458	800.756
804.0920000000001	0.8999999999999773	trials	21	s021_F191226	grCe_grSu12Mi	9	270.0	5	804.392	804.69
804.725	0.8999999999999773	trials	21	s021_F191226	grCe_grSu18Fa	11	90.0	5	805.025	805.324
808.426	0.8999999999999773	trials	21	s021_F191226	grCe_grSu3Ne	5	225.0	5	808.726	809.024
809.0350000000001	0.8999999999999773	trials	21	s021_F191226	coCe_grSu6Ne	17	225.0	5	809.335	809.633
813.427	0.8999999999999773	trials	21	s021_F191226	grCe_grSu6CiNe	15	180.0	5	813.727	814.025
817.2860000000001	0.8999999999999773	trials	21	s021_F191226	grCe_grSu6Ne	7	45.0	5	817.586	817.884
817.9200000000001	0.8999999999999773	trials	21	s021_F191226	grCe_grSu18Fa	11	0.0	5	818.22	818.518
818.528	0.8999999999999773	trials	21	s021_F191226	grCe_grSu6CiNe_PS	19	225.0	5	818.828	819.126
819.153	0.8999999999999773	trials	21	s021_F191226	grSu18Fa	10		5	819.453	819.751
819.7620000000001	0.8999999999999773	trials	21	s021_F191226	coCe_grSu6Ne	17	45.0	5	820.062	820.36
826.363	0.8999999999999773	trials	21	s021_F191226	grCe_grSu1Ne	3	315.0	5	826.663	826.961
826.971	0.8999999999999773	trials	21	s021_F191226	grCe_grSu6CiNe	15	270.0	5	827.271	827.57
827.58	0.8999999999999773	trials	21	s021_F191226	grCe_grSu12SmCiNe_PS	21	225.0	5	827.88	828.178
835.4480000000001	0.8999999999999773	trials	21	s021_F191226	grCe_grSu6Ne_PS	18	90.0	5	835.748	836.046
836.6650000000001	0.8999999999999773	trials	21	s021_F191226	grCe_grSu6Ne_PS	18	270.0	5	836.965	837.263
837.298	0.8999999999999773	trials	21	s021_F191226	grCe_grSu18Fa	11	270.0	5	837.598	837.897
837.907	0.8999999999999773	trials	21	s021_F191226	grCe_grSu12SmCiNe_PS	21	270.0	5	838.207	838.505
849.4920000000001	0.8999999999999773	trials	21	s021_F191226	grCe_grSu6Ne_PS	18	45.0	5	849.792	850.09
850.1	0.8999999999999773	trials	21	s021_F191226	coCe	16	45.0	5	850.4	850.699
850.7090000000001	0.8999999999999773	trials	21	s021_F191226	grCe_grSu12SmCiNe_PS	21	0.0	5	851.009	851.307
851.326	0.8999999999999773	trials	21	s021_F191226	grCe_grSu12Mi	9	225.0	5	851.626	851.924
862.711	0.8999999999999773	trials	21	s021_F191226	grCe_grSu6CiNe	15	0.0	5	863.011	863.31
863.32	0.8999999999999773	trials	21	s021_F191226	grCe_grSu6CiNe_PS	19	180.0	3	863.62	863.918
864.5360000000001	0.8999999999999773	trials	21	s021_F191226	grCe_grSu6CiNe_PS	19	315.0	3	864.836	865.135
871.2040000000001	0.8999999999999773	trials	21	s021_F191226	grCe_grSu6CiNe_PS	19	0.0	3	871.504	871.803
875.6890000000001	0.8999999999999773	trials	21	s021_F191226	grCe_grSu6Ne_PS	18	90.0	3	875.989	876.287
876.297	0.8999999999999773	trials	21	s021_F191226	grCe_grSu6CiNe	15	135.0	3	876.597	876.895
876.9140000000001	0.8999999999999773	trials	21	s021_F191226	grCe_grSu12Mi	9	45.0	3	877.214	877.512
877.522	0.8999999999999773	trials	21	s021_F191226	grCe_grSu12SmCiNe	13	135.0	3	877.822	878.121
878.1310000000001	0.8999999999999773	trials	21	s021_F191226	grCe_grSu6Ne	7	0.0	3	878.431	878.729
884.9820000000001	0.8999999999999773	trials	21	s021_F191226	coCe_grSu6Ne	17	90.0	3	885.282	885.58
885.599	0.8999999999999773	trials	21	s021_F191226	grCe_grSu12Mi	9	0.0	3	885.899	886.197
886.2320000000001	0.8999999999999773	trials	21	s021_F191226	grCe_grSu18Fa	11	225.0	3	886.532	886.831
886.841	0.8999999999999773	trials	21	s021_F191226	grCe_grSu12SmCiNe	13	90.0	3	887.141	887.439
887.457	0.8999999999999773	trials	21	s021_F191226	grCe_grSu6Ne	7	45.0	3	887.757	888.056
894.234	0.8999999999999773	trials	21	s021_F191226	grCe_grSu18Fa	11	315.0	3	894.534	894.832
894.85	0.8999999999999773	trials	21	s021_F191226	grCe_grSu12SmCiNe	13	0.0	3	895.15	895.449
895.4590000000001	0.8999999999999773	trials	21	s021_F191226	grCe_grSu6CiNe_PS	19	45.0	3	895.759	896.057
896.067	0.8999999999999773	trials	21	s021_F191226	coCe_grSu6Ne	17	270.0	3	896.367	896.666
903.494	0.8999999999999773	trials	21	s021_F191226	grSu12SmCiNe	12		3	903.794	904.092
904.1020000000001	0.8999999999999773	trials	21	s021_F191226	grCe_grSu12SmCiNe	13	315.0	3	904.402	904.701
907.695	0.8999999999999773	trials	21	s021_F191226	grCe_grSu6CiNe	15	270.0	3	907.995	908.293
908.303	0.8999999999999773	trials	21	s021_F191226	grCe_grSu12SmCiNe_PS	21	135.0	3	908.603	908.901
908.9110000000001	0.8999999999999773	trials	21	s021_F191226	grCe_grSu1Ne	3	225.0	3	909.211	909.51
913.196	0.8999999999999773	trials	21	s021_F191226	grCe_grSu6Ne	7	225.0	3	913.496	913.794
913.796	0.8999999999999773	trials	21	s021_F191226	coCe	16	0.0	3	914.096	914.394
914.404	0.8999999999999773	trials	21	s021_F191226	grCe_grSu1Ne	3	135.0	3	914.704	915.002
915.013	0.8999999999999773	trials	21	s021_F191226	grCe_grSu1Ne	3	90.0	3	915.313	915.611
915.6210000000001	0.8999999999999773	trials	21	s021_F191226	grSu3Ne	4		3	915.921	916.219
922.3140000000001	0.8999999999999773	trials	21	s021_F191226	grCe_grSu12SmCiNe	13	225.0	3	922.614	922.912
922.922	0.8999999999999773	trials	21	s021_F191226	grCe_grSu6CiNe_PS	19	270.0	3	923.222	923.521
924.139	0.8999999999999773	trials	21	s021_F191226	grCe_grSu12SmCiNe_PS	21	315.0	3	924.439	924.738
924.748	0.8999999999999773	trials	21	s021_F191226	grCe_grSu3Ne	5	270.0	3	925.048	925.346
931.5740000000001	0.8999999999999773	trials	21	s021_F191226	grCe_grSu6Ne_PS	18	225.0	3	931.874	932.172
932.1740000000001	0.8999999999999773	trials	21	s021_F191226	NoStim	0		3	932.474	932.772
932.808	0.8999999999999773	trials	21	s021_F191226	grCe_grSu18Fa	11	270.0	3	933.108	933.406
933.441	0.8999999999999773	trials	21	s021_F191226	grCe_grSu18Fa	11	90.0	3	933.741	934.039
934.058	0.8999999999999773	trials	21	s021_F191226	grCe_grSu1Ne	3	0.0	3	934.358	934.656
941.3090000000001	0.8999999999999773	trials	21	s021_F191226	grCe_grSu6Ne	7	135.0	3	941.609	941.907
941.9340000000001	0.8999999999999773	trials	21	s021_F191226	grCe_grSu12Mi	9	90.0	3	942.234	942.533
942.543	0.8999999999999773	trials	21	s021_F191226	grCe_grSu6CiNe	15	45.0	3	942.843	943.141
943.159	0.8999999999999773	trials	21	s021_F191226	grCe_grSu1Ne	3	180.0	3	943.459	943.758
950.9530000000001	0.8999999999999773	trials	21	s021_F191226	grCe	1	225.0	3	951.253	951.551
951.5690000000001	0.8999999999999773	trials	21	s021_F191226	grCe_grSu6Ne	7	180.0	3	951.869	952.168
952.178	0.8999999999999773	trials	21	s021_F191226	coCe	16	270.0	3	952.478	952.776
952.7860000000001	0.8999999999999773	trials	21	s021_F191226	grCe	1	0.0	3	953.086	953.385
960.421	0.8999999999999773	trials	21	s021_F191226	grCe_grSu6CiNe	15	315.0	3	960.721	961.019
961.0540000000001	0.8999999999999773	trials	21	s021_F191226	grCe_grSu18Fa	11	135.0	3	961.354	961.653
961.663	0.8999999999999773	trials	21	s021_F191226	coCe_grSu6Ne	17	225.0	3	961.963	962.261
962.2710000000001	0.8999999999999773	trials	21	s021_F191226	coCe_grSu6Ne	17	315.0	3	962.571	962.87
962.8710000000001	0.8999999999999773	trials	21	s021_F191226	grCe	1	270.0	3	963.171	963.47
969.873	0.8999999999999773	trials	21	s021_F191226	coCe	16	225.0	3	970.173	970.471
970.481	0.8999999999999773	trials	21	s021_F191226	grSu6CiNe	14		3	970.781	971.08
971.6980000000001	0.8999999999999773	trials	21	s021_F191226	coSu6Ne	20		3	971.998	972.296
979.124	0.8999999999999773	trials	21	s021_F191226	grCe_grSu6Ne_PS	18	45.0	3	979.424	979.723
979.7330000000001	0.8999999999999773	trials	21	s021_F191226	grCe_grSu6CiNe_PS	19	135.0	3	980.033	980.331
980.341	0.8999999999999773	trials	21	s021_F191226	coCe_grSu6Ne	17	0.0	3	980.641	980.94
981.567	0.8999999999999773	trials	21	s021_F191226	grCe_grSu12Mi	9	225.0	3	981.867	982.165
989.1850000000001	0.8999999999999773	trials	21	s021_F191226	grCe	1	315.0	3	989.485	989.783
990.393	0.8999999999999773	trials	21	s021_F191226	coCe	16	90.0	3	990.693	990.992
990.993	0.8999999999999773	trials	21	s021_F191226	grCe	1	135.0	3	991.293	991.592
991.6020000000001	0.8999999999999773	trials	21	s021_F191226	grCe_grSu6Ne	7	90.0	3	991.902	992.2
998.4530000000001	0.8999999999999773	trials	21	s021_F191226	grCe_grSu6Ne	7	315.0	3	998.753	999.051
999.678	0.8999999999999773	trials	21	s021_F191226	grCe_grSu12SmCiNe_PS	21	0.0	3	999.978	1000.277
1007.638	0.8999999999999773	trials	21	s021_F191226	grCe_grSu6Ne_PS	18	135.0	3	1007.938	1008.236
1008.2470000000001	0.8999999999999773	trials	21	s021_F191226	grSu6Ne	6		3	1008.547	1008.845
1008.855	0.8999999999999773	trials	21	s021_F191226	grCe_grSu3Ne	5	45.0	3	1009.155	1009.453
1010.0970000000001	0.8999999999999773	trials	21	s021_F191226	grCe_grSu18Fa	11	45.0	3	1010.397	1010.695
1016.773	0.8999999999999773	trials	21	s021_F191226	grCe_grSu18Fa	11	180.0	3	1017.073	1017.372
1019.224	0.8999999999999773	trials	21	s021_F191226	grCe_grSu3Ne	5	225.0	3	1019.524	1019.822
1030.834	0.8999999999998636	trials	21	s021_F191226	grCe	1	180.0	3	1031.134	1031.432
1031.451	0.8999999999998636	trials	21	s021_F191226	grCe_grSu12Mi	9	315.0	3	1031.751	1032.049
1032.059	0.8999999999998636	trials	21	s021_F191226	grCe_grSu6Ne_PS	18	270.0	3	1032.359	1032.658
1032.6680000000001	0.8999999999998636	trials	21	s021_F191226	grCe_grSu12SmCiNe_PS	21	225.0	3	1032.968	1033.266
1039.819	0.8999999999998636	trials	21	s021_F191226	grCe_grSu12SmCiNe_PS	21	270.0	3	1040.119	1040.417
1040.453	0.8999999999998636	trials	21	s021_F191226	grCe_grSu18Fa	11	0.0	3	1040.753	1041.051
1041.078	0.8999999999998636	trials	21	s021_F191226	grCe_grSu12Mi	9	270.0	3	1041.378	1041.676
1041.6860000000001	0.8999999999998636	trials	21	s021_F191226	grCe	1	45.0	3	1041.986	1042.284
1042.295	0.8999999999998636	trials	21	s021_F191226	grCe_grSu6CiNe	15	0.0	3	1042.595	1042.893
1049.538	0.8999999999998636	trials	21	s021_F191226	grCe_grSu6CiNe	15	225.0	3	1049.838	1050.136
1050.146	0.8999999999998636	trials	21	s021_F191226	grCe_grSu1Ne	3	270.0	3	1050.446	1050.744
1050.7630000000001	0.8999999999998636	trials	21	s021_F191226	grCe_grSu3Ne	5	0.0	3	1051.063	1051.361
1057.997	0.8999999999998636	trials	21	s021_F191226	coCe_grSu6Ne	17	45.0	3	1058.297	1058.596
1058.606	0.8999999999998636	trials	21	s021_F191226	grCe_grSu6CiNe_PS	19	225.0	3	1058.906	1059.204
1059.214	0.8999999999998636	trials	21	s021_F191226	coCe	16	315.0	3	1059.514	1059.813
1059.814	0.8999999999998636	trials	21	s021_F191226	coCe	16	180.0	3	1060.114	1060.413
1060.423	0.8999999999998636	trials	21	s021_F191226	grCe_grSu3Ne	5	90.0	3	1060.723	1061.021
1067.241	0.8999999999998636	trials	21	s021_F191226	grCe_grSu3Ne	5	135.0	3	1067.541	1067.839
1067.849	0.8999999999998636	trials	21	s021_F191226	grCe_grSu6CiNe	15	90.0	3	1068.149	1068.448
1068.458	0.8999999999998636	trials	21	s021_F191226	grCe_grSu6CiNe_PS	19	90.0	3	1068.758	1069.056
1069.083	0.8999999999998636	trials	21	s021_F191226	grSu18Fa	10		3	1069.383	1069.681
1072.625	0.8999999999998636	trials	21	s021_F191226	grCe_grSu12SmCiNe_PS	21	90.0	3	1072.925	1073.224
1073.242	0.8999999999998636	trials	21	s021_F191226	coCe_grSu6Ne	17	135.0	3	1073.542	1073.84
1073.8500000000001	0.8999999999998636	trials	21	s021_F191226	grCe_grSu6Ne_PS	18	0.0	3	1074.15	1074.449
1074.459	0.8999999999998636	trials	21	s021_F191226	grCe_grSu12SmCiNe	13	45.0	3	1074.759	1075.057
1086.828	0.8999999999998636	trials	21	s021_F191226	grCe_grSu12SmCiNe_PS	21	180.0	3	1087.128	1087.426
1087.428	0.8999999999998636	trials	21	s021_F191226	grCe	1	90.0	3	1087.728	1088.026
1088.036	0.8999999999998636	trials	21	s021_F191226	grCe_grSu3Ne	5	180.0	3	1088.336	1088.635
1088.653	0.8999999999998636	trials	21	s021_F191226	grCe_grSu3Ne	5	315.0	3	1088.953	1089.252
1089.278	0.8999999999998636	trials	21	s021_F191226	grCe_grSu12Mi	9	135.0	3	1089.578	1089.877
1095.863	0.8999999999998636	trials	21	s021_F191226	grCe_grSu1Ne	3	45.0	3	1096.163	1096.461
1096.48	0.8999999999998636	trials	21	s021_F191226	grCe_grSu12SmCiNe	13	180.0	3	1096.78	1097.078
1100.089	0.8999999999998636	trials	21	s021_F191226	grSu12Mi	8		3	1100.389	1100.687
1103.756	0.8999999999998636	trials	21	s021_F191226	grCe_grSu12Mi	9	180.0	3	1104.056	1104.354
1104.373	0.8999999999998636	trials	21	s021_F191226	coCe_grSu6Ne	17	180.0	3	1104.673	1104.971
1104.981	0.8999999999998636	trials	21	s021_F191226	coCe	16	45.0	3	1105.281	1105.58
1105.5900000000001	0.8999999999998636	trials	21	s021_F191226	grCe_grSu6Ne_PS	18	180.0	3	1105.89	1106.188
1106.198	0.8999999999998636	trials	21	s021_F191226	grCe_grSu6CiNe	15	180.0	3	1106.498	1106.796
1113.2830000000001	0.8999999999998636	trials	21	s021_F191226	grCe_grSu12SmCiNe_PS	21	45.0	3	1113.583	1113.881
1113.891	0.8999999999998636	trials	21	s021_F191226	grSu1Ne	2		3	1114.191	1114.49
1114.5	0.8999999999998636	trials	21	s021_F191226	grCe_grSu6Ne	7	270.0	3	1114.8	1115.098
1115.108	0.8999999999998636	trials	21	s021_F191226	grCe_grSu6Ne_PS	18	315.0	3	1115.408	1115.706
1128.27	0.8999999999998636	trials	21	s021_F191226	grCe_grSu1Ne	3	315.0	3	1128.57	1128.868
1128.8780000000002	0.8999999999998636	trials	21	s021_F191226	grCe_grSu12SmCiNe	13	270.0	3	1129.178	1129.477
1130.095	0.8999999999998636	trials	21	s021_F191226	coCe	16	135.0	3	1130.395	1130.694
1130.704	0.8999999999998636	trials	21	s021_F191226	grCe_grSu12SmCiNe_PS	21	225.0	0	1131.004	1131.302
1138.972	0.8999999999998636	trials	21	s021_F191226	coCe	16	135.0	0	1139.272	1139.57
1139.5800000000002	0.8999999999998636	trials	21	s021_F191226	grCe_grSu6CiNe	15	180.0	0	1139.88	1140.179
1143.673	0.8999999999998636	trials	21	s021_F191226	grCe_grSu1Ne	3	135.0	0	1143.973	1144.271
1144.281	0.8999999999998636	trials	21	s021_F191226	grCe_grSu1Ne	3	315.0	0	1144.581	1144.88
1144.89	0.8999999999998636	trials	21	s021_F191226	grCe_grSu1Ne	3	180.0	0	1145.19	1145.488
1145.498	0.8999999999998636	trials	21	s021_F191226	grCe_grSu6CiNe_PS	19	225.0	0	1145.798	1146.096
1146.106	0.8999999999998636	trials	21	s021_F191226	coSu6Ne	20		0	1146.406	1146.705
1153.441	0.8999999999998636	trials	21	s021_F191226	grCe_grSu3Ne	5	225.0	0	1153.741	1154.04
1154.058	0.8999999999998636	trials	21	s021_F191226	grCe_grSu12Mi	9	270.0	0	1154.358	1154.656
1158.892	0.8999999999998636	trials	21	s021_F191226	coCe_grSu6Ne	17	315.0	0	1159.192	1159.491
1159.501	0.8999999999998636	trials	21	s021_F191226	coCe	16	315.0	0	1159.801	1160.099
1160.101	0.8999999999998636	trials	21	s021_F191226	grCe	1	45.0	0	1160.401	1160.699
1160.7340000000002	0.8999999999998636	trials	21	s021_F191226	grCe_grSu18Fa	11	135.0	0	1161.034	1161.333
1173.036	0.8999999999998636	trials	21	s021_F191226	coCe	16	270.0	0	1173.336	1173.635
1173.637	0.8999999999998636	trials	21	s021_F191226	coCe	16	180.0	0	1173.937	1174.235
1174.237	0.8999999999998636	trials	21	s021_F191226	grCe	1	135.0	0	1174.537	1174.835
1181.53	0.8999999999998636	trials	21	s021_F191226	coCe_grSu6Ne	17	0.0	0	1181.83	1182.128
1182.1380000000001	0.8999999999998636	trials	21	s021_F191226	coCe	16	0.0	0	1182.438	1182.737
1182.747	0.8999999999998636	trials	21	s021_F191226	grCe	1	315.0	0	1183.047	1183.345
1183.355	0.8999999999998636	trials	21	s021_F191226	grCe	1	225.0	0	1183.655	1183.953
1183.963	0.8999999999998636	trials	21	s021_F191226	grSu1Ne	2		0	1184.263	1184.562
1190.631	0.8999999999998636	trials	21	s021_F191226	grCe_grSu12Mi	9	90.0	0	1190.931	1191.23
1192.4650000000001	0.8999999999998636	trials	21	s021_F191226	grCe_grSu6Ne	7	225.0	0	1192.765	1193.063
1193.074	0.8999999999998636	trials	21	s021_F191226	grCe_grSu6Ne_PS	18	315.0	0	1193.374	1193.672
1211.627	0.8999999999998636	trials	21	s021_F191226	grCe_grSu6Ne_PS	18	225.0	0	1211.927	1212.225
1212.2350000000001	0.8999999999998636	trials	21	s021_F191226	grCe_grSu12SmCiNe	13	0.0	0	1212.535	1212.834
1217.678	0.8999999999998636	trials	21	s021_F191226	grCe_grSu12SmCiNe	13	45.0	0	1217.978	1218.276
1218.295	0.8999999999998636	trials	21	s021_F191226	coCe_grSu6Ne	17	270.0	0	1218.595	1218.893
1218.903	0.8999999999998636	trials	21	s021_F191226	grCe_grSu6CiNe	15	225.0	0	1219.203	1219.502
1219.52	0.8999999999998636	trials	21	s021_F191226	grCe_grSu3Ne	5	180.0	0	1219.82	1220.118
1226.488	0.8999999999998636	trials	21	s021_F191226	grCe_grSu12Mi	9	315.0	0	1226.788	1227.086
1227.105	0.8999999999998636	trials	21	s021_F191226	grCe_grSu12Mi	9	0.0	0	1227.405	1227.703
1227.713	0.8999999999998636	trials	21	s021_F191226	grSu12SmCiNe	12		0	1228.013	1228.312
1228.3300000000002	0.8999999999998636	trials	21	s021_F191226	coCe_grSu6Ne	17	135.0	0	1228.63	1228.928
1228.939	0.8999999999998636	trials	21	s021_F191226	grCe_grSu6Ne	7	270.0	0	1229.239	1229.537
1238.682	0.8999999999998636	trials	21	s021_F191226	grCe_grSu6Ne	7	90.0	0	1238.982	1239.28
1239.29	0.8999999999998636	trials	21	s021_F191226	grCe_grSu12SmCiNe_PS	21	45.0	0	1239.59	1239.889
1239.8990000000001	0.8999999999998636	trials	21	s021_F191226	grCe_grSu6Ne_PS	18	0.0	0	1240.199	1240.497
1240.507	0.8999999999998636	trials	21	s021_F191226	grCe_grSu6CiNe	15	270.0	0	1240.807	1241.106
1244.4750000000001	0.8999999999998636	trials	21	s021_F191226	grCe_grSu18Fa	11	45.0	0	1244.775	1245.073
1245.083	0.8999999999998636	trials	21	s021_F191226	grSu3Ne	4		0	1245.383	1245.682
1245.692	0.8999999999998636	trials	21	s021_F191226	grCe_grSu1Ne	3	90.0	0	1245.992	1246.29
1246.909	0.8999999999998636	trials	21	s021_F191226	grCe_grSu6CiNe_PS	19	135.0	0	1247.209	1247.507
1267.362	0.8999999999998636	trials	21	s021_F191226	grCe_grSu3Ne	5	0.0	0	1267.662	1267.961
1267.971	0.8999999999998636	trials	21	s021_F191226	grCe_grSu1Ne	3	270.0	0	1268.271	1268.569
1268.579	0.8999999999998636	trials	21	s021_F191226	grSu6CiNe	14		0	1268.879	1269.178
1272.73	0.8999999999998636	trials	21	s021_F191226	grCe	1	270.0	0	1273.03	1273.328
1273.347	0.8999999999998636	trials	21	s021_F191226	grCe_grSu6Ne	7	180.0	0	1273.647	1273.945
1273.9550000000002	0.8999999999998636	trials	21	s021_F191226	grSu6Ne	6		0	1274.255	1274.554
1274.564	0.8999999999998636	trials	21	s021_F191226	grCe_grSu12SmCiNe_PS	21	315.0	0	1274.864	1275.162
1278.723	0.8999999999998636	trials	21	s021_F191226	grCe_grSu6CiNe	15	135.0	0	1279.023	1279.321
1279.356	0.8999999999998636	trials	21	s021_F191226	grCe_grSu18Fa	11	225.0	0	1279.656	1279.955
1279.9650000000001	0.8999999999998636	trials	21	s021_F191226	grCe_grSu3Ne	5	135.0	0	1280.265	1280.563
1280.5810000000001	0.8999999999998636	trials	21	s021_F191226	grCe_grSu12SmCiNe	13	315.0	0	1280.881	1281.18
1287.316	0.8999999999998636	trials	21	s021_F191226	grCe_grSu12SmCiNe	13	135.0	0	1287.616	1287.914
1287.924	0.8999999999998636	trials	21	s021_F191226	grCe	1	90.0	0	1288.224	1288.523
1288.541	0.8999999999998636	trials	21	s021_F191226	grCe_grSu3Ne	5	45.0	0	1288.841	1289.14
1289.141	0.8999999999998636	trials	21	s021_F191226	NoStim	0		0	1289.441	1289.74
1289.775	0.8999999999998636	trials	21	s021_F191226	grCe_grSu18Fa	11	180.0	0	1290.075	1290.373
1296.451	0.8999999999998636	trials	21	s021_F191226	grCe_grSu6Ne	7	135.0	0	1296.751	1297.049
1297.068	0.8999999999998636	trials	21	s021_F191226	grSu12Mi	8		0	1297.368	1297.666
1297.685	0.8999999999998636	trials	21	s021_F191226	grCe_grSu12Mi	9	45.0	0	1297.985	1298.283
1298.2930000000001	0.8999999999998636	trials	21	s021_F191226	grCe_grSu6CiNe	15	315.0	0	1298.593	1298.891
1302.736	0.8999999999998636	trials	21	s021_F191226	grCe_grSu6Ne_PS	18	135.0	0	1303.036	1303.334
1303.3690000000001	0.8999999999998636	trials	21	s021_F191226	grCe_grSu18Fa	11	90.0	0	1303.669	1303.967
1304.002	0.8999999999998636	trials	21	s021_F191226	grCe_grSu18Fa	11	270.0	0	1304.302	1304.601
1304.611	0.8999999999998636	trials	21	s021_F191226	grCe_grSu1Ne	3	45.0	0	1304.911	1305.209
1305.219	0.8999999999998636	trials	21	s021_F191226	grCe_grSu6CiNe_PS	19	180.0	0	1305.519	1305.818
1314.813	0.8999999999998636	trials	21	s021_F191226	grCe_grSu6CiNe_PS	19	315.0	0	1315.113	1315.411
1315.421	0.8999999999998636	trials	21	s021_F191226	grCe_grSu6CiNe	15	90.0	0	1315.721	1316.02
1316.03	0.8999999999998636	trials	21	s021_F191226	grCe_grSu6CiNe_PS	19	45.0	0	1316.33	1316.628
1316.646	0.8999999999998636	trials	21	s021_F191226	grCe_grSu3Ne	5	270.0	0	1316.946	1317.245
1317.255	0.8999999999998636	trials	21	s021_F191226	grCe_grSu6Ne	7	0.0	0	1317.555	1317.853
1325.056	0.8999999999998636	trials	21	s021_F191226	coCe_grSu6Ne	17	45.0	0	1325.356	1325.655
1326.2730000000001	0.8999999999998636	trials	21	s021_F191226	grCe_grSu12SmCiNe_PS	21	270.0	0	1326.573	1326.872
1326.882	0.8999999999998636	trials	21	s021_F191226	grCe_grSu12SmCiNe_PS	21	90.0	0	1327.182	1327.48
1334.241	0.8999999999998636	trials	21	s021_F191226	grCe_grSu12SmCiNe	13	270.0	0	1334.541	1334.84
1334.875	0.8999999999998636	trials	21	s021_F191226	grCe_grSu18Fa	11	315.0	0	1335.175	1335.473
1335.483	0.8999999999998636	trials	21	s021_F191226	grCe_grSu12SmCiNe_PS	21	135.0	0	1335.783	1336.082
1336.092	0.8999999999998636	trials	21	s021_F191226	coCe_grSu6Ne	17	180.0	0	1336.392	1336.69
1336.7	0.8999999999998636	trials	21	s021_F191226	grCe_grSu6Ne	7	315.0	0	1337.0	1337.299
1343.96	0.8999999999998636	trials	21	s021_F191226	grCe_grSu12Mi	9	180.0	0	1344.26	1344.558
1345.1770000000001	0.8999999999998636	trials	21	s021_F191226	grCe_grSu6Ne_PS	18	180.0	0	1345.477	1345.775
1345.777	0.8999999999998636	trials	21	s021_F191226	grCe	1	180.0	0	1346.077	1346.375
1353.57	0.8999999999998636	trials	21	s021_F191226	grCe_grSu6CiNe_PS	19	0.0	0	1353.87	1354.168
1354.178	0.8999999999998636	trials	21	s021_F191226	grCe_grSu6CiNe_PS	19	270.0	0	1354.478	1354.777
1356.0040000000001	0.8999999999998636	trials	21	s021_F191226	grCe_grSu3Ne	5	90.0	0	1356.304	1356.602
1362.647	0.8999999999998636	trials	21	s021_F191226	grCe_grSu1Ne	3	0.0	0	1362.947	1363.245
1363.255	0.8999999999998636	trials	21	s021_F191226	grCe_grSu6CiNe	15	45.0	0	1363.555	1363.854
1364.472	0.8999999999998636	trials	21	s021_F191226	coCe	16	225.0	0	1364.772	1365.07
1365.0800000000002	0.8999999999998636	trials	21	s021_F191226	grCe_grSu12SmCiNe	13	225.0	0	1365.38	1365.679
1372.574	0.8999999999998636	trials	21	s021_F191226	coCe_grSu6Ne	17	90.0	0	1372.874	1373.172
1373.807	0.8999999999998636	trials	21	s021_F191226	grSu18Fa	10		0	1374.107	1374.405
1374.416	0.8999999999998636	trials	21	s021_F191226	coCe	16	90.0	0	1374.716	1375.014
1381.4080000000001	0.8999999999998636	trials	21	s021_F191226	grCe_grSu6CiNe_PS	19	90.0	0	1381.708	1382.007
1382.017	0.8999999999998636	trials	21	s021_F191226	coCe_grSu6Ne	17	225.0	0	1382.317	1382.615
1382.625	0.8999999999998636	trials	21	s021_F191226	grCe_grSu6Ne_PS	18	270.0	0	1382.925	1383.224
1383.2340000000002	0.8999999999998636	trials	21	s021_F191226	grCe_grSu12SmCiNe	13	90.0	0	1383.534	1383.832
1383.842	0.8999999999998636	trials	21	s021_F191226	grCe_grSu12SmCiNe_PS	21	0.0	0	1384.142	1384.441
1399.6870000000001	0.8999999999998636	trials	21	s021_F191226	grCe_grSu12Mi	9	225.0	0	1399.987	1400.285
1400.912	0.8999999999998636	trials	21	s021_F191226	grCe_grSu12SmCiNe_PS	21	180.0	0	1401.212	1401.511
1402.162	0.8999999999998636	trials	21	s021_F191226	grCe_grSu18Fa	11	0.0	0	1402.462	1402.761
1409.755	0.8999999999998636	trials	21	s021_F191226	grCe	1	0.0	0	1410.055	1410.354
1410.364	0.8999999999998636	trials	21	s021_F191226	grCe_grSu1Ne	3	225.0	0	1410.664	1410.962
1410.964	0.8999999999998636	trials	21	s021_F191226	coCe	16	45.0	0	1411.264	1411.562
1411.5720000000001	0.8999999999998636	trials	21	s021_F191226	grCe_grSu3Ne	5	315.0	0	1411.872	1412.171
1420.457	0.8999999999998636	trials	21	s021_F191226	grCe_grSu12SmCiNe	13	180.0	0	1420.757	1421.056
1424.8500000000001	0.8999999999998636	trials	21	s021_F191226	grCe_grSu6CiNe	15	0.0	0	1425.15	1425.448
1425.458	0.8999999999998636	trials	21	s021_F191226	grCe_grSu6Ne_PS	18	45.0	0	1425.758	1426.057
1426.075	0.8999999999998636	trials	21	s021_F191226	grCe_grSu12Mi	9	135.0	0	1426.375	1426.674
1426.684	0.8999999999998636	trials	21	s021_F191226	grCe_grSu6Ne	7	45.0	0	1426.984	1427.282
1427.2920000000001	0.8999999999998636	trials	21	s021_F191226	grCe_grSu6Ne_PS	18	90.0	0	1427.592	1427.89
1435.16	0.8999999999998636	trials	21	s021_F191226	coCe	16	315.0	9	1435.46	1435.759
1436.394	0.8999999999998636	trials	21	s021_F191226	grCe_grSu6CiNe	15	315.0	9	1436.694	1436.992
1437.002	0.8999999999998636	trials	21	s021_F191226	grCe_grSu6CiNe_PS	19	90.0	9	1437.302	1437.601
1443.72	0.8999999999998636	trials	21	s021_F191226	grCe_grSu6Ne	7	45.0	9	1444.02	1444.318
1444.329	0.8999999999998636	trials	21	s021_F191226	grCe_grSu6CiNe_PS	19	270.0	9	1444.629	1444.927
1444.954	0.8999999999998636	trials	21	s021_F191226	grCe_grSu12Mi	9	0.0	9	1445.254	1445.552
1445.5620000000001	0.8999999999998636	trials	21	s021_F191226	grCe_grSu1Ne	3	0.0	9	1445.862	1446.16
1446.171	0.8999999999998636	trials	21	s021_F191226	grCe_grSu3Ne	5	315.0	9	1446.471	1446.769
1452.913	0.8999999999998636	trials	21	s021_F191226	grCe_grSu18Fa	11	90.0	9	1453.213	1453.512
1453.53	0.8999999999998636	trials	21	s021_F191226	grCe_grSu12SmCiNe	13	180.0	9	1453.83	1454.129
1454.1390000000001	0.8999999999998636	trials	21	s021_F191226	grCe_grSu6CiNe	15	45.0	9	1454.439	1454.737
1454.747	0.8999999999998636	trials	21	s021_F191226	grCe_grSu1Ne	3	225.0	9	1455.047	1455.346
1455.347	0.8999999999998636	trials	21	s021_F191226	grCe	1	135.0	9	1455.647	1455.946
1465.924	0.8999999999998636	trials	21	s021_F191226	grCe_grSu3Ne	5	225.0	9	1466.224	1466.523
1466.541	0.8999999999998636	trials	21	s021_F191226	grSu12Mi	8		9	1466.841	1467.139
1467.1490000000001	0.8999999999998636	trials	21	s021_F191226	grCe_grSu6Ne	7	225.0	9	1467.449	1467.748
1475.343	0.8999999999998636	trials	21	s021_F191226	grCe_grSu12SmCiNe_PS	21	225.0	9	1475.643	1475.941
1475.951	0.8999999999998636	trials	21	s021_F191226	grCe_grSu3Ne	5	270.0	9	1476.251	1476.549
1476.568	0.8999999999998636	trials	21	s021_F191226	grCe_grSu12Mi	9	90.0	9	1476.868	1477.166
1477.185	0.8999999999998636	trials	21	s021_F191226	grCe_grSu12Mi	9	315.0	9	1477.485	1477.783
1477.8010000000002	0.8999999999998636	trials	21	s021_F191226	grCe_grSu12Mi	9	225.0	9	1478.101	1478.4
1490.145	0.8999999999998636	trials	21	s021_F191226	coCe_grSu6Ne	17	270.0	9	1490.445	1490.744
1490.7540000000001	0.8999999999998636	trials	21	s021_F191226	grCe_grSu1Ne	3	315.0	9	1491.054	1491.352
1491.362	0.8999999999998636	trials	21	s021_F191226	grCe_grSu12SmCiNe_PS	21	315.0	9	1491.662	1491.961
1498.88	0.8999999999998636	trials	21	s021_F191226	grCe_grSu6Ne_PS	18	0.0	9	1499.18	1499.479
1499.489	0.8999999999998636	trials	21	s021_F191226	coCe	16	135.0	9	1499.789	1500.087
1500.106	0.8999999999998636	trials	21	s021_F191226	grCe_grSu12Mi	9	270.0	9	1500.406	1500.704
1500.722	0.8999999999998636	trials	21	s021_F191226	grCe_grSu6Ne	7	180.0	9	1501.022	1501.321
1501.3310000000001	0.8999999999998636	trials	21	s021_F191226	grCe_grSu1Ne	3	180.0	9	1501.631	1501.929
1508.307	0.8999999999998636	trials	21	s021_F191226	grCe_grSu6Ne_PS	18	180.0	9	1508.607	1508.905
1508.916	0.8999999999998636	trials	21	s021_F191226	grCe_grSu12SmCiNe	13	225.0	9	1509.216	1509.514
1510.141	0.8999999999998636	trials	21	s021_F191226	grCe_grSu6Ne	7	90.0	9	1510.441	1510.739
1510.749	0.8999999999998636	trials	21	s021_F191226	coCe_grSu6Ne	17	45.0	9	1511.049	1511.348
1517.409	0.8999999999998636	trials	21	s021_F191226	grCe_grSu18Fa	11	270.0	9	1517.709	1518.007
1521.351	0.8999999999998636	trials	21	s021_F191226	grSu1Ne	2		9	1521.651	1521.95
1521.9850000000001	0.8999999999998636	trials	21	s021_F191226	grSu18Fa	10		9	1522.285	1522.583
1522.593	0.8999999999998636	trials	21	s021_F191226	grCe_grSu3Ne	5	180.0	9	1522.893	1523.191
1523.201	0.8999999999998636	trials	21	s021_F191226	grCe_grSu6CiNe	15	0.0	9	1523.501	1523.8
1526.852	0.8999999999998636	trials	21	s021_F191226	coCe	16	90.0	9	1527.152	1527.451
1527.461	0.8999999999998636	trials	21	s021_F191226	grCe_grSu6Ne_PS	18	315.0	9	1527.761	1528.059
1528.094	0.8999999999998636	trials	21	s021_F191226	grCe_grSu18Fa	11	135.0	9	1528.394	1528.692
1528.703	0.8999999999998636	trials	21	s021_F191226	grSu6Ne	6		9	1529.003	1529.301
1529.3110000000001	0.8999999999998636	trials	21	s021_F191226	coCe_grSu6Ne	17	90.0	9	1529.611	1529.909
1536.079	0.8999999999998636	trials	21	s021_F191226	grCe_grSu3Ne	5	90.0	9	1536.379	1536.677
1536.6870000000001	0.8999999999998636	trials	21	s021_F191226	grCe_grSu12SmCiNe_PS	21	90.0	9	1536.987	1537.286
1537.296	0.8999999999998636	trials	21	s021_F191226	grCe_grSu6CiNe_PS	19	45.0	9	1537.596	1537.894
1538.5130000000001	0.8999999999998636	trials	21	s021_F191226	coCe	16	225.0	9	1538.813	1539.111
1545.256	0.8999999999998636	trials	21	s021_F191226	grCe_grSu1Ne	3	135.0	9	1545.556	1545.854
1545.8890000000001	0.8999999999998636	trials	21	s021_F191226	grCe_grSu18Fa	11	0.0	9	1546.189	1546.487
1546.489	0.8999999999998636	trials	21	s021_F191226	grCe	1	180.0	9	1546.789	1547.088
1547.714	0.8999999999998636	trials	21	s021_F191226	NoStim	0		9	1548.014	1548.313
1563.867	0.8999999999998636	trials	21	s021_F191226	grCe_grSu12Mi	9	45.0	9	1564.167	1564.466
1567.6760000000002	0.8999999999998636	trials	21	s021_F191226	grCe_grSu12SmCiNe	13	135.0	9	1567.976	1568.275
1568.285	0.8999999999998636	trials	21	s021_F191226	grCe_grSu6CiNe	15	90.0	9	1568.585	1568.883
1568.893	0.8999999999998636	trials	21	s021_F191226	coCe	16	180.0	9	1569.193	1569.492
1582.0040000000001	0.8999999999998636	trials	21	s021_F191226	grCe_grSu6CiNe	15	135.0	9	1582.304	1582.602
1582.613	0.8999999999998636	trials	21	s021_F191226	grCe_grSu12SmCiNe_PS	21	270.0	9	1582.913	1583.211
1583.221	0.8999999999998636	trials	21	s021_F191226	grCe	1	45.0	9	1583.521	1583.819
1583.829	0.8999999999998636	trials	21	s021_F191226	grCe_grSu6CiNe	15	270.0	9	1584.129	1584.428
1584.438	0.8999999999998636	trials	21	s021_F191226	grCe_grSu6CiNe_PS	19	315.0	9	1584.738	1585.036
1592.589	0.8999999999998636	trials	21	s021_F191226	grCe_grSu6CiNe	15	180.0	9	1592.889	1593.188
1593.198	0.8999999999998636	trials	21	s021_F191226	coCe_grSu6Ne	17	180.0	9	1593.498	1593.796
1593.806	0.8999999999998636	trials	21	s021_F191226	grCe_grSu6Ne	7	0.0	9	1594.106	1594.405
1602.058	0.8999999999998636	trials	21	s021_F191226	grCe_grSu1Ne	3	45.0	9	1602.358	1602.656
1602.691	0.8999999999998636	trials	21	s021_F191226	grCe_grSu18Fa	11	180.0	9	1602.991	1603.29
1603.325	0.8999999999998636	trials	21	s021_F191226	grCe_grSu18Fa	11	45.0	9	1603.625	1603.923
1603.933	0.8999999999998636	trials	21	s021_F191226	grCe_grSu6Ne_PS	18	45.0	9	1604.233	1604.532
1604.5420000000001	0.8999999999998636	trials	21	s021_F191226	grCe_grSu12SmCiNe	13	90.0	9	1604.842	1605.14
1621.103	0.8999999999998636	trials	21	s021_F191226	grCe	1	315.0	9	1621.403	1621.701
1621.703	0.8999999999998636	trials	21	s021_F191226	coCe	16	0.0	9	1622.003	1622.302
1622.3120000000001	0.8999999999998636	trials	21	s021_F191226	grCe_grSu12SmCiNe	13	315.0	9	1622.612	1622.91
1622.928	0.8999999999998636	trials	21	s021_F191226	grCe_grSu12SmCiNe	13	0.0	9	1623.228	1623.527
1633.7640000000001	0.8999999999998636	trials	21	s021_F191226	grCe	1	270.0	9	1634.064	1634.362
1634.3890000000001	0.8999999999998636	trials	21	s021_F191226	grCe_grSu12Mi	9	135.0	9	1634.689	1634.987
1635.006	0.8999999999998636	trials	21	s021_F191226	coCe_grSu6Ne	17	225.0	9	1635.306	1635.604
1635.622	0.8999999999998636	trials	21	s021_F191226	grCe_grSu12SmCiNe	13	270.0	9	1635.922	1636.221
1636.231	0.8999999999998636	trials	21	s021_F191226	grCe_grSu12SmCiNe_PS	21	135.0	9	1636.531	1636.829
1642.8990000000001	0.8999999999998636	trials	21	s021_F191226	coCe_grSu6Ne	17	135.0	9	1643.199	1643.497
1643.507	0.8999999999998636	trials	21	s021_F191226	grSu3Ne	4		9	1643.807	1644.106
1644.724	0.8999999999998636	trials	21	s021_F191226	grCe_grSu12SmCiNe	13	45.0	9	1645.024	1645.322
1645.358	0.8999999999998636	trials	21	s021_F191226	grCe_grSu18Fa	11	315.0	9	1645.658	1645.956
1652.684	0.8999999999998636	trials	21	s021_F191226	grCe_grSu6CiNe_PS	19	135.0	9	1652.984	1653.282
1653.2920000000001	0.8999999999998636	trials	21	s021_F191226	grCe_grSu1Ne	3	90.0	9	1653.592	1653.891
1653.901	0.8999999999998636	trials	21	s021_F191226	grCe_grSu3Ne	5	45.0	9	1654.201	1654.499
1654.518	0.8999999999998636	trials	21	s021_F191226	coCe_grSu6Ne	17	0.0	9	1654.818	1655.116
1661.902	0.8999999999998636	trials	21	s021_F191226	grCe_grSu12Mi	9	180.0	9	1662.202	1662.501
1675.4460000000001	0.8999999999998636	trials	21	s021_F191226	grCe_grSu6CiNe_PS	19	0.0	9	1675.746	1676.045
1676.055	0.8999999999998636	trials	21	s021_F191226	grCe_grSu6Ne_PS	18	90.0	9	1676.355	1676.653
1676.663	0.8999999999998636	trials	21	s021_F191226	grCe_grSu1Ne	3	270.0	9	1676.963	1677.262
1677.272	0.8999999999998636	trials	21	s021_F191226	grCe_grSu6Ne	7	315.0	9	1677.572	1677.87
1685.74	0.8999999999998636	trials	21	s021_F191226	grCe_grSu6CiNe_PS	19	180.0	9	1686.04	1686.338
1686.348	0.8999999999998636	trials	21	s021_F191226	grCe_grSu6Ne_PS	18	135.0	9	1686.648	1686.947
1687.565	0.8999999999998636	trials	21	s021_F191226	grCe_grSu6Ne_PS	18	270.0	9	1687.865	1688.164
1688.174	0.8999999999998636	trials	21	s021_F191226	coCe	16	270.0	9	1688.474	1688.772
1695.534	0.8999999999998636	trials	21	s021_F191226	coSu6Ne	20		9	1695.834	1696.132
1696.142	0.8999999999998636	trials	21	s021_F191226	grCe_grSu3Ne	5	0.0	9	1696.442	1696.74
1697.384	0.8999999999998636	trials	21	s021_F191226	grCe_grSu18Fa	11	225.0	9	1697.684	1697.982
1704.26	0.8999999999998636	trials	21	s021_F191226	grCe_grSu6CiNe_PS	19	225.0	9	1704.56	1704.859
1704.8690000000001	0.8999999999998636	trials	21	s021_F191226	grSu12SmCiNe	12		9	1705.169	1705.467
1706.094	0.8999999999998636	trials	21	s021_F191226	grCe_grSu3Ne	5	135.0	9	1706.394	1706.692
1706.694	0.8999999999998636	trials	21	s021_F191226	coCe	16	45.0	9	1706.994	1707.292
1713.3780000000002	0.8999999999998636	trials	21	s021_F191226	grCe_grSu6Ne_PS	18	225.0	9	1713.678	1713.977
1713.987	0.8999999999998636	trials	21	s021_F191226	grCe_grSu6Ne	7	270.0	9	1714.287	1714.585
1714.595	0.8999999999998636	trials	21	s021_F191226	grCe_grSu6Ne	7	135.0	9	1714.895	1715.194
1715.204	0.8999999999998636	trials	21	s021_F191226	grCe_grSu12SmCiNe_PS	21	45.0	9	1715.504	1715.802
1715.8120000000001	0.8999999999998636	trials	21	s021_F191226	coCe_grSu6Ne	17	315.0	9	1716.112	1716.411
1725.522	0.8999999999998636	trials	21	s021_F191226	grCe_grSu12SmCiNe_PS	21	0.0	9	1725.822	1726.121
1726.131	0.8999999999998636	trials	21	s021_F191226	grSu6CiNe	14		9	1726.431	1726.729
1737.883	0.8999999999998636	trials	21	s021_F191226	grCe	1	0.0	9	1738.183	1738.481
1738.483	0.8999999999998636	trials	21	s021_F191226	grCe	1	90.0	9	1738.783	1739.082
1739.092	0.8999999999998636	trials	21	s021_F191226	grCe_grSu6CiNe	15	225.0	9	1739.392	1739.69
1739.7	0.8999999999998636	trials	21	s021_F191226	grCe_grSu12SmCiNe_PS	21	180.0	9	1740.0	1740.298
1745.151	0.8999999999998636	trials	21	s021_F191226	grCe	1	225.0	9	1745.451	1745.749
1746.368	0.8999999999998636	trials	21	s021_F191226	grCe_grSu6CiNe	15	90.0	6	1746.668	1746.966
1746.976	0.8999999999998636	trials	21	s021_F191226	grSu1Ne	2		6	1747.276	1747.575
1753.794	0.8999999999998636	trials	21	s021_F191226	grCe_grSu12SmCiNe	13	225.0	6	1754.094	1754.393
1754.403	0.8999999999998636	trials	21	s021_F191226	grCe_grSu6CiNe	15	315.0	6	1754.703	1755.001
1755.0030000000002	0.8999999999998636	trials	21	s021_F191226	coCe	16	315.0	6	1755.303	1755.601
1755.611	0.8999999999998636	trials	21	s021_F191226	coCe_grSu6Ne	17	225.0	6	1755.911	1756.21
1763.2540000000001	0.8999999999998636	trials	21	s021_F191226	grCe_grSu12Mi	9	90.0	6	1763.554	1763.853
1763.863	0.8999999999998636	trials	21	s021_F191226	grCe_grSu6CiNe	15	180.0	6	1764.163	1764.461
1764.471	0.8999999999998636	trials	21	s021_F191226	grCe_grSu6CiNe	15	0.0	6	1764.771	1765.07
1768.2640000000001	0.8999999999998636	trials	21	s021_F191226	grCe_grSu6Ne	7	135.0	6	1768.564	1768.862
1770.097	0.8999999999998636	trials	21	s021_F191226	grCe_grSu12SmCiNe	13	90.0	6	1770.397	1770.696
1770.7060000000001	0.8999999999998636	trials	21	s021_F191226	grSu6CiNe	14		6	1771.006	1771.304
1777.49	0.8999999999998636	trials	21	s021_F191226	coCe	16	270.0	6	1777.79	1778.089
1778.099	0.8999999999998636	trials	21	s021_F191226	grCe_grSu12SmCiNe_PS	21	0.0	6	1778.399	1778.697
1779.316	0.8999999999998636	trials	21	s021_F191226	grCe_grSu12SmCiNe_PS	21	45.0	6	1779.616	1779.914
1779.924	0.8999999999998636	trials	21	s021_F191226	grCe_grSu6CiNe	15	45.0	6	1780.224	1780.523
1787.501	0.8999999999998636	trials	21	s021_F191226	coSu6Ne	20		6	1787.801	1788.099
1791.443	0.8999999999998636	trials	21	s021_F191226	grCe_grSu12SmCiNe_PS	21	225.0	6	1791.743	1792.041
1792.0510000000002	0.8999999999998636	trials	21	s021_F191226	grCe_grSu6Ne	7	180.0	6	1792.351	1792.65
1793.885	0.8999999999998636	trials	21	s021_F191226	coCe	16	0.0	6	1794.185	1794.483
1801.22	0.8999999999998636	trials	21	s021_F191226	grCe_grSu3Ne	5	0.0	6	1801.52	1801.818
1801.837	0.8999999999998636	trials	21	s021_F191226	grCe_grSu12Mi	9	45.0	6	1802.137	1802.435
1802.453	0.8999999999998636	trials	21	s021_F191226	coCe_grSu6Ne	17	315.0	6	1802.753	1803.052
1803.0620000000001	0.8999999999998636	trials	21	s021_F191226	coCe	16	180.0	6	1803.362	1803.66
1803.679	0.8999999999998636	trials	21	s021_F191226	grCe_grSu12SmCiNe	13	0.0	6	1803.979	1804.277
1811.547	0.8999999999998636	trials	21	s021_F191226	grCe_grSu18Fa	11	0.0	6	1811.847	1812.145
1812.155	0.8999999999998636	trials	21	s021_F191226	grCe_grSu12SmCiNe_PS	21	270.0	6	1812.455	1812.754
1812.78	0.8999999999998636	trials	21	s021_F191226	grCe_grSu12Mi	9	0.0	6	1813.08	1813.379
1813.3890000000001	0.8999999999998636	trials	21	s021_F191226	coCe_grSu6Ne	17	180.0	6	1813.689	1813.987
1829.258	0.8999999999998636	trials	21	s021_F191226	grCe_grSu18Fa	11	90.0	6	1829.558	1829.857
1829.867	0.8999999999998636	trials	21	s021_F191226	grCe_grSu6Ne_PS	18	270.0	6	1830.167	1830.465
1831.084	0.8999999999998636	trials	21	s021_F191226	grCe_grSu6CiNe_PS	19	45.0	6	1831.384	1831.682
1831.684	0.8999999999998636	trials	21	s021_F191226	coCe	16	225.0	6	1831.984	1832.282
1838.5520000000001	0.8999999999998636	trials	21	s021_F191226	grSu18Fa	10		6	1838.852	1839.15
1839.152	0.8999999999998636	trials	21	s021_F191226	NoStim	0		6	1839.452	1839.75
1839.76	0.8999999999998636	trials	21	s021_F191226	grCe_grSu12SmCiNe_PS	21	135.0	6	1840.06	1840.359
1840.3600000000001	0.8999999999998636	trials	21	s021_F191226	grCe	1	45.0	6	1840.66	1840.959
1840.986	0.8999999999998636	trials	21	s021_F191226	grCe_grSu12Mi	9	135.0	6	1841.286	1841.584
1848.4950000000001	0.8999999999998636	trials	21	s021_F191226	grCe_grSu6Ne_PS	18	45.0	6	1848.795	1849.094
1849.712	0.8999999999998636	trials	21	s021_F191226	grCe_grSu3Ne	5	315.0	6	1850.012	1850.311
1850.3210000000001	0.8999999999998636	trials	21	s021_F191226	grCe_grSu12SmCiNe	13	180.0	6	1850.621	1850.919
1856.997	0.8999999999998636	trials	21	s021_F191226	grCe_grSu6CiNe	15	225.0	6	1857.297	1857.595
1858.214	0.8999999999998636	trials	21	s021_F191226	grCe_grSu1Ne	3	315.0	6	1858.514	1858.812
1858.8220000000001	0.8999999999998636	trials	21	s021_F191226	grCe_grSu6CiNe_PS	19	135.0	6	1859.122	1859.421
1859.431	0.8999999999998636	trials	21	s021_F191226	grCe_grSu12SmCiNe_PS	21	180.0	6	1859.731	1860.029
1867.5240000000001	0.8999999999998636	trials	21	s021_F191226	coCe	16	135.0	6	1867.824	1868.122
1868.1570000000002	0.8999999999998636	trials	21	s021_F191226	grCe_grSu18Fa	11	45.0	6	1868.457	1868.756
1868.766	0.8999999999998636	trials	21	s021_F191226	coCe	16	45.0	6	1869.066	1869.364
1869.983	0.8999999999998636	trials	21	s021_F191226	grCe_grSu6Ne_PS	18	315.0	6	1870.283	1870.581
1880.776	0.8999999999998636	trials	21	s021_F191226	grCe_grSu1Ne	3	270.0	6	1881.076	1881.375
1881.393	0.8999999999998636	trials	21	s021_F191226	grCe_grSu3Ne	5	45.0	6	1881.693	1881.991
1882.618	0.8999999999998636	trials	21	s021_F191226	grCe_grSu6CiNe_PS	19	0.0	6	1882.918	1883.217
1883.227	0.8999999999998636	trials	21	s021_F191226	grCe_grSu3Ne	5	135.0	6	1883.527	1883.825
1890.595	0.8999999999998636	trials	21	s021_F191226	grCe_grSu18Fa	11	180.0	6	1890.895	1891.193
1891.211	0.8999999999998636	trials	21	s021_F191226	grCe_grSu12SmCiNe	13	270.0	6	1891.511	1891.81
1891.845	0.8999999999998636	trials	21	s021_F191226	grCe_grSu18Fa	11	315.0	6	1892.145	1892.443
1892.453	0.8999999999998636	trials	21	s021_F191226	grCe	1	90.0	6	1892.753	1893.052
1893.0620000000001	0.8999999999998636	trials	21	s021_F191226	grSu12SmCiNe	12		6	1893.362	1893.66
1899.646	0.8999999999998636	trials	21	s021_F191226	grCe	1	270.0	6	1899.946	1900.245
1900.255	0.8999999999998636	trials	21	s021_F191226	grCe_grSu6Ne_PS	18	225.0	6	1900.555	1900.853
1900.863	0.8999999999998636	trials	21	s021_F191226	grCe_grSu6Ne	7	270.0	6	1901.163	1901.462
1901.472	0.8999999999998636	trials	21	s021_F191226	grCe_grSu12SmCiNe_PS	21	90.0	6	1901.772	1902.07
1908.7730000000001	0.8999999999998636	trials	21	s021_F191226	grCe_grSu6Ne	7	315.0	6	1909.073	1909.371
1909.382	0.8999999999998636	trials	21	s021_F191226	grCe_grSu6Ne	7	0.0	6	1909.682	1909.98
1909.99	0.8999999999998636	trials	21	s021_F191226	grCe_grSu6CiNe_PS	19	225.0	6	1910.29	1910.588
1910.598	0.8999999999998636	trials	21	s021_F191226	grCe_grSu6CiNe_PS	19	315.0	6	1910.898	1911.197
1917.983	0.8999999999998636	trials	21	s021_F191226	grCe_grSu3Ne	5	270.0	6	1918.283	1918.582
1918.592	0.8999999999998636	trials	21	s021_F191226	grCe_grSu6Ne_PS	18	90.0	6	1918.892	1919.19
1919.2	0.8999999999998636	trials	21	s021_F191226	grCe	1	225.0	6	1919.5	1919.798
1919.8	0.8999999999998636	trials	21	s021_F191226	coCe	16	90.0	6	1920.1	1920.399
1920.4170000000001	0.8999999999998636	trials	21	s021_F191226	grCe_grSu12Mi	9	270.0	6	1920.717	1921.015
1928.268	0.8999999999998636	trials	21	s021_F191226	grCe_grSu6CiNe_PS	19	270.0	6	1928.568	1928.867
1928.877	0.8999999999998636	trials	21	s021_F191226	grCe_grSu6CiNe	15	270.0	6	1929.177	1929.475
1929.4850000000001	0.8999999999998636	trials	21	s021_F191226	grCe_grSu6Ne_PS	18	0.0	6	1929.785	1930.084
1930.1190000000001	0.8999999999998636	trials	21	s021_F191226	grCe_grSu18Fa	11	135.0	6	1930.419	1930.717
1934.286	0.8999999999998636	trials	21	s021_F191226	grCe	1	0.0	6	1934.586	1934.885
1934.895	0.8999999999998636	trials	21	s021_F191226	grCe_grSu6Ne	7	90.0	6	1935.195	1935.493
1935.5030000000002	0.8999999999998636	trials	21	s021_F191226	grCe_grSu12SmCiNe	13	315.0	6	1935.803	1936.101
1936.112	0.8999999999998636	trials	21	s021_F191226	coCe_grSu6Ne	17	90.0	6	1936.412	1936.71
1947.505	0.8999999999998636	trials	21	s021_F191226	grCe_grSu6Ne	7	225.0	6	1947.805	1948.104
1948.114	0.8999999999998636	trials	21	s021_F191226	grCe_grSu12SmCiNe_PS	21	315.0	6	1948.414	1948.712
1948.722	0.8999999999998636	trials	21	s021_F191226	grCe_grSu6Ne_PS	18	180.0	6	1949.022	1949.321
1949.3310000000001	0.8999999999998636	trials	21	s021_F191226	coCe_grSu6Ne	17	0.0	6	1949.631	1949.929
1949.939	0.8999999999998636	trials	21	s021_F191226	grCe_grSu6CiNe_PS	19	90.0	6	1950.239	1950.537
1956.674	0.8999999999998636	trials	21	s021_F191226	grCe_grSu18Fa	11	225.0	6	1956.974	1957.272
1957.891	0.8999999999998636	trials	21	s021_F191226	grCe_grSu1Ne	3	135.0	6	1958.191	1958.489
1961.8410000000001	0.8999999999998636	trials	21	s021_F191226	grCe_grSu6CiNe	15	135.0	6	1962.141	1962.44
1963.058	0.8999999999998636	trials	21	s021_F191226	grSu3Ne	4		6	1963.358	1963.657
1964.2920000000001	0.8999999999998636	trials	21	s021_F191226	coCe_grSu6Ne	17	45.0	6	1964.592	1964.89
1971.376	0.8999999999998636	trials	21	s021_F191226	grSu6Ne	6		6	1971.676	1971.975
1972.593	0.8999999999998636	trials	21	s021_F191226	coCe_grSu6Ne	17	270.0	6	1972.893	1973.192
1973.202	0.8999999999998636	trials	21	s021_F191226	grCe_grSu1Ne	3	180.0	6	1973.502	1973.8
1988.688	0.8999999999998636	trials	21	s021_F191226	grCe_grSu3Ne	5	180.0	6	1988.988	1989.286
1989.296	0.8999999999998636	trials	21	s021_F191226	grCe	1	315.0	6	1989.596	1989.895
1989.921	0.8999999999998636	trials	21	s021_F191226	grCe_grSu12Mi	9	180.0	6	1990.221	1990.52
1990.53	0.8999999999998636	trials	21	s021_F191226	grCe_grSu6Ne_PS	18	135.0	6	1990.83	1991.128
1991.1380000000001	0.8999999999998636	trials	21	s021_F191226	grCe_grSu3Ne	5	90.0	6	1991.438	1991.737
1998.565	0.8999999999998636	trials	21	s021_F191226	grCe	1	180.0	6	1998.865	1999.163
1999.798	0.8999999999998636	trials	21	s021_F191226	coCe_grSu6Ne	17	135.0	6	2000.098	2000.397
2000.4070000000002	0.8999999999998636	trials	21	s021_F191226	grCe_grSu3Ne	5	225.0	6	2000.707	2001.005
2001.015	0.8999999999998636	trials	21	s021_F191226	grCe_grSu1Ne	3	45.0	6	2001.315	2001.614
2007.566	0.8999999999998636	trials	21	s021_F191226	grSu12Mi	8		6	2007.866	2008.165
2008.192	0.8999999999998636	trials	21	s021_F191226	grCe_grSu12Mi	9	315.0	6	2008.492	2008.79
2009.4080000000001	0.8999999999998636	trials	21	s021_F191226	grCe_grSu1Ne	3	225.0	6	2009.708	2010.007
2010.017	0.8999999999998636	trials	21	s021_F191226	grCe_grSu12SmCiNe	13	135.0	6	2010.317	2010.615
2017.068	0.8999999999998636	trials	21	s021_F191226	grCe_grSu1Ne	3	90.0	6	2017.368	2017.667
2017.685	0.8999999999998636	trials	21	s021_F191226	grCe_grSu12Mi	9	225.0	6	2017.985	2018.283
2018.2930000000001	0.8999999999998636	trials	21	s021_F191226	grCe_grSu6CiNe_PS	19	180.0	6	2018.593	2018.892
2022.077	0.8999999999998636	trials	21	s021_F191226	grCe_grSu18Fa	11	270.0	6	2022.377	2022.676
2022.694	0.8999999999998636	trials	21	s021_F191226	grCe_grSu1Ne	3	0.0	6	2022.994	2023.293
2023.303	0.8999999999998636	trials	21	s021_F191226	grCe_grSu12SmCiNe	13	45.0	6	2023.603	2023.901
2023.911	0.8999999999998636	trials	21	s021_F191226	grCe	1	135.0	6	2024.211	2024.51
2024.528	0.8999999999998636	trials	21	s021_F191226	grCe_grSu6Ne	7	45.0	6	2024.828	2025.126
2040.089	0.8999999999998636	trials	21	s021_F191226	grCe_grSu6Ne	7	315.0	1	2040.389	2040.688
2040.698	0.8999999999998636	trials	21	s021_F191226	grCe_grSu12SmCiNe	13	90.0	1	2040.998	2041.296
2045.557	0.8999999999998636	trials	21	s021_F191226	grCe	1	0.0	1	2045.857	2046.155
2046.182	0.8999999999998636	trials	21	s021_F191226	grCe_grSu12Mi	9	90.0	1	2046.482	2046.78
2046.79	0.8999999999998636	trials	21	s021_F191226	grCe	1	135.0	1	2047.09	2047.389
2047.4070000000002	0.900000000000091	trials	21	s021_F191226	grCe_grSu6CiNe	15	270.0	1	2047.707	2048.006
2048.0409999999997	0.900000000000091	trials	21	s021_F191226	grCe_grSu18Fa	11	180.0	1	2048.341	2048.639
2054.7839999999997	0.900000000000091	trials	21	s021_F191226	grCe	1	90.0	1	2055.084	2055.382
2058.6839999999997	0.900000000000091	trials	21	s021_F191226	grCe_grSu6CiNe_PS	19	135.0	1	2058.984	2059.283
2059.2929999999997	0.900000000000091	trials	21	s021_F191226	grCe_grSu6Ne_PS	18	270.0	1	2059.593	2059.891
2059.901	0.900000000000091	trials	21	s021_F191226	grSu3Ne	4		1	2060.201	2060.5
2060.518	0.900000000000091	trials	21	s021_F191226	grCe_grSu6CiNe	15	225.0	1	2060.818	2061.116
2076.779	0.900000000000091	trials	21	s021_F191226	grCe_grSu6CiNe_PS	19	180.0	1	2077.079	2077.378
2077.9959999999996	0.900000000000091	trials	21	s021_F191226	grCe	1	225.0	1	2078.296	2078.595
2078.605	0.900000000000091	trials	21	s021_F191226	coCe_grSu6Ne	17	225.0	1	2078.905	2079.203
2082.7549999999997	0.900000000000091	trials	21	s021_F191226	coCe	16	135.0	1	2083.055	2083.354
2083.9719999999998	0.900000000000091	trials	21	s021_F191226	grCe_grSu6CiNe	15	180.0	1	2084.272	2084.571
2084.5809999999997	0.900000000000091	trials	21	s021_F191226	grCe_grSu12SmCiNe_PS	21	90.0	1	2084.881	2085.179
2085.189	0.900000000000091	trials	21	s021_F191226	grCe_grSu3Ne	5	135.0	1	2085.489	2085.788
2091.9649999999997	0.900000000000091	trials	21	s021_F191226	grSu6CiNe	14		1	2092.265	2092.564
2093.182	0.900000000000091	trials	21	s021_F191226	grCe_grSu12SmCiNe	13	135.0	1	2093.482	2093.781
2093.7909999999997	0.900000000000091	trials	21	s021_F191226	grCe_grSu6Ne	7	270.0	1	2094.091	2094.389
2094.408	0.900000000000091	trials	21	s021_F191226	grCe_grSu1Ne	3	45.0	1	2094.708	2095.006
2101.142	0.900000000000091	trials	21	s021_F191226	coCe	16	225.0	1	2101.442	2101.741
2101.776	0.900000000000091	trials	21	s021_F191226	grCe_grSu18Fa	11	315.0	1	2102.076	2102.374
2102.384	0.900000000000091	trials	21	s021_F191226	grCe_grSu3Ne	5	270.0	1	2102.684	2102.982
2102.9919999999997	0.900000000000091	trials	21	s021_F191226	grCe_grSu6Ne_PS	18	135.0	1	2103.292	2103.591
2103.6009999999997	0.900000000000091	trials	21	s021_F191226	coCe	16	0.0	1	2103.901	2104.199
2110.511	0.900000000000091	trials	21	s021_F191226	grCe_grSu12SmCiNe_PS	21	270.0	1	2110.811	2111.109
2125.172	0.900000000000091	trials	21	s021_F191226	coCe	16	180.0	1	2125.472	2125.77
2125.788	0.900000000000091	trials	21	s021_F191226	grCe_grSu1Ne	3	90.0	1	2126.088	2126.387
2126.397	0.900000000000091	trials	21	s021_F191226	grCe_grSu6CiNe_PS	19	225.0	1	2126.697	2126.995
2127.614	0.900000000000091	trials	21	s021_F191226	grCe_grSu6CiNe	15	90.0	1	2127.914	2128.212
2135.0319999999997	0.900000000000091	trials	21	s021_F191226	grCe_grSu1Ne	3	180.0	1	2135.332	2135.63
2136.249	0.900000000000091	trials	21	s021_F191226	coCe_grSu6Ne	17	315.0	1	2136.549	2136.847
2136.857	0.900000000000091	trials	21	s021_F191226	grCe_grSu12SmCiNe_PS	21	135.0	1	2137.157	2137.456
2137.491	0.900000000000091	trials	21	s021_F191226	grCe_grSu18Fa	11	90.0	1	2137.791	2138.089
2144.2	0.900000000000091	trials	21	s021_F191226	NoStim	0		1	2144.5	2144.799
2144.8089999999997	0.900000000000091	trials	21	s021_F191226	coCe_grSu6Ne	17	135.0	1	2145.109	2145.407
2146.634	0.900000000000091	trials	21	s021_F191226	grCe	1	270.0	1	2146.934	2147.232
2153.352	0.900000000000091	trials	21	s021_F191226	grCe_grSu18Fa	11	0.0	1	2153.652	2153.95
2153.9849999999997	0.900000000000091	trials	21	s021_F191226	grCe_grSu18Fa	11	225.0	1	2154.285	2154.584
2154.5939999999996	0.900000000000091	trials	21	s021_F191226	grCe_grSu12SmCiNe	13	315.0	1	2154.894	2155.192
2155.2019999999998	0.900000000000091	trials	21	s021_F191226	grCe_grSu12SmCiNe_PS	21	0.0	1	2155.502	2155.801
2155.819	0.900000000000091	trials	21	s021_F191226	grCe_grSu3Ne	5	45.0	1	2156.119	2156.417
2162.3869999999997	0.900000000000091	trials	21	s021_F191226	grCe_grSu3Ne	5	180.0	1	2162.687	2162.985
2162.995	0.900000000000091	trials	21	s021_F191226	coCe_grSu6Ne	17	45.0	1	2163.295	2163.594
2164.212	0.900000000000091	trials	21	s021_F191226	grCe_grSu6Ne	7	45.0	1	2164.512	2164.811
2164.821	0.900000000000091	trials	21	s021_F191226	coSu6Ne	20		1	2165.121	2165.419
2171.4719999999998	0.900000000000091	trials	21	s021_F191226	grCe_grSu6CiNe_PS	19	270.0	1	2171.772	2172.07
2172.08	0.900000000000091	trials	21	s021_F191226	grCe_grSu12SmCiNe	13	225.0	1	2172.38	2172.679
2172.689	0.900000000000091	trials	21	s021_F191226	coCe_grSu6Ne	17	0.0	1	2172.989	2173.287
2173.906	0.900000000000091	trials	21	s021_F191226	grCe_grSu6CiNe	15	45.0	1	2174.206	2174.504
2186.45	0.900000000000091	trials	21	s021_F191226	grCe_grSu1Ne	3	270.0	1	2186.75	2187.048
2187.075	0.900000000000091	trials	21	s021_F191226	grCe_grSu12Mi	9	225.0	1	2187.375	2187.673
2187.683	0.900000000000091	trials	21	s021_F191226	grCe_grSu12SmCiNe_PS	21	180.0	1	2187.983	2188.282
2188.317	0.900000000000091	trials	21	s021_F191226	grCe_grSu18Fa	11	270.0	1	2188.617	2188.915
2188.933	0.900000000000091	trials	21	s021_F191226	grCe_grSu3Ne	5	225.0	1	2189.233	2189.532
2241.335	0.900000000000091	trials	21	s021_F191226	grCe_grSu12SmCiNe	13	270.0	1	2241.635	2241.933
2241.9429999999998	0.900000000000091	trials	21	s021_F191226	grCe_grSu6Ne_PS	18	90.0	1	2242.243	2242.542
2242.5679999999998	0.900000000000091	trials	21	s021_F191226	grCe_grSu12Mi	9	180.0	1	2242.868	2243.167
2415.7839999999997	0.900000000000091	trials	21	s021_F191226	grCe_grSu12SmCiNe	13	0.0	1	2416.084	2416.382
2416.392	0.900000000000091	trials	21	s021_F191226	grCe_grSu1Ne	3	225.0	1	2416.692	2416.991
2429.4359999999997	0.900000000000091	trials	21	s021_F191226	grCe_grSu6Ne	7	135.0	1	2429.736	2430.035
2533.422	0.900000000000091	trials	21	s021_F191226	grCe_grSu12SmCiNe_PS	21	45.0	1	2533.722	2534.021
2547.1169999999997	0.900000000000091	trials	21	s021_F191226	grCe_grSu12Mi	9	135.0	1	2547.417	2547.715
2547.725	0.900000000000091	trials	21	s021_F191226	grCe_grSu6Ne	7	0.0	1	2548.025	2548.323
2569.8039999999996	0.900000000000091	trials	21	s021_F191226	grCe_grSu12Mi	9	0.0	1	2570.104	2570.403
2570.4379999999996	0.900000000000091	trials	21	s021_F191226	grCe_grSu18Fa	11	45.0	1	2570.738	2571.036
2571.046	0.900000000000091	trials	21	s021_F191226	grCe_grSu6CiNe_PS	19	90.0	1	2571.346	2571.644
2571.6459999999997	0.900000000000091	trials	21	s021_F191226	grCe	1	315.0	1	2571.946	2572.245
2572.263	0.900000000000091	trials	21	s021_F191226	grSu12Mi	8		1	2572.563	2572.861
2579.464	0.900000000000091	trials	21	s021_F191226	grCe_grSu6Ne	7	180.0	1	2579.764	2580.063
2580.073	0.900000000000091	trials	21	s021_F191226	grCe_grSu6CiNe_PS	19	315.0	1	2580.373	2580.671
2581.298	0.900000000000091	trials	21	s021_F191226	grCe_grSu3Ne	5	0.0	1	2581.598	2581.896
2581.906	0.900000000000091	trials	21	s021_F191226	grCe_grSu6Ne	7	90.0	1	2582.206	2582.505
2594.7419999999997	0.900000000000091	trials	21	s021_F191226	grSu12SmCiNe	12		1	2595.042	2595.341
2605.519	0.900000000000091	trials	21	s021_F191226	grCe_grSu6Ne_PS	18	45.0	1	2605.819	2606.118
2606.144	0.900000000000091	trials	21	s021_F191226	grCe_grSu12Mi	9	270.0	1	2606.444	2606.743
2606.7439999999997	0.900000000000091	trials	21	s021_F191226	grCe	1	45.0	1	2607.044	2607.343
2607.3439999999996	0.900000000000091	trials	21	s021_F191226	coCe	16	45.0	1	2607.644	2607.943
2615.7129999999997	0.900000000000091	trials	21	s021_F191226	grCe_grSu6Ne_PS	18	315.0	1	2616.013	2616.311
2616.321	0.900000000000091	trials	21	s021_F191226	coCe_grSu6Ne	17	90.0	1	2616.621	2616.92
2616.9379999999996	0.900000000000091	trials	21	s021_F191226	grCe_grSu6CiNe	15	0.0	1	2617.238	2617.536
2625.1479999999997	0.900000000000091	trials	21	s021_F191226	grCe_grSu6Ne	7	225.0	1	2625.448	2625.746
2626.365	0.900000000000091	trials	21	s021_F191226	grCe_grSu6CiNe	15	315.0	1	2626.665	2626.963
2626.973	0.900000000000091	trials	21	s021_F191226	grCe_grSu12SmCiNe_PS	21	225.0	1	2627.273	2627.572
2627.582	0.900000000000091	trials	21	s021_F191226	grCe_grSu6CiNe_PS	19	45.0	1	2627.882	2628.18
2635.216	0.900000000000091	trials	21	s021_F191226	grCe_grSu12Mi	9	45.0	1	2635.516	2635.815
2636.433	0.900000000000091	trials	21	s021_F191226	grCe_grSu3Ne	5	90.0	1	2636.733	2637.032
2637.058	0.900000000000091	trials	21	s021_F191226	grCe_grSu12Mi	9	315.0	1	2637.358	2637.657
2645.627	0.900000000000091	trials	21	s021_F191226	grCe_grSu12SmCiNe	13	180.0	1	2645.927	2646.225
2646.8439999999996	0.900000000000091	trials	21	s021_F191226	coCe	16	270.0	1	2647.144	2647.442
2647.4519999999998	0.900000000000091	trials	21	s021_F191226	grSu6Ne	6		1	2647.752	2648.05
2648.085	0.900000000000091	trials	21	s021_F191226	grCe_grSu18Fa	11	135.0	1	2648.385	2648.684
2655.212	0.900000000000091	trials	21	s021_F191226	coCe_grSu6Ne	17	180.0	1	2655.512	2655.81
2655.8199999999997	0.900000000000091	trials	21	s021_F191226	grCe	1	180.0	1	2656.12	2656.419
2657.662	0.900000000000091	trials	21	s021_F191226	grSu18Fa	10		1	2657.962	2658.261
2665.6969999999997	0.900000000000091	trials	21	s021_F191226	grCe_grSu1Ne	3	135.0	1	2665.997	2666.295
2667.522	0.900000000000091	trials	21	s021_F191226	grCe_grSu12SmCiNe_PS	21	315.0	1	2667.822	2668.121
2668.131	0.900000000000091	trials	21	s021_F191226	grCe_grSu6Ne_PS	18	180.0	1	2668.431	2668.729
2681.567	0.900000000000091	trials	21	s021_F191226	grSu1Ne	2		1	2681.867	2682.165
2682.1749999999997	0.900000000000091	trials	21	s021_F191226	grCe_grSu6Ne_PS	18	225.0	1	2682.475	2682.773
2682.7839999999997	0.900000000000091	trials	21	s021_F191226	coCe	16	90.0	1	2683.084	2683.382
2683.392	0.900000000000091	trials	21	s021_F191226	grCe_grSu6Ne_PS	18	0.0	1	2683.692	2683.99
2695.586	0.900000000000091	trials	21	s021_F191226	grCe_grSu3Ne	5	315.0	1	2695.886	2696.184
2700.0699999999997	0.900000000000091	trials	21	s021_F191226	coCe	16	315.0	1	2700.37	2700.668
2700.678	0.900000000000091	trials	21	s021_F191226	coCe_grSu6Ne	17	270.0	1	2700.978	2701.277
2705.296	0.900000000000091	trials	21	s021_F191226	grCe_grSu1Ne	3	0.0	1	2705.596	2705.894
2705.904	0.900000000000091	trials	21	s021_F191226	grCe_grSu12SmCiNe	13	45.0	1	2706.204	2706.503
2706.5209999999997	0.900000000000091	trials	21	s021_F191226	grCe_grSu6CiNe	15	135.0	1	2706.821	2707.12
2707.1299999999997	0.900000000000091	trials	21	s021_F191226	grCe_grSu1Ne	3	315.0	1	2707.43	2707.728
2707.738	0.900000000000091	trials	21	s021_F191226	grCe_grSu6CiNe_PS	19	0.0	1	2708.038	2708.337
2715.548	0.900000000000091	trials	21	s021_F191226	grCe_grSu6CiNe_PS	19	225.0	4	2715.848	2716.146
2720.841	0.900000000000091	trials	21	s021_F191226	coCe	16	270.0	4	2721.141	2721.439
2722.0739999999996	0.900000000000091	trials	21	s021_F191226	grCe_grSu12SmCiNe	13	180.0	4	2722.374	2722.673
2722.683	0.900000000000091	trials	21	s021_F191226	coSu6Ne	20		4	2722.983	2723.281
2723.299	0.900000000000091	trials	21	s021_F191226	grCe_grSu3Ne	5	225.0	4	2723.599	2723.898
2734.868	0.900000000000091	trials	21	s021_F191226	grCe_grSu6Ne	7	180.0	4	2735.168	2735.467
2735.477	0.900000000000091	trials	21	s021_F191226	grCe_grSu1Ne	3	90.0	4	2735.777	2736.075
2736.685	0.900000000000091	trials	21	s021_F191226	grCe	1	0.0	4	2736.985	2737.284
2744.412	0.900000000000091	trials	21	s021_F191226	grCe_grSu6CiNe	15	0.0	4	2744.712	2745.01
2745.028	0.900000000000091	trials	21	s021_F191226	grCe_grSu12Mi	9	225.0	4	2745.328	2745.627
2745.662	0.900000000000091	trials	21	s021_F191226	grCe_grSu18Fa	11	45.0	4	2745.962	2746.26
2746.279	0.900000000000091	trials	21	s021_F191226	coCe_grSu6Ne	17	270.0	4	2746.579	2746.877
2746.895	0.900000000000091	trials	21	s021_F191226	grCe_grSu3Ne	5	0.0	4	2747.195	2747.494
2760.2309999999998	0.900000000000091	trials	21	s021_F191226	grCe_grSu6CiNe	15	180.0	4	2760.531	2760.83
2760.865	0.900000000000091	trials	21	s021_F191226	grCe_grSu18Fa	11	0.0	4	2761.165	2761.463
2761.473	0.900000000000091	trials	21	s021_F191226	grCe_grSu6CiNe_PS	19	90.0	4	2761.773	2762.072
2766.124	0.900000000000091	trials	21	s021_F191226	grCe_grSu1Ne	3	45.0	4	2766.424	2766.722
2766.732	0.900000000000091	trials	21	s021_F191226	grCe_grSu6CiNe	15	135.0	4	2767.032	2767.331
2767.341	0.900000000000091	trials	21	s021_F191226	grCe_grSu3Ne	5	180.0	4	2767.641	2767.939
2767.9579999999996	0.900000000000091	trials	21	s021_F191226	grCe_grSu6Ne	7	45.0	4	2768.258	2768.556
2768.566	0.900000000000091	trials	21	s021_F191226	grCe	1	45.0	4	2768.866	2769.165
2802.781	0.900000000000091	trials	21	s021_F191226	coCe	16	0.0	4	2803.081	2803.379
2803.3979999999997	0.900000000000091	trials	21	s021_F191226	grCe_grSu12SmCiNe	13	315.0	4	2803.698	2803.996
2804.0139999999997	0.900000000000091	trials	21	s021_F191226	grCe_grSu12Mi	9	45.0	4	2804.314	2804.613
2804.6389999999997	0.900000000000091	trials	21	s021_F191226	grCe_grSu12Mi	9	180.0	4	2804.939	2805.238
2805.2479999999996	0.900000000000091	trials	21	s021_F191226	grCe_grSu12SmCiNe_PS	21	315.0	4	2805.548	2805.846
2817.067	0.900000000000091	trials	21	s021_F191226	grCe_grSu12SmCiNe	13	0.0	4	2817.367	2817.665
2817.7	0.900000000000091	trials	21	s021_F191226	grCe_grSu18Fa	11	270.0	4	2818.0	2818.299
2818.3089999999997	0.900000000000091	trials	21	s021_F191226	grSu12SmCiNe	12		4	2818.609	2818.907
2818.917	0.900000000000091	trials	21	s021_F191226	grCe	1	90.0	4	2819.217	2819.516
2819.5339999999997	0.900000000000091	trials	21	s021_F191226	grCe_grSu12Mi	9	0.0	4	2819.834	2820.132
2830.236	0.900000000000091	trials	21	s021_F191226	grCe_grSu18Fa	11	135.0	4	2830.536	2830.834
2830.8439999999996	0.900000000000091	trials	21	s021_F191226	grCe_grSu6Ne_PS	18	0.0	4	2831.144	2831.443
2834.687	0.900000000000091	trials	21	s021_F191226	grCe_grSu3Ne	5	135.0	4	2834.987	2835.285
2835.3039999999996	0.900000000000091	trials	21	s021_F191226	grSu12Mi	8		4	2835.604	2835.902
2835.912	0.900000000000091	trials	21	s021_F191226	grCe_grSu3Ne	5	315.0	4	2836.212	2836.51
2840.0879999999997	0.900000000000091	trials	21	s021_F191226	coCe	16	90.0	4	2840.388	2840.686
2840.696	0.900000000000091	trials	21	s021_F191226	grCe_grSu12SmCiNe_PS	21	180.0	4	2840.996	2841.295
2841.305	0.900000000000091	trials	21	s021_F191226	coCe_grSu6Ne	17	225.0	4	2841.605	2841.903
2841.9049999999997	0.900000000000091	trials	21	s021_F191226	NoStim	0		4	2842.205	2842.503
2842.513	0.900000000000091	trials	21	s021_F191226	grCe_grSu6CiNe_PS	19	135.0	4	2842.813	2843.112
2849.7309999999998	0.900000000000091	trials	21	s021_F191226	grCe	1	180.0	4	2850.031	2850.33
2850.3559999999998	0.900000000000091	trials	21	s021_F191226	grCe_grSu12Mi	9	315.0	4	2850.656	2850.955
2851.582	0.900000000000091	trials	21	s021_F191226	grCe_grSu6Ne_PS	18	225.0	4	2851.882	2852.18
2852.1899999999996	0.900000000000091	trials	21	s021_F191226	grCe_grSu12SmCiNe_PS	21	45.0	4	2852.49	2852.788
2861.383	0.900000000000091	trials	21	s021_F191226	grCe_grSu12SmCiNe_PS	21	0.0	4	2861.683	2861.982
2865.5919999999996	0.900000000000091	trials	21	s021_F191226	grCe_grSu6Ne_PS	18	90.0	4	2865.892	2866.191
2866.2259999999997	0.900000000000091	trials	21	s021_F191226	grCe_grSu18Fa	11	225.0	4	2866.526	2866.824
2869.877	0.900000000000091	trials	21	s021_F191226	coCe	16	135.0	4	2870.177	2870.475
2870.502	0.900000000000091	trials	21	s021_F191226	grCe_grSu12Mi	9	135.0	4	2870.802	2871.1
2871.1099999999997	0.900000000000091	trials	21	s021_F191226	coCe	16	315.0	4	2871.41	2871.709
2872.3269999999998	0.900000000000091	trials	21	s021_F191226	grCe_grSu6Ne	7	0.0	4	2872.627	2872.925
2923.87	0.900000000000091	trials	21	s021_F191226	grCe_grSu12SmCiNe	13	90.0	4	2924.17	2924.468
2924.4779999999996	0.900000000000091	trials	21	s021_F191226	grCe_grSu6Ne_PS	18	135.0	4	2924.778	2925.077
2925.087	0.900000000000091	trials	21	s021_F191226	grCe_grSu12SmCiNe	13	225.0	4	2925.387	2925.685
2925.6949999999997	0.900000000000091	trials	21	s021_F191226	grCe_grSu6CiNe	15	315.0	4	2925.995	2926.294
2966.72	0.900000000000091	trials	21	s021_F191226	grCe_grSu12SmCiNe_PS	21	135.0	4	2967.02	2967.318
2967.345	0.900000000000091	trials	21	s021_F191226	grSu18Fa	10		4	2967.645	2967.943
2967.9449999999997	0.900000000000091	trials	21	s021_F191226	grCe	1	270.0	4	2968.245	2968.543
2968.553	0.900000000000091	trials	21	s021_F191226	grCe_grSu6Ne	7	90.0	4	2968.853	2969.152
2980.1389999999997	0.900000000000091	trials	21	s021_F191226	grCe_grSu12SmCiNe_PS	21	270.0	4	2980.439	2980.737
2980.747	0.900000000000091	trials	21	s021_F191226	grCe_grSu3Ne	5	270.0	4	2981.047	2981.346
2981.9719999999998	0.900000000000091	trials	21	s021_F191226	grCe	1	315.0	4	2982.272	2982.571
2982.5809999999997	0.900000000000091	trials	21	s021_F191226	grSu6Ne	6		4	2982.881	2983.179
3004.727	0.900000000000091	trials	21	s021_F191226	grSu1Ne	2		4	3005.027	3005.325
3005.343	0.900000000000091	trials	21	s021_F191226	grCe_grSu6Ne	7	315.0	4	3005.643	3005.942
3006.56	0.900000000000091	trials	21	s021_F191226	coCe	16	225.0	4	3006.86	3007.159
3007.1769999999997	0.900000000000091	trials	21	s021_F191226	coCe_grSu6Ne	17	135.0	4	3007.477	3007.775
3018.821	0.900000000000091	trials	21	s021_F191226	grCe_grSu18Fa	11	90.0	4	3019.121	3019.419
3028.423	0.900000000000091	trials	21	s021_F191226	grCe_grSu1Ne	3	315.0	4	3028.723	3029.021
3051.46	0.900000000000091	trials	21	s021_F191226	grCe_grSu12Mi	9	270.0	4	3051.76	3052.059
3052.0769999999998	0.900000000000091	trials	21	s021_F191226	grCe_grSu12SmCiNe	13	45.0	4	3052.377	3052.675
3052.6859999999997	0.900000000000091	trials	21	s021_F191226	grCe_grSu12SmCiNe_PS	21	90.0	4	3052.986	3053.284
3065.4959999999996	0.900000000000091	trials	21	s021_F191226	grCe_grSu1Ne	3	135.0	4	3065.796	3066.095
3066.7129999999997	0.900000000000091	trials	21	s021_F191226	grCe	1	135.0	4	3067.013	3067.312
3067.3219999999997	0.900000000000091	trials	21	s021_F191226	grCe_grSu6CiNe_PS	19	180.0	4	3067.622	3067.92
3067.93	0.900000000000091	trials	21	s021_F191226	grCe_grSu6CiNe	15	45.0	4	3068.23	3068.528
3075.756	0.900000000000091	trials	21	s021_F191226	coCe_grSu6Ne	17	45.0	4	3076.056	3076.355
3076.973	0.900000000000091	trials	21	s021_F191226	grCe_grSu6Ne_PS	18	45.0	4	3077.273	3077.572
3084.6659999999997	0.900000000000091	trials	21	s021_F191226	coCe	16	180.0	4	3084.966	3085.265
3085.267	0.900000000000091	trials	21	s021_F191226	coCe	16	45.0	4	3085.567	3085.865
3085.883	0.900000000000091	trials	21	s021_F191226	grCe_grSu12SmCiNe	13	135.0	4	3086.183	3086.482
3086.5	0.900000000000091	trials	21	s021_F191226	grCe_grSu6CiNe	15	90.0	4	3086.8	3087.099
3094.435	0.900000000000091	trials	21	s021_F191226	grCe_grSu18Fa	11	315.0	4	3094.735	3095.033
3095.0429999999997	0.900000000000091	trials	21	s021_F191226	grCe_grSu1Ne	3	270.0	4	3095.343	3095.642
3095.652	0.900000000000091	trials	21	s021_F191226	grCe_grSu6Ne	7	135.0	4	3095.952	3096.25
3100.269	0.900000000000091	trials	21	s021_F191226	grCe_grSu3Ne	5	45.0	4	3100.569	3100.868
3100.8779999999997	0.900000000000091	trials	21	s021_F191226	coCe_grSu6Ne	17	315.0	4	3101.178	3101.476
3101.4779999999996	0.900000000000091	trials	21	s021_F191226	grCe	1	225.0	4	3101.778	3102.076
3102.086	0.900000000000091	trials	21	s021_F191226	grCe_grSu6CiNe_PS	19	270.0	4	3102.386	3102.685
3114.1969999999997	0.900000000000091	trials	21	s021_F191226	grCe_grSu6CiNe	15	270.0	4	3114.497	3114.795
3156.672	0.900000000000091	trials	21	s021_F191226	grCe_grSu1Ne	3	0.0	4	3156.972	3157.27
3157.897	0.900000000000091	trials	21	s021_F191226	grCe_grSu6Ne	7	225.0	4	3158.197	3158.495
3158.5049999999997	0.900000000000091	trials	21	s021_F191226	grCe_grSu12SmCiNe	13	270.0	4	3158.805	3159.104
3177.167	0.900000000000091	trials	21	s021_F191226	grCe_grSu6Ne_PS	18	180.0	4	3177.467	3177.765
3177.7839999999997	0.900000000000091	trials	21	s021_F191226	coCe_grSu6Ne	17	0.0	4	3178.084	3178.382
3178.401	0.900000000000091	trials	21	s021_F191226	grCe_grSu1Ne	3	225.0	4	3178.701	3178.999
3182.643	0.900000000000091	trials	21	s021_F191226	grCe_grSu6Ne_PS	18	270.0	4	3182.943	3183.241
3183.2509999999997	0.900000000000091	trials	21	s021_F191226	grSu3Ne	4		4	3183.551	3183.85
3241.462	0.900000000000091	trials	21	s021_F191226	grCe_grSu6CiNe_PS	19	315.0	4	3241.762	3242.061
3242.6789999999996	0.900000000000091	trials	21	s021_F191226	coCe_grSu6Ne	17	180.0	4	3242.979	3243.278
3251.948	0.900000000000091	trials	21	s021_F191226	grCe_grSu18Fa	11	180.0	4	3252.248	3252.546
3351.341	0.900000000000091	trials	21	s021_F191226	grCe_grSu6Ne_PS	18	315.0	4	3351.641	3351.939
3377.596	0.900000000000091	trials	21	s021_F191226	grCe_grSu1Ne	3	180.0	4	3377.896	3378.194
3378.2039999999997	0.900000000000091	trials	21	s021_F191226	coCe_grSu6Ne	17	90.0	4	3378.504	3378.803
3379.421	0.900000000000091	trials	21	s021_F191226	grCe_grSu6CiNe_PS	19	0.0	4	3379.721	3380.02
3399.3669999999997	0.900000000000091	trials	21	s021_F191226	grCe_grSu12Mi	9	90.0	4	3399.667	3399.965
3399.9829999999997	0.900000000000091	trials	21	s021_F191226	grCe_grSu6CiNe	15	225.0	4	3400.283	3400.582
3400.5919999999996	0.900000000000091	trials	21	s021_F191226	grCe_grSu6CiNe_PS	19	45.0	4	3400.892	3401.19
3401.2	0.900000000000091	trials	21	s021_F191226	grSu6CiNe	14		4	3401.5	3401.799
3401.8089999999997	0.900000000000091	trials	21	s021_F191226	grCe_grSu3Ne	5	90.0	4	3402.109	3402.407
3410.352	0.900000000000091	trials	21	s021_F191226	grCe_grSu12SmCiNe_PS	21	225.0	4	3410.652	3410.95
3410.9689999999996	0.900000000000091	trials	21	s021_F191226	grCe_grSu6Ne	7	270.0	4	3411.269	3411.567
3411.5769999999998	0.900000000000091	trials	21	s021_F191226	grCe_grSu6Ne	7	90.0	8	3411.877	3412.176
3412.1859999999997	0.900000000000091	trials	21	s021_F191226	grCe_grSu3Ne	5	315.0	8	3412.486	3412.784
3412.794	0.900000000000091	trials	21	s021_F191226	grCe_grSu12SmCiNe_PS	21	90.0	8	3413.094	3413.392
3640.028	0.900000000000091	trials	21	s021_F191226	grCe_grSu6CiNe	15	135.0	8	3640.328	3640.626
3640.645	0.900000000000091	trials	21	s021_F191226	grCe_grSu6Ne	7	315.0	8	3640.945	3641.243
3644.254	0.900000000000091	trials	21	s021_F191226	grCe_grSu6CiNe	15	180.0	8	3644.554	3644.852
3644.8619999999996	0.900000000000091	trials	21	s021_F191226	grCe_grSu6CiNe_PS	19	315.0	8	3645.162	3645.461
3645.471	0.900000000000091	trials	21	s021_F191226	grCe_grSu6Ne	7	0.0	8	3645.771	3646.069
3646.6879999999996	0.900000000000091	trials	21	s021_F191226	grCe_grSu1Ne	3	135.0	8	3646.988	3647.286
3654.556	0.900000000000091	trials	21	s021_F191226	coCe_grSu6Ne	17	180.0	8	3654.856	3655.154
3658.8309999999997	0.900000000000091	trials	21	s021_F191226	coCe	16	270.0	8	3659.131	3659.43
3659.448	0.900000000000091	trials	21	s021_F191226	grCe_grSu6CiNe	15	0.0	8	3659.748	3660.047
3660.048	0.900000000000091	trials	21	s021_F191226	grCe	1	180.0	8	3660.348	3660.647
3661.265	0.900000000000091	trials	21	s021_F191226	grCe_grSu6Ne_PS	18	180.0	8	3661.565	3661.864
3670.192	0.900000000000091	trials	21	s021_F191226	grCe	1	0.0	8	3670.492	3670.79
3670.7999999999997	0.900000000000091	trials	21	s021_F191226	grCe_grSu6Ne_PS	18	90.0	8	3671.1	3671.399
3678.718	0.900000000000091	trials	21	s021_F191226	grCe_grSu3Ne	5	0.0	8	3679.018	3679.317
3679.335	0.900000000000091	trials	21	s021_F191226	grCe_grSu12Mi	9	90.0	8	3679.635	3679.934
3692.988	0.900000000000091	trials	21	s021_F191226	grCe_grSu12Mi	9	135.0	8	3693.288	3693.586
3693.596	0.900000000000091	trials	21	s021_F191226	grSu3Ne	4		8	3693.896	3694.195
3694.205	0.900000000000091	trials	21	s021_F191226	grCe_grSu6CiNe_PS	19	90.0	8	3694.505	3694.803
3694.821	0.900000000000091	trials	21	s021_F191226	coCe_grSu6Ne	17	135.0	8	3695.121	3695.42
3703.031	0.900000000000091	trials	21	s021_F191226	grCe_grSu12Mi	9	0.0	8	3703.331	3703.63
3703.656	0.900000000000091	trials	21	s021_F191226	grCe_grSu12Mi	9	315.0	8	3703.956	3704.255
3704.265	0.900000000000091	trials	21	s021_F191226	grCe_grSu12SmCiNe_PS	21	315.0	8	3704.565	3704.863
3705.482	0.900000000000091	trials	21	s021_F191226	grCe	1	225.0	8	3705.782	3706.08
3717.459	0.900000000000091	trials	21	s021_F191226	grSu18Fa	10		8	3717.759	3718.057
3718.067	0.900000000000091	trials	21	s021_F191226	grCe_grSu12SmCiNe_PS	21	135.0	8	3718.367	3718.666
3718.676	0.900000000000091	trials	21	s021_F191226	grSu6CiNe	14		8	3718.976	3719.274
3719.2839999999997	0.900000000000091	trials	21	s021_F191226	grCe_grSu3Ne	5	180.0	8	3719.584	3719.883
3719.9179999999997	0.900000000000091	trials	21	s021_F191226	grCe_grSu18Fa	11	315.0	8	3720.218	3720.516
3731.928	0.900000000000091	trials	21	s021_F191226	grCe_grSu18Fa	11	180.0	8	3732.228	3732.527
3732.537	0.900000000000091	trials	21	s021_F191226	coCe_grSu6Ne	17	45.0	8	3732.837	3733.135
3733.145	0.900000000000091	trials	21	s021_F191226	coCe	16	135.0	8	3733.445	3733.744
3733.7619999999997	0.900000000000091	trials	21	s021_F191226	grCe_grSu3Ne	5	90.0	8	3734.062	3734.36
3734.3619999999996	0.900000000000091	trials	21	s021_F191226	coCe	16	0.0	8	3734.662	3734.961
3745.964	0.900000000000091	trials	21	s021_F191226	grCe_grSu12SmCiNe	13	270.0	8	3746.264	3746.563
3746.573	0.900000000000091	trials	21	s021_F191226	grCe	1	270.0	8	3746.873	3747.171
3747.798	0.900000000000091	trials	21	s021_F191226	grCe_grSu6CiNe	15	225.0	8	3748.098	3748.396
3748.415	0.900000000000091	trials	21	s021_F191226	grCe_grSu6Ne	7	270.0	8	3748.715	3749.013
3756.575	0.900000000000091	trials	21	s021_F191226	grCe_grSu6CiNe_PS	19	45.0	8	3756.875	3757.173
3757.183	0.900000000000091	trials	21	s021_F191226	grCe_grSu6Ne	7	135.0	8	3757.483	3757.781
3757.7909999999997	0.900000000000091	trials	21	s021_F191226	grCe_grSu6CiNe_PS	19	180.0	8	3758.091	3758.39
3758.392	0.900000000000091	trials	21	s021_F191226	NoStim	0		8	3758.692	3758.99
3759.0	0.900000000000091	trials	21	s021_F191226	grSu6Ne	6		8	3759.3	3759.598
3775.7859999999996	0.900000000000091	trials	21	s021_F191226	grCe_grSu6Ne_PS	18	225.0	8	3776.086	3776.385
3776.395	0.900000000000091	trials	21	s021_F191226	grSu12SmCiNe	12		8	3776.695	3776.993
3777.0029999999997	0.900000000000091	trials	21	s021_F191226	grCe_grSu12SmCiNe	13	45.0	8	3777.303	3777.602
3777.6119999999996	0.900000000000091	trials	21	s021_F191226	grCe_grSu6CiNe_PS	19	0.0	8	3777.912	3778.21
3778.22	0.900000000000091	trials	21	s021_F191226	coCe_grSu6Ne	17	270.0	8	3778.52	3778.819
3786.522	0.900000000000091	trials	21	s021_F191226	coCe	16	180.0	8	3786.822	3787.12
3794.232	0.900000000000091	trials	21	s021_F191226	grCe_grSu1Ne	3	180.0	8	3794.532	3794.83
3794.8399999999997	0.900000000000091	trials	21	s021_F191226	grCe_grSu1Ne	3	90.0	8	3795.14	3795.438
3795.448	0.900000000000091	trials	21	s021_F191226	grCe_grSu1Ne	3	225.0	8	3795.748	3796.047
3796.0649999999996	0.900000000000091	trials	21	s021_F191226	grSu12Mi	8		8	3796.365	3796.664
3804.5	0.900000000000091	trials	21	s021_F191226	grCe_grSu12SmCiNe_PS	21	45.0	8	3804.8	3805.099
3805.1169999999997	0.900000000000091	trials	21	s021_F191226	grCe_grSu12Mi	9	180.0	8	3805.417	3805.715
3805.734	0.900000000000091	trials	21	s021_F191226	grCe_grSu1Ne	3	0.0	8	3806.034	3806.332
3806.3419999999996	0.900000000000091	trials	21	s021_F191226	grCe_grSu12SmCiNe	13	0.0	8	3806.642	3806.941
3814.269	0.900000000000091	trials	21	s021_F191226	grCe_grSu6Ne_PS	18	270.0	8	3814.569	3814.867
3814.877	0.900000000000091	trials	21	s021_F191226	grCe_grSu12SmCiNe_PS	21	180.0	8	3815.177	3815.475
3815.502	0.900000000000091	trials	21	s021_F191226	grCe_grSu12Mi	9	270.0	8	3815.802	3816.101
3816.7189999999996	0.900000000000091	trials	21	s021_F191226	grCe_grSu6Ne_PS	18	135.0	8	3817.019	3817.317
3828.513	0.900000000000091	trials	21	s021_F191226	grCe_grSu12Mi	9	45.0	8	3828.813	3829.111
3829.1209999999996	0.900000000000091	trials	21	s021_F191226	grSu1Ne	2		8	3829.421	3829.72
3830.9469999999997	0.900000000000091	trials	21	s021_F191226	grCe_grSu6Ne	7	45.0	8	3831.247	3831.545
3839.14	0.900000000000091	trials	21	s021_F191226	grCe_grSu3Ne	5	135.0	8	3839.44	3839.738
3839.7479999999996	0.900000000000091	trials	21	s021_F191226	grCe_grSu6CiNe_PS	19	225.0	8	3840.048	3840.347
3840.357	0.900000000000091	trials	21	s021_F191226	grCe_grSu6CiNe_PS	19	135.0	8	3840.657	3840.955
3840.9649999999997	0.900000000000091	trials	21	s021_F191226	grCe	1	90.0	8	3841.265	3841.564
3858.977	0.900000000000091	trials	21	s021_F191226	grCe_grSu12SmCiNe_PS	21	225.0	8	3859.277	3859.575
3860.194	0.900000000000091	trials	21	s021_F191226	grCe_grSu1Ne	3	45.0	8	3860.494	3860.792
3860.8269999999998	0.900000000000091	trials	21	s021_F191226	grCe_grSu18Fa	11	45.0	8	3861.127	3861.426
3868.4539999999997	0.900000000000091	trials	21	s021_F191226	grCe_grSu6CiNe	15	90.0	8	3868.754	3869.052
3869.062	0.900000000000091	trials	21	s021_F191226	grCe_grSu12SmCiNe_PS	21	0.0	8	3869.362	3869.661
3870.8959999999997	0.900000000000091	trials	21	s021_F191226	grCe_grSu6CiNe_PS	19	270.0	8	3871.196	3871.494
3899.3509999999997	0.900000000000091	trials	21	s021_F191226	coCe_grSu6Ne	17	315.0	8	3899.651	3899.95
3899.96	0.900000000000091	trials	21	s021_F191226	grCe_grSu12SmCiNe_PS	21	270.0	8	3900.26	3900.558
3900.56	0.900000000000091	trials	21	s021_F191226	grCe	1	315.0	8	3900.86	3901.158
3901.1679999999997	0.900000000000091	trials	21	s021_F191226	coCe_grSu6Ne	17	225.0	8	3901.468	3901.767
3901.785	0.900000000000091	trials	21	s021_F191226	grCe_grSu6Ne	7	225.0	8	3902.085	3902.383
3919.4049999999997	0.900000000000091	trials	21	s021_F191226	grCe_grSu1Ne	3	270.0	8	3919.705	3920.003
3920.613	0.900000000000091	trials	21	s021_F191226	coCe	16	90.0	8	3920.913	3921.212
3921.2219999999998	0.900000000000091	trials	21	s021_F191226	grCe	1	45.0	8	3921.522	3921.82
3956.7949999999996	0.900000000000091	trials	21	s021_F191226	grCe_grSu12SmCiNe	13	90.0	8	3957.095	3957.394
3957.404	0.900000000000091	trials	21	s021_F191226	grCe_grSu1Ne	3	315.0	8	3957.704	3958.002
3958.02	0.900000000000091	trials	21	s021_F191226	grCe_grSu3Ne	5	270.0	8	3958.32	3958.619
3958.629	0.900000000000091	trials	21	s021_F191226	coCe	16	225.0	8	3958.929	3959.227
3959.2619999999997	0.900000000000091	trials	21	s021_F191226	grCe_grSu18Fa	11	225.0	8	3959.562	3959.861
3994.2439999999997	0.900000000000091	trials	21	s021_F191226	grCe_grSu12SmCiNe	13	315.0	8	3994.544	3994.842
3994.852	0.900000000000091	trials	21	s021_F191226	grCe_grSu6Ne_PS	18	0.0	8	3995.152	3995.451
3995.461	0.900000000000091	trials	21	s021_F191226	grCe_grSu12SmCiNe	13	180.0	8	3995.761	3996.059
3996.069	0.900000000000091	trials	21	s021_F191226	grCe_grSu6CiNe	15	315.0	8	3996.369	3996.667
3996.678	0.900000000000091	trials	21	s021_F191226	coSu6Ne	20		8	3996.978	3997.276
4004.254	0.900000000000091	trials	21	s021_F191226	grCe	1	135.0	8	4004.554	4004.852
4008.538	0.900000000000091	trials	21	s021_F191226	grCe_grSu3Ne	5	225.0	8	4008.838	4009.136
4009.763	0.900000000000091	trials	21	s021_F191226	coCe_grSu6Ne	17	0.0	8	4010.063	4010.362
4010.3799999999997	0.900000000000091	trials	21	s021_F191226	grCe_grSu12SmCiNe	13	225.0	8	4010.68	4010.978
4017.3559999999998	0.900000000000091	trials	21	s021_F191226	grCe_grSu6CiNe	15	270.0	8	4017.656	4017.955
4017.973	0.900000000000091	trials	21	s021_F191226	coCe_grSu6Ne	17	90.0	8	4018.273	4018.572
4026.8579999999997	0.900000000000091	trials	21	s021_F191226	coCe	16	315.0	8	4027.158	4027.457
4027.4669999999996	0.900000000000091	trials	21	s021_F191226	coCe	16	45.0	8	4027.767	4028.065
4028.075	0.900000000000091	trials	21	s021_F191226	grCe_grSu6Ne_PS	18	45.0	8	4028.375	4028.673
4028.7079999999996	0.900000000000091	trials	21	s021_F191226	grCe_grSu18Fa	11	90.0	8	4029.008	4029.307
4029.334	0.900000000000091	trials	21	s021_F191226	grCe_grSu12Mi	9	225.0	8	4029.634	4029.932
4036.602	0.900000000000091	trials	21	s021_F191226	grCe_grSu18Fa	11	0.0	8	4036.902	4037.2
4037.21	0.900000000000091	trials	21	s021_F191226	grCe_grSu6Ne	7	180.0	8	4037.51	4037.808
4037.8179999999998	0.900000000000091	trials	21	s021_F191226	grCe_grSu6Ne_PS	18	315.0	8	4038.118	4038.417
4038.435	0.900000000000091	trials	21	s021_F191226	grCe_grSu3Ne	5	45.0	8	4038.735	4039.034
4039.069	0.900000000000091	trials	21	s021_F191226	grCe_grSu18Fa	11	135.0	8	4039.369	4039.667
4047.8619999999996	0.900000000000091	trials	21	s021_F191226	grCe_grSu6CiNe	15	45.0	8	4048.162	4048.46
4051.6209999999996	0.900000000000091	trials	21	s021_F191226	grCe_grSu18Fa	11	270.0	8	4051.921	4052.219
4055.555	0.900000000000091	trials	21	s021_F191226	grCe_grSu12SmCiNe	13	135.0	8	4055.855	4056.154
