onset	duration	nwb_table	ses_ID	ses_Name	cond_Name	cond_ID	target_rot	rep_num	pdOn	pdOff
28.910999999999998	0.9000000000000021	trials	42	s042_F200619	grCe_grSu6CiNe_PS	19	90.0	7	29.211	29.511
29.511	0.9000000000000021	trials	42	s042_F200619	coCe	16	0.0	7	29.811	30.111
30.111	0.9000000000000021	trials	42	s042_F200619	grCe_grSu12SmCiNe_PS	21	315.0	7	30.411	30.711
34.537000000000006	0.8999999999999986	trials	42	s042_F200619	grCe_grSu18Fa	11	90.0	7	34.837	35.137
38.054	0.8999999999999986	trials	42	s042_F200619	coCe_grSu6Ne	17	45.0	7	38.354	38.654
38.688	0.8999999999999986	trials	42	s042_F200619	grCe_grSu6CiNe	15	45.0	7	38.988	39.287
39.296	0.8999999999999986	trials	42	s042_F200619	grCe_grSu6Ne_PS	18	315.0	7	39.596	39.896
39.913000000000004	0.8999999999999986	trials	42	s042_F200619	coCe	16	135.0	7	40.213	40.512
40.529	0.8999999999999986	trials	42	s042_F200619	grCe_grSu18Fa	11	225.0	7	40.829	41.129
47.264	0.8999999999999986	trials	42	s042_F200619	grSu6CiNe	14		7	47.564	47.863
48.497	0.8999999999999986	trials	42	s042_F200619	grCe_grSu6CiNe	15	90.0	7	48.797	49.097
49.106	0.8999999999999986	trials	42	s042_F200619	grCe_grSu6CiNe	15	135.0	7	49.406	49.705
49.714000000000006	0.8999999999999986	trials	42	s042_F200619	grCe	1	0.0	7	50.014	50.314
63.724000000000004	0.8999999999999915	trials	42	s042_F200619	grCe_grSu6CiNe	15	180.0	7	64.024	64.324
64.349	0.8999999999999915	trials	42	s042_F200619	grSu1Ne	2		7	64.649	64.949
64.949	0.8999999999999915	trials	42	s042_F200619	grCe_grSu6Ne_PS	18	0.0	7	65.249	65.549
65.558	0.8999999999999915	trials	42	s042_F200619	grCe_grSu12Mi	9	270.0	7	65.858	66.157
66.166	0.8999999999999915	trials	42	s042_F200619	grCe_grSu1Ne	3	45.0	7	66.466	66.766
73.47500000000001	0.8999999999999915	trials	42	s042_F200619	grCe_grSu18Fa	11	180.0	7	73.775	74.075
74.084	0.8999999999999915	trials	42	s042_F200619	grSu12Mi	8		7	74.384	74.683
74.69200000000001	0.8999999999999915	trials	42	s042_F200619	grCe_grSu6CiNe	15	270.0	7	74.992	75.292
78.309	0.8999999999999915	trials	42	s042_F200619	coCe_grSu6Ne	17	135.0	7	78.609	78.909
78.909	0.8999999999999915	trials	42	s042_F200619	grCe_grSu6CiNe_PS	19	135.0	7	79.209	79.509
79.518	0.8999999999999915	trials	42	s042_F200619	grCe_grSu12Mi	9	225.0	7	79.818	80.118
80.11800000000001	0.8999999999999915	trials	42	s042_F200619	grCe_grSu6CiNe_PS	19	180.0	7	80.418	80.718
80.726	0.8999999999999915	trials	42	s042_F200619	grCe_grSu6Ne	7	135.0	7	81.026	81.326
88.069	0.8999999999999915	trials	42	s042_F200619	grCe_grSu6CiNe_PS	19	0.0	7	88.369	88.669
88.677	0.8999999999999915	trials	42	s042_F200619	grSu12SmCiNe	12		7	88.977	89.277
89.277	0.8999999999999915	trials	42	s042_F200619	coCe_grSu6Ne	17	315.0	7	89.577	89.877
89.911	0.8999999999999915	trials	42	s042_F200619	grCe_grSu1Ne	3	225.0	7	90.211	90.511
97.253	0.8999999999999915	trials	42	s042_F200619	NoStim	0		7	97.553	97.853
97.86200000000001	0.8999999999999915	trials	42	s042_F200619	grCe_grSu18Fa	11	315.0	7	98.162	98.462
99.67	0.8999999999999915	trials	42	s042_F200619	grCe_grSu12SmCiNe	13	315.0	7	99.97	100.27
106.372	0.8999999999999915	trials	42	s042_F200619	grCe_grSu6Ne_PS	18	180.0	7	106.672	106.972
106.97200000000001	0.8999999999999915	trials	42	s042_F200619	grCe_grSu6Ne	7	315.0	7	107.272	107.572
107.572	0.8999999999999915	trials	42	s042_F200619	grSu3Ne	4		7	107.872	108.172
108.181	0.8999999999999915	trials	42	s042_F200619	grCe_grSu3Ne	5	225.0	7	108.481	108.781
115.58200000000001	0.8999999999999915	trials	42	s042_F200619	grCe_grSu1Ne	3	180.0	7	115.882	116.182
116.19	0.8999999999999915	trials	42	s042_F200619	grCe_grSu12SmCiNe	13	90.0	7	116.49	116.79
117.407	0.8999999999999915	trials	42	s042_F200619	grCe_grSu12SmCiNe	13	135.0	7	117.707	118.007
124.766	0.8999999999999915	trials	42	s042_F200619	grCe_grSu3Ne	5	315.0	7	125.066	125.366
125.366	0.8999999999999915	trials	42	s042_F200619	grCe_grSu6CiNe_PS	19	45.0	7	125.666	125.966
126.617	0.8999999999999915	trials	42	s042_F200619	grSu18Fa	10		7	126.917	127.216
137.851	0.9000000000000057	trials	42	s042_F200619	grCe_grSu6CiNe_PS	19	225.0	7	138.151	138.451
138.451	0.9000000000000057	trials	42	s042_F200619	grCe	1	45.0	7	138.751	139.051
139.66	0.9000000000000057	trials	42	s042_F200619	grCe_grSu1Ne	3	270.0	7	139.96	140.26
147.06099999999998	0.9000000000000057	trials	42	s042_F200619	grCe_grSu12SmCiNe_PS	21	225.0	7	147.361	147.661
147.661	0.9000000000000057	trials	42	s042_F200619	grSu6Ne	6		7	147.961	148.261
148.286	0.9000000000000057	trials	42	s042_F200619	grCe	1	270.0	7	148.586	148.886
148.903	0.9000000000000057	trials	42	s042_F200619	grCe_grSu12SmCiNe_PS	21	180.0	7	149.203	149.502
155.53699999999998	0.9000000000000057	trials	42	s042_F200619	coCe_grSu6Ne	17	270.0	7	155.837	156.137
156.137	0.9000000000000057	trials	42	s042_F200619	grCe_grSu6Ne_PS	18	135.0	7	156.437	156.737
156.737	0.9000000000000057	trials	42	s042_F200619	grCe	1	135.0	7	157.037	157.337
164.72199999999998	0.9000000000000057	trials	42	s042_F200619	grCe_grSu1Ne	3	315.0	7	165.022	165.321
165.32999999999998	0.9000000000000057	trials	42	s042_F200619	grCe_grSu12SmCiNe	13	180.0	7	165.63	165.93
165.938	0.9000000000000057	trials	42	s042_F200619	grCe_grSu3Ne	5	270.0	7	166.238	166.538
169.397	0.9000000000000057	trials	42	s042_F200619	grCe_grSu6Ne	7	45.0	7	169.697	169.997
170.006	0.9000000000000057	trials	42	s042_F200619	grCe_grSu6CiNe	15	315.0	7	170.306	170.605
171.214	0.9000000000000057	trials	42	s042_F200619	grCe_grSu12SmCiNe_PS	21	0.0	7	171.514	171.814
171.822	0.9000000000000057	trials	42	s042_F200619	grCe_grSu12Mi	9	90.0	7	172.122	172.422
178.75699999999998	0.9000000000000057	trials	42	s042_F200619	coCe	16	90.0	7	179.057	179.356
179.40699999999998	0.9000000000000057	trials	42	s042_F200619	grCe_grSu6CiNe	15	0.0	7	179.707	180.006
180.00699999999998	0.9000000000000057	trials	42	s042_F200619	grCe_grSu6CiNe_PS	19	315.0	7	180.307	180.606
180.649	0.9000000000000057	trials	42	s042_F200619	coCe	16	180.0	7	180.949	181.248
187.96599999999998	0.9000000000000057	trials	42	s042_F200619	grCe_grSu18Fa	11	0.0	7	188.266	188.566
188.566	0.9000000000000057	trials	42	s042_F200619	grCe_grSu12SmCiNe_PS	21	45.0	7	188.866	189.166
189.17499999999998	0.9000000000000057	trials	42	s042_F200619	grCe_grSu1Ne	3	90.0	7	189.475	189.774
190.416	0.9000000000000057	trials	42	s042_F200619	coCe_grSu6Ne	17	90.0	7	190.716	191.016
197.159	0.9000000000000057	trials	42	s042_F200619	grCe_grSu1Ne	3	135.0	7	197.459	197.759
197.759	0.9000000000000057	trials	42	s042_F200619	grCe_grSu6Ne	7	270.0	7	198.059	198.359
198.35899999999998	0.9000000000000057	trials	42	s042_F200619	grCe_grSu12SmCiNe	13	45.0	7	198.659	198.959
198.993	0.9000000000000057	trials	42	s042_F200619	grCe_grSu12SmCiNe_PS	21	90.0	7	199.293	199.592
199.643	0.9000000000000057	trials	42	s042_F200619	grCe_grSu6Ne	7	180.0	7	199.943	200.242
206.26899999999998	0.9000000000000057	trials	42	s042_F200619	grCe_grSu3Ne	5	0.0	7	206.569	206.868
206.87699999999998	0.9000000000000057	trials	42	s042_F200619	grCe_grSu6Ne_PS	18	45.0	7	207.177	207.477
207.47699999999998	0.9000000000000057	trials	42	s042_F200619	coCe	16	315.0	7	207.777	208.077
208.71099999999998	0.9000000000000057	trials	42	s042_F200619	coCe	16	45.0	7	209.011	209.31
215.253	0.9000000000000057	trials	42	s042_F200619	coCe_grSu6Ne	17	225.0	7	215.553	215.853
215.886	0.9000000000000057	trials	42	s042_F200619	coCe_grSu6Ne	17	0.0	7	216.186	216.486
216.49499999999998	0.9000000000000057	trials	42	s042_F200619	coSu6Ne	20		7	216.795	217.095
217.10299999999998	0.9000000000000057	trials	42	s042_F200619	grCe_grSu18Fa	11	270.0	7	217.403	217.703
224.34599999999998	0.9000000000000057	trials	42	s042_F200619	grCe_grSu12Mi	9	0.0	7	224.646	224.946
224.95399999999998	0.9000000000000057	trials	42	s042_F200619	grCe_grSu12Mi	9	135.0	7	225.254	225.554
226.179	0.9000000000000057	trials	42	s042_F200619	grCe_grSu6Ne_PS	18	90.0	7	226.479	226.779
226.796	0.9000000000000057	trials	42	s042_F200619	grCe	1	90.0	7	227.096	227.396
234.68099999999998	0.9000000000000057	trials	42	s042_F200619	coCe	16	270.0	7	234.981	235.28
235.289	0.9000000000000057	trials	42	s042_F200619	grCe_grSu3Ne	5	90.0	7	235.589	235.889
235.90599999999998	0.9000000000000057	trials	42	s042_F200619	grCe_grSu18Fa	11	45.0	7	236.206	236.505
245.557	0.9000000000000057	trials	42	s042_F200619	grCe_grSu12SmCiNe	13	0.0	7	245.857	246.157
246.15699999999998	0.9000000000000057	trials	42	s042_F200619	coCe	16	225.0	7	246.457	246.757
249.624	0.9000000000000057	trials	42	s042_F200619	grCe_grSu12Mi	9	45.0	7	249.924	250.224
250.23299999999998	0.9000000000000057	trials	42	s042_F200619	grCe_grSu12Mi	9	180.0	7	250.533	250.832
250.833	0.9000000000000057	trials	42	s042_F200619	grCe	1	225.0	7	251.133	251.432
251.474	0.9000000000000057	trials	42	s042_F200619	grCe_grSu12SmCiNe	13	225.0	7	251.774	252.074
258.86699999999996	0.9000000000000341	trials	42	s042_F200619	grCe_grSu6Ne_PS	18	270.0	7	259.167	259.467
259.509	0.9000000000000341	trials	42	s042_F200619	grCe_grSu3Ne	5	180.0	7	259.809	260.108
260.125	0.9000000000000341	trials	42	s042_F200619	grCe_grSu18Fa	11	135.0	7	260.425	260.725
260.726	0.9000000000000341	trials	42	s042_F200619	grCe_grSu3Ne	5	45.0	7	261.026	261.325
267.96	0.9000000000000341	trials	42	s042_F200619	grCe_grSu1Ne	3	0.0	7	268.26	268.56
268.56	0.9000000000000341	trials	42	s042_F200619	grCe_grSu12SmCiNe_PS	21	135.0	7	268.86	269.16
269.202	0.9000000000000341	trials	42	s042_F200619	grCe_grSu12SmCiNe_PS	21	270.0	7	269.502	269.801
269.81	0.9000000000000341	trials	42	s042_F200619	grCe_grSu6Ne	7	90.0	7	270.11	270.41
270.443	0.9000000000000341	trials	42	s042_F200619	grCe_grSu6Ne	7	0.0	7	270.743	271.043
277.294	0.9000000000000341	trials	42	s042_F200619	grCe_grSu6Ne_PS	18	225.0	7	277.594	277.894
277.894	0.9000000000000341	trials	42	s042_F200619	coCe_grSu6Ne	17	180.0	7	278.194	278.494
278.503	0.9000000000000341	trials	42	s042_F200619	grCe_grSu6CiNe	15	225.0	7	278.803	279.103
279.111	0.9000000000000341	trials	42	s042_F200619	grCe_grSu12SmCiNe	13	270.0	7	279.411	279.711
282.745	0.9000000000000341	trials	42	s042_F200619	grCe_grSu6CiNe_PS	19	270.0	7	283.045	283.345
283.36199999999997	0.9000000000000341	trials	42	s042_F200619	grCe_grSu3Ne	5	135.0	7	283.662	283.962
283.96999999999997	0.9000000000000341	trials	42	s042_F200619	grCe_grSu12Mi	9	315.0	7	284.27	284.57
287.662	0.9000000000000341	trials	42	s042_F200619	grCe	1	315.0	7	287.962	288.262
288.262	0.9000000000000341	trials	42	s042_F200619	grCe	1	180.0	7	288.562	288.862
288.896	0.9000000000000341	trials	42	s042_F200619	grCe_grSu6Ne	7	225.0	7	289.196	289.496
289.538	0.9000000000000341	trials	42	s042_F200619	grCe_grSu12Mi	9	45.0	2	289.838	290.137
290.146	0.9000000000000341	trials	42	s042_F200619	grCe_grSu12Mi	9	270.0	2	290.446	290.746
299.897	0.9000000000000341	trials	42	s042_F200619	grCe_grSu6CiNe_PS	19	0.0	2	300.197	300.497
300.506	0.9000000000000341	trials	42	s042_F200619	grCe_grSu1Ne	3	135.0	2	300.806	301.105
301.114	0.9000000000000341	trials	42	s042_F200619	grCe_grSu12SmCiNe	13	90.0	2	301.414	301.714
301.764	0.9000000000000341	trials	42	s042_F200619	grCe_grSu6CiNe	15	180.0	2	302.064	302.364
309.057	0.9000000000000341	trials	42	s042_F200619	coCe	16	225.0	2	309.357	309.656
309.657	0.9000000000000341	trials	42	s042_F200619	grCe_grSu6CiNe_PS	19	45.0	2	309.957	310.257
310.257	0.9000000000000341	trials	42	s042_F200619	grCe_grSu6CiNe_PS	19	225.0	2	310.557	310.857
310.87399999999997	0.9000000000000341	trials	42	s042_F200619	grCe_grSu18Fa	11	90.0	2	311.174	311.473
311.49	0.9000000000000341	trials	42	s042_F200619	grCe_grSu6Ne	7	315.0	2	311.79	312.09
318.22499999999997	0.9000000000000341	trials	42	s042_F200619	grCe_grSu6CiNe	15	315.0	2	318.525	318.824
318.825	0.9000000000000341	trials	42	s042_F200619	grSu6Ne	6		2	319.125	319.424
319.433	0.9000000000000341	trials	42	s042_F200619	grCe_grSu3Ne	5	0.0	2	319.733	320.033
323.584	0.9000000000000341	trials	42	s042_F200619	grCe	1	0.0	2	323.884	324.183
324.217	0.9000000000000341	trials	42	s042_F200619	coCe_grSu6Ne	17	270.0	2	324.517	324.817
324.817	0.9000000000000341	trials	42	s042_F200619	grCe_grSu6Ne_PS	18	180.0	2	325.117	325.417
325.442	0.9000000000000341	trials	42	s042_F200619	grCe_grSu6CiNe	15	225.0	2	325.742	326.042
326.042	0.9000000000000341	trials	42	s042_F200619	grCe_grSu12SmCiNe_PS	21	135.0	2	326.342	326.642
333.452	0.9000000000000341	trials	42	s042_F200619	grCe_grSu12Mi	9	0.0	2	333.752	334.051
334.05199999999996	0.9000000000000341	trials	42	s042_F200619	grCe	1	180.0	2	334.352	334.651
335.902	0.9000000000000341	trials	42	s042_F200619	grCe_grSu18Fa	11	135.0	2	336.202	336.502
342.77799999999996	0.9000000000000341	trials	42	s042_F200619	coCe_grSu6Ne	17	135.0	2	343.078	343.378
343.38599999999997	0.9000000000000341	trials	42	s042_F200619	grCe_grSu12SmCiNe	13	0.0	2	343.686	343.986
343.986	0.9000000000000341	trials	42	s042_F200619	grCe_grSu12SmCiNe	13	225.0	2	344.286	344.586
344.59499999999997	0.9000000000000341	trials	42	s042_F200619	grCe_grSu18Fa	11	0.0	2	344.895	345.194
345.203	0.9000000000000341	trials	42	s042_F200619	coCe_grSu6Ne	17	45.0	2	345.503	345.803
355.204	0.9000000000000341	trials	42	s042_F200619	grCe	1	315.0	2	355.504	355.804
355.805	0.9000000000000341	trials	42	s042_F200619	grCe_grSu6CiNe_PS	19	135.0	2	356.105	356.404
356.413	0.9000000000000341	trials	42	s042_F200619	grSu6CiNe	14		2	356.713	357.013
357.046	0.9000000000000341	trials	42	s042_F200619	grCe_grSu12SmCiNe	13	45.0	2	357.346	357.646
357.68	0.9000000000000341	trials	42	s042_F200619	grCe_grSu3Ne	5	180.0	2	357.98	358.279
364.406	0.9000000000000341	trials	42	s042_F200619	grCe	1	135.0	2	364.706	365.005
365.04699999999997	0.9000000000000341	trials	42	s042_F200619	grCe_grSu12SmCiNe	13	135.0	2	365.347	365.647
366.256	0.9000000000000341	trials	42	s042_F200619	coCe	16	315.0	2	366.556	366.856
374.49	0.9000000000000341	trials	42	s042_F200619	coCe	16	270.0	2	374.79	375.09
375.099	0.9000000000000341	trials	42	s042_F200619	grCe_grSu12SmCiNe	13	180.0	2	375.399	375.698
375.707	0.9000000000000341	trials	42	s042_F200619	grCe_grSu3Ne	5	225.0	2	376.007	376.307
376.307	0.9000000000000341	trials	42	s042_F200619	coCe_grSu6Ne	17	225.0	2	376.607	376.907
383.175	0.9000000000000341	trials	42	s042_F200619	grCe_grSu6CiNe_PS	19	90.0	2	383.475	383.774
384.383	0.9000000000000341	trials	42	s042_F200619	grCe_grSu6Ne_PS	18	45.0	2	384.683	384.983
385.008	0.9000000000000341	trials	42	s042_F200619	grCe_grSu3Ne	5	45.0	2	385.308	385.608
392.518	0.9000000000000341	trials	42	s042_F200619	grCe	1	90.0	2	392.818	393.117
393.126	0.9000000000000341	trials	42	s042_F200619	grCe_grSu12SmCiNe_PS	21	45.0	2	393.426	393.726
393.734	0.9000000000000341	trials	42	s042_F200619	grCe_grSu1Ne	3	315.0	2	394.034	394.334
394.34299999999996	0.9000000000000341	trials	42	s042_F200619	grCe_grSu12Mi	9	180.0	2	394.643	394.943
394.96799999999996	0.9000000000000341	trials	42	s042_F200619	grCe	1	45.0	2	395.268	395.568
401.844	0.9000000000000341	trials	42	s042_F200619	grCe_grSu6Ne_PS	18	315.0	2	402.144	402.443
402.444	0.9000000000000341	trials	42	s042_F200619	coCe	16	90.0	2	402.744	403.044
403.086	0.9000000000000341	trials	42	s042_F200619	coCe	16	135.0	2	403.386	403.685
403.686	0.9000000000000341	trials	42	s042_F200619	grCe_grSu12SmCiNe_PS	21	270.0	2	403.986	404.285
404.286	0.9000000000000341	trials	42	s042_F200619	grCe_grSu6CiNe_PS	19	315.0	2	404.586	404.885
411.02	0.9000000000000341	trials	42	s042_F200619	grCe_grSu6Ne_PS	18	225.0	2	411.32	411.62
411.662	0.9000000000000341	trials	42	s042_F200619	grCe_grSu18Fa	11	270.0	2	411.962	412.261
412.262	0.9000000000000341	trials	42	s042_F200619	grCe_grSu6Ne	7	225.0	2	412.562	412.861
413.012	0.9000000000000341	trials	42	s042_F200619	grCe_grSu6CiNe	15	135.0	2	413.312	413.612
413.637	0.9000000000000341	trials	42	s042_F200619	grCe_grSu12SmCiNe_PS	21	180.0	2	413.937	414.237
420.35499999999996	0.9000000000000341	trials	42	s042_F200619	coSu6Ne	20		2	420.655	420.954
420.971	0.9000000000000341	trials	42	s042_F200619	grCe_grSu6Ne_PS	18	0.0	2	421.271	421.571
425.22999999999996	0.9000000000000341	trials	42	s042_F200619	grCe_grSu12SmCiNe_PS	21	0.0	2	425.53	425.83
425.83	0.9000000000000341	trials	42	s042_F200619	grCe_grSu1Ne	3	45.0	2	426.13	426.43
426.43899999999996	0.9000000000000341	trials	42	s042_F200619	grSu12Mi	8		2	426.739	427.038
427.039	0.9000000000000341	trials	42	s042_F200619	grCe_grSu6CiNe_PS	19	270.0	2	427.339	427.638
427.655	0.9000000000000341	trials	42	s042_F200619	grCe_grSu18Fa	11	315.0	2	427.955	428.255
434.373	0.9000000000000341	trials	42	s042_F200619	grCe_grSu6Ne_PS	18	270.0	2	434.673	434.973
435.006	0.9000000000000341	trials	42	s042_F200619	grCe_grSu3Ne	5	270.0	2	435.306	435.606
435.606	0.9000000000000341	trials	42	s042_F200619	grCe_grSu6Ne_PS	18	135.0	2	435.906	436.206
436.207	0.9000000000000341	trials	42	s042_F200619	coCe_grSu6Ne	17	90.0	2	436.507	436.806
436.815	0.9000000000000341	trials	42	s042_F200619	grCe_grSu6CiNe	15	45.0	2	437.115	437.415
443.691	0.9000000000000341	trials	42	s042_F200619	grCe_grSu1Ne	3	0.0	2	443.991	444.291
444.291	0.9000000000000341	trials	42	s042_F200619	grCe_grSu12SmCiNe_PS	21	315.0	2	444.591	444.891
445.524	0.9000000000000341	trials	42	s042_F200619	grCe_grSu12Mi	9	90.0	2	445.824	446.124
446.166	0.9000000000000341	trials	42	s042_F200619	grSu18Fa	10		2	446.466	446.766
452.93399999999997	0.9000000000000341	trials	42	s042_F200619	grCe_grSu12SmCiNe_PS	21	90.0	2	453.234	453.533
454.159	0.9000000000000341	trials	42	s042_F200619	grCe_grSu6CiNe	15	0.0	2	454.459	454.759
454.759	0.9000000000000341	trials	42	s042_F200619	grCe	1	225.0	2	455.059	455.359
455.359	0.9000000000000341	trials	42	s042_F200619	NoStim	0		2	455.659	455.959
462.65999999999997	0.9000000000000341	trials	42	s042_F200619	coCe	16	0.0	2	462.96	463.26
463.26	0.9000000000000341	trials	42	s042_F200619	grCe_grSu6Ne	7	135.0	2	463.56	463.86
463.86	0.9000000000000341	trials	42	s042_F200619	grCe_grSu12SmCiNe_PS	21	225.0	2	464.16	464.46
464.469	0.9000000000000341	trials	42	s042_F200619	grCe_grSu6Ne	7	45.0	2	464.769	465.068
471.13599999999997	0.9000000000000341	trials	42	s042_F200619	grCe_grSu6CiNe_PS	19	180.0	2	471.436	471.736
475.61199999999997	0.9000000000000341	trials	42	s042_F200619	grCe_grSu1Ne	3	180.0	2	475.912	476.211
476.212	0.9000000000000341	trials	42	s042_F200619	grCe_grSu1Ne	3	270.0	2	476.512	476.811
476.82	0.9000000000000341	trials	42	s042_F200619	grCe_grSu6Ne	7	180.0	2	477.12	477.42
477.445	0.9000000000000341	trials	42	s042_F200619	grCe_grSu12Mi	9	225.0	2	477.745	478.045
494.381	0.9000000000000341	trials	42	s042_F200619	grCe_grSu3Ne	5	90.0	2	494.681	494.98
494.981	0.9000000000000341	trials	42	s042_F200619	grCe_grSu6CiNe	15	270.0	2	495.281	495.58
496.198	0.9000000000000341	trials	42	s042_F200619	coCe_grSu6Ne	17	0.0	2	496.498	496.797
503.23199999999997	0.9000000000000341	trials	42	s042_F200619	grCe_grSu3Ne	5	135.0	2	503.532	503.832
503.832	0.9000000000000341	trials	42	s042_F200619	grSu12SmCiNe	12		2	504.132	504.432
504.449	0.9000000000000341	trials	42	s042_F200619	grCe_grSu18Fa	11	180.0	2	504.749	505.048
513.283	0.8999999999999773	trials	42	s042_F200619	grCe_grSu1Ne	3	225.0	2	513.583	513.883
513.9000000000001	0.8999999999999773	trials	42	s042_F200619	grCe_grSu18Fa	11	45.0	2	514.2	514.5
514.508	0.8999999999999773	trials	42	s042_F200619	grCe_grSu6Ne	7	270.0	2	514.808	515.108
515.1500000000001	0.8999999999999773	trials	42	s042_F200619	grCe_grSu12Mi	9	135.0	2	515.45	515.75
515.75	0.8999999999999773	trials	42	s042_F200619	grCe	1	270.0	2	516.05	516.35
522.484	0.8999999999999773	trials	42	s042_F200619	grSu1Ne	2		2	522.784	523.084
523.134	0.8999999999999773	trials	42	s042_F200619	grCe_grSu12Mi	9	315.0	2	523.434	523.734
523.768	0.8999999999999773	trials	42	s042_F200619	coCe	16	45.0	2	524.068	524.368
536.3280000000001	0.8999999999999773	trials	42	s042_F200619	grCe_grSu6CiNe	15	90.0	2	536.628	536.928
538.178	0.8999999999999773	trials	42	s042_F200619	grCe_grSu12SmCiNe	13	270.0	2	538.478	538.778
538.7860000000001	0.8999999999999773	trials	42	s042_F200619	grCe_grSu6Ne	7	90.0	2	539.086	539.386
546.1120000000001	0.8999999999999773	trials	42	s042_F200619	grCe_grSu12SmCiNe	13	315.0	2	546.412	546.712
546.712	0.8999999999999773	trials	42	s042_F200619	coCe	16	180.0	2	547.012	547.312
555.364	0.8999999999999773	trials	42	s042_F200619	grCe_grSu6Ne_PS	18	90.0	2	555.664	555.963
555.964	0.8999999999999773	trials	42	s042_F200619	grCe_grSu3Ne	5	315.0	2	556.264	556.563
557.239	0.8999999999999773	trials	42	s042_F200619	grSu3Ne	4		2	557.539	557.839
557.864	0.8999999999999773	trials	42	s042_F200619	grCe_grSu6Ne	7	0.0	2	558.164	558.464
564.7810000000001	0.8999999999999773	trials	42	s042_F200619	grCe_grSu18Fa	11	225.0	2	565.081	565.381
565.3900000000001	0.8999999999999773	trials	42	s042_F200619	coCe_grSu6Ne	17	180.0	2	565.69	565.99
566.6650000000001	0.8999999999999773	trials	42	s042_F200619	coCe_grSu6Ne	17	315.0	2	566.965	567.265
567.307	0.8999999999999773	trials	42	s042_F200619	grCe_grSu1Ne	3	90.0	2	567.607	567.907
574.041	0.8999999999999773	trials	42	s042_F200619	grCe_grSu18Fa	11	225.0	0	574.341	574.641
574.6740000000001	0.8999999999999773	trials	42	s042_F200619	grCe_grSu6Ne	7	90.0	0	574.974	575.274
575.291	0.8999999999999773	trials	42	s042_F200619	grSu6Ne	6		0	575.591	575.891
575.9000000000001	0.8999999999999773	trials	42	s042_F200619	grCe_grSu12SmCiNe	13	225.0	0	576.2	576.499
584.7170000000001	0.8999999999999773	trials	42	s042_F200619	grCe_grSu12SmCiNe_PS	21	270.0	0	585.017	585.317
585.3670000000001	0.8999999999999773	trials	42	s042_F200619	grCe_grSu18Fa	11	315.0	0	585.667	585.967
585.976	0.8999999999999773	trials	42	s042_F200619	grSu18Fa	10		0	586.276	586.576
586.601	0.8999999999999773	trials	42	s042_F200619	grCe_grSu1Ne	3	315.0	0	586.901	587.201
593.2520000000001	0.8999999999999773	trials	42	s042_F200619	grCe_grSu6Ne_PS	18	270.0	0	593.552	593.852
594.527	0.8999999999999773	trials	42	s042_F200619	grSu12SmCiNe	12		0	594.827	595.127
595.744	0.8999999999999773	trials	42	s042_F200619	grCe_grSu6CiNe_PS	19	90.0	0	596.044	596.344
602.32	0.8999999999999773	trials	42	s042_F200619	grCe	1	45.0	0	602.62	602.919
602.961	0.8999999999999773	trials	42	s042_F200619	coCe_grSu6Ne	17	90.0	0	603.261	603.561
603.561	0.8999999999999773	trials	42	s042_F200619	grCe_grSu12SmCiNe_PS	21	0.0	0	603.861	604.161
604.187	0.8999999999999773	trials	42	s042_F200619	coCe_grSu6Ne	17	180.0	0	604.487	604.786
604.803	0.8999999999999773	trials	42	s042_F200619	grCe_grSu12SmCiNe_PS	21	315.0	0	605.103	605.403
615.171	0.8999999999999773	trials	42	s042_F200619	grCe_grSu1Ne	3	45.0	0	615.471	615.771
616.446	0.8999999999999773	trials	42	s042_F200619	grCe_grSu18Fa	11	45.0	0	616.746	617.046
617.047	0.8999999999999773	trials	42	s042_F200619	grCe	1	180.0	0	617.347	617.646
617.6550000000001	0.8999999999999773	trials	42	s042_F200619	grCe_grSu3Ne	5	135.0	0	617.955	618.255
624.373	0.8999999999999773	trials	42	s042_F200619	grCe_grSu3Ne	5	225.0	0	624.673	624.972
624.989	0.8999999999999773	trials	42	s042_F200619	grCe_grSu6Ne_PS	18	225.0	0	625.289	625.589
625.614	0.8999999999999773	trials	42	s042_F200619	coSu6Ne	20		0	625.914	626.214
626.2230000000001	0.8999999999999773	trials	42	s042_F200619	grCe_grSu6Ne	7	225.0	0	626.523	626.822
626.8480000000001	0.8999999999999773	trials	42	s042_F200619	grCe_grSu6CiNe	15	90.0	0	627.148	627.448
633.815	0.8999999999999773	trials	42	s042_F200619	grCe_grSu18Fa	11	180.0	0	634.115	634.415
634.4240000000001	0.8999999999999773	trials	42	s042_F200619	grCe_grSu18Fa	11	270.0	0	634.724	635.023
635.032	0.8999999999999773	trials	42	s042_F200619	grCe_grSu12Mi	9	0.0	0	635.332	635.632
636.316	0.8999999999999773	trials	42	s042_F200619	coCe	16	90.0	0	636.616	636.915
643.158	0.8999999999999773	trials	42	s042_F200619	grCe_grSu12SmCiNe	13	270.0	0	643.458	643.758
643.808	0.8999999999999773	trials	42	s042_F200619	grCe_grSu18Fa	11	90.0	0	644.108	644.408
644.433	0.8999999999999773	trials	42	s042_F200619	grCe	1	0.0	0	644.733	645.033
645.0500000000001	0.8999999999999773	trials	42	s042_F200619	grCe_grSu6Ne	7	135.0	0	645.35	645.65
645.659	0.8999999999999773	trials	42	s042_F200619	grCe_grSu12SmCiNe	13	45.0	0	645.959	646.258
652.484	0.8999999999999773	trials	42	s042_F200619	grCe_grSu6Ne	7	180.0	0	652.784	653.084
653.135	0.8999999999999773	trials	42	s042_F200619	grCe_grSu12Mi	9	45.0	0	653.435	653.734
653.735	0.8999999999999773	trials	42	s042_F200619	grSu3Ne	4		0	654.035	654.334
654.3430000000001	0.8999999999999773	trials	42	s042_F200619	grCe_grSu6CiNe	15	0.0	0	654.643	654.943
654.96	0.8999999999999773	trials	42	s042_F200619	grCe	1	225.0	0	655.26	655.559
661.969	0.8999999999999773	trials	42	s042_F200619	grCe_grSu6CiNe	15	270.0	0	662.269	662.569
662.5690000000001	0.8999999999999773	trials	42	s042_F200619	grCe	1	90.0	0	662.869	663.169
663.186	0.8999999999999773	trials	42	s042_F200619	grCe_grSu12SmCiNe	13	315.0	0	663.486	663.786
663.7860000000001	0.8999999999999773	trials	42	s042_F200619	grCe_grSu12SmCiNe_PS	21	90.0	0	664.086	664.386
664.3860000000001	0.8999999999999773	trials	42	s042_F200619	grCe_grSu6CiNe_PS	19	135.0	0	664.686	664.986
680.921	0.8999999999999773	trials	42	s042_F200619	grCe_grSu6CiNe	15	45.0	0	681.221	681.521
681.5630000000001	0.8999999999999773	trials	42	s042_F200619	grCe_grSu1Ne	3	0.0	0	681.863	682.163
682.1880000000001	0.8999999999999773	trials	42	s042_F200619	grCe_grSu6CiNe	15	225.0	0	682.488	682.788
682.797	0.8999999999999773	trials	42	s042_F200619	grCe_grSu12Mi	9	270.0	0	683.097	683.396
683.4300000000001	0.8999999999999773	trials	42	s042_F200619	grCe_grSu3Ne	5	0.0	0	683.73	684.03
690.248	0.8999999999999773	trials	42	s042_F200619	grCe_grSu18Fa	11	135.0	0	690.548	690.847
690.8480000000001	0.8999999999999773	trials	42	s042_F200619	grCe	1	135.0	0	691.148	691.447
691.456	0.8999999999999773	trials	42	s042_F200619	grCe_grSu1Ne	3	225.0	0	691.756	692.056
692.69	0.8999999999999773	trials	42	s042_F200619	NoStim	0		0	692.99	693.289
700.316	0.8999999999999773	trials	42	s042_F200619	grCe_grSu6Ne	7	45.0	0	700.616	700.915
700.957	0.8999999999999773	trials	42	s042_F200619	grCe_grSu18Fa	11	0.0	0	701.257	701.557
708.942	0.8999999999999773	trials	42	s042_F200619	grCe_grSu6Ne_PS	18	0.0	0	709.242	709.541
709.542	0.8999999999999773	trials	42	s042_F200619	grCe_grSu6Ne_PS	18	90.0	0	709.842	710.142
711.35	0.8999999999999773	trials	42	s042_F200619	coCe	16	45.0	0	711.65	711.95
718.11	0.8999999999999773	trials	42	s042_F200619	grCe	1	315.0	0	718.41	718.709
718.7180000000001	0.8999999999999773	trials	42	s042_F200619	coCe_grSu6Ne	17	135.0	0	719.018	719.318
719.3180000000001	0.8999999999999773	trials	42	s042_F200619	coCe_grSu6Ne	17	315.0	0	719.618	719.918
719.9430000000001	0.8999999999999773	trials	42	s042_F200619	grCe_grSu6CiNe_PS	19	225.0	0	720.243	720.543
720.552	0.8999999999999773	trials	42	s042_F200619	grCe_grSu1Ne	3	90.0	0	720.852	721.151
733.495	0.8999999999999773	trials	42	s042_F200619	grCe_grSu12SmCiNe_PS	21	225.0	0	733.795	734.095
734.095	0.8999999999999773	trials	42	s042_F200619	grCe_grSu6Ne	7	0.0	0	734.395	734.695
734.695	0.8999999999999773	trials	42	s042_F200619	coCe	16	315.0	0	734.995	735.295
735.303	0.8999999999999773	trials	42	s042_F200619	coCe_grSu6Ne	17	45.0	0	735.603	735.903
750.272	0.8999999999999773	trials	42	s042_F200619	coCe_grSu6Ne	17	0.0	0	750.572	750.872
750.897	0.8999999999999773	trials	42	s042_F200619	grCe_grSu6CiNe_PS	19	270.0	0	751.197	751.497
751.4970000000001	0.8999999999999773	trials	42	s042_F200619	coCe	16	0.0	0	751.797	752.097
752.0970000000001	0.8999999999999773	trials	42	s042_F200619	grCe_grSu3Ne	5	270.0	0	752.397	752.697
752.706	0.8999999999999773	trials	42	s042_F200619	grCe_grSu3Ne	5	90.0	0	753.006	753.305
759.932	0.8999999999999773	trials	42	s042_F200619	grCe_grSu12SmCiNe_PS	21	135.0	0	760.232	760.531
760.532	0.8999999999999773	trials	42	s042_F200619	coCe	16	225.0	0	760.832	761.131
761.1400000000001	0.8999999999999773	trials	42	s042_F200619	grCe_grSu6Ne_PS	18	180.0	0	761.44	761.74
761.749	0.8999999999999773	trials	42	s042_F200619	grCe_grSu6CiNe	15	180.0	0	762.049	762.348
768.6740000000001	0.8999999999999773	trials	42	s042_F200619	grCe_grSu6Ne	7	270.0	0	768.974	769.274
769.883	0.8999999999999773	trials	42	s042_F200619	grCe_grSu12SmCiNe	13	0.0	0	770.183	770.483
770.5160000000001	0.8999999999999773	trials	42	s042_F200619	grSu6CiNe	14		0	770.816	771.116
778.642	0.8999999999999773	trials	42	s042_F200619	grCe	1	270.0	0	778.942	779.242
779.268	0.8999999999999773	trials	42	s042_F200619	grCe_grSu12Mi	9	225.0	0	779.568	779.867
779.8760000000001	0.8999999999999773	trials	42	s042_F200619	grCe_grSu12Mi	9	180.0	0	780.176	780.476
780.476	0.8999999999999773	trials	42	s042_F200619	grCe_grSu6CiNe_PS	19	315.0	0	780.776	781.076
787.802	0.8999999999999773	trials	42	s042_F200619	grCe_grSu12SmCiNe_PS	21	180.0	0	788.102	788.402
788.4100000000001	0.8999999999999773	trials	42	s042_F200619	grCe_grSu12Mi	9	90.0	0	788.71	789.01
789.019	0.8999999999999773	trials	42	s042_F200619	grCe_grSu6CiNe	15	135.0	0	789.319	789.618
789.619	0.8999999999999773	trials	42	s042_F200619	grCe_grSu6CiNe_PS	19	45.0	0	789.919	790.219
796.278	0.8999999999999773	trials	42	s042_F200619	grCe_grSu6Ne_PS	18	315.0	0	796.578	796.878
797.528	0.8999999999999773	trials	42	s042_F200619	grCe_grSu1Ne	3	135.0	0	797.828	798.128
798.745	0.8999999999999773	trials	42	s042_F200619	coCe	16	270.0	0	799.045	799.345
805.571	0.8999999999999773	trials	42	s042_F200619	grCe_grSu1Ne	3	270.0	0	805.871	806.171
806.171	0.8999999999999773	trials	42	s042_F200619	coCe_grSu6Ne	17	225.0	0	806.471	806.771
806.779	0.8999999999999773	trials	42	s042_F200619	grCe_grSu12Mi	9	135.0	0	807.079	807.379
807.388	0.8999999999999773	trials	42	s042_F200619	grCe_grSu12SmCiNe	13	135.0	0	807.688	807.987
807.9960000000001	0.8999999999999773	trials	42	s042_F200619	grCe_grSu3Ne	5	180.0	0	808.296	808.596
817.522	0.8999999999999773	trials	42	s042_F200619	grCe_grSu6CiNe	15	315.0	0	817.822	818.122
818.139	0.8999999999999773	trials	42	s042_F200619	grCe_grSu6Ne_PS	18	135.0	0	818.439	818.739
818.7810000000001	0.8999999999999773	trials	42	s042_F200619	grCe_grSu3Ne	5	45.0	0	819.081	819.381
819.4140000000001	0.8999999999999773	trials	42	s042_F200619	grCe_grSu12SmCiNe	13	180.0	0	819.714	820.014
826.6400000000001	0.8999999999999773	trials	42	s042_F200619	grCe_grSu12SmCiNe	13	90.0	0	826.94	827.24
838.3670000000001	0.8999999999999773	trials	42	s042_F200619	grCe_grSu12Mi	9	315.0	0	838.667	838.966
838.975	0.8999999999999773	trials	42	s042_F200619	grCe_grSu6Ne	7	315.0	0	839.275	839.575
844.326	0.8999999999999773	trials	42	s042_F200619	grCe_grSu1Ne	3	180.0	0	844.626	844.926
844.951	0.8999999999999773	trials	42	s042_F200619	grCe_grSu12SmCiNe_PS	21	45.0	0	845.251	845.551
845.5680000000001	0.8999999999999773	trials	42	s042_F200619	coCe	16	180.0	0	845.868	846.167
846.7760000000001	0.8999999999999773	trials	42	s042_F200619	grCe_grSu3Ne	5	315.0	0	847.076	847.376
853.9190000000001	0.8999999999999773	trials	42	s042_F200619	grCe_grSu6CiNe_PS	19	180.0	0	854.219	854.519
854.519	0.8999999999999773	trials	42	s042_F200619	grCe_grSu6CiNe_PS	19	0.0	0	854.819	855.119
855.119	0.8999999999999773	trials	42	s042_F200619	grCe_grSu6Ne_PS	18	45.0	0	855.419	855.719
855.7270000000001	0.8999999999999773	trials	42	s042_F200619	coCe_grSu6Ne	17	270.0	0	856.027	856.327
863.6030000000001	0.8999999999999773	trials	42	s042_F200619	coCe	16	135.0	0	863.903	864.203
864.2030000000001	0.8999999999999773	trials	42	s042_F200619	grSu1Ne	2		0	864.503	864.803
864.812	0.8999999999999773	trials	42	s042_F200619	grSu12Mi	8		0	865.112	865.412
865.445	0.8999999999999773	trials	42	s042_F200619	grCe_grSu12SmCiNe_PS	21	0.0	4	865.745	866.045
872.4300000000001	0.8999999999999773	trials	42	s042_F200619	grCe_grSu6Ne_PS	18	0.0	4	872.73	873.029
873.038	0.8999999999999773	trials	42	s042_F200619	grCe_grSu1Ne	3	0.0	4	873.338	873.638
873.638	0.8999999999999773	trials	42	s042_F200619	grSu3Ne	4		4	873.938	874.238
874.8470000000001	0.8999999999999773	trials	42	s042_F200619	grSu1Ne	2		4	875.147	875.446
885.606	0.8999999999999773	trials	42	s042_F200619	grCe_grSu12SmCiNe	13	135.0	4	885.906	886.206
886.248	0.8999999999999773	trials	42	s042_F200619	grCe_grSu3Ne	5	135.0	4	886.548	886.848
886.865	0.8999999999999773	trials	42	s042_F200619	grCe_grSu18Fa	11	225.0	4	887.165	887.464
887.465	0.8999999999999773	trials	42	s042_F200619	grCe_grSu12SmCiNe_PS	21	180.0	4	887.765	888.064
888.065	0.8999999999999773	trials	42	s042_F200619	grCe_grSu6Ne_PS	18	135.0	4	888.365	888.665
894.657	0.8999999999999773	trials	42	s042_F200619	grCe_grSu12Mi	9	0.0	4	894.957	895.257
898.291	0.8999999999999773	trials	42	s042_F200619	grCe_grSu3Ne	5	90.0	4	898.591	898.891
898.941	0.8999999999999773	trials	42	s042_F200619	grCe_grSu18Fa	11	135.0	4	899.241	899.541
899.5830000000001	0.8999999999999773	trials	42	s042_F200619	coCe	16	90.0	4	899.883	900.183
903.8670000000001	0.8999999999999773	trials	42	s042_F200619	grSu6Ne	6		4	904.167	904.467
905.0840000000001	0.8999999999999773	trials	42	s042_F200619	grCe_grSu18Fa	11	270.0	4	905.384	905.683
914.302	0.8999999999999773	trials	42	s042_F200619	grCe_grSu12SmCiNe	13	0.0	4	914.602	914.901
914.9100000000001	0.8999999999999773	trials	42	s042_F200619	grCe_grSu12Mi	9	270.0	4	915.21	915.51
915.527	0.8999999999999773	trials	42	s042_F200619	grSu12SmCiNe	12		4	915.827	916.126
922.1360000000001	0.8999999999999773	trials	42	s042_F200619	grCe_grSu3Ne	5	180.0	4	922.436	922.736
922.744	0.8999999999999773	trials	42	s042_F200619	grCe_grSu3Ne	5	225.0	4	923.044	923.344
923.344	0.8999999999999773	trials	42	s042_F200619	grCe	1	0.0	4	923.644	923.944
923.945	0.8999999999999773	trials	42	s042_F200619	grCe_grSu6CiNe	15	45.0	4	924.245	924.544
924.553	0.8999999999999773	trials	42	s042_F200619	grCe_grSu12Mi	9	225.0	4	924.853	925.153
934.529	0.8999999999999773	trials	42	s042_F200619	grCe_grSu6Ne_PS	18	45.0	4	934.829	935.129
935.263	0.8999999999999773	trials	42	s042_F200619	grCe_grSu6CiNe	15	315.0	4	935.563	935.862
943.8050000000001	0.8999999999999773	trials	42	s042_F200619	grCe_grSu6Ne_PS	18	315.0	4	944.105	944.405
944.4050000000001	0.8999999999999773	trials	42	s042_F200619	grCe_grSu6CiNe_PS	19	45.0	4	944.705	945.005
945.6640000000001	0.8999999999999773	trials	42	s042_F200619	grCe_grSu6CiNe	15	135.0	4	945.964	946.264
946.272	0.8999999999999773	trials	42	s042_F200619	coCe_grSu6Ne	17	0.0	4	946.572	946.872
953.09	0.8999999999999773	trials	42	s042_F200619	grCe_grSu12SmCiNe	13	180.0	4	953.39	953.69
954.2900000000001	0.8999999999999773	trials	42	s042_F200619	grCe_grSu6CiNe_PS	19	180.0	4	954.59	954.89
954.9150000000001	0.8999999999999773	trials	42	s042_F200619	grCe_grSu12Mi	9	180.0	4	955.215	955.515
955.524	0.8999999999999773	trials	42	s042_F200619	coCe	16	225.0	4	955.824	956.123
962.2330000000001	0.8999999999999773	trials	42	s042_F200619	coCe	16	315.0	4	962.533	962.832
963.475	0.8999999999999773	trials	42	s042_F200619	grCe_grSu6CiNe	15	0.0	4	963.775	964.074
964.716	0.8999999999999773	trials	42	s042_F200619	grCe_grSu12Mi	9	135.0	4	965.016	965.316
971.3760000000001	0.8999999999999773	trials	42	s042_F200619	grCe_grSu6Ne_PS	18	90.0	4	971.676	971.975
972.009	0.8999999999999773	trials	42	s042_F200619	grCe_grSu6Ne_PS	18	180.0	4	972.309	972.609
972.6260000000001	0.8999999999999773	trials	42	s042_F200619	grCe_grSu6Ne	7	0.0	4	972.926	973.225
973.226	0.8999999999999773	trials	42	s042_F200619	grCe_grSu12SmCiNe_PS	21	90.0	4	973.526	973.826
973.8340000000001	0.8999999999999773	trials	42	s042_F200619	coCe_grSu6Ne	17	180.0	4	974.134	974.434
980.7520000000001	0.8999999999999773	trials	42	s042_F200619	grCe_grSu3Ne	5	0.0	4	981.052	981.352
981.36	0.8999999999999773	trials	42	s042_F200619	grCe_grSu12Mi	9	90.0	4	981.66	981.96
982.594	0.8999999999999773	trials	42	s042_F200619	coCe_grSu6Ne	17	225.0	4	982.894	983.193
983.1940000000001	0.8999999999999773	trials	42	s042_F200619	coCe	16	135.0	4	983.494	983.794
1003.947	0.8999999999999773	trials	42	s042_F200619	grSu12Mi	8		4	1004.247	1004.546
1004.58	0.8999999999999773	trials	42	s042_F200619	grCe_grSu12SmCiNe_PS	21	45.0	4	1004.88	1005.18
1005.1880000000001	0.8999999999999773	trials	42	s042_F200619	grCe_grSu6CiNe	15	225.0	4	1005.488	1005.788
1009.005	0.8999999999999773	trials	42	s042_F200619	grCe_grSu1Ne	3	45.0	4	1009.305	1009.605
1009.6310000000001	0.8999999999999773	trials	42	s042_F200619	grCe_grSu6CiNe	15	270.0	4	1009.931	1010.23
1010.831	0.8999999999999773	trials	42	s042_F200619	grCe_grSu12SmCiNe_PS	21	270.0	4	1011.131	1011.43
1011.4390000000001	0.8999999999999773	trials	42	s042_F200619	grCe	1	315.0	4	1011.739	1012.039
1018.5980000000001	0.8999999999999773	trials	42	s042_F200619	grSu18Fa	10		4	1018.898	1019.198
1019.207	0.8999999999999773	trials	42	s042_F200619	grCe_grSu18Fa	11	45.0	4	1019.507	1019.807
1019.849	0.8999999999999773	trials	42	s042_F200619	grCe_grSu6CiNe	15	180.0	4	1020.149	1020.448
1020.4490000000001	0.8999999999999773	trials	42	s042_F200619	grCe	1	180.0	4	1020.749	1021.048
1021.057	0.8999999999999773	trials	42	s042_F200619	grCe_grSu12SmCiNe	13	225.0	4	1021.357	1021.657
1027.733	0.8999999999998636	trials	42	s042_F200619	grCe	1	90.0	4	1028.033	1028.333
1028.941	0.8999999999998636	trials	42	s042_F200619	grCe_grSu6Ne	7	225.0	4	1029.241	1029.541
1030.1670000000001	0.8999999999998636	trials	42	s042_F200619	coCe	16	45.0	4	1030.467	1030.766
1037.626	0.8999999999998636	trials	42	s042_F200619	coCe_grSu6Ne	17	45.0	4	1037.926	1038.226
1038.226	0.8999999999998636	trials	42	s042_F200619	grCe_grSu6Ne	7	135.0	4	1038.526	1038.826
1038.834	0.8999999999998636	trials	42	s042_F200619	grCe_grSu12Mi	9	315.0	4	1039.134	1039.434
1039.434	0.8999999999998636	trials	42	s042_F200619	grSu6CiNe	14		4	1039.734	1040.034
1046.169	0.8999999999998636	trials	42	s042_F200619	grCe_grSu18Fa	11	180.0	4	1046.469	1046.768
1046.777	0.8999999999998636	trials	42	s042_F200619	grCe_grSu12SmCiNe	13	90.0	4	1047.077	1047.377
1047.377	0.8999999999998636	trials	42	s042_F200619	grCe_grSu1Ne	3	225.0	4	1047.677	1047.977
1047.977	0.8999999999998636	trials	42	s042_F200619	coCe	16	180.0	4	1048.277	1048.577
1048.577	0.8999999999998636	trials	42	s042_F200619	coCe_grSu6Ne	17	90.0	4	1048.877	1049.177
1055.912	0.8999999999998636	trials	42	s042_F200619	coSu6Ne	20		4	1056.212	1056.511
1056.52	0.8999999999998636	trials	42	s042_F200619	grCe_grSu6Ne	7	180.0	4	1056.82	1057.12
1057.1200000000001	0.8999999999998636	trials	42	s042_F200619	coCe_grSu6Ne	17	315.0	4	1057.42	1057.72
1057.72	0.8999999999998636	trials	42	s042_F200619	grCe_grSu1Ne	3	270.0	4	1058.02	1058.32
1064.9460000000001	0.8999999999998636	trials	42	s042_F200619	grCe_grSu6CiNe_PS	19	135.0	4	1065.246	1065.546
1065.588	0.8999999999998636	trials	42	s042_F200619	grCe_grSu6Ne	7	270.0	4	1065.888	1066.187
1067.3880000000001	0.8999999999998636	trials	42	s042_F200619	grCe_grSu12SmCiNe_PS	21	225.0	4	1067.688	1067.988
1074.272	0.8999999999998636	trials	42	s042_F200619	grCe_grSu1Ne	3	135.0	4	1074.572	1074.872
1078.131	0.8999999999998636	trials	42	s042_F200619	grCe_grSu6Ne	7	45.0	4	1078.431	1078.731
1078.731	0.8999999999998636	trials	42	s042_F200619	grCe_grSu6CiNe_PS	19	270.0	4	1079.031	1079.331
1079.3400000000001	0.8999999999998636	trials	42	s042_F200619	grCe_grSu12SmCiNe	13	45.0	4	1079.64	1079.939
1079.981	0.8999999999998636	trials	42	s042_F200619	grCe_grSu3Ne	5	45.0	4	1080.281	1080.581
1080.5900000000001	0.8999999999998636	trials	42	s042_F200619	grCe_grSu1Ne	3	315.0	4	1080.89	1081.189
1087.424	0.8999999999998636	trials	42	s042_F200619	grCe_grSu12SmCiNe	13	270.0	4	1087.724	1088.024
1089.233	0.8999999999998636	trials	42	s042_F200619	coCe	16	0.0	4	1089.533	1089.832
1093.7250000000001	0.8999999999998636	trials	42	s042_F200619	grCe_grSu6CiNe_PS	19	0.0	4	1094.025	1094.324
1094.333	0.8999999999998636	trials	42	s042_F200619	coCe_grSu6Ne	17	270.0	4	1094.633	1094.933
1094.9750000000001	0.8999999999998636	trials	42	s042_F200619	grCe_grSu18Fa	11	315.0	4	1095.275	1095.575
1095.583	0.8999999999998636	trials	42	s042_F200619	grCe_grSu6Ne	7	90.0	4	1095.883	1096.183
1096.183	0.8999999999998636	trials	42	s042_F200619	grCe_grSu6CiNe_PS	19	315.0	4	1096.483	1096.783
1113.9360000000001	0.8999999999998636	trials	42	s042_F200619	NoStim	0		4	1114.236	1114.535
1114.536	0.8999999999998636	trials	42	s042_F200619	grCe	1	225.0	4	1114.836	1115.135
1115.144	0.8999999999998636	trials	42	s042_F200619	grCe_grSu12Mi	9	45.0	4	1115.444	1115.744
1115.7530000000002	0.8999999999998636	trials	42	s042_F200619	grCe_grSu18Fa	11	0.0	4	1116.053	1116.352
1116.353	0.8999999999998636	trials	42	s042_F200619	grCe	1	270.0	4	1116.653	1116.952
1123.1290000000001	0.8999999999998636	trials	42	s042_F200619	grCe_grSu1Ne	3	180.0	4	1123.429	1123.728
1123.737	0.8999999999998636	trials	42	s042_F200619	coCe_grSu6Ne	17	135.0	4	1124.037	1124.337
1124.337	0.8999999999998636	trials	42	s042_F200619	grCe_grSu12SmCiNe	13	315.0	4	1124.637	1124.937
1124.9370000000001	0.8999999999998636	trials	42	s042_F200619	grCe_grSu6Ne_PS	18	225.0	4	1125.237	1125.537
1125.537	0.8999999999998636	trials	42	s042_F200619	grCe_grSu1Ne	3	90.0	4	1125.837	1126.137
1132.2050000000002	0.8999999999998636	trials	42	s042_F200619	grCe	1	45.0	4	1132.505	1132.804
1132.8210000000001	0.8999999999998636	trials	42	s042_F200619	grCe_grSu18Fa	11	90.0	4	1133.121	1133.421
1133.422	0.8999999999998636	trials	42	s042_F200619	grCe	1	135.0	4	1133.722	1134.021
1134.022	0.8999999999998636	trials	42	s042_F200619	grCe_grSu6Ne_PS	18	270.0	4	1134.322	1134.621
1134.622	0.8999999999998636	trials	42	s042_F200619	grCe_grSu12SmCiNe_PS	21	315.0	4	1134.922	1135.221
1142.781	0.8999999999998636	trials	42	s042_F200619	grCe_grSu3Ne	5	270.0	4	1143.081	1143.381
1146.7730000000001	0.8999999999998636	trials	42	s042_F200619	grCe_grSu6CiNe_PS	19	90.0	4	1147.073	1147.373
1147.382	0.8999999999998636	trials	42	s042_F200619	grCe_grSu6Ne	7	315.0	4	1147.682	1147.981
1147.99	0.8999999999998636	trials	42	s042_F200619	coCe	16	270.0	4	1148.29	1148.59
1148.5900000000001	0.8999999999998636	trials	42	s042_F200619	grCe_grSu6CiNe_PS	19	225.0	4	1148.89	1149.19
1149.19	0.8999999999998636	trials	42	s042_F200619	grCe_grSu12SmCiNe_PS	21	135.0	4	1149.49	1149.79
1156.124	0.8999999999998636	trials	42	s042_F200619	grCe_grSu6CiNe	15	90.0	4	1156.424	1156.724
1156.741	0.8999999999998636	trials	42	s042_F200619	grCe_grSu3Ne	5	315.0	4	1157.041	1157.341
1157.9660000000001	0.8999999999998636	trials	42	s042_F200619	grCe_grSu12SmCiNe_PS	21	315.0	3	1158.266	1158.566
1158.566	0.8999999999998636	trials	42	s042_F200619	grCe_grSu12SmCiNe_PS	21	180.0	3	1158.866	1159.166
1165.567	0.8999999999998636	trials	42	s042_F200619	grCe_grSu6CiNe_PS	19	270.0	3	1165.867	1166.167
1166.1670000000001	0.8999999999998636	trials	42	s042_F200619	grCe	1	45.0	3	1166.467	1166.767
1167.376	0.8999999999998636	trials	42	s042_F200619	grCe_grSu12SmCiNe	13	90.0	3	1167.676	1167.976
1167.9840000000002	0.8999999999998636	trials	42	s042_F200619	coCe_grSu6Ne	17	270.0	3	1168.284	1168.584
1174.944	0.8999999999998636	trials	42	s042_F200619	coCe	16	45.0	3	1175.244	1175.543
1175.544	0.8999999999998636	trials	42	s042_F200619	grCe	1	180.0	3	1175.844	1176.143
1176.16	0.8999999999998636	trials	42	s042_F200619	coCe_grSu6Ne	17	90.0	3	1176.46	1176.76
1176.8020000000001	0.8999999999998636	trials	42	s042_F200619	grCe_grSu6Ne	7	180.0	3	1177.102	1177.402
1177.4360000000001	0.8999999999998636	trials	42	s042_F200619	grCe_grSu6CiNe_PS	19	315.0	3	1177.736	1178.035
1189.2540000000001	0.8999999999998636	trials	42	s042_F200619	grCe_grSu6Ne	7	270.0	3	1189.554	1189.853
1190.471	0.8999999999998636	trials	42	s042_F200619	grCe_grSu3Ne	5	270.0	3	1190.771	1191.07
1191.679	0.8999999999998636	trials	42	s042_F200619	grCe_grSu12SmCiNe	13	180.0	3	1191.979	1192.279
1198.997	0.8999999999998636	trials	42	s042_F200619	grCe_grSu12SmCiNe_PS	21	0.0	3	1199.297	1199.596
1199.605	0.8999999999998636	trials	42	s042_F200619	grCe_grSu6CiNe	15	135.0	3	1199.905	1200.205
1200.247	0.8999999999998636	trials	42	s042_F200619	coCe	16	225.0	3	1200.547	1200.847
1200.855	0.8999999999998636	trials	42	s042_F200619	grCe_grSu1Ne	3	315.0	3	1201.155	1201.455
1211.332	0.8999999999998636	trials	42	s042_F200619	grCe_grSu6CiNe_PS	19	225.0	3	1211.632	1211.931
1213.19	0.8999999999998636	trials	42	s042_F200619	grCe_grSu3Ne	5	45.0	3	1213.49	1213.79
1219.983	0.8999999999998636	trials	42	s042_F200619	grSu12SmCiNe	12		3	1220.283	1220.582
1220.624	0.8999999999998636	trials	42	s042_F200619	coCe	16	135.0	3	1220.924	1221.224
1221.8410000000001	0.8999999999998636	trials	42	s042_F200619	grCe_grSu3Ne	5	90.0	3	1222.141	1222.441
1222.441	0.8999999999998636	trials	42	s042_F200619	coCe	16	0.0	3	1222.741	1223.041
1229.076	0.8999999999998636	trials	42	s042_F200619	grCe_grSu12SmCiNe_PS	21	225.0	3	1229.376	1229.675
1229.6760000000002	0.8999999999998636	trials	42	s042_F200619	grCe	1	315.0	3	1229.976	1230.275
1230.284	0.8999999999998636	trials	42	s042_F200619	grCe_grSu12Mi	9	270.0	3	1230.584	1230.884
1230.884	0.8999999999998636	trials	42	s042_F200619	NoStim	0		3	1231.184	1231.484
1231.518	0.8999999999998636	trials	42	s042_F200619	grCe_grSu6Ne_PS	18	90.0	3	1231.818	1232.117
1238.377	0.8999999999998636	trials	42	s042_F200619	grCe_grSu3Ne	5	135.0	3	1238.677	1238.976
1238.9940000000001	0.8999999999998636	trials	42	s042_F200619	grSu6CiNe	14		3	1239.294	1239.593
1239.602	0.8999999999998636	trials	42	s042_F200619	coCe_grSu6Ne	17	135.0	3	1239.902	1240.202
1240.219	0.8999999999998636	trials	42	s042_F200619	grCe_grSu6Ne_PS	18	225.0	3	1240.519	1240.818
1247.92	0.8999999999998636	trials	42	s042_F200619	grCe_grSu6Ne	7	315.0	3	1248.22	1248.519
1249.161	0.8999999999998636	trials	42	s042_F200619	grCe_grSu3Ne	5	315.0	3	1249.461	1249.761
1249.8120000000001	0.8999999999998636	trials	42	s042_F200619	grCe_grSu12Mi	9	90.0	3	1250.112	1250.411
1250.412	0.8999999999998636	trials	42	s042_F200619	grCe_grSu6Ne_PS	18	270.0	3	1250.712	1251.011
1257.454	0.8999999999998636	trials	42	s042_F200619	grCe_grSu6CiNe_PS	19	0.0	3	1257.754	1258.054
1258.088	0.8999999999998636	trials	42	s042_F200619	grCe_grSu6CiNe	15	315.0	3	1258.388	1258.687
1259.329	0.8999999999998636	trials	42	s042_F200619	grCe_grSu1Ne	3	180.0	3	1259.629	1259.929
1259.971	0.8999999999998636	trials	42	s042_F200619	grCe_grSu18Fa	11	135.0	3	1260.271	1260.571
1267.164	0.8999999999998636	trials	42	s042_F200619	grCe	1	90.0	3	1267.464	1267.764
1267.789	0.8999999999998636	trials	42	s042_F200619	grCe_grSu6CiNe	15	225.0	3	1268.089	1268.389
1268.397	0.8999999999998636	trials	42	s042_F200619	grCe_grSu12Mi	9	45.0	3	1268.697	1268.997
1277.607	0.8999999999998636	trials	42	s042_F200619	grCe_grSu6CiNe	15	45.0	3	1277.907	1278.207
1278.849	0.8999999999998636	trials	42	s042_F200619	grSu6Ne	6		3	1279.149	1279.448
1280.057	0.8999999999998636	trials	42	s042_F200619	coSu6Ne	20		3	1280.357	1280.657
1286.75	0.8999999999998636	trials	42	s042_F200619	grCe_grSu1Ne	3	0.0	3	1287.05	1287.349
1287.383	0.8999999999998636	trials	42	s042_F200619	grSu18Fa	10		3	1287.683	1287.983
1288.017	0.8999999999998636	trials	42	s042_F200619	grCe_grSu6Ne_PS	18	135.0	3	1288.317	1288.616
1288.642	0.8999999999998636	trials	42	s042_F200619	grCe_grSu6CiNe	15	180.0	3	1288.942	1289.241
1289.258	0.8999999999998636	trials	42	s042_F200619	grCe_grSu1Ne	3	90.0	3	1289.558	1289.858
1296.226	0.8999999999998636	trials	42	s042_F200619	grCe_grSu18Fa	11	315.0	3	1296.526	1296.826
1296.834	0.8999999999998636	trials	42	s042_F200619	grCe_grSu1Ne	3	270.0	3	1297.134	1297.434
1298.0510000000002	0.8999999999998636	trials	42	s042_F200619	grCe_grSu3Ne	5	0.0	3	1298.351	1298.651
1315.153	0.8999999999998636	trials	42	s042_F200619	grCe_grSu1Ne	3	135.0	3	1315.453	1315.753
1315.762	0.8999999999998636	trials	42	s042_F200619	grCe_grSu6CiNe	15	90.0	3	1316.062	1316.361
1320.7540000000001	0.8999999999998636	trials	42	s042_F200619	grCe	1	0.0	3	1321.054	1321.354
1321.354	0.8999999999998636	trials	42	s042_F200619	grCe	1	135.0	3	1321.654	1321.954
1321.963	0.8999999999998636	trials	42	s042_F200619	coCe_grSu6Ne	17	45.0	3	1322.263	1322.562
1322.5710000000001	0.8999999999998636	trials	42	s042_F200619	grCe	1	225.0	3	1322.871	1323.171
1332.414	0.8999999999998636	trials	42	s042_F200619	grCe_grSu6CiNe	15	0.0	3	1332.714	1333.014
1336.406	0.8999999999998636	trials	42	s042_F200619	grCe_grSu18Fa	11	180.0	3	1336.706	1337.006
1337.623	0.8999999999998636	trials	42	s042_F200619	grCe_grSu6CiNe	15	270.0	3	1337.923	1338.223
1345.566	0.8999999999998636	trials	42	s042_F200619	grCe_grSu12SmCiNe	13	270.0	3	1345.866	1346.165
1346.166	0.8999999999998636	trials	42	s042_F200619	coCe_grSu6Ne	17	315.0	3	1346.466	1346.765
1346.766	0.8999999999998636	trials	42	s042_F200619	grCe_grSu6Ne	7	90.0	3	1347.066	1347.365
1347.374	0.8999999999998636	trials	42	s042_F200619	grCe_grSu12Mi	9	180.0	3	1347.674	1347.974
1347.983	0.8999999999998636	trials	42	s042_F200619	grCe_grSu6Ne	7	225.0	3	1348.283	1348.582
1354.875	0.8999999999998636	trials	42	s042_F200619	coCe_grSu6Ne	17	225.0	3	1355.175	1355.475
1355.4750000000001	0.8999999999998636	trials	42	s042_F200619	coCe	16	315.0	3	1355.775	1356.075
1356.092	0.8999999999998636	trials	42	s042_F200619	grCe_grSu18Fa	11	270.0	3	1356.392	1356.692
1357.2920000000001	0.8999999999998636	trials	42	s042_F200619	grCe_grSu6Ne	7	45.0	3	1357.592	1357.892
1364.0430000000001	0.8999999999998636	trials	42	s042_F200619	grCe_grSu12Mi	9	225.0	3	1364.343	1364.643
1364.685	0.8999999999998636	trials	42	s042_F200619	grSu3Ne	4		3	1364.985	1365.284
1365.285	0.8999999999998636	trials	42	s042_F200619	grCe_grSu12SmCiNe_PS	21	45.0	3	1365.585	1365.885
1365.893	0.8999999999998636	trials	42	s042_F200619	coCe_grSu6Ne	17	180.0	3	1366.193	1366.493
1366.518	0.8999999999998636	trials	42	s042_F200619	grCe_grSu6CiNe_PS	19	180.0	3	1366.818	1367.118
1373.911	0.8999999999998636	trials	42	s042_F200619	grCe_grSu12SmCiNe_PS	21	270.0	3	1374.211	1374.511
1374.528	0.8999999999998636	trials	42	s042_F200619	grCe_grSu1Ne	3	45.0	3	1374.828	1375.127
1375.169	0.8999999999998636	trials	42	s042_F200619	coCe	16	90.0	3	1375.469	1375.769
1375.77	0.8999999999998636	trials	42	s042_F200619	grCe	1	270.0	3	1376.07	1376.369
1376.3780000000002	0.8999999999998636	trials	42	s042_F200619	grCe_grSu12Mi	9	0.0	3	1376.678	1376.978
1384.912	0.8999999999998636	trials	42	s042_F200619	grCe_grSu12SmCiNe	13	0.0	3	1385.212	1385.512
1385.512	0.8999999999998636	trials	42	s042_F200619	grCe_grSu6Ne_PS	18	180.0	3	1385.812	1386.112
1386.146	0.8999999999998636	trials	42	s042_F200619	grCe_grSu18Fa	11	225.0	3	1386.446	1386.746
1386.746	0.8999999999998636	trials	42	s042_F200619	coCe	16	180.0	3	1387.046	1387.346
1387.346	0.8999999999998636	trials	42	s042_F200619	grCe_grSu12SmCiNe	13	45.0	3	1387.646	1387.946
1394.28	0.8999999999998636	trials	42	s042_F200619	grCe_grSu12Mi	9	315.0	3	1394.58	1394.88
1399.1390000000001	0.8999999999998636	trials	42	s042_F200619	coCe	16	270.0	3	1399.439	1399.739
1399.756	0.8999999999998636	trials	42	s042_F200619	grCe_grSu18Fa	11	90.0	3	1400.056	1400.356
1400.356	0.8999999999998636	trials	42	s042_F200619	coCe_grSu6Ne	17	0.0	3	1400.656	1400.956
1400.964	0.8999999999998636	trials	42	s042_F200619	grCe_grSu18Fa	11	45.0	3	1401.264	1401.564
1401.564	0.8999999999998636	trials	42	s042_F200619	grSu1Ne	2		3	1401.864	1402.164
1473.5240000000001	0.8999999999998636	trials	42	s042_F200619	grCe_grSu12SmCiNe	13	225.0	3	1473.824	1474.123
1474.132	0.8999999999998636	trials	42	s042_F200619	grCe_grSu6Ne	7	0.0	3	1474.432	1474.732
1474.7740000000001	0.8999999999998636	trials	42	s042_F200619	grCe_grSu12SmCiNe	13	135.0	3	1475.074	1475.374
1475.374	0.8999999999998636	trials	42	s042_F200619	grCe_grSu6CiNe_PS	19	135.0	3	1475.674	1475.974
1475.982	0.8999999999998636	trials	42	s042_F200619	grCe_grSu12Mi	9	135.0	3	1476.282	1476.582
1482.833	0.8999999999998636	trials	42	s042_F200619	grCe_grSu12SmCiNe_PS	21	90.0	3	1483.133	1483.433
1483.433	0.8999999999998636	trials	42	s042_F200619	grCe_grSu6CiNe_PS	19	90.0	3	1483.733	1484.033
1484.65	0.8999999999998636	trials	42	s042_F200619	grCe_grSu3Ne	5	225.0	3	1484.95	1485.25
1485.284	0.8999999999998636	trials	42	s042_F200619	grCe_grSu6CiNe_PS	19	45.0	3	1485.584	1485.883
1567.928	0.8999999999998636	trials	42	s042_F200619	grCe_grSu6Ne_PS	18	45.0	3	1568.228	1568.527
1568.528	0.8999999999998636	trials	42	s042_F200619	grCe_grSu3Ne	5	180.0	3	1568.828	1569.127
1569.1280000000002	0.8999999999998636	trials	42	s042_F200619	grCe_grSu12SmCiNe	13	315.0	3	1569.428	1569.727
1574.478	0.8999999999998636	trials	42	s042_F200619	grCe_grSu6Ne_PS	18	315.0	3	1574.778	1575.078
1575.679	0.8999999999998636	trials	42	s042_F200619	grCe_grSu1Ne	3	225.0	3	1575.979	1576.278
1576.295	0.8999999999998636	trials	42	s042_F200619	grCe_grSu18Fa	11	0.0	3	1576.595	1576.895
1582.646	0.8999999999998636	trials	42	s042_F200619	grCe_grSu6Ne	7	135.0	3	1582.946	1583.246
1583.3300000000002	0.8999999999998636	trials	42	s042_F200619	grCe_grSu6Ne_PS	18	0.0	3	1583.63	1583.929
1583.93	0.8999999999998636	trials	42	s042_F200619	grCe_grSu12SmCiNe_PS	21	135.0	3	1584.23	1584.529
1584.538	0.8999999999998636	trials	42	s042_F200619	grSu12Mi	8		3	1584.838	1585.138
1601.249	0.8999999999998636	trials	42	s042_F200619	coSu6Ne	20		9	1601.549	1601.848
1601.849	0.8999999999998636	trials	42	s042_F200619	grCe_grSu6CiNe	15	315.0	9	1602.149	1602.448
1602.457	0.8999999999998636	trials	42	s042_F200619	grCe_grSu6CiNe	15	270.0	9	1602.757	1603.057
1609.233	0.8999999999998636	trials	42	s042_F200619	grCe_grSu6Ne	7	0.0	9	1609.533	1609.833
1609.833	0.8999999999998636	trials	42	s042_F200619	grCe_grSu6Ne_PS	18	135.0	9	1610.133	1610.433
1610.441	0.8999999999998636	trials	42	s042_F200619	grCe_grSu12SmCiNe	13	45.0	9	1610.741	1611.041
1611.058	0.8999999999998636	trials	42	s042_F200619	grCe_grSu6Ne_PS	18	225.0	9	1611.358	1611.658
1617.959	0.8999999999998636	trials	42	s042_F200619	grCe_grSu6Ne	7	180.0	9	1618.259	1618.559
1618.559	0.8999999999998636	trials	42	s042_F200619	grCe_grSu6CiNe_PS	19	270.0	9	1618.859	1619.159
1619.159	0.8999999999998636	trials	42	s042_F200619	grSu3Ne	4		9	1619.459	1619.759
1625.443	0.8999999999998636	trials	42	s042_F200619	grCe_grSu1Ne	3	135.0	9	1625.743	1626.043
1626.0520000000001	0.8999999999998636	trials	42	s042_F200619	grCe_grSu12Mi	9	270.0	9	1626.352	1626.652
1627.3020000000001	0.8999999999998636	trials	42	s042_F200619	grCe_grSu12Mi	9	90.0	9	1627.602	1627.902
1633.644	0.8999999999998636	trials	42	s042_F200619	coCe	16	135.0	9	1633.944	1634.244
1642.554	0.8999999999998636	trials	42	s042_F200619	coCe	16	270.0	9	1642.854	1643.154
1643.154	0.8999999999998636	trials	42	s042_F200619	grCe_grSu1Ne	3	225.0	9	1643.454	1643.754
1643.796	0.8999999999998636	trials	42	s042_F200619	coCe_grSu6Ne	17	315.0	9	1644.096	1644.395
1644.396	0.8999999999998636	trials	42	s042_F200619	grCe_grSu6Ne_PS	18	0.0	9	1644.696	1644.996
1650.647	0.8999999999998636	trials	42	s042_F200619	grCe_grSu6Ne	7	135.0	9	1650.947	1651.246
1651.247	0.8999999999998636	trials	42	s042_F200619	grCe	1	270.0	9	1651.547	1651.846
1652.497	0.8999999999998636	trials	42	s042_F200619	grCe_grSu6CiNe	15	225.0	9	1652.797	1653.097
1658.623	0.8999999999998636	trials	42	s042_F200619	coCe	16	90.0	9	1658.923	1659.222
1660.506	0.8999999999998636	trials	42	s042_F200619	grCe_grSu6Ne	7	45.0	9	1660.806	1661.106
1666.824	0.8999999999998636	trials	42	s042_F200619	grCe_grSu12SmCiNe	13	225.0	9	1667.124	1667.423
1667.44	0.8999999999998636	trials	42	s042_F200619	grCe_grSu12Mi	9	180.0	9	1667.74	1668.04
1668.082	0.8999999999998636	trials	42	s042_F200619	coCe_grSu6Ne	17	270.0	9	1668.382	1668.682
1668.7160000000001	0.8999999999998636	trials	42	s042_F200619	grCe_grSu12SmCiNe_PS	21	135.0	9	1669.016	1669.315
1683.768	0.8999999999998636	trials	42	s042_F200619	grCe_grSu18Fa	11	0.0	9	1684.068	1684.367
1687.368	0.8999999999998636	trials	42	s042_F200619	grCe	1	0.0	9	1687.668	1687.968
1688.585	0.8999999999998636	trials	42	s042_F200619	grCe_grSu6Ne	7	315.0	9	1688.885	1689.185
1689.193	0.8999999999998636	trials	42	s042_F200619	grCe_grSu1Ne	3	45.0	9	1689.493	1689.793
1701.153	0.8999999999998636	trials	42	s042_F200619	grCe_grSu6Ne_PS	18	180.0	9	1701.453	1701.753
1701.795	0.8999999999998636	trials	42	s042_F200619	grCe_grSu18Fa	11	45.0	9	1702.095	1702.395
1709.713	0.8999999999998636	trials	42	s042_F200619	grCe_grSu6Ne_PS	18	45.0	9	1710.013	1710.312
1710.313	0.8999999999998636	trials	42	s042_F200619	grCe_grSu12SmCiNe_PS	21	225.0	9	1710.613	1710.912
1710.921	0.8999999999998636	trials	42	s042_F200619	grCe_grSu6Ne	7	225.0	9	1711.221	1711.521
1718.422	0.8999999999998636	trials	42	s042_F200619	grCe_grSu18Fa	11	270.0	9	1718.722	1719.022
1719.03	0.8999999999998636	trials	42	s042_F200619	grCe_grSu12SmCiNe	13	90.0	9	1719.33	1719.63
1719.631	0.8999999999998636	trials	42	s042_F200619	grSu12SmCiNe	12		9	1719.931	1720.23
1740.2830000000001	0.8999999999998636	trials	42	s042_F200619	grCe_grSu1Ne	3	270.0	9	1740.583	1740.883
1740.883	0.8999999999998636	trials	42	s042_F200619	coCe	16	0.0	9	1741.183	1741.483
1741.508	0.8999999999998636	trials	42	s042_F200619	grCe_grSu6CiNe_PS	19	135.0	9	1741.808	1742.108
1742.142	0.8999999999998636	trials	42	s042_F200619	coCe_grSu6Ne	17	45.0	9	1742.442	1742.741
1753.843	0.8999999999998636	trials	42	s042_F200619	grCe_grSu12SmCiNe_PS	21	270.0	9	1754.143	1754.443
1754.443	0.8999999999998636	trials	42	s042_F200619	grCe_grSu3Ne	5	180.0	9	1754.743	1755.043
1755.0430000000001	0.8999999999998636	trials	42	s042_F200619	grCe_grSu6CiNe	15	90.0	9	1755.343	1755.643
1762.336	0.8999999999998636	trials	42	s042_F200619	grSu6CiNe	14		9	1762.636	1762.936
1762.9360000000001	0.8999999999998636	trials	42	s042_F200619	grCe_grSu6CiNe_PS	19	225.0	9	1763.236	1763.536
1763.57	0.8999999999998636	trials	42	s042_F200619	grCe_grSu12Mi	9	225.0	9	1763.87	1764.169
1764.17	0.8999999999998636	trials	42	s042_F200619	grCe_grSu6CiNe_PS	19	0.0	9	1764.47	1764.769
1775.146	0.8999999999998636	trials	42	s042_F200619	grCe_grSu6Ne_PS	18	270.0	9	1775.446	1775.746
1775.846	0.8999999999998636	trials	42	s042_F200619	grCe_grSu12SmCiNe	13	135.0	9	1776.146	1776.446
1776.471	0.8999999999998636	trials	42	s042_F200619	grCe	1	45.0	9	1776.771	1777.071
1783.53	0.8999999999998636	trials	42	s042_F200619	grCe_grSu1Ne	3	0.0	9	1783.83	1784.13
1788.348	0.8999999999998636	trials	42	s042_F200619	coCe	16	45.0	9	1788.648	1788.947
1788.9560000000001	0.8999999999998636	trials	42	s042_F200619	grCe_grSu12SmCiNe_PS	21	45.0	9	1789.256	1789.556
1797.807	0.8999999999998636	trials	42	s042_F200619	grCe	1	90.0	9	1798.107	1798.407
1798.441	0.8999999999998636	trials	42	s042_F200619	grCe_grSu1Ne	3	315.0	9	1798.741	1799.04
1799.724	0.8999999999998636	trials	42	s042_F200619	grCe_grSu6CiNe	15	180.0	9	1800.024	1800.324
1806.275	0.8999999999998636	trials	42	s042_F200619	coCe_grSu6Ne	17	225.0	9	1806.575	1806.875
1806.883	0.8999999999998636	trials	42	s042_F200619	grCe_grSu18Fa	11	135.0	9	1807.183	1807.483
1807.4840000000002	0.8999999999998636	trials	42	s042_F200619	grCe_grSu12SmCiNe_PS	21	180.0	9	1807.784	1808.083
1808.084	0.8999999999998636	trials	42	s042_F200619	grCe_grSu12SmCiNe_PS	21	0.0	9	1808.384	1808.683
1814.259	0.8999999999998636	trials	42	s042_F200619	grCe_grSu6CiNe	15	0.0	9	1814.559	1814.859
1815.468	0.8999999999998636	trials	42	s042_F200619	coCe	16	180.0	9	1815.768	1816.068
1822.294	0.8999999999998636	trials	42	s042_F200619	grCe_grSu12Mi	9	0.0	9	1822.594	1822.894
1823.511	0.8999999999998636	trials	42	s042_F200619	grCe_grSu6Ne	7	270.0	9	1823.811	1824.11
1824.111	0.8999999999998636	trials	42	s042_F200619	coCe	16	315.0	9	1824.411	1824.71
1830.32	0.8999999999998636	trials	42	s042_F200619	grCe_grSu3Ne	5	45.0	9	1830.62	1830.92
1831.578	0.8999999999998636	trials	42	s042_F200619	grCe_grSu18Fa	11	90.0	9	1831.878	1832.178
1832.195	0.8999999999998636	trials	42	s042_F200619	grCe_grSu6CiNe_PS	19	315.0	9	1832.495	1832.795
1838.671	0.8999999999998636	trials	42	s042_F200619	grCe_grSu3Ne	5	270.0	9	1838.971	1839.271
1839.279	0.8999999999998636	trials	42	s042_F200619	coCe_grSu6Ne	17	180.0	9	1839.579	1839.879
1839.8880000000001	0.8999999999998636	trials	42	s042_F200619	grCe	1	225.0	9	1840.188	1840.487
1843.913	0.8999999999998636	trials	42	s042_F200619	grCe_grSu6CiNe	15	45.0	9	1844.213	1844.513
1844.5130000000001	0.8999999999998636	trials	42	s042_F200619	grCe	1	315.0	9	1844.813	1845.113
1845.113	0.8999999999998636	trials	42	s042_F200619	grCe_grSu6CiNe	15	135.0	9	1845.413	1845.713
1845.7640000000001	0.8999999999998636	trials	42	s042_F200619	grCe_grSu18Fa	11	225.0	9	1846.064	1846.363
1852.423	0.8999999999998636	trials	42	s042_F200619	NoStim	0		9	1852.723	1853.022
1853.665	0.8999999999998636	trials	42	s042_F200619	coCe_grSu6Ne	17	0.0	9	1853.965	1854.264
1854.2730000000001	0.8999999999998636	trials	42	s042_F200619	grCe_grSu18Fa	11	315.0	9	1854.573	1854.873
1861.132	0.8999999999998636	trials	42	s042_F200619	grCe_grSu6CiNe_PS	19	45.0	9	1861.432	1861.732
1861.741	0.8999999999998636	trials	42	s042_F200619	grCe_grSu3Ne	5	225.0	9	1862.041	1862.34
1862.3410000000001	0.8999999999998636	trials	42	s042_F200619	grCe_grSu6CiNe_PS	19	90.0	9	1862.641	1862.94
1868.333	0.8999999999998636	trials	42	s042_F200619	coCe_grSu6Ne	17	135.0	9	1868.633	1868.933
1869.5420000000001	0.8999999999998636	trials	42	s042_F200619	grCe_grSu1Ne	3	90.0	9	1869.842	1870.141
1870.183	0.8999999999998636	trials	42	s042_F200619	grCe_grSu12SmCiNe	13	315.0	9	1870.483	1870.783
1876.893	0.8999999999998636	trials	42	s042_F200619	grCe_grSu12Mi	9	315.0	9	1877.193	1877.492
1877.501	0.8999999999998636	trials	42	s042_F200619	grSu12Mi	8		9	1877.801	1878.101
1878.143	0.8999999999998636	trials	42	s042_F200619	grCe_grSu3Ne	5	0.0	9	1878.443	1878.742
1878.751	0.8999999999998636	trials	42	s042_F200619	grCe_grSu12SmCiNe	13	0.0	9	1879.051	1879.351
1884.977	0.8999999999998636	trials	42	s042_F200619	grSu6Ne	6		9	1885.277	1885.577
1888.977	0.8999999999998636	trials	42	s042_F200619	grCe_grSu12SmCiNe	13	180.0	9	1889.277	1889.577
1889.586	0.8999999999998636	trials	42	s042_F200619	grCe_grSu1Ne	3	180.0	9	1889.886	1890.186
1890.1860000000001	0.8999999999998636	trials	42	s042_F200619	grCe_grSu6Ne_PS	18	315.0	9	1890.486	1890.786
1890.786	0.8999999999998636	trials	42	s042_F200619	grSu1Ne	2		9	1891.086	1891.386
1898.345	0.8999999999998636	trials	42	s042_F200619	grCe_grSu12Mi	9	135.0	9	1898.645	1898.945
1898.945	0.8999999999998636	trials	42	s042_F200619	grCe	1	135.0	9	1899.245	1899.545
1899.57	0.8999999999998636	trials	42	s042_F200619	grCe_grSu6Ne_PS	18	90.0	9	1899.87	1900.17
1900.179	0.8999999999998636	trials	42	s042_F200619	grCe_grSu12SmCiNe	13	270.0	9	1900.479	1900.779
1906.488	0.8999999999998636	trials	42	s042_F200619	grCe_grSu12SmCiNe_PS	21	315.0	9	1906.788	1907.088
1907.1380000000001	0.8999999999998636	trials	42	s042_F200619	grCe_grSu18Fa	11	180.0	9	1907.438	1907.738
1908.355	0.8999999999998636	trials	42	s042_F200619	grCe_grSu6Ne	7	90.0	9	1908.655	1908.955
1914.489	0.8999999999998636	trials	42	s042_F200619	grCe_grSu6CiNe_PS	19	180.0	9	1914.789	1915.089
1915.131	0.8999999999998636	trials	42	s042_F200619	grSu18Fa	10		9	1915.431	1915.73
1919.006	0.8999999999998636	trials	42	s042_F200619	coCe	16	225.0	9	1919.306	1919.606
1919.615	0.8999999999998636	trials	42	s042_F200619	grCe_grSu3Ne	5	315.0	9	1919.915	1920.214
1920.2150000000001	0.8999999999998636	trials	42	s042_F200619	grCe_grSu12SmCiNe_PS	21	90.0	9	1920.515	1920.814
1920.832	0.8999999999998636	trials	42	s042_F200619	grCe_grSu3Ne	5	135.0	9	1921.132	1921.431
1927.0320000000002	0.8999999999998636	trials	42	s042_F200619	coCe_grSu6Ne	17	90.0	9	1927.332	1927.632
1927.641	0.8999999999998636	trials	42	s042_F200619	grCe_grSu3Ne	5	90.0	9	1927.941	1928.24
1928.2820000000002	0.8999999999998636	trials	42	s042_F200619	grCe_grSu12Mi	9	45.0	9	1928.582	1928.882
1928.883	0.8999999999998636	trials	42	s042_F200619	grCe	1	180.0	9	1929.183	1929.482
1936.008	0.8999999999998636	trials	42	s042_F200619	grCe_grSu6CiNe	15	180.0	6	1936.308	1936.608
1936.6090000000002	0.8999999999998636	trials	42	s042_F200619	grCe	1	0.0	6	1936.909	1937.208
1937.217	0.8999999999998636	trials	42	s042_F200619	grCe_grSu3Ne	5	225.0	6	1937.517	1937.817
1937.817	0.8999999999998636	trials	42	s042_F200619	grSu6CiNe	14		6	1938.117	1938.417
1944.26	0.8999999999998636	trials	42	s042_F200619	coCe	16	180.0	6	1944.56	1944.859
1945.4850000000001	0.8999999999998636	trials	42	s042_F200619	grCe_grSu3Ne	5	90.0	6	1945.785	1946.084
1946.093	0.8999999999998636	trials	42	s042_F200619	grCe_grSu12Mi	9	270.0	6	1946.393	1946.693
1956.953	0.8999999999998636	trials	42	s042_F200619	grCe_grSu1Ne	3	45.0	6	1957.253	1957.553
1958.161	0.8999999999998636	trials	42	s042_F200619	grCe_grSu6Ne	7	270.0	6	1958.461	1958.761
1958.77	0.8999999999998636	trials	42	s042_F200619	grCe_grSu12SmCiNe	13	45.0	6	1959.07	1959.369
1964.904	0.8999999999998636	trials	42	s042_F200619	coCe	16	90.0	6	1965.204	1965.504
1965.546	0.8999999999998636	trials	42	s042_F200619	grCe_grSu6CiNe_PS	19	90.0	6	1965.846	1966.145
1966.796	0.8999999999998636	trials	42	s042_F200619	grCe_grSu12SmCiNe	13	225.0	6	1967.096	1967.395
1972.897	0.8999999999998636	trials	42	s042_F200619	grCe_grSu6CiNe	15	45.0	6	1973.197	1973.496
1973.497	0.8999999999998636	trials	42	s042_F200619	grCe_grSu6Ne_PS	18	0.0	6	1973.797	1974.096
1974.105	0.8999999999998636	trials	42	s042_F200619	grCe_grSu6CiNe	15	135.0	6	1974.405	1974.705
1974.722	0.8999999999998636	trials	42	s042_F200619	grCe_grSu18Fa	11	270.0	6	1975.022	1975.322
1982.006	0.8999999999998636	trials	42	s042_F200619	grCe_grSu6Ne	7	0.0	6	1982.306	1982.606
1982.606	0.8999999999998636	trials	42	s042_F200619	grCe_grSu3Ne	5	0.0	6	1982.906	1983.206
1983.2150000000001	0.8999999999998636	trials	42	s042_F200619	grCe_grSu6CiNe_PS	19	0.0	6	1983.515	1983.814
1990.257	0.8999999999998636	trials	42	s042_F200619	grCe_grSu12Mi	9	225.0	6	1990.557	1990.857
1992.074	0.8999999999998636	trials	42	s042_F200619	grCe_grSu6Ne_PS	18	45.0	6	1992.374	1992.674
1998.217	0.8999999999998636	trials	42	s042_F200619	coCe	16	270.0	6	1998.517	1998.816
1998.817	0.8999999999998636	trials	42	s042_F200619	grCe	1	180.0	6	1999.117	1999.416
2002.392	0.8999999999998636	trials	42	s042_F200619	coCe	16	135.0	6	2002.692	2002.992
2003.034	0.8999999999998636	trials	42	s042_F200619	grCe_grSu1Ne	3	135.0	6	2003.334	2003.634
2004.259	0.8999999999998636	trials	42	s042_F200619	grCe_grSu12SmCiNe	13	270.0	6	2004.559	2004.859
2010.4180000000001	0.8999999999998636	trials	42	s042_F200619	grCe_grSu6Ne	7	315.0	6	2010.718	2011.018
2011.635	0.8999999999998636	trials	42	s042_F200619	grSu1Ne	2		6	2011.935	2012.235
2012.243	0.8999999999998636	trials	42	s042_F200619	coCe_grSu6Ne	17	45.0	6	2012.543	2012.843
2018.361	0.8999999999998636	trials	42	s042_F200619	grCe_grSu6Ne_PS	18	90.0	6	2018.661	2018.96
2018.961	0.8999999999998636	trials	42	s042_F200619	grCe_grSu12SmCiNe_PS	21	315.0	6	2019.261	2019.561
2019.5610000000001	0.8999999999998636	trials	42	s042_F200619	grCe_grSu6CiNe_PS	19	45.0	6	2019.861	2020.161
2020.203	0.8999999999998636	trials	42	s042_F200619	coCe_grSu6Ne	17	270.0	6	2020.503	2020.802
2031.079	0.8999999999998636	trials	42	s042_F200619	grCe_grSu6CiNe	15	270.0	6	2031.379	2031.679
2031.688	0.8999999999998636	trials	42	s042_F200619	coCe_grSu6Ne	17	0.0	6	2031.988	2032.287
2032.304	0.8999999999998636	trials	42	s042_F200619	grCe_grSu18Fa	11	0.0	6	2032.604	2032.904
2032.904	0.8999999999998636	trials	42	s042_F200619	grCe_grSu1Ne	3	270.0	6	2033.204	2033.504
2043.997	0.8999999999998636	trials	42	s042_F200619	grCe_grSu6CiNe_PS	19	225.0	6	2044.297	2044.597
2044.598	0.8999999999998636	trials	42	s042_F200619	coCe	16	45.0	6	2044.898	2045.197
2045.239	0.8999999999998636	trials	42	s042_F200619	grCe_grSu6CiNe	15	0.0	6	2045.539	2045.839
2045.864	0.8999999999998636	trials	42	s042_F200619	grCe_grSu12SmCiNe_PS	21	225.0	6	2046.164	2046.464
2052.14	0.900000000000091	trials	42	s042_F200619	grCe_grSu3Ne	5	135.0	6	2052.44	2052.74
2052.749	0.900000000000091	trials	42	s042_F200619	grCe_grSu1Ne	3	0.0	6	2053.049	2053.348
2053.3819999999996	0.900000000000091	trials	42	s042_F200619	grCe_grSu12SmCiNe_PS	21	180.0	6	2053.682	2053.982
2053.99	0.900000000000091	trials	42	s042_F200619	grCe_grSu6Ne	7	180.0	6	2054.29	2054.59
2061.466	0.900000000000091	trials	42	s042_F200619	grCe_grSu1Ne	3	180.0	6	2061.766	2062.066
2068.3419999999996	0.900000000000091	trials	42	s042_F200619	grCe_grSu12SmCiNe_PS	21	0.0	6	2068.642	2068.942
2077.1349999999998	0.900000000000091	trials	42	s042_F200619	coCe	16	315.0	6	2077.435	2077.735
2077.7599999999998	0.900000000000091	trials	42	s042_F200619	grCe_grSu1Ne	3	225.0	6	2078.06	2078.36
2079.002	0.900000000000091	trials	42	s042_F200619	grCe_grSu6CiNe	15	90.0	6	2079.302	2079.602
2098.129	0.900000000000091	trials	42	s042_F200619	grCe_grSu18Fa	11	45.0	6	2098.429	2098.729
2098.738	0.900000000000091	trials	42	s042_F200619	grSu18Fa	10		6	2099.038	2099.338
2099.3379999999997	0.900000000000091	trials	42	s042_F200619	grCe_grSu12SmCiNe_PS	21	90.0	6	2099.638	2099.938
2099.9379999999996	0.900000000000091	trials	42	s042_F200619	grCe	1	225.0	6	2100.238	2100.538
2106.3469999999998	0.900000000000091	trials	42	s042_F200619	grCe_grSu6CiNe	15	225.0	6	2106.647	2106.947
2106.9469999999997	0.900000000000091	trials	42	s042_F200619	coCe_grSu6Ne	17	180.0	6	2107.247	2107.547
2108.156	0.900000000000091	trials	42	s042_F200619	grCe_grSu12Mi	9	315.0	6	2108.456	2108.755
2114.7819999999997	0.900000000000091	trials	42	s042_F200619	grCe_grSu12SmCiNe_PS	21	135.0	6	2115.082	2115.381
2115.4069999999997	0.900000000000091	trials	42	s042_F200619	grCe_grSu12SmCiNe	13	90.0	6	2115.707	2116.006
2116.015	0.900000000000091	trials	42	s042_F200619	grCe_grSu6CiNe_PS	19	135.0	6	2116.315	2116.615
2116.64	0.900000000000091	trials	42	s042_F200619	grCe_grSu12SmCiNe_PS	21	45.0	6	2116.94	2117.24
2126.566	0.900000000000091	trials	42	s042_F200619	coSu6Ne	20		6	2126.866	2127.166
2127.167	0.900000000000091	trials	42	s042_F200619	grCe_grSu6Ne_PS	18	225.0	6	2127.467	2127.766
2127.7749999999996	0.900000000000091	trials	42	s042_F200619	coCe_grSu6Ne	17	90.0	6	2128.075	2128.375
2128.375	0.900000000000091	trials	42	s042_F200619	grCe_grSu6Ne	7	90.0	6	2128.675	2128.975
2134.968	0.900000000000091	trials	42	s042_F200619	grCe_grSu1Ne	3	315.0	6	2135.268	2135.567
2135.576	0.900000000000091	trials	42	s042_F200619	coCe_grSu6Ne	17	135.0	6	2135.876	2136.176
2136.176	0.900000000000091	trials	42	s042_F200619	grCe_grSu6Ne_PS	18	135.0	6	2136.476	2136.776
2136.776	0.900000000000091	trials	42	s042_F200619	grCe_grSu6Ne	7	135.0	6	2137.076	2137.376
2143.752	0.900000000000091	trials	42	s042_F200619	grCe_grSu12SmCiNe	13	180.0	6	2144.052	2144.352
2144.394	0.900000000000091	trials	42	s042_F200619	grCe_grSu12SmCiNe_PS	21	270.0	6	2144.694	2144.993
2145.002	0.900000000000091	trials	42	s042_F200619	grCe_grSu6Ne_PS	18	180.0	6	2145.302	2145.602
2153.12	0.900000000000091	trials	42	s042_F200619	grCe_grSu3Ne	5	180.0	6	2153.42	2153.72
2159.2619999999997	0.900000000000091	trials	42	s042_F200619	grCe_grSu12SmCiNe	13	315.0	6	2159.562	2159.862
2159.8709999999996	0.900000000000091	trials	42	s042_F200619	grCe_grSu6Ne	7	225.0	6	2160.171	2160.47
2164.913	0.900000000000091	trials	42	s042_F200619	coCe	16	0.0	6	2165.213	2165.513
2165.5209999999997	0.900000000000091	trials	42	s042_F200619	grCe_grSu6CiNe	15	315.0	6	2165.821	2166.121
2172.4809999999998	0.900000000000091	trials	42	s042_F200619	grSu6Ne	6		6	2172.781	2173.08
2173.689	0.900000000000091	trials	42	s042_F200619	grCe	1	90.0	6	2173.989	2174.289
2174.298	0.900000000000091	trials	42	s042_F200619	coCe_grSu6Ne	17	315.0	6	2174.598	2174.897
2182.5899999999997	0.900000000000091	trials	42	s042_F200619	NoStim	0		6	2182.89	2183.19
2183.2239999999997	0.900000000000091	trials	42	s042_F200619	grCe_grSu12Mi	9	0.0	6	2183.524	2183.823
2183.832	0.900000000000091	trials	42	s042_F200619	grCe_grSu18Fa	11	135.0	6	2184.132	2184.432
2190.341	0.900000000000091	trials	42	s042_F200619	grCe_grSu3Ne	5	45.0	6	2190.641	2190.941
2190.9829999999997	0.900000000000091	trials	42	s042_F200619	grSu12SmCiNe	12		6	2191.283	2191.583
2192.2	0.900000000000091	trials	42	s042_F200619	grCe_grSu12Mi	9	135.0	6	2192.5	2192.8
2202.785	0.900000000000091	trials	42	s042_F200619	grCe_grSu6Ne_PS	18	315.0	6	2203.085	2203.384
2203.3849999999998	0.900000000000091	trials	42	s042_F200619	grCe	1	315.0	6	2203.685	2203.984
2204.026	0.900000000000091	trials	42	s042_F200619	grCe_grSu6Ne_PS	18	270.0	6	2204.326	2204.626
2204.6349999999998	0.900000000000091	trials	42	s042_F200619	grSu12Mi	8		6	2204.935	2205.235
2212.277	0.900000000000091	trials	42	s042_F200619	grCe_grSu6CiNe_PS	19	270.0	6	2212.577	2212.877
2212.903	0.900000000000091	trials	42	s042_F200619	grCe_grSu12Mi	9	90.0	6	2213.203	2213.502
2213.653	0.900000000000091	trials	42	s042_F200619	grCe	1	45.0	6	2213.953	2214.252
2214.278	0.900000000000091	trials	42	s042_F200619	grCe_grSu6CiNe_PS	19	180.0	6	2214.578	2214.877
2244.165	0.900000000000091	trials	42	s042_F200619	coCe_grSu6Ne	17	225.0	6	2244.465	2244.765
2244.7729999999997	0.900000000000091	trials	42	s042_F200619	grCe_grSu12SmCiNe	13	0.0	6	2245.073	2245.373
2245.3729999999996	0.900000000000091	trials	42	s042_F200619	grCe_grSu6CiNe_PS	19	315.0	6	2245.673	2245.973
2245.982	0.900000000000091	trials	42	s042_F200619	grCe_grSu12Mi	9	45.0	6	2246.282	2246.582
2303.7059999999997	0.900000000000091	trials	42	s042_F200619	grCe_grSu18Fa	11	315.0	6	2304.006	2304.306
2304.306	0.900000000000091	trials	42	s042_F200619	grSu3Ne	4		6	2304.606	2304.906
2304.9139999999998	0.900000000000091	trials	42	s042_F200619	grCe_grSu18Fa	11	90.0	6	2305.214	2305.514
2316.549	0.900000000000091	trials	42	s042_F200619	grCe_grSu18Fa	11	225.0	6	2316.849	2317.149
2317.149	0.900000000000091	trials	42	s042_F200619	grCe	1	270.0	6	2317.449	2317.749
2317.758	0.900000000000091	trials	42	s042_F200619	grCe_grSu12SmCiNe	13	135.0	6	2318.058	2318.357
2318.3999999999996	0.900000000000091	trials	42	s042_F200619	grCe_grSu3Ne	5	315.0	6	2318.7	2318.999
2324.5249999999996	0.900000000000091	trials	42	s042_F200619	grCe_grSu12Mi	9	180.0	6	2324.825	2325.125
2325.134	0.900000000000091	trials	42	s042_F200619	grCe_grSu3Ne	5	270.0	6	2325.434	2325.733
2325.734	0.900000000000091	trials	42	s042_F200619	grCe_grSu6Ne	7	45.0	6	2326.034	2326.333
2326.3759999999997	0.900000000000091	trials	42	s042_F200619	grCe_grSu1Ne	3	90.0	6	2326.676	2326.975
2332.593	0.900000000000091	trials	42	s042_F200619	grCe	1	135.0	6	2332.893	2333.193
2333.1929999999998	0.900000000000091	trials	42	s042_F200619	coCe	16	225.0	6	2333.493	2333.793
2333.81	0.900000000000091	trials	42	s042_F200619	grCe_grSu18Fa	11	180.0	6	2334.11	2334.41
2334.41	0.900000000000091	trials	42	s042_F200619	grCe	1	135.0	5	2334.71	2335.01
2351.5789999999997	0.900000000000091	trials	42	s042_F200619	grCe_grSu6CiNe_PS	19	225.0	5	2351.879	2352.178
2352.1789999999996	0.900000000000091	trials	42	s042_F200619	grCe_grSu6CiNe_PS	19	0.0	5	2352.479	2352.779
2352.779	0.900000000000091	trials	42	s042_F200619	grCe_grSu12SmCiNe_PS	21	45.0	5	2353.079	2353.379
2357.0629999999996	0.900000000000091	trials	42	s042_F200619	coCe	16	0.0	5	2357.363	2357.663
2357.671	0.900000000000091	trials	42	s042_F200619	grCe_grSu1Ne	3	135.0	5	2357.971	2358.271
2358.288	0.900000000000091	trials	42	s042_F200619	grCe_grSu18Fa	11	315.0	5	2358.588	2358.888
2367.0139999999997	0.900000000000091	trials	42	s042_F200619	grCe_grSu12SmCiNe_PS	21	0.0	5	2367.314	2367.614
2390.325	0.900000000000091	trials	42	s042_F200619	grCe	1	90.0	5	2390.625	2390.925
2390.959	0.900000000000091	trials	42	s042_F200619	grCe_grSu12SmCiNe_PS	21	180.0	5	2391.259	2391.559
2392.167	0.900000000000091	trials	42	s042_F200619	grCe_grSu1Ne	3	225.0	5	2392.467	2392.767
2398.977	0.900000000000091	trials	42	s042_F200619	grCe_grSu6CiNe_PS	19	315.0	5	2399.277	2399.576
2399.602	0.900000000000091	trials	42	s042_F200619	grSu18Fa	10		5	2399.902	2400.201
2411.1279999999997	0.900000000000091	trials	42	s042_F200619	grCe_grSu12SmCiNe	13	135.0	5	2411.428	2411.728
2411.7369999999996	0.900000000000091	trials	42	s042_F200619	grCe_grSu12Mi	9	225.0	5	2412.037	2412.336
2412.3619999999996	0.900000000000091	trials	42	s042_F200619	NoStim	0		5	2412.662	2412.961
2412.97	0.900000000000091	trials	42	s042_F200619	grCe_grSu3Ne	5	180.0	5	2413.27	2413.57
2425.0719999999997	0.900000000000091	trials	42	s042_F200619	grCe_grSu6Ne	7	270.0	5	2425.372	2425.671
2425.68	0.900000000000091	trials	42	s042_F200619	grCe_grSu6CiNe	15	135.0	5	2425.98	2426.28
2426.305	0.900000000000091	trials	42	s042_F200619	grCe_grSu1Ne	3	315.0	5	2426.605	2426.905
2426.9139999999998	0.900000000000091	trials	42	s042_F200619	grCe_grSu3Ne	5	45.0	5	2427.214	2427.513
2438.115	0.900000000000091	trials	42	s042_F200619	grSu3Ne	4		5	2438.415	2438.715
2438.7479999999996	0.900000000000091	trials	42	s042_F200619	coCe_grSu6Ne	17	90.0	5	2439.048	2439.348
2439.3729999999996	0.900000000000091	trials	42	s042_F200619	grCe_grSu12SmCiNe	13	225.0	5	2439.673	2439.973
2439.999	0.900000000000091	trials	42	s042_F200619	grCe_grSu6Ne_PS	18	315.0	5	2440.299	2440.598
2482.0539999999996	0.900000000000091	trials	42	s042_F200619	grCe_grSu6Ne_PS	18	90.0	5	2482.354	2482.654
2482.8039999999996	0.900000000000091	trials	42	s042_F200619	grCe_grSu1Ne	3	0.0	5	2483.104	2483.404
2483.404	0.900000000000091	trials	42	s042_F200619	grCe_grSu12SmCiNe	13	315.0	5	2483.704	2484.004
2511.2329999999997	0.900000000000091	trials	42	s042_F200619	coCe	16	225.0	5	2511.533	2511.832
2511.841	0.900000000000091	trials	42	s042_F200619	grCe	1	225.0	5	2512.141	2512.441
2512.45	0.900000000000091	trials	42	s042_F200619	grCe_grSu6CiNe	15	270.0	5	2512.75	2513.049
2513.0499999999997	0.900000000000091	trials	42	s042_F200619	grCe_grSu6Ne_PS	18	270.0	5	2513.35	2513.649
2519.259	0.900000000000091	trials	42	s042_F200619	grCe	1	45.0	5	2519.559	2519.858
2519.859	0.900000000000091	trials	42	s042_F200619	coCe	16	45.0	5	2520.159	2520.459
2520.4759999999997	0.900000000000091	trials	42	s042_F200619	coCe_grSu6Ne	17	0.0	5	2520.776	2521.075
2521.1009999999997	0.900000000000091	trials	42	s042_F200619	coCe	16	270.0	5	2521.401	2521.7
2532.0939999999996	0.900000000000091	trials	42	s042_F200619	grCe_grSu1Ne	3	180.0	5	2532.394	2532.693
2532.736	0.900000000000091	trials	42	s042_F200619	grCe_grSu6CiNe	15	315.0	5	2533.036	2533.335
2533.336	0.900000000000091	trials	42	s042_F200619	grCe_grSu6CiNe_PS	19	90.0	5	2533.636	2533.935
2533.944	0.900000000000091	trials	42	s042_F200619	grCe_grSu12Mi	9	315.0	5	2534.244	2534.544
2543.37	0.900000000000091	trials	42	s042_F200619	grCe_grSu18Fa	11	90.0	5	2543.67	2543.97
2543.979	0.900000000000091	trials	42	s042_F200619	grCe_grSu18Fa	11	135.0	5	2544.279	2544.578
2544.5789999999997	0.900000000000091	trials	42	s042_F200619	grCe_grSu6Ne_PS	18	0.0	5	2544.879	2545.178
2545.1789999999996	0.900000000000091	trials	42	s042_F200619	grCe_grSu12SmCiNe_PS	21	135.0	5	2545.479	2545.778
2551.9629999999997	0.900000000000091	trials	42	s042_F200619	grCe_grSu12SmCiNe	13	90.0	5	2552.263	2552.563
2552.571	0.900000000000091	trials	42	s042_F200619	coCe_grSu6Ne	17	270.0	5	2552.871	2553.171
2553.788	0.900000000000091	trials	42	s042_F200619	grCe_grSu18Fa	11	45.0	5	2554.088	2554.388
2559.864	0.900000000000091	trials	42	s042_F200619	grCe	1	270.0	5	2560.164	2560.464
2561.714	0.900000000000091	trials	42	s042_F200619	coCe	16	315.0	5	2562.014	2562.314
2567.9649999999997	0.900000000000091	trials	42	s042_F200619	grCe_grSu6CiNe_PS	19	135.0	5	2568.265	2568.565
2568.5649999999996	0.900000000000091	trials	42	s042_F200619	grCe_grSu6CiNe_PS	19	45.0	5	2568.865	2569.165
2569.165	0.900000000000091	trials	42	s042_F200619	grCe_grSu6CiNe	15	0.0	5	2569.465	2569.765
2569.8149999999996	0.900000000000091	trials	42	s042_F200619	grCe_grSu6Ne	7	180.0	5	2570.115	2570.415
2585.426	0.900000000000091	trials	42	s042_F200619	coCe_grSu6Ne	17	45.0	5	2585.726	2586.025
2593.1349999999998	0.900000000000091	trials	42	s042_F200619	grCe_grSu12SmCiNe	13	270.0	5	2593.435	2593.735
2593.768	0.900000000000091	trials	42	s042_F200619	grCe_grSu6Ne_PS	18	180.0	5	2594.068	2594.368
2594.377	0.900000000000091	trials	42	s042_F200619	grCe_grSu6Ne	7	135.0	5	2594.677	2594.977
2598.0359999999996	0.900000000000091	trials	42	s042_F200619	grCe_grSu6CiNe_PS	19	180.0	5	2598.336	2598.635
2599.236	0.900000000000091	trials	42	s042_F200619	grCe	1	180.0	5	2599.536	2599.835
2599.8439999999996	0.900000000000091	trials	42	s042_F200619	grCe_grSu12Mi	9	90.0	5	2600.144	2600.444
2625.7059999999997	0.900000000000091	trials	42	s042_F200619	grSu6Ne	6		5	2626.006	2626.306
2626.314	0.900000000000091	trials	42	s042_F200619	grCe_grSu1Ne	3	90.0	5	2626.614	2626.914
2626.948	0.900000000000091	trials	42	s042_F200619	grCe_grSu1Ne	3	270.0	5	2627.248	2627.547
2627.548	0.900000000000091	trials	42	s042_F200619	grCe	1	315.0	5	2627.848	2628.147
2691.848	0.900000000000091	trials	42	s042_F200619	grCe_grSu3Ne	5	0.0	5	2692.148	2692.447
2692.448	0.900000000000091	trials	42	s042_F200619	coCe_grSu6Ne	17	225.0	5	2692.748	2693.047
2693.0809999999997	0.900000000000091	trials	42	s042_F200619	coCe	16	90.0	5	2693.381	2693.681
2732.6859999999997	0.900000000000091	trials	42	s042_F200619	grSu12Mi	8		5	2732.986	2733.286
2733.2949999999996	0.900000000000091	trials	42	s042_F200619	grCe_grSu12SmCiNe	13	180.0	5	2733.595	2733.894
2733.903	0.900000000000091	trials	42	s042_F200619	grCe_grSu12SmCiNe_PS	21	90.0	5	2734.203	2734.503
2748.8129999999996	0.900000000000091	trials	42	s042_F200619	grSu6CiNe	14		5	2749.113	2749.413
2750.0299999999997	0.900000000000091	trials	42	s042_F200619	grCe_grSu3Ne	5	225.0	5	2750.33	2750.63
2750.6299999999997	0.900000000000091	trials	42	s042_F200619	coSu6Ne	20		5	2750.93	2751.23
2757.265	0.900000000000091	trials	42	s042_F200619	grCe_grSu12SmCiNe_PS	21	315.0	5	2757.565	2757.864
2757.906	0.900000000000091	trials	42	s042_F200619	grCe_grSu6Ne_PS	18	45.0	5	2758.206	2758.506
2758.515	0.900000000000091	trials	42	s042_F200619	coCe_grSu6Ne	17	180.0	5	2758.815	2759.114
2795.611	0.900000000000091	trials	42	s042_F200619	coCe_grSu6Ne	17	315.0	5	2795.911	2796.211
2796.211	0.900000000000091	trials	42	s042_F200619	grCe_grSu6Ne	7	315.0	5	2796.511	2796.811
2796.8199999999997	0.900000000000091	trials	42	s042_F200619	grCe_grSu6CiNe	15	45.0	5	2797.12	2797.419
2826.4069999999997	0.900000000000091	trials	42	s042_F200619	coCe	16	180.0	5	2826.707	2827.006
2827.024	0.900000000000091	trials	42	s042_F200619	grCe_grSu12SmCiNe_PS	21	225.0	5	2827.324	2827.623
2827.6319999999996	0.900000000000091	trials	42	s042_F200619	coCe_grSu6Ne	17	135.0	5	2827.932	2828.232
2882.7309999999998	0.900000000000091	trials	42	s042_F200619	grSu12SmCiNe	12		5	2883.031	2883.33
2883.3309999999997	0.900000000000091	trials	42	s042_F200619	grSu1Ne	2		5	2883.631	2883.93
2883.9559999999997	0.900000000000091	trials	42	s042_F200619	grCe	1	0.0	5	2884.256	2884.556
2890.223	0.900000000000091	trials	42	s042_F200619	grCe_grSu6Ne	7	0.0	5	2890.523	2890.823
2890.848	0.900000000000091	trials	42	s042_F200619	grCe_grSu6CiNe	15	90.0	5	2891.148	2891.448
2891.448	0.900000000000091	trials	42	s042_F200619	grCe_grSu1Ne	3	45.0	5	2891.748	2892.048
2892.0739999999996	0.900000000000091	trials	42	s042_F200619	grCe_grSu3Ne	5	90.0	5	2892.374	2892.673
2916.585	0.900000000000091	trials	42	s042_F200619	grCe_grSu12SmCiNe	13	45.0	5	2916.885	2917.185
2917.185	0.900000000000091	trials	42	s042_F200619	grCe_grSu3Ne	5	135.0	5	2917.485	2917.785
2917.8019999999997	0.900000000000091	trials	42	s042_F200619	grCe_grSu18Fa	11	180.0	5	2918.102	2918.402
2918.444	0.900000000000091	trials	42	s042_F200619	grCe_grSu18Fa	11	0.0	5	2918.744	2919.043
2924.6609999999996	0.900000000000091	trials	42	s042_F200619	grCe_grSu6Ne_PS	18	135.0	5	2924.961	2925.261
2925.87	0.900000000000091	trials	42	s042_F200619	grCe_grSu3Ne	5	270.0	5	2926.17	2926.469
2926.47	0.900000000000091	trials	42	s042_F200619	grCe_grSu6CiNe	15	180.0	5	2926.77	2927.069
2959.049	0.900000000000091	trials	42	s042_F200619	grCe_grSu6Ne_PS	18	225.0	5	2959.349	2959.649
2959.6989999999996	0.900000000000091	trials	42	s042_F200619	grCe_grSu18Fa	11	225.0	5	2959.999	2960.299
2960.299	0.900000000000091	trials	42	s042_F200619	coCe	16	135.0	5	2960.599	2960.899
2960.924	0.900000000000091	trials	42	s042_F200619	grCe_grSu12Mi	9	180.0	5	2961.224	2961.524
2971.0499999999997	0.900000000000091	trials	42	s042_F200619	grCe_grSu12Mi	9	270.0	5	2971.35	2971.65
2971.6589999999997	0.900000000000091	trials	42	s042_F200619	grCe_grSu12Mi	9	0.0	5	2971.959	2972.259
2972.301	0.900000000000091	trials	42	s042_F200619	grCe_grSu12SmCiNe_PS	21	270.0	5	2972.601	2972.9
2972.9089999999997	0.900000000000091	trials	42	s042_F200619	grCe_grSu6CiNe	15	225.0	5	2973.209	2973.509
2979.0679999999998	0.900000000000091	trials	42	s042_F200619	grCe_grSu6Ne	7	45.0	5	2979.368	2979.668
2988.3689999999997	0.900000000000091	trials	42	s042_F200619	grCe_grSu6Ne	7	90.0	5	2988.669	2988.969
2988.986	0.900000000000091	trials	42	s042_F200619	grCe_grSu18Fa	11	270.0	5	2989.286	2989.586
2995.6699999999996	0.900000000000091	trials	42	s042_F200619	grCe_grSu6CiNe_PS	19	270.0	5	2995.97	2996.27
2996.279	0.900000000000091	trials	42	s042_F200619	grCe_grSu12Mi	9	135.0	5	2996.579	2996.878
2996.8869999999997	0.900000000000091	trials	42	s042_F200619	grCe_grSu12Mi	9	45.0	5	2997.187	2997.487
3018.165	0.900000000000091	trials	42	s042_F200619	grCe_grSu12SmCiNe	13	0.0	5	3018.465	3018.765
3026.6409999999996	0.900000000000091	trials	42	s042_F200619	grCe_grSu3Ne	5	315.0	5	3026.941	3027.241
3036.692	0.900000000000091	trials	42	s042_F200619	grCe_grSu6Ne	7	225.0	5	3036.992	3037.292
3037.901	0.900000000000091	trials	42	s042_F200619	grCe_grSu12Mi	9	315.0	8	3038.201	3038.5
3044.1679999999997	0.900000000000091	trials	42	s042_F200619	grCe_grSu12SmCiNe	13	135.0	8	3044.468	3044.768
3044.777	0.900000000000091	trials	42	s042_F200619	grCe_grSu12Mi	9	135.0	8	3045.077	3045.376
3045.3849999999998	0.900000000000091	trials	42	s042_F200619	grCe_grSu12SmCiNe	13	90.0	8	3045.685	3045.985
3045.9849999999997	0.900000000000091	trials	42	s042_F200619	grSu1Ne	2		8	3046.285	3046.585
3054.6029999999996	0.900000000000091	trials	42	s042_F200619	grCe_grSu6CiNe	15	315.0	8	3054.903	3055.203
3055.245	0.900000000000091	trials	42	s042_F200619	grCe_grSu6CiNe	15	90.0	8	3055.545	3055.844
3055.87	0.900000000000091	trials	42	s042_F200619	grCe_grSu18Fa	11	45.0	8	3056.17	3056.469
3063.5209999999997	0.900000000000091	trials	42	s042_F200619	grCe_grSu12SmCiNe	13	45.0	8	3063.821	3064.12
3064.171	0.900000000000091	trials	42	s042_F200619	grCe_grSu12Mi	9	180.0	8	3064.471	3064.77
3064.779	0.900000000000091	trials	42	s042_F200619	grCe_grSu1Ne	3	315.0	8	3065.079	3065.379
3065.404	0.900000000000091	trials	42	s042_F200619	grCe_grSu6CiNe	15	270.0	8	3065.704	3066.004
3072.013	0.900000000000091	trials	42	s042_F200619	grCe_grSu6Ne_PS	18	315.0	8	3072.313	3072.613
3072.614	0.900000000000091	trials	42	s042_F200619	grCe_grSu12SmCiNe_PS	21	135.0	8	3072.914	3073.213
3082.015	0.900000000000091	trials	42	s042_F200619	coCe_grSu6Ne	17	135.0	8	3082.315	3082.614
3082.6229999999996	0.900000000000091	trials	42	s042_F200619	grCe_grSu6Ne	7	45.0	8	3082.923	3083.223
3083.223	0.900000000000091	trials	42	s042_F200619	grCe	1	225.0	8	3083.523	3083.823
3100.234	0.900000000000091	trials	42	s042_F200619	grCe_grSu18Fa	11	225.0	8	3100.534	3100.833
3100.834	0.900000000000091	trials	42	s042_F200619	grCe_grSu12SmCiNe_PS	21	270.0	8	3101.134	3101.434
3101.4339999999997	0.900000000000091	trials	42	s042_F200619	grCe_grSu3Ne	5	90.0	8	3101.734	3102.034
3130.3289999999997	0.900000000000091	trials	42	s042_F200619	grCe_grSu12SmCiNe_PS	21	0.0	8	3130.629	3130.929
3130.9289999999996	0.900000000000091	trials	42	s042_F200619	coCe	16	0.0	8	3131.229	3131.529
3131.546	0.900000000000091	trials	42	s042_F200619	grCe_grSu6Ne_PS	18	180.0	8	3131.846	3132.146
3132.1549999999997	0.900000000000091	trials	42	s042_F200619	grCe_grSu6CiNe	15	0.0	8	3132.455	3132.754
3140.797	0.900000000000091	trials	42	s042_F200619	grCe_grSu1Ne	3	225.0	8	3141.097	3141.397
3147.765	0.900000000000091	trials	42	s042_F200619	coCe_grSu6Ne	17	45.0	8	3148.065	3148.365
3148.3729999999996	0.900000000000091	trials	42	s042_F200619	grCe_grSu6CiNe	15	45.0	8	3148.673	3148.973
3148.973	0.900000000000091	trials	42	s042_F200619	grCe_grSu12SmCiNe	13	270.0	8	3149.273	3149.573
3149.573	0.900000000000091	trials	42	s042_F200619	grCe_grSu6CiNe_PS	19	315.0	8	3149.873	3150.173
3161.6749999999997	0.900000000000091	trials	42	s042_F200619	grCe_grSu3Ne	5	180.0	8	3161.975	3162.275
3162.308	0.900000000000091	trials	42	s042_F200619	grCe_grSu12Mi	9	90.0	8	3162.608	3162.908
3162.9249999999997	0.900000000000091	trials	42	s042_F200619	coCe	16	225.0	8	3163.225	3163.525
3182.6609999999996	0.900000000000091	trials	42	s042_F200619	coCe	16	270.0	8	3182.961	3183.261
3183.2949999999996	0.900000000000091	trials	42	s042_F200619	grCe_grSu1Ne	3	180.0	8	3183.595	3183.894
3183.895	0.900000000000091	trials	42	s042_F200619	grCe_grSu6CiNe_PS	19	270.0	8	3184.195	3184.494
3184.5359999999996	0.900000000000091	trials	42	s042_F200619	grCe_grSu12SmCiNe	13	0.0	8	3184.836	3185.136
3192.537	0.900000000000091	trials	42	s042_F200619	coCe_grSu6Ne	17	180.0	8	3192.837	3193.137
3193.287	0.900000000000091	trials	42	s042_F200619	grCe_grSu18Fa	11	135.0	8	3193.587	3193.887
3194.4959999999996	0.900000000000091	trials	42	s042_F200619	grCe_grSu3Ne	5	270.0	8	3194.796	3195.096
3201.839	0.900000000000091	trials	42	s042_F200619	grCe_grSu12SmCiNe_PS	21	45.0	8	3202.139	3202.438
3202.439	0.900000000000091	trials	42	s042_F200619	grCe_grSu6CiNe_PS	19	0.0	8	3202.739	3203.038
3203.0389999999998	0.900000000000091	trials	42	s042_F200619	grCe_grSu6Ne	7	270.0	8	3203.339	3203.638
3210.8399999999997	0.900000000000091	trials	42	s042_F200619	NoStim	0		8	3211.14	3211.439
3211.473	0.900000000000091	trials	42	s042_F200619	grCe_grSu3Ne	5	315.0	8	3211.773	3212.073
3212.082	0.900000000000091	trials	42	s042_F200619	grCe_grSu6CiNe	15	180.0	8	3212.382	3212.681
3229.0589999999997	0.900000000000091	trials	42	s042_F200619	coCe_grSu6Ne	17	90.0	8	3229.359	3229.658
3230.3419999999996	0.900000000000091	trials	42	s042_F200619	grCe_grSu12Mi	9	0.0	8	3230.642	3230.942
3230.942	0.900000000000091	trials	42	s042_F200619	grCe_grSu12SmCiNe_PS	21	180.0	8	3231.242	3231.542
3237.143	0.900000000000091	trials	42	s042_F200619	grCe_grSu1Ne	3	135.0	8	3237.443	3237.743
3238.343	0.900000000000091	trials	42	s042_F200619	grCe_grSu6CiNe_PS	19	180.0	8	3238.643	3238.943
3238.9429999999998	0.900000000000091	trials	42	s042_F200619	grCe	1	90.0	8	3239.243	3239.543
3249.8779999999997	0.900000000000091	trials	42	s042_F200619	grSu18Fa	10		8	3250.178	3250.478
3250.52	0.900000000000091	trials	42	s042_F200619	grCe_grSu3Ne	5	135.0	8	3250.82	3251.12
3251.1279999999997	0.900000000000091	trials	42	s042_F200619	grCe_grSu6Ne	7	135.0	8	3251.428	3251.728
3251.7369999999996	0.900000000000091	trials	42	s042_F200619	coCe_grSu6Ne	17	315.0	8	3252.037	3252.336
3258.5629999999996	0.900000000000091	trials	42	s042_F200619	grCe_grSu18Fa	11	270.0	8	3258.863	3259.162
3259.7709999999997	0.900000000000091	trials	42	s042_F200619	grCe_grSu3Ne	5	0.0	8	3260.071	3260.371
3279.0739999999996	0.900000000000091	trials	42	s042_F200619	grCe_grSu18Fa	11	90.0	8	3279.374	3279.673
3279.674	0.900000000000091	trials	42	s042_F200619	grCe_grSu1Ne	3	45.0	8	3279.974	3280.273
3280.3149999999996	0.900000000000091	trials	42	s042_F200619	grCe_grSu3Ne	5	225.0	8	3280.615	3280.915
3280.915	0.900000000000091	trials	42	s042_F200619	grCe_grSu6CiNe_PS	19	90.0	8	3281.215	3281.515
3306.027	0.900000000000091	trials	42	s042_F200619	grCe_grSu12SmCiNe	13	225.0	8	3306.327	3306.627
3306.627	0.900000000000091	trials	42	s042_F200619	grCe	1	0.0	8	3306.927	3307.227
3307.227	0.900000000000091	trials	42	s042_F200619	grCe_grSu12SmCiNe_PS	21	90.0	8	3307.527	3307.827
3307.8269999999998	0.900000000000091	trials	42	s042_F200619	grCe_grSu6Ne_PS	18	90.0	8	3308.127	3308.427
3315.1119999999996	0.900000000000091	trials	42	s042_F200619	grSu12Mi	8		8	3315.412	3315.711
3315.712	0.900000000000091	trials	42	s042_F200619	grCe_grSu6Ne_PS	18	135.0	8	3316.012	3316.311
3316.3199999999997	0.900000000000091	trials	42	s042_F200619	grCe_grSu6Ne	7	0.0	8	3316.62	3316.92
3324.0879999999997	0.900000000000091	trials	42	s042_F200619	grCe_grSu6Ne_PS	18	45.0	8	3324.388	3324.687
3324.6879999999996	0.900000000000091	trials	42	s042_F200619	coSu6Ne	20		8	3324.988	3325.287
3325.296	0.900000000000091	trials	42	s042_F200619	grCe_grSu1Ne	3	0.0	8	3325.596	3325.896
3344.265	0.900000000000091	trials	42	s042_F200619	grCe_grSu6Ne	7	225.0	8	3344.565	3344.865
3344.865	0.900000000000091	trials	42	s042_F200619	grSu12SmCiNe	12		8	3345.165	3345.465
3345.5069999999996	0.900000000000091	trials	42	s042_F200619	grCe	1	135.0	8	3345.807	3346.107
3346.107	0.900000000000091	trials	42	s042_F200619	grSu6CiNe	14		8	3346.407	3346.707
3352.4829999999997	0.900000000000091	trials	42	s042_F200619	grCe_grSu6Ne_PS	18	225.0	8	3352.783	3353.083
3353.1079999999997	0.900000000000091	trials	42	s042_F200619	grCe_grSu6CiNe	15	225.0	8	3353.408	3353.708
3353.7079999999996	0.900000000000091	trials	42	s042_F200619	coCe	16	315.0	8	3354.008	3354.308
3360.4339999999997	0.900000000000091	trials	42	s042_F200619	grCe_grSu6CiNe_PS	19	135.0	8	3360.734	3361.034
3361.0339999999997	0.900000000000091	trials	42	s042_F200619	coCe	16	90.0	8	3361.334	3361.634
3361.651	0.900000000000091	trials	42	s042_F200619	grCe	1	180.0	8	3361.951	3362.251
3368.4849999999997	0.900000000000091	trials	42	s042_F200619	coCe_grSu6Ne	17	225.0	8	3368.785	3369.085
3369.093	0.900000000000091	trials	42	s042_F200619	coCe_grSu6Ne	17	0.0	8	3369.393	3369.693
3369.71	0.900000000000091	trials	42	s042_F200619	grCe_grSu1Ne	3	90.0	8	3370.01	3370.31
3370.319	0.900000000000091	trials	42	s042_F200619	grCe_grSu12SmCiNe	13	180.0	8	3370.619	3370.918
3377.6859999999997	0.900000000000091	trials	42	s042_F200619	grSu3Ne	4		8	3377.986	3378.286
3378.2949999999996	0.900000000000091	trials	42	s042_F200619	coCe	16	180.0	8	3378.595	3378.894
3384.4199999999996	0.900000000000091	trials	42	s042_F200619	coCe	16	45.0	8	3384.72	3385.02
3385.029	0.900000000000091	trials	42	s042_F200619	grCe_grSu3Ne	5	45.0	8	3385.329	3385.629
3385.654	0.900000000000091	trials	42	s042_F200619	grCe_grSu12Mi	9	45.0	8	3385.954	3386.254
3392.547	0.900000000000091	trials	42	s042_F200619	grCe	1	315.0	8	3392.847	3393.146
3393.18	0.900000000000091	trials	42	s042_F200619	grCe	1	45.0	8	3393.48	3393.78
3393.788	0.900000000000091	trials	42	s042_F200619	grCe_grSu12Mi	9	270.0	8	3394.088	3394.388
3394.397	0.900000000000091	trials	42	s042_F200619	grCe_grSu6CiNe_PS	19	45.0	8	3394.697	3394.996
3408.249	0.900000000000091	trials	42	s042_F200619	grCe_grSu18Fa	11	0.0	8	3408.549	3408.848
3408.865	0.900000000000091	trials	42	s042_F200619	grCe_grSu18Fa	11	180.0	8	3409.165	3409.465
3409.4649999999997	0.900000000000091	trials	42	s042_F200619	grCe_grSu6Ne	7	90.0	8	3409.765	3410.065
3431.8179999999998	0.900000000000091	trials	42	s042_F200619	coCe	16	135.0	8	3432.118	3432.418
3432.4269999999997	0.900000000000091	trials	42	s042_F200619	grCe_grSu1Ne	3	270.0	8	3432.727	3433.026
3433.035	0.900000000000091	trials	42	s042_F200619	grCe_grSu12Mi	9	225.0	8	3433.335	3433.635
3433.66	0.900000000000091	trials	42	s042_F200619	grCe_grSu12SmCiNe_PS	21	315.0	8	3433.96	3434.26
3471.698	0.900000000000091	trials	42	s042_F200619	grCe_grSu6Ne_PS	18	270.0	8	3471.998	3472.298
3472.298	0.900000000000091	trials	42	s042_F200619	grCe_grSu6Ne	7	315.0	8	3472.598	3472.898
3472.899	0.900000000000091	trials	42	s042_F200619	grCe_grSu12SmCiNe	13	315.0	8	3473.199	3473.498
3473.5069999999996	0.900000000000091	trials	42	s042_F200619	coCe_grSu6Ne	17	270.0	8	3473.807	3474.107
3483.633	0.900000000000091	trials	42	s042_F200619	grCe_grSu12SmCiNe_PS	21	225.0	8	3483.933	3484.233
3484.2329999999997	0.900000000000091	trials	42	s042_F200619	grSu6Ne	6		8	3484.533	3484.833
3485.442	0.900000000000091	trials	42	s042_F200619	grCe_grSu6CiNe_PS	19	225.0	8	3485.742	3486.042
3557.826	0.900000000000091	trials	42	s042_F200619	grCe_grSu6CiNe	15	135.0	8	3558.126	3558.426
3558.426	0.900000000000091	trials	42	s042_F200619	grCe_grSu6Ne_PS	18	0.0	8	3558.726	3559.026
3559.026	0.900000000000091	trials	42	s042_F200619	grCe_grSu6Ne	7	180.0	8	3559.326	3559.626
3592.906	0.900000000000091	trials	42	s042_F200619	grCe	1	270.0	8	3593.206	3593.505
3594.1229999999996	0.900000000000091	trials	42	s042_F200619	grCe_grSu18Fa	11	315.0	8	3594.423	3594.722
3619.4089999999997	0.900000000000091	trials	42	s042_F200619	grCe_grSu3Ne	5	225.0	1	3619.709	3620.009
3620.643	0.900000000000091	trials	42	s042_F200619	grCe_grSu3Ne	5	90.0	1	3620.943	3621.242
3629.46	0.900000000000091	trials	42	s042_F200619	grCe_grSu12Mi	9	90.0	1	3629.76	3630.06
3630.0609999999997	0.900000000000091	trials	42	s042_F200619	grCe_grSu6Ne_PS	18	0.0	1	3630.361	3630.66
3630.6609999999996	0.900000000000091	trials	42	s042_F200619	grCe_grSu6CiNe_PS	19	270.0	1	3630.961	3631.26
3637.3109999999997	0.900000000000091	trials	42	s042_F200619	grCe_grSu3Ne	5	180.0	1	3637.611	3637.911
3637.928	0.900000000000091	trials	42	s042_F200619	grCe_grSu6Ne	7	270.0	1	3638.228	3638.528
3638.5699999999997	0.900000000000091	trials	42	s042_F200619	grCe_grSu18Fa	11	315.0	1	3638.87	3639.17
3642.845	0.900000000000091	trials	42	s042_F200619	grCe_grSu18Fa	11	270.0	1	3643.145	3643.445
3643.446	0.900000000000091	trials	42	s042_F200619	grCe	1	180.0	1	3643.746	3644.045
3644.046	0.900000000000091	trials	42	s042_F200619	grCe_grSu6Ne_PS	18	135.0	1	3644.346	3644.645
3644.6459999999997	0.900000000000091	trials	42	s042_F200619	grCe_grSu12SmCiNe_PS	21	135.0	1	3644.946	3645.245
3650.83	0.900000000000091	trials	42	s042_F200619	grCe_grSu1Ne	3	225.0	1	3651.13	3651.43
3651.4719999999998	0.900000000000091	trials	42	s042_F200619	grCe	1	135.0	1	3651.772	3652.071
3652.6879999999996	0.900000000000091	trials	42	s042_F200619	coCe_grSu6Ne	17	45.0	1	3652.988	3653.288
3682.667	0.900000000000091	trials	42	s042_F200619	grCe_grSu18Fa	11	180.0	1	3682.967	3683.267
3699.111	0.900000000000091	trials	42	s042_F200619	grSu3Ne	4		1	3699.411	3699.711
3699.761	0.900000000000091	trials	42	s042_F200619	grCe_grSu6CiNe	15	225.0	1	3700.061	3700.361
3700.395	0.900000000000091	trials	42	s042_F200619	grCe_grSu12Mi	9	45.0	1	3700.695	3700.994
3701.0359999999996	0.900000000000091	trials	42	s042_F200619	grCe_grSu12Mi	9	270.0	1	3701.336	3701.636
3713.23	0.900000000000091	trials	42	s042_F200619	grCe	1	90.0	1	3713.53	3713.829
3713.83	0.900000000000091	trials	42	s042_F200619	grCe_grSu12SmCiNe	13	270.0	1	3714.13	3714.429
3720.797	0.900000000000091	trials	42	s042_F200619	grCe_grSu1Ne	3	90.0	1	3721.097	3721.397
3721.397	0.900000000000091	trials	42	s042_F200619	grCe_grSu6CiNe_PS	19	0.0	1	3721.697	3721.997
3721.997	0.900000000000091	trials	42	s042_F200619	grCe_grSu6Ne	7	135.0	1	3722.297	3722.597
3722.5969999999998	0.900000000000091	trials	42	s042_F200619	grCe_grSu6Ne	7	90.0	1	3722.897	3723.197
3733.8489999999997	0.900000000000091	trials	42	s042_F200619	coCe	16	135.0	1	3734.149	3734.449
3734.4489999999996	0.900000000000091	trials	42	s042_F200619	grCe	1	45.0	1	3734.749	3735.049
3735.049	0.900000000000091	trials	42	s042_F200619	grSu6Ne	6		1	3735.349	3735.649
3744.917	0.900000000000091	trials	42	s042_F200619	grCe_grSu6CiNe_PS	19	135.0	1	3745.217	3745.517
3817.935	0.900000000000091	trials	42	s042_F200619	grCe_grSu12Mi	9	225.0	1	3818.235	3818.534
3818.5679999999998	0.900000000000091	trials	42	s042_F200619	grSu12SmCiNe	12		1	3818.868	3819.168
3819.785	0.900000000000091	trials	42	s042_F200619	grSu18Fa	10		1	3820.085	3820.385
3826.644	0.900000000000091	trials	42	s042_F200619	grSu1Ne	2		1	3826.944	3827.244
3827.2439999999997	0.900000000000091	trials	42	s042_F200619	grCe_grSu6CiNe	15	270.0	1	3827.544	3827.844
3827.886	0.900000000000091	trials	42	s042_F200619	grCe_grSu6Ne	7	45.0	1	3828.186	3828.486
3834.2619999999997	0.900000000000091	trials	42	s042_F200619	grCe_grSu6CiNe_PS	19	225.0	1	3834.562	3834.862
3834.8619999999996	0.900000000000091	trials	42	s042_F200619	grCe	1	0.0	1	3835.162	3835.462
3835.479	0.900000000000091	trials	42	s042_F200619	grCe_grSu18Fa	11	135.0	1	3835.779	3836.078
3836.0789999999997	0.900000000000091	trials	42	s042_F200619	grCe_grSu6CiNe_PS	19	45.0	1	3836.379	3836.678
3842.355	0.900000000000091	trials	42	s042_F200619	grCe_grSu6CiNe	15	135.0	1	3842.655	3842.954
3842.9629999999997	0.900000000000091	trials	42	s042_F200619	grSu6CiNe	14		1	3843.263	3843.563
3843.5629999999996	0.900000000000091	trials	42	s042_F200619	grCe_grSu6Ne_PS	18	315.0	1	3843.863	3844.163
3844.163	0.900000000000091	trials	42	s042_F200619	grCe_grSu1Ne	3	135.0	1	3844.463	3844.763
3850.531	0.900000000000091	trials	42	s042_F200619	coCe	16	225.0	1	3850.831	3851.13
3851.131	0.900000000000091	trials	42	s042_F200619	grCe_grSu6CiNe	15	90.0	1	3851.431	3851.73
3851.772	0.900000000000091	trials	42	s042_F200619	grCe_grSu12SmCiNe_PS	21	180.0	1	3852.072	3852.372
3863.857	0.900000000000091	trials	42	s042_F200619	grCe_grSu12SmCiNe_PS	21	90.0	1	3864.157	3864.457
3874.6499999999996	0.900000000000091	trials	42	s042_F200619	grCe_grSu6CiNe_PS	19	90.0	1	3874.95	3875.25
3875.2839999999997	0.900000000000091	trials	42	s042_F200619	grCe_grSu6CiNe	15	180.0	1	3875.584	3875.884
3875.892	0.900000000000091	trials	42	s042_F200619	grCe_grSu6Ne	7	180.0	1	3876.192	3876.492
3883.718	0.900000000000091	trials	42	s042_F200619	grCe_grSu18Fa	11	90.0	1	3884.018	3884.318
3884.3179999999998	0.900000000000091	trials	42	s042_F200619	grCe_grSu6Ne_PS	18	270.0	1	3884.618	3884.918
3884.935	0.900000000000091	trials	42	s042_F200619	grCe_grSu12SmCiNe	13	45.0	1	3885.235	3885.535
3891.078	0.900000000000091	trials	42	s042_F200619	grCe_grSu6Ne	7	315.0	1	3891.378	3891.677
3891.694	0.900000000000091	trials	42	s042_F200619	grCe_grSu12SmCiNe_PS	21	225.0	1	3891.994	3892.294
3892.3109999999997	0.900000000000091	trials	42	s042_F200619	coCe_grSu6Ne	17	315.0	1	3892.611	3892.911
3892.9109999999996	0.900000000000091	trials	42	s042_F200619	grCe_grSu12SmCiNe	13	135.0	1	3893.211	3893.511
3899.1119999999996	0.900000000000091	trials	42	s042_F200619	grCe_grSu12SmCiNe	13	90.0	1	3899.412	3899.712
3899.729	0.900000000000091	trials	42	s042_F200619	grCe_grSu18Fa	11	45.0	1	3900.029	3900.328
3900.962	0.900000000000091	trials	42	s042_F200619	grCe_grSu3Ne	5	0.0	1	3901.262	3901.562
3930.7659999999996	0.900000000000091	trials	42	s042_F200619	grCe_grSu12SmCiNe	13	0.0	1	3931.066	3931.366
3931.366	0.900000000000091	trials	42	s042_F200619	grCe_grSu6Ne	7	0.0	1	3931.666	3931.966
3931.991	0.900000000000091	trials	42	s042_F200619	grCe_grSu3Ne	5	270.0	1	3932.291	3932.591
3932.6	0.900000000000091	trials	42	s042_F200619	grCe_grSu6CiNe	15	0.0	1	3932.9	3933.199
3952.519	0.900000000000091	trials	42	s042_F200619	grCe_grSu1Ne	3	0.0	1	3952.819	3953.118
3953.144	0.900000000000091	trials	42	s042_F200619	grCe_grSu12Mi	9	315.0	1	3953.444	3953.744
3953.8439999999996	0.900000000000091	trials	42	s042_F200619	grCe_grSu6Ne_PS	18	45.0	1	3954.144	3954.444
3954.4519999999998	0.900000000000091	trials	42	s042_F200619	grCe_grSu12SmCiNe_PS	21	315.0	1	3954.752	3955.052
3960.812	0.900000000000091	trials	42	s042_F200619	coCe_grSu6Ne	17	0.0	1	3961.112	3961.411
3961.4199999999996	0.900000000000091	trials	42	s042_F200619	grCe_grSu1Ne	3	180.0	1	3961.72	3962.02
3962.028	0.900000000000091	trials	42	s042_F200619	grCe_grSu3Ne	5	135.0	1	3962.328	3962.628
3962.653	0.900000000000091	trials	42	s042_F200619	grCe_grSu6Ne	7	225.0	1	3962.953	3963.253
3969.229	0.900000000000091	trials	42	s042_F200619	grCe	1	270.0	1	3969.529	3969.829
3970.471	0.900000000000091	trials	42	s042_F200619	grCe_grSu18Fa	11	225.0	1	3970.771	3971.071
3971.071	0.900000000000091	trials	42	s042_F200619	grCe_grSu12SmCiNe_PS	21	45.0	1	3971.371	3971.671
3992.682	0.900000000000091	trials	42	s042_F200619	coCe_grSu6Ne	17	90.0	1	3992.982	3993.282
3993.316	0.900000000000091	trials	42	s042_F200619	coCe_grSu6Ne	17	180.0	1	3993.616	3993.915
3993.932	0.900000000000091	trials	42	s042_F200619	coCe	16	270.0	1	3994.232	3994.532
4001.3329999999996	0.900000000000091	trials	42	s042_F200619	grCe_grSu12Mi	9	135.0	1	4001.633	4001.933
4002.5919999999996	0.900000000000091	trials	42	s042_F200619	grCe_grSu6CiNe	15	315.0	1	4002.892	4003.192
4003.234	0.900000000000091	trials	42	s042_F200619	grCe_grSu12Mi	9	180.0	1	4003.534	4003.833
4009.3509999999997	0.900000000000091	trials	42	s042_F200619	grCe_grSu6CiNe_PS	19	315.0	1	4009.651	4009.951
4010.593	0.900000000000091	trials	42	s042_F200619	grCe_grSu12SmCiNe	13	225.0	1	4010.893	4011.193
4011.201	0.900000000000091	trials	42	s042_F200619	coCe_grSu6Ne	17	225.0	1	4011.501	4011.801
4018.736	0.900000000000091	trials	42	s042_F200619	grCe_grSu1Ne	3	45.0	1	4019.036	4019.335
4019.336	0.900000000000091	trials	42	s042_F200619	grCe	1	225.0	1	4019.636	4019.935
4019.944	0.900000000000091	trials	42	s042_F200619	coCe_grSu6Ne	17	270.0	1	4020.244	4020.544
4020.544	0.900000000000091	trials	42	s042_F200619	coCe	16	315.0	1	4020.844	4021.144
4026.8529999999996	0.900000000000091	trials	42	s042_F200619	grCe	1	315.0	1	4027.153	4027.453
4027.453	0.900000000000091	trials	42	s042_F200619	grCe_grSu12SmCiNe_PS	21	0.0	1	4027.753	4028.053
4028.0539999999996	0.900000000000091	trials	42	s042_F200619	grCe_grSu12SmCiNe_PS	21	270.0	1	4028.354	4028.653
4034.979	0.900000000000091	trials	42	s042_F200619	coCe	16	45.0	1	4035.279	4035.579
4038.488	0.900000000000091	trials	42	s042_F200619	grCe_grSu3Ne	5	315.0	1	4038.788	4039.088
4039.105	0.900000000000091	trials	42	s042_F200619	grCe_grSu6Ne_PS	18	90.0	1	4039.405	4039.705
4039.7129999999997	0.900000000000091	trials	42	s042_F200619	coCe_grSu6Ne	17	135.0	1	4040.013	4040.313
4040.3129999999996	0.900000000000091	trials	42	s042_F200619	grCe_grSu1Ne	3	315.0	1	4040.613	4040.913
4046.839	0.900000000000091	trials	42	s042_F200619	coCe	16	0.0	1	4047.139	4047.439
4047.439	0.900000000000091	trials	42	s042_F200619	coCe	16	90.0	1	4047.739	4048.039
4048.073	0.900000000000091	trials	42	s042_F200619	grSu12Mi	8		1	4048.373	4048.673
4048.7149999999997	0.900000000000091	trials	42	s042_F200619	NoStim	0		1	4049.015	4049.314
4054.807	0.900000000000091	trials	42	s042_F200619	grCe_grSu6CiNe_PS	19	180.0	1	4055.107	4055.407
4059.874	0.900000000000091	trials	42	s042_F200619	grCe_grSu12Mi	9	0.0	1	4060.174	4060.474
4060.4829999999997	0.900000000000091	trials	42	s042_F200619	grCe_grSu3Ne	5	45.0	1	4060.783	4061.082
4067.9339999999997	0.900000000000091	trials	42	s042_F200619	grCe_grSu6CiNe	15	45.0	1	4068.234	4068.533
4068.567	0.900000000000091	trials	42	s042_F200619	grCe_grSu18Fa	11	0.0	1	4068.867	4069.167
4069.167	0.900000000000091	trials	42	s042_F200619	grCe_grSu6Ne_PS	18	225.0	1	4069.467	4069.767
4069.7839999999997	0.900000000000091	trials	42	s042_F200619	grCe_grSu6Ne_PS	18	180.0	1	4070.084	4070.384
4081.127	0.900000000000091	trials	42	s042_F200619	grCe_grSu1Ne	3	270.0	1	4081.427	4081.727
4081.7349999999997	0.900000000000091	trials	42	s042_F200619	grCe_grSu12SmCiNe	13	180.0	1	4082.035	4082.335
4082.3439999999996	0.900000000000091	trials	42	s042_F200619	grCe_grSu12SmCiNe	13	315.0	1	4082.644	4082.944
4106.313999999999	0.9000000000005457	trials	42	s042_F200619	coSu6Ne	20		1	4106.614	4106.913
4106.914	0.9000000000005457	trials	42	s042_F200619	coCe	16	180.0	1	4107.214	4107.513
