onset	duration	nwb_table	ses_ID	ses_Name	cond_Name	cond_ID	target_rot	rep_num	pdOn	pdOff
31.105	0.9000000000000021	trials	41	s041_F200617	NoStim	0		3	31.405	31.705
31.705000000000002	0.9000000000000021	trials	41	s041_F200617	grSu3Ne	4		3	32.005	32.305
35.948	0.8999999999999986	trials	41	s041_F200617	grCe	1	0.0	3	36.248	36.547
36.573	0.8999999999999986	trials	41	s041_F200617	grCe_grSu6CiNe	15	135.0	3	36.873	37.172
37.181000000000004	0.8999999999999986	trials	41	s041_F200617	grSu18Fa	10		3	37.481	37.781
38.381	0.8999999999999986	trials	41	s041_F200617	grCe_grSu6CiNe	15	180.0	3	38.681	38.981
47.357	0.8999999999999986	trials	41	s041_F200617	grCe_grSu6Ne_PS	18	315.0	3	47.657	47.957
47.958000000000006	0.8999999999999986	trials	41	s041_F200617	coCe	16	225.0	3	48.258	48.557
48.599000000000004	0.8999999999999986	trials	41	s041_F200617	grCe_grSu18Fa	11	135.0	3	48.899	49.199
49.199000000000005	0.8999999999999986	trials	41	s041_F200617	grCe_grSu3Ne	5	180.0	3	49.499	49.799
49.799	0.8999999999999986	trials	41	s041_F200617	grCe_grSu6CiNe_PS	19	270.0	3	50.099	50.399
66.818	0.8999999999999915	trials	41	s041_F200617	grCe_grSu3Ne	5	135.0	3	67.118	67.418
70.41	0.8999999999999915	trials	41	s041_F200617	grCe	1	315.0	3	70.71	71.01
71.62700000000001	0.8999999999999915	trials	41	s041_F200617	grCe_grSu12SmCiNe	13	90.0	3	71.927	72.227
72.227	0.8999999999999915	trials	41	s041_F200617	grCe_grSu6CiNe_PS	19	225.0	3	72.527	72.827
72.861	0.8999999999999915	trials	41	s041_F200617	grCe_grSu6Ne	7	315.0	3	73.161	73.46
79.745	0.8999999999999915	trials	41	s041_F200617	grCe_grSu6CiNe	15	315.0	3	80.045	80.345
80.378	0.8999999999999915	trials	41	s041_F200617	grCe_grSu12Mi	9	270.0	3	80.678	80.978
80.979	0.8999999999999915	trials	41	s041_F200617	coCe	16	90.0	3	81.279	81.578
87.87100000000001	0.8999999999999915	trials	41	s041_F200617	grCe_grSu12SmCiNe_PS	21	45.0	3	88.171	88.471
88.471	0.8999999999999915	trials	41	s041_F200617	grCe_grSu12SmCiNe_PS	21	270.0	3	88.771	89.071
89.105	0.8999999999999915	trials	41	s041_F200617	grCe_grSu6CiNe_PS	19	90.0	3	89.405	89.704
89.721	0.8999999999999915	trials	41	s041_F200617	grCe_grSu6Ne_PS	18	270.0	3	90.021	90.321
90.33	0.8999999999999915	trials	41	s041_F200617	coCe	16	315.0	3	90.63	90.929
96.714	0.8999999999999915	trials	41	s041_F200617	grCe_grSu18Fa	11	225.0	3	97.014	97.314
97.914	0.8999999999999915	trials	41	s041_F200617	coCe_grSu6Ne	17	135.0	3	98.214	98.514
98.556	0.8999999999999915	trials	41	s041_F200617	grCe_grSu12Mi	9	90.0	3	98.856	99.155
99.156	0.8999999999999915	trials	41	s041_F200617	grCe_grSu6CiNe_PS	19	135.0	3	99.456	99.756
105.49000000000001	0.8999999999999915	trials	41	s041_F200617	grCe_grSu6CiNe	15	45.0	3	105.79	106.09
107.915	0.8999999999999915	trials	41	s041_F200617	grCe_grSu6Ne	7	270.0	3	108.215	108.515
114.408	0.8999999999999915	trials	41	s041_F200617	grCe_grSu18Fa	11	180.0	3	114.708	115.008
118.72500000000001	0.8999999999999915	trials	41	s041_F200617	grCe_grSu6Ne_PS	18	0.0	3	119.025	119.325
119.325	0.8999999999999915	trials	41	s041_F200617	grCe_grSu6Ne	7	225.0	3	119.625	119.925
123.20100000000001	0.8999999999999915	trials	41	s041_F200617	grCe_grSu1Ne	3	225.0	3	123.501	123.8
123.801	0.8999999999999915	trials	41	s041_F200617	grCe_grSu1Ne	3	315.0	3	124.101	124.4
124.434	0.8999999999999915	trials	41	s041_F200617	grCe_grSu6Ne_PS	18	135.0	3	124.734	125.034
125.043	0.8999999999999915	trials	41	s041_F200617	grCe_grSu18Fa	11	45.0	3	125.343	125.642
125.643	0.8999999999999915	trials	41	s041_F200617	coCe_grSu6Ne	17	270.0	3	125.943	126.242
131.81799999999998	0.9000000000000057	trials	41	s041_F200617	grCe_grSu3Ne	5	90.0	3	132.118	132.418
132.41799999999998	0.9000000000000057	trials	41	s041_F200617	grCe_grSu6Ne	7	180.0	3	132.718	133.018
133.01899999999998	0.9000000000000057	trials	41	s041_F200617	grCe_grSu6CiNe_PS	19	45.0	3	133.319	133.618
133.619	0.9000000000000057	trials	41	s041_F200617	grCe_grSu6Ne	7	90.0	3	133.919	134.218
134.219	0.9000000000000057	trials	41	s041_F200617	grCe_grSu6CiNe	15	270.0	3	134.519	134.818
140.42	0.9000000000000057	trials	41	s041_F200617	grCe_grSu6CiNe	15	0.0	3	140.72	141.019
141.028	0.9000000000000057	trials	41	s041_F200617	grCe_grSu12Mi	9	135.0	3	141.328	141.628
141.628	0.9000000000000057	trials	41	s041_F200617	grCe_grSu12SmCiNe_PS	21	135.0	3	141.928	142.228
142.236	0.9000000000000057	trials	41	s041_F200617	coCe_grSu6Ne	17	225.0	3	142.536	142.836
142.845	0.9000000000000057	trials	41	s041_F200617	grSu12Mi	8		3	143.145	143.445
149.021	0.9000000000000057	trials	41	s041_F200617	grCe_grSu18Fa	11	0.0	3	149.321	149.62
149.771	0.9000000000000057	trials	41	s041_F200617	grCe_grSu12SmCiNe	13	315.0	3	150.071	150.37
150.37099999999998	0.9000000000000057	trials	41	s041_F200617	grCe_grSu12SmCiNe_PS	21	0.0	3	150.671	150.97
150.97099999999998	0.9000000000000057	trials	41	s041_F200617	grCe_grSu6Ne_PS	18	180.0	3	151.271	151.571
151.59599999999998	0.9000000000000057	trials	41	s041_F200617	grCe_grSu12Mi	9	315.0	3	151.896	152.196
159.61399999999998	0.9000000000000057	trials	41	s041_F200617	grCe	1	270.0	3	159.914	160.213
160.214	0.9000000000000057	trials	41	s041_F200617	grCe_grSu3Ne	5	45.0	3	160.514	160.813
161.456	0.9000000000000057	trials	41	s041_F200617	grSu1Ne	2		3	161.756	162.055
162.05599999999998	0.9000000000000057	trials	41	s041_F200617	grCe_grSu6Ne	7	0.0	3	162.356	162.655
168.256	0.9000000000000057	trials	41	s041_F200617	coSu6Ne	20		3	168.556	168.856
169.457	0.9000000000000057	trials	41	s041_F200617	grCe_grSu1Ne	3	270.0	3	169.757	170.056
170.682	0.9000000000000057	trials	41	s041_F200617	grCe	1	135.0	3	170.982	171.281
176.92399999999998	0.9000000000000057	trials	41	s041_F200617	grCe_grSu6Ne	7	135.0	3	177.224	177.524
177.524	0.9000000000000057	trials	41	s041_F200617	grCe_grSu6Ne_PS	18	90.0	3	177.824	178.124
178.124	0.9000000000000057	trials	41	s041_F200617	grSu12SmCiNe	12		3	178.424	178.724
179.333	0.9000000000000057	trials	41	s041_F200617	grCe_grSu18Fa	11	270.0	3	179.633	179.933
185.642	0.9000000000000057	trials	41	s041_F200617	grCe_grSu12Mi	9	45.0	3	185.942	186.242
186.242	0.9000000000000057	trials	41	s041_F200617	grCe_grSu12SmCiNe_PS	21	90.0	3	186.542	186.842
186.84199999999998	0.9000000000000057	trials	41	s041_F200617	grCe_grSu12SmCiNe	13	45.0	3	187.142	187.442
188.042	0.9000000000000057	trials	41	s041_F200617	coCe	16	135.0	3	188.342	188.642
194.385	0.9000000000000057	trials	41	s041_F200617	grCe_grSu12SmCiNe	13	0.0	3	194.685	194.984
195.58499999999998	0.9000000000000057	trials	41	s041_F200617	coCe	16	180.0	3	195.885	196.185
196.19299999999998	0.9000000000000057	trials	41	s041_F200617	grCe_grSu12Mi	9	225.0	3	196.493	196.793
196.81	0.9000000000000057	trials	41	s041_F200617	grCe_grSu6Ne	7	45.0	3	197.11	197.41
202.85299999999998	0.9000000000000057	trials	41	s041_F200617	grCe_grSu18Fa	11	90.0	3	203.153	203.452
203.45299999999997	0.9000000000000057	trials	41	s041_F200617	grCe	1	45.0	3	203.753	204.052
204.069	0.9000000000000057	trials	41	s041_F200617	coCe_grSu6Ne	17	315.0	3	204.369	204.669
205.31099999999998	0.9000000000000057	trials	41	s041_F200617	grCe	1	180.0	3	205.611	205.911
212.18699999999998	0.9000000000000057	trials	41	s041_F200617	grCe_grSu6Ne_PS	18	225.0	3	212.487	212.787
212.78699999999998	0.9000000000000057	trials	41	s041_F200617	grCe_grSu12SmCiNe	13	225.0	3	213.087	213.387
213.387	0.9000000000000057	trials	41	s041_F200617	coCe_grSu6Ne	17	180.0	3	213.687	213.987
213.987	0.9000000000000057	trials	41	s041_F200617	grCe_grSu12SmCiNe_PS	21	225.0	3	214.287	214.587
220.72199999999998	0.9000000000000057	trials	41	s041_F200617	grSu6CiNe	14		3	221.022	221.321
221.355	0.9000000000000057	trials	41	s041_F200617	grCe_grSu1Ne	3	45.0	3	221.655	221.955
221.95499999999998	0.9000000000000057	trials	41	s041_F200617	grSu6Ne	6		3	222.255	222.555
222.59699999999998	0.9000000000000057	trials	41	s041_F200617	grCe_grSu3Ne	5	225.0	3	222.897	223.196
223.197	0.9000000000000057	trials	41	s041_F200617	grCe_grSu12SmCiNe_PS	21	315.0	3	223.497	223.797
229.53099999999998	0.9000000000000057	trials	41	s041_F200617	grCe_grSu12SmCiNe	13	135.0	3	229.831	230.131
233.96499999999997	0.9000000000000057	trials	41	s041_F200617	grCe_grSu3Ne	5	0.0	3	234.265	234.565
235.207	0.9000000000000057	trials	41	s041_F200617	grCe_grSu12Mi	9	0.0	3	235.507	235.806
235.807	0.9000000000000057	trials	41	s041_F200617	grCe_grSu1Ne	3	180.0	3	236.107	236.407
242.524	0.9000000000000057	trials	41	s041_F200617	grCe_grSu3Ne	5	315.0	3	242.824	243.124
243.149	0.9000000000000057	trials	41	s041_F200617	grCe_grSu6CiNe	15	225.0	3	243.449	243.749
243.75	0.9000000000000057	trials	41	s041_F200617	coCe_grSu6Ne	17	0.0	3	244.05	244.349
244.35	0.9000000000000057	trials	41	s041_F200617	coCe_grSu6Ne	17	90.0	3	244.65	244.949
244.95	0.9000000000000057	trials	41	s041_F200617	grCe_grSu6CiNe	15	90.0	3	245.25	245.549
255.743	0.9000000000000341	trials	41	s041_F200617	coCe	16	270.0	3	256.043	256.342
256.34299999999996	0.9000000000000341	trials	41	s041_F200617	coCe	16	45.0	3	256.643	256.942
256.943	0.9000000000000341	trials	41	s041_F200617	grCe	1	90.0	3	257.243	257.543
257.543	0.9000000000000341	trials	41	s041_F200617	grCe_grSu1Ne	3	0.0	3	257.843	258.143
258.176	0.9000000000000341	trials	41	s041_F200617	grCe_grSu1Ne	3	90.0	3	258.476	258.776
264.42699999999996	0.9000000000000341	trials	41	s041_F200617	grCe_grSu12SmCiNe	13	270.0	3	264.727	265.027
265.027	0.9000000000000341	trials	41	s041_F200617	grCe_grSu12SmCiNe	13	180.0	3	265.327	265.627
265.627	0.9000000000000341	trials	41	s041_F200617	grCe_grSu6CiNe_PS	19	0.0	3	265.927	266.227
266.227	0.9000000000000341	trials	41	s041_F200617	grCe_grSu12SmCiNe_PS	21	180.0	3	266.527	266.827
270.536	0.9000000000000341	trials	41	s041_F200617	coCe	16	0.0	3	270.836	271.136
271.178	0.9000000000000341	trials	41	s041_F200617	grCe_grSu18Fa	11	315.0	3	271.478	271.778
299.74	0.9000000000000341	trials	41	s041_F200617	grCe_grSu12Mi	9	180.0	3	300.04	300.34
300.49899999999997	0.9000000000000341	trials	41	s041_F200617	grCe_grSu1Ne	3	135.0	3	300.799	301.098
301.12399999999997	0.9000000000000341	trials	41	s041_F200617	coCe_grSu6Ne	17	45.0	3	301.424	301.723
306.108	0.9000000000000341	trials	41	s041_F200617	grCe_grSu3Ne	5	270.0	3	306.408	306.707
310.291	0.9000000000000341	trials	41	s041_F200617	grCe	1	225.0	3	310.591	310.891
310.892	0.9000000000000341	trials	41	s041_F200617	grCe_grSu6CiNe_PS	19	315.0	3	311.192	311.491
314.55899999999997	0.9000000000000341	trials	41	s041_F200617	grCe_grSu6CiNe_PS	19	180.0	3	314.859	315.158
315.792	0.9000000000000341	trials	41	s041_F200617	grCe_grSu6Ne_PS	18	45.0	3	316.092	316.392
316.409	0.9000000000000341	trials	41	s041_F200617	grCe_grSu12Mi	9	90.0	6	316.709	317.009
323.34299999999996	0.9000000000000341	trials	41	s041_F200617	grCe_grSu3Ne	5	90.0	6	323.643	323.943
323.952	0.9000000000000341	trials	41	s041_F200617	grCe_grSu12Mi	9	315.0	6	324.252	324.551
325.15999999999997	0.9000000000000341	trials	41	s041_F200617	grCe_grSu6CiNe	15	270.0	6	325.46	325.76
325.793	0.9000000000000341	trials	41	s041_F200617	grSu6Ne	6		6	326.093	326.393
336.962	0.9000000000000341	trials	41	s041_F200617	coCe	16	225.0	6	337.262	337.561
337.562	0.9000000000000341	trials	41	s041_F200617	grCe_grSu1Ne	3	135.0	6	337.862	338.161
338.17	0.9000000000000341	trials	41	s041_F200617	grCe_grSu6Ne	7	135.0	6	338.47	338.77
338.803	0.9000000000000341	trials	41	s041_F200617	grCe_grSu12SmCiNe_PS	21	270.0	6	339.103	339.403
343.304	0.9000000000000341	trials	41	s041_F200617	grCe_grSu12Mi	9	45.0	6	343.604	343.904
345.146	0.9000000000000341	trials	41	s041_F200617	grCe_grSu18Fa	11	315.0	6	345.446	345.746
356.06399999999996	0.9000000000000341	trials	41	s041_F200617	grCe_grSu12SmCiNe_PS	21	0.0	6	356.364	356.664
356.664	0.9000000000000341	trials	41	s041_F200617	grCe_grSu12SmCiNe	13	90.0	6	356.964	357.264
357.27299999999997	0.9000000000000341	trials	41	s041_F200617	grCe_grSu12SmCiNe_PS	21	225.0	6	357.573	357.872
358.506	0.9000000000000341	trials	41	s041_F200617	grCe	1	0.0	6	358.806	359.106
364.74	0.9000000000000341	trials	41	s041_F200617	coCe_grSu6Ne	17	270.0	6	365.04	365.34
365.37399999999997	0.9000000000000341	trials	41	s041_F200617	coCe_grSu6Ne	17	180.0	6	365.674	365.973
365.99899999999997	0.9000000000000341	trials	41	s041_F200617	grCe	1	45.0	6	366.299	366.598
366.599	0.9000000000000341	trials	41	s041_F200617	grCe_grSu6Ne_PS	18	225.0	6	366.899	367.198
367.23199999999997	0.9000000000000341	trials	41	s041_F200617	grSu18Fa	10		6	367.532	367.832
375.183	0.9000000000000341	trials	41	s041_F200617	grCe_grSu6CiNe_PS	19	45.0	6	375.483	375.783
376.4	0.9000000000000341	trials	41	s041_F200617	grCe_grSu18Fa	11	135.0	6	376.7	377.0
377.0	0.9000000000000341	trials	41	s041_F200617	coCe	16	270.0	6	377.3	377.6
377.608	0.9000000000000341	trials	41	s041_F200617	grCe_grSu18Fa	11	180.0	6	377.908	378.208
389.085	0.9000000000000341	trials	41	s041_F200617	grSu12SmCiNe	12		6	389.385	389.685
389.693	0.9000000000000341	trials	41	s041_F200617	grCe_grSu12Mi	9	135.0	6	389.993	390.293
390.293	0.9000000000000341	trials	41	s041_F200617	grCe_grSu6Ne	7	0.0	6	390.593	390.893
390.944	0.9000000000000341	trials	41	s041_F200617	grCe_grSu12Mi	9	225.0	6	391.244	391.543
406.73699999999997	0.9000000000000341	trials	41	s041_F200617	grCe_grSu12SmCiNe_PS	21	45.0	6	407.037	407.337
407.346	0.9000000000000341	trials	41	s041_F200617	grCe_grSu18Fa	11	45.0	6	407.646	407.945
411.471	0.9000000000000341	trials	41	s041_F200617	coCe	16	315.0	6	411.771	412.071
412.07099999999997	0.9000000000000341	trials	41	s041_F200617	grCe_grSu6Ne_PS	18	90.0	6	412.371	412.671
412.671	0.9000000000000341	trials	41	s041_F200617	grCe_grSu6Ne	7	90.0	6	412.971	413.271
413.296	0.9000000000000341	trials	41	s041_F200617	grCe_grSu6CiNe_PS	19	135.0	6	413.596	413.896
413.896	0.9000000000000341	trials	41	s041_F200617	grCe_grSu6Ne_PS	18	135.0	6	414.196	414.496
420.08099999999996	0.9000000000000341	trials	41	s041_F200617	grCe_grSu1Ne	3	90.0	6	420.381	420.68
420.872	0.9000000000000341	trials	41	s041_F200617	grCe_grSu6CiNe	15	90.0	6	421.172	421.472
424.948	0.9000000000000341	trials	41	s041_F200617	coCe	16	0.0	6	425.248	425.548
425.548	0.9000000000000341	trials	41	s041_F200617	grCe_grSu12SmCiNe	13	135.0	6	425.848	426.148
426.748	0.9000000000000341	trials	41	s041_F200617	grCe_grSu6CiNe_PS	19	0.0	6	427.048	427.348
447.18399999999997	0.9000000000000341	trials	41	s041_F200617	grCe_grSu6Ne_PS	18	0.0	6	447.484	447.784
447.793	0.9000000000000341	trials	41	s041_F200617	grCe_grSu12Mi	9	270.0	6	448.093	448.392
448.393	0.9000000000000341	trials	41	s041_F200617	coCe	16	180.0	6	448.693	448.992
449.001	0.9000000000000341	trials	41	s041_F200617	grCe_grSu18Fa	11	225.0	6	449.301	449.601
458.36899999999997	0.9000000000000341	trials	41	s041_F200617	grCe_grSu3Ne	5	135.0	6	458.669	458.969
458.969	0.9000000000000341	trials	41	s041_F200617	grCe_grSu1Ne	3	0.0	6	459.269	459.569
466.195	0.9000000000000341	trials	41	s041_F200617	grCe_grSu18Fa	11	270.0	6	466.495	466.795
466.795	0.9000000000000341	trials	41	s041_F200617	grCe_grSu6Ne	7	315.0	6	467.095	467.395
467.40299999999996	0.9000000000000341	trials	41	s041_F200617	grCe_grSu6CiNe_PS	19	225.0	6	467.703	468.003
468.02	0.9000000000000341	trials	41	s041_F200617	grCe_grSu6CiNe	15	315.0	6	468.32	468.62
468.654	0.9000000000000341	trials	41	s041_F200617	grSu3Ne	4		6	468.954	469.253
487.839	0.9000000000000341	trials	41	s041_F200617	coCe	16	90.0	6	488.139	488.439
489.03999999999996	0.9000000000000341	trials	41	s041_F200617	grCe_grSu3Ne	5	315.0	6	489.34	489.639
489.656	0.9000000000000341	trials	41	s041_F200617	grCe_grSu1Ne	3	45.0	6	489.956	490.256
504.808	0.9000000000000341	trials	41	s041_F200617	grCe_grSu6CiNe	15	135.0	6	505.108	505.408
505.408	0.9000000000000341	trials	41	s041_F200617	grCe	1	180.0	6	505.708	506.008
506.008	0.9000000000000341	trials	41	s041_F200617	grCe_grSu3Ne	5	180.0	6	506.308	506.608
506.608	0.9000000000000341	trials	41	s041_F200617	grCe_grSu12SmCiNe_PS	21	180.0	6	506.908	507.208
507.209	0.9000000000000341	trials	41	s041_F200617	grCe_grSu6CiNe	15	225.0	6	507.509	507.808
513.3090000000001	0.8999999999999773	trials	41	s041_F200617	grCe	1	315.0	6	513.609	513.909
513.909	0.8999999999999773	trials	41	s041_F200617	grCe_grSu12SmCiNe_PS	21	315.0	6	514.209	514.509
515.71	0.8999999999999773	trials	41	s041_F200617	grCe_grSu6CiNe	15	0.0	6	516.01	516.309
526.6030000000001	0.8999999999999773	trials	41	s041_F200617	grCe_grSu12SmCiNe	13	45.0	6	526.903	527.202
527.219	0.8999999999999773	trials	41	s041_F200617	coCe_grSu6Ne	17	90.0	6	527.519	527.819
527.82	0.8999999999999773	trials	41	s041_F200617	grCe_grSu12SmCiNe	13	315.0	6	528.12	528.419
528.4200000000001	0.8999999999999773	trials	41	s041_F200617	grCe_grSu6CiNe_PS	19	180.0	6	528.72	529.019
529.0200000000001	0.8999999999999773	trials	41	s041_F200617	coCe_grSu6Ne	17	315.0	6	529.32	529.619
537.421	0.8999999999999773	trials	41	s041_F200617	grCe_grSu3Ne	5	270.0	6	537.721	538.02
538.0210000000001	0.8999999999999773	trials	41	s041_F200617	grCe_grSu3Ne	5	0.0	6	538.321	538.621
538.6210000000001	0.8999999999999773	trials	41	s041_F200617	coCe_grSu6Ne	17	225.0	6	538.921	539.221
539.221	0.8999999999999773	trials	41	s041_F200617	grCe_grSu1Ne	3	270.0	6	539.521	539.821
545.7890000000001	0.8999999999999773	trials	41	s041_F200617	grCe_grSu1Ne	3	315.0	6	546.089	546.388
546.4050000000001	0.8999999999999773	trials	41	s041_F200617	NoStim	0		6	546.705	547.005
547.7470000000001	0.8999999999999773	trials	41	s041_F200617	grCe_grSu6Ne	7	45.0	6	548.047	548.347
548.3470000000001	0.8999999999999773	trials	41	s041_F200617	grCe_grSu12SmCiNe	13	270.0	6	548.647	548.947
554.6650000000001	0.8999999999999773	trials	41	s041_F200617	grCe_grSu12SmCiNe_PS	21	90.0	6	554.965	555.264
559.649	0.8999999999999773	trials	41	s041_F200617	grCe_grSu12SmCiNe_PS	21	135.0	6	559.949	560.248
560.849	0.8999999999999773	trials	41	s041_F200617	grCe_grSu6Ne_PS	18	270.0	6	561.149	561.448
561.4490000000001	0.8999999999999773	trials	41	s041_F200617	grCe	1	90.0	6	561.749	562.049
562.0490000000001	0.8999999999999773	trials	41	s041_F200617	grCe_grSu3Ne	5	45.0	6	562.349	562.649
576.017	0.8999999999999773	trials	41	s041_F200617	grCe_grSu6Ne	7	225.0	6	576.317	576.617
577.226	0.8999999999999773	trials	41	s041_F200617	grCe_grSu18Fa	11	0.0	6	577.526	577.826
577.859	0.8999999999999773	trials	41	s041_F200617	grSu1Ne	2		6	578.159	578.459
578.4680000000001	0.8999999999999773	trials	41	s041_F200617	coCe_grSu6Ne	17	0.0	6	578.768	579.067
584.6940000000001	0.8999999999999773	trials	41	s041_F200617	grCe_grSu1Ne	3	180.0	6	584.994	585.293
585.2940000000001	0.8999999999999773	trials	41	s041_F200617	grCe_grSu6CiNe	15	180.0	6	585.594	585.893
585.894	0.8999999999999773	trials	41	s041_F200617	coCe_grSu6Ne	17	45.0	6	586.194	586.493
589.6940000000001	0.8999999999999773	trials	41	s041_F200617	grCe_grSu18Fa	11	90.0	6	589.994	590.294
598.0790000000001	0.8999999999999773	trials	41	s041_F200617	coSu6Ne	20		6	598.379	598.678
610.9970000000001	0.8999999999999773	trials	41	s041_F200617	grCe_grSu12SmCiNe	13	0.0	6	611.297	611.597
611.5970000000001	0.8999999999999773	trials	41	s041_F200617	grSu6CiNe	14		6	611.897	612.197
612.2220000000001	0.8999999999999773	trials	41	s041_F200617	grCe_grSu12Mi	9	0.0	6	612.522	612.822
612.822	0.8999999999999773	trials	41	s041_F200617	grSu12Mi	8		6	613.122	613.422
613.422	0.8999999999999773	trials	41	s041_F200617	grCe_grSu6Ne_PS	18	45.0	6	613.722	614.022
619.548	0.8999999999999773	trials	41	s041_F200617	grCe_grSu12SmCiNe	13	225.0	6	619.848	620.148
620.148	0.8999999999999773	trials	41	s041_F200617	grCe_grSu3Ne	5	225.0	6	620.448	620.748
620.7570000000001	0.8999999999999773	trials	41	s041_F200617	grCe_grSu12Mi	9	180.0	6	621.057	621.356
627.782	0.8999999999999773	trials	41	s041_F200617	coCe_grSu6Ne	17	135.0	6	628.082	628.382
628.383	0.8999999999999773	trials	41	s041_F200617	grCe_grSu6CiNe_PS	19	270.0	6	628.683	628.982
629.008	0.8999999999999773	trials	41	s041_F200617	coCe	16	45.0	6	629.308	629.607
629.6080000000001	0.8999999999999773	trials	41	s041_F200617	coCe	16	135.0	6	629.908	630.207
630.2080000000001	0.8999999999999773	trials	41	s041_F200617	grCe_grSu6Ne_PS	18	315.0	6	630.508	630.807
636.484	0.8999999999999773	trials	41	s041_F200617	grCe	1	135.0	6	636.784	637.083
637.6840000000001	0.8999999999999773	trials	41	s041_F200617	grCe_grSu6Ne	7	180.0	6	637.984	638.283
638.284	0.8999999999999773	trials	41	s041_F200617	grCe_grSu6Ne	7	270.0	6	638.584	638.883
638.884	0.8999999999999773	trials	41	s041_F200617	grCe	1	225.0	6	639.184	639.484
645.0930000000001	0.8999999999999773	trials	41	s041_F200617	grCe	1	270.0	6	645.393	645.693
645.6930000000001	0.8999999999999773	trials	41	s041_F200617	grCe_grSu1Ne	3	225.0	6	645.993	646.293
646.301	0.8999999999999773	trials	41	s041_F200617	grCe_grSu6CiNe	15	45.0	6	646.601	646.901
646.902	0.8999999999999773	trials	41	s041_F200617	grCe_grSu12SmCiNe	13	180.0	6	647.202	647.501
647.51	0.8999999999999773	trials	41	s041_F200617	grCe_grSu6CiNe_PS	19	315.0	6	647.81	648.11
657.9200000000001	0.8999999999999773	trials	41	s041_F200617	grCe_grSu6Ne_PS	18	180.0	6	658.22	658.519
659.128	0.8999999999999773	trials	41	s041_F200617	grCe_grSu6CiNe_PS	19	90.0	6	659.428	659.728
660.3280000000001	0.8999999999999773	trials	41	s041_F200617	grCe	1	270.0	4	660.628	660.928
679.423	0.8999999999999773	trials	41	s041_F200617	grCe_grSu6Ne_PS	18	45.0	4	679.723	680.023
680.032	0.8999999999999773	trials	41	s041_F200617	grCe_grSu6CiNe	15	135.0	4	680.332	680.632
680.6320000000001	0.8999999999999773	trials	41	s041_F200617	grCe_grSu3Ne	5	270.0	4	680.932	681.232
681.832	0.8999999999999773	trials	41	s041_F200617	coCe	16	180.0	4	682.132	682.432
688.158	0.8999999999999773	trials	41	s041_F200617	grCe_grSu6CiNe_PS	19	0.0	4	688.458	688.758
688.758	0.8999999999999773	trials	41	s041_F200617	grCe_grSu1Ne	3	270.0	4	689.058	689.358
689.3580000000001	0.8999999999999773	trials	41	s041_F200617	grCe_grSu12SmCiNe	13	270.0	4	689.658	689.958
689.9580000000001	0.8999999999999773	trials	41	s041_F200617	grCe	1	135.0	4	690.258	690.558
690.558	0.8999999999999773	trials	41	s041_F200617	grCe_grSu1Ne	3	315.0	4	690.858	691.158
696.7090000000001	0.8999999999999773	trials	41	s041_F200617	grCe_grSu6CiNe	15	0.0	4	697.009	697.309
698.543	0.8999999999999773	trials	41	s041_F200617	grCe_grSu12SmCiNe	13	45.0	4	698.843	699.142
699.143	0.8999999999999773	trials	41	s041_F200617	grCe	1	225.0	4	699.443	699.742
705.4680000000001	0.8999999999999773	trials	41	s041_F200617	grCe_grSu6Ne	7	270.0	4	705.768	706.068
706.11	0.8999999999999773	trials	41	s041_F200617	grCe_grSu1Ne	3	135.0	4	706.41	706.71
706.71	0.8999999999999773	trials	41	s041_F200617	coCe	16	315.0	4	707.01	707.31
707.3100000000001	0.8999999999999773	trials	41	s041_F200617	grSu6CiNe	14		4	707.61	707.91
720.2700000000001	0.8999999999999773	trials	41	s041_F200617	grCe_grSu6Ne	7	90.0	4	720.57	720.87
720.87	0.8999999999999773	trials	41	s041_F200617	grSu3Ne	4		4	721.17	721.47
721.4870000000001	0.8999999999999773	trials	41	s041_F200617	grCe_grSu12SmCiNe	13	135.0	4	721.787	722.087
722.087	0.8999999999999773	trials	41	s041_F200617	grCe_grSu3Ne	5	45.0	4	722.387	722.687
722.687	0.8999999999999773	trials	41	s041_F200617	grCe_grSu6CiNe_PS	19	180.0	4	722.987	723.287
729.605	0.8999999999999773	trials	41	s041_F200617	coCe	16	90.0	4	729.905	730.205
730.205	0.8999999999999773	trials	41	s041_F200617	grCe	1	90.0	4	730.505	730.805
734.489	0.8999999999999773	trials	41	s041_F200617	grCe_grSu6Ne_PS	18	90.0	4	734.789	735.089
735.6890000000001	0.8999999999999773	trials	41	s041_F200617	grSu1Ne	2		4	735.989	736.289
736.2890000000001	0.8999999999999773	trials	41	s041_F200617	grCe_grSu12SmCiNe_PS	21	90.0	4	736.589	736.889
736.889	0.8999999999999773	trials	41	s041_F200617	grCe_grSu12SmCiNe_PS	21	0.0	4	737.189	737.489
743.332	0.8999999999999773	trials	41	s041_F200617	grCe_grSu6CiNe	15	45.0	4	743.632	743.931
745.1320000000001	0.8999999999999773	trials	41	s041_F200617	grCe	1	180.0	4	745.432	745.732
745.74	0.8999999999999773	trials	41	s041_F200617	grSu12Mi	8		4	746.04	746.34
755.5500000000001	0.8999999999999773	trials	41	s041_F200617	grCe_grSu12SmCiNe	13	225.0	4	755.85	756.15
756.808	0.8999999999999773	trials	41	s041_F200617	grCe_grSu6CiNe_PS	19	225.0	4	757.108	757.408
757.409	0.8999999999999773	trials	41	s041_F200617	grCe_grSu6CiNe	15	225.0	4	757.709	758.008
758.009	0.8999999999999773	trials	41	s041_F200617	grCe_grSu12SmCiNe_PS	21	270.0	4	758.309	758.608
764.201	0.8999999999999773	trials	41	s041_F200617	grCe_grSu18Fa	11	0.0	4	764.501	764.801
765.418	0.8999999999999773	trials	41	s041_F200617	grCe_grSu18Fa	11	270.0	4	765.718	766.018
766.018	0.8999999999999773	trials	41	s041_F200617	grCe_grSu6Ne_PS	18	270.0	4	766.318	766.618
773.452	0.8999999999999773	trials	41	s041_F200617	coCe_grSu6Ne	17	180.0	4	773.752	774.052
774.052	0.8999999999999773	trials	41	s041_F200617	grCe_grSu6CiNe_PS	19	270.0	4	774.352	774.652
775.2520000000001	0.8999999999999773	trials	41	s041_F200617	grCe_grSu6Ne	7	315.0	4	775.552	775.852
782.4530000000001	0.8999999999999773	trials	41	s041_F200617	grCe_grSu12Mi	9	135.0	4	782.753	783.053
783.07	0.8999999999999773	trials	41	s041_F200617	grCe_grSu6Ne_PS	18	225.0	4	783.37	783.67
786.787	0.8999999999999773	trials	41	s041_F200617	grCe_grSu1Ne	3	180.0	4	787.087	787.387
787.3870000000001	0.8999999999999773	trials	41	s041_F200617	grCe_grSu12SmCiNe_PS	21	225.0	4	787.687	787.987
787.9870000000001	0.8999999999999773	trials	41	s041_F200617	grCe_grSu6Ne	7	225.0	4	788.287	788.587
789.196	0.8999999999999773	trials	41	s041_F200617	grCe_grSu18Fa	11	135.0	4	789.496	789.796
795.363	0.8999999999999773	trials	41	s041_F200617	coCe_grSu6Ne	17	90.0	4	795.663	795.963
796.764	0.8999999999999773	trials	41	s041_F200617	grCe_grSu12Mi	9	225.0	4	797.064	797.363
801.673	0.8999999999999773	trials	41	s041_F200617	grCe_grSu3Ne	5	180.0	4	801.973	802.272
802.464	0.8999999999999773	trials	41	s041_F200617	coCe_grSu6Ne	17	0.0	4	802.764	803.064
803.0640000000001	0.8999999999999773	trials	41	s041_F200617	coCe_grSu6Ne	17	315.0	4	803.364	803.664
803.673	0.8999999999999773	trials	41	s041_F200617	grCe_grSu18Fa	11	45.0	4	803.973	804.272
809.724	0.8999999999999773	trials	41	s041_F200617	coCe	16	135.0	4	810.024	810.323
813.8240000000001	0.8999999999999773	trials	41	s041_F200617	grCe_grSu6CiNe	15	90.0	4	814.124	814.424
814.4240000000001	0.8999999999999773	trials	41	s041_F200617	grCe	1	45.0	4	814.724	815.024
815.024	0.8999999999999773	trials	41	s041_F200617	coCe	16	45.0	4	815.324	815.624
815.624	0.8999999999999773	trials	41	s041_F200617	grCe_grSu3Ne	5	0.0	4	815.924	816.224
823.042	0.8999999999999773	trials	41	s041_F200617	grCe_grSu6CiNe	15	315.0	4	823.342	823.642
823.6500000000001	0.8999999999999773	trials	41	s041_F200617	grCe_grSu12SmCiNe	13	315.0	4	823.95	824.25
824.25	0.8999999999999773	trials	41	s041_F200617	grCe_grSu6CiNe_PS	19	90.0	4	824.55	824.85
824.851	0.8999999999999773	trials	41	s041_F200617	grCe_grSu1Ne	3	0.0	4	825.151	825.45
829.5840000000001	0.8999999999999773	trials	41	s041_F200617	coCe	16	270.0	4	829.884	830.184
830.335	0.8999999999999773	trials	41	s041_F200617	grCe_grSu12SmCiNe_PS	21	135.0	4	830.635	830.934
830.9350000000001	0.8999999999999773	trials	41	s041_F200617	grCe_grSu6CiNe_PS	19	135.0	4	831.235	831.534
831.5350000000001	0.8999999999999773	trials	41	s041_F200617	grCe_grSu6Ne	7	135.0	4	831.835	832.134
846.8870000000001	0.8999999999999773	trials	41	s041_F200617	grSu6Ne	6		4	847.187	847.486
847.4870000000001	0.8999999999999773	trials	41	s041_F200617	grCe_grSu6Ne	7	45.0	4	847.787	848.086
848.087	0.8999999999999773	trials	41	s041_F200617	grCe	1	0.0	4	848.387	848.687
848.729	0.8999999999999773	trials	41	s041_F200617	coCe_grSu6Ne	17	135.0	4	849.029	849.328
849.3290000000001	0.8999999999999773	trials	41	s041_F200617	coCe_grSu6Ne	17	270.0	4	849.629	849.928
855.4630000000001	0.8999999999999773	trials	41	s041_F200617	grCe_grSu6CiNe	15	180.0	4	855.763	856.063
856.071	0.8999999999999773	trials	41	s041_F200617	grCe_grSu18Fa	11	225.0	4	856.371	856.671
856.705	0.8999999999999773	trials	41	s041_F200617	grCe_grSu6CiNe	15	270.0	4	857.005	857.304
857.3130000000001	0.8999999999999773	trials	41	s041_F200617	grCe_grSu18Fa	11	180.0	4	857.613	857.913
857.913	0.8999999999999773	trials	41	s041_F200617	coSu6Ne	20		4	858.213	858.513
864.1890000000001	0.8999999999999773	trials	41	s041_F200617	grCe_grSu3Ne	5	90.0	4	864.489	864.789
864.7890000000001	0.8999999999999773	trials	41	s041_F200617	grCe_grSu3Ne	5	135.0	4	865.089	865.389
865.397	0.8999999999999773	trials	41	s041_F200617	grCe_grSu18Fa	11	90.0	4	865.697	865.997
866.1560000000001	0.8999999999999773	trials	41	s041_F200617	grCe_grSu6Ne_PS	18	180.0	4	866.456	866.756
866.764	0.8999999999999773	trials	41	s041_F200617	grCe_grSu12Mi	9	0.0	4	867.064	867.364
878.207	0.8999999999999773	trials	41	s041_F200617	grCe_grSu12SmCiNe	13	90.0	4	878.507	878.807
878.808	0.8999999999999773	trials	41	s041_F200617	grCe_grSu12SmCiNe	13	180.0	4	879.108	879.407
879.408	0.8999999999999773	trials	41	s041_F200617	grCe_grSu1Ne	3	225.0	4	879.708	880.007
880.0160000000001	0.8999999999999773	trials	41	s041_F200617	grSu18Fa	10		4	880.316	880.616
912.904	0.8999999999999773	trials	41	s041_F200617	grCe_grSu6Ne	7	180.0	4	913.204	913.503
914.712	0.8999999999999773	trials	41	s041_F200617	grCe_grSu12Mi	9	45.0	4	915.012	915.312
915.321	0.8999999999999773	trials	41	s041_F200617	grCe_grSu12Mi	9	315.0	4	915.621	915.92
921.721	0.8999999999999773	trials	41	s041_F200617	grCe_grSu18Fa	11	315.0	4	922.021	922.321
925.7890000000001	0.8999999999999773	trials	41	s041_F200617	coCe_grSu6Ne	17	45.0	4	926.089	926.388
926.389	0.8999999999999773	trials	41	s041_F200617	coCe	16	0.0	4	926.689	926.988
926.989	0.8999999999999773	trials	41	s041_F200617	grCe_grSu3Ne	5	315.0	4	927.289	927.588
927.589	0.8999999999999773	trials	41	s041_F200617	coCe_grSu6Ne	17	225.0	4	927.889	928.188
928.1890000000001	0.8999999999999773	trials	41	s041_F200617	grCe_grSu6Ne_PS	18	135.0	4	928.489	928.789
935.106	0.8999999999999773	trials	41	s041_F200617	coCe	16	225.0	4	935.406	935.706
935.74	0.8999999999999773	trials	41	s041_F200617	grCe_grSu6Ne_PS	18	0.0	4	936.04	936.34
936.34	0.8999999999999773	trials	41	s041_F200617	grCe_grSu12SmCiNe	13	0.0	4	936.64	936.94
936.9820000000001	0.8999999999999773	trials	41	s041_F200617	grCe_grSu3Ne	5	225.0	4	937.282	937.581
952.767	0.8999999999999773	trials	41	s041_F200617	grCe_grSu12SmCiNe_PS	21	315.0	4	953.067	953.367
953.3670000000001	0.8999999999999773	trials	41	s041_F200617	grSu12SmCiNe	12		4	953.667	953.967
953.9670000000001	0.8999999999999773	trials	41	s041_F200617	grCe_grSu6Ne	7	0.0	4	954.267	954.567
954.567	0.8999999999999773	trials	41	s041_F200617	grCe_grSu12SmCiNe_PS	21	180.0	4	954.867	955.167
955.176	0.8999999999999773	trials	41	s041_F200617	grCe_grSu12Mi	9	180.0	4	955.476	955.775
987.0630000000001	0.8999999999999773	trials	41	s041_F200617	grCe_grSu1Ne	3	45.0	4	987.363	987.663
996.248	0.8999999999999773	trials	41	s041_F200617	grCe_grSu1Ne	3	90.0	4	996.548	996.847
996.8480000000001	0.8999999999999773	trials	41	s041_F200617	grCe_grSu6Ne_PS	18	315.0	4	997.148	997.447
997.4480000000001	0.8999999999999773	trials	41	s041_F200617	NoStim	0		4	997.748	998.048
998.048	0.8999999999999773	trials	41	s041_F200617	grCe_grSu6CiNe_PS	19	315.0	4	998.348	998.648
998.6560000000001	0.8999999999999773	trials	41	s041_F200617	grCe_grSu12Mi	9	90.0	4	998.956	999.256
1005.591	0.8999999999999773	trials	41	s041_F200617	grCe_grSu6CiNe_PS	19	45.0	4	1005.891	1006.19
1006.191	0.8999999999999773	trials	41	s041_F200617	grCe_grSu12SmCiNe_PS	21	45.0	4	1006.491	1006.79
1006.791	0.8999999999999773	trials	41	s041_F200617	grCe	1	315.0	4	1007.091	1007.39
1007.399	0.8999999999999773	trials	41	s041_F200617	grCe_grSu12Mi	9	270.0	4	1007.699	1007.999
1017.1500000000001	0.8999999999999773	trials	41	s041_F200617	grCe_grSu12SmCiNe_PS	21	135.0	1	1017.45	1017.75
1017.75	0.8999999999999773	trials	41	s041_F200617	coCe_grSu6Ne	17	315.0	1	1018.05	1018.35
1018.351	0.8999999999999773	trials	41	s041_F200617	grCe_grSu1Ne	3	135.0	1	1018.651	1018.95
1018.9590000000001	0.8999999999999773	trials	41	s041_F200617	grCe_grSu1Ne	3	0.0	1	1019.259	1019.559
1019.5590000000001	0.8999999999999773	trials	41	s041_F200617	coCe_grSu6Ne	17	45.0	1	1019.859	1020.159
1025.826	0.8999999999998636	trials	41	s041_F200617	grCe_grSu6CiNe	15	180.0	1	1026.126	1026.426
1027.027	0.8999999999998636	trials	41	s041_F200617	coCe_grSu6Ne	17	135.0	1	1027.327	1027.626
1027.627	0.8999999999998636	trials	41	s041_F200617	grCe_grSu6CiNe	15	315.0	1	1027.927	1028.226
1028.227	0.8999999999998636	trials	41	s041_F200617	coCe_grSu6Ne	17	270.0	1	1028.527	1028.826
1039.278	0.8999999999998636	trials	41	s041_F200617	grCe_grSu12Mi	9	90.0	1	1039.578	1039.878
1039.8780000000002	0.8999999999998636	trials	41	s041_F200617	NoStim	0		1	1040.178	1040.478
1040.478	0.8999999999998636	trials	41	s041_F200617	coCe_grSu6Ne	17	0.0	1	1040.778	1041.078
1041.087	0.8999999999998636	trials	41	s041_F200617	grSu18Fa	10		1	1041.387	1041.686
1048.554	0.8999999999998636	trials	41	s041_F200617	grCe_grSu12SmCiNe	13	90.0	1	1048.854	1049.154
1049.155	0.8999999999998636	trials	41	s041_F200617	coCe_grSu6Ne	17	180.0	1	1049.455	1049.754
1049.755	0.8999999999998636	trials	41	s041_F200617	grCe_grSu3Ne	5	45.0	1	1050.055	1050.354
1050.355	0.8999999999998636	trials	41	s041_F200617	grCe_grSu6CiNe_PS	19	45.0	1	1050.655	1050.954
1109.9460000000001	0.8999999999998636	trials	41	s041_F200617	coCe	16	0.0	1	1110.246	1110.545
1110.546	0.8999999999998636	trials	41	s041_F200617	grCe_grSu6Ne	7	135.0	1	1110.846	1111.145
1111.163	0.8999999999998636	trials	41	s041_F200617	grCe_grSu6Ne_PS	18	315.0	1	1111.463	1111.762
1112.396	0.8999999999998636	trials	41	s041_F200617	grCe_grSu3Ne	5	0.0	1	1112.696	1112.996
1118.838	0.8999999999998636	trials	41	s041_F200617	grCe_grSu18Fa	11	45.0	1	1119.138	1119.438
1119.439	0.8999999999998636	trials	41	s041_F200617	grCe_grSu12SmCiNe	13	180.0	1	1119.739	1120.038
1120.055	0.8999999999998636	trials	41	s041_F200617	grCe_grSu6Ne	7	270.0	1	1120.355	1120.655
1120.655	0.8999999999998636	trials	41	s041_F200617	grSu1Ne	2		1	1120.955	1121.255
1121.255	0.8999999999998636	trials	41	s041_F200617	grCe_grSu3Ne	5	315.0	1	1121.555	1121.855
1127.915	0.8999999999998636	trials	41	s041_F200617	grCe_grSu18Fa	11	90.0	1	1128.215	1128.514
1128.515	0.8999999999998636	trials	41	s041_F200617	grCe	1	45.0	1	1128.815	1129.114
1129.123	0.8999999999998636	trials	41	s041_F200617	grCe_grSu12Mi	9	270.0	1	1129.423	1129.723
1130.323	0.8999999999998636	trials	41	s041_F200617	grCe_grSu1Ne	3	315.0	1	1130.623	1130.923
1137.208	0.8999999999998636	trials	41	s041_F200617	grCe_grSu6CiNe	15	90.0	1	1137.508	1137.807
1137.808	0.8999999999998636	trials	41	s041_F200617	grCe_grSu3Ne	5	270.0	1	1138.108	1138.407
1138.416	0.8999999999998636	trials	41	s041_F200617	grCe_grSu12Mi	9	225.0	1	1138.716	1139.016
1139.016	0.8999999999998636	trials	41	s041_F200617	grCe	1	315.0	1	1139.316	1139.616
1145.367	0.8999999999998636	trials	41	s041_F200617	grCe_grSu12SmCiNe_PS	21	90.0	1	1145.667	1145.967
1146.0	0.8999999999998636	trials	41	s041_F200617	grCe_grSu6Ne	7	45.0	1	1146.3	1146.6
1146.6000000000001	0.8999999999998636	trials	41	s041_F200617	grCe_grSu1Ne	3	270.0	1	1146.9	1147.2
1147.842	0.8999999999998636	trials	41	s041_F200617	grCe_grSu12Mi	9	315.0	1	1148.142	1148.442
1154.068	0.8999999999998636	trials	41	s041_F200617	grCe_grSu6Ne_PS	18	270.0	1	1154.368	1154.668
1154.6760000000002	0.8999999999998636	trials	41	s041_F200617	grSu12Mi	8		1	1154.976	1155.276
1155.277	0.8999999999998636	trials	41	s041_F200617	grCe_grSu6CiNe	15	45.0	1	1155.577	1155.876
1155.9180000000001	0.8999999999998636	trials	41	s041_F200617	coCe_grSu6Ne	17	225.0	1	1156.218	1156.518
1156.527	0.8999999999998636	trials	41	s041_F200617	grCe_grSu12Mi	9	135.0	1	1156.827	1157.126
1162.778	0.8999999999998636	trials	41	s041_F200617	grCe_grSu6CiNe_PS	19	90.0	1	1163.078	1163.377
1163.386	0.8999999999998636	trials	41	s041_F200617	grCe_grSu18Fa	11	225.0	1	1163.686	1163.986
1163.9940000000001	0.8999999999998636	trials	41	s041_F200617	grCe_grSu12Mi	9	45.0	1	1164.294	1164.594
1164.594	0.8999999999998636	trials	41	s041_F200617	grCe_grSu12SmCiNe	13	315.0	1	1164.894	1165.194
1165.211	0.8999999999998636	trials	41	s041_F200617	grCe_grSu6Ne_PS	18	180.0	1	1165.511	1165.811
1181.18	0.8999999999998636	trials	41	s041_F200617	grCe_grSu6CiNe_PS	19	315.0	1	1181.48	1181.78
1182.422	0.8999999999998636	trials	41	s041_F200617	grCe_grSu12SmCiNe	13	135.0	1	1182.722	1183.021
1183.022	0.8999999999998636	trials	41	s041_F200617	grCe	1	225.0	1	1183.322	1183.621
1183.63	0.8999999999998636	trials	41	s041_F200617	grCe_grSu3Ne	5	90.0	1	1183.93	1184.23
1191.2060000000001	0.8999999999998636	trials	41	s041_F200617	grCe_grSu12SmCiNe_PS	21	0.0	1	1191.506	1191.806
1191.8400000000001	0.8999999999998636	trials	41	s041_F200617	grCe_grSu18Fa	11	0.0	1	1192.14	1192.439
1192.473	0.8999999999998636	trials	41	s041_F200617	grCe_grSu18Fa	11	315.0	1	1192.773	1193.073
1198.665	0.8999999999998636	trials	41	s041_F200617	grCe_grSu12SmCiNe_PS	21	45.0	1	1198.965	1199.265
1202.566	0.8999999999998636	trials	41	s041_F200617	grSu6CiNe	14		1	1202.866	1203.166
1209.4170000000001	0.8999999999998636	trials	41	s041_F200617	grCe_grSu6Ne	7	180.0	1	1209.717	1210.017
1210.617	0.8999999999998636	trials	41	s041_F200617	grCe_grSu6CiNe	15	225.0	1	1210.917	1211.217
1211.217	0.8999999999998636	trials	41	s041_F200617	grCe_grSu6Ne_PS	18	135.0	1	1211.517	1211.817
1217.935	0.8999999999998636	trials	41	s041_F200617	coCe	16	180.0	1	1218.235	1218.534
1218.568	0.8999999999998636	trials	41	s041_F200617	coCe_grSu6Ne	17	90.0	1	1218.868	1219.168
1219.768	0.8999999999998636	trials	41	s041_F200617	grCe	1	180.0	1	1220.068	1220.368
1220.41	0.8999999999998636	trials	41	s041_F200617	grCe_grSu18Fa	11	180.0	1	1220.71	1221.01
1226.569	0.8999999999998636	trials	41	s041_F200617	grCe_grSu3Ne	5	135.0	1	1226.869	1227.169
1227.769	0.8999999999998636	trials	41	s041_F200617	grCe_grSu6CiNe_PS	19	270.0	1	1228.069	1228.369
1229.011	0.8999999999998636	trials	41	s041_F200617	grCe_grSu12SmCiNe	13	225.0	1	1229.311	1229.611
1236.8700000000001	0.8999999999998636	trials	41	s041_F200617	grSu3Ne	4		1	1237.17	1237.47
1248.914	0.8999999999998636	trials	41	s041_F200617	grCe_grSu12SmCiNe_PS	21	180.0	1	1249.214	1249.513
1250.122	0.8999999999998636	trials	41	s041_F200617	grCe_grSu12Mi	9	180.0	1	1250.422	1250.722
1257.8980000000001	0.8999999999998636	trials	41	s041_F200617	grCe_grSu6CiNe_PS	19	180.0	1	1258.198	1258.498
1258.498	0.8999999999998636	trials	41	s041_F200617	grCe_grSu12SmCiNe	13	45.0	1	1258.798	1259.098
1259.198	0.8999999999998636	trials	41	s041_F200617	grCe_grSu6Ne	7	90.0	1	1259.498	1259.798
1259.798	0.8999999999998636	trials	41	s041_F200617	grCe_grSu6Ne_PS	18	0.0	1	1260.098	1260.398
1260.3980000000001	0.8999999999998636	trials	41	s041_F200617	grCe	1	135.0	1	1260.698	1260.998
1266.583	0.8999999999998636	trials	41	s041_F200617	grCe	1	0.0	1	1266.883	1267.182
1267.183	0.8999999999998636	trials	41	s041_F200617	grSu12SmCiNe	12		1	1267.483	1267.782
1267.7830000000001	0.8999999999998636	trials	41	s041_F200617	grCe_grSu6Ne	7	0.0	1	1268.083	1268.382
1268.383	0.8999999999998636	trials	41	s041_F200617	grCe_grSu6Ne_PS	18	45.0	1	1268.683	1268.982
1268.983	0.8999999999998636	trials	41	s041_F200617	grSu6Ne	6		1	1269.283	1269.583
1280.468	0.8999999999998636	trials	41	s041_F200617	grCe_grSu6CiNe_PS	19	135.0	1	1280.768	1281.067
1281.068	0.8999999999998636	trials	41	s041_F200617	coCe	16	270.0	1	1281.368	1281.667
1281.6680000000001	0.8999999999998636	trials	41	s041_F200617	coSu6Ne	20		1	1281.968	1282.268
1293.4940000000001	0.8999999999998636	trials	41	s041_F200617	grCe_grSu6CiNe	15	135.0	1	1293.794	1294.094
1304.346	0.8999999999998636	trials	41	s041_F200617	grCe_grSu1Ne	3	90.0	1	1304.646	1304.945
1304.9460000000001	0.8999999999998636	trials	41	s041_F200617	grCe	1	90.0	1	1305.246	1305.546
1306.146	0.8999999999998636	trials	41	s041_F200617	coCe	16	225.0	1	1306.446	1306.746
1306.746	0.8999999999998636	trials	41	s041_F200617	coCe	16	45.0	1	1307.046	1307.346
1314.755	0.8999999999998636	trials	41	s041_F200617	grCe_grSu12SmCiNe	13	270.0	1	1315.055	1315.355
1315.356	0.8999999999998636	trials	41	s041_F200617	grCe_grSu6CiNe_PS	19	225.0	1	1315.656	1315.955
1315.9560000000001	0.8999999999998636	trials	41	s041_F200617	grCe_grSu6CiNe	15	270.0	1	1316.256	1316.555
1316.564	0.8999999999998636	trials	41	s041_F200617	grCe_grSu12SmCiNe	13	0.0	1	1316.864	1317.164
1323.14	0.8999999999998636	trials	41	s041_F200617	grCe_grSu3Ne	5	225.0	1	1323.44	1323.74
1323.748	0.8999999999998636	trials	41	s041_F200617	grCe_grSu12Mi	9	0.0	1	1324.048	1324.348
1324.348	0.8999999999998636	trials	41	s041_F200617	grCe_grSu12SmCiNe_PS	21	315.0	1	1324.648	1324.948
1324.948	0.8999999999998636	trials	41	s041_F200617	grCe_grSu6Ne	7	225.0	1	1325.248	1325.548
1325.549	0.8999999999998636	trials	41	s041_F200617	grCe_grSu6Ne_PS	18	90.0	1	1325.849	1326.148
1337.625	0.8999999999998636	trials	41	s041_F200617	grCe_grSu6CiNe	15	0.0	1	1337.925	1338.225
1338.233	0.8999999999998636	trials	41	s041_F200617	grCe_grSu18Fa	11	135.0	1	1338.533	1338.833
1338.842	0.8999999999998636	trials	41	s041_F200617	grCe_grSu18Fa	11	270.0	1	1339.142	1339.442
1347.343	0.8999999999998636	trials	41	s041_F200617	grCe_grSu1Ne	3	180.0	1	1347.643	1347.943
1347.976	0.8999999999998636	trials	41	s041_F200617	grCe_grSu1Ne	3	225.0	1	1348.276	1348.576
1348.601	0.8999999999998636	trials	41	s041_F200617	grCe_grSu1Ne	3	45.0	1	1348.901	1349.201
1349.8020000000001	0.8999999999998636	trials	41	s041_F200617	grCe_grSu3Ne	5	180.0	1	1350.102	1350.401
1357.4360000000001	0.8999999999998636	trials	41	s041_F200617	grCe	1	270.0	1	1357.736	1358.036
1358.036	0.8999999999998636	trials	41	s041_F200617	grCe_grSu12SmCiNe_PS	21	270.0	1	1358.336	1358.636
1358.644	0.8999999999998636	trials	41	s041_F200617	coCe	16	315.0	1	1358.944	1359.244
1359.261	0.8999999999998636	trials	41	s041_F200617	coCe	16	90.0	1	1359.561	1359.861
1359.8780000000002	0.8999999999998636	trials	41	s041_F200617	grCe_grSu6Ne	7	315.0	1	1360.178	1360.478
1366.045	0.8999999999998636	trials	41	s041_F200617	grCe_grSu6Ne_PS	18	225.0	1	1366.345	1366.645
1379.0140000000001	0.8999999999998636	trials	41	s041_F200617	coCe	16	135.0	1	1379.314	1379.613
1379.614	0.8999999999998636	trials	41	s041_F200617	grCe_grSu6CiNe_PS	19	0.0	1	1379.914	1380.214
1380.814	0.8999999999998636	trials	41	s041_F200617	grCe_grSu12SmCiNe_PS	21	225.0	1	1381.114	1381.414
1388.1480000000001	0.8999999999998636	trials	41	s041_F200617	grCe_grSu12SmCiNe_PS	21	225.0	7	1388.448	1388.748
1388.748	0.8999999999998636	trials	41	s041_F200617	grCe	1	135.0	7	1389.048	1389.348
1389.948	0.8999999999998636	trials	41	s041_F200617	grCe_grSu6Ne_PS	18	180.0	7	1390.248	1390.548
1396.083	0.8999999999998636	trials	41	s041_F200617	grCe_grSu6Ne_PS	18	270.0	7	1396.383	1396.682
1396.683	0.8999999999998636	trials	41	s041_F200617	grCe_grSu1Ne	3	90.0	7	1396.983	1397.282
1397.2830000000001	0.8999999999998636	trials	41	s041_F200617	coCe_grSu6Ne	17	180.0	7	1397.583	1397.882
1397.883	0.8999999999998636	trials	41	s041_F200617	grCe_grSu6CiNe_PS	19	180.0	7	1398.183	1398.483
1398.483	0.8999999999998636	trials	41	s041_F200617	grSu6CiNe	14		7	1398.783	1399.083
1404.8	0.8999999999998636	trials	41	s041_F200617	grCe_grSu6CiNe_PS	19	0.0	7	1405.1	1405.4
1405.4	0.8999999999998636	trials	41	s041_F200617	grCe_grSu12SmCiNe	13	135.0	7	1405.7	1406.0
1410.093	0.8999999999998636	trials	41	s041_F200617	grCe	1	90.0	7	1410.393	1410.692
1415.527	0.8999999999998636	trials	41	s041_F200617	grCe_grSu6Ne	7	315.0	7	1415.827	1416.126
1416.135	0.8999999999998636	trials	41	s041_F200617	grCe_grSu18Fa	11	45.0	7	1416.435	1416.735
1416.76	0.8999999999998636	trials	41	s041_F200617	grCe_grSu3Ne	5	0.0	7	1417.06	1417.36
1433.3210000000001	0.8999999999998636	trials	41	s041_F200617	coSu6Ne	20		7	1433.621	1433.92
1433.929	0.8999999999998636	trials	41	s041_F200617	grCe_grSu12Mi	9	0.0	7	1434.229	1434.529
1434.529	0.8999999999998636	trials	41	s041_F200617	grCe_grSu12SmCiNe_PS	21	315.0	7	1434.829	1435.129
1435.1290000000001	0.8999999999998636	trials	41	s041_F200617	coCe_grSu6Ne	17	225.0	7	1435.429	1435.729
1441.297	0.8999999999998636	trials	41	s041_F200617	grCe_grSu6CiNe	15	90.0	7	1441.597	1441.896
1441.897	0.8999999999998636	trials	41	s041_F200617	grCe_grSu6CiNe	15	225.0	7	1442.197	1442.497
1442.539	0.8999999999998636	trials	41	s041_F200617	coCe	16	225.0	7	1442.839	1443.138
1443.1390000000001	0.8999999999998636	trials	41	s041_F200617	grCe_grSu6Ne	7	180.0	7	1443.439	1443.738
1450.2060000000001	0.8999999999998636	trials	41	s041_F200617	grCe	1	180.0	7	1450.506	1450.806
1450.806	0.8999999999998636	trials	41	s041_F200617	grCe_grSu12SmCiNe_PS	21	0.0	7	1451.106	1451.406
1451.406	0.8999999999998636	trials	41	s041_F200617	grSu12Mi	8		7	1451.706	1452.006
1452.007	0.8999999999998636	trials	41	s041_F200617	coCe_grSu6Ne	17	90.0	7	1452.307	1452.606
1452.607	0.8999999999998636	trials	41	s041_F200617	grCe_grSu12SmCiNe_PS	21	135.0	7	1452.907	1453.206
1458.741	0.8999999999998636	trials	41	s041_F200617	grCe	1	225.0	7	1459.041	1459.34
1462.708	0.8999999999998636	trials	41	s041_F200617	coCe	16	135.0	7	1463.008	1463.308
1463.308	0.8999999999998636	trials	41	s041_F200617	coCe_grSu6Ne	17	45.0	7	1463.608	1463.908
1463.916	0.8999999999998636	trials	41	s041_F200617	grCe	1	270.0	7	1464.216	1464.516
1464.516	0.8999999999998636	trials	41	s041_F200617	grCe_grSu12SmCiNe_PS	21	45.0	7	1464.816	1465.116
1468.967	0.8999999999998636	trials	41	s041_F200617	grSu6Ne	6		7	1469.267	1469.567
1469.584	0.8999999999998636	trials	41	s041_F200617	grCe_grSu6Ne_PS	18	135.0	7	1469.884	1470.183
1470.784	0.8999999999998636	trials	41	s041_F200617	grCe_grSu1Ne	3	315.0	7	1471.084	1471.384
1478.26	0.8999999999998636	trials	41	s041_F200617	grCe_grSu6CiNe_PS	19	270.0	7	1478.56	1478.86
1478.8600000000001	0.8999999999998636	trials	41	s041_F200617	grCe_grSu6Ne_PS	18	225.0	7	1479.16	1479.46
1480.685	0.8999999999998636	trials	41	s041_F200617	grCe_grSu3Ne	5	90.0	7	1480.985	1481.285
1487.019	0.8999999999998636	trials	41	s041_F200617	grCe_grSu6CiNe_PS	19	45.0	7	1487.319	1487.619
1487.6190000000001	0.8999999999998636	trials	41	s041_F200617	grCe_grSu12SmCiNe	13	45.0	7	1487.919	1488.219
1488.228	0.8999999999998636	trials	41	s041_F200617	grCe_grSu18Fa	11	180.0	7	1488.528	1488.828
1489.4360000000001	0.8999999999998636	trials	41	s041_F200617	grCe_grSu12SmCiNe_PS	21	90.0	7	1489.736	1490.036
1495.72	0.8999999999998636	trials	41	s041_F200617	grCe_grSu18Fa	11	0.0	7	1496.02	1496.32
1496.329	0.8999999999998636	trials	41	s041_F200617	grCe_grSu12Mi	9	315.0	7	1496.629	1496.929
1501.5800000000002	0.8999999999998636	trials	41	s041_F200617	grCe_grSu12Mi	9	45.0	7	1501.88	1502.179
1502.18	0.8999999999998636	trials	41	s041_F200617	grCe	1	0.0	7	1502.48	1502.779
1502.78	0.8999999999998636	trials	41	s041_F200617	coCe_grSu6Ne	17	270.0	7	1503.08	1503.379
1503.38	0.8999999999998636	trials	41	s041_F200617	coCe	16	270.0	7	1503.68	1503.979
1503.98	0.8999999999998636	trials	41	s041_F200617	grCe_grSu3Ne	5	225.0	7	1504.28	1504.58
1510.847	0.8999999999998636	trials	41	s041_F200617	grCe_grSu12SmCiNe	13	270.0	7	1511.147	1511.447
1511.448	0.8999999999998636	trials	41	s041_F200617	coCe	16	180.0	7	1511.748	1512.047
1512.048	0.8999999999998636	trials	41	s041_F200617	grCe_grSu6Ne_PS	18	45.0	7	1512.348	1512.647
1512.6480000000001	0.8999999999998636	trials	41	s041_F200617	grCe_grSu6Ne_PS	18	0.0	7	1512.948	1513.247
1513.248	0.8999999999998636	trials	41	s041_F200617	grCe_grSu12SmCiNe	13	0.0	7	1513.548	1513.847
1519.499	0.8999999999998636	trials	41	s041_F200617	grCe_grSu6CiNe	15	0.0	7	1519.799	1520.098
1520.107	0.8999999999998636	trials	41	s041_F200617	grCe_grSu18Fa	11	225.0	7	1520.407	1520.707
1520.724	0.8999999999998636	trials	41	s041_F200617	grSu3Ne	4		7	1521.024	1521.323
1521.324	0.8999999999998636	trials	41	s041_F200617	grCe_grSu6Ne_PS	18	315.0	7	1521.624	1521.923
1527.325	0.8999999999998636	trials	41	s041_F200617	grCe_grSu6CiNe_PS	19	135.0	7	1527.625	1527.924
1527.925	0.8999999999998636	trials	41	s041_F200617	coCe	16	0.0	7	1528.225	1528.524
1528.525	0.8999999999998636	trials	41	s041_F200617	grCe_grSu6Ne	7	45.0	7	1528.825	1529.124
1529.133	0.8999999999998636	trials	41	s041_F200617	grCe_grSu12Mi	9	270.0	7	1529.433	1529.733
1536.251	0.8999999999998636	trials	41	s041_F200617	grCe_grSu3Ne	5	315.0	7	1536.551	1536.85
1537.468	0.8999999999998636	trials	41	s041_F200617	coCe	16	315.0	7	1537.768	1538.067
1538.684	0.8999999999998636	trials	41	s041_F200617	grCe_grSu6Ne	7	0.0	7	1538.984	1539.284
1544.8600000000001	0.8999999999998636	trials	41	s041_F200617	grCe_grSu1Ne	3	180.0	7	1545.16	1545.46
1545.469	0.8999999999998636	trials	41	s041_F200617	grCe_grSu12Mi	9	225.0	7	1545.769	1546.068
1546.085	0.8999999999998636	trials	41	s041_F200617	coCe_grSu6Ne	17	0.0	7	1546.385	1546.685
1546.727	0.8999999999998636	trials	41	s041_F200617	grCe_grSu12Mi	9	135.0	7	1547.027	1547.327
1554.5030000000002	0.8999999999998636	trials	41	s041_F200617	grCe_grSu12SmCiNe	13	180.0	7	1554.803	1555.103
1555.103	0.8999999999998636	trials	41	s041_F200617	coCe	16	45.0	7	1555.403	1555.703
1559.6870000000001	0.8999999999998636	trials	41	s041_F200617	grCe_grSu6Ne	7	90.0	7	1559.987	1560.287
1560.287	0.8999999999998636	trials	41	s041_F200617	grCe_grSu6CiNe	15	315.0	7	1560.587	1560.887
1560.887	0.8999999999998636	trials	41	s041_F200617	grCe_grSu12SmCiNe_PS	21	270.0	7	1561.187	1561.487
1562.1290000000001	0.8999999999998636	trials	41	s041_F200617	grCe_grSu1Ne	3	135.0	7	1562.429	1562.729
1568.48	0.8999999999998636	trials	41	s041_F200617	grCe_grSu6CiNe	15	135.0	7	1568.78	1569.08
1569.088	0.8999999999998636	trials	41	s041_F200617	grCe_grSu12Mi	9	180.0	7	1569.388	1569.688
1569.688	0.8999999999998636	trials	41	s041_F200617	grCe_grSu6CiNe_PS	19	225.0	7	1569.988	1570.288
1570.3220000000001	0.8999999999998636	trials	41	s041_F200617	grCe_grSu12SmCiNe	13	225.0	7	1570.622	1570.921
1570.922	0.8999999999998636	trials	41	s041_F200617	coCe_grSu6Ne	17	135.0	7	1571.222	1571.522
1577.464	0.8999999999998636	trials	41	s041_F200617	grCe_grSu18Fa	11	270.0	7	1577.764	1578.064
1578.073	0.8999999999998636	trials	41	s041_F200617	grCe_grSu12Mi	9	90.0	7	1578.373	1578.672
1578.7060000000001	0.8999999999998636	trials	41	s041_F200617	NoStim	0		7	1579.006	1579.306
1579.323	0.8999999999998636	trials	41	s041_F200617	coCe_grSu6Ne	17	315.0	7	1579.623	1579.923
1579.923	0.8999999999998636	trials	41	s041_F200617	grCe_grSu12SmCiNe	13	315.0	7	1580.223	1580.523
1586.174	0.8999999999998636	trials	41	s041_F200617	grCe_grSu6CiNe	15	270.0	7	1586.474	1586.774
1586.7740000000001	0.8999999999998636	trials	41	s041_F200617	grCe	1	315.0	7	1587.074	1587.374
1587.382	0.8999999999998636	trials	41	s041_F200617	grCe_grSu18Fa	11	315.0	7	1587.682	1587.982
1587.982	0.8999999999998636	trials	41	s041_F200617	grCe_grSu1Ne	3	270.0	7	1588.282	1588.582
1588.749	0.8999999999998636	trials	41	s041_F200617	grCe_grSu6Ne	7	135.0	7	1589.049	1589.349
1595.717	0.8999999999998636	trials	41	s041_F200617	grSu18Fa	10		7	1596.017	1596.316
1596.358	0.8999999999998636	trials	41	s041_F200617	grCe_grSu3Ne	5	135.0	7	1596.658	1596.958
1596.959	0.8999999999998636	trials	41	s041_F200617	grCe_grSu3Ne	5	180.0	7	1597.259	1597.558
1598.1670000000001	0.8999999999998636	trials	41	s041_F200617	grCe_grSu18Fa	11	90.0	7	1598.467	1598.767
1605.368	0.8999999999998636	trials	41	s041_F200617	grCe_grSu6CiNe_PS	19	90.0	7	1605.668	1605.968
1605.968	0.8999999999998636	trials	41	s041_F200617	grCe_grSu6Ne	7	225.0	7	1606.268	1606.568
1606.568	0.8999999999998636	trials	41	s041_F200617	grCe_grSu6CiNe_PS	19	315.0	7	1606.868	1607.168
1611.7350000000001	0.8999999999998636	trials	41	s041_F200617	grCe_grSu1Ne	3	225.0	7	1612.035	1612.335
1612.336	0.8999999999998636	trials	41	s041_F200617	grCe_grSu12SmCiNe_PS	21	180.0	7	1612.636	1612.935
1612.9360000000001	0.8999999999998636	trials	41	s041_F200617	grCe_grSu1Ne	3	45.0	7	1613.236	1613.535
1628.054	0.8999999999998636	trials	41	s041_F200617	coCe	16	90.0	7	1628.354	1628.654
1628.654	0.8999999999998636	trials	41	s041_F200617	grCe_grSu1Ne	3	0.0	7	1628.954	1629.254
1629.2630000000001	0.8999999999998636	trials	41	s041_F200617	grCe_grSu6CiNe	15	180.0	7	1629.563	1629.862
1629.863	0.8999999999998636	trials	41	s041_F200617	grCe_grSu12SmCiNe	13	90.0	7	1630.163	1630.462
1634.563	0.8999999999998636	trials	41	s041_F200617	grCe_grSu6Ne_PS	18	90.0	7	1634.863	1635.163
1635.188	0.8999999999998636	trials	41	s041_F200617	grCe_grSu3Ne	5	45.0	7	1635.488	1635.788
1645.582	0.8999999999998636	trials	41	s041_F200617	grCe_grSu18Fa	11	135.0	7	1645.882	1646.181
1646.182	0.8999999999998636	trials	41	s041_F200617	grCe_grSu6CiNe	15	45.0	7	1646.482	1646.781
1646.7820000000002	0.8999999999998636	trials	41	s041_F200617	grSu12SmCiNe	12		7	1647.082	1647.381
1647.382	0.8999999999998636	trials	41	s041_F200617	grCe_grSu3Ne	5	270.0	7	1647.682	1647.981
1657.25	0.8999999999998636	trials	41	s041_F200617	grCe	1	45.0	7	1657.55	1657.849
1657.875	0.8999999999998636	trials	41	s041_F200617	grSu1Ne	2		7	1658.175	1658.474
1658.4750000000001	0.8999999999998636	trials	41	s041_F200617	grCe_grSu6Ne	7	270.0	7	1658.775	1659.075
1659.075	0.8999999999998636	trials	41	s041_F200617	grCe_grSu6Ne	7	90.0	5	1659.375	1659.675
1674.919	0.8999999999998636	trials	41	s041_F200617	grSu3Ne	4		5	1675.219	1675.518
1675.519	0.8999999999998636	trials	41	s041_F200617	grCe_grSu6Ne_PS	18	135.0	5	1675.819	1676.118
1699.747	0.8999999999998636	trials	41	s041_F200617	grCe_grSu12SmCiNe	13	315.0	5	1700.047	1700.347
1700.372	0.8999999999998636	trials	41	s041_F200617	grSu1Ne	2		5	1700.672	1700.972
1701.055	0.8999999999998636	trials	41	s041_F200617	grSu6Ne	6		5	1701.355	1701.655
1704.714	0.8999999999998636	trials	41	s041_F200617	grCe_grSu1Ne	3	90.0	5	1705.014	1705.314
1705.314	0.8999999999998636	trials	41	s041_F200617	grCe_grSu12SmCiNe_PS	21	0.0	5	1705.614	1705.914
1705.914	0.8999999999998636	trials	41	s041_F200617	grCe_grSu6CiNe	15	315.0	5	1706.214	1706.514
1706.5140000000001	0.8999999999998636	trials	41	s041_F200617	grCe	1	315.0	5	1706.814	1707.114
1707.114	0.8999999999998636	trials	41	s041_F200617	coCe_grSu6Ne	17	315.0	5	1707.414	1707.714
1713.932	0.8999999999998636	trials	41	s041_F200617	grCe_grSu12Mi	9	270.0	5	1714.232	1714.532
1714.565	0.8999999999998636	trials	41	s041_F200617	grCe_grSu6CiNe	15	225.0	5	1714.865	1715.165
1722.266	0.8999999999998636	trials	41	s041_F200617	grCe_grSu18Fa	11	90.0	5	1722.566	1722.866
1722.875	0.8999999999998636	trials	41	s041_F200617	grCe_grSu12Mi	9	315.0	5	1723.175	1723.474
1723.4750000000001	0.8999999999998636	trials	41	s041_F200617	grCe_grSu3Ne	5	180.0	5	1723.775	1724.075
1724.075	0.8999999999998636	trials	41	s041_F200617	grCe_grSu6Ne	7	225.0	5	1724.375	1724.675
1724.675	0.8999999999998636	trials	41	s041_F200617	grCe_grSu6CiNe_PS	19	225.0	5	1724.975	1725.275
1730.876	0.8999999999998636	trials	41	s041_F200617	coCe	16	45.0	5	1731.176	1731.476
1732.084	0.8999999999998636	trials	41	s041_F200617	NoStim	0		5	1732.384	1732.684
1733.284	0.8999999999998636	trials	41	s041_F200617	grCe_grSu6CiNe_PS	19	135.0	5	1733.584	1733.884
1740.252	0.8999999999998636	trials	41	s041_F200617	grCe	1	90.0	5	1740.552	1740.852
1740.8600000000001	0.8999999999998636	trials	41	s041_F200617	grCe_grSu12Mi	9	90.0	5	1741.16	1741.46
1741.4940000000001	0.8999999999998636	trials	41	s041_F200617	grCe_grSu12SmCiNe	13	180.0	5	1741.794	1742.094
1742.269	0.8999999999998636	trials	41	s041_F200617	grCe_grSu6Ne_PS	18	0.0	5	1742.569	1742.869
1749.087	0.8999999999998636	trials	41	s041_F200617	grCe_grSu6Ne_PS	18	225.0	5	1749.387	1749.686
1749.6870000000001	0.8999999999998636	trials	41	s041_F200617	grCe_grSu6CiNe	15	270.0	5	1749.987	1750.286
1750.287	0.8999999999998636	trials	41	s041_F200617	coCe	16	270.0	5	1750.587	1750.886
1754.087	0.8999999999998636	trials	41	s041_F200617	grCe	1	180.0	5	1754.387	1754.687
1754.6870000000001	0.8999999999998636	trials	41	s041_F200617	grCe_grSu3Ne	5	0.0	5	1754.987	1755.287
1759.0040000000001	0.8999999999998636	trials	41	s041_F200617	grCe_grSu3Ne	5	90.0	5	1759.304	1759.604
1759.605	0.8999999999998636	trials	41	s041_F200617	coCe_grSu6Ne	17	270.0	5	1759.905	1760.204
1763.7050000000002	0.8999999999998636	trials	41	s041_F200617	grCe_grSu6CiNe_PS	19	90.0	5	1764.005	1764.305
1764.313	0.8999999999998636	trials	41	s041_F200617	grCe_grSu18Fa	11	45.0	5	1764.613	1764.913
1764.914	0.8999999999998636	trials	41	s041_F200617	grCe	1	225.0	5	1765.214	1765.513
1765.5140000000001	0.8999999999998636	trials	41	s041_F200617	coSu6Ne	20		5	1765.814	1766.113
1766.114	0.8999999999998636	trials	41	s041_F200617	grCe_grSu6CiNe	15	180.0	5	1766.414	1766.713
1772.24	0.8999999999998636	trials	41	s041_F200617	grCe_grSu6Ne	7	45.0	5	1772.54	1772.839
1780.766	0.8999999999998636	trials	41	s041_F200617	grCe_grSu3Ne	5	225.0	5	1781.066	1781.365
1781.366	0.8999999999998636	trials	41	s041_F200617	grCe_grSu3Ne	5	135.0	5	1781.666	1781.965
1781.9660000000001	0.8999999999998636	trials	41	s041_F200617	grSu12SmCiNe	12		5	1782.266	1782.565
1782.583	0.8999999999998636	trials	41	s041_F200617	coCe_grSu6Ne	17	45.0	5	1782.883	1783.182
1786.183	0.8999999999998636	trials	41	s041_F200617	grCe_grSu12SmCiNe_PS	21	270.0	5	1786.483	1786.783
1786.7830000000001	0.8999999999998636	trials	41	s041_F200617	grCe_grSu3Ne	5	315.0	5	1787.083	1787.383
1799.776	0.8999999999998636	trials	41	s041_F200617	grCe_grSu18Fa	11	0.0	5	1800.076	1800.376
1800.376	0.8999999999998636	trials	41	s041_F200617	coCe_grSu6Ne	17	0.0	5	1800.676	1800.976
1801.593	0.8999999999998636	trials	41	s041_F200617	grCe_grSu12SmCiNe_PS	21	45.0	5	1801.893	1802.193
1809.303	0.8999999999998636	trials	41	s041_F200617	grCe_grSu6Ne	7	135.0	5	1809.603	1809.902
1809.903	0.8999999999998636	trials	41	s041_F200617	grCe_grSu6CiNe_PS	19	0.0	5	1810.203	1810.502
1810.5030000000002	0.8999999999998636	trials	41	s041_F200617	coCe	16	180.0	5	1810.803	1811.102
1823.604	0.8999999999998636	trials	41	s041_F200617	grSu6CiNe	14		5	1823.904	1824.204
1824.805	0.8999999999998636	trials	41	s041_F200617	grCe_grSu6CiNe_PS	19	180.0	5	1825.105	1825.404
1828.63	0.8999999999998636	trials	41	s041_F200617	grCe	1	45.0	5	1828.93	1829.23
1829.239	0.8999999999998636	trials	41	s041_F200617	grCe_grSu12Mi	9	45.0	5	1829.539	1829.838
1829.847	0.8999999999998636	trials	41	s041_F200617	grCe_grSu18Fa	11	135.0	5	1830.147	1830.447
1830.4470000000001	0.8999999999998636	trials	41	s041_F200617	grCe_grSu6CiNe_PS	19	315.0	5	1830.747	1831.047
1833.981	0.8999999999998636	trials	41	s041_F200617	grCe_grSu18Fa	11	270.0	5	1834.281	1834.58
1834.5810000000001	0.8999999999998636	trials	41	s041_F200617	grCe_grSu6CiNe	15	45.0	5	1834.881	1835.181
1838.848	0.8999999999998636	trials	41	s041_F200617	grCe_grSu6Ne_PS	18	180.0	5	1839.148	1839.448
1840.073	0.8999999999998636	trials	41	s041_F200617	grCe_grSu1Ne	3	270.0	5	1840.373	1840.673
1840.673	0.8999999999998636	trials	41	s041_F200617	grCe_grSu6CiNe	15	90.0	5	1840.973	1841.273
1841.2730000000001	0.8999999999998636	trials	41	s041_F200617	grCe_grSu1Ne	3	45.0	5	1841.573	1841.873
1849.891	0.8999999999998636	trials	41	s041_F200617	grCe_grSu6CiNe_PS	19	45.0	5	1850.191	1850.491
1850.491	0.8999999999998636	trials	41	s041_F200617	grCe_grSu12SmCiNe	13	270.0	5	1850.791	1851.091
1851.125	0.8999999999998636	trials	41	s041_F200617	grSu18Fa	10		5	1851.425	1851.724
1851.7250000000001	0.8999999999998636	trials	41	s041_F200617	coCe	16	0.0	5	1852.025	1852.324
1857.809	0.8999999999998636	trials	41	s041_F200617	grCe_grSu3Ne	5	45.0	5	1858.109	1858.409
1858.409	0.8999999999998636	trials	41	s041_F200617	grCe_grSu1Ne	3	135.0	5	1858.709	1859.009
1862.7350000000001	0.8999999999998636	trials	41	s041_F200617	grCe_grSu6CiNe	15	135.0	5	1863.035	1863.334
1863.343	0.8999999999998636	trials	41	s041_F200617	grCe_grSu18Fa	11	225.0	5	1863.643	1863.943
1863.96	0.8999999999998636	trials	41	s041_F200617	grCe_grSu18Fa	11	180.0	5	1864.26	1864.559
1865.185	0.8999999999998636	trials	41	s041_F200617	grCe_grSu1Ne	3	225.0	5	1865.485	1865.785
1871.6770000000001	0.8999999999998636	trials	41	s041_F200617	grCe_grSu6Ne_PS	18	45.0	5	1871.977	1872.277
1872.277	0.8999999999998636	trials	41	s041_F200617	grCe_grSu12SmCiNe	13	45.0	5	1872.577	1872.877
1889.846	0.8999999999998636	trials	41	s041_F200617	grCe_grSu1Ne	3	180.0	5	1890.146	1890.446
1894.714	0.8999999999998636	trials	41	s041_F200617	grCe_grSu12SmCiNe	13	225.0	5	1895.014	1895.313
1895.314	0.8999999999998636	trials	41	s041_F200617	grCe_grSu12SmCiNe	13	90.0	5	1895.614	1895.913
1909.116	0.8999999999998636	trials	41	s041_F200617	grCe_grSu12SmCiNe	13	0.0	5	1909.416	1909.715
1909.7160000000001	0.8999999999998636	trials	41	s041_F200617	grCe_grSu6CiNe_PS	19	270.0	5	1910.016	1910.315
1914.183	0.8999999999998636	trials	41	s041_F200617	grSu12Mi	8		5	1914.483	1914.783
1915.383	0.8999999999998636	trials	41	s041_F200617	grCe_grSu12SmCiNe_PS	21	180.0	5	1915.683	1915.983
1915.983	0.8999999999998636	trials	41	s041_F200617	grCe_grSu12SmCiNe_PS	21	90.0	5	1916.283	1916.583
1922.659	0.8999999999998636	trials	41	s041_F200617	grCe_grSu6Ne_PS	18	90.0	5	1922.959	1923.259
1923.259	0.8999999999998636	trials	41	s041_F200617	grCe_grSu12SmCiNe_PS	21	315.0	5	1923.559	1923.859
1923.8590000000002	0.8999999999998636	trials	41	s041_F200617	coCe	16	315.0	5	1924.159	1924.459
1924.468	0.8999999999998636	trials	41	s041_F200617	coCe_grSu6Ne	17	90.0	5	1924.768	1925.067
1925.068	0.8999999999998636	trials	41	s041_F200617	grCe_grSu6Ne	7	0.0	5	1925.368	1925.667
1931.9180000000001	0.8999999999998636	trials	41	s041_F200617	grCe_grSu1Ne	3	0.0	5	1932.218	1932.518
1932.5520000000001	0.8999999999998636	trials	41	s041_F200617	grCe_grSu1Ne	3	315.0	5	1932.852	1933.152
1933.194	0.8999999999998636	trials	41	s041_F200617	grCe_grSu12Mi	9	135.0	5	1933.494	1933.793
1933.794	0.8999999999998636	trials	41	s041_F200617	coCe	16	90.0	5	1934.094	1934.393
1934.394	0.8999999999998636	trials	41	s041_F200617	grCe_grSu6Ne_PS	18	315.0	5	1934.694	1934.993
1941.603	0.8999999999998636	trials	41	s041_F200617	grCe	1	270.0	5	1941.903	1942.203
1942.22	0.8999999999998636	trials	41	s041_F200617	coCe_grSu6Ne	17	180.0	5	1942.52	1942.819
1942.82	0.8999999999998636	trials	41	s041_F200617	grCe_grSu6CiNe	15	0.0	5	1943.12	1943.42
1949.871	0.8999999999998636	trials	41	s041_F200617	coCe	16	135.0	5	1950.171	1950.47
1950.496	0.8999999999998636	trials	41	s041_F200617	coCe	16	225.0	5	1950.796	1951.096
1951.113	0.8999999999998636	trials	41	s041_F200617	coCe_grSu6Ne	17	225.0	5	1951.413	1951.712
1951.721	0.8999999999998636	trials	41	s041_F200617	grCe_grSu12Mi	9	180.0	5	1952.021	1952.321
1952.329	0.8999999999998636	trials	41	s041_F200617	grCe_grSu18Fa	11	315.0	5	1952.629	1952.929
1958.789	0.8999999999998636	trials	41	s041_F200617	grCe_grSu3Ne	5	270.0	5	1959.089	1959.388
1959.397	0.8999999999998636	trials	41	s041_F200617	grCe_grSu12Mi	9	225.0	5	1959.697	1959.997
1960.597	0.8999999999998636	trials	41	s041_F200617	grCe_grSu6Ne	7	180.0	5	1960.897	1961.197
1961.1970000000001	0.8999999999998636	trials	41	s041_F200617	grCe	1	0.0	5	1961.497	1961.797
1967.5810000000001	0.8999999999998636	trials	41	s041_F200617	grCe_grSu12SmCiNe	13	135.0	5	1967.881	1968.181
1968.181	0.8999999999998636	trials	41	s041_F200617	coCe_grSu6Ne	17	135.0	5	1968.481	1968.781
1968.798	0.8999999999998636	trials	41	s041_F200617	grCe_grSu6Ne_PS	18	270.0	5	1969.098	1969.398
1969.4070000000002	0.8999999999998636	trials	41	s041_F200617	grCe_grSu12Mi	9	0.0	5	1969.707	1970.006
1979.9080000000001	0.8999999999998636	trials	41	s041_F200617	grCe_grSu6Ne	7	315.0	5	1980.208	1980.508
1980.508	0.8999999999998636	trials	41	s041_F200617	grCe_grSu12SmCiNe_PS	21	135.0	5	1980.808	1981.108
1981.108	0.8999999999998636	trials	41	s041_F200617	grCe_grSu12SmCiNe_PS	21	225.0	5	1981.408	1981.708
1985.284	0.8999999999998636	trials	41	s041_F200617	grCe_grSu6Ne	7	270.0	5	1985.584	1985.883
1985.884	0.8999999999998636	trials	41	s041_F200617	grCe	1	135.0	5	1986.184	1986.483
1987.092	0.8999999999998636	trials	41	s041_F200617	grCe_grSu18Fa	11	45.0	9	1987.392	1987.692
1987.692	0.8999999999998636	trials	41	s041_F200617	grCe_grSu6CiNe_PS	19	225.0	9	1987.992	1988.292
1994.126	0.8999999999998636	trials	41	s041_F200617	grSu6CiNe	14		9	1994.426	1994.726
1994.752	0.8999999999998636	trials	41	s041_F200617	grCe_grSu6Ne	7	315.0	9	1995.052	1995.351
1995.352	0.8999999999998636	trials	41	s041_F200617	grCe_grSu6Ne	7	225.0	9	1995.652	1995.951
1995.952	0.8999999999998636	trials	41	s041_F200617	grCe_grSu6CiNe	15	315.0	9	1996.252	1996.551
1999.577	0.8999999999998636	trials	41	s041_F200617	grCe_grSu12Mi	9	90.0	9	1999.877	2000.177
2000.1770000000001	0.8999999999998636	trials	41	s041_F200617	coCe	16	270.0	9	2000.477	2000.777
2000.777	0.8999999999998636	trials	41	s041_F200617	grCe_grSu6CiNe	15	270.0	9	2001.077	2001.377
2001.394	0.8999999999998636	trials	41	s041_F200617	grCe_grSu6CiNe_PS	19	0.0	9	2001.694	2001.994
2012.9460000000001	0.8999999999998636	trials	41	s041_F200617	grCe_grSu6Ne	7	270.0	9	2013.246	2013.545
2013.546	0.8999999999998636	trials	41	s041_F200617	grCe_grSu12SmCiNe_PS	21	0.0	9	2013.846	2014.145
2014.146	0.8999999999998636	trials	41	s041_F200617	grCe_grSu6CiNe_PS	19	315.0	9	2014.446	2014.745
2014.779	0.8999999999998636	trials	41	s041_F200617	grCe_grSu6Ne	7	180.0	9	2015.079	2015.379
2022.605	0.8999999999998636	trials	41	s041_F200617	grCe_grSu3Ne	5	315.0	9	2022.905	2023.205
2023.239	0.8999999999998636	trials	41	s041_F200617	grCe_grSu6CiNe	15	45.0	9	2023.539	2023.838
2023.839	0.8999999999998636	trials	41	s041_F200617	NoStim	0		9	2024.139	2024.438
2025.039	0.8999999999998636	trials	41	s041_F200617	grCe	1	270.0	9	2025.339	2025.639
2032.173	0.8999999999998636	trials	41	s041_F200617	grCe_grSu6Ne	7	0.0	9	2032.473	2032.773
2032.7730000000001	0.8999999999998636	trials	41	s041_F200617	grCe_grSu6CiNe	15	0.0	9	2033.073	2033.373
2033.373	0.8999999999998636	trials	41	s041_F200617	grCe_grSu6Ne	7	135.0	9	2033.673	2033.973
2033.973	0.8999999999998636	trials	41	s041_F200617	grCe_grSu3Ne	5	135.0	9	2034.273	2034.573
2040.958	0.8999999999998636	trials	41	s041_F200617	coCe_grSu6Ne	17	225.0	9	2041.258	2041.557
2041.566	0.8999999999998636	trials	41	s041_F200617	grCe_grSu12Mi	9	270.0	9	2041.866	2042.166
2042.166	0.8999999999998636	trials	41	s041_F200617	grCe_grSu6Ne	7	45.0	9	2042.466	2042.766
2042.766	0.8999999999998636	trials	41	s041_F200617	grCe_grSu1Ne	3	315.0	9	2043.066	2043.366
2046.608	0.8999999999998636	trials	41	s041_F200617	grCe_grSu12Mi	9	135.0	9	2046.908	2047.208
2047.208	0.900000000000091	trials	41	s041_F200617	grCe_grSu3Ne	5	270.0	9	2047.508	2047.808
2047.8080000000002	0.8999999999998636	trials	41	s041_F200617	coCe_grSu6Ne	17	135.0	9	2048.108	2048.408
2048.4339999999997	0.900000000000091	trials	41	s041_F200617	grSu18Fa	10		9	2048.734	2049.033
2057.5679999999998	0.900000000000091	trials	41	s041_F200617	grCe_grSu18Fa	11	0.0	9	2057.868	2058.168
2058.21	0.900000000000091	trials	41	s041_F200617	coSu6Ne	20		9	2058.51	2058.809
2064.819	0.900000000000091	trials	41	s041_F200617	grCe	1	45.0	9	2065.119	2065.419
2065.4269999999997	0.900000000000091	trials	41	s041_F200617	grCe_grSu12Mi	9	180.0	9	2065.727	2066.027
2066.0359999999996	0.900000000000091	trials	41	s041_F200617	coCe	16	45.0	9	2066.336	2066.635
2066.636	0.900000000000091	trials	41	s041_F200617	grCe_grSu3Ne	5	180.0	9	2066.936	2067.236
2073.02	0.900000000000091	trials	41	s041_F200617	grCe_grSu12Mi	9	315.0	9	2073.32	2073.62
2074.27	0.900000000000091	trials	41	s041_F200617	grSu12Mi	8		9	2074.57	2074.87
2074.87	0.900000000000091	trials	41	s041_F200617	grCe_grSu12SmCiNe_PS	21	315.0	9	2075.17	2075.47
2079.129	0.900000000000091	trials	41	s041_F200617	grCe_grSu12SmCiNe_PS	21	270.0	9	2079.429	2079.729
2079.729	0.900000000000091	trials	41	s041_F200617	grCe_grSu12SmCiNe_PS	21	225.0	9	2080.029	2080.329
2080.3289999999997	0.900000000000091	trials	41	s041_F200617	coCe_grSu6Ne	17	0.0	9	2080.629	2080.929
2080.9289999999996	0.900000000000091	trials	41	s041_F200617	grCe_grSu6Ne_PS	18	0.0	9	2081.229	2081.529
2081.529	0.900000000000091	trials	41	s041_F200617	coCe	16	135.0	9	2081.829	2082.129
2088.105	0.900000000000091	trials	41	s041_F200617	grCe_grSu6Ne_PS	18	315.0	9	2088.405	2088.705
2088.714	0.900000000000091	trials	41	s041_F200617	grCe_grSu6CiNe_PS	19	45.0	9	2089.014	2089.313
2093.031	0.900000000000091	trials	41	s041_F200617	grCe_grSu12SmCiNe	13	45.0	9	2093.331	2093.631
2093.631	0.900000000000091	trials	41	s041_F200617	grCe_grSu1Ne	3	180.0	9	2093.931	2094.231
2095.431	0.900000000000091	trials	41	s041_F200617	grCe_grSu12SmCiNe	13	0.0	9	2095.731	2096.031
2102.8909999999996	0.900000000000091	trials	41	s041_F200617	grCe	1	90.0	9	2103.191	2103.49
2103.491	0.900000000000091	trials	41	s041_F200617	grCe_grSu1Ne	3	90.0	9	2103.791	2104.09
2104.124	0.900000000000091	trials	41	s041_F200617	grCe_grSu3Ne	5	0.0	9	2104.424	2104.724
2104.7239999999997	0.900000000000091	trials	41	s041_F200617	grCe	1	135.0	9	2105.024	2105.324
2105.366	0.900000000000091	trials	41	s041_F200617	grCe_grSu6Ne_PS	18	225.0	9	2105.666	2105.966
2112.0	0.900000000000091	trials	41	s041_F200617	coCe	16	225.0	9	2112.3	2112.6
2112.633	0.900000000000091	trials	41	s041_F200617	grCe_grSu18Fa	11	270.0	9	2112.933	2113.233
2113.234	0.900000000000091	trials	41	s041_F200617	grCe_grSu6CiNe_PS	19	90.0	9	2113.534	2113.833
2113.834	0.900000000000091	trials	41	s041_F200617	grCe_grSu6CiNe	15	225.0	9	2114.134	2114.433
2114.442	0.900000000000091	trials	41	s041_F200617	grCe_grSu18Fa	11	90.0	9	2114.742	2115.042
2139.2039999999997	0.900000000000091	trials	41	s041_F200617	grCe_grSu6CiNe_PS	19	135.0	9	2139.504	2139.803
2139.8039999999996	0.900000000000091	trials	41	s041_F200617	grCe	1	180.0	9	2140.104	2140.403
2141.629	0.900000000000091	trials	41	s041_F200617	grCe_grSu6CiNe	15	135.0	9	2141.929	2142.229
2149.4629999999997	0.900000000000091	trials	41	s041_F200617	grCe_grSu1Ne	3	135.0	9	2149.763	2150.063
2150.0879999999997	0.900000000000091	trials	41	s041_F200617	coCe	16	90.0	9	2150.388	2150.688
2151.3219999999997	0.900000000000091	trials	41	s041_F200617	coCe	16	180.0	9	2151.622	2151.921
2151.93	0.900000000000091	trials	41	s041_F200617	grCe_grSu18Fa	11	315.0	9	2152.23	2152.53
2185.209	0.900000000000091	trials	41	s041_F200617	grCe_grSu12SmCiNe	13	180.0	9	2185.509	2185.809
2185.8509999999997	0.900000000000091	trials	41	s041_F200617	grCe_grSu12Mi	9	45.0	9	2186.151	2186.451
2186.451	0.900000000000091	trials	41	s041_F200617	grCe_grSu6Ne_PS	18	45.0	9	2186.751	2187.051
2187.06	0.900000000000091	trials	41	s041_F200617	grSu1Ne	2		9	2187.36	2187.659
2190.602	0.900000000000091	trials	41	s041_F200617	grCe_grSu1Ne	3	270.0	9	2190.902	2191.202
2240.875	0.900000000000091	trials	41	s041_F200617	grCe_grSu12SmCiNe_PS	21	90.0	9	2241.175	2241.475
2241.475	0.900000000000091	trials	41	s041_F200617	grSu6Ne	6		9	2241.775	2242.075
2242.075	0.900000000000091	trials	41	s041_F200617	grCe_grSu12SmCiNe	13	270.0	9	2242.375	2242.675
2242.6749999999997	0.900000000000091	trials	41	s041_F200617	grCe_grSu6CiNe	15	180.0	9	2242.975	2243.275
2243.2749999999996	0.900000000000091	trials	41	s041_F200617	grCe_grSu3Ne	5	90.0	9	2243.575	2243.875
2249.951	0.900000000000091	trials	41	s041_F200617	grSu12SmCiNe	12		9	2250.251	2250.551
2251.151	0.900000000000091	trials	41	s041_F200617	grCe_grSu1Ne	3	45.0	9	2251.451	2251.751
2251.7929999999997	0.900000000000091	trials	41	s041_F200617	grCe	1	315.0	9	2252.093	2252.393
2252.401	0.900000000000091	trials	41	s041_F200617	grCe_grSu18Fa	11	180.0	9	2252.701	2253.001
2271.654	0.900000000000091	trials	41	s041_F200617	coCe_grSu6Ne	17	315.0	9	2271.954	2272.254
2300.033	0.900000000000091	trials	41	s041_F200617	grCe_grSu6CiNe_PS	19	270.0	9	2300.333	2300.632
2301.2329999999997	0.900000000000091	trials	41	s041_F200617	grCe_grSu12SmCiNe_PS	21	135.0	9	2301.533	2301.832
2305.567	0.900000000000091	trials	41	s041_F200617	grCe_grSu6CiNe_PS	19	180.0	9	2305.867	2306.166
2306.1749999999997	0.900000000000091	trials	41	s041_F200617	grCe_grSu12Mi	9	0.0	9	2306.475	2306.775
2306.7749999999996	0.900000000000091	trials	41	s041_F200617	grCe_grSu12SmCiNe_PS	21	45.0	9	2307.075	2307.375
2307.375	0.900000000000091	trials	41	s041_F200617	grCe_grSu1Ne	3	225.0	9	2307.675	2307.975
2333.837	0.900000000000091	trials	41	s041_F200617	coCe_grSu6Ne	17	270.0	9	2334.137	2334.437
2334.437	0.900000000000091	trials	41	s041_F200617	grCe_grSu6Ne	7	90.0	9	2334.737	2335.037
2335.046	0.900000000000091	trials	41	s041_F200617	grCe_grSu18Fa	11	135.0	9	2335.346	2335.645
2336.254	0.900000000000091	trials	41	s041_F200617	grCe_grSu18Fa	11	225.0	9	2336.554	2336.854
2342.638	0.900000000000091	trials	41	s041_F200617	coCe_grSu6Ne	17	45.0	9	2342.938	2343.238
2343.238	0.900000000000091	trials	41	s041_F200617	grCe_grSu3Ne	5	45.0	9	2343.538	2343.838
2343.8379999999997	0.900000000000091	trials	41	s041_F200617	coCe	16	0.0	9	2344.138	2344.438
2344.4379999999996	0.900000000000091	trials	41	s041_F200617	grCe_grSu3Ne	5	225.0	9	2344.738	2345.038
2345.047	0.900000000000091	trials	41	s041_F200617	grCe_grSu6Ne_PS	18	270.0	9	2345.347	2345.646
2383.4519999999998	0.900000000000091	trials	41	s041_F200617	grCe_grSu6CiNe	15	90.0	9	2383.752	2384.051
2396.937	0.900000000000091	trials	41	s041_F200617	coCe	16	315.0	9	2397.237	2397.536
2405.163	0.900000000000091	trials	41	s041_F200617	grCe_grSu6Ne_PS	18	90.0	9	2405.463	2405.763
2406.3709999999996	0.900000000000091	trials	41	s041_F200617	grCe_grSu12SmCiNe	13	135.0	9	2406.671	2406.971
2406.971	0.900000000000091	trials	41	s041_F200617	grCe_grSu12SmCiNe	13	315.0	9	2407.271	2407.571
2414.181	0.900000000000091	trials	41	s041_F200617	coCe_grSu6Ne	17	180.0	9	2414.481	2414.78
2414.781	0.900000000000091	trials	41	s041_F200617	grCe_grSu1Ne	3	0.0	9	2415.081	2415.38
2415.381	0.900000000000091	trials	41	s041_F200617	grSu3Ne	4		9	2415.681	2415.981
2428.366	0.900000000000091	trials	41	s041_F200617	grCe_grSu12SmCiNe_PS	21	180.0	9	2428.666	2428.966
2433.2749999999996	0.900000000000091	trials	41	s041_F200617	grCe	1	225.0	9	2433.575	2433.875
2433.883	0.900000000000091	trials	41	s041_F200617	grCe_grSu12SmCiNe	13	90.0	9	2434.183	2434.483
2434.4829999999997	0.900000000000091	trials	41	s041_F200617	grCe_grSu6Ne_PS	18	180.0	9	2434.783	2435.083
2435.0829999999996	0.900000000000091	trials	41	s041_F200617	coCe_grSu6Ne	17	90.0	9	2435.383	2435.683
2443.151	0.900000000000091	trials	41	s041_F200617	grCe_grSu12Mi	9	225.0	9	2443.451	2443.751
2443.7509999999997	0.900000000000091	trials	41	s041_F200617	grCe	1	0.0	9	2444.051	2444.351
2444.3509999999997	0.900000000000091	trials	41	s041_F200617	grCe_grSu12SmCiNe	13	225.0	9	2444.651	2444.951
2444.951	0.900000000000091	trials	41	s041_F200617	grCe_grSu6Ne_PS	18	135.0	9	2445.251	2445.551
2445.551	0.900000000000091	trials	41	s041_F200617	grCe_grSu12SmCiNe_PS	21	135.0	8	2445.851	2446.151
2458.1859999999997	0.900000000000091	trials	41	s041_F200617	grCe_grSu18Fa	11	270.0	8	2458.486	2458.786
2459.395	0.900000000000091	trials	41	s041_F200617	grCe_grSu18Fa	11	45.0	8	2459.695	2459.995
2460.6119999999996	0.900000000000091	trials	41	s041_F200617	grCe_grSu18Fa	11	0.0	8	2460.912	2461.211
2466.9629999999997	0.900000000000091	trials	41	s041_F200617	grCe_grSu1Ne	3	315.0	8	2467.263	2467.562
2467.5789999999997	0.900000000000091	trials	41	s041_F200617	grCe_grSu18Fa	11	315.0	8	2467.879	2468.179
2468.821	0.900000000000091	trials	41	s041_F200617	grCe_grSu18Fa	11	225.0	8	2469.121	2469.421
2469.421	0.900000000000091	trials	41	s041_F200617	grCe_grSu12SmCiNe_PS	21	180.0	8	2469.721	2470.021
2475.7219999999998	0.900000000000091	trials	41	s041_F200617	grCe_grSu12Mi	9	270.0	8	2476.022	2476.322
2476.4719999999998	0.900000000000091	trials	41	s041_F200617	coCe_grSu6Ne	17	135.0	8	2476.772	2477.072
2477.0719999999997	0.900000000000091	trials	41	s041_F200617	coCe	16	0.0	8	2477.372	2477.672
2477.672	0.900000000000091	trials	41	s041_F200617	grCe_grSu3Ne	5	225.0	8	2477.972	2478.272
2478.306	0.900000000000091	trials	41	s041_F200617	grCe_grSu6CiNe_PS	19	180.0	8	2478.606	2478.905
2525.3779999999997	0.900000000000091	trials	41	s041_F200617	NoStim	0		8	2525.678	2525.978
2525.9869999999996	0.900000000000091	trials	41	s041_F200617	grCe_grSu12Mi	9	90.0	8	2526.287	2526.586
2526.587	0.900000000000091	trials	41	s041_F200617	grCe_grSu6CiNe	15	315.0	8	2526.887	2527.187
2527.22	0.900000000000091	trials	41	s041_F200617	coCe	16	180.0	8	2527.52	2527.82
2527.87	0.900000000000091	trials	41	s041_F200617	grCe_grSu18Fa	11	180.0	8	2528.17	2528.47
2548.4809999999998	0.900000000000091	trials	41	s041_F200617	grCe_grSu12SmCiNe	13	270.0	8	2548.781	2549.081
2549.0809999999997	0.900000000000091	trials	41	s041_F200617	grCe_grSu1Ne	3	45.0	8	2549.381	2549.681
2549.707	0.900000000000091	trials	41	s041_F200617	grCe	1	45.0	8	2550.007	2550.306
2550.332	0.900000000000091	trials	41	s041_F200617	grCe	1	135.0	8	2550.632	2550.931
2561.9829999999997	0.900000000000091	trials	41	s041_F200617	grCe_grSu6CiNe_PS	19	135.0	8	2562.283	2562.583
2575.277	0.900000000000091	trials	41	s041_F200617	coCe_grSu6Ne	17	270.0	8	2575.577	2575.876
2592.2369999999996	0.900000000000091	trials	41	s041_F200617	coCe_grSu6Ne	17	180.0	8	2592.537	2592.837
2592.845	0.900000000000091	trials	41	s041_F200617	grCe_grSu6CiNe_PS	19	315.0	8	2593.145	2593.445
2593.446	0.900000000000091	trials	41	s041_F200617	grCe_grSu1Ne	3	90.0	8	2593.746	2594.045
2601.305	0.900000000000091	trials	41	s041_F200617	grCe_grSu3Ne	5	315.0	8	2601.605	2601.905
2602.5049999999997	0.900000000000091	trials	41	s041_F200617	grCe_grSu6Ne_PS	18	270.0	8	2602.805	2603.105
2603.105	0.900000000000091	trials	41	s041_F200617	grCe_grSu6Ne_PS	18	315.0	8	2603.405	2603.705
2641.0519999999997	0.900000000000091	trials	41	s041_F200617	grCe_grSu6Ne_PS	18	225.0	8	2641.352	2641.651
2641.685	0.900000000000091	trials	41	s041_F200617	grCe_grSu6CiNe_PS	19	0.0	8	2641.985	2642.285
2642.285	0.900000000000091	trials	41	s041_F200617	grCe_grSu12SmCiNe_PS	21	45.0	8	2642.585	2642.885
2642.8849999999998	0.900000000000091	trials	41	s041_F200617	grCe_grSu6CiNe	15	270.0	8	2643.185	2643.485
2643.5099999999998	0.900000000000091	trials	41	s041_F200617	grCe_grSu6CiNe	15	0.0	8	2643.81	2644.11
2669.589	0.900000000000091	trials	41	s041_F200617	grCe_grSu6Ne	7	180.0	8	2669.889	2670.188
2670.189	0.900000000000091	trials	41	s041_F200617	grCe	1	270.0	8	2670.489	2670.788
2670.7889999999998	0.900000000000091	trials	41	s041_F200617	grCe_grSu6Ne	7	90.0	8	2671.089	2671.389
2690.116	0.900000000000091	trials	41	s041_F200617	grCe_grSu6Ne	7	225.0	8	2690.416	2690.716
2690.725	0.900000000000091	trials	41	s041_F200617	grCe_grSu12Mi	9	45.0	8	2691.025	2691.324
2700.984	0.900000000000091	trials	41	s041_F200617	grCe_grSu12Mi	9	135.0	8	2701.284	2701.584
2701.6679999999997	0.900000000000091	trials	41	s041_F200617	grCe_grSu1Ne	3	135.0	8	2701.968	2702.268
2702.268	0.900000000000091	trials	41	s041_F200617	grCe	1	90.0	8	2702.568	2702.868
2702.868	0.900000000000091	trials	41	s041_F200617	coCe	16	315.0	8	2703.168	2703.468
2713.136	0.900000000000091	trials	41	s041_F200617	grCe_grSu1Ne	3	180.0	8	2713.436	2713.736
2713.736	0.900000000000091	trials	41	s041_F200617	coCe	16	225.0	8	2714.036	2714.336
2721.029	0.900000000000091	trials	41	s041_F200617	grCe	1	315.0	8	2721.329	2721.628
2721.629	0.900000000000091	trials	41	s041_F200617	grCe_grSu12SmCiNe_PS	21	270.0	8	2721.929	2722.228
2722.854	0.900000000000091	trials	41	s041_F200617	grCe_grSu6CiNe	15	135.0	8	2723.154	2723.454
2737.314	0.900000000000091	trials	41	s041_F200617	grSu6CiNe	14		8	2737.614	2737.914
2737.9139999999998	0.900000000000091	trials	41	s041_F200617	grSu3Ne	4		8	2738.214	2738.514
2738.531	0.900000000000091	trials	41	s041_F200617	grCe_grSu12SmCiNe	13	90.0	8	2738.831	2739.131
2743.582	0.900000000000091	trials	41	s041_F200617	grCe_grSu3Ne	5	90.0	8	2743.882	2744.181
2744.198	0.900000000000091	trials	41	s041_F200617	grCe_grSu6CiNe_PS	19	270.0	8	2744.498	2744.798
2744.798	0.900000000000091	trials	41	s041_F200617	grCe_grSu3Ne	5	0.0	8	2745.098	2745.398
2745.423	0.900000000000091	trials	41	s041_F200617	grCe_grSu6Ne	7	45.0	8	2745.723	2746.023
2770.777	0.900000000000091	trials	41	s041_F200617	grCe_grSu6Ne	7	315.0	8	2771.077	2771.376
2771.377	0.900000000000091	trials	41	s041_F200617	grCe_grSu3Ne	5	270.0	8	2771.677	2771.976
2771.9849999999997	0.900000000000091	trials	41	s041_F200617	grCe_grSu18Fa	11	90.0	8	2772.285	2772.585
2772.585	0.900000000000091	trials	41	s041_F200617	coCe	16	90.0	8	2772.885	2773.185
2784.212	0.900000000000091	trials	41	s041_F200617	grCe_grSu12Mi	9	180.0	8	2784.512	2784.811
2784.812	0.900000000000091	trials	41	s041_F200617	grCe_grSu12SmCiNe	13	45.0	8	2785.112	2785.412
2785.412	0.900000000000091	trials	41	s041_F200617	grSu1Ne	2		8	2785.712	2786.012
2786.0119999999997	0.900000000000091	trials	41	s041_F200617	grCe_grSu12SmCiNe_PS	21	315.0	8	2786.312	2786.612
2792.921	0.900000000000091	trials	41	s041_F200617	coCe_grSu6Ne	17	225.0	8	2793.221	2793.521
2793.5299999999997	0.900000000000091	trials	41	s041_F200617	grCe_grSu18Fa	11	135.0	8	2793.83	2794.129
2794.1299999999997	0.900000000000091	trials	41	s041_F200617	grCe_grSu12SmCiNe	13	315.0	8	2794.43	2794.729
2806.1899999999996	0.900000000000091	trials	41	s041_F200617	grCe_grSu12Mi	9	225.0	8	2806.49	2806.789
2806.79	0.900000000000091	trials	41	s041_F200617	coCe_grSu6Ne	17	0.0	8	2807.09	2807.389
2820.1499999999996	0.900000000000091	trials	41	s041_F200617	grCe_grSu3Ne	5	135.0	8	2820.45	2820.749
2838.477	0.900000000000091	trials	41	s041_F200617	grSu6Ne	6		8	2838.777	2839.077
2839.0769999999998	0.900000000000091	trials	41	s041_F200617	grCe_grSu3Ne	5	180.0	8	2839.377	2839.677
2839.6769999999997	0.900000000000091	trials	41	s041_F200617	coCe	16	135.0	8	2839.977	2840.277
2840.3109999999997	0.900000000000091	trials	41	s041_F200617	grCe_grSu12Mi	9	315.0	8	2840.611	2840.91
2851.6369999999997	0.900000000000091	trials	41	s041_F200617	grCe_grSu12SmCiNe	13	0.0	8	2851.937	2852.237
2852.2369999999996	0.900000000000091	trials	41	s041_F200617	grCe_grSu6CiNe_PS	19	225.0	8	2852.537	2852.837
2852.837	0.900000000000091	trials	41	s041_F200617	coCe_grSu6Ne	17	90.0	8	2853.137	2853.437
2866.381	0.900000000000091	trials	41	s041_F200617	grCe_grSu6Ne_PS	18	180.0	8	2866.681	2866.98
2866.9809999999998	0.900000000000091	trials	41	s041_F200617	grCe_grSu12SmCiNe	13	135.0	8	2867.281	2867.581
2870.8149999999996	0.900000000000091	trials	41	s041_F200617	grCe_grSu3Ne	5	45.0	8	2871.115	2871.414
2871.431	0.900000000000091	trials	41	s041_F200617	grCe	1	225.0	8	2871.731	2872.031
2879.049	0.900000000000091	trials	41	s041_F200617	grCe	1	180.0	8	2879.349	2879.649
2879.649	0.900000000000091	trials	41	s041_F200617	grCe_grSu6Ne_PS	18	0.0	8	2879.949	2880.249
2880.249	0.900000000000091	trials	41	s041_F200617	coCe_grSu6Ne	17	45.0	8	2880.549	2880.849
2880.8489999999997	0.900000000000091	trials	41	s041_F200617	grCe_grSu12SmCiNe_PS	21	0.0	8	2881.149	2881.449
2888.734	0.900000000000091	trials	41	s041_F200617	grCe_grSu6Ne_PS	18	90.0	8	2889.034	2889.333
2895.56	0.900000000000091	trials	41	s041_F200617	grCe	1	0.0	8	2895.86	2896.159
2896.16	0.900000000000091	trials	41	s041_F200617	grCe_grSu6CiNe	15	225.0	8	2896.46	2896.759
2896.7599999999998	0.900000000000091	trials	41	s041_F200617	grCe_grSu6Ne_PS	18	45.0	8	2897.06	2897.359
2897.3599999999997	0.900000000000091	trials	41	s041_F200617	grCe_grSu6Ne	7	135.0	8	2897.66	2897.959
2903.9689999999996	0.900000000000091	trials	41	s041_F200617	grSu18Fa	10		8	2904.269	2904.569
2907.961	0.900000000000091	trials	41	s041_F200617	grCe_grSu6CiNe	15	45.0	8	2908.261	2908.561
2912.187	0.900000000000091	trials	41	s041_F200617	grCe_grSu6CiNe_PS	19	90.0	8	2912.487	2912.786
2912.787	0.900000000000091	trials	41	s041_F200617	grCe_grSu6CiNe_PS	19	45.0	8	2913.087	2913.386
2913.3869999999997	0.900000000000091	trials	41	s041_F200617	grCe_grSu12SmCiNe	13	180.0	8	2913.687	2913.987
2933.1229999999996	0.900000000000091	trials	41	s041_F200617	coCe	16	45.0	8	2933.423	2933.722
2933.723	0.900000000000091	trials	41	s041_F200617	grCe_grSu1Ne	3	0.0	8	2934.023	2934.322
2934.3309999999997	0.900000000000091	trials	41	s041_F200617	grCe_grSu12Mi	9	0.0	8	2934.631	2934.931
2934.931	0.900000000000091	trials	41	s041_F200617	grCe_grSu12SmCiNe	13	225.0	8	2935.231	2935.531
2952.167	0.900000000000091	trials	41	s041_F200617	grCe_grSu6Ne	7	0.0	8	2952.467	2952.767
2952.767	0.900000000000091	trials	41	s041_F200617	coSu6Ne	20		8	2953.067	2953.367
2953.3669999999997	0.900000000000091	trials	41	s041_F200617	grCe_grSu1Ne	3	225.0	8	2953.667	2953.967
2969.0359999999996	0.900000000000091	trials	41	s041_F200617	grSu12SmCiNe	12		8	2969.336	2969.635
2986.0209999999997	0.900000000000091	trials	41	s041_F200617	grCe_grSu12SmCiNe_PS	21	90.0	8	2986.321	2986.621
2991.6549999999997	0.900000000000091	trials	41	s041_F200617	grCe_grSu6CiNe	15	180.0	8	2991.955	2992.255
2992.2549999999997	0.900000000000091	trials	41	s041_F200617	grCe_grSu6Ne	7	270.0	8	2992.555	2992.855
2992.864	0.900000000000091	trials	41	s041_F200617	grSu12Mi	8		8	2993.164	2993.463
3004.0319999999997	0.900000000000091	trials	41	s041_F200617	grCe_grSu6Ne_PS	18	135.0	8	3004.332	3004.632
3004.6319999999996	0.900000000000091	trials	41	s041_F200617	grCe_grSu6CiNe	15	90.0	8	3004.932	3005.232
3005.832	0.900000000000091	trials	41	s041_F200617	coCe	16	270.0	8	3006.132	3006.432
3012.8579999999997	0.900000000000091	trials	41	s041_F200617	grCe_grSu12SmCiNe_PS	21	225.0	8	3013.158	3013.458
3013.4579999999996	0.900000000000091	trials	41	s041_F200617	coCe_grSu6Ne	17	315.0	8	3013.758	3014.058
3014.058	0.900000000000091	trials	41	s041_F200617	grCe_grSu1Ne	3	270.0	8	3014.358	3014.658
3014.658	0.900000000000091	trials	41	s041_F200617	grCe_grSu1Ne	3	45.0	0	3014.958	3015.258
3021.526	0.900000000000091	trials	41	s041_F200617	grCe	1	0.0	0	3021.826	3022.125
3025.3759999999997	0.900000000000091	trials	41	s041_F200617	grCe_grSu12SmCiNe	13	270.0	0	3025.676	3025.976
3026.018	0.900000000000091	trials	41	s041_F200617	grCe	1	90.0	0	3026.318	3026.618
3026.6259999999997	0.900000000000091	trials	41	s041_F200617	coCe_grSu6Ne	17	315.0	0	3026.926	3027.226
3027.227	0.900000000000091	trials	41	s041_F200617	grCe_grSu6Ne_PS	18	90.0	0	3027.527	3027.826
3035.303	0.900000000000091	trials	41	s041_F200617	grCe_grSu6Ne_PS	18	45.0	0	3035.603	3035.902
3040.0449999999996	0.900000000000091	trials	41	s041_F200617	grCe_grSu6Ne	7	135.0	0	3040.345	3040.645
3040.6699999999996	0.900000000000091	trials	41	s041_F200617	coCe	16	180.0	0	3040.97	3041.27
3041.27	0.900000000000091	trials	41	s041_F200617	grCe_grSu6CiNe_PS	19	45.0	0	3041.57	3041.87
3047.988	0.900000000000091	trials	41	s041_F200617	grCe_grSu6Ne	7	180.0	0	3048.288	3048.587
3048.5879999999997	0.900000000000091	trials	41	s041_F200617	grCe_grSu6Ne	7	315.0	0	3048.888	3049.187
3049.1879999999996	0.900000000000091	trials	41	s041_F200617	grCe_grSu6Ne	7	225.0	0	3049.488	3049.787
3061.489	0.900000000000091	trials	41	s041_F200617	grCe_grSu3Ne	5	225.0	0	3061.789	3062.089
3062.089	0.900000000000091	trials	41	s041_F200617	grCe_grSu12SmCiNe	13	0.0	0	3062.389	3062.689
3063.298	0.900000000000091	trials	41	s041_F200617	grCe_grSu18Fa	11	180.0	0	3063.598	3063.898
3071.1659999999997	0.900000000000091	trials	41	s041_F200617	grSu12SmCiNe	12		0	3071.466	3071.765
3071.7659999999996	0.900000000000091	trials	41	s041_F200617	grCe_grSu12SmCiNe_PS	21	0.0	0	3072.066	3072.365
3080.317	0.900000000000091	trials	41	s041_F200617	grCe_grSu12SmCiNe_PS	21	90.0	0	3080.617	3080.916
3080.9249999999997	0.900000000000091	trials	41	s041_F200617	grCe_grSu12SmCiNe	13	45.0	0	3081.225	3081.525
3081.5249999999996	0.900000000000091	trials	41	s041_F200617	grCe_grSu6CiNe	15	0.0	0	3081.825	3082.125
3082.125	0.900000000000091	trials	41	s041_F200617	grCe_grSu1Ne	3	270.0	0	3082.425	3082.725
3089.71	0.900000000000091	trials	41	s041_F200617	grSu6Ne	6		0	3090.01	3090.309
3090.3179999999998	0.900000000000091	trials	41	s041_F200617	grCe_grSu18Fa	11	135.0	0	3090.618	3090.918
3090.9179999999997	0.900000000000091	trials	41	s041_F200617	grCe_grSu3Ne	5	180.0	0	3091.218	3091.518
3098.544	0.900000000000091	trials	41	s041_F200617	grCe_grSu6CiNe	15	225.0	0	3098.844	3099.144
3099.2439999999997	0.900000000000091	trials	41	s041_F200617	coCe_grSu6Ne	17	0.0	0	3099.544	3099.844
3102.8109999999997	0.900000000000091	trials	41	s041_F200617	coCe	16	0.0	0	3103.111	3103.411
3103.4359999999997	0.900000000000091	trials	41	s041_F200617	coCe_grSu6Ne	17	180.0	0	3103.736	3104.036
3104.0359999999996	0.900000000000091	trials	41	s041_F200617	NoStim	0		0	3104.336	3104.636
3104.6369999999997	0.900000000000091	trials	41	s041_F200617	grCe_grSu6Ne_PS	18	0.0	0	3104.937	3105.236
3111.3039999999996	0.900000000000091	trials	41	s041_F200617	grCe_grSu12Mi	9	180.0	0	3111.604	3111.904
3111.904	0.900000000000091	trials	41	s041_F200617	grCe_grSu6CiNe	15	315.0	0	3112.204	3112.504
3119.9719999999998	0.900000000000091	trials	41	s041_F200617	grCe_grSu6CiNe_PS	19	315.0	0	3120.272	3120.572
3120.5719999999997	0.900000000000091	trials	41	s041_F200617	grCe_grSu6CiNe	15	180.0	0	3120.872	3121.172
3121.172	0.900000000000091	trials	41	s041_F200617	grCe_grSu6CiNe_PS	19	225.0	0	3121.472	3121.772
3121.7799999999997	0.900000000000091	trials	41	s041_F200617	grCe_grSu18Fa	11	270.0	0	3122.08	3122.38
3129.298	0.900000000000091	trials	41	s041_F200617	grCe_grSu3Ne	5	270.0	0	3129.598	3129.898
3129.8979999999997	0.900000000000091	trials	41	s041_F200617	grCe_grSu12SmCiNe_PS	21	180.0	0	3130.198	3130.498
3130.5229999999997	0.900000000000091	trials	41	s041_F200617	grCe_grSu6Ne	7	45.0	0	3130.823	3131.123
3141.75	0.900000000000091	trials	41	s041_F200617	grCe_grSu6Ne	7	270.0	0	3142.05	3142.349
3142.35	0.900000000000091	trials	41	s041_F200617	grCe_grSu12SmCiNe	13	135.0	0	3142.65	3142.949
3142.966	0.900000000000091	trials	41	s041_F200617	grCe_grSu12Mi	9	315.0	0	3143.266	3143.566
3154.993	0.900000000000091	trials	41	s041_F200617	coCe_grSu6Ne	17	225.0	0	3155.293	3155.593
3155.593	0.900000000000091	trials	41	s041_F200617	coCe	16	135.0	0	3155.893	3156.193
3156.2019999999998	0.900000000000091	trials	41	s041_F200617	grCe_grSu12Mi	9	90.0	0	3156.502	3156.801
3156.8179999999998	0.900000000000091	trials	41	s041_F200617	grCe_grSu12Mi	9	45.0	0	3157.118	3157.418
3166.953	0.900000000000091	trials	41	s041_F200617	grCe_grSu6Ne	7	90.0	0	3167.253	3167.553
3167.5699999999997	0.900000000000091	trials	41	s041_F200617	grCe_grSu18Fa	11	315.0	0	3167.87	3168.169
3168.8109999999997	0.900000000000091	trials	41	s041_F200617	grCe_grSu12SmCiNe_PS	21	270.0	0	3169.111	3169.411
3186.439	0.900000000000091	trials	41	s041_F200617	grCe_grSu1Ne	3	180.0	0	3186.739	3187.038
3200.832	0.900000000000091	trials	41	s041_F200617	grCe_grSu1Ne	3	90.0	0	3201.132	3201.432
3201.432	0.900000000000091	trials	41	s041_F200617	grCe_grSu1Ne	3	225.0	0	3201.732	3202.032
3202.0319999999997	0.900000000000091	trials	41	s041_F200617	grCe_grSu6Ne	7	0.0	0	3202.332	3202.632
3202.633	0.900000000000091	trials	41	s041_F200617	grCe_grSu6CiNe	15	270.0	0	3202.933	3203.232
3209.6	0.900000000000091	trials	41	s041_F200617	grCe	1	315.0	0	3209.9	3210.2
3210.2	0.900000000000091	trials	41	s041_F200617	grCe	1	270.0	0	3210.5	3210.8
3210.8419999999996	0.900000000000091	trials	41	s041_F200617	grCe	1	45.0	0	3211.142	3211.442
3211.442	0.900000000000091	trials	41	s041_F200617	coCe	16	90.0	0	3211.742	3212.042
3223.143	0.900000000000091	trials	41	s041_F200617	grSu18Fa	10		0	3223.443	3223.743
3223.7439999999997	0.900000000000091	trials	41	s041_F200617	grCe_grSu12SmCiNe	13	225.0	0	3224.044	3224.343
3224.9519999999998	0.900000000000091	trials	41	s041_F200617	grCe	1	135.0	0	3225.252	3225.552
3231.87	0.900000000000091	trials	41	s041_F200617	grCe_grSu12Mi	9	135.0	0	3232.17	3232.469
3232.47	0.900000000000091	trials	41	s041_F200617	grCe_grSu6CiNe_PS	19	90.0	0	3232.77	3233.069
3233.0699999999997	0.900000000000091	trials	41	s041_F200617	grCe_grSu1Ne	3	315.0	0	3233.37	3233.669
3233.703	0.900000000000091	trials	41	s041_F200617	grCe	1	180.0	0	3234.003	3234.303
3240.479	0.900000000000091	trials	41	s041_F200617	grCe_grSu6Ne_PS	18	225.0	0	3240.779	3241.079
3241.7709999999997	0.900000000000091	trials	41	s041_F200617	grCe_grSu12SmCiNe_PS	21	45.0	0	3242.071	3242.371
3242.3709999999996	0.900000000000091	trials	41	s041_F200617	grCe_grSu6CiNe	15	45.0	0	3242.671	3242.971
3249.0719999999997	0.900000000000091	trials	41	s041_F200617	grSu3Ne	4		0	3249.372	3249.672
3249.705	0.900000000000091	trials	41	s041_F200617	grCe_grSu12SmCiNe_PS	21	315.0	0	3250.005	3250.305
3250.305	0.900000000000091	trials	41	s041_F200617	grCe_grSu3Ne	5	90.0	0	3250.605	3250.905
3250.9049999999997	0.900000000000091	trials	41	s041_F200617	coCe_grSu6Ne	17	270.0	0	3251.205	3251.505
3258.156	0.900000000000091	trials	41	s041_F200617	grCe_grSu18Fa	11	225.0	0	3258.456	3258.756
3258.756	0.900000000000091	trials	41	s041_F200617	grCe_grSu3Ne	5	135.0	0	3259.056	3259.356
3259.3559999999998	0.900000000000091	trials	41	s041_F200617	grCe_grSu6CiNe	15	90.0	0	3259.656	3259.956
3266.149	0.900000000000091	trials	41	s041_F200617	grCe_grSu6CiNe_PS	19	0.0	0	3266.449	3266.749
3266.749	0.900000000000091	trials	41	s041_F200617	grCe_grSu1Ne	3	0.0	0	3267.049	3267.349
3270.8579999999997	0.900000000000091	trials	41	s041_F200617	grCe_grSu12Mi	9	270.0	0	3271.158	3271.458
3271.4579999999996	0.900000000000091	trials	41	s041_F200617	grCe_grSu6Ne_PS	18	315.0	0	3271.758	3272.058
3272.066	0.900000000000091	trials	41	s041_F200617	grCe_grSu12Mi	9	225.0	0	3272.366	3272.666
3272.7	0.900000000000091	trials	41	s041_F200617	grCe_grSu18Fa	11	45.0	0	3273.0	3273.3
3279.442	0.900000000000091	trials	41	s041_F200617	grCe_grSu18Fa	11	0.0	0	3279.742	3280.042
3280.042	0.900000000000091	trials	41	s041_F200617	grCe_grSu12SmCiNe	13	90.0	0	3280.342	3280.642
3280.643	0.900000000000091	trials	41	s041_F200617	grSu12Mi	8		0	3280.943	3281.242
3281.243	0.900000000000091	trials	41	s041_F200617	coCe_grSu6Ne	17	135.0	0	3281.543	3281.842
3288.96	0.900000000000091	trials	41	s041_F200617	grSu1Ne	2		0	3289.26	3289.56
3290.16	0.900000000000091	trials	41	s041_F200617	grCe_grSu12SmCiNe	13	180.0	0	3290.46	3290.76
3290.761	0.900000000000091	trials	41	s041_F200617	grCe	1	225.0	0	3291.061	3291.36
3297.9779999999996	0.900000000000091	trials	41	s041_F200617	grCe_grSu18Fa	11	90.0	0	3298.278	3298.578
3298.578	0.900000000000091	trials	41	s041_F200617	grCe_grSu12SmCiNe_PS	21	135.0	0	3298.878	3299.178
3299.178	0.900000000000091	trials	41	s041_F200617	grCe_grSu3Ne	5	315.0	0	3299.478	3299.778
3299.8199999999997	0.900000000000091	trials	41	s041_F200617	grCe_grSu6Ne_PS	18	180.0	0	3300.12	3300.42
3307.029	0.900000000000091	trials	41	s041_F200617	grCe_grSu6CiNe_PS	19	135.0	0	3307.329	3307.629
3307.638	0.900000000000091	trials	41	s041_F200617	grCe_grSu12Mi	9	0.0	0	3307.938	3308.237
3308.238	0.900000000000091	trials	41	s041_F200617	grCe_grSu3Ne	5	45.0	0	3308.538	3308.837
3308.8379999999997	0.900000000000091	trials	41	s041_F200617	grCe_grSu6Ne_PS	18	135.0	0	3309.138	3309.438
3315.6389999999997	0.900000000000091	trials	41	s041_F200617	grCe_grSu6CiNe_PS	19	270.0	0	3315.939	3316.238
3316.881	0.900000000000091	trials	41	s041_F200617	grCe_grSu12SmCiNe	13	315.0	0	3317.181	3317.48
3317.4809999999998	0.900000000000091	trials	41	s041_F200617	grCe_grSu6CiNe	15	135.0	0	3317.781	3318.08
3324.14	0.900000000000091	trials	41	s041_F200617	coCe_grSu6Ne	17	45.0	0	3324.44	3324.74
3325.3399999999997	0.900000000000091	trials	41	s041_F200617	coCe_grSu6Ne	17	90.0	0	3325.64	3325.94
3325.9399999999996	0.900000000000091	trials	41	s041_F200617	grSu6CiNe	14		0	3326.24	3326.54
3332.966	0.900000000000091	trials	41	s041_F200617	coCe	16	270.0	0	3333.266	3333.566
3333.566	0.900000000000091	trials	41	s041_F200617	coSu6Ne	20		0	3333.866	3334.166
3341.509	0.900000000000091	trials	41	s041_F200617	grCe_grSu12SmCiNe_PS	21	225.0	0	3341.809	3342.108
3342.109	0.900000000000091	trials	41	s041_F200617	grCe_grSu3Ne	5	0.0	0	3342.409	3342.709
3342.734	0.900000000000091	trials	41	s041_F200617	coCe	16	45.0	0	3343.034	3343.334
3348.1099999999997	0.900000000000091	trials	41	s041_F200617	coCe	16	315.0	0	3348.41	3348.709
3348.71	0.900000000000091	trials	41	s041_F200617	grCe_grSu6CiNe_PS	19	180.0	0	3349.01	3349.309
3349.31	0.900000000000091	trials	41	s041_F200617	coCe	16	225.0	0	3349.61	3349.909
3349.9179999999997	0.900000000000091	trials	41	s041_F200617	grCe_grSu6Ne_PS	18	270.0	0	3350.218	3350.518
3356.944	0.900000000000091	trials	41	s041_F200617	grCe_grSu1Ne	3	135.0	0	3357.244	3357.544
3357.569	0.900000000000091	trials	41	s041_F200617	grCe	1	315.0	2	3357.869	3358.169
3358.169	0.900000000000091	trials	41	s041_F200617	grCe_grSu6CiNe	15	225.0	2	3358.469	3358.769
3362.1949999999997	0.900000000000091	trials	41	s041_F200617	grCe_grSu12Mi	9	135.0	2	3362.495	3362.794
3362.7949999999996	0.900000000000091	trials	41	s041_F200617	grCe	1	45.0	2	3363.095	3363.395
3363.403	0.900000000000091	trials	41	s041_F200617	grSu12Mi	8		2	3363.703	3364.003
3367.37	0.900000000000091	trials	41	s041_F200617	coCe_grSu6Ne	17	270.0	2	3367.67	3367.97
3367.971	0.900000000000091	trials	41	s041_F200617	grCe	1	90.0	2	3368.271	3368.57
3371.671	0.900000000000091	trials	41	s041_F200617	grCe	1	135.0	2	3371.971	3372.271
3372.8709999999996	0.900000000000091	trials	41	s041_F200617	grCe	1	225.0	2	3373.171	3373.471
3373.471	0.900000000000091	trials	41	s041_F200617	coCe	16	225.0	2	3373.771	3374.071
3385.9399999999996	0.900000000000091	trials	41	s041_F200617	grCe_grSu1Ne	3	90.0	2	3386.24	3386.539
3386.573	0.900000000000091	trials	41	s041_F200617	grSu3Ne	4		2	3386.873	3387.173
3387.173	0.900000000000091	trials	41	s041_F200617	coCe	16	45.0	2	3387.473	3387.773
3387.7729999999997	0.900000000000091	trials	41	s041_F200617	grCe	1	180.0	2	3388.073	3388.373
3395.341	0.900000000000091	trials	41	s041_F200617	grCe_grSu12Mi	9	0.0	2	3395.641	3395.94
3395.941	0.900000000000091	trials	41	s041_F200617	grCe_grSu12SmCiNe	13	90.0	2	3396.241	3396.54
3396.5409999999997	0.900000000000091	trials	41	s041_F200617	grCe_grSu6CiNe_PS	19	315.0	2	3396.841	3397.141
3397.1409999999996	0.900000000000091	trials	41	s041_F200617	coCe	16	0.0	2	3397.441	3397.741
3408.901	0.900000000000091	trials	41	s041_F200617	grCe_grSu6CiNe	15	135.0	2	3409.201	3409.5
3409.5009999999997	0.900000000000091	trials	41	s041_F200617	grCe	1	270.0	2	3409.801	3410.101
3410.1009999999997	0.900000000000091	trials	41	s041_F200617	grCe_grSu1Ne	3	315.0	2	3410.401	3410.701
3410.734	0.900000000000091	trials	41	s041_F200617	grCe_grSu12Mi	9	90.0	2	3411.034	3411.334
3417.419	0.900000000000091	trials	41	s041_F200617	grCe_grSu6Ne	7	315.0	2	3417.719	3418.018
3418.019	0.900000000000091	trials	41	s041_F200617	grCe_grSu3Ne	5	90.0	2	3418.319	3418.618
3418.627	0.900000000000091	trials	41	s041_F200617	grCe_grSu18Fa	11	135.0	2	3418.927	3419.227
3419.2349999999997	0.900000000000091	trials	41	s041_F200617	coCe_grSu6Ne	17	315.0	2	3419.535	3419.835
3431.0789999999997	0.900000000000091	trials	41	s041_F200617	grCe_grSu6Ne	7	90.0	2	3431.379	3431.678
3431.6789999999996	0.900000000000091	trials	41	s041_F200617	grCe_grSu6Ne	7	225.0	2	3431.979	3432.278
3432.287	0.900000000000091	trials	41	s041_F200617	grCe_grSu18Fa	11	180.0	2	3432.587	3432.887
3439.7709999999997	0.900000000000091	trials	41	s041_F200617	grCe_grSu6CiNe_PS	19	270.0	2	3440.071	3440.371
3440.372	0.900000000000091	trials	41	s041_F200617	coCe_grSu6Ne	17	180.0	2	3440.672	3440.971
3440.9719999999998	0.900000000000091	trials	41	s041_F200617	grCe	1	0.0	2	3441.272	3441.571
3452.723	0.900000000000091	trials	41	s041_F200617	grCe_grSu6CiNe	15	45.0	2	3453.023	3453.323
3460.057	0.900000000000091	trials	41	s041_F200617	grCe_grSu1Ne	3	270.0	2	3460.357	3460.657
3460.6659999999997	0.900000000000091	trials	41	s041_F200617	grCe_grSu12Mi	9	180.0	2	3460.966	3461.265
3461.2659999999996	0.900000000000091	trials	41	s041_F200617	grCe_grSu3Ne	5	270.0	2	3461.566	3461.866
3461.874	0.900000000000091	trials	41	s041_F200617	grCe_grSu18Fa	11	90.0	2	3462.174	3462.474
3468.533	0.900000000000091	trials	41	s041_F200617	grCe_grSu3Ne	5	180.0	2	3468.833	3469.133
3469.167	0.900000000000091	trials	41	s041_F200617	grSu1Ne	2		2	3469.467	3469.767
3469.767	0.900000000000091	trials	41	s041_F200617	grCe_grSu3Ne	5	0.0	2	3470.067	3470.367
3470.384	0.900000000000091	trials	41	s041_F200617	grCe_grSu12SmCiNe	13	225.0	2	3470.684	3470.983
3481.7019999999998	0.900000000000091	trials	41	s041_F200617	grCe_grSu3Ne	5	315.0	2	3482.002	3482.302
3485.694	0.900000000000091	trials	41	s041_F200617	grCe_grSu18Fa	11	315.0	2	3485.994	3486.294
3489.528	0.900000000000091	trials	41	s041_F200617	grCe_grSu12SmCiNe_PS	21	315.0	2	3489.828	3490.128
3490.1609999999996	0.900000000000091	trials	41	s041_F200617	grCe_grSu6Ne	7	270.0	2	3490.461	3490.761
3490.7859999999996	0.900000000000091	trials	41	s041_F200617	grCe_grSu12Mi	9	270.0	2	3491.086	3491.386
3491.395	0.900000000000091	trials	41	s041_F200617	grCe_grSu18Fa	11	45.0	2	3491.695	3491.994
3498.587	0.900000000000091	trials	41	s041_F200617	grCe_grSu12SmCiNe_PS	21	180.0	2	3498.887	3499.187
3499.196	0.900000000000091	trials	41	s041_F200617	grCe_grSu12Mi	9	45.0	2	3499.496	3499.795
3499.796	0.900000000000091	trials	41	s041_F200617	coCe_grSu6Ne	17	225.0	2	3500.096	3500.396
3500.421	0.900000000000091	trials	41	s041_F200617	grCe_grSu6Ne_PS	18	270.0	2	3500.721	3501.021
3507.43	0.900000000000091	trials	41	s041_F200617	grCe_grSu1Ne	3	45.0	2	3507.73	3508.03
3508.0389999999998	0.900000000000091	trials	41	s041_F200617	grCe_grSu12SmCiNe	13	135.0	2	3508.339	3508.638
3508.6389999999997	0.900000000000091	trials	41	s041_F200617	grCe_grSu1Ne	3	225.0	2	3508.939	3509.238
3520.674	0.900000000000091	trials	41	s041_F200617	coCe	16	270.0	2	3520.974	3521.273
3521.874	0.900000000000091	trials	41	s041_F200617	NoStim	0		2	3522.174	3522.473
3522.49	0.900000000000091	trials	41	s041_F200617	grCe_grSu6Ne_PS	18	135.0	2	3522.79	3523.09
3544.6099999999997	0.900000000000091	trials	41	s041_F200617	grCe_grSu12SmCiNe	13	270.0	2	3544.91	3545.21
3545.21	0.900000000000091	trials	41	s041_F200617	coCe	16	180.0	2	3545.51	3545.81
3545.81	0.900000000000091	trials	41	s041_F200617	grCe_grSu6Ne	7	135.0	2	3546.11	3546.41
3554.403	0.900000000000091	trials	41	s041_F200617	grCe_grSu6CiNe_PS	19	45.0	2	3554.703	3555.003
3567.3799999999997	0.900000000000091	trials	41	s041_F200617	grCe_grSu18Fa	11	0.0	2	3567.68	3567.979
3567.98	0.900000000000091	trials	41	s041_F200617	grCe_grSu6Ne_PS	18	315.0	2	3568.28	3568.579
3568.596	0.900000000000091	trials	41	s041_F200617	grCe_grSu12SmCiNe	13	315.0	2	3568.896	3569.196
3569.221	0.900000000000091	trials	41	s041_F200617	grCe_grSu18Fa	11	270.0	2	3569.521	3569.821
3581.173	0.900000000000091	trials	41	s041_F200617	grSu6CiNe	14		2	3581.473	3581.773
3581.7729999999997	0.900000000000091	trials	41	s041_F200617	grCe_grSu6CiNe_PS	19	90.0	2	3582.073	3582.373
3582.3729999999996	0.900000000000091	trials	41	s041_F200617	grCe_grSu6Ne_PS	18	0.0	2	3582.673	3582.973
3586.8239999999996	0.900000000000091	trials	41	s041_F200617	grCe_grSu12SmCiNe_PS	21	135.0	2	3587.124	3587.423
3587.457	0.900000000000091	trials	41	s041_F200617	grCe_grSu6Ne_PS	18	90.0	2	3587.757	3588.057
3588.057	0.900000000000091	trials	41	s041_F200617	grSu6Ne	6		2	3588.357	3588.657
3588.6659999999997	0.900000000000091	trials	41	s041_F200617	grCe_grSu12SmCiNe_PS	21	270.0	2	3588.966	3589.265
3595.317	0.900000000000091	trials	41	s041_F200617	grCe_grSu3Ne	5	135.0	2	3595.617	3595.916
3599.142	0.900000000000091	trials	41	s041_F200617	grCe_grSu1Ne	3	180.0	2	3599.442	3599.742
3599.7419999999997	0.900000000000091	trials	41	s041_F200617	grCe_grSu6CiNe	15	270.0	2	3600.042	3600.342
3600.3419999999996	0.900000000000091	trials	41	s041_F200617	grCe_grSu6CiNe	15	180.0	2	3600.642	3600.942
3600.942	0.900000000000091	trials	41	s041_F200617	grCe_grSu6Ne_PS	18	180.0	2	3601.242	3601.542
3630.1789999999996	0.900000000000091	trials	41	s041_F200617	grCe_grSu3Ne	5	225.0	2	3630.479	3630.779
3631.3799999999997	0.900000000000091	trials	41	s041_F200617	grCe_grSu6Ne	7	0.0	2	3631.68	3631.979
3647.8979999999997	0.900000000000091	trials	41	s041_F200617	coCe_grSu6Ne	17	0.0	2	3648.198	3648.498
3649.1479999999997	0.900000000000091	trials	41	s041_F200617	grCe_grSu18Fa	11	225.0	2	3649.448	3649.748
3649.749	0.900000000000091	trials	41	s041_F200617	coSu6Ne	20		2	3650.049	3650.348
3656.4739999999997	0.900000000000091	trials	41	s041_F200617	grSu12SmCiNe	12		2	3656.774	3657.074
3657.091	0.900000000000091	trials	41	s041_F200617	grCe_grSu6Ne	7	45.0	2	3657.391	3657.691
3657.691	0.900000000000091	trials	41	s041_F200617	grCe_grSu6Ne_PS	18	225.0	2	3657.991	3658.291
3658.2909999999997	0.900000000000091	trials	41	s041_F200617	grCe_grSu6CiNe	15	315.0	2	3658.591	3658.891
3684.0699999999997	0.900000000000091	trials	41	s041_F200617	coCe_grSu6Ne	17	45.0	2	3684.37	3684.669
3685.895	0.900000000000091	trials	41	s041_F200617	grCe_grSu3Ne	5	45.0	2	3686.195	3686.495
3692.9869999999996	0.900000000000091	trials	41	s041_F200617	grCe_grSu6CiNe_PS	19	135.0	2	3693.287	3693.587
3693.596	0.900000000000091	trials	41	s041_F200617	grCe_grSu12SmCiNe_PS	21	0.0	2	3693.896	3694.196
3694.2039999999997	0.900000000000091	trials	41	s041_F200617	grCe_grSu12Mi	9	315.0	2	3694.504	3694.804
3694.8039999999996	0.900000000000091	trials	41	s041_F200617	coCe_grSu6Ne	17	135.0	2	3695.104	3695.404
3702.5389999999998	0.900000000000091	trials	41	s041_F200617	grCe_grSu6CiNe	15	90.0	2	3702.839	3703.138
3703.1389999999997	0.900000000000091	trials	41	s041_F200617	grCe_grSu6CiNe_PS	19	225.0	2	3703.439	3703.738
3707.423	0.900000000000091	trials	41	s041_F200617	grCe_grSu12SmCiNe_PS	21	225.0	2	3707.723	3708.022
3708.031	0.900000000000091	trials	41	s041_F200617	grCe_grSu12SmCiNe	13	45.0	2	3708.331	3708.631
3708.631	0.900000000000091	trials	41	s041_F200617	grCe_grSu12SmCiNe_PS	21	45.0	2	3708.931	3709.231
3713.3979999999997	0.900000000000091	trials	41	s041_F200617	coCe_grSu6Ne	17	90.0	2	3713.698	3713.998
3713.999	0.900000000000091	trials	41	s041_F200617	coCe	16	90.0	2	3714.299	3714.598
3714.607	0.900000000000091	trials	41	s041_F200617	grCe_grSu12Mi	9	225.0	2	3714.907	3715.207
3715.332	0.900000000000091	trials	41	s041_F200617	grCe_grSu12SmCiNe_PS	21	90.0	2	3715.632	3715.932
3722.4249999999997	0.900000000000091	trials	41	s041_F200617	grCe_grSu6Ne_PS	18	45.0	2	3722.725	3723.024
3723.6659999999997	0.900000000000091	trials	41	s041_F200617	grCe_grSu12SmCiNe	13	180.0	2	3723.966	3724.266
3739.9689999999996	0.900000000000091	trials	41	s041_F200617	grCe_grSu1Ne	3	135.0	2	3740.269	3740.568
3741.794	0.900000000000091	trials	41	s041_F200617	grCe_grSu12SmCiNe	13	0.0	2	3742.094	3742.393
3748.7949999999996	0.900000000000091	trials	41	s041_F200617	grCe_grSu6CiNe_PS	19	0.0	2	3749.095	3749.394
3749.395	0.900000000000091	trials	41	s041_F200617	coCe	16	315.0	2	3749.695	3749.994
3753.3619999999996	0.900000000000091	trials	41	s041_F200617	grCe_grSu1Ne	3	0.0	2	3753.662	3753.962
3753.97	0.900000000000091	trials	41	s041_F200617	grSu18Fa	10		2	3754.27	3754.57
3757.8709999999996	0.900000000000091	trials	41	s041_F200617	grCe_grSu6Ne	7	180.0	2	3758.171	3758.471
3758.471	0.900000000000091	trials	41	s041_F200617	coCe	16	135.0	2	3758.771	3759.071
3759.754	0.900000000000091	trials	41	s041_F200617	grCe_grSu6CiNe_PS	19	180.0	2	3760.054	3760.354
3808.511	0.900000000000091	trials	41	s041_F200617	grCe_grSu6CiNe	15	0.0	2	3808.811	3809.11
