onset	duration	nwb_table	ses_ID	ses_Name	cond_Name	cond_ID	target_rot	rep_num	pdOn	pdOff
29.186	0.9000000000000021	trials	33	s033_F200530	grCe_grSu12SmCiNe	13	315.0	9	29.486	29.786
32.903000000000006	0.8999999999999986	trials	33	s033_F200530	coCe	16	135.0	9	33.203	33.503
33.512	0.8999999999999986	trials	33	s033_F200530	coCe_grSu6Ne	17	315.0	9	33.812	34.111
38.312000000000005	0.8999999999999986	trials	33	s033_F200530	coSu6Ne	20		9	38.612	38.912
39.529	0.8999999999999986	trials	33	s033_F200530	grSu12SmCiNe	12		9	39.829	40.129
40.138000000000005	0.8999999999999986	trials	33	s033_F200530	coCe_grSu6Ne	17	270.0	9	40.438	40.737
54.023	0.8999999999999986	trials	33	s033_F200530	grCe_grSu12Mi	9	270.0	9	54.323	54.622
55.273	0.8999999999999986	trials	33	s033_F200530	grCe_grSu6Ne	7	90.0	9	55.573	55.873
61.432	0.8999999999999986	trials	33	s033_F200530	grCe_grSu6CiNe_PS	19	270.0	9	61.732	62.032
62.040000000000006	0.8999999999999986	trials	33	s033_F200530	coCe_grSu6Ne	17	90.0	9	62.34	62.64
62.674	0.8999999999999986	trials	33	s033_F200530	grCe_grSu6Ne_PS	18	315.0	9	62.974	63.274
71.97500000000001	0.8999999999999915	trials	33	s033_F200530	coCe_grSu6Ne	17	0.0	9	72.275	72.575
72.60900000000001	0.8999999999999915	trials	33	s033_F200530	grCe_grSu1Ne	3	270.0	9	72.909	73.208
73.242	0.8999999999999915	trials	33	s033_F200530	grCe_grSu18Fa	11	90.0	9	73.542	73.842
78.843	0.8999999999999915	trials	33	s033_F200530	grCe_grSu3Ne	5	315.0	9	79.143	79.442
79.45100000000001	0.8999999999999915	trials	33	s033_F200530	grCe_grSu12SmCiNe	13	45.0	9	79.751	80.051
80.059	0.8999999999999915	trials	33	s033_F200530	grCe_grSu6CiNe	15	180.0	9	80.359	80.659
80.668	0.8999999999999915	trials	33	s033_F200530	grCe_grSu6CiNe	15	315.0	9	80.968	81.268
86.352	0.8999999999999915	trials	33	s033_F200530	grCe_grSu1Ne	3	135.0	9	86.652	86.952
89.902	0.8999999999999915	trials	33	s033_F200530	grCe_grSu12Mi	9	45.0	9	90.202	90.502
90.519	0.8999999999999915	trials	33	s033_F200530	grCe_grSu1Ne	3	90.0	9	90.819	91.119
91.128	0.8999999999999915	trials	33	s033_F200530	grCe_grSu6CiNe_PS	19	315.0	9	91.428	91.727
91.72800000000001	0.8999999999999915	trials	33	s033_F200530	grCe_grSu12SmCiNe_PS	21	135.0	9	92.028	92.327
97.60300000000001	0.8999999999999915	trials	33	s033_F200530	grCe	1	315.0	9	97.903	98.203
98.212	0.8999999999999915	trials	33	s033_F200530	grCe_grSu12SmCiNe_PS	21	270.0	9	98.512	98.812
99.462	0.8999999999999915	trials	33	s033_F200530	grCe_grSu18Fa	11	270.0	9	99.762	100.062
105.113	0.8999999999999915	trials	33	s033_F200530	coCe	16	45.0	9	105.413	105.712
106.346	0.8999999999999915	trials	33	s033_F200530	grCe_grSu18Fa	11	45.0	9	106.646	106.946
106.955	0.8999999999999915	trials	33	s033_F200530	grCe_grSu6CiNe	15	270.0	9	107.255	107.554
120.456	0.8999999999999915	trials	33	s033_F200530	grSu6Ne	6		9	120.756	121.056
124.774	0.8999999999999915	trials	33	s033_F200530	grCe_grSu18Fa	11	180.0	9	125.074	125.373
125.382	0.8999999999999915	trials	33	s033_F200530	coCe_grSu6Ne	17	45.0	9	125.682	125.982
125.99000000000001	0.8999999999999915	trials	33	s033_F200530	grCe_grSu3Ne	5	0.0	9	126.29	126.59
132.25799999999998	0.9000000000000057	trials	33	s033_F200530	grCe	1	225.0	9	132.558	132.858
132.86599999999999	0.9000000000000057	trials	33	s033_F200530	grCe_grSu3Ne	5	135.0	9	133.166	133.466
133.46599999999998	0.9000000000000057	trials	33	s033_F200530	grCe_grSu6CiNe_PS	19	225.0	9	133.766	134.066
139.21699999999998	0.9000000000000057	trials	33	s033_F200530	grCe_grSu12SmCiNe	13	135.0	9	139.517	139.817
140.492	0.9000000000000057	trials	33	s033_F200530	grCe_grSu6Ne	7	270.0	9	140.792	141.092
146.951	0.9000000000000057	trials	33	s033_F200530	grCe_grSu12Mi	9	225.0	9	147.251	147.551
147.56	0.9000000000000057	trials	33	s033_F200530	coCe_grSu6Ne	17	225.0	9	147.86	148.16
148.768	0.9000000000000057	trials	33	s033_F200530	grCe_grSu6Ne_PS	18	135.0	9	149.068	149.368
154.494	0.9000000000000057	trials	33	s033_F200530	grCe_grSu6Ne_PS	18	0.0	9	154.794	155.094
155.094	0.9000000000000057	trials	33	s033_F200530	grCe	1	90.0	9	155.394	155.694
155.719	0.9000000000000057	trials	33	s033_F200530	grCe_grSu12SmCiNe	13	0.0	9	156.019	156.319
162.32799999999997	0.9000000000000057	trials	33	s033_F200530	coCe_grSu6Ne	17	135.0	9	162.628	162.928
162.93699999999998	0.9000000000000057	trials	33	s033_F200530	grCe_grSu12Mi	9	0.0	9	163.237	163.537
163.554	0.9000000000000057	trials	33	s033_F200530	grSu18Fa	10		9	163.854	164.153
164.179	0.9000000000000057	trials	33	s033_F200530	coCe	16	90.0	9	164.479	164.778
173.01299999999998	0.9000000000000057	trials	33	s033_F200530	grCe	1	270.0	9	173.313	173.613
173.613	0.9000000000000057	trials	33	s033_F200530	coCe	16	270.0	9	173.913	174.213
174.213	0.9000000000000057	trials	33	s033_F200530	coCe	16	315.0	9	174.513	174.813
174.822	0.9000000000000057	trials	33	s033_F200530	grCe_grSu12SmCiNe	13	225.0	9	175.122	175.421
180.40599999999998	0.9000000000000057	trials	33	s033_F200530	grCe_grSu1Ne	3	315.0	9	180.706	181.005
181.023	0.9000000000000057	trials	33	s033_F200530	grSu1Ne	2		9	181.323	181.622
181.631	0.9000000000000057	trials	33	s033_F200530	grCe_grSu12Mi	9	315.0	9	181.931	182.231
182.256	0.9000000000000057	trials	33	s033_F200530	grCe_grSu6CiNe_PS	19	135.0	9	182.556	182.856
190.98999999999998	0.9000000000000057	trials	33	s033_F200530	coCe	16	225.0	9	191.29	191.59
194.624	0.9000000000000057	trials	33	s033_F200530	coCe	16	180.0	9	194.924	195.224
195.23299999999998	0.9000000000000057	trials	33	s033_F200530	grSu12Mi	8		9	195.533	195.832
195.84099999999998	0.9000000000000057	trials	33	s033_F200530	grCe_grSu3Ne	5	90.0	9	196.141	196.441
196.458	0.9000000000000057	trials	33	s033_F200530	grCe_grSu6CiNe_PS	19	180.0	9	196.758	197.058
202.042	0.9000000000000057	trials	33	s033_F200530	grCe_grSu6CiNe	15	225.0	9	202.342	202.642
202.725	0.9000000000000057	trials	33	s033_F200530	grCe_grSu12SmCiNe	13	180.0	9	203.025	203.325
203.33399999999997	0.9000000000000057	trials	33	s033_F200530	grCe	1	0.0	9	203.634	203.933
213.535	0.9000000000000057	trials	33	s033_F200530	coCe	16	0.0	9	213.835	214.135
214.143	0.9000000000000057	trials	33	s033_F200530	grCe_grSu6CiNe	15	0.0	9	214.443	214.743
214.744	0.9000000000000057	trials	33	s033_F200530	grSu6CiNe	14		9	215.044	215.343
215.35199999999998	0.9000000000000057	trials	33	s033_F200530	grCe_grSu1Ne	3	0.0	9	215.652	215.952
225.82	0.9000000000000057	trials	33	s033_F200530	grCe_grSu12Mi	9	180.0	9	226.12	226.42
226.42	0.9000000000000057	trials	33	s033_F200530	grCe_grSu6Ne_PS	18	225.0	9	226.72	227.02
227.028	0.9000000000000057	trials	33	s033_F200530	grCe_grSu12SmCiNe_PS	21	45.0	9	227.328	227.628
227.654	0.9000000000000057	trials	33	s033_F200530	grCe_grSu6CiNe_PS	19	45.0	9	227.954	228.253
236.78	0.9000000000000057	trials	33	s033_F200530	grCe_grSu6Ne_PS	18	90.0	9	237.08	237.379
237.38799999999998	0.9000000000000057	trials	33	s033_F200530	grCe_grSu6CiNe_PS	19	0.0	9	237.688	237.988
237.99699999999999	0.9000000000000057	trials	33	s033_F200530	grCe_grSu3Ne	5	180.0	9	238.297	238.596
238.613	0.9000000000000057	trials	33	s033_F200530	grCe_grSu18Fa	11	225.0	9	238.913	239.213
244.539	0.9000000000000057	trials	33	s033_F200530	grCe_grSu12SmCiNe_PS	21	0.0	9	244.839	245.139
248.048	0.9000000000000057	trials	33	s033_F200530	grCe_grSu3Ne	5	45.0	9	248.348	248.648
248.68099999999998	0.9000000000000057	trials	33	s033_F200530	grCe_grSu6Ne_PS	18	180.0	9	248.981	249.281
249.29	0.9000000000000057	trials	33	s033_F200530	grCe_grSu6Ne	7	45.0	9	249.59	249.889
249.94	0.9000000000000057	trials	33	s033_F200530	grCe_grSu12SmCiNe_PS	21	180.0	9	250.24	250.539
256.774	0.9000000000000341	trials	33	s033_F200530	grCe_grSu6Ne	7	0.0	9	257.074	257.374
257.382	0.9000000000000341	trials	33	s033_F200530	grCe_grSu12Mi	9	90.0	9	257.682	257.982
258.608	0.9000000000000341	trials	33	s033_F200530	grCe_grSu3Ne	5	270.0	9	258.908	259.207
264.358	0.9000000000000341	trials	33	s033_F200530	grCe	1	180.0	9	264.658	264.958
268.109	0.9000000000000341	trials	33	s033_F200530	grCe_grSu6CiNe	15	135.0	9	268.409	268.708
269.99199999999996	0.9000000000000341	trials	33	s033_F200530	coCe_grSu6Ne	17	180.0	9	270.292	270.592
275.601	0.9000000000000341	trials	33	s033_F200530	grCe_grSu6Ne	7	135.0	9	275.901	276.201
276.818	0.9000000000000341	trials	33	s033_F200530	grCe_grSu1Ne	3	45.0	9	277.118	277.418
277.42699999999996	0.9000000000000341	trials	33	s033_F200530	grCe_grSu1Ne	3	225.0	9	277.727	278.026
283.361	0.9000000000000341	trials	33	s033_F200530	grCe_grSu3Ne	5	225.0	9	283.661	283.96
283.969	0.9000000000000341	trials	33	s033_F200530	grCe_grSu12Mi	9	135.0	9	284.269	284.569
284.578	0.9000000000000341	trials	33	s033_F200530	grCe_grSu6CiNe	15	90.0	9	284.878	285.177
285.203	0.9000000000000341	trials	33	s033_F200530	grCe_grSu12SmCiNe_PS	21	225.0	9	285.503	285.802
290.745	0.9000000000000341	trials	33	s033_F200530	grCe_grSu18Fa	11	315.0	9	291.045	291.345
291.353	0.9000000000000341	trials	33	s033_F200530	grCe_grSu6CiNe_PS	19	90.0	9	291.653	291.953
291.995	0.9000000000000341	trials	33	s033_F200530	grCe_grSu1Ne	3	180.0	9	292.295	292.595
292.604	0.9000000000000341	trials	33	s033_F200530	grCe_grSu12SmCiNe_PS	21	90.0	9	292.904	293.203
298.996	0.9000000000000341	trials	33	s033_F200530	grCe_grSu6Ne	7	225.0	9	299.296	299.596
299.596	0.9000000000000341	trials	33	s033_F200530	grCe_grSu12SmCiNe_PS	21	315.0	9	299.896	300.196
305.989	0.9000000000000341	trials	33	s033_F200530	grCe	1	45.0	9	306.289	306.588
306.597	0.9000000000000341	trials	33	s033_F200530	grCe_grSu12SmCiNe	13	90.0	9	306.897	307.197
307.214	0.9000000000000341	trials	33	s033_F200530	grCe_grSu18Fa	11	0.0	9	307.514	307.813
313.423	0.9000000000000341	trials	33	s033_F200530	grSu3Ne	4		9	313.723	314.023
314.64	0.9000000000000341	trials	33	s033_F200530	grCe_grSu6CiNe	15	45.0	9	314.94	315.239
315.24	0.9000000000000341	trials	33	s033_F200530	grCe	1	135.0	9	315.54	315.84
320.85699999999997	0.9000000000000341	trials	33	s033_F200530	grCe_grSu6Ne	7	315.0	9	321.157	321.457
324.791	0.9000000000000341	trials	33	s033_F200530	grCe_grSu6Ne	7	180.0	9	325.091	325.391
325.39099999999996	0.9000000000000341	trials	33	s033_F200530	NoStim	0		9	325.691	325.991
326.008	0.9000000000000341	trials	33	s033_F200530	grCe_grSu18Fa	11	135.0	9	326.308	326.608
326.608	0.9000000000000341	trials	33	s033_F200530	grCe_grSu6Ne_PS	18	270.0	9	326.908	327.208
332.342	0.9000000000000341	trials	33	s033_F200530	grCe_grSu12SmCiNe	13	270.0	9	332.642	332.942
332.95	0.9000000000000341	trials	33	s033_F200530	grCe_grSu6Ne_PS	18	45.0	9	333.25	333.55
333.551	0.9000000000000341	trials	33	s033_F200530	coCe	16	270.0	1	333.851	334.15
334.159	0.9000000000000341	trials	33	s033_F200530	grCe_grSu3Ne	5	0.0	1	334.459	334.759
343.502	0.9000000000000341	trials	33	s033_F200530	grCe	1	0.0	1	343.802	344.102
344.144	0.9000000000000341	trials	33	s033_F200530	grCe_grSu6Ne_PS	18	0.0	1	344.444	344.743
344.752	0.9000000000000341	trials	33	s033_F200530	grSu6CiNe	14		1	345.052	345.352
345.352	0.9000000000000341	trials	33	s033_F200530	grCe_grSu12SmCiNe_PS	21	315.0	1	345.652	345.952
350.878	0.9000000000000341	trials	33	s033_F200530	grCe_grSu3Ne	5	225.0	1	351.178	351.477
358.34499999999997	0.9000000000000341	trials	33	s033_F200530	grCe_grSu6Ne_PS	18	315.0	1	358.645	358.945
358.954	0.9000000000000341	trials	33	s033_F200530	grCe_grSu12SmCiNe	13	90.0	1	359.254	359.554
360.19599999999997	0.9000000000000341	trials	33	s033_F200530	grCe_grSu3Ne	5	315.0	1	360.496	360.795
365.988	0.9000000000000341	trials	33	s033_F200530	grCe_grSu6Ne	7	270.0	1	366.288	366.588
366.63	0.9000000000000341	trials	33	s033_F200530	grCe_grSu18Fa	11	45.0	1	366.93	367.229
367.28	0.9000000000000341	trials	33	s033_F200530	grCe_grSu18Fa	11	225.0	1	367.58	367.88
367.888	0.9000000000000341	trials	33	s033_F200530	grCe_grSu6Ne_PS	18	135.0	1	368.188	368.488
373.606	0.9000000000000341	trials	33	s033_F200530	grCe_grSu12SmCiNe	13	0.0	1	373.906	374.205
374.214	0.9000000000000341	trials	33	s033_F200530	grCe_grSu12Mi	9	180.0	1	374.514	374.814
375.431	0.9000000000000341	trials	33	s033_F200530	grCe_grSu12SmCiNe_PS	21	270.0	1	375.731	376.031
380.998	0.9000000000000341	trials	33	s033_F200530	grCe_grSu1Ne	3	0.0	1	381.298	381.598
381.60699999999997	0.9000000000000341	trials	33	s033_F200530	grCe_grSu6CiNe_PS	19	0.0	1	381.907	382.206
382.215	0.9000000000000341	trials	33	s033_F200530	grCe_grSu12Mi	9	135.0	1	382.515	382.815
388.849	0.9000000000000341	trials	33	s033_F200530	grCe_grSu6CiNe_PS	19	225.0	1	389.149	389.449
389.466	0.9000000000000341	trials	33	s033_F200530	grCe_grSu12SmCiNe_PS	21	135.0	1	389.766	390.066
393.36699999999996	0.9000000000000341	trials	33	s033_F200530	grCe_grSu6CiNe	15	90.0	1	393.667	393.966
393.97499999999997	0.9000000000000341	trials	33	s033_F200530	grCe_grSu3Ne	5	90.0	1	394.275	394.575
394.592	0.9000000000000341	trials	33	s033_F200530	grCe_grSu18Fa	11	90.0	1	394.892	395.191
395.20799999999997	0.9000000000000341	trials	33	s033_F200530	grCe_grSu18Fa	11	0.0	1	395.508	395.808
401.401	0.9000000000000341	trials	33	s033_F200530	grSu6Ne	6		1	401.701	402.001
402.618	0.9000000000000341	trials	33	s033_F200530	grCe_grSu12SmCiNe	13	225.0	1	402.918	403.217
415.419	0.9000000000000341	trials	33	s033_F200530	grCe_grSu1Ne	3	270.0	1	415.719	416.019
416.053	0.9000000000000341	trials	33	s033_F200530	grCe_grSu6CiNe	15	0.0	1	416.353	416.653
416.65299999999996	0.9000000000000341	trials	33	s033_F200530	coCe	16	180.0	1	416.953	417.253
423.062	0.9000000000000341	trials	33	s033_F200530	grCe_grSu6CiNe_PS	19	270.0	1	423.362	423.662
424.271	0.9000000000000341	trials	33	s033_F200530	grCe_grSu12SmCiNe_PS	21	225.0	1	424.571	424.87
424.87899999999996	0.9000000000000341	trials	33	s033_F200530	grSu3Ne	4		1	425.179	425.479
435.622	0.9000000000000341	trials	33	s033_F200530	grCe_grSu12SmCiNe	13	135.0	1	435.922	436.222
436.222	0.9000000000000341	trials	33	s033_F200530	coCe	16	225.0	1	436.522	436.822
437.43899999999996	0.9000000000000341	trials	33	s033_F200530	coCe	16	0.0	1	437.739	438.039
443.83099999999996	0.9000000000000341	trials	33	s033_F200530	grCe	1	225.0	1	444.131	444.431
445.048	0.9000000000000341	trials	33	s033_F200530	grSu12SmCiNe	12		1	445.348	445.648
445.657	0.9000000000000341	trials	33	s033_F200530	grCe_grSu12SmCiNe	13	315.0	1	445.957	446.256
451.832	0.9000000000000341	trials	33	s033_F200530	grCe_grSu1Ne	3	180.0	1	452.132	452.432
452.449	0.9000000000000341	trials	33	s033_F200530	grCe_grSu12SmCiNe	13	180.0	1	452.749	453.049
453.08299999999997	0.9000000000000341	trials	33	s033_F200530	grCe_grSu6CiNe_PS	19	45.0	1	453.383	453.682
453.683	0.9000000000000341	trials	33	s033_F200530	grCe_grSu12SmCiNe_PS	21	90.0	1	453.983	454.282
459.417	0.9000000000000341	trials	33	s033_F200530	grCe_grSu6CiNe	15	270.0	1	459.717	460.016
460.667	0.9000000000000341	trials	33	s033_F200530	grCe_grSu1Ne	3	225.0	1	460.967	461.267
466.82599999999996	0.9000000000000341	trials	33	s033_F200530	grCe_grSu6CiNe	15	225.0	1	467.126	467.426
467.43399999999997	0.9000000000000341	trials	33	s033_F200530	grCe_grSu6Ne_PS	18	90.0	1	467.734	468.034
468.043	0.9000000000000341	trials	33	s033_F200530	grCe_grSu6Ne	7	180.0	1	468.343	468.643
474.319	0.9000000000000341	trials	33	s033_F200530	grCe	1	45.0	1	474.619	474.918
474.92699999999996	0.9000000000000341	trials	33	s033_F200530	grCe_grSu12SmCiNe	13	45.0	1	475.227	475.527
475.561	0.9000000000000341	trials	33	s033_F200530	grCe_grSu6Ne	7	45.0	1	475.861	476.16
476.169	0.9000000000000341	trials	33	s033_F200530	grCe_grSu6CiNe	15	315.0	1	476.469	476.769
481.84499999999997	0.9000000000000341	trials	33	s033_F200530	grCe_grSu12Mi	9	270.0	1	482.145	482.444
482.611	0.9000000000000341	trials	33	s033_F200530	coCe_grSu6Ne	17	180.0	1	482.911	483.211
483.23699999999997	0.9000000000000341	trials	33	s033_F200530	grSu18Fa	10		1	483.537	483.836
483.84499999999997	0.9000000000000341	trials	33	s033_F200530	grSu12Mi	8		1	484.145	484.445
489.871	0.9000000000000341	trials	33	s033_F200530	grCe_grSu1Ne	3	135.0	1	490.171	490.47
490.512	0.9000000000000341	trials	33	s033_F200530	grCe_grSu12Mi	9	0.0	1	490.812	491.112
491.121	0.9000000000000341	trials	33	s033_F200530	grCe_grSu12SmCiNe_PS	21	0.0	1	491.421	491.721
491.729	0.9000000000000341	trials	33	s033_F200530	grCe_grSu12SmCiNe_PS	21	45.0	1	492.029	492.329
497.247	0.9000000000000341	trials	33	s033_F200530	grCe_grSu3Ne	5	45.0	1	497.547	497.846
500.947	0.9000000000000341	trials	33	s033_F200530	grCe_grSu1Ne	3	315.0	1	501.247	501.547
502.764	0.9000000000000341	trials	33	s033_F200530	coCe	16	45.0	1	503.064	503.364
510.123	0.9000000000000341	trials	33	s033_F200530	coCe_grSu6Ne	17	315.0	1	510.423	510.723
511.365	0.8999999999999773	trials	33	s033_F200530	grCe_grSu6Ne_PS	18	45.0	1	511.665	511.965
511.974	0.9000000000000341	trials	33	s033_F200530	grCe_grSu6Ne_PS	18	270.0	1	512.274	512.573
517.8330000000001	0.8999999999999773	trials	33	s033_F200530	grCe_grSu12SmCiNe	13	270.0	1	518.133	518.432
518.4830000000001	0.8999999999999773	trials	33	s033_F200530	grCe_grSu6Ne	7	315.0	1	518.783	519.082
519.7330000000001	0.8999999999999773	trials	33	s033_F200530	coCe_grSu6Ne	17	135.0	1	520.033	520.333
526.8000000000001	0.8999999999999773	trials	33	s033_F200530	grCe_grSu12Mi	9	315.0	1	527.1	527.4
527.409	0.8999999999999773	trials	33	s033_F200530	grCe_grSu12Mi	9	45.0	1	527.709	528.009
528.017	0.8999999999999773	trials	33	s033_F200530	coCe	16	135.0	1	528.317	528.617
528.6260000000001	0.8999999999999773	trials	33	s033_F200530	coCe_grSu6Ne	17	270.0	1	528.926	529.225
534.268	0.8999999999999773	trials	33	s033_F200530	grCe_grSu18Fa	11	270.0	1	534.568	534.868
534.8770000000001	0.8999999999999773	trials	33	s033_F200530	grCe_grSu3Ne	5	135.0	1	535.177	535.476
535.485	0.8999999999999773	trials	33	s033_F200530	grCe_grSu1Ne	3	90.0	1	535.785	536.085
536.0930000000001	0.8999999999999773	trials	33	s033_F200530	grCe_grSu6CiNe_PS	19	180.0	1	536.393	536.693
545.495	0.8999999999999773	trials	33	s033_F200530	grCe_grSu6Ne_PS	18	225.0	1	545.795	546.094
546.1360000000001	0.8999999999999773	trials	33	s033_F200530	grCe_grSu6Ne	7	90.0	1	546.436	546.736
546.745	0.8999999999999773	trials	33	s033_F200530	coCe_grSu6Ne	17	45.0	1	547.045	547.344
547.37	0.8999999999999773	trials	33	s033_F200530	coCe_grSu6Ne	17	0.0	1	547.67	547.97
552.8710000000001	0.8999999999999773	trials	33	s033_F200530	grCe_grSu6Ne_PS	18	180.0	1	553.171	553.47
561.48	0.8999999999999773	trials	33	s033_F200530	grCe_grSu6CiNe_PS	19	315.0	1	561.78	562.08
567.797	0.8999999999999773	trials	33	s033_F200530	grCe_grSu18Fa	11	315.0	1	568.097	568.397
569.0310000000001	0.8999999999999773	trials	33	s033_F200530	grCe_grSu6CiNe	15	180.0	1	569.331	569.631
569.639	0.8999999999999773	trials	33	s033_F200530	grCe	1	270.0	1	569.939	570.239
575.282	0.8999999999999773	trials	33	s033_F200530	grCe_grSu12SmCiNe_PS	21	180.0	1	575.582	575.881
575.8900000000001	0.8999999999999773	trials	33	s033_F200530	grCe_grSu12Mi	9	90.0	1	576.19	576.49
577.124	0.8999999999999773	trials	33	s033_F200530	coCe_grSu6Ne	17	225.0	1	577.424	577.723
582.649	0.8999999999999773	trials	33	s033_F200530	grCe_grSu6Ne	7	0.0	1	582.949	583.249
586.125	0.8999999999999773	trials	33	s033_F200530	grCe_grSu6CiNe	15	45.0	1	586.425	586.725
586.7330000000001	0.8999999999999773	trials	33	s033_F200530	grCe_grSu6Ne	7	135.0	1	587.033	587.333
587.3670000000001	0.8999999999999773	trials	33	s033_F200530	grCe_grSu3Ne	5	270.0	1	587.667	587.966
587.975	0.8999999999999773	trials	33	s033_F200530	grCe_grSu12Mi	9	225.0	1	588.275	588.575
593.909	0.8999999999999773	trials	33	s033_F200530	grCe_grSu6CiNe_PS	19	90.0	1	594.209	594.509
594.518	0.8999999999999773	trials	33	s033_F200530	grSu1Ne	2		1	594.818	595.117
595.134	0.8999999999999773	trials	33	s033_F200530	grCe_grSu18Fa	11	180.0	1	595.434	595.734
604.611	0.8999999999999773	trials	33	s033_F200530	grCe	1	180.0	1	604.911	605.21
605.211	0.8999999999999773	trials	33	s033_F200530	coCe	16	315.0	1	605.511	605.81
606.436	0.8999999999999773	trials	33	s033_F200530	grCe	1	90.0	1	606.736	607.035
612.128	0.8999999999999773	trials	33	s033_F200530	grCe_grSu6CiNe_PS	19	135.0	1	612.428	612.728
612.7280000000001	0.8999999999999773	trials	33	s033_F200530	grCe	1	315.0	1	613.028	613.328
613.337	0.8999999999999773	trials	33	s033_F200530	coSu6Ne	20		1	613.637	613.936
613.945	0.8999999999999773	trials	33	s033_F200530	grCe_grSu1Ne	3	45.0	1	614.245	614.545
619.662	0.8999999999999773	trials	33	s033_F200530	grCe_grSu3Ne	5	180.0	1	619.962	620.262
620.288	0.8999999999999773	trials	33	s033_F200530	coCe_grSu6Ne	17	90.0	1	620.588	620.887
620.904	0.8999999999999773	trials	33	s033_F200530	grCe_grSu18Fa	11	135.0	1	621.204	621.504
624.363	0.8999999999999773	trials	33	s033_F200530	grCe_grSu6CiNe	15	135.0	1	624.663	624.963
625.5970000000001	0.8999999999999773	trials	33	s033_F200530	NoStim	0		1	625.897	626.196
626.197	0.8999999999999773	trials	33	s033_F200530	coCe	16	90.0	1	626.497	626.796
631.731	0.8999999999999773	trials	33	s033_F200530	grCe	1	135.0	1	632.031	632.33
632.339	0.8999999999999773	trials	33	s033_F200530	grCe_grSu6Ne	7	225.0	1	632.639	632.939
632.9480000000001	0.8999999999999773	trials	33	s033_F200530	coCe	16	180.0	8	633.248	633.547
639.157	0.8999999999999773	trials	33	s033_F200530	grCe	1	315.0	8	639.457	639.756
639.7650000000001	0.8999999999999773	trials	33	s033_F200530	grCe_grSu6CiNe	15	0.0	8	640.065	640.365
640.373	0.8999999999999773	trials	33	s033_F200530	grSu1Ne	2		8	640.673	640.973
640.974	0.8999999999999773	trials	33	s033_F200530	grCe_grSu6CiNe_PS	19	225.0	8	641.274	641.573
650.508	0.8999999999999773	trials	33	s033_F200530	grCe_grSu1Ne	3	45.0	8	650.808	651.108
651.1170000000001	0.8999999999999773	trials	33	s033_F200530	grCe_grSu12Mi	9	315.0	8	651.417	651.716
651.75	0.8999999999999773	trials	33	s033_F200530	coCe_grSu6Ne	17	135.0	8	652.05	652.35
652.3670000000001	0.8999999999999773	trials	33	s033_F200530	grCe_grSu18Fa	11	0.0	8	652.667	652.966
658.826	0.8999999999999773	trials	33	s033_F200530	grCe_grSu6CiNe_PS	19	90.0	8	659.126	659.426
659.426	0.8999999999999773	trials	33	s033_F200530	grCe	1	135.0	8	659.726	660.026
660.034	0.8999999999999773	trials	33	s033_F200530	grCe_grSu6CiNe_PS	19	135.0	8	660.334	660.634
665.8770000000001	0.8999999999999773	trials	33	s033_F200530	grCe_grSu12SmCiNe	13	270.0	8	666.177	666.476
666.485	0.8999999999999773	trials	33	s033_F200530	grSu6CiNe	14		8	666.785	667.085
667.085	0.8999999999999773	trials	33	s033_F200530	grCe_grSu6Ne_PS	18	90.0	8	667.385	667.685
667.735	0.8999999999999773	trials	33	s033_F200530	grCe_grSu18Fa	11	45.0	8	668.035	668.335
677.695	0.8999999999999773	trials	33	s033_F200530	NoStim	0		8	677.995	678.295
678.32	0.8999999999999773	trials	33	s033_F200530	grCe_grSu6CiNe_PS	19	180.0	8	678.62	678.92
678.928	0.8999999999999773	trials	33	s033_F200530	coCe_grSu6Ne	17	270.0	8	679.228	679.528
703.8820000000001	0.8999999999999773	trials	33	s033_F200530	grCe_grSu6Ne_PS	18	315.0	8	704.182	704.481
707.49	0.8999999999999773	trials	33	s033_F200530	grCe_grSu6CiNe	15	90.0	8	707.79	708.09
711.1160000000001	0.8999999999999773	trials	33	s033_F200530	grCe_grSu12SmCiNe_PS	21	90.0	8	711.416	711.716
712.3330000000001	0.8999999999999773	trials	33	s033_F200530	grCe_grSu1Ne	3	0.0	8	712.633	712.932
712.941	0.8999999999999773	trials	33	s033_F200530	grCe_grSu12SmCiNe_PS	21	270.0	8	713.241	713.541
721.484	0.8999999999999773	trials	33	s033_F200530	grCe	1	270.0	8	721.784	722.084
722.1170000000001	0.8999999999999773	trials	33	s033_F200530	grCe_grSu3Ne	5	225.0	8	722.417	722.717
728.86	0.8999999999999773	trials	33	s033_F200530	grCe	1	45.0	8	729.16	729.46
729.4770000000001	0.8999999999999773	trials	33	s033_F200530	grCe	1	180.0	8	729.777	730.076
730.077	0.8999999999999773	trials	33	s033_F200530	coCe	16	315.0	8	730.377	730.676
730.6850000000001	0.8999999999999773	trials	33	s033_F200530	grCe_grSu12SmCiNe	13	135.0	8	730.985	731.285
736.2030000000001	0.8999999999999773	trials	33	s033_F200530	grCe_grSu6CiNe_PS	19	0.0	8	736.503	736.802
739.811	0.8999999999999773	trials	33	s033_F200530	grCe	1	225.0	8	740.111	740.411
743.3620000000001	0.8999999999999773	trials	33	s033_F200530	grCe_grSu1Ne	3	270.0	8	743.662	743.961
747.037	0.8999999999999773	trials	33	s033_F200530	grSu3Ne	4		8	747.337	747.637
747.6370000000001	0.8999999999999773	trials	33	s033_F200530	grCe	1	90.0	8	747.937	748.237
751.113	0.8999999999999773	trials	33	s033_F200530	grCe_grSu12Mi	9	90.0	8	751.413	751.712
751.721	0.8999999999999773	trials	33	s033_F200530	grCe_grSu6CiNe	15	180.0	8	752.021	752.321
752.321	0.8999999999999773	trials	33	s033_F200530	grCe	1	0.0	8	752.621	752.921
752.9300000000001	0.8999999999999773	trials	33	s033_F200530	grCe_grSu12Mi	9	135.0	8	753.23	753.529
762.556	0.8999999999999773	trials	33	s033_F200530	grCe_grSu6Ne	7	135.0	8	762.856	763.156
763.7810000000001	0.8999999999999773	trials	33	s033_F200530	grSu18Fa	10		8	764.081	764.381
770.9490000000001	0.8999999999999773	trials	33	s033_F200530	grCe_grSu18Fa	11	225.0	8	771.249	771.548
771.557	0.8999999999999773	trials	33	s033_F200530	grCe_grSu3Ne	5	45.0	8	771.857	772.157
777.224	0.8999999999999773	trials	33	s033_F200530	coCe_grSu6Ne	17	225.0	8	777.524	777.824
777.841	0.8999999999999773	trials	33	s033_F200530	coCe_grSu6Ne	17	0.0	8	778.141	778.441
778.45	0.8999999999999773	trials	33	s033_F200530	grCe_grSu12Mi	9	270.0	8	778.75	779.049
779.075	0.8999999999999773	trials	33	s033_F200530	grCe_grSu12SmCiNe_PS	21	315.0	8	779.375	779.674
802.394	0.8999999999999773	trials	33	s033_F200530	coCe	16	270.0	8	802.694	802.994
806.9530000000001	0.8999999999999773	trials	33	s033_F200530	grCe_grSu1Ne	3	180.0	8	807.253	807.553
807.562	0.8999999999999773	trials	33	s033_F200530	grCe_grSu12Mi	9	45.0	8	807.862	808.161
808.1700000000001	0.8999999999999773	trials	33	s033_F200530	grCe_grSu6Ne	7	90.0	8	808.47	808.77
814.504	0.8999999999999773	trials	33	s033_F200530	coCe_grSu6Ne	17	315.0	8	814.804	815.104
815.113	0.8999999999999773	trials	33	s033_F200530	grCe_grSu6CiNe	15	225.0	8	815.413	815.712
815.721	0.8999999999999773	trials	33	s033_F200530	grCe_grSu6Ne	7	315.0	8	816.021	816.321
816.33	0.8999999999999773	trials	33	s033_F200530	grCe_grSu12Mi	9	225.0	8	816.63	816.929
822.014	0.8999999999999773	trials	33	s033_F200530	grCe_grSu12SmCiNe	13	45.0	8	822.314	822.613
822.6220000000001	0.8999999999999773	trials	33	s033_F200530	grCe_grSu12SmCiNe_PS	21	225.0	8	822.922	823.222
823.23	0.8999999999999773	trials	33	s033_F200530	grCe_grSu3Ne	5	315.0	8	823.53	823.83
823.831	0.8999999999999773	trials	33	s033_F200530	coCe	16	0.0	8	824.131	824.43
837.316	0.8999999999999773	trials	33	s033_F200530	grCe_grSu1Ne	3	135.0	8	837.616	837.915
837.932	0.8999999999999773	trials	33	s033_F200530	grCe_grSu6CiNe_PS	19	270.0	8	838.232	838.532
838.541	0.8999999999999773	trials	33	s033_F200530	grCe_grSu12Mi	9	0.0	8	838.841	839.14
844.408	0.8999999999999773	trials	33	s033_F200530	grCe_grSu6CiNe	15	270.0	8	844.708	845.008
848.192	0.8999999999999773	trials	33	s033_F200530	grCe_grSu6Ne_PS	18	135.0	8	848.492	848.792
848.792	0.8999999999999773	trials	33	s033_F200530	grCe_grSu6CiNe_PS	19	315.0	8	849.092	849.392
849.392	0.8999999999999773	trials	33	s033_F200530	grSu12SmCiNe	12		8	849.692	849.992
850.034	0.8999999999999773	trials	33	s033_F200530	grSu6Ne	6		8	850.334	850.634
855.7510000000001	0.8999999999999773	trials	33	s033_F200530	coSu6Ne	20		8	856.051	856.351
856.36	0.8999999999999773	trials	33	s033_F200530	grCe_grSu6Ne	7	180.0	8	856.66	856.959
857.11	0.8999999999999773	trials	33	s033_F200530	grCe_grSu18Fa	11	180.0	8	857.41	857.709
857.7270000000001	0.8999999999999773	trials	33	s033_F200530	grCe_grSu18Fa	11	270.0	8	858.027	858.326
867.611	0.8999999999999773	trials	33	s033_F200530	coCe_grSu6Ne	17	180.0	8	867.911	868.211
868.8280000000001	0.8999999999999773	trials	33	s033_F200530	grCe_grSu12SmCiNe	13	180.0	8	869.128	869.428
874.912	0.8999999999999773	trials	33	s033_F200530	grCe_grSu18Fa	11	90.0	8	875.212	875.512
878.7130000000001	0.8999999999999773	trials	33	s033_F200530	grCe_grSu6Ne_PS	18	180.0	8	879.013	879.312
879.9290000000001	0.8999999999999773	trials	33	s033_F200530	grCe_grSu12SmCiNe	13	225.0	8	880.229	880.529
887.33	0.8999999999999773	trials	33	s033_F200530	grCe_grSu12SmCiNe_PS	21	45.0	8	887.63	887.93
891.706	0.8999999999999773	trials	33	s033_F200530	grCe_grSu1Ne	3	315.0	8	892.006	892.306
893.5310000000001	0.8999999999999773	trials	33	s033_F200530	grCe_grSu6Ne_PS	18	270.0	8	893.831	894.131
899.307	0.8999999999999773	trials	33	s033_F200530	grCe_grSu12Mi	9	180.0	8	899.607	899.907
899.9150000000001	0.8999999999999773	trials	33	s033_F200530	grCe_grSu12SmCiNe	13	315.0	8	900.215	900.515
900.5490000000001	0.8999999999999773	trials	33	s033_F200530	grCe_grSu6CiNe	15	135.0	8	900.849	901.148
901.1740000000001	0.8999999999999773	trials	33	s033_F200530	grCe_grSu6CiNe_PS	19	45.0	8	901.474	901.774
909.5920000000001	0.8999999999999773	trials	33	s033_F200530	grCe_grSu1Ne	3	90.0	8	909.892	910.191
910.2	0.8999999999999773	trials	33	s033_F200530	grCe_grSu3Ne	5	180.0	8	910.5	910.8
910.808	0.8999999999999773	trials	33	s033_F200530	grCe_grSu6CiNe	15	315.0	8	911.108	911.408
911.45	0.8999999999999773	trials	33	s033_F200530	grCe_grSu1Ne	3	225.0	8	911.75	912.05
918.1930000000001	0.8999999999999773	trials	33	s033_F200530	grCe_grSu12SmCiNe	13	0.0	8	918.493	918.792
918.793	0.8999999999999773	trials	33	s033_F200530	coCe	16	135.0	8	919.093	919.392
919.4010000000001	0.8999999999999773	trials	33	s033_F200530	grCe_grSu6Ne	7	225.0	8	919.701	920.001
925.1940000000001	0.8999999999999773	trials	33	s033_F200530	coCe_grSu6Ne	17	90.0	8	925.494	925.793
929.619	0.8999999999999773	trials	33	s033_F200530	grCe_grSu6Ne	7	270.0	8	929.919	930.219
930.2280000000001	0.8999999999999773	trials	33	s033_F200530	grCe_grSu3Ne	5	135.0	8	930.528	930.827
931.436	0.8999999999999773	trials	33	s033_F200530	coCe	16	225.0	8	931.736	932.036
937.053	0.8999999999999773	trials	33	s033_F200530	grCe_grSu6Ne_PS	18	225.0	8	937.353	937.653
940.504	0.8999999999999773	trials	33	s033_F200530	coCe_grSu6Ne	17	45.0	8	940.804	941.104
941.104	0.8999999999999773	trials	33	s033_F200530	coCe	16	90.0	8	941.404	941.704
941.7460000000001	0.8999999999999773	trials	33	s033_F200530	grCe_grSu6Ne	7	0.0	8	942.046	942.345
951.089	0.8999999999999773	trials	33	s033_F200530	grCe_grSu3Ne	5	270.0	8	951.389	951.688
951.6890000000001	0.8999999999999773	trials	33	s033_F200530	grCe_grSu6Ne_PS	18	0.0	8	951.989	952.288
952.9140000000001	0.8999999999999773	trials	33	s033_F200530	grCe_grSu12SmCiNe	13	90.0	8	953.214	953.514
958.4730000000001	0.8999999999999773	trials	33	s033_F200530	grSu12Mi	8		8	958.773	959.073
959.09	0.8999999999999773	trials	33	s033_F200530	grCe_grSu18Fa	11	135.0	8	959.39	959.689
960.3230000000001	0.8999999999999773	trials	33	s033_F200530	grCe_grSu6Ne	7	45.0	8	960.623	960.923
966.0740000000001	0.8999999999999773	trials	33	s033_F200530	grCe_grSu3Ne	5	90.0	8	966.374	966.674
966.716	0.8999999999999773	trials	33	s033_F200530	grCe_grSu6CiNe	15	45.0	8	967.016	967.315
967.957	0.8999999999999773	trials	33	s033_F200530	grCe_grSu12SmCiNe_PS	21	135.0	8	968.257	968.557
973.4830000000001	0.8999999999999773	trials	33	s033_F200530	coCe	16	45.0	8	973.783	974.083
974.0920000000001	0.8999999999999773	trials	33	s033_F200530	grCe_grSu12SmCiNe_PS	21	180.0	8	974.392	974.691
974.7330000000001	0.8999999999999773	trials	33	s033_F200530	grCe_grSu6Ne_PS	18	45.0	8	975.033	975.333
975.35	0.8999999999999773	trials	33	s033_F200530	grCe_grSu18Fa	11	315.0	8	975.65	975.95
980.917	0.8999999999999773	trials	33	s033_F200530	grCe_grSu12SmCiNe_PS	21	0.0	8	981.217	981.517
981.543	0.8999999999999773	trials	33	s033_F200530	grCe_grSu3Ne	5	0.0	8	981.843	982.142
988.743	0.8999999999999773	trials	33	s033_F200530	grCe_grSu6Ne_PS	18	180.0	7	989.043	989.343
989.369	0.8999999999999773	trials	33	s033_F200530	grCe_grSu6Ne_PS	18	90.0	7	989.669	989.968
989.994	0.8999999999999773	trials	33	s033_F200530	grCe_grSu6CiNe_PS	19	45.0	7	990.294	990.593
990.6020000000001	0.8999999999999773	trials	33	s033_F200530	grCe_grSu6Ne	7	45.0	7	990.902	991.202
997.1700000000001	0.8999999999999773	trials	33	s033_F200530	grCe_grSu6CiNe	15	270.0	7	997.47	997.769
997.7700000000001	0.8999999999999773	trials	33	s033_F200530	NoStim	0		7	998.07	998.369
998.37	0.8999999999999773	trials	33	s033_F200530	grCe	1	0.0	7	998.67	998.969
1015.0550000000001	0.8999999999999773	trials	33	s033_F200530	grCe	1	90.0	7	1015.355	1015.655
1015.6800000000001	0.8999999999999773	trials	33	s033_F200530	grCe_grSu3Ne	5	315.0	7	1015.98	1016.28
1016.2890000000001	0.8999999999999773	trials	33	s033_F200530	grCe_grSu6Ne	7	180.0	7	1016.589	1016.888
1016.897	0.8999999999999773	trials	33	s033_F200530	grCe_grSu12Mi	9	225.0	7	1017.197	1017.497
1022.815	0.8999999999999773	trials	33	s033_F200530	coCe	16	90.0	7	1023.115	1023.414
1026.757	0.8999999999998636	trials	33	s033_F200530	grCe_grSu1Ne	3	315.0	7	1027.057	1027.356
1027.365	0.8999999999998636	trials	33	s033_F200530	grCe_grSu1Ne	3	225.0	7	1027.665	1027.965
1027.974	0.8999999999998636	trials	33	s033_F200530	coCe_grSu6Ne	17	0.0	7	1028.274	1028.573
1032.349	0.8999999999998636	trials	33	s033_F200530	grCe_grSu12SmCiNe	13	90.0	7	1032.649	1032.949
1032.949	0.8999999999998636	trials	33	s033_F200530	grCe	1	270.0	7	1033.249	1033.549
1039.192	0.8999999999998636	trials	33	s033_F200530	grCe_grSu6CiNe_PS	19	0.0	7	1039.492	1039.791
1040.4	0.8999999999998636	trials	33	s033_F200530	grCe	1	135.0	7	1040.7	1041.0
1041.009	0.8999999999998636	trials	33	s033_F200530	grCe_grSu12SmCiNe_PS	21	0.0	7	1041.309	1041.608
1046.593	0.8999999999998636	trials	33	s033_F200530	grCe_grSu12SmCiNe	13	45.0	7	1046.893	1047.192
1047.218	0.8999999999998636	trials	33	s033_F200530	grCe_grSu6Ne	7	270.0	7	1047.518	1047.817
1047.851	0.8999999999998636	trials	33	s033_F200530	grCe_grSu6Ne_PS	18	315.0	7	1048.151	1048.451
1048.493	0.8999999999998636	trials	33	s033_F200530	grCe_grSu3Ne	5	180.0	7	1048.793	1049.093
1054.1100000000001	0.8999999999998636	trials	33	s033_F200530	grCe_grSu6Ne_PS	18	0.0	7	1054.41	1054.71
1055.352	0.8999999999998636	trials	33	s033_F200530	grCe_grSu12SmCiNe	13	0.0	7	1055.652	1055.952
1055.96	0.8999999999998636	trials	33	s033_F200530	grCe_grSu6CiNe	15	45.0	7	1056.26	1056.56
1061.553	0.8999999999998636	trials	33	s033_F200530	grCe_grSu6CiNe_PS	19	225.0	7	1061.853	1062.153
1062.161	0.8999999999998636	trials	33	s033_F200530	grCe_grSu6CiNe_PS	19	90.0	7	1062.461	1062.761
1062.778	0.8999999999998636	trials	33	s033_F200530	grCe_grSu18Fa	11	180.0	7	1063.078	1063.378
1063.403	0.8999999999998636	trials	33	s033_F200530	coCe	16	0.0	7	1063.703	1064.003
1071.979	0.8999999999998636	trials	33	s033_F200530	grCe_grSu3Ne	5	270.0	7	1072.279	1072.579
1072.613	0.8999999999998636	trials	33	s033_F200530	coCe	16	180.0	7	1072.913	1073.212
1073.221	0.8999999999998636	trials	33	s033_F200530	grCe_grSu3Ne	5	135.0	7	1073.521	1073.821
1073.838	0.8999999999998636	trials	33	s033_F200530	grCe_grSu6CiNe	15	180.0	7	1074.138	1074.437
1088.881	0.8999999999998636	trials	33	s033_F200530	grCe_grSu18Fa	11	315.0	7	1089.181	1089.481
1089.49	0.8999999999998636	trials	33	s033_F200530	grCe_grSu6Ne_PS	18	45.0	7	1089.79	1090.089
1090.098	0.8999999999998636	trials	33	s033_F200530	grCe_grSu6Ne_PS	18	270.0	7	1090.398	1090.698
1090.698	0.8999999999998636	trials	33	s033_F200530	coCe	16	270.0	7	1090.998	1091.298
1096.449	0.8999999999998636	trials	33	s033_F200530	grCe_grSu1Ne	3	0.0	7	1096.749	1097.049
1100.141	0.8999999999998636	trials	33	s033_F200530	grCe_grSu12SmCiNe_PS	21	270.0	7	1100.441	1100.741
1101.958	0.8999999999998636	trials	33	s033_F200530	grCe_grSu6CiNe_PS	19	270.0	7	1102.258	1102.558
1107.642	0.8999999999998636	trials	33	s033_F200530	grCe_grSu6CiNe_PS	19	315.0	7	1107.942	1108.242
1111.784	0.8999999999998636	trials	33	s033_F200530	grCe_grSu3Ne	5	45.0	7	1112.084	1112.384
1112.393	0.8999999999998636	trials	33	s033_F200530	grCe_grSu6CiNe	15	135.0	7	1112.693	1112.992
1113.035	0.8999999999998636	trials	33	s033_F200530	grCe_grSu6CiNe	15	315.0	7	1113.335	1113.634
1113.66	0.8999999999998636	trials	33	s033_F200530	grCe_grSu6Ne_PS	18	135.0	7	1113.96	1114.259
1128.9370000000001	0.8999999999998636	trials	33	s033_F200530	grSu12SmCiNe	12		7	1129.237	1129.536
1136.438	0.8999999999998636	trials	33	s033_F200530	grCe_grSu12Mi	9	45.0	7	1136.738	1137.037
1137.054	0.8999999999998636	trials	33	s033_F200530	coCe_grSu6Ne	17	135.0	7	1137.354	1137.654
1137.663	0.8999999999998636	trials	33	s033_F200530	grCe_grSu3Ne	5	90.0	7	1137.963	1138.262
1138.288	0.8999999999998636	trials	33	s033_F200530	grCe_grSu6CiNe_PS	19	180.0	7	1138.588	1138.887
1157.8400000000001	0.8999999999998636	trials	33	s033_F200530	grCe_grSu18Fa	11	45.0	7	1158.14	1158.44
1158.549	0.8999999999998636	trials	33	s033_F200530	grCe_grSu1Ne	3	135.0	7	1158.849	1159.148
1159.1570000000002	0.8999999999998636	trials	33	s033_F200530	coCe_grSu6Ne	17	270.0	7	1159.457	1159.757
1159.7740000000001	0.8999999999998636	trials	33	s033_F200530	grSu18Fa	10		7	1160.074	1160.374
1165.6000000000001	0.8999999999998636	trials	33	s033_F200530	grSu3Ne	4		7	1165.9	1166.199
1166.208	0.8999999999998636	trials	33	s033_F200530	grCe_grSu1Ne	3	45.0	7	1166.508	1166.808
1169.758	0.8999999999998636	trials	33	s033_F200530	coSu6Ne	20		7	1170.058	1170.358
1170.9750000000001	0.8999999999998636	trials	33	s033_F200530	grCe_grSu6Ne_PS	18	225.0	7	1171.275	1171.575
1171.592	0.8999999999998636	trials	33	s033_F200530	grCe_grSu12Mi	9	315.0	7	1171.892	1172.192
1177.1090000000002	0.8999999999998636	trials	33	s033_F200530	grCe_grSu12Mi	9	270.0	7	1177.409	1177.709
1177.718	0.8999999999998636	trials	33	s033_F200530	grCe_grSu6Ne	7	90.0	7	1178.018	1178.318
1178.326	0.8999999999998636	trials	33	s033_F200530	grCe_grSu6CiNe	15	0.0	7	1178.626	1178.926
1184.444	0.8999999999998636	trials	33	s033_F200530	grCe_grSu6Ne	7	0.0	7	1184.744	1185.043
1185.652	0.8999999999998636	trials	33	s033_F200530	grCe	1	45.0	7	1185.952	1186.252
1186.277	0.8999999999998636	trials	33	s033_F200530	coCe_grSu6Ne	17	225.0	7	1186.577	1186.877
1193.1280000000002	0.8999999999998636	trials	33	s033_F200530	grCe_grSu18Fa	11	0.0	7	1193.428	1193.728
1193.728	0.8999999999998636	trials	33	s033_F200530	grCe	1	315.0	7	1194.028	1194.328
1194.337	0.8999999999998636	trials	33	s033_F200530	grCe_grSu6CiNe	15	225.0	7	1194.637	1194.936
1211.897	0.8999999999998636	trials	33	s033_F200530	grCe_grSu12SmCiNe_PS	21	45.0	7	1212.197	1212.497
1223.665	0.8999999999998636	trials	33	s033_F200530	grCe_grSu1Ne	3	90.0	7	1223.965	1224.265
1224.291	0.8999999999998636	trials	33	s033_F200530	grCe_grSu12SmCiNe_PS	21	180.0	7	1224.591	1224.89
1228.549	0.8999999999998636	trials	33	s033_F200530	grCe_grSu12SmCiNe_PS	21	315.0	7	1228.849	1229.149
1229.1580000000001	0.8999999999998636	trials	33	s033_F200530	coCe_grSu6Ne	17	90.0	7	1229.458	1229.758
1229.758	0.8999999999998636	trials	33	s033_F200530	grCe	1	180.0	7	1230.058	1230.358
1230.366	0.8999999999998636	trials	33	s033_F200530	grCe_grSu12SmCiNe	13	315.0	7	1230.666	1230.966
1236.65	0.8999999999998636	trials	33	s033_F200530	grCe_grSu12Mi	9	180.0	7	1236.95	1237.25
1237.259	0.8999999999998636	trials	33	s033_F200530	grCe_grSu12SmCiNe	13	180.0	7	1237.559	1237.859
1237.867	0.8999999999998636	trials	33	s033_F200530	grSu1Ne	2		7	1238.167	1238.467
1249.2440000000001	0.8999999999998636	trials	33	s033_F200530	grCe_grSu3Ne	5	0.0	7	1249.544	1249.843
1249.852	0.8999999999998636	trials	33	s033_F200530	grCe_grSu1Ne	3	180.0	7	1250.152	1250.452
1250.469	0.8999999999998636	trials	33	s033_F200530	grCe_grSu12Mi	9	135.0	7	1250.769	1251.069
1251.077	0.8999999999998636	trials	33	s033_F200530	grCe_grSu12SmCiNe	13	225.0	7	1251.377	1251.677
1290.416	0.8999999999998636	trials	33	s033_F200530	grCe_grSu12SmCiNe_PS	21	225.0	7	1290.716	1291.015
1291.0240000000001	0.8999999999998636	trials	33	s033_F200530	grSu12Mi	8		7	1291.324	1291.624
1291.633	0.8999999999998636	trials	33	s033_F200530	grCe_grSu1Ne	3	270.0	7	1291.933	1292.232
1307.26	0.8999999999998636	trials	33	s033_F200530	grCe_grSu3Ne	5	225.0	7	1307.56	1307.859
1312.027	0.8999999999998636	trials	33	s033_F200530	grCe_grSu12SmCiNe	13	270.0	7	1312.327	1312.627
1312.652	0.8999999999998636	trials	33	s033_F200530	coCe_grSu6Ne	17	315.0	7	1312.952	1313.252
1335.2050000000002	0.8999999999998636	trials	33	s033_F200530	grCe_grSu18Fa	11	225.0	7	1335.505	1335.805
1335.805	0.8999999999998636	trials	33	s033_F200530	coCe	16	225.0	7	1336.105	1336.405
1340.114	0.8999999999998636	trials	33	s033_F200530	grCe_grSu12Mi	9	0.0	7	1340.414	1340.714
1340.722	0.8999999999998636	trials	33	s033_F200530	grCe_grSu6Ne	7	135.0	7	1341.022	1341.322
1341.931	0.8999999999998636	trials	33	s033_F200530	grCe_grSu6Ne	7	315.0	7	1342.231	1342.53
1348.182	0.8999999999998636	trials	33	s033_F200530	grCe_grSu12Mi	9	90.0	7	1348.482	1348.781
1350.223	0.8999999999998636	trials	33	s033_F200530	grCe_grSu6Ne	7	225.0	7	1350.523	1350.823
1355.933	0.8999999999998636	trials	33	s033_F200530	coCe	16	315.0	7	1356.233	1356.532
1357.1580000000001	0.8999999999998636	trials	33	s033_F200530	grCe_grSu12SmCiNe	13	135.0	7	1357.458	1357.757
1357.766	0.8999999999998636	trials	33	s033_F200530	grCe_grSu6CiNe	15	90.0	7	1358.066	1358.366
1363.367	0.8999999999998636	trials	33	s033_F200530	grCe_grSu6CiNe_PS	19	135.0	7	1363.667	1363.967
1363.9750000000001	0.8999999999998636	trials	33	s033_F200530	coCe_grSu6Ne	17	45.0	7	1364.275	1364.575
1368.0420000000001	0.8999999999998636	trials	33	s033_F200530	grCe_grSu12SmCiNe_PS	21	90.0	7	1368.342	1368.642
1368.659	0.8999999999998636	trials	33	s033_F200530	grCe	1	225.0	7	1368.959	1369.259
1369.259	0.8999999999998636	trials	33	s033_F200530	coCe	16	45.0	7	1369.559	1369.859
1369.893	0.8999999999998636	trials	33	s033_F200530	grCe_grSu12SmCiNe_PS	21	135.0	7	1370.193	1370.492
1375.51	0.8999999999998636	trials	33	s033_F200530	grCe_grSu18Fa	11	270.0	7	1375.81	1376.11
1376.127	0.8999999999998636	trials	33	s033_F200530	grCe_grSu18Fa	11	135.0	7	1376.427	1376.726
1376.727	0.8999999999998636	trials	33	s033_F200530	coCe	16	135.0	7	1377.027	1377.327
1377.327	0.8999999999998636	trials	33	s033_F200530	grSu6CiNe	14		7	1377.627	1377.927
1382.928	0.8999999999998636	trials	33	s033_F200530	grSu6Ne	6		7	1383.228	1383.527
1386.4360000000001	0.8999999999998636	trials	33	s033_F200530	coCe_grSu6Ne	17	180.0	7	1386.736	1387.036
1387.053	0.8999999999998636	trials	33	s033_F200530	grCe_grSu18Fa	11	90.0	7	1387.353	1387.653
1387.662	0.8999999999998636	trials	33	s033_F200530	coCe	16	315.0	5	1387.962	1388.261
1388.278	0.8999999999998636	trials	33	s033_F200530	grCe_grSu3Ne	5	0.0	5	1388.578	1388.878
1394.262	0.8999999999998636	trials	33	s033_F200530	grCe_grSu3Ne	5	225.0	5	1394.562	1394.862
1394.863	0.8999999999998636	trials	33	s033_F200530	grCe_grSu12SmCiNe_PS	21	180.0	5	1395.163	1395.462
1395.496	0.8999999999998636	trials	33	s033_F200530	grCe_grSu6Ne	7	225.0	5	1395.796	1396.096
1396.104	0.8999999999998636	trials	33	s033_F200530	coCe_grSu6Ne	17	135.0	5	1396.404	1396.704
1403.005	0.8999999999998636	trials	33	s033_F200530	grSu12Mi	8		5	1403.305	1403.605
1404.222	0.8999999999998636	trials	33	s033_F200530	grCe_grSu1Ne	3	45.0	5	1404.522	1404.822
1409.814	0.8999999999998636	trials	33	s033_F200530	grCe	1	90.0	5	1410.114	1410.414
1410.423	0.8999999999998636	trials	33	s033_F200530	grCe_grSu1Ne	3	0.0	5	1410.723	1411.023
1411.065	0.8999999999998636	trials	33	s033_F200530	coCe	16	0.0	5	1411.365	1411.664
1417.424	0.8999999999998636	trials	33	s033_F200530	grSu12SmCiNe	12		5	1417.724	1418.024
1418.6570000000002	0.8999999999998636	trials	33	s033_F200530	grCe_grSu12Mi	9	180.0	5	1418.957	1419.257
1419.266	0.8999999999998636	trials	33	s033_F200530	grCe_grSu3Ne	5	45.0	5	1419.566	1419.865
1443.611	0.8999999999998636	trials	33	s033_F200530	coCe	16	45.0	5	1443.911	1444.21
1444.219	0.8999999999998636	trials	33	s033_F200530	grCe_grSu6CiNe_PS	19	45.0	5	1444.519	1444.819
1444.827	0.8999999999998636	trials	33	s033_F200530	grCe_grSu6Ne	7	135.0	5	1445.127	1445.427
1451.178	0.8999999999998636	trials	33	s033_F200530	grCe_grSu6Ne	7	315.0	5	1451.478	1451.778
1451.795	0.8999999999998636	trials	33	s033_F200530	grCe_grSu6CiNe_PS	19	315.0	5	1452.095	1452.395
1452.453	0.8999999999998636	trials	33	s033_F200530	grCe_grSu18Fa	11	0.0	5	1452.753	1453.053
1453.0620000000001	0.8999999999998636	trials	33	s033_F200530	grCe_grSu6Ne_PS	18	135.0	5	1453.362	1453.661
1458.679	0.8999999999998636	trials	33	s033_F200530	grCe_grSu12Mi	9	45.0	5	1458.979	1459.279
1462.5800000000002	0.8999999999998636	trials	33	s033_F200530	grCe_grSu1Ne	3	270.0	5	1462.88	1463.179
1463.221	0.8999999999998636	trials	33	s033_F200530	grCe_grSu18Fa	11	45.0	5	1463.521	1463.821
1464.4470000000001	0.8999999999998636	trials	33	s033_F200530	grCe_grSu18Fa	11	270.0	5	1464.747	1465.046
1481.074	0.8999999999998636	trials	33	s033_F200530	grCe_grSu3Ne	5	180.0	5	1481.374	1481.673
1481.682	0.8999999999998636	trials	33	s033_F200530	grCe_grSu12SmCiNe_PS	21	90.0	5	1481.982	1482.282
1482.307	0.8999999999998636	trials	33	s033_F200530	grCe_grSu6CiNe	15	270.0	5	1482.607	1482.907
1482.916	0.8999999999998636	trials	33	s033_F200530	grCe_grSu12SmCiNe	13	225.0	5	1483.216	1483.515
1490.075	0.8999999999998636	trials	33	s033_F200530	grCe_grSu12Mi	9	315.0	5	1490.375	1490.675
1490.817	0.8999999999998636	trials	33	s033_F200530	grCe_grSu6Ne_PS	18	45.0	5	1491.117	1491.416
1497.1760000000002	0.8999999999998636	trials	33	s033_F200530	grCe_grSu12SmCiNe_PS	21	135.0	5	1497.476	1497.775
1508.8020000000001	0.8999999999998636	trials	33	s033_F200530	grCe_grSu6CiNe_PS	19	225.0	5	1509.102	1509.402
1509.4360000000001	0.8999999999998636	trials	33	s033_F200530	grSu6CiNe	14		5	1509.736	1510.035
1510.0520000000001	0.8999999999998636	trials	33	s033_F200530	grCe_grSu12SmCiNe_PS	21	45.0	5	1510.352	1510.652
1510.661	0.8999999999998636	trials	33	s033_F200530	grCe_grSu6CiNe	15	135.0	5	1510.961	1511.261
1520.1290000000001	0.8999999999998636	trials	33	s033_F200530	coCe_grSu6Ne	17	315.0	5	1520.429	1520.728
1520.7540000000001	0.8999999999998636	trials	33	s033_F200530	grCe_grSu6CiNe_PS	19	270.0	5	1521.054	1521.353
1521.387	0.8999999999998636	trials	33	s033_F200530	grCe_grSu1Ne	3	315.0	5	1521.687	1521.987
1527.105	0.8999999999998636	trials	33	s033_F200530	NoStim	0		5	1527.405	1527.704
1527.721	0.8999999999998636	trials	33	s033_F200530	grSu3Ne	4		5	1528.021	1528.321
1528.371	0.8999999999998636	trials	33	s033_F200530	grCe_grSu18Fa	11	90.0	5	1528.671	1528.971
1534.756	0.8999999999998636	trials	33	s033_F200530	grSu6Ne	6		5	1535.056	1535.355
1535.964	0.8999999999998636	trials	33	s033_F200530	grCe	1	180.0	5	1536.264	1536.564
1536.573	0.8999999999998636	trials	33	s033_F200530	grCe_grSu6Ne_PS	18	270.0	5	1536.873	1537.172
1546.982	0.8999999999998636	trials	33	s033_F200530	coCe	16	270.0	5	1547.282	1547.582
1547.607	0.8999999999998636	trials	33	s033_F200530	grCe	1	225.0	5	1547.907	1548.207
1548.224	0.8999999999998636	trials	33	s033_F200530	grSu18Fa	10		5	1548.524	1548.824
1548.866	0.8999999999998636	trials	33	s033_F200530	grCe_grSu12SmCiNe	13	270.0	5	1549.166	1549.465
1554.717	0.8999999999998636	trials	33	s033_F200530	coCe	16	225.0	5	1555.017	1555.316
1555.325	0.8999999999998636	trials	33	s033_F200530	coCe_grSu6Ne	17	180.0	5	1555.625	1555.925
1556.5420000000001	0.8999999999998636	trials	33	s033_F200530	grCe_grSu12SmCiNe_PS	21	315.0	5	1556.842	1557.141
1574.402	0.8999999999998636	trials	33	s033_F200530	grCe_grSu6Ne	7	180.0	5	1574.702	1575.002
1575.044	0.8999999999998636	trials	33	s033_F200530	grCe_grSu6CiNe	15	315.0	5	1575.344	1575.644
1575.6860000000001	0.8999999999998636	trials	33	s033_F200530	grCe_grSu12SmCiNe	13	180.0	5	1575.986	1576.286
1576.319	0.8999999999998636	trials	33	s033_F200530	grCe_grSu18Fa	11	225.0	5	1576.619	1576.919
1582.012	0.8999999999998636	trials	33	s033_F200530	coCe_grSu6Ne	17	90.0	5	1582.312	1582.611
1582.6200000000001	0.8999999999998636	trials	33	s033_F200530	grCe_grSu3Ne	5	315.0	5	1582.92	1583.22
1583.229	0.8999999999998636	trials	33	s033_F200530	coCe_grSu6Ne	17	270.0	5	1583.529	1583.828
1583.8790000000001	0.8999999999998636	trials	33	s033_F200530	coCe_grSu6Ne	17	45.0	5	1584.179	1584.478
1590.271	0.8999999999998636	trials	33	s033_F200530	grCe_grSu6Ne_PS	18	180.0	5	1590.571	1590.871
1590.88	0.8999999999998636	trials	33	s033_F200530	grCe_grSu3Ne	5	135.0	5	1591.18	1591.479
1591.5130000000001	0.8999999999998636	trials	33	s033_F200530	grCe	1	315.0	5	1591.813	1592.113
1602.548	0.8999999999998636	trials	33	s033_F200530	grCe_grSu6CiNe	15	0.0	5	1602.848	1603.147
1603.156	0.8999999999998636	trials	33	s033_F200530	grCe_grSu12SmCiNe_PS	21	270.0	5	1603.456	1603.756
1612.349	0.8999999999998636	trials	33	s033_F200530	grCe_grSu12SmCiNe	13	315.0	5	1612.649	1612.949
1612.949	0.8999999999998636	trials	33	s033_F200530	grCe_grSu12SmCiNe_PS	21	0.0	5	1613.249	1613.549
1613.557	0.8999999999998636	trials	33	s033_F200530	grCe_grSu1Ne	3	225.0	5	1613.857	1614.157
1619.5330000000001	0.8999999999998636	trials	33	s033_F200530	coSu6Ne	20		5	1619.833	1620.133
1623.2920000000001	0.8999999999998636	trials	33	s033_F200530	grCe_grSu6CiNe_PS	19	135.0	5	1623.592	1623.892
1623.9	0.8999999999998636	trials	33	s033_F200530	coCe_grSu6Ne	17	0.0	5	1624.2	1624.5
1624.501	0.8999999999998636	trials	33	s033_F200530	grCe_grSu6CiNe_PS	19	90.0	5	1624.801	1625.1
1625.1090000000002	0.8999999999998636	trials	33	s033_F200530	grCe_grSu6CiNe	15	225.0	5	1625.409	1625.709
1631.01	0.8999999999998636	trials	33	s033_F200530	grCe_grSu18Fa	11	315.0	5	1631.31	1631.609
1638.636	0.8999999999998636	trials	33	s033_F200530	coCe	16	180.0	5	1638.936	1639.235
1639.2440000000001	0.8999999999998636	trials	33	s033_F200530	grCe_grSu6CiNe	15	90.0	5	1639.544	1639.844
1643.345	0.8999999999998636	trials	33	s033_F200530	grCe_grSu6Ne_PS	18	315.0	5	1643.645	1643.944
1643.953	0.8999999999998636	trials	33	s033_F200530	grCe_grSu12Mi	9	90.0	5	1644.253	1644.553
1644.5610000000001	0.8999999999998636	trials	33	s033_F200530	grCe_grSu12SmCiNe	13	90.0	5	1644.861	1645.161
1645.195	0.8999999999998636	trials	33	s033_F200530	coCe	16	90.0	5	1645.495	1645.795
1651.204	0.8999999999998636	trials	33	s033_F200530	grCe_grSu12SmCiNe	13	45.0	5	1651.504	1651.804
1651.8120000000001	0.8999999999998636	trials	33	s033_F200530	grCe_grSu12SmCiNe	13	0.0	5	1652.112	1652.412
1652.412	0.8999999999998636	trials	33	s033_F200530	grCe	1	0.0	5	1652.712	1653.012
1653.0130000000001	0.8999999999998636	trials	33	s033_F200530	grCe_grSu12SmCiNe_PS	21	225.0	5	1653.313	1653.612
1659.022	0.8999999999998636	trials	33	s033_F200530	grCe_grSu12Mi	9	225.0	5	1659.322	1659.621
1660.272	0.8999999999998636	trials	33	s033_F200530	grCe_grSu6CiNe	15	45.0	5	1660.572	1660.872
1660.8890000000001	0.8999999999998636	trials	33	s033_F200530	grCe_grSu6Ne	7	0.0	5	1661.189	1661.488
1669.531	0.8999999999998636	trials	33	s033_F200530	grCe_grSu3Ne	5	270.0	5	1669.831	1670.131
1670.131	0.8999999999998636	trials	33	s033_F200530	grCe_grSu6CiNe_PS	19	180.0	5	1670.431	1670.731
1670.74	0.8999999999998636	trials	33	s033_F200530	grCe_grSu6CiNe	15	180.0	5	1671.04	1671.34
1671.373	0.8999999999998636	trials	33	s033_F200530	grCe_grSu6Ne	7	90.0	5	1671.673	1671.973
1678.107	0.8999999999998636	trials	33	s033_F200530	grCe_grSu12Mi	9	270.0	5	1678.407	1678.707
1678.7160000000001	0.8999999999998636	trials	33	s033_F200530	grCe_grSu6Ne_PS	18	90.0	5	1679.016	1679.316
1679.324	0.8999999999998636	trials	33	s033_F200530	grCe_grSu12Mi	9	0.0	5	1679.624	1679.924
1679.933	0.8999999999998636	trials	33	s033_F200530	coCe_grSu6Ne	17	225.0	5	1680.233	1680.532
1685.592	0.8999999999998636	trials	33	s033_F200530	grCe_grSu12SmCiNe	13	135.0	5	1685.892	1686.191
1686.209	0.8999999999998636	trials	33	s033_F200530	grCe_grSu18Fa	11	135.0	5	1686.509	1686.808
1686.817	0.8999999999998636	trials	33	s033_F200530	grCe_grSu1Ne	3	135.0	5	1687.117	1687.417
1687.425	0.8999999999998636	trials	33	s033_F200530	grCe	1	135.0	5	1687.725	1688.025
1693.034	0.8999999999998636	trials	33	s033_F200530	grCe_grSu1Ne	3	90.0	5	1693.334	1693.634
1694.268	0.8999999999998636	trials	33	s033_F200530	grCe_grSu6CiNe_PS	19	0.0	5	1694.568	1694.868
1694.893	0.8999999999998636	trials	33	s033_F200530	grCe_grSu6Ne_PS	18	0.0	5	1695.193	1695.493
1700.469	0.8999999999998636	trials	33	s033_F200530	grCe_grSu6Ne	7	45.0	5	1700.769	1701.068
1701.077	0.8999999999998636	trials	33	s033_F200530	grCe_grSu3Ne	5	90.0	5	1701.377	1701.677
1701.6770000000001	0.8999999999998636	trials	33	s033_F200530	grCe_grSu6Ne_PS	18	225.0	5	1701.977	1702.277
1702.286	0.8999999999998636	trials	33	s033_F200530	grCe_grSu12Mi	9	135.0	5	1702.586	1702.885
1707.778	0.8999999999998636	trials	33	s033_F200530	coCe	16	135.0	5	1708.078	1708.378
1708.395	0.8999999999998636	trials	33	s033_F200530	grCe_grSu18Fa	11	180.0	5	1708.695	1708.994
1709.0030000000002	0.8999999999998636	trials	33	s033_F200530	grCe_grSu1Ne	3	180.0	5	1709.303	1709.603
1709.6280000000002	0.8999999999998636	trials	33	s033_F200530	grSu1Ne	2		5	1709.928	1710.228
1715.512	0.8999999999998636	trials	33	s033_F200530	grCe	1	45.0	5	1715.812	1716.112
1716.729	0.8999999999998636	trials	33	s033_F200530	grCe	1	270.0	5	1717.029	1717.329
1717.338	0.8999999999998636	trials	33	s033_F200530	grCe_grSu6Ne	7	270.0	5	1717.638	1717.937
1722.872	0.8999999999998636	trials	33	s033_F200530	grCe	1	135.0	6	1723.172	1723.471
1723.48	0.8999999999998636	trials	33	s033_F200530	grCe_grSu6Ne_PS	18	90.0	6	1723.78	1724.08
1724.088	0.8999999999998636	trials	33	s033_F200530	grCe_grSu12SmCiNe_PS	21	135.0	6	1724.388	1724.688
1724.6970000000001	0.8999999999998636	trials	33	s033_F200530	coCe_grSu6Ne	17	315.0	6	1724.997	1725.297
1738.7820000000002	0.8999999999998636	trials	33	s033_F200530	coCe	16	90.0	6	1739.082	1739.382
1739.39	0.8999999999998636	trials	33	s033_F200530	grCe_grSu6Ne	7	135.0	6	1739.69	1739.99
1740.007	0.8999999999998636	trials	33	s033_F200530	grCe_grSu12SmCiNe	13	45.0	6	1740.307	1740.607
1746.308	0.8999999999998636	trials	33	s033_F200530	grCe_grSu6CiNe	15	315.0	6	1746.608	1746.908
1746.933	0.8999999999998636	trials	33	s033_F200530	coCe_grSu6Ne	17	180.0	6	1747.233	1747.533
1747.541	0.8999999999998636	trials	33	s033_F200530	grCe_grSu12SmCiNe_PS	21	180.0	6	1747.841	1748.141
1748.15	0.8999999999998636	trials	33	s033_F200530	grSu12Mi	8		6	1748.45	1748.75
1753.726	0.8999999999998636	trials	33	s033_F200530	grCe_grSu6Ne_PS	18	315.0	6	1754.026	1754.325
1754.334	0.8999999999998636	trials	33	s033_F200530	grCe_grSu6CiNe	15	270.0	6	1754.634	1754.934
1754.959	0.8999999999998636	trials	33	s033_F200530	grCe_grSu1Ne	3	0.0	6	1755.259	1755.559
1755.601	0.8999999999998636	trials	33	s033_F200530	grSu3Ne	4		6	1755.901	1756.2
1761.152	0.8999999999998636	trials	33	s033_F200530	grCe_grSu1Ne	3	90.0	6	1761.452	1761.751
1761.76	0.8999999999998636	trials	33	s033_F200530	grCe_grSu12Mi	9	270.0	6	1762.06	1762.36
1762.977	0.8999999999998636	trials	33	s033_F200530	grCe_grSu6Ne	7	0.0	6	1763.277	1763.576
1781.146	0.8999999999998636	trials	33	s033_F200530	grCe_grSu1Ne	3	45.0	6	1781.446	1781.745
1781.7540000000001	0.8999999999998636	trials	33	s033_F200530	grCe_grSu1Ne	3	270.0	6	1782.054	1782.354
1782.3790000000001	0.8999999999998636	trials	33	s033_F200530	grCe_grSu12SmCiNe_PS	21	225.0	6	1782.679	1782.979
1782.988	0.8999999999998636	trials	33	s033_F200530	grCe_grSu12SmCiNe	13	90.0	6	1783.288	1783.587
1788.863	0.8999999999998636	trials	33	s033_F200530	coCe	16	180.0	6	1789.163	1789.463
1789.472	0.8999999999998636	trials	33	s033_F200530	grCe_grSu12Mi	9	225.0	6	1789.772	1790.072
1793.256	0.8999999999998636	trials	33	s033_F200530	grCe_grSu18Fa	11	135.0	6	1793.556	1793.855
1793.864	0.8999999999998636	trials	33	s033_F200530	grCe_grSu6Ne	7	45.0	6	1794.164	1794.464
1794.489	0.8999999999998636	trials	33	s033_F200530	grCe_grSu6CiNe_PS	19	0.0	6	1794.789	1795.089
1795.131	0.8999999999998636	trials	33	s033_F200530	grCe_grSu3Ne	5	135.0	6	1795.431	1795.731
1801.298	0.8999999999998636	trials	33	s033_F200530	grCe_grSu12SmCiNe_PS	21	45.0	6	1801.598	1801.898
1801.94	0.8999999999998636	trials	33	s033_F200530	coCe_grSu6Ne	17	0.0	6	1802.24	1802.54
1802.549	0.8999999999998636	trials	33	s033_F200530	grCe_grSu3Ne	5	180.0	6	1802.849	1803.148
1803.1570000000002	0.8999999999998636	trials	33	s033_F200530	grCe_grSu6CiNe	15	90.0	6	1803.457	1803.757
1808.766	0.8999999999998636	trials	33	s033_F200530	grCe	1	225.0	6	1809.066	1809.366
1809.416	0.8999999999998636	trials	33	s033_F200530	grCe_grSu12SmCiNe	13	135.0	6	1809.716	1810.016
1810.0240000000001	0.8999999999998636	trials	33	s033_F200530	grCe_grSu6Ne	7	180.0	6	1810.324	1810.624
1810.633	0.8999999999998636	trials	33	s033_F200530	grCe_grSu6CiNe	15	135.0	6	1810.933	1811.233
1816.217	0.8999999999998636	trials	33	s033_F200530	grCe_grSu1Ne	3	180.0	6	1816.517	1816.817
1816.825	0.8999999999998636	trials	33	s033_F200530	grCe_grSu6Ne	7	270.0	6	1817.125	1817.425
1817.434	0.8999999999998636	trials	33	s033_F200530	grCe_grSu6Ne_PS	18	45.0	6	1817.734	1818.033
1818.0510000000002	0.8999999999998636	trials	33	s033_F200530	grCe_grSu18Fa	11	315.0	6	1818.351	1818.65
1828.694	0.8999999999998636	trials	33	s033_F200530	grCe_grSu1Ne	3	225.0	6	1828.994	1829.293
1840.903	0.8999999999998636	trials	33	s033_F200530	grCe_grSu12SmCiNe_PS	21	90.0	6	1841.203	1841.503
1842.1290000000001	0.8999999999998636	trials	33	s033_F200530	grCe_grSu18Fa	11	270.0	6	1842.429	1842.728
1842.737	0.8999999999998636	trials	33	s033_F200530	grCe_grSu1Ne	3	315.0	6	1843.037	1843.337
1848.221	0.8999999999998636	trials	33	s033_F200530	grSu12SmCiNe	12		6	1848.521	1848.821
1853.255	0.8999999999998636	trials	33	s033_F200530	grSu6CiNe	14		6	1853.555	1853.855
1853.897	0.8999999999998636	trials	33	s033_F200530	grCe_grSu6CiNe_PS	19	45.0	6	1854.197	1854.497
1861.1390000000001	0.8999999999998636	trials	33	s033_F200530	grSu1Ne	2		6	1861.439	1861.739
1861.748	0.8999999999998636	trials	33	s033_F200530	grCe_grSu6Ne_PS	18	270.0	6	1862.048	1862.348
1880.317	0.8999999999998636	trials	33	s033_F200530	coSu6Ne	20		6	1880.617	1880.917
1886.493	0.8999999999998636	trials	33	s033_F200530	grCe_grSu1Ne	3	135.0	6	1886.793	1887.092
1887.101	0.8999999999998636	trials	33	s033_F200530	grCe_grSu12SmCiNe	13	315.0	6	1887.401	1887.701
1890.877	0.8999999999998636	trials	33	s033_F200530	grCe_grSu18Fa	11	180.0	6	1891.177	1891.476
1891.493	0.8999999999998636	trials	33	s033_F200530	grCe_grSu18Fa	11	90.0	6	1891.793	1892.093
1892.2930000000001	0.8999999999998636	trials	33	s033_F200530	grCe_grSu6Ne_PS	18	225.0	6	1892.593	1892.893
1892.919	0.8999999999998636	trials	33	s033_F200530	coCe_grSu6Ne	17	225.0	6	1893.219	1893.518
1903.912	0.8999999999998636	trials	33	s033_F200530	grCe_grSu3Ne	5	225.0	6	1904.212	1904.511
1904.553	0.8999999999998636	trials	33	s033_F200530	grCe_grSu6Ne_PS	18	0.0	6	1904.853	1905.153
1905.162	0.8999999999998636	trials	33	s033_F200530	grCe_grSu12Mi	9	180.0	6	1905.462	1905.761
1925.4560000000001	0.8999999999998636	trials	33	s033_F200530	grCe_grSu3Ne	5	45.0	6	1925.756	1926.056
1926.056	0.8999999999998636	trials	33	s033_F200530	grCe_grSu12SmCiNe_PS	21	0.0	6	1926.356	1926.656
1926.665	0.8999999999998636	trials	33	s033_F200530	grCe_grSu3Ne	5	90.0	6	1926.965	1927.264
1927.2730000000001	0.8999999999998636	trials	33	s033_F200530	grCe_grSu6CiNe	15	45.0	6	1927.573	1927.873
1933.7740000000001	0.8999999999998636	trials	33	s033_F200530	coCe	16	45.0	6	1934.074	1934.373
1934.391	0.8999999999998636	trials	33	s033_F200530	grSu6Ne	6		6	1934.691	1934.99
1935.007	0.8999999999998636	trials	33	s033_F200530	grCe_grSu18Fa	11	225.0	6	1935.307	1935.607
1940.733	0.8999999999998636	trials	33	s033_F200530	grCe_grSu12SmCiNe	13	180.0	6	1941.033	1941.333
1941.9750000000001	0.8999999999998636	trials	33	s033_F200530	coCe	16	315.0	6	1942.275	1942.575
1942.617	0.8999999999998636	trials	33	s033_F200530	coCe	16	0.0	6	1942.917	1943.216
1951.6760000000002	0.8999999999998636	trials	33	s033_F200530	grCe_grSu6CiNe	15	225.0	6	1951.976	1952.276
1952.893	0.8999999999998636	trials	33	s033_F200530	grCe_grSu12Mi	9	0.0	6	1953.193	1953.493
1959.1100000000001	0.8999999999998636	trials	33	s033_F200530	coCe_grSu6Ne	17	45.0	6	1959.41	1959.71
1959.71	0.8999999999998636	trials	33	s033_F200530	grCe	1	45.0	6	1960.01	1960.31
1960.319	0.8999999999998636	trials	33	s033_F200530	grCe_grSu6CiNe	15	180.0	6	1960.619	1960.919
1960.9270000000001	0.8999999999998636	trials	33	s033_F200530	grCe_grSu12SmCiNe	13	270.0	6	1961.227	1961.527
1966.7530000000002	0.8999999999998636	trials	33	s033_F200530	grCe_grSu6Ne	7	90.0	6	1967.053	1967.353
1967.386	0.8999999999998636	trials	33	s033_F200530	grCe_grSu6CiNe_PS	19	135.0	6	1967.686	1967.986
1968.0030000000002	0.8999999999998636	trials	33	s033_F200530	grCe_grSu6CiNe_PS	19	90.0	6	1968.303	1968.603
1968.6200000000001	0.8999999999998636	trials	33	s033_F200530	grCe_grSu18Fa	11	0.0	6	1968.92	1969.22
1979.305	0.8999999999998636	trials	33	s033_F200530	grCe_grSu6Ne_PS	18	180.0	6	1979.605	1979.904
1979.921	0.8999999999998636	trials	33	s033_F200530	grCe_grSu6CiNe_PS	19	270.0	6	1980.221	1980.521
1980.522	0.8999999999998636	trials	33	s033_F200530	coCe	16	225.0	6	1980.822	1981.121
1984.1970000000001	0.8999999999998636	trials	33	s033_F200530	grCe_grSu18Fa	11	45.0	6	1984.497	1984.797
1984.805	0.8999999999998636	trials	33	s033_F200530	coCe_grSu6Ne	17	135.0	6	1985.105	1985.405
1985.622	0.8999999999998636	trials	33	s033_F200530	grCe_grSu12Mi	9	135.0	6	1985.922	1986.222
1989.689	0.8999999999998636	trials	33	s033_F200530	grCe_grSu12Mi	9	315.0	6	1989.989	1990.289
1990.306	0.8999999999998636	trials	33	s033_F200530	grCe_grSu12Mi	9	45.0	6	1990.606	1990.906
1990.923	0.8999999999998636	trials	33	s033_F200530	coCe	16	135.0	6	1991.223	1991.523
1991.531	0.8999999999998636	trials	33	s033_F200530	grCe_grSu6Ne	7	225.0	6	1991.831	1992.131
1997.132	0.8999999999998636	trials	33	s033_F200530	grCe_grSu6Ne	7	315.0	6	1997.432	1997.732
1998.365	0.8999999999998636	trials	33	s033_F200530	grCe_grSu6CiNe_PS	19	180.0	6	1998.665	1998.965
1998.9660000000001	0.8999999999998636	trials	33	s033_F200530	grCe	1	0.0	6	1999.266	1999.565
2012.576	0.8999999999998636	trials	33	s033_F200530	grCe	1	90.0	6	2012.876	2013.175
2013.201	0.8999999999998636	trials	33	s033_F200530	NoStim	0		6	2013.501	2013.8
2013.809	0.8999999999998636	trials	33	s033_F200530	grCe_grSu6Ne_PS	18	135.0	6	2014.109	2014.409
2014.409	0.8999999999998636	trials	33	s033_F200530	grCe_grSu12SmCiNe_PS	21	270.0	6	2014.709	2015.009
2038.404	0.8999999999998636	trials	33	s033_F200530	grCe	1	315.0	6	2038.704	2039.004
2039.0040000000001	0.8999999999998636	trials	33	s033_F200530	grCe_grSu6CiNe_PS	19	225.0	6	2039.304	2039.604
2039.637	0.8999999999998636	trials	33	s033_F200530	coCe_grSu6Ne	17	270.0	6	2039.937	2040.237
2040.246	0.8999999999998636	trials	33	s033_F200530	grCe_grSu12Mi	9	90.0	6	2040.546	2040.846
2054.3979999999997	0.900000000000091	trials	33	s033_F200530	grCe_grSu3Ne	5	315.0	6	2054.698	2054.997
2055.6479999999997	0.900000000000091	trials	33	s033_F200530	coCe_grSu6Ne	17	90.0	6	2055.948	2056.248
2056.2479999999996	0.900000000000091	trials	33	s033_F200530	grCe_grSu12SmCiNe_PS	21	315.0	6	2056.548	2056.848
2062.015	0.900000000000091	trials	33	s033_F200530	coCe	16	270.0	6	2062.315	2062.615
2062.624	0.900000000000091	trials	33	s033_F200530	grCe_grSu3Ne	5	270.0	6	2062.924	2063.223
2063.8239999999996	0.900000000000091	trials	33	s033_F200530	grCe	1	270.0	6	2064.124	2064.424
2074.25	0.900000000000091	trials	33	s033_F200530	grCe_grSu12SmCiNe	13	225.0	6	2074.55	2074.85
2079.451	0.900000000000091	trials	33	s033_F200530	grCe_grSu3Ne	5	0.0	6	2079.751	2080.051
2080.6679999999997	0.900000000000091	trials	33	s033_F200530	grCe_grSu6CiNe	15	0.0	6	2080.968	2081.267
2086.8599999999997	0.900000000000091	trials	33	s033_F200530	grSu18Fa	10		6	2087.16	2087.46
2087.477	0.900000000000091	trials	33	s033_F200530	grCe	1	180.0	6	2087.777	2088.077
2088.694	0.900000000000091	trials	33	s033_F200530	grCe_grSu12SmCiNe	13	0.0	6	2088.994	2089.293
2094.6699999999996	0.900000000000091	trials	33	s033_F200530	grCe_grSu6CiNe_PS	19	315.0	6	2094.97	2095.269
2098.7949999999996	0.900000000000091	trials	33	s033_F200530	coCe	16	45.0	4	2099.095	2099.395
2099.4199999999996	0.900000000000091	trials	33	s033_F200530	coCe	16	180.0	4	2099.72	2100.02
2106.4289999999996	0.900000000000091	trials	33	s033_F200530	grCe_grSu6CiNe	15	270.0	4	2106.729	2107.029
2107.038	0.900000000000091	trials	33	s033_F200530	grSu3Ne	4		4	2107.338	2107.638
2107.6459999999997	0.900000000000091	trials	33	s033_F200530	grSu1Ne	2		4	2107.946	2108.246
2108.2459999999996	0.900000000000091	trials	33	s033_F200530	coCe	16	225.0	4	2108.546	2108.846
2118.598	0.900000000000091	trials	33	s033_F200530	grCe_grSu6CiNe	15	225.0	4	2118.898	2119.197
2128.399	0.900000000000091	trials	33	s033_F200530	coCe_grSu6Ne	17	225.0	4	2128.699	2128.999
2129.0159999999996	0.900000000000091	trials	33	s033_F200530	grCe_grSu12SmCiNe_PS	21	90.0	4	2129.316	2129.615
2129.616	0.900000000000091	trials	33	s033_F200530	grCe_grSu6CiNe_PS	19	45.0	4	2129.916	2130.215
2130.2239999999997	0.900000000000091	trials	33	s033_F200530	grCe_grSu1Ne	3	225.0	4	2130.524	2130.824
2136.192	0.900000000000091	trials	33	s033_F200530	grCe_grSu6CiNe_PS	19	225.0	4	2136.492	2136.791
2139.734	0.900000000000091	trials	33	s033_F200530	grCe_grSu3Ne	5	135.0	4	2140.034	2140.333
2140.3419999999996	0.900000000000091	trials	33	s033_F200530	coCe_grSu6Ne	17	135.0	4	2140.642	2140.942
2140.951	0.900000000000091	trials	33	s033_F200530	grCe_grSu6Ne	7	270.0	4	2141.251	2141.55
2147.285	0.900000000000091	trials	33	s033_F200530	grCe_grSu1Ne	3	0.0	4	2147.585	2147.884
2147.893	0.900000000000091	trials	33	s033_F200530	grCe_grSu6Ne	7	135.0	4	2148.193	2148.493
2148.502	0.900000000000091	trials	33	s033_F200530	grCe_grSu6CiNe_PS	19	315.0	4	2148.802	2149.101
2149.1099999999997	0.900000000000091	trials	33	s033_F200530	coCe_grSu6Ne	17	0.0	4	2149.41	2149.71
2154.7019999999998	0.900000000000091	trials	33	s033_F200530	grCe_grSu12SmCiNe_PS	21	225.0	4	2155.002	2155.302
2155.3019999999997	0.900000000000091	trials	33	s033_F200530	grSu12SmCiNe	12		4	2155.602	2155.902
2155.9109999999996	0.900000000000091	trials	33	s033_F200530	grCe_grSu6Ne	7	180.0	4	2156.211	2156.511
2173.546	0.900000000000091	trials	33	s033_F200530	grCe_grSu12Mi	9	45.0	4	2173.846	2174.146
2174.147	0.900000000000091	trials	33	s033_F200530	grCe_grSu12SmCiNe_PS	21	270.0	4	2174.447	2174.746
2178.055	0.900000000000091	trials	33	s033_F200530	grCe_grSu6Ne_PS	18	270.0	4	2178.355	2178.655
2178.6639999999998	0.900000000000091	trials	33	s033_F200530	grCe_grSu12SmCiNe	13	0.0	4	2178.964	2179.263
2179.881	0.900000000000091	trials	33	s033_F200530	grCe_grSu6Ne	7	225.0	4	2180.181	2180.48
2190.274	0.900000000000091	trials	33	s033_F200530	grCe_grSu6Ne	7	45.0	4	2190.574	2190.873
2190.8819999999996	0.900000000000091	trials	33	s033_F200530	grCe_grSu12SmCiNe	13	45.0	4	2191.182	2191.482
2191.482	0.900000000000091	trials	33	s033_F200530	grCe_grSu6CiNe_PS	19	0.0	4	2191.782	2192.082
2192.107	0.900000000000091	trials	33	s033_F200530	coCe	16	315.0	4	2192.407	2192.707
2214.8179999999998	0.900000000000091	trials	33	s033_F200530	grCe_grSu6CiNe	15	180.0	4	2215.118	2215.418
2216.06	0.900000000000091	trials	33	s033_F200530	grCe_grSu12SmCiNe	13	225.0	4	2216.36	2216.66
2216.669	0.900000000000091	trials	33	s033_F200530	grCe_grSu12Mi	9	0.0	4	2216.969	2217.268
2222.211	0.900000000000091	trials	33	s033_F200530	grCe	1	180.0	4	2222.511	2222.811
2222.8109999999997	0.900000000000091	trials	33	s033_F200530	coCe	16	90.0	4	2223.111	2223.411
2223.4199999999996	0.900000000000091	trials	33	s033_F200530	grCe_grSu3Ne	5	0.0	4	2223.72	2224.019
2224.028	0.900000000000091	trials	33	s033_F200530	grCe_grSu1Ne	3	135.0	4	2224.328	2224.628
2229.8039999999996	0.900000000000091	trials	33	s033_F200530	grCe_grSu18Fa	11	225.0	4	2230.104	2230.403
2230.4199999999996	0.900000000000091	trials	33	s033_F200530	grCe_grSu1Ne	3	45.0	4	2230.72	2231.02
2231.062	0.900000000000091	trials	33	s033_F200530	grCe_grSu18Fa	11	315.0	4	2231.362	2231.662
2231.721	0.900000000000091	trials	33	s033_F200530	grCe_grSu18Fa	11	90.0	4	2232.021	2232.32
2238.48	0.900000000000091	trials	33	s033_F200530	grCe_grSu12SmCiNe	13	135.0	4	2238.78	2239.08
2239.0879999999997	0.900000000000091	trials	33	s033_F200530	grCe_grSu12SmCiNe_PS	21	135.0	4	2239.388	2239.688
2258.799	0.900000000000091	trials	33	s033_F200530	grCe_grSu3Ne	5	270.0	4	2259.099	2259.399
2262.3909999999996	0.900000000000091	trials	33	s033_F200530	grCe_grSu6Ne_PS	18	135.0	4	2262.691	2262.991
2263.0	0.900000000000091	trials	33	s033_F200530	grCe_grSu12SmCiNe	13	180.0	4	2263.3	2263.599
2263.6409999999996	0.900000000000091	trials	33	s033_F200530	grCe_grSu12SmCiNe_PS	21	180.0	4	2263.941	2264.241
2264.258	0.900000000000091	trials	33	s033_F200530	grCe_grSu6Ne_PS	18	0.0	4	2264.558	2264.858
2269.959	0.900000000000091	trials	33	s033_F200530	grCe_grSu6CiNe_PS	19	180.0	4	2270.259	2270.559
2270.5919999999996	0.900000000000091	trials	33	s033_F200530	grCe_grSu18Fa	11	45.0	4	2270.892	2271.192
2271.8419999999996	0.900000000000091	trials	33	s033_F200530	grCe	1	270.0	4	2272.142	2272.442
2277.535	0.900000000000091	trials	33	s033_F200530	grCe_grSu6Ne	7	90.0	4	2277.835	2278.135
2278.1349999999998	0.900000000000091	trials	33	s033_F200530	grCe	1	315.0	4	2278.435	2278.735
2278.743	0.900000000000091	trials	33	s033_F200530	grCe_grSu6CiNe	15	45.0	4	2279.043	2279.343
2279.368	0.900000000000091	trials	33	s033_F200530	coCe_grSu6Ne	17	270.0	4	2279.668	2279.968
2285.0939999999996	0.900000000000091	trials	33	s033_F200530	grSu18Fa	10		4	2285.394	2285.694
2285.694	0.900000000000091	trials	33	s033_F200530	grCe_grSu6Ne_PS	18	225.0	4	2285.994	2286.294
2286.303	0.900000000000091	trials	33	s033_F200530	grCe_grSu12Mi	9	90.0	4	2286.603	2286.902
2286.9109999999996	0.900000000000091	trials	33	s033_F200530	grCe_grSu1Ne	3	270.0	4	2287.211	2287.511
2292.72	0.900000000000091	trials	33	s033_F200530	coCe_grSu6Ne	17	90.0	4	2293.02	2293.32
2294.5449999999996	0.900000000000091	trials	33	s033_F200530	grCe_grSu12Mi	9	270.0	4	2294.845	2295.145
2300.3709999999996	0.900000000000091	trials	33	s033_F200530	grCe	1	135.0	4	2300.671	2300.971
2300.988	0.900000000000091	trials	33	s033_F200530	grCe_grSu6CiNe_PS	19	135.0	4	2301.288	2301.588
2301.596	0.900000000000091	trials	33	s033_F200530	coCe_grSu6Ne	17	180.0	4	2301.896	2302.196
2302.205	0.900000000000091	trials	33	s033_F200530	grCe_grSu12SmCiNe	13	315.0	4	2302.505	2302.804
2308.022	0.900000000000091	trials	33	s033_F200530	grCe_grSu6CiNe	15	315.0	4	2308.322	2308.622
2308.6639999999998	0.900000000000091	trials	33	s033_F200530	coSu6Ne	20		4	2308.964	2309.264
2309.272	0.900000000000091	trials	33	s033_F200530	grCe_grSu1Ne	3	315.0	4	2309.572	2309.872
2309.8889999999997	0.900000000000091	trials	33	s033_F200530	grCe_grSu18Fa	11	180.0	4	2310.189	2310.489
2326.3909999999996	0.900000000000091	trials	33	s033_F200530	coCe	16	270.0	4	2326.691	2326.991
2334.6009999999997	0.900000000000091	trials	33	s033_F200530	grSu6Ne	6		4	2334.901	2335.2
2335.2169999999996	0.900000000000091	trials	33	s033_F200530	grCe_grSu1Ne	3	180.0	4	2335.517	2335.817
2335.826	0.900000000000091	trials	33	s033_F200530	coCe_grSu6Ne	17	315.0	4	2336.126	2336.425
2336.4339999999997	0.900000000000091	trials	33	s033_F200530	grCe_grSu12SmCiNe	13	270.0	4	2336.734	2337.034
2342.2019999999998	0.900000000000091	trials	33	s033_F200530	grCe_grSu6Ne_PS	18	90.0	4	2342.502	2342.801
2345.9519999999998	0.900000000000091	trials	33	s033_F200530	grCe_grSu6Ne_PS	18	45.0	4	2346.252	2346.552
2346.5769999999998	0.900000000000091	trials	33	s033_F200530	grCe_grSu6CiNe	15	135.0	4	2346.877	2347.177
2347.1769999999997	0.900000000000091	trials	33	s033_F200530	grCe_grSu12SmCiNe_PS	21	0.0	4	2347.477	2347.777
2347.7859999999996	0.900000000000091	trials	33	s033_F200530	coCe_grSu6Ne	17	45.0	4	2348.086	2348.385
2362.863	0.900000000000091	trials	33	s033_F200530	grCe_grSu18Fa	11	135.0	4	2363.163	2363.462
2367.171	0.900000000000091	trials	33	s033_F200530	grSu6CiNe	14		4	2367.471	2367.771
2367.7799999999997	0.900000000000091	trials	33	s033_F200530	grCe_grSu12Mi	9	135.0	4	2368.08	2368.38
2368.388	0.900000000000091	trials	33	s033_F200530	grCe_grSu12SmCiNe	13	90.0	4	2368.688	2368.988
2368.997	0.900000000000091	trials	33	s033_F200530	grCe_grSu6Ne	7	315.0	4	2369.297	2369.596
2395.0499999999997	0.900000000000091	trials	33	s033_F200530	grCe_grSu6Ne_PS	18	180.0	4	2395.35	2395.65
2396.2749999999996	0.900000000000091	trials	33	s033_F200530	coCe	16	135.0	4	2396.575	2396.875
2405.551	0.900000000000091	trials	33	s033_F200530	grSu12Mi	8		4	2405.851	2406.151
2406.1679999999997	0.900000000000091	trials	33	s033_F200530	grCe_grSu3Ne	5	45.0	4	2406.468	2406.768
2406.777	0.900000000000091	trials	33	s033_F200530	grCe_grSu12SmCiNe_PS	21	45.0	4	2407.077	2407.376
2407.3849999999998	0.900000000000091	trials	33	s033_F200530	grCe_grSu3Ne	5	180.0	4	2407.685	2407.985
2415.2279999999996	0.900000000000091	trials	33	s033_F200530	grCe	1	225.0	4	2415.528	2415.827
2415.836	0.900000000000091	trials	33	s033_F200530	grCe_grSu1Ne	3	90.0	4	2416.136	2416.436
2416.444	0.900000000000091	trials	33	s033_F200530	grCe_grSu6Ne_PS	18	315.0	4	2416.744	2417.044
2422.279	0.900000000000091	trials	33	s033_F200530	grCe_grSu12SmCiNe_PS	21	315.0	4	2422.579	2422.878
2423.495	0.900000000000091	trials	33	s033_F200530	grCe_grSu12Mi	9	315.0	4	2423.795	2424.095
2430.413	0.900000000000091	trials	33	s033_F200530	grCe	1	0.0	4	2430.713	2431.013
2431.0209999999997	0.900000000000091	trials	33	s033_F200530	grCe_grSu12Mi	9	225.0	4	2431.321	2431.621
2431.638	0.900000000000091	trials	33	s033_F200530	grCe_grSu18Fa	11	270.0	4	2431.938	2432.238
2432.2799999999997	0.900000000000091	trials	33	s033_F200530	grCe_grSu18Fa	11	0.0	4	2432.58	2432.88
2452.241	0.900000000000091	trials	33	s033_F200530	grCe_grSu3Ne	5	90.0	4	2452.541	2452.84
2452.841	0.900000000000091	trials	33	s033_F200530	coCe	16	0.0	4	2453.141	2453.441
2456.441	0.900000000000091	trials	33	s033_F200530	grCe_grSu3Ne	5	315.0	4	2456.741	2457.041
2457.0409999999997	0.900000000000091	trials	33	s033_F200530	NoStim	0		4	2457.341	2457.641
2457.658	0.900000000000091	trials	33	s033_F200530	grCe_grSu6Ne	7	0.0	4	2457.958	2458.258
2458.258	0.900000000000091	trials	33	s033_F200530	grCe	1	45.0	4	2458.558	2458.858
2463.942	0.900000000000091	trials	33	s033_F200530	grCe_grSu6CiNe	15	90.0	4	2464.242	2464.542
2467.634	0.900000000000091	trials	33	s033_F200530	grCe_grSu12Mi	9	180.0	4	2467.934	2468.234
2468.243	0.900000000000091	trials	33	s033_F200530	grCe_grSu6CiNe_PS	19	270.0	4	2468.543	2468.842
2468.8599999999997	0.900000000000091	trials	33	s033_F200530	grCe_grSu6CiNe_PS	19	90.0	4	2469.16	2469.459
2469.46	0.900000000000091	trials	33	s033_F200530	grCe	1	90.0	4	2469.76	2470.059
2475.294	0.900000000000091	trials	33	s033_F200530	grCe_grSu6CiNe	15	0.0	4	2475.594	2475.893
2475.91	0.900000000000091	trials	33	s033_F200530	grCe_grSu3Ne	5	225.0	4	2476.21	2476.51
2477.1189999999997	0.900000000000091	trials	33	s033_F200530	grCe_grSu3Ne	5	180.0	3	2477.419	2477.719
2482.745	0.900000000000091	trials	33	s033_F200530	coCe_grSu6Ne	17	0.0	3	2483.045	2483.344
2483.3529999999996	0.900000000000091	trials	33	s033_F200530	grCe_grSu6Ne_PS	18	45.0	3	2483.653	2483.953
2483.97	0.900000000000091	trials	33	s033_F200530	grCe_grSu12Mi	9	270.0	3	2484.27	2484.57
2491.796	0.900000000000091	trials	33	s033_F200530	grCe_grSu18Fa	11	225.0	3	2492.096	2492.396
2493.038	0.900000000000091	trials	33	s033_F200530	grSu6CiNe	14		3	2493.338	2493.637
2493.654	0.900000000000091	trials	33	s033_F200530	grSu18Fa	10		3	2493.954	2494.254
2508.3399999999997	0.900000000000091	trials	33	s033_F200530	grCe_grSu12Mi	9	135.0	3	2508.64	2508.939
2508.9649999999997	0.900000000000091	trials	33	s033_F200530	coCe_grSu6Ne	17	90.0	3	2509.265	2509.564
2509.6059999999998	0.900000000000091	trials	33	s033_F200530	grCe_grSu6Ne_PS	18	0.0	3	2509.906	2510.206
2510.232	0.900000000000091	trials	33	s033_F200530	coCe	16	0.0	3	2510.532	2510.831
2521.716	0.900000000000091	trials	33	s033_F200530	grCe_grSu6Ne	7	45.0	3	2522.016	2522.316
2522.9249999999997	0.900000000000091	trials	33	s033_F200530	grCe_grSu6Ne_PS	18	270.0	3	2523.225	2523.525
2528.734	0.900000000000091	trials	33	s033_F200530	grCe_grSu18Fa	11	315.0	3	2529.034	2529.334
2529.3419999999996	0.900000000000091	trials	33	s033_F200530	grCe_grSu6CiNe_PS	19	225.0	3	2529.642	2529.942
2529.951	0.900000000000091	trials	33	s033_F200530	grCe_grSu1Ne	3	90.0	3	2530.251	2530.55
2530.5589999999997	0.900000000000091	trials	33	s033_F200530	grCe_grSu6CiNe	15	315.0	3	2530.859	2531.159
2536.127	0.900000000000091	trials	33	s033_F200530	grCe_grSu3Ne	5	225.0	3	2536.427	2536.726
2536.752	0.900000000000091	trials	33	s033_F200530	grSu6Ne	6		3	2537.052	2537.351
2537.3599999999997	0.900000000000091	trials	33	s033_F200530	grCe_grSu12SmCiNe_PS	21	270.0	3	2537.66	2537.96
2541.2859999999996	0.900000000000091	trials	33	s033_F200530	grCe_grSu1Ne	3	135.0	3	2541.586	2541.885
2541.919	0.900000000000091	trials	33	s033_F200530	grCe_grSu6CiNe	15	90.0	3	2542.219	2542.519
2542.527	0.900000000000091	trials	33	s033_F200530	coCe_grSu6Ne	17	180.0	3	2542.827	2543.127
2543.127	0.900000000000091	trials	33	s033_F200530	coCe	16	180.0	3	2543.427	2543.727
2567.681	0.900000000000091	trials	33	s033_F200530	grCe	1	90.0	3	2567.981	2568.28
2568.2889999999998	0.900000000000091	trials	33	s033_F200530	grCe_grSu6CiNe	15	180.0	3	2568.589	2568.889
2572.006	0.900000000000091	trials	33	s033_F200530	coSu6Ne	20		3	2572.306	2572.606
2575.973	0.900000000000091	trials	33	s033_F200530	grCe_grSu3Ne	5	45.0	3	2576.273	2576.573
2576.607	0.900000000000091	trials	33	s033_F200530	grCe_grSu1Ne	3	270.0	3	2576.907	2577.207
2577.232	0.900000000000091	trials	33	s033_F200530	grCe	1	180.0	3	2577.532	2577.832
2577.8399999999997	0.900000000000091	trials	33	s033_F200530	grCe_grSu3Ne	5	135.0	3	2578.14	2578.44
2584.424	0.900000000000091	trials	33	s033_F200530	grCe_grSu12SmCiNe	13	135.0	3	2584.724	2585.024
2587.9579999999996	0.900000000000091	trials	33	s033_F200530	grSu12SmCiNe	12		3	2588.258	2588.558
2589.1749999999997	0.900000000000091	trials	33	s033_F200530	grCe_grSu12Mi	9	225.0	3	2589.475	2589.775
2593.1839999999997	0.900000000000091	trials	33	s033_F200530	grCe_grSu12Mi	9	45.0	3	2593.484	2593.784
2593.792	0.900000000000091	trials	33	s033_F200530	grCe_grSu6Ne	7	270.0	3	2594.092	2594.392
2594.401	0.900000000000091	trials	33	s033_F200530	grCe_grSu12SmCiNe_PS	21	135.0	3	2594.701	2595.0
2602.0429999999997	0.900000000000091	trials	33	s033_F200530	grCe_grSu6CiNe_PS	19	45.0	3	2602.343	2602.643
2602.66	0.900000000000091	trials	33	s033_F200530	grCe_grSu18Fa	11	90.0	3	2602.96	2603.26
2608.8689999999997	0.900000000000091	trials	33	s033_F200530	coCe	16	270.0	3	2609.169	2609.469
2609.4689999999996	0.900000000000091	trials	33	s033_F200530	grCe	1	45.0	3	2609.769	2610.069
2610.1029999999996	0.900000000000091	trials	33	s033_F200530	coCe_grSu6Ne	17	225.0	3	2610.403	2610.702
2625.446	0.900000000000091	trials	33	s033_F200530	NoStim	0		3	2625.746	2626.046
2626.0879999999997	0.900000000000091	trials	33	s033_F200530	grCe_grSu6Ne	7	135.0	3	2626.388	2626.688
2626.6879999999996	0.900000000000091	trials	33	s033_F200530	grCe_grSu12SmCiNe_PS	21	0.0	3	2626.988	2627.288
2627.33	0.900000000000091	trials	33	s033_F200530	grCe_grSu12Mi	9	315.0	3	2627.63	2627.93
2637.656	0.900000000000091	trials	33	s033_F200530	grCe_grSu12SmCiNe	13	45.0	3	2637.956	2638.256
2638.265	0.900000000000091	trials	33	s033_F200530	grCe_grSu3Ne	5	270.0	3	2638.565	2638.864
2638.8729999999996	0.900000000000091	trials	33	s033_F200530	grCe_grSu6CiNe	15	135.0	3	2639.173	2639.473
2656.2839999999997	0.900000000000091	trials	33	s033_F200530	grCe_grSu18Fa	11	270.0	3	2656.584	2656.883
2662.951	0.900000000000091	trials	33	s033_F200530	coCe	16	90.0	3	2663.251	2663.551
2663.576	0.900000000000091	trials	33	s033_F200530	grCe	1	225.0	3	2663.876	2664.176
2664.8019999999997	0.900000000000091	trials	33	s033_F200530	grCe_grSu6CiNe_PS	19	0.0	3	2665.102	2665.401
2689.113	0.900000000000091	trials	33	s033_F200530	grCe_grSu12SmCiNe	13	225.0	3	2689.413	2689.713
2689.721	0.900000000000091	trials	33	s033_F200530	grSu12Mi	8		3	2690.021	2690.321
2690.93	0.900000000000091	trials	33	s033_F200530	grCe_grSu3Ne	5	90.0	3	2691.23	2691.53
2696.881	0.900000000000091	trials	33	s033_F200530	grCe_grSu6CiNe_PS	19	90.0	3	2697.181	2697.48
2698.0969999999998	0.900000000000091	trials	33	s033_F200530	grCe_grSu6Ne	7	315.0	3	2698.397	2698.697
2704.707	0.900000000000091	trials	33	s033_F200530	grCe_grSu12Mi	9	180.0	3	2705.007	2705.306
2705.3149999999996	0.900000000000091	trials	33	s033_F200530	grSu1Ne	2		3	2705.615	2705.915
2705.915	0.900000000000091	trials	33	s033_F200530	coCe	16	225.0	3	2706.215	2706.515
2706.515	0.900000000000091	trials	33	s033_F200530	coCe	16	45.0	3	2706.815	2707.115
2726.209	0.900000000000091	trials	33	s033_F200530	grCe_grSu6Ne_PS	18	225.0	3	2726.509	2726.809
2726.8179999999998	0.900000000000091	trials	33	s033_F200530	coCe_grSu6Ne	17	45.0	3	2727.118	2727.418
2731.343	0.900000000000091	trials	33	s033_F200530	grCe_grSu6Ne	7	0.0	3	2731.643	2731.943
2731.96	0.900000000000091	trials	33	s033_F200530	grCe_grSu6Ne	7	225.0	3	2732.26	2732.56
2732.569	0.900000000000091	trials	33	s033_F200530	grCe_grSu1Ne	3	45.0	3	2732.869	2733.168
2739.7949999999996	0.900000000000091	trials	33	s033_F200530	grCe	1	270.0	3	2740.095	2740.394
2740.4199999999996	0.900000000000091	trials	33	s033_F200530	grCe_grSu3Ne	5	315.0	3	2740.72	2741.019
2741.02	0.900000000000091	trials	33	s033_F200530	coCe	16	315.0	3	2741.32	2741.619
2758.2219999999998	0.900000000000091	trials	33	s033_F200530	grCe_grSu12SmCiNe_PS	21	315.0	3	2758.522	2758.822
2758.83	0.900000000000091	trials	33	s033_F200530	grCe_grSu6CiNe_PS	19	315.0	3	2759.13	2759.43
2759.4719999999998	0.900000000000091	trials	33	s033_F200530	grCe_grSu18Fa	11	180.0	3	2759.772	2760.072
2764.573	0.900000000000091	trials	33	s033_F200530	grCe_grSu12SmCiNe	13	90.0	3	2764.873	2765.172
2765.181	0.900000000000091	trials	33	s033_F200530	grCe_grSu6CiNe	15	45.0	3	2765.481	2765.781
2770.874	0.900000000000091	trials	33	s033_F200530	grCe_grSu6CiNe_PS	19	180.0	3	2771.174	2771.473
2771.482	0.900000000000091	trials	33	s033_F200530	grCe_grSu1Ne	3	0.0	3	2771.782	2772.082
2772.732	0.900000000000091	trials	33	s033_F200530	grCe_grSu12SmCiNe_PS	21	180.0	3	2773.032	2773.332
2778.383	0.900000000000091	trials	33	s033_F200530	grCe_grSu6CiNe_PS	19	135.0	3	2778.683	2778.983
2779.0249999999996	0.900000000000091	trials	33	s033_F200530	grCe_grSu1Ne	3	225.0	3	2779.325	2779.624
2779.633	0.900000000000091	trials	33	s033_F200530	grCe_grSu6Ne_PS	18	180.0	3	2779.933	2780.233
2780.241	0.900000000000091	trials	33	s033_F200530	grCe_grSu6CiNe	15	225.0	3	2780.541	2780.841
2790.959	0.900000000000091	trials	33	s033_F200530	grCe_grSu12SmCiNe	13	270.0	3	2791.259	2791.559
2791.5679999999998	0.900000000000091	trials	33	s033_F200530	grCe_grSu6CiNe_PS	19	270.0	3	2791.868	2792.168
2792.21	0.900000000000091	trials	33	s033_F200530	grCe_grSu1Ne	3	315.0	3	2792.51	2792.809
2792.826	0.900000000000091	trials	33	s033_F200530	grCe_grSu18Fa	11	45.0	3	2793.126	2793.426
2834.54	0.900000000000091	trials	33	s033_F200530	grCe_grSu12SmCiNe_PS	21	225.0	3	2834.84	2835.14
2835.1569999999997	0.900000000000091	trials	33	s033_F200530	grCe_grSu18Fa	11	0.0	3	2835.457	2835.757
2835.765	0.900000000000091	trials	33	s033_F200530	grCe_grSu12SmCiNe	13	315.0	3	2836.065	2836.365
2836.4069999999997	0.900000000000091	trials	33	s033_F200530	grCe_grSu6Ne_PS	18	90.0	3	2836.707	2837.007
2842.024	0.900000000000091	trials	33	s033_F200530	grCe_grSu3Ne	5	0.0	3	2842.324	2842.624
2842.6659999999997	0.900000000000091	trials	33	s033_F200530	grCe	1	135.0	3	2842.966	2843.266
2843.283	0.900000000000091	trials	33	s033_F200530	grCe_grSu18Fa	11	135.0	3	2843.583	2843.883
2843.883	0.900000000000091	trials	33	s033_F200530	grCe	1	0.0	3	2844.183	2844.483
2849.542	0.900000000000091	trials	33	s033_F200530	grCe_grSu12Mi	9	0.0	3	2849.842	2850.142
2850.167	0.900000000000091	trials	33	s033_F200530	coCe_grSu6Ne	17	135.0	3	2850.467	2850.767
2850.776	0.900000000000091	trials	33	s033_F200530	grCe_grSu6Ne	7	180.0	3	2851.076	2851.375
2857.518	0.900000000000091	trials	33	s033_F200530	grCe	1	315.0	3	2857.818	2858.118
2858.1259999999997	0.900000000000091	trials	33	s033_F200530	grCe_grSu12SmCiNe	13	0.0	3	2858.426	2858.726
2858.7349999999997	0.900000000000091	trials	33	s033_F200530	grCe_grSu6Ne	7	90.0	3	2859.035	2859.335
2859.343	0.900000000000091	trials	33	s033_F200530	coCe_grSu6Ne	17	270.0	3	2859.643	2859.943
2865.2019999999998	0.900000000000091	trials	33	s033_F200530	grCe_grSu6CiNe	15	270.0	3	2865.502	2865.802
2865.8109999999997	0.900000000000091	trials	33	s033_F200530	grCe_grSu12SmCiNe_PS	21	90.0	3	2866.111	2866.411
2866.419	0.900000000000091	trials	33	s033_F200530	grCe_grSu12Mi	9	90.0	3	2866.719	2867.019
2867.0609999999997	0.900000000000091	trials	33	s033_F200530	grSu3Ne	4		3	2867.361	2867.661
2873.37	0.900000000000091	trials	33	s033_F200530	grCe_grSu1Ne	3	180.0	3	2873.67	2873.97
2879.4539999999997	0.900000000000091	trials	33	s033_F200530	coCe	16	135.0	3	2879.754	2880.054
2880.671	0.900000000000091	trials	33	s033_F200530	grCe_grSu12SmCiNe_PS	21	45.0	3	2880.971	2881.271
2881.288	0.900000000000091	trials	33	s033_F200530	grCe_grSu12SmCiNe	13	180.0	3	2881.588	2881.888
2905.683	0.900000000000091	trials	33	s033_F200530	grCe_grSu6Ne_PS	18	135.0	3	2905.983	2906.282
2906.3329999999996	0.900000000000091	trials	33	s033_F200530	grCe_grSu6CiNe	15	0.0	3	2906.633	2906.932
2906.941	0.900000000000091	trials	33	s033_F200530	coCe_grSu6Ne	17	315.0	3	2907.241	2907.541
2913.6749999999997	0.900000000000091	trials	33	s033_F200530	grCe_grSu6Ne_PS	18	315.0	3	2913.975	2914.275
2914.2839999999997	0.900000000000091	trials	33	s033_F200530	grCe_grSu3Ne	5	135.0	2	2914.584	2914.883
2914.8999999999996	0.900000000000091	trials	33	s033_F200530	grCe_grSu12SmCiNe	13	315.0	2	2915.2	2915.5
2915.5009999999997	0.900000000000091	trials	33	s033_F200530	grCe	1	180.0	2	2915.801	2916.1
2921.1009999999997	0.900000000000091	trials	33	s033_F200530	coCe_grSu6Ne	17	180.0	2	2921.401	2921.701
2921.701	0.900000000000091	trials	33	s033_F200530	grCe	1	225.0	2	2922.001	2922.301
2922.31	0.900000000000091	trials	33	s033_F200530	coCe_grSu6Ne	17	135.0	2	2922.61	2922.909
2928.486	0.900000000000091	trials	33	s033_F200530	grCe_grSu1Ne	3	180.0	2	2928.786	2929.085
2929.7019999999998	0.900000000000091	trials	33	s033_F200530	grCe_grSu12Mi	9	180.0	2	2930.002	2930.302
2933.2529999999997	0.900000000000091	trials	33	s033_F200530	grCe_grSu6Ne_PS	18	270.0	2	2933.553	2933.853
2934.4779999999996	0.900000000000091	trials	33	s033_F200530	grCe_grSu6Ne_PS	18	225.0	2	2934.778	2935.078
2941.029	0.900000000000091	trials	33	s033_F200530	coCe_grSu6Ne	17	225.0	2	2941.329	2941.629
2941.6459999999997	0.900000000000091	trials	33	s033_F200530	grCe_grSu12Mi	9	135.0	2	2941.946	2942.245
2942.8619999999996	0.900000000000091	trials	33	s033_F200530	grCe_grSu12SmCiNe_PS	21	90.0	2	2943.162	2943.462
2948.5049999999997	0.900000000000091	trials	33	s033_F200530	grCe_grSu6Ne	7	135.0	2	2948.805	2949.105
2949.138	0.900000000000091	trials	33	s033_F200530	grCe_grSu3Ne	5	180.0	2	2949.438	2949.738
2950.363	0.900000000000091	trials	33	s033_F200530	grCe_grSu18Fa	11	270.0	2	2950.663	2950.963
2979.384	0.900000000000091	trials	33	s033_F200530	grCe	1	270.0	2	2979.684	2979.984
2980.6009999999997	0.900000000000091	trials	33	s033_F200530	grCe_grSu12SmCiNe_PS	21	180.0	2	2980.901	2981.2
2981.209	0.900000000000091	trials	33	s033_F200530	grCe_grSu6Ne	7	225.0	2	2981.509	2981.809
2994.819	0.900000000000091	trials	33	s033_F200530	grCe_grSu6CiNe	15	180.0	2	2995.119	2995.419
2995.428	0.900000000000091	trials	33	s033_F200530	grCe_grSu12SmCiNe_PS	21	225.0	2	2995.728	2996.027
2996.669	0.900000000000091	trials	33	s033_F200530	grCe_grSu3Ne	5	315.0	2	2996.969	2997.269
3004.6699999999996	0.900000000000091	trials	33	s033_F200530	grCe_grSu18Fa	11	0.0	2	3004.97	3005.27
3005.27	0.900000000000091	trials	33	s033_F200530	grSu3Ne	4		2	3005.57	3005.87
3014.0719999999997	0.900000000000091	trials	33	s033_F200530	grCe_grSu6Ne_PS	18	135.0	2	3014.372	3014.671
3014.68	0.900000000000091	trials	33	s033_F200530	grCe_grSu6CiNe	15	315.0	2	3014.98	3015.28
3015.305	0.900000000000091	trials	33	s033_F200530	grCe_grSu18Fa	11	135.0	2	3015.605	3015.905
3015.939	0.900000000000091	trials	33	s033_F200530	grCe_grSu18Fa	11	315.0	2	3016.239	3016.538
3026.2729999999997	0.900000000000091	trials	33	s033_F200530	grCe_grSu6Ne_PS	18	45.0	2	3026.573	3026.873
3027.49	0.900000000000091	trials	33	s033_F200530	grCe_grSu12SmCiNe_PS	21	135.0	2	3027.79	3028.09
3028.098	0.900000000000091	trials	33	s033_F200530	grCe_grSu6Ne	7	180.0	2	3028.398	3028.698
3033.924	0.900000000000091	trials	33	s033_F200530	grSu18Fa	10		2	3034.224	3034.524
3034.524	0.900000000000091	trials	33	s033_F200530	grCe_grSu6Ne_PS	18	315.0	2	3034.824	3035.124
3035.133	0.900000000000091	trials	33	s033_F200530	grCe_grSu1Ne	3	225.0	2	3035.433	3035.732
3042.0339999999997	0.900000000000091	trials	33	s033_F200530	grSu6Ne	6		2	3042.334	3042.633
3042.6749999999997	0.900000000000091	trials	33	s033_F200530	grCe_grSu3Ne	5	225.0	2	3042.975	3043.275
3043.2839999999997	0.900000000000091	trials	33	s033_F200530	grCe_grSu3Ne	5	0.0	2	3043.584	3043.883
3043.892	0.900000000000091	trials	33	s033_F200530	grCe_grSu6CiNe	15	270.0	2	3044.192	3044.492
3050.993	0.900000000000091	trials	33	s033_F200530	grCe_grSu3Ne	5	45.0	2	3051.293	3051.593
3051.593	0.900000000000091	trials	33	s033_F200530	coCe	16	0.0	2	3051.893	3052.193
3052.2019999999998	0.900000000000091	trials	33	s033_F200530	grCe_grSu6Ne	7	315.0	2	3052.502	3052.801
3052.8019999999997	0.900000000000091	trials	33	s033_F200530	coCe	16	135.0	2	3053.102	3053.401
3058.527	0.900000000000091	trials	33	s033_F200530	coCe	16	225.0	2	3058.827	3059.127
3059.1609999999996	0.900000000000091	trials	33	s033_F200530	coCe_grSu6Ne	17	45.0	2	3059.461	3059.76
3060.3779999999997	0.900000000000091	trials	33	s033_F200530	coCe_grSu6Ne	17	270.0	2	3060.678	3060.977
3066.712	0.900000000000091	trials	33	s033_F200530	NoStim	0		2	3067.012	3067.311
3067.962	0.900000000000091	trials	33	s033_F200530	coCe	16	315.0	2	3068.262	3068.562
3068.562	0.900000000000091	trials	33	s033_F200530	grCe_grSu12SmCiNe_PS	21	270.0	2	3068.862	3069.162
3074.229	0.900000000000091	trials	33	s033_F200530	grCe_grSu6Ne_PS	18	90.0	2	3074.529	3074.829
3074.8379999999997	0.900000000000091	trials	33	s033_F200530	grCe_grSu12Mi	9	0.0	2	3075.138	3075.437
3075.4379999999996	0.900000000000091	trials	33	s033_F200530	grCe	1	135.0	2	3075.738	3076.038
3076.08	0.900000000000091	trials	33	s033_F200530	grCe_grSu6CiNe_PS	19	180.0	2	3076.38	3076.679
3081.7799999999997	0.900000000000091	trials	33	s033_F200530	grCe	1	90.0	2	3082.08	3082.38
3082.3889999999997	0.900000000000091	trials	33	s033_F200530	grSu6CiNe	14		2	3082.689	3082.988
3082.997	0.900000000000091	trials	33	s033_F200530	grCe_grSu12Mi	9	225.0	2	3083.297	3083.597
3090.8979999999997	0.900000000000091	trials	33	s033_F200530	grCe_grSu6CiNe	15	0.0	2	3091.198	3091.498
3091.5069999999996	0.900000000000091	trials	33	s033_F200530	grCe_grSu12SmCiNe_PS	21	45.0	2	3091.807	3092.106
3092.115	0.900000000000091	trials	33	s033_F200530	grCe_grSu1Ne	3	135.0	2	3092.415	3092.715
3092.723	0.900000000000091	trials	33	s033_F200530	grCe_grSu6CiNe	15	135.0	2	3093.023	3093.323
3098.799	0.900000000000091	trials	33	s033_F200530	grCe_grSu6CiNe_PS	19	45.0	2	3099.099	3099.399
3100.024	0.900000000000091	trials	33	s033_F200530	coCe_grSu6Ne	17	315.0	2	3100.324	3100.624
3100.633	0.900000000000091	trials	33	s033_F200530	grCe_grSu6CiNe_PS	19	270.0	2	3100.933	3101.232
3125.428	0.900000000000091	trials	33	s033_F200530	grCe_grSu18Fa	11	180.0	2	3125.728	3126.027
3126.645	0.900000000000091	trials	33	s033_F200530	grCe_grSu6Ne_PS	18	180.0	2	3126.945	3127.244
3127.261	0.900000000000091	trials	33	s033_F200530	coSu6Ne	20		2	3127.561	3127.861
3136.404	0.900000000000091	trials	33	s033_F200530	grCe_grSu12SmCiNe_PS	21	315.0	2	3136.704	3137.004
3137.6209999999996	0.900000000000091	trials	33	s033_F200530	grSu1Ne	2		2	3137.921	3138.221
3138.238	0.900000000000091	trials	33	s033_F200530	grCe_grSu6Ne	7	0.0	2	3138.538	3138.837
3143.8469999999998	0.900000000000091	trials	33	s033_F200530	grCe_grSu6Ne	7	270.0	2	3144.147	3144.446
3144.4629999999997	0.900000000000091	trials	33	s033_F200530	grCe_grSu12SmCiNe	13	135.0	2	3144.763	3145.063
3145.0719999999997	0.900000000000091	trials	33	s033_F200530	grCe_grSu12SmCiNe	13	90.0	2	3145.372	3145.672
3145.689	0.900000000000091	trials	33	s033_F200530	coCe_grSu6Ne	17	0.0	2	3145.989	3146.288
3151.5809999999997	0.900000000000091	trials	33	s033_F200530	coCe	16	90.0	2	3151.881	3152.181
3152.8149999999996	0.900000000000091	trials	33	s033_F200530	grCe_grSu12Mi	9	45.0	2	3153.115	3153.414
3153.4399999999996	0.900000000000091	trials	33	s033_F200530	grCe_grSu1Ne	3	315.0	2	3153.74	3154.039
3159.265	0.900000000000091	trials	33	s033_F200530	grCe_grSu18Fa	11	45.0	2	3159.565	3159.865
3163.7079999999996	0.900000000000091	trials	33	s033_F200530	coCe	16	270.0	2	3164.008	3164.307
3164.316	0.900000000000091	trials	33	s033_F200530	grCe_grSu12SmCiNe	13	270.0	2	3164.616	3164.916
3164.924	0.900000000000091	trials	33	s033_F200530	grSu12Mi	8		2	3165.224	3165.524
3165.533	0.900000000000091	trials	33	s033_F200530	grCe_grSu12Mi	9	270.0	2	3165.833	3166.133
3171.2839999999997	0.900000000000091	trials	33	s033_F200530	grCe_grSu12SmCiNe	13	45.0	2	3171.584	3171.883
3171.8999999999996	0.900000000000091	trials	33	s033_F200530	grCe_grSu1Ne	3	0.0	2	3172.2	3172.5
3172.5	0.900000000000091	trials	33	s033_F200530	grSu12SmCiNe	12		2	3172.8	3173.1
3173.109	0.900000000000091	trials	33	s033_F200530	grCe_grSu1Ne	3	90.0	2	3173.409	3173.709
3179.21	0.900000000000091	trials	33	s033_F200530	coCe	16	45.0	2	3179.51	3179.809
3179.81	0.900000000000091	trials	33	s033_F200530	grCe_grSu6Ne_PS	18	0.0	2	3180.11	3180.409
3180.41	0.900000000000091	trials	33	s033_F200530	grCe	1	45.0	2	3180.71	3181.009
3181.0429999999997	0.900000000000091	trials	33	s033_F200530	grCe_grSu1Ne	3	45.0	2	3181.343	3181.643
3186.9269999999997	0.900000000000091	trials	33	s033_F200530	grCe_grSu18Fa	11	225.0	2	3187.227	3187.527
3187.5359999999996	0.900000000000091	trials	33	s033_F200530	grCe_grSu6Ne	7	90.0	2	3187.836	3188.135
3188.1769999999997	0.900000000000091	trials	33	s033_F200530	grCe_grSu12SmCiNe	13	225.0	2	3188.477	3188.777
3188.819	0.900000000000091	trials	33	s033_F200530	grCe_grSu6CiNe	15	90.0	2	3189.119	3189.419
3194.5029999999997	0.900000000000091	trials	33	s033_F200530	grCe_grSu6CiNe_PS	19	135.0	2	3194.803	3195.103
3195.1119999999996	0.900000000000091	trials	33	s033_F200530	coCe_grSu6Ne	17	90.0	2	3195.412	3195.711
3196.3529999999996	0.900000000000091	trials	33	s033_F200530	grCe_grSu12SmCiNe	13	180.0	2	3196.653	3196.953
3217.915	0.900000000000091	trials	33	s033_F200530	grCe_grSu3Ne	5	90.0	2	3218.215	3218.514
3218.531	0.900000000000091	trials	33	s033_F200530	grCe_grSu18Fa	11	90.0	2	3218.831	3219.131
3234.8579999999997	0.900000000000091	trials	33	s033_F200530	grCe_grSu1Ne	3	270.0	2	3235.158	3235.458
3242.268	0.900000000000091	trials	33	s033_F200530	grCe_grSu6CiNe_PS	19	0.0	2	3242.568	3242.867
3242.868	0.900000000000091	trials	33	s033_F200530	grCe_grSu12SmCiNe_PS	21	0.0	2	3243.168	3243.468
3243.468	0.900000000000091	trials	33	s033_F200530	coCe	16	180.0	2	3243.768	3244.068
3244.2509999999997	0.900000000000091	trials	33	s033_F200530	grCe_grSu6CiNe_PS	19	225.0	2	3244.551	3244.851
3251.269	0.900000000000091	trials	33	s033_F200530	grCe	1	0.0	2	3251.569	3251.869
3251.877	0.900000000000091	trials	33	s033_F200530	grCe_grSu6CiNe	15	45.0	2	3252.177	3252.477
3252.486	0.900000000000091	trials	33	s033_F200530	grCe_grSu6CiNe	15	225.0	2	3252.786	3253.085
3253.102	0.900000000000091	trials	33	s033_F200530	grCe_grSu12Mi	9	90.0	2	3253.402	3253.702
3258.778	0.900000000000091	trials	33	s033_F200530	grCe_grSu12SmCiNe	13	0.0	2	3259.078	3259.378
3259.412	0.900000000000091	trials	33	s033_F200530	grCe	1	315.0	2	3259.712	3260.011
3260.0449999999996	0.900000000000091	trials	33	s033_F200530	grCe_grSu6CiNe_PS	19	90.0	2	3260.345	3260.645
3260.662	0.900000000000091	trials	33	s033_F200530	grCe_grSu3Ne	5	270.0	2	3260.962	3261.261
3268.5209999999997	0.900000000000091	trials	33	s033_F200530	grCe_grSu6CiNe_PS	19	315.0	2	3268.821	3269.121
3274.422	0.900000000000091	trials	33	s033_F200530	grCe_grSu12Mi	9	315.0	2	3274.722	3275.022
3275.0389999999998	0.900000000000091	trials	33	s033_F200530	grCe_grSu6Ne	7	45.0	2	3275.339	3275.638
3276.2549999999997	0.900000000000091	trials	33	s033_F200530	grCe_grSu6Ne_PS	18	225.0	0	3276.555	3276.855
3291.582	0.900000000000091	trials	33	s033_F200530	coCe_grSu6Ne	17	0.0	0	3291.882	3292.182
3292.1989999999996	0.900000000000091	trials	33	s033_F200530	grSu1Ne	2		0	3292.499	3292.799
3292.808	0.900000000000091	trials	33	s033_F200530	grSu12SmCiNe	12		0	3293.108	3293.407
3304.901	0.900000000000091	trials	33	s033_F200530	grCe_grSu6Ne	7	0.0	0	3305.201	3305.501
3305.509	0.900000000000091	trials	33	s033_F200530	grCe_grSu12SmCiNe_PS	21	225.0	0	3305.809	3306.109
3306.718	0.900000000000091	trials	33	s033_F200530	grCe	1	90.0	0	3307.018	3307.317
3324.903	0.900000000000091	trials	33	s033_F200530	grCe_grSu18Fa	11	225.0	0	3325.203	3325.503
3325.52	0.900000000000091	trials	33	s033_F200530	grCe_grSu1Ne	3	90.0	0	3325.82	3326.12
3326.729	0.900000000000091	trials	33	s033_F200530	grCe	1	135.0	0	3327.029	3327.328
3332.254	0.900000000000091	trials	33	s033_F200530	grCe_grSu18Fa	11	180.0	0	3332.554	3332.854
3333.5209999999997	0.900000000000091	trials	33	s033_F200530	coCe_grSu6Ne	17	180.0	0	3333.821	3334.121
3334.1299999999997	0.900000000000091	trials	33	s033_F200530	grCe_grSu12Mi	9	90.0	0	3334.43	3334.729
3344.4559999999997	0.900000000000091	trials	33	s033_F200530	grCe_grSu6CiNe_PS	19	270.0	0	3344.756	3345.056
3345.098	0.900000000000091	trials	33	s033_F200530	grCe_grSu6Ne	7	135.0	0	3345.398	3345.697
3345.7479999999996	0.900000000000091	trials	33	s033_F200530	grCe_grSu6CiNe_PS	19	45.0	0	3346.048	3346.347
3346.365	0.900000000000091	trials	33	s033_F200530	grCe_grSu18Fa	11	90.0	0	3346.665	3346.964
3380.4939999999997	0.900000000000091	trials	33	s033_F200530	grCe_grSu6Ne	7	270.0	0	3380.794	3381.094
3381.102	0.900000000000091	trials	33	s033_F200530	grCe_grSu6CiNe	15	90.0	0	3381.402	3381.702
3381.711	0.900000000000091	trials	33	s033_F200530	coCe_grSu6Ne	17	45.0	0	3382.011	3382.31
3382.319	0.900000000000091	trials	33	s033_F200530	grCe_grSu6Ne_PS	18	315.0	0	3382.619	3382.919
3427.95	0.900000000000091	trials	33	s033_F200530	coCe_grSu6Ne	17	225.0	0	3428.25	3428.55
3428.558	0.900000000000091	trials	33	s033_F200530	grCe_grSu3Ne	5	270.0	0	3428.858	3429.158
3429.1839999999997	0.900000000000091	trials	33	s033_F200530	grCe_grSu18Fa	11	315.0	0	3429.484	3429.783
3429.792	0.900000000000091	trials	33	s033_F200530	grCe_grSu3Ne	5	135.0	0	3430.092	3430.392
3454.22	0.900000000000091	trials	33	s033_F200530	grCe_grSu6CiNe_PS	19	225.0	0	3454.52	3454.82
3454.837	0.900000000000091	trials	33	s033_F200530	grCe_grSu18Fa	11	135.0	0	3455.137	3455.437
3462.321	0.900000000000091	trials	33	s033_F200530	grCe_grSu3Ne	5	180.0	0	3462.621	3462.921
3462.93	0.900000000000091	trials	33	s033_F200530	coCe_grSu6Ne	17	315.0	0	3463.23	3463.529
3463.538	0.900000000000091	trials	33	s033_F200530	grCe_grSu12SmCiNe	13	225.0	0	3463.838	3464.138
3464.18	0.900000000000091	trials	33	s033_F200530	coCe_grSu6Ne	17	135.0	0	3464.48	3464.779
3493.6	0.900000000000091	trials	33	s033_F200530	grCe_grSu12SmCiNe_PS	21	180.0	0	3493.9	3494.2
3525.9289999999996	0.900000000000091	trials	33	s033_F200530	grCe_grSu12SmCiNe_PS	21	45.0	0	3526.229	3526.529
3590.379	0.900000000000091	trials	33	s033_F200530	grCe_grSu6Ne_PS	18	90.0	0	3590.679	3590.979
3590.988	0.900000000000091	trials	33	s033_F200530	grCe_grSu1Ne	3	315.0	0	3591.288	3591.587
3591.596	0.900000000000091	trials	33	s033_F200530	grCe_grSu12SmCiNe	13	180.0	0	3591.896	3592.196
3592.196	0.900000000000091	trials	33	s033_F200530	coCe	16	45.0	0	3592.496	3592.796
3627.084	0.900000000000091	trials	33	s033_F200530	grCe_grSu12SmCiNe_PS	21	135.0	0	3627.384	3627.684
3627.6929999999998	0.900000000000091	trials	33	s033_F200530	grCe_grSu1Ne	3	0.0	0	3627.993	3628.292
3632.151	0.900000000000091	trials	33	s033_F200530	grCe_grSu6CiNe_PS	19	180.0	0	3632.451	3632.751
3632.7929999999997	0.900000000000091	trials	33	s033_F200530	grSu6Ne	6		0	3633.093	3633.393
3633.402	0.900000000000091	trials	33	s033_F200530	grCe_grSu6CiNe	15	315.0	0	3633.702	3634.001
3653.663	0.900000000000091	trials	33	s033_F200530	grCe_grSu12SmCiNe_PS	21	270.0	0	3653.963	3654.262
3654.288	0.900000000000091	trials	33	s033_F200530	coCe_grSu6Ne	17	270.0	0	3654.588	3654.887
3654.904	0.900000000000091	trials	33	s033_F200530	grCe_grSu18Fa	11	0.0	0	3655.204	3655.504
3655.513	0.900000000000091	trials	33	s033_F200530	grCe_grSu12SmCiNe	13	135.0	0	3655.813	3656.112
3694.4339999999997	0.900000000000091	trials	33	s033_F200530	grCe_grSu12SmCiNe_PS	21	315.0	0	3694.734	3695.034
3695.035	0.900000000000091	trials	33	s033_F200530	grCe	1	270.0	0	3695.335	3695.634
3695.643	0.900000000000091	trials	33	s033_F200530	grCe_grSu3Ne	5	0.0	0	3695.943	3696.243
3696.2599999999998	0.900000000000091	trials	33	s033_F200530	grCe_grSu12SmCiNe	13	0.0	0	3696.56	3696.859
3707.6949999999997	0.900000000000091	trials	33	s033_F200530	grCe_grSu6CiNe	15	135.0	0	3707.995	3708.294
3712.3619999999996	0.900000000000091	trials	33	s033_F200530	grCe_grSu6Ne_PS	18	0.0	0	3712.662	3712.961
3712.962	0.900000000000091	trials	33	s033_F200530	coCe	16	135.0	0	3713.262	3713.562
3713.5789999999997	0.900000000000091	trials	33	s033_F200530	grCe_grSu12Mi	9	225.0	0	3713.879	3714.178
3714.2039999999997	0.900000000000091	trials	33	s033_F200530	grCe_grSu12Mi	9	180.0	0	3714.504	3714.803
3744.874	0.900000000000091	trials	33	s033_F200530	coCe	16	225.0	0	3745.174	3745.474
3745.491	0.900000000000091	trials	33	s033_F200530	grCe_grSu6CiNe_PS	19	135.0	0	3745.791	3746.091
3746.1079999999997	0.900000000000091	trials	33	s033_F200530	grCe_grSu6CiNe_PS	19	0.0	0	3746.408	3746.708
3762.1769999999997	0.900000000000091	trials	33	s033_F200530	grCe_grSu1Ne	3	45.0	0	3762.477	3762.776
3762.8019999999997	0.900000000000091	trials	33	s033_F200530	grSu18Fa	10		0	3763.102	3763.401
3767.002	0.900000000000091	trials	33	s033_F200530	grCe_grSu6Ne_PS	18	135.0	0	3767.302	3767.602
3767.6189999999997	0.900000000000091	trials	33	s033_F200530	grCe_grSu6CiNe_PS	19	315.0	0	3767.919	3768.219
3771.569	0.900000000000091	trials	33	s033_F200530	grCe	1	225.0	0	3771.869	3772.169
3772.178	0.900000000000091	trials	33	s033_F200530	grCe_grSu12Mi	9	315.0	0	3772.478	3772.778
3772.8199999999997	0.900000000000091	trials	33	s033_F200530	grCe_grSu6Ne	7	180.0	0	3773.12	3773.419
3779.037	0.900000000000091	trials	33	s033_F200530	grSu3Ne	4		0	3779.337	3779.637
3782.888	0.900000000000091	trials	33	s033_F200530	coCe	16	0.0	0	3783.188	3783.487
3784.738	0.900000000000091	trials	33	s033_F200530	grCe_grSu3Ne	5	225.0	0	3785.038	3785.337
3790.339	0.900000000000091	trials	33	s033_F200530	grCe	1	180.0	0	3790.639	3790.938
3790.939	0.900000000000091	trials	33	s033_F200530	grCe	1	315.0	0	3791.239	3791.538
3792.147	0.900000000000091	trials	33	s033_F200530	grCe	1	0.0	0	3792.447	3792.747
3807.682	0.900000000000091	trials	33	s033_F200530	grCe_grSu12SmCiNe_PS	21	0.0	0	3807.982	3808.282
3808.2909999999997	0.900000000000091	trials	33	s033_F200530	grCe_grSu6Ne	7	90.0	0	3808.591	3808.891
3808.9159999999997	0.900000000000091	trials	33	s033_F200530	grCe_grSu6CiNe	15	45.0	0	3809.216	3809.516
3809.5159999999996	0.900000000000091	trials	33	s033_F200530	coCe	16	180.0	0	3809.816	3810.116
3815.2	0.900000000000091	trials	33	s033_F200530	grCe_grSu12SmCiNe	13	315.0	0	3815.5	3815.8
3832.9939999999997	0.900000000000091	trials	33	s033_F200530	grCe_grSu1Ne	3	180.0	0	3833.294	3833.594
3838.895	0.900000000000091	trials	33	s033_F200530	grCe_grSu12SmCiNe	13	45.0	0	3839.195	3839.494
3861.464	0.900000000000091	trials	33	s033_F200530	grCe_grSu6CiNe	15	0.0	0	3861.764	3862.064
3862.089	0.900000000000091	trials	33	s033_F200530	grCe_grSu6Ne_PS	18	45.0	0	3862.389	3862.689
3876.9579999999996	0.900000000000091	trials	33	s033_F200530	grCe_grSu1Ne	3	135.0	0	3877.258	3877.558
3877.566	0.900000000000091	trials	33	s033_F200530	grCe_grSu3Ne	5	45.0	0	3877.866	3878.166
3878.2079999999996	0.900000000000091	trials	33	s033_F200530	grCe_grSu3Ne	5	315.0	0	3878.508	3878.808
3878.817	0.900000000000091	trials	33	s033_F200530	grCe_grSu12Mi	9	270.0	0	3879.117	3879.416
3884.5339999999997	0.900000000000091	trials	33	s033_F200530	NoStim	0		0	3884.834	3885.134
3885.142	0.900000000000091	trials	33	s033_F200530	grCe_grSu12SmCiNe	13	90.0	0	3885.442	3885.742
3885.7509999999997	0.900000000000091	trials	33	s033_F200530	grCe_grSu6Ne	7	315.0	0	3886.051	3886.351
3886.384	0.900000000000091	trials	33	s033_F200530	coSu6Ne	20		0	3886.684	3886.984
3902.3109999999997	0.900000000000091	trials	33	s033_F200530	grCe_grSu6Ne	7	45.0	0	3902.611	3902.911
3902.961	0.900000000000091	trials	33	s033_F200530	grCe_grSu12Mi	9	0.0	0	3903.261	3903.561
3942.942	0.900000000000091	trials	33	s033_F200530	coCe	16	315.0	0	3943.242	3943.541
4010.567	0.900000000000091	trials	33	s033_F200530	grCe_grSu12Mi	9	135.0	0	4010.867	4011.167
4014.3419999999996	0.900000000000091	trials	33	s033_F200530	grCe_grSu6CiNe_PS	19	90.0	0	4014.642	4014.942
4209.052	0.9000000000005457	trials	33	s033_F200530	grCe_grSu1Ne	3	270.0	0	4209.352	4209.652
4209.677	0.9000000000005457	trials	33	s033_F200530	coCe	16	270.0	0	4209.977	4210.277
4210.294	0.9000000000005457	trials	33	s033_F200530	grCe_grSu18Fa	11	270.0	0	4210.594	4210.893
4210.902	0.9000000000005457	trials	33	s033_F200530	grCe_grSu6CiNe	15	270.0	0	4211.202	4211.502
4216.845	0.9000000000005457	trials	33	s033_F200530	coCe_grSu6Ne	17	90.0	0	4217.145	4217.444
4217.4529999999995	0.9000000000005457	trials	33	s033_F200530	grCe_grSu6Ne	7	225.0	0	4217.753	4218.053
4218.061	0.9000000000005457	trials	33	s033_F200530	grCe_grSu3Ne	5	90.0	0	4218.361	4218.661
4218.662	0.9000000000005457	trials	33	s033_F200530	grCe	1	45.0	0	4218.962	4219.261
4259.992	0.9000000000005457	trials	33	s033_F200530	grCe_grSu6CiNe	15	225.0	0	4260.292	4260.592
4261.842	0.9000000000005457	trials	33	s033_F200530	grCe_grSu12SmCiNe	13	270.0	0	4262.142	4262.442
4291.104	0.9000000000005457	trials	33	s033_F200530	grSu12Mi	8		0	4291.404	4291.704
4299.78	0.9000000000005457	trials	33	s033_F200530	coCe	16	90.0	0	4300.08	4300.38
4300.38	0.9000000000005457	trials	33	s033_F200530	grCe_grSu12SmCiNe_PS	21	90.0	0	4300.68	4300.98
4300.98	0.9000000000005457	trials	33	s033_F200530	grCe_grSu6Ne_PS	18	180.0	0	4301.28	4301.58
4320.65	0.9000000000005457	trials	33	s033_F200530	grCe_grSu6Ne_PS	18	270.0	0	4320.95	4321.249
4321.9	0.9000000000005457	trials	33	s033_F200530	grCe_grSu6CiNe	15	180.0	0	4322.2	4322.5
4322.525	0.9000000000005457	trials	33	s033_F200530	grCe_grSu12Mi	9	45.0	0	4322.825	4323.125
4329.467	0.9000000000005457	trials	33	s033_F200530	grCe_grSu18Fa	11	45.0	0	4329.767	4330.067
4330.076	0.9000000000005457	trials	33	s033_F200530	grCe_grSu1Ne	3	225.0	0	4330.376	4330.676
4344.061	0.9000000000005457	trials	33	s033_F200530	grSu6CiNe	14		0	4344.361	4344.661
