onset	duration	nwb_table	ses_ID	ses_Name	cond_Name	cond_ID	target_rot	rep_num	pdOn	pdOff
33.188	0.8999999999999986	trials	46	s046_F200630	grCe	1	135.0	8	33.488	33.788
33.797000000000004	0.8999999999999986	trials	46	s046_F200630	grCe_grSu12Mi	9	315.0	8	34.097	34.397
34.397000000000006	0.8999999999999986	trials	46	s046_F200630	coCe_grSu6Ne	17	135.0	7	34.697	34.997
35.005	0.8999999999999986	trials	46	s046_F200630	grCe_grSu12Mi	9	90.0	8	35.305	35.605
35.614000000000004	0.8999999999999986	trials	46	s046_F200630	grSu12Mi	8		7	35.914	36.213
41.748000000000005	0.8999999999999986	trials	46	s046_F200630	grCe_grSu12SmCiNe_PS	21	90.0	8	42.048	42.348
42.348000000000006	0.8999999999999986	trials	46	s046_F200630	grCe_grSu6Ne	7	315.0	8	42.648	42.948
42.956	0.8999999999999986	trials	46	s046_F200630	grCe_grSu6CiNe_PS	19	180.0	7	43.256	43.556
43.573	0.8999999999999986	trials	46	s046_F200630	grCe_grSu6CiNe	15	135.0	7	43.873	44.173
44.173	0.8999999999999986	trials	46	s046_F200630	grCe_grSu12SmCiNe_PS	21	180.0	8	44.473	44.773
50.307	0.8999999999999986	trials	46	s046_F200630	grCe_grSu18Fa	11	315.0	7	50.607	50.907
51.507000000000005	0.8999999999999986	trials	46	s046_F200630	grSu6Ne	6		8	51.807	52.107
52.749	0.8999999999999986	trials	46	s046_F200630	grCe_grSu1Ne	3	270.0	8	53.049	53.349
58.925000000000004	0.8999999999999986	trials	46	s046_F200630	grCe_grSu12SmCiNe	13	45.0	8	59.225	59.525
59.558	0.8999999999999986	trials	46	s046_F200630	grCe_grSu12SmCiNe_PS	21	315.0	7	59.858	60.158
61.392	0.8999999999999986	trials	46	s046_F200630	grCe_grSu1Ne	3	45.0	7	61.692	61.992
67.49300000000001	0.8999999999999915	trials	46	s046_F200630	coCe	16	180.0	8	67.793	68.093
68.126	0.8999999999999915	trials	46	s046_F200630	grCe	1	180.0	8	68.426	68.726
68.726	0.8999999999999915	trials	46	s046_F200630	grCe_grSu12SmCiNe_PS	21	45.0	8	69.026	69.326
69.32600000000001	0.8999999999999915	trials	46	s046_F200630	coCe	16	135.0	7	69.626	69.926
69.968	0.8999999999999915	trials	46	s046_F200630	grCe_grSu12SmCiNe	13	135.0	8	70.268	70.568
76.13600000000001	0.8999999999999915	trials	46	s046_F200630	coCe_grSu6Ne	17	180.0	8	76.436	76.735
76.736	0.8999999999999915	trials	46	s046_F200630	grCe_grSu1Ne	3	315.0	8	77.036	77.335
77.369	0.8999999999999915	trials	46	s046_F200630	grCe_grSu6CiNe	15	270.0	8	77.669	77.969
82.186	0.8999999999999915	trials	46	s046_F200630	grCe	1	270.0	8	82.486	82.786
82.795	0.8999999999999915	trials	46	s046_F200630	grCe_grSu1Ne	3	225.0	8	83.095	83.395
83.395	0.8999999999999915	trials	46	s046_F200630	NoStim	0		8	83.695	83.995
89.387	0.8999999999999915	trials	46	s046_F200630	grCe_grSu6CiNe	15	315.0	8	89.687	89.987
89.99600000000001	0.8999999999999915	trials	46	s046_F200630	grSu12SmCiNe	12		8	90.296	90.595
90.596	0.8999999999999915	trials	46	s046_F200630	grCe_grSu6Ne	7	0.0	8	90.896	91.196
91.804	0.8999999999999915	trials	46	s046_F200630	grCe_grSu12Mi	9	135.0	8	92.104	92.404
97.905	0.8999999999999915	trials	46	s046_F200630	grCe_grSu18Fa	11	135.0	8	98.205	98.505
98.50500000000001	0.8999999999999915	trials	46	s046_F200630	grCe_grSu6CiNe_PS	19	135.0	8	98.805	99.105
99.72200000000001	0.8999999999999915	trials	46	s046_F200630	grCe_grSu6Ne	7	45.0	7	100.022	100.322
100.322	0.8999999999999915	trials	46	s046_F200630	grCe_grSu6CiNe_PS	19	45.0	7	100.622	100.922
106.44	0.8999999999999915	trials	46	s046_F200630	grCe_grSu1Ne	3	90.0	7	106.74	107.039
107.048	0.8999999999999915	trials	46	s046_F200630	grCe_grSu12Mi	9	270.0	8	107.348	107.648
108.248	0.8999999999999915	trials	46	s046_F200630	coCe_grSu6Ne	17	0.0	8	108.548	108.848
108.89	0.8999999999999915	trials	46	s046_F200630	grCe_grSu6Ne_PS	18	180.0	8	109.19	109.49
116.266	0.8999999999999915	trials	46	s046_F200630	grCe_grSu18Fa	11	180.0	7	116.566	116.866
119.733	0.8999999999999915	trials	46	s046_F200630	grCe_grSu3Ne	5	270.0	8	120.033	120.333
120.333	0.8999999999999915	trials	46	s046_F200630	coCe	16	315.0	8	120.633	120.933
121.533	0.8999999999999915	trials	46	s046_F200630	grCe_grSu1Ne	3	0.0	8	121.833	122.133
128.801	0.9000000000000057	trials	46	s046_F200630	grCe_grSu3Ne	5	180.0	8	129.101	129.4
130.009	0.9000000000000057	trials	46	s046_F200630	grCe_grSu6Ne	7	135.0	8	130.309	130.609
130.60899999999998	0.9000000000000057	trials	46	s046_F200630	coCe_grSu6Ne	17	45.0	8	130.909	131.209
136.72699999999998	0.9000000000000057	trials	46	s046_F200630	grCe_grSu6CiNe	15	180.0	8	137.027	137.326
137.33499999999998	0.9000000000000057	trials	46	s046_F200630	grCe_grSu12SmCiNe	13	180.0	8	137.635	137.935
141.136	0.9000000000000057	trials	46	s046_F200630	grCe_grSu18Fa	11	45.0	7	141.436	141.735
141.744	0.9000000000000057	trials	46	s046_F200630	grCe_grSu12Mi	9	0.0	7	142.044	142.344
142.344	0.9000000000000057	trials	46	s046_F200630	grCe_grSu3Ne	5	45.0	7	142.644	142.944
142.944	0.9000000000000057	trials	46	s046_F200630	grCe_grSu3Ne	5	135.0	7	143.244	143.544
143.54399999999998	0.9000000000000057	trials	46	s046_F200630	grCe_grSu3Ne	5	0.0	8	143.844	144.144
149.637	0.9000000000000057	trials	46	s046_F200630	grCe_grSu1Ne	3	135.0	8	149.937	150.236
150.262	0.9000000000000057	trials	46	s046_F200630	grCe	1	225.0	8	150.562	150.862
151.462	0.9000000000000057	trials	46	s046_F200630	grCe_grSu6CiNe_PS	19	0.0	7	151.762	152.062
152.087	0.9000000000000057	trials	46	s046_F200630	coCe	16	45.0	8	152.387	152.687
158.78799999999998	0.9000000000000057	trials	46	s046_F200630	grCe_grSu6Ne	7	270.0	8	159.088	159.388
159.38799999999998	0.9000000000000057	trials	46	s046_F200630	coCe_grSu6Ne	17	270.0	8	159.688	159.988
159.988	0.9000000000000057	trials	46	s046_F200630	grCe_grSu6Ne	7	180.0	8	160.288	160.588
160.588	0.9000000000000057	trials	46	s046_F200630	grCe_grSu12SmCiNe_PS	21	0.0	8	160.888	161.188
167.22199999999998	0.9000000000000057	trials	46	s046_F200630	grSu6CiNe	14		8	167.522	167.822
167.831	0.9000000000000057	trials	46	s046_F200630	grCe_grSu6CiNe	15	90.0	8	168.131	168.431
168.44799999999998	0.9000000000000057	trials	46	s046_F200630	grCe_grSu6CiNe_PS	19	90.0	8	168.748	169.047
169.048	0.9000000000000057	trials	46	s046_F200630	grCe_grSu6Ne	7	90.0	7	169.348	169.647
175.207	0.9000000000000057	trials	46	s046_F200630	grCe	1	0.0	8	175.507	175.806
175.82399999999998	0.9000000000000057	trials	46	s046_F200630	coCe	16	0.0	7	176.124	176.423
176.42399999999998	0.9000000000000057	trials	46	s046_F200630	grCe	1	90.0	8	176.724	177.023
177.207	0.9000000000000057	trials	46	s046_F200630	coSu6Ne	20		8	177.507	177.807
177.815	0.9000000000000057	trials	46	s046_F200630	grCe_grSu18Fa	11	225.0	8	178.115	178.415
183.96599999999998	0.9000000000000057	trials	46	s046_F200630	grCe_grSu12Mi	9	45.0	8	184.266	184.566
184.566	0.9000000000000057	trials	46	s046_F200630	grCe_grSu12SmCiNe	13	315.0	8	184.866	185.166
185.183	0.9000000000000057	trials	46	s046_F200630	grCe_grSu3Ne	5	315.0	7	185.483	185.783
185.825	0.9000000000000057	trials	46	s046_F200630	coCe_grSu6Ne	17	225.0	8	186.125	186.424
192.492	0.9000000000000057	trials	46	s046_F200630	grCe_grSu3Ne	5	225.0	7	192.792	193.092
193.101	0.9000000000000057	trials	46	s046_F200630	grCe	1	45.0	7	193.401	193.7
193.701	0.9000000000000057	trials	46	s046_F200630	grCe_grSu12SmCiNe_PS	21	270.0	7	194.001	194.301
194.33399999999997	0.9000000000000057	trials	46	s046_F200630	grCe_grSu6Ne_PS	18	45.0	8	194.634	194.934
194.934	0.9000000000000057	trials	46	s046_F200630	grCe_grSu12SmCiNe_PS	21	225.0	8	195.234	195.534
201.00199999999998	0.9000000000000057	trials	46	s046_F200630	grCe_grSu6Ne_PS	18	270.0	8	201.302	201.601
201.60999999999999	0.9000000000000057	trials	46	s046_F200630	grSu18Fa	10		8	201.91	202.21
202.219	0.9000000000000057	trials	46	s046_F200630	grCe_grSu12SmCiNe	13	90.0	8	202.519	202.818
202.819	0.9000000000000057	trials	46	s046_F200630	grCe_grSu6CiNe_PS	19	270.0	7	203.119	203.418
203.427	0.9000000000000057	trials	46	s046_F200630	grCe_grSu12SmCiNe	13	270.0	8	203.727	204.027
209.42	0.9000000000000057	trials	46	s046_F200630	coCe_grSu6Ne	17	315.0	7	209.72	210.019
210.64499999999998	0.9000000000000057	trials	46	s046_F200630	grCe_grSu1Ne	3	180.0	8	210.945	211.244
211.845	0.9000000000000057	trials	46	s046_F200630	grCe_grSu6Ne_PS	18	225.0	7	212.145	212.445
217.97899999999998	0.9000000000000057	trials	46	s046_F200630	grCe_grSu6CiNe	15	225.0	8	218.279	218.579
221.696	0.9000000000000057	trials	46	s046_F200630	grCe_grSu6Ne_PS	18	135.0	8	221.996	222.296
222.30499999999998	0.9000000000000057	trials	46	s046_F200630	grCe_grSu6CiNe_PS	19	315.0	8	222.605	222.904
222.905	0.9000000000000057	trials	46	s046_F200630	grCe_grSu6CiNe	15	0.0	8	223.205	223.504
223.53	0.9000000000000057	trials	46	s046_F200630	coCe_grSu6Ne	17	90.0	8	223.83	224.129
224.13799999999998	0.9000000000000057	trials	46	s046_F200630	grCe_grSu12SmCiNe	13	225.0	8	224.438	224.738
230.93099999999998	0.9000000000000057	trials	46	s046_F200630	grCe_grSu6Ne_PS	18	315.0	8	231.231	231.53
231.564	0.9000000000000057	trials	46	s046_F200630	grSu3Ne	4		8	231.864	232.164
232.164	0.9000000000000057	trials	46	s046_F200630	grCe_grSu6Ne_PS	18	90.0	8	232.464	232.764
232.798	0.9000000000000057	trials	46	s046_F200630	grCe_grSu6Ne	7	225.0	8	233.098	233.397
238.998	0.9000000000000057	trials	46	s046_F200630	grCe	1	315.0	8	239.298	239.598
239.607	0.9000000000000057	trials	46	s046_F200630	grCe_grSu18Fa	11	90.0	8	239.907	240.206
240.207	0.9000000000000057	trials	46	s046_F200630	grCe_grSu6Ne_PS	18	0.0	8	240.507	240.807
247.524	0.9000000000000057	trials	46	s046_F200630	grCe_grSu6CiNe_PS	19	225.0	8	247.824	248.124
248.14999999999998	0.9000000000000057	trials	46	s046_F200630	grCe_grSu3Ne	5	90.0	8	248.45	248.749
248.75	0.9000000000000057	trials	46	s046_F200630	grCe_grSu12SmCiNe	13	0.0	8	249.05	249.349
249.35799999999998	0.9000000000000057	trials	46	s046_F200630	grCe_grSu12Mi	9	180.0	8	249.658	249.958
249.958	0.9000000000000057	trials	46	s046_F200630	coCe	16	90.0	7	250.258	250.558
256.001	0.9000000000000341	trials	46	s046_F200630	grCe_grSu6CiNe	15	45.0	8	256.301	256.6
256.61699999999996	0.9000000000000341	trials	46	s046_F200630	grCe_grSu18Fa	11	270.0	8	256.917	257.217
257.24199999999996	0.9000000000000341	trials	46	s046_F200630	coCe	16	225.0	8	257.542	257.842
257.884	0.9000000000000341	trials	46	s046_F200630	coCe	16	270.0	8	258.184	258.484
258.526	0.9000000000000341	trials	46	s046_F200630	grCe_grSu12Mi	9	225.0	8	258.826	259.126
264.777	0.9000000000000341	trials	46	s046_F200630	grSu1Ne	2		8	265.077	265.376
266.01	0.9000000000000341	trials	46	s046_F200630	grCe_grSu12SmCiNe_PS	21	135.0	8	266.31	266.61
266.78499999999997	0.9000000000000341	trials	46	s046_F200630	grCe_grSu18Fa	11	0.0	8	267.085	267.385
267.385	0.9000000000000341	trials	46	s046_F200630	grCe_grSu12SmCiNe_PS	21	180.0	6	267.685	267.985
273.695	0.9000000000000341	trials	46	s046_F200630	coCe	16	270.0	6	273.995	274.294
274.295	0.9000000000000341	trials	46	s046_F200630	coCe_grSu6Ne	17	0.0	6	274.595	274.894
275.495	0.9000000000000341	trials	46	s046_F200630	coCe_grSu6Ne	17	180.0	6	275.795	276.094
276.12	0.9000000000000341	trials	46	s046_F200630	grCe_grSu6Ne	7	45.0	6	276.42	276.719
282.171	0.9000000000000341	trials	46	s046_F200630	grCe	1	270.0	6	282.471	282.77
282.771	0.9000000000000341	trials	46	s046_F200630	grCe_grSu6CiNe_PS	19	225.0	6	283.071	283.37
283.412	0.9000000000000341	trials	46	s046_F200630	coCe_grSu6Ne	17	225.0	6	283.712	284.012
284.013	0.9000000000000341	trials	46	s046_F200630	grCe	1	135.0	6	284.313	284.612
284.62899999999996	0.9000000000000341	trials	46	s046_F200630	coCe	16	0.0	6	284.929	285.229
290.647	0.9000000000000341	trials	46	s046_F200630	grCe_grSu6CiNe	15	315.0	6	290.947	291.246
291.255	0.9000000000000341	trials	46	s046_F200630	grCe_grSu12Mi	9	135.0	6	291.555	291.855
292.497	0.9000000000000341	trials	46	s046_F200630	grCe_grSu1Ne	3	45.0	6	292.797	293.097
293.10499999999996	0.9000000000000341	trials	46	s046_F200630	grCe_grSu12Mi	9	45.0	6	293.405	293.705
299.164	0.9000000000000341	trials	46	s046_F200630	grCe_grSu1Ne	3	135.0	6	299.464	299.764
299.78999999999996	0.9000000000000341	trials	46	s046_F200630	grCe_grSu12SmCiNe	13	90.0	6	300.09	300.389
300.431	0.9000000000000341	trials	46	s046_F200630	grCe_grSu6Ne_PS	18	225.0	6	300.731	301.031
301.048	0.9000000000000341	trials	46	s046_F200630	grCe_grSu6CiNe_PS	19	90.0	6	301.348	301.648
307.899	0.9000000000000341	trials	46	s046_F200630	grCe_grSu6CiNe_PS	19	135.0	6	308.199	308.499
308.532	0.9000000000000341	trials	46	s046_F200630	grCe_grSu18Fa	11	45.0	6	308.832	309.132
309.774	0.9000000000000341	trials	46	s046_F200630	coSu6Ne	20		6	310.074	310.374
310.37399999999997	0.9000000000000341	trials	46	s046_F200630	grCe_grSu12SmCiNe_PS	21	45.0	6	310.674	310.974
316.558	0.9000000000000341	trials	46	s046_F200630	grCe_grSu3Ne	5	180.0	6	316.858	317.158
317.167	0.9000000000000341	trials	46	s046_F200630	grCe_grSu6CiNe	15	45.0	6	317.467	317.766
317.8	0.9000000000000341	trials	46	s046_F200630	grCe_grSu12Mi	9	225.0	6	318.1	318.4
318.4	0.9000000000000341	trials	46	s046_F200630	grCe_grSu6Ne	7	225.0	6	318.7	319.0
319.0	0.9000000000000341	trials	46	s046_F200630	grCe_grSu1Ne	3	0.0	6	319.3	319.6
328.768	0.9000000000000341	trials	46	s046_F200630	grCe	1	0.0	6	329.068	329.368
329.377	0.9000000000000341	trials	46	s046_F200630	grCe_grSu6Ne	7	270.0	6	329.677	329.976
329.977	0.9000000000000341	trials	46	s046_F200630	coCe	16	315.0	6	330.277	330.576
330.585	0.9000000000000341	trials	46	s046_F200630	grCe_grSu6CiNe_PS	19	45.0	6	330.885	331.185
337.469	0.9000000000000341	trials	46	s046_F200630	grCe_grSu6Ne_PS	18	90.0	6	337.769	338.069
338.103	0.9000000000000341	trials	46	s046_F200630	grCe_grSu1Ne	3	315.0	6	338.403	338.703
338.711	0.9000000000000341	trials	46	s046_F200630	grCe_grSu18Fa	11	225.0	6	339.011	339.311
342.253	0.9000000000000341	trials	46	s046_F200630	grCe_grSu12SmCiNe	13	315.0	6	342.553	342.853
342.853	0.9000000000000341	trials	46	s046_F200630	grCe_grSu6Ne	7	180.0	6	343.153	343.453
344.079	0.9000000000000341	trials	46	s046_F200630	grCe_grSu18Fa	11	0.0	6	344.379	344.678
347.746	0.9000000000000341	trials	46	s046_F200630	coCe_grSu6Ne	17	45.0	6	348.046	348.345
348.354	0.9000000000000341	trials	46	s046_F200630	grCe_grSu3Ne	5	45.0	6	348.654	348.954
352.421	0.9000000000000341	trials	46	s046_F200630	grCe_grSu18Fa	11	135.0	6	352.721	353.021
357.28	0.9000000000000341	trials	46	s046_F200630	grCe_grSu12SmCiNe	13	45.0	6	357.58	357.88
357.88	0.9000000000000341	trials	46	s046_F200630	grCe_grSu12SmCiNe	13	180.0	6	358.18	358.48
362.464	0.9000000000000341	trials	46	s046_F200630	grCe_grSu12SmCiNe	13	270.0	6	362.764	363.064
363.06399999999996	0.9000000000000341	trials	46	s046_F200630	grCe_grSu6Ne	7	315.0	6	363.364	363.664
363.673	0.9000000000000341	trials	46	s046_F200630	grSu18Fa	10		6	363.973	364.272
368.448	0.9000000000000341	trials	46	s046_F200630	grCe_grSu12SmCiNe	13	0.0	6	368.748	369.048
369.057	0.9000000000000341	trials	46	s046_F200630	grCe_grSu12Mi	9	270.0	6	369.357	369.657
372.541	0.9000000000000341	trials	46	s046_F200630	grCe_grSu1Ne	3	270.0	6	372.841	373.14
373.774	0.9000000000000341	trials	46	s046_F200630	grCe_grSu3Ne	5	135.0	6	374.074	374.374
374.37399999999997	0.9000000000000341	trials	46	s046_F200630	grCe_grSu6CiNe_PS	19	315.0	6	374.674	374.974
381.233	0.9000000000000341	trials	46	s046_F200630	grCe_grSu6Ne	7	90.0	6	381.533	381.833
381.842	0.9000000000000341	trials	46	s046_F200630	grCe_grSu18Fa	11	90.0	6	382.142	382.441
382.442	0.9000000000000341	trials	46	s046_F200630	grCe_grSu12SmCiNe_PS	21	0.0	6	382.742	383.042
383.05	0.9000000000000341	trials	46	s046_F200630	grCe_grSu12Mi	9	90.0	6	383.35	383.65
383.65	0.9000000000000341	trials	46	s046_F200630	grCe_grSu6Ne_PS	18	270.0	6	383.95	384.25
389.71799999999996	0.9000000000000341	trials	46	s046_F200630	grCe	1	90.0	6	390.018	390.318
390.318	0.9000000000000341	trials	46	s046_F200630	coCe_grSu6Ne	17	90.0	6	390.618	390.918
391.543	0.9000000000000341	trials	46	s046_F200630	grCe_grSu12SmCiNe_PS	21	135.0	6	391.843	392.143
392.193	0.9000000000000341	trials	46	s046_F200630	grCe_grSu18Fa	11	315.0	6	392.493	392.793
398.344	0.9000000000000341	trials	46	s046_F200630	grSu6CiNe	14		6	398.644	398.944
399.561	0.9000000000000341	trials	46	s046_F200630	grCe_grSu6CiNe	15	90.0	6	399.861	400.16
400.194	0.9000000000000341	trials	46	s046_F200630	coCe_grSu6Ne	17	135.0	6	400.494	400.794
407.037	0.9000000000000341	trials	46	s046_F200630	coCe	16	135.0	6	407.337	407.636
407.637	0.9000000000000341	trials	46	s046_F200630	grCe	1	45.0	6	407.937	408.236
408.279	0.9000000000000341	trials	46	s046_F200630	grCe_grSu12SmCiNe	13	225.0	6	408.579	408.878
408.887	0.9000000000000341	trials	46	s046_F200630	grCe_grSu1Ne	3	180.0	6	409.187	409.487
409.52	0.9000000000000341	trials	46	s046_F200630	grCe_grSu12SmCiNe_PS	21	315.0	6	409.82	410.12
415.688	0.9000000000000341	trials	46	s046_F200630	coCe_grSu6Ne	17	270.0	6	415.988	416.288
416.33799999999997	0.9000000000000341	trials	46	s046_F200630	grCe_grSu18Fa	11	270.0	6	416.638	416.938
416.938	0.9000000000000341	trials	46	s046_F200630	grSu12SmCiNe	12		6	417.238	417.538
417.538	0.9000000000000341	trials	46	s046_F200630	grCe_grSu3Ne	5	270.0	6	417.838	418.138
418.147	0.9000000000000341	trials	46	s046_F200630	grCe_grSu6CiNe_PS	19	270.0	6	418.447	418.746
425.522	0.9000000000000341	trials	46	s046_F200630	grCe	1	225.0	6	425.822	426.122
426.123	0.9000000000000341	trials	46	s046_F200630	coCe	16	90.0	6	426.423	426.722
426.748	0.9000000000000341	trials	46	s046_F200630	grCe_grSu3Ne	5	315.0	6	427.048	427.347
434.174	0.9000000000000341	trials	46	s046_F200630	grCe_grSu18Fa	11	180.0	6	434.474	434.773
434.782	0.9000000000000341	trials	46	s046_F200630	grCe_grSu3Ne	5	225.0	6	435.082	435.382
435.382	0.9000000000000341	trials	46	s046_F200630	grCe_grSu6CiNe	15	270.0	6	435.682	435.982
435.98199999999997	0.9000000000000341	trials	46	s046_F200630	grCe_grSu1Ne	3	90.0	6	436.282	436.582
442.72499999999997	0.9000000000000341	trials	46	s046_F200630	grCe_grSu3Ne	5	90.0	6	443.025	443.324
443.341	0.9000000000000341	trials	46	s046_F200630	grSu1Ne	2		6	443.641	443.941
443.942	0.9000000000000341	trials	46	s046_F200630	grCe_grSu3Ne	5	0.0	6	444.242	444.541
444.542	0.9000000000000341	trials	46	s046_F200630	grCe_grSu6CiNe	15	180.0	6	444.842	445.141
450.676	0.9000000000000341	trials	46	s046_F200630	coCe	16	180.0	6	450.976	451.275
451.909	0.9000000000000341	trials	46	s046_F200630	grCe_grSu6Ne_PS	18	315.0	6	452.209	452.509
452.509	0.9000000000000341	trials	46	s046_F200630	grCe_grSu1Ne	3	225.0	6	452.809	453.109
456.151	0.9000000000000341	trials	46	s046_F200630	grCe_grSu6CiNe	15	135.0	6	456.451	456.751
456.776	0.9000000000000341	trials	46	s046_F200630	grCe_grSu6CiNe	15	225.0	6	457.076	457.376
457.377	0.9000000000000341	trials	46	s046_F200630	grCe_grSu6CiNe_PS	19	0.0	6	457.677	457.976
457.977	0.9000000000000341	trials	46	s046_F200630	grSu6Ne	6		6	458.277	458.576
458.685	0.9000000000000341	trials	46	s046_F200630	grCe_grSu6Ne_PS	18	0.0	6	458.985	459.285
464.944	0.9000000000000341	trials	46	s046_F200630	grCe_grSu6CiNe_PS	19	180.0	6	465.244	465.544
468.661	0.9000000000000341	trials	46	s046_F200630	grCe_grSu12SmCiNe_PS	21	90.0	6	468.961	469.261
469.90299999999996	0.9000000000000341	trials	46	s046_F200630	grCe_grSu12SmCiNe_PS	21	270.0	6	470.203	470.503
470.537	0.9000000000000341	trials	46	s046_F200630	coCe	16	225.0	6	470.837	471.136
471.137	0.9000000000000341	trials	46	s046_F200630	coCe_grSu6Ne	17	315.0	6	471.437	471.736
477.538	0.9000000000000341	trials	46	s046_F200630	NoStim	0		6	477.838	478.137
479.346	0.9000000000000341	trials	46	s046_F200630	grCe_grSu6Ne_PS	18	180.0	6	479.646	479.946
479.94599999999997	0.9000000000000341	trials	46	s046_F200630	grCe_grSu6Ne_PS	18	135.0	6	480.246	480.546
486.08	0.9000000000000341	trials	46	s046_F200630	coCe	16	45.0	6	486.38	486.68
486.68	0.9000000000000341	trials	46	s046_F200630	grCe_grSu6Ne	7	135.0	6	486.98	487.28
487.389	0.9000000000000341	trials	46	s046_F200630	grCe_grSu6Ne	7	0.0	6	487.689	487.988
487.989	0.9000000000000341	trials	46	s046_F200630	grCe	1	315.0	6	488.289	488.589
488.622	0.9000000000000341	trials	46	s046_F200630	grCe_grSu6Ne_PS	18	45.0	6	488.922	489.222
497.907	0.9000000000000341	trials	46	s046_F200630	grSu3Ne	4		6	498.207	498.506
498.515	0.9000000000000341	trials	46	s046_F200630	grCe_grSu12Mi	9	315.0	6	498.815	499.115
499.115	0.9000000000000341	trials	46	s046_F200630	grCe	1	180.0	6	499.415	499.715
499.724	0.9000000000000341	trials	46	s046_F200630	grCe_grSu12Mi	9	180.0	6	500.024	500.323
500.324	0.9000000000000341	trials	46	s046_F200630	grCe_grSu12SmCiNe_PS	21	225.0	6	500.624	500.923
506.441	0.9000000000000341	trials	46	s046_F200630	grCe_grSu12SmCiNe	13	135.0	6	506.741	507.041
507.041	0.9000000000000341	trials	46	s046_F200630	grCe_grSu6CiNe	15	0.0	6	507.341	507.641
507.65	0.9000000000000341	trials	46	s046_F200630	grSu12Mi	8		6	507.95	508.249
508.858	0.9000000000000341	trials	46	s046_F200630	grCe_grSu12Mi	9	0.0	6	509.158	509.458
515.1170000000001	0.8999999999999773	trials	46	s046_F200630	grCe_grSu3Ne	5	180.0	1	515.417	515.717
518.7850000000001	0.8999999999999773	trials	46	s046_F200630	grCe_grSu18Fa	11	225.0	1	519.085	519.384
519.385	0.8999999999999773	trials	46	s046_F200630	coCe_grSu6Ne	17	0.0	1	519.685	519.984
519.985	0.8999999999999773	trials	46	s046_F200630	coCe	16	135.0	1	520.285	520.584
520.618	0.8999999999999773	trials	46	s046_F200630	grCe_grSu12SmCiNe	13	90.0	1	520.918	521.218
521.2180000000001	0.8999999999999773	trials	46	s046_F200630	grCe	1	225.0	1	521.518	521.818
531.153	0.8999999999999773	trials	46	s046_F200630	coCe	16	180.0	1	531.453	531.752
531.7950000000001	0.8999999999999773	trials	46	s046_F200630	grCe_grSu12SmCiNe_PS	21	270.0	1	532.095	532.394
532.3950000000001	0.8999999999999773	trials	46	s046_F200630	coCe	16	225.0	1	532.695	532.994
532.995	0.8999999999999773	trials	46	s046_F200630	grCe_grSu3Ne	5	45.0	1	533.295	533.594
533.595	0.8999999999999773	trials	46	s046_F200630	grCe_grSu12SmCiNe	13	0.0	1	533.895	534.194
542.8960000000001	0.8999999999999773	trials	46	s046_F200630	grCe_grSu12SmCiNe	13	180.0	1	543.196	543.496
544.138	0.8999999999999773	trials	46	s046_F200630	grCe_grSu6CiNe_PS	19	270.0	1	544.438	544.737
544.738	0.8999999999999773	trials	46	s046_F200630	coCe_grSu6Ne	17	180.0	1	545.038	545.338
552.23	0.8999999999999773	trials	46	s046_F200630	grCe_grSu6CiNe	15	0.0	1	552.53	552.83
552.839	0.8999999999999773	trials	46	s046_F200630	grCe_grSu12Mi	9	135.0	1	553.139	553.439
553.4390000000001	0.8999999999999773	trials	46	s046_F200630	grCe_grSu6CiNe_PS	19	90.0	1	553.739	554.039
554.056	0.8999999999999773	trials	46	s046_F200630	grSu3Ne	4		1	554.356	554.655
561.7230000000001	0.8999999999999773	trials	46	s046_F200630	coCe	16	315.0	1	562.023	562.323
562.3230000000001	0.8999999999999773	trials	46	s046_F200630	grCe	1	45.0	1	562.623	562.923
562.9240000000001	0.8999999999999773	trials	46	s046_F200630	grCe_grSu6Ne_PS	18	0.0	1	563.224	563.523
563.524	0.8999999999999773	trials	46	s046_F200630	grCe_grSu1Ne	3	225.0	1	563.824	564.123
574.8330000000001	0.8999999999999773	trials	46	s046_F200630	grCe	1	315.0	1	575.133	575.433
575.475	0.8999999999999773	trials	46	s046_F200630	grCe_grSu18Fa	11	180.0	1	575.775	576.075
576.1	0.8999999999999773	trials	46	s046_F200630	grCe_grSu18Fa	11	315.0	1	576.4	576.7
576.7	0.8999999999999773	trials	46	s046_F200630	grCe_grSu6Ne	7	90.0	1	577.0	577.3
583.743	0.8999999999999773	trials	46	s046_F200630	grCe_grSu1Ne	3	45.0	1	584.043	584.343
584.385	0.8999999999999773	trials	46	s046_F200630	grCe_grSu12SmCiNe_PS	21	225.0	1	584.685	584.984
589.144	0.8999999999999773	trials	46	s046_F200630	grCe_grSu12Mi	9	90.0	1	589.444	589.743
589.7850000000001	0.8999999999999773	trials	46	s046_F200630	coCe_grSu6Ne	17	315.0	1	590.085	590.385
590.394	0.8999999999999773	trials	46	s046_F200630	coCe	16	45.0	1	590.694	590.993
590.994	0.8999999999999773	trials	46	s046_F200630	grCe_grSu12SmCiNe_PS	21	315.0	1	591.294	591.594
597.7860000000001	0.8999999999999773	trials	46	s046_F200630	grCe	1	0.0	1	598.086	598.386
598.3950000000001	0.8999999999999773	trials	46	s046_F200630	grCe_grSu12Mi	9	225.0	1	598.695	598.994
599.0450000000001	0.8999999999999773	trials	46	s046_F200630	grCe_grSu1Ne	3	180.0	1	599.345	599.645
599.653	0.8999999999999773	trials	46	s046_F200630	grCe_grSu18Fa	11	90.0	1	599.953	600.253
600.253	0.8999999999999773	trials	46	s046_F200630	grCe_grSu12SmCiNe_PS	21	135.0	1	600.553	600.853
611.5880000000001	0.8999999999999773	trials	46	s046_F200630	grCe_grSu3Ne	5	90.0	1	611.888	612.188
612.197	0.8999999999999773	trials	46	s046_F200630	grCe_grSu18Fa	11	0.0	1	612.497	612.796
612.797	0.8999999999999773	trials	46	s046_F200630	coCe_grSu6Ne	17	45.0	1	613.097	613.396
619.089	0.8999999999999773	trials	46	s046_F200630	coCe_grSu6Ne	17	270.0	1	619.389	619.689
623.365	0.8999999999999773	trials	46	s046_F200630	grCe_grSu12SmCiNe	13	45.0	1	623.665	623.964
623.99	0.8999999999999773	trials	46	s046_F200630	grCe	1	135.0	1	624.29	624.589
624.59	0.8999999999999773	trials	46	s046_F200630	grCe_grSu1Ne	3	270.0	1	624.89	625.19
625.19	0.8999999999999773	trials	46	s046_F200630	grCe_grSu12SmCiNe_PS	21	45.0	1	625.49	625.79
632.591	0.8999999999999773	trials	46	s046_F200630	grCe_grSu6Ne_PS	18	90.0	1	632.891	633.191
633.1990000000001	0.8999999999999773	trials	46	s046_F200630	coCe_grSu6Ne	17	225.0	1	633.499	633.799
633.7990000000001	0.8999999999999773	trials	46	s046_F200630	grSu6CiNe	14		1	634.099	634.399
640.6840000000001	0.8999999999999773	trials	46	s046_F200630	grCe_grSu12SmCiNe	13	225.0	1	640.984	641.283
641.292	0.8999999999999773	trials	46	s046_F200630	grCe_grSu18Fa	11	135.0	1	641.592	641.892
641.892	0.8999999999999773	trials	46	s046_F200630	grCe_grSu6CiNe_PS	19	180.0	1	642.192	642.492
652.6600000000001	0.8999999999999773	trials	46	s046_F200630	grCe_grSu6Ne_PS	18	180.0	1	652.96	653.26
653.269	0.8999999999999773	trials	46	s046_F200630	grCe_grSu12Mi	9	270.0	1	653.569	653.868
653.869	0.8999999999999773	trials	46	s046_F200630	grCe_grSu12SmCiNe_PS	21	180.0	1	654.169	654.468
654.494	0.8999999999999773	trials	46	s046_F200630	grSu12Mi	8		1	654.794	655.093
655.094	0.8999999999999773	trials	46	s046_F200630	coCe	16	90.0	1	655.394	655.693
661.153	0.8999999999999773	trials	46	s046_F200630	grCe_grSu12Mi	9	180.0	1	661.453	661.753
661.753	0.8999999999999773	trials	46	s046_F200630	grCe_grSu6Ne_PS	18	315.0	1	662.053	662.353
662.3530000000001	0.8999999999999773	trials	46	s046_F200630	grCe_grSu6Ne_PS	18	45.0	1	662.653	662.953
662.9530000000001	0.8999999999999773	trials	46	s046_F200630	grCe_grSu6Ne	7	45.0	1	663.253	663.553
663.553	0.8999999999999773	trials	46	s046_F200630	grSu12SmCiNe	12		1	663.853	664.153
669.6120000000001	0.8999999999999773	trials	46	s046_F200630	grCe_grSu6CiNe_PS	19	0.0	1	669.912	670.212
670.221	0.8999999999999773	trials	46	s046_F200630	grCe_grSu12Mi	9	45.0	1	670.521	670.82
670.821	0.8999999999999773	trials	46	s046_F200630	grCe_grSu12SmCiNe_PS	21	0.0	1	671.121	671.42
671.421	0.8999999999999773	trials	46	s046_F200630	grCe_grSu6Ne_PS	18	270.0	1	671.721	672.021
672.0210000000001	0.8999999999999773	trials	46	s046_F200630	grSu1Ne	2		1	672.321	672.621
681.831	0.8999999999999773	trials	46	s046_F200630	grCe_grSu6CiNe	15	180.0	1	682.131	682.43
682.431	0.8999999999999773	trials	46	s046_F200630	grCe_grSu1Ne	3	315.0	1	682.731	683.03
683.0390000000001	0.8999999999999773	trials	46	s046_F200630	grCe_grSu6Ne	7	225.0	1	683.339	683.639
683.639	0.8999999999999773	trials	46	s046_F200630	grCe_grSu6CiNe_PS	19	225.0	1	683.939	684.239
690.398	0.8999999999999773	trials	46	s046_F200630	grCe_grSu6Ne	7	315.0	1	690.698	690.998
690.998	0.8999999999999773	trials	46	s046_F200630	grCe	1	180.0	1	691.298	691.598
694.7570000000001	0.8999999999999773	trials	46	s046_F200630	grCe_grSu3Ne	5	315.0	1	695.057	695.357
695.3660000000001	0.8999999999999773	trials	46	s046_F200630	grCe_grSu6Ne	7	180.0	1	695.666	695.965
695.966	0.8999999999999773	trials	46	s046_F200630	grCe_grSu6Ne	7	270.0	1	696.266	696.565
697.1740000000001	0.8999999999999773	trials	46	s046_F200630	grCe_grSu12Mi	9	0.0	1	697.474	697.774
708.6840000000001	0.8999999999999773	trials	46	s046_F200630	grCe_grSu12SmCiNe_PS	21	90.0	1	708.984	709.284
709.284	0.8999999999999773	trials	46	s046_F200630	grCe_grSu3Ne	5	225.0	1	709.584	709.884
716.635	0.8999999999999773	trials	46	s046_F200630	grSu18Fa	10		1	716.935	717.235
717.235	0.8999999999999773	trials	46	s046_F200630	coCe_grSu6Ne	17	135.0	1	717.535	717.835
717.835	0.8999999999999773	trials	46	s046_F200630	grCe_grSu6Ne_PS	18	135.0	1	718.135	718.435
718.4350000000001	0.8999999999999773	trials	46	s046_F200630	grCe_grSu6CiNe	15	90.0	1	718.735	719.035
719.0350000000001	0.8999999999999773	trials	46	s046_F200630	coCe	16	270.0	1	719.335	719.635
732.729	0.8999999999999773	trials	46	s046_F200630	grCe_grSu18Fa	11	270.0	1	733.029	733.328
733.3290000000001	0.8999999999999773	trials	46	s046_F200630	grCe_grSu6CiNe	15	225.0	1	733.629	733.929
733.937	0.8999999999999773	trials	46	s046_F200630	grCe_grSu12Mi	9	315.0	1	734.237	734.537
734.537	0.8999999999999773	trials	46	s046_F200630	coCe	16	0.0	1	734.837	735.137
740.947	0.8999999999999773	trials	46	s046_F200630	grCe_grSu1Ne	3	90.0	1	741.247	741.546
741.572	0.8999999999999773	trials	46	s046_F200630	grCe_grSu3Ne	5	135.0	1	741.872	742.171
742.1880000000001	0.8999999999999773	trials	46	s046_F200630	grCe_grSu18Fa	11	45.0	1	742.488	742.788
742.788	0.8999999999999773	trials	46	s046_F200630	grCe_grSu1Ne	3	0.0	1	743.088	743.388
743.389	0.8999999999999773	trials	46	s046_F200630	grCe_grSu6Ne	7	0.0	1	743.689	743.988
749.489	0.8999999999999773	trials	46	s046_F200630	grCe_grSu6CiNe	15	270.0	1	749.789	750.089
750.089	0.8999999999999773	trials	46	s046_F200630	grCe_grSu6CiNe	15	45.0	1	750.389	750.689
750.6890000000001	0.8999999999999773	trials	46	s046_F200630	grCe_grSu3Ne	5	270.0	1	750.989	751.289
751.8900000000001	0.8999999999999773	trials	46	s046_F200630	grCe_grSu1Ne	3	135.0	1	752.19	752.489
761.258	0.8999999999999773	trials	46	s046_F200630	grCe_grSu6CiNe_PS	19	135.0	1	761.558	761.857
761.8580000000001	0.8999999999999773	trials	46	s046_F200630	grCe_grSu6Ne_PS	18	225.0	1	762.158	762.457
762.4580000000001	0.8999999999999773	trials	46	s046_F200630	grCe_grSu6Ne	7	135.0	1	762.758	763.057
763.058	0.8999999999999773	trials	46	s046_F200630	NoStim	0		1	763.358	763.657
763.6740000000001	0.8999999999999773	trials	46	s046_F200630	grCe_grSu12SmCiNe	13	315.0	1	763.974	764.274
770.4920000000001	0.8999999999999773	trials	46	s046_F200630	grSu6Ne	6		1	770.792	771.092
774.451	0.8999999999999773	trials	46	s046_F200630	grCe	1	90.0	1	774.751	775.051
775.051	0.8999999999999773	trials	46	s046_F200630	grCe_grSu6CiNe	15	135.0	1	775.351	775.651
775.6510000000001	0.8999999999999773	trials	46	s046_F200630	grCe_grSu12SmCiNe	13	135.0	1	775.951	776.251
776.2510000000001	0.8999999999999773	trials	46	s046_F200630	grCe_grSu6CiNe_PS	19	45.0	1	776.551	776.851
776.851	0.8999999999999773	trials	46	s046_F200630	coSu6Ne	20		1	777.151	777.451
782.985	0.8999999999999773	trials	46	s046_F200630	coCe_grSu6Ne	17	90.0	1	783.285	783.585
783.594	0.8999999999999773	trials	46	s046_F200630	grCe_grSu6CiNe_PS	19	315.0	1	783.894	784.193
784.1940000000001	0.8999999999999773	trials	46	s046_F200630	grCe_grSu12SmCiNe	13	270.0	1	784.494	784.793
784.7940000000001	0.8999999999999773	trials	46	s046_F200630	grCe_grSu6CiNe	15	315.0	1	785.094	785.394
785.4110000000001	0.8999999999999773	trials	46	s046_F200630	grCe_grSu3Ne	5	0.0	1	785.711	786.01
792.195	0.8999999999999773	trials	46	s046_F200630	grCe	1	270.0	1	792.495	792.795
793.3950000000001	0.8999999999999773	trials	46	s046_F200630	coCe	16	45.0	3	793.695	793.995
794.003	0.8999999999999773	trials	46	s046_F200630	grCe_grSu3Ne	5	135.0	3	794.303	794.603
805.13	0.8999999999999773	trials	46	s046_F200630	grCe	1	90.0	3	805.43	805.73
806.3380000000001	0.8999999999999773	trials	46	s046_F200630	grCe_grSu12SmCiNe	13	270.0	3	806.638	806.938
806.9380000000001	0.8999999999999773	trials	46	s046_F200630	grCe_grSu6CiNe	15	270.0	3	807.238	807.538
807.538	0.8999999999999773	trials	46	s046_F200630	grCe_grSu1Ne	3	180.0	3	807.838	808.138
813.673	0.8999999999999773	trials	46	s046_F200630	grSu12SmCiNe	12		3	813.973	814.272
818.6070000000001	0.8999999999999773	trials	46	s046_F200630	grCe_grSu12SmCiNe	13	90.0	3	818.907	819.206
819.24	0.8999999999999773	trials	46	s046_F200630	grCe_grSu3Ne	5	180.0	3	819.54	819.84
819.84	0.8999999999999773	trials	46	s046_F200630	coCe_grSu6Ne	17	315.0	3	820.14	820.44
820.4730000000001	0.8999999999999773	trials	46	s046_F200630	grCe_grSu6Ne	7	135.0	3	820.773	821.073
830.9580000000001	0.8999999999999773	trials	46	s046_F200630	grCe_grSu3Ne	5	315.0	3	831.258	831.558
831.558	0.8999999999999773	trials	46	s046_F200630	grCe_grSu6Ne	7	315.0	3	831.858	832.158
832.158	0.8999999999999773	trials	46	s046_F200630	coCe	16	135.0	3	832.458	832.758
832.758	0.8999999999999773	trials	46	s046_F200630	grCe_grSu12SmCiNe	13	180.0	3	833.058	833.358
833.3580000000001	0.8999999999999773	trials	46	s046_F200630	grCe	1	0.0	3	833.658	833.958
840.134	0.8999999999999773	trials	46	s046_F200630	grCe_grSu3Ne	5	270.0	3	840.434	840.734
840.734	0.8999999999999773	trials	46	s046_F200630	grCe_grSu6CiNe_PS	19	90.0	3	841.034	841.334
841.385	0.8999999999999773	trials	46	s046_F200630	grCe_grSu18Fa	11	180.0	3	841.685	841.984
842.0260000000001	0.8999999999999773	trials	46	s046_F200630	grCe_grSu3Ne	5	90.0	3	842.326	842.626
848.152	0.8999999999999773	trials	46	s046_F200630	grCe_grSu6CiNe	15	315.0	3	848.452	848.752
848.7520000000001	0.8999999999999773	trials	46	s046_F200630	coCe	16	0.0	3	849.052	849.352
849.3770000000001	0.8999999999999773	trials	46	s046_F200630	grCe_grSu12Mi	9	135.0	3	849.677	849.977
849.9770000000001	0.8999999999999773	trials	46	s046_F200630	grCe_grSu12SmCiNe_PS	21	180.0	3	850.277	850.577
850.577	0.8999999999999773	trials	46	s046_F200630	grCe_grSu3Ne	5	0.0	3	850.877	851.177
856.6370000000001	0.8999999999999773	trials	46	s046_F200630	grCe_grSu6Ne_PS	18	90.0	3	856.937	857.236
857.2700000000001	0.8999999999999773	trials	46	s046_F200630	grCe_grSu18Fa	11	270.0	3	857.57	857.87
857.87	0.8999999999999773	trials	46	s046_F200630	grCe	1	45.0	3	858.17	858.47
858.47	0.8999999999999773	trials	46	s046_F200630	grCe_grSu6CiNe	15	90.0	3	858.77	859.07
859.07	0.8999999999999773	trials	46	s046_F200630	grCe_grSu6Ne	7	0.0	3	859.37	859.67
865.113	0.8999999999999773	trials	46	s046_F200630	grCe_grSu6Ne_PS	18	225.0	3	865.413	865.712
870.772	0.8999999999999773	trials	46	s046_F200630	grCe_grSu6CiNe	15	0.0	3	871.072	871.371
871.38	0.8999999999999773	trials	46	s046_F200630	grCe_grSu12Mi	9	225.0	3	871.68	871.98
878.0980000000001	0.8999999999999773	trials	46	s046_F200630	grCe_grSu6CiNe_PS	19	180.0	3	878.398	878.697
879.9150000000001	0.8999999999999773	trials	46	s046_F200630	grCe_grSu12SmCiNe_PS	21	45.0	3	880.215	880.514
887.899	0.8999999999999773	trials	46	s046_F200630	grCe_grSu12Mi	9	0.0	3	888.199	888.499
888.5070000000001	0.8999999999999773	trials	46	s046_F200630	coCe_grSu6Ne	17	45.0	3	888.807	889.107
894.791	0.8999999999999773	trials	46	s046_F200630	grCe_grSu12SmCiNe_PS	21	135.0	3	895.091	895.391
895.5920000000001	0.8999999999999773	trials	46	s046_F200630	coCe_grSu6Ne	17	225.0	3	895.892	896.191
896.192	0.8999999999999773	trials	46	s046_F200630	grCe_grSu6CiNe	15	180.0	3	896.492	896.791
896.792	0.8999999999999773	trials	46	s046_F200630	grCe_grSu6CiNe_PS	19	225.0	3	897.092	897.391
897.417	0.8999999999999773	trials	46	s046_F200630	grCe_grSu6CiNe	15	45.0	3	897.717	898.016
918.503	0.8999999999999773	trials	46	s046_F200630	grCe_grSu1Ne	3	135.0	3	918.803	919.102
919.1030000000001	0.8999999999999773	trials	46	s046_F200630	coCe	16	180.0	3	919.403	919.703
919.736	0.8999999999999773	trials	46	s046_F200630	grCe_grSu12SmCiNe_PS	21	90.0	3	920.036	920.336
920.336	0.8999999999999773	trials	46	s046_F200630	grCe_grSu12SmCiNe	13	315.0	3	920.636	920.936
926.437	0.8999999999999773	trials	46	s046_F200630	coCe	16	270.0	3	926.737	927.037
927.037	0.8999999999999773	trials	46	s046_F200630	grCe_grSu6CiNe	15	135.0	3	927.337	927.637
928.854	0.8999999999999773	trials	46	s046_F200630	grSu12Mi	8		3	929.154	929.454
935.13	0.8999999999999773	trials	46	s046_F200630	grCe_grSu6Ne_PS	18	135.0	3	935.43	935.73
935.7470000000001	0.8999999999999773	trials	46	s046_F200630	grCe	1	270.0	3	936.047	936.346
936.3470000000001	0.8999999999999773	trials	46	s046_F200630	grCe_grSu6CiNe_PS	19	45.0	3	936.647	936.946
937.5550000000001	0.8999999999999773	trials	46	s046_F200630	grCe_grSu6Ne	7	45.0	3	937.855	938.155
950.7900000000001	0.8999999999999773	trials	46	s046_F200630	grCe_grSu12SmCiNe_PS	21	315.0	3	951.09	951.39
951.3900000000001	0.8999999999999773	trials	46	s046_F200630	grCe	1	180.0	3	951.69	951.99
958.5830000000001	0.8999999999999773	trials	46	s046_F200630	grCe_grSu12SmCiNe	13	135.0	3	958.883	959.183
959.783	0.8999999999999773	trials	46	s046_F200630	coCe	16	315.0	3	960.083	960.383
960.383	0.8999999999999773	trials	46	s046_F200630	grCe_grSu1Ne	3	225.0	3	960.683	960.983
960.9830000000001	0.8999999999999773	trials	46	s046_F200630	NoStim	0		3	961.283	961.583
967.8090000000001	0.8999999999999773	trials	46	s046_F200630	coCe_grSu6Ne	17	135.0	3	968.109	968.409
968.409	0.8999999999999773	trials	46	s046_F200630	grSu6Ne	6		3	968.709	969.009
969.009	0.8999999999999773	trials	46	s046_F200630	grCe	1	315.0	3	969.309	969.609
969.609	0.8999999999999773	trials	46	s046_F200630	grCe_grSu6CiNe_PS	19	315.0	3	969.909	970.209
970.21	0.8999999999999773	trials	46	s046_F200630	coSu6Ne	20		3	970.51	970.809
980.302	0.8999999999999773	trials	46	s046_F200630	grCe_grSu1Ne	3	45.0	3	980.602	980.902
980.9110000000001	0.8999999999999773	trials	46	s046_F200630	grCe_grSu18Fa	11	0.0	3	981.211	981.511
981.519	0.8999999999999773	trials	46	s046_F200630	coCe_grSu6Ne	17	0.0	3	981.819	982.119
982.128	0.8999999999999773	trials	46	s046_F200630	grCe_grSu6Ne	7	270.0	3	982.428	982.727
982.7280000000001	0.8999999999999773	trials	46	s046_F200630	grCe_grSu12SmCiNe	13	0.0	3	983.028	983.327
989.32	0.8999999999999773	trials	46	s046_F200630	grCe_grSu6Ne_PS	18	0.0	3	989.62	989.92
989.9200000000001	0.8999999999999773	trials	46	s046_F200630	grCe_grSu6Ne_PS	18	45.0	3	990.22	990.52
990.529	0.8999999999999773	trials	46	s046_F200630	grCe_grSu18Fa	11	135.0	3	990.829	991.128
991.129	0.8999999999999773	trials	46	s046_F200630	grSu3Ne	4		3	991.429	991.729
991.729	0.8999999999999773	trials	46	s046_F200630	grCe_grSu6Ne_PS	18	270.0	3	992.029	992.329
1004.389	0.8999999999999773	trials	46	s046_F200630	grCe_grSu12Mi	9	90.0	3	1004.689	1004.989
1005.589	0.8999999999999773	trials	46	s046_F200630	grCe	1	135.0	3	1005.889	1006.189
1006.206	0.8999999999999773	trials	46	s046_F200630	grCe_grSu6CiNe_PS	19	270.0	3	1006.506	1006.806
1006.806	0.8999999999999773	trials	46	s046_F200630	grSu1Ne	2		3	1007.106	1007.406
1013.8820000000001	0.8999999999999773	trials	46	s046_F200630	grCe_grSu3Ne	5	225.0	3	1014.182	1014.481
1014.4820000000001	0.8999999999999773	trials	46	s046_F200630	grCe_grSu6CiNe_PS	19	135.0	3	1014.782	1015.082
1015.1070000000001	0.8999999999999773	trials	46	s046_F200630	grCe_grSu6CiNe	15	225.0	3	1015.407	1015.707
1015.715	0.8999999999999773	trials	46	s046_F200630	grCe_grSu18Fa	11	90.0	3	1016.015	1016.315
1016.3240000000001	0.8999999999999773	trials	46	s046_F200630	grCe_grSu18Fa	11	45.0	3	1016.624	1016.923
1023.683	0.8999999999998636	trials	46	s046_F200630	grCe	1	225.0	3	1023.983	1024.283
1024.291	0.8999999999998636	trials	46	s046_F200630	grCe_grSu12Mi	9	270.0	3	1024.591	1024.891
1024.892	0.8999999999998636	trials	46	s046_F200630	grCe_grSu6Ne	7	225.0	3	1025.192	1025.491
1025.5	0.8999999999998636	trials	46	s046_F200630	grSu18Fa	10		3	1025.8	1026.1
1036.018	0.8999999999998636	trials	46	s046_F200630	grCe_grSu3Ne	5	45.0	3	1036.318	1036.618
1036.618	0.8999999999998636	trials	46	s046_F200630	grSu6CiNe	14		3	1036.918	1037.218
1037.226	0.8999999999998636	trials	46	s046_F200630	grCe_grSu6Ne_PS	18	180.0	3	1037.526	1037.826
1037.843	0.8999999999998636	trials	46	s046_F200630	grCe_grSu1Ne	3	0.0	3	1038.143	1038.443
1038.452	0.8999999999998636	trials	46	s046_F200630	grCe_grSu12Mi	9	180.0	3	1038.752	1039.051
1045.211	0.8999999999998636	trials	46	s046_F200630	grCe_grSu1Ne	3	90.0	3	1045.511	1045.811
1045.8110000000001	0.8999999999998636	trials	46	s046_F200630	coCe	16	90.0	3	1046.111	1046.411
1046.411	0.8999999999998636	trials	46	s046_F200630	grCe_grSu12SmCiNe_PS	21	225.0	3	1046.711	1047.011
1047.011	0.8999999999998636	trials	46	s046_F200630	grCe_grSu6Ne_PS	18	315.0	3	1047.311	1047.611
1047.6200000000001	0.8999999999998636	trials	46	s046_F200630	grCe_grSu12Mi	9	45.0	3	1047.92	1048.219
1063.738	0.8999999999998636	trials	46	s046_F200630	grCe_grSu1Ne	3	315.0	3	1064.038	1064.338
1064.938	0.8999999999998636	trials	46	s046_F200630	grCe_grSu12SmCiNe_PS	21	270.0	3	1065.238	1065.538
1065.538	0.8999999999998636	trials	46	s046_F200630	grCe_grSu12SmCiNe	13	45.0	3	1065.838	1066.138
1066.18	0.8999999999998636	trials	46	s046_F200630	grCe_grSu18Fa	11	225.0	3	1066.48	1066.78
1072.8310000000001	0.8999999999998636	trials	46	s046_F200630	grCe_grSu12SmCiNe_PS	21	0.0	3	1073.131	1073.431
1073.431	0.8999999999998636	trials	46	s046_F200630	coCe_grSu6Ne	17	270.0	3	1073.731	1074.031
1074.031	0.8999999999998636	trials	46	s046_F200630	coCe	16	225.0	3	1074.331	1074.631
1075.231	0.8999999999998636	trials	46	s046_F200630	coCe_grSu6Ne	17	180.0	3	1075.531	1075.831
1081.991	0.8999999999998636	trials	46	s046_F200630	grCe_grSu6Ne	7	90.0	3	1082.291	1082.59
1082.624	0.8999999999998636	trials	46	s046_F200630	grCe_grSu6Ne	7	180.0	3	1082.924	1083.224
1083.257	0.8999999999998636	trials	46	s046_F200630	grCe_grSu18Fa	11	315.0	3	1083.557	1083.857
1083.858	0.8999999999998636	trials	46	s046_F200630	coCe_grSu6Ne	17	90.0	3	1084.158	1084.457
1084.4660000000001	0.8999999999998636	trials	46	s046_F200630	grCe_grSu12Mi	9	315.0	3	1084.766	1085.066
1091.934	0.8999999999998636	trials	46	s046_F200630	grCe_grSu6CiNe_PS	19	0.0	3	1092.234	1092.533
1092.575	0.8999999999998636	trials	46	s046_F200630	grCe_grSu12SmCiNe	13	225.0	3	1092.875	1093.175
1093.184	0.8999999999998636	trials	46	s046_F200630	grCe_grSu1Ne	3	270.0	3	1093.484	1093.783
1093.784	0.8999999999998636	trials	46	s046_F200630	grCe_grSu3Ne	5	0.0	5	1094.084	1094.383
1094.384	0.8999999999998636	trials	46	s046_F200630	grCe	1	180.0	5	1094.684	1094.984
1104.535	0.8999999999998636	trials	46	s046_F200630	grCe_grSu6Ne	7	0.0	5	1104.835	1105.135
1105.135	0.8999999999998636	trials	46	s046_F200630	grCe_grSu12SmCiNe	13	90.0	5	1105.435	1105.735
1105.777	0.8999999999998636	trials	46	s046_F200630	coCe_grSu6Ne	17	225.0	5	1106.077	1106.377
1106.9940000000001	0.8999999999998636	trials	46	s046_F200630	grCe_grSu1Ne	3	90.0	5	1107.294	1107.594
1113.711	0.8999999999998636	trials	46	s046_F200630	grCe_grSu18Fa	11	0.0	5	1114.011	1114.311
1114.32	0.8999999999998636	trials	46	s046_F200630	grCe_grSu6CiNe	15	45.0	5	1114.62	1114.919
1114.92	0.8999999999998636	trials	46	s046_F200630	NoStim	0		5	1115.22	1115.52
1115.52	0.8999999999998636	trials	46	s046_F200630	grCe_grSu6CiNe	15	315.0	5	1115.82	1116.12
1116.1200000000001	0.8999999999998636	trials	46	s046_F200630	grCe_grSu3Ne	5	315.0	5	1116.42	1116.72
1122.788	0.8999999999998636	trials	46	s046_F200630	grCe_grSu12Mi	9	45.0	5	1123.088	1123.387
1123.3880000000001	0.8999999999998636	trials	46	s046_F200630	grCe_grSu6CiNe_PS	19	180.0	5	1123.688	1123.987
1123.996	0.8999999999998636	trials	46	s046_F200630	grCe_grSu12Mi	9	90.0	5	1124.296	1124.596
1124.613	0.8999999999998636	trials	46	s046_F200630	coCe_grSu6Ne	17	180.0	5	1124.913	1125.212
1125.255	0.8999999999998636	trials	46	s046_F200630	grCe_grSu12Mi	9	315.0	5	1125.555	1125.854
1132.722	0.8999999999998636	trials	46	s046_F200630	grCe_grSu12SmCiNe_PS	21	315.0	5	1133.022	1133.322
1136.948	0.8999999999998636	trials	46	s046_F200630	grCe_grSu1Ne	3	180.0	5	1137.248	1137.547
1137.548	0.8999999999998636	trials	46	s046_F200630	grSu6CiNe	14		5	1137.848	1138.147
1138.1480000000001	0.8999999999998636	trials	46	s046_F200630	grCe_grSu1Ne	3	135.0	5	1138.448	1138.748
1138.748	0.8999999999998636	trials	46	s046_F200630	grCe_grSu12SmCiNe_PS	21	135.0	5	1139.048	1139.348
1139.348	0.8999999999998636	trials	46	s046_F200630	grCe_grSu12SmCiNe	13	45.0	5	1139.648	1139.948
1146.249	0.8999999999998636	trials	46	s046_F200630	grCe_grSu12SmCiNe_PS	21	0.0	5	1146.549	1146.849
1146.849	0.8999999999998636	trials	46	s046_F200630	grCe_grSu6Ne_PS	18	270.0	5	1147.149	1147.449
1150.483	0.8999999999998636	trials	46	s046_F200630	grCe_grSu12SmCiNe	13	315.0	5	1150.783	1151.082
1151.683	0.8999999999998636	trials	46	s046_F200630	grCe_grSu12SmCiNe	13	135.0	5	1151.983	1152.283
1160.201	0.8999999999998636	trials	46	s046_F200630	grCe_grSu6CiNe_PS	19	0.0	5	1160.501	1160.8
1160.809	0.8999999999998636	trials	46	s046_F200630	grSu1Ne	2		5	1161.109	1161.409
1161.4260000000002	0.8999999999998636	trials	46	s046_F200630	grCe	1	0.0	5	1161.726	1162.026
1168.969	0.8999999999998636	trials	46	s046_F200630	grCe_grSu6Ne	7	225.0	5	1169.269	1169.568
1172.661	0.8999999999998636	trials	46	s046_F200630	grCe_grSu18Fa	11	315.0	5	1172.961	1173.26
1173.261	0.8999999999998636	trials	46	s046_F200630	grCe_grSu6CiNe	15	0.0	5	1173.561	1173.86
1174.536	0.8999999999998636	trials	46	s046_F200630	grCe_grSu6Ne	7	180.0	5	1174.836	1175.136
1175.136	0.8999999999998636	trials	46	s046_F200630	grCe_grSu1Ne	3	45.0	5	1175.436	1175.736
1181.92	0.8999999999998636	trials	46	s046_F200630	grSu12Mi	8		5	1182.22	1182.52
1182.52	0.8999999999998636	trials	46	s046_F200630	grCe_grSu6CiNe_PS	19	225.0	5	1182.82	1183.12
1183.7540000000001	0.8999999999998636	trials	46	s046_F200630	coCe_grSu6Ne	17	270.0	5	1184.054	1184.353
1194.1970000000001	0.8999999999998636	trials	46	s046_F200630	grCe_grSu3Ne	5	45.0	5	1194.497	1194.796
1194.797	0.8999999999998636	trials	46	s046_F200630	grCe_grSu3Ne	5	225.0	5	1195.097	1195.397
1195.397	0.8999999999998636	trials	46	s046_F200630	grCe_grSu12SmCiNe_PS	21	45.0	5	1195.697	1195.997
1196.597	0.8999999999998636	trials	46	s046_F200630	grCe_grSu12SmCiNe_PS	21	90.0	5	1196.897	1197.197
1204.4560000000001	0.8999999999998636	trials	46	s046_F200630	grCe_grSu3Ne	5	270.0	5	1204.756	1205.056
1205.057	0.8999999999998636	trials	46	s046_F200630	grCe_grSu6CiNe	15	180.0	5	1205.357	1205.656
1208.599	0.8999999999998636	trials	46	s046_F200630	grCe_grSu1Ne	3	0.0	5	1208.899	1209.198
1209.207	0.8999999999998636	trials	46	s046_F200630	grCe_grSu18Fa	11	90.0	5	1209.507	1209.807
1209.815	0.8999999999998636	trials	46	s046_F200630	grCe_grSu18Fa	11	270.0	5	1210.115	1210.415
1210.424	0.8999999999998636	trials	46	s046_F200630	grCe_grSu12Mi	9	135.0	5	1210.724	1211.024
1211.0320000000002	0.8999999999998636	trials	46	s046_F200630	grCe_grSu12Mi	9	180.0	5	1211.332	1211.632
1221.217	0.8999999999998636	trials	46	s046_F200630	grCe_grSu12Mi	9	270.0	5	1221.517	1221.817
1221.817	0.8999999999998636	trials	46	s046_F200630	coCe	16	90.0	5	1222.117	1222.417
1222.45	0.8999999999998636	trials	46	s046_F200630	grCe_grSu6Ne_PS	18	315.0	5	1222.75	1223.05
1223.0510000000002	0.8999999999998636	trials	46	s046_F200630	grCe_grSu6CiNe_PS	19	45.0	5	1223.351	1223.65
1223.6670000000001	0.8999999999998636	trials	46	s046_F200630	grCe_grSu12SmCiNe	13	225.0	5	1223.967	1224.267
1231.135	0.8999999999998636	trials	46	s046_F200630	grCe_grSu12SmCiNe	13	0.0	5	1231.435	1231.735
1231.7350000000001	0.8999999999998636	trials	46	s046_F200630	coCe_grSu6Ne	17	135.0	5	1232.035	1232.335
1232.935	0.8999999999998636	trials	46	s046_F200630	grCe_grSu6Ne_PS	18	0.0	5	1233.235	1233.535
1240.444	0.8999999999998636	trials	46	s046_F200630	grCe_grSu6Ne_PS	18	180.0	5	1240.744	1241.044
1241.044	0.8999999999998636	trials	46	s046_F200630	grCe_grSu1Ne	3	270.0	5	1241.344	1241.644
1241.645	0.8999999999998636	trials	46	s046_F200630	coCe	16	270.0	5	1241.945	1242.244
1242.278	0.8999999999998636	trials	46	s046_F200630	coCe	16	0.0	5	1242.578	1242.878
1248.912	0.8999999999998636	trials	46	s046_F200630	grCe_grSu6Ne	7	90.0	5	1249.212	1249.512
1250.137	0.8999999999998636	trials	46	s046_F200630	grCe_grSu12SmCiNe_PS	21	180.0	5	1250.437	1250.737
1250.737	0.8999999999998636	trials	46	s046_F200630	grSu6Ne	6		5	1251.037	1251.337
1251.346	0.8999999999998636	trials	46	s046_F200630	grCe_grSu18Fa	11	180.0	5	1251.646	1251.946
1264.623	0.8999999999998636	trials	46	s046_F200630	coCe_grSu6Ne	17	45.0	5	1264.923	1265.222
1265.223	0.8999999999998636	trials	46	s046_F200630	grCe	1	45.0	5	1265.523	1265.822
1265.823	0.8999999999998636	trials	46	s046_F200630	grSu12SmCiNe	12		5	1266.123	1266.422
1269.673	0.8999999999998636	trials	46	s046_F200630	grCe_grSu1Ne	3	315.0	5	1269.973	1270.273
1270.915	0.8999999999998636	trials	46	s046_F200630	grSu3Ne	4		5	1271.215	1271.515
1271.5230000000001	0.8999999999998636	trials	46	s046_F200630	grCe_grSu18Fa	11	225.0	5	1271.823	1272.123
1272.124	0.8999999999998636	trials	46	s046_F200630	grCe	1	225.0	5	1272.424	1272.723
1278.816	0.8999999999998636	trials	46	s046_F200630	grCe	1	315.0	5	1279.116	1279.416
1279.416	0.8999999999998636	trials	46	s046_F200630	grCe_grSu6Ne	7	45.0	5	1279.716	1280.016
1280.05	0.8999999999998636	trials	46	s046_F200630	coSu6Ne	20		5	1280.35	1280.649
1280.65	0.8999999999998636	trials	46	s046_F200630	coCe_grSu6Ne	17	315.0	5	1280.95	1281.249
1281.25	0.8999999999998636	trials	46	s046_F200630	grCe_grSu3Ne	5	180.0	5	1281.55	1281.849
1300.661	0.8999999999998636	trials	46	s046_F200630	grCe_grSu6CiNe	15	135.0	5	1300.961	1301.26
1301.861	0.8999999999998636	trials	46	s046_F200630	grCe_grSu12SmCiNe_PS	21	225.0	5	1302.161	1302.46
1302.461	0.8999999999998636	trials	46	s046_F200630	grCe_grSu6Ne_PS	18	225.0	5	1302.761	1303.06
1303.069	0.8999999999998636	trials	46	s046_F200630	grSu18Fa	10		5	1303.369	1303.669
1310.278	0.8999999999998636	trials	46	s046_F200630	grCe_grSu6CiNe_PS	19	315.0	5	1310.578	1310.878
1310.929	0.8999999999998636	trials	46	s046_F200630	grCe_grSu18Fa	11	45.0	5	1311.229	1311.528
1311.537	0.8999999999998636	trials	46	s046_F200630	grCe_grSu18Fa	11	135.0	5	1311.837	1312.137
1312.179	0.8999999999998636	trials	46	s046_F200630	grCe_grSu3Ne	5	90.0	5	1312.479	1312.778
1312.779	0.8999999999998636	trials	46	s046_F200630	grCe_grSu3Ne	5	135.0	5	1313.079	1313.378
1324.305	0.8999999999998636	trials	46	s046_F200630	coCe_grSu6Ne	17	0.0	5	1324.605	1324.905
1325.505	0.8999999999998636	trials	46	s046_F200630	coCe	16	135.0	5	1325.805	1326.105
1326.114	0.8999999999998636	trials	46	s046_F200630	grCe_grSu12Mi	9	0.0	5	1326.414	1326.714
1326.747	0.8999999999998636	trials	46	s046_F200630	grCe_grSu12SmCiNe_PS	21	270.0	5	1327.047	1327.347
1352.9840000000002	0.8999999999998636	trials	46	s046_F200630	grCe_grSu6CiNe	15	270.0	5	1353.284	1353.584
1353.617	0.8999999999998636	trials	46	s046_F200630	grCe_grSu6Ne_PS	18	45.0	5	1353.917	1354.217
1354.851	0.8999999999998636	trials	46	s046_F200630	grCe	1	135.0	5	1355.151	1355.451
1355.493	0.8999999999998636	trials	46	s046_F200630	coCe	16	180.0	5	1355.793	1356.092
1363.285	0.8999999999998636	trials	46	s046_F200630	grCe_grSu6CiNe_PS	19	270.0	5	1363.585	1363.885
1364.027	0.8999999999998636	trials	46	s046_F200630	grCe_grSu6Ne	7	270.0	5	1364.327	1364.627
1364.627	0.8999999999998636	trials	46	s046_F200630	grCe	1	90.0	5	1364.927	1365.227
1365.269	0.8999999999998636	trials	46	s046_F200630	grCe_grSu6Ne_PS	18	90.0	5	1365.569	1365.869
1365.8690000000001	0.8999999999998636	trials	46	s046_F200630	grCe_grSu6CiNe_PS	19	90.0	5	1366.169	1366.469
1372.645	0.8999999999998636	trials	46	s046_F200630	grCe_grSu1Ne	3	225.0	5	1372.945	1373.245
1373.2530000000002	0.8999999999998636	trials	46	s046_F200630	grCe_grSu12Mi	9	225.0	5	1373.553	1373.853
1374.045	0.8999999999998636	trials	46	s046_F200630	coCe	16	315.0	5	1374.345	1374.645
1375.2450000000001	0.8999999999998636	trials	46	s046_F200630	grCe_grSu12SmCiNe	13	180.0	5	1375.545	1375.845
1381.904	0.8999999999998636	trials	46	s046_F200630	coCe	16	225.0	5	1382.204	1382.504
1386.213	0.8999999999998636	trials	46	s046_F200630	grCe_grSu6CiNe	15	90.0	5	1386.513	1386.813
1386.813	0.8999999999998636	trials	46	s046_F200630	grCe_grSu6CiNe_PS	19	135.0	5	1387.113	1387.413
1388.622	0.8999999999998636	trials	46	s046_F200630	grCe_grSu6Ne	7	135.0	5	1388.922	1389.222
1395.439	0.8999999999998636	trials	46	s046_F200630	grCe_grSu6Ne_PS	18	135.0	5	1395.739	1396.039
1396.04	0.8999999999998636	trials	46	s046_F200630	grCe_grSu6Ne	7	315.0	5	1396.34	1396.639
1396.64	0.8999999999998636	trials	46	s046_F200630	grCe_grSu6CiNe	15	225.0	5	1396.94	1397.239
1397.24	0.8999999999998636	trials	46	s046_F200630	coCe	16	45.0	5	1397.54	1397.839
1397.8400000000001	0.8999999999998636	trials	46	s046_F200630	grCe_grSu12SmCiNe	13	270.0	5	1398.14	1398.439
1409.4080000000001	0.8999999999998636	trials	46	s046_F200630	coCe_grSu6Ne	17	90.0	5	1409.708	1410.008
1410.008	0.8999999999998636	trials	46	s046_F200630	grCe	1	270.0	5	1410.308	1410.608
1410.65	0.8999999999998636	trials	46	s046_F200630	grCe_grSu6CiNe	15	270.0	0	1410.95	1411.249
1411.2830000000001	0.8999999999998636	trials	46	s046_F200630	grCe_grSu3Ne	5	0.0	0	1411.583	1411.883
1419.526	0.8999999999998636	trials	46	s046_F200630	grCe_grSu12Mi	9	225.0	0	1419.826	1420.126
1420.126	0.8999999999998636	trials	46	s046_F200630	grCe_grSu1Ne	3	225.0	0	1420.426	1420.726
1420.726	0.8999999999998636	trials	46	s046_F200630	grCe_grSu12SmCiNe	13	315.0	0	1421.026	1421.326
1421.326	0.8999999999998636	trials	46	s046_F200630	coCe_grSu6Ne	17	45.0	0	1421.626	1421.926
1428.719	0.8999999999998636	trials	46	s046_F200630	coCe_grSu6Ne	17	315.0	0	1429.019	1429.318
1429.319	0.8999999999998636	trials	46	s046_F200630	grSu3Ne	4		0	1429.619	1429.919
1429.961	0.8999999999998636	trials	46	s046_F200630	grSu6CiNe	14		0	1430.261	1430.56
1430.5610000000001	0.8999999999998636	trials	46	s046_F200630	grCe_grSu6Ne_PS	18	180.0	0	1430.861	1431.16
1437.837	0.8999999999998636	trials	46	s046_F200630	grCe_grSu12SmCiNe_PS	21	90.0	0	1438.137	1438.436
1438.478	0.8999999999998636	trials	46	s046_F200630	grCe_grSu6Ne	7	270.0	0	1438.778	1439.078
1439.078	0.8999999999998636	trials	46	s046_F200630	coCe	16	225.0	0	1439.378	1439.678
1439.678	0.8999999999998636	trials	46	s046_F200630	grCe_grSu6Ne_PS	18	315.0	0	1439.978	1440.278
1440.287	0.8999999999998636	trials	46	s046_F200630	grSu18Fa	10		0	1440.587	1440.887
1446.963	0.8999999999998636	trials	46	s046_F200630	grCe_grSu3Ne	5	270.0	0	1447.263	1447.562
1447.563	0.8999999999998636	trials	46	s046_F200630	grCe_grSu12SmCiNe	13	180.0	0	1447.863	1448.163
1451.6380000000001	0.8999999999998636	trials	46	s046_F200630	grCe_grSu1Ne	3	315.0	0	1451.938	1452.238
1452.247	0.8999999999998636	trials	46	s046_F200630	grCe_grSu18Fa	11	270.0	0	1452.547	1452.846
1460.281	0.8999999999998636	trials	46	s046_F200630	coCe	16	315.0	0	1460.581	1460.881
1460.881	0.8999999999998636	trials	46	s046_F200630	grCe_grSu6Ne_PS	18	90.0	0	1461.181	1461.481
1461.481	0.8999999999998636	trials	46	s046_F200630	grCe_grSu6CiNe	15	315.0	0	1461.781	1462.081
1462.0810000000001	0.8999999999998636	trials	46	s046_F200630	grCe_grSu6CiNe_PS	19	225.0	0	1462.381	1462.681
1462.69	0.8999999999998636	trials	46	s046_F200630	grCe_grSu18Fa	11	45.0	0	1462.99	1463.289
1469.432	0.8999999999998636	trials	46	s046_F200630	grSu1Ne	2		0	1469.732	1470.032
1470.074	0.8999999999998636	trials	46	s046_F200630	grCe_grSu6CiNe_PS	19	135.0	0	1470.374	1470.674
1470.683	0.8999999999998636	trials	46	s046_F200630	grCe_grSu18Fa	11	315.0	0	1470.983	1471.282
1471.2830000000001	0.8999999999998636	trials	46	s046_F200630	grCe_grSu6Ne_PS	18	0.0	0	1471.583	1471.882
1471.883	0.8999999999998636	trials	46	s046_F200630	grSu12SmCiNe	12		0	1472.183	1472.482
1478.525	0.8999999999998636	trials	46	s046_F200630	coCe	16	0.0	0	1478.825	1479.125
1479.134	0.8999999999998636	trials	46	s046_F200630	grCe_grSu12Mi	9	90.0	0	1479.434	1479.733
1479.742	0.8999999999998636	trials	46	s046_F200630	grCe_grSu12Mi	9	315.0	0	1480.042	1480.342
1480.959	0.8999999999998636	trials	46	s046_F200630	grCe_grSu6CiNe_PS	19	90.0	0	1481.259	1481.559
1500.045	0.8999999999998636	trials	46	s046_F200630	grCe_grSu6CiNe	15	0.0	0	1500.345	1500.644
1500.645	0.8999999999998636	trials	46	s046_F200630	grCe	1	135.0	0	1500.945	1501.244
1501.2450000000001	0.8999999999998636	trials	46	s046_F200630	grCe_grSu1Ne	3	270.0	0	1501.545	1501.844
1501.845	0.8999999999998636	trials	46	s046_F200630	coCe_grSu6Ne	17	225.0	0	1502.145	1502.445
1502.453	0.8999999999998636	trials	46	s046_F200630	grCe_grSu6Ne	7	225.0	0	1502.753	1503.053
1509.137	0.8999999999998636	trials	46	s046_F200630	grCe_grSu12SmCiNe_PS	21	315.0	0	1509.437	1509.737
1509.738	0.8999999999998636	trials	46	s046_F200630	grCe	1	180.0	0	1510.038	1510.337
1510.346	0.8999999999998636	trials	46	s046_F200630	grCe_grSu12SmCiNe_PS	21	135.0	0	1510.646	1510.946
1510.9460000000001	0.8999999999998636	trials	46	s046_F200630	grCe_grSu1Ne	3	45.0	0	1511.246	1511.546
1523.806	0.8999999999998636	trials	46	s046_F200630	grCe_grSu6Ne_PS	18	135.0	0	1524.106	1524.406
1524.431	0.8999999999998636	trials	46	s046_F200630	grCe_grSu12Mi	9	270.0	0	1524.731	1525.031
1525.031	0.8999999999998636	trials	46	s046_F200630	grCe_grSu3Ne	5	180.0	0	1525.331	1525.631
1525.631	0.8999999999998636	trials	46	s046_F200630	coCe	16	135.0	0	1525.931	1526.231
1529.373	0.8999999999998636	trials	46	s046_F200630	grCe_grSu3Ne	5	45.0	0	1529.673	1529.973
1529.973	0.8999999999998636	trials	46	s046_F200630	grCe	1	315.0	0	1530.273	1530.573
1530.574	0.8999999999998636	trials	46	s046_F200630	grCe_grSu6Ne	7	45.0	0	1530.874	1531.173
1531.207	0.8999999999998636	trials	46	s046_F200630	grCe_grSu3Ne	5	135.0	0	1531.507	1531.807
1538.625	0.8999999999998636	trials	46	s046_F200630	grCe_grSu12SmCiNe	13	90.0	0	1538.925	1539.224
1550.401	0.8999999999998636	trials	46	s046_F200630	grCe_grSu12SmCiNe	13	135.0	0	1550.701	1551.001
1551.026	0.8999999999998636	trials	46	s046_F200630	grCe_grSu6CiNe_PS	19	270.0	0	1551.326	1551.626
1551.635	0.8999999999998636	trials	46	s046_F200630	grCe_grSu12Mi	9	135.0	0	1551.935	1552.234
1552.2350000000001	0.8999999999998636	trials	46	s046_F200630	grCe_grSu1Ne	3	135.0	0	1552.535	1552.834
1552.868	0.8999999999998636	trials	46	s046_F200630	grCe	1	0.0	0	1553.168	1553.468
1559.611	0.8999999999998636	trials	46	s046_F200630	coCe_grSu6Ne	17	0.0	0	1559.911	1560.21
1560.819	0.8999999999998636	trials	46	s046_F200630	grCe_grSu18Fa	11	135.0	0	1561.119	1561.419
1561.419	0.8999999999998636	trials	46	s046_F200630	grCe_grSu12SmCiNe	13	225.0	0	1561.719	1562.019
1562.028	0.8999999999998636	trials	46	s046_F200630	grCe_grSu6Ne	7	180.0	0	1562.328	1562.627
1570.354	0.8999999999998636	trials	46	s046_F200630	grCe_grSu6CiNe	15	135.0	0	1570.654	1570.953
1570.97	0.8999999999998636	trials	46	s046_F200630	grSu6Ne	6		0	1571.27	1571.57
1571.604	0.8999999999998636	trials	46	s046_F200630	grCe_grSu1Ne	3	0.0	0	1571.904	1572.204
1579.88	0.8999999999998636	trials	46	s046_F200630	grCe_grSu12Mi	9	45.0	0	1580.18	1580.48
1581.113	0.8999999999998636	trials	46	s046_F200630	grCe_grSu6Ne_PS	18	270.0	0	1581.413	1581.713
1581.714	0.8999999999998636	trials	46	s046_F200630	grCe_grSu12SmCiNe	13	45.0	0	1582.014	1582.313
1582.314	0.8999999999998636	trials	46	s046_F200630	coCe	16	270.0	0	1582.614	1582.913
1603.6580000000001	0.8999999999998636	trials	46	s046_F200630	grCe_grSu12SmCiNe_PS	21	45.0	0	1603.958	1604.258
1610.6760000000002	0.8999999999998636	trials	46	s046_F200630	grCe_grSu12SmCiNe_PS	21	180.0	0	1610.976	1611.275
1611.276	0.8999999999998636	trials	46	s046_F200630	grCe_grSu12SmCiNe_PS	21	0.0	0	1611.576	1611.875
1612.492	0.8999999999998636	trials	46	s046_F200630	grCe_grSu6Ne	7	0.0	0	1612.792	1613.092
1620.969	0.8999999999998636	trials	46	s046_F200630	grCe_grSu12SmCiNe_PS	21	225.0	0	1621.269	1621.568
1621.577	0.8999999999998636	trials	46	s046_F200630	grCe_grSu6CiNe_PS	19	180.0	0	1621.877	1622.177
1622.1770000000001	0.8999999999998636	trials	46	s046_F200630	coCe	16	180.0	0	1622.477	1622.777
1622.777	0.8999999999998636	trials	46	s046_F200630	grCe_grSu6CiNe_PS	19	45.0	0	1623.077	1623.377
1623.386	0.8999999999998636	trials	46	s046_F200630	grCe_grSu6CiNe	15	225.0	0	1623.686	1623.985
1648.797	0.8999999999998636	trials	46	s046_F200630	coCe_grSu6Ne	17	270.0	0	1649.097	1649.397
1649.397	0.8999999999998636	trials	46	s046_F200630	coSu6Ne	20		0	1649.697	1649.997
1649.997	0.8999999999998636	trials	46	s046_F200630	grCe_grSu6Ne_PS	18	225.0	0	1650.297	1650.597
1650.597	0.8999999999998636	trials	46	s046_F200630	NoStim	0		0	1650.897	1651.197
1662.5240000000001	0.8999999999998636	trials	46	s046_F200630	grCe_grSu6CiNe_PS	19	0.0	0	1662.824	1663.124
1663.132	0.8999999999998636	trials	46	s046_F200630	grCe_grSu18Fa	11	0.0	0	1663.432	1663.732
1663.732	0.8999999999998636	trials	46	s046_F200630	grCe_grSu6CiNe	15	90.0	0	1664.032	1664.332
1664.366	0.8999999999998636	trials	46	s046_F200630	grCe	1	225.0	0	1664.666	1664.966
1665.008	0.8999999999998636	trials	46	s046_F200630	grCe_grSu6Ne	7	90.0	0	1665.308	1665.607
1671.675	0.8999999999998636	trials	46	s046_F200630	grCe_grSu18Fa	11	180.0	0	1671.975	1672.275
1672.284	0.8999999999998636	trials	46	s046_F200630	grCe_grSu12Mi	9	0.0	0	1672.584	1672.883
1672.884	0.8999999999998636	trials	46	s046_F200630	grCe	1	45.0	0	1673.184	1673.483
1673.5	0.8999999999998636	trials	46	s046_F200630	grCe_grSu6Ne_PS	18	45.0	0	1673.8	1674.1
1674.1000000000001	0.8999999999998636	trials	46	s046_F200630	grCe_grSu6Ne	7	315.0	0	1674.4	1674.7
1684.4850000000001	0.8999999999998636	trials	46	s046_F200630	coCe_grSu6Ne	17	90.0	0	1684.785	1685.085
1685.685	0.8999999999998636	trials	46	s046_F200630	grCe_grSu6Ne	7	135.0	0	1685.985	1686.285
1686.327	0.8999999999998636	trials	46	s046_F200630	grCe_grSu18Fa	11	90.0	0	1686.627	1686.927
1707.096	0.8999999999998636	trials	46	s046_F200630	coCe_grSu6Ne	17	135.0	0	1707.396	1707.696
1708.297	0.8999999999998636	trials	46	s046_F200630	grCe_grSu12SmCiNe_PS	21	270.0	0	1708.597	1708.896
1708.905	0.8999999999998636	trials	46	s046_F200630	grCe_grSu6CiNe	15	45.0	0	1709.205	1709.505
1709.5130000000001	0.8999999999998636	trials	46	s046_F200630	grCe_grSu6CiNe	15	180.0	0	1709.813	1710.113
1716.114	0.8999999999998636	trials	46	s046_F200630	grCe_grSu12SmCiNe	13	0.0	0	1716.414	1716.714
1716.756	0.8999999999998636	trials	46	s046_F200630	grCe_grSu6CiNe_PS	19	315.0	0	1717.056	1717.356
1717.356	0.8999999999998636	trials	46	s046_F200630	grCe	1	270.0	0	1717.656	1717.956
1717.964	0.8999999999998636	trials	46	s046_F200630	grCe_grSu18Fa	11	225.0	0	1718.264	1718.564
1718.565	0.8999999999998636	trials	46	s046_F200630	grCe_grSu1Ne	3	180.0	0	1718.865	1719.164
1735.625	0.8999999999998636	trials	46	s046_F200630	coCe	16	45.0	0	1735.925	1736.225
1736.233	0.8999999999998636	trials	46	s046_F200630	grCe_grSu3Ne	5	225.0	0	1736.533	1736.833
1736.834	0.8999999999998636	trials	46	s046_F200630	grCe_grSu1Ne	3	90.0	0	1737.134	1737.433
1740.684	0.8999999999998636	trials	46	s046_F200630	grCe_grSu3Ne	5	90.0	0	1740.984	1741.284
1741.284	0.8999999999998636	trials	46	s046_F200630	coCe	16	90.0	0	1741.584	1741.884
1743.084	0.8999999999998636	trials	46	s046_F200630	grCe_grSu3Ne	5	315.0	0	1743.384	1743.684
1751.152	0.8999999999998636	trials	46	s046_F200630	coCe_grSu6Ne	17	180.0	0	1751.452	1751.752
1751.76	0.8999999999998636	trials	46	s046_F200630	grCe_grSu12Mi	9	180.0	0	1752.06	1752.36
1752.361	0.8999999999998636	trials	46	s046_F200630	grCe	1	90.0	0	1752.661	1752.96
1752.961	0.8999999999998636	trials	46	s046_F200630	grCe_grSu12SmCiNe	13	270.0	0	1753.261	1753.56
1759.803	0.8999999999998636	trials	46	s046_F200630	grSu12Mi	8		0	1760.103	1760.403
1761.028	0.8999999999998636	trials	46	s046_F200630	grCe	1	90.0	4	1761.328	1761.628
1761.6280000000002	0.8999999999998636	trials	46	s046_F200630	coCe	16	0.0	4	1761.928	1762.228
1762.229	0.8999999999998636	trials	46	s046_F200630	grCe_grSu6CiNe_PS	19	315.0	4	1762.529	1762.828
1774.538	0.8999999999998636	trials	46	s046_F200630	grCe_grSu12Mi	9	135.0	4	1774.838	1775.138
1775.18	0.8999999999998636	trials	46	s046_F200630	grCe	1	0.0	4	1775.48	1775.78
1775.78	0.8999999999998636	trials	46	s046_F200630	coCe_grSu6Ne	17	45.0	4	1776.08	1776.38
1787.015	0.8999999999998636	trials	46	s046_F200630	grCe_grSu12SmCiNe_PS	21	270.0	4	1787.315	1787.615
1787.623	0.8999999999998636	trials	46	s046_F200630	grCe_grSu1Ne	3	225.0	4	1787.923	1788.223
1788.224	0.8999999999998636	trials	46	s046_F200630	grCe_grSu6CiNe_PS	19	45.0	4	1788.524	1788.823
1788.874	0.8999999999998636	trials	46	s046_F200630	grCe_grSu12Mi	9	180.0	4	1789.174	1789.473
1789.474	0.8999999999998636	trials	46	s046_F200630	coCe_grSu6Ne	17	315.0	4	1789.774	1790.073
1804.126	0.8999999999998636	trials	46	s046_F200630	grCe_grSu18Fa	11	0.0	4	1804.426	1804.725
1804.776	0.8999999999998636	trials	46	s046_F200630	grCe_grSu6Ne	7	315.0	4	1805.076	1805.375
1806.001	0.8999999999998636	trials	46	s046_F200630	grCe_grSu6CiNe_PS	19	270.0	4	1806.301	1806.601
1806.626	0.8999999999998636	trials	46	s046_F200630	grCe	1	180.0	4	1806.926	1807.226
1821.611	0.8999999999998636	trials	46	s046_F200630	grCe_grSu12Mi	9	0.0	4	1821.911	1822.211
1822.8110000000001	0.8999999999998636	trials	46	s046_F200630	grCe_grSu3Ne	5	0.0	4	1823.111	1823.411
1823.411	0.8999999999998636	trials	46	s046_F200630	coCe_grSu6Ne	17	225.0	4	1823.711	1824.011
1824.036	0.8999999999998636	trials	46	s046_F200630	grCe_grSu1Ne	3	0.0	4	1824.336	1824.636
1830.904	0.8999999999998636	trials	46	s046_F200630	coCe	16	180.0	4	1831.204	1831.504
1831.546	0.8999999999998636	trials	46	s046_F200630	grCe_grSu1Ne	3	180.0	4	1831.846	1832.145
1832.188	0.8999999999998636	trials	46	s046_F200630	coSu6Ne	20		4	1832.488	1832.787
1832.788	0.8999999999998636	trials	46	s046_F200630	grCe_grSu6CiNe	15	135.0	4	1833.088	1833.387
1840.289	0.8999999999998636	trials	46	s046_F200630	grCe_grSu6Ne	7	225.0	4	1840.589	1840.888
1840.8890000000001	0.8999999999998636	trials	46	s046_F200630	grCe_grSu3Ne	5	180.0	4	1841.189	1841.488
1842.089	0.8999999999998636	trials	46	s046_F200630	coCe	16	45.0	4	1842.389	1842.689
1842.689	0.8999999999998636	trials	46	s046_F200630	grCe_grSu3Ne	5	315.0	4	1842.989	1843.289
1849.89	0.8999999999998636	trials	46	s046_F200630	grCe_grSu12SmCiNe_PS	21	180.0	4	1850.19	1850.49
1850.498	0.8999999999998636	trials	46	s046_F200630	grCe_grSu12SmCiNe	13	90.0	4	1850.798	1851.098
1851.698	0.8999999999998636	trials	46	s046_F200630	grSu6Ne	6		4	1851.998	1852.298
1858.433	0.8999999999998636	trials	46	s046_F200630	grSu12SmCiNe	12		4	1858.733	1859.032
1859.0330000000001	0.8999999999998636	trials	46	s046_F200630	grCe	1	315.0	4	1859.333	1859.632
1859.633	0.8999999999998636	trials	46	s046_F200630	coCe	16	135.0	4	1859.933	1860.232
1860.233	0.8999999999998636	trials	46	s046_F200630	grCe_grSu12SmCiNe_PS	21	45.0	4	1860.533	1860.833
1860.833	0.8999999999998636	trials	46	s046_F200630	grCe_grSu12SmCiNe	13	135.0	4	1861.133	1861.433
1868.0420000000001	0.8999999999998636	trials	46	s046_F200630	grCe_grSu18Fa	11	315.0	4	1868.342	1868.642
1868.642	0.8999999999998636	trials	46	s046_F200630	grCe_grSu3Ne	5	90.0	4	1868.942	1869.242
1869.242	0.8999999999998636	trials	46	s046_F200630	grCe	1	135.0	4	1869.542	1869.842
1872.8590000000002	0.8999999999998636	trials	46	s046_F200630	grCe_grSu3Ne	5	225.0	4	1873.159	1873.459
1873.476	0.8999999999998636	trials	46	s046_F200630	grCe_grSu6Ne	7	0.0	4	1873.776	1874.076
1874.076	0.8999999999998636	trials	46	s046_F200630	grCe_grSu3Ne	5	270.0	4	1874.376	1874.676
1875.276	0.8999999999998636	trials	46	s046_F200630	grCe_grSu6Ne_PS	18	90.0	4	1875.576	1875.876
1891.8120000000001	0.8999999999998636	trials	46	s046_F200630	grSu3Ne	4		4	1892.112	1892.412
1892.454	0.8999999999998636	trials	46	s046_F200630	grCe_grSu6CiNe	15	90.0	4	1892.754	1893.053
1893.095	0.8999999999998636	trials	46	s046_F200630	grCe_grSu18Fa	11	180.0	4	1893.395	1893.695
1893.729	0.8999999999998636	trials	46	s046_F200630	grCe_grSu6CiNe_PS	19	135.0	4	1894.029	1894.329
1894.329	0.8999999999998636	trials	46	s046_F200630	grCe_grSu6Ne	7	90.0	4	1894.629	1894.929
1901.0130000000001	0.8999999999998636	trials	46	s046_F200630	coCe_grSu6Ne	17	0.0	4	1901.313	1901.613
1901.613	0.8999999999998636	trials	46	s046_F200630	grCe_grSu12SmCiNe	13	225.0	4	1901.913	1902.213
1902.238	0.8999999999998636	trials	46	s046_F200630	grCe_grSu6Ne_PS	18	0.0	4	1902.538	1902.838
1903.4550000000002	0.8999999999998636	trials	46	s046_F200630	grCe_grSu18Fa	11	45.0	4	1903.755	1904.055
1910.114	0.8999999999998636	trials	46	s046_F200630	grCe_grSu1Ne	3	45.0	4	1910.414	1910.714
1910.714	0.8999999999998636	trials	46	s046_F200630	grCe_grSu6CiNe	15	270.0	4	1911.014	1911.314
1911.356	0.8999999999998636	trials	46	s046_F200630	grCe_grSu1Ne	3	90.0	4	1911.656	1911.956
1911.9650000000001	0.8999999999998636	trials	46	s046_F200630	grSu12Mi	8		4	1912.265	1912.564
1919.941	0.8999999999998636	trials	46	s046_F200630	grCe_grSu12SmCiNe	13	315.0	4	1920.241	1920.54
1920.549	0.8999999999998636	trials	46	s046_F200630	grCe_grSu18Fa	11	90.0	4	1920.849	1921.149
1921.1570000000002	0.8999999999998636	trials	46	s046_F200630	grCe_grSu18Fa	11	270.0	4	1921.457	1921.757
1921.757	0.8999999999998636	trials	46	s046_F200630	grCe_grSu1Ne	3	270.0	4	1922.057	1922.357
1929.2	0.8999999999998636	trials	46	s046_F200630	grCe_grSu18Fa	11	225.0	4	1929.5	1929.8
1930.4	0.8999999999998636	trials	46	s046_F200630	grCe_grSu6Ne	7	45.0	4	1930.7	1931.0
1931.0	0.8999999999998636	trials	46	s046_F200630	NoStim	0		4	1931.3	1931.6
1931.617	0.8999999999998636	trials	46	s046_F200630	grCe_grSu6Ne_PS	18	315.0	4	1931.917	1932.217
1938.3600000000001	0.8999999999998636	trials	46	s046_F200630	grCe_grSu6Ne_PS	18	270.0	4	1938.66	1938.959
1938.96	0.8999999999998636	trials	46	s046_F200630	grCe_grSu12SmCiNe_PS	21	225.0	4	1939.26	1939.559
1939.568	0.8999999999998636	trials	46	s046_F200630	coCe_grSu6Ne	17	135.0	4	1939.868	1940.168
1940.1770000000001	0.8999999999998636	trials	46	s046_F200630	grCe_grSu18Fa	11	135.0	4	1940.477	1940.776
1955.77	0.8999999999998636	trials	46	s046_F200630	grCe_grSu12SmCiNe	13	180.0	4	1956.07	1956.37
1956.412	0.8999999999998636	trials	46	s046_F200630	grSu18Fa	10		4	1956.712	1957.012
1957.6200000000001	0.8999999999998636	trials	46	s046_F200630	grCe_grSu6Ne	7	270.0	4	1957.92	1958.22
1958.2540000000001	0.8999999999998636	trials	46	s046_F200630	grCe_grSu12Mi	9	315.0	4	1958.554	1958.854
1964.98	0.8999999999998636	trials	46	s046_F200630	grCe_grSu12SmCiNe	13	0.0	4	1965.28	1965.579
1965.5800000000002	0.8999999999998636	trials	46	s046_F200630	grCe_grSu6CiNe	15	0.0	4	1965.88	1966.179
1966.18	0.8999999999998636	trials	46	s046_F200630	grCe_grSu3Ne	5	45.0	4	1966.48	1966.78
1966.78	0.8999999999998636	trials	46	s046_F200630	grCe_grSu12SmCiNe_PS	21	0.0	4	1967.08	1967.38
1967.38	0.8999999999998636	trials	46	s046_F200630	grCe_grSu12SmCiNe_PS	21	135.0	4	1967.68	1967.98
1974.039	0.8999999999998636	trials	46	s046_F200630	grCe_grSu6CiNe	15	45.0	4	1974.339	1974.639
1974.6390000000001	0.8999999999998636	trials	46	s046_F200630	grCe_grSu12SmCiNe_PS	21	315.0	4	1974.939	1975.239
1975.839	0.8999999999998636	trials	46	s046_F200630	coCe	16	315.0	4	1976.139	1976.439
1983.474	0.8999999999998636	trials	46	s046_F200630	grCe_grSu12SmCiNe	13	270.0	4	1983.774	1984.073
1984.0910000000001	0.8999999999998636	trials	46	s046_F200630	grCe_grSu6CiNe_PS	19	225.0	4	1984.391	1984.69
1988.0330000000001	0.8999999999998636	trials	46	s046_F200630	grSu1Ne	2		4	1988.333	1988.632
1988.641	0.8999999999998636	trials	46	s046_F200630	grCe_grSu12Mi	9	225.0	4	1988.941	1989.241
1989.241	0.8999999999998636	trials	46	s046_F200630	grCe_grSu6CiNe	15	315.0	4	1989.541	1989.841
1993.708	0.8999999999998636	trials	46	s046_F200630	grCe	1	225.0	4	1994.008	1994.308
1994.967	0.8999999999998636	trials	46	s046_F200630	grCe	1	45.0	4	1995.267	1995.567
1995.567	0.8999999999998636	trials	46	s046_F200630	grCe	1	270.0	4	1995.867	1996.167
1996.175	0.8999999999998636	trials	46	s046_F200630	grCe_grSu12SmCiNe	13	45.0	4	1996.475	1996.775
2002.835	0.8999999999998636	trials	46	s046_F200630	coCe_grSu6Ne	17	180.0	4	2003.135	2003.434
2007.519	0.8999999999998636	trials	46	s046_F200630	grCe_grSu6CiNe	15	180.0	4	2007.819	2008.118
2008.719	0.8999999999998636	trials	46	s046_F200630	grCe_grSu6Ne	7	135.0	4	2009.019	2009.318
2009.344	0.8999999999998636	trials	46	s046_F200630	grCe_grSu6Ne	7	180.0	4	2009.644	2009.943
2009.944	0.8999999999998636	trials	46	s046_F200630	grCe_grSu1Ne	3	135.0	4	2010.244	2010.544
2016.72	0.8999999999998636	trials	46	s046_F200630	coCe	16	270.0	4	2017.02	2017.319
2017.328	0.8999999999998636	trials	46	s046_F200630	grCe_grSu12Mi	9	45.0	4	2017.628	2017.928
2017.9370000000001	0.8999999999998636	trials	46	s046_F200630	grCe_grSu6Ne_PS	18	180.0	4	2018.237	2018.536
2018.545	0.8999999999998636	trials	46	s046_F200630	grCe_grSu12Mi	9	90.0	4	2018.845	2019.145
2029.556	0.8999999999998636	trials	46	s046_F200630	grCe_grSu6CiNe_PS	19	0.0	4	2029.856	2030.155
2030.156	0.8999999999998636	trials	46	s046_F200630	grCe_grSu3Ne	5	135.0	4	2030.456	2030.755
2031.381	0.8999999999998636	trials	46	s046_F200630	grCe_grSu6Ne_PS	18	45.0	4	2031.681	2031.981
2031.981	0.8999999999998636	trials	46	s046_F200630	grCe_grSu6CiNe_PS	19	90.0	4	2032.281	2032.581
2040.374	0.8999999999998636	trials	46	s046_F200630	grCe_grSu6Ne_PS	18	135.0	4	2040.674	2040.973
2040.974	0.8999999999998636	trials	46	s046_F200630	grCe_grSu1Ne	3	315.0	4	2041.274	2041.574
2041.574	0.8999999999998636	trials	46	s046_F200630	coCe	16	90.0	4	2041.874	2042.174
2042.174	0.8999999999998636	trials	46	s046_F200630	grCe_grSu6CiNe_PS	19	180.0	4	2042.474	2042.774
2042.7740000000001	0.8999999999998636	trials	46	s046_F200630	grCe_grSu12SmCiNe_PS	21	90.0	4	2043.074	2043.374
2073.37	0.900000000000091	trials	46	s046_F200630	grCe_grSu12Mi	9	270.0	4	2073.67	2073.969
2073.97	0.900000000000091	trials	46	s046_F200630	grSu6CiNe	14		4	2074.27	2074.569
2074.595	0.900000000000091	trials	46	s046_F200630	grCe_grSu6CiNe	15	225.0	4	2074.895	2075.195
2075.1949999999997	0.900000000000091	trials	46	s046_F200630	coCe_grSu6Ne	17	270.0	4	2075.495	2075.795
2075.803	0.900000000000091	trials	46	s046_F200630	coCe	16	225.0	4	2076.103	2076.403
2083.0209999999997	0.900000000000091	trials	46	s046_F200630	grCe_grSu6Ne_PS	18	225.0	4	2083.321	2083.621
2083.629	0.900000000000091	trials	46	s046_F200630	coCe_grSu6Ne	17	90.0	4	2083.929	2084.229
2084.238	0.900000000000091	trials	46	s046_F200630	grCe_grSu12Mi	9	135.0	9	2084.538	2084.837
2084.846	0.900000000000091	trials	46	s046_F200630	grCe_grSu12Mi	9	45.0	9	2085.146	2085.446
2096.3889999999997	0.900000000000091	trials	46	s046_F200630	grCe_grSu12SmCiNe_PS	21	225.0	9	2096.689	2096.989
2097.031	0.900000000000091	trials	46	s046_F200630	grCe_grSu6CiNe	15	135.0	8	2097.331	2097.631
2097.631	0.900000000000091	trials	46	s046_F200630	coSu6Ne	20		9	2097.931	2098.231
2098.24	0.900000000000091	trials	46	s046_F200630	grCe_grSu6CiNe_PS	19	315.0	9	2098.54	2098.839
2111.741	0.900000000000091	trials	46	s046_F200630	grCe_grSu12SmCiNe	13	45.0	9	2112.041	2112.341
2112.941	0.900000000000091	trials	46	s046_F200630	grCe_grSu3Ne	5	180.0	9	2113.241	2113.541
2113.542	0.900000000000091	trials	46	s046_F200630	coCe_grSu6Ne	17	45.0	9	2113.842	2114.141
2114.142	0.900000000000091	trials	46	s046_F200630	grCe	1	0.0	9	2114.442	2114.741
2120.859	0.900000000000091	trials	46	s046_F200630	grCe_grSu1Ne	3	135.0	9	2121.159	2121.459
2121.5009999999997	0.900000000000091	trials	46	s046_F200630	grCe_grSu6Ne	7	315.0	9	2121.801	2122.101
2122.109	0.900000000000091	trials	46	s046_F200630	grCe_grSu18Fa	11	0.0	9	2122.409	2122.709
2125.71	0.900000000000091	trials	46	s046_F200630	grCe_grSu6Ne	7	0.0	9	2126.01	2126.309
2126.31	0.900000000000091	trials	46	s046_F200630	grCe_grSu3Ne	5	270.0	9	2126.61	2126.91
2126.9519999999998	0.900000000000091	trials	46	s046_F200630	coCe_grSu6Ne	17	270.0	9	2127.252	2127.551
2127.5519999999997	0.900000000000091	trials	46	s046_F200630	grCe_grSu6CiNe_PS	19	225.0	9	2127.852	2128.151
2128.16	0.900000000000091	trials	46	s046_F200630	grCe_grSu12Mi	9	90.0	9	2128.46	2128.76
2135.636	0.900000000000091	trials	46	s046_F200630	grCe_grSu12SmCiNe_PS	21	315.0	8	2135.936	2136.236
2136.2529999999997	0.900000000000091	trials	46	s046_F200630	grCe_grSu12SmCiNe_PS	21	180.0	9	2136.553	2136.853
2136.8529999999996	0.900000000000091	trials	46	s046_F200630	grCe_grSu6Ne_PS	18	270.0	9	2137.153	2137.453
2137.453	0.900000000000091	trials	46	s046_F200630	coCe	16	315.0	9	2137.753	2138.053
2145.312	0.900000000000091	trials	46	s046_F200630	grSu1Ne	2		9	2145.612	2145.912
2145.921	0.900000000000091	trials	46	s046_F200630	grCe_grSu18Fa	11	315.0	8	2146.221	2146.52
2146.5209999999997	0.900000000000091	trials	46	s046_F200630	grCe	1	90.0	9	2146.821	2147.121
2147.138	0.900000000000091	trials	46	s046_F200630	grCe_grSu6Ne_PS	18	90.0	9	2147.438	2147.737
2147.754	0.900000000000091	trials	46	s046_F200630	grCe_grSu6Ne_PS	18	0.0	9	2148.054	2148.354
2155.2799999999997	0.900000000000091	trials	46	s046_F200630	coCe_grSu6Ne	17	315.0	8	2155.58	2155.88
2156.555	0.900000000000091	trials	46	s046_F200630	grCe_grSu18Fa	11	225.0	9	2156.855	2157.155
2157.1639999999998	0.900000000000091	trials	46	s046_F200630	grCe_grSu12Mi	9	180.0	9	2157.464	2157.764
2157.7639999999997	0.900000000000091	trials	46	s046_F200630	grCe_grSu6CiNe_PS	19	270.0	8	2158.064	2158.364
2170.616	0.900000000000091	trials	46	s046_F200630	grCe_grSu6CiNe	15	90.0	9	2170.916	2171.215
2171.816	0.900000000000091	trials	46	s046_F200630	coCe_grSu6Ne	17	135.0	8	2172.116	2172.415
2177.116	0.900000000000091	trials	46	s046_F200630	grCe_grSu12SmCiNe	13	90.0	9	2177.416	2177.716
2177.7419999999997	0.900000000000091	trials	46	s046_F200630	grCe	1	270.0	9	2178.042	2178.341
2178.3419999999996	0.900000000000091	trials	46	s046_F200630	coCe	16	135.0	8	2178.642	2178.941
2178.942	0.900000000000091	trials	46	s046_F200630	coCe	16	90.0	8	2179.242	2179.541
2183.192	0.900000000000091	trials	46	s046_F200630	grCe_grSu1Ne	3	225.0	9	2183.492	2183.792
2183.8089999999997	0.900000000000091	trials	46	s046_F200630	grCe_grSu6CiNe	15	0.0	9	2184.109	2184.409
2184.4089999999997	0.900000000000091	trials	46	s046_F200630	grCe_grSu6CiNe_PS	19	45.0	8	2184.709	2185.009
2185.026	0.900000000000091	trials	46	s046_F200630	grCe_grSu12SmCiNe_PS	21	135.0	9	2185.326	2185.625
2185.634	0.900000000000091	trials	46	s046_F200630	grCe_grSu3Ne	5	225.0	8	2185.934	2186.234
2196.4939999999997	0.900000000000091	trials	46	s046_F200630	grCe_grSu6CiNe_PS	19	180.0	8	2196.794	2197.094
2197.0939999999996	0.900000000000091	trials	46	s046_F200630	grCe_grSu6CiNe_PS	19	90.0	9	2197.394	2197.694
2197.694	0.900000000000091	trials	46	s046_F200630	grCe_grSu3Ne	5	315.0	8	2197.994	2198.294
2198.328	0.900000000000091	trials	46	s046_F200630	grCe_grSu12Mi	9	0.0	8	2198.628	2198.927
2198.928	0.900000000000091	trials	46	s046_F200630	grCe_grSu6Ne	7	225.0	9	2199.228	2199.527
2205.9539999999997	0.900000000000091	trials	46	s046_F200630	grSu18Fa	10		9	2206.254	2206.553
2215.2459999999996	0.900000000000091	trials	46	s046_F200630	grCe_grSu6Ne_PS	18	225.0	8	2215.546	2215.846
2216.4469999999997	0.900000000000091	trials	46	s046_F200630	grCe_grSu6Ne_PS	18	45.0	9	2216.747	2217.046
2217.08	0.900000000000091	trials	46	s046_F200630	grCe_grSu12SmCiNe	13	135.0	9	2217.38	2217.68
2237.808	0.900000000000091	trials	46	s046_F200630	coCe_grSu6Ne	17	225.0	9	2238.108	2238.407
2238.408	0.900000000000091	trials	46	s046_F200630	grCe_grSu3Ne	5	45.0	8	2238.708	2239.007
2239.008	0.900000000000091	trials	46	s046_F200630	grCe_grSu6Ne	7	90.0	8	2239.308	2239.607
2247.134	0.900000000000091	trials	46	s046_F200630	grSu3Ne	4		9	2247.434	2247.734
2247.7419999999997	0.900000000000091	trials	46	s046_F200630	grCe	1	315.0	9	2248.042	2248.342
2248.3419999999996	0.900000000000091	trials	46	s046_F200630	coCe	16	270.0	9	2248.642	2248.942
2249.576	0.900000000000091	trials	46	s046_F200630	grCe_grSu6Ne	7	135.0	9	2249.876	2250.176
2256.96	0.900000000000091	trials	46	s046_F200630	grCe_grSu6Ne_PS	18	315.0	9	2257.26	2257.56
2257.6099999999997	0.900000000000091	trials	46	s046_F200630	grCe_grSu12SmCiNe	13	270.0	9	2257.91	2258.21
2258.2189999999996	0.900000000000091	trials	46	s046_F200630	grCe_grSu18Fa	11	90.0	9	2258.519	2258.818
2258.8269999999998	0.900000000000091	trials	46	s046_F200630	grCe_grSu18Fa	11	270.0	9	2259.127	2259.427
2270.845	0.900000000000091	trials	46	s046_F200630	grCe_grSu1Ne	3	270.0	9	2271.145	2271.445
2271.462	0.900000000000091	trials	46	s046_F200630	grCe_grSu18Fa	11	180.0	8	2271.762	2272.062
2272.062	0.900000000000091	trials	46	s046_F200630	grCe_grSu1Ne	3	180.0	9	2272.362	2272.662
2272.662	0.900000000000091	trials	46	s046_F200630	grSu12SmCiNe	12		9	2272.962	2273.262
2273.2619999999997	0.900000000000091	trials	46	s046_F200630	grCe	1	225.0	9	2273.562	2273.862
2285.172	0.900000000000091	trials	46	s046_F200630	grCe_grSu3Ne	5	0.0	9	2285.472	2285.772
2285.772	0.900000000000091	trials	46	s046_F200630	grCe_grSu12SmCiNe_PS	21	45.0	9	2286.072	2286.372
2286.5719999999997	0.900000000000091	trials	46	s046_F200630	grCe_grSu6CiNe	15	315.0	9	2286.872	2287.172
2287.172	0.900000000000091	trials	46	s046_F200630	grCe_grSu6CiNe_PS	19	135.0	9	2287.472	2287.772
2298.774	0.900000000000091	trials	46	s046_F200630	grCe_grSu3Ne	5	135.0	8	2299.074	2299.374
2299.3819999999996	0.900000000000091	trials	46	s046_F200630	grCe_grSu12Mi	9	270.0	9	2299.682	2299.982
2299.982	0.900000000000091	trials	46	s046_F200630	coCe	16	180.0	9	2300.282	2300.582
2300.5989999999997	0.900000000000091	trials	46	s046_F200630	grCe_grSu6Ne	7	180.0	9	2300.899	2301.199
2308.642	0.900000000000091	trials	46	s046_F200630	grCe	1	180.0	9	2308.942	2309.241
2312.542	0.900000000000091	trials	46	s046_F200630	coCe	16	45.0	9	2312.842	2313.142
2313.151	0.900000000000091	trials	46	s046_F200630	grSu12Mi	8		8	2313.451	2313.75
2313.7509999999997	0.900000000000091	trials	46	s046_F200630	grCe_grSu1Ne	3	45.0	8	2314.051	2314.35
2314.3509999999997	0.900000000000091	trials	46	s046_F200630	grCe_grSu12SmCiNe	13	180.0	9	2314.651	2314.951
2314.951	0.900000000000091	trials	46	s046_F200630	grCe	1	135.0	9	2315.251	2315.551
2359.39	0.900000000000091	trials	46	s046_F200630	grCe_grSu12SmCiNe_PS	21	90.0	9	2359.69	2359.99
2359.99	0.900000000000091	trials	46	s046_F200630	grCe_grSu6CiNe	15	270.0	9	2360.29	2360.59
2360.5899999999997	0.900000000000091	trials	46	s046_F200630	grSu6CiNe	14		9	2360.89	2361.19
2361.799	0.900000000000091	trials	46	s046_F200630	grCe_grSu12Mi	9	225.0	9	2362.099	2362.398
2368.408	0.900000000000091	trials	46	s046_F200630	grCe_grSu3Ne	5	90.0	9	2368.708	2369.008
2369.0499999999997	0.900000000000091	trials	46	s046_F200630	coCe_grSu6Ne	17	0.0	9	2369.35	2369.649
2369.6499999999996	0.900000000000091	trials	46	s046_F200630	coCe	16	225.0	9	2369.95	2370.249
2370.258	0.900000000000091	trials	46	s046_F200630	grCe_grSu6CiNe	15	225.0	9	2370.558	2370.858
2370.8579999999997	0.900000000000091	trials	46	s046_F200630	grCe_grSu12SmCiNe	13	225.0	9	2371.158	2371.458
2451.8849999999998	0.900000000000091	trials	46	s046_F200630	grCe	1	45.0	8	2452.185	2452.485
2453.7189999999996	0.900000000000091	trials	46	s046_F200630	grCe_grSu6Ne_PS	18	135.0	9	2454.019	2454.319
2454.319	0.900000000000091	trials	46	s046_F200630	grCe_grSu12SmCiNe_PS	21	0.0	9	2454.619	2454.919
2461.011	0.900000000000091	trials	46	s046_F200630	grSu6Ne	6		9	2461.311	2461.611
2461.6119999999996	0.900000000000091	trials	46	s046_F200630	grCe_grSu12SmCiNe	13	315.0	9	2461.912	2462.211
2462.212	0.900000000000091	trials	46	s046_F200630	grCe_grSu6CiNe	15	180.0	9	2462.512	2462.811
2466.254	0.900000000000091	trials	46	s046_F200630	grCe_grSu12SmCiNe_PS	21	270.0	8	2466.554	2466.853
2466.8619999999996	0.900000000000091	trials	46	s046_F200630	grCe_grSu18Fa	11	135.0	9	2467.162	2467.462
2467.462	0.900000000000091	trials	46	s046_F200630	grCe_grSu6CiNe	15	45.0	9	2467.762	2468.062
2468.071	0.900000000000091	trials	46	s046_F200630	coCe_grSu6Ne	17	90.0	9	2468.371	2468.67
2468.6789999999996	0.900000000000091	trials	46	s046_F200630	grCe_grSu18Fa	11	45.0	8	2468.979	2469.279
2489.765	0.900000000000091	trials	46	s046_F200630	grCe_grSu1Ne	3	0.0	9	2490.065	2490.365
2490.4069999999997	0.900000000000091	trials	46	s046_F200630	grCe_grSu12SmCiNe	13	0.0	9	2490.707	2491.007
2491.024	0.900000000000091	trials	46	s046_F200630	coCe	16	0.0	8	2491.324	2491.623
2491.665	0.900000000000091	trials	46	s046_F200630	coCe_grSu6Ne	17	180.0	9	2491.965	2492.265
2499.933	0.900000000000091	trials	46	s046_F200630	grCe_grSu6CiNe_PS	19	0.0	8	2500.233	2500.533
2500.533	0.900000000000091	trials	46	s046_F200630	grCe_grSu6Ne	7	45.0	8	2500.833	2501.133
2501.7749999999996	0.900000000000091	trials	46	s046_F200630	grCe_grSu1Ne	3	315.0	9	2502.075	2502.375
2502.375	0.900000000000091	trials	46	s046_F200630	grCe_grSu1Ne	3	90.0	8	2502.675	2502.975
2546.714	0.900000000000091	trials	46	s046_F200630	grCe_grSu12Mi	9	315.0	9	2547.014	2547.314
2547.314	0.900000000000091	trials	46	s046_F200630	NoStim	0		9	2547.614	2547.914
2555.1899999999996	0.900000000000091	trials	46	s046_F200630	grCe_grSu6Ne_PS	18	180.0	9	2555.49	2555.79
2560.841	0.900000000000091	trials	46	s046_F200630	grCe_grSu6Ne	7	270.0	9	2561.141	2561.441
2561.441	0.900000000000091	trials	46	s046_F200630	grCe	1	0.0	2	2561.741	2562.041
2568.667	0.900000000000091	trials	46	s046_F200630	grCe_grSu6Ne	7	315.0	2	2568.967	2569.267
2569.9759999999997	0.900000000000091	trials	46	s046_F200630	grCe_grSu12SmCiNe	13	225.0	2	2570.276	2570.575
2570.576	0.900000000000091	trials	46	s046_F200630	coCe	16	135.0	2	2570.876	2571.175
2577.4269999999997	0.900000000000091	trials	46	s046_F200630	coCe	16	225.0	2	2577.727	2578.026
2578.027	0.900000000000091	trials	46	s046_F200630	coCe_grSu6Ne	17	0.0	2	2578.327	2578.626
2578.652	0.900000000000091	trials	46	s046_F200630	grCe_grSu6Ne_PS	18	90.0	2	2578.952	2579.251
2586.2439999999997	0.900000000000091	trials	46	s046_F200630	grCe_grSu6Ne	7	90.0	2	2586.544	2586.844
2586.8439999999996	0.900000000000091	trials	46	s046_F200630	grCe_grSu1Ne	3	90.0	2	2587.144	2587.444
2587.444	0.900000000000091	trials	46	s046_F200630	grCe_grSu1Ne	3	180.0	2	2587.744	2588.044
2588.0449999999996	0.900000000000091	trials	46	s046_F200630	grCe_grSu6CiNe	15	315.0	2	2588.345	2588.644
2594.787	0.900000000000091	trials	46	s046_F200630	grCe_grSu18Fa	11	270.0	2	2595.087	2595.387
2595.3869999999997	0.900000000000091	trials	46	s046_F200630	grCe_grSu12SmCiNe	13	0.0	2	2595.687	2595.987
2600.696	0.900000000000091	trials	46	s046_F200630	coCe_grSu6Ne	17	135.0	2	2600.996	2601.296
2601.296	0.900000000000091	trials	46	s046_F200630	grCe_grSu6CiNe_PS	19	315.0	2	2601.596	2601.896
2601.8959999999997	0.900000000000091	trials	46	s046_F200630	grCe_grSu12SmCiNe_PS	21	45.0	2	2602.196	2602.496
2602.538	0.900000000000091	trials	46	s046_F200630	grCe_grSu6Ne	7	270.0	2	2602.838	2603.138
2609.214	0.900000000000091	trials	46	s046_F200630	grCe_grSu6CiNe	15	135.0	2	2609.514	2609.814
2613.3729999999996	0.900000000000091	trials	46	s046_F200630	coCe	16	180.0	2	2613.673	2613.972
2613.9979999999996	0.900000000000091	trials	46	s046_F200630	grCe_grSu12Mi	9	135.0	2	2614.298	2614.598
2614.6059999999998	0.900000000000091	trials	46	s046_F200630	grCe_grSu12SmCiNe	13	135.0	2	2614.906	2615.206
2615.24	0.900000000000091	trials	46	s046_F200630	grSu18Fa	10		2	2615.54	2615.839
2622.399	0.900000000000091	trials	46	s046_F200630	grCe_grSu12SmCiNe_PS	21	315.0	2	2622.699	2622.999
2622.999	0.900000000000091	trials	46	s046_F200630	grCe_grSu12SmCiNe_PS	21	180.0	2	2623.299	2623.599
2623.5989999999997	0.900000000000091	trials	46	s046_F200630	grCe_grSu3Ne	5	225.0	2	2623.899	2624.199
2631.8089999999997	0.900000000000091	trials	46	s046_F200630	grCe_grSu6Ne	7	135.0	2	2632.109	2632.408
2632.4089999999997	0.900000000000091	trials	46	s046_F200630	grCe	1	135.0	2	2632.709	2633.008
2633.009	0.900000000000091	trials	46	s046_F200630	coCe_grSu6Ne	17	315.0	2	2633.309	2633.608
2633.625	0.900000000000091	trials	46	s046_F200630	grCe_grSu12SmCiNe_PS	21	225.0	2	2633.925	2634.225
2646.544	0.900000000000091	trials	46	s046_F200630	grCe_grSu6CiNe_PS	19	0.0	2	2646.844	2647.143
2647.144	0.900000000000091	trials	46	s046_F200630	grCe_grSu1Ne	3	315.0	2	2647.444	2647.744
2647.752	0.900000000000091	trials	46	s046_F200630	grCe_grSu12Mi	9	225.0	2	2648.052	2648.352
2660.162	0.900000000000091	trials	46	s046_F200630	grCe_grSu12Mi	9	90.0	2	2660.462	2660.762
2668.913	0.900000000000091	trials	46	s046_F200630	grCe_grSu6CiNe_PS	19	225.0	2	2669.213	2669.513
2669.5299999999997	0.900000000000091	trials	46	s046_F200630	grCe_grSu6Ne	7	45.0	2	2669.83	2670.13
2670.1299999999997	0.900000000000091	trials	46	s046_F200630	grSu1Ne	2		2	2670.43	2670.73
2670.7799999999997	0.900000000000091	trials	46	s046_F200630	grCe_grSu18Fa	11	315.0	2	2671.08	2671.38
2681.073	0.900000000000091	trials	46	s046_F200630	grCe_grSu3Ne	5	315.0	2	2681.373	2681.673
2682.298	0.900000000000091	trials	46	s046_F200630	grSu6Ne	6		2	2682.598	2682.898
2682.923	0.900000000000091	trials	46	s046_F200630	coCe	16	315.0	2	2683.223	2683.523
2689.524	0.900000000000091	trials	46	s046_F200630	grCe_grSu6Ne	7	180.0	2	2689.824	2690.124
2690.133	0.900000000000091	trials	46	s046_F200630	grCe_grSu12Mi	9	45.0	2	2690.433	2690.732
2690.7329999999997	0.900000000000091	trials	46	s046_F200630	grSu3Ne	4		2	2691.033	2691.332
2691.3329999999996	0.900000000000091	trials	46	s046_F200630	grCe_grSu6Ne_PS	18	45.0	2	2691.633	2691.933
2698.2169999999996	0.900000000000091	trials	46	s046_F200630	grCe_grSu12Mi	9	315.0	2	2698.517	2698.817
2698.8419999999996	0.900000000000091	trials	46	s046_F200630	grCe_grSu12SmCiNe	13	180.0	2	2699.142	2699.442
2699.442	0.900000000000091	trials	46	s046_F200630	grCe_grSu12SmCiNe	13	45.0	2	2699.742	2700.042
2700.051	0.900000000000091	trials	46	s046_F200630	grCe_grSu18Fa	11	180.0	2	2700.351	2700.65
2716.6609999999996	0.900000000000091	trials	46	s046_F200630	grCe_grSu18Fa	11	225.0	2	2716.961	2717.261
2717.861	0.900000000000091	trials	46	s046_F200630	grCe_grSu12SmCiNe	13	315.0	2	2718.161	2718.461
2718.461	0.900000000000091	trials	46	s046_F200630	grSu12Mi	8		2	2718.761	2719.061
2725.1369999999997	0.900000000000091	trials	46	s046_F200630	coCe	16	0.0	2	2725.437	2725.737
2725.7369999999996	0.900000000000091	trials	46	s046_F200630	grCe_grSu6Ne	7	0.0	2	2726.037	2726.337
2726.337	0.900000000000091	trials	46	s046_F200630	grCe_grSu6CiNe	15	0.0	2	2726.637	2726.937
2726.937	0.900000000000091	trials	46	s046_F200630	coCe_grSu6Ne	17	45.0	2	2727.237	2727.537
2735.2549999999997	0.900000000000091	trials	46	s046_F200630	coCe	16	270.0	2	2735.555	2735.855
2735.8889999999997	0.900000000000091	trials	46	s046_F200630	grCe_grSu12SmCiNe_PS	21	90.0	2	2736.189	2736.488
2736.489	0.900000000000091	trials	46	s046_F200630	grCe	1	90.0	2	2736.789	2737.088
2737.089	0.900000000000091	trials	46	s046_F200630	grCe_grSu6CiNe	15	45.0	2	2737.389	2737.688
2748.7569999999996	0.900000000000091	trials	46	s046_F200630	grCe_grSu18Fa	11	90.0	2	2749.057	2749.357
2749.365	0.900000000000091	trials	46	s046_F200630	grCe_grSu12Mi	9	180.0	2	2749.665	2749.965
2750.566	0.900000000000091	trials	46	s046_F200630	coCe_grSu6Ne	17	90.0	2	2750.866	2751.165
2757.433	0.900000000000091	trials	46	s046_F200630	grCe_grSu12SmCiNe	13	270.0	2	2757.733	2758.033
2758.033	0.900000000000091	trials	46	s046_F200630	grCe	1	225.0	2	2758.333	2758.633
2784.078	0.900000000000091	trials	46	s046_F200630	grCe_grSu6CiNe_PS	19	90.0	2	2784.378	2784.678
2784.678	0.900000000000091	trials	46	s046_F200630	grCe	1	45.0	2	2784.978	2785.278
2785.9199999999996	0.900000000000091	trials	46	s046_F200630	coCe	16	45.0	2	2786.22	2786.52
2792.888	0.900000000000091	trials	46	s046_F200630	grCe_grSu6CiNe_PS	19	45.0	2	2793.188	2793.487
2793.513	0.900000000000091	trials	46	s046_F200630	coSu6Ne	20		2	2793.813	2794.112
2794.1209999999996	0.900000000000091	trials	46	s046_F200630	grCe_grSu6Ne	7	225.0	2	2794.421	2794.721
2794.7459999999996	0.900000000000091	trials	46	s046_F200630	grCe_grSu1Ne	3	45.0	2	2795.046	2795.346
2802.156	0.900000000000091	trials	46	s046_F200630	grCe_grSu6CiNe	15	180.0	2	2802.456	2802.755
2803.3559999999998	0.900000000000091	trials	46	s046_F200630	grCe	1	315.0	2	2803.656	2803.955
2813.182	0.900000000000091	trials	46	s046_F200630	grCe_grSu18Fa	11	135.0	2	2813.482	2813.782
2813.7819999999997	0.900000000000091	trials	46	s046_F200630	grCe_grSu3Ne	5	0.0	2	2814.082	2814.382
2814.415	0.900000000000091	trials	46	s046_F200630	grSu6CiNe	14		2	2814.715	2815.015
2815.0159999999996	0.900000000000091	trials	46	s046_F200630	grCe_grSu6Ne_PS	18	270.0	2	2815.316	2815.615
2821.6409999999996	0.900000000000091	trials	46	s046_F200630	coCe	16	90.0	2	2821.941	2822.241
2822.241	0.900000000000091	trials	46	s046_F200630	grCe_grSu6Ne_PS	18	315.0	2	2822.541	2822.841
2822.8419999999996	0.900000000000091	trials	46	s046_F200630	grCe_grSu6CiNe	15	225.0	2	2823.142	2823.441
2833.8849999999998	0.900000000000091	trials	46	s046_F200630	grCe_grSu6Ne_PS	18	0.0	2	2834.185	2834.484
2835.085	0.900000000000091	trials	46	s046_F200630	grCe	1	270.0	2	2835.385	2835.684
2842.4359999999997	0.900000000000091	trials	46	s046_F200630	grCe_grSu1Ne	3	0.0	2	2842.736	2843.035
2843.0359999999996	0.900000000000091	trials	46	s046_F200630	grCe_grSu6CiNe_PS	19	180.0	2	2843.336	2843.636
2843.636	0.900000000000091	trials	46	s046_F200630	grCe_grSu6Ne_PS	18	225.0	2	2843.936	2844.236
2844.236	0.900000000000091	trials	46	s046_F200630	NoStim	0		2	2844.536	2844.836
2855.812	0.900000000000091	trials	46	s046_F200630	grCe_grSu6CiNe	15	270.0	2	2856.112	2856.412
2856.421	0.900000000000091	trials	46	s046_F200630	grCe_grSu12Mi	9	270.0	2	2856.721	2857.021
2857.029	0.900000000000091	trials	46	s046_F200630	grCe_grSu18Fa	11	0.0	2	2857.329	2857.629
2857.629	0.900000000000091	trials	46	s046_F200630	grCe_grSu3Ne	5	180.0	2	2857.929	2858.229
2864.4719999999998	0.900000000000091	trials	46	s046_F200630	grCe_grSu12SmCiNe_PS	21	270.0	2	2864.772	2865.072
2865.0719999999997	0.900000000000091	trials	46	s046_F200630	grCe_grSu6Ne_PS	18	135.0	2	2865.372	2865.672
2865.672	0.900000000000091	trials	46	s046_F200630	coCe_grSu6Ne	17	180.0	2	2865.972	2866.272
2882.591	0.900000000000091	trials	46	s046_F200630	grCe	1	180.0	2	2882.891	2883.191
2883.216	0.900000000000091	trials	46	s046_F200630	grCe_grSu18Fa	11	45.0	2	2883.516	2883.816
2883.841	0.900000000000091	trials	46	s046_F200630	grCe_grSu6CiNe_PS	19	270.0	2	2884.141	2884.441
2884.5	0.900000000000091	trials	46	s046_F200630	grCe_grSu6CiNe	15	90.0	2	2884.8	2885.099
2894.026	0.900000000000091	trials	46	s046_F200630	grCe_grSu1Ne	3	225.0	2	2894.326	2894.625
2894.651	0.900000000000091	trials	46	s046_F200630	grCe_grSu1Ne	3	270.0	2	2894.951	2895.25
2925.263	0.900000000000091	trials	46	s046_F200630	grCe_grSu3Ne	5	135.0	2	2925.563	2925.863
2925.863	0.900000000000091	trials	46	s046_F200630	grCe_grSu6CiNe_PS	19	135.0	2	2926.163	2926.463
2929.7639999999997	0.900000000000091	trials	46	s046_F200630	grCe_grSu1Ne	3	135.0	2	2930.064	2930.363
2930.364	0.900000000000091	trials	46	s046_F200630	grCe_grSu12SmCiNe_PS	21	0.0	2	2930.664	2930.963
2934.631	0.900000000000091	trials	46	s046_F200630	grCe_grSu12SmCiNe	13	90.0	2	2934.931	2935.231
2935.256	0.900000000000091	trials	46	s046_F200630	coCe_grSu6Ne	17	225.0	2	2935.556	2935.856
2935.8559999999998	0.900000000000091	trials	46	s046_F200630	grCe_grSu12SmCiNe_PS	21	135.0	2	2936.156	2936.456
2936.4649999999997	0.900000000000091	trials	46	s046_F200630	grCe_grSu3Ne	5	90.0	2	2936.765	2937.064
2979.495	0.900000000000091	trials	46	s046_F200630	grCe_grSu6Ne_PS	18	180.0	2	2979.795	2980.095
2988.0299999999997	0.900000000000091	trials	46	s046_F200630	grCe_grSu3Ne	5	270.0	2	2988.33	2988.629
2988.6299999999997	0.900000000000091	trials	46	s046_F200630	grSu12SmCiNe	12		2	2988.93	2989.229
2989.8379999999997	0.900000000000091	trials	46	s046_F200630	grCe_grSu12Mi	9	0.0	2	2990.138	2990.438
2996.5809999999997	0.900000000000091	trials	46	s046_F200630	coCe_grSu6Ne	17	270.0	2	2996.881	2997.18
2997.814	0.900000000000091	trials	46	s046_F200630	grCe_grSu3Ne	5	45.0	2	2998.114	2998.414
3005.774	0.900000000000091	trials	46	s046_F200630	coCe	16	270.0	7	3006.074	3006.373
3006.999	0.900000000000091	trials	46	s046_F200630	coCe_grSu6Ne	17	225.0	7	3007.299	3007.598
3007.5989999999997	0.900000000000091	trials	46	s046_F200630	grCe_grSu6CiNe	15	45.0	7	3007.899	3008.198
3020.4089999999997	0.900000000000091	trials	46	s046_F200630	grCe_grSu3Ne	5	180.0	7	3020.709	3021.008
3021.0339999999997	0.900000000000091	trials	46	s046_F200630	coSu6Ne	20		7	3021.334	3021.634
3021.634	0.900000000000091	trials	46	s046_F200630	grCe_grSu1Ne	3	0.0	7	3021.934	3022.234
3022.234	0.900000000000091	trials	46	s046_F200630	grCe_grSu6Ne	7	270.0	7	3022.534	3022.834
3038.9109999999996	0.900000000000091	trials	46	s046_F200630	grCe_grSu1Ne	3	135.0	7	3039.211	3039.511
3039.511	0.900000000000091	trials	46	s046_F200630	grSu3Ne	4		7	3039.811	3040.111
3040.111	0.900000000000091	trials	46	s046_F200630	grCe	1	225.0	7	3040.411	3040.711
3052.0879999999997	0.900000000000091	trials	46	s046_F200630	grCe	1	270.0	7	3052.388	3052.688
3052.6879999999996	0.900000000000091	trials	46	s046_F200630	grCe_grSu12SmCiNe	13	45.0	7	3052.988	3053.288
3053.921	0.900000000000091	trials	46	s046_F200630	grCe	1	0.0	7	3054.221	3054.521
3066.756	0.900000000000091	trials	46	s046_F200630	grCe_grSu6Ne	7	135.0	7	3067.056	3067.356
3067.365	0.900000000000091	trials	46	s046_F200630	grCe_grSu12Mi	9	135.0	7	3067.665	3067.964
3068.5649999999996	0.900000000000091	trials	46	s046_F200630	grSu12SmCiNe	12		7	3068.865	3069.165
3101.544	0.900000000000091	trials	46	s046_F200630	grCe_grSu12SmCiNe	13	180.0	7	3101.844	3102.144
3102.153	0.900000000000091	trials	46	s046_F200630	grCe_grSu18Fa	11	135.0	7	3102.453	3102.752
3102.7529999999997	0.900000000000091	trials	46	s046_F200630	grCe_grSu12SmCiNe	13	135.0	7	3103.053	3103.352
3103.3689999999997	0.900000000000091	trials	46	s046_F200630	grCe_grSu6CiNe	15	315.0	7	3103.669	3103.969
3110.229	0.900000000000091	trials	46	s046_F200630	grCe_grSu12SmCiNe_PS	21	90.0	7	3110.529	3110.828
3110.837	0.900000000000091	trials	46	s046_F200630	grCe_grSu18Fa	11	225.0	7	3111.137	3111.437
3111.446	0.900000000000091	trials	46	s046_F200630	grCe_grSu18Fa	11	90.0	7	3111.746	3112.045
3112.1369999999997	0.900000000000091	trials	46	s046_F200630	coCe_grSu6Ne	17	180.0	7	3112.437	3112.737
3142.991	0.900000000000091	trials	46	s046_F200630	coCe_grSu6Ne	17	0.0	7	3143.291	3143.591
3143.591	0.900000000000091	trials	46	s046_F200630	grCe_grSu6CiNe	15	225.0	7	3143.891	3144.191
3144.808	0.900000000000091	trials	46	s046_F200630	grCe_grSu6CiNe	15	180.0	7	3145.108	3145.408
3152.451	0.900000000000091	trials	46	s046_F200630	grCe_grSu12SmCiNe	13	315.0	7	3152.751	3153.05
3153.051	0.900000000000091	trials	46	s046_F200630	grCe_grSu6CiNe	15	90.0	7	3153.351	3153.651
3153.676	0.900000000000091	trials	46	s046_F200630	grCe_grSu6CiNe_PS	19	315.0	7	3153.976	3154.276
3160.3849999999998	0.900000000000091	trials	46	s046_F200630	grCe_grSu6Ne	7	225.0	7	3160.685	3160.985
3160.9849999999997	0.900000000000091	trials	46	s046_F200630	grCe_grSu12SmCiNe	13	0.0	7	3161.285	3161.585
3165.102	0.900000000000091	trials	46	s046_F200630	NoStim	0		7	3165.402	3165.702
3165.8689999999997	0.900000000000091	trials	46	s046_F200630	grCe_grSu6Ne	7	0.0	7	3166.169	3166.469
3166.511	0.900000000000091	trials	46	s046_F200630	grCe_grSu6Ne_PS	18	0.0	7	3166.811	3167.111
3167.111	0.900000000000091	trials	46	s046_F200630	coCe	16	45.0	7	3167.411	3167.711
3173.854	0.900000000000091	trials	46	s046_F200630	grCe_grSu12SmCiNe	13	225.0	7	3174.154	3174.453
3174.47	0.900000000000091	trials	46	s046_F200630	coCe_grSu6Ne	17	90.0	7	3174.77	3175.07
3175.0789999999997	0.900000000000091	trials	46	s046_F200630	grCe_grSu18Fa	11	270.0	7	3175.379	3175.678
3175.6789999999996	0.900000000000091	trials	46	s046_F200630	grCe_grSu6CiNe_PS	19	225.0	7	3175.979	3176.278
3187.772	0.900000000000091	trials	46	s046_F200630	coCe	16	180.0	7	3188.072	3188.372
3188.372	0.900000000000091	trials	46	s046_F200630	grCe_grSu1Ne	3	315.0	7	3188.672	3188.972
3188.9719999999998	0.900000000000091	trials	46	s046_F200630	grCe_grSu12SmCiNe_PS	21	45.0	7	3189.272	3189.572
3189.614	0.900000000000091	trials	46	s046_F200630	grCe	1	135.0	7	3189.914	3190.214
3197.0069999999996	0.900000000000091	trials	46	s046_F200630	grCe_grSu6Ne_PS	18	90.0	7	3197.307	3197.606
3197.607	0.900000000000091	trials	46	s046_F200630	grSu1Ne	2		7	3197.907	3198.206
3198.207	0.900000000000091	trials	46	s046_F200630	grCe_grSu6CiNe_PS	19	135.0	7	3198.507	3198.806
3198.832	0.900000000000091	trials	46	s046_F200630	grSu18Fa	10		7	3199.132	3199.431
3206.374	0.900000000000091	trials	46	s046_F200630	grCe_grSu3Ne	5	270.0	7	3206.674	3206.974
3206.975	0.900000000000091	trials	46	s046_F200630	grCe_grSu12SmCiNe_PS	21	0.0	7	3207.275	3207.574
3210.625	0.900000000000091	trials	46	s046_F200630	grCe_grSu6CiNe	15	0.0	7	3210.925	3211.225
3211.225	0.900000000000091	trials	46	s046_F200630	grSu6Ne	6		7	3211.525	3211.825
3211.825	0.900000000000091	trials	46	s046_F200630	grCe_grSu6Ne_PS	18	45.0	7	3212.125	3212.425
3228.502	0.900000000000091	trials	46	s046_F200630	grCe_grSu12Mi	9	270.0	7	3228.802	3229.102
3229.102	0.900000000000091	trials	46	s046_F200630	coCe_grSu6Ne	17	45.0	7	3229.402	3229.702
3229.7019999999998	0.900000000000091	trials	46	s046_F200630	grCe_grSu12SmCiNe_PS	21	180.0	7	3230.002	3230.302
3236.8869999999997	0.900000000000091	trials	46	s046_F200630	grCe_grSu12Mi	9	45.0	7	3237.187	3237.486
3237.52	0.900000000000091	trials	46	s046_F200630	grCe_grSu1Ne	3	180.0	7	3237.82	3238.12
3241.471	0.900000000000091	trials	46	s046_F200630	grCe_grSu1Ne	3	270.0	7	3241.771	3242.07
3242.687	0.900000000000091	trials	46	s046_F200630	grCe_grSu12Mi	9	180.0	7	3242.987	3243.287
3243.296	0.900000000000091	trials	46	s046_F200630	grCe_grSu6Ne	7	315.0	7	3243.596	3243.896
3250.388	0.900000000000091	trials	46	s046_F200630	grCe_grSu12SmCiNe	13	90.0	7	3250.688	3250.988
3250.997	0.900000000000091	trials	46	s046_F200630	grCe_grSu12Mi	9	315.0	7	3251.297	3251.597
3251.5969999999998	0.900000000000091	trials	46	s046_F200630	grCe_grSu3Ne	5	0.0	7	3251.897	3252.197
3262.6319999999996	0.900000000000091	trials	46	s046_F200630	grCe_grSu6Ne_PS	18	135.0	7	3262.932	3263.231
3263.2729999999997	0.900000000000091	trials	46	s046_F200630	grCe_grSu12Mi	9	90.0	7	3263.573	3263.873
3263.874	0.900000000000091	trials	46	s046_F200630	grCe	1	315.0	7	3264.174	3264.473
3264.482	0.900000000000091	trials	46	s046_F200630	grCe_grSu6Ne_PS	18	180.0	7	3264.782	3265.082
3276.959	0.900000000000091	trials	46	s046_F200630	grCe_grSu3Ne	5	90.0	7	3277.259	3277.558
3278.192	0.900000000000091	trials	46	s046_F200630	grCe_grSu6Ne_PS	18	270.0	7	3278.492	3278.792
3285.201	0.900000000000091	trials	46	s046_F200630	grCe_grSu12SmCiNe	13	270.0	7	3285.501	3285.801
3285.801	0.900000000000091	trials	46	s046_F200630	coCe	16	315.0	7	3286.101	3286.401
3286.401	0.900000000000091	trials	46	s046_F200630	grCe_grSu6CiNe_PS	19	90.0	7	3286.701	3287.001
3287.0099999999998	0.900000000000091	trials	46	s046_F200630	grCe_grSu18Fa	11	0.0	7	3287.31	3287.61
3293.8109999999997	0.900000000000091	trials	46	s046_F200630	grSu6CiNe	14		7	3294.111	3294.41
3294.4109999999996	0.900000000000091	trials	46	s046_F200630	coCe	16	225.0	7	3294.711	3295.01
3295.011	0.900000000000091	trials	46	s046_F200630	grCe	1	180.0	7	3295.311	3295.611
3295.611	0.900000000000091	trials	46	s046_F200630	grCe_grSu6Ne	7	180.0	7	3295.911	3296.211
3352.877	0.900000000000091	trials	46	s046_F200630	coCe_grSu6Ne	17	270.0	7	3353.177	3353.476
3356.9109999999996	0.900000000000091	trials	46	s046_F200630	grCe_grSu6CiNe	15	270.0	7	3357.211	3357.51
3357.511	0.900000000000091	trials	46	s046_F200630	grCe_grSu1Ne	3	225.0	7	3357.811	3358.11
3358.111	0.900000000000091	trials	46	s046_F200630	grCe_grSu12SmCiNe_PS	21	225.0	7	3358.411	3358.71
3358.711	0.900000000000091	trials	46	s046_F200630	grCe	1	90.0	7	3359.011	3359.31
3365.428	0.900000000000091	trials	46	s046_F200630	grCe_grSu12Mi	9	225.0	7	3365.728	3366.028
3366.6279999999997	0.900000000000091	trials	46	s046_F200630	grCe_grSu6Ne_PS	18	315.0	7	3366.928	3367.228
3367.229	0.900000000000091	trials	46	s046_F200630	grCe_grSu12SmCiNe_PS	21	135.0	7	3367.529	3367.828
