onset	duration	nwb_table	ses_ID	ses_Name	cond_Name	cond_ID	target_rot	rep_num	pdOn	pdOff
30.872999999999998	0.9000000000000021	trials	55	s055_F200807	coCe	16	45.0	8	31.173	31.473
31.473	0.8999999999999986	trials	55	s055_F200807	grCe	1	225.0	8	31.773	32.073
32.681000000000004	0.8999999999999986	trials	55	s055_F200807	grCe_grSu18Fa	11	270.0	8	32.981	33.281
33.332	0.8999999999999986	trials	55	s055_F200807	grCe_grSu18Fa	11	90.0	8	33.632	33.931
38.541000000000004	0.8999999999999986	trials	55	s055_F200807	grCe	1	45.0	8	38.841	39.14
39.149	0.8999999999999986	trials	55	s055_F200807	grCe_grSu6Ne_PS	18	180.0	8	39.449	39.749
39.799	0.8999999999999986	trials	55	s055_F200807	grCe_grSu12Mi	9	0.0	8	40.099	40.399
40.416000000000004	0.8999999999999986	trials	55	s055_F200807	NoStim	0		8	40.716	41.015
41.033	0.8999999999999986	trials	55	s055_F200807	grCe_grSu6CiNe	15	180.0	8	41.333	41.632
46.117000000000004	0.8999999999999986	trials	55	s055_F200807	grCe_grSu12SmCiNe_PS	21	270.0	8	46.417	46.716
46.725	0.8999999999999986	trials	55	s055_F200807	grCe_grSu6CiNe_PS	19	315.0	8	47.025	47.325
47.933	0.8999999999999986	trials	55	s055_F200807	grCe_grSu1Ne	3	270.0	8	48.233	48.533
51.509	0.8999999999999986	trials	55	s055_F200807	grCe_grSu1Ne	3	45.0	8	51.809	52.109
52.126000000000005	0.8999999999999986	trials	55	s055_F200807	coCe_grSu6Ne	17	315.0	8	52.426	52.725
52.726000000000006	0.8999999999999986	trials	55	s055_F200807	grCe_grSu6Ne	7	135.0	8	53.026	53.325
53.334	0.8999999999999986	trials	55	s055_F200807	grCe_grSu18Fa	11	180.0	8	53.634	53.934
53.934000000000005	0.8999999999999986	trials	55	s055_F200807	grCe_grSu6Ne_PS	18	225.0	8	54.234	54.534
59.36	0.8999999999999986	trials	55	s055_F200807	grCe_grSu12SmCiNe	13	0.0	8	59.66	59.96
60.61	0.8999999999999986	trials	55	s055_F200807	grCe_grSu6CiNe	15	225.0	8	60.91	61.21
61.252	0.8999999999999986	trials	55	s055_F200807	grCe_grSu12SmCiNe_PS	21	315.0	8	61.552	61.851
61.86	0.8999999999999986	trials	55	s055_F200807	grCe_grSu6CiNe_PS	19	135.0	8	62.16	62.46
67.036	0.8999999999999915	trials	55	s055_F200807	grSu1Ne	2		8	67.336	67.636
67.63600000000001	0.8999999999999915	trials	55	s055_F200807	grCe_grSu12SmCiNe_PS	21	90.0	8	67.936	68.236
68.278	0.8999999999999915	trials	55	s055_F200807	grCe_grSu6CiNe_PS	19	225.0	8	68.578	68.877
69.51100000000001	0.8999999999999915	trials	55	s055_F200807	grCe_grSu12SmCiNe	13	180.0	8	69.811	70.111
74.529	0.8999999999999915	trials	55	s055_F200807	grSu6Ne	6		8	74.829	75.128
75.129	0.8999999999999915	trials	55	s055_F200807	grCe	1	315.0	8	75.429	75.728
76.337	0.8999999999999915	trials	55	s055_F200807	grSu3Ne	4		8	76.637	76.937
76.94500000000001	0.8999999999999915	trials	55	s055_F200807	grCe_grSu12SmCiNe	13	135.0	8	77.245	77.545
84.021	0.8999999999999915	trials	55	s055_F200807	grCe_grSu12SmCiNe_PS	21	45.0	8	84.321	84.621
84.62100000000001	0.8999999999999915	trials	55	s055_F200807	grCe	1	135.0	8	84.921	85.221
90.022	0.8999999999999915	trials	55	s055_F200807	grCe_grSu3Ne	5	90.0	8	90.322	90.622
90.647	0.8999999999999915	trials	55	s055_F200807	grCe_grSu12SmCiNe_PS	21	0.0	8	90.947	91.247
92.531	0.8999999999999915	trials	55	s055_F200807	grCe_grSu12SmCiNe_PS	21	225.0	8	92.831	93.131
97.74000000000001	0.8999999999999915	trials	55	s055_F200807	grCe_grSu12SmCiNe	13	45.0	8	98.04	98.34
98.973	0.8999999999999915	trials	55	s055_F200807	grCe_grSu12SmCiNe_PS	21	180.0	8	99.273	99.573
99.58200000000001	0.8999999999999915	trials	55	s055_F200807	grCe_grSu6Ne	7	180.0	8	99.882	100.181
100.182	0.8999999999999915	trials	55	s055_F200807	grCe_grSu6CiNe	15	270.0	8	100.482	100.782
105.49900000000001	0.8999999999999915	trials	55	s055_F200807	grCe_grSu1Ne	3	90.0	8	105.799	106.099
106.116	0.8999999999999915	trials	55	s055_F200807	coCe_grSu6Ne	17	135.0	8	106.416	106.716
106.71600000000001	0.8999999999999915	trials	55	s055_F200807	grCe_grSu3Ne	5	225.0	8	107.016	107.316
107.933	0.8999999999999915	trials	55	s055_F200807	grCe_grSu1Ne	3	315.0	8	108.233	108.533
113.017	0.8999999999999915	trials	55	s055_F200807	grCe_grSu18Fa	11	135.0	8	113.317	113.617
114.217	0.8999999999999915	trials	55	s055_F200807	grCe_grSu3Ne	5	180.0	8	114.517	114.817
114.81700000000001	0.8999999999999915	trials	55	s055_F200807	grCe_grSu1Ne	3	225.0	8	115.117	115.417
115.417	0.8999999999999915	trials	55	s055_F200807	grCe_grSu6CiNe	15	45.0	8	115.717	116.017
123.96000000000001	0.8999999999999915	trials	55	s055_F200807	grCe_grSu6CiNe	15	0.0	8	124.26	124.56
124.56	0.8999999999999915	trials	55	s055_F200807	grCe_grSu6CiNe_PS	19	180.0	8	124.86	125.16
125.16	0.8999999999999915	trials	55	s055_F200807	grCe_grSu6Ne_PS	18	135.0	8	125.46	125.76
125.76	0.8999999999999915	trials	55	s055_F200807	coCe	16	135.0	8	126.06	126.36
126.369	0.8999999999999915	trials	55	s055_F200807	grCe_grSu6CiNe	15	135.0	8	126.669	126.968
131.411	0.9000000000000057	trials	55	s055_F200807	grCe_grSu18Fa	11	315.0	8	131.711	132.011
132.011	0.9000000000000057	trials	55	s055_F200807	coCe	16	270.0	8	132.311	132.611
132.636	0.9000000000000057	trials	55	s055_F200807	grCe_grSu6CiNe	15	90.0	8	132.936	133.236
133.236	0.9000000000000057	trials	55	s055_F200807	grCe_grSu6Ne_PS	18	315.0	8	133.536	133.836
133.845	0.9000000000000057	trials	55	s055_F200807	grCe_grSu12Mi	9	225.0	8	134.145	134.444
139.32	0.9000000000000057	trials	55	s055_F200807	grCe_grSu12Mi	9	45.0	8	139.62	139.92
139.92	0.9000000000000057	trials	55	s055_F200807	grCe_grSu6CiNe_PS	19	0.0	8	140.22	140.52
140.51999999999998	0.9000000000000057	trials	55	s055_F200807	grCe_grSu12SmCiNe	13	315.0	8	140.82	141.12
141.72099999999998	0.9000000000000057	trials	55	s055_F200807	grCe_grSu6Ne	7	270.0	8	142.021	142.32
146.97099999999998	0.9000000000000057	trials	55	s055_F200807	grCe_grSu6Ne	7	45.0	8	147.271	147.571
150.605	0.9000000000000057	trials	55	s055_F200807	coCe	16	0.0	8	150.905	151.205
151.20499999999998	0.9000000000000057	trials	55	s055_F200807	grCe_grSu6Ne	7	90.0	8	151.505	151.805
151.80499999999998	0.9000000000000057	trials	55	s055_F200807	grCe_grSu6CiNe_PS	19	270.0	8	152.105	152.405
152.439	0.9000000000000057	trials	55	s055_F200807	coCe_grSu6Ne	17	45.0	8	152.739	153.038
153.039	0.9000000000000057	trials	55	s055_F200807	grSu12SmCiNe	12		8	153.339	153.638
158.148	0.9000000000000057	trials	55	s055_F200807	grCe_grSu6CiNe_PS	19	45.0	8	158.448	158.747
162.46499999999997	0.9000000000000057	trials	55	s055_F200807	grCe_grSu6CiNe_PS	19	90.0	8	162.765	163.065
163.065	0.9000000000000057	trials	55	s055_F200807	grCe	1	90.0	8	163.365	163.665
163.665	0.9000000000000057	trials	55	s055_F200807	grCe	1	0.0	8	163.965	164.265
164.265	0.9000000000000057	trials	55	s055_F200807	grCe_grSu6Ne_PS	18	45.0	8	164.565	164.865
169.432	0.9000000000000057	trials	55	s055_F200807	coSu6Ne	20		8	169.732	170.032
170.07399999999998	0.9000000000000057	trials	55	s055_F200807	grCe_grSu18Fa	11	45.0	8	170.374	170.674
170.67399999999998	0.9000000000000057	trials	55	s055_F200807	coCe	16	90.0	8	170.974	171.274
171.274	0.9000000000000057	trials	55	s055_F200807	grCe_grSu12SmCiNe_PS	21	135.0	8	171.574	171.874
171.92399999999998	0.9000000000000057	trials	55	s055_F200807	grCe_grSu12Mi	9	90.0	8	172.224	172.524
177.242	0.9000000000000057	trials	55	s055_F200807	grCe_grSu1Ne	3	0.0	8	177.542	177.841
178.46699999999998	0.9000000000000057	trials	55	s055_F200807	grCe_grSu6Ne_PS	18	0.0	8	178.767	179.067
179.09199999999998	0.9000000000000057	trials	55	s055_F200807	grCe_grSu3Ne	5	45.0	8	179.392	179.692
183.509	0.9000000000000057	trials	55	s055_F200807	coCe_grSu6Ne	17	0.0	8	183.809	184.109
187.285	0.9000000000000057	trials	55	s055_F200807	grCe_grSu12Mi	9	180.0	8	187.585	187.884
187.927	0.9000000000000057	trials	55	s055_F200807	grCe_grSu12SmCiNe	13	270.0	8	188.227	188.526
188.535	0.9000000000000057	trials	55	s055_F200807	grCe_grSu3Ne	5	0.0	8	188.835	189.135
189.152	0.9000000000000057	trials	55	s055_F200807	grCe_grSu18Fa	11	225.0	8	189.452	189.751
189.79299999999998	0.9000000000000057	trials	55	s055_F200807	coCe	16	225.0	8	190.093	190.393
195.10199999999998	0.9000000000000057	trials	55	s055_F200807	grCe_grSu12SmCiNe	13	90.0	8	195.402	195.702
195.736	0.9000000000000057	trials	55	s055_F200807	grCe_grSu3Ne	5	315.0	8	196.036	196.336
196.369	0.9000000000000057	trials	55	s055_F200807	grCe_grSu12SmCiNe	13	225.0	8	196.669	196.969
196.97799999999998	0.9000000000000057	trials	55	s055_F200807	grCe_grSu1Ne	3	180.0	8	197.278	197.577
197.58599999999998	0.9000000000000057	trials	55	s055_F200807	grCe_grSu18Fa	11	0.0	8	197.886	198.186
203.795	0.9000000000000057	trials	55	s055_F200807	grCe_grSu6Ne_PS	18	90.0	8	204.095	204.395
204.404	0.9000000000000057	trials	55	s055_F200807	grCe_grSu12Mi	9	135.0	8	204.704	205.003
205.64499999999998	0.9000000000000057	trials	55	s055_F200807	grSu6CiNe	14		8	205.945	206.245
211.463	0.9000000000000057	trials	55	s055_F200807	grSu12Mi	8		8	211.763	212.063
212.07999999999998	0.9000000000000057	trials	55	s055_F200807	grSu18Fa	10		8	212.38	212.679
212.67999999999998	0.9000000000000057	trials	55	s055_F200807	grCe_grSu3Ne	5	135.0	8	212.98	213.279
218.914	0.9000000000000057	trials	55	s055_F200807	coCe_grSu6Ne	17	270.0	8	219.214	219.514
219.51399999999998	0.9000000000000057	trials	55	s055_F200807	coCe	16	180.0	8	219.814	220.114
221.34699999999998	0.9000000000000057	trials	55	s055_F200807	grCe_grSu6Ne	7	0.0	8	221.647	221.947
227.36499999999998	0.9000000000000057	trials	55	s055_F200807	grCe_grSu6Ne	7	225.0	8	227.665	227.965
227.98999999999998	0.9000000000000057	trials	55	s055_F200807	grCe_grSu6CiNe	15	315.0	8	228.29	228.59
228.623	0.9000000000000057	trials	55	s055_F200807	coCe_grSu6Ne	17	90.0	8	228.923	229.223
235.35799999999998	0.9000000000000057	trials	55	s055_F200807	grCe	1	180.0	8	235.658	235.957
235.96599999999998	0.9000000000000057	trials	55	s055_F200807	grCe	1	270.0	8	236.266	236.566
236.57399999999998	0.9000000000000057	trials	55	s055_F200807	grCe_grSu12Mi	9	270.0	8	236.874	237.174
237.17499999999998	0.9000000000000057	trials	55	s055_F200807	coCe_grSu6Ne	17	225.0	8	237.475	237.774
237.77499999999998	0.9000000000000057	trials	55	s055_F200807	grCe_grSu3Ne	5	270.0	8	238.075	238.374
243.59199999999998	0.9000000000000057	trials	55	s055_F200807	grCe_grSu1Ne	3	135.0	8	243.892	244.192
244.23399999999998	0.9000000000000057	trials	55	s055_F200807	grCe_grSu6Ne_PS	18	270.0	8	244.534	244.833
244.851	0.9000000000000057	trials	55	s055_F200807	coCe_grSu6Ne	17	180.0	8	245.151	245.45
245.451	0.9000000000000057	trials	55	s055_F200807	coCe	16	315.0	8	245.751	246.05
250.893	0.9000000000000057	trials	55	s055_F200807	grCe_grSu6Ne	7	315.0	8	251.193	251.493
251.50099999999998	0.9000000000000057	trials	55	s055_F200807	grCe_grSu12Mi	9	315.0	8	251.801	252.101
252.143	0.9000000000000057	trials	55	s055_F200807	grCe_grSu3Ne	5	0.0	5	252.443	252.743
253.427	0.9000000000000057	trials	55	s055_F200807	grCe_grSu12SmCiNe_PS	21	135.0	5	253.727	254.026
260.219	0.9000000000000341	trials	55	s055_F200807	grCe_grSu6CiNe	15	90.0	5	260.519	260.819
261.419	0.9000000000000341	trials	55	s055_F200807	coCe	16	225.0	5	261.719	262.019
262.63599999999997	0.9000000000000341	trials	55	s055_F200807	grCe_grSu6CiNe_PS	19	135.0	5	262.936	263.236
268.745	0.9000000000000341	trials	55	s055_F200807	grCe_grSu6CiNe	15	225.0	5	269.045	269.345
269.34499999999997	0.9000000000000341	trials	55	s055_F200807	grCe_grSu12SmCiNe_PS	21	270.0	5	269.645	269.945
269.962	0.9000000000000341	trials	55	s055_F200807	coSu6Ne	20		5	270.262	270.562
270.562	0.9000000000000341	trials	55	s055_F200807	grCe_grSu3Ne	5	315.0	5	270.862	271.162
275.888	0.9000000000000341	trials	55	s055_F200807	coCe	16	45.0	5	276.188	276.488
276.496	0.9000000000000341	trials	55	s055_F200807	grCe_grSu1Ne	3	0.0	5	276.796	277.096
277.10499999999996	0.9000000000000341	trials	55	s055_F200807	coCe_grSu6Ne	17	135.0	5	277.405	277.704
277.705	0.9000000000000341	trials	55	s055_F200807	grCe_grSu12SmCiNe	13	135.0	5	278.005	278.304
278.305	0.9000000000000341	trials	55	s055_F200807	grCe	1	135.0	5	278.605	278.905
283.822	0.9000000000000341	trials	55	s055_F200807	grCe_grSu12Mi	9	225.0	5	284.122	284.422
284.42199999999997	0.9000000000000341	trials	55	s055_F200807	grSu12SmCiNe	12		5	284.722	285.022
285.039	0.9000000000000341	trials	55	s055_F200807	grSu6CiNe	14		5	285.339	285.639
286.248	0.9000000000000341	trials	55	s055_F200807	grCe_grSu6Ne	7	270.0	5	286.548	286.847
292.057	0.9000000000000341	trials	55	s055_F200807	coCe	16	270.0	5	292.357	292.656
292.657	0.9000000000000341	trials	55	s055_F200807	grCe_grSu3Ne	5	225.0	5	292.957	293.256
293.257	0.9000000000000341	trials	55	s055_F200807	coCe	16	0.0	5	293.557	293.856
293.882	0.9000000000000341	trials	55	s055_F200807	grCe_grSu12Mi	9	45.0	5	294.182	294.482
300.26599999999996	0.9000000000000341	trials	55	s055_F200807	grCe_grSu6Ne_PS	18	45.0	5	300.566	300.866
300.87399999999997	0.9000000000000341	trials	55	s055_F200807	grCe_grSu6Ne	7	45.0	5	301.174	301.474
302.108	0.9000000000000341	trials	55	s055_F200807	coCe_grSu6Ne	17	0.0	5	302.408	302.708
302.70799999999997	0.9000000000000341	trials	55	s055_F200807	grCe_grSu6CiNe_PS	19	45.0	5	303.008	303.308
307.817	0.9000000000000341	trials	55	s055_F200807	grCe_grSu6Ne	7	0.0	5	308.117	308.417
308.459	0.9000000000000341	trials	55	s055_F200807	grCe_grSu12SmCiNe_PS	21	315.0	5	308.759	309.058
309.05899999999997	0.9000000000000341	trials	55	s055_F200807	grCe_grSu6Ne_PS	18	180.0	5	309.359	309.659
309.659	0.9000000000000341	trials	55	s055_F200807	grCe	1	90.0	5	309.959	310.259
310.259	0.9000000000000341	trials	55	s055_F200807	grCe_grSu6CiNe_PS	19	180.0	5	310.559	310.859
315.351	0.9000000000000341	trials	55	s055_F200807	grCe_grSu6CiNe	15	270.0	5	315.651	315.951
315.96	0.9000000000000341	trials	55	s055_F200807	grCe_grSu18Fa	11	225.0	5	316.26	316.559
316.56	0.9000000000000341	trials	55	s055_F200807	coCe	16	90.0	5	316.86	317.159
317.168	0.9000000000000341	trials	55	s055_F200807	grCe_grSu3Ne	5	90.0	5	317.468	317.768
333.204	0.9000000000000341	trials	55	s055_F200807	grCe_grSu18Fa	11	90.0	5	333.504	333.803
333.829	0.9000000000000341	trials	55	s055_F200807	grCe_grSu3Ne	5	45.0	5	334.129	334.428
334.462	0.9000000000000341	trials	55	s055_F200807	grCe_grSu1Ne	3	135.0	5	334.762	335.062
335.07099999999997	0.9000000000000341	trials	55	s055_F200807	grCe_grSu18Fa	11	135.0	5	335.371	335.67
335.721	0.9000000000000341	trials	55	s055_F200807	grCe_grSu18Fa	11	0.0	5	336.021	336.32
340.896	0.9000000000000341	trials	55	s055_F200807	grCe_grSu6CiNe	15	180.0	5	341.196	341.496
346.10499999999996	0.9000000000000341	trials	55	s055_F200807	grCe_grSu6CiNe	15	45.0	5	346.405	346.705
346.764	0.9000000000000341	trials	55	s055_F200807	coCe_grSu6Ne	17	270.0	5	347.064	347.363
347.972	0.9000000000000341	trials	55	s055_F200807	coCe_grSu6Ne	17	225.0	5	348.272	348.572
348.606	0.9000000000000341	trials	55	s055_F200807	grCe_grSu12SmCiNe	13	90.0	5	348.906	349.205
354.89	0.9000000000000341	trials	55	s055_F200807	grCe_grSu6CiNe_PS	19	270.0	5	355.19	355.489
355.49	0.9000000000000341	trials	55	s055_F200807	grCe_grSu6Ne_PS	18	0.0	5	355.79	356.09
360.082	0.9000000000000341	trials	55	s055_F200807	grCe_grSu12Mi	9	90.0	5	360.382	360.682
361.291	0.9000000000000341	trials	55	s055_F200807	grSu18Fa	10		5	361.591	361.89
361.89099999999996	0.9000000000000341	trials	55	s055_F200807	grCe_grSu1Ne	3	90.0	5	362.191	362.49
367.033	0.9000000000000341	trials	55	s055_F200807	grCe_grSu1Ne	3	270.0	5	367.333	367.633
367.658	0.9000000000000341	trials	55	s055_F200807	grCe_grSu6Ne_PS	18	225.0	5	367.958	368.258
368.258	0.9000000000000341	trials	55	s055_F200807	coCe_grSu6Ne	17	90.0	5	368.558	368.858
368.875	0.9000000000000341	trials	55	s055_F200807	grCe_grSu6Ne	7	90.0	5	369.175	369.475
369.517	0.9000000000000341	trials	55	s055_F200807	grCe_grSu3Ne	5	180.0	5	369.817	370.116
388.977	0.9000000000000341	trials	55	s055_F200807	grCe_grSu12Mi	9	0.0	5	389.277	389.577
389.586	0.9000000000000341	trials	55	s055_F200807	grCe_grSu18Fa	11	270.0	5	389.886	390.186
390.194	0.9000000000000341	trials	55	s055_F200807	grCe_grSu18Fa	11	180.0	5	390.494	390.794
390.811	0.9000000000000341	trials	55	s055_F200807	grCe_grSu6Ne	7	225.0	5	391.111	391.411
391.436	0.9000000000000341	trials	55	s055_F200807	grCe_grSu6CiNe	15	315.0	5	391.736	392.036
396.84499999999997	0.9000000000000341	trials	55	s055_F200807	grCe_grSu12SmCiNe	13	270.0	5	397.145	397.445
398.045	0.9000000000000341	trials	55	s055_F200807	grSu6Ne	6		5	398.345	398.645
398.654	0.9000000000000341	trials	55	s055_F200807	grCe_grSu12Mi	9	135.0	5	398.954	399.253
399.262	0.9000000000000341	trials	55	s055_F200807	grCe_grSu6Ne	7	315.0	5	399.562	399.862
404.455	0.9000000000000341	trials	55	s055_F200807	grCe_grSu6CiNe	15	0.0	5	404.755	405.054
405.063	0.9000000000000341	trials	55	s055_F200807	coCe_grSu6Ne	17	180.0	5	405.363	405.663
405.663	0.9000000000000341	trials	55	s055_F200807	grCe_grSu6CiNe_PS	19	0.0	5	405.963	406.263
406.263	0.9000000000000341	trials	55	s055_F200807	coCe	16	180.0	5	406.563	406.863
412.072	0.9000000000000341	trials	55	s055_F200807	grCe_grSu6CiNe	15	135.0	5	412.372	412.672
412.67199999999997	0.9000000000000341	trials	55	s055_F200807	grCe_grSu1Ne	3	225.0	5	412.972	413.272
416.281	0.9000000000000341	trials	55	s055_F200807	grCe_grSu12SmCiNe_PS	21	90.0	5	416.581	416.881
416.881	0.9000000000000341	trials	55	s055_F200807	grCe_grSu6Ne	7	135.0	5	417.181	417.481
417.515	0.9000000000000341	trials	55	s055_F200807	grCe_grSu12SmCiNe	13	0.0	5	417.815	418.114
418.115	0.9000000000000341	trials	55	s055_F200807	coCe_grSu6Ne	17	315.0	5	418.415	418.714
418.715	0.9000000000000341	trials	55	s055_F200807	grSu3Ne	4		5	419.015	419.314
428.366	0.9000000000000341	trials	55	s055_F200807	coCe_grSu6Ne	17	45.0	5	428.666	428.966
428.974	0.9000000000000341	trials	55	s055_F200807	grCe_grSu12Mi	9	180.0	5	429.274	429.574
429.608	0.9000000000000341	trials	55	s055_F200807	grSu1Ne	2		5	429.908	430.207
430.825	0.9000000000000341	trials	55	s055_F200807	coCe	16	315.0	5	431.125	431.424
435.884	0.9000000000000341	trials	55	s055_F200807	grSu12Mi	8		5	436.184	436.483
436.484	0.9000000000000341	trials	55	s055_F200807	grCe_grSu6Ne_PS	18	270.0	5	436.784	437.083
437.092	0.9000000000000341	trials	55	s055_F200807	grCe_grSu12SmCiNe	13	225.0	5	437.392	437.692
438.292	0.9000000000000341	trials	55	s055_F200807	grCe_grSu6Ne_PS	18	315.0	5	438.592	438.892
448.127	0.9000000000000341	trials	55	s055_F200807	grCe_grSu12SmCiNe_PS	21	0.0	5	448.427	448.727
448.727	0.9000000000000341	trials	55	s055_F200807	grCe_grSu1Ne	3	315.0	5	449.027	449.327
449.935	0.9000000000000341	trials	55	s055_F200807	NoStim	0		5	450.235	450.535
455.644	0.9000000000000341	trials	55	s055_F200807	grCe_grSu3Ne	5	135.0	5	455.944	456.244
456.245	0.9000000000000341	trials	55	s055_F200807	grCe_grSu12SmCiNe_PS	21	225.0	5	456.545	456.844
456.87	0.9000000000000341	trials	55	s055_F200807	grCe_grSu6CiNe_PS	19	315.0	5	457.17	457.469
457.51099999999997	0.9000000000000341	trials	55	s055_F200807	grCe_grSu12Mi	9	270.0	5	457.811	458.111
458.15299999999996	0.9000000000000341	trials	55	s055_F200807	grCe_grSu6Ne	7	180.0	5	458.453	458.753
463.25399999999996	0.9000000000000341	trials	55	s055_F200807	grCe_grSu6CiNe_PS	19	225.0	5	463.554	463.853
464.471	0.9000000000000341	trials	55	s055_F200807	grCe	1	315.0	5	464.771	465.07
465.07099999999997	0.9000000000000341	trials	55	s055_F200807	grCe_grSu12SmCiNe_PS	21	180.0	5	465.371	465.67
465.69599999999997	0.9000000000000341	trials	55	s055_F200807	grCe_grSu12SmCiNe	13	315.0	5	465.996	466.295
470.97999999999996	0.9000000000000341	trials	55	s055_F200807	grCe_grSu3Ne	5	270.0	5	471.28	471.579
475.598	0.9000000000000341	trials	55	s055_F200807	grCe_grSu6Ne_PS	18	90.0	5	475.898	476.198
476.198	0.9000000000000341	trials	55	s055_F200807	coCe	16	135.0	5	476.498	476.798
476.798	0.9000000000000341	trials	55	s055_F200807	grCe_grSu6CiNe_PS	19	90.0	5	477.098	477.398
477.39799999999997	0.9000000000000341	trials	55	s055_F200807	grCe_grSu1Ne	3	45.0	5	477.698	477.998
489.758	0.9000000000000341	trials	55	s055_F200807	grCe_grSu12Mi	9	315.0	5	490.058	490.358
490.983	0.9000000000000341	trials	55	s055_F200807	grCe	1	45.0	5	491.283	491.583
491.58299999999997	0.9000000000000341	trials	55	s055_F200807	grCe_grSu6Ne_PS	18	135.0	5	491.883	492.183
492.2	0.9000000000000341	trials	55	s055_F200807	grCe_grSu12SmCiNe_PS	21	45.0	5	492.5	492.8
497.368	0.9000000000000341	trials	55	s055_F200807	grCe	1	225.0	5	497.668	497.967
497.976	0.9000000000000341	trials	55	s055_F200807	grCe	1	180.0	5	498.276	498.576
499.176	0.9000000000000341	trials	55	s055_F200807	grCe_grSu1Ne	3	180.0	5	499.476	499.776
499.776	0.9000000000000341	trials	55	s055_F200807	grCe_grSu12SmCiNe	13	180.0	5	500.076	500.376
504.86	0.9000000000000341	trials	55	s055_F200807	grCe	1	270.0	5	505.16	505.46
505.469	0.9000000000000341	trials	55	s055_F200807	grCe_grSu18Fa	11	315.0	5	505.769	506.068
506.069	0.9000000000000341	trials	55	s055_F200807	grCe	1	0.0	5	506.369	506.668
506.67699999999996	0.9000000000000341	trials	55	s055_F200807	grCe_grSu12SmCiNe	13	45.0	5	506.977	507.277
507.28499999999997	0.9000000000000341	trials	55	s055_F200807	grCe_grSu18Fa	11	45.0	5	507.585	507.885
516.745	0.8999999999999773	trials	55	s055_F200807	grCe_grSu12Mi	9	180.0	9	517.045	517.345
517.345	0.8999999999999773	trials	55	s055_F200807	coCe	16	0.0	9	517.645	517.945
517.962	0.8999999999999773	trials	55	s055_F200807	grCe_grSu3Ne	5	270.0	9	518.262	518.562
518.562	0.8999999999999773	trials	55	s055_F200807	grCe_grSu1Ne	3	90.0	9	518.862	519.162
523.671	0.8999999999999773	trials	55	s055_F200807	grCe_grSu6Ne_PS	18	270.0	9	523.971	524.271
525.488	0.8999999999999773	trials	55	s055_F200807	grCe_grSu1Ne	3	0.0	9	525.788	526.088
529.005	0.8999999999999773	trials	55	s055_F200807	grCe	1	45.0	9	529.305	529.605
529.613	0.8999999999999773	trials	55	s055_F200807	grCe_grSu12Mi	9	225.0	9	529.913	530.213
530.2130000000001	0.8999999999999773	trials	55	s055_F200807	grCe	1	270.0	9	530.513	530.813
530.83	0.8999999999999773	trials	55	s055_F200807	grCe_grSu6CiNe_PS	19	270.0	9	531.13	531.43
531.455	0.8999999999999773	trials	55	s055_F200807	grCe	1	0.0	9	531.755	532.055
537.231	0.8999999999999773	trials	55	s055_F200807	grCe_grSu3Ne	5	225.0	9	537.531	537.831
537.831	0.8999999999999773	trials	55	s055_F200807	grCe_grSu6CiNe_PS	19	315.0	9	538.131	538.431
538.4390000000001	0.8999999999999773	trials	55	s055_F200807	grCe_grSu12Mi	9	90.0	9	538.739	539.039
539.048	0.8999999999999773	trials	55	s055_F200807	coCe_grSu6Ne	17	315.0	9	539.348	539.648
544.3820000000001	0.8999999999999773	trials	55	s055_F200807	grCe_grSu6CiNe_PS	19	45.0	9	544.682	544.982
544.999	0.8999999999999773	trials	55	s055_F200807	grCe_grSu6Ne	7	270.0	9	545.299	545.598
545.6070000000001	0.8999999999999773	trials	55	s055_F200807	grCe_grSu12SmCiNe	13	90.0	9	545.907	546.207
546.215	0.8999999999999773	trials	55	s055_F200807	grCe_grSu1Ne	3	225.0	9	546.515	546.815
552.0160000000001	0.8999999999999773	trials	55	s055_F200807	coCe_grSu6Ne	17	270.0	9	552.316	552.616
552.6160000000001	0.8999999999999773	trials	55	s055_F200807	coCe	16	45.0	9	552.916	553.216
553.258	0.8999999999999773	trials	55	s055_F200807	grCe_grSu3Ne	5	180.0	9	553.558	553.858
553.8580000000001	0.8999999999999773	trials	55	s055_F200807	grCe_grSu6Ne_PS	18	45.0	9	554.158	554.458
554.4580000000001	0.8999999999999773	trials	55	s055_F200807	coCe	16	270.0	9	554.758	555.058
559.551	0.8999999999999773	trials	55	s055_F200807	grSu12SmCiNe	12		9	559.851	560.15
560.1510000000001	0.8999999999999773	trials	55	s055_F200807	grCe_grSu6Ne_PS	18	225.0	9	560.451	560.75
560.784	0.8999999999999773	trials	55	s055_F200807	grCe_grSu6Ne_PS	18	180.0	9	561.084	561.384
561.409	0.8999999999999773	trials	55	s055_F200807	grCe_grSu6Ne	7	0.0	9	561.709	562.009
562.0260000000001	0.8999999999999773	trials	55	s055_F200807	grCe_grSu1Ne	3	180.0	9	562.326	562.626
577.0690000000001	0.8999999999999773	trials	55	s055_F200807	coCe_grSu6Ne	17	45.0	9	577.369	577.669
577.6700000000001	0.8999999999999773	trials	55	s055_F200807	coCe_grSu6Ne	17	90.0	9	577.97	578.269
578.311	0.8999999999999773	trials	55	s055_F200807	coCe_grSu6Ne	17	225.0	9	578.611	578.911
578.9110000000001	0.8999999999999773	trials	55	s055_F200807	grCe	1	225.0	9	579.211	579.511
579.528	0.8999999999999773	trials	55	s055_F200807	grCe_grSu18Fa	11	0.0	9	579.828	580.128
584.971	0.8999999999999773	trials	55	s055_F200807	grCe_grSu1Ne	3	270.0	9	585.271	585.57
585.6120000000001	0.8999999999999773	trials	55	s055_F200807	grCe_grSu3Ne	5	90.0	9	585.912	586.212
586.812	0.8999999999999773	trials	55	s055_F200807	grCe_grSu6Ne	7	45.0	9	587.112	587.412
587.4540000000001	0.8999999999999773	trials	55	s055_F200807	coCe_grSu6Ne	17	135.0	9	587.754	588.054
592.5550000000001	0.8999999999999773	trials	55	s055_F200807	grCe_grSu6Ne_PS	18	315.0	9	592.855	593.155
593.797	0.8999999999999773	trials	55	s055_F200807	grSu18Fa	10		9	594.097	594.396
595.005	0.8999999999999773	trials	55	s055_F200807	grCe_grSu12SmCiNe	13	315.0	9	595.305	595.605
600.1640000000001	0.8999999999999773	trials	55	s055_F200807	grCe_grSu6CiNe	15	315.0	9	600.464	600.764
601.364	0.8999999999999773	trials	55	s055_F200807	grCe_grSu6CiNe	15	135.0	9	601.664	601.964
601.964	0.8999999999999773	trials	55	s055_F200807	grSu6Ne	6		9	602.264	602.564
602.5640000000001	0.8999999999999773	trials	55	s055_F200807	grCe	1	315.0	9	602.864	603.164
611.2660000000001	0.8999999999999773	trials	55	s055_F200807	grCe_grSu18Fa	11	270.0	9	611.566	611.865
611.899	0.8999999999999773	trials	55	s055_F200807	coCe	16	90.0	9	612.199	612.499
612.499	0.8999999999999773	trials	55	s055_F200807	grCe_grSu6Ne	7	315.0	9	612.799	613.099
613.099	0.8999999999999773	trials	55	s055_F200807	grCe_grSu12SmCiNe	13	0.0	9	613.399	613.699
613.6990000000001	0.8999999999999773	trials	55	s055_F200807	grCe_grSu12SmCiNe_PS	21	315.0	9	613.999	614.299
619.7420000000001	0.8999999999999773	trials	55	s055_F200807	coSu6Ne	20		9	620.042	620.341
620.3420000000001	0.8999999999999773	trials	55	s055_F200807	grCe_grSu12SmCiNe_PS	21	135.0	9	620.642	620.941
620.95	0.8999999999999773	trials	55	s055_F200807	grCe_grSu12Mi	9	0.0	9	621.25	621.55
626.726	0.8999999999999773	trials	55	s055_F200807	grCe_grSu3Ne	5	315.0	9	627.026	627.326
627.326	0.8999999999999773	trials	55	s055_F200807	grCe_grSu6CiNe_PS	19	180.0	9	627.626	627.926
627.926	0.8999999999999773	trials	55	s055_F200807	coCe	16	180.0	9	628.226	628.526
629.135	0.8999999999999773	trials	55	s055_F200807	grCe_grSu12Mi	9	270.0	9	629.435	629.734
634.21	0.8999999999999773	trials	55	s055_F200807	grCe_grSu18Fa	11	90.0	9	634.51	634.81
637.902	0.8999999999999773	trials	55	s055_F200807	grCe_grSu12SmCiNe	13	180.0	9	638.202	638.502
638.5020000000001	0.8999999999999773	trials	55	s055_F200807	grCe_grSu6Ne_PS	18	90.0	9	638.802	639.102
639.111	0.8999999999999773	trials	55	s055_F200807	grCe_grSu6CiNe	15	225.0	9	639.411	639.711
639.744	0.8999999999999773	trials	55	s055_F200807	grCe_grSu1Ne	3	135.0	9	640.044	640.344
643.461	0.8999999999999773	trials	55	s055_F200807	grCe_grSu12Mi	9	315.0	9	643.761	644.061
644.061	0.8999999999999773	trials	55	s055_F200807	grCe_grSu12SmCiNe_PS	21	225.0	9	644.361	644.661
644.6700000000001	0.8999999999999773	trials	55	s055_F200807	grCe_grSu18Fa	11	225.0	9	644.97	645.27
645.2700000000001	0.8999999999999773	trials	55	s055_F200807	grSu3Ne	4		9	645.57	645.87
645.878	0.8999999999999773	trials	55	s055_F200807	grCe_grSu12Mi	9	135.0	9	646.178	646.478
653.8960000000001	0.8999999999999773	trials	55	s055_F200807	grCe_grSu12Mi	9	45.0	9	654.196	654.496
654.546	0.8999999999999773	trials	55	s055_F200807	grCe_grSu6CiNe	15	90.0	9	654.846	655.146
655.1550000000001	0.8999999999999773	trials	55	s055_F200807	grCe_grSu18Fa	11	135.0	9	655.455	655.754
655.755	0.8999999999999773	trials	55	s055_F200807	coCe	16	315.0	9	656.055	656.354
656.355	0.8999999999999773	trials	55	s055_F200807	grSu1Ne	2		9	656.655	656.954
661.4390000000001	0.8999999999999773	trials	55	s055_F200807	grSu6CiNe	14		9	661.739	662.038
662.08	0.8999999999999773	trials	55	s055_F200807	grCe_grSu12SmCiNe_PS	21	90.0	9	662.38	662.68
662.681	0.8999999999999773	trials	55	s055_F200807	grCe_grSu6CiNe_PS	19	0.0	9	662.981	663.28
663.2810000000001	0.8999999999999773	trials	55	s055_F200807	grCe	1	90.0	9	663.581	663.88
663.897	0.8999999999999773	trials	55	s055_F200807	grCe	1	135.0	9	664.197	664.497
669.2900000000001	0.8999999999999773	trials	55	s055_F200807	coCe_grSu6Ne	17	0.0	9	669.59	669.889
669.898	0.8999999999999773	trials	55	s055_F200807	grCe_grSu6Ne	7	180.0	9	670.198	670.498
670.5150000000001	0.8999999999999773	trials	55	s055_F200807	grCe_grSu3Ne	5	135.0	9	670.815	671.115
671.123	0.8999999999999773	trials	55	s055_F200807	grCe_grSu6CiNe	15	180.0	9	671.423	671.723
674.84	0.8999999999999773	trials	55	s055_F200807	grCe_grSu12SmCiNe_PS	21	45.0	9	675.14	675.44
676.057	0.8999999999999773	trials	55	s055_F200807	grCe_grSu12SmCiNe_PS	21	0.0	9	676.357	676.657
677.2570000000001	0.8999999999999773	trials	55	s055_F200807	grCe_grSu12SmCiNe	13	135.0	9	677.557	677.857
682.558	0.8999999999999773	trials	55	s055_F200807	grCe_grSu12SmCiNe	13	270.0	9	682.858	683.158
683.158	0.8999999999999773	trials	55	s055_F200807	grCe_grSu3Ne	5	0.0	9	683.458	683.758
683.758	0.8999999999999773	trials	55	s055_F200807	grCe_grSu6Ne	7	135.0	9	684.058	684.358
684.975	0.8999999999999773	trials	55	s055_F200807	grCe_grSu6CiNe_PS	19	135.0	9	685.275	685.575
691.5840000000001	0.8999999999999773	trials	55	s055_F200807	grCe_grSu1Ne	3	315.0	9	691.884	692.184
692.2180000000001	0.8999999999999773	trials	55	s055_F200807	grCe	1	180.0	9	692.518	692.817
692.826	0.8999999999999773	trials	55	s055_F200807	grCe_grSu18Fa	11	45.0	9	693.126	693.426
698.135	0.8999999999999773	trials	55	s055_F200807	grCe_grSu12SmCiNe	13	45.0	9	698.435	698.735
699.3770000000001	0.8999999999999773	trials	55	s055_F200807	grCe_grSu6CiNe	15	0.0	9	699.677	699.977
699.9770000000001	0.8999999999999773	trials	55	s055_F200807	grCe_grSu3Ne	5	45.0	9	700.277	700.577
700.577	0.8999999999999773	trials	55	s055_F200807	NoStim	0		9	700.877	701.177
707.178	0.8999999999999773	trials	55	s055_F200807	grCe_grSu6CiNe	15	270.0	9	707.478	707.778
707.7860000000001	0.8999999999999773	trials	55	s055_F200807	grCe_grSu6Ne	7	90.0	9	708.086	708.386
708.3860000000001	0.8999999999999773	trials	55	s055_F200807	coCe	16	135.0	9	708.686	708.986
714.754	0.8999999999999773	trials	55	s055_F200807	grSu12Mi	8		9	715.054	715.354
719.613	0.8999999999999773	trials	55	s055_F200807	grCe_grSu6Ne	7	225.0	9	719.913	720.213
724.514	0.8999999999999773	trials	55	s055_F200807	grCe_grSu12SmCiNe	13	225.0	9	724.814	725.113
725.7220000000001	0.8999999999999773	trials	55	s055_F200807	coCe	16	225.0	9	726.022	726.322
726.3720000000001	0.8999999999999773	trials	55	s055_F200807	grCe_grSu18Fa	11	180.0	9	726.672	726.972
726.9720000000001	0.8999999999999773	trials	55	s055_F200807	grCe_grSu6Ne_PS	18	135.0	9	727.272	727.572
732.315	0.8999999999999773	trials	55	s055_F200807	grCe_grSu1Ne	3	45.0	9	732.615	732.914
732.9150000000001	0.8999999999999773	trials	55	s055_F200807	grCe_grSu6CiNe	15	45.0	9	733.215	733.514
733.5150000000001	0.8999999999999773	trials	55	s055_F200807	coCe_grSu6Ne	17	180.0	9	733.815	734.114
737.6740000000001	0.8999999999999773	trials	55	s055_F200807	grCe_grSu6Ne_PS	18	0.0	9	737.974	738.273
738.307	0.8999999999999773	trials	55	s055_F200807	grCe_grSu6CiNe_PS	19	90.0	9	738.607	738.907
738.9150000000001	0.8999999999999773	trials	55	s055_F200807	grCe_grSu18Fa	11	315.0	9	739.215	739.515
739.5400000000001	0.8999999999999773	trials	55	s055_F200807	grCe_grSu12SmCiNe_PS	21	270.0	9	739.84	740.14
740.1410000000001	0.8999999999999773	trials	55	s055_F200807	grCe_grSu6CiNe_PS	19	225.0	9	740.441	740.74
746.033	0.8999999999999773	trials	55	s055_F200807	grCe_grSu12SmCiNe_PS	21	180.0	9	746.333	746.633
746.6750000000001	0.8999999999999773	trials	55	s055_F200807	grCe_grSu1Ne	3	225.0	4	746.975	747.274
747.283	0.8999999999999773	trials	55	s055_F200807	grCe_grSu6CiNe	15	45.0	4	747.583	747.883
753.476	0.8999999999999773	trials	55	s055_F200807	grCe_grSu3Ne	5	270.0	4	753.776	754.075
754.109	0.8999999999999773	trials	55	s055_F200807	coCe_grSu6Ne	17	45.0	4	754.409	754.709
755.3090000000001	0.8999999999999773	trials	55	s055_F200807	grSu6Ne	6		4	755.609	755.909
755.9340000000001	0.8999999999999773	trials	55	s055_F200807	coCe_grSu6Ne	17	90.0	4	756.234	756.534
761.952	0.8999999999999773	trials	55	s055_F200807	grCe_grSu12SmCiNe_PS	21	135.0	4	762.252	762.551
762.5600000000001	0.8999999999999773	trials	55	s055_F200807	grCe_grSu12Mi	9	135.0	4	762.86	763.16
763.1600000000001	0.8999999999999773	trials	55	s055_F200807	coCe	16	180.0	4	763.46	763.76
763.76	0.8999999999999773	trials	55	s055_F200807	grCe	1	0.0	4	764.06	764.36
768.9530000000001	0.8999999999999773	trials	55	s055_F200807	coCe_grSu6Ne	17	135.0	4	769.253	769.552
769.553	0.8999999999999773	trials	55	s055_F200807	grCe	1	90.0	4	769.853	770.152
770.1610000000001	0.8999999999999773	trials	55	s055_F200807	grCe_grSu6CiNe	15	180.0	4	770.461	770.761
770.778	0.8999999999999773	trials	55	s055_F200807	grCe_grSu6CiNe_PS	19	45.0	4	771.078	771.378
776.8870000000001	0.8999999999999773	trials	55	s055_F200807	grCe_grSu12SmCiNe_PS	21	0.0	4	777.187	777.487
778.1450000000001	0.8999999999999773	trials	55	s055_F200807	coCe	16	315.0	4	778.445	778.745
778.7460000000001	0.8999999999999773	trials	55	s055_F200807	grCe_grSu12SmCiNe_PS	21	315.0	4	779.046	779.345
779.354	0.8999999999999773	trials	55	s055_F200807	grCe_grSu18Fa	11	90.0	4	779.654	779.954
784.605	0.8999999999999773	trials	55	s055_F200807	grCe_grSu12SmCiNe	13	45.0	4	784.905	785.204
785.221	0.8999999999999773	trials	55	s055_F200807	grSu12Mi	8		4	785.521	785.821
785.821	0.8999999999999773	trials	55	s055_F200807	grCe_grSu6CiNe_PS	19	135.0	4	786.121	786.421
786.4300000000001	0.8999999999999773	trials	55	s055_F200807	grCe_grSu12Mi	9	225.0	4	786.73	787.03
787.038	0.8999999999999773	trials	55	s055_F200807	grSu18Fa	10		4	787.338	787.638
792.956	0.8999999999999773	trials	55	s055_F200807	coCe	16	135.0	4	793.256	793.555
793.5970000000001	0.8999999999999773	trials	55	s055_F200807	grSu1Ne	2		4	793.897	794.197
808.0740000000001	0.8999999999999773	trials	55	s055_F200807	grCe_grSu6CiNe_PS	19	315.0	4	808.374	808.674
808.6740000000001	0.8999999999999773	trials	55	s055_F200807	grCe	1	45.0	4	808.974	809.274
809.2750000000001	0.8999999999999773	trials	55	s055_F200807	grCe_grSu12SmCiNe	13	180.0	4	809.575	809.874
809.875	0.8999999999999773	trials	55	s055_F200807	grCe_grSu6Ne	7	45.0	4	810.175	810.474
810.475	0.8999999999999773	trials	55	s055_F200807	grCe_grSu3Ne	5	180.0	4	810.775	811.074
816.0250000000001	0.8999999999999773	trials	55	s055_F200807	grCe_grSu6CiNe	15	225.0	4	816.325	816.625
816.625	0.8999999999999773	trials	55	s055_F200807	grCe_grSu1Ne	3	135.0	4	816.925	817.225
820.5840000000001	0.8999999999999773	trials	55	s055_F200807	grCe	1	225.0	4	820.884	821.184
821.201	0.8999999999999773	trials	55	s055_F200807	grCe_grSu12Mi	9	90.0	4	821.501	821.801
821.826	0.8999999999999773	trials	55	s055_F200807	grSu12SmCiNe	12		4	822.126	822.426
822.4350000000001	0.8999999999999773	trials	55	s055_F200807	grCe_grSu18Fa	11	225.0	4	822.735	823.034
823.0680000000001	0.8999999999999773	trials	55	s055_F200807	grCe_grSu6Ne_PS	18	225.0	4	823.368	823.668
833.019	0.8999999999999773	trials	55	s055_F200807	coCe	16	45.0	4	833.319	833.619
833.619	0.8999999999999773	trials	55	s055_F200807	grCe_grSu3Ne	5	135.0	4	833.919	834.219
834.2610000000001	0.8999999999999773	trials	55	s055_F200807	coSu6Ne	20		4	834.561	834.861
834.869	0.8999999999999773	trials	55	s055_F200807	grCe_grSu12SmCiNe	13	90.0	4	835.169	835.469
835.47	0.8999999999999773	trials	55	s055_F200807	coCe_grSu6Ne	17	270.0	4	835.77	836.069
844.546	0.8999999999999773	trials	55	s055_F200807	grCe_grSu6Ne_PS	18	315.0	4	844.846	845.145
845.1790000000001	0.8999999999999773	trials	55	s055_F200807	grCe_grSu1Ne	3	180.0	4	845.479	845.779
845.779	0.8999999999999773	trials	55	s055_F200807	grCe_grSu6CiNe_PS	19	225.0	4	846.079	846.379
846.979	0.8999999999999773	trials	55	s055_F200807	grCe	1	315.0	4	847.279	847.579
852.33	0.8999999999999773	trials	55	s055_F200807	grCe_grSu3Ne	5	315.0	4	852.63	852.93
853.5300000000001	0.8999999999999773	trials	55	s055_F200807	grCe_grSu12SmCiNe	13	225.0	4	853.83	854.13
854.13	0.8999999999999773	trials	55	s055_F200807	grSu6CiNe	14		4	854.43	854.73
854.73	0.8999999999999773	trials	55	s055_F200807	grCe_grSu6Ne_PS	18	180.0	4	855.03	855.33
860.056	0.8999999999999773	trials	55	s055_F200807	grCe_grSu6CiNe	15	315.0	4	860.356	860.656
860.681	0.8999999999999773	trials	55	s055_F200807	NoStim	0		4	860.981	861.281
861.331	0.8999999999999773	trials	55	s055_F200807	grCe_grSu18Fa	11	270.0	4	861.631	861.931
862.5730000000001	0.8999999999999773	trials	55	s055_F200807	grCe_grSu6Ne_PS	18	90.0	4	862.873	863.173
868.3240000000001	0.8999999999999773	trials	55	s055_F200807	grCe_grSu12Mi	9	0.0	4	868.624	868.923
868.957	0.8999999999999773	trials	55	s055_F200807	grCe_grSu3Ne	5	45.0	4	869.257	869.557
869.566	0.8999999999999773	trials	55	s055_F200807	grCe_grSu6Ne_PS	18	135.0	4	869.866	870.165
870.166	0.8999999999999773	trials	55	s055_F200807	grCe_grSu12SmCiNe	13	270.0	4	870.466	870.765
870.7660000000001	0.8999999999999773	trials	55	s055_F200807	grCe_grSu6Ne_PS	18	45.0	4	871.066	871.365
877.792	0.8999999999999773	trials	55	s055_F200807	grCe_grSu6Ne	7	270.0	4	878.092	878.391
881.6260000000001	0.8999999999999773	trials	55	s055_F200807	grCe	1	135.0	4	881.926	882.225
882.226	0.8999999999999773	trials	55	s055_F200807	grCe_grSu6Ne_PS	18	270.0	4	882.526	882.825
882.859	0.8999999999999773	trials	55	s055_F200807	grCe_grSu12SmCiNe_PS	21	225.0	4	883.159	883.459
883.4590000000001	0.8999999999999773	trials	55	s055_F200807	grCe	1	270.0	4	883.759	884.059
884.0590000000001	0.8999999999999773	trials	55	s055_F200807	grCe_grSu12SmCiNe_PS	21	180.0	4	884.359	884.659
889.46	0.8999999999999773	trials	55	s055_F200807	grCe_grSu6Ne	7	225.0	4	889.76	890.06
890.1020000000001	0.8999999999999773	trials	55	s055_F200807	grCe_grSu6Ne	7	0.0	4	890.402	890.701
891.3180000000001	0.8999999999999773	trials	55	s055_F200807	grCe_grSu18Fa	11	180.0	4	891.618	891.918
891.9190000000001	0.8999999999999773	trials	55	s055_F200807	grCe_grSu1Ne	3	270.0	4	892.219	892.518
897.1610000000001	0.8999999999999773	trials	55	s055_F200807	coCe	16	90.0	4	897.461	897.761
897.778	0.8999999999999773	trials	55	s055_F200807	coCe_grSu6Ne	17	180.0	4	898.078	898.377
899.6030000000001	0.8999999999999773	trials	55	s055_F200807	grCe_grSu1Ne	3	0.0	4	899.903	900.203
904.854	0.8999999999999773	trials	55	s055_F200807	grCe_grSu12SmCiNe_PS	21	45.0	4	905.154	905.453
905.462	0.8999999999999773	trials	55	s055_F200807	grCe_grSu18Fa	11	45.0	4	905.762	906.062
906.062	0.8999999999999773	trials	55	s055_F200807	grCe_grSu12SmCiNe_PS	21	270.0	4	906.362	906.662
906.662	0.8999999999999773	trials	55	s055_F200807	grCe_grSu6Ne	7	135.0	4	906.962	907.262
910.904	0.8999999999999773	trials	55	s055_F200807	grCe_grSu6CiNe	15	135.0	4	911.204	911.504
911.546	0.8999999999999773	trials	55	s055_F200807	coCe	16	270.0	4	911.846	912.146
912.154	0.8999999999999773	trials	55	s055_F200807	grCe_grSu12SmCiNe	13	135.0	4	912.454	912.754
912.7710000000001	0.8999999999999773	trials	55	s055_F200807	grCe_grSu1Ne	3	90.0	4	913.071	913.371
918.7220000000001	0.8999999999999773	trials	55	s055_F200807	grCe_grSu12SmCiNe_PS	21	90.0	4	919.022	919.322
919.364	0.8999999999999773	trials	55	s055_F200807	grCe_grSu3Ne	5	0.0	4	919.664	919.963
920.572	0.8999999999999773	trials	55	s055_F200807	grCe_grSu18Fa	11	0.0	4	920.872	921.172
927.1310000000001	0.8999999999999773	trials	55	s055_F200807	grSu3Ne	4		4	927.431	927.731
934.6740000000001	0.8999999999999773	trials	55	s055_F200807	grCe_grSu6CiNe	15	270.0	4	934.974	935.274
935.307	0.8999999999999773	trials	55	s055_F200807	grCe_grSu3Ne	5	90.0	4	935.607	935.907
935.916	0.8999999999999773	trials	55	s055_F200807	grCe_grSu12Mi	9	270.0	4	936.216	936.516
942.508	0.8999999999999773	trials	55	s055_F200807	grCe_grSu6Ne	7	90.0	4	942.808	943.108
943.1500000000001	0.8999999999999773	trials	55	s055_F200807	grCe_grSu12Mi	9	45.0	4	943.45	943.75
943.75	0.8999999999999773	trials	55	s055_F200807	coCe	16	0.0	4	944.05	944.35
944.392	0.8999999999999773	trials	55	s055_F200807	grCe_grSu18Fa	11	135.0	4	944.692	944.992
945.0	0.8999999999999773	trials	55	s055_F200807	grCe_grSu12SmCiNe	13	0.0	4	945.3	945.6
950.551	0.8999999999999773	trials	55	s055_F200807	grCe_grSu6Ne	7	180.0	4	950.851	951.151
952.393	0.8999999999999773	trials	55	s055_F200807	coCe_grSu6Ne	17	0.0	4	952.693	952.993
953.01	0.8999999999999773	trials	55	s055_F200807	grCe_grSu6Ne_PS	18	0.0	4	953.31	953.609
958.6690000000001	0.8999999999999773	trials	55	s055_F200807	grCe_grSu12SmCiNe	13	315.0	4	958.969	959.269
959.2860000000001	0.8999999999999773	trials	55	s055_F200807	grCe	1	180.0	4	959.586	959.885
963.278	0.8999999999999773	trials	55	s055_F200807	coCe_grSu6Ne	17	315.0	4	963.578	963.877
963.894	0.8999999999999773	trials	55	s055_F200807	grCe_grSu6CiNe_PS	19	90.0	4	964.194	964.494
964.495	0.8999999999999773	trials	55	s055_F200807	grCe_grSu6CiNe_PS	19	270.0	4	964.795	965.094
965.1030000000001	0.8999999999999773	trials	55	s055_F200807	grCe_grSu3Ne	5	225.0	4	965.403	965.703
970.9870000000001	0.8999999999999773	trials	55	s055_F200807	coCe_grSu6Ne	17	225.0	4	971.287	971.587
971.595	0.8999999999999773	trials	55	s055_F200807	grCe_grSu1Ne	3	315.0	4	971.895	972.195
972.221	0.8999999999999773	trials	55	s055_F200807	grCe_grSu12Mi	9	315.0	4	972.521	972.82
973.446	0.8999999999999773	trials	55	s055_F200807	grCe_grSu12Mi	9	180.0	4	973.746	974.045
978.6800000000001	0.8999999999999773	trials	55	s055_F200807	grCe_grSu1Ne	3	45.0	4	978.98	979.279
979.321	0.8999999999999773	trials	55	s055_F200807	coCe	16	225.0	4	979.621	979.921
983.2470000000001	0.8999999999999773	trials	55	s055_F200807	grCe_grSu6CiNe	15	0.0	4	983.547	983.847
983.855	0.8999999999999773	trials	55	s055_F200807	grCe_grSu18Fa	11	315.0	4	984.155	984.455
984.455	0.8999999999999773	trials	55	s055_F200807	grCe_grSu6CiNe_PS	19	0.0	4	984.755	985.055
985.056	0.8999999999999773	trials	55	s055_F200807	grCe_grSu6Ne	7	315.0	4	985.356	985.655
985.681	0.8999999999999773	trials	55	s055_F200807	grCe_grSu6CiNe	15	90.0	4	985.981	986.28
991.19	0.8999999999999773	trials	55	s055_F200807	grCe_grSu6CiNe_PS	19	180.0	4	991.49	991.789
991.7900000000001	0.8999999999999773	trials	55	s055_F200807	grCe_grSu6Ne_PS	18	90.0	1	992.09	992.389
992.565	0.8999999999999773	trials	55	s055_F200807	grSu6CiNe	14		1	992.865	993.165
993.173	0.8999999999999773	trials	55	s055_F200807	grCe_grSu3Ne	5	315.0	1	993.473	993.773
993.782	0.8999999999999773	trials	55	s055_F200807	grCe_grSu12SmCiNe	13	180.0	1	994.082	994.381
999.8820000000001	0.8999999999999773	trials	55	s055_F200807	coCe_grSu6Ne	17	225.0	1	1000.182	1000.482
1000.4830000000001	0.8999999999999773	trials	55	s055_F200807	grCe_grSu6Ne	7	270.0	1	1000.783	1001.082
1001.683	0.8999999999999773	trials	55	s055_F200807	grCe_grSu6Ne	7	315.0	1	1001.983	1002.282
1007.075	0.8999999999999773	trials	55	s055_F200807	grCe_grSu1Ne	3	315.0	1	1007.375	1007.675
1010.567	0.8999999999999773	trials	55	s055_F200807	coCe_grSu6Ne	17	180.0	1	1010.867	1011.167
1011.201	0.8999999999999773	trials	55	s055_F200807	coCe_grSu6Ne	17	90.0	1	1011.501	1011.8
1011.817	0.8999999999999773	trials	55	s055_F200807	coCe	16	225.0	1	1012.117	1012.417
1012.426	0.8999999999999773	trials	55	s055_F200807	grSu12Mi	8		1	1012.726	1013.025
1013.034	0.8999999999999773	trials	55	s055_F200807	grCe_grSu12Mi	9	45.0	1	1013.334	1013.634
1018.4430000000001	0.8999999999999773	trials	55	s055_F200807	grSu6Ne	6		1	1018.743	1019.043
1019.077	0.8999999999999773	trials	55	s055_F200807	grCe_grSu6Ne_PS	18	135.0	1	1019.377	1019.676
1020.293	0.8999999999999773	trials	55	s055_F200807	grCe_grSu1Ne	3	45.0	1	1020.593	1020.893
1020.894	0.8999999999999773	trials	55	s055_F200807	grCe_grSu6CiNe	15	135.0	1	1021.194	1021.493
1026.511	0.8999999999998636	trials	55	s055_F200807	grCe_grSu12SmCiNe_PS	21	135.0	1	1026.811	1027.111
1027.728	0.8999999999998636	trials	55	s055_F200807	NoStim	0		1	1028.028	1028.327
1028.3690000000001	0.8999999999998636	trials	55	s055_F200807	grCe_grSu6CiNe	15	0.0	1	1028.669	1028.969
1028.978	0.8999999999998636	trials	55	s055_F200807	grCe_grSu18Fa	11	315.0	1	1029.278	1029.578
1034.662	0.8999999999998636	trials	55	s055_F200807	grCe_grSu18Fa	11	0.0	1	1034.962	1035.262
1037.087	0.8999999999998636	trials	55	s055_F200807	grCe_grSu6CiNe	15	225.0	1	1037.387	1037.687
1042.846	0.8999999999998636	trials	55	s055_F200807	grCe_grSu18Fa	11	135.0	1	1043.146	1043.446
1043.488	0.8999999999998636	trials	55	s055_F200807	grCe_grSu12Mi	9	270.0	1	1043.788	1044.088
1044.097	0.8999999999998636	trials	55	s055_F200807	grCe_grSu18Fa	11	180.0	1	1044.397	1044.696
1044.722	0.8999999999998636	trials	55	s055_F200807	coCe	16	90.0	1	1045.022	1045.321
1045.363	0.8999999999998636	trials	55	s055_F200807	coCe_grSu6Ne	17	270.0	1	1045.663	1045.963
1051.022	0.8999999999998636	trials	55	s055_F200807	grCe	1	180.0	1	1051.322	1051.622
1051.623	0.8999999999998636	trials	55	s055_F200807	grCe_grSu6CiNe_PS	19	180.0	1	1051.923	1052.222
1052.231	0.8999999999998636	trials	55	s055_F200807	coCe	16	0.0	1	1052.531	1052.831
1053.439	0.8999999999998636	trials	55	s055_F200807	grCe_grSu12Mi	9	180.0	1	1053.739	1054.039
1059.082	0.8999999999998636	trials	55	s055_F200807	coCe_grSu6Ne	17	45.0	1	1059.382	1059.681
1059.707	0.8999999999998636	trials	55	s055_F200807	coSu6Ne	20		1	1060.007	1060.307
1060.349	0.8999999999998636	trials	55	s055_F200807	grCe_grSu18Fa	11	270.0	1	1060.649	1060.948
1060.957	0.8999999999998636	trials	55	s055_F200807	grCe_grSu3Ne	5	180.0	1	1061.257	1061.557
1061.582	0.8999999999998636	trials	55	s055_F200807	grCe_grSu6Ne_PS	18	0.0	1	1061.882	1062.182
1067.958	0.8999999999998636	trials	55	s055_F200807	grCe_grSu6Ne	7	180.0	1	1068.258	1068.558
1068.566	0.8999999999998636	trials	55	s055_F200807	grCe_grSu3Ne	5	0.0	1	1068.866	1069.166
1069.166	0.8999999999998636	trials	55	s055_F200807	grCe_grSu6CiNe_PS	19	135.0	1	1069.466	1069.766
1069.8	0.8999999999998636	trials	55	s055_F200807	grCe_grSu6CiNe_PS	19	45.0	1	1070.1	1070.4
1075.759	0.8999999999998636	trials	55	s055_F200807	grCe_grSu6CiNe	15	270.0	1	1076.059	1076.359
1076.3590000000002	0.8999999999998636	trials	55	s055_F200807	grCe	1	270.0	1	1076.659	1076.959
1077.001	0.8999999999998636	trials	55	s055_F200807	grCe	1	90.0	1	1077.301	1077.6
1077.601	0.8999999999998636	trials	55	s055_F200807	grCe_grSu12SmCiNe	13	90.0	1	1077.901	1078.201
1078.243	0.8999999999998636	trials	55	s055_F200807	grCe_grSu12SmCiNe_PS	21	315.0	1	1078.543	1078.842
1083.868	0.8999999999998636	trials	55	s055_F200807	grCe_grSu12Mi	9	135.0	1	1084.168	1084.468
1088.202	0.8999999999998636	trials	55	s055_F200807	grCe_grSu3Ne	5	270.0	1	1088.502	1088.802
1092.044	0.8999999999998636	trials	55	s055_F200807	grCe_grSu18Fa	11	225.0	1	1092.344	1092.644
1092.644	0.8999999999998636	trials	55	s055_F200807	grCe_grSu3Ne	5	45.0	1	1092.944	1093.244
1093.2530000000002	0.8999999999998636	trials	55	s055_F200807	grCe_grSu12Mi	9	315.0	1	1093.553	1093.853
1093.861	0.8999999999998636	trials	55	s055_F200807	coCe_grSu6Ne	17	135.0	1	1094.161	1094.461
1094.461	0.8999999999998636	trials	55	s055_F200807	grCe_grSu12SmCiNe	13	315.0	1	1094.761	1095.061
1100.404	0.8999999999998636	trials	55	s055_F200807	grCe_grSu6Ne	7	135.0	1	1100.704	1101.003
1101.0040000000001	0.8999999999998636	trials	55	s055_F200807	grCe_grSu6Ne_PS	18	45.0	1	1101.304	1101.604
1102.246	0.8999999999998636	trials	55	s055_F200807	grCe_grSu6CiNe_PS	19	315.0	1	1102.546	1102.845
1112.6970000000001	0.8999999999998636	trials	55	s055_F200807	grSu1Ne	2		1	1112.997	1113.297
1113.3220000000001	0.8999999999998636	trials	55	s055_F200807	coCe	16	45.0	1	1113.622	1113.922
1113.922	0.8999999999998636	trials	55	s055_F200807	grCe_grSu6CiNe_PS	19	270.0	1	1114.222	1114.522
1114.522	0.8999999999998636	trials	55	s055_F200807	grCe_grSu6Ne_PS	18	225.0	1	1114.822	1115.122
1121.4070000000002	0.8999999999998636	trials	55	s055_F200807	coCe	16	315.0	1	1121.707	1122.006
1122.015	0.8999999999998636	trials	55	s055_F200807	grCe_grSu12Mi	9	0.0	1	1122.315	1122.615
1122.615	0.8999999999998636	trials	55	s055_F200807	grCe_grSu6Ne	7	0.0	1	1122.915	1123.215
1128.874	0.8999999999998636	trials	55	s055_F200807	grCe_grSu12SmCiNe_PS	21	180.0	1	1129.174	1129.474
1129.5910000000001	0.8999999999998636	trials	55	s055_F200807	grCe_grSu1Ne	3	90.0	1	1129.891	1130.191
1133.441	0.8999999999998636	trials	55	s055_F200807	grCe_grSu6Ne	7	225.0	1	1133.741	1134.041
1134.041	0.8999999999998636	trials	55	s055_F200807	grCe	1	315.0	1	1134.341	1134.641
1134.675	0.8999999999998636	trials	55	s055_F200807	grCe_grSu12SmCiNe	13	45.0	1	1134.975	1135.275
1135.2830000000001	0.8999999999998636	trials	55	s055_F200807	grCe_grSu6CiNe	15	180.0	1	1135.583	1135.883
1135.9170000000001	0.8999999999998636	trials	55	s055_F200807	grCe	1	225.0	1	1136.217	1136.516
1141.642	0.8999999999998636	trials	55	s055_F200807	grCe_grSu6CiNe_PS	19	225.0	1	1141.942	1142.242
1142.251	0.8999999999998636	trials	55	s055_F200807	grCe_grSu12Mi	9	225.0	1	1142.551	1142.851
1143.451	0.8999999999998636	trials	55	s055_F200807	coCe	16	135.0	1	1143.751	1144.051
1147.218	0.8999999999998636	trials	55	s055_F200807	grCe_grSu6Ne	7	90.0	1	1147.518	1147.818
1147.835	0.8999999999998636	trials	55	s055_F200807	grCe	1	135.0	1	1148.135	1148.435
1149.685	0.8999999999998636	trials	55	s055_F200807	grCe_grSu12SmCiNe_PS	21	0.0	1	1149.985	1150.285
1155.386	0.8999999999998636	trials	55	s055_F200807	grCe_grSu12Mi	9	90.0	1	1155.686	1155.986
1156.011	0.8999999999998636	trials	55	s055_F200807	grCe_grSu6Ne	7	45.0	1	1156.311	1156.611
1156.6190000000001	0.8999999999998636	trials	55	s055_F200807	grCe_grSu6CiNe	15	90.0	1	1156.919	1157.219
1157.228	0.8999999999998636	trials	55	s055_F200807	grSu18Fa	10		1	1157.528	1157.828
1157.828	0.8999999999998636	trials	55	s055_F200807	grSu3Ne	4		1	1158.128	1158.428
1163.52	0.8999999999998636	trials	55	s055_F200807	grCe_grSu3Ne	5	135.0	1	1163.82	1164.12
1164.72	0.8999999999998636	trials	55	s055_F200807	grCe_grSu6Ne_PS	18	270.0	1	1165.02	1165.32
1165.371	0.8999999999998636	trials	55	s055_F200807	grCe_grSu18Fa	11	90.0	1	1165.671	1165.97
1165.971	0.8999999999998636	trials	55	s055_F200807	grCe_grSu1Ne	3	180.0	1	1166.271	1166.57
1171.688	0.8999999999998636	trials	55	s055_F200807	grCe_grSu12SmCiNe	13	225.0	1	1171.988	1172.288
1175.622	0.8999999999998636	trials	55	s055_F200807	grCe_grSu6CiNe	15	315.0	1	1175.922	1176.222
1176.23	0.8999999999998636	trials	55	s055_F200807	grCe_grSu6CiNe	15	45.0	1	1176.53	1176.83
1177.4470000000001	0.8999999999998636	trials	55	s055_F200807	grCe_grSu18Fa	11	45.0	1	1177.747	1178.047
1178.047	0.8999999999998636	trials	55	s055_F200807	grCe_grSu12SmCiNe_PS	21	45.0	1	1178.347	1178.647
1184.2730000000001	0.8999999999998636	trials	55	s055_F200807	grCe_grSu1Ne	3	135.0	1	1184.573	1184.873
1184.881	0.8999999999998636	trials	55	s055_F200807	grCe_grSu12SmCiNe	13	135.0	1	1185.181	1185.481
1186.1570000000002	0.8999999999998636	trials	55	s055_F200807	grCe_grSu3Ne	5	90.0	1	1186.457	1186.756
1192.682	0.8999999999998636	trials	55	s055_F200807	grCe_grSu12SmCiNe_PS	21	225.0	1	1192.982	1193.282
1196.575	0.8999999999998636	trials	55	s055_F200807	grCe_grSu12SmCiNe_PS	21	90.0	1	1196.875	1197.174
1197.175	0.8999999999998636	trials	55	s055_F200807	grCe_grSu6Ne_PS	18	315.0	1	1197.475	1197.774
1197.8	0.8999999999998636	trials	55	s055_F200807	grCe_grSu12SmCiNe	13	270.0	1	1198.1	1198.399
1198.4080000000001	0.8999999999998636	trials	55	s055_F200807	coCe_grSu6Ne	17	0.0	1	1198.708	1199.008
1205.059	0.8999999999998636	trials	55	s055_F200807	grCe_grSu3Ne	5	225.0	1	1205.359	1205.659
1205.659	0.8999999999998636	trials	55	s055_F200807	grCe_grSu6CiNe_PS	19	90.0	1	1205.959	1206.259
1206.259	0.8999999999998636	trials	55	s055_F200807	grCe	1	45.0	1	1206.559	1206.859
1206.8590000000002	0.8999999999998636	trials	55	s055_F200807	grCe_grSu12SmCiNe	13	0.0	1	1207.159	1207.459
1207.468	0.8999999999998636	trials	55	s055_F200807	grCe_grSu1Ne	3	0.0	1	1207.768	1208.067
1213.093	0.8999999999998636	trials	55	s055_F200807	grCe_grSu12SmCiNe_PS	21	270.0	1	1213.393	1213.693
1213.71	0.8999999999998636	trials	55	s055_F200807	coCe_grSu6Ne	17	315.0	1	1214.01	1214.31
1214.944	0.8999999999998636	trials	55	s055_F200807	grCe_grSu6Ne_PS	18	180.0	1	1215.244	1215.543
1215.585	0.8999999999998636	trials	55	s055_F200807	grCe_grSu6CiNe_PS	19	0.0	1	1215.885	1216.185
1221.82	0.8999999999998636	trials	55	s055_F200807	grCe	1	0.0	1	1222.12	1222.419
1222.428	0.8999999999998636	trials	55	s055_F200807	grCe_grSu1Ne	3	225.0	1	1222.728	1223.028
1223.028	0.8999999999998636	trials	55	s055_F200807	coCe	16	270.0	1	1223.328	1223.628
1223.645	0.8999999999998636	trials	55	s055_F200807	grSu12SmCiNe	12		1	1223.945	1224.244
1229.1870000000001	0.8999999999998636	trials	55	s055_F200807	coCe	16	180.0	1	1229.487	1229.787
1229.8120000000001	0.8999999999998636	trials	55	s055_F200807	grCe_grSu1Ne	3	270.0	1	1230.112	1230.412
1230.421	0.8999999999998636	trials	55	s055_F200807	grCe_grSu12Mi	9	315.0	6	1230.721	1231.02
1231.029	0.8999999999998636	trials	55	s055_F200807	grSu18Fa	10		6	1231.329	1231.629
1231.637	0.8999999999998636	trials	55	s055_F200807	grCe_grSu12SmCiNe	13	135.0	6	1231.937	1232.237
1237.463	0.8999999999998636	trials	55	s055_F200807	grCe_grSu6CiNe_PS	19	90.0	6	1237.763	1238.063
1245.1390000000001	0.8999999999998636	trials	55	s055_F200807	grCe_grSu6Ne_PS	18	225.0	6	1245.439	1245.739
1246.406	0.8999999999998636	trials	55	s055_F200807	grCe_grSu6CiNe_PS	19	180.0	6	1246.706	1247.006
1247.0230000000001	0.8999999999998636	trials	55	s055_F200807	grCe	1	45.0	6	1247.323	1247.622
1247.631	0.8999999999998636	trials	55	s055_F200807	grSu6Ne	6		6	1247.931	1248.231
1262.8	0.8999999999998636	trials	55	s055_F200807	grCe_grSu6CiNe	15	135.0	6	1263.1	1263.399
1266.884	0.8999999999998636	trials	55	s055_F200807	grCe_grSu12SmCiNe_PS	21	315.0	6	1267.184	1267.483
1270.642	0.8999999999998636	trials	55	s055_F200807	grCe_grSu12SmCiNe	13	315.0	6	1270.942	1271.242
1271.851	0.8999999999998636	trials	55	s055_F200807	grCe_grSu3Ne	5	90.0	6	1272.151	1272.451
1272.459	0.8999999999998636	trials	55	s055_F200807	grCe_grSu6CiNe	15	45.0	6	1272.759	1273.059
1276.127	0.8999999999998636	trials	55	s055_F200807	grCe_grSu12SmCiNe	13	0.0	6	1276.427	1276.726
1276.727	0.8999999999998636	trials	55	s055_F200807	grCe_grSu3Ne	5	135.0	6	1277.027	1277.326
1277.343	0.8999999999998636	trials	55	s055_F200807	grCe	1	270.0	6	1277.643	1277.943
1282.277	0.8999999999998636	trials	55	s055_F200807	grCe	1	135.0	6	1282.577	1282.877
1282.877	0.8999999999998636	trials	55	s055_F200807	grCe_grSu6CiNe	15	0.0	6	1283.177	1283.477
1284.094	0.8999999999998636	trials	55	s055_F200807	grCe_grSu6Ne	7	270.0	6	1284.394	1284.694
1284.694	0.8999999999998636	trials	55	s055_F200807	grCe	1	90.0	6	1284.994	1285.294
1290.487	0.8999999999998636	trials	55	s055_F200807	grCe_grSu6Ne	7	90.0	6	1290.787	1291.086
1291.1280000000002	0.8999999999998636	trials	55	s055_F200807	grCe_grSu12SmCiNe	13	225.0	6	1291.428	1291.728
1291.77	0.8999999999998636	trials	55	s055_F200807	grSu12SmCiNe	12		6	1292.07	1292.37
1292.395	0.8999999999998636	trials	55	s055_F200807	grCe_grSu18Fa	11	315.0	6	1292.695	1292.995
1293.02	0.8999999999998636	trials	55	s055_F200807	grCe_grSu12Mi	9	135.0	6	1293.32	1293.62
1299.471	0.8999999999998636	trials	55	s055_F200807	grCe_grSu3Ne	5	180.0	6	1299.771	1300.071
1300.0710000000001	0.8999999999998636	trials	55	s055_F200807	grCe_grSu6CiNe_PS	19	0.0	6	1300.371	1300.671
1300.68	0.8999999999998636	trials	55	s055_F200807	grCe_grSu1Ne	3	315.0	6	1300.98	1301.279
1301.296	0.8999999999998636	trials	55	s055_F200807	grCe_grSu18Fa	11	270.0	6	1301.596	1301.896
1310.381	0.8999999999998636	trials	55	s055_F200807	grCe_grSu1Ne	3	45.0	6	1310.681	1310.981
1311.006	0.8999999999998636	trials	55	s055_F200807	coCe	16	0.0	6	1311.306	1311.606
1311.6390000000001	0.8999999999998636	trials	55	s055_F200807	coCe_grSu6Ne	17	0.0	6	1311.939	1312.239
1318.515	0.8999999999998636	trials	55	s055_F200807	coCe	16	225.0	6	1318.815	1319.115
1319.741	0.8999999999998636	trials	55	s055_F200807	coSu6Ne	20		6	1320.041	1320.34
1320.349	0.8999999999998636	trials	55	s055_F200807	grCe_grSu12Mi	9	90.0	6	1320.649	1320.949
1326.45	0.8999999999998636	trials	55	s055_F200807	grCe_grSu12Mi	9	225.0	6	1326.75	1327.049
1327.05	0.8999999999998636	trials	55	s055_F200807	grCe	1	225.0	6	1327.35	1327.649
1327.675	0.8999999999998636	trials	55	s055_F200807	grCe_grSu6CiNe_PS	19	270.0	6	1327.975	1328.275
1328.2830000000001	0.8999999999998636	trials	55	s055_F200807	coCe_grSu6Ne	17	90.0	6	1328.583	1328.883
1334.342	0.8999999999998636	trials	55	s055_F200807	grCe_grSu12SmCiNe	13	90.0	6	1334.642	1334.942
1347.786	0.8999999999998636	trials	55	s055_F200807	coCe_grSu6Ne	17	45.0	6	1348.086	1348.385
1348.394	0.8999999999998636	trials	55	s055_F200807	grCe_grSu6CiNe	15	225.0	6	1348.694	1348.994
1349.0030000000002	0.8999999999998636	trials	55	s055_F200807	grCe_grSu3Ne	5	0.0	6	1349.303	1349.602
1349.6280000000002	0.8999999999998636	trials	55	s055_F200807	coCe	16	270.0	6	1349.928	1350.227
1355.303	0.8999999999998636	trials	55	s055_F200807	grCe_grSu12Mi	9	180.0	6	1355.603	1355.903
1355.912	0.8999999999998636	trials	55	s055_F200807	coCe_grSu6Ne	17	315.0	6	1356.212	1356.512
1356.52	0.8999999999998636	trials	55	s055_F200807	coCe	16	315.0	6	1356.82	1357.12
1357.1200000000001	0.8999999999998636	trials	55	s055_F200807	grCe_grSu12SmCiNe_PS	21	0.0	6	1357.42	1357.72
1363.146	0.8999999999998636	trials	55	s055_F200807	grCe_grSu6Ne	7	180.0	6	1363.446	1363.746
1363.755	0.8999999999998636	trials	55	s055_F200807	grCe_grSu18Fa	11	0.0	6	1364.055	1364.354
1364.355	0.8999999999998636	trials	55	s055_F200807	grCe_grSu6CiNe_PS	19	225.0	6	1364.655	1364.954
1371.03	0.8999999999998636	trials	55	s055_F200807	grCe_grSu6CiNe	15	180.0	6	1371.33	1371.63
1371.631	0.8999999999998636	trials	55	s055_F200807	grCe_grSu12SmCiNe_PS	21	270.0	6	1371.931	1372.23
1372.239	0.8999999999998636	trials	55	s055_F200807	grCe_grSu1Ne	3	90.0	6	1372.539	1372.839
1372.839	0.8999999999998636	trials	55	s055_F200807	grCe_grSu6Ne_PS	18	90.0	6	1373.139	1373.439
1378.49	0.8999999999998636	trials	55	s055_F200807	grCe_grSu6CiNe	15	90.0	6	1378.79	1379.089
1379.698	0.8999999999998636	trials	55	s055_F200807	grCe_grSu18Fa	11	225.0	6	1379.998	1380.298
1380.307	0.8999999999998636	trials	55	s055_F200807	grCe	1	0.0	6	1380.607	1380.906
1386.1570000000002	0.8999999999998636	trials	55	s055_F200807	grCe_grSu12Mi	9	270.0	6	1386.457	1386.757
1386.766	0.8999999999998636	trials	55	s055_F200807	grCe_grSu6Ne	7	45.0	6	1387.066	1387.366
1387.383	0.8999999999998636	trials	55	s055_F200807	grCe_grSu6Ne_PS	18	45.0	6	1387.683	1387.982
1387.999	0.8999999999998636	trials	55	s055_F200807	grCe_grSu6CiNe_PS	19	315.0	6	1388.299	1388.599
1393.6000000000001	0.8999999999998636	trials	55	s055_F200807	grCe_grSu6Ne_PS	18	315.0	6	1393.9	1394.2
1394.2	0.8999999999998636	trials	55	s055_F200807	grCe_grSu6Ne_PS	18	180.0	6	1394.5	1394.8
1394.8	0.8999999999998636	trials	55	s055_F200807	grCe	1	180.0	6	1395.1	1395.4
1401.851	0.8999999999998636	trials	55	s055_F200807	grCe_grSu6Ne_PS	18	0.0	6	1402.151	1402.451
1403.076	0.8999999999998636	trials	55	s055_F200807	coCe_grSu6Ne	17	270.0	6	1403.376	1403.676
1409.4270000000001	0.8999999999998636	trials	55	s055_F200807	grCe_grSu6CiNe_PS	19	45.0	6	1409.727	1410.027
1410.694	0.8999999999998636	trials	55	s055_F200807	grCe_grSu3Ne	5	315.0	6	1410.994	1411.294
1414.261	0.8999999999998636	trials	55	s055_F200807	grCe_grSu12SmCiNe	13	45.0	6	1414.561	1414.861
1416.095	0.8999999999998636	trials	55	s055_F200807	grCe_grSu3Ne	5	225.0	6	1416.395	1416.694
1421.795	0.8999999999998636	trials	55	s055_F200807	coCe	16	90.0	6	1422.095	1422.395
1422.404	0.8999999999998636	trials	55	s055_F200807	grCe_grSu1Ne	3	225.0	6	1422.704	1423.003
1423.746	0.8999999999998636	trials	55	s055_F200807	grCe_grSu6Ne	7	135.0	6	1424.046	1424.345
1429.93	0.8999999999998636	trials	55	s055_F200807	NoStim	0		6	1430.23	1430.529
1430.538	0.8999999999998636	trials	55	s055_F200807	grCe_grSu12SmCiNe	13	180.0	6	1430.838	1431.138
1431.18	0.8999999999998636	trials	55	s055_F200807	grSu1Ne	2		6	1431.48	1431.78
1441.473	0.8999999999998636	trials	55	s055_F200807	grCe_grSu3Ne	5	270.0	6	1441.773	1442.073
1442.073	0.8999999999998636	trials	55	s055_F200807	grCe_grSu12SmCiNe_PS	21	135.0	6	1442.373	1442.673
1442.681	0.8999999999998636	trials	55	s055_F200807	grCe_grSu1Ne	3	135.0	6	1442.981	1443.281
1443.29	0.8999999999998636	trials	55	s055_F200807	grCe_grSu18Fa	11	90.0	6	1443.59	1443.89
1453.2740000000001	0.8999999999998636	trials	55	s055_F200807	grCe_grSu12SmCiNe_PS	21	45.0	6	1453.574	1453.874
1454.491	0.8999999999998636	trials	55	s055_F200807	grCe_grSu12SmCiNe_PS	21	180.0	6	1454.791	1455.091
1470.102	0.8999999999998636	trials	55	s055_F200807	coCe	16	135.0	6	1470.402	1470.701
1470.727	0.8999999999998636	trials	55	s055_F200807	grCe_grSu6CiNe	15	315.0	6	1471.027	1471.326
1471.335	0.8999999999998636	trials	55	s055_F200807	grCe_grSu1Ne	3	180.0	6	1471.635	1471.935
1475.569	0.8999999999998636	trials	55	s055_F200807	grCe_grSu18Fa	11	45.0	6	1475.869	1476.169
1476.1770000000001	0.8999999999998636	trials	55	s055_F200807	grCe_grSu18Fa	11	180.0	6	1476.477	1476.777
1476.786	0.8999999999998636	trials	55	s055_F200807	grCe_grSu6Ne	7	0.0	6	1477.086	1477.386
1477.394	0.8999999999998636	trials	55	s055_F200807	grSu12Mi	8		6	1477.694	1477.994
1483.095	0.8999999999998636	trials	55	s055_F200807	grCe_grSu18Fa	11	135.0	6	1483.395	1483.695
1483.695	0.8999999999998636	trials	55	s055_F200807	grCe_grSu6Ne	7	315.0	6	1483.995	1484.295
1484.295	0.8999999999998636	trials	55	s055_F200807	grCe_grSu6CiNe_PS	19	135.0	6	1484.595	1484.895
1484.904	0.8999999999998636	trials	55	s055_F200807	grCe_grSu12SmCiNe_PS	21	90.0	6	1485.204	1485.503
1491.438	0.8999999999998636	trials	55	s055_F200807	grCe_grSu12SmCiNe_PS	21	225.0	6	1491.738	1492.037
1492.046	0.8999999999998636	trials	55	s055_F200807	grCe	1	315.0	6	1492.346	1492.646
1492.646	0.8999999999998636	trials	55	s055_F200807	grCe_grSu6Ne_PS	18	270.0	6	1492.946	1493.246
1498.897	0.8999999999998636	trials	55	s055_F200807	grCe_grSu1Ne	3	0.0	6	1499.197	1499.497
1500.13	0.8999999999998636	trials	55	s055_F200807	coCe_grSu6Ne	17	135.0	6	1500.43	1500.73
1506.548	0.8999999999998636	trials	55	s055_F200807	grCe_grSu6CiNe	15	270.0	6	1506.848	1507.148
1507.156	0.8999999999998636	trials	55	s055_F200807	coCe_grSu6Ne	17	180.0	6	1507.456	1507.756
1507.79	0.8999999999998636	trials	55	s055_F200807	grCe_grSu12SmCiNe	13	270.0	6	1508.09	1508.39
1508.3980000000001	0.8999999999998636	trials	55	s055_F200807	grSu6CiNe	14		6	1508.698	1508.998
1514.116	0.8999999999998636	trials	55	s055_F200807	grSu3Ne	4		6	1514.416	1514.715
1514.7160000000001	0.8999999999998636	trials	55	s055_F200807	grCe_grSu6Ne	7	225.0	6	1515.016	1515.315
1515.324	0.8999999999998636	trials	55	s055_F200807	grCe_grSu12Mi	9	45.0	6	1515.624	1515.924
1515.924	0.8999999999998636	trials	55	s055_F200807	grCe_grSu6Ne_PS	18	135.0	6	1516.224	1516.524
1521.5330000000001	0.8999999999998636	trials	55	s055_F200807	grCe_grSu1Ne	3	270.0	6	1521.833	1522.133
1522.1670000000001	0.8999999999998636	trials	55	s055_F200807	coCe	16	45.0	6	1522.467	1522.766
1526.067	0.8999999999998636	trials	55	s055_F200807	grCe_grSu3Ne	5	45.0	6	1526.367	1526.667
1526.684	0.8999999999998636	trials	55	s055_F200807	grCe_grSu12Mi	9	0.0	6	1526.984	1527.284
1527.317	0.8999999999998636	trials	55	s055_F200807	coCe_grSu6Ne	17	225.0	6	1527.617	1527.917
1533.626	0.8999999999998636	trials	55	s055_F200807	coCe	16	180.0	6	1533.926	1534.226
1537.402	0.8999999999998636	trials	55	s055_F200807	grCe_grSu18Fa	11	315.0	2	1537.702	1538.002
1538.01	0.8999999999998636	trials	55	s055_F200807	grCe_grSu6Ne	7	45.0	2	1538.31	1538.61
1539.227	0.8999999999998636	trials	55	s055_F200807	grCe_grSu12SmCiNe_PS	21	270.0	2	1539.527	1539.827
1544.861	0.8999999999998636	trials	55	s055_F200807	grCe_grSu6CiNe_PS	19	180.0	2	1545.161	1545.461
1545.461	0.8999999999998636	trials	55	s055_F200807	grCe_grSu12SmCiNe	13	45.0	2	1545.761	1546.061
1546.0610000000001	0.8999999999998636	trials	55	s055_F200807	grCe_grSu3Ne	5	135.0	2	1546.361	1546.661
1546.662	0.8999999999998636	trials	55	s055_F200807	coCe	16	45.0	2	1546.962	1547.261
1552.6960000000001	0.8999999999998636	trials	55	s055_F200807	grCe_grSu1Ne	3	180.0	2	1552.996	1553.295
1553.296	0.8999999999998636	trials	55	s055_F200807	grCe_grSu6Ne_PS	18	45.0	2	1553.596	1553.895
1557.7630000000001	0.8999999999998636	trials	55	s055_F200807	grCe	1	180.0	2	1558.063	1558.363
1558.405	0.8999999999998636	trials	55	s055_F200807	grCe_grSu6CiNe	15	315.0	2	1558.705	1559.004
1562.605	0.8999999999998636	trials	55	s055_F200807	grCe_grSu12Mi	9	0.0	2	1562.905	1563.205
1563.214	0.8999999999998636	trials	55	s055_F200807	grCe_grSu3Ne	5	180.0	2	1563.514	1563.813
1563.814	0.8999999999998636	trials	55	s055_F200807	grCe_grSu12SmCiNe_PS	21	225.0	2	1564.114	1564.413
1576.857	0.8999999999998636	trials	55	s055_F200807	grCe_grSu12Mi	9	315.0	2	1577.157	1577.457
1577.457	0.8999999999998636	trials	55	s055_F200807	grCe_grSu6Ne_PS	18	270.0	2	1577.757	1578.057
1584.5330000000001	0.8999999999998636	trials	55	s055_F200807	grCe_grSu12SmCiNe_PS	21	315.0	2	1584.833	1585.133
1585.175	0.8999999999998636	trials	55	s055_F200807	grCe_grSu1Ne	3	45.0	2	1585.475	1585.775
1585.8	0.8999999999998636	trials	55	s055_F200807	grCe	1	270.0	2	1586.1	1586.4
1595.935	0.8999999999998636	trials	55	s055_F200807	coCe_grSu6Ne	17	0.0	2	1596.235	1596.534
1596.535	0.8999999999998636	trials	55	s055_F200807	grCe_grSu6Ne	7	315.0	2	1596.835	1597.134
1597.768	0.8999999999998636	trials	55	s055_F200807	grCe_grSu12SmCiNe	13	225.0	2	1598.068	1598.368
1603.486	0.8999999999998636	trials	55	s055_F200807	grCe_grSu12SmCiNe	13	0.0	2	1603.786	1604.085
1604.086	0.8999999999998636	trials	55	s055_F200807	grCe_grSu1Ne	3	270.0	2	1604.386	1604.685
1604.702	0.8999999999998636	trials	55	s055_F200807	grCe_grSu18Fa	11	0.0	2	1605.002	1605.302
1605.319	0.8999999999998636	trials	55	s055_F200807	grCe_grSu12Mi	9	90.0	2	1605.619	1605.919
1610.8780000000002	0.8999999999998636	trials	55	s055_F200807	grSu12Mi	8		2	1611.178	1611.478
1611.478	0.8999999999998636	trials	55	s055_F200807	coCe_grSu6Ne	17	180.0	2	1611.778	1612.078
1612.095	0.8999999999998636	trials	55	s055_F200807	grCe_grSu1Ne	3	225.0	2	1612.395	1612.695
1612.695	0.8999999999998636	trials	55	s055_F200807	grCe_grSu12SmCiNe	13	180.0	2	1612.995	1613.295
1622.255	0.8999999999998636	trials	55	s055_F200807	grCe_grSu6Ne_PS	18	0.0	2	1622.555	1622.854
1622.88	0.8999999999998636	trials	55	s055_F200807	grCe_grSu6Ne_PS	18	180.0	2	1623.18	1623.479
1623.48	0.8999999999998636	trials	55	s055_F200807	grCe_grSu6Ne_PS	18	225.0	2	1623.78	1624.079
1630.997	0.8999999999998636	trials	55	s055_F200807	grCe_grSu3Ne	5	90.0	2	1631.297	1631.597
1631.6390000000001	0.8999999999998636	trials	55	s055_F200807	grSu3Ne	4		2	1631.939	1632.239
1637.615	0.8999999999998636	trials	55	s055_F200807	grCe_grSu6CiNe_PS	19	135.0	2	1637.915	1638.215
1639.432	0.8999999999998636	trials	55	s055_F200807	grCe_grSu12SmCiNe_PS	21	90.0	2	1639.732	1640.032
1645.366	0.8999999999998636	trials	55	s055_F200807	grCe	1	0.0	2	1645.666	1645.966
1645.974	0.8999999999998636	trials	55	s055_F200807	grCe_grSu6CiNe_PS	19	45.0	2	1646.274	1646.574
1646.583	0.8999999999998636	trials	55	s055_F200807	grCe_grSu18Fa	11	135.0	2	1646.883	1647.182
1647.191	0.8999999999998636	trials	55	s055_F200807	grCe_grSu12SmCiNe	13	135.0	2	1647.491	1647.791
1653.192	0.8999999999998636	trials	55	s055_F200807	grCe_grSu6Ne	7	135.0	2	1653.492	1653.792
1653.809	0.8999999999998636	trials	55	s055_F200807	grCe_grSu6Ne_PS	18	315.0	2	1654.109	1654.408
1654.409	0.8999999999998636	trials	55	s055_F200807	grCe_grSu12SmCiNe	13	270.0	2	1654.709	1655.008
1661.393	0.8999999999998636	trials	55	s055_F200807	grCe_grSu12Mi	9	225.0	2	1661.693	1661.993
1662.602	0.8999999999998636	trials	55	s055_F200807	coCe	16	270.0	2	1662.902	1663.201
1668.8690000000001	0.8999999999998636	trials	55	s055_F200807	grCe_grSu3Ne	5	45.0	2	1669.169	1669.469
1669.502	0.8999999999998636	trials	55	s055_F200807	grCe_grSu12Mi	9	270.0	2	1669.802	1670.102
1670.136	0.8999999999998636	trials	55	s055_F200807	grCe_grSu1Ne	3	135.0	2	1670.436	1670.736
1673.853	0.8999999999998636	trials	55	s055_F200807	coCe_grSu6Ne	17	270.0	2	1674.153	1674.453
1674.478	0.8999999999998636	trials	55	s055_F200807	grCe_grSu18Fa	11	90.0	2	1674.778	1675.078
1675.1200000000001	0.8999999999998636	trials	55	s055_F200807	grCe_grSu18Fa	11	270.0	2	1675.42	1675.719
1675.72	0.8999999999998636	trials	55	s055_F200807	NoStim	0		2	1676.02	1676.32
1681.471	0.8999999999998636	trials	55	s055_F200807	grCe_grSu1Ne	3	90.0	2	1681.771	1682.07
1682.0710000000001	0.8999999999998636	trials	55	s055_F200807	grCe_grSu6CiNe_PS	19	90.0	2	1682.371	1682.67
1682.721	0.8999999999998636	trials	55	s055_F200807	grCe_grSu18Fa	11	225.0	2	1683.021	1683.32
1683.3210000000001	0.8999999999998636	trials	55	s055_F200807	coCe	16	90.0	2	1683.621	1683.921
1688.9550000000002	0.8999999999998636	trials	55	s055_F200807	grCe_grSu6CiNe_PS	19	225.0	2	1689.255	1689.555
1692.897	0.8999999999998636	trials	55	s055_F200807	grCe	1	90.0	2	1693.197	1693.497
1693.539	0.8999999999998636	trials	55	s055_F200807	grCe_grSu6CiNe	15	45.0	2	1693.839	1694.139
1694.3310000000001	0.8999999999998636	trials	55	s055_F200807	grCe_grSu1Ne	3	0.0	2	1694.631	1694.93
1694.931	0.8999999999998636	trials	55	s055_F200807	grCe_grSu6CiNe	15	135.0	2	1695.231	1695.53
1700.531	0.8999999999998636	trials	55	s055_F200807	grCe_grSu12SmCiNe_PS	21	180.0	2	1700.831	1701.131
1701.165	0.8999999999998636	trials	55	s055_F200807	grCe_grSu6CiNe	15	0.0	2	1701.465	1701.765
1704.79	0.8999999999998636	trials	55	s055_F200807	grCe_grSu1Ne	3	315.0	2	1705.09	1705.39
1705.39	0.8999999999998636	trials	55	s055_F200807	grCe_grSu12SmCiNe	13	90.0	2	1705.69	1705.99
1705.99	0.8999999999998636	trials	55	s055_F200807	grCe_grSu6Ne	7	0.0	2	1706.29	1706.59
1706.599	0.8999999999998636	trials	55	s055_F200807	grCe_grSu3Ne	5	225.0	2	1706.899	1707.199
1712.866	0.8999999999998636	trials	55	s055_F200807	grCe_grSu12SmCiNe	13	315.0	2	1713.166	1713.466
1713.4660000000001	0.8999999999998636	trials	55	s055_F200807	grSu1Ne	2		2	1713.766	1714.066
1714.066	0.8999999999998636	trials	55	s055_F200807	grCe	1	45.0	2	1714.366	1714.666
1718.442	0.8999999999998636	trials	55	s055_F200807	coCe_grSu6Ne	17	45.0	2	1718.742	1719.042
1719.075	0.8999999999998636	trials	55	s055_F200807	grSu18Fa	10		2	1719.375	1719.675
1719.684	0.8999999999998636	trials	55	s055_F200807	grCe_grSu12SmCiNe_PS	21	135.0	2	1719.984	1720.284
1731.794	0.8999999999998636	trials	55	s055_F200807	grSu6Ne	6		2	1732.094	1732.393
1739.3780000000002	0.8999999999998636	trials	55	s055_F200807	grCe_grSu12Mi	9	45.0	2	1739.678	1739.978
1739.978	0.8999999999998636	trials	55	s055_F200807	grCe_grSu6CiNe	15	90.0	2	1740.278	1740.578
1740.595	0.8999999999998636	trials	55	s055_F200807	grCe	1	135.0	2	1740.895	1741.195
1741.195	0.8999999999998636	trials	55	s055_F200807	grCe_grSu6CiNe	15	225.0	2	1741.495	1741.795
1747.096	0.8999999999998636	trials	55	s055_F200807	grCe_grSu3Ne	5	270.0	2	1747.396	1747.695
1747.6960000000001	0.8999999999998636	trials	55	s055_F200807	coCe_grSu6Ne	17	90.0	2	1747.996	1748.296
1751.313	0.8999999999998636	trials	55	s055_F200807	coCe	16	0.0	2	1751.613	1751.913
1752.555	0.8999999999998636	trials	55	s055_F200807	coCe	16	225.0	2	1752.855	1753.155
1756.13	0.8999999999998636	trials	55	s055_F200807	coCe	16	180.0	2	1756.43	1756.73
1756.755	0.8999999999998636	trials	55	s055_F200807	grCe_grSu6CiNe_PS	19	315.0	2	1757.055	1757.355
1757.364	0.8999999999998636	trials	55	s055_F200807	grCe_grSu18Fa	11	180.0	2	1757.664	1757.963
1782.15	0.8999999999998636	trials	55	s055_F200807	grCe_grSu12Mi	9	180.0	2	1782.45	1782.75
1782.75	0.8999999999998636	trials	55	s055_F200807	coCe	16	315.0	2	1783.05	1783.35
1789.31	0.8999999999998636	trials	55	s055_F200807	grCe_grSu6CiNe_PS	19	270.0	2	1789.61	1789.909
1789.91	0.8999999999998636	trials	55	s055_F200807	grCe_grSu6Ne_PS	18	90.0	2	1790.21	1790.509
1790.518	0.8999999999998636	trials	55	s055_F200807	coCe_grSu6Ne	17	315.0	2	1790.818	1791.118
1791.143	0.8999999999998636	trials	55	s055_F200807	grCe	1	225.0	2	1791.443	1791.743
1796.827	0.8999999999998636	trials	55	s055_F200807	grCe_grSu6Ne	7	270.0	2	1797.127	1797.427
1797.4270000000001	0.8999999999998636	trials	55	s055_F200807	grCe_grSu12SmCiNe_PS	21	45.0	2	1797.727	1798.027
1798.027	0.8999999999998636	trials	55	s055_F200807	grCe_grSu6Ne	7	180.0	2	1798.327	1798.627
1798.652	0.8999999999998636	trials	55	s055_F200807	grCe_grSu18Fa	11	45.0	2	1798.952	1799.252
1804.445	0.8999999999998636	trials	55	s055_F200807	grCe_grSu6Ne_PS	18	135.0	2	1804.745	1805.045
1805.0620000000001	0.8999999999998636	trials	55	s055_F200807	grCe_grSu12Mi	9	135.0	2	1805.362	1805.661
1806.303	0.8999999999998636	trials	55	s055_F200807	grCe_grSu12SmCiNe_PS	21	0.0	2	1806.603	1806.903
1812.346	0.8999999999998636	trials	55	s055_F200807	grCe_grSu6Ne	7	90.0	2	1812.646	1812.946
1812.979	0.8999999999998636	trials	55	s055_F200807	grSu12SmCiNe	12		2	1813.279	1813.579
1816.93	0.8999999999998636	trials	55	s055_F200807	grSu6CiNe	14		2	1817.23	1817.529
1817.538	0.8999999999998636	trials	55	s055_F200807	grCe_grSu6CiNe	15	180.0	2	1817.838	1818.138
1818.147	0.8999999999998636	trials	55	s055_F200807	grCe_grSu6Ne	7	225.0	2	1818.447	1818.746
1818.78	0.8999999999998636	trials	55	s055_F200807	grCe_grSu6CiNe	15	270.0	2	1819.08	1819.38
1824.664	0.8999999999998636	trials	55	s055_F200807	grCe_grSu3Ne	5	0.0	2	1824.964	1825.264
1825.8980000000001	0.8999999999998636	trials	55	s055_F200807	coCe_grSu6Ne	17	225.0	2	1826.198	1826.497
1826.498	0.8999999999998636	trials	55	s055_F200807	coCe	16	135.0	2	1826.798	1827.097
1855.468	0.8999999999998636	trials	55	s055_F200807	grCe_grSu3Ne	5	315.0	2	1855.768	1856.068
1856.068	0.8999999999998636	trials	55	s055_F200807	grCe_grSu6CiNe_PS	19	0.0	2	1856.368	1856.668
1856.702	0.8999999999998636	trials	55	s055_F200807	coSu6Ne	20		2	1857.002	1857.301
1857.3020000000001	0.8999999999998636	trials	55	s055_F200807	grCe	1	315.0	2	1857.602	1857.901
1862.8690000000001	0.8999999999998636	trials	55	s055_F200807	coCe_grSu6Ne	17	135.0	2	1863.169	1863.469
1863.469	0.8999999999998636	trials	55	s055_F200807	grSu3Ne	4		7	1863.769	1864.069
1871.4950000000001	0.8999999999998636	trials	55	s055_F200807	grSu6Ne	6		7	1871.795	1872.095
1872.095	0.8999999999998636	trials	55	s055_F200807	coCe_grSu6Ne	17	270.0	7	1872.395	1872.695
1872.704	0.8999999999998636	trials	55	s055_F200807	coCe_grSu6Ne	17	315.0	7	1873.004	1873.303
1873.3120000000001	0.8999999999998636	trials	55	s055_F200807	grCe_grSu3Ne	5	90.0	7	1873.612	1873.912
1879.2630000000001	0.8999999999998636	trials	55	s055_F200807	grCe_grSu6Ne	7	45.0	7	1879.563	1879.863
1880.5130000000001	0.8999999999998636	trials	55	s055_F200807	grCe_grSu6Ne	7	270.0	7	1880.813	1881.113
1881.113	0.8999999999998636	trials	55	s055_F200807	coCe	16	270.0	7	1881.413	1881.713
1886.856	0.8999999999998636	trials	55	s055_F200807	coCe	16	45.0	7	1887.156	1887.455
1887.489	0.8999999999998636	trials	55	s055_F200807	grCe_grSu12Mi	9	315.0	7	1887.789	1888.089
1894.982	0.8999999999998636	trials	55	s055_F200807	grCe_grSu18Fa	11	315.0	7	1895.282	1895.581
1895.5900000000001	0.8999999999998636	trials	55	s055_F200807	grSu12Mi	8		7	1895.89	1896.19
1899.6570000000002	0.8999999999998636	trials	55	s055_F200807	grCe_grSu18Fa	11	225.0	7	1899.957	1900.257
1900.8990000000001	0.8999999999998636	trials	55	s055_F200807	grCe_grSu12SmCiNe	13	225.0	7	1901.199	1901.499
1901.541	0.8999999999998636	trials	55	s055_F200807	grCe_grSu6CiNe	15	135.0	7	1901.841	1902.14
1911.842	0.8999999999998636	trials	55	s055_F200807	grCe	1	315.0	7	1912.142	1912.442
1912.45	0.8999999999998636	trials	55	s055_F200807	grCe_grSu12Mi	9	0.0	7	1912.75	1913.05
1913.084	0.8999999999998636	trials	55	s055_F200807	grCe_grSu6Ne_PS	18	225.0	7	1913.384	1913.684
1913.684	0.8999999999998636	trials	55	s055_F200807	coCe_grSu6Ne	17	45.0	7	1913.984	1914.284
1919.385	0.8999999999998636	trials	55	s055_F200807	grCe_grSu18Fa	11	270.0	7	1919.685	1919.984
1919.9850000000001	0.8999999999998636	trials	55	s055_F200807	grCe	1	0.0	7	1920.285	1920.584
1920.585	0.8999999999998636	trials	55	s055_F200807	grCe	1	135.0	7	1920.885	1921.185
1921.185	0.8999999999998636	trials	55	s055_F200807	grCe_grSu6Ne	7	315.0	7	1921.485	1921.785
1927.7440000000001	0.8999999999998636	trials	55	s055_F200807	grCe_grSu6CiNe	15	90.0	7	1928.044	1928.344
1931.7530000000002	0.8999999999998636	trials	55	s055_F200807	grCe_grSu12SmCiNe_PS	21	180.0	7	1932.053	1932.353
1932.3700000000001	0.8999999999998636	trials	55	s055_F200807	grCe_grSu12SmCiNe_PS	21	270.0	7	1932.67	1932.969
1932.97	0.8999999999998636	trials	55	s055_F200807	grCe_grSu1Ne	3	225.0	7	1933.27	1933.569
1933.57	0.8999999999998636	trials	55	s055_F200807	grCe_grSu12SmCiNe_PS	21	90.0	7	1933.87	1934.17
1939.404	0.8999999999998636	trials	55	s055_F200807	grCe_grSu1Ne	3	315.0	7	1939.704	1940.004
1940.012	0.8999999999998636	trials	55	s055_F200807	grCe_grSu3Ne	5	225.0	7	1940.312	1940.612
1940.612	0.8999999999998636	trials	55	s055_F200807	grCe_grSu6Ne	7	180.0	7	1940.912	1941.212
1941.213	0.8999999999998636	trials	55	s055_F200807	grCe_grSu6Ne_PS	18	135.0	7	1941.513	1941.812
1947.122	0.8999999999998636	trials	55	s055_F200807	grCe_grSu3Ne	5	315.0	7	1947.422	1947.721
1954.806	0.8999999999998636	trials	55	s055_F200807	coCe_grSu6Ne	17	135.0	7	1955.106	1955.406
1956.006	0.8999999999998636	trials	55	s055_F200807	grCe_grSu6Ne_PS	18	45.0	7	1956.306	1956.606
1956.615	0.8999999999998636	trials	55	s055_F200807	grCe_grSu1Ne	3	135.0	7	1956.915	1957.214
1973.45	0.8999999999998636	trials	55	s055_F200807	grCe_grSu12Mi	9	90.0	7	1973.75	1974.05
1977.326	0.8999999999998636	trials	55	s055_F200807	grCe_grSu6Ne_PS	18	90.0	7	1977.626	1977.925
1977.934	0.8999999999998636	trials	55	s055_F200807	grCe_grSu1Ne	3	180.0	7	1978.234	1978.534
1978.534	0.8999999999998636	trials	55	s055_F200807	grCe_grSu6Ne_PS	18	270.0	7	1978.834	1979.134
1979.142	0.8999999999998636	trials	55	s055_F200807	grCe_grSu12Mi	9	45.0	7	1979.442	1979.742
1984.7930000000001	0.8999999999998636	trials	55	s055_F200807	grCe_grSu3Ne	5	270.0	7	1985.093	1985.393
1985.393	0.8999999999998636	trials	55	s055_F200807	grCe	1	45.0	7	1985.693	1985.993
1986.018	0.8999999999998636	trials	55	s055_F200807	grCe_grSu6CiNe_PS	19	135.0	7	1986.318	1986.618
1986.627	0.8999999999998636	trials	55	s055_F200807	grCe_grSu6CiNe	15	315.0	7	1986.927	1987.226
2003.271	0.8999999999998636	trials	55	s055_F200807	grCe_grSu12SmCiNe_PS	21	0.0	7	2003.571	2003.87
2003.871	0.8999999999998636	trials	55	s055_F200807	grCe_grSu6CiNe_PS	19	225.0	7	2004.171	2004.47
2004.479	0.8999999999998636	trials	55	s055_F200807	grCe_grSu12SmCiNe	13	180.0	7	2004.779	2005.079
2005.087	0.8999999999998636	trials	55	s055_F200807	grCe_grSu12Mi	9	225.0	7	2005.387	2005.687
2011.255	0.8999999999998636	trials	55	s055_F200807	grCe_grSu12SmCiNe	13	45.0	7	2011.555	2011.855
2011.855	0.8999999999998636	trials	55	s055_F200807	grCe_grSu12SmCiNe	13	315.0	7	2012.155	2012.455
2013.0720000000001	0.8999999999998636	trials	55	s055_F200807	grCe_grSu18Fa	11	90.0	7	2013.372	2013.672
2019.356	0.8999999999998636	trials	55	s055_F200807	grCe_grSu12SmCiNe_PS	21	45.0	7	2019.656	2019.956
2019.964	0.8999999999998636	trials	55	s055_F200807	grCe_grSu6CiNe	15	270.0	7	2020.264	2020.564
2020.564	0.8999999999998636	trials	55	s055_F200807	grCe_grSu12SmCiNe_PS	21	225.0	7	2020.864	2021.164
2027.365	0.8999999999998636	trials	55	s055_F200807	grCe	1	270.0	7	2027.665	2027.965
2027.999	0.8999999999998636	trials	55	s055_F200807	grCe_grSu6Ne	7	135.0	7	2028.299	2028.598
2028.607	0.8999999999998636	trials	55	s055_F200807	grCe_grSu12Mi	9	270.0	7	2028.907	2029.207
2029.2160000000001	0.8999999999998636	trials	55	s055_F200807	grCe_grSu12SmCiNe	13	270.0	7	2029.516	2029.815
2039.55	0.8999999999998636	trials	55	s055_F200807	grCe_grSu6CiNe_PS	19	45.0	7	2039.85	2040.15
2040.15	0.8999999999998636	trials	55	s055_F200807	grCe_grSu12SmCiNe_PS	21	315.0	7	2040.45	2040.75
2040.759	0.8999999999998636	trials	55	s055_F200807	grCe_grSu12Mi	9	180.0	7	2041.059	2041.358
2041.3590000000002	0.8999999999998636	trials	55	s055_F200807	grCe	1	225.0	7	2041.659	2041.959
2056.319	0.900000000000091	trials	55	s055_F200807	coCe_grSu6Ne	17	180.0	7	2056.619	2056.919
2056.919	0.900000000000091	trials	55	s055_F200807	coCe	16	0.0	7	2057.219	2057.519
2057.553	0.900000000000091	trials	55	s055_F200807	grCe_grSu6Ne_PS	18	180.0	7	2057.853	2058.152
2058.1609999999996	0.900000000000091	trials	55	s055_F200807	grCe_grSu12SmCiNe	13	0.0	7	2058.461	2058.761
2063.787	0.900000000000091	trials	55	s055_F200807	grCe_grSu12SmCiNe	13	135.0	7	2064.087	2064.386
2064.395	0.900000000000091	trials	55	s055_F200807	grCe_grSu1Ne	3	45.0	7	2064.695	2064.995
2065.004	0.900000000000091	trials	55	s055_F200807	grCe_grSu18Fa	11	45.0	7	2065.304	2065.603
2065.6119999999996	0.900000000000091	trials	55	s055_F200807	coSu6Ne	20		7	2065.912	2066.212
2071.288	0.900000000000091	trials	55	s055_F200807	grCe_grSu6CiNe	15	0.0	7	2071.588	2071.887
2071.888	0.900000000000091	trials	55	s055_F200807	grSu6CiNe	14		7	2072.188	2072.487
2072.4959999999996	0.900000000000091	trials	55	s055_F200807	coCe	16	180.0	7	2072.796	2073.096
2078.7219999999998	0.900000000000091	trials	55	s055_F200807	grCe_grSu12SmCiNe_PS	21	135.0	7	2079.022	2079.322
2082.3219999999997	0.900000000000091	trials	55	s055_F200807	grCe_grSu6CiNe_PS	19	90.0	7	2082.622	2082.922
2082.923	0.900000000000091	trials	55	s055_F200807	NoStim	0		7	2083.223	2083.522
2083.531	0.900000000000091	trials	55	s055_F200807	grCe_grSu1Ne	3	270.0	7	2083.831	2084.131
2084.1479999999997	0.900000000000091	trials	55	s055_F200807	grCe_grSu6CiNe	15	45.0	7	2084.448	2084.747
2092.8819999999996	0.900000000000091	trials	55	s055_F200807	grCe_grSu3Ne	5	135.0	7	2093.182	2093.482
2093.491	0.900000000000091	trials	55	s055_F200807	grCe_grSu6CiNe_PS	19	0.0	7	2093.791	2094.09
2094.091	0.900000000000091	trials	55	s055_F200807	coCe_grSu6Ne	17	0.0	7	2094.391	2094.69
2094.6989999999996	0.900000000000091	trials	55	s055_F200807	coCe_grSu6Ne	17	225.0	7	2094.999	2095.299
2100.441	0.900000000000091	trials	55	s055_F200807	grCe_grSu6CiNe_PS	19	315.0	7	2100.741	2101.041
2104.95	0.900000000000091	trials	55	s055_F200807	grCe_grSu3Ne	5	0.0	7	2105.25	2105.55
2105.5499999999997	0.900000000000091	trials	55	s055_F200807	grCe_grSu6Ne_PS	18	315.0	7	2105.85	2106.15
2106.151	0.900000000000091	trials	55	s055_F200807	grCe_grSu6CiNe	15	180.0	7	2106.451	2106.75
2106.767	0.900000000000091	trials	55	s055_F200807	grCe_grSu6Ne	7	0.0	7	2107.067	2107.367
2127.703	0.900000000000091	trials	55	s055_F200807	coCe_grSu6Ne	17	90.0	7	2128.003	2128.303
2128.903	0.900000000000091	trials	55	s055_F200807	grCe_grSu1Ne	3	90.0	7	2129.203	2129.503
2129.504	0.900000000000091	trials	55	s055_F200807	coCe	16	315.0	7	2129.804	2130.103
2135.5629999999996	0.900000000000091	trials	55	s055_F200807	grCe_grSu18Fa	11	135.0	7	2135.863	2136.162
2136.1879999999996	0.900000000000091	trials	55	s055_F200807	grCe_grSu12Mi	9	135.0	7	2136.488	2136.787
2136.796	0.900000000000091	trials	55	s055_F200807	grSu18Fa	10		7	2137.096	2137.396
2137.43	0.900000000000091	trials	55	s055_F200807	grCe_grSu3Ne	5	180.0	7	2137.73	2138.029
2148.064	0.900000000000091	trials	55	s055_F200807	grCe	1	180.0	7	2148.364	2148.664
2148.673	0.900000000000091	trials	55	s055_F200807	grCe_grSu18Fa	11	180.0	7	2148.973	2149.272
2149.2729999999997	0.900000000000091	trials	55	s055_F200807	grCe	1	90.0	7	2149.573	2149.872
2158.5739999999996	0.900000000000091	trials	55	s055_F200807	grCe_grSu6Ne	7	90.0	7	2158.874	2159.174
2159.174	0.900000000000091	trials	55	s055_F200807	grCe_grSu1Ne	3	0.0	7	2159.474	2159.774
2159.774	0.900000000000091	trials	55	s055_F200807	grCe_grSu3Ne	5	45.0	7	2160.074	2160.374
2160.408	0.900000000000091	trials	55	s055_F200807	grCe_grSu6Ne	7	225.0	7	2160.708	2161.007
2171.709	0.900000000000091	trials	55	s055_F200807	grCe_grSu6CiNe_PS	19	270.0	7	2172.009	2172.309
2172.3089999999997	0.900000000000091	trials	55	s055_F200807	grCe_grSu6CiNe_PS	19	180.0	7	2172.609	2172.909
2172.9339999999997	0.900000000000091	trials	55	s055_F200807	grSu12SmCiNe	12		7	2173.234	2173.534
2173.576	0.900000000000091	trials	55	s055_F200807	grSu1Ne	2		7	2173.876	2174.176
2183.761	0.900000000000091	trials	55	s055_F200807	grCe_grSu12SmCiNe	13	90.0	7	2184.061	2184.36
2184.361	0.900000000000091	trials	55	s055_F200807	grCe_grSu6Ne_PS	18	0.0	7	2184.661	2184.96
2184.961	0.900000000000091	trials	55	s055_F200807	coCe	16	135.0	7	2185.261	2185.56
2185.5769999999998	0.900000000000091	trials	55	s055_F200807	grCe_grSu18Fa	11	0.0	7	2185.877	2186.177
2205.138	0.900000000000091	trials	55	s055_F200807	coCe	16	90.0	7	2205.438	2205.738
2205.738	0.900000000000091	trials	55	s055_F200807	grCe_grSu6CiNe	15	225.0	7	2206.038	2206.338
2206.3379999999997	0.900000000000091	trials	55	s055_F200807	coCe	16	225.0	7	2206.638	2206.938
2206.9469999999997	0.900000000000091	trials	55	s055_F200807	grCe_grSu18Fa	11	180.0	3	2207.247	2207.547
2213.2729999999997	0.900000000000091	trials	55	s055_F200807	grCe	1	315.0	3	2213.573	2213.872
2213.881	0.900000000000091	trials	55	s055_F200807	grCe_grSu6Ne	7	225.0	3	2214.181	2214.481
2214.5229999999997	0.900000000000091	trials	55	s055_F200807	grCe	1	180.0	3	2214.823	2215.123
2215.1229999999996	0.900000000000091	trials	55	s055_F200807	grCe_grSu12SmCiNe_PS	21	90.0	3	2215.423	2215.723
2222.741	0.900000000000091	trials	55	s055_F200807	grCe_grSu12SmCiNe	13	0.0	3	2223.041	2223.34
2223.341	0.900000000000091	trials	55	s055_F200807	grCe_grSu6CiNe_PS	19	315.0	3	2223.641	2223.94
2223.9489999999996	0.900000000000091	trials	55	s055_F200807	grCe_grSu12Mi	9	180.0	3	2224.249	2224.549
2231.0	0.900000000000091	trials	55	s055_F200807	grCe_grSu6Ne	7	45.0	3	2231.3	2231.6
2231.6	0.900000000000091	trials	55	s055_F200807	grCe_grSu6Ne	7	90.0	3	2231.9	2232.2
2232.2	0.900000000000091	trials	55	s055_F200807	grCe_grSu6CiNe	15	180.0	3	2232.5	2232.8
2238.959	0.900000000000091	trials	55	s055_F200807	grCe_grSu12SmCiNe_PS	21	0.0	3	2239.259	2239.559
2239.5589999999997	0.900000000000091	trials	55	s055_F200807	grCe_grSu6Ne_PS	18	225.0	3	2239.859	2240.159
2240.185	0.900000000000091	trials	55	s055_F200807	grCe_grSu1Ne	3	315.0	3	2240.485	2240.784
2246.41	0.900000000000091	trials	55	s055_F200807	grCe_grSu6CiNe	15	90.0	3	2246.71	2247.01
2247.027	0.900000000000091	trials	55	s055_F200807	grCe_grSu3Ne	5	270.0	3	2247.327	2247.627
2247.669	0.900000000000091	trials	55	s055_F200807	coSu6Ne	20		3	2247.969	2248.269
2248.277	0.900000000000091	trials	55	s055_F200807	grCe_grSu12Mi	9	225.0	3	2248.577	2248.877
2259.1949999999997	0.900000000000091	trials	55	s055_F200807	grCe_grSu18Fa	11	45.0	3	2259.495	2259.995
2259.995	0.900000000000091	trials	55	s055_F200807	grCe_grSu6CiNe_PS	19	270.0	3	2260.295	2260.595
2264.5539999999996	0.900000000000091	trials	55	s055_F200807	grCe_grSu18Fa	11	90.0	3	2264.854	2265.154
2265.763	0.900000000000091	trials	55	s055_F200807	grCe_grSu12Mi	9	0.0	3	2266.063	2266.363
2266.3959999999997	0.900000000000091	trials	55	s055_F200807	grCe_grSu12SmCiNe	13	180.0	3	2266.696	2266.996
2272.705	0.900000000000091	trials	55	s055_F200807	grCe_grSu6CiNe_PS	19	90.0	3	2273.005	2273.305
2273.305	0.900000000000091	trials	55	s055_F200807	coCe_grSu6Ne	17	0.0	3	2273.605	2273.905
2273.906	0.900000000000091	trials	55	s055_F200807	grCe	1	90.0	3	2274.206	2274.505
2274.547	0.900000000000091	trials	55	s055_F200807	grCe_grSu12Mi	9	135.0	3	2274.847	2275.147
2280.673	0.900000000000091	trials	55	s055_F200807	grSu18Fa	10		3	2280.973	2281.273
2281.2819999999997	0.900000000000091	trials	55	s055_F200807	grCe_grSu6CiNe	15	0.0	3	2281.582	2281.881
2281.8819999999996	0.900000000000091	trials	55	s055_F200807	grCe_grSu12SmCiNe	13	90.0	3	2282.182	2282.481
2282.482	0.900000000000091	trials	55	s055_F200807	grCe_grSu6CiNe	15	315.0	3	2282.782	2283.081
2288.607	0.900000000000091	trials	55	s055_F200807	grCe_grSu6CiNe	15	135.0	3	2288.907	2289.207
2289.2329999999997	0.900000000000091	trials	55	s055_F200807	grCe_grSu3Ne	5	225.0	3	2289.533	2289.832
2289.841	0.900000000000091	trials	55	s055_F200807	grCe_grSu3Ne	5	90.0	3	2290.141	2290.441
2290.4739999999997	0.900000000000091	trials	55	s055_F200807	grCe_grSu18Fa	11	315.0	3	2290.774	2291.074
2296.692	0.900000000000091	trials	55	s055_F200807	grCe_grSu12Mi	9	315.0	3	2296.992	2297.292
2297.2999999999997	0.900000000000091	trials	55	s055_F200807	grCe_grSu6Ne	7	315.0	3	2297.6	2297.9
2297.942	0.900000000000091	trials	55	s055_F200807	coCe_grSu6Ne	17	270.0	3	2298.242	2298.542
2298.542	0.900000000000091	trials	55	s055_F200807	grCe_grSu6CiNe_PS	19	0.0	3	2298.842	2299.142
2304.7259999999997	0.900000000000091	trials	55	s055_F200807	coCe	16	225.0	3	2305.026	2305.326
2305.326	0.900000000000091	trials	55	s055_F200807	grCe_grSu3Ne	5	45.0	3	2305.626	2305.926
2305.935	0.900000000000091	trials	55	s055_F200807	grSu12Mi	8		3	2306.235	2306.534
2306.535	0.900000000000091	trials	55	s055_F200807	coCe	16	90.0	3	2306.835	2307.134
2312.627	0.900000000000091	trials	55	s055_F200807	grCe_grSu6Ne	7	0.0	3	2312.927	2313.227
2313.236	0.900000000000091	trials	55	s055_F200807	grCe_grSu6Ne_PS	18	0.0	3	2313.536	2313.835
2313.8439999999996	0.900000000000091	trials	55	s055_F200807	coCe_grSu6Ne	17	180.0	3	2314.144	2314.444
2318.6029999999996	0.900000000000091	trials	55	s055_F200807	coCe_grSu6Ne	17	90.0	3	2318.903	2319.203
2319.203	0.900000000000091	trials	55	s055_F200807	grCe_grSu1Ne	3	45.0	3	2319.503	2319.803
2319.803	0.900000000000091	trials	55	s055_F200807	grCe_grSu6CiNe_PS	19	135.0	3	2320.103	2320.403
2320.4199999999996	0.900000000000091	trials	55	s055_F200807	NoStim	0		3	2320.72	2321.02
2354.274	0.900000000000091	trials	55	s055_F200807	grCe_grSu18Fa	11	135.0	3	2354.574	2354.874
2354.883	0.900000000000091	trials	55	s055_F200807	grSu6Ne	6		3	2355.183	2355.482
2361.325	0.900000000000091	trials	55	s055_F200807	coCe	16	45.0	3	2361.625	2361.925
2361.942	0.900000000000091	trials	55	s055_F200807	grCe_grSu6Ne_PS	18	180.0	3	2362.242	2362.542
2362.575	0.900000000000091	trials	55	s055_F200807	coCe	16	180.0	3	2362.875	2363.175
2363.1839999999997	0.900000000000091	trials	55	s055_F200807	grCe_grSu12SmCiNe	13	315.0	3	2363.484	2363.783
2369.535	0.900000000000091	trials	55	s055_F200807	grSu12SmCiNe	12		3	2369.835	2370.134
2370.9179999999997	0.900000000000091	trials	55	s055_F200807	grCe_grSu6CiNe_PS	19	225.0	3	2371.218	2371.518
2371.527	0.900000000000091	trials	55	s055_F200807	grCe_grSu1Ne	3	0.0	3	2371.827	2372.126
2377.727	0.900000000000091	trials	55	s055_F200807	grCe_grSu12SmCiNe_PS	21	270.0	3	2378.027	2378.327
2378.3269999999998	0.900000000000091	trials	55	s055_F200807	coCe_grSu6Ne	17	315.0	3	2378.627	2378.927
2379.544	0.900000000000091	trials	55	s055_F200807	grCe	1	0.0	3	2379.844	2380.144
2386.979	0.900000000000091	trials	55	s055_F200807	grCe_grSu6Ne	7	180.0	3	2387.279	2387.578
2387.5789999999997	0.900000000000091	trials	55	s055_F200807	grCe_grSu3Ne	5	0.0	3	2387.879	2388.178
2391.904	0.900000000000091	trials	55	s055_F200807	grCe_grSu6Ne	7	270.0	3	2392.204	2392.504
2392.504	0.900000000000091	trials	55	s055_F200807	coCe	16	315.0	3	2392.804	2393.104
2393.104	0.900000000000091	trials	55	s055_F200807	coCe_grSu6Ne	17	45.0	3	2393.404	2393.704
2400.872	0.900000000000091	trials	55	s055_F200807	grCe_grSu12SmCiNe_PS	21	225.0	3	2401.172	2401.472
2401.48	0.900000000000091	trials	55	s055_F200807	grCe	1	225.0	3	2401.78	2402.08
2408.015	0.900000000000091	trials	55	s055_F200807	grCe_grSu12SmCiNe_PS	21	135.0	3	2408.315	2408.614
2408.64	0.900000000000091	trials	55	s055_F200807	grCe_grSu12SmCiNe_PS	21	180.0	3	2408.94	2409.239
2409.24	0.900000000000091	trials	55	s055_F200807	grSu6CiNe	14		3	2409.54	2409.839
2409.848	0.900000000000091	trials	55	s055_F200807	grCe_grSu18Fa	11	270.0	3	2410.148	2410.448
2421.058	0.900000000000091	trials	55	s055_F200807	grCe_grSu12SmCiNe_PS	21	315.0	3	2421.358	2421.658
2422.2909999999997	0.900000000000091	trials	55	s055_F200807	grCe	1	135.0	3	2422.591	2422.891
2430.459	0.900000000000091	trials	55	s055_F200807	coCe	16	0.0	3	2430.759	2431.059
2431.676	0.900000000000091	trials	55	s055_F200807	grCe_grSu1Ne	3	270.0	3	2431.976	2432.276
2446.261	0.900000000000091	trials	55	s055_F200807	grCe_grSu1Ne	3	90.0	3	2446.561	2446.861
2447.0359999999996	0.900000000000091	trials	55	s055_F200807	grCe_grSu12Mi	9	45.0	3	2447.336	2447.636
2451.095	0.900000000000091	trials	55	s055_F200807	grCe_grSu6Ne_PS	18	315.0	3	2451.395	2451.695
2451.7039999999997	0.900000000000091	trials	55	s055_F200807	grCe_grSu18Fa	11	225.0	3	2452.004	2452.303
2452.937	0.900000000000091	trials	55	s055_F200807	grSu1Ne	2		3	2453.237	2453.537
2459.138	0.900000000000091	trials	55	s055_F200807	grCe_grSu12SmCiNe	13	225.0	3	2459.438	2459.738
2459.7459999999996	0.900000000000091	trials	55	s055_F200807	grCe_grSu6Ne	7	135.0	3	2460.046	2460.346
2460.346	0.900000000000091	trials	55	s055_F200807	grCe_grSu1Ne	3	225.0	3	2460.646	2460.946
2460.946	0.900000000000091	trials	55	s055_F200807	grCe_grSu3Ne	5	180.0	3	2461.246	2461.546
2467.714	0.900000000000091	trials	55	s055_F200807	grCe_grSu3Ne	5	315.0	3	2468.014	2468.314
2468.3219999999997	0.900000000000091	trials	55	s055_F200807	coCe_grSu6Ne	17	135.0	3	2468.622	2468.922
2468.931	0.900000000000091	trials	55	s055_F200807	grCe_grSu6Ne_PS	18	45.0	3	2469.231	2469.53
2476.732	0.900000000000091	trials	55	s055_F200807	grCe_grSu6CiNe_PS	19	45.0	3	2477.032	2477.331
2477.332	0.900000000000091	trials	55	s055_F200807	grSu3Ne	4		3	2477.632	2477.932
2483.9579999999996	0.900000000000091	trials	55	s055_F200807	grCe_grSu6Ne_PS	18	135.0	3	2484.258	2484.557
2484.558	0.900000000000091	trials	55	s055_F200807	grCe	1	270.0	3	2484.858	2485.157
2485.1659999999997	0.900000000000091	trials	55	s055_F200807	grCe_grSu18Fa	11	0.0	3	2485.466	2485.766
2492.826	0.900000000000091	trials	55	s055_F200807	grCe_grSu12Mi	9	270.0	3	2493.126	2493.425
2497.209	0.900000000000091	trials	55	s055_F200807	grCe_grSu12SmCiNe	13	270.0	3	2497.509	2497.809
2497.8179999999998	0.900000000000091	trials	55	s055_F200807	grCe_grSu1Ne	3	180.0	3	2498.118	2498.418
2498.4179999999997	0.900000000000091	trials	55	s055_F200807	coCe	16	270.0	3	2498.718	2499.018
2499.018	0.900000000000091	trials	55	s055_F200807	grCe_grSu6Ne_PS	18	270.0	3	2499.318	2499.618
2518.187	0.900000000000091	trials	55	s055_F200807	grCe_grSu1Ne	3	135.0	3	2518.487	2518.787
2526.288	0.900000000000091	trials	55	s055_F200807	grCe_grSu6CiNe	15	225.0	3	2526.588	2526.888
2526.888	0.900000000000091	trials	55	s055_F200807	grCe_grSu3Ne	5	135.0	3	2527.188	2527.488
2528.0969999999998	0.900000000000091	trials	55	s055_F200807	grCe_grSu6CiNe	15	270.0	3	2528.397	2528.696
2535.173	0.900000000000091	trials	55	s055_F200807	grCe_grSu12SmCiNe	13	45.0	3	2535.473	2535.772
2535.7729999999997	0.900000000000091	trials	55	s055_F200807	coCe	16	135.0	3	2536.073	2536.372
2536.3729999999996	0.900000000000091	trials	55	s055_F200807	grCe_grSu12SmCiNe_PS	21	45.0	3	2536.673	2536.973
2545.7239999999997	0.900000000000091	trials	55	s055_F200807	grCe_grSu12Mi	9	90.0	3	2546.024	2546.324
2546.332	0.900000000000091	trials	55	s055_F200807	grCe_grSu12SmCiNe	13	135.0	3	2546.632	2546.932
2546.933	0.900000000000091	trials	55	s055_F200807	grCe_grSu6CiNe_PS	19	180.0	3	2547.233	2547.532
2547.5739999999996	0.900000000000091	trials	55	s055_F200807	grCe_grSu6CiNe	15	45.0	3	2547.874	2548.174
2568.102	0.900000000000091	trials	55	s055_F200807	grCe_grSu6Ne_PS	18	90.0	3	2568.402	2568.702
2568.71	0.900000000000091	trials	55	s055_F200807	grCe	1	45.0	3	2569.01	2569.31
2575.845	0.900000000000091	trials	55	s055_F200807	coCe_grSu6Ne	17	225.0	3	2576.145	2576.444
2577.662	0.900000000000091	trials	55	s055_F200807	grCe_grSu6CiNe_PS	19	135.0	0	2577.962	2578.261
2599.739	0.900000000000091	trials	55	s055_F200807	grCe_grSu1Ne	3	0.0	0	2600.039	2600.339
2600.339	0.900000000000091	trials	55	s055_F200807	coCe	16	0.0	0	2600.639	2600.939
2600.948	0.900000000000091	trials	55	s055_F200807	coCe_grSu6Ne	17	45.0	0	2601.248	2601.548
2601.5899999999997	0.900000000000091	trials	55	s055_F200807	grCe_grSu6Ne	7	315.0	0	2601.89	2602.189
2607.857	0.900000000000091	trials	55	s055_F200807	grCe_grSu6Ne	7	135.0	0	2608.157	2608.457
2608.4649999999997	0.900000000000091	trials	55	s055_F200807	coCe_grSu6Ne	17	315.0	0	2608.765	2609.065
2609.066	0.900000000000091	trials	55	s055_F200807	grCe_grSu6Ne_PS	18	225.0	0	2609.366	2609.665
2609.6659999999997	0.900000000000091	trials	55	s055_F200807	grCe_grSu1Ne	3	180.0	0	2609.966	2610.265
2616.4249999999997	0.900000000000091	trials	55	s055_F200807	grCe_grSu6CiNe_PS	19	90.0	0	2616.725	2617.025
2617.667	0.900000000000091	trials	55	s055_F200807	grCe_grSu6CiNe_PS	19	225.0	0	2617.967	2618.266
2623.8509999999997	0.900000000000091	trials	55	s055_F200807	grCe_grSu12SmCiNe_PS	21	45.0	0	2624.151	2624.451
2624.493	0.900000000000091	trials	55	s055_F200807	grCe_grSu6Ne	7	180.0	0	2624.793	2625.092
2625.1009999999997	0.900000000000091	trials	55	s055_F200807	grCe_grSu12Mi	9	45.0	0	2625.401	2625.701
2625.743	0.900000000000091	trials	55	s055_F200807	grCe	1	180.0	0	2626.043	2626.342
2642.1369999999997	0.900000000000091	trials	55	s055_F200807	grCe_grSu6CiNe	15	270.0	0	2642.437	2642.736
2642.7369999999996	0.900000000000091	trials	55	s055_F200807	coCe	16	270.0	0	2643.037	2643.336
2643.345	0.900000000000091	trials	55	s055_F200807	grCe_grSu12Mi	9	180.0	0	2643.645	2643.945
2650.0539999999996	0.900000000000091	trials	55	s055_F200807	grCe_grSu1Ne	3	225.0	0	2650.354	2650.654
2650.663	0.900000000000091	trials	55	s055_F200807	grCe_grSu6CiNe	15	180.0	0	2650.963	2651.262
2651.296	0.900000000000091	trials	55	s055_F200807	grCe_grSu6Ne	7	270.0	0	2651.596	2651.896
2651.8959999999997	0.900000000000091	trials	55	s055_F200807	grCe_grSu6CiNe_PS	19	180.0	0	2652.196	2652.496
2677.091	0.900000000000091	trials	55	s055_F200807	grCe_grSu3Ne	5	180.0	0	2677.391	2677.691
2678.2999999999997	0.900000000000091	trials	55	s055_F200807	grCe	1	225.0	0	2678.6	2678.899
2678.908	0.900000000000091	trials	55	s055_F200807	grCe_grSu12Mi	9	135.0	0	2679.208	2679.508
2688.9429999999998	0.900000000000091	trials	55	s055_F200807	coCe_grSu6Ne	17	90.0	0	2689.243	2689.542
2689.5429999999997	0.900000000000091	trials	55	s055_F200807	grCe_grSu3Ne	5	90.0	0	2689.843	2690.142
2690.743	0.900000000000091	trials	55	s055_F200807	coCe_grSu6Ne	17	270.0	0	2691.043	2691.342
2697.477	0.900000000000091	trials	55	s055_F200807	grCe_grSu12Mi	9	0.0	0	2697.777	2698.077
2698.102	0.900000000000091	trials	55	s055_F200807	coCe_grSu6Ne	17	0.0	0	2698.402	2698.702
2698.711	0.900000000000091	trials	55	s055_F200807	grCe_grSu18Fa	11	135.0	0	2699.011	2699.31
2707.145	0.900000000000091	trials	55	s055_F200807	grCe_grSu1Ne	3	135.0	0	2707.445	2707.745
2707.745	0.900000000000091	trials	55	s055_F200807	grCe	1	45.0	0	2708.045	2708.345
2708.345	0.900000000000091	trials	55	s055_F200807	grCe	1	0.0	0	2708.645	2708.945
2714.546	0.900000000000091	trials	55	s055_F200807	grCe_grSu12SmCiNe	13	180.0	0	2714.846	2715.146
2715.1459999999997	0.900000000000091	trials	55	s055_F200807	grSu12SmCiNe	12		0	2715.446	2715.746
2715.754	0.900000000000091	trials	55	s055_F200807	grCe_grSu12SmCiNe	13	0.0	0	2716.054	2716.354
2716.388	0.900000000000091	trials	55	s055_F200807	coCe	16	225.0	0	2716.688	2716.987
2765.7439999999997	0.900000000000091	trials	55	s055_F200807	coCe	16	90.0	0	2766.044	2766.344
2766.3439999999996	0.900000000000091	trials	55	s055_F200807	grCe_grSu6CiNe_PS	19	0.0	0	2766.644	2766.944
2766.9689999999996	0.900000000000091	trials	55	s055_F200807	grCe_grSu6CiNe_PS	19	45.0	0	2767.269	2767.569
2767.586	0.900000000000091	trials	55	s055_F200807	grCe_grSu12SmCiNe_PS	21	90.0	0	2767.886	2768.186
2779.2709999999997	0.900000000000091	trials	55	s055_F200807	grCe	1	270.0	0	2779.571	2779.871
2779.8709999999996	0.900000000000091	trials	55	s055_F200807	grCe_grSu3Ne	5	315.0	0	2780.171	2780.471
2780.471	0.900000000000091	trials	55	s055_F200807	coSu6Ne	20		0	2780.771	2781.071
2781.071	0.900000000000091	trials	55	s055_F200807	grCe	1	315.0	0	2781.371	2781.671
2796.865	0.900000000000091	trials	55	s055_F200807	grCe_grSu6CiNe	15	135.0	0	2797.165	2797.465
2797.4649999999997	0.900000000000091	trials	55	s055_F200807	grCe_grSu1Ne	3	270.0	0	2797.765	2798.065
2798.073	0.900000000000091	trials	55	s055_F200807	grCe_grSu18Fa	11	180.0	0	2798.373	2798.673
2798.6899999999996	0.900000000000091	trials	55	s055_F200807	coCe	16	135.0	0	2798.99	2799.29
2829.636	0.900000000000091	trials	55	s055_F200807	grSu18Fa	10		0	2829.936	2830.235
2830.2439999999997	0.900000000000091	trials	55	s055_F200807	grCe_grSu12Mi	9	270.0	0	2830.544	2830.844
2830.8689999999997	0.900000000000091	trials	55	s055_F200807	grCe_grSu6CiNe	15	0.0	0	2831.169	2831.469
2837.078	0.900000000000091	trials	55	s055_F200807	grCe_grSu3Ne	5	0.0	0	2837.378	2837.678
2837.678	0.900000000000091	trials	55	s055_F200807	grCe_grSu6CiNe	15	225.0	0	2837.978	2838.278
2838.3039999999996	0.900000000000091	trials	55	s055_F200807	grCe_grSu6Ne	7	45.0	0	2838.604	2838.903
2866.9069999999997	0.900000000000091	trials	55	s055_F200807	grCe_grSu6Ne_PS	18	45.0	0	2867.207	2867.507
2867.5159999999996	0.900000000000091	trials	55	s055_F200807	grCe_grSu12Mi	9	225.0	0	2867.816	2868.115
2868.1659999999997	0.900000000000091	trials	55	s055_F200807	grCe_grSu18Fa	11	315.0	0	2868.466	2868.765
2868.7659999999996	0.900000000000091	trials	55	s055_F200807	coCe_grSu6Ne	17	180.0	0	2869.066	2869.366
2874.917	0.900000000000091	trials	55	s055_F200807	grCe_grSu12SmCiNe	13	45.0	0	2875.217	2875.516
2875.533	0.900000000000091	trials	55	s055_F200807	grCe_grSu12SmCiNe	13	225.0	0	2875.833	2876.133
2876.133	0.900000000000091	trials	55	s055_F200807	grCe_grSu6CiNe	15	90.0	0	2876.433	2876.733
2881.109	0.900000000000091	trials	55	s055_F200807	grSu1Ne	2		0	2881.409	2881.709
2882.3179999999998	0.900000000000091	trials	55	s055_F200807	grCe_grSu3Ne	5	270.0	0	2882.618	2882.917
2904.095	0.900000000000091	trials	55	s055_F200807	grCe_grSu18Fa	11	90.0	0	2904.395	2904.695
2904.6949999999997	0.900000000000091	trials	55	s055_F200807	grCe_grSu12SmCiNe_PS	21	0.0	0	2904.995	2905.295
2905.296	0.900000000000091	trials	55	s055_F200807	grCe_grSu6Ne_PS	18	90.0	0	2905.596	2905.895
2905.8959999999997	0.900000000000091	trials	55	s055_F200807	grSu3Ne	4		0	2906.196	2906.495
2952.143	0.900000000000091	trials	55	s055_F200807	grCe_grSu1Ne	3	315.0	0	2952.443	2952.743
2952.768	0.900000000000091	trials	55	s055_F200807	grCe_grSu12SmCiNe	13	135.0	0	2953.068	2953.368
2954.035	0.900000000000091	trials	55	s055_F200807	grSu12Mi	8		0	2954.335	2954.635
2969.004	0.900000000000091	trials	55	s055_F200807	grCe_grSu6CiNe	15	45.0	0	2969.304	2969.603
2969.604	0.900000000000091	trials	55	s055_F200807	grCe_grSu6Ne_PS	18	180.0	0	2969.904	2970.204
2970.2459999999996	0.900000000000091	trials	55	s055_F200807	coCe	16	315.0	0	2970.546	2970.845
2970.854	0.900000000000091	trials	55	s055_F200807	grCe_grSu18Fa	11	0.0	0	2971.154	2971.454
2990.198	0.900000000000091	trials	55	s055_F200807	grCe_grSu12Mi	9	90.0	0	2990.498	2990.798
2990.798	0.900000000000091	trials	55	s055_F200807	grCe	1	135.0	0	2991.098	2991.398
2997.0159999999996	0.900000000000091	trials	55	s055_F200807	grCe_grSu12SmCiNe_PS	21	270.0	0	2997.316	2997.615
2997.649	0.900000000000091	trials	55	s055_F200807	grCe_grSu18Fa	11	225.0	0	2997.949	2998.249
3005.9669999999996	0.900000000000091	trials	55	s055_F200807	grCe_grSu6Ne_PS	18	270.0	0	3006.267	3006.567
3006.567	0.900000000000091	trials	55	s055_F200807	grCe_grSu6Ne	7	225.0	0	3006.867	3007.167
3007.167	0.900000000000091	trials	55	s055_F200807	grCe_grSu3Ne	5	225.0	0	3007.467	3007.767
3007.767	0.900000000000091	trials	55	s055_F200807	grCe_grSu12SmCiNe	13	90.0	0	3008.067	3008.367
3013.96	0.900000000000091	trials	55	s055_F200807	grCe	1	90.0	0	3014.26	3014.559
3014.56	0.900000000000091	trials	55	s055_F200807	NoStim	0		0	3014.86	3015.159
3015.16	0.900000000000091	trials	55	s055_F200807	grCe_grSu12SmCiNe_PS	21	180.0	0	3015.46	3015.759
3015.7599999999998	0.900000000000091	trials	55	s055_F200807	grCe_grSu6Ne	7	0.0	0	3016.06	3016.36
3022.5609999999997	0.900000000000091	trials	55	s055_F200807	grCe_grSu18Fa	11	45.0	0	3022.861	3023.16
3023.761	0.900000000000091	trials	55	s055_F200807	coCe_grSu6Ne	17	225.0	0	3024.061	3024.361
3045.6389999999997	0.900000000000091	trials	55	s055_F200807	coCe	16	45.0	0	3045.939	3046.238
3046.239	0.900000000000091	trials	55	s055_F200807	grCe_grSu6Ne	7	90.0	0	3046.539	3046.838
3046.8469999999998	0.900000000000091	trials	55	s055_F200807	coCe	16	180.0	0	3047.147	3047.447
3047.4559999999997	0.900000000000091	trials	55	s055_F200807	grCe_grSu1Ne	3	45.0	0	3047.756	3048.055
3053.948	0.900000000000091	trials	55	s055_F200807	grCe_grSu12SmCiNe_PS	21	135.0	0	3054.248	3054.548
3055.182	0.900000000000091	trials	55	s055_F200807	grCe_grSu6CiNe_PS	19	270.0	0	3055.482	3055.781
3055.8149999999996	0.900000000000091	trials	55	s055_F200807	grSu6Ne	6		0	3056.115	3056.415
3115.739	0.900000000000091	trials	55	s055_F200807	grCe_grSu3Ne	5	45.0	0	3116.039	3116.339
3123.374	0.900000000000091	trials	55	s055_F200807	grCe_grSu12SmCiNe_PS	21	315.0	0	3123.674	3123.973
3123.982	0.900000000000091	trials	55	s055_F200807	grCe_grSu18Fa	11	270.0	0	3124.282	3124.582
3124.582	0.900000000000091	trials	55	s055_F200807	grCe_grSu6Ne_PS	18	135.0	0	3124.882	3125.182
3125.182	0.900000000000091	trials	55	s055_F200807	grCe_grSu6Ne_PS	18	315.0	0	3125.482	3125.782
3131.6749999999997	0.900000000000091	trials	55	s055_F200807	grCe_grSu6Ne_PS	18	0.0	0	3131.975	3132.275
3132.2999999999997	0.900000000000091	trials	55	s055_F200807	grCe_grSu12SmCiNe	13	315.0	0	3132.6	3132.9
3132.9249999999997	0.900000000000091	trials	55	s055_F200807	grCe_grSu1Ne	3	90.0	0	3133.225	3133.525
3133.5499999999997	0.900000000000091	trials	55	s055_F200807	grCe_grSu12Mi	9	315.0	0	3133.85	3134.15
3140.468	0.900000000000091	trials	55	s055_F200807	grCe_grSu6CiNe_PS	19	315.0	0	3140.768	3141.067
3141.0679999999998	0.900000000000091	trials	55	s055_F200807	grCe_grSu3Ne	5	135.0	0	3141.368	3141.667
3141.6679999999997	0.900000000000091	trials	55	s055_F200807	grCe_grSu12SmCiNe	13	270.0	0	3141.968	3142.267
3147.9519999999998	0.900000000000091	trials	55	s055_F200807	grSu6CiNe	14		0	3148.252	3148.552
3148.5769999999998	0.900000000000091	trials	55	s055_F200807	coCe_grSu6Ne	17	135.0	0	3148.877	3149.177
3149.819	0.900000000000091	trials	55	s055_F200807	grCe_grSu6CiNe	15	315.0	0	3150.119	3150.419
3156.553	0.900000000000091	trials	55	s055_F200807	grCe_grSu12SmCiNe_PS	21	225.0	0	3156.853	3157.153
