onset	duration	nwb_table	ses_ID	ses_Name	cond_Name	cond_ID	target_rot	rep_num	pdOn	pdOff
32.078	0.8999999999999986	trials	36	s036_F200609	grCe_grSu6Ne_PS	18	90.0	2	32.378	32.678
40.821000000000005	0.8999999999999986	trials	36	s036_F200609	grCe_grSu12SmCiNe	13	135.0	2	41.121	41.421
41.455000000000005	0.8999999999999986	trials	36	s036_F200609	coCe_grSu6Ne	17	45.0	2	41.755	42.054
42.655	0.8999999999999986	trials	36	s036_F200609	grCe_grSu12SmCiNe	13	225.0	2	42.955	43.254
48.731	0.8999999999999986	trials	36	s036_F200609	grCe	1	90.0	2	49.031	49.33
49.356	0.8999999999999986	trials	36	s036_F200609	grCe_grSu12SmCiNe_PS	21	270.0	2	49.656	49.955
49.956	0.8999999999999986	trials	36	s036_F200609	coCe	16	0.0	2	50.256	50.555
50.556000000000004	0.8999999999999986	trials	36	s036_F200609	coCe	16	180.0	2	50.856	51.155
51.156000000000006	0.8999999999999986	trials	36	s036_F200609	grCe_grSu3Ne	5	45.0	2	51.456	51.756
57.348000000000006	0.8999999999999986	trials	36	s036_F200609	grCe_grSu6Ne	7	225.0	2	57.648	57.948
57.948	0.8999999999999986	trials	36	s036_F200609	coCe	16	45.0	2	58.248	58.548
58.582	0.8999999999999986	trials	36	s036_F200609	coCe_grSu6Ne	17	315.0	2	58.882	59.182
59.182	0.8999999999999986	trials	36	s036_F200609	grCe	1	270.0	2	59.482	59.782
59.782000000000004	0.8999999999999986	trials	36	s036_F200609	coSu6Ne	20		2	60.082	60.382
66.158	0.8999999999999915	trials	36	s036_F200609	grSu6Ne	6		2	66.458	66.758
70.35000000000001	0.8999999999999915	trials	36	s036_F200609	grCe_grSu12SmCiNe	13	315.0	2	70.65	70.95
71.55	0.8999999999999915	trials	36	s036_F200609	grCe_grSu6CiNe_PS	19	225.0	2	71.85	72.15
79.11800000000001	0.8999999999999915	trials	36	s036_F200609	grCe_grSu12SmCiNe_PS	21	180.0	2	79.418	79.718
79.718	0.8999999999999915	trials	36	s036_F200609	coCe_grSu6Ne	17	270.0	2	80.018	80.318
81.543	0.8999999999999915	trials	36	s036_F200609	grCe_grSu1Ne	3	0.0	2	81.843	82.143
87.852	0.8999999999999915	trials	36	s036_F200609	grCe_grSu3Ne	5	180.0	2	88.152	88.452
88.452	0.8999999999999915	trials	36	s036_F200609	grCe_grSu6Ne	7	90.0	2	88.752	89.052
89.052	0.8999999999999915	trials	36	s036_F200609	grCe_grSu6CiNe	15	180.0	2	89.352	89.652
89.694	0.8999999999999915	trials	36	s036_F200609	grCe_grSu12SmCiNe_PS	21	135.0	2	89.994	90.294
90.294	0.8999999999999915	trials	36	s036_F200609	grCe	1	315.0	2	90.594	90.894
96.47	0.8999999999999915	trials	36	s036_F200609	grCe_grSu6Ne_PS	18	45.0	2	96.77	97.07
97.10300000000001	0.8999999999999915	trials	36	s036_F200609	grCe_grSu3Ne	5	225.0	2	97.403	97.703
97.70400000000001	0.8999999999999915	trials	36	s036_F200609	grCe_grSu12Mi	9	90.0	2	98.004	98.303
102.45400000000001	0.8999999999999915	trials	36	s036_F200609	grCe_grSu6Ne	7	135.0	2	102.754	103.054
103.054	0.8999999999999915	trials	36	s036_F200609	grCe_grSu3Ne	5	315.0	2	103.354	103.654
103.654	0.8999999999999915	trials	36	s036_F200609	grCe_grSu12Mi	9	315.0	2	103.954	104.254
104.854	0.8999999999999915	trials	36	s036_F200609	grCe_grSu6CiNe	15	135.0	2	105.154	105.454
111.022	0.8999999999999915	trials	36	s036_F200609	grCe	1	180.0	2	111.322	111.622
111.622	0.8999999999999915	trials	36	s036_F200609	grCe_grSu6CiNe	15	0.0	2	111.922	112.222
112.22200000000001	0.8999999999999915	trials	36	s036_F200609	grCe_grSu12Mi	9	180.0	2	112.522	112.822
112.822	0.8999999999999915	trials	36	s036_F200609	grSu12SmCiNe	12		2	113.122	113.422
113.422	0.8999999999999915	trials	36	s036_F200609	grCe_grSu12SmCiNe	13	270.0	2	113.722	114.022
119.59	0.8999999999999915	trials	36	s036_F200609	grCe_grSu12SmCiNe_PS	21	0.0	2	119.89	120.189
120.19	0.8999999999999915	trials	36	s036_F200609	grCe_grSu18Fa	11	90.0	2	120.49	120.789
120.83200000000001	0.8999999999999915	trials	36	s036_F200609	grCe_grSu3Ne	5	270.0	2	121.132	121.431
121.432	0.8999999999999915	trials	36	s036_F200609	grSu18Fa	10		2	121.732	122.031
122.04	0.8999999999999915	trials	36	s036_F200609	grCe	1	135.0	2	122.34	122.64
128.34099999999998	0.9000000000000057	trials	36	s036_F200609	grCe_grSu18Fa	11	0.0	2	128.641	128.941
128.941	0.9000000000000057	trials	36	s036_F200609	grCe_grSu1Ne	3	135.0	2	129.241	129.541
130.141	0.9000000000000057	trials	36	s036_F200609	grCe_grSu12Mi	9	45.0	2	130.441	130.741
130.74099999999999	0.9000000000000057	trials	36	s036_F200609	grCe_grSu1Ne	3	180.0	2	131.041	131.341
140.642	0.9000000000000057	trials	36	s036_F200609	grCe_grSu6CiNe_PS	19	0.0	2	140.942	141.242
141.284	0.9000000000000057	trials	36	s036_F200609	grCe_grSu6Ne	7	180.0	2	141.584	141.884
142.493	0.9000000000000057	trials	36	s036_F200609	grCe_grSu6Ne	7	45.0	2	142.793	143.092
149.885	0.9000000000000057	trials	36	s036_F200609	grSu12Mi	8		2	150.185	150.485
150.48499999999999	0.9000000000000057	trials	36	s036_F200609	grSu6CiNe	14		2	150.785	151.085
151.094	0.9000000000000057	trials	36	s036_F200609	grCe_grSu12SmCiNe	13	0.0	2	151.394	151.693
151.702	0.9000000000000057	trials	36	s036_F200609	grCe_grSu1Ne	3	225.0	2	152.002	152.302
159.053	0.9000000000000057	trials	36	s036_F200609	grCe	1	45.0	2	159.353	159.653
159.653	0.9000000000000057	trials	36	s036_F200609	grCe_grSu18Fa	11	180.0	2	159.953	160.253
166.387	0.9000000000000057	trials	36	s036_F200609	coCe	16	225.0	2	166.687	166.987
166.987	0.9000000000000057	trials	36	s036_F200609	grCe_grSu1Ne	3	90.0	2	167.287	167.587
167.588	0.9000000000000057	trials	36	s036_F200609	grCe_grSu6Ne	7	315.0	2	167.888	168.187
168.85399999999998	0.9000000000000057	trials	36	s036_F200609	grCe_grSu12SmCiNe	13	90.0	2	169.154	169.454
175.23899999999998	0.9000000000000057	trials	36	s036_F200609	grCe_grSu6CiNe	15	315.0	2	175.539	175.838
175.839	0.9000000000000057	trials	36	s036_F200609	grCe_grSu6Ne_PS	18	135.0	2	176.139	176.438
176.447	0.9000000000000057	trials	36	s036_F200609	grCe_grSu6CiNe_PS	19	90.0	2	176.747	177.047
177.047	0.9000000000000057	trials	36	s036_F200609	grCe_grSu18Fa	11	135.0	2	177.347	177.647
177.68099999999998	0.9000000000000057	trials	36	s036_F200609	grCe_grSu12Mi	9	225.0	2	177.981	178.28
190.13199999999998	0.9000000000000057	trials	36	s036_F200609	grCe_grSu12SmCiNe	13	45.0	2	190.432	190.732
193.899	0.9000000000000057	trials	36	s036_F200609	grCe_grSu12SmCiNe_PS	21	45.0	2	194.199	194.499
195.283	0.9000000000000057	trials	36	s036_F200609	coCe_grSu6Ne	17	0.0	2	195.583	195.883
195.89999999999998	0.9000000000000057	trials	36	s036_F200609	grCe_grSu3Ne	5	0.0	2	196.2	196.499
196.5	0.9000000000000057	trials	36	s036_F200609	grCe_grSu18Fa	11	225.0	2	196.8	197.099
208.885	0.9000000000000057	trials	36	s036_F200609	grCe_grSu6Ne_PS	18	180.0	2	209.185	209.484
209.48499999999999	0.9000000000000057	trials	36	s036_F200609	grCe_grSu6CiNe_PS	19	135.0	2	209.785	210.084
210.101	0.9000000000000057	trials	36	s036_F200609	grCe_grSu18Fa	11	270.0	2	210.401	210.701
210.701	0.9000000000000057	trials	36	s036_F200609	grCe_grSu6Ne	7	270.0	2	211.001	211.301
217.33599999999998	0.9000000000000057	trials	36	s036_F200609	grCe_grSu3Ne	5	90.0	2	217.636	217.935
217.93599999999998	0.9000000000000057	trials	36	s036_F200609	coCe	16	90.0	2	218.236	218.535
219.136	0.9000000000000057	trials	36	s036_F200609	grCe_grSu3Ne	5	135.0	2	219.436	219.736
219.736	0.9000000000000057	trials	36	s036_F200609	grCe_grSu6CiNe	15	90.0	2	220.036	220.336
225.72	0.9000000000000057	trials	36	s036_F200609	grCe_grSu6Ne_PS	18	315.0	2	226.02	226.32
226.32	0.9000000000000057	trials	36	s036_F200609	grCe_grSu6CiNe	15	270.0	2	226.62	226.92
226.92	0.9000000000000057	trials	36	s036_F200609	grCe_grSu6Ne_PS	18	0.0	2	227.22	227.52
227.51999999999998	0.9000000000000057	trials	36	s036_F200609	grCe_grSu18Fa	11	45.0	2	227.82	228.12
234.28799999999998	0.9000000000000057	trials	36	s036_F200609	grCe_grSu18Fa	11	315.0	2	234.588	234.888
234.88799999999998	0.9000000000000057	trials	36	s036_F200609	grCe_grSu6CiNe_PS	19	270.0	2	235.188	235.488
236.105	0.9000000000000057	trials	36	s036_F200609	coCe_grSu6Ne	17	225.0	2	236.405	236.704
242.756	0.9000000000000057	trials	36	s036_F200609	grCe_grSu6CiNe_PS	19	45.0	2	243.056	243.355
243.356	0.9000000000000057	trials	36	s036_F200609	grCe_grSu6CiNe	15	45.0	2	243.656	243.955
243.956	0.9000000000000057	trials	36	s036_F200609	grCe_grSu12Mi	9	135.0	2	244.256	244.555
244.57299999999998	0.9000000000000057	trials	36	s036_F200609	grCe	1	225.0	2	244.873	245.172
245.18099999999998	0.9000000000000057	trials	36	s036_F200609	grCe_grSu12SmCiNe_PS	21	90.0	2	245.481	245.781
251.332	0.9000000000000057	trials	36	s036_F200609	NoStim	0		2	251.632	251.931
251.932	0.9000000000000057	trials	36	s036_F200609	grSu3Ne	4		2	252.232	252.532
252.565	0.9000000000000057	trials	36	s036_F200609	grCe_grSu1Ne	3	45.0	2	252.865	253.165
253.19899999999998	0.9000000000000057	trials	36	s036_F200609	grCe_grSu12SmCiNe	13	180.0	2	253.499	253.798
253.932	0.9000000000000057	trials	36	s036_F200609	grCe_grSu6CiNe_PS	19	180.0	2	254.232	254.532
260.159	0.9000000000000341	trials	36	s036_F200609	grCe_grSu6Ne_PS	18	270.0	2	260.459	260.759
260.759	0.9000000000000341	trials	36	s036_F200609	coCe_grSu6Ne	17	90.0	2	261.059	261.359
261.959	0.9000000000000341	trials	36	s036_F200609	grCe_grSu12Mi	9	0.0	2	262.259	262.559
262.55899999999997	0.9000000000000341	trials	36	s036_F200609	coCe_grSu6Ne	17	135.0	2	262.859	263.159
272.344	0.9000000000000341	trials	36	s036_F200609	grCe_grSu1Ne	3	270.0	2	272.644	272.943
272.944	0.9000000000000341	trials	36	s036_F200609	coCe	16	315.0	2	273.244	273.544
273.577	0.9000000000000341	trials	36	s036_F200609	grSu1Ne	2		2	273.877	274.177
274.17699999999996	0.9000000000000341	trials	36	s036_F200609	grCe_grSu12SmCiNe_PS	21	315.0	2	274.477	274.777
274.777	0.9000000000000341	trials	36	s036_F200609	grCe_grSu6Ne	7	0.0	2	275.077	275.377
280.828	0.9000000000000341	trials	36	s036_F200609	grCe_grSu1Ne	3	315.0	2	281.128	281.428
281.428	0.9000000000000341	trials	36	s036_F200609	grCe_grSu6Ne_PS	18	225.0	2	281.728	282.028
282.02799999999996	0.9000000000000341	trials	36	s036_F200609	grCe_grSu6CiNe	15	225.0	2	282.328	282.628
282.637	0.9000000000000341	trials	36	s036_F200609	coCe	16	135.0	2	282.937	283.236
283.23699999999997	0.9000000000000341	trials	36	s036_F200609	grCe_grSu6CiNe_PS	19	315.0	2	283.537	283.837
289.296	0.9000000000000341	trials	36	s036_F200609	grCe_grSu12Mi	9	270.0	2	289.596	289.896
289.896	0.9000000000000341	trials	36	s036_F200609	grCe	1	0.0	2	290.196	290.496
290.529	0.9000000000000341	trials	36	s036_F200609	coCe	16	270.0	2	290.829	291.129
291.163	0.9000000000000341	trials	36	s036_F200609	grCe_grSu12SmCiNe_PS	21	225.0	2	291.463	291.763
291.763	0.9000000000000341	trials	36	s036_F200609	coCe_grSu6Ne	17	180.0	2	292.063	292.363
301.739	0.9000000000000341	trials	36	s036_F200609	grSu1Ne	2		7	302.039	302.339
302.364	0.9000000000000341	trials	36	s036_F200609	grCe_grSu18Fa	11	45.0	7	302.664	302.964
302.964	0.9000000000000341	trials	36	s036_F200609	grSu18Fa	10		7	303.264	303.564
303.56399999999996	0.9000000000000341	trials	36	s036_F200609	grCe_grSu3Ne	5	135.0	7	303.864	304.164
309.74899999999997	0.9000000000000341	trials	36	s036_F200609	grCe	1	315.0	7	310.049	310.348
311.582	0.9000000000000341	trials	36	s036_F200609	grCe_grSu12Mi	9	180.0	7	311.882	312.182
312.216	0.9000000000000341	trials	36	s036_F200609	grCe	1	180.0	7	312.516	312.815
318.34999999999997	0.9000000000000341	trials	36	s036_F200609	coCe	16	45.0	7	318.65	318.949
318.95	0.9000000000000341	trials	36	s036_F200609	grCe_grSu12SmCiNe	13	135.0	7	319.25	319.549
319.55	0.9000000000000341	trials	36	s036_F200609	grCe_grSu6Ne_PS	18	315.0	7	319.85	320.15
323.325	0.9000000000000341	trials	36	s036_F200609	grCe_grSu12SmCiNe	13	270.0	7	323.625	323.925
323.925	0.9000000000000341	trials	36	s036_F200609	grCe_grSu1Ne	3	90.0	7	324.225	324.525
327.526	0.9000000000000341	trials	36	s036_F200609	grCe_grSu6Ne	7	225.0	7	327.826	328.126
328.126	0.9000000000000341	trials	36	s036_F200609	grCe_grSu12Mi	9	315.0	7	328.426	328.726
328.734	0.9000000000000341	trials	36	s036_F200609	grCe_grSu6CiNe_PS	19	225.0	7	329.034	329.334
329.334	0.9000000000000341	trials	36	s036_F200609	grCe_grSu12SmCiNe_PS	21	225.0	7	329.634	329.934
335.977	0.9000000000000341	trials	36	s036_F200609	grCe_grSu12SmCiNe_PS	21	270.0	7	336.277	336.577
336.577	0.9000000000000341	trials	36	s036_F200609	grCe_grSu12SmCiNe_PS	21	45.0	7	336.877	337.177
337.17699999999996	0.9000000000000341	trials	36	s036_F200609	grCe_grSu12SmCiNe	13	315.0	7	337.477	337.777
337.786	0.9000000000000341	trials	36	s036_F200609	grCe_grSu6CiNe_PS	19	0.0	7	338.086	338.385
338.38599999999997	0.9000000000000341	trials	36	s036_F200609	grCe_grSu6Ne_PS	18	270.0	7	338.686	338.985
347.929	0.9000000000000341	trials	36	s036_F200609	grCe_grSu6CiNe	15	0.0	7	348.229	348.528
348.529	0.9000000000000341	trials	36	s036_F200609	grSu3Ne	4		7	348.829	349.128
349.162	0.9000000000000341	trials	36	s036_F200609	coCe	16	270.0	7	349.462	349.762
349.795	0.9000000000000341	trials	36	s036_F200609	grCe_grSu12SmCiNe	13	45.0	7	350.095	350.395
350.437	0.9000000000000341	trials	36	s036_F200609	grSu12Mi	8		7	350.737	351.037
356.47999999999996	0.9000000000000341	trials	36	s036_F200609	coCe_grSu6Ne	17	315.0	7	356.78	357.079
360.063	0.9000000000000341	trials	36	s036_F200609	grCe_grSu6Ne_PS	18	225.0	7	360.363	360.663
360.664	0.9000000000000341	trials	36	s036_F200609	coCe_grSu6Ne	17	90.0	7	360.964	361.263
361.29699999999997	0.9000000000000341	trials	36	s036_F200609	grCe_grSu12Mi	9	90.0	7	361.597	361.897
361.897	0.9000000000000341	trials	36	s036_F200609	grCe_grSu6Ne_PS	18	180.0	7	362.197	362.497
368.83099999999996	0.9000000000000341	trials	36	s036_F200609	grCe_grSu3Ne	5	270.0	7	369.131	369.431
369.431	0.9000000000000341	trials	36	s036_F200609	grCe_grSu6Ne_PS	18	90.0	7	369.731	370.031
370.031	0.9000000000000341	trials	36	s036_F200609	coCe_grSu6Ne	17	135.0	7	370.331	370.631
370.64	0.9000000000000341	trials	36	s036_F200609	grCe	1	45.0	7	370.94	371.24
371.257	0.9000000000000341	trials	36	s036_F200609	grCe_grSu6Ne_PS	18	0.0	7	371.557	371.856
377.349	0.9000000000000341	trials	36	s036_F200609	grCe_grSu6Ne	7	180.0	7	377.649	377.949
377.949	0.9000000000000341	trials	36	s036_F200609	grCe_grSu6CiNe_PS	19	180.0	7	378.249	378.549
378.549	0.9000000000000341	trials	36	s036_F200609	coCe_grSu6Ne	17	180.0	7	378.849	379.149
379.174	0.9000000000000341	trials	36	s036_F200609	grCe_grSu6CiNe_PS	19	315.0	7	379.474	379.774
379.774	0.9000000000000341	trials	36	s036_F200609	grCe_grSu1Ne	3	270.0	7	380.074	380.374
386.0	0.9000000000000341	trials	36	s036_F200609	grCe_grSu1Ne	3	135.0	7	386.3	386.6
387.8	0.9000000000000341	trials	36	s036_F200609	coCe	16	0.0	7	388.1	388.4
391.409	0.9000000000000341	trials	36	s036_F200609	grCe_grSu6CiNe	15	270.0	7	391.709	392.009
392.618	0.9000000000000341	trials	36	s036_F200609	coCe	16	315.0	7	392.918	393.217
393.234	0.9000000000000341	trials	36	s036_F200609	coCe	16	180.0	7	393.534	393.834
393.834	0.9000000000000341	trials	36	s036_F200609	grSu6Ne	6		7	394.134	394.434
399.977	0.9000000000000341	trials	36	s036_F200609	grSu6CiNe	14		7	400.277	400.577
401.17699999999996	0.9000000000000341	trials	36	s036_F200609	grCe_grSu18Fa	11	225.0	7	401.477	401.777
401.777	0.9000000000000341	trials	36	s036_F200609	grCe_grSu18Fa	11	315.0	7	402.077	402.377
402.38599999999997	0.9000000000000341	trials	36	s036_F200609	grCe_grSu6CiNe	15	180.0	7	402.686	402.985
409.15299999999996	0.9000000000000341	trials	36	s036_F200609	grCe_grSu6Ne	7	45.0	7	409.453	409.753
409.887	0.9000000000000341	trials	36	s036_F200609	grCe_grSu3Ne	5	315.0	7	410.187	410.486
413.50399999999996	0.9000000000000341	trials	36	s036_F200609	grCe_grSu12SmCiNe_PS	21	180.0	7	413.804	414.103
414.712	0.9000000000000341	trials	36	s036_F200609	grCe_grSu12SmCiNe	13	180.0	7	415.012	415.312
415.32099999999997	0.9000000000000341	trials	36	s036_F200609	grCe_grSu12Mi	9	135.0	7	415.621	415.92
415.929	0.9000000000000341	trials	36	s036_F200609	grCe_grSu12SmCiNe_PS	21	135.0	7	416.229	416.529
422.405	0.9000000000000341	trials	36	s036_F200609	grCe_grSu3Ne	5	0.0	7	422.705	423.005
423.005	0.9000000000000341	trials	36	s036_F200609	grCe_grSu3Ne	5	180.0	7	423.305	423.605
423.60499999999996	0.9000000000000341	trials	36	s036_F200609	grCe_grSu3Ne	5	90.0	7	423.905	424.205
424.863	0.9000000000000341	trials	36	s036_F200609	grCe_grSu6CiNe_PS	19	135.0	7	425.163	425.463
434.156	0.9000000000000341	trials	36	s036_F200609	grCe_grSu12SmCiNe	13	225.0	7	434.456	434.756
435.957	0.9000000000000341	trials	36	s036_F200609	grCe_grSu6CiNe	15	315.0	7	436.257	436.556
436.557	0.9000000000000341	trials	36	s036_F200609	grCe	1	0.0	7	436.857	437.156
442.724	0.9000000000000341	trials	36	s036_F200609	grCe_grSu12Mi	9	225.0	7	443.024	443.324
446.26599999999996	0.9000000000000341	trials	36	s036_F200609	grCe_grSu12SmCiNe_PS	21	315.0	7	446.566	446.866
448.066	0.9000000000000341	trials	36	s036_F200609	grCe	1	135.0	7	448.366	448.666
448.667	0.9000000000000341	trials	36	s036_F200609	grCe_grSu18Fa	11	270.0	7	448.967	449.266
454.74199999999996	0.9000000000000341	trials	36	s036_F200609	NoStim	0		7	455.042	455.342
455.36699999999996	0.9000000000000341	trials	36	s036_F200609	grCe_grSu12Mi	9	270.0	7	455.667	455.967
455.967	0.9000000000000341	trials	36	s036_F200609	grCe_grSu6Ne	7	135.0	7	456.267	456.567
456.609	0.9000000000000341	trials	36	s036_F200609	coCe	16	90.0	7	456.909	457.209
457.243	0.9000000000000341	trials	36	s036_F200609	grCe	1	225.0	7	457.543	457.842
466.38599999999997	0.9000000000000341	trials	36	s036_F200609	grCe_grSu6Ne	7	315.0	7	466.686	466.985
466.986	0.9000000000000341	trials	36	s036_F200609	grCe_grSu6CiNe_PS	19	270.0	7	467.286	467.585
467.586	0.9000000000000341	trials	36	s036_F200609	grCe_grSu6Ne	7	90.0	7	467.886	468.185
468.186	0.9000000000000341	trials	36	s036_F200609	grCe_grSu6CiNe_PS	19	45.0	7	468.486	468.785
468.836	0.9000000000000341	trials	36	s036_F200609	grCe_grSu18Fa	11	180.0	7	469.136	469.436
474.962	0.9000000000000341	trials	36	s036_F200609	grCe_grSu6Ne	7	270.0	7	475.262	475.561
476.17	0.9000000000000341	trials	36	s036_F200609	grCe_grSu1Ne	3	45.0	7	476.47	476.77
476.77	0.9000000000000341	trials	36	s036_F200609	coCe	16	135.0	7	477.07	477.37
477.404	0.9000000000000341	trials	36	s036_F200609	grCe_grSu18Fa	11	135.0	7	477.704	478.003
483.529	0.9000000000000341	trials	36	s036_F200609	grCe_grSu6CiNe	15	45.0	7	483.829	484.129
487.938	0.9000000000000341	trials	36	s036_F200609	grCe_grSu12SmCiNe_PS	21	0.0	7	488.238	488.538
488.538	0.9000000000000341	trials	36	s036_F200609	coCe_grSu6Ne	17	45.0	7	488.838	489.138
489.138	0.9000000000000341	trials	36	s036_F200609	grCe_grSu1Ne	3	315.0	7	489.438	489.738
489.755	0.9000000000000341	trials	36	s036_F200609	grCe	1	90.0	7	490.055	490.355
490.35499999999996	0.9000000000000341	trials	36	s036_F200609	grCe_grSu12SmCiNe_PS	21	90.0	7	490.655	490.955
496.64799999999997	0.9000000000000341	trials	36	s036_F200609	grCe_grSu3Ne	5	45.0	7	496.948	497.247
497.256	0.9000000000000341	trials	36	s036_F200609	grCe_grSu12SmCiNe	13	0.0	7	497.556	497.856
498.49	0.9000000000000341	trials	36	s036_F200609	grCe_grSu12Mi	9	45.0	7	498.79	499.089
505.382	0.9000000000000341	trials	36	s036_F200609	coCe_grSu6Ne	17	270.0	7	505.682	505.982
506.007	0.9000000000000341	trials	36	s036_F200609	grSu12SmCiNe	12		7	506.307	506.607
506.64099999999996	0.9000000000000341	trials	36	s036_F200609	grCe_grSu18Fa	11	90.0	7	506.941	507.24
507.241	0.9000000000000341	trials	36	s036_F200609	grCe_grSu6CiNe	15	135.0	7	507.541	507.84
507.841	0.9000000000000341	trials	36	s036_F200609	grCe_grSu6Ne_PS	18	45.0	7	508.141	508.441
516.859	0.8999999999999773	trials	36	s036_F200609	grCe_grSu3Ne	5	225.0	7	517.159	517.458
518.0590000000001	0.8999999999999773	trials	36	s036_F200609	grCe_grSu6Ne_PS	18	135.0	7	518.359	518.659
518.659	0.8999999999999773	trials	36	s036_F200609	grCe_grSu12Mi	9	0.0	7	518.959	519.259
519.259	0.8999999999999773	trials	36	s036_F200609	grCe_grSu1Ne	3	180.0	7	519.559	519.859
525.4350000000001	0.8999999999999773	trials	36	s036_F200609	grCe_grSu6Ne	7	0.0	7	525.735	526.034
526.6930000000001	0.8999999999999773	trials	36	s036_F200609	grCe_grSu6CiNe_PS	19	90.0	7	526.993	527.293
527.302	0.8999999999999773	trials	36	s036_F200609	coSu6Ne	20		7	527.602	527.901
527.902	0.8999999999999773	trials	36	s036_F200609	grCe	1	270.0	7	528.202	528.501
534.061	0.8999999999999773	trials	36	s036_F200609	grCe_grSu18Fa	11	0.0	7	534.361	534.661
534.6610000000001	0.8999999999999773	trials	36	s036_F200609	grCe_grSu6CiNe	15	225.0	7	534.961	535.261
535.861	0.8999999999999773	trials	36	s036_F200609	grCe_grSu6CiNe	15	90.0	7	536.161	536.461
536.461	0.8999999999999773	trials	36	s036_F200609	grCe_grSu1Ne	3	225.0	7	536.761	537.061
543.2370000000001	0.8999999999999773	trials	36	s036_F200609	coCe_grSu6Ne	17	0.0	7	543.537	543.837
543.837	0.8999999999999773	trials	36	s036_F200609	grCe_grSu12SmCiNe	13	90.0	7	544.137	544.437
544.462	0.8999999999999773	trials	36	s036_F200609	coCe	16	225.0	7	544.762	545.062
545.062	0.8999999999999773	trials	36	s036_F200609	grCe_grSu1Ne	3	0.0	7	545.362	545.662
551.738	0.8999999999999773	trials	36	s036_F200609	coCe_grSu6Ne	17	225.0	7	552.038	552.338
555.9140000000001	0.8999999999999773	trials	36	s036_F200609	grCe_grSu6CiNe	15	135.0	9	556.214	556.513
559.839	0.8999999999999773	trials	36	s036_F200609	grCe	1	135.0	9	560.139	560.439
560.4390000000001	0.8999999999999773	trials	36	s036_F200609	grCe_grSu12SmCiNe_PS	21	180.0	9	560.739	561.039
561.0390000000001	0.8999999999999773	trials	36	s036_F200609	grCe_grSu18Fa	11	270.0	9	561.339	561.639
561.639	0.8999999999999773	trials	36	s036_F200609	grCe_grSu18Fa	11	0.0	9	561.939	562.239
568.34	0.8999999999999773	trials	36	s036_F200609	grCe_grSu1Ne	3	90.0	9	568.64	568.94
568.965	0.8999999999999773	trials	36	s036_F200609	grCe_grSu6Ne_PS	18	0.0	9	569.265	569.565
569.565	0.8999999999999773	trials	36	s036_F200609	grCe_grSu12Mi	9	180.0	9	569.865	570.165
570.191	0.8999999999999773	trials	36	s036_F200609	grCe_grSu12SmCiNe_PS	21	0.0	9	570.491	570.79
570.791	0.8999999999999773	trials	36	s036_F200609	grSu1Ne	2		9	571.091	571.39
576.9000000000001	0.8999999999999773	trials	36	s036_F200609	grCe_grSu1Ne	3	315.0	9	577.2	577.499
578.1	0.8999999999999773	trials	36	s036_F200609	coCe_grSu6Ne	17	135.0	9	578.4	578.7
581.5840000000001	0.8999999999999773	trials	36	s036_F200609	grCe_grSu18Fa	11	45.0	9	581.884	582.183
585.168	0.8999999999999773	trials	36	s036_F200609	coCe	16	45.0	9	585.468	585.767
585.768	0.8999999999999773	trials	36	s036_F200609	grCe_grSu6CiNe_PS	19	45.0	9	586.068	586.367
586.368	0.8999999999999773	trials	36	s036_F200609	grCe_grSu3Ne	5	90.0	9	586.668	586.967
586.984	0.8999999999999773	trials	36	s036_F200609	grCe_grSu6Ne	7	0.0	9	587.284	587.584
587.5840000000001	0.8999999999999773	trials	36	s036_F200609	grCe_grSu12SmCiNe	13	45.0	9	587.884	588.184
593.744	0.8999999999999773	trials	36	s036_F200609	grSu3Ne	4		9	594.044	594.343
594.344	0.8999999999999773	trials	36	s036_F200609	grCe_grSu3Ne	5	225.0	9	594.644	594.943
594.9440000000001	0.8999999999999773	trials	36	s036_F200609	coSu6Ne	20		9	595.244	595.543
595.5440000000001	0.8999999999999773	trials	36	s036_F200609	grCe_grSu12Mi	9	315.0	9	595.844	596.144
596.177	0.8999999999999773	trials	36	s036_F200609	grCe_grSu6Ne	7	270.0	9	596.477	596.777
602.57	0.8999999999999773	trials	36	s036_F200609	grCe_grSu6CiNe_PS	19	315.0	9	602.87	603.169
606.095	0.8999999999999773	trials	36	s036_F200609	grCe_grSu6Ne_PS	18	315.0	9	606.395	606.695
606.695	0.8999999999999773	trials	36	s036_F200609	grCe_grSu6CiNe	15	45.0	9	606.995	607.295
607.2950000000001	0.8999999999999773	trials	36	s036_F200609	grCe_grSu6Ne	7	315.0	9	607.595	607.895
607.904	0.8999999999999773	trials	36	s036_F200609	coCe_grSu6Ne	17	45.0	9	608.204	608.503
615.446	0.8999999999999773	trials	36	s036_F200609	grCe	1	45.0	9	615.746	616.046
623.047	0.8999999999999773	trials	36	s036_F200609	coCe	16	225.0	9	623.347	623.647
624.273	0.8999999999999773	trials	36	s036_F200609	coCe	16	270.0	9	624.573	624.872
625.5310000000001	0.8999999999999773	trials	36	s036_F200609	grCe_grSu12SmCiNe_PS	21	90.0	9	625.831	626.131
631.74	0.8999999999999773	trials	36	s036_F200609	grCe_grSu12SmCiNe	13	180.0	9	632.04	632.34
632.3820000000001	0.8999999999999773	trials	36	s036_F200609	grCe_grSu18Fa	11	90.0	9	632.682	632.982
632.9820000000001	0.8999999999999773	trials	36	s036_F200609	grCe_grSu12SmCiNe_PS	21	270.0	9	633.282	633.582
633.582	0.8999999999999773	trials	36	s036_F200609	grCe_grSu6Ne	7	180.0	9	633.882	634.182
634.182	0.8999999999999773	trials	36	s036_F200609	grSu12SmCiNe	12		9	634.482	634.782
640.308	0.8999999999999773	trials	36	s036_F200609	grCe_grSu1Ne	3	225.0	9	640.608	640.908
640.9250000000001	0.8999999999999773	trials	36	s036_F200609	grCe	1	225.0	9	641.225	641.524
641.5500000000001	0.8999999999999773	trials	36	s036_F200609	grCe_grSu18Fa	11	135.0	9	641.85	642.15
642.183	0.8999999999999773	trials	36	s036_F200609	grCe_grSu6CiNe	15	0.0	9	642.483	642.783
642.783	0.8999999999999773	trials	36	s036_F200609	grCe_grSu3Ne	5	270.0	9	643.083	643.383
649.0260000000001	0.8999999999999773	trials	36	s036_F200609	grCe_grSu1Ne	3	180.0	9	649.326	649.625
651.4430000000001	0.8999999999999773	trials	36	s036_F200609	coCe_grSu6Ne	17	225.0	9	651.743	652.042
658.61	0.8999999999999773	trials	36	s036_F200609	coCe_grSu6Ne	17	315.0	9	658.91	659.21
665.6610000000001	0.8999999999999773	trials	36	s036_F200609	coCe_grSu6Ne	17	90.0	9	665.961	666.261
666.2610000000001	0.8999999999999773	trials	36	s036_F200609	grCe	1	180.0	9	666.561	666.861
666.861	0.8999999999999773	trials	36	s036_F200609	grCe_grSu1Ne	3	270.0	9	667.161	667.461
668.062	0.8999999999999773	trials	36	s036_F200609	grCe	1	315.0	9	668.362	668.661
674.296	0.8999999999999773	trials	36	s036_F200609	grCe_grSu6CiNe	15	90.0	9	674.596	674.895
674.9290000000001	0.8999999999999773	trials	36	s036_F200609	grCe_grSu1Ne	3	0.0	9	675.229	675.529
676.129	0.8999999999999773	trials	36	s036_F200609	grCe_grSu6CiNe_PS	19	270.0	9	676.429	676.729
676.729	0.8999999999999773	trials	36	s036_F200609	grCe_grSu12SmCiNe	13	135.0	9	677.029	677.329
682.855	0.8999999999999773	trials	36	s036_F200609	coCe	16	315.0	9	683.155	683.455
683.455	0.8999999999999773	trials	36	s036_F200609	grCe_grSu6Ne	7	135.0	9	683.755	684.055
687.4060000000001	0.8999999999999773	trials	36	s036_F200609	grCe_grSu6Ne_PS	18	225.0	9	687.706	688.005
688.0060000000001	0.8999999999999773	trials	36	s036_F200609	grCe_grSu6Ne_PS	18	270.0	9	688.306	688.606
688.606	0.8999999999999773	trials	36	s036_F200609	coCe_grSu6Ne	17	0.0	9	688.906	689.206
689.206	0.8999999999999773	trials	36	s036_F200609	grCe_grSu6CiNe	15	225.0	9	689.506	689.806
689.806	0.8999999999999773	trials	36	s036_F200609	grCe_grSu12SmCiNe_PS	21	45.0	9	690.106	690.406
696.09	0.8999999999999773	trials	36	s036_F200609	grCe_grSu6Ne_PS	18	45.0	9	696.39	696.69
697.2900000000001	0.8999999999999773	trials	36	s036_F200609	coCe_grSu6Ne	17	270.0	9	697.59	697.89
697.9150000000001	0.8999999999999773	trials	36	s036_F200609	NoStim	0		9	698.215	698.515
702.041	0.8999999999999773	trials	36	s036_F200609	grCe_grSu6Ne_PS	18	90.0	9	702.341	702.641
702.6410000000001	0.8999999999999773	trials	36	s036_F200609	coCe	16	135.0	9	702.941	703.241
703.8580000000001	0.8999999999999773	trials	36	s036_F200609	grCe_grSu18Fa	11	180.0	9	704.158	704.458
704.475	0.8999999999999773	trials	36	s036_F200609	grCe_grSu6Ne_PS	18	135.0	9	704.775	705.074
711.4000000000001	0.8999999999999773	trials	36	s036_F200609	grSu6Ne	6		9	711.7	712.0
712.0010000000001	0.8999999999999773	trials	36	s036_F200609	coCe	16	90.0	9	712.301	712.6
712.601	0.8999999999999773	trials	36	s036_F200609	grCe_grSu6CiNe_PS	19	0.0	9	712.901	713.2
713.2170000000001	0.8999999999999773	trials	36	s036_F200609	grCe_grSu6CiNe_PS	19	225.0	9	713.517	713.817
719.6020000000001	0.8999999999999773	trials	36	s036_F200609	grCe_grSu3Ne	5	45.0	9	719.902	720.201
720.202	0.8999999999999773	trials	36	s036_F200609	grCe_grSu6CiNe	15	180.0	9	720.502	720.801
721.402	0.8999999999999773	trials	36	s036_F200609	grCe_grSu6CiNe	15	270.0	9	721.702	722.001
722.0440000000001	0.8999999999999773	trials	36	s036_F200609	grCe_grSu12SmCiNe_PS	21	315.0	9	722.344	722.643
728.219	0.8999999999999773	trials	36	s036_F200609	grCe_grSu6Ne_PS	18	180.0	9	728.519	728.819
728.836	0.8999999999999773	trials	36	s036_F200609	grCe	1	0.0	9	729.136	729.436
729.436	0.8999999999999773	trials	36	s036_F200609	grCe_grSu12SmCiNe	13	270.0	9	729.736	730.036
730.0360000000001	0.8999999999999773	trials	36	s036_F200609	grSu6CiNe	14		9	730.336	730.636
730.6360000000001	0.8999999999999773	trials	36	s036_F200609	grCe_grSu12SmCiNe	13	90.0	9	730.936	731.236
737.4960000000001	0.8999999999999773	trials	36	s036_F200609	grSu12Mi	8		9	737.796	738.095
738.096	0.8999999999999773	trials	36	s036_F200609	grCe	1	270.0	9	738.396	738.695
738.696	0.8999999999999773	trials	36	s036_F200609	grCe_grSu18Fa	11	315.0	9	738.996	739.295
739.296	0.8999999999999773	trials	36	s036_F200609	coCe	16	0.0	9	739.596	739.895
754.3230000000001	0.8999999999999773	trials	36	s036_F200609	grCe_grSu12SmCiNe	13	0.0	9	754.623	754.922
754.923	0.8999999999999773	trials	36	s036_F200609	grCe_grSu12Mi	9	0.0	9	755.223	755.522
755.548	0.8999999999999773	trials	36	s036_F200609	grCe_grSu6Ne	7	225.0	9	755.848	756.148
756.1650000000001	0.8999999999999773	trials	36	s036_F200609	grCe_grSu12SmCiNe_PS	21	225.0	9	756.465	756.764
756.7650000000001	0.8999999999999773	trials	36	s036_F200609	grCe_grSu6CiNe_PS	19	180.0	9	757.065	757.364
762.865	0.8999999999999773	trials	36	s036_F200609	coCe	16	180.0	9	763.165	763.465
767.274	0.8999999999999773	trials	36	s036_F200609	grCe_grSu12Mi	9	90.0	9	767.574	767.874
769.075	0.8999999999999773	trials	36	s036_F200609	grCe_grSu1Ne	3	135.0	9	769.375	769.674
769.6750000000001	0.8999999999999773	trials	36	s036_F200609	coCe_grSu6Ne	17	180.0	9	769.975	770.274
776.192	0.8999999999999773	trials	36	s036_F200609	grCe_grSu1Ne	3	45.0	9	776.492	776.792
776.8340000000001	0.8999999999999773	trials	36	s036_F200609	grCe_grSu12Mi	9	135.0	9	777.134	777.434
777.4340000000001	0.8999999999999773	trials	36	s036_F200609	grCe_grSu6Ne	7	45.0	9	777.734	778.034
778.034	0.8999999999999773	trials	36	s036_F200609	grCe_grSu6CiNe_PS	19	135.0	9	778.334	778.634
778.634	0.8999999999999773	trials	36	s036_F200609	grCe_grSu3Ne	5	135.0	9	778.934	779.234
784.8430000000001	0.8999999999999773	trials	36	s036_F200609	grCe_grSu3Ne	5	180.0	9	785.143	785.443
785.4430000000001	0.8999999999999773	trials	36	s036_F200609	grCe_grSu12SmCiNe_PS	21	135.0	9	785.743	786.043
786.652	0.8999999999999773	trials	36	s036_F200609	grSu18Fa	10		9	786.952	787.252
822.5400000000001	0.8999999999999773	trials	36	s036_F200609	grCe_grSu12Mi	9	45.0	9	822.84	823.14
823.773	0.8999999999999773	trials	36	s036_F200609	grCe	1	90.0	9	824.073	824.373
824.373	0.8999999999999773	trials	36	s036_F200609	grCe_grSu3Ne	5	0.0	9	824.673	824.973
828.566	0.8999999999999773	trials	36	s036_F200609	grCe_grSu6CiNe_PS	19	90.0	9	828.866	829.165
829.782	0.8999999999999773	trials	36	s036_F200609	grCe_grSu12Mi	9	225.0	9	830.082	830.382
830.4240000000001	0.8999999999999773	trials	36	s036_F200609	grCe_grSu3Ne	5	315.0	9	830.724	831.024
837.475	0.8999999999999773	trials	36	s036_F200609	grCe_grSu6CiNe	15	315.0	9	837.775	838.075
838.075	0.8999999999999773	trials	36	s036_F200609	grCe_grSu12SmCiNe	13	315.0	9	838.375	838.675
838.6750000000001	0.8999999999999773	trials	36	s036_F200609	grCe_grSu12SmCiNe	13	225.0	9	838.975	839.275
839.2750000000001	0.8999999999999773	trials	36	s036_F200609	grCe_grSu12Mi	9	270.0	9	839.575	839.875
839.875	0.8999999999999773	trials	36	s036_F200609	grCe_grSu6Ne	7	90.0	9	840.175	840.475
846.601	0.8999999999999773	trials	36	s036_F200609	grCe_grSu18Fa	11	225.0	9	846.901	847.201
854.244	0.8999999999999773	trials	36	s036_F200609	coCe	16	90.0	3	854.544	854.844
854.8770000000001	0.8999999999999773	trials	36	s036_F200609	coCe_grSu6Ne	17	90.0	3	855.177	855.477
855.4770000000001	0.8999999999999773	trials	36	s036_F200609	coSu6Ne	20		3	855.777	856.077
856.094	0.8999999999999773	trials	36	s036_F200609	coCe	16	45.0	3	856.394	856.694
862.2950000000001	0.8999999999999773	trials	36	s036_F200609	grCe_grSu6Ne	7	270.0	3	862.595	862.895
862.8950000000001	0.8999999999999773	trials	36	s036_F200609	grCe_grSu6CiNe_PS	19	135.0	3	863.195	863.495
863.495	0.8999999999999773	trials	36	s036_F200609	grCe_grSu18Fa	11	180.0	3	863.795	864.095
867.171	0.8999999999999773	trials	36	s036_F200609	grCe_grSu12SmCiNe_PS	21	0.0	3	867.471	867.77
867.7710000000001	0.8999999999999773	trials	36	s036_F200609	grCe_grSu6Ne_PS	18	0.0	3	868.071	868.37
868.379	0.8999999999999773	trials	36	s036_F200609	grCe_grSu6CiNe	15	270.0	3	868.679	868.979
869.004	0.8999999999999773	trials	36	s036_F200609	grCe_grSu12SmCiNe_PS	21	90.0	3	869.304	869.604
882.1560000000001	0.8999999999999773	trials	36	s036_F200609	coCe_grSu6Ne	17	45.0	3	882.456	882.756
882.7560000000001	0.8999999999999773	trials	36	s036_F200609	grCe	1	0.0	3	883.056	883.356
883.356	0.8999999999999773	trials	36	s036_F200609	grCe_grSu6CiNe	15	225.0	3	883.656	883.956
886.9480000000001	0.8999999999999773	trials	36	s036_F200609	grCe_grSu18Fa	11	90.0	3	887.248	887.548
887.582	0.8999999999999773	trials	36	s036_F200609	grCe_grSu6Ne	7	225.0	3	887.882	888.181
888.182	0.8999999999999773	trials	36	s036_F200609	grCe	1	135.0	3	888.482	888.781
888.782	0.8999999999999773	trials	36	s036_F200609	grCe_grSu12Mi	9	180.0	3	889.082	889.381
894.883	0.8999999999999773	trials	36	s036_F200609	grCe_grSu12Mi	9	0.0	3	895.183	895.482
903.534	0.8999999999999773	trials	36	s036_F200609	grCe_grSu3Ne	5	270.0	3	903.834	904.133
904.134	0.8999999999999773	trials	36	s036_F200609	coCe	16	315.0	3	904.434	904.733
907.8340000000001	0.8999999999999773	trials	36	s036_F200609	grCe_grSu3Ne	5	45.0	3	908.134	908.434
908.4340000000001	0.8999999999999773	trials	36	s036_F200609	grCe_grSu12SmCiNe_PS	21	225.0	3	908.734	909.034
912.135	0.8999999999999773	trials	36	s036_F200609	coCe_grSu6Ne	17	270.0	3	912.435	912.734
912.735	0.8999999999999773	trials	36	s036_F200609	grCe_grSu1Ne	3	315.0	3	913.035	913.335
913.3430000000001	0.8999999999999773	trials	36	s036_F200609	grCe_grSu6Ne	7	135.0	3	913.643	913.943
913.9430000000001	0.8999999999999773	trials	36	s036_F200609	coCe_grSu6Ne	17	180.0	3	914.243	914.543
920.0360000000001	0.8999999999999773	trials	36	s036_F200609	grCe	1	270.0	3	920.336	920.635
920.6610000000001	0.8999999999999773	trials	36	s036_F200609	grCe_grSu12Mi	9	270.0	3	920.961	921.261
921.2610000000001	0.8999999999999773	trials	36	s036_F200609	coCe_grSu6Ne	17	225.0	3	921.561	921.861
932.6210000000001	0.8999999999999773	trials	36	s036_F200609	grCe_grSu18Fa	11	135.0	3	932.921	933.22
933.8710000000001	0.8999999999999773	trials	36	s036_F200609	grCe_grSu18Fa	11	225.0	3	934.171	934.471
934.4960000000001	0.8999999999999773	trials	36	s036_F200609	grCe_grSu6Ne	7	0.0	3	934.796	935.096
949.456	0.8999999999999773	trials	36	s036_F200609	grSu1Ne	2		3	949.756	950.056
951.331	0.8999999999999773	trials	36	s036_F200609	grCe	1	45.0	3	951.631	951.931
957.657	0.8999999999999773	trials	36	s036_F200609	grCe_grSu6Ne	7	180.0	3	957.957	958.257
958.282	0.8999999999999773	trials	36	s036_F200609	grCe_grSu3Ne	5	225.0	3	958.582	958.882
958.8820000000001	0.8999999999999773	trials	36	s036_F200609	grCe_grSu6CiNe	15	90.0	3	959.182	959.482
959.5160000000001	0.8999999999999773	trials	36	s036_F200609	grCe_grSu12SmCiNe	13	0.0	3	959.816	960.116
965.767	0.8999999999999773	trials	36	s036_F200609	grCe_grSu6CiNe_PS	19	45.0	3	966.067	966.366
966.3670000000001	0.8999999999999773	trials	36	s036_F200609	grCe_grSu12Mi	9	90.0	3	966.667	966.966
966.9670000000001	0.8999999999999773	trials	36	s036_F200609	grCe_grSu12SmCiNe	13	225.0	3	967.267	967.567
967.575	0.8999999999999773	trials	36	s036_F200609	grCe_grSu6Ne	7	90.0	3	967.875	968.175
973.609	0.8999999999999773	trials	36	s036_F200609	grCe_grSu1Ne	3	90.0	3	973.909	974.209
974.826	0.8999999999999773	trials	36	s036_F200609	grCe_grSu12SmCiNe_PS	21	270.0	3	975.126	975.426
978.3100000000001	0.8999999999999773	trials	36	s036_F200609	grCe_grSu12SmCiNe	13	180.0	3	978.61	978.91
979.543	0.8999999999999773	trials	36	s036_F200609	grCe_grSu12Mi	9	225.0	3	979.843	980.143
980.177	0.8999999999999773	trials	36	s036_F200609	grSu6CiNe	14		3	980.477	980.777
987.6030000000001	0.8999999999999773	trials	36	s036_F200609	grSu12SmCiNe	12		3	987.903	988.203
1005.8140000000001	0.8999999999999773	trials	36	s036_F200609	grCe_grSu1Ne	3	45.0	3	1006.114	1006.413
1006.4140000000001	0.8999999999999773	trials	36	s036_F200609	grCe_grSu1Ne	3	180.0	3	1006.714	1007.013
1013.0060000000001	0.8999999999999773	trials	36	s036_F200609	grCe_grSu18Fa	11	45.0	3	1013.306	1013.606
1013.648	0.8999999999999773	trials	36	s036_F200609	grCe_grSu12Mi	9	315.0	3	1013.948	1014.248
1014.248	0.8999999999999773	trials	36	s036_F200609	grCe_grSu12SmCiNe_PS	21	315.0	3	1014.548	1014.848
1021.2320000000001	0.8999999999999773	trials	36	s036_F200609	grCe_grSu3Ne	5	180.0	3	1021.532	1021.832
1021.832	0.8999999999999773	trials	36	s036_F200609	grSu3Ne	4		3	1022.132	1022.432
1022.441	0.8999999999999773	trials	36	s036_F200609	grCe_grSu6CiNe_PS	19	180.0	3	1022.741	1023.04
1023.041	0.8999999999999773	trials	36	s036_F200609	grCe_grSu6Ne_PS	18	135.0	3	1023.341	1023.64
1029.242	0.8999999999998636	trials	36	s036_F200609	grCe_grSu6CiNe_PS	19	315.0	3	1029.542	1029.841
1029.842	0.8999999999998636	trials	36	s036_F200609	grSu18Fa	10		3	1030.142	1030.441
1030.45	0.8999999999998636	trials	36	s036_F200609	grCe_grSu12SmCiNe_PS	21	45.0	3	1030.75	1031.05
1031.05	0.8999999999998636	trials	36	s036_F200609	grCe_grSu6CiNe_PS	19	0.0	3	1031.35	1031.65
1037.218	0.8999999999998636	trials	36	s036_F200609	grCe_grSu6CiNe_PS	19	270.0	3	1037.518	1037.817
1037.818	0.8999999999998636	trials	36	s036_F200609	grCe_grSu12SmCiNe_PS	21	180.0	3	1038.118	1038.417
1038.4180000000001	0.8999999999998636	trials	36	s036_F200609	grCe_grSu12Mi	9	135.0	3	1038.718	1039.017
1039.018	0.8999999999998636	trials	36	s036_F200609	grCe_grSu18Fa	11	270.0	3	1039.318	1039.618
1045.352	0.8999999999998636	trials	36	s036_F200609	grCe_grSu6Ne_PS	18	315.0	3	1045.652	1045.952
1045.952	0.8999999999998636	trials	36	s036_F200609	grCe_grSu6CiNe	15	135.0	3	1046.252	1046.552
1046.5520000000001	0.8999999999998636	trials	36	s036_F200609	grCe_grSu12SmCiNe	13	45.0	3	1046.852	1047.152
1047.152	0.8999999999998636	trials	36	s036_F200609	grCe_grSu12SmCiNe	13	135.0	3	1047.452	1047.752
1053.97	0.8999999999998636	trials	36	s036_F200609	coCe	16	270.0	3	1054.27	1054.569
1054.57	0.8999999999998636	trials	36	s036_F200609	coCe	16	180.0	3	1054.87	1055.17
1061.279	0.8999999999998636	trials	36	s036_F200609	grCe	1	90.0	3	1061.579	1061.879
1061.8790000000001	0.8999999999998636	trials	36	s036_F200609	NoStim	0		3	1062.179	1062.479
1062.5040000000001	0.8999999999998636	trials	36	s036_F200609	grCe_grSu18Fa	11	0.0	3	1062.804	1063.104
1063.104	0.8999999999998636	trials	36	s036_F200609	grCe_grSu18Fa	11	315.0	3	1063.404	1063.704
1069.163	0.8999999999998636	trials	36	s036_F200609	grCe_grSu1Ne	3	135.0	3	1069.463	1069.763
1070.364	0.8999999999998636	trials	36	s036_F200609	grCe_grSu6CiNe	15	315.0	3	1070.664	1070.963
1077.339	0.8999999999998636	trials	36	s036_F200609	grCe_grSu6CiNe	15	45.0	3	1077.639	1077.939
1081.14	0.8999999999998636	trials	36	s036_F200609	grCe_grSu12Mi	9	45.0	3	1081.44	1081.74
1081.74	0.8999999999998636	trials	36	s036_F200609	grCe_grSu6CiNe	15	180.0	3	1082.04	1082.34
1082.3400000000001	0.8999999999998636	trials	36	s036_F200609	coCe_grSu6Ne	17	135.0	3	1082.64	1082.94
1082.94	0.8999999999998636	trials	36	s036_F200609	grCe_grSu12SmCiNe	13	90.0	3	1083.24	1083.54
1095.825	0.8999999999998636	trials	36	s036_F200609	grCe	1	315.0	3	1096.125	1096.425
1097.05	0.8999999999998636	trials	36	s036_F200609	coCe	16	225.0	3	1097.35	1097.65
1103.1760000000002	0.8999999999998636	trials	36	s036_F200609	grCe_grSu6Ne_PS	18	90.0	3	1103.476	1103.776
1103.776	0.8999999999998636	trials	36	s036_F200609	grCe_grSu6Ne_PS	18	45.0	3	1104.076	1104.376
1104.385	0.8999999999998636	trials	36	s036_F200609	grCe_grSu6CiNe_PS	19	90.0	3	1104.685	1104.984
1104.9850000000001	0.8999999999998636	trials	36	s036_F200609	grCe	1	225.0	3	1105.285	1105.584
1111.31	0.8999999999998636	trials	36	s036_F200609	grCe_grSu12SmCiNe_PS	21	135.0	3	1111.61	1111.91
1115.286	0.8999999999998636	trials	36	s036_F200609	grCe_grSu1Ne	3	225.0	3	1115.586	1115.886
1115.886	0.8999999999998636	trials	36	s036_F200609	grCe_grSu3Ne	5	0.0	3	1116.186	1116.486
1116.486	0.8999999999998636	trials	36	s036_F200609	grSu6Ne	6		3	1116.786	1117.086
1123.237	0.8999999999998636	trials	36	s036_F200609	grCe_grSu1Ne	3	0.0	3	1123.537	1123.837
1128.413	0.8999999999998636	trials	36	s036_F200609	coCe_grSu6Ne	17	315.0	3	1128.713	1129.012
1129.0130000000001	0.8999999999998636	trials	36	s036_F200609	grCe_grSu3Ne	5	135.0	3	1129.313	1129.612
1129.613	0.8999999999998636	trials	36	s036_F200609	grCe_grSu12SmCiNe	13	315.0	3	1129.913	1130.213
1130.213	0.8999999999998636	trials	36	s036_F200609	grCe_grSu6Ne_PS	18	225.0	3	1130.513	1130.813
1136.905	0.8999999999998636	trials	36	s036_F200609	grCe	1	180.0	3	1137.205	1137.505
1137.506	0.8999999999998636	trials	36	s036_F200609	grCe_grSu6Ne_PS	18	270.0	3	1137.806	1138.105
1138.1390000000001	0.8999999999998636	trials	36	s036_F200609	grCe_grSu3Ne	5	90.0	3	1138.439	1138.739
1147.682	0.8999999999998636	trials	36	s036_F200609	grCe_grSu6Ne_PS	18	180.0	3	1147.982	1148.282
1151.324	0.8999999999998636	trials	36	s036_F200609	grCe_grSu6CiNe	15	0.0	3	1151.624	1151.924
1152.5240000000001	0.8999999999998636	trials	36	s036_F200609	grCe_grSu12SmCiNe	13	270.0	3	1152.824	1153.124
1153.124	0.8999999999998636	trials	36	s036_F200609	grCe_grSu6Ne	7	315.0	3	1153.424	1153.724
1159.492	0.8999999999998636	trials	36	s036_F200609	coCe	16	135.0	3	1159.792	1160.091
1160.092	0.8999999999998636	trials	36	s036_F200609	grSu12Mi	8		3	1160.392	1160.691
1160.692	0.8999999999998636	trials	36	s036_F200609	grCe_grSu6CiNe_PS	19	225.0	3	1160.992	1161.292
1161.4170000000001	0.8999999999998636	trials	36	s036_F200609	grCe_grSu3Ne	5	315.0	3	1161.717	1162.017
1167.618	0.8999999999998636	trials	36	s036_F200609	coCe	16	0.0	3	1167.918	1168.217
1168.218	0.8999999999998636	trials	36	s036_F200609	grCe_grSu6Ne	7	45.0	3	1168.518	1168.818
1168.818	0.8999999999998636	trials	36	s036_F200609	coCe_grSu6Ne	17	0.0	3	1169.118	1169.418
1169.4180000000001	0.8999999999998636	trials	36	s036_F200609	grCe_grSu1Ne	3	270.0	3	1169.718	1170.018
1179.7530000000002	0.8999999999998636	trials	36	s036_F200609	grCe_grSu1Ne	3	270.0	1	1180.053	1180.352
1180.986	0.8999999999998636	trials	36	s036_F200609	grCe_grSu6Ne	7	135.0	1	1181.286	1181.586
1181.586	0.8999999999998636	trials	36	s036_F200609	grCe_grSu6Ne	7	90.0	1	1181.886	1182.186
1187.904	0.8999999999998636	trials	36	s036_F200609	grCe_grSu12Mi	9	315.0	1	1188.204	1188.503
1188.5040000000001	0.8999999999998636	trials	36	s036_F200609	grCe_grSu18Fa	11	90.0	1	1188.804	1189.103
1189.104	0.8999999999998636	trials	36	s036_F200609	grCe_grSu12Mi	9	45.0	1	1189.404	1189.704
1189.704	0.8999999999998636	trials	36	s036_F200609	grCe_grSu1Ne	3	225.0	1	1190.004	1190.304
1196.063	0.8999999999998636	trials	36	s036_F200609	grCe_grSu12SmCiNe	13	135.0	1	1196.363	1196.663
1196.663	0.8999999999998636	trials	36	s036_F200609	grSu1Ne	2		1	1196.963	1197.263
1197.2630000000001	0.8999999999998636	trials	36	s036_F200609	NoStim	0		1	1197.563	1197.863
1197.863	0.8999999999998636	trials	36	s036_F200609	coCe	16	180.0	1	1198.163	1198.463
1203.914	0.8999999999998636	trials	36	s036_F200609	grCe_grSu12SmCiNe	13	90.0	1	1204.214	1204.514
1204.5230000000001	0.8999999999998636	trials	36	s036_F200609	grCe_grSu12SmCiNe	13	45.0	1	1204.823	1205.122
1205.123	0.8999999999998636	trials	36	s036_F200609	grCe_grSu1Ne	3	135.0	1	1205.423	1205.722
1205.7640000000001	0.8999999999998636	trials	36	s036_F200609	grCe_grSu6Ne	7	270.0	1	1206.064	1206.364
1212.132	0.8999999999998636	trials	36	s036_F200609	coCe_grSu6Ne	17	315.0	1	1212.432	1212.732
1213.3400000000001	0.8999999999998636	trials	36	s036_F200609	grSu12Mi	8		1	1213.64	1213.94
1213.94	0.8999999999998636	trials	36	s036_F200609	grCe_grSu6Ne	7	315.0	1	1214.24	1214.54
1220.141	0.8999999999998636	trials	36	s036_F200609	grCe_grSu12SmCiNe_PS	21	315.0	1	1220.441	1220.741
1220.741	0.8999999999998636	trials	36	s036_F200609	grCe	1	315.0	1	1221.041	1221.341
1221.9660000000001	0.8999999999998636	trials	36	s036_F200609	coCe_grSu6Ne	17	225.0	1	1222.266	1222.566
1228.084	0.8999999999998636	trials	36	s036_F200609	grCe_grSu6CiNe_PS	19	0.0	1	1228.384	1228.684
1228.717	0.8999999999998636	trials	36	s036_F200609	grCe_grSu12SmCiNe_PS	21	45.0	1	1229.017	1229.317
1229.317	0.8999999999998636	trials	36	s036_F200609	grCe_grSu3Ne	5	315.0	1	1229.617	1229.917
1229.9170000000001	0.8999999999998636	trials	36	s036_F200609	grCe_grSu6CiNe_PS	19	135.0	1	1230.217	1230.517
1236.743	0.8999999999998636	trials	36	s036_F200609	coCe_grSu6Ne	17	45.0	1	1237.043	1237.343
1237.343	0.8999999999998636	trials	36	s036_F200609	grCe_grSu6Ne_PS	18	135.0	1	1237.643	1237.943
1237.943	0.8999999999998636	trials	36	s036_F200609	grCe_grSu1Ne	3	315.0	1	1238.243	1238.543
1245.769	0.8999999999998636	trials	36	s036_F200609	grCe_grSu6Ne_PS	18	225.0	1	1246.069	1246.369
1246.3700000000001	0.8999999999998636	trials	36	s036_F200609	grCe_grSu3Ne	5	135.0	1	1246.67	1246.969
1247.0030000000002	0.8999999999998636	trials	36	s036_F200609	grCe_grSu18Fa	11	225.0	1	1247.303	1247.603
1247.603	0.8999999999998636	trials	36	s036_F200609	grCe_grSu12SmCiNe_PS	21	270.0	1	1247.903	1248.203
1254.121	0.8999999999998636	trials	36	s036_F200609	grCe_grSu6Ne	7	45.0	1	1254.421	1254.72
1254.721	0.8999999999998636	trials	36	s036_F200609	grCe_grSu3Ne	5	0.0	1	1255.021	1255.32
1259.0710000000001	0.8999999999998636	trials	36	s036_F200609	grCe	1	135.0	1	1259.371	1259.671
1259.671	0.8999999999998636	trials	36	s036_F200609	grCe	1	0.0	1	1259.971	1260.271
1260.271	0.8999999999998636	trials	36	s036_F200609	coSu6Ne	20		1	1260.571	1260.871
1266.422	0.8999999999998636	trials	36	s036_F200609	grCe_grSu12SmCiNe	13	180.0	1	1266.722	1267.022
1267.039	0.8999999999998636	trials	36	s036_F200609	grSu18Fa	10		1	1267.339	1267.639
1267.6390000000001	0.8999999999998636	trials	36	s036_F200609	grCe_grSu12Mi	9	135.0	1	1267.939	1268.239
1268.247	0.8999999999998636	trials	36	s036_F200609	grCe_grSu6Ne_PS	18	180.0	1	1268.547	1268.847
1274.3980000000001	0.8999999999998636	trials	36	s036_F200609	grCe_grSu6CiNe_PS	19	45.0	1	1274.698	1274.998
1274.998	0.8999999999998636	trials	36	s036_F200609	grCe_grSu6Ne_PS	18	270.0	1	1275.298	1275.598
1275.598	0.8999999999998636	trials	36	s036_F200609	grSu6Ne	6		1	1275.898	1276.198
1276.232	0.8999999999998636	trials	36	s036_F200609	grCe_grSu6Ne	7	180.0	1	1276.532	1276.831
1282.366	0.8999999999998636	trials	36	s036_F200609	grCe_grSu6Ne_PS	18	315.0	1	1282.666	1282.966
1283.008	0.8999999999998636	trials	36	s036_F200609	grCe_grSu18Fa	11	270.0	1	1283.308	1283.607
1283.608	0.8999999999998636	trials	36	s036_F200609	grCe_grSu12Mi	9	90.0	1	1283.908	1284.207
1284.233	0.8999999999998636	trials	36	s036_F200609	grCe_grSu12Mi	9	0.0	1	1284.533	1284.832
1291.1000000000001	0.8999999999998636	trials	36	s036_F200609	grSu12SmCiNe	12		1	1291.4	1291.7
1292.309	0.8999999999998636	trials	36	s036_F200609	grCe_grSu6CiNe	15	315.0	1	1292.609	1292.909
1299.126	0.8999999999998636	trials	36	s036_F200609	grCe	1	180.0	1	1299.426	1299.726
1299.76	0.8999999999998636	trials	36	s036_F200609	grCe_grSu3Ne	5	90.0	1	1300.06	1300.36
1300.3600000000001	0.8999999999998636	trials	36	s036_F200609	grCe	1	225.0	1	1300.66	1300.96
1309.911	0.8999999999998636	trials	36	s036_F200609	grCe_grSu1Ne	3	90.0	1	1310.211	1310.511
1311.236	0.8999999999998636	trials	36	s036_F200609	grCe_grSu12Mi	9	180.0	1	1311.536	1311.836
1317.295	0.8999999999998636	trials	36	s036_F200609	grCe_grSu6CiNe_PS	19	180.0	1	1317.595	1317.895
1321.021	0.8999999999998636	trials	36	s036_F200609	grCe	1	90.0	1	1321.321	1321.621
1321.646	0.8999999999998636	trials	36	s036_F200609	grCe_grSu3Ne	5	270.0	1	1321.946	1322.246
1322.246	0.8999999999998636	trials	36	s036_F200609	grCe_grSu12SmCiNe_PS	21	180.0	1	1322.546	1322.846
1322.846	0.8999999999998636	trials	36	s036_F200609	grCe_grSu12SmCiNe	13	315.0	1	1323.146	1323.446
1329.689	0.8999999999998636	trials	36	s036_F200609	grCe_grSu6Ne_PS	18	0.0	1	1329.989	1330.288
1330.289	0.8999999999998636	trials	36	s036_F200609	grCe_grSu18Fa	11	315.0	1	1330.589	1330.888
1335.0230000000001	0.8999999999998636	trials	36	s036_F200609	grCe_grSu1Ne	3	45.0	1	1335.323	1335.622
1335.623	0.8999999999998636	trials	36	s036_F200609	grCe_grSu3Ne	5	45.0	1	1335.923	1336.222
1342.49	0.8999999999998636	trials	36	s036_F200609	coCe	16	45.0	1	1342.79	1343.09
1343.0900000000001	0.8999999999998636	trials	36	s036_F200609	grCe_grSu3Ne	5	180.0	1	1343.39	1343.69
1349.8410000000001	0.8999999999998636	trials	36	s036_F200609	grCe_grSu6Ne_PS	18	90.0	1	1350.141	1350.441
1350.441	0.8999999999998636	trials	36	s036_F200609	coCe_grSu6Ne	17	135.0	1	1350.741	1351.041
1351.041	0.8999999999998636	trials	36	s036_F200609	grCe_grSu6CiNe	15	135.0	1	1351.341	1351.641
1351.642	0.8999999999998636	trials	36	s036_F200609	grCe_grSu6CiNe	15	45.0	1	1351.942	1352.241
1357.7920000000001	0.8999999999998636	trials	36	s036_F200609	grCe_grSu12SmCiNe_PS	21	0.0	1	1358.092	1358.392
1358.392	0.8999999999998636	trials	36	s036_F200609	grCe_grSu6Ne	7	0.0	1	1358.692	1358.992
1362.6100000000001	0.8999999999998636	trials	36	s036_F200609	coCe_grSu6Ne	17	0.0	1	1362.91	1363.209
1363.243	0.8999999999998636	trials	36	s036_F200609	grCe_grSu12SmCiNe_PS	21	225.0	1	1363.543	1363.843
1364.443	0.8999999999998636	trials	36	s036_F200609	grCe_grSu18Fa	11	180.0	1	1364.743	1365.043
1370.486	0.8999999999998636	trials	36	s036_F200609	grCe_grSu18Fa	11	45.0	1	1370.786	1371.085
1374.7530000000002	0.8999999999998636	trials	36	s036_F200609	grCe_grSu6CiNe	15	90.0	1	1375.053	1375.353
1375.3780000000002	0.8999999999998636	trials	36	s036_F200609	grSu3Ne	4		1	1375.678	1375.978
1379.07	0.8999999999998636	trials	36	s036_F200609	grCe_grSu12Mi	9	225.0	1	1379.37	1379.67
1379.67	0.8999999999998636	trials	36	s036_F200609	grCe	1	270.0	1	1379.97	1380.27
1380.27	0.8999999999998636	trials	36	s036_F200609	coCe	16	135.0	1	1380.57	1380.87
1380.8700000000001	0.8999999999998636	trials	36	s036_F200609	grCe_grSu6Ne_PS	18	45.0	1	1381.17	1381.47
1386.9460000000001	0.8999999999998636	trials	36	s036_F200609	grCe	1	45.0	1	1387.246	1387.546
1387.579	0.8999999999998636	trials	36	s036_F200609	grCe_grSu6CiNe	15	180.0	1	1387.879	1388.179
1388.18	0.8999999999998636	trials	36	s036_F200609	coCe	16	0.0	1	1388.48	1388.779
1388.78	0.8999999999998636	trials	36	s036_F200609	coCe_grSu6Ne	17	180.0	1	1389.08	1389.379
1394.98	0.8999999999998636	trials	36	s036_F200609	grCe_grSu12SmCiNe	13	0.0	1	1395.28	1395.58
1395.597	0.8999999999998636	trials	36	s036_F200609	grCe_grSu6Ne	7	225.0	1	1395.897	1396.197
1396.1970000000001	0.8999999999998636	trials	36	s036_F200609	grCe_grSu12SmCiNe	13	270.0	1	1396.497	1396.797
1396.797	0.8999999999998636	trials	36	s036_F200609	grCe_grSu6CiNe	15	225.0	1	1397.097	1397.397
1406.1490000000001	0.8999999999998636	trials	36	s036_F200609	grCe_grSu6CiNe_PS	19	90.0	1	1406.449	1406.748
1406.749	0.8999999999998636	trials	36	s036_F200609	grCe_grSu6CiNe_PS	19	315.0	1	1407.049	1407.348
1407.349	0.8999999999998636	trials	36	s036_F200609	coCe	16	270.0	1	1407.649	1407.948
1407.949	0.8999999999998636	trials	36	s036_F200609	coCe	16	315.0	1	1408.249	1408.548
1415.008	0.8999999999998636	trials	36	s036_F200609	grCe_grSu6CiNe	15	270.0	1	1415.308	1415.608
1415.608	0.8999999999998636	trials	36	s036_F200609	grCe_grSu12Mi	9	270.0	1	1415.908	1416.208
1416.208	0.8999999999998636	trials	36	s036_F200609	coCe_grSu6Ne	17	270.0	1	1416.508	1416.808
1422.384	0.8999999999998636	trials	36	s036_F200609	grCe_grSu18Fa	11	0.0	1	1422.684	1422.984
1423.584	0.8999999999998636	trials	36	s036_F200609	grCe_grSu6CiNe_PS	19	270.0	1	1423.884	1424.184
1424.209	0.8999999999998636	trials	36	s036_F200609	grCe_grSu12SmCiNe	13	225.0	1	1424.509	1424.809
1430.952	0.8999999999998636	trials	36	s036_F200609	grCe_grSu6CiNe	15	0.0	1	1431.252	1431.551
1431.5520000000001	0.8999999999998636	trials	36	s036_F200609	grCe_grSu18Fa	11	135.0	1	1431.852	1432.152
1432.1770000000001	0.8999999999998636	trials	36	s036_F200609	grCe_grSu3Ne	5	225.0	1	1432.477	1432.777
1441.511	0.8999999999998636	trials	36	s036_F200609	grCe_grSu6CiNe_PS	19	225.0	1	1441.811	1442.111
1442.112	0.8999999999998636	trials	36	s036_F200609	coCe	16	90.0	1	1442.412	1442.711
1442.712	0.8999999999998636	trials	36	s036_F200609	grCe_grSu12SmCiNe_PS	21	90.0	1	1443.012	1443.311
1443.353	0.8999999999998636	trials	36	s036_F200609	coCe_grSu6Ne	17	90.0	1	1443.653	1443.953
1449.529	0.8999999999998636	trials	36	s036_F200609	coCe	16	225.0	1	1449.829	1450.129
1450.1290000000001	0.8999999999998636	trials	36	s036_F200609	grCe_grSu1Ne	3	0.0	1	1450.429	1450.729
1451.538	0.8999999999998636	trials	36	s036_F200609	grCe_grSu1Ne	3	180.0	1	1451.838	1452.137
1457.7640000000001	0.8999999999998636	trials	36	s036_F200609	grCe_grSu12SmCiNe_PS	21	135.0	1	1458.064	1458.363
1467.548	0.8999999999998636	trials	36	s036_F200609	grSu6CiNe	14		1	1467.848	1468.148
1474.357	0.8999999999998636	trials	36	s036_F200609	grCe_grSu12SmCiNe	13	315.0	0	1474.657	1474.957
1474.982	0.8999999999998636	trials	36	s036_F200609	grCe_grSu6Ne_PS	18	315.0	0	1475.282	1475.582
1475.583	0.8999999999998636	trials	36	s036_F200609	grCe_grSu3Ne	5	45.0	0	1475.883	1476.182
1484.1670000000001	0.8999999999998636	trials	36	s036_F200609	coCe	16	135.0	0	1484.467	1484.767
1484.767	0.8999999999998636	trials	36	s036_F200609	grCe_grSu1Ne	3	90.0	0	1485.067	1485.367
1485.4	0.8999999999998636	trials	36	s036_F200609	grCe_grSu6Ne_PS	18	90.0	0	1485.7	1486.0
1492.1100000000001	0.8999999999998636	trials	36	s036_F200609	grCe_grSu18Fa	11	45.0	0	1492.41	1492.709
1493.31	0.8999999999998636	trials	36	s036_F200609	grCe_grSu3Ne	5	315.0	0	1493.61	1493.91
1497.2440000000001	0.8999999999998636	trials	36	s036_F200609	coCe_grSu6Ne	17	180.0	0	1497.544	1497.843
1500.694	0.8999999999998636	trials	36	s036_F200609	grCe_grSu18Fa	11	225.0	0	1500.994	1501.294
1501.328	0.8999999999998636	trials	36	s036_F200609	grCe_grSu12Mi	9	225.0	0	1501.628	1501.927
1501.961	0.8999999999998636	trials	36	s036_F200609	coCe_grSu6Ne	17	225.0	0	1502.261	1502.561
1502.586	0.8999999999998636	trials	36	s036_F200609	coCe	16	90.0	0	1502.886	1503.186
1508.712	0.8999999999998636	trials	36	s036_F200609	grCe_grSu6Ne	7	315.0	0	1509.012	1509.312
1509.3120000000001	0.8999999999998636	trials	36	s036_F200609	grCe	1	180.0	0	1509.612	1509.912
1509.912	0.8999999999998636	trials	36	s036_F200609	grCe_grSu6Ne	7	225.0	0	1510.212	1510.512
1510.554	0.8999999999998636	trials	36	s036_F200609	coCe	16	45.0	0	1510.854	1511.153
1517.5800000000002	0.8999999999998636	trials	36	s036_F200609	grCe_grSu12SmCiNe	13	225.0	0	1517.88	1518.179
1518.78	0.8999999999998636	trials	36	s036_F200609	NoStim	0		0	1519.08	1519.379
1534.79	0.8999999999998636	trials	36	s036_F200609	grCe_grSu6CiNe	15	270.0	0	1535.09	1535.39
1535.424	0.8999999999998636	trials	36	s036_F200609	coSu6Ne	20		0	1535.724	1536.023
1536.0240000000001	0.8999999999998636	trials	36	s036_F200609	grCe_grSu12SmCiNe	13	0.0	0	1536.324	1536.623
1536.632	0.8999999999998636	trials	36	s036_F200609	grCe_grSu6CiNe	15	315.0	0	1536.932	1537.232
1543.308	0.8999999999998636	trials	36	s036_F200609	grCe_grSu6CiNe_PS	19	45.0	0	1543.608	1543.908
1543.9080000000001	0.8999999999998636	trials	36	s036_F200609	grCe_grSu1Ne	3	0.0	0	1544.208	1544.508
1544.508	0.8999999999998636	trials	36	s036_F200609	grCe_grSu12Mi	9	270.0	0	1544.808	1545.108
1550.884	0.8999999999998636	trials	36	s036_F200609	grCe_grSu3Ne	5	135.0	0	1551.184	1551.484
1551.4840000000002	0.8999999999998636	trials	36	s036_F200609	grSu6CiNe	14		0	1551.784	1552.084
1552.084	0.8999999999998636	trials	36	s036_F200609	grSu12Mi	8		0	1552.384	1552.684
1552.684	0.8999999999998636	trials	36	s036_F200609	coCe_grSu6Ne	17	0.0	0	1552.984	1553.284
1559.077	0.8999999999998636	trials	36	s036_F200609	grSu3Ne	4		0	1559.377	1559.676
1559.6770000000001	0.8999999999998636	trials	36	s036_F200609	grSu18Fa	10		0	1559.977	1560.276
1560.277	0.8999999999998636	trials	36	s036_F200609	grCe_grSu6Ne_PS	18	225.0	0	1560.577	1560.877
1560.919	0.8999999999998636	trials	36	s036_F200609	grCe_grSu12Mi	9	135.0	0	1561.219	1561.518
1567.2440000000001	0.8999999999998636	trials	36	s036_F200609	coCe	16	270.0	0	1567.544	1567.844
1567.844	0.8999999999998636	trials	36	s036_F200609	grSu12SmCiNe	12		0	1568.144	1568.444
1568.445	0.8999999999998636	trials	36	s036_F200609	grCe_grSu12SmCiNe	13	45.0	0	1568.745	1569.044
1575.137	0.8999999999998636	trials	36	s036_F200609	coCe_grSu6Ne	17	90.0	0	1575.437	1575.737
1579.3880000000001	0.8999999999998636	trials	36	s036_F200609	grCe	1	45.0	0	1579.688	1579.987
1579.988	0.8999999999998636	trials	36	s036_F200609	coCe_grSu6Ne	17	270.0	0	1580.288	1580.587
1586.68	0.8999999999998636	trials	36	s036_F200609	grCe_grSu6CiNe_PS	19	180.0	0	1586.98	1587.28
1590.4470000000001	0.8999999999998636	trials	36	s036_F200609	grCe_grSu6CiNe_PS	19	225.0	0	1590.747	1591.047
1591.047	0.8999999999998636	trials	36	s036_F200609	grCe_grSu12Mi	9	180.0	0	1591.347	1591.647
1591.6480000000001	0.8999999999998636	trials	36	s036_F200609	grCe_grSu6Ne	7	135.0	0	1591.948	1592.247
1592.289	0.8999999999998636	trials	36	s036_F200609	grCe_grSu12SmCiNe_PS	21	90.0	0	1592.589	1592.889
1601.3400000000001	0.8999999999998636	trials	36	s036_F200609	grCe	1	270.0	0	1601.64	1601.94
1602.541	0.8999999999998636	trials	36	s036_F200609	grCe_grSu12SmCiNe_PS	21	45.0	0	1602.841	1603.14
1603.1490000000001	0.8999999999998636	trials	36	s036_F200609	grCe_grSu12Mi	9	0.0	0	1603.449	1603.749
1609.9	0.8999999999998636	trials	36	s036_F200609	grCe_grSu6CiNe	15	45.0	0	1610.2	1610.5
1610.5	0.8999999999998636	trials	36	s036_F200609	grCe_grSu18Fa	11	0.0	0	1610.8	1611.1
1611.1000000000001	0.8999999999998636	trials	36	s036_F200609	grCe_grSu12SmCiNe	13	90.0	0	1611.4	1611.7
1617.476	0.8999999999998636	trials	36	s036_F200609	grCe_grSu12SmCiNe	13	135.0	0	1617.776	1618.076
1618.076	0.8999999999998636	trials	36	s036_F200609	grCe_grSu18Fa	11	315.0	0	1618.376	1618.676
1619.276	0.8999999999998636	trials	36	s036_F200609	grCe_grSu12Mi	9	90.0	0	1619.576	1619.876
1625.452	0.8999999999998636	trials	36	s036_F200609	grCe	1	90.0	0	1625.752	1626.052
1626.0520000000001	0.8999999999998636	trials	36	s036_F200609	grCe_grSu1Ne	3	270.0	0	1626.352	1626.652
1626.669	0.8999999999998636	trials	36	s036_F200609	coCe	16	0.0	0	1626.969	1627.268
1638.162	0.8999999999998636	trials	36	s036_F200609	grCe_grSu3Ne	5	225.0	0	1638.462	1638.762
1638.787	0.8999999999998636	trials	36	s036_F200609	grCe_grSu1Ne	3	315.0	0	1639.087	1639.387
1644.496	0.8999999999998636	trials	36	s036_F200609	grCe_grSu6CiNe	15	0.0	0	1644.796	1645.096
1645.096	0.8999999999998636	trials	36	s036_F200609	grCe_grSu6CiNe_PS	19	315.0	0	1645.396	1645.696
1645.713	0.8999999999998636	trials	36	s036_F200609	grCe	1	315.0	0	1646.013	1646.313
1652.422	0.8999999999998636	trials	36	s036_F200609	grCe_grSu6Ne_PS	18	0.0	0	1652.722	1653.022
1653.064	0.8999999999998636	trials	36	s036_F200609	grCe_grSu18Fa	11	90.0	0	1653.364	1653.663
1653.664	0.8999999999998636	trials	36	s036_F200609	grCe_grSu12Mi	9	45.0	0	1653.964	1654.264
1654.272	0.8999999999998636	trials	36	s036_F200609	coCe_grSu6Ne	17	45.0	0	1654.572	1654.872
1660.531	0.8999999999998636	trials	36	s036_F200609	grCe	1	225.0	0	1660.831	1661.131
1664.79	0.8999999999998636	trials	36	s036_F200609	grCe_grSu3Ne	5	270.0	0	1665.09	1665.39
1665.39	0.8999999999998636	trials	36	s036_F200609	grCe_grSu6Ne_PS	18	180.0	0	1665.69	1665.99
1665.99	0.8999999999998636	trials	36	s036_F200609	grCe_grSu3Ne	5	180.0	0	1666.29	1666.59
1673.15	0.8999999999998636	trials	36	s036_F200609	grCe_grSu1Ne	3	225.0	0	1673.45	1673.749
1673.75	0.8999999999998636	trials	36	s036_F200609	grCe_grSu1Ne	3	180.0	0	1674.05	1674.349
1674.3500000000001	0.8999999999998636	trials	36	s036_F200609	grCe	1	0.0	0	1674.65	1674.95
1674.967	0.8999999999998636	trials	36	s036_F200609	grCe_grSu12SmCiNe_PS	21	135.0	0	1675.267	1675.566
1682.8590000000002	0.8999999999998636	trials	36	s036_F200609	grCe_grSu6CiNe_PS	19	270.0	0	1683.159	1683.459
1688.943	0.8999999999998636	trials	36	s036_F200609	grCe_grSu6Ne	7	180.0	0	1689.243	1689.543
1693.094	0.8999999999998636	trials	36	s036_F200609	grCe_grSu6CiNe	15	225.0	0	1693.394	1693.694
1693.719	0.8999999999998636	trials	36	s036_F200609	grCe_grSu6CiNe	15	135.0	0	1694.019	1694.319
1694.319	0.8999999999998636	trials	36	s036_F200609	grCe_grSu6Ne_PS	18	135.0	0	1694.619	1694.919
1701.07	0.8999999999998636	trials	36	s036_F200609	grCe_grSu12SmCiNe_PS	21	270.0	0	1701.37	1701.67
1701.678	0.8999999999998636	trials	36	s036_F200609	grCe_grSu6Ne_PS	18	45.0	0	1701.978	1702.278
1702.295	0.8999999999998636	trials	36	s036_F200609	grCe_grSu1Ne	3	45.0	0	1702.595	1702.895
1706.2540000000001	0.8999999999998636	trials	36	s036_F200609	grCe_grSu18Fa	11	270.0	0	1706.554	1706.854
1706.854	0.8999999999998636	trials	36	s036_F200609	grCe_grSu6Ne	7	0.0	0	1707.154	1707.454
1707.454	0.8999999999998636	trials	36	s036_F200609	grCe_grSu6CiNe	15	180.0	0	1707.754	1708.054
1708.054	0.8999999999998636	trials	36	s036_F200609	grCe_grSu12SmCiNe	13	180.0	0	1708.354	1708.654
1714.905	0.8999999999998636	trials	36	s036_F200609	grCe_grSu12SmCiNe_PS	21	315.0	0	1715.205	1715.505
1715.53	0.8999999999998636	trials	36	s036_F200609	grCe_grSu3Ne	5	90.0	0	1715.83	1716.13
1716.13	0.8999999999998636	trials	36	s036_F200609	grCe_grSu12SmCiNe_PS	21	0.0	0	1716.43	1716.73
1728.082	0.8999999999998636	trials	36	s036_F200609	grCe_grSu12SmCiNe_PS	21	225.0	0	1728.382	1728.681
1728.682	0.8999999999998636	trials	36	s036_F200609	grCe_grSu6CiNe	15	90.0	0	1728.982	1729.282
1732.766	0.8999999999998636	trials	36	s036_F200609	grCe	1	135.0	0	1733.066	1733.365
1733.382	0.8999999999998636	trials	36	s036_F200609	grCe_grSu6Ne_PS	18	270.0	0	1733.682	1733.982
1733.999	0.8999999999998636	trials	36	s036_F200609	coCe	16	225.0	0	1734.299	1734.599
1740.625	0.8999999999998636	trials	36	s036_F200609	coCe_grSu6Ne	17	135.0	0	1740.925	1741.225
1741.258	0.8999999999998636	trials	36	s036_F200609	grCe_grSu6CiNe_PS	19	90.0	0	1741.558	1741.858
1741.8590000000002	0.8999999999998636	trials	36	s036_F200609	grCe_grSu3Ne	5	0.0	0	1742.159	1742.458
1742.492	0.8999999999998636	trials	36	s036_F200609	grCe_grSu6Ne	7	45.0	0	1742.792	1743.092
1748.701	0.8999999999998636	trials	36	s036_F200609	grCe_grSu12Mi	9	315.0	0	1749.001	1749.301
1749.901	0.8999999999998636	trials	36	s036_F200609	grCe_grSu12SmCiNe	13	270.0	0	1750.201	1750.501
1753.618	0.8999999999998636	trials	36	s036_F200609	coCe_grSu6Ne	17	315.0	0	1753.918	1754.218
1754.2440000000001	0.8999999999998636	trials	36	s036_F200609	grCe_grSu18Fa	11	135.0	0	1754.544	1754.843
1755.444	0.8999999999998636	trials	36	s036_F200609	coCe	16	315.0	0	1755.744	1756.043
1762.045	0.8999999999998636	trials	36	s036_F200609	grSu1Ne	2		0	1762.345	1762.644
1762.645	0.8999999999998636	trials	36	s036_F200609	grCe_grSu6Ne	7	90.0	0	1762.945	1763.244
1763.278	0.8999999999998636	trials	36	s036_F200609	coCe	16	180.0	0	1763.578	1763.878
1763.8780000000002	0.8999999999998636	trials	36	s036_F200609	grSu6Ne	6		0	1764.178	1764.478
1770.046	0.8999999999998636	trials	36	s036_F200609	grCe_grSu1Ne	3	135.0	0	1770.346	1770.645
1770.646	0.8999999999998636	trials	36	s036_F200609	grCe_grSu6CiNe_PS	19	135.0	0	1770.946	1771.245
1771.246	0.8999999999998636	trials	36	s036_F200609	grCe_grSu12SmCiNe_PS	21	180.0	0	1771.546	1771.845
1771.846	0.8999999999998636	trials	36	s036_F200609	grCe_grSu6Ne	7	270.0	0	1772.146	1772.445
1777.98	0.8999999999998636	trials	36	s036_F200609	grCe_grSu6CiNe_PS	19	0.0	0	1778.28	1778.58
1779.1970000000001	0.8999999999998636	trials	36	s036_F200609	grCe_grSu18Fa	11	180.0	0	1779.497	1779.796
1785.989	0.8999999999998636	trials	36	s036_F200609	NoStim	0		5	1786.289	1786.589
1786.589	0.8999999999998636	trials	36	s036_F200609	coCe	16	45.0	5	1786.889	1787.189
1787.223	0.8999999999998636	trials	36	s036_F200609	grCe_grSu6Ne_PS	18	90.0	5	1787.523	1787.822
1787.8400000000001	0.8999999999998636	trials	36	s036_F200609	coCe_grSu6Ne	17	45.0	5	1788.14	1788.439
1794.7740000000001	0.8999999999998636	trials	36	s036_F200609	grCe_grSu3Ne	5	90.0	5	1795.074	1795.373
1795.374	0.8999999999998636	trials	36	s036_F200609	grCe_grSu6CiNe_PS	19	0.0	5	1795.674	1795.974
1802.0910000000001	0.8999999999998636	trials	36	s036_F200609	grCe	1	315.0	5	1802.391	1802.691
1802.691	0.8999999999998636	trials	36	s036_F200609	grCe_grSu6Ne	7	315.0	5	1802.991	1803.291
1803.325	0.8999999999998636	trials	36	s036_F200609	grCe_grSu18Fa	11	315.0	5	1803.625	1803.925
1803.925	0.8999999999998636	trials	36	s036_F200609	grCe_grSu3Ne	5	45.0	5	1804.225	1804.525
1810.117	0.8999999999998636	trials	36	s036_F200609	grCe_grSu6CiNe_PS	19	135.0	5	1810.417	1810.717
1811.351	0.8999999999998636	trials	36	s036_F200609	grCe_grSu12Mi	9	315.0	5	1811.651	1811.951
1818.202	0.8999999999998636	trials	36	s036_F200609	grCe_grSu12SmCiNe	13	225.0	5	1818.502	1818.801
1818.8020000000001	0.8999999999998636	trials	36	s036_F200609	grCe_grSu6CiNe	15	135.0	5	1819.102	1819.402
1819.402	0.8999999999998636	trials	36	s036_F200609	grCe_grSu1Ne	3	315.0	5	1819.702	1820.002
1820.027	0.8999999999998636	trials	36	s036_F200609	grCe_grSu6CiNe_PS	19	270.0	5	1820.327	1820.627
1826.086	0.8999999999998636	trials	36	s036_F200609	grCe_grSu6Ne	7	225.0	5	1826.386	1826.686
1827.903	0.8999999999998636	trials	36	s036_F200609	grCe_grSu3Ne	5	135.0	5	1828.203	1828.503
1833.962	0.8999999999998636	trials	36	s036_F200609	coCe_grSu6Ne	17	0.0	5	1834.262	1834.562
1834.5620000000001	0.8999999999998636	trials	36	s036_F200609	grCe_grSu3Ne	5	270.0	5	1834.862	1835.162
1835.171	0.8999999999998636	trials	36	s036_F200609	grSu6Ne	6		5	1835.471	1835.77
1835.771	0.8999999999998636	trials	36	s036_F200609	grCe_grSu6CiNe_PS	19	45.0	5	1836.071	1836.37
1842.0800000000002	0.8999999999998636	trials	36	s036_F200609	grCe_grSu18Fa	11	180.0	5	1842.38	1842.68
1843.28	0.8999999999998636	trials	36	s036_F200609	coCe	16	315.0	5	1843.58	1843.88
1843.88	0.8999999999998636	trials	36	s036_F200609	coCe_grSu6Ne	17	315.0	5	1844.18	1844.48
1849.856	0.8999999999998636	trials	36	s036_F200609	grCe	1	270.0	5	1850.156	1850.456
1850.4560000000001	0.8999999999998636	trials	36	s036_F200609	grCe_grSu12Mi	9	90.0	5	1850.756	1851.056
1854.223	0.8999999999998636	trials	36	s036_F200609	grCe_grSu1Ne	3	45.0	5	1854.523	1854.823
1854.823	0.8999999999998636	trials	36	s036_F200609	grCe_grSu12SmCiNe_PS	21	45.0	5	1855.123	1855.423
1856.0230000000001	0.8999999999998636	trials	36	s036_F200609	grCe_grSu6Ne	7	135.0	5	1856.323	1856.623
1862.124	0.8999999999998636	trials	36	s036_F200609	coCe	16	225.0	5	1862.424	1862.724
1862.741	0.8999999999998636	trials	36	s036_F200609	grCe_grSu3Ne	5	315.0	5	1863.041	1863.341
1866.4660000000001	0.8999999999998636	trials	36	s036_F200609	grCe_grSu6Ne	7	180.0	5	1866.766	1867.066
1867.066	0.8999999999998636	trials	36	s036_F200609	grCe_grSu6Ne_PS	18	225.0	5	1867.366	1867.666
1868.2920000000001	0.8999999999998636	trials	36	s036_F200609	coCe_grSu6Ne	17	225.0	5	1868.592	1868.891
1874.476	0.8999999999998636	trials	36	s036_F200609	grCe_grSu6Ne_PS	18	0.0	5	1874.776	1875.075
1875.1670000000001	0.8999999999998636	trials	36	s036_F200609	grCe_grSu6CiNe	15	270.0	5	1875.467	1875.767
1875.768	0.8999999999998636	trials	36	s036_F200609	grCe_grSu6Ne_PS	18	180.0	5	1876.068	1876.367
1883.527	0.8999999999998636	trials	36	s036_F200609	grCe_grSu12Mi	9	135.0	5	1883.827	1884.127
1884.7440000000001	0.8999999999998636	trials	36	s036_F200609	grCe_grSu18Fa	11	270.0	5	1885.044	1885.343
1892.161	0.8999999999998636	trials	36	s036_F200609	grCe_grSu6CiNe_PS	19	315.0	5	1892.461	1892.761
1892.77	0.8999999999998636	trials	36	s036_F200609	grCe_grSu12SmCiNe_PS	21	90.0	5	1893.07	1893.369
1893.3700000000001	0.8999999999998636	trials	36	s036_F200609	grCe_grSu6CiNe	15	315.0	5	1893.67	1893.97
1899.737	0.8999999999998636	trials	36	s036_F200609	coCe	16	180.0	5	1900.037	1900.337
1900.9370000000001	0.8999999999998636	trials	36	s036_F200609	grCe_grSu18Fa	11	135.0	5	1901.237	1901.537
1901.538	0.8999999999998636	trials	36	s036_F200609	grCe_grSu12Mi	9	180.0	5	1901.838	1902.137
1912.281	0.8999999999998636	trials	36	s036_F200609	grCe_grSu12SmCiNe_PS	21	270.0	5	1912.581	1912.88
1912.881	0.8999999999998636	trials	36	s036_F200609	grSu12SmCiNe	12		5	1913.181	1913.48
1913.481	0.8999999999998636	trials	36	s036_F200609	grCe_grSu18Fa	11	225.0	5	1913.781	1914.08
1914.089	0.8999999999998636	trials	36	s036_F200609	grCe_grSu12SmCiNe	13	270.0	5	1914.389	1914.689
1921.565	0.8999999999998636	trials	36	s036_F200609	grCe_grSu6Ne_PS	18	315.0	5	1921.865	1922.165
1922.207	0.8999999999998636	trials	36	s036_F200609	grCe_grSu12SmCiNe	13	180.0	5	1922.507	1922.807
1923.4070000000002	0.8999999999998636	trials	36	s036_F200609	grCe_grSu6CiNe_PS	19	90.0	5	1923.707	1924.007
1935.1090000000002	0.8999999999998636	trials	36	s036_F200609	grCe_grSu6Ne	7	90.0	5	1935.409	1935.708
1935.709	0.8999999999998636	trials	36	s036_F200609	grCe_grSu1Ne	3	0.0	5	1936.009	1936.308
1936.309	0.8999999999998636	trials	36	s036_F200609	coCe_grSu6Ne	17	90.0	5	1936.609	1936.908
1942.343	0.8999999999998636	trials	36	s036_F200609	grCe_grSu1Ne	3	135.0	5	1942.643	1942.943
1943.576	0.8999999999998636	trials	36	s036_F200609	grCe	1	90.0	5	1943.876	1944.176
1956.761	0.8999999999998636	trials	36	s036_F200609	grCe_grSu12SmCiNe_PS	21	225.0	5	1957.061	1957.361
1957.361	0.8999999999998636	trials	36	s036_F200609	grCe_grSu12SmCiNe	13	315.0	5	1957.661	1957.961
1958.087	0.8999999999998636	trials	36	s036_F200609	grCe	1	45.0	5	1958.387	1958.686
1958.6870000000001	0.8999999999998636	trials	36	s036_F200609	grCe_grSu18Fa	11	90.0	5	1958.987	1959.286
1965.362	0.8999999999998636	trials	36	s036_F200609	grCe_grSu6CiNe	15	90.0	5	1965.662	1965.962
1965.963	0.8999999999998636	trials	36	s036_F200609	grCe_grSu12SmCiNe_PS	21	135.0	5	1966.263	1966.562
1966.563	0.8999999999998636	trials	36	s036_F200609	grCe_grSu3Ne	5	225.0	5	1966.863	1967.162
1967.188	0.8999999999998636	trials	36	s036_F200609	grSu12Mi	8		5	1967.488	1967.787
1982.8400000000001	0.8999999999998636	trials	36	s036_F200609	grCe_grSu6Ne	7	45.0	5	1983.14	1983.439
1983.44	0.8999999999998636	trials	36	s036_F200609	coCe	16	90.0	5	1983.74	1984.039
1984.04	0.8999999999998636	trials	36	s036_F200609	grCe	1	0.0	5	1984.34	1984.64
1984.64	0.8999999999998636	trials	36	s036_F200609	grCe_grSu6CiNe	15	0.0	5	1984.94	1985.24
2010.218	0.8999999999998636	trials	36	s036_F200609	grCe_grSu6Ne_PS	18	270.0	5	2010.518	2010.818
2014.31	0.8999999999998636	trials	36	s036_F200609	grCe_grSu18Fa	11	45.0	5	2014.61	2014.91
2014.919	0.8999999999998636	trials	36	s036_F200609	grCe_grSu1Ne	3	90.0	5	2015.219	2015.519
2015.519	0.8999999999998636	trials	36	s036_F200609	coCe_grSu6Ne	17	135.0	5	2015.819	2016.119
2016.1190000000001	0.8999999999998636	trials	36	s036_F200609	grCe_grSu12SmCiNe_PS	21	0.0	5	2016.419	2016.719
2025.5040000000001	0.8999999999998636	trials	36	s036_F200609	grCe_grSu6CiNe_PS	19	225.0	5	2025.804	2026.103
2026.104	0.8999999999998636	trials	36	s036_F200609	grCe_grSu12Mi	9	45.0	5	2026.404	2026.703
2027.329	0.8999999999998636	trials	36	s036_F200609	coCe_grSu6Ne	17	270.0	5	2027.629	2027.928
2033.53	0.8999999999998636	trials	36	s036_F200609	grSu18Fa	10		5	2033.83	2034.129
2034.13	0.8999999999998636	trials	36	s036_F200609	grCe_grSu6Ne_PS	18	45.0	5	2034.43	2034.729
2034.73	0.8999999999998636	trials	36	s036_F200609	grCe_grSu12Mi	9	270.0	5	2035.03	2035.329
2035.3300000000002	0.8999999999998636	trials	36	s036_F200609	grCe_grSu12SmCiNe_PS	21	180.0	5	2035.63	2035.93
2042.656	0.8999999999998636	trials	36	s036_F200609	coCe_grSu6Ne	17	180.0	5	2042.956	2043.255
2043.2640000000001	0.8999999999998636	trials	36	s036_F200609	grCe_grSu12Mi	9	225.0	5	2043.564	2043.864
2049.582	0.900000000000091	trials	36	s036_F200609	grCe_grSu6CiNe_PS	19	180.0	5	2049.882	2050.181
2050.182	0.900000000000091	trials	36	s036_F200609	grCe_grSu12SmCiNe	13	90.0	5	2050.482	2050.781
2054.374	0.900000000000091	trials	36	s036_F200609	grCe	1	225.0	5	2054.674	2054.974
2054.9739999999997	0.900000000000091	trials	36	s036_F200609	grCe_grSu12Mi	9	0.0	5	2055.274	2055.574
2058.783	0.900000000000091	trials	36	s036_F200609	grCe_grSu18Fa	11	0.0	5	2059.083	2059.383
2059.3909999999996	0.900000000000091	trials	36	s036_F200609	grCe_grSu12SmCiNe	13	0.0	5	2059.691	2059.991
2059.991	0.900000000000091	trials	36	s036_F200609	grSu3Ne	4		5	2060.291	2060.591
2060.591	0.900000000000091	trials	36	s036_F200609	grCe_grSu6Ne_PS	18	135.0	5	2060.891	2061.191
2067.1009999999997	0.900000000000091	trials	36	s036_F200609	grCe_grSu6CiNe	15	180.0	5	2067.401	2067.7
2067.701	0.900000000000091	trials	36	s036_F200609	coCe	16	135.0	5	2068.001	2068.3
2075.2599999999998	0.900000000000091	trials	36	s036_F200609	grCe_grSu1Ne	3	225.0	5	2075.56	2075.86
2075.8599999999997	0.900000000000091	trials	36	s036_F200609	coCe	16	270.0	5	2076.16	2076.46
2076.46	0.900000000000091	trials	36	s036_F200609	grCe_grSu6CiNe	15	225.0	5	2076.76	2077.06
2077.06	0.900000000000091	trials	36	s036_F200609	grCe_grSu12SmCiNe	13	135.0	5	2077.36	2077.66
2101.23	0.900000000000091	trials	36	s036_F200609	grCe_grSu3Ne	5	180.0	5	2101.53	2101.83
2101.863	0.900000000000091	trials	36	s036_F200609	grCe_grSu12SmCiNe_PS	21	315.0	5	2102.163	2102.463
2102.4629999999997	0.900000000000091	trials	36	s036_F200609	grCe_grSu6Ne	7	270.0	5	2102.763	2103.063
2108.689	0.900000000000091	trials	36	s036_F200609	coSu6Ne	20		5	2108.989	2109.289
2112.3559999999998	0.900000000000091	trials	36	s036_F200609	grSu6CiNe	14		5	2112.656	2112.956
2112.957	0.900000000000091	trials	36	s036_F200609	coCe	16	0.0	5	2113.257	2113.556
2113.557	0.900000000000091	trials	36	s036_F200609	grSu1Ne	2		5	2113.857	2114.156
2114.173	0.900000000000091	trials	36	s036_F200609	grCe_grSu1Ne	3	270.0	5	2114.473	2114.773
2120.4739999999997	0.900000000000091	trials	36	s036_F200609	grCe_grSu1Ne	3	180.0	5	2120.774	2121.074
2121.0739999999996	0.900000000000091	trials	36	s036_F200609	grCe_grSu6CiNe	15	45.0	5	2121.374	2121.674
2121.674	0.900000000000091	trials	36	s036_F200609	grCe_grSu6Ne	7	0.0	5	2121.974	2122.274
2122.274	0.900000000000091	trials	36	s036_F200609	grCe	1	180.0	5	2122.574	2122.874
2128.5	0.900000000000091	trials	36	s036_F200609	grCe	1	135.0	5	2128.8	2129.1
2129.1169999999997	0.900000000000091	trials	36	s036_F200609	grCe_grSu12SmCiNe	13	45.0	5	2129.417	2129.717
2129.7169999999996	0.900000000000091	trials	36	s036_F200609	grCe_grSu3Ne	5	0.0	5	2130.017	2130.317
2130.317	0.900000000000091	trials	36	s036_F200609	grCe_grSu12Mi	9	45.0	6	2130.617	2130.917
2139.6349999999998	0.900000000000091	trials	36	s036_F200609	grSu6CiNe	14		6	2139.935	2140.235
2140.2349999999997	0.900000000000091	trials	36	s036_F200609	grCe_grSu6Ne	7	45.0	6	2140.535	2140.835
2149.3109999999997	0.900000000000091	trials	36	s036_F200609	grCe_grSu12SmCiNe_PS	21	90.0	6	2149.611	2149.911
2149.9109999999996	0.900000000000091	trials	36	s036_F200609	grCe_grSu6CiNe_PS	19	180.0	6	2150.211	2150.511
2151.111	0.900000000000091	trials	36	s036_F200609	grCe_grSu12SmCiNe_PS	21	0.0	6	2151.411	2151.711
2157.537	0.900000000000091	trials	36	s036_F200609	grSu3Ne	4		6	2157.837	2158.137
2158.171	0.900000000000091	trials	36	s036_F200609	coCe	16	270.0	6	2158.471	2158.77
2158.7709999999997	0.900000000000091	trials	36	s036_F200609	grCe_grSu6Ne_PS	18	225.0	6	2159.071	2159.37
2159.3709999999996	0.900000000000091	trials	36	s036_F200609	grCe_grSu6CiNe	15	0.0	6	2159.671	2159.971
2165.93	0.900000000000091	trials	36	s036_F200609	grCe_grSu6Ne	7	180.0	6	2166.23	2166.53
2166.5299999999997	0.900000000000091	trials	36	s036_F200609	grCe_grSu18Fa	11	0.0	6	2166.83	2167.13
2167.1639999999998	0.900000000000091	trials	36	s036_F200609	grSu12SmCiNe	12		6	2167.464	2167.763
2167.772	0.900000000000091	trials	36	s036_F200609	coCe_grSu6Ne	17	225.0	6	2168.072	2168.372
2174.0229999999997	0.900000000000091	trials	36	s036_F200609	grCe	1	270.0	6	2174.323	2174.622
2177.79	0.900000000000091	trials	36	s036_F200609	grCe_grSu6CiNe_PS	19	315.0	6	2178.09	2178.39
2178.4069999999997	0.900000000000091	trials	36	s036_F200609	coCe_grSu6Ne	17	270.0	6	2178.707	2179.006
2179.0069999999996	0.900000000000091	trials	36	s036_F200609	grCe_grSu1Ne	3	180.0	6	2179.307	2179.606
2179.607	0.900000000000091	trials	36	s036_F200609	grCe_grSu6Ne	7	90.0	6	2179.907	2180.206
2189.383	0.900000000000091	trials	36	s036_F200609	grCe_grSu12Mi	9	315.0	6	2189.683	2189.983
2190.0249999999996	0.900000000000091	trials	36	s036_F200609	grCe_grSu1Ne	3	90.0	6	2190.325	2190.624
2191.225	0.900000000000091	trials	36	s036_F200609	coCe	16	135.0	6	2191.525	2191.825
2201.743	0.900000000000091	trials	36	s036_F200609	grCe_grSu12SmCiNe_PS	21	270.0	6	2202.043	2202.343
2202.343	0.900000000000091	trials	36	s036_F200609	grCe_grSu1Ne	3	270.0	6	2202.643	2202.943
2202.9429999999998	0.900000000000091	trials	36	s036_F200609	grCe_grSu6Ne	7	270.0	6	2203.243	2203.543
2208.9109999999996	0.900000000000091	trials	36	s036_F200609	grCe_grSu6CiNe	15	90.0	6	2209.211	2209.51
2209.5519999999997	0.900000000000091	trials	36	s036_F200609	grCe_grSu3Ne	5	135.0	6	2209.852	2210.152
2210.152	0.900000000000091	trials	36	s036_F200609	grCe_grSu6Ne	7	315.0	6	2210.452	2210.752
2210.752	0.900000000000091	trials	36	s036_F200609	grCe	1	0.0	6	2211.052	2211.352
2216.928	0.900000000000091	trials	36	s036_F200609	grCe_grSu12SmCiNe_PS	21	180.0	6	2217.228	2217.528
2217.5699999999997	0.900000000000091	trials	36	s036_F200609	grCe_grSu6CiNe	15	135.0	6	2217.87	2218.17
2218.1699999999996	0.900000000000091	trials	36	s036_F200609	grCe_grSu12Mi	9	270.0	6	2218.47	2218.77
2218.77	0.900000000000091	trials	36	s036_F200609	grCe_grSu12Mi	9	90.0	6	2219.07	2219.37
2224.988	0.900000000000091	trials	36	s036_F200609	grCe_grSu12SmCiNe	13	270.0	6	2225.288	2225.587
2225.6209999999996	0.900000000000091	trials	36	s036_F200609	grSu1Ne	2		6	2225.921	2226.221
2226.221	0.900000000000091	trials	36	s036_F200609	grCe_grSu3Ne	5	315.0	6	2226.521	2226.821
2226.821	0.900000000000091	trials	36	s036_F200609	coCe_grSu6Ne	17	135.0	6	2227.121	2227.421
2235.8309999999997	0.900000000000091	trials	36	s036_F200609	grCe_grSu6CiNe	15	225.0	6	2236.131	2236.43
2241.99	0.900000000000091	trials	36	s036_F200609	coCe	16	90.0	6	2242.29	2242.59
2243.1899999999996	0.900000000000091	trials	36	s036_F200609	grCe_grSu6CiNe_PS	19	270.0	6	2243.49	2243.79
2243.79	0.900000000000091	trials	36	s036_F200609	grCe	1	225.0	6	2244.09	2244.39
2249.874	0.900000000000091	trials	36	s036_F200609	grCe_grSu12SmCiNe_PS	21	315.0	6	2250.174	2250.474
2251.116	0.900000000000091	trials	36	s036_F200609	grSu12Mi	8		6	2251.416	2251.716
2251.758	0.900000000000091	trials	36	s036_F200609	grSu18Fa	10		6	2252.058	2252.357
2259.167	0.900000000000091	trials	36	s036_F200609	grCe_grSu6Ne	7	225.0	6	2259.467	2259.767
2259.767	0.900000000000091	trials	36	s036_F200609	grCe_grSu6CiNe	15	315.0	6	2260.067	2260.367
2260.3669999999997	0.900000000000091	trials	36	s036_F200609	grCe_grSu6Ne_PS	18	270.0	6	2260.667	2260.967
2260.9669999999996	0.900000000000091	trials	36	s036_F200609	grCe_grSu12SmCiNe	13	45.0	6	2261.267	2261.567
2267.852	0.900000000000091	trials	36	s036_F200609	grCe_grSu12SmCiNe	13	135.0	6	2268.152	2268.451
2269.0519999999997	0.900000000000091	trials	36	s036_F200609	grCe_grSu6CiNe_PS	19	0.0	6	2269.352	2269.651
2275.3109999999997	0.900000000000091	trials	36	s036_F200609	coCe_grSu6Ne	17	90.0	6	2275.611	2275.911
2275.9109999999996	0.900000000000091	trials	36	s036_F200609	grCe_grSu12SmCiNe	13	0.0	6	2276.211	2276.511
2276.544	0.900000000000091	trials	36	s036_F200609	grCe_grSu6Ne_PS	18	90.0	6	2276.844	2277.144
2277.144	0.900000000000091	trials	36	s036_F200609	grCe_grSu12SmCiNe	13	180.0	6	2277.444	2277.744
2283.3289999999997	0.900000000000091	trials	36	s036_F200609	grCe_grSu1Ne	3	45.0	6	2283.629	2283.928
2283.9449999999997	0.900000000000091	trials	36	s036_F200609	coCe_grSu6Ne	17	0.0	6	2284.245	2284.545
2284.5449999999996	0.900000000000091	trials	36	s036_F200609	grCe_grSu18Fa	11	135.0	6	2284.845	2285.145
2285.145	0.900000000000091	trials	36	s036_F200609	grCe_grSu12SmCiNe_PS	21	225.0	6	2285.445	2285.745
2292.613	0.900000000000091	trials	36	s036_F200609	coCe_grSu6Ne	17	180.0	6	2292.913	2293.213
2293.2549999999997	0.900000000000091	trials	36	s036_F200609	grCe_grSu18Fa	11	270.0	6	2293.555	2293.854
2300.131	0.900000000000091	trials	36	s036_F200609	grCe_grSu18Fa	11	45.0	6	2300.431	2300.73
2300.7309999999998	0.900000000000091	trials	36	s036_F200609	grCe_grSu12Mi	9	135.0	6	2301.031	2301.33
2301.348	0.900000000000091	trials	36	s036_F200609	grCe_grSu1Ne	3	0.0	6	2301.648	2301.947
2301.948	0.900000000000091	trials	36	s036_F200609	grCe_grSu3Ne	5	0.0	6	2302.248	2302.547
2308.707	0.900000000000091	trials	36	s036_F200609	grCe	1	90.0	6	2309.007	2309.306
2309.307	0.900000000000091	trials	36	s036_F200609	grCe_grSu12SmCiNe	13	315.0	6	2309.607	2309.907
2309.915	0.900000000000091	trials	36	s036_F200609	grCe	1	315.0	6	2310.215	2310.515
2316.649	0.900000000000091	trials	36	s036_F200609	grCe_grSu3Ne	5	270.0	6	2316.949	2317.249
2317.25	0.900000000000091	trials	36	s036_F200609	coCe	16	225.0	6	2317.55	2317.849
2327.051	0.900000000000091	trials	36	s036_F200609	grCe_grSu18Fa	11	225.0	6	2327.351	2327.651
2327.6839999999997	0.900000000000091	trials	36	s036_F200609	grCe	1	45.0	6	2327.984	2328.284
2328.2929999999997	0.900000000000091	trials	36	s036_F200609	grCe_grSu6Ne_PS	18	0.0	6	2328.593	2328.892
2328.893	0.900000000000091	trials	36	s036_F200609	grCe_grSu12SmCiNe	13	225.0	6	2329.193	2329.492
2355.663	0.900000000000091	trials	36	s036_F200609	grCe_grSu6CiNe_PS	19	90.0	6	2355.963	2356.263
2356.2799999999997	0.900000000000091	trials	36	s036_F200609	grCe_grSu3Ne	5	45.0	6	2356.58	2356.879
2356.888	0.900000000000091	trials	36	s036_F200609	grCe_grSu18Fa	11	315.0	6	2357.188	2357.488
2357.488	0.900000000000091	trials	36	s036_F200609	grCe_grSu3Ne	5	90.0	6	2357.788	2358.088
2364.7639999999997	0.900000000000091	trials	36	s036_F200609	grCe_grSu12SmCiNe	13	90.0	6	2365.064	2365.364
2365.364	0.900000000000091	trials	36	s036_F200609	coSu6Ne	20		6	2365.664	2365.964
2374.8819999999996	0.900000000000091	trials	36	s036_F200609	grCe_grSu6Ne_PS	18	135.0	6	2375.182	2375.482
2379.558	0.900000000000091	trials	36	s036_F200609	grCe_grSu18Fa	11	180.0	6	2379.858	2380.157
2380.158	0.900000000000091	trials	36	s036_F200609	grCe_grSu1Ne	3	315.0	6	2380.458	2380.757
2380.758	0.900000000000091	trials	36	s036_F200609	grCe_grSu12SmCiNe_PS	21	45.0	6	2381.058	2381.357
2405.569	0.900000000000091	trials	36	s036_F200609	coCe	16	180.0	6	2405.869	2406.169
2409.903	0.900000000000091	trials	36	s036_F200609	grCe_grSu6Ne	7	135.0	6	2410.203	2410.503
2410.5029999999997	0.900000000000091	trials	36	s036_F200609	grCe_grSu6Ne	7	0.0	6	2410.803	2411.103
2411.1369999999997	0.900000000000091	trials	36	s036_F200609	grCe_grSu6CiNe	15	45.0	6	2411.437	2411.736
2411.7369999999996	0.900000000000091	trials	36	s036_F200609	grCe_grSu6CiNe_PS	19	45.0	6	2412.037	2412.336
2422.4959999999996	0.900000000000091	trials	36	s036_F200609	grCe_grSu12Mi	9	0.0	6	2422.796	2423.096
2423.0969999999998	0.900000000000091	trials	36	s036_F200609	grCe_grSu12SmCiNe_PS	21	135.0	6	2423.397	2423.696
2423.6969999999997	0.900000000000091	trials	36	s036_F200609	grCe	1	135.0	6	2423.997	2424.296
2424.305	0.900000000000091	trials	36	s036_F200609	grCe_grSu6CiNe_PS	19	135.0	6	2424.605	2424.905
2440.941	0.900000000000091	trials	36	s036_F200609	grCe_grSu12Mi	9	225.0	6	2441.241	2441.54
2441.5409999999997	0.900000000000091	trials	36	s036_F200609	grCe_grSu6Ne_PS	18	45.0	6	2441.841	2442.14
2442.1409999999996	0.900000000000091	trials	36	s036_F200609	grCe_grSu6CiNe	15	180.0	6	2442.441	2442.74
2446.258	0.900000000000091	trials	36	s036_F200609	coCe	16	0.0	6	2446.558	2446.858
2450.875	0.900000000000091	trials	36	s036_F200609	coCe_grSu6Ne	17	45.0	6	2451.175	2451.475
2454.426	0.900000000000091	trials	36	s036_F200609	grCe_grSu3Ne	5	180.0	6	2454.726	2455.025
2455.026	0.900000000000091	trials	36	s036_F200609	grSu6Ne	6		6	2455.326	2455.625
2455.6259999999997	0.900000000000091	trials	36	s036_F200609	coCe_grSu6Ne	17	315.0	6	2455.926	2456.225
2456.2259999999997	0.900000000000091	trials	36	s036_F200609	grCe_grSu6CiNe_PS	19	225.0	6	2456.526	2456.826
2463.3019999999997	0.900000000000091	trials	36	s036_F200609	grCe_grSu3Ne	5	225.0	6	2463.602	2463.901
2463.902	0.900000000000091	trials	36	s036_F200609	grCe_grSu12Mi	9	180.0	6	2464.202	2464.502
2464.502	0.900000000000091	trials	36	s036_F200609	coCe	16	315.0	6	2464.802	2465.102
2470.9359999999997	0.900000000000091	trials	36	s036_F200609	grCe_grSu1Ne	3	225.0	6	2471.236	2471.536
2471.569	0.900000000000091	trials	36	s036_F200609	grCe	1	180.0	6	2471.869	2472.169
2472.1699999999996	0.900000000000091	trials	36	s036_F200609	grCe_grSu1Ne	3	135.0	6	2472.47	2472.769
2472.77	0.900000000000091	trials	36	s036_F200609	NoStim	0		6	2473.07	2473.369
2479.979	0.900000000000091	trials	36	s036_F200609	coCe	16	45.0	6	2480.279	2480.579
2496.8309999999997	0.900000000000091	trials	36	s036_F200609	grCe_grSu18Fa	11	90.0	6	2497.131	2497.431
2497.431	0.900000000000091	trials	36	s036_F200609	grCe_grSu6Ne_PS	18	315.0	6	2497.731	2498.031
2500.982	0.900000000000091	trials	36	s036_F200609	grCe_grSu6CiNe	15	270.0	6	2501.282	2501.581
2504.7149999999997	0.900000000000091	trials	36	s036_F200609	grCe_grSu6Ne_PS	18	180.0	6	2505.015	2505.315
2506.549	0.900000000000091	trials	36	s036_F200609	grCe_grSu6CiNe	15	45.0	4	2506.849	2507.149
2512.7659999999996	0.900000000000091	trials	36	s036_F200609	grCe	1	180.0	4	2513.066	2513.366
2513.9669999999996	0.900000000000091	trials	36	s036_F200609	grCe_grSu3Ne	5	135.0	4	2514.267	2514.566
2514.567	0.900000000000091	trials	36	s036_F200609	grCe	1	45.0	4	2514.867	2515.166
2520.642	0.900000000000091	trials	36	s036_F200609	grCe_grSu18Fa	11	135.0	4	2520.942	2521.242
2521.2509999999997	0.900000000000091	trials	36	s036_F200609	grCe	1	90.0	4	2521.551	2521.851
2521.859	0.900000000000091	trials	36	s036_F200609	grCe_grSu1Ne	3	225.0	4	2522.159	2522.459
2531.7189999999996	0.900000000000091	trials	36	s036_F200609	grCe_grSu6CiNe_PS	19	180.0	4	2532.019	2532.319
2532.319	0.900000000000091	trials	36	s036_F200609	coCe	16	90.0	4	2532.619	2532.919
2533.519	0.900000000000091	trials	36	s036_F200609	grCe_grSu18Fa	11	45.0	4	2533.819	2534.119
2555.7889999999998	0.900000000000091	trials	36	s036_F200609	grCe_grSu3Ne	5	180.0	4	2556.089	2556.388
2579.433	0.900000000000091	trials	36	s036_F200609	grCe_grSu6CiNe	15	90.0	4	2579.733	2580.033
2582.9759999999997	0.900000000000091	trials	36	s036_F200609	grCe_grSu12SmCiNe_PS	21	90.0	4	2583.276	2583.575
2583.609	0.900000000000091	trials	36	s036_F200609	grCe_grSu12SmCiNe	13	45.0	4	2583.909	2584.209
2584.2419999999997	0.900000000000091	trials	36	s036_F200609	grCe_grSu1Ne	3	0.0	4	2584.542	2584.842
2584.8419999999996	0.900000000000091	trials	36	s036_F200609	grCe_grSu1Ne	3	135.0	4	2585.142	2585.442
2591.1099999999997	0.900000000000091	trials	36	s036_F200609	grCe_grSu12SmCiNe_PS	21	135.0	4	2591.41	2591.71
2591.71	0.900000000000091	trials	36	s036_F200609	grCe_grSu3Ne	5	270.0	4	2592.01	2592.31
2592.31	0.900000000000091	trials	36	s036_F200609	grCe	1	225.0	4	2592.61	2592.91
2592.935	0.900000000000091	trials	36	s036_F200609	grCe_grSu3Ne	5	315.0	4	2593.235	2593.535
2599.3109999999997	0.900000000000091	trials	36	s036_F200609	grCe_grSu6Ne_PS	18	45.0	4	2599.611	2599.911
2603.27	0.900000000000091	trials	36	s036_F200609	grCe_grSu12Mi	9	90.0	4	2603.57	2603.87
2605.0699999999997	0.900000000000091	trials	36	s036_F200609	grCe_grSu12Mi	9	225.0	4	2605.37	2605.67
2637.366	0.900000000000091	trials	36	s036_F200609	grCe_grSu12SmCiNe_PS	21	270.0	4	2637.666	2637.966
2637.9829999999997	0.900000000000091	trials	36	s036_F200609	grCe_grSu1Ne	3	180.0	4	2638.283	2638.582
2638.6079999999997	0.900000000000091	trials	36	s036_F200609	coCe_grSu6Ne	17	0.0	4	2638.908	2639.207
2639.2079999999996	0.900000000000091	trials	36	s036_F200609	grCe_grSu6Ne	7	180.0	4	2639.508	2639.808
2645.259	0.900000000000091	trials	36	s036_F200609	grCe_grSu6Ne	7	0.0	4	2645.559	2645.858
2645.859	0.900000000000091	trials	36	s036_F200609	grSu6Ne	6		4	2646.159	2646.458
2646.459	0.900000000000091	trials	36	s036_F200609	grCe_grSu6CiNe	15	135.0	4	2646.759	2647.058
2653.268	0.900000000000091	trials	36	s036_F200609	grCe_grSu1Ne	3	270.0	4	2653.568	2653.868
2653.893	0.900000000000091	trials	36	s036_F200609	coCe_grSu6Ne	17	45.0	4	2654.193	2654.493
2654.493	0.900000000000091	trials	36	s036_F200609	grCe_grSu12SmCiNe	13	270.0	4	2654.793	2655.093
2661.736	0.900000000000091	trials	36	s036_F200609	grCe_grSu6CiNe_PS	19	90.0	4	2662.036	2662.335
2662.361	0.900000000000091	trials	36	s036_F200609	grCe_grSu6Ne_PS	18	90.0	4	2662.661	2662.961
2662.961	0.900000000000091	trials	36	s036_F200609	grCe_grSu18Fa	11	225.0	4	2663.261	2663.561
2663.586	0.900000000000091	trials	36	s036_F200609	coCe	16	225.0	4	2663.886	2664.186
2670.779	0.900000000000091	trials	36	s036_F200609	coCe_grSu6Ne	17	225.0	4	2671.079	2671.378
2671.3869999999997	0.900000000000091	trials	36	s036_F200609	grSu3Ne	4		4	2671.687	2671.987
2671.9869999999996	0.900000000000091	trials	36	s036_F200609	grSu12SmCiNe	12		4	2672.287	2672.587
2678.7549999999997	0.900000000000091	trials	36	s036_F200609	grCe_grSu3Ne	5	90.0	4	2679.055	2679.354
2679.355	0.900000000000091	trials	36	s036_F200609	grCe_grSu12SmCiNe	13	180.0	4	2679.655	2679.954
2679.955	0.900000000000091	trials	36	s036_F200609	grCe_grSu12SmCiNe	13	0.0	4	2680.255	2680.554
2686.6969999999997	0.900000000000091	trials	36	s036_F200609	grCe_grSu18Fa	11	0.0	4	2686.997	2687.297
2687.297	0.900000000000091	trials	36	s036_F200609	grCe_grSu6CiNe	15	315.0	4	2687.597	2687.897
2687.897	0.900000000000091	trials	36	s036_F200609	grCe_grSu18Fa	11	90.0	4	2688.197	2688.497
2688.4979999999996	0.900000000000091	trials	36	s036_F200609	grCe_grSu12Mi	9	270.0	4	2688.798	2689.097
2699.399	0.900000000000091	trials	36	s036_F200609	grCe_grSu6CiNe	15	225.0	4	2699.699	2699.999
2700.0159999999996	0.900000000000091	trials	36	s036_F200609	grCe_grSu6Ne	7	90.0	4	2700.316	2700.615
2700.616	0.900000000000091	trials	36	s036_F200609	grCe_grSu6CiNe_PS	19	225.0	4	2700.916	2701.215
2701.2239999999997	0.900000000000091	trials	36	s036_F200609	grCe_grSu6Ne_PS	18	315.0	4	2701.524	2701.824
2707.95	0.900000000000091	trials	36	s036_F200609	grCe_grSu18Fa	11	180.0	4	2708.25	2708.55
2708.5499999999997	0.900000000000091	trials	36	s036_F200609	grCe_grSu6Ne_PS	18	270.0	4	2708.85	2709.15
2709.1499999999996	0.900000000000091	trials	36	s036_F200609	grCe_grSu12SmCiNe_PS	21	0.0	4	2709.45	2709.75
2715.4089999999997	0.900000000000091	trials	36	s036_F200609	grCe_grSu3Ne	5	225.0	4	2715.709	2716.009
2716.0339999999997	0.900000000000091	trials	36	s036_F200609	grCe_grSu12SmCiNe	13	315.0	4	2716.334	2716.634
2716.634	0.900000000000091	trials	36	s036_F200609	grCe_grSu6Ne	7	225.0	4	2716.934	2717.234
2717.2349999999997	0.900000000000091	trials	36	s036_F200609	grSu1Ne	2		4	2717.535	2717.834
2726.544	0.900000000000091	trials	36	s036_F200609	grCe_grSu12SmCiNe_PS	21	45.0	4	2726.844	2727.144
2727.7529999999997	0.900000000000091	trials	36	s036_F200609	grCe_grSu12SmCiNe_PS	21	225.0	4	2728.053	2728.352
2728.3529999999996	0.900000000000091	trials	36	s036_F200609	grCe	1	315.0	4	2728.653	2728.952
2734.912	0.900000000000091	trials	36	s036_F200609	coCe_grSu6Ne	17	315.0	4	2735.212	2735.512
2736.1369999999997	0.900000000000091	trials	36	s036_F200609	coCe	16	135.0	4	2736.437	2736.737
2742.7799999999997	0.900000000000091	trials	36	s036_F200609	grCe_grSu6CiNe	15	270.0	4	2743.08	2743.379
2743.3799999999997	0.900000000000091	trials	36	s036_F200609	grCe_grSu12Mi	9	45.0	4	2743.68	2743.979
2744.0209999999997	0.900000000000091	trials	36	s036_F200609	grCe_grSu6Ne	7	270.0	4	2744.321	2744.621
2744.6459999999997	0.900000000000091	trials	36	s036_F200609	coCe_grSu6Ne	17	270.0	4	2744.946	2745.246
2764.4069999999997	0.900000000000091	trials	36	s036_F200609	grCe_grSu12SmCiNe	13	135.0	4	2764.707	2765.007
2765.0319999999997	0.900000000000091	trials	36	s036_F200609	grCe_grSu1Ne	3	315.0	4	2765.332	2765.632
2765.6659999999997	0.900000000000091	trials	36	s036_F200609	coSu6Ne	20		4	2765.966	2766.266
2766.299	0.900000000000091	trials	36	s036_F200609	grCe_grSu6CiNe	15	0.0	4	2766.599	2766.899
2772.533	0.900000000000091	trials	36	s036_F200609	grCe_grSu6CiNe	15	180.0	4	2772.833	2773.133
2773.133	0.900000000000091	trials	36	s036_F200609	grCe_grSu12SmCiNe	13	90.0	4	2773.433	2773.733
2773.7749999999996	0.900000000000091	trials	36	s036_F200609	grCe_grSu6Ne_PS	18	180.0	4	2774.075	2774.375
2780.618	0.900000000000091	trials	36	s036_F200609	coCe	16	0.0	4	2780.918	2781.217
2781.218	0.900000000000091	trials	36	s036_F200609	grCe_grSu6Ne_PS	18	225.0	4	2781.518	2781.818
2781.8509999999997	0.900000000000091	trials	36	s036_F200609	grSu6CiNe	14		4	2782.151	2782.451
2782.4759999999997	0.900000000000091	trials	36	s036_F200609	coCe	16	45.0	4	2782.776	2783.076
2788.5099999999998	0.900000000000091	trials	36	s036_F200609	grCe_grSu6CiNe_PS	19	270.0	4	2788.81	2789.11
2789.711	0.900000000000091	trials	36	s036_F200609	grCe_grSu18Fa	11	270.0	4	2790.011	2790.31
2793.169	0.900000000000091	trials	36	s036_F200609	grCe	1	270.0	4	2793.469	2793.769
2793.769	0.900000000000091	trials	36	s036_F200609	grCe_grSu12Mi	9	135.0	4	2794.069	2794.369
2794.37	0.900000000000091	trials	36	s036_F200609	grCe_grSu6Ne	7	135.0	4	2794.67	2794.969
2794.97	0.900000000000091	trials	36	s036_F200609	grCe_grSu6Ne	7	315.0	4	2795.27	2795.569
2801.2039999999997	0.900000000000091	trials	36	s036_F200609	coCe_grSu6Ne	17	90.0	4	2801.504	2801.803
2802.462	0.900000000000091	trials	36	s036_F200609	grCe_grSu3Ne	5	45.0	4	2802.762	2803.062
2803.062	0.900000000000091	trials	36	s036_F200609	grCe_grSu6Ne_PS	18	135.0	4	2803.362	2803.662
2809.1879999999996	0.900000000000091	trials	36	s036_F200609	grCe_grSu6Ne	7	45.0	4	2809.488	2809.788
2809.805	0.900000000000091	trials	36	s036_F200609	coCe	16	270.0	4	2810.105	2810.405
2810.4049999999997	0.900000000000091	trials	36	s036_F200609	grCe_grSu12Mi	9	0.0	4	2810.705	2811.005
2811.0049999999997	0.900000000000091	trials	36	s036_F200609	grCe_grSu1Ne	3	90.0	4	2811.305	2811.605
2823.015	0.900000000000091	trials	36	s036_F200609	grCe_grSu3Ne	5	0.0	4	2823.315	2823.615
2823.615	0.900000000000091	trials	36	s036_F200609	coCe_grSu6Ne	17	180.0	4	2823.915	2824.215
2824.223	0.900000000000091	trials	36	s036_F200609	grCe_grSu6CiNe_PS	19	0.0	4	2824.523	2824.823
2830.4159999999997	0.900000000000091	trials	36	s036_F200609	grCe_grSu6CiNe_PS	19	135.0	4	2830.716	2831.016
2831.174	0.900000000000091	trials	36	s036_F200609	grCe_grSu12SmCiNe_PS	21	180.0	4	2831.474	2831.774
2831.808	0.900000000000091	trials	36	s036_F200609	grCe_grSu6CiNe_PS	19	315.0	4	2832.108	2832.407
2832.408	0.900000000000091	trials	36	s036_F200609	grCe_grSu12SmCiNe	13	225.0	4	2832.708	2833.007
2839.384	0.900000000000091	trials	36	s036_F200609	grCe_grSu12SmCiNe_PS	21	315.0	4	2839.684	2839.983
2839.984	0.900000000000091	trials	36	s036_F200609	grCe_grSu1Ne	3	45.0	4	2840.284	2840.583
2840.625	0.900000000000091	trials	36	s036_F200609	grSu12Mi	8		4	2840.925	2841.225
2841.2259999999997	0.900000000000091	trials	36	s036_F200609	NoStim	0		4	2841.526	2841.825
2870.263	0.900000000000091	trials	36	s036_F200609	grCe	1	135.0	4	2870.563	2870.862
2874.038	0.900000000000091	trials	36	s036_F200609	grCe_grSu12Mi	9	315.0	4	2874.338	2874.638
2874.638	0.900000000000091	trials	36	s036_F200609	coCe	16	180.0	4	2874.938	2875.238
2875.8379999999997	0.900000000000091	trials	36	s036_F200609	grCe_grSu18Fa	11	315.0	4	2876.138	2876.438
2881.9809999999998	0.900000000000091	trials	36	s036_F200609	grCe	1	0.0	4	2882.281	2882.581
2882.5809999999997	0.900000000000091	trials	36	s036_F200609	grCe_grSu6Ne_PS	18	0.0	4	2882.881	2883.181
2883.181	0.900000000000091	trials	36	s036_F200609	coCe	16	315.0	4	2883.481	2883.781
2910.084	0.900000000000091	trials	36	s036_F200609	grCe_grSu12Mi	9	180.0	4	2910.384	2910.684
2910.685	0.900000000000091	trials	36	s036_F200609	grCe_grSu6CiNe_PS	19	45.0	4	2910.985	2911.284
2911.285	0.900000000000091	trials	36	s036_F200609	coCe_grSu6Ne	17	135.0	4	2911.585	2911.884
2918.069	0.900000000000091	trials	36	s036_F200609	grSu18Fa	10		4	2918.369	2918.669
2918.669	0.900000000000091	trials	36	s036_F200609	grCe_grSu6Ne_PS	18	135.0	8	2918.969	2919.269
2925.47	0.900000000000091	trials	36	s036_F200609	coCe	16	225.0	8	2925.77	2926.069
2929.754	0.900000000000091	trials	36	s036_F200609	grCe	1	0.0	8	2930.054	2930.353
2930.3619999999996	0.900000000000091	trials	36	s036_F200609	grCe_grSu12SmCiNe_PS	21	180.0	8	2930.662	2930.962
2930.962	0.900000000000091	trials	36	s036_F200609	grCe_grSu6CiNe	15	270.0	8	2931.262	2931.562
2931.562	0.900000000000091	trials	36	s036_F200609	grSu18Fa	10		8	2931.862	2932.162
2937.671	0.900000000000091	trials	36	s036_F200609	grCe	1	315.0	8	2937.971	2938.271
2938.296	0.900000000000091	trials	36	s036_F200609	coCe_grSu6Ne	17	225.0	8	2938.596	2938.896
2938.897	0.900000000000091	trials	36	s036_F200609	grCe_grSu1Ne	3	270.0	8	2939.197	2939.496
2939.513	0.900000000000091	trials	36	s036_F200609	grCe_grSu1Ne	3	135.0	8	2939.813	2940.113
2948.7309999999998	0.900000000000091	trials	36	s036_F200609	grCe_grSu6CiNe	15	45.0	8	2949.031	2949.331
2953.9979999999996	0.900000000000091	trials	36	s036_F200609	grCe_grSu18Fa	11	180.0	8	2954.298	2954.598
2954.5989999999997	0.900000000000091	trials	36	s036_F200609	coCe_grSu6Ne	17	180.0	8	2954.899	2955.198
2955.2149999999997	0.900000000000091	trials	36	s036_F200609	grCe_grSu18Fa	11	0.0	8	2955.515	2955.815
2966.908	0.900000000000091	trials	36	s036_F200609	coCe	16	0.0	8	2967.208	2967.508
2967.509	0.900000000000091	trials	36	s036_F200609	grCe_grSu12SmCiNe	13	90.0	8	2967.809	2968.108
2968.109	0.900000000000091	trials	36	s036_F200609	grCe_grSu6Ne_PS	18	90.0	8	2968.409	2968.708
2968.709	0.900000000000091	trials	36	s036_F200609	grCe_grSu12SmCiNe_PS	21	315.0	8	2969.009	2969.308
2975.0099999999998	0.900000000000091	trials	36	s036_F200609	coCe	16	315.0	8	2975.31	2975.609
2975.6099999999997	0.900000000000091	trials	36	s036_F200609	grCe_grSu3Ne	5	315.0	8	2975.91	2976.209
2976.2349999999997	0.900000000000091	trials	36	s036_F200609	grSu3Ne	4		8	2976.535	2976.834
2976.835	0.900000000000091	trials	36	s036_F200609	grCe_grSu6CiNe_PS	19	315.0	8	2977.135	2977.434
2996.479	0.900000000000091	trials	36	s036_F200609	grCe_grSu6CiNe	15	90.0	8	2996.779	2997.079
2997.6789999999996	0.900000000000091	trials	36	s036_F200609	coCe_grSu6Ne	17	0.0	8	2997.979	2998.279
2998.279	0.900000000000091	trials	36	s036_F200609	grCe_grSu6Ne	7	90.0	8	2998.579	2998.879
3008.147	0.900000000000091	trials	36	s036_F200609	grCe_grSu1Ne	3	180.0	8	3008.447	3008.747
3011.881	0.900000000000091	trials	36	s036_F200609	grCe_grSu6CiNe_PS	19	135.0	8	3012.181	3012.481
3013.1229999999996	0.900000000000091	trials	36	s036_F200609	grCe_grSu6CiNe	15	180.0	8	3013.423	3013.722
3043.602	0.900000000000091	trials	36	s036_F200609	grCe_grSu6CiNe	15	315.0	8	3043.902	3044.201
3044.2019999999998	0.900000000000091	trials	36	s036_F200609	grCe_grSu6Ne	7	180.0	8	3044.502	3044.801
3044.81	0.900000000000091	trials	36	s036_F200609	grCe_grSu6CiNe_PS	19	180.0	8	3045.11	3045.41
3045.41	0.900000000000091	trials	36	s036_F200609	grCe_grSu1Ne	3	90.0	8	3045.71	3046.01
3051.769	0.900000000000091	trials	36	s036_F200609	grCe_grSu18Fa	11	45.0	8	3052.069	3052.369
3052.37	0.900000000000091	trials	36	s036_F200609	grCe_grSu12SmCiNe	13	225.0	8	3052.67	3052.969
3052.995	0.900000000000091	trials	36	s036_F200609	coCe_grSu6Ne	17	270.0	8	3053.295	3053.594
3053.636	0.900000000000091	trials	36	s036_F200609	grCe_grSu18Fa	11	90.0	8	3053.936	3054.236
3064.854	0.900000000000091	trials	36	s036_F200609	grCe	1	135.0	8	3065.154	3065.454
3065.455	0.900000000000091	trials	36	s036_F200609	grCe_grSu12Mi	9	270.0	8	3065.755	3066.054
3066.055	0.900000000000091	trials	36	s036_F200609	grCe_grSu12SmCiNe_PS	21	45.0	8	3066.355	3066.654
3072.9049999999997	0.900000000000091	trials	36	s036_F200609	grCe_grSu12SmCiNe_PS	21	90.0	8	3073.205	3073.505
3073.506	0.900000000000091	trials	36	s036_F200609	grCe_grSu1Ne	3	0.0	8	3073.806	3074.105
3074.147	0.900000000000091	trials	36	s036_F200609	grCe_grSu12SmCiNe_PS	21	0.0	8	3074.447	3074.747
3074.747	0.900000000000091	trials	36	s036_F200609	grCe_grSu12Mi	9	0.0	8	3075.047	3075.347
3108.018	0.900000000000091	trials	36	s036_F200609	grCe_grSu12SmCiNe	13	315.0	8	3108.318	3108.618
3108.618	0.900000000000091	trials	36	s036_F200609	coSu6Ne	20		8	3108.918	3109.218
3109.2189999999996	0.900000000000091	trials	36	s036_F200609	coCe	16	90.0	8	3109.519	3109.818
3109.819	0.900000000000091	trials	36	s036_F200609	grCe_grSu6CiNe_PS	19	90.0	8	3110.119	3110.418
3133.5969999999998	0.900000000000091	trials	36	s036_F200609	grCe_grSu6CiNe_PS	19	225.0	8	3133.897	3134.196
3134.238	0.900000000000091	trials	36	s036_F200609	grCe_grSu6Ne	7	315.0	8	3134.538	3134.838
3134.872	0.900000000000091	trials	36	s036_F200609	coCe	16	135.0	8	3135.172	3135.472
3135.4719999999998	0.900000000000091	trials	36	s036_F200609	grCe	1	180.0	8	3135.772	3136.072
3141.7639999999997	0.900000000000091	trials	36	s036_F200609	grCe_grSu12SmCiNe_PS	21	135.0	8	3142.064	3142.364
3142.364	0.900000000000091	trials	36	s036_F200609	grCe_grSu6Ne	7	270.0	8	3142.664	3142.964
3142.9649999999997	0.900000000000091	trials	36	s036_F200609	grCe_grSu6CiNe	15	225.0	8	3143.265	3143.564
3150.432	0.900000000000091	trials	36	s036_F200609	grCe_grSu12Mi	9	135.0	8	3150.732	3151.032
3151.0319999999997	0.900000000000091	trials	36	s036_F200609	grCe_grSu6Ne	7	0.0	8	3151.332	3151.632
3151.6659999999997	0.900000000000091	trials	36	s036_F200609	grCe_grSu6CiNe	15	135.0	8	3151.966	3152.265
3158.5249999999996	0.900000000000091	trials	36	s036_F200609	grCe	1	45.0	8	3158.825	3159.125
3159.133	0.900000000000091	trials	36	s036_F200609	grCe_grSu12SmCiNe_PS	21	270.0	8	3159.433	3159.733
3159.7329999999997	0.900000000000091	trials	36	s036_F200609	grCe_grSu1Ne	3	45.0	8	3160.033	3160.333
3170.4759999999997	0.900000000000091	trials	36	s036_F200609	grCe_grSu1Ne	3	225.0	8	3170.776	3171.076
3171.7019999999998	0.900000000000091	trials	36	s036_F200609	grCe_grSu3Ne	5	270.0	8	3172.002	3172.301
3172.3019999999997	0.900000000000091	trials	36	s036_F200609	grCe_grSu6Ne_PS	18	0.0	8	3172.602	3172.901
3183.528	0.900000000000091	trials	36	s036_F200609	coCe	16	270.0	8	3183.828	3184.128
3184.1279999999997	0.900000000000091	trials	36	s036_F200609	grCe_grSu12Mi	9	90.0	8	3184.428	3184.728
3188.779	0.900000000000091	trials	36	s036_F200609	grCe_grSu12SmCiNe	13	135.0	8	3189.079	3189.379
3192.979	0.900000000000091	trials	36	s036_F200609	grCe_grSu1Ne	3	315.0	8	3193.279	3193.579
3193.5789999999997	0.900000000000091	trials	36	s036_F200609	grCe_grSu12Mi	9	180.0	8	3193.879	3194.179
3194.7799999999997	0.900000000000091	trials	36	s036_F200609	grCe_grSu18Fa	11	225.0	8	3195.08	3195.379
3200.955	0.900000000000091	trials	36	s036_F200609	grCe_grSu3Ne	5	225.0	8	3201.255	3201.555
3201.5719999999997	0.900000000000091	trials	36	s036_F200609	grCe_grSu6Ne	7	135.0	8	3201.872	3202.172
3202.172	0.900000000000091	trials	36	s036_F200609	grCe_grSu6Ne_PS	18	315.0	8	3202.472	3202.772
3227.692	0.900000000000091	trials	36	s036_F200609	grCe_grSu6CiNe_PS	19	0.0	8	3227.992	3228.292
3229.509	0.900000000000091	trials	36	s036_F200609	grCe	1	90.0	8	3229.809	3230.109
3258.071	0.900000000000091	trials	36	s036_F200609	coCe	16	180.0	8	3258.371	3258.671
3258.6789999999996	0.900000000000091	trials	36	s036_F200609	coCe	16	45.0	8	3258.979	3259.279
3262.5879999999997	0.900000000000091	trials	36	s036_F200609	grCe_grSu6CiNe_PS	19	45.0	8	3262.888	3263.188
3263.1879999999996	0.900000000000091	trials	36	s036_F200609	grCe_grSu6Ne_PS	18	180.0	8	3263.488	3263.788
3267.239	0.900000000000091	trials	36	s036_F200609	grCe_grSu18Fa	11	315.0	8	3267.539	3267.839
3267.839	0.900000000000091	trials	36	s036_F200609	NoStim	0		8	3268.139	3268.439
3268.439	0.900000000000091	trials	36	s036_F200609	grCe_grSu12SmCiNe	13	180.0	8	3268.739	3269.039
3269.0389999999998	0.900000000000091	trials	36	s036_F200609	coCe_grSu6Ne	17	135.0	8	3269.339	3269.639
3275.582	0.900000000000091	trials	36	s036_F200609	grCe_grSu18Fa	11	135.0	8	3275.882	3276.181
3276.857	0.900000000000091	trials	36	s036_F200609	grCe_grSu6Ne_PS	18	45.0	8	3277.157	3277.457
3277.457	0.900000000000091	trials	36	s036_F200609	grCe_grSu12Mi	9	225.0	8	3277.757	3278.057
3287.325	0.900000000000091	trials	36	s036_F200609	grCe_grSu12Mi	9	45.0	8	3287.625	3287.925
3287.9249999999997	0.900000000000091	trials	36	s036_F200609	grCe_grSu12SmCiNe	13	45.0	8	3288.225	3288.525
3291.509	0.900000000000091	trials	36	s036_F200609	grCe_grSu6CiNe_PS	19	270.0	8	3291.809	3292.108
3292.1169999999997	0.900000000000091	trials	36	s036_F200609	grCe_grSu3Ne	5	45.0	8	3292.417	3292.717
3292.7259999999997	0.900000000000091	trials	36	s036_F200609	grSu1Ne	2		8	3293.026	3293.325
3293.326	0.900000000000091	trials	36	s036_F200609	grCe_grSu6Ne_PS	18	225.0	8	3293.626	3293.925
3299.535	0.900000000000091	trials	36	s036_F200609	grCe_grSu12Mi	9	315.0	8	3299.835	3300.134
3300.1769999999997	0.900000000000091	trials	36	s036_F200609	grSu12SmCiNe	12		8	3300.477	3300.776
3321.4379999999996	0.900000000000091	trials	36	s036_F200609	grCe	1	225.0	8	3321.738	3322.037
3322.038	0.900000000000091	trials	36	s036_F200609	coCe_grSu6Ne	17	315.0	8	3322.338	3322.637
3322.638	0.900000000000091	trials	36	s036_F200609	grCe_grSu12SmCiNe	13	0.0	8	3322.938	3323.237
3323.238	0.900000000000091	trials	36	s036_F200609	grCe_grSu6Ne	7	45.0	8	3323.538	3323.838
3344.399	0.900000000000091	trials	36	s036_F200609	grCe_grSu6CiNe	15	0.0	8	3344.699	3344.999
3360.6839999999997	0.900000000000091	trials	36	s036_F200609	grCe_grSu3Ne	5	180.0	8	3360.984	3361.284
3390.163	0.900000000000091	trials	36	s036_F200609	grCe_grSu3Ne	5	90.0	8	3390.463	3390.763
3390.763	0.900000000000091	trials	36	s036_F200609	grCe	1	270.0	8	3391.063	3391.363
3391.3799999999997	0.900000000000091	trials	36	s036_F200609	grCe_grSu3Ne	5	135.0	8	3391.68	3391.98
3391.98	0.900000000000091	trials	36	s036_F200609	grCe_grSu12SmCiNe	13	270.0	8	3392.28	3392.58
3398.122	0.900000000000091	trials	36	s036_F200609	grSu6Ne	6		8	3398.422	3398.722
3398.7309999999998	0.900000000000091	trials	36	s036_F200609	grSu12Mi	8		8	3399.031	3399.331
3399.931	0.900000000000091	trials	36	s036_F200609	grCe_grSu18Fa	11	270.0	8	3400.231	3400.531
3417.125	0.900000000000091	trials	36	s036_F200609	coCe_grSu6Ne	17	90.0	8	3417.425	3417.725
3417.75	0.900000000000091	trials	36	s036_F200609	grCe_grSu12SmCiNe_PS	21	225.0	8	3418.05	3418.35
3418.392	0.900000000000091	trials	36	s036_F200609	grSu6CiNe	14		8	3418.692	3418.991
3419.017	0.900000000000091	trials	36	s036_F200609	grCe_grSu6Ne	7	225.0	8	3419.317	3419.617
3425.593	0.900000000000091	trials	36	s036_F200609	grCe_grSu6Ne_PS	18	270.0	8	3425.893	3426.192
3426.1929999999998	0.900000000000091	trials	36	s036_F200609	grCe_grSu3Ne	5	0.0	8	3426.493	3426.793
3426.801	0.900000000000091	trials	36	s036_F200609	coCe_grSu6Ne	17	45.0	8	3427.101	3427.401
