onset	duration	nwb_table	ses_ID	ses_Name	cond_Name	cond_ID	target_rot	rep_num	pdOn	pdOff
27.961	0.9000000000000021	trials	108	s108_J210617	grCe_grSu12Mi	9	225.0	8	28.261	28.561
32.453	0.8999999999999986	trials	108	s108_J210617	grCe_grSu18Fa	11	135.0	8	32.753	33.053
33.053000000000004	0.8999999999999986	trials	108	s108_J210617	grSu6Ne	6		8	33.353	33.653
33.654	0.8999999999999986	trials	108	s108_J210617	grCe_grSu6Ne_PS	18	90.0	8	33.954	34.253
39.063	0.8999999999999986	trials	108	s108_J210617	grCe_grSu12Mi	9	180.0	8	39.363	39.662
39.671	0.8999999999999986	trials	108	s108_J210617	grCe_grSu12Mi	9	90.0	8	39.971	40.271
40.271	0.8999999999999986	trials	108	s108_J210617	coCe	16	135.0	8	40.571	40.871
49.214000000000006	0.8999999999999986	trials	108	s108_J210617	grCe_grSu3Ne	5	135.0	8	49.514	49.813
49.814	0.8999999999999986	trials	108	s108_J210617	grCe_grSu1Ne	3	225.0	8	50.114	50.414
58.540000000000006	0.8999999999999986	trials	108	s108_J210617	grCe_grSu6Ne_PS	18	135.0	8	58.84	59.14
62.557	0.8999999999999986	trials	108	s108_J210617	grCe_grSu12SmCiNe	13	135.0	8	62.857	63.157
63.166000000000004	0.8999999999999986	trials	108	s108_J210617	grCe_grSu3Ne	5	45.0	8	63.466	63.765
63.766000000000005	0.8999999999999915	trials	108	s108_J210617	grCe_grSu12SmCiNe_PS	21	270.0	8	64.066	64.365
68.75800000000001	0.8999999999999915	trials	108	s108_J210617	coCe_grSu6Ne	17	135.0	8	69.058	69.358
69.358	0.8999999999999915	trials	108	s108_J210617	grCe_grSu6Ne_PS	18	0.0	8	69.658	69.958
69.958	0.8999999999999915	trials	108	s108_J210617	grCe_grSu12SmCiNe_PS	21	225.0	8	70.258	70.558
75.276	0.8999999999999915	trials	108	s108_J210617	grCe_grSu1Ne	3	45.0	8	75.576	75.875
75.876	0.8999999999999915	trials	108	s108_J210617	grCe_grSu6Ne	7	45.0	8	76.176	76.475
76.48400000000001	0.8999999999999915	trials	108	s108_J210617	grCe_grSu12Mi	9	135.0	8	76.784	77.084
82.101	0.8999999999999915	trials	108	s108_J210617	grCe_grSu1Ne	3	0.0	8	82.401	82.701
82.702	0.8999999999999915	trials	108	s108_J210617	grCe_grSu6Ne_PS	18	180.0	8	83.002	83.301
87.777	0.8999999999999915	trials	108	s108_J210617	grCe_grSu12SmCiNe_PS	21	0.0	8	88.077	88.377
88.37700000000001	0.8999999999999915	trials	108	s108_J210617	grCe	1	90.0	8	88.677	88.977
92.553	0.8999999999999915	trials	108	s108_J210617	grCe_grSu1Ne	3	270.0	8	92.853	93.152
93.153	0.8999999999999915	trials	108	s108_J210617	coCe	16	225.0	8	93.453	93.752
98.137	0.8999999999999915	trials	108	s108_J210617	grCe_grSu6Ne	7	135.0	8	98.437	98.736
98.73700000000001	0.8999999999999915	trials	108	s108_J210617	grCe_grSu6CiNe_PS	19	225.0	8	99.037	99.337
104.504	0.8999999999999915	trials	108	s108_J210617	grCe_grSu12Mi	9	315.0	8	104.804	105.104
110.864	0.8999999999999915	trials	108	s108_J210617	grCe	1	270.0	8	111.164	111.463
111.464	0.8999999999999915	trials	108	s108_J210617	grCe_grSu12SmCiNe	13	90.0	8	111.764	112.063
121.415	0.8999999999999915	trials	108	s108_J210617	grCe_grSu6Ne	7	225.0	8	121.715	122.014
125.11500000000001	0.8999999999999915	trials	108	s108_J210617	grCe_grSu3Ne	5	270.0	8	125.415	125.715
125.724	0.8999999999999915	trials	108	s108_J210617	grCe_grSu6Ne	7	315.0	8	126.024	126.323
134.19199999999998	0.9000000000000057	trials	108	s108_J210617	grCe	1	315.0	8	134.492	134.791
134.792	0.9000000000000057	trials	108	s108_J210617	coCe	16	180.0	8	135.092	135.391
138.417	0.9000000000000057	trials	108	s108_J210617	coCe_grSu6Ne	17	0.0	8	138.717	139.017
139.017	0.9000000000000057	trials	108	s108_J210617	coCe	16	90.0	8	139.317	139.617
139.617	0.9000000000000057	trials	108	s108_J210617	grCe_grSu3Ne	5	0.0	8	139.917	140.217
144.701	0.9000000000000057	trials	108	s108_J210617	grCe_grSu12SmCiNe	13	225.0	8	145.001	145.301
148.277	0.9000000000000057	trials	108	s108_J210617	grCe_grSu12SmCiNe_PS	21	180.0	8	148.577	148.876
152.152	0.9000000000000057	trials	108	s108_J210617	grCe_grSu12SmCiNe_PS	21	45.0	8	152.452	152.752
152.75199999999998	0.9000000000000057	trials	108	s108_J210617	grCe	1	180.0	8	153.052	153.352
153.35199999999998	0.9000000000000057	trials	108	s108_J210617	grCe_grSu6Ne_PS	18	225.0	8	153.652	153.952
159.028	0.9000000000000057	trials	108	s108_J210617	grSu3Ne	4		8	159.328	159.628
159.628	0.9000000000000057	trials	108	s108_J210617	coSu6Ne	20		8	159.928	160.228
164.97099999999998	0.9000000000000057	trials	108	s108_J210617	grCe_grSu3Ne	5	180.0	8	165.271	165.57
165.571	0.9000000000000057	trials	108	s108_J210617	grCe_grSu12SmCiNe_PS	21	315.0	8	165.871	166.17
166.171	0.9000000000000057	trials	108	s108_J210617	grCe_grSu12SmCiNe	13	45.0	8	166.471	166.77
171.171	0.9000000000000057	trials	108	s108_J210617	grCe_grSu6CiNe	15	45.0	8	171.471	171.771
174.84699999999998	0.9000000000000057	trials	108	s108_J210617	grCe_grSu12SmCiNe	13	0.0	8	175.147	175.446
181.173	0.9000000000000057	trials	108	s108_J210617	grCe_grSu1Ne	3	315.0	8	181.473	181.772
182.373	0.9000000000000057	trials	108	s108_J210617	grCe_grSu3Ne	5	90.0	8	182.673	182.972
187.59799999999998	0.9000000000000057	trials	108	s108_J210617	grCe_grSu6CiNe_PS	19	315.0	8	187.898	188.198
188.19899999999998	0.9000000000000057	trials	108	s108_J210617	grCe_grSu6CiNe_PS	19	135.0	8	188.499	188.798
191.732	0.9000000000000057	trials	108	s108_J210617	grSu6CiNe	14		8	192.032	192.332
192.332	0.9000000000000057	trials	108	s108_J210617	grCe_grSu6CiNe_PS	19	0.0	8	192.632	192.932
200.759	0.9000000000000057	trials	108	s108_J210617	grCe	1	0.0	8	201.059	201.358
201.35899999999998	0.9000000000000057	trials	108	s108_J210617	coCe	16	45.0	8	201.659	201.958
201.96699999999998	0.9000000000000057	trials	108	s108_J210617	grCe_grSu6CiNe	15	180.0	8	202.267	202.567
207.093	0.9000000000000057	trials	108	s108_J210617	grCe_grSu12SmCiNe	13	315.0	8	207.393	207.692
207.701	0.9000000000000057	trials	108	s108_J210617	grCe_grSu12Mi	9	45.0	8	208.001	208.301
208.301	0.9000000000000057	trials	108	s108_J210617	coCe_grSu6Ne	17	90.0	8	208.601	208.901
213.35999999999999	0.9000000000000057	trials	108	s108_J210617	coCe_grSu6Ne	17	225.0	8	213.66	213.96
213.95999999999998	0.9000000000000057	trials	108	s108_J210617	coCe	16	270.0	8	214.26	214.56
217.43599999999998	0.9000000000000057	trials	108	s108_J210617	grCe_grSu1Ne	3	135.0	8	217.736	218.035
218.04399999999998	0.9000000000000057	trials	108	s108_J210617	grCe_grSu18Fa	11	90.0	8	218.344	218.644
218.64399999999998	0.9000000000000057	trials	108	s108_J210617	grCe_grSu6Ne	7	180.0	8	218.944	219.244
224.07	0.9000000000000057	trials	108	s108_J210617	grSu18Fa	10		8	224.37	224.669
237.78799999999998	0.9000000000000057	trials	108	s108_J210617	grCe_grSu1Ne	3	90.0	8	238.088	238.388
238.38799999999998	0.9000000000000057	trials	108	s108_J210617	NoStim	0		8	238.688	238.988
248.09799999999998	0.9000000000000057	trials	108	s108_J210617	coCe_grSu6Ne	17	180.0	8	248.398	248.698
253.86499999999998	0.9000000000000057	trials	108	s108_J210617	grCe_grSu6Ne	7	90.0	8	254.165	254.465
254.46499999999997	0.9000000000000057	trials	108	s108_J210617	coCe_grSu6Ne	17	45.0	8	254.765	255.065
255.07399999999998	0.9000000000000057	trials	108	s108_J210617	grCe_grSu12Mi	9	0.0	8	255.374	255.673
259.933	0.9000000000000341	trials	108	s108_J210617	grCe_grSu18Fa	11	180.0	8	260.233	260.532
260.533	0.9000000000000341	trials	108	s108_J210617	coCe	16	0.0	8	260.833	261.132
261.14099999999996	0.9000000000000341	trials	108	s108_J210617	grCe_grSu18Fa	11	270.0	8	261.441	261.741
266.5	0.9000000000000341	trials	108	s108_J210617	coCe_grSu6Ne	17	315.0	8	266.8	267.1
267.70099999999996	0.9000000000000341	trials	108	s108_J210617	coCe_grSu6Ne	17	270.0	8	268.001	268.3
272.76	0.9000000000000341	trials	108	s108_J210617	grCe_grSu6CiNe_PS	19	90.0	8	273.06	273.359
273.36	0.9000000000000341	trials	108	s108_J210617	grCe_grSu6Ne_PS	18	45.0	8	273.66	273.959
273.96	0.9000000000000341	trials	108	s108_J210617	grCe	1	45.0	8	274.26	274.559
278.977	0.9000000000000341	trials	108	s108_J210617	grCe_grSu6CiNe	15	270.0	8	279.277	279.577
279.577	0.9000000000000341	trials	108	s108_J210617	grCe_grSu12SmCiNe	13	180.0	8	279.877	280.177
280.185	0.9000000000000341	trials	108	s108_J210617	grSu12Mi	8		8	280.485	280.785
285.26099999999997	0.9000000000000341	trials	108	s108_J210617	grCe_grSu6CiNe_PS	19	45.0	8	285.561	285.861
288.895	0.9000000000000341	trials	108	s108_J210617	grCe_grSu18Fa	11	45.0	8	289.195	289.494
292.86199999999997	0.9000000000000341	trials	108	s108_J210617	grCe_grSu6CiNe_PS	19	180.0	8	293.162	293.462
296.871	0.9000000000000341	trials	108	s108_J210617	grCe_grSu12SmCiNe	13	270.0	8	297.171	297.471
297.471	0.9000000000000341	trials	108	s108_J210617	grCe_grSu3Ne	5	315.0	8	297.771	298.071
298.07099999999997	0.9000000000000341	trials	108	s108_J210617	grSu12SmCiNe	12		8	298.371	298.671
303.097	0.9000000000000341	trials	108	s108_J210617	grCe_grSu6CiNe	15	135.0	8	303.397	303.696
303.705	0.9000000000000341	trials	108	s108_J210617	grCe_grSu6Ne	7	270.0	8	304.005	304.305
304.305	0.9000000000000341	trials	108	s108_J210617	grCe_grSu6Ne	7	0.0	8	304.605	304.905
309.464	0.9000000000000341	trials	108	s108_J210617	grCe_grSu6CiNe	15	315.0	8	309.764	310.064
313.123	0.9000000000000341	trials	108	s108_J210617	grCe_grSu6Ne_PS	18	270.0	8	313.423	313.723
317.199	0.9000000000000341	trials	108	s108_J210617	grCe_grSu12SmCiNe_PS	21	90.0	8	317.499	317.798
317.807	0.9000000000000341	trials	108	s108_J210617	grCe_grSu18Fa	11	315.0	8	318.107	318.407
318.41499999999996	0.9000000000000341	trials	108	s108_J210617	grCe_grSu12Mi	9	270.0	8	318.715	319.015
323.549	0.9000000000000341	trials	108	s108_J210617	grCe_grSu6CiNe	15	225.0	8	323.849	324.149
327.675	0.9000000000000341	trials	108	s108_J210617	coCe	16	315.0	8	327.975	328.275
328.275	0.9000000000000341	trials	108	s108_J210617	grCe_grSu12SmCiNe_PS	21	135.0	8	328.575	328.875
336.501	0.9000000000000341	trials	108	s108_J210617	grCe	1	135.0	8	336.801	337.101
337.71	0.9000000000000341	trials	108	s108_J210617	grCe_grSu6CiNe	15	90.0	8	338.01	338.309
342.969	0.9000000000000341	trials	108	s108_J210617	grCe_grSu1Ne	3	180.0	8	343.269	343.568
343.577	0.9000000000000341	trials	108	s108_J210617	grCe_grSu18Fa	11	225.0	8	343.877	344.177
344.17699999999996	0.9000000000000341	trials	108	s108_J210617	grCe_grSu6Ne_PS	18	315.0	8	344.477	344.777
355.712	0.9000000000000341	trials	108	s108_J210617	grCe	1	225.0	8	356.012	356.311
356.312	0.9000000000000341	trials	108	s108_J210617	grSu1Ne	2		8	356.612	356.912
356.92	0.9000000000000341	trials	108	s108_J210617	grCe_grSu18Fa	11	0.0	8	357.22	357.52
362.796	0.9000000000000341	trials	108	s108_J210617	grCe_grSu3Ne	5	225.0	8	363.096	363.396
369.755	0.9000000000000341	trials	108	s108_J210617	grCe_grSu6CiNe	15	0.0	8	370.055	370.355
375.965	0.9000000000000341	trials	108	s108_J210617	grCe_grSu6CiNe_PS	19	270.0	8	376.265	376.564
380.015	0.9000000000000341	trials	108	s108_J210617	grCe_grSu1Ne	3	225.0	3	380.315	380.615
384.48199999999997	0.9000000000000341	trials	108	s108_J210617	grCe	1	270.0	3	384.782	385.082
385.082	0.9000000000000341	trials	108	s108_J210617	grCe_grSu6CiNe	15	180.0	3	385.382	385.682
390.175	0.9000000000000341	trials	108	s108_J210617	coCe	16	315.0	3	390.475	390.774
391.383	0.9000000000000341	trials	108	s108_J210617	grCe_grSu12SmCiNe	13	135.0	3	391.683	391.983
396.459	0.9000000000000341	trials	108	s108_J210617	grCe_grSu6Ne_PS	18	90.0	3	396.759	397.058
397.667	0.9000000000000341	trials	108	s108_J210617	grCe_grSu6Ne	7	270.0	3	397.967	398.267
406.51	0.9000000000000341	trials	108	s108_J210617	grCe_grSu18Fa	11	270.0	3	406.81	407.11
407.11	0.9000000000000341	trials	108	s108_J210617	grCe	1	180.0	3	407.41	407.71
407.71	0.9000000000000341	trials	108	s108_J210617	coSu6Ne	20		3	408.01	408.31
413.169	0.9000000000000341	trials	108	s108_J210617	grCe_grSu6Ne	7	315.0	3	413.469	413.769
413.769	0.9000000000000341	trials	108	s108_J210617	coCe	16	0.0	3	414.069	414.369
418.678	0.9000000000000341	trials	108	s108_J210617	grCe_grSu6CiNe	15	45.0	3	418.978	419.278
419.279	0.9000000000000341	trials	108	s108_J210617	grCe_grSu12SmCiNe_PS	21	270.0	3	419.579	419.878
427.996	0.9000000000000341	trials	108	s108_J210617	grCe_grSu1Ne	3	0.0	3	428.296	428.596
428.60499999999996	0.9000000000000341	trials	108	s108_J210617	grCe_grSu18Fa	11	180.0	3	428.905	429.204
429.21299999999997	0.9000000000000341	trials	108	s108_J210617	grCe_grSu18Fa	11	0.0	3	429.513	429.813
434.906	0.9000000000000341	trials	108	s108_J210617	grCe_grSu12SmCiNe	13	0.0	3	435.206	435.505
440.823	0.9000000000000341	trials	108	s108_J210617	grCe_grSu18Fa	11	225.0	3	441.123	441.423
441.431	0.9000000000000341	trials	108	s108_J210617	grSu18Fa	10		3	441.731	442.031
445.399	0.9000000000000341	trials	108	s108_J210617	coCe_grSu6Ne	17	180.0	3	445.699	445.998
445.99899999999997	0.9000000000000341	trials	108	s108_J210617	grSu6Ne	6		3	446.299	446.598
446.599	0.9000000000000341	trials	108	s108_J210617	grSu1Ne	2		3	446.899	447.198
451.674	0.9000000000000341	trials	108	s108_J210617	grCe_grSu1Ne	3	90.0	3	451.974	452.274
458.317	0.9000000000000341	trials	108	s108_J210617	grCe_grSu12Mi	9	45.0	3	458.617	458.916
459.525	0.9000000000000341	trials	108	s108_J210617	grSu12SmCiNe	12		3	459.825	460.125
470.844	0.9000000000000341	trials	108	s108_J210617	grCe_grSu12SmCiNe	13	90.0	3	471.144	471.443
471.444	0.9000000000000341	trials	108	s108_J210617	grCe	1	0.0	3	471.744	472.043
475.928	0.9000000000000341	trials	108	s108_J210617	coCe	16	270.0	3	476.228	476.527
476.52799999999996	0.9000000000000341	trials	108	s108_J210617	grCe_grSu1Ne	3	270.0	3	476.828	477.127
481.603	0.9000000000000341	trials	108	s108_J210617	grCe	1	225.0	3	481.903	482.203
482.212	0.9000000000000341	trials	108	s108_J210617	grCe_grSu12Mi	9	315.0	3	482.512	482.811
487.762	0.9000000000000341	trials	108	s108_J210617	grCe_grSu6Ne_PS	18	135.0	3	488.062	488.362
491.288	0.9000000000000341	trials	108	s108_J210617	grCe_grSu12Mi	9	225.0	3	491.588	491.887
491.888	0.9000000000000341	trials	108	s108_J210617	grCe_grSu6Ne_PS	18	270.0	3	492.188	492.487
495.738	0.9000000000000341	trials	108	s108_J210617	coCe_grSu6Ne	17	270.0	3	496.038	496.338
502.714	0.9000000000000341	trials	108	s108_J210617	grCe_grSu3Ne	5	180.0	3	503.014	503.314
506.531	0.9000000000000341	trials	108	s108_J210617	coCe_grSu6Ne	17	135.0	3	506.831	507.131
507.14	0.9000000000000341	trials	108	s108_J210617	grCe_grSu3Ne	5	135.0	3	507.44	507.739
507.74	0.9000000000000341	trials	108	s108_J210617	grCe_grSu6CiNe_PS	19	0.0	3	508.04	508.34
515.3660000000001	0.8999999999999773	trials	108	s108_J210617	grCe_grSu6CiNe	15	315.0	3	515.666	515.966
515.966	0.8999999999999773	trials	108	s108_J210617	grCe_grSu6Ne	7	180.0	3	516.266	516.566
516.566	0.8999999999999773	trials	108	s108_J210617	grCe_grSu6Ne	7	225.0	3	516.866	517.166
521.6500000000001	0.8999999999999773	trials	108	s108_J210617	grCe_grSu6Ne_PS	18	0.0	3	521.95	522.25
522.25	0.8999999999999773	trials	108	s108_J210617	coCe_grSu6Ne	17	45.0	3	522.55	522.85
528.0930000000001	0.8999999999999773	trials	108	s108_J210617	grCe_grSu1Ne	3	45.0	3	528.393	528.692
528.701	0.8999999999999773	trials	108	s108_J210617	grCe_grSu18Fa	11	315.0	3	529.001	529.301
529.301	0.8999999999999773	trials	108	s108_J210617	grCe_grSu6CiNe_PS	19	270.0	3	529.601	529.901
534.36	0.8999999999999773	trials	108	s108_J210617	grCe_grSu6Ne_PS	18	225.0	3	534.66	534.96
534.96	0.8999999999999773	trials	108	s108_J210617	grCe_grSu6Ne_PS	18	315.0	3	535.26	535.56
535.5690000000001	0.8999999999999773	trials	108	s108_J210617	grCe_grSu12SmCiNe	13	180.0	3	535.869	536.168
540.5690000000001	0.8999999999999773	trials	108	s108_J210617	coCe_grSu6Ne	17	90.0	3	540.869	541.169
541.178	0.8999999999999773	trials	108	s108_J210617	grSu12Mi	8		3	541.478	541.777
541.778	0.8999999999999773	trials	108	s108_J210617	grCe_grSu6CiNe	15	225.0	3	542.078	542.377
546.8280000000001	0.8999999999999773	trials	108	s108_J210617	coCe_grSu6Ne	17	225.0	3	547.128	547.428
547.428	0.8999999999999773	trials	108	s108_J210617	grCe_grSu6CiNe	15	90.0	3	547.728	548.028
548.029	0.8999999999999773	trials	108	s108_J210617	grCe_grSu12SmCiNe_PS	21	315.0	3	548.329	548.628
553.029	0.8999999999999773	trials	108	s108_J210617	grCe_grSu6CiNe	15	0.0	3	553.329	553.629
553.638	0.8999999999999773	trials	108	s108_J210617	grCe_grSu6Ne	7	45.0	3	553.938	554.237
564.364	0.8999999999999773	trials	108	s108_J210617	coCe	16	90.0	3	564.664	564.964
565.089	0.8999999999999773	trials	108	s108_J210617	grCe_grSu6CiNe_PS	19	90.0	3	565.389	565.689
565.697	0.8999999999999773	trials	108	s108_J210617	grCe_grSu12SmCiNe	13	45.0	3	565.997	566.297
574.19	0.8999999999999773	trials	108	s108_J210617	coCe_grSu6Ne	17	0.0	3	574.49	574.79
574.7900000000001	0.8999999999999773	trials	108	s108_J210617	grCe_grSu6CiNe	15	270.0	3	575.09	575.39
575.3900000000001	0.8999999999999773	trials	108	s108_J210617	grCe_grSu6Ne_PS	18	180.0	3	575.69	575.99
580.791	0.8999999999999773	trials	108	s108_J210617	grCe_grSu6Ne	7	135.0	3	581.091	581.391
581.3910000000001	0.8999999999999773	trials	108	s108_J210617	grCe_grSu6CiNe_PS	19	225.0	3	581.691	581.991
582.008	0.8999999999999773	trials	108	s108_J210617	grCe_grSu12SmCiNe_PS	21	0.0	3	582.308	582.607
587.134	0.8999999999999773	trials	108	s108_J210617	grCe_grSu6CiNe_PS	19	315.0	3	587.434	587.733
590.851	0.8999999999999773	trials	108	s108_J210617	grCe_grSu3Ne	5	45.0	3	591.151	591.45
591.451	0.8999999999999773	trials	108	s108_J210617	grCe_grSu1Ne	3	135.0	3	591.751	592.05
592.051	0.8999999999999773	trials	108	s108_J210617	grCe_grSu6CiNe_PS	19	45.0	3	592.351	592.65
597.268	0.8999999999999773	trials	108	s108_J210617	grCe_grSu6Ne	7	90.0	3	597.568	597.868
598.4680000000001	0.8999999999999773	trials	108	s108_J210617	NoStim	0		3	598.768	599.068
604.2610000000001	0.8999999999999773	trials	108	s108_J210617	grCe_grSu12SmCiNe_PS	21	90.0	3	604.561	604.86
604.861	0.8999999999999773	trials	108	s108_J210617	grCe_grSu3Ne	5	90.0	3	605.161	605.46
609.995	0.8999999999999773	trials	108	s108_J210617	grCe_grSu6Ne_PS	18	45.0	3	610.295	610.594
610.595	0.8999999999999773	trials	108	s108_J210617	grCe_grSu12SmCiNe	13	315.0	3	610.895	611.195
616.2710000000001	0.8999999999999773	trials	108	s108_J210617	grCe_grSu12Mi	9	270.0	3	616.571	616.87
617.471	0.8999999999999773	trials	108	s108_J210617	grCe_grSu1Ne	3	315.0	3	617.771	618.07
623.163	0.8999999999999773	trials	108	s108_J210617	grCe	1	315.0	3	623.463	623.763
623.772	0.8999999999999773	trials	108	s108_J210617	grCe_grSu6CiNe	15	135.0	3	624.072	624.371
629.522	0.8999999999999773	trials	108	s108_J210617	grCe_grSu12SmCiNe_PS	21	225.0	3	629.822	630.122
630.123	0.8999999999999773	trials	108	s108_J210617	grCe_grSu12SmCiNe_PS	21	135.0	3	630.423	630.722
635.173	0.8999999999999773	trials	108	s108_J210617	coCe	16	180.0	3	635.473	635.773
635.782	0.8999999999999773	trials	108	s108_J210617	grCe_grSu12Mi	9	0.0	3	636.082	636.381
636.3820000000001	0.8999999999999773	trials	108	s108_J210617	grCe_grSu12SmCiNe_PS	21	45.0	3	636.682	636.981
641.566	0.8999999999999773	trials	108	s108_J210617	grCe_grSu12SmCiNe	13	225.0	3	641.866	642.165
647.0830000000001	0.8999999999999773	trials	108	s108_J210617	coCe	16	135.0	3	647.383	647.683
652.784	0.8999999999999773	trials	108	s108_J210617	grCe_grSu3Ne	5	315.0	3	653.084	653.383
653.384	0.8999999999999773	trials	108	s108_J210617	grCe_grSu6CiNe_PS	19	180.0	3	653.684	653.983
658.5010000000001	0.8999999999999773	trials	108	s108_J210617	grCe_grSu12SmCiNe_PS	21	180.0	3	658.801	659.101
659.101	0.8999999999999773	trials	108	s108_J210617	coCe_grSu6Ne	17	315.0	3	659.401	659.701
659.701	0.8999999999999773	trials	108	s108_J210617	grCe	1	45.0	3	660.001	660.301
664.6690000000001	0.8999999999999773	trials	108	s108_J210617	grCe_grSu1Ne	3	180.0	3	664.969	665.268
674.428	0.8999999999999773	trials	108	s108_J210617	grSu3Ne	4		3	674.728	675.028
678.7040000000001	0.8999999999999773	trials	108	s108_J210617	grCe_grSu6CiNe_PS	19	135.0	3	679.004	679.303
684.955	0.8999999999999773	trials	108	s108_J210617	grCe_grSu18Fa	11	45.0	3	685.255	685.554
685.5630000000001	0.8999999999999773	trials	108	s108_J210617	grCe_grSu18Fa	11	90.0	3	685.863	686.163
686.163	0.8999999999999773	trials	108	s108_J210617	grCe_grSu12SmCiNe	13	270.0	3	686.463	686.763
691.1550000000001	0.8999999999999773	trials	108	s108_J210617	grCe_grSu12Mi	9	90.0	3	691.455	691.755
691.764	0.8999999999999773	trials	108	s108_J210617	grCe_grSu3Ne	5	270.0	3	692.064	692.363
692.364	0.8999999999999773	trials	108	s108_J210617	coCe	16	225.0	3	692.664	692.963
697.331	0.8999999999999773	trials	108	s108_J210617	grCe	1	90.0	3	697.631	697.931
697.931	0.8999999999999773	trials	108	s108_J210617	grCe_grSu3Ne	5	0.0	3	698.231	698.531
698.565	0.8999999999999773	trials	108	s108_J210617	grCe_grSu18Fa	11	135.0	3	698.865	699.164
703.682	0.8999999999999773	trials	108	s108_J210617	grSu6CiNe	14		3	703.982	704.282
704.282	0.8999999999999773	trials	108	s108_J210617	coCe	16	45.0	3	704.582	704.882
704.8820000000001	0.8999999999999773	trials	108	s108_J210617	grCe_grSu3Ne	5	225.0	3	705.182	705.482
710.1	0.8999999999999773	trials	108	s108_J210617	grCe_grSu6Ne	7	0.0	3	710.4	710.699
710.7	0.8999999999999773	trials	108	s108_J210617	grCe	1	135.0	3	711.0	711.299
714.9670000000001	0.8999999999999773	trials	108	s108_J210617	grCe_grSu12Mi	9	180.0	3	715.267	715.566
722.326	0.8999999999999773	trials	108	s108_J210617	grCe_grSu12Mi	9	135.0	3	722.626	722.926
722.9350000000001	0.8999999999999773	trials	108	s108_J210617	grSu12Mi	8		9	723.235	723.534
723.5350000000001	0.8999999999999773	trials	108	s108_J210617	grCe_grSu12SmCiNe_PS	21	0.0	9	723.835	724.134
736.186	0.8999999999999773	trials	108	s108_J210617	grCe_grSu6Ne_PS	18	135.0	9	736.486	736.786
739.962	0.8999999999999773	trials	108	s108_J210617	grCe_grSu6Ne_PS	18	0.0	9	740.262	740.561
740.562	0.8999999999999773	trials	108	s108_J210617	coCe	16	315.0	9	740.862	741.161
746.254	0.8999999999999773	trials	108	s108_J210617	grCe_grSu12SmCiNe_PS	21	225.0	9	746.554	746.854
750.105	0.8999999999999773	trials	108	s108_J210617	grCe_grSu6Ne_PS	18	315.0	9	750.405	750.704
750.705	0.8999999999999773	trials	108	s108_J210617	coCe	16	45.0	9	751.005	751.304
756.3720000000001	0.8999999999999773	trials	108	s108_J210617	grCe_grSu3Ne	5	315.0	9	756.672	756.972
756.9720000000001	0.8999999999999773	trials	108	s108_J210617	coCe	16	90.0	9	757.272	757.572
757.572	0.8999999999999773	trials	108	s108_J210617	grCe_grSu6CiNe	15	270.0	9	757.872	758.172
763.273	0.8999999999999773	trials	108	s108_J210617	grCe_grSu12SmCiNe	13	135.0	9	763.573	763.873
775.125	0.8999999999999773	trials	108	s108_J210617	grCe_grSu12SmCiNe	13	270.0	9	775.425	775.724
779.017	0.8999999999999773	trials	108	s108_J210617	coCe_grSu6Ne	17	315.0	9	779.317	779.616
779.6170000000001	0.8999999999999773	trials	108	s108_J210617	grCe_grSu3Ne	5	135.0	9	779.917	780.216
780.2170000000001	0.8999999999999773	trials	108	s108_J210617	grCe_grSu6Ne_PS	18	270.0	9	780.517	780.816
786.109	0.8999999999999773	trials	108	s108_J210617	grCe_grSu12SmCiNe	13	0.0	9	786.409	786.709
787.3180000000001	0.8999999999999773	trials	108	s108_J210617	grCe_grSu6Ne_PS	18	180.0	9	787.618	787.917
792.5350000000001	0.8999999999999773	trials	108	s108_J210617	grCe_grSu18Fa	11	135.0	9	792.835	793.135
799.2860000000001	0.8999999999999773	trials	108	s108_J210617	grCe_grSu12Mi	9	135.0	9	799.586	799.886
799.8860000000001	0.8999999999999773	trials	108	s108_J210617	grCe_grSu1Ne	3	45.0	9	800.186	800.486
804.8620000000001	0.8999999999999773	trials	108	s108_J210617	coCe	16	225.0	9	805.162	805.461
805.462	0.8999999999999773	trials	108	s108_J210617	grCe	1	0.0	9	805.762	806.061
806.062	0.8999999999999773	trials	108	s108_J210617	grCe	1	315.0	9	806.362	806.662
811.613	0.8999999999999773	trials	108	s108_J210617	coCe	16	135.0	9	811.913	812.212
822.0310000000001	0.8999999999999773	trials	108	s108_J210617	grCe_grSu6CiNe_PS	19	270.0	9	822.331	822.63
822.6310000000001	0.8999999999999773	trials	108	s108_J210617	grCe	1	90.0	9	822.931	823.23
823.231	0.8999999999999773	trials	108	s108_J210617	grCe_grSu6Ne_PS	18	225.0	9	823.531	823.83
831.649	0.8999999999999773	trials	108	s108_J210617	grCe_grSu6CiNe	15	180.0	9	831.949	832.248
842.3420000000001	0.8999999999999773	trials	108	s108_J210617	grCe_grSu18Fa	11	180.0	9	842.642	842.941
843.542	0.8999999999999773	trials	108	s108_J210617	grCe_grSu6CiNe_PS	19	225.0	9	843.842	844.141
848.784	0.8999999999999773	trials	108	s108_J210617	grCe_grSu6CiNe	15	135.0	9	849.084	849.384
852.601	0.8999999999999773	trials	108	s108_J210617	grCe_grSu6Ne	7	90.0	9	852.901	853.201
859.7860000000001	0.8999999999999773	trials	108	s108_J210617	grCe_grSu6CiNe_PS	19	135.0	9	860.086	860.385
860.3860000000001	0.8999999999999773	trials	108	s108_J210617	grCe_grSu6CiNe	15	45.0	9	860.686	860.985
860.994	0.8999999999999773	trials	108	s108_J210617	grCe_grSu12Mi	9	45.0	9	861.294	861.594
870.32	0.8999999999999773	trials	108	s108_J210617	grCe	1	180.0	9	870.62	870.92
870.9200000000001	0.8999999999999773	trials	108	s108_J210617	grCe_grSu6CiNe	15	225.0	9	871.22	871.52
871.5200000000001	0.8999999999999773	trials	108	s108_J210617	grCe_grSu12SmCiNe_PS	21	45.0	9	871.82	872.12
877.288	0.8999999999999773	trials	108	s108_J210617	grSu6CiNe	14		9	877.588	877.887
877.888	0.8999999999999773	trials	108	s108_J210617	grCe_grSu1Ne	3	180.0	9	878.188	878.487
886.364	0.8999999999999773	trials	108	s108_J210617	grCe_grSu1Ne	3	90.0	9	886.664	886.964
890.1650000000001	0.8999999999999773	trials	108	s108_J210617	grCe_grSu6Ne	7	270.0	9	890.465	890.764
890.773	0.8999999999999773	trials	108	s108_J210617	grCe_grSu12Mi	9	180.0	9	891.073	891.372
891.373	0.8999999999999773	trials	108	s108_J210617	NoStim	0		9	891.673	891.973
903.7	0.8999999999999773	trials	108	s108_J210617	coCe_grSu6Ne	17	0.0	9	904.0	904.299
908.875	0.8999999999999773	trials	108	s108_J210617	grCe_grSu18Fa	11	45.0	9	909.175	909.475
913.918	0.8999999999999773	trials	108	s108_J210617	grCe_grSu12SmCiNe_PS	21	90.0	9	914.218	914.517
914.518	0.8999999999999773	trials	108	s108_J210617	coCe_grSu6Ne	17	180.0	9	914.818	915.117
920.01	0.8999999999999773	trials	108	s108_J210617	grCe_grSu6Ne	7	135.0	9	920.31	920.61
920.618	0.8999999999999773	trials	108	s108_J210617	grCe_grSu6Ne	7	0.0	9	920.918	921.218
924.344	0.8999999999999773	trials	108	s108_J210617	grSu12SmCiNe	12		9	924.644	924.943
924.952	0.8999999999999773	trials	108	s108_J210617	grCe_grSu12SmCiNe	13	90.0	9	925.252	925.552
925.561	0.8999999999999773	trials	108	s108_J210617	grCe_grSu12Mi	9	0.0	9	925.861	926.16
930.4780000000001	0.8999999999999773	trials	108	s108_J210617	grCe_grSu1Ne	3	270.0	9	930.778	931.078
931.0780000000001	0.8999999999999773	trials	108	s108_J210617	grCe_grSu6CiNe	15	315.0	9	931.378	931.678
931.678	0.8999999999999773	trials	108	s108_J210617	grCe_grSu6Ne	7	225.0	9	931.978	932.278
940.254	0.8999999999999773	trials	108	s108_J210617	grCe_grSu6Ne_PS	18	90.0	9	940.554	940.854
940.863	0.8999999999999773	trials	108	s108_J210617	grCe_grSu18Fa	11	315.0	9	941.163	941.462
941.4630000000001	0.8999999999999773	trials	108	s108_J210617	grCe_grSu6CiNe_PS	19	90.0	9	941.763	942.062
949.7810000000001	0.8999999999999773	trials	108	s108_J210617	coCe	16	180.0	9	950.081	950.38
950.389	0.8999999999999773	trials	108	s108_J210617	grCe_grSu18Fa	11	225.0	9	950.689	950.989
951.0060000000001	0.8999999999999773	trials	108	s108_J210617	grSu6Ne	6		9	951.306	951.605
959.307	0.8999999999999773	trials	108	s108_J210617	grCe_grSu18Fa	11	90.0	9	959.607	959.906
963.6320000000001	0.8999999999999773	trials	108	s108_J210617	coSu6Ne	20		9	963.932	964.232
964.2320000000001	0.8999999999999773	trials	108	s108_J210617	grCe	1	135.0	9	964.532	964.832
972.2	0.8999999999999773	trials	108	s108_J210617	grCe_grSu6CiNe_PS	19	45.0	9	972.5	972.8
972.8000000000001	0.8999999999999773	trials	108	s108_J210617	grCe_grSu1Ne	3	315.0	9	973.1	973.4
978.3760000000001	0.8999999999999773	trials	108	s108_J210617	grCe_grSu6Ne	7	180.0	9	978.676	978.975
978.976	0.8999999999999773	trials	108	s108_J210617	grCe_grSu6CiNe	15	90.0	9	979.276	979.576
979.576	0.8999999999999773	trials	108	s108_J210617	grCe	1	270.0	9	979.876	980.176
984.585	0.8999999999999773	trials	108	s108_J210617	coCe	16	0.0	9	984.885	985.185
985.1850000000001	0.8999999999999773	trials	108	s108_J210617	grCe_grSu6Ne	7	45.0	9	985.485	985.785
985.7850000000001	0.8999999999999773	trials	108	s108_J210617	grCe_grSu6CiNe	15	0.0	9	986.085	986.385
990.936	0.8999999999999773	trials	108	s108_J210617	grCe_grSu12SmCiNe_PS	21	135.0	9	991.236	991.535
991.5440000000001	0.8999999999999773	trials	108	s108_J210617	grCe_grSu12Mi	9	270.0	9	991.844	992.144
992.2610000000001	0.8999999999999773	trials	108	s108_J210617	grSu18Fa	10		9	992.561	992.861
997.5200000000001	0.8999999999999773	trials	108	s108_J210617	grSu1Ne	2		9	997.82	998.12
998.12	0.8999999999999773	trials	108	s108_J210617	grCe_grSu12SmCiNe_PS	21	180.0	9	998.42	998.72
998.729	0.8999999999999773	trials	108	s108_J210617	grCe_grSu12SmCiNe	13	45.0	9	999.029	999.328
1004.0210000000001	0.8999999999999773	trials	108	s108_J210617	grSu3Ne	4		9	1004.321	1004.62
1004.6210000000001	0.8999999999999773	trials	108	s108_J210617	coCe_grSu6Ne	17	135.0	9	1004.921	1005.221
1005.221	0.8999999999999773	trials	108	s108_J210617	grCe_grSu1Ne	3	225.0	9	1005.521	1005.821
1013.7810000000001	0.8999999999999773	trials	108	s108_J210617	grCe_grSu3Ne	5	225.0	9	1014.081	1014.38
1014.3810000000001	0.8999999999999773	trials	108	s108_J210617	coCe_grSu6Ne	17	45.0	9	1014.681	1014.98
1014.981	0.8999999999999773	trials	108	s108_J210617	grCe_grSu6Ne_PS	18	45.0	9	1015.281	1015.58
1020.0150000000001	0.8999999999999773	trials	108	s108_J210617	coCe_grSu6Ne	17	270.0	9	1020.315	1020.614
1023.749	0.8999999999998636	trials	108	s108_J210617	grCe_grSu12SmCiNe	13	315.0	9	1024.049	1024.348
1024.349	0.8999999999998636	trials	108	s108_J210617	grCe_grSu12SmCiNe_PS	21	270.0	9	1024.649	1024.948
1028.0910000000001	0.8999999999998636	trials	108	s108_J210617	grCe_grSu12Mi	9	225.0	9	1028.391	1028.69
1028.691	0.8999999999998636	trials	108	s108_J210617	grCe_grSu6CiNe_PS	19	0.0	9	1028.991	1029.29
1029.291	0.8999999999998636	trials	108	s108_J210617	coCe	16	270.0	9	1029.591	1029.89
1034.333	0.8999999999998636	trials	108	s108_J210617	grCe_grSu12Mi	9	315.0	9	1034.633	1034.933
1034.933	0.8999999999998636	trials	108	s108_J210617	grCe_grSu3Ne	5	0.0	9	1035.233	1035.533
1035.5330000000001	0.8999999999998636	trials	108	s108_J210617	grCe_grSu1Ne	3	135.0	9	1035.833	1036.133
1040.5510000000002	0.8999999999998636	trials	108	s108_J210617	grCe_grSu3Ne	5	45.0	9	1040.851	1041.15
1041.151	0.8999999999998636	trials	108	s108_J210617	grCe_grSu6CiNe_PS	19	315.0	9	1041.451	1041.75
1041.759	0.8999999999998636	trials	108	s108_J210617	grCe_grSu12Mi	9	90.0	9	1042.059	1042.359
1046.7930000000001	0.8999999999998636	trials	108	s108_J210617	grCe_grSu3Ne	5	270.0	9	1047.093	1047.393
1047.393	0.8999999999998636	trials	108	s108_J210617	grCe_grSu12SmCiNe	13	225.0	9	1047.693	1047.993
1047.993	0.8999999999998636	trials	108	s108_J210617	grCe_grSu3Ne	5	90.0	9	1048.293	1048.593
1056.0030000000002	0.8999999999998636	trials	108	s108_J210617	grCe_grSu18Fa	11	270.0	9	1056.303	1056.602
1056.6860000000001	0.8999999999998636	trials	108	s108_J210617	coCe_grSu6Ne	17	225.0	9	1056.986	1057.286
1057.295	0.8999999999998636	trials	108	s108_J210617	grCe_grSu18Fa	11	0.0	9	1057.595	1057.894
1063.02	0.8999999999998636	trials	108	s108_J210617	coCe_grSu6Ne	17	90.0	9	1063.32	1063.62
1067.0040000000001	0.8999999999998636	trials	108	s108_J210617	grCe_grSu6CiNe_PS	19	180.0	9	1067.304	1067.604
1067.604	0.8999999999998636	trials	108	s108_J210617	grCe_grSu3Ne	5	180.0	9	1067.904	1068.204
1068.204	0.8999999999998636	trials	108	s108_J210617	grCe	1	45.0	9	1068.504	1068.804
1076.839	0.8999999999998636	trials	108	s108_J210617	grCe_grSu1Ne	3	0.0	9	1077.139	1077.438
1077.439	0.8999999999998636	trials	108	s108_J210617	grCe	1	225.0	9	1077.739	1078.038
1078.039	0.8999999999998636	trials	108	s108_J210617	grCe_grSu12SmCiNe_PS	21	315.0	9	1078.339	1078.638
1083.031	0.8999999999998636	trials	108	s108_J210617	grCe_grSu6Ne	7	315.0	9	1083.331	1083.631
1083.631	0.8999999999998636	trials	108	s108_J210617	grCe_grSu12SmCiNe	13	180.0	9	1083.931	1084.231
1084.24	0.8999999999998636	trials	108	s108_J210617	grSu12Mi	8		4	1084.54	1084.839
1089.9650000000001	0.8999999999998636	trials	108	s108_J210617	coCe_grSu6Ne	17	0.0	4	1090.265	1090.565
1103.275	0.8999999999998636	trials	108	s108_J210617	coCe	16	225.0	4	1103.575	1103.875
1107.351	0.8999999999998636	trials	108	s108_J210617	grCe_grSu18Fa	11	315.0	4	1107.651	1107.951
1107.951	0.8999999999998636	trials	108	s108_J210617	grCe_grSu6CiNe_PS	19	225.0	4	1108.251	1108.551
1108.559	0.8999999999998636	trials	108	s108_J210617	grCe_grSu12Mi	9	180.0	4	1108.859	1109.159
1113.585	0.8999999999998636	trials	108	s108_J210617	grCe_grSu12SmCiNe_PS	21	315.0	4	1113.885	1114.185
1114.185	0.8999999999998636	trials	108	s108_J210617	grSu6CiNe	14		4	1114.485	1114.785
1114.785	0.8999999999998636	trials	108	s108_J210617	grCe_grSu12SmCiNe_PS	21	180.0	4	1115.085	1115.385
1127.82	0.8999999999998636	trials	108	s108_J210617	grCe_grSu1Ne	3	90.0	4	1128.12	1128.42
1128.42	0.8999999999998636	trials	108	s108_J210617	grCe_grSu6Ne_PS	18	0.0	4	1128.72	1129.02
1129.02	0.8999999999998636	trials	108	s108_J210617	coCe	16	0.0	4	1129.32	1129.62
1134.271	0.8999999999998636	trials	108	s108_J210617	grCe_grSu6CiNe_PS	19	315.0	4	1134.571	1134.871
1134.871	0.8999999999998636	trials	108	s108_J210617	grCe_grSu3Ne	5	90.0	4	1135.171	1135.471
1135.646	0.8999999999998636	trials	108	s108_J210617	NoStim	0		4	1135.946	1136.246
1147.731	0.8999999999998636	trials	108	s108_J210617	grCe_grSu6Ne_PS	18	270.0	4	1148.031	1148.331
1154.6570000000002	0.8999999999998636	trials	108	s108_J210617	grCe_grSu12SmCiNe	13	0.0	4	1154.957	1155.257
1159.5910000000001	0.8999999999998636	trials	108	s108_J210617	grCe_grSu1Ne	3	270.0	4	1159.891	1160.191
1160.191	0.8999999999998636	trials	108	s108_J210617	grCe_grSu3Ne	5	225.0	4	1160.491	1160.791
1160.8	0.8999999999998636	trials	108	s108_J210617	grCe_grSu12SmCiNe_PS	21	45.0	4	1161.1	1161.399
1172.409	0.8999999999998636	trials	108	s108_J210617	grCe_grSu6CiNe	15	0.0	4	1172.709	1173.009
1176.643	0.8999999999998636	trials	108	s108_J210617	grCe_grSu6Ne	7	180.0	4	1176.943	1177.243
1177.843	0.8999999999998636	trials	108	s108_J210617	grCe	1	90.0	4	1178.143	1178.443
1183.569	0.8999999999998636	trials	108	s108_J210617	grCe_grSu1Ne	3	180.0	4	1183.869	1184.169
1189.895	0.8999999999998636	trials	108	s108_J210617	grCe_grSu6CiNe	15	45.0	4	1190.195	1190.495
1190.4950000000001	0.8999999999998636	trials	108	s108_J210617	grCe_grSu6Ne	7	0.0	4	1190.795	1191.095
1191.095	0.8999999999998636	trials	108	s108_J210617	grCe_grSu6Ne_PS	18	315.0	4	1191.395	1191.695
1196.963	0.8999999999998636	trials	108	s108_J210617	grCe_grSu6CiNe	15	315.0	4	1197.263	1197.562
1197.563	0.8999999999998636	trials	108	s108_J210617	grCe_grSu12SmCiNe	13	45.0	4	1197.863	1198.162
1198.163	0.8999999999998636	trials	108	s108_J210617	coCe_grSu6Ne	17	225.0	4	1198.463	1198.762
1203.5720000000001	0.8999999999998636	trials	108	s108_J210617	coCe	16	180.0	4	1203.872	1204.171
1204.172	0.8999999999998636	trials	108	s108_J210617	grCe_grSu3Ne	5	315.0	4	1204.472	1204.771
1204.772	0.8999999999998636	trials	108	s108_J210617	coCe_grSu6Ne	17	315.0	4	1205.072	1205.371
1209.864	0.8999999999998636	trials	108	s108_J210617	grCe_grSu12SmCiNe	13	135.0	4	1210.164	1210.464
1210.464	0.8999999999998636	trials	108	s108_J210617	grCe_grSu1Ne	3	225.0	4	1210.764	1211.064
1211.064	0.8999999999998636	trials	108	s108_J210617	coCe	16	270.0	4	1211.364	1211.664
1216.182	0.8999999999998636	trials	108	s108_J210617	grCe_grSu6CiNe	15	270.0	4	1216.482	1216.781
1216.7820000000002	0.8999999999998636	trials	108	s108_J210617	grCe_grSu3Ne	5	0.0	4	1217.082	1217.381
1217.382	0.8999999999998636	trials	108	s108_J210617	grCe_grSu6Ne_PS	18	90.0	4	1217.682	1217.981
1222.583	0.8999999999998636	trials	108	s108_J210617	grCe_grSu6CiNe_PS	19	90.0	4	1222.883	1223.182
1225.9660000000001	0.8999999999998636	trials	108	s108_J210617	grCe_grSu6CiNe	15	135.0	4	1226.266	1226.566
1226.575	0.8999999999998636	trials	108	s108_J210617	grCe_grSu18Fa	11	0.0	4	1226.875	1227.174
1227.175	0.8999999999998636	trials	108	s108_J210617	grCe	1	0.0	4	1227.475	1227.774
1232.251	0.8999999999998636	trials	108	s108_J210617	coCe_grSu6Ne	17	90.0	4	1232.551	1232.85
1232.851	0.8999999999998636	trials	108	s108_J210617	grCe_grSu6Ne_PS	18	45.0	4	1233.151	1233.45
1233.451	0.8999999999998636	trials	108	s108_J210617	grCe_grSu6Ne_PS	18	180.0	4	1233.751	1234.05
1241.943	0.8999999999998636	trials	108	s108_J210617	grCe_grSu12Mi	9	225.0	4	1242.243	1242.543
1242.544	0.8999999999998636	trials	108	s108_J210617	grCe	1	45.0	4	1242.844	1243.143
1243.1770000000001	0.8999999999998636	trials	108	s108_J210617	grCe_grSu12SmCiNe	13	225.0	4	1243.477	1243.776
1254.82	0.8999999999998636	trials	108	s108_J210617	grCe_grSu6Ne_PS	18	225.0	4	1255.12	1255.42
1256.045	0.8999999999998636	trials	108	s108_J210617	grCe_grSu1Ne	3	135.0	4	1256.345	1256.645
1261.0040000000001	0.8999999999998636	trials	108	s108_J210617	coCe	16	135.0	4	1261.304	1261.604
1261.613	0.8999999999998636	trials	108	s108_J210617	grCe_grSu18Fa	11	90.0	4	1261.913	1262.212
1262.221	0.8999999999998636	trials	108	s108_J210617	coCe_grSu6Ne	17	135.0	4	1262.521	1262.821
1267.413	0.8999999999998636	trials	108	s108_J210617	grCe_grSu12SmCiNe_PS	21	0.0	4	1267.713	1268.013
1268.022	0.8999999999998636	trials	108	s108_J210617	grCe_grSu12Mi	9	135.0	4	1268.322	1268.621
1268.622	0.8999999999998636	trials	108	s108_J210617	grCe_grSu3Ne	5	135.0	4	1268.922	1269.221
1273.664	0.8999999999998636	trials	108	s108_J210617	grCe_grSu6CiNe_PS	19	135.0	4	1273.964	1274.264
1274.873	0.8999999999998636	trials	108	s108_J210617	grCe_grSu3Ne	5	270.0	4	1275.173	1275.472
1282.6570000000002	0.8999999999998636	trials	108	s108_J210617	grCe_grSu12Mi	9	90.0	4	1282.957	1283.257
1283.257	0.8999999999998636	trials	108	s108_J210617	grCe_grSu6CiNe_PS	19	45.0	4	1283.557	1283.857
1283.857	0.8999999999998636	trials	108	s108_J210617	grCe_grSu12SmCiNe_PS	21	270.0	4	1284.157	1284.457
1288.9	0.8999999999998636	trials	108	s108_J210617	grCe_grSu18Fa	11	45.0	4	1289.2	1289.499
1289.5	0.8999999999998636	trials	108	s108_J210617	grCe_grSu3Ne	5	45.0	4	1289.8	1290.099
1290.108	0.8999999999998636	trials	108	s108_J210617	grCe_grSu18Fa	11	225.0	4	1290.408	1290.708
1303.185	0.8999999999998636	trials	108	s108_J210617	grCe_grSu12SmCiNe_PS	21	90.0	4	1303.485	1303.784
1303.785	0.8999999999998636	trials	108	s108_J210617	grCe_grSu3Ne	5	180.0	4	1304.085	1304.384
1309.277	0.8999999999998636	trials	108	s108_J210617	coCe	16	45.0	4	1309.577	1309.877
1309.877	0.8999999999998636	trials	108	s108_J210617	grCe	1	135.0	4	1310.177	1310.477
1314.903	0.8999999999998636	trials	108	s108_J210617	grCe_grSu6Ne	7	90.0	4	1315.203	1315.502
1322.537	0.8999999999998636	trials	108	s108_J210617	grCe_grSu1Ne	3	45.0	4	1322.837	1323.137
1323.137	0.8999999999998636	trials	108	s108_J210617	grCe_grSu6CiNe	15	180.0	4	1323.437	1323.737
1323.737	0.8999999999998636	trials	108	s108_J210617	grCe_grSu12SmCiNe	13	90.0	4	1324.037	1324.337
1328.6380000000001	0.8999999999998636	trials	108	s108_J210617	coCe_grSu6Ne	17	270.0	4	1328.938	1329.238
1329.246	0.8999999999998636	trials	108	s108_J210617	grCe_grSu12Mi	9	315.0	4	1329.546	1329.846
1329.846	0.8999999999998636	trials	108	s108_J210617	grCe_grSu12SmCiNe_PS	21	135.0	4	1330.146	1330.446
1334.872	0.8999999999998636	trials	108	s108_J210617	coCe_grSu6Ne	17	180.0	4	1335.172	1335.472
1335.472	0.8999999999998636	trials	108	s108_J210617	grCe_grSu6Ne	7	45.0	4	1335.772	1336.072
1336.0720000000001	0.8999999999998636	trials	108	s108_J210617	grCe_grSu12SmCiNe	13	180.0	4	1336.372	1336.672
1341.156	0.8999999999998636	trials	108	s108_J210617	grCe_grSu6CiNe	15	225.0	4	1341.456	1341.756
1344.923	0.8999999999998636	trials	108	s108_J210617	grSu12SmCiNe	12		4	1345.223	1345.523
1345.5320000000002	0.8999999999998636	trials	108	s108_J210617	grCe_grSu12Mi	9	270.0	4	1345.832	1346.131
1346.14	0.8999999999998636	trials	108	s108_J210617	grCe_grSu6CiNe	15	90.0	4	1346.44	1346.74
1354.791	0.8999999999998636	trials	108	s108_J210617	grCe_grSu18Fa	11	135.0	4	1355.091	1355.391
1358.9170000000001	0.8999999999998636	trials	108	s108_J210617	grSu6Ne	6		4	1359.217	1359.516
1363.017	0.8999999999998636	trials	108	s108_J210617	grCe_grSu1Ne	3	0.0	4	1363.317	1363.617
1364.218	0.8999999999998636	trials	108	s108_J210617	grCe_grSu6CiNe_PS	19	270.0	4	1364.518	1364.817
1369.452	0.8999999999998636	trials	108	s108_J210617	grCe_grSu12Mi	9	45.0	4	1369.752	1370.051
1370.06	0.8999999999998636	trials	108	s108_J210617	grSu18Fa	10		4	1370.36	1370.66
1370.66	0.8999999999998636	trials	108	s108_J210617	grCe_grSu6CiNe_PS	19	180.0	4	1370.96	1371.26
1375.694	0.8999999999998636	trials	108	s108_J210617	grCe	1	180.0	4	1375.994	1376.294
1379.203	0.8999999999998636	trials	108	s108_J210617	grCe_grSu6Ne	7	135.0	4	1379.503	1379.802
1386.262	0.8999999999998636	trials	108	s108_J210617	grCe_grSu12SmCiNe_PS	21	225.0	4	1386.562	1386.862
1386.871	0.8999999999998636	trials	108	s108_J210617	grCe_grSu6Ne	7	270.0	4	1387.171	1387.47
1387.471	0.8999999999998636	trials	108	s108_J210617	grSu3Ne	4		4	1387.771	1388.07
1392.546	0.8999999999998636	trials	108	s108_J210617	grCe	1	270.0	4	1392.846	1393.146
1393.146	0.8999999999998636	trials	108	s108_J210617	grCe_grSu12SmCiNe	13	270.0	4	1393.446	1393.746
1393.746	0.8999999999998636	trials	108	s108_J210617	grSu1Ne	2		4	1394.046	1394.346
1401.6970000000001	0.8999999999998636	trials	108	s108_J210617	coSu6Ne	20		4	1401.997	1402.297
1402.298	0.8999999999998636	trials	108	s108_J210617	coCe_grSu6Ne	17	45.0	4	1402.598	1402.897
1403.064	0.8999999999998636	trials	108	s108_J210617	grCe_grSu18Fa	11	270.0	4	1403.364	1403.664
1408.6480000000001	0.8999999999998636	trials	108	s108_J210617	grCe_grSu1Ne	3	315.0	4	1408.948	1409.248
1409.248	0.8999999999998636	trials	108	s108_J210617	grCe_grSu12SmCiNe	13	315.0	4	1409.548	1409.848
1418.308	0.8999999999998636	trials	108	s108_J210617	coCe	16	315.0	4	1418.608	1418.907
1418.916	0.8999999999998636	trials	108	s108_J210617	grCe_grSu12Mi	9	0.0	4	1419.216	1419.516
1427.334	0.8999999999998636	trials	108	s108_J210617	grCe_grSu6Ne	7	315.0	4	1427.634	1427.934
1427.934	0.8999999999998636	trials	108	s108_J210617	grCe_grSu6Ne_PS	18	135.0	4	1428.234	1428.534
1433.66	0.8999999999998636	trials	108	s108_J210617	grCe_grSu6CiNe_PS	19	0.0	4	1433.96	1434.259
1434.26	0.8999999999998636	trials	108	s108_J210617	grCe	1	315.0	4	1434.56	1434.86
1434.868	0.8999999999998636	trials	108	s108_J210617	grCe_grSu18Fa	11	180.0	4	1435.168	1435.468
1439.852	0.8999999999998636	trials	108	s108_J210617	coCe	16	90.0	4	1440.152	1440.452
1440.452	0.8999999999998636	trials	108	s108_J210617	grCe	1	225.0	4	1440.752	1441.052
1441.0610000000001	0.8999999999998636	trials	108	s108_J210617	grCe_grSu6Ne	7	225.0	4	1441.361	1441.66
1446.27	0.8999999999998636	trials	108	s108_J210617	grCe_grSu3Ne	5	180.0	0	1446.57	1446.869
1446.8700000000001	0.8999999999998636	trials	108	s108_J210617	coCe_grSu6Ne	17	180.0	0	1447.17	1447.47
1452.596	0.8999999999998636	trials	108	s108_J210617	grCe_grSu12Mi	9	90.0	0	1452.896	1453.195
1453.796	0.8999999999998636	trials	108	s108_J210617	grCe_grSu6CiNe_PS	19	225.0	0	1454.096	1454.395
1458.805	0.8999999999998636	trials	108	s108_J210617	grCe_grSu3Ne	5	270.0	0	1459.105	1459.404
1459.43	0.8999999999998636	trials	108	s108_J210617	grCe_grSu12SmCiNe_PS	21	45.0	0	1459.73	1460.029
1460.03	0.8999999999998636	trials	108	s108_J210617	grCe_grSu6CiNe	15	315.0	0	1460.33	1460.63
1465.656	0.8999999999998636	trials	108	s108_J210617	grCe_grSu12SmCiNe_PS	21	315.0	0	1465.956	1466.255
1466.256	0.8999999999998636	trials	108	s108_J210617	NoStim	0		0	1466.556	1466.855
1471.89	0.8999999999998636	trials	108	s108_J210617	grCe_grSu1Ne	3	0.0	0	1472.19	1472.489
1477.307	0.8999999999998636	trials	108	s108_J210617	grCe_grSu6Ne_PS	18	270.0	0	1477.607	1477.907
1477.9070000000002	0.8999999999998636	trials	108	s108_J210617	grCe_grSu6Ne_PS	18	45.0	0	1478.207	1478.507
1478.516	0.8999999999998636	trials	108	s108_J210617	grCe_grSu3Ne	5	315.0	0	1478.816	1479.115
1483.6580000000001	0.8999999999998636	trials	108	s108_J210617	grSu6Ne	6		0	1483.958	1484.258
1484.858	0.8999999999998636	trials	108	s108_J210617	grCe_grSu6Ne_PS	18	135.0	0	1485.158	1485.458
1491.092	0.8999999999998636	trials	108	s108_J210617	grCe_grSu12Mi	9	45.0	0	1491.392	1491.692
1491.701	0.8999999999998636	trials	108	s108_J210617	grCe_grSu12Mi	9	315.0	0	1492.001	1492.3
1496.151	0.8999999999998636	trials	108	s108_J210617	grCe_grSu12Mi	9	0.0	0	1496.451	1496.751
1496.751	0.8999999999998636	trials	108	s108_J210617	grCe_grSu6Ne_PS	18	180.0	0	1497.051	1497.351
1497.352	0.8999999999998636	trials	108	s108_J210617	coCe_grSu6Ne	17	90.0	0	1497.652	1497.951
1502.3020000000001	0.8999999999998636	trials	108	s108_J210617	grCe_grSu6Ne_PS	18	0.0	0	1502.602	1502.902
1502.911	0.8999999999998636	trials	108	s108_J210617	grCe_grSu18Fa	11	315.0	0	1503.211	1503.51
1503.511	0.8999999999998636	trials	108	s108_J210617	grCe_grSu12SmCiNe	13	270.0	0	1503.811	1504.11
1509.1200000000001	0.8999999999998636	trials	108	s108_J210617	grCe_grSu12Mi	9	270.0	0	1509.42	1509.719
1509.72	0.8999999999998636	trials	108	s108_J210617	grCe	1	180.0	0	1510.02	1510.319
1514.737	0.8999999999998636	trials	108	s108_J210617	grCe_grSu6CiNe_PS	19	0.0	0	1515.037	1515.337
1515.337	0.8999999999998636	trials	108	s108_J210617	grCe_grSu12SmCiNe_PS	21	270.0	0	1515.637	1515.937
1519.054	0.8999999999998636	trials	108	s108_J210617	grCe_grSu6CiNe_PS	19	90.0	0	1519.354	1519.654
1523.722	0.8999999999998636	trials	108	s108_J210617	grCe_grSu18Fa	11	180.0	0	1524.022	1524.321
1528.681	0.8999999999998636	trials	108	s108_J210617	grCe	1	0.0	0	1528.981	1529.28
1532.781	0.8999999999998636	trials	108	s108_J210617	grCe_grSu6Ne_PS	18	90.0	0	1533.081	1533.381
1533.981	0.8999999999998636	trials	108	s108_J210617	grCe_grSu6Ne	7	315.0	0	1534.281	1534.581
1542.307	0.8999999999998636	trials	108	s108_J210617	grCe_grSu6CiNe	15	180.0	0	1542.607	1542.907
1543.007	0.8999999999998636	trials	108	s108_J210617	grCe_grSu6Ne	7	0.0	0	1543.307	1543.607
1543.608	0.8999999999998636	trials	108	s108_J210617	grCe	1	45.0	0	1543.908	1544.207
1552.017	0.8999999999998636	trials	108	s108_J210617	grCe_grSu12SmCiNe	13	135.0	0	1552.317	1552.616
1552.617	0.8999999999998636	trials	108	s108_J210617	grCe_grSu6CiNe	15	0.0	0	1552.917	1553.217
1553.217	0.8999999999998636	trials	108	s108_J210617	grCe_grSu6CiNe	15	135.0	0	1553.517	1553.817
1558.459	0.8999999999998636	trials	108	s108_J210617	coCe_grSu6Ne	17	270.0	0	1558.759	1559.059
1559.06	0.8999999999998636	trials	108	s108_J210617	grSu1Ne	2		0	1559.36	1559.659
1559.6680000000001	0.8999999999998636	trials	108	s108_J210617	grCe_grSu12SmCiNe	13	180.0	0	1559.968	1560.267
1567.702	0.8999999999998636	trials	108	s108_J210617	grCe_grSu6CiNe_PS	19	315.0	0	1568.002	1568.302
1568.911	0.8999999999998636	trials	108	s108_J210617	grCe_grSu12SmCiNe_PS	21	225.0	0	1569.211	1569.51
1578.337	0.8999999999998636	trials	108	s108_J210617	coCe	16	45.0	0	1578.637	1578.937
1582.096	0.8999999999998636	trials	108	s108_J210617	coCe	16	180.0	0	1582.396	1582.695
1585.605	0.8999999999998636	trials	108	s108_J210617	grCe_grSu12SmCiNe_PS	21	135.0	0	1585.905	1586.204
1586.2050000000002	0.8999999999998636	trials	108	s108_J210617	coCe	16	135.0	0	1586.505	1586.804
1586.805	0.8999999999998636	trials	108	s108_J210617	coCe_grSu6Ne	17	225.0	0	1587.105	1587.404
1592.03	0.8999999999998636	trials	108	s108_J210617	grCe_grSu1Ne	3	90.0	0	1592.33	1592.63
1592.6390000000001	0.8999999999998636	trials	108	s108_J210617	grCe_grSu18Fa	11	225.0	0	1592.939	1593.238
1593.247	0.8999999999998636	trials	108	s108_J210617	grCe_grSu6Ne	7	90.0	0	1593.547	1593.847
1598.356	0.8999999999998636	trials	108	s108_J210617	coCe	16	225.0	0	1598.656	1598.956
1608.708	0.8999999999998636	trials	108	s108_J210617	grCe_grSu6Ne	7	45.0	0	1609.008	1609.307
1609.9080000000001	0.8999999999998636	trials	108	s108_J210617	grSu6CiNe	14		0	1610.208	1610.507
1615.017	0.8999999999998636	trials	108	s108_J210617	grCe	1	135.0	0	1615.317	1615.616
1618.867	0.8999999999998636	trials	108	s108_J210617	grCe	1	90.0	0	1619.167	1619.467
1619.467	0.8999999999998636	trials	108	s108_J210617	grCe_grSu6CiNe	15	90.0	0	1619.767	1620.067
1625.035	0.8999999999998636	trials	108	s108_J210617	grSu3Ne	4		0	1625.335	1625.634
1625.643	0.8999999999998636	trials	108	s108_J210617	grCe_grSu12SmCiNe	13	315.0	0	1625.943	1626.243
1626.243	0.8999999999998636	trials	108	s108_J210617	grCe_grSu6Ne	7	180.0	0	1626.543	1626.843
1631.2440000000001	0.8999999999998636	trials	108	s108_J210617	grCe_grSu1Ne	3	180.0	0	1631.544	1631.843
1631.844	0.8999999999998636	trials	108	s108_J210617	grCe_grSu6Ne	7	225.0	0	1632.144	1632.443
1632.444	0.8999999999998636	trials	108	s108_J210617	coCe_grSu6Ne	17	45.0	0	1632.744	1633.044
1641.27	0.8999999999998636	trials	108	s108_J210617	grCe_grSu3Ne	5	90.0	0	1641.57	1641.87
1641.8700000000001	0.8999999999998636	trials	108	s108_J210617	coCe	16	90.0	0	1642.17	1642.47
1642.47	0.8999999999998636	trials	108	s108_J210617	grCe_grSu12SmCiNe	13	90.0	0	1642.77	1643.07
1647.5040000000001	0.8999999999998636	trials	108	s108_J210617	grCe_grSu18Fa	11	270.0	0	1647.804	1648.104
1653.7630000000001	0.8999999999998636	trials	108	s108_J210617	grSu18Fa	10		0	1654.063	1654.363
1658.039	0.8999999999998636	trials	108	s108_J210617	grCe_grSu1Ne	3	315.0	0	1658.339	1658.639
1658.6390000000001	0.8999999999998636	trials	108	s108_J210617	grCe_grSu6CiNe	15	270.0	0	1658.939	1659.239
1659.239	0.8999999999998636	trials	108	s108_J210617	coCe_grSu6Ne	17	315.0	0	1659.539	1659.839
1664.306	0.8999999999998636	trials	108	s108_J210617	grCe_grSu1Ne	3	135.0	0	1664.606	1664.906
1664.915	0.8999999999998636	trials	108	s108_J210617	grCe_grSu18Fa	11	90.0	0	1665.215	1665.514
1665.557	0.8999999999998636	trials	108	s108_J210617	grCe_grSu3Ne	5	45.0	0	1665.857	1666.156
1670.7740000000001	0.8999999999998636	trials	108	s108_J210617	grSu12Mi	8		0	1671.074	1671.374
1674.733	0.8999999999998636	trials	108	s108_J210617	grCe_grSu12Mi	9	180.0	0	1675.033	1675.332
1675.941	0.8999999999998636	trials	108	s108_J210617	grCe_grSu12Mi	9	135.0	0	1676.241	1676.541
1693.169	0.8999999999998636	trials	108	s108_J210617	grCe_grSu3Ne	5	225.0	0	1693.469	1693.768
1693.777	0.8999999999998636	trials	108	s108_J210617	grCe_grSu12Mi	9	225.0	0	1694.077	1694.377
1694.377	0.8999999999998636	trials	108	s108_J210617	grCe_grSu6CiNe_PS	19	270.0	0	1694.677	1694.977
1699.428	0.8999999999998636	trials	108	s108_J210617	grCe_grSu12SmCiNe	13	45.0	0	1699.728	1700.027
1700.111	0.8999999999998636	trials	108	s108_J210617	grCe_grSu12SmCiNe	13	225.0	0	1700.411	1700.711
1703.9950000000001	0.8999999999998636	trials	108	s108_J210617	grCe_grSu12SmCiNe_PS	21	0.0	0	1704.295	1704.594
1704.595	0.8999999999998636	trials	108	s108_J210617	coCe	16	0.0	0	1704.895	1705.195
1705.195	0.8999999999998636	trials	108	s108_J210617	grCe	1	270.0	0	1705.495	1705.795
1710.871	0.8999999999998636	trials	108	s108_J210617	grCe_grSu6CiNe_PS	19	135.0	0	1711.171	1711.47
1711.471	0.8999999999998636	trials	108	s108_J210617	coCe	16	270.0	0	1711.771	1712.07
1726.006	0.8999999999998636	trials	108	s108_J210617	grCe_grSu6Ne	7	270.0	0	1726.306	1726.606
1726.606	0.8999999999998636	trials	108	s108_J210617	coCe	16	315.0	0	1726.906	1727.206
1727.2060000000001	0.8999999999998636	trials	108	s108_J210617	grCe_grSu3Ne	5	135.0	0	1727.506	1727.806
1732.207	0.8999999999998636	trials	108	s108_J210617	grCe_grSu3Ne	5	0.0	0	1732.507	1732.807
1732.807	0.8999999999998636	trials	108	s108_J210617	grCe	1	315.0	0	1733.107	1733.407
1733.4070000000002	0.8999999999998636	trials	108	s108_J210617	grSu12SmCiNe	12		0	1733.707	1734.007
1738.441	0.8999999999998636	trials	108	s108_J210617	coCe_grSu6Ne	17	135.0	0	1738.741	1739.041
1739.641	0.8999999999998636	trials	108	s108_J210617	grCe_grSu12SmCiNe_PS	21	180.0	0	1739.941	1740.241
1744.9	0.8999999999998636	trials	108	s108_J210617	grCe_grSu6CiNe_PS	19	180.0	0	1745.2	1745.5
1745.5	0.8999999999998636	trials	108	s108_J210617	grCe_grSu6Ne	7	135.0	0	1745.8	1746.1
1746.1000000000001	0.8999999999998636	trials	108	s108_J210617	coSu6Ne	20		0	1746.4	1746.7
1754.243	0.8999999999998636	trials	108	s108_J210617	grCe_grSu12SmCiNe_PS	21	90.0	0	1754.543	1754.843
1754.852	0.8999999999998636	trials	108	s108_J210617	grCe_grSu6CiNe	15	45.0	0	1755.152	1755.451
1755.452	0.8999999999998636	trials	108	s108_J210617	grCe_grSu6CiNe_PS	19	45.0	0	1755.752	1756.051
1761.094	0.8999999999998636	trials	108	s108_J210617	coCe_grSu6Ne	17	0.0	0	1761.394	1761.694
1761.702	0.8999999999998636	trials	108	s108_J210617	grCe_grSu18Fa	11	0.0	0	1762.002	1762.302
1766.945	0.8999999999998636	trials	108	s108_J210617	grCe_grSu12SmCiNe	13	0.0	0	1767.245	1767.544
1771.07	0.8999999999998636	trials	108	s108_J210617	grCe_grSu1Ne	3	45.0	0	1771.37	1771.67
1771.67	0.8999999999998636	trials	108	s108_J210617	grCe_grSu6CiNe	15	225.0	0	1771.97	1772.27
1772.279	0.8999999999998636	trials	108	s108_J210617	grCe_grSu18Fa	11	135.0	0	1772.579	1772.878
1777.354	0.8999999999998636	trials	108	s108_J210617	grCe_grSu18Fa	11	45.0	0	1777.654	1777.954
1777.9550000000002	0.8999999999998636	trials	108	s108_J210617	grCe_grSu1Ne	3	225.0	0	1778.255	1778.554
1781.847	0.8999999999998636	trials	108	s108_J210617	grCe_grSu1Ne	3	270.0	0	1782.147	1782.446
1786.181	0.8999999999998636	trials	108	s108_J210617	grCe_grSu6Ne_PS	18	225.0	0	1786.481	1786.78
1786.781	0.8999999999998636	trials	108	s108_J210617	grCe_grSu6Ne_PS	18	315.0	0	1787.081	1787.38
1791.798	0.8999999999998636	trials	108	s108_J210617	grCe	1	225.0	0	1792.098	1792.398
1792.998	0.8999999999998636	trials	108	s108_J210617	grCe_grSu12SmCiNe_PS	21	45.0	6	1793.298	1793.598
1807.808	0.8999999999998636	trials	108	s108_J210617	grCe_grSu12SmCiNe_PS	21	0.0	6	1808.108	1808.408
1818.401	0.8999999999998636	trials	108	s108_J210617	grCe_grSu12SmCiNe	13	45.0	6	1818.701	1819.001
1819.002	0.8999999999998636	trials	108	s108_J210617	coSu6Ne	20		6	1819.302	1819.601
1829.328	0.8999999999998636	trials	108	s108_J210617	coCe	16	270.0	6	1829.628	1829.927
1833.645	0.8999999999998636	trials	108	s108_J210617	grCe_grSu1Ne	3	180.0	6	1833.945	1834.245
1834.2450000000001	0.8999999999998636	trials	108	s108_J210617	grCe_grSu1Ne	3	0.0	6	1834.545	1834.845
1834.845	0.8999999999998636	trials	108	s108_J210617	coCe_grSu6Ne	17	90.0	6	1835.145	1835.445
1840.179	0.8999999999998636	trials	108	s108_J210617	grCe_grSu6Ne	7	0.0	6	1840.479	1840.779
1850.356	0.8999999999998636	trials	108	s108_J210617	coCe_grSu6Ne	17	180.0	6	1850.656	1850.955
1850.9560000000001	0.8999999999998636	trials	108	s108_J210617	grCe	1	270.0	6	1851.256	1851.555
1851.556	0.8999999999998636	trials	108	s108_J210617	coCe	16	0.0	6	1851.856	1852.155
1863.332	0.8999999999998636	trials	108	s108_J210617	coCe	16	180.0	6	1863.632	1863.932
1866.7740000000001	0.8999999999998636	trials	108	s108_J210617	grCe_grSu6Ne	7	90.0	6	1867.074	1867.374
1867.374	0.8999999999998636	trials	108	s108_J210617	grCe_grSu6CiNe_PS	19	135.0	6	1867.674	1867.974
1867.9750000000001	0.8999999999998636	trials	108	s108_J210617	grCe_grSu1Ne	3	45.0	6	1868.275	1868.574
1872.9750000000001	0.8999999999998636	trials	108	s108_J210617	grSu18Fa	10		6	1873.275	1873.575
1873.584	0.8999999999998636	trials	108	s108_J210617	grCe_grSu6CiNe	15	45.0	6	1873.884	1874.183
1874.184	0.8999999999998636	trials	108	s108_J210617	grCe_grSu12SmCiNe_PS	21	225.0	6	1874.484	1874.783
1879.1680000000001	0.8999999999998636	trials	108	s108_J210617	grCe_grSu6Ne_PS	18	45.0	6	1879.468	1879.767
1879.768	0.8999999999998636	trials	108	s108_J210617	grCe_grSu3Ne	5	180.0	6	1880.068	1880.367
1880.368	0.8999999999998636	trials	108	s108_J210617	grCe_grSu12SmCiNe	13	180.0	6	1880.668	1880.967
1885.477	0.8999999999998636	trials	108	s108_J210617	grCe_grSu6CiNe	15	270.0	6	1885.777	1886.076
1886.077	0.8999999999998636	trials	108	s108_J210617	grCe_grSu6Ne_PS	18	270.0	6	1886.377	1886.676
1886.6770000000001	0.8999999999998636	trials	108	s108_J210617	grCe_grSu6Ne_PS	18	135.0	6	1886.977	1887.277
1891.819	0.8999999999998636	trials	108	s108_J210617	grCe_grSu6CiNe	15	90.0	6	1892.119	1892.419
1892.419	0.8999999999998636	trials	108	s108_J210617	coCe	16	315.0	6	1892.719	1893.019
1893.019	0.8999999999998636	trials	108	s108_J210617	coCe	16	225.0	6	1893.319	1893.619
1898.02	0.8999999999998636	trials	108	s108_J210617	grCe_grSu12SmCiNe_PS	21	315.0	6	1898.32	1898.62
1904.904	0.8999999999998636	trials	108	s108_J210617	grCe_grSu6Ne	7	225.0	6	1905.204	1905.504
1912.314	0.8999999999998636	trials	108	s108_J210617	grCe_grSu3Ne	5	45.0	6	1912.614	1912.913
1918.631	0.8999999999998636	trials	108	s108_J210617	grCe_grSu12Mi	9	225.0	6	1918.931	1919.231
1919.231	0.8999999999998636	trials	108	s108_J210617	grCe_grSu12SmCiNe	13	225.0	6	1919.531	1919.831
1919.8310000000001	0.8999999999998636	trials	108	s108_J210617	grCe_grSu6CiNe_PS	19	90.0	6	1920.131	1920.431
1925.724	0.8999999999998636	trials	108	s108_J210617	grCe	1	180.0	6	1926.024	1926.323
1929.608	0.8999999999998636	trials	108	s108_J210617	grSu6Ne	6		6	1929.908	1930.207
1930.2160000000001	0.8999999999998636	trials	108	s108_J210617	grCe_grSu1Ne	3	90.0	6	1930.516	1930.815
1930.816	0.8999999999998636	trials	108	s108_J210617	coCe_grSu6Ne	17	0.0	6	1931.116	1931.416
1935.808	0.8999999999998636	trials	108	s108_J210617	grCe_grSu6Ne	7	315.0	6	1936.108	1936.408
1936.4170000000001	0.8999999999998636	trials	108	s108_J210617	grCe_grSu12Mi	9	90.0	6	1936.717	1937.016
1937.025	0.8999999999998636	trials	108	s108_J210617	grCe_grSu12Mi	9	315.0	6	1937.325	1937.625
1942.718	0.8999999999998636	trials	108	s108_J210617	grCe_grSu18Fa	11	45.0	6	1943.018	1943.317
1943.318	0.8999999999998636	trials	108	s108_J210617	grCe_grSu12SmCiNe_PS	21	180.0	6	1943.618	1943.917
1948.243	0.8999999999998636	trials	108	s108_J210617	grCe_grSu12Mi	9	45.0	6	1948.543	1948.843
1949.443	0.8999999999998636	trials	108	s108_J210617	grCe_grSu6Ne_PS	18	0.0	6	1949.743	1950.043
1954.527	0.8999999999998636	trials	108	s108_J210617	grCe_grSu6Ne	7	270.0	6	1954.827	1955.127
1955.1280000000002	0.8999999999998636	trials	108	s108_J210617	grCe_grSu12SmCiNe	13	270.0	6	1955.428	1955.727
1955.728	0.8999999999998636	trials	108	s108_J210617	grCe_grSu1Ne	3	225.0	6	1956.028	1956.327
1960.795	0.8999999999998636	trials	108	s108_J210617	grCe_grSu12SmCiNe_PS	21	270.0	6	1961.095	1961.394
1962.0030000000002	0.8999999999998636	trials	108	s108_J210617	grCe_grSu6Ne	7	135.0	6	1962.303	1962.603
1967.054	0.8999999999998636	trials	108	s108_J210617	grCe_grSu6CiNe_PS	19	225.0	6	1967.354	1967.654
1967.662	0.8999999999998636	trials	108	s108_J210617	grCe_grSu6CiNe	15	315.0	6	1967.962	1968.262
1968.2630000000001	0.8999999999998636	trials	108	s108_J210617	coCe	16	45.0	6	1968.563	1968.862
1973.43	0.8999999999998636	trials	108	s108_J210617	grCe_grSu12SmCiNe_PS	21	135.0	6	1973.73	1974.029
1977.047	0.8999999999998636	trials	108	s108_J210617	grCe_grSu6CiNe_PS	19	315.0	6	1977.347	1977.647
1977.655	0.8999999999998636	trials	108	s108_J210617	grCe_grSu6Ne	7	180.0	6	1977.955	1978.255
1978.3220000000001	0.8999999999998636	trials	108	s108_J210617	grCe_grSu6Ne_PS	18	225.0	6	1978.622	1978.922
1983.3310000000001	0.8999999999998636	trials	108	s108_J210617	grCe_grSu18Fa	11	135.0	6	1983.631	1983.931
1983.931	0.8999999999998636	trials	108	s108_J210617	grCe_grSu12SmCiNe	13	315.0	6	1984.231	1984.531
1984.531	0.8999999999998636	trials	108	s108_J210617	grCe	1	315.0	6	1984.831	1985.131
1989.599	0.8999999999998636	trials	108	s108_J210617	coCe_grSu6Ne	17	135.0	6	1989.899	1990.198
1990.199	0.8999999999998636	trials	108	s108_J210617	grCe_grSu3Ne	5	90.0	6	1990.499	1990.798
1990.807	0.8999999999998636	trials	108	s108_J210617	grCe_grSu12Mi	9	0.0	6	1991.107	1991.407
1999.242	0.8999999999998636	trials	108	s108_J210617	grSu3Ne	4		6	1999.542	1999.841
1999.842	0.8999999999998636	trials	108	s108_J210617	grCe_grSu3Ne	5	225.0	6	2000.142	2000.441
2000.45	0.8999999999998636	trials	108	s108_J210617	grCe_grSu3Ne	5	0.0	6	2000.75	2001.05
2005.651	0.8999999999998636	trials	108	s108_J210617	grCe_grSu6CiNe	15	135.0	6	2005.951	2006.25
2006.251	0.8999999999998636	trials	108	s108_J210617	grSu1Ne	2		6	2006.551	2006.85
2006.851	0.8999999999998636	trials	108	s108_J210617	grCe_grSu12SmCiNe	13	0.0	6	2007.151	2007.45
2012.135	0.8999999999998636	trials	108	s108_J210617	grCe_grSu6CiNe_PS	19	45.0	6	2012.435	2012.734
2018.6860000000001	0.8999999999998636	trials	108	s108_J210617	coCe	16	135.0	6	2018.986	2019.285
2019.286	0.8999999999998636	trials	108	s108_J210617	NoStim	0		6	2019.586	2019.885
2022.928	0.8999999999998636	trials	108	s108_J210617	coCe_grSu6Ne	17	45.0	6	2023.228	2023.527
2023.536	0.8999999999998636	trials	108	s108_J210617	grCe_grSu18Fa	11	270.0	6	2023.836	2024.136
2024.145	0.8999999999998636	trials	108	s108_J210617	grCe_grSu1Ne	3	135.0	6	2024.445	2024.744
2029.22	0.8999999999998636	trials	108	s108_J210617	grCe	1	135.0	6	2029.52	2029.82
2029.829	0.8999999999998636	trials	108	s108_J210617	grCe_grSu12Mi	9	180.0	6	2030.129	2030.428
2030.429	0.8999999999998636	trials	108	s108_J210617	grCe_grSu6CiNe_PS	19	270.0	6	2030.729	2031.028
2035.6960000000001	0.8999999999998636	trials	108	s108_J210617	grCe	1	45.0	6	2035.996	2036.296
2036.346	0.8999999999998636	trials	108	s108_J210617	grCe_grSu1Ne	3	315.0	6	2036.646	2036.946
2043.056	0.8999999999998636	trials	108	s108_J210617	grCe_grSu12SmCiNe	13	135.0	6	2043.356	2043.655
2043.656	0.8999999999998636	trials	108	s108_J210617	grCe_grSu6CiNe	15	0.0	6	2043.956	2044.255
2049.598	0.900000000000091	trials	108	s108_J210617	grSu12Mi	8		6	2049.898	2050.198
2050.8149999999996	0.900000000000091	trials	108	s108_J210617	grCe_grSu12Mi	9	135.0	6	2051.115	2051.414
2055.716	0.900000000000091	trials	108	s108_J210617	grCe_grSu12SmCiNe	13	90.0	6	2056.016	2056.315
2066.95	0.900000000000091	trials	108	s108_J210617	grCe_grSu12SmCiNe_PS	21	90.0	6	2067.25	2067.55
2067.5499999999997	0.900000000000091	trials	108	s108_J210617	grCe_grSu6Ne	7	45.0	6	2067.85	2068.15
2068.1499999999996	0.900000000000091	trials	108	s108_J210617	grCe_grSu6CiNe_PS	19	180.0	6	2068.45	2068.75
2073.776	0.900000000000091	trials	108	s108_J210617	grCe_grSu6Ne_PS	18	90.0	6	2074.076	2074.376
2074.3759999999997	0.900000000000091	trials	108	s108_J210617	grCe_grSu3Ne	5	270.0	6	2074.676	2074.976
2080.96	0.900000000000091	trials	108	s108_J210617	coCe	16	90.0	6	2081.26	2081.56
2086.5449999999996	0.900000000000091	trials	108	s108_J210617	grCe_grSu12Mi	9	270.0	6	2086.845	2087.144
2087.145	0.900000000000091	trials	108	s108_J210617	coCe_grSu6Ne	17	270.0	6	2087.445	2087.744
2092.2619999999997	0.900000000000091	trials	108	s108_J210617	grCe_grSu18Fa	11	225.0	6	2092.562	2092.861
2092.8619999999996	0.900000000000091	trials	108	s108_J210617	grCe_grSu3Ne	5	315.0	6	2093.162	2093.462
2093.47	0.900000000000091	trials	108	s108_J210617	grCe_grSu18Fa	11	180.0	6	2093.77	2094.07
2105.022	0.900000000000091	trials	108	s108_J210617	grCe_grSu6CiNe_PS	19	0.0	6	2105.322	2105.621
2105.6299999999997	0.900000000000091	trials	108	s108_J210617	grCe_grSu18Fa	11	315.0	6	2105.93	2106.23
2106.23	0.900000000000091	trials	108	s108_J210617	coCe_grSu6Ne	17	225.0	6	2106.53	2106.83
2114.4649999999997	0.900000000000091	trials	108	s108_J210617	grSu6CiNe	14		6	2114.765	2115.064
2115.073	0.900000000000091	trials	108	s108_J210617	grCe_grSu18Fa	11	0.0	6	2115.373	2115.673
2115.673	0.900000000000091	trials	108	s108_J210617	grCe_grSu6Ne_PS	18	180.0	6	2115.973	2116.273
2120.749	0.900000000000091	trials	108	s108_J210617	grCe_grSu3Ne	5	135.0	6	2121.049	2121.349
2121.5069999999996	0.900000000000091	trials	108	s108_J210617	grSu12SmCiNe	12		6	2121.807	2122.107
2125.1079999999997	0.900000000000091	trials	108	s108_J210617	grCe_grSu6Ne_PS	18	315.0	6	2125.408	2125.707
2125.716	0.900000000000091	trials	108	s108_J210617	grCe_grSu18Fa	11	90.0	6	2126.016	2126.316
2126.316	0.900000000000091	trials	108	s108_J210617	grCe_grSu1Ne	3	270.0	6	2126.616	2126.916
2134.6589999999997	0.900000000000091	trials	108	s108_J210617	coCe_grSu6Ne	17	315.0	6	2134.959	2135.259
2135.859	0.900000000000091	trials	108	s108_J210617	grCe	1	0.0	6	2136.159	2136.459
2145.644	0.900000000000091	trials	108	s108_J210617	grCe_grSu6CiNe	15	180.0	6	2145.944	2146.243
2146.2439999999997	0.900000000000091	trials	108	s108_J210617	grCe	1	225.0	6	2146.544	2146.843
2151.361	0.900000000000091	trials	108	s108_J210617	grCe_grSu6CiNe	15	225.0	6	2151.661	2151.961
2151.961	0.900000000000091	trials	108	s108_J210617	grCe	1	90.0	6	2152.261	2152.561
2152.5609999999997	0.900000000000091	trials	108	s108_J210617	grCe_grSu3Ne	5	270.0	1	2152.861	2153.161
2164.471	0.900000000000091	trials	108	s108_J210617	grCe_grSu1Ne	3	45.0	1	2164.771	2165.071
2165.071	0.900000000000091	trials	108	s108_J210617	NoStim	0		1	2165.371	2165.671
2170.872	0.900000000000091	trials	108	s108_J210617	grCe_grSu1Ne	3	180.0	1	2171.172	2171.472
2171.4719999999998	0.900000000000091	trials	108	s108_J210617	grSu3Ne	4		1	2171.772	2172.072
2172.0809999999997	0.900000000000091	trials	108	s108_J210617	grCe_grSu6Ne	7	225.0	1	2172.381	2172.68
2180.807	0.900000000000091	trials	108	s108_J210617	grCe_grSu6CiNe	15	180.0	1	2181.107	2181.406
2188.9489999999996	0.900000000000091	trials	108	s108_J210617	grCe_grSu6CiNe	15	90.0	1	2189.249	2189.549
2192.6079999999997	0.900000000000091	trials	108	s108_J210617	coCe	16	180.0	1	2192.908	2193.208
2193.2079999999996	0.900000000000091	trials	108	s108_J210617	grCe_grSu6Ne_PS	18	135.0	1	2193.508	2193.808
2199.017	0.900000000000091	trials	108	s108_J210617	grSu6CiNe	14		1	2199.317	2199.617
2199.618	0.900000000000091	trials	108	s108_J210617	grSu1Ne	2		1	2199.918	2200.217
2200.2509999999997	0.900000000000091	trials	108	s108_J210617	coCe	16	135.0	1	2200.551	2200.85
2205.9179999999997	0.900000000000091	trials	108	s108_J210617	grCe	1	90.0	1	2206.218	2206.518
2206.518	0.900000000000091	trials	108	s108_J210617	grCe	1	180.0	1	2206.818	2207.118
2207.118	0.900000000000091	trials	108	s108_J210617	coCe_grSu6Ne	17	270.0	1	2207.418	2207.718
2212.711	0.900000000000091	trials	108	s108_J210617	grCe	1	315.0	1	2213.011	2213.31
2216.2279999999996	0.900000000000091	trials	108	s108_J210617	grCe_grSu6Ne	7	315.0	1	2216.528	2216.828
2219.845	0.900000000000091	trials	108	s108_J210617	grCe_grSu3Ne	5	90.0	1	2220.145	2220.445
2230.9559999999997	0.900000000000091	trials	108	s108_J210617	grCe_grSu6Ne_PS	18	0.0	1	2231.256	2231.555
2234.8979999999997	0.900000000000091	trials	108	s108_J210617	grCe_grSu18Fa	11	315.0	1	2235.198	2235.498
2235.4979999999996	0.900000000000091	trials	108	s108_J210617	grCe_grSu1Ne	3	90.0	1	2235.798	2236.098
2236.098	0.900000000000091	trials	108	s108_J210617	grCe_grSu3Ne	5	45.0	1	2236.398	2236.698
2241.691	0.900000000000091	trials	108	s108_J210617	grCe_grSu6Ne	7	0.0	1	2241.991	2242.29
2242.2909999999997	0.900000000000091	trials	108	s108_J210617	coCe	16	90.0	1	2242.591	2242.89
2247.1659999999997	0.900000000000091	trials	108	s108_J210617	grCe_grSu12SmCiNe	13	225.0	1	2247.466	2247.766
2254.009	0.900000000000091	trials	108	s108_J210617	grCe_grSu12SmCiNe_PS	21	180.0	1	2254.309	2254.608
2254.609	0.900000000000091	trials	108	s108_J210617	grCe_grSu1Ne	3	225.0	1	2254.909	2255.209
2255.209	0.900000000000091	trials	108	s108_J210617	grCe_grSu12SmCiNe_PS	21	270.0	1	2255.509	2255.809
2260.826	0.900000000000091	trials	108	s108_J210617	coCe_grSu6Ne	17	0.0	1	2261.126	2261.426
2262.035	0.900000000000091	trials	108	s108_J210617	grCe_grSu12Mi	9	45.0	1	2262.335	2262.634
2273.486	0.900000000000091	trials	108	s108_J210617	coCe_grSu6Ne	17	315.0	1	2273.786	2274.086
2274.095	0.900000000000091	trials	108	s108_J210617	grCe_grSu12Mi	9	180.0	1	2274.395	2274.694
2282.721	0.900000000000091	trials	108	s108_J210617	grCe_grSu12SmCiNe	13	180.0	1	2283.021	2283.32
2283.321	0.900000000000091	trials	108	s108_J210617	grCe_grSu6CiNe	15	135.0	1	2283.621	2283.921
2283.921	0.900000000000091	trials	108	s108_J210617	coCe	16	270.0	1	2284.221	2284.521
2292.3469999999998	0.900000000000091	trials	108	s108_J210617	grSu6Ne	6		1	2292.647	2292.947
2292.9559999999997	0.900000000000091	trials	108	s108_J210617	grCe_grSu12Mi	9	270.0	1	2293.256	2293.555
2301.8149999999996	0.900000000000091	trials	108	s108_J210617	grCe	1	45.0	1	2302.115	2302.415
2302.415	0.900000000000091	trials	108	s108_J210617	grCe_grSu6CiNe_PS	19	135.0	1	2302.715	2303.015
2303.015	0.900000000000091	trials	108	s108_J210617	grCe_grSu6CiNe_PS	19	180.0	1	2303.315	2303.615
2308.283	0.900000000000091	trials	108	s108_J210617	grCe_grSu6Ne	7	270.0	1	2308.583	2308.882
2308.883	0.900000000000091	trials	108	s108_J210617	grCe_grSu12SmCiNe_PS	21	315.0	1	2309.183	2309.482
2309.4829999999997	0.900000000000091	trials	108	s108_J210617	grCe_grSu12SmCiNe	13	0.0	1	2309.783	2310.082
2314.7079999999996	0.900000000000091	trials	108	s108_J210617	grCe	1	270.0	1	2315.008	2315.308
2315.3089999999997	0.900000000000091	trials	108	s108_J210617	grCe_grSu12SmCiNe	13	135.0	1	2315.609	2315.908
2315.9089999999997	0.900000000000091	trials	108	s108_J210617	grCe_grSu3Ne	5	315.0	1	2316.209	2316.508
2324.2599999999998	0.900000000000091	trials	108	s108_J210617	grCe_grSu6Ne_PS	18	180.0	1	2324.56	2324.859
2324.8599999999997	0.900000000000091	trials	108	s108_J210617	grCe_grSu6CiNe	15	0.0	1	2325.16	2325.459
2325.46	0.900000000000091	trials	108	s108_J210617	grSu12SmCiNe	12		1	2325.76	2326.059
2331.019	0.900000000000091	trials	108	s108_J210617	grCe_grSu12Mi	9	90.0	1	2331.319	2331.618
2340.595	0.900000000000091	trials	108	s108_J210617	grCe_grSu18Fa	11	45.0	1	2340.895	2341.195
2341.1949999999997	0.900000000000091	trials	108	s108_J210617	grCe_grSu1Ne	3	135.0	1	2341.495	2341.795
2341.8199999999997	0.900000000000091	trials	108	s108_J210617	grCe_grSu18Fa	11	90.0	1	2342.12	2342.42
2347.354	0.900000000000091	trials	108	s108_J210617	coSu6Ne	20		1	2347.654	2347.954
2347.9629999999997	0.900000000000091	trials	108	s108_J210617	grSu12Mi	8		1	2348.263	2348.562
2353.763	0.900000000000091	trials	108	s108_J210617	coCe_grSu6Ne	17	225.0	1	2354.063	2354.363
2354.372	0.900000000000091	trials	108	s108_J210617	grSu18Fa	10		1	2354.672	2354.971
2354.98	0.900000000000091	trials	108	s108_J210617	grCe_grSu18Fa	11	180.0	1	2355.28	2355.58
2364.79	0.900000000000091	trials	108	s108_J210617	grCe_grSu12SmCiNe_PS	21	135.0	1	2365.09	2365.389
2369.5739999999996	0.900000000000091	trials	108	s108_J210617	coCe	16	45.0	1	2369.874	2370.173
2370.174	0.900000000000091	trials	108	s108_J210617	coCe	16	315.0	1	2370.474	2370.773
2375.616	0.900000000000091	trials	108	s108_J210617	grCe_grSu18Fa	11	270.0	1	2375.916	2376.216
2379.45	0.900000000000091	trials	108	s108_J210617	grCe_grSu12SmCiNe_PS	21	45.0	1	2379.75	2380.05
2388.035	0.900000000000091	trials	108	s108_J210617	grCe_grSu12Mi	9	315.0	1	2388.335	2388.634
2388.643	0.900000000000091	trials	108	s108_J210617	grCe_grSu12Mi	9	225.0	1	2388.943	2389.243
2389.2509999999997	0.900000000000091	trials	108	s108_J210617	grCe_grSu12Mi	9	135.0	1	2389.551	2389.851
2397.6189999999997	0.900000000000091	trials	108	s108_J210617	grCe_grSu12SmCiNe	13	270.0	1	2397.919	2398.219
2398.2189999999996	0.900000000000091	trials	108	s108_J210617	grCe_grSu1Ne	3	0.0	1	2398.519	2398.819
2403.9449999999997	0.900000000000091	trials	108	s108_J210617	grCe_grSu1Ne	3	270.0	1	2404.245	2404.545
2404.5449999999996	0.900000000000091	trials	108	s108_J210617	grCe_grSu3Ne	5	225.0	1	2404.845	2405.145
2405.145	0.900000000000091	trials	108	s108_J210617	grCe_grSu6CiNe	15	270.0	1	2405.445	2405.745
2413.038	0.900000000000091	trials	108	s108_J210617	grCe_grSu6Ne	7	180.0	1	2413.338	2413.637
2417.047	0.900000000000091	trials	108	s108_J210617	grCe_grSu6CiNe_PS	19	90.0	1	2417.347	2417.646
2421.4139999999998	0.900000000000091	trials	108	s108_J210617	coCe	16	0.0	1	2421.714	2422.013
2422.047	0.900000000000091	trials	108	s108_J210617	coCe	16	225.0	1	2422.347	2422.647
2426.823	0.900000000000091	trials	108	s108_J210617	grCe_grSu3Ne	5	0.0	1	2427.123	2427.422
2427.423	0.900000000000091	trials	108	s108_J210617	grCe_grSu6Ne_PS	18	90.0	1	2427.723	2428.023
2431.165	0.900000000000091	trials	108	s108_J210617	grCe_grSu18Fa	11	225.0	1	2431.465	2431.765
2431.765	0.900000000000091	trials	108	s108_J210617	grCe_grSu12SmCiNe_PS	21	90.0	1	2432.065	2432.365
2432.374	0.900000000000091	trials	108	s108_J210617	grCe_grSu12SmCiNe	13	90.0	1	2432.674	2432.973
2441.408	0.900000000000091	trials	108	s108_J210617	grCe_grSu6Ne_PS	18	270.0	1	2441.708	2442.008
2442.008	0.900000000000091	trials	108	s108_J210617	coCe_grSu6Ne	17	180.0	1	2442.308	2442.608
2442.6169999999997	0.900000000000091	trials	108	s108_J210617	grCe_grSu12SmCiNe	13	45.0	1	2442.917	2443.216
2447.692	0.900000000000091	trials	108	s108_J210617	grCe_grSu6CiNe_PS	19	45.0	1	2447.992	2448.292
2448.292	0.900000000000091	trials	108	s108_J210617	grCe_grSu6CiNe	15	315.0	1	2448.592	2448.892
2448.892	0.900000000000091	trials	108	s108_J210617	coCe_grSu6Ne	17	45.0	1	2449.192	2449.492
2458.1099999999997	0.900000000000091	trials	108	s108_J210617	coCe_grSu6Ne	17	135.0	1	2458.41	2458.71
2459.31	0.900000000000091	trials	108	s108_J210617	grCe	1	0.0	1	2459.61	2459.91
2464.595	0.900000000000091	trials	108	s108_J210617	grCe_grSu12Mi	9	0.0	1	2464.895	2465.194
2465.1949999999997	0.900000000000091	trials	108	s108_J210617	grCe_grSu3Ne	5	180.0	1	2465.495	2465.794
2471.37	0.900000000000091	trials	108	s108_J210617	grCe_grSu6CiNe_PS	19	0.0	1	2471.67	2471.97
2471.979	0.900000000000091	trials	108	s108_J210617	grCe_grSu18Fa	11	0.0	1	2472.279	2472.578
2480.0299999999997	0.900000000000091	trials	108	s108_J210617	grCe_grSu6Ne_PS	18	45.0	1	2480.33	2480.629
2480.6299999999997	0.900000000000091	trials	108	s108_J210617	grCe_grSu6Ne_PS	18	315.0	1	2480.93	2481.229
2481.23	0.900000000000091	trials	108	s108_J210617	grCe_grSu12SmCiNe_PS	21	0.0	1	2481.53	2481.83
2486.314	0.900000000000091	trials	108	s108_J210617	grCe_grSu6CiNe_PS	19	315.0	1	2486.614	2486.914
2486.9139999999998	0.900000000000091	trials	108	s108_J210617	grCe_grSu6CiNe	15	225.0	1	2487.214	2487.514
2492.723	0.900000000000091	trials	108	s108_J210617	grCe_grSu3Ne	5	135.0	1	2493.023	2493.323
2493.323	0.900000000000091	trials	108	s108_J210617	grCe_grSu6Ne_PS	18	225.0	1	2493.623	2493.923
2493.923	0.900000000000091	trials	108	s108_J210617	grCe_grSu6Ne	7	135.0	1	2494.223	2494.523
2498.799	0.900000000000091	trials	108	s108_J210617	grCe_grSu18Fa	11	135.0	1	2499.099	2499.398
2499.399	0.900000000000091	trials	108	s108_J210617	grCe_grSu6Ne	7	45.0	1	2499.699	2499.999
2503.091	0.900000000000091	trials	108	s108_J210617	grCe	1	135.0	1	2503.391	2503.691
2506.917	0.900000000000091	trials	108	s108_J210617	grCe_grSu6CiNe_PS	19	225.0	1	2507.217	2507.516
2508.1169999999997	0.900000000000091	trials	108	s108_J210617	grCe	1	225.0	1	2508.417	2508.716
2524.2189999999996	0.900000000000091	trials	108	s108_J210617	grCe_grSu12SmCiNe_PS	21	225.0	1	2524.519	2524.818
2524.819	0.900000000000091	trials	108	s108_J210617	coCe_grSu6Ne	17	90.0	1	2525.119	2525.419
2528.6029999999996	0.900000000000091	trials	108	s108_J210617	grCe_grSu6CiNe_PS	19	270.0	1	2528.903	2529.202
2532.2529999999997	0.900000000000091	trials	108	s108_J210617	grCe_grSu12SmCiNe	13	315.0	1	2532.553	2532.853
2532.8529999999996	0.900000000000091	trials	108	s108_J210617	grCe_grSu1Ne	3	315.0	1	2533.153	2533.453
2533.453	0.900000000000091	trials	108	s108_J210617	grCe_grSu6CiNe	15	45.0	1	2533.753	2534.053
2548.047	0.900000000000091	trials	108	s108_J210617	grCe_grSu6Ne	7	90.0	1	2548.347	2548.647
2551.8469999999998	0.900000000000091	trials	108	s108_J210617	grSu1Ne	2		2	2552.147	2552.447
2552.448	0.900000000000091	trials	108	s108_J210617	grCe_grSu12SmCiNe_PS	21	90.0	2	2552.748	2553.047
2553.048	0.900000000000091	trials	108	s108_J210617	grCe	1	45.0	2	2553.348	2553.647
2558.0069999999996	0.900000000000091	trials	108	s108_J210617	grCe_grSu6Ne	7	45.0	2	2558.307	2558.606
2559.207	0.900000000000091	trials	108	s108_J210617	grCe_grSu12SmCiNe_PS	21	135.0	2	2559.507	2559.806
2564.2909999999997	0.900000000000091	trials	108	s108_J210617	grCe_grSu6Ne	7	225.0	2	2564.591	2564.89
2564.899	0.900000000000091	trials	108	s108_J210617	grCe_grSu12SmCiNe	13	0.0	2	2565.199	2565.499
2565.508	0.900000000000091	trials	108	s108_J210617	grCe_grSu12Mi	9	180.0	2	2565.808	2566.107
2570.633	0.900000000000091	trials	108	s108_J210617	grCe_grSu12Mi	9	225.0	2	2570.933	2571.233
2574.292	0.900000000000091	trials	108	s108_J210617	grCe_grSu6CiNe	15	45.0	2	2574.592	2574.892
2574.892	0.900000000000091	trials	108	s108_J210617	grCe_grSu12SmCiNe	13	270.0	2	2575.192	2575.492
2580.518	0.900000000000091	trials	108	s108_J210617	grCe_grSu6Ne_PS	18	135.0	2	2580.818	2581.117
2581.118	0.900000000000091	trials	108	s108_J210617	grCe_grSu6Ne_PS	18	45.0	2	2581.418	2581.717
2586.7189999999996	0.900000000000091	trials	108	s108_J210617	grCe	1	0.0	2	2587.019	2587.318
2587.3269999999998	0.900000000000091	trials	108	s108_J210617	coCe_grSu6Ne	17	270.0	2	2587.627	2587.927
2591.1609999999996	0.900000000000091	trials	108	s108_J210617	grCe_grSu6Ne_PS	18	0.0	2	2591.461	2591.76
2594.8779999999997	0.900000000000091	trials	108	s108_J210617	grCe_grSu12SmCiNe	13	135.0	2	2595.178	2595.478
2595.4779999999996	0.900000000000091	trials	108	s108_J210617	grCe_grSu12SmCiNe	13	90.0	2	2595.778	2596.078
2601.437	0.900000000000091	trials	108	s108_J210617	grCe_grSu6CiNe_PS	19	180.0	2	2601.737	2602.037
2602.037	0.900000000000091	trials	108	s108_J210617	grCe_grSu3Ne	5	225.0	2	2602.337	2602.637
2602.6369999999997	0.900000000000091	trials	108	s108_J210617	grCe_grSu6Ne_PS	18	180.0	2	2602.937	2603.237
2607.546	0.900000000000091	trials	108	s108_J210617	grSu6CiNe	14		2	2607.846	2608.146
2608.1459999999997	0.900000000000091	trials	108	s108_J210617	grCe_grSu1Ne	3	90.0	2	2608.446	2608.746
2633.3909999999996	0.900000000000091	trials	108	s108_J210617	grCe_grSu6Ne	7	180.0	2	2633.691	2633.991
2633.991	0.900000000000091	trials	108	s108_J210617	grCe_grSu6CiNe_PS	19	0.0	2	2634.291	2634.591
2634.6	0.900000000000091	trials	108	s108_J210617	grCe_grSu12Mi	9	270.0	2	2634.9	2635.199
2640.176	0.900000000000091	trials	108	s108_J210617	coCe_grSu6Ne	17	45.0	2	2640.476	2640.775
2644.0589999999997	0.900000000000091	trials	108	s108_J210617	grCe_grSu12Mi	9	0.0	2	2644.359	2644.659
2644.66	0.900000000000091	trials	108	s108_J210617	grCe_grSu6CiNe	15	180.0	2	2644.96	2645.259
2645.2599999999998	0.900000000000091	trials	108	s108_J210617	grCe_grSu6CiNe_PS	19	135.0	2	2645.56	2645.859
2650.5939999999996	0.900000000000091	trials	108	s108_J210617	grCe_grSu3Ne	5	90.0	2	2650.894	2651.193
2651.794	0.900000000000091	trials	108	s108_J210617	grCe_grSu1Ne	3	45.0	2	2652.094	2652.393
2667.854	0.900000000000091	trials	108	s108_J210617	grCe	1	270.0	2	2668.154	2668.454
2668.4539999999997	0.900000000000091	trials	108	s108_J210617	grCe	1	225.0	2	2668.754	2669.054
2669.0629999999996	0.900000000000091	trials	108	s108_J210617	grCe_grSu18Fa	11	270.0	2	2669.363	2669.662
2674.138	0.900000000000091	trials	108	s108_J210617	grCe_grSu6Ne	7	0.0	2	2674.438	2674.738
2674.738	0.900000000000091	trials	108	s108_J210617	coCe	16	45.0	2	2675.038	2675.338
2675.3379999999997	0.900000000000091	trials	108	s108_J210617	grCe_grSu6CiNe	15	225.0	2	2675.638	2675.938
2680.7059999999997	0.900000000000091	trials	108	s108_J210617	grCe_grSu12SmCiNe_PS	21	315.0	2	2681.006	2681.305
2684.9809999999998	0.900000000000091	trials	108	s108_J210617	grCe_grSu12SmCiNe_PS	21	45.0	2	2685.281	2685.581
2685.5899999999997	0.900000000000091	trials	108	s108_J210617	grCe_grSu12Mi	9	45.0	2	2685.89	2686.189
2690.79	0.900000000000091	trials	108	s108_J210617	grCe_grSu6CiNe	15	270.0	2	2691.09	2691.39
2691.991	0.900000000000091	trials	108	s108_J210617	grCe	1	135.0	2	2692.291	2692.59
2696.9579999999996	0.900000000000091	trials	108	s108_J210617	grCe_grSu18Fa	11	315.0	2	2697.258	2697.557
2697.558	0.900000000000091	trials	108	s108_J210617	grCe_grSu1Ne	3	180.0	2	2697.858	2698.158
2698.158	0.900000000000091	trials	108	s108_J210617	coCe	16	225.0	2	2698.458	2698.758
2703.45	0.900000000000091	trials	108	s108_J210617	grCe_grSu6CiNe_PS	19	45.0	2	2703.75	2704.05
2704.051	0.900000000000091	trials	108	s108_J210617	grCe_grSu12SmCiNe_PS	21	0.0	2	2704.351	2704.65
2704.651	0.900000000000091	trials	108	s108_J210617	grCe_grSu6Ne	7	270.0	2	2704.951	2705.25
2713.9269999999997	0.900000000000091	trials	108	s108_J210617	grCe_grSu6Ne	7	315.0	2	2714.227	2714.526
2718.3019999999997	0.900000000000091	trials	108	s108_J210617	grCe_grSu18Fa	11	180.0	2	2718.602	2718.902
2718.9109999999996	0.900000000000091	trials	108	s108_J210617	grCe_grSu12SmCiNe	13	315.0	2	2719.211	2719.51
2725.187	0.900000000000091	trials	108	s108_J210617	grCe_grSu6Ne_PS	18	270.0	2	2725.487	2725.786
2725.7949999999996	0.900000000000091	trials	108	s108_J210617	grCe_grSu12Mi	9	315.0	2	2726.095	2726.395
2726.403	0.900000000000091	trials	108	s108_J210617	grCe_grSu1Ne	3	0.0	2	2726.703	2727.003
2735.7549999999997	0.900000000000091	trials	108	s108_J210617	grSu12SmCiNe	12		2	2736.055	2736.354
2739.5629999999996	0.900000000000091	trials	108	s108_J210617	coCe	16	315.0	2	2739.863	2740.163
2740.1639999999998	0.900000000000091	trials	108	s108_J210617	grSu3Ne	4		2	2740.464	2740.763
2740.7639999999997	0.900000000000091	trials	108	s108_J210617	grCe_grSu12SmCiNe_PS	21	180.0	2	2741.064	2741.363
2745.781	0.900000000000091	trials	108	s108_J210617	grCe	1	90.0	2	2746.081	2746.38
2746.381	0.900000000000091	trials	108	s108_J210617	grCe_grSu3Ne	5	45.0	2	2746.681	2746.981
2746.9809999999998	0.900000000000091	trials	108	s108_J210617	grCe	1	315.0	2	2747.281	2747.581
2752.0649999999996	0.900000000000091	trials	108	s108_J210617	grCe_grSu3Ne	5	180.0	2	2752.365	2752.665
2753.265	0.900000000000091	trials	108	s108_J210617	grCe_grSu1Ne	3	315.0	2	2753.565	2753.865
2758.933	0.900000000000091	trials	108	s108_J210617	coCe_grSu6Ne	17	315.0	2	2759.233	2759.532
2765.1079999999997	0.900000000000091	trials	108	s108_J210617	grCe_grSu18Fa	11	45.0	2	2765.408	2765.708
2765.709	0.900000000000091	trials	108	s108_J210617	grCe_grSu6CiNe_PS	19	225.0	2	2766.009	2766.308
2771.4179999999997	0.900000000000091	trials	108	s108_J210617	grCe_grSu12SmCiNe	13	180.0	2	2771.718	2772.017
2779.127	0.900000000000091	trials	108	s108_J210617	grCe_grSu6Ne_PS	18	225.0	2	2779.427	2779.726
2779.727	0.900000000000091	trials	108	s108_J210617	coSu6Ne	20		2	2780.027	2780.327
2788.136	0.900000000000091	trials	108	s108_J210617	coCe	16	180.0	2	2788.436	2788.736
2788.7369999999996	0.900000000000091	trials	108	s108_J210617	grCe_grSu6CiNe	15	90.0	2	2789.037	2789.336
2792.8869999999997	0.900000000000091	trials	108	s108_J210617	grCe_grSu12SmCiNe	13	225.0	2	2793.187	2793.487
2793.4869999999996	0.900000000000091	trials	108	s108_J210617	coCe_grSu6Ne	17	135.0	2	2793.787	2794.087
2794.087	0.900000000000091	trials	108	s108_J210617	grCe_grSu6CiNe	15	315.0	2	2794.387	2794.687
2799.0049999999997	0.900000000000091	trials	108	s108_J210617	grCe_grSu1Ne	3	270.0	2	2799.305	2799.604
2805.555	0.900000000000091	trials	108	s108_J210617	grCe_grSu12SmCiNe	13	45.0	2	2805.855	2806.155
2809.2059999999997	0.900000000000091	trials	108	s108_J210617	grCe_grSu1Ne	3	225.0	2	2809.506	2809.805
2813.548	0.900000000000091	trials	108	s108_J210617	grCe_grSu12Mi	9	135.0	2	2813.848	2814.148
2814.1479999999997	0.900000000000091	trials	108	s108_J210617	grCe_grSu6Ne_PS	18	315.0	2	2814.448	2814.748
2814.7479999999996	0.900000000000091	trials	108	s108_J210617	grCe_grSu12SmCiNe_PS	21	225.0	2	2815.048	2815.348
2826.5409999999997	0.900000000000091	trials	108	s108_J210617	coCe	16	90.0	2	2826.841	2827.141
2827.1499999999996	0.900000000000091	trials	108	s108_J210617	grSu18Fa	10		2	2827.45	2827.749
2827.75	0.900000000000091	trials	108	s108_J210617	grCe	1	180.0	2	2828.05	2828.349
2835.959	0.900000000000091	trials	108	s108_J210617	grCe_grSu6Ne	7	90.0	2	2836.259	2836.559
2842.9849999999997	0.900000000000091	trials	108	s108_J210617	coCe	16	0.0	2	2843.285	2843.585
2844.185	0.900000000000091	trials	108	s108_J210617	grCe_grSu3Ne	5	0.0	2	2844.485	2844.785
2850.211	0.900000000000091	trials	108	s108_J210617	grCe_grSu6CiNe_PS	19	90.0	2	2850.511	2850.811
2850.8199999999997	0.900000000000091	trials	108	s108_J210617	grCe_grSu18Fa	11	225.0	2	2851.12	2851.419
2851.4199999999996	0.900000000000091	trials	108	s108_J210617	coCe	16	135.0	2	2851.72	2852.019
2856.629	0.900000000000091	trials	108	s108_J210617	grCe_grSu3Ne	5	135.0	2	2856.929	2857.228
2867.4719999999998	0.900000000000091	trials	108	s108_J210617	grCe_grSu6Ne_PS	18	90.0	2	2867.772	2868.071
2868.122	0.900000000000091	trials	108	s108_J210617	coCe_grSu6Ne	17	0.0	2	2868.422	2868.721
2868.73	0.900000000000091	trials	108	s108_J210617	grCe_grSu3Ne	5	270.0	2	2869.03	2869.33
2873.7059999999997	0.900000000000091	trials	108	s108_J210617	grCe_grSu6Ne	7	135.0	2	2874.006	2874.305
2874.306	0.900000000000091	trials	108	s108_J210617	grCe_grSu6CiNe_PS	19	270.0	2	2874.606	2874.905
2877.931	0.900000000000091	trials	108	s108_J210617	grCe_grSu18Fa	11	90.0	2	2878.231	2878.531
2878.531	0.900000000000091	trials	108	s108_J210617	grSu6Ne	6		2	2878.831	2879.131
2884.249	0.900000000000091	trials	108	s108_J210617	grCe_grSu6CiNe_PS	19	315.0	2	2884.549	2884.848
2884.8489999999997	0.900000000000091	trials	108	s108_J210617	coCe_grSu6Ne	17	225.0	2	2885.149	2885.448
2890.633	0.900000000000091	trials	108	s108_J210617	grCe_grSu3Ne	5	315.0	2	2890.933	2891.233
2891.8329999999996	0.900000000000091	trials	108	s108_J210617	grCe_grSu12SmCiNe_PS	21	270.0	2	2892.133	2892.433
2897.384	0.900000000000091	trials	108	s108_J210617	grCe_grSu6CiNe	15	0.0	2	2897.684	2897.983
2903.843	0.900000000000091	trials	108	s108_J210617	grCe_grSu6CiNe	15	135.0	2	2904.143	2904.443
2907.8019999999997	0.900000000000091	trials	108	s108_J210617	coCe_grSu6Ne	17	90.0	2	2908.102	2908.401
2908.402	0.900000000000091	trials	108	s108_J210617	coCe_grSu6Ne	17	180.0	2	2908.702	2909.002
2909.0099999999998	0.900000000000091	trials	108	s108_J210617	grCe_grSu18Fa	11	0.0	2	2909.31	2909.61
2918.0119999999997	0.900000000000091	trials	108	s108_J210617	grSu12Mi	8		2	2918.312	2918.611
2918.6119999999996	0.900000000000091	trials	108	s108_J210617	coCe	16	270.0	2	2918.912	2919.211
2919.22	0.900000000000091	trials	108	s108_J210617	grCe_grSu12Mi	9	90.0	2	2919.52	2919.82
2924.287	0.900000000000091	trials	108	s108_J210617	grCe_grSu1Ne	3	135.0	2	2924.587	2924.887
2924.8869999999997	0.900000000000091	trials	108	s108_J210617	NoStim	0		2	2925.187	2925.487
2925.4959999999996	0.900000000000091	trials	108	s108_J210617	grCe_grSu18Fa	11	135.0	2	2925.796	2926.095
2930.863	0.900000000000091	trials	108	s108_J210617	grCe_grSu6Ne_PS	18	135.0	5	2931.163	2931.463
2931.4629999999997	0.900000000000091	trials	108	s108_J210617	grCe_grSu3Ne	5	135.0	5	2931.763	2932.063
2932.0629999999996	0.900000000000091	trials	108	s108_J210617	grCe_grSu6Ne	7	315.0	5	2932.363	2932.663
2940.3979999999997	0.900000000000091	trials	108	s108_J210617	grCe_grSu12SmCiNe_PS	21	90.0	5	2940.698	2940.997
2941.598	0.900000000000091	trials	108	s108_J210617	coCe	16	90.0	5	2941.898	2942.198
2946.799	0.900000000000091	trials	108	s108_J210617	grCe_grSu12SmCiNe	13	315.0	5	2947.099	2947.398
2947.399	0.900000000000091	trials	108	s108_J210617	grCe	1	135.0	5	2947.699	2947.998
2951.4159999999997	0.900000000000091	trials	108	s108_J210617	grCe	1	0.0	5	2951.716	2952.015
2952.0159999999996	0.900000000000091	trials	108	s108_J210617	grCe_grSu12SmCiNe_PS	21	315.0	5	2952.316	2952.616
2952.616	0.900000000000091	trials	108	s108_J210617	grCe_grSu3Ne	5	90.0	5	2952.916	2953.216
2958.3579999999997	0.900000000000091	trials	108	s108_J210617	grCe_grSu6CiNe	15	270.0	5	2958.658	2958.958
2962.0919999999996	0.900000000000091	trials	108	s108_J210617	grCe	1	315.0	5	2962.392	2962.692
2963.292	0.900000000000091	trials	108	s108_J210617	grCe	1	225.0	5	2963.592	2963.892
2968.335	0.900000000000091	trials	108	s108_J210617	grCe_grSu12Mi	9	180.0	5	2968.635	2968.934
2968.935	0.900000000000091	trials	108	s108_J210617	grCe	1	90.0	5	2969.235	2969.534
2969.5429999999997	0.900000000000091	trials	108	s108_J210617	grCe_grSu18Fa	11	90.0	5	2969.843	2970.143
2974.5359999999996	0.900000000000091	trials	108	s108_J210617	grCe_grSu6CiNe	15	135.0	5	2974.836	2975.135
2978.1859999999997	0.900000000000091	trials	108	s108_J210617	grSu6Ne	6		5	2978.486	2978.786
2978.7859999999996	0.900000000000091	trials	108	s108_J210617	grCe_grSu6CiNe_PS	19	0.0	5	2979.086	2979.386
2982.8529999999996	0.900000000000091	trials	108	s108_J210617	grCe_grSu6Ne	7	90.0	5	2983.153	2983.453
2990.7459999999996	0.900000000000091	trials	108	s108_J210617	grCe_grSu12Mi	9	270.0	5	2991.046	2991.346
2991.346	0.900000000000091	trials	108	s108_J210617	grCe_grSu12SmCiNe	13	270.0	5	2991.646	2991.946
2996.422	0.900000000000091	trials	108	s108_J210617	grCe_grSu6Ne_PS	18	90.0	5	2996.722	2997.021
2997.622	0.900000000000091	trials	108	s108_J210617	grCe_grSu12SmCiNe_PS	21	135.0	5	2997.922	2998.221
3009.9739999999997	0.900000000000091	trials	108	s108_J210617	coCe_grSu6Ne	17	45.0	5	3010.274	3010.573
3010.5739999999996	0.900000000000091	trials	108	s108_J210617	grCe	1	270.0	5	3010.874	3011.173
3011.182	0.900000000000091	trials	108	s108_J210617	grSu18Fa	10		5	3011.482	3011.782
3017.841	0.900000000000091	trials	108	s108_J210617	coSu6Ne	20		5	3018.141	3018.441
3018.441	0.900000000000091	trials	108	s108_J210617	grCe_grSu6Ne_PS	18	315.0	5	3018.741	3019.041
3019.0409999999997	0.900000000000091	trials	108	s108_J210617	grCe_grSu12SmCiNe_PS	21	225.0	5	3019.341	3019.641
3025.6169999999997	0.900000000000091	trials	108	s108_J210617	grCe_grSu12Mi	9	0.0	5	3025.917	3026.217
3031.335	0.900000000000091	trials	108	s108_J210617	grCe_grSu6CiNe	15	90.0	5	3031.635	3031.934
3031.935	0.900000000000091	trials	108	s108_J210617	NoStim	0		5	3032.235	3032.534
3032.535	0.900000000000091	trials	108	s108_J210617	grCe_grSu12SmCiNe	13	90.0	5	3032.835	3033.134
3044.078	0.900000000000091	trials	108	s108_J210617	grCe_grSu12SmCiNe	13	45.0	5	3044.378	3044.677
3044.678	0.900000000000091	trials	108	s108_J210617	grCe_grSu3Ne	5	180.0	5	3044.978	3045.278
3045.278	0.900000000000091	trials	108	s108_J210617	grCe_grSu12SmCiNe	13	135.0	5	3045.578	3045.878
3050.345	0.900000000000091	trials	108	s108_J210617	grCe_grSu18Fa	11	270.0	5	3050.645	3050.945
3057.33	0.900000000000091	trials	108	s108_J210617	grCe_grSu6CiNe_PS	19	90.0	5	3057.63	3057.929
3061.272	0.900000000000091	trials	108	s108_J210617	grCe_grSu6CiNe_PS	19	225.0	5	3061.572	3061.871
3061.872	0.900000000000091	trials	108	s108_J210617	coCe	16	135.0	5	3062.172	3062.471
3071.1229999999996	0.900000000000091	trials	108	s108_J210617	grCe_grSu18Fa	11	180.0	5	3071.423	3071.723
3072.323	0.900000000000091	trials	108	s108_J210617	grCe_grSu12SmCiNe_PS	21	270.0	5	3072.623	3072.923
3084.075	0.900000000000091	trials	108	s108_J210617	grCe_grSu3Ne	5	0.0	5	3084.375	3084.674
3084.6749999999997	0.900000000000091	trials	108	s108_J210617	grCe_grSu6Ne	7	135.0	5	3084.975	3085.274
3085.2749999999996	0.900000000000091	trials	108	s108_J210617	grCe_grSu6CiNe	15	0.0	5	3085.575	3085.874
3090.384	0.900000000000091	trials	108	s108_J210617	grCe_grSu6CiNe_PS	19	135.0	5	3090.684	3090.983
3091.5919999999996	0.900000000000091	trials	108	s108_J210617	grCe_grSu18Fa	11	135.0	5	3091.892	3092.192
3099.6099999999997	0.900000000000091	trials	108	s108_J210617	coCe	16	45.0	5	3099.91	3100.21
3100.21	0.900000000000091	trials	108	s108_J210617	grCe_grSu12SmCiNe_PS	21	0.0	5	3100.51	3100.81
3100.819	0.900000000000091	trials	108	s108_J210617	grCe_grSu1Ne	3	315.0	5	3101.119	3101.418
3106.1029999999996	0.900000000000091	trials	108	s108_J210617	grCe_grSu6Ne	7	270.0	5	3106.403	3106.702
3106.711	0.900000000000091	trials	108	s108_J210617	grSu12Mi	8		5	3107.011	3107.311
3107.3109999999997	0.900000000000091	trials	108	s108_J210617	coCe	16	0.0	5	3107.611	3107.911
3116.196	0.900000000000091	trials	108	s108_J210617	grCe_grSu12SmCiNe_PS	21	45.0	5	3116.496	3116.795
3117.3959999999997	0.900000000000091	trials	108	s108_J210617	grCe_grSu12SmCiNe	13	180.0	5	3117.696	3117.995
3122.413	0.900000000000091	trials	108	s108_J210617	grCe_grSu6Ne_PS	18	180.0	5	3122.713	3123.013
3123.0209999999997	0.900000000000091	trials	108	s108_J210617	grCe_grSu12Mi	9	90.0	5	3123.321	3123.621
3123.622	0.900000000000091	trials	108	s108_J210617	grCe_grSu1Ne	3	225.0	5	3123.922	3124.221
3129.2889999999998	0.900000000000091	trials	108	s108_J210617	grSu3Ne	4		5	3129.589	3129.888
3129.8889999999997	0.900000000000091	trials	108	s108_J210617	coCe_grSu6Ne	17	180.0	5	3130.189	3130.489
3134.8729999999996	0.900000000000091	trials	108	s108_J210617	grCe_grSu6CiNe_PS	19	45.0	5	3135.173	3135.473
3135.4809999999998	0.900000000000091	trials	108	s108_J210617	grCe_grSu3Ne	5	225.0	5	3135.781	3136.081
3142.374	0.900000000000091	trials	108	s108_J210617	grCe_grSu6Ne	7	0.0	5	3142.674	3142.974
3142.982	0.900000000000091	trials	108	s108_J210617	grCe_grSu18Fa	11	0.0	5	3143.282	3143.582
3143.582	0.900000000000091	trials	108	s108_J210617	coCe	16	270.0	5	3143.882	3144.182
3148.908	0.900000000000091	trials	108	s108_J210617	grCe_grSu6Ne_PS	18	0.0	5	3149.208	3149.508
3150.1079999999997	0.900000000000091	trials	108	s108_J210617	grCe_grSu1Ne	3	180.0	5	3150.408	3150.708
3155.109	0.900000000000091	trials	108	s108_J210617	coCe_grSu6Ne	17	0.0	5	3155.409	3155.709
3158.901	0.900000000000091	trials	108	s108_J210617	grCe	1	180.0	5	3159.201	3159.501
3162.585	0.900000000000091	trials	108	s108_J210617	grCe_grSu12Mi	9	135.0	5	3162.885	3163.184
3163.185	0.900000000000091	trials	108	s108_J210617	coCe	16	225.0	5	3163.485	3163.785
3163.785	0.900000000000091	trials	108	s108_J210617	grCe_grSu6Ne_PS	18	225.0	5	3164.085	3164.385
3168.6189999999997	0.900000000000091	trials	108	s108_J210617	coCe_grSu6Ne	17	315.0	5	3168.919	3169.219
3169.2189999999996	0.900000000000091	trials	108	s108_J210617	coCe_grSu6Ne	17	225.0	5	3169.519	3169.819
3169.819	0.900000000000091	trials	108	s108_J210617	grCe_grSu6CiNe_PS	19	180.0	5	3170.119	3170.419
3174.9779999999996	0.900000000000091	trials	108	s108_J210617	grCe_grSu18Fa	11	225.0	5	3175.278	3175.578
3175.587	0.900000000000091	trials	108	s108_J210617	grCe_grSu12Mi	9	315.0	5	3175.887	3176.186
3189.147	0.900000000000091	trials	108	s108_J210617	grSu1Ne	2		5	3189.447	3189.746
3189.747	0.900000000000091	trials	108	s108_J210617	grCe_grSu1Ne	3	45.0	5	3190.047	3190.346
3190.3469999999998	0.900000000000091	trials	108	s108_J210617	grCe_grSu6CiNe	15	180.0	5	3190.647	3190.946
3195.531	0.900000000000091	trials	108	s108_J210617	grCe_grSu6CiNe	15	315.0	5	3195.831	3196.13
3196.131	0.900000000000091	trials	108	s108_J210617	grCe_grSu6Ne	7	180.0	5	3196.431	3196.73
3196.7309999999998	0.900000000000091	trials	108	s108_J210617	grCe_grSu6CiNe	15	225.0	5	3197.031	3197.331
3202.14	0.900000000000091	trials	108	s108_J210617	grCe_grSu6CiNe_PS	19	315.0	5	3202.44	3202.74
3216.417	0.900000000000091	trials	108	s108_J210617	grCe_grSu1Ne	3	90.0	5	3216.717	3217.016
3217.017	0.900000000000091	trials	108	s108_J210617	grCe	1	45.0	5	3217.317	3217.617
3217.6169999999997	0.900000000000091	trials	108	s108_J210617	grSu6CiNe	14		5	3217.917	3218.217
3222.5589999999997	0.900000000000091	trials	108	s108_J210617	grCe_grSu12SmCiNe	13	225.0	5	3222.859	3223.159
3226.8019999999997	0.900000000000091	trials	108	s108_J210617	coCe_grSu6Ne	17	135.0	5	3227.102	3227.401
3227.402	0.900000000000091	trials	108	s108_J210617	coCe_grSu6Ne	17	90.0	5	3227.702	3228.001
3232.4689999999996	0.900000000000091	trials	108	s108_J210617	grCe_grSu1Ne	3	0.0	5	3232.769	3233.069
3233.069	0.900000000000091	trials	108	s108_J210617	coCe_grSu6Ne	17	270.0	5	3233.369	3233.669
3238.7279999999996	0.900000000000091	trials	108	s108_J210617	grCe_grSu18Fa	11	45.0	5	3239.028	3239.328
3239.328	0.900000000000091	trials	108	s108_J210617	grCe_grSu1Ne	3	270.0	5	3239.628	3239.928
3239.928	0.900000000000091	trials	108	s108_J210617	grCe_grSu3Ne	5	45.0	5	3240.228	3240.528
3244.904	0.900000000000091	trials	108	s108_J210617	grCe_grSu12Mi	9	45.0	5	3245.204	3245.503
3245.504	0.900000000000091	trials	108	s108_J210617	grCe_grSu6Ne_PS	18	270.0	5	3245.804	3246.104
3246.104	0.900000000000091	trials	108	s108_J210617	grCe_grSu12SmCiNe	13	0.0	5	3246.404	3246.704
3251.6549999999997	0.900000000000091	trials	108	s108_J210617	grCe_grSu6Ne	7	225.0	5	3251.955	3252.254
3258.9139999999998	0.900000000000091	trials	108	s108_J210617	grCe_grSu6Ne_PS	18	45.0	5	3259.214	3259.514
3262.9979999999996	0.900000000000091	trials	108	s108_J210617	grCe_grSu12Mi	9	225.0	5	3263.298	3263.597
3284.826	0.900000000000091	trials	108	s108_J210617	grCe_grSu6CiNe	15	45.0	5	3285.126	3285.425
3289.935	0.900000000000091	trials	108	s108_J210617	coCe	16	315.0	5	3290.235	3290.534
3291.1349999999998	0.900000000000091	trials	108	s108_J210617	grCe_grSu3Ne	5	315.0	5	3291.435	3291.734
3304.1119999999996	0.900000000000091	trials	108	s108_J210617	grSu12SmCiNe	12		5	3304.412	3304.711
3317.513	0.900000000000091	trials	108	s108_J210617	grCe_grSu12SmCiNe_PS	21	180.0	5	3317.813	3318.113
3318.122	0.900000000000091	trials	108	s108_J210617	grCe_grSu18Fa	11	315.0	5	3318.422	3318.721
3318.7219999999998	0.900000000000091	trials	108	s108_J210617	grCe_grSu6CiNe_PS	19	270.0	5	3319.022	3319.321
3353.643	0.900000000000091	trials	108	s108_J210617	coCe	16	180.0	5	3353.943	3354.243
3358.644	0.900000000000091	trials	108	s108_J210617	grCe_grSu6Ne	7	45.0	5	3358.944	3359.243
3362.919	0.900000000000091	trials	108	s108_J210617	grCe_grSu1Ne	3	135.0	5	3363.219	3363.519
3363.519	0.900000000000091	trials	108	s108_J210617	grCe_grSu3Ne	5	270.0	5	3363.819	3364.119
3364.1279999999997	0.900000000000091	trials	108	s108_J210617	grCe_grSu1Ne	3	90.0	7	3364.428	3364.727
3369.1119999999996	0.900000000000091	trials	108	s108_J210617	grCe_grSu6CiNe	15	180.0	7	3369.412	3369.711
3369.712	0.900000000000091	trials	108	s108_J210617	grCe_grSu12SmCiNe_PS	21	270.0	7	3370.012	3370.311
3375.8129999999996	0.900000000000091	trials	108	s108_J210617	grCe_grSu18Fa	11	270.0	7	3376.113	3376.412
3376.413	0.900000000000091	trials	108	s108_J210617	NoStim	0		7	3376.713	3377.012
3377.0209999999997	0.900000000000091	trials	108	s108_J210617	grCe_grSu3Ne	5	0.0	7	3377.321	3377.621
3388.656	0.900000000000091	trials	108	s108_J210617	grCe_grSu3Ne	5	180.0	7	3388.956	3389.255
3389.8729999999996	0.900000000000091	trials	108	s108_J210617	grSu6Ne	6		7	3390.173	3390.472
3395.365	0.900000000000091	trials	108	s108_J210617	grCe_grSu6CiNe_PS	19	135.0	7	3395.665	3395.965
3399.182	0.900000000000091	trials	108	s108_J210617	grCe_grSu6Ne_PS	18	90.0	7	3399.482	3399.782
3399.7909999999997	0.900000000000091	trials	108	s108_J210617	grCe_grSu18Fa	11	90.0	7	3400.091	3400.39
3400.399	0.900000000000091	trials	108	s108_J210617	grCe_grSu12Mi	9	90.0	7	3400.699	3400.999
3405.5499999999997	0.900000000000091	trials	108	s108_J210617	grCe_grSu6Ne_PS	18	315.0	7	3405.85	3406.149
3406.1499999999996	0.900000000000091	trials	108	s108_J210617	grCe	1	0.0	7	3406.45	3406.749
3410.25	0.900000000000091	trials	108	s108_J210617	grCe_grSu1Ne	3	270.0	7	3410.55	3410.85
3410.85	0.900000000000091	trials	108	s108_J210617	grCe_grSu6CiNe_PS	19	180.0	7	3411.15	3411.45
3411.459	0.900000000000091	trials	108	s108_J210617	grCe_grSu12Mi	9	180.0	7	3411.759	3412.058
3416.593	0.900000000000091	trials	108	s108_J210617	grSu12Mi	8		7	3416.893	3417.192
3417.7929999999997	0.900000000000091	trials	108	s108_J210617	grCe_grSu3Ne	5	90.0	7	3418.093	3418.393
3430.02	0.900000000000091	trials	108	s108_J210617	coCe	16	270.0	7	3430.32	3430.619
3430.6279999999997	0.900000000000091	trials	108	s108_J210617	grCe_grSu12Mi	9	0.0	7	3430.928	3431.228
3435.629	0.900000000000091	trials	108	s108_J210617	grCe_grSu6CiNe_PS	19	270.0	7	3435.929	3436.228
3436.229	0.900000000000091	trials	108	s108_J210617	grCe_grSu6CiNe_PS	19	90.0	7	3436.529	3436.828
3436.8289999999997	0.900000000000091	trials	108	s108_J210617	grCe_grSu12SmCiNe_PS	21	225.0	7	3437.129	3437.428
3442.671	0.900000000000091	trials	108	s108_J210617	coCe_grSu6Ne	17	0.0	7	3442.971	3443.271
3446.9469999999997	0.900000000000091	trials	108	s108_J210617	grCe_grSu6Ne_PS	18	135.0	7	3447.247	3447.546
3447.547	0.900000000000091	trials	108	s108_J210617	grCe_grSu12SmCiNe	13	270.0	7	3447.847	3448.146
3480.084	0.900000000000091	trials	108	s108_J210617	grCe_grSu3Ne	5	270.0	7	3480.384	3480.684
3484.777	0.900000000000091	trials	108	s108_J210617	grCe	1	315.0	7	3485.077	3485.376
3485.377	0.900000000000091	trials	108	s108_J210617	grCe_grSu6CiNe	15	270.0	7	3485.677	3485.976
3491.0609999999997	0.900000000000091	trials	108	s108_J210617	grCe_grSu3Ne	5	225.0	7	3491.361	3491.66
3491.6609999999996	0.900000000000091	trials	108	s108_J210617	grCe_grSu1Ne	3	180.0	7	3491.961	3492.26
3492.269	0.900000000000091	trials	108	s108_J210617	grCe_grSu12Mi	9	225.0	7	3492.569	3492.869
3514.1969999999997	0.900000000000091	trials	108	s108_J210617	coSu6Ne	20		7	3514.497	3514.797
3514.797	0.900000000000091	trials	108	s108_J210617	grCe_grSu12SmCiNe_PS	21	0.0	7	3515.097	3515.397
3515.397	0.900000000000091	trials	108	s108_J210617	grCe_grSu12SmCiNe	13	90.0	7	3515.697	3515.997
3521.0229999999997	0.900000000000091	trials	108	s108_J210617	coCe	16	135.0	7	3521.323	3521.623
3521.673	0.900000000000091	trials	108	s108_J210617	grCe_grSu6Ne	7	135.0	7	3521.973	3522.273
3522.2729999999997	0.900000000000091	trials	108	s108_J210617	grCe_grSu12SmCiNe	13	45.0	7	3522.573	3522.873
3527.491	0.900000000000091	trials	108	s108_J210617	coCe_grSu6Ne	17	135.0	7	3527.791	3528.09
3528.124	0.900000000000091	trials	108	s108_J210617	grCe_grSu6Ne	7	180.0	7	3528.424	3528.724
3528.7239999999997	0.900000000000091	trials	108	s108_J210617	grCe_grSu12SmCiNe_PS	21	45.0	7	3529.024	3529.324
3562.7619999999997	0.900000000000091	trials	108	s108_J210617	grCe_grSu12SmCiNe	13	0.0	7	3563.062	3563.361
3564.037	0.900000000000091	trials	108	s108_J210617	grCe_grSu12SmCiNe	13	180.0	7	3564.337	3564.636
3569.3379999999997	0.900000000000091	trials	108	s108_J210617	grCe	1	90.0	7	3569.638	3569.937
3570.538	0.900000000000091	trials	108	s108_J210617	grCe_grSu6Ne_PS	18	45.0	7	3570.838	3571.137
3579.614	0.900000000000091	trials	108	s108_J210617	grCe_grSu6CiNe	15	225.0	7	3579.914	3580.214
3580.214	0.900000000000091	trials	108	s108_J210617	grCe_grSu6CiNe	15	315.0	7	3580.514	3580.814
3586.6569999999997	0.900000000000091	trials	108	s108_J210617	grCe_grSu6Ne	7	315.0	7	3586.957	3587.256
3587.2569999999996	0.900000000000091	trials	108	s108_J210617	coCe_grSu6Ne	17	270.0	7	3587.557	3587.856
3587.857	0.900000000000091	trials	108	s108_J210617	grCe_grSu12SmCiNe_PS	21	90.0	7	3588.157	3588.456
3594.0829999999996	0.900000000000091	trials	108	s108_J210617	grCe_grSu3Ne	5	45.0	7	3594.383	3594.682
3594.683	0.900000000000091	trials	108	s108_J210617	grCe_grSu1Ne	3	315.0	7	3594.983	3595.282
3595.283	0.900000000000091	trials	108	s108_J210617	grCe_grSu3Ne	5	315.0	7	3595.583	3595.882
3605.451	0.900000000000091	trials	108	s108_J210617	grCe_grSu18Fa	11	315.0	7	3605.751	3606.05
3606.051	0.900000000000091	trials	108	s108_J210617	grCe_grSu6CiNe	15	45.0	7	3606.351	3606.65
3606.651	0.900000000000091	trials	108	s108_J210617	grCe_grSu6CiNe_PS	19	45.0	7	3606.951	3607.25
3641.555	0.900000000000091	trials	108	s108_J210617	coCe	16	225.0	7	3641.855	3642.155
3647.089	0.900000000000091	trials	108	s108_J210617	coCe	16	45.0	7	3647.389	3647.689
3647.698	0.900000000000091	trials	108	s108_J210617	coCe_grSu6Ne	17	90.0	7	3647.998	3648.297
3663.725	0.900000000000091	trials	108	s108_J210617	grCe_grSu18Fa	11	225.0	7	3664.025	3664.324
3664.9249999999997	0.900000000000091	trials	108	s108_J210617	grCe_grSu12SmCiNe	13	135.0	7	3665.225	3665.525
3696.3619999999996	0.900000000000091	trials	108	s108_J210617	grCe_grSu1Ne	3	45.0	7	3696.662	3696.962
3696.9629999999997	0.900000000000091	trials	108	s108_J210617	grSu6CiNe	14		7	3697.263	3697.562
3697.5629999999996	0.900000000000091	trials	108	s108_J210617	coCe	16	315.0	7	3697.863	3698.162
3702.797	0.900000000000091	trials	108	s108_J210617	grCe_grSu6Ne_PS	18	180.0	7	3703.097	3703.396
3703.997	0.900000000000091	trials	108	s108_J210617	grCe_grSu6Ne_PS	18	0.0	7	3704.297	3704.596
3710.2889999999998	0.900000000000091	trials	108	s108_J210617	grCe_grSu6Ne	7	45.0	7	3710.589	3710.889
3711.0139999999997	0.900000000000091	trials	108	s108_J210617	grCe_grSu18Fa	11	45.0	7	3711.314	3711.614
3717.49	0.900000000000091	trials	108	s108_J210617	grCe_grSu6Ne	7	90.0	7	3717.79	3718.09
3724.066	0.900000000000091	trials	108	s108_J210617	coCe	16	90.0	7	3724.366	3724.666
3724.6659999999997	0.900000000000091	trials	108	s108_J210617	coCe	16	180.0	7	3724.966	3725.266
3725.2659999999996	0.900000000000091	trials	108	s108_J210617	grCe_grSu12SmCiNe_PS	21	180.0	7	3725.566	3725.866
3730.3669999999997	0.900000000000091	trials	108	s108_J210617	grCe_grSu12SmCiNe	13	315.0	7	3730.667	3730.966
3730.9669999999996	0.900000000000091	trials	108	s108_J210617	grCe	1	135.0	7	3731.267	3731.566
3731.575	0.900000000000091	trials	108	s108_J210617	grCe_grSu18Fa	11	135.0	7	3731.875	3732.175
3744.9269999999997	0.900000000000091	trials	108	s108_J210617	coCe	16	0.0	7	3745.227	3745.527
3745.535	0.900000000000091	trials	108	s108_J210617	grCe_grSu12Mi	9	135.0	7	3745.835	3746.135
3750.694	0.900000000000091	trials	108	s108_J210617	coCe_grSu6Ne	17	180.0	7	3750.994	3751.294
3758.437	0.900000000000091	trials	108	s108_J210617	grSu1Ne	2		7	3758.737	3759.037
3759.046	0.900000000000091	trials	108	s108_J210617	coCe_grSu6Ne	17	315.0	7	3759.346	3759.645
3759.6459999999997	0.900000000000091	trials	108	s108_J210617	grSu12SmCiNe	12		7	3759.946	3760.245
3764.7549999999997	0.900000000000091	trials	108	s108_J210617	grCe_grSu12SmCiNe	13	225.0	7	3765.055	3765.354
3765.355	0.900000000000091	trials	108	s108_J210617	grCe_grSu6CiNe	15	0.0	7	3765.655	3765.954
3765.955	0.900000000000091	trials	108	s108_J210617	grCe_grSu6Ne	7	225.0	7	3766.255	3766.554
3772.0969999999998	0.900000000000091	trials	108	s108_J210617	coCe_grSu6Ne	17	45.0	7	3772.397	3772.697
3776.6059999999998	0.900000000000091	trials	108	s108_J210617	grCe_grSu6CiNe_PS	19	0.0	7	3776.906	3777.206
3777.2059999999997	0.900000000000091	trials	108	s108_J210617	grCe_grSu6Ne	7	0.0	7	3777.506	3777.806
3777.8149999999996	0.900000000000091	trials	108	s108_J210617	grCe_grSu12Mi	9	270.0	7	3778.115	3778.414
3783.415	0.900000000000091	trials	108	s108_J210617	coCe_grSu6Ne	17	225.0	7	3783.715	3784.015
3784.015	0.900000000000091	trials	108	s108_J210617	grCe_grSu1Ne	3	135.0	7	3784.315	3784.615
3784.624	0.900000000000091	trials	108	s108_J210617	grSu18Fa	10		7	3784.924	3785.223
3790.133	0.900000000000091	trials	108	s108_J210617	grCe_grSu6CiNe	15	135.0	7	3790.433	3790.732
3793.8419999999996	0.900000000000091	trials	108	s108_J210617	grSu3Ne	4		7	3794.142	3794.441
3799.1839999999997	0.900000000000091	trials	108	s108_J210617	grCe_grSu6Ne_PS	18	270.0	7	3799.484	3799.784
3805.16	0.900000000000091	trials	108	s108_J210617	grCe_grSu12Mi	9	315.0	7	3805.46	3805.759
3805.768	0.900000000000091	trials	108	s108_J210617	grCe_grSu1Ne	3	0.0	7	3806.068	3806.368
3814.453	0.900000000000091	trials	108	s108_J210617	grCe	1	45.0	7	3814.753	3815.052
3817.903	0.900000000000091	trials	108	s108_J210617	grCe_grSu3Ne	5	135.0	7	3818.203	3818.503
3825.796	0.900000000000091	trials	108	s108_J210617	grCe_grSu12SmCiNe_PS	21	135.0	7	3826.096	3826.395
3826.3959999999997	0.900000000000091	trials	108	s108_J210617	grCe	1	225.0	7	3826.696	3826.995
3826.9959999999996	0.900000000000091	trials	108	s108_J210617	grCe	1	180.0	7	3827.296	3827.596
3832.0969999999998	0.900000000000091	trials	108	s108_J210617	grCe_grSu6Ne	7	270.0	7	3832.397	3832.696
3832.705	0.900000000000091	trials	108	s108_J210617	grCe_grSu12Mi	9	45.0	7	3833.005	3833.305
3833.305	0.900000000000091	trials	108	s108_J210617	grCe_grSu6CiNe_PS	19	225.0	7	3833.605	3833.905
3839.1229999999996	0.900000000000091	trials	108	s108_J210617	grCe	1	270.0	7	3839.423	3839.722
3839.723	0.900000000000091	trials	108	s108_J210617	grCe_grSu6CiNe_PS	19	315.0	7	3840.023	3840.322
3854.908	0.900000000000091	trials	108	s108_J210617	grCe_grSu6Ne_PS	18	225.0	7	3855.208	3855.508
3855.5159999999996	0.900000000000091	trials	108	s108_J210617	grCe_grSu18Fa	11	0.0	7	3855.816	3856.116
3856.116	0.900000000000091	trials	108	s108_J210617	grCe_grSu1Ne	3	225.0	7	3856.416	3856.716
3865.1009999999997	0.900000000000091	trials	108	s108_J210617	grCe_grSu6CiNe	15	90.0	7	3865.401	3865.7
3865.709	0.900000000000091	trials	108	s108_J210617	grCe_grSu18Fa	11	180.0	7	3866.009	3866.309
3866.3089999999997	0.900000000000091	trials	108	s108_J210617	grCe_grSu12SmCiNe_PS	21	315.0	7	3866.609	3866.909
