onset	duration	nwb_table	ses_ID	ses_Name	cond_Name	cond_ID	target_rot	rep_num	pdOn	pdOff
28.602999999999998	0.9000000000000021	trials	98	s098_J210606	grCe_grSu6Ne	7	180.0	8	28.903	29.203
29.203	0.9000000000000021	trials	98	s098_J210606	grCe_grSu6CiNe	15	270.0	8	29.503	29.803
29.804	0.9000000000000021	trials	98	s098_J210606	grCe_grSu1Ne	3	180.0	8	30.104	30.403
34.671	0.8999999999999986	trials	98	s098_J210606	grCe_grSu18Fa	11	45.0	8	34.971	35.27
35.279	0.8999999999999986	trials	98	s098_J210606	grCe_grSu12Mi	9	135.0	8	35.579	35.879
35.879000000000005	0.8999999999999986	trials	98	s098_J210606	coCe	16	270.0	8	36.179	36.479
40.697	0.8999999999999986	trials	98	s098_J210606	grCe_grSu6CiNe_PS	19	0.0	8	40.997	41.296
44.864000000000004	0.8999999999999986	trials	98	s098_J210606	grCe_grSu3Ne	5	180.0	8	45.164	45.463
45.464000000000006	0.8999999999999986	trials	98	s098_J210606	grCe_grSu6Ne_PS	18	315.0	8	45.764	46.063
51.056000000000004	0.8999999999999986	trials	98	s098_J210606	grCe_grSu6Ne	7	135.0	8	51.356	51.656
54.723000000000006	0.8999999999999986	trials	98	s098_J210606	grCe_grSu3Ne	5	90.0	8	55.023	55.323
55.323	0.8999999999999986	trials	98	s098_J210606	grCe_grSu1Ne	3	315.0	8	55.623	55.923
64.00800000000001	0.8999999999999915	trials	98	s098_J210606	coCe	16	180.0	8	64.308	64.607
64.608	0.8999999999999915	trials	98	s098_J210606	grCe_grSu6CiNe_PS	19	180.0	8	64.908	65.208
65.208	0.8999999999999915	trials	98	s098_J210606	grCe_grSu6Ne	7	90.0	8	65.508	65.808
73.167	0.8999999999999915	trials	98	s098_J210606	grCe_grSu18Fa	11	135.0	8	73.467	73.767
74.459	0.8999999999999915	trials	98	s098_J210606	grCe_grSu12SmCiNe_PS	21	45.0	8	74.759	75.059
82.81	0.8999999999999915	trials	98	s098_J210606	coCe_grSu6Ne	17	225.0	8	83.11	83.41
83.41	0.8999999999999915	trials	98	s098_J210606	grCe	1	180.0	8	83.71	84.01
92.262	0.8999999999999915	trials	98	s098_J210606	grCe_grSu12SmCiNe_PS	21	270.0	8	92.562	92.861
93.462	0.8999999999999915	trials	98	s098_J210606	grCe_grSu6Ne	7	315.0	8	93.762	94.061
101.57900000000001	0.8999999999999915	trials	98	s098_J210606	grCe_grSu1Ne	3	270.0	8	101.879	102.179
111.714	0.8999999999999915	trials	98	s098_J210606	grCe_grSu12SmCiNe	13	270.0	8	112.014	112.314
112.32300000000001	0.8999999999999915	trials	98	s098_J210606	grCe_grSu18Fa	11	180.0	8	112.623	112.922
112.923	0.8999999999999915	trials	98	s098_J210606	grCe_grSu6CiNe_PS	19	45.0	8	113.223	113.522
121.882	0.8999999999999915	trials	98	s098_J210606	grCe_grSu12Mi	9	225.0	8	122.182	122.482
127.758	0.8999999999999915	trials	98	s098_J210606	NoStim	0		8	128.058	128.357
128.35799999999998	0.9000000000000057	trials	98	s098_J210606	grCe_grSu6Ne	7	270.0	8	128.658	128.957
128.958	0.9000000000000057	trials	98	s098_J210606	grCe_grSu12SmCiNe	13	225.0	8	129.258	129.558
133.809	0.9000000000000057	trials	98	s098_J210606	grCe_grSu12Mi	9	0.0	8	134.109	134.408
137.326	0.9000000000000057	trials	98	s098_J210606	coCe	16	225.0	8	137.626	137.925
137.926	0.9000000000000057	trials	98	s098_J210606	grSu6Ne	6		8	138.226	138.525
138.52599999999998	0.9000000000000057	trials	98	s098_J210606	grCe	1	225.0	8	138.826	139.125
143.66	0.9000000000000057	trials	98	s098_J210606	grCe_grSu12Mi	9	45.0	8	143.96	144.259
144.368	0.9000000000000057	trials	98	s098_J210606	grCe_grSu18Fa	11	90.0	8	144.668	144.968
144.968	0.9000000000000057	trials	98	s098_J210606	grCe_grSu6CiNe_PS	19	270.0	8	145.268	145.568
153.21099999999998	0.9000000000000057	trials	98	s098_J210606	grCe_grSu6CiNe_PS	19	135.0	8	153.511	153.811
153.81099999999998	0.9000000000000057	trials	98	s098_J210606	grCe_grSu1Ne	3	225.0	8	154.111	154.411
154.411	0.9000000000000057	trials	98	s098_J210606	grCe_grSu1Ne	3	135.0	8	154.711	155.011
159.387	0.9000000000000057	trials	98	s098_J210606	grCe_grSu6CiNe_PS	19	315.0	8	159.687	159.987
163.24599999999998	0.9000000000000057	trials	98	s098_J210606	grCe_grSu1Ne	3	0.0	8	163.546	163.845
163.84599999999998	0.9000000000000057	trials	98	s098_J210606	grSu12SmCiNe	12		8	164.146	164.445
167.321	0.9000000000000057	trials	98	s098_J210606	grCe_grSu12Mi	9	270.0	8	167.621	167.921
167.963	0.9000000000000057	trials	98	s098_J210606	grCe_grSu12SmCiNe	13	90.0	8	168.263	168.563
168.563	0.9000000000000057	trials	98	s098_J210606	coCe_grSu6Ne	17	45.0	8	168.863	169.163
174.147	0.9000000000000057	trials	98	s098_J210606	grCe_grSu12SmCiNe	13	45.0	8	174.447	174.747
174.756	0.9000000000000057	trials	98	s098_J210606	grCe_grSu12Mi	9	90.0	8	175.056	175.355
183.48999999999998	0.9000000000000057	trials	98	s098_J210606	grCe_grSu6Ne	7	0.0	8	183.79	184.09
184.08999999999997	0.9000000000000057	trials	98	s098_J210606	grCe	1	90.0	8	184.39	184.69
191.875	0.9000000000000057	trials	98	s098_J210606	grCe_grSu6Ne_PS	18	0.0	8	192.175	192.474
195.783	0.9000000000000057	trials	98	s098_J210606	grCe_grSu12SmCiNe_PS	21	225.0	8	196.083	196.383
196.38299999999998	0.9000000000000057	trials	98	s098_J210606	grCe_grSu3Ne	5	225.0	8	196.683	196.983
196.992	0.9000000000000057	trials	98	s098_J210606	grCe_grSu18Fa	11	315.0	8	197.292	197.591
205.076	0.9000000000000057	trials	98	s098_J210606	grCe_grSu6CiNe_PS	19	90.0	8	205.376	205.676
205.676	0.9000000000000057	trials	98	s098_J210606	grCe_grSu6CiNe	15	180.0	8	205.976	206.276
206.27599999999998	0.9000000000000057	trials	98	s098_J210606	grCe_grSu6Ne_PS	18	45.0	8	206.576	206.876
211.744	0.9000000000000057	trials	98	s098_J210606	grCe_grSu3Ne	5	135.0	8	212.044	212.343
212.344	0.9000000000000057	trials	98	s098_J210606	grCe_grSu6CiNe	15	225.0	8	212.644	212.943
219.46099999999998	0.9000000000000057	trials	98	s098_J210606	grCe_grSu3Ne	5	45.0	8	219.761	220.061
220.06199999999998	0.9000000000000057	trials	98	s098_J210606	coCe_grSu6Ne	17	315.0	8	220.362	220.661
224.74499999999998	0.9000000000000057	trials	98	s098_J210606	grCe_grSu1Ne	3	90.0	8	225.045	225.345
225.34599999999998	0.9000000000000057	trials	98	s098_J210606	coCe_grSu6Ne	17	270.0	8	225.646	225.945
225.946	0.9000000000000057	trials	98	s098_J210606	coCe	16	45.0	8	226.246	226.545
230.78799999999998	0.9000000000000057	trials	98	s098_J210606	grSu12Mi	8		8	231.088	231.387
234.363	0.9000000000000057	trials	98	s098_J210606	grCe_grSu18Fa	11	270.0	8	234.663	234.963
234.963	0.9000000000000057	trials	98	s098_J210606	grSu6CiNe	14		8	235.263	235.563
235.564	0.9000000000000057	trials	98	s098_J210606	grCe_grSu12SmCiNe	13	180.0	8	235.864	236.163
244.256	0.9000000000000057	trials	98	s098_J210606	grCe_grSu6Ne_PS	18	225.0	8	244.556	244.856
244.856	0.9000000000000057	trials	98	s098_J210606	grCe_grSu1Ne	3	45.0	8	245.156	245.456
245.46499999999997	0.9000000000000057	trials	98	s098_J210606	grCe_grSu18Fa	11	0.0	8	245.765	246.064
260.533	0.9000000000000341	trials	98	s098_J210606	coSu6Ne	20		8	260.833	261.133
261.142	0.9000000000000341	trials	98	s098_J210606	grCe_grSu18Fa	11	225.0	8	261.442	261.741
266.092	0.9000000000000341	trials	98	s098_J210606	grCe_grSu6Ne_PS	18	90.0	8	266.392	266.692
266.693	0.9000000000000341	trials	98	s098_J210606	grCe_grSu3Ne	5	315.0	8	266.993	267.292
267.293	0.9000000000000341	trials	98	s098_J210606	grCe_grSu6CiNe	15	0.0	8	267.593	267.892
272.277	0.9000000000000341	trials	98	s098_J210606	grCe_grSu6CiNe_PS	19	225.0	8	272.577	272.876
275.852	0.9000000000000341	trials	98	s098_J210606	grCe	1	45.0	8	276.152	276.452
279.736	0.9000000000000341	trials	98	s098_J210606	grCe	1	270.0	8	280.036	280.335
280.936	0.9000000000000341	trials	98	s098_J210606	grCe_grSu6CiNe	15	45.0	8	281.236	281.536
285.887	0.9000000000000341	trials	98	s098_J210606	grCe_grSu12SmCiNe	13	0.0	8	286.187	286.486
286.495	0.9000000000000341	trials	98	s098_J210606	grCe_grSu12Mi	9	180.0	8	286.795	287.095
291.98699999999997	0.9000000000000341	trials	98	s098_J210606	grCe_grSu6Ne	7	45.0	8	292.287	292.587
292.58799999999997	0.9000000000000341	trials	98	s098_J210606	grCe_grSu6CiNe	15	135.0	8	292.888	293.187
293.188	0.9000000000000341	trials	98	s098_J210606	coCe	16	315.0	8	293.488	293.787
301.555	0.9000000000000341	trials	98	s098_J210606	grCe_grSu6CiNe	15	315.0	8	301.855	302.155
302.756	0.9000000000000341	trials	98	s098_J210606	coCe_grSu6Ne	17	135.0	8	303.056	303.355
307.756	0.9000000000000341	trials	98	s098_J210606	grCe_grSu3Ne	5	0.0	8	308.056	308.356
308.356	0.9000000000000341	trials	98	s098_J210606	grCe_grSu12SmCiNe_PS	21	180.0	8	308.656	308.956
308.95599999999996	0.9000000000000341	trials	98	s098_J210606	grCe_grSu12SmCiNe_PS	21	90.0	8	309.256	309.556
320.816	0.9000000000000341	trials	98	s098_J210606	coCe_grSu6Ne	17	0.0	8	321.116	321.416
322.01599999999996	0.9000000000000341	trials	98	s098_J210606	grCe_grSu6Ne_PS	18	180.0	8	322.316	322.616
334.135	0.9000000000000341	trials	98	s098_J210606	grCe_grSu6Ne_PS	18	270.0	8	334.435	334.734
337.768	0.9000000000000341	trials	98	s098_J210606	grCe	1	0.0	8	338.068	338.368
339.002	0.9000000000000341	trials	98	s098_J210606	grCe_grSu12SmCiNe	13	315.0	8	339.302	339.601
343.936	0.9000000000000341	trials	98	s098_J210606	grCe_grSu6Ne_PS	18	135.0	8	344.236	344.535
345.178	0.9000000000000341	trials	98	s098_J210606	grCe_grSu6Ne	7	225.0	8	345.478	345.777
350.203	0.9000000000000341	trials	98	s098_J210606	grCe_grSu12SmCiNe_PS	21	315.0	8	350.503	350.803
354.087	0.9000000000000341	trials	98	s098_J210606	grSu1Ne	2		8	354.387	354.687
354.687	0.9000000000000341	trials	98	s098_J210606	coCe	16	90.0	8	354.987	355.287
355.32099999999997	0.9000000000000341	trials	98	s098_J210606	coCe	16	135.0	8	355.621	355.92
367.022	0.9000000000000341	trials	98	s098_J210606	grCe_grSu12SmCiNe_PS	21	135.0	8	367.322	367.622
367.622	0.9000000000000341	trials	98	s098_J210606	grCe_grSu12SmCiNe_PS	21	0.0	8	367.922	368.222
368.231	0.9000000000000341	trials	98	s098_J210606	grSu18Fa	10		8	368.531	368.83
373.173	0.9000000000000341	trials	98	s098_J210606	grSu3Ne	4		8	373.473	373.773
373.781	0.9000000000000341	trials	98	s098_J210606	grCe_grSu12Mi	9	315.0	8	374.081	374.381
374.381	0.9000000000000341	trials	98	s098_J210606	coCe_grSu6Ne	17	180.0	8	374.681	374.981
386.72499999999997	0.9000000000000341	trials	98	s098_J210606	coCe	16	0.0	8	387.025	387.324
399.601	0.9000000000000341	trials	98	s098_J210606	coCe_grSu6Ne	17	90.0	8	399.901	400.201
400.202	0.9000000000000341	trials	98	s098_J210606	grCe_grSu6CiNe	15	90.0	8	400.502	400.801
400.80199999999996	0.9000000000000341	trials	98	s098_J210606	grCe_grSu3Ne	5	270.0	8	401.102	401.401
405.727	0.9000000000000341	trials	98	s098_J210606	grCe	1	135.0	8	406.027	406.327
406.92699999999996	0.9000000000000341	trials	98	s098_J210606	grCe_grSu12SmCiNe	13	135.0	8	407.227	407.527
411.736	0.9000000000000341	trials	98	s098_J210606	grCe	1	315.0	8	412.036	412.336
412.34499999999997	0.9000000000000341	trials	98	s098_J210606	grCe_grSu18Fa	11	0.0	0	412.645	412.944
412.945	0.9000000000000341	trials	98	s098_J210606	grCe_grSu3Ne	5	225.0	0	413.245	413.544
417.779	0.9000000000000341	trials	98	s098_J210606	grCe_grSu1Ne	3	0.0	0	418.079	418.378
428.372	0.9000000000000341	trials	98	s098_J210606	grCe_grSu12SmCiNe_PS	21	45.0	0	428.672	428.971
428.972	0.9000000000000341	trials	98	s098_J210606	grCe_grSu6Ne_PS	18	0.0	0	429.272	429.571
434.573	0.9000000000000341	trials	98	s098_J210606	grCe_grSu12SmCiNe	13	135.0	0	434.873	435.172
435.173	0.9000000000000341	trials	98	s098_J210606	grCe_grSu6CiNe	15	135.0	0	435.473	435.772
435.77299999999997	0.9000000000000341	trials	98	s098_J210606	grCe_grSu6CiNe_PS	19	315.0	0	436.073	436.372
440.632	0.9000000000000341	trials	98	s098_J210606	grCe_grSu6CiNe	15	90.0	0	440.932	441.231
444.26599999999996	0.9000000000000341	trials	98	s098_J210606	grCe_grSu12SmCiNe_PS	21	270.0	0	444.566	444.865
447.99899999999997	0.9000000000000341	trials	98	s098_J210606	grSu12Mi	8		0	448.299	448.599
451.97499999999997	0.9000000000000341	trials	98	s098_J210606	grCe_grSu6Ne	7	180.0	0	452.275	452.574
452.592	0.9000000000000341	trials	98	s098_J210606	grCe_grSu1Ne	3	315.0	0	452.892	453.191
453.22499999999997	0.9000000000000341	trials	98	s098_J210606	coSu6Ne	20		0	453.525	453.825
461.294	0.9000000000000341	trials	98	s098_J210606	coCe	16	90.0	0	461.594	461.893
465.344	0.9000000000000341	trials	98	s098_J210606	grCe_grSu6Ne_PS	18	180.0	0	465.644	465.944
469.486	0.9000000000000341	trials	98	s098_J210606	grCe	1	315.0	0	469.786	470.086
476.412	0.9000000000000341	trials	98	s098_J210606	coCe_grSu6Ne	17	225.0	0	476.712	477.012
477.021	0.9000000000000341	trials	98	s098_J210606	grCe_grSu12Mi	9	90.0	0	477.321	477.62
477.621	0.9000000000000341	trials	98	s098_J210606	grCe_grSu6CiNe	15	0.0	0	477.921	478.22
490.339	0.9000000000000341	trials	98	s098_J210606	grCe_grSu12SmCiNe	13	45.0	0	490.639	490.939
490.948	0.9000000000000341	trials	98	s098_J210606	grSu18Fa	10		0	491.248	491.547
491.548	0.9000000000000341	trials	98	s098_J210606	grCe_grSu12SmCiNe_PS	21	180.0	0	491.848	492.147
496.815	0.9000000000000341	trials	98	s098_J210606	coCe	16	135.0	0	497.115	497.415
498.015	0.9000000000000341	trials	98	s098_J210606	grCe_grSu6CiNe_PS	19	135.0	0	498.315	498.615
502.932	0.9000000000000341	trials	98	s098_J210606	grCe_grSu1Ne	3	180.0	0	503.232	503.532
503.541	0.9000000000000341	trials	98	s098_J210606	grCe_grSu12Mi	9	0.0	0	503.841	504.14
504.14099999999996	0.9000000000000341	trials	98	s098_J210606	grCe_grSu6CiNe	15	180.0	0	504.441	504.741
509.067	0.9000000000000341	trials	98	s098_J210606	coCe_grSu6Ne	17	0.0	0	509.367	509.666
513.167	0.8999999999999773	trials	98	s098_J210606	grCe_grSu12SmCiNe	13	0.0	0	513.467	513.767
513.8090000000001	0.8999999999999773	trials	98	s098_J210606	grCe_grSu6CiNe	15	225.0	0	514.109	514.408
517.5010000000001	0.8999999999999773	trials	98	s098_J210606	grCe_grSu6Ne_PS	18	225.0	0	517.801	518.101
518.1930000000001	0.8999999999999773	trials	98	s098_J210606	grSu6Ne	6		0	518.493	518.792
527.861	0.8999999999999773	trials	98	s098_J210606	grCe_grSu12SmCiNe_PS	21	0.0	0	528.161	528.46
528.461	0.8999999999999773	trials	98	s098_J210606	grCe_grSu3Ne	5	135.0	0	528.761	529.06
529.061	0.8999999999999773	trials	98	s098_J210606	coCe_grSu6Ne	17	180.0	0	529.361	529.66
533.962	0.8999999999999773	trials	98	s098_J210606	grCe_grSu12Mi	9	270.0	0	534.262	534.561
534.562	0.8999999999999773	trials	98	s098_J210606	coCe_grSu6Ne	17	270.0	0	534.862	535.161
539.921	0.8999999999999773	trials	98	s098_J210606	grCe_grSu1Ne	3	45.0	0	540.221	540.52
540.529	0.8999999999999773	trials	98	s098_J210606	grCe_grSu18Fa	11	45.0	0	540.829	541.129
541.129	0.8999999999999773	trials	98	s098_J210606	coCe_grSu6Ne	17	45.0	0	541.429	541.729
546.8470000000001	0.8999999999999773	trials	98	s098_J210606	grCe_grSu12Mi	9	315.0	0	547.147	547.446
547.455	0.8999999999999773	trials	98	s098_J210606	grCe_grSu18Fa	11	90.0	0	547.755	548.054
552.514	0.8999999999999773	trials	98	s098_J210606	grCe_grSu3Ne	5	315.0	0	552.814	553.113
559.273	0.8999999999999773	trials	98	s098_J210606	grCe	1	45.0	0	559.573	559.873
565.774	0.8999999999999773	trials	98	s098_J210606	grCe_grSu3Ne	5	270.0	0	566.074	566.374
569.808	0.8999999999999773	trials	98	s098_J210606	coCe	16	270.0	0	570.108	570.407
576.417	0.8999999999999773	trials	98	s098_J210606	grCe_grSu3Ne	5	90.0	0	576.717	577.017
585.735	0.8999999999999773	trials	98	s098_J210606	grCe_grSu12SmCiNe	13	90.0	0	586.035	586.334
586.335	0.8999999999999773	trials	98	s098_J210606	grCe_grSu6CiNe_PS	19	90.0	0	586.635	586.935
591.177	0.8999999999999773	trials	98	s098_J210606	grCe_grSu3Ne	5	45.0	0	591.477	591.777
591.777	0.8999999999999773	trials	98	s098_J210606	grCe_grSu6Ne	7	45.0	0	592.077	592.377
592.3770000000001	0.8999999999999773	trials	98	s098_J210606	grCe_grSu12SmCiNe	13	225.0	0	592.677	592.977
597.811	0.8999999999999773	trials	98	s098_J210606	grCe	1	270.0	0	598.111	598.411
601.154	0.8999999999999773	trials	98	s098_J210606	coCe_grSu6Ne	17	315.0	0	601.454	601.753
601.754	0.8999999999999773	trials	98	s098_J210606	grCe_grSu6Ne	7	225.0	0	602.054	602.353
602.354	0.8999999999999773	trials	98	s098_J210606	grCe_grSu6Ne	7	270.0	0	602.654	602.953
607.888	0.8999999999999773	trials	98	s098_J210606	grCe_grSu12Mi	9	135.0	0	608.188	608.487
608.488	0.8999999999999773	trials	98	s098_J210606	grCe	1	0.0	0	608.788	609.087
613.447	0.8999999999999773	trials	98	s098_J210606	grCe_grSu3Ne	5	180.0	0	613.747	614.046
614.0550000000001	0.8999999999999773	trials	98	s098_J210606	grCe_grSu18Fa	11	315.0	0	614.355	614.655
614.6550000000001	0.8999999999999773	trials	98	s098_J210606	NoStim	0		0	614.955	615.255
619.6980000000001	0.8999999999999773	trials	98	s098_J210606	grCe_grSu12SmCiNe_PS	21	90.0	0	619.998	620.297
620.298	0.8999999999999773	trials	98	s098_J210606	grSu6CiNe	14		0	620.598	620.897
620.898	0.8999999999999773	trials	98	s098_J210606	grCe_grSu6Ne_PS	18	270.0	0	621.198	621.497
628.6650000000001	0.8999999999999773	trials	98	s098_J210606	grSu12SmCiNe	12		0	628.965	629.265
629.282	0.8999999999999773	trials	98	s098_J210606	grCe_grSu1Ne	3	90.0	0	629.582	629.882
629.8820000000001	0.8999999999999773	trials	98	s098_J210606	grCe_grSu6CiNe	15	315.0	0	630.182	630.482
634.7660000000001	0.8999999999999773	trials	98	s098_J210606	coCe_grSu6Ne	17	90.0	0	635.066	635.366
635.375	0.8999999999999773	trials	98	s098_J210606	grCe_grSu18Fa	11	225.0	0	635.675	635.974
635.975	0.8999999999999773	trials	98	s098_J210606	grCe_grSu12SmCiNe_PS	21	135.0	0	636.275	636.574
640.9920000000001	0.8999999999999773	trials	98	s098_J210606	grCe_grSu6CiNe	15	45.0	0	641.292	641.592
641.6	0.8999999999999773	trials	98	s098_J210606	grCe_grSu12Mi	9	180.0	0	641.9	642.2
642.201	0.8999999999999773	trials	98	s098_J210606	grCe_grSu6CiNe_PS	19	0.0	0	642.501	642.8
654.2940000000001	0.8999999999999773	trials	98	s098_J210606	coCe	16	225.0	0	654.594	654.893
658.686	0.8999999999999773	trials	98	s098_J210606	grCe_grSu6CiNe	15	270.0	0	658.986	659.286
662.812	0.8999999999999773	trials	98	s098_J210606	grCe	1	225.0	0	663.112	663.411
663.412	0.8999999999999773	trials	98	s098_J210606	grCe_grSu6Ne	7	0.0	0	663.712	664.011
664.0450000000001	0.8999999999999773	trials	98	s098_J210606	grCe_grSu18Fa	11	180.0	0	664.345	664.645
669.004	0.8999999999999773	trials	98	s098_J210606	coCe	16	315.0	0	669.304	669.604
675.4720000000001	0.8999999999999773	trials	98	s098_J210606	grCe_grSu6CiNe_PS	19	180.0	0	675.772	676.071
676.072	0.8999999999999773	trials	98	s098_J210606	grCe	1	90.0	0	676.372	676.671
676.672	0.8999999999999773	trials	98	s098_J210606	grCe_grSu6CiNe_PS	19	225.0	0	676.972	677.271
681.8140000000001	0.8999999999999773	trials	98	s098_J210606	grSu3Ne	4		0	682.114	682.414
682.4140000000001	0.8999999999999773	trials	98	s098_J210606	grCe_grSu6Ne_PS	18	45.0	0	682.714	683.014
686.106	0.8999999999999773	trials	98	s098_J210606	coCe	16	180.0	0	686.406	686.706
694.657	0.8999999999999773	trials	98	s098_J210606	grCe_grSu12SmCiNe	13	270.0	0	694.957	695.257
695.2570000000001	0.8999999999999773	trials	98	s098_J210606	grCe_grSu12SmCiNe_PS	21	315.0	0	695.557	695.857
695.8570000000001	0.8999999999999773	trials	98	s098_J210606	grCe_grSu6CiNe_PS	19	45.0	0	696.157	696.457
700.5250000000001	0.8999999999999773	trials	98	s098_J210606	grCe_grSu12SmCiNe	13	315.0	0	700.825	701.124
704.8090000000001	0.8999999999999773	trials	98	s098_J210606	grCe_grSu12SmCiNe_PS	21	225.0	0	705.109	705.408
705.45	0.8999999999999773	trials	98	s098_J210606	grCe_grSu6Ne_PS	18	315.0	0	705.75	706.05
714.652	0.8999999999999773	trials	98	s098_J210606	grCe_grSu12SmCiNe	13	180.0	0	714.952	715.251
715.2520000000001	0.8999999999999773	trials	98	s098_J210606	grCe	1	135.0	0	715.552	715.851
715.8520000000001	0.8999999999999773	trials	98	s098_J210606	grCe_grSu6Ne	7	315.0	0	716.152	716.451
720.8190000000001	0.8999999999999773	trials	98	s098_J210606	grCe_grSu12Mi	9	225.0	0	721.119	721.419
721.4190000000001	0.8999999999999773	trials	98	s098_J210606	grCe_grSu6CiNe_PS	19	270.0	0	721.719	722.019
727.0120000000001	0.8999999999999773	trials	98	s098_J210606	coCe	16	45.0	0	727.312	727.611
727.6120000000001	0.8999999999999773	trials	98	s098_J210606	grCe_grSu3Ne	5	0.0	0	727.912	728.211
728.245	0.8999999999999773	trials	98	s098_J210606	grCe_grSu1Ne	3	225.0	0	728.545	728.845
739.446	0.8999999999999773	trials	98	s098_J210606	grCe_grSu1Ne	3	270.0	0	739.746	740.046
740.047	0.8999999999999773	trials	98	s098_J210606	coCe	16	0.0	0	740.347	740.646
740.647	0.8999999999999773	trials	98	s098_J210606	grCe_grSu6Ne	7	135.0	0	740.947	741.246
745.572	0.8999999999999773	trials	98	s098_J210606	grCe	1	180.0	0	745.872	746.172
750.6560000000001	0.8999999999999773	trials	98	s098_J210606	grCe_grSu18Fa	11	135.0	0	750.956	751.256
751.2560000000001	0.8999999999999773	trials	98	s098_J210606	grCe_grSu1Ne	3	135.0	0	751.556	751.856
751.856	0.8999999999999773	trials	98	s098_J210606	coCe_grSu6Ne	17	135.0	0	752.156	752.456
757.582	0.8999999999999773	trials	98	s098_J210606	grSu1Ne	2		0	757.882	758.182
764.791	0.8999999999999773	trials	98	s098_J210606	grCe_grSu6Ne_PS	18	135.0	0	765.091	765.391
768.5250000000001	0.8999999999999773	trials	98	s098_J210606	grCe_grSu18Fa	11	270.0	0	768.825	769.125
769.134	0.8999999999999773	trials	98	s098_J210606	grCe_grSu12Mi	9	45.0	0	769.434	769.733
775.2180000000001	0.8999999999999773	trials	98	s098_J210606	grCe_grSu6Ne	7	90.0	0	775.518	775.817
781.4440000000001	0.8999999999999773	trials	98	s098_J210606	grCe_grSu6Ne_PS	18	90.0	0	781.744	782.043
782.644	0.8999999999999773	trials	98	s098_J210606	coCe_grSu6Ne	17	135.0	2	782.944	783.243
787.528	0.8999999999999773	trials	98	s098_J210606	coCe	16	315.0	2	787.828	788.127
788.128	0.8999999999999773	trials	98	s098_J210606	grCe	1	270.0	2	788.428	788.727
792.8530000000001	0.8999999999999773	trials	98	s098_J210606	grCe_grSu12SmCiNe	13	315.0	2	793.153	793.453
796.296	0.8999999999999773	trials	98	s098_J210606	coCe	16	0.0	2	796.596	796.895
796.904	0.8999999999999773	trials	98	s098_J210606	grCe_grSu12Mi	9	225.0	2	797.204	797.503
802.505	0.8999999999999773	trials	98	s098_J210606	grCe	1	135.0	2	802.805	803.104
803.105	0.8999999999999773	trials	98	s098_J210606	grCe_grSu3Ne	5	315.0	2	803.405	803.704
809.8810000000001	0.8999999999999773	trials	98	s098_J210606	grCe_grSu6CiNe_PS	19	0.0	2	810.181	810.48
810.481	0.8999999999999773	trials	98	s098_J210606	grCe_grSu6Ne	7	0.0	2	810.781	811.08
811.081	0.8999999999999773	trials	98	s098_J210606	grCe_grSu1Ne	3	180.0	2	811.381	811.68
815.8810000000001	0.8999999999999773	trials	98	s098_J210606	grCe_grSu6Ne_PS	18	225.0	2	816.181	816.481
816.481	0.8999999999999773	trials	98	s098_J210606	coCe_grSu6Ne	17	0.0	2	816.781	817.081
817.082	0.8999999999999773	trials	98	s098_J210606	grCe_grSu6CiNe_PS	19	135.0	2	817.382	817.681
822.0160000000001	0.8999999999999773	trials	98	s098_J210606	coCe	16	45.0	2	822.316	822.615
826.791	0.8999999999999773	trials	98	s098_J210606	grCe_grSu18Fa	11	0.0	2	827.091	827.391
827.3910000000001	0.8999999999999773	trials	98	s098_J210606	coCe	16	90.0	2	827.691	827.991
832.8420000000001	0.8999999999999773	trials	98	s098_J210606	grCe_grSu6Ne	7	45.0	2	833.142	833.441
833.442	0.8999999999999773	trials	98	s098_J210606	grCe_grSu6CiNe	15	270.0	2	833.742	834.042
838.493	0.8999999999999773	trials	98	s098_J210606	grCe_grSu3Ne	5	45.0	2	838.793	839.092
839.6930000000001	0.8999999999999773	trials	98	s098_J210606	grCe	1	0.0	2	839.993	840.292
844.5600000000001	0.8999999999999773	trials	98	s098_J210606	coCe	16	135.0	2	844.86	845.16
845.1690000000001	0.8999999999999773	trials	98	s098_J210606	grCe_grSu12Mi	9	0.0	2	845.469	845.768
848.711	0.8999999999999773	trials	98	s098_J210606	coCe_grSu6Ne	17	225.0	2	849.011	849.31
849.311	0.8999999999999773	trials	98	s098_J210606	grCe_grSu6CiNe_PS	19	90.0	2	849.611	849.91
861.5120000000001	0.8999999999999773	trials	98	s098_J210606	grCe_grSu6Ne_PS	18	90.0	2	861.812	862.112
862.1210000000001	0.8999999999999773	trials	98	s098_J210606	grCe_grSu18Fa	11	135.0	2	862.421	862.72
862.729	0.8999999999999773	trials	98	s098_J210606	grCe_grSu18Fa	11	225.0	2	863.029	863.329
867.6550000000001	0.8999999999999773	trials	98	s098_J210606	grCe_grSu12SmCiNe	13	45.0	2	867.955	868.254
868.255	0.8999999999999773	trials	98	s098_J210606	grCe_grSu3Ne	5	135.0	2	868.555	868.854
868.863	0.8999999999999773	trials	98	s098_J210606	grSu18Fa	10		2	869.163	869.463
874.081	0.8999999999999773	trials	98	s098_J210606	grCe_grSu12Mi	9	135.0	2	874.381	874.68
877.498	0.8999999999999773	trials	98	s098_J210606	grCe_grSu6Ne	7	225.0	2	877.798	878.097
878.0980000000001	0.8999999999999773	trials	98	s098_J210606	grCe_grSu1Ne	3	45.0	2	878.398	878.697
878.6980000000001	0.8999999999999773	trials	98	s098_J210606	coCe_grSu6Ne	17	315.0	2	878.998	879.297
883.3900000000001	0.8999999999999773	trials	98	s098_J210606	grCe	1	90.0	2	883.69	883.99
884.6070000000001	0.8999999999999773	trials	98	s098_J210606	grSu12Mi	8		2	884.907	885.207
889.5740000000001	0.8999999999999773	trials	98	s098_J210606	grCe_grSu6Ne	7	90.0	2	889.874	890.174
890.1740000000001	0.8999999999999773	trials	98	s098_J210606	grCe_grSu6Ne_PS	18	315.0	2	890.474	890.774
890.783	0.8999999999999773	trials	98	s098_J210606	grCe_grSu18Fa	11	90.0	2	891.083	891.382
899.442	0.8999999999999773	trials	98	s098_J210606	grCe_grSu3Ne	5	90.0	2	899.742	900.042
900.042	0.8999999999999773	trials	98	s098_J210606	coSu6Ne	20		2	900.342	900.642
900.6510000000001	0.8999999999999773	trials	98	s098_J210606	grCe_grSu18Fa	11	180.0	2	900.951	901.25
909.085	0.8999999999999773	trials	98	s098_J210606	grCe	1	225.0	2	909.385	909.685
916.361	0.8999999999999773	trials	98	s098_J210606	coCe_grSu6Ne	17	180.0	2	916.661	916.961
926.7370000000001	0.8999999999999773	trials	98	s098_J210606	grCe	1	45.0	2	927.037	927.337
930.738	0.8999999999999773	trials	98	s098_J210606	grCe_grSu6Ne	7	180.0	2	931.038	931.337
939.072	0.8999999999999773	trials	98	s098_J210606	grCe_grSu12SmCiNe	13	135.0	2	939.372	939.672
945.748	0.8999999999999773	trials	98	s098_J210606	grCe_grSu6Ne_PS	18	0.0	2	946.048	946.348
950.6070000000001	0.8999999999999773	trials	98	s098_J210606	coCe	16	270.0	2	950.907	951.207
951.216	0.8999999999999773	trials	98	s098_J210606	grCe_grSu12Mi	9	270.0	2	951.516	951.815
956.441	0.8999999999999773	trials	98	s098_J210606	grCe_grSu6CiNe	15	180.0	2	956.741	957.041
957.041	0.8999999999999773	trials	98	s098_J210606	grCe_grSu3Ne	5	0.0	2	957.341	957.641
957.6410000000001	0.8999999999999773	trials	98	s098_J210606	coCe_grSu6Ne	17	45.0	2	957.941	958.241
963.726	0.8999999999999773	trials	98	s098_J210606	grCe_grSu6CiNe	15	0.0	2	964.026	964.325
968.793	0.8999999999999773	trials	98	s098_J210606	grCe_grSu6Ne	7	315.0	2	969.093	969.392
969.393	0.8999999999999773	trials	98	s098_J210606	grCe_grSu6CiNe_PS	19	180.0	2	969.693	969.992
974.985	0.8999999999999773	trials	98	s098_J210606	NoStim	0		2	975.285	975.585
975.585	0.8999999999999773	trials	98	s098_J210606	grCe_grSu1Ne	3	135.0	2	975.885	976.185
976.1850000000001	0.8999999999999773	trials	98	s098_J210606	grCe_grSu12SmCiNe	13	270.0	2	976.485	976.785
981.2610000000001	0.8999999999999773	trials	98	s098_J210606	grSu1Ne	2		2	981.561	981.861
985.47	0.8999999999999773	trials	98	s098_J210606	grCe_grSu12Mi	9	45.0	2	985.77	986.07
986.07	0.8999999999999773	trials	98	s098_J210606	grCe	1	315.0	2	986.37	986.67
986.6700000000001	0.8999999999999773	trials	98	s098_J210606	grCe_grSu12SmCiNe	13	180.0	2	986.97	987.27
994.8710000000001	0.8999999999999773	trials	98	s098_J210606	grCe_grSu6Ne_PS	18	135.0	2	995.171	995.471
998.1880000000001	0.8999999999999773	trials	98	s098_J210606	grCe_grSu12SmCiNe	13	0.0	2	998.488	998.788
998.797	0.8999999999999773	trials	98	s098_J210606	grCe_grSu12Mi	9	90.0	2	999.097	999.396
1005.4480000000001	0.8999999999999773	trials	98	s098_J210606	grCe_grSu12SmCiNe	13	225.0	2	1005.748	1006.047
1010.34	0.8999999999999773	trials	98	s098_J210606	grCe_grSu12SmCiNe_PS	21	180.0	2	1010.64	1010.939
1010.94	0.8999999999999773	trials	98	s098_J210606	grCe_grSu3Ne	5	180.0	2	1011.24	1011.54
1011.548	0.8999999999999773	trials	98	s098_J210606	grCe_grSu18Fa	11	45.0	2	1011.848	1012.148
1016.4240000000001	0.8999999999999773	trials	98	s098_J210606	grCe_grSu12SmCiNe_PS	21	0.0	2	1016.724	1017.024
1025.692	0.8999999999998636	trials	98	s098_J210606	grCe_grSu1Ne	3	270.0	2	1025.992	1026.291
1026.2920000000001	0.8999999999998636	trials	98	s098_J210606	grCe_grSu1Ne	3	0.0	2	1026.592	1026.892
1026.892	0.8999999999998636	trials	98	s098_J210606	coCe_grSu6Ne	17	90.0	2	1027.192	1027.492
1031.818	0.8999999999998636	trials	98	s098_J210606	grCe_grSu12SmCiNe_PS	21	45.0	2	1032.118	1032.417
1032.4260000000002	0.8999999999998636	trials	98	s098_J210606	grCe_grSu18Fa	11	315.0	2	1032.726	1033.026
1033.026	0.8999999999998636	trials	98	s098_J210606	grCe_grSu6Ne_PS	18	45.0	2	1033.326	1033.626
1044.1860000000001	0.8999999999998636	trials	98	s098_J210606	grSu6CiNe	14		2	1044.486	1044.786
1044.786	0.8999999999998636	trials	98	s098_J210606	coCe	16	225.0	2	1045.086	1045.386
1051.7450000000001	0.8999999999998636	trials	98	s098_J210606	grCe_grSu6Ne_PS	18	270.0	2	1052.045	1052.345
1052.345	0.8999999999998636	trials	98	s098_J210606	coCe_grSu6Ne	17	270.0	2	1052.645	1052.945
1052.945	0.8999999999998636	trials	98	s098_J210606	grCe_grSu12SmCiNe_PS	21	90.0	2	1053.245	1053.545
1058.471	0.8999999999998636	trials	98	s098_J210606	grCe_grSu6CiNe_PS	19	45.0	2	1058.771	1059.071
1059.0710000000001	0.8999999999998636	trials	98	s098_J210606	grCe_grSu6CiNe	15	225.0	2	1059.371	1059.671
1059.846	0.8999999999998636	trials	98	s098_J210606	grCe_grSu12SmCiNe_PS	21	225.0	2	1060.146	1060.446
1068.231	0.8999999999998636	trials	98	s098_J210606	grCe_grSu12Mi	9	315.0	2	1068.531	1068.83
1068.8310000000001	0.8999999999998636	trials	98	s098_J210606	grCe_grSu12SmCiNe_PS	21	135.0	2	1069.131	1069.43
1074.732	0.8999999999998636	trials	98	s098_J210606	grCe_grSu18Fa	11	270.0	2	1075.032	1075.331
1075.332	0.8999999999998636	trials	98	s098_J210606	grCe	1	180.0	2	1075.632	1075.931
1075.932	0.8999999999998636	trials	98	s098_J210606	grCe_grSu6Ne_PS	18	180.0	2	1076.232	1076.531
1081.257	0.8999999999998636	trials	98	s098_J210606	grCe_grSu12SmCiNe_PS	21	270.0	2	1081.557	1081.857
1088.833	0.8999999999998636	trials	98	s098_J210606	grCe_grSu6Ne	7	135.0	2	1089.133	1089.433
1089.459	0.8999999999998636	trials	98	s098_J210606	grSu12SmCiNe	12		2	1089.759	1090.058
1090.059	0.8999999999998636	trials	98	s098_J210606	grSu3Ne	4		2	1090.359	1090.658
1094.9180000000001	0.8999999999998636	trials	98	s098_J210606	grCe_grSu1Ne	3	90.0	2	1095.218	1095.517
1095.518	0.8999999999998636	trials	98	s098_J210606	grCe_grSu12SmCiNe	13	90.0	2	1095.818	1096.117
1096.118	0.8999999999998636	trials	98	s098_J210606	grCe_grSu3Ne	5	270.0	2	1096.418	1096.717
1105.594	0.8999999999998636	trials	98	s098_J210606	grCe_grSu6Ne	7	270.0	2	1105.894	1106.193
1109.236	0.8999999999998636	trials	98	s098_J210606	grCe_grSu6CiNe_PS	19	270.0	2	1109.536	1109.836
1109.836	0.8999999999998636	trials	98	s098_J210606	grCe_grSu6CiNe_PS	19	225.0	2	1110.136	1110.436
1110.461	0.8999999999998636	trials	98	s098_J210606	grCe_grSu6CiNe	15	45.0	2	1110.761	1111.061
1122.338	0.8999999999998636	trials	98	s098_J210606	grCe_grSu12Mi	9	180.0	2	1122.638	1122.937
1127.38	0.8999999999998636	trials	98	s098_J210606	grCe_grSu6CiNe_PS	19	315.0	2	1127.68	1127.98
1132.3310000000001	0.8999999999998636	trials	98	s098_J210606	grCe_grSu6CiNe	15	315.0	2	1132.631	1132.93
1136.006	0.8999999999998636	trials	98	s098_J210606	grCe_grSu1Ne	3	315.0	2	1136.306	1136.606
1136.606	0.8999999999998636	trials	98	s098_J210606	grCe_grSu3Ne	5	225.0	2	1136.906	1137.206
1137.2060000000001	0.8999999999998636	trials	98	s098_J210606	grSu6Ne	6		2	1137.506	1137.806
1146.308	0.8999999999998636	trials	98	s098_J210606	grCe_grSu6CiNe	15	90.0	2	1146.608	1146.907
1146.9080000000001	0.8999999999998636	trials	98	s098_J210606	coCe	16	180.0	2	1147.208	1147.507
1147.508	0.8999999999998636	trials	98	s098_J210606	grCe_grSu12SmCiNe_PS	21	315.0	2	1147.808	1148.107
1152.617	0.8999999999998636	trials	98	s098_J210606	grCe_grSu1Ne	3	225.0	2	1152.917	1153.216
1153.217	0.8999999999998636	trials	98	s098_J210606	grCe_grSu6CiNe	15	135.0	2	1153.517	1153.816
1153.817	0.8999999999998636	trials	98	s098_J210606	grCe_grSu12SmCiNe	13	270.0	6	1154.117	1154.416
1164.893	0.8999999999998636	trials	98	s098_J210606	grCe_grSu3Ne	5	180.0	6	1165.193	1165.493
1165.493	0.8999999999998636	trials	98	s098_J210606	grCe_grSu6CiNe	15	225.0	6	1165.793	1166.093
1166.093	0.8999999999998636	trials	98	s098_J210606	grCe_grSu12SmCiNe_PS	21	135.0	6	1166.393	1166.693
1171.069	0.8999999999998636	trials	98	s098_J210606	grCe_grSu6CiNe	15	45.0	6	1171.369	1171.669
1171.669	0.8999999999998636	trials	98	s098_J210606	grCe_grSu12SmCiNe	13	315.0	6	1171.969	1172.269
1178.3120000000001	0.8999999999998636	trials	98	s098_J210606	grCe_grSu1Ne	3	45.0	6	1178.612	1178.911
1178.912	0.8999999999998636	trials	98	s098_J210606	grCe_grSu6Ne	7	45.0	6	1179.212	1179.511
1183.771	0.8999999999998636	trials	98	s098_J210606	grCe_grSu6Ne	7	270.0	6	1184.071	1184.37
1185.104	0.8999999999998636	trials	98	s098_J210606	grCe_grSu6CiNe_PS	19	225.0	6	1185.404	1185.704
1190.055	0.8999999999998636	trials	98	s098_J210606	grCe_grSu12SmCiNe	13	45.0	6	1190.355	1190.654
1197.047	0.8999999999998636	trials	98	s098_J210606	grCe_grSu6Ne	7	0.0	6	1197.347	1197.647
1198.256	0.8999999999998636	trials	98	s098_J210606	grCe_grSu12Mi	9	135.0	6	1198.556	1198.855
1203.198	0.8999999999998636	trials	98	s098_J210606	grCe_grSu6Ne_PS	18	270.0	6	1203.498	1203.798
1216.025	0.8999999999998636	trials	98	s098_J210606	grCe_grSu12SmCiNe_PS	21	270.0	6	1216.325	1216.624
1216.65	0.8999999999998636	trials	98	s098_J210606	grCe_grSu18Fa	11	315.0	6	1216.95	1217.25
1217.25	0.8999999999998636	trials	98	s098_J210606	grCe_grSu6CiNe_PS	19	135.0	6	1217.55	1217.85
1222.876	0.8999999999998636	trials	98	s098_J210606	grCe_grSu6CiNe	15	135.0	6	1223.176	1223.475
1223.476	0.8999999999998636	trials	98	s098_J210606	coCe	16	225.0	6	1223.776	1224.075
1228.452	0.8999999999998636	trials	98	s098_J210606	grCe_grSu6Ne	7	180.0	6	1228.752	1229.051
1229.66	0.8999999999998636	trials	98	s098_J210606	grCe_grSu18Fa	11	45.0	6	1229.96	1230.26
1238.294	0.8999999999998636	trials	98	s098_J210606	grCe_grSu6Ne	7	315.0	6	1238.594	1238.894
1242.42	0.8999999999998636	trials	98	s098_J210606	grCe_grSu3Ne	5	45.0	6	1242.72	1243.02
1243.045	0.8999999999998636	trials	98	s098_J210606	grCe_grSu6Ne_PS	18	225.0	6	1243.345	1243.645
1243.645	0.8999999999998636	trials	98	s098_J210606	grSu6CiNe	14		6	1243.945	1244.245
1251.8210000000001	0.8999999999998636	trials	98	s098_J210606	grCe_grSu12SmCiNe	13	0.0	6	1252.121	1252.421
1258.472	0.8999999999998636	trials	98	s098_J210606	grCe_grSu6CiNe	15	90.0	6	1258.772	1259.072
1259.122	0.8999999999998636	trials	98	s098_J210606	grCe_grSu12SmCiNe_PS	21	225.0	6	1259.422	1259.722
1259.722	0.8999999999998636	trials	98	s098_J210606	grCe_grSu6CiNe_PS	19	315.0	6	1260.022	1260.322
1264.673	0.8999999999998636	trials	98	s098_J210606	grCe_grSu6CiNe_PS	19	0.0	6	1264.973	1265.272
1265.873	0.8999999999998636	trials	98	s098_J210606	coCe	16	0.0	6	1266.173	1266.473
1270.74	0.8999999999998636	trials	98	s098_J210606	grCe_grSu12SmCiNe_PS	21	315.0	6	1271.04	1271.34
1271.349	0.8999999999998636	trials	98	s098_J210606	grCe_grSu12Mi	9	45.0	6	1271.649	1271.948
1276.924	0.8999999999998636	trials	98	s098_J210606	grCe_grSu6CiNe	15	270.0	6	1277.224	1277.524
1277.525	0.8999999999998636	trials	98	s098_J210606	grCe_grSu3Ne	5	225.0	6	1277.825	1278.124
1278.125	0.8999999999998636	trials	98	s098_J210606	grCe_grSu12SmCiNe	13	180.0	6	1278.425	1278.724
1283.325	0.8999999999998636	trials	98	s098_J210606	grCe_grSu6Ne	7	225.0	6	1283.625	1283.925
1283.925	0.8999999999998636	trials	98	s098_J210606	grCe_grSu1Ne	3	135.0	6	1284.225	1284.525
1284.525	0.8999999999998636	trials	98	s098_J210606	coCe	16	315.0	6	1284.825	1285.125
1289.509	0.8999999999998636	trials	98	s098_J210606	grSu12Mi	8		6	1289.809	1290.109
1300.694	0.8999999999998636	trials	98	s098_J210606	grCe_grSu18Fa	11	270.0	6	1300.994	1301.294
1306.17	0.8999999999998636	trials	98	s098_J210606	grCe_grSu12Mi	9	225.0	6	1306.47	1306.769
1306.778	0.8999999999998636	trials	98	s098_J210606	grCe_grSu12Mi	9	0.0	6	1307.078	1307.378
1307.3780000000002	0.8999999999998636	trials	98	s098_J210606	grCe	1	180.0	6	1307.678	1307.978
1312.337	0.8999999999998636	trials	98	s098_J210606	grCe_grSu18Fa	11	225.0	6	1312.637	1312.937
1312.9370000000001	0.8999999999998636	trials	98	s098_J210606	coCe	16	180.0	6	1313.237	1313.537
1313.538	0.8999999999998636	trials	98	s098_J210606	grCe_grSu6CiNe	15	0.0	6	1313.838	1314.137
1318.788	0.8999999999998636	trials	98	s098_J210606	coCe_grSu6Ne	17	0.0	6	1319.088	1319.388
1322.5720000000001	0.8999999999998636	trials	98	s098_J210606	grCe_grSu1Ne	3	90.0	6	1322.872	1323.172
1323.172	0.8999999999998636	trials	98	s098_J210606	grCe_grSu6Ne_PS	18	315.0	6	1323.472	1323.772
1323.781	0.8999999999998636	trials	98	s098_J210606	grSu18Fa	10		6	1324.081	1324.38
1331.848	0.8999999999998636	trials	98	s098_J210606	grCe_grSu18Fa	11	135.0	6	1332.148	1332.448
1332.448	0.8999999999998636	trials	98	s098_J210606	grCe_grSu12SmCiNe_PS	21	180.0	6	1332.748	1333.048
1341.8500000000001	0.8999999999998636	trials	98	s098_J210606	grCe_grSu12SmCiNe_PS	21	90.0	6	1342.15	1342.449
1342.45	0.8999999999998636	trials	98	s098_J210606	coCe_grSu6Ne	17	45.0	6	1342.75	1343.049
1343.05	0.8999999999998636	trials	98	s098_J210606	grCe_grSu6Ne_PS	18	90.0	6	1343.35	1343.649
1347.992	0.8999999999998636	trials	98	s098_J210606	grCe_grSu6Ne	7	90.0	6	1348.292	1348.592
1355.018	0.8999999999998636	trials	98	s098_J210606	grSu6Ne	6		6	1355.318	1355.617
1361.477	0.8999999999998636	trials	98	s098_J210606	grCe_grSu6Ne_PS	18	0.0	6	1361.777	1362.077
1362.077	0.8999999999998636	trials	98	s098_J210606	coCe	16	90.0	6	1362.377	1362.677
1362.6770000000001	0.8999999999998636	trials	98	s098_J210606	coCe_grSu6Ne	17	180.0	6	1362.977	1363.277
1367.478	0.8999999999998636	trials	98	s098_J210606	grCe	1	315.0	6	1367.778	1368.077
1368.678	0.8999999999998636	trials	98	s098_J210606	grCe_grSu6CiNe_PS	19	45.0	6	1368.978	1369.278
1374.195	0.8999999999998636	trials	98	s098_J210606	grCe_grSu3Ne	5	135.0	6	1374.495	1374.795
1374.837	0.8999999999998636	trials	98	s098_J210606	grCe_grSu6Ne	7	135.0	6	1375.137	1375.437
1379.863	0.8999999999998636	trials	98	s098_J210606	grCe_grSu12SmCiNe	13	90.0	6	1380.163	1380.462
1383.647	0.8999999999998636	trials	98	s098_J210606	grCe_grSu12SmCiNe	13	135.0	6	1383.947	1384.246
1387.522	0.8999999999998636	trials	98	s098_J210606	coCe_grSu6Ne	17	315.0	6	1387.822	1388.122
1388.122	0.8999999999998636	trials	98	s098_J210606	grCe_grSu1Ne	3	315.0	6	1388.422	1388.722
1388.722	0.8999999999998636	trials	98	s098_J210606	grCe_grSu1Ne	3	225.0	6	1389.022	1389.322
1394.165	0.8999999999998636	trials	98	s098_J210606	grSu12SmCiNe	12		6	1394.465	1394.764
1394.765	0.8999999999998636	trials	98	s098_J210606	coSu6Ne	20		6	1395.065	1395.364
1399.724	0.8999999999998636	trials	98	s098_J210606	grCe_grSu12Mi	9	90.0	6	1400.024	1400.323
1400.324	0.8999999999998636	trials	98	s098_J210606	grCe_grSu3Ne	5	315.0	6	1400.624	1400.923
1400.924	0.8999999999998636	trials	98	s098_J210606	coCe	16	270.0	6	1401.224	1401.523
1405.866	0.8999999999998636	trials	98	s098_J210606	grSu1Ne	2		6	1406.166	1406.466
1406.4660000000001	0.8999999999998636	trials	98	s098_J210606	grCe_grSu6CiNe_PS	19	270.0	6	1406.766	1407.066
1415.517	0.8999999999998636	trials	98	s098_J210606	grCe_grSu12Mi	9	315.0	6	1415.817	1416.117
1419.776	0.8999999999998636	trials	98	s098_J210606	grCe_grSu1Ne	3	180.0	6	1420.076	1420.376
1423.635	0.8999999999998636	trials	98	s098_J210606	grCe_grSu12Mi	9	180.0	6	1423.935	1424.235
1427.111	0.8999999999998636	trials	98	s098_J210606	grCe_grSu6CiNe_PS	19	180.0	6	1427.411	1427.71
1427.711	0.8999999999998636	trials	98	s098_J210606	grCe_grSu12SmCiNe_PS	21	0.0	6	1428.011	1428.31
1428.3110000000001	0.8999999999998636	trials	98	s098_J210606	grCe_grSu12SmCiNe	13	225.0	6	1428.611	1428.91
1433.5030000000002	0.8999999999998636	trials	98	s098_J210606	grCe_grSu1Ne	3	0.0	6	1433.803	1434.103
1434.103	0.8999999999998636	trials	98	s098_J210606	grCe	1	0.0	6	1434.403	1434.703
1434.703	0.8999999999998636	trials	98	s098_J210606	grCe_grSu6Ne_PS	18	135.0	6	1435.003	1435.303
1440.1870000000001	0.8999999999998636	trials	98	s098_J210606	grCe_grSu6CiNe	15	315.0	6	1440.487	1440.787
1440.804	0.8999999999998636	trials	98	s098_J210606	grCe_grSu6Ne_PS	18	45.0	6	1441.104	1441.404
1441.404	0.8999999999998636	trials	98	s098_J210606	coCe_grSu6Ne	17	135.0	6	1441.704	1442.004
1446.496	0.8999999999998636	trials	98	s098_J210606	coCe_grSu6Ne	17	90.0	6	1446.796	1447.096
1450.147	0.8999999999998636	trials	98	s098_J210606	grCe	1	45.0	6	1450.447	1450.746
1450.7640000000001	0.8999999999998636	trials	98	s098_J210606	grCe_grSu3Ne	5	90.0	6	1451.064	1451.363
1451.364	0.8999999999998636	trials	98	s098_J210606	grCe_grSu6CiNe	15	180.0	6	1451.664	1451.963
1459.231	0.8999999999998636	trials	98	s098_J210606	grSu3Ne	4		6	1459.531	1459.831
1459.832	0.8999999999998636	trials	98	s098_J210606	coCe_grSu6Ne	17	225.0	6	1460.132	1460.431
1460.432	0.8999999999998636	trials	98	s098_J210606	NoStim	0		6	1460.732	1461.031
1465.3990000000001	0.8999999999998636	trials	98	s098_J210606	grCe_grSu12SmCiNe_PS	21	45.0	6	1465.699	1465.998
1466.016	0.8999999999998636	trials	98	s098_J210606	grCe_grSu18Fa	11	180.0	6	1466.316	1466.615
1466.616	0.8999999999998636	trials	98	s098_J210606	coCe_grSu6Ne	17	270.0	6	1466.916	1467.215
1471.6000000000001	0.8999999999998636	trials	98	s098_J210606	grCe_grSu6Ne_PS	18	180.0	6	1471.9	1472.199
1472.2	0.8999999999998636	trials	98	s098_J210606	grCe	1	90.0	6	1472.5	1472.799
1472.8	0.8999999999998636	trials	98	s098_J210606	grCe	1	225.0	6	1473.1	1473.399
1478.4840000000002	0.8999999999998636	trials	98	s098_J210606	grCe_grSu3Ne	5	0.0	6	1478.784	1479.083
1479.684	0.8999999999998636	trials	98	s098_J210606	grCe_grSu6CiNe_PS	19	90.0	6	1479.984	1480.284
1491.611	0.8999999999998636	trials	98	s098_J210606	grCe	1	270.0	6	1491.911	1492.21
1492.211	0.8999999999998636	trials	98	s098_J210606	coCe	16	135.0	6	1492.511	1492.81
1492.819	0.8999999999998636	trials	98	s098_J210606	grCe_grSu12Mi	9	270.0	6	1493.119	1493.419
1497.861	0.8999999999998636	trials	98	s098_J210606	grCe_grSu3Ne	5	270.0	6	1498.161	1498.461
1498.462	0.8999999999998636	trials	98	s098_J210606	coCe	16	45.0	6	1498.762	1499.061
1499.0620000000001	0.8999999999998636	trials	98	s098_J210606	grCe_grSu1Ne	3	270.0	6	1499.362	1499.661
1503.8210000000001	0.8999999999998636	trials	98	s098_J210606	grCe_grSu18Fa	11	0.0	6	1504.121	1504.42
1504.421	0.8999999999998636	trials	98	s098_J210606	grCe	1	135.0	6	1504.721	1505.02
1505.037	0.8999999999998636	trials	98	s098_J210606	grCe_grSu18Fa	11	90.0	6	1505.337	1505.637
1510.055	0.8999999999998636	trials	98	s098_J210606	grCe_grSu1Ne	3	270.0	5	1510.355	1510.654
1516.781	0.8999999999998636	trials	98	s098_J210606	grSu1Ne	2		5	1517.081	1517.38
1517.381	0.8999999999998636	trials	98	s098_J210606	NoStim	0		5	1517.681	1517.98
1517.981	0.8999999999998636	trials	98	s098_J210606	grCe_grSu12SmCiNe	13	270.0	5	1518.281	1518.58
1522.923	0.8999999999998636	trials	98	s098_J210606	grCe_grSu12SmCiNe	13	45.0	5	1523.223	1523.523
1523.531	0.8999999999998636	trials	98	s098_J210606	grCe_grSu18Fa	11	225.0	5	1523.831	1524.131
1529.607	0.8999999999998636	trials	98	s098_J210606	grCe_grSu1Ne	3	225.0	5	1529.907	1530.207
1530.207	0.8999999999998636	trials	98	s098_J210606	grCe_grSu12SmCiNe_PS	21	225.0	5	1530.507	1530.807
1535.191	0.8999999999998636	trials	98	s098_J210606	grCe_grSu12Mi	9	0.0	5	1535.491	1535.791
1535.791	0.8999999999998636	trials	98	s098_J210606	grCe_grSu3Ne	5	315.0	5	1536.091	1536.391
1536.391	0.8999999999998636	trials	98	s098_J210606	grCe_grSu12SmCiNe_PS	21	315.0	5	1536.691	1536.991
1548.068	0.8999999999998636	trials	98	s098_J210606	coCe_grSu6Ne	17	135.0	5	1548.368	1548.667
1552.7350000000001	0.8999999999998636	trials	98	s098_J210606	grCe_grSu6CiNe_PS	19	180.0	5	1553.035	1553.335
1553.335	0.8999999999998636	trials	98	s098_J210606	grCe_grSu6Ne_PS	18	270.0	5	1553.635	1553.935
1565.47	0.8999999999998636	trials	98	s098_J210606	grCe_grSu18Fa	11	270.0	5	1565.77	1566.07
1570.988	0.8999999999998636	trials	98	s098_J210606	grCe_grSu1Ne	3	45.0	5	1571.288	1571.587
1571.596	0.8999999999998636	trials	98	s098_J210606	grCe_grSu12Mi	9	45.0	5	1571.896	1572.196
1572.1960000000001	0.8999999999998636	trials	98	s098_J210606	grCe_grSu6Ne	7	45.0	5	1572.496	1572.796
1577.063	0.8999999999998636	trials	98	s098_J210606	grCe_grSu6CiNe_PS	19	90.0	5	1577.363	1577.663
1577.663	0.8999999999998636	trials	98	s098_J210606	grCe_grSu6CiNe_PS	19	315.0	5	1577.963	1578.263
1578.2640000000001	0.8999999999998636	trials	98	s098_J210606	coCe	16	225.0	5	1578.564	1578.863
1583.289	0.8999999999998636	trials	98	s098_J210606	grCe_grSu6Ne	7	180.0	5	1583.589	1583.889
1583.8890000000001	0.8999999999998636	trials	98	s098_J210606	coCe	16	180.0	5	1584.189	1584.489
1584.489	0.8999999999998636	trials	98	s098_J210606	grCe_grSu12SmCiNe	13	180.0	5	1584.789	1585.089
1590.39	0.8999999999998636	trials	98	s098_J210606	grCe_grSu1Ne	3	180.0	5	1590.69	1590.99
1593.916	0.8999999999998636	trials	98	s098_J210606	grCe_grSu12SmCiNe	13	225.0	5	1594.216	1594.515
1594.516	0.8999999999998636	trials	98	s098_J210606	grCe_grSu6CiNe_PS	19	225.0	5	1594.816	1595.115
1595.1570000000002	0.8999999999998636	trials	98	s098_J210606	grCe_grSu12Mi	9	315.0	5	1595.457	1595.757
1600.45	0.8999999999998636	trials	98	s098_J210606	grCe_grSu6Ne_PS	18	45.0	5	1600.75	1601.049
1601.058	0.8999999999998636	trials	98	s098_J210606	grCe_grSu18Fa	11	135.0	5	1601.358	1601.658
1601.6580000000001	0.8999999999998636	trials	98	s098_J210606	grCe_grSu3Ne	5	225.0	5	1601.958	1602.258
1606.526	0.8999999999998636	trials	98	s098_J210606	grCe	1	45.0	5	1606.826	1607.125
1607.126	0.8999999999998636	trials	98	s098_J210606	grSu12Mi	8		5	1607.426	1607.725
1607.726	0.8999999999998636	trials	98	s098_J210606	grCe_grSu6Ne	7	315.0	5	1608.026	1608.325
1612.4260000000002	0.8999999999998636	trials	98	s098_J210606	coCe	16	135.0	5	1612.726	1613.026
1613.026	0.8999999999998636	trials	98	s098_J210606	grCe_grSu6Ne	7	225.0	5	1613.326	1613.626
1613.626	0.8999999999998636	trials	98	s098_J210606	grCe_grSu6CiNe_PS	19	135.0	5	1613.926	1614.226
1618.5520000000001	0.8999999999998636	trials	98	s098_J210606	coCe_grSu6Ne	17	180.0	5	1618.852	1619.152
1619.152	0.8999999999998636	trials	98	s098_J210606	coCe	16	45.0	5	1619.452	1619.752
1619.752	0.8999999999998636	trials	98	s098_J210606	coCe	16	90.0	5	1620.052	1620.352
1624.6280000000002	0.8999999999998636	trials	98	s098_J210606	coCe_grSu6Ne	17	90.0	5	1624.928	1625.227
1627.962	0.8999999999998636	trials	98	s098_J210606	grCe_grSu1Ne	3	90.0	5	1628.262	1628.561
1638.2630000000001	0.8999999999998636	trials	98	s098_J210606	grCe_grSu12SmCiNe_PS	21	90.0	5	1638.563	1638.863
1639.488	0.8999999999998636	trials	98	s098_J210606	grCe_grSu3Ne	5	45.0	5	1639.788	1640.088
1644.364	0.8999999999998636	trials	98	s098_J210606	coCe_grSu6Ne	17	0.0	5	1644.664	1644.963
1644.964	0.8999999999998636	trials	98	s098_J210606	grCe	1	270.0	5	1645.264	1645.563
1650.5230000000001	0.8999999999998636	trials	98	s098_J210606	grCe_grSu1Ne	3	315.0	5	1650.823	1651.122
1651.731	0.8999999999998636	trials	98	s098_J210606	grCe_grSu12Mi	9	90.0	5	1652.031	1652.331
1656.599	0.8999999999998636	trials	98	s098_J210606	grCe_grSu6CiNe	15	315.0	5	1656.899	1657.198
1661.449	0.8999999999998636	trials	98	s098_J210606	coCe_grSu6Ne	17	315.0	5	1661.749	1662.049
1662.049	0.8999999999998636	trials	98	s098_J210606	grCe_grSu6CiNe_PS	19	45.0	5	1662.349	1662.649
1667.058	0.8999999999998636	trials	98	s098_J210606	grCe_grSu6CiNe_PS	19	0.0	5	1667.358	1667.658
1674.901	0.8999999999998636	trials	98	s098_J210606	grCe_grSu6Ne_PS	18	135.0	5	1675.201	1675.501
1675.509	0.8999999999998636	trials	98	s098_J210606	grCe_grSu18Fa	11	180.0	5	1675.809	1676.109
1676.1100000000001	0.8999999999998636	trials	98	s098_J210606	grCe_grSu6Ne	7	135.0	5	1676.41	1676.709
1681.685	0.8999999999998636	trials	98	s098_J210606	grCe_grSu6Ne_PS	18	225.0	5	1681.985	1682.285
1682.285	0.8999999999998636	trials	98	s098_J210606	coCe	16	315.0	5	1682.585	1682.885
1690.845	0.8999999999998636	trials	98	s098_J210606	grCe	1	225.0	5	1691.145	1691.444
1691.445	0.8999999999998636	trials	98	s098_J210606	grCe_grSu6CiNe	15	0.0	5	1691.745	1692.044
1696.329	0.8999999999998636	trials	98	s098_J210606	grCe_grSu3Ne	5	90.0	5	1696.629	1696.928
1696.929	0.8999999999998636	trials	98	s098_J210606	grCe_grSu6CiNe	15	180.0	5	1697.229	1697.528
1697.529	0.8999999999998636	trials	98	s098_J210606	grCe_grSu12SmCiNe_PS	21	270.0	5	1697.829	1698.129
1702.38	0.8999999999998636	trials	98	s098_J210606	grCe_grSu12Mi	9	135.0	5	1702.68	1702.979
1702.98	0.8999999999998636	trials	98	s098_J210606	grCe_grSu6CiNe	15	135.0	5	1703.28	1703.579
1703.5800000000002	0.8999999999998636	trials	98	s098_J210606	grSu12SmCiNe	12		5	1703.88	1704.179
1708.5140000000001	0.8999999999998636	trials	98	s098_J210606	grCe_grSu6Ne	7	270.0	5	1708.814	1709.113
1709.114	0.8999999999998636	trials	98	s098_J210606	grCe	1	315.0	5	1709.414	1709.713
1709.714	0.8999999999998636	trials	98	s098_J210606	grCe_grSu6Ne	7	90.0	5	1710.014	1710.313
1715.2060000000001	0.8999999999998636	trials	98	s098_J210606	grCe_grSu12SmCiNe_PS	21	0.0	5	1715.506	1715.806
1715.806	0.8999999999998636	trials	98	s098_J210606	grCe	1	90.0	5	1716.106	1716.406
1724.299	0.8999999999998636	trials	98	s098_J210606	grCe_grSu6CiNe	15	270.0	5	1724.599	1724.899
1724.8990000000001	0.8999999999998636	trials	98	s098_J210606	coCe_grSu6Ne	17	270.0	5	1725.199	1725.499
1728.675	0.8999999999998636	trials	98	s098_J210606	grCe_grSu12SmCiNe	13	0.0	5	1728.975	1729.274
1729.275	0.8999999999998636	trials	98	s098_J210606	grSu6CiNe	14		5	1729.575	1729.874
1729.875	0.8999999999998636	trials	98	s098_J210606	grCe_grSu1Ne	3	135.0	5	1730.175	1730.474
1738.526	0.8999999999998636	trials	98	s098_J210606	coCe_grSu6Ne	17	225.0	5	1738.826	1739.126
1742.285	0.8999999999998636	trials	98	s098_J210606	grSu6Ne	6		5	1742.585	1742.884
1742.885	0.8999999999998636	trials	98	s098_J210606	coCe	16	270.0	5	1743.185	1743.484
1748.361	0.8999999999998636	trials	98	s098_J210606	grCe_grSu18Fa	11	0.0	5	1748.661	1748.96
1748.961	0.8999999999998636	trials	98	s098_J210606	grSu3Ne	4		5	1749.261	1749.56
1749.5610000000001	0.8999999999998636	trials	98	s098_J210606	grCe_grSu3Ne	5	180.0	5	1749.861	1750.16
1758.27	0.8999999999998636	trials	98	s098_J210606	grCe_grSu12SmCiNe	13	315.0	5	1758.57	1758.87
1758.8700000000001	0.8999999999998636	trials	98	s098_J210606	grCe_grSu12SmCiNe	13	90.0	5	1759.17	1759.47
1759.47	0.8999999999998636	trials	98	s098_J210606	grCe_grSu6Ne_PS	18	180.0	5	1759.77	1760.07
1764.4460000000001	0.8999999999998636	trials	98	s098_J210606	grCe_grSu12SmCiNe_PS	21	45.0	5	1764.746	1765.046
1765.654	0.8999999999998636	trials	98	s098_J210606	grCe_grSu12Mi	9	180.0	5	1765.954	1766.254
1770.838	0.8999999999998636	trials	98	s098_J210606	grCe_grSu6CiNe	15	45.0	5	1771.138	1771.438
1771.439	0.8999999999998636	trials	98	s098_J210606	grCe_grSu6CiNe_PS	19	270.0	5	1771.739	1772.038
1772.039	0.8999999999998636	trials	98	s098_J210606	grCe_grSu3Ne	5	270.0	5	1772.339	1772.638
1777.698	0.8999999999998636	trials	98	s098_J210606	grCe_grSu12Mi	9	225.0	5	1777.998	1778.297
1778.298	0.8999999999998636	trials	98	s098_J210606	grCe_grSu1Ne	3	0.0	5	1778.598	1778.897
1783.265	0.8999999999998636	trials	98	s098_J210606	grCe_grSu6Ne	7	0.0	5	1783.565	1783.865
1783.865	0.8999999999998636	trials	98	s098_J210606	grCe_grSu12SmCiNe	13	135.0	5	1784.165	1784.465
1790.2160000000001	0.8999999999998636	trials	98	s098_J210606	grCe_grSu18Fa	11	45.0	5	1790.516	1790.816
1791.416	0.8999999999998636	trials	98	s098_J210606	grCe_grSu6Ne_PS	18	315.0	5	1791.716	1792.016
1806.2930000000001	0.8999999999998636	trials	98	s098_J210606	grCe_grSu6CiNe	15	225.0	5	1806.593	1806.893
1806.893	0.8999999999998636	trials	98	s098_J210606	grCe_grSu12SmCiNe_PS	21	135.0	5	1807.193	1807.493
1807.493	0.8999999999998636	trials	98	s098_J210606	grCe_grSu12SmCiNe_PS	21	180.0	5	1807.793	1808.093
1819.545	0.8999999999998636	trials	98	s098_J210606	coSu6Ne	20		5	1819.845	1820.144
1820.145	0.8999999999998636	trials	98	s098_J210606	grCe_grSu6Ne_PS	18	0.0	5	1820.445	1820.744
1820.7450000000001	0.8999999999998636	trials	98	s098_J210606	coCe_grSu6Ne	17	45.0	5	1821.045	1821.345
1825.637	0.8999999999998636	trials	98	s098_J210606	grSu18Fa	10		5	1825.937	1826.237
1826.846	0.8999999999998636	trials	98	s098_J210606	grCe_grSu18Fa	11	315.0	5	1827.146	1827.445
1831.521	0.8999999999998636	trials	98	s098_J210606	grCe_grSu3Ne	5	0.0	5	1831.821	1832.121
1835.097	0.8999999999998636	trials	98	s098_J210606	grCe_grSu3Ne	5	135.0	5	1835.397	1835.696
1835.6970000000001	0.8999999999998636	trials	98	s098_J210606	grCe	1	0.0	5	1835.997	1836.296
1841.223	0.8999999999998636	trials	98	s098_J210606	grCe_grSu6CiNe	15	90.0	5	1841.523	1841.822
1845.448	0.8999999999998636	trials	98	s098_J210606	grCe	1	180.0	5	1845.748	1846.048
1846.057	0.8999999999998636	trials	98	s098_J210606	grCe_grSu18Fa	11	90.0	5	1846.357	1846.656
1846.6570000000002	0.8999999999998636	trials	98	s098_J210606	grCe	1	135.0	5	1846.957	1847.256
1851.5320000000002	0.8999999999998636	trials	98	s098_J210606	grCe_grSu12Mi	9	270.0	5	1851.832	1852.132
1852.132	0.8999999999998636	trials	98	s098_J210606	coCe	16	0.0	5	1852.432	1852.732
1860.892	0.8999999999998636	trials	98	s098_J210606	grCe_grSu6Ne_PS	18	90.0	5	1861.192	1861.491
1861.492	0.8999999999998636	trials	98	s098_J210606	grCe	1	0.0	9	1861.792	1862.091
1862.175	0.8999999999998636	trials	98	s098_J210606	grSu12SmCiNe	12		9	1862.475	1862.775
1874.752	0.8999999999998636	trials	98	s098_J210606	grSu1Ne	2		9	1875.052	1875.352
1875.352	0.8999999999998636	trials	98	s098_J210606	coCe	16	135.0	9	1875.652	1875.952
1875.952	0.8999999999998636	trials	98	s098_J210606	grCe_grSu3Ne	5	270.0	9	1876.252	1876.552
1880.919	0.8999999999998636	trials	98	s098_J210606	grCe_grSu12Mi	9	315.0	9	1881.219	1881.519
1881.52	0.8999999999998636	trials	98	s098_J210606	coCe	16	315.0	9	1881.82	1882.119
1882.1200000000001	0.8999999999998636	trials	98	s098_J210606	grSu6Ne	6		9	1882.42	1882.719
1887.054	0.8999999999998636	trials	98	s098_J210606	grCe_grSu6CiNe	15	90.0	9	1887.354	1887.653
1887.654	0.8999999999998636	trials	98	s098_J210606	coCe	16	0.0	9	1887.954	1888.253
1891.212	0.8999999999998636	trials	98	s098_J210606	grCe_grSu12SmCiNe	13	135.0	9	1891.512	1891.812
1892.421	0.8999999999998636	trials	98	s098_J210606	grCe_grSu18Fa	11	180.0	9	1892.721	1893.02
1897.53	0.8999999999998636	trials	98	s098_J210606	grSu6CiNe	14		9	1897.83	1898.129
1898.13	0.8999999999998636	trials	98	s098_J210606	grCe_grSu12SmCiNe_PS	21	180.0	9	1898.43	1898.73
1898.73	0.8999999999998636	trials	98	s098_J210606	grCe_grSu6Ne_PS	18	225.0	9	1899.03	1899.33
1904.214	0.8999999999998636	trials	98	s098_J210606	grCe_grSu3Ne	5	135.0	9	1904.514	1904.814
1904.823	0.8999999999998636	trials	98	s098_J210606	grCe_grSu18Fa	11	135.0	9	1905.123	1905.422
1905.423	0.8999999999998636	trials	98	s098_J210606	grSu3Ne	4		9	1905.723	1906.022
1913.057	0.8999999999998636	trials	98	s098_J210606	grCe_grSu6CiNe_PS	19	180.0	9	1913.357	1913.656
1913.6570000000002	0.8999999999998636	trials	98	s098_J210606	coCe_grSu6Ne	17	0.0	9	1913.957	1914.257
1914.257	0.8999999999998636	trials	98	s098_J210606	grCe_grSu6Ne	7	135.0	9	1914.557	1914.857
1919.833	0.8999999999998636	trials	98	s098_J210606	grCe_grSu12SmCiNe	13	270.0	9	1920.133	1920.432
1920.441	0.8999999999998636	trials	98	s098_J210606	grCe_grSu18Fa	11	315.0	9	1920.741	1921.041
1921.041	0.8999999999998636	trials	98	s098_J210606	grCe_grSu6Ne_PS	18	315.0	9	1921.341	1921.641
1926.0420000000001	0.8999999999998636	trials	98	s098_J210606	grCe_grSu12SmCiNe_PS	21	135.0	9	1926.342	1926.641
1926.642	0.8999999999998636	trials	98	s098_J210606	grCe_grSu6CiNe	15	0.0	9	1926.942	1927.242
1927.25	0.8999999999998636	trials	98	s098_J210606	grCe_grSu18Fa	11	0.0	9	1927.55	1927.85
1938.327	0.8999999999998636	trials	98	s098_J210606	grCe_grSu6Ne	7	0.0	9	1938.627	1938.926
1938.935	0.8999999999998636	trials	98	s098_J210606	grCe_grSu18Fa	11	45.0	9	1939.235	1939.535
1939.535	0.8999999999998636	trials	98	s098_J210606	grCe	1	270.0	9	1939.835	1940.135
1945.144	0.8999999999998636	trials	98	s098_J210606	grCe_grSu6CiNe_PS	19	45.0	9	1945.444	1945.744
1951.32	0.8999999999998636	trials	98	s098_J210606	grCe_grSu6CiNe_PS	19	0.0	9	1951.62	1951.92
1951.92	0.8999999999998636	trials	98	s098_J210606	grCe_grSu6Ne_PS	18	180.0	9	1952.22	1952.52
1956.846	0.8999999999998636	trials	98	s098_J210606	coCe	16	45.0	9	1957.146	1957.445
1957.4460000000001	0.8999999999998636	trials	98	s098_J210606	grCe_grSu6CiNe	15	180.0	9	1957.746	1958.046
1958.046	0.8999999999998636	trials	98	s098_J210606	grCe_grSu1Ne	3	0.0	9	1958.346	1958.646
1962.855	0.8999999999998636	trials	98	s098_J210606	coCe	16	90.0	9	1963.155	1963.455
1964.055	0.8999999999998636	trials	98	s098_J210606	grSu12Mi	8		9	1964.355	1964.655
1968.998	0.8999999999998636	trials	98	s098_J210606	grCe_grSu3Ne	5	45.0	9	1969.298	1969.597
1969.598	0.8999999999998636	trials	98	s098_J210606	grCe_grSu12SmCiNe_PS	21	0.0	9	1969.898	1970.197
1970.198	0.8999999999998636	trials	98	s098_J210606	grCe_grSu6Ne	7	225.0	9	1970.498	1970.797
1978.6570000000002	0.8999999999998636	trials	98	s098_J210606	grCe	1	90.0	9	1978.957	1979.257
1982.541	0.8999999999998636	trials	98	s098_J210606	grCe_grSu1Ne	3	135.0	9	1982.841	1983.14
1990.2	0.8999999999998636	trials	98	s098_J210606	grCe_grSu3Ne	5	180.0	9	1990.5	1990.8
1990.8	0.8999999999998636	trials	98	s098_J210606	grCe_grSu6Ne	7	90.0	9	1991.1	1991.4
1991.5	0.8999999999998636	trials	98	s098_J210606	grCe_grSu6CiNe	15	270.0	9	1991.8	1992.1
1999.51	0.8999999999998636	trials	98	s098_J210606	grCe_grSu6Ne	7	180.0	9	1999.81	2000.109
2000.118	0.8999999999998636	trials	98	s098_J210606	grCe_grSu12Mi	9	135.0	9	2000.418	2000.718
2000.893	0.8999999999998636	trials	98	s098_J210606	NoStim	0		9	2001.193	2001.493
2009.2440000000001	0.8999999999998636	trials	98	s098_J210606	grCe_grSu6CiNe_PS	19	270.0	9	2009.544	2009.844
2009.8780000000002	0.8999999999998636	trials	98	s098_J210606	coCe_grSu6Ne	17	270.0	9	2010.178	2010.477
2015.404	0.8999999999998636	trials	98	s098_J210606	grCe_grSu3Ne	5	225.0	9	2015.704	2016.003
2016.604	0.8999999999998636	trials	98	s098_J210606	grCe	1	180.0	9	2016.904	2017.203
2029.13	0.8999999999998636	trials	98	s098_J210606	grCe_grSu1Ne	3	45.0	9	2029.43	2029.73
2029.73	0.8999999999998636	trials	98	s098_J210606	grCe_grSu12SmCiNe	13	90.0	9	2030.03	2030.33
2030.3300000000002	0.8999999999998636	trials	98	s098_J210606	grCe_grSu12SmCiNe_PS	21	270.0	9	2030.63	2030.93
2035.2640000000001	0.8999999999998636	trials	98	s098_J210606	grCe	1	315.0	9	2035.564	2035.864
2035.865	0.8999999999998636	trials	98	s098_J210606	grCe_grSu3Ne	5	315.0	9	2036.165	2036.464
2036.4650000000001	0.8999999999998636	trials	98	s098_J210606	grCe_grSu6CiNe	15	225.0	9	2036.765	2037.064
2041.4650000000001	0.8999999999998636	trials	98	s098_J210606	grCe_grSu1Ne	3	225.0	9	2041.765	2042.065
2042.074	0.8999999999998636	trials	98	s098_J210606	grCe_grSu18Fa	11	270.0	9	2042.374	2042.673
2042.682	0.8999999999998636	trials	98	s098_J210606	grCe_grSu12Mi	9	180.0	9	2042.982	2043.282
2047.7079999999999	0.8999999999998636	trials	98	s098_J210606	grCe_grSu12SmCiNe	13	180.0	9	2048.008	2048.307
2048.308	0.900000000000091	trials	98	s098_J210606	grCe_grSu6Ne	7	45.0	9	2048.608	2048.907
2048.908	0.900000000000091	trials	98	s098_J210606	grCe_grSu12SmCiNe	13	45.0	9	2049.208	2049.507
2053.7169999999996	0.900000000000091	trials	98	s098_J210606	grCe_grSu12SmCiNe	13	315.0	9	2054.017	2054.316
2064.027	0.900000000000091	trials	98	s098_J210606	grCe_grSu1Ne	3	90.0	9	2064.327	2064.626
2064.627	0.900000000000091	trials	98	s098_J210606	coCe	16	180.0	9	2064.927	2065.226
2068.3849999999998	0.900000000000091	trials	98	s098_J210606	grCe_grSu6Ne	7	270.0	9	2068.685	2068.985
2068.9939999999997	0.900000000000091	trials	98	s098_J210606	grCe_grSu12Mi	9	270.0	9	2069.294	2069.593
2069.5939999999996	0.900000000000091	trials	98	s098_J210606	grCe_grSu12SmCiNe_PS	21	45.0	9	2069.894	2070.193
2074.611	0.900000000000091	trials	98	s098_J210606	grCe_grSu6CiNe	15	135.0	9	2074.911	2075.211
2075.8109999999997	0.900000000000091	trials	98	s098_J210606	grCe_grSu12SmCiNe	13	225.0	9	2076.111	2076.411
2081.8619999999996	0.900000000000091	trials	98	s098_J210606	coCe_grSu6Ne	17	135.0	9	2082.162	2082.462
2090.788	0.900000000000091	trials	98	s098_J210606	grCe_grSu6CiNe	15	45.0	9	2091.088	2091.388
2091.388	0.900000000000091	trials	98	s098_J210606	grCe_grSu12SmCiNe_PS	21	225.0	9	2091.688	2091.988
2097.172	0.900000000000091	trials	98	s098_J210606	grCe	1	135.0	9	2097.472	2097.772
2097.781	0.900000000000091	trials	98	s098_J210606	grCe_grSu12Mi	9	225.0	9	2098.081	2098.38
2103.3399999999997	0.900000000000091	trials	98	s098_J210606	grCe_grSu1Ne	3	315.0	9	2103.64	2103.939
2116.5919999999996	0.900000000000091	trials	98	s098_J210606	coCe_grSu6Ne	17	180.0	9	2116.892	2117.191
2120.951	0.900000000000091	trials	98	s098_J210606	grCe_grSu6CiNe_PS	19	315.0	9	2121.251	2121.55
2121.551	0.900000000000091	trials	98	s098_J210606	grCe_grSu3Ne	5	0.0	9	2121.851	2122.15
2126.535	0.900000000000091	trials	98	s098_J210606	grCe_grSu18Fa	11	90.0	9	2126.835	2127.134
2127.1349999999998	0.900000000000091	trials	98	s098_J210606	grCe_grSu6CiNe	15	315.0	9	2127.435	2127.734
2127.7349999999997	0.900000000000091	trials	98	s098_J210606	coCe	16	270.0	9	2128.035	2128.334
2132.669	0.900000000000091	trials	98	s098_J210606	grCe_grSu12Mi	9	0.0	9	2132.969	2133.268
2136.403	0.900000000000091	trials	98	s098_J210606	grCe_grSu6Ne	7	315.0	9	2136.703	2137.002
2137.011	0.900000000000091	trials	98	s098_J210606	grSu18Fa	10		9	2137.311	2137.611
2137.611	0.900000000000091	trials	98	s098_J210606	coCe_grSu6Ne	17	225.0	9	2137.911	2138.211
2142.87	0.900000000000091	trials	98	s098_J210606	grCe_grSu1Ne	3	180.0	9	2143.17	2143.47
2143.47	0.900000000000091	trials	98	s098_J210606	grCe	1	45.0	9	2143.77	2144.07
2144.0699999999997	0.900000000000091	trials	98	s098_J210606	coCe_grSu6Ne	17	315.0	9	2144.37	2144.67
2149.163	0.900000000000091	trials	98	s098_J210606	coSu6Ne	20		9	2149.463	2149.762
2156.413	0.900000000000091	trials	98	s098_J210606	grCe_grSu12SmCiNe_PS	21	315.0	9	2156.713	2157.013
2157.0139999999997	0.900000000000091	trials	98	s098_J210606	grCe_grSu6CiNe_PS	19	135.0	9	2157.314	2157.613
2165.04	0.900000000000091	trials	98	s098_J210606	coCe	16	225.0	9	2165.34	2165.639
2165.64	0.900000000000091	trials	98	s098_J210606	grCe	1	225.0	9	2165.94	2166.239
2171.374	0.900000000000091	trials	98	s098_J210606	grCe_grSu6Ne_PS	18	270.0	9	2171.674	2171.973
2174.9739999999997	0.900000000000091	trials	98	s098_J210606	coCe_grSu6Ne	17	45.0	9	2175.274	2175.574
2175.5739999999996	0.900000000000091	trials	98	s098_J210606	grCe_grSu6Ne_PS	18	90.0	9	2175.874	2176.174
2179.0249999999996	0.900000000000091	trials	98	s098_J210606	grCe_grSu12SmCiNe	13	0.0	9	2179.325	2179.624
2179.633	0.900000000000091	trials	98	s098_J210606	grCe_grSu12Mi	9	45.0	9	2179.933	2180.233
2180.2329999999997	0.900000000000091	trials	98	s098_J210606	grCe_grSu1Ne	3	270.0	9	2180.533	2180.833
2185.234	0.900000000000091	trials	98	s098_J210606	grCe_grSu6CiNe_PS	19	90.0	9	2185.534	2185.833
2185.834	0.900000000000091	trials	98	s098_J210606	grCe_grSu6Ne_PS	18	45.0	9	2186.134	2186.434
2186.4339999999997	0.900000000000091	trials	98	s098_J210606	grCe_grSu6CiNe_PS	19	225.0	9	2186.734	2187.034
2197.794	0.900000000000091	trials	98	s098_J210606	grCe_grSu6Ne_PS	18	135.0	9	2198.094	2198.393
2198.394	0.900000000000091	trials	98	s098_J210606	coCe_grSu6Ne	17	90.0	9	2198.694	2198.993
2198.9939999999997	0.900000000000091	trials	98	s098_J210606	grCe_grSu3Ne	5	90.0	9	2199.294	2199.594
2204.52	0.900000000000091	trials	98	s098_J210606	grCe_grSu12SmCiNe_PS	21	90.0	9	2204.82	2205.119
2205.1279999999997	0.900000000000091	trials	98	s098_J210606	grCe_grSu12Mi	9	90.0	9	2205.428	2205.728
2213.2039999999997	0.900000000000091	trials	98	s098_J210606	grCe_grSu6Ne_PS	18	0.0	9	2213.504	2213.804
2217.013	0.900000000000091	trials	98	s098_J210606	grCe_grSu18Fa	11	225.0	9	2217.313	2217.613
2223.397	0.900000000000091	trials	98	s098_J210606	grCe_grSu6Ne	7	90.0	4	2223.697	2223.997
2227.1639999999998	0.900000000000091	trials	98	s098_J210606	grCe_grSu1Ne	3	225.0	4	2227.464	2227.764
2231.1479999999997	0.900000000000091	trials	98	s098_J210606	coCe	16	45.0	4	2231.448	2231.748
2231.765	0.900000000000091	trials	98	s098_J210606	coCe	16	180.0	4	2232.065	2232.364
2232.365	0.900000000000091	trials	98	s098_J210606	grCe_grSu6CiNe_PS	19	225.0	4	2232.665	2232.965
2237.2909999999997	0.900000000000091	trials	98	s098_J210606	grCe_grSu12SmCiNe	13	135.0	4	2237.591	2237.89
2237.8909999999996	0.900000000000091	trials	98	s098_J210606	grCe_grSu6CiNe_PS	19	135.0	4	2238.191	2238.49
2238.491	0.900000000000091	trials	98	s098_J210606	grCe_grSu6CiNe	15	135.0	4	2238.791	2239.09
2243.991	0.900000000000091	trials	98	s098_J210606	grCe_grSu18Fa	11	180.0	4	2244.291	2244.591
2244.5919999999996	0.900000000000091	trials	98	s098_J210606	grCe_grSu1Ne	3	180.0	4	2244.892	2245.191
2245.192	0.900000000000091	trials	98	s098_J210606	coCe_grSu6Ne	17	0.0	4	2245.492	2245.791
2250.0919999999996	0.900000000000091	trials	98	s098_J210606	grCe	1	270.0	4	2250.392	2250.692
2250.692	0.900000000000091	trials	98	s098_J210606	grCe_grSu6CiNe	15	225.0	4	2250.992	2251.292
2251.292	0.900000000000091	trials	98	s098_J210606	coSu6Ne	20		4	2251.592	2251.892
2256.585	0.900000000000091	trials	98	s098_J210606	grCe_grSu6Ne	7	225.0	4	2256.885	2257.184
2257.185	0.900000000000091	trials	98	s098_J210606	grCe_grSu12SmCiNe	13	0.0	4	2257.485	2257.784
2262.0609999999997	0.900000000000091	trials	98	s098_J210606	coCe_grSu6Ne	17	180.0	4	2262.361	2262.66
2262.6609999999996	0.900000000000091	trials	98	s098_J210606	grCe_grSu1Ne	3	45.0	4	2262.961	2263.26
2263.261	0.900000000000091	trials	98	s098_J210606	coCe	16	90.0	4	2263.561	2263.86
2275.7369999999996	0.900000000000091	trials	98	s098_J210606	grCe_grSu1Ne	3	270.0	4	2276.037	2276.337
2279.471	0.900000000000091	trials	98	s098_J210606	grCe_grSu12SmCiNe	13	270.0	4	2279.771	2280.071
2280.071	0.900000000000091	trials	98	s098_J210606	grCe_grSu6CiNe_PS	19	315.0	4	2280.371	2280.671
2280.68	0.900000000000091	trials	98	s098_J210606	grCe_grSu12Mi	9	45.0	4	2280.98	2281.279
2285.614	0.900000000000091	trials	98	s098_J210606	grCe_grSu1Ne	3	135.0	4	2285.914	2286.213
2286.214	0.900000000000091	trials	98	s098_J210606	grCe_grSu3Ne	5	270.0	4	2286.514	2286.813
2286.8219999999997	0.900000000000091	trials	98	s098_J210606	grCe_grSu18Fa	11	0.0	4	2287.122	2287.422
2295.031	0.900000000000091	trials	98	s098_J210606	grCe_grSu12SmCiNe	13	225.0	4	2295.331	2295.631
2295.6569999999997	0.900000000000091	trials	98	s098_J210606	grCe	1	225.0	4	2295.957	2296.256
2296.2569999999996	0.900000000000091	trials	98	s098_J210606	grCe_grSu3Ne	5	180.0	4	2296.557	2296.856
2301.424	0.900000000000091	trials	98	s098_J210606	grCe_grSu12SmCiNe	13	315.0	4	2301.724	2302.023
2302.057	0.900000000000091	trials	98	s098_J210606	grCe_grSu3Ne	5	315.0	4	2302.357	2302.657
2302.6569999999997	0.900000000000091	trials	98	s098_J210606	grCe_grSu12SmCiNe_PS	21	90.0	4	2302.957	2303.257
2307.5409999999997	0.900000000000091	trials	98	s098_J210606	grCe_grSu12SmCiNe	13	180.0	4	2307.841	2308.141
2308.1409999999996	0.900000000000091	trials	98	s098_J210606	grCe_grSu1Ne	3	90.0	4	2308.441	2308.741
2308.7419999999997	0.900000000000091	trials	98	s098_J210606	grSu6Ne	6		4	2309.042	2309.341
2313.634	0.900000000000091	trials	98	s098_J210606	grCe_grSu6Ne_PS	18	0.0	4	2313.934	2314.233
2314.834	0.900000000000091	trials	98	s098_J210606	grCe_grSu12SmCiNe_PS	21	315.0	4	2315.134	2315.434
2319.901	0.900000000000091	trials	98	s098_J210606	grCe_grSu18Fa	11	270.0	4	2320.201	2320.501
2333.328	0.900000000000091	trials	98	s098_J210606	grCe_grSu6CiNe_PS	19	270.0	4	2333.628	2333.928
2347.647	0.900000000000091	trials	98	s098_J210606	grCe	1	135.0	4	2347.947	2348.246
2348.247	0.900000000000091	trials	98	s098_J210606	coCe	16	225.0	4	2348.547	2348.846
2354.2889999999998	0.900000000000091	trials	98	s098_J210606	grCe_grSu3Ne	5	135.0	4	2354.589	2354.889
2354.8889999999997	0.900000000000091	trials	98	s098_J210606	grCe_grSu6CiNe_PS	19	180.0	4	2355.189	2355.489
2359.8819999999996	0.900000000000091	trials	98	s098_J210606	coCe_grSu6Ne	17	90.0	4	2360.182	2360.481
2363.174	0.900000000000091	trials	98	s098_J210606	grSu12Mi	8		4	2363.474	2363.773
2369.774	0.900000000000091	trials	98	s098_J210606	grCe_grSu3Ne	5	225.0	4	2370.074	2370.374
2370.383	0.900000000000091	trials	98	s098_J210606	grCe_grSu12Mi	9	0.0	4	2370.683	2370.982
2371.0	0.900000000000091	trials	98	s098_J210606	grCe_grSu6CiNe	15	270.0	4	2371.3	2371.599
2376.259	0.900000000000091	trials	98	s098_J210606	grCe_grSu6Ne_PS	18	180.0	4	2376.559	2376.858
2376.859	0.900000000000091	trials	98	s098_J210606	coCe	16	315.0	4	2377.159	2377.458
2393.511	0.900000000000091	trials	98	s098_J210606	grCe_grSu12Mi	9	315.0	4	2393.811	2394.11
2394.111	0.900000000000091	trials	98	s098_J210606	grCe_grSu3Ne	5	45.0	4	2394.411	2394.71
2394.828	0.900000000000091	trials	98	s098_J210606	grCe_grSu6Ne	7	45.0	4	2395.128	2395.427
2399.787	0.900000000000091	trials	98	s098_J210606	grCe_grSu12SmCiNe_PS	21	0.0	4	2400.087	2400.386
2400.3869999999997	0.900000000000091	trials	98	s098_J210606	coCe_grSu6Ne	17	225.0	4	2400.687	2400.986
2413.238	0.900000000000091	trials	98	s098_J210606	grCe_grSu3Ne	5	0.0	4	2413.538	2413.838
2419.256	0.900000000000091	trials	98	s098_J210606	coCe	16	135.0	4	2419.556	2419.855
2419.8559999999998	0.900000000000091	trials	98	s098_J210606	grCe	1	0.0	4	2420.156	2420.456
2420.614	0.900000000000091	trials	98	s098_J210606	grCe_grSu6CiNe	15	0.0	4	2420.914	2421.214
2426.2149999999997	0.900000000000091	trials	98	s098_J210606	grCe_grSu12SmCiNe	13	45.0	4	2426.515	2426.815
2426.8149999999996	0.900000000000091	trials	98	s098_J210606	grCe_grSu6CiNe_PS	19	0.0	4	2427.115	2427.415
2435.683	0.900000000000091	trials	98	s098_J210606	grCe	1	315.0	4	2435.983	2436.283
2436.283	0.900000000000091	trials	98	s098_J210606	grSu3Ne	4		4	2436.583	2436.883
2441.459	0.900000000000091	trials	98	s098_J210606	grCe_grSu6Ne_PS	18	225.0	4	2441.759	2442.058
2442.0589999999997	0.900000000000091	trials	98	s098_J210606	grCe	1	180.0	4	2442.359	2442.658
2442.6589999999997	0.900000000000091	trials	98	s098_J210606	grCe_grSu6CiNe	15	45.0	4	2442.959	2443.258
2448.1349999999998	0.900000000000091	trials	98	s098_J210606	grCe_grSu18Fa	11	135.0	4	2448.435	2448.734
2448.7349999999997	0.900000000000091	trials	98	s098_J210606	grCe_grSu12SmCiNe	13	90.0	4	2449.035	2449.334
2453.544	0.900000000000091	trials	98	s098_J210606	grCe_grSu12Mi	9	135.0	4	2453.844	2454.143
2454.144	0.900000000000091	trials	98	s098_J210606	grCe_grSu12SmCiNe_PS	21	180.0	4	2454.444	2454.743
2461.0359999999996	0.900000000000091	trials	98	s098_J210606	coCe_grSu6Ne	17	45.0	4	2461.336	2461.636
2462.236	0.900000000000091	trials	98	s098_J210606	grCe_grSu6CiNe_PS	19	90.0	4	2462.536	2462.836
2467.104	0.900000000000091	trials	98	s098_J210606	grCe_grSu6Ne	7	180.0	4	2467.404	2467.703
2471.2459999999996	0.900000000000091	trials	98	s098_J210606	grCe_grSu3Ne	5	90.0	4	2471.546	2471.845
2471.854	0.900000000000091	trials	98	s098_J210606	grCe_grSu18Fa	11	315.0	4	2472.154	2472.454
2472.4539999999997	0.900000000000091	trials	98	s098_J210606	grCe_grSu6Ne_PS	18	45.0	4	2472.754	2473.054
2477.5299999999997	0.900000000000091	trials	98	s098_J210606	grCe_grSu12Mi	9	225.0	4	2477.83	2478.13
2478.1299999999997	0.900000000000091	trials	98	s098_J210606	NoStim	0		4	2478.43	2478.73
2500.2329999999997	0.900000000000091	trials	98	s098_J210606	coCe	16	270.0	4	2500.533	2500.833
2501.433	0.900000000000091	trials	98	s098_J210606	grSu6CiNe	14		4	2501.733	2502.033
2506.442	0.900000000000091	trials	98	s098_J210606	coCe	16	0.0	4	2506.742	2507.042
2507.042	0.900000000000091	trials	98	s098_J210606	grCe	1	90.0	4	2507.342	2507.642
2507.642	0.900000000000091	trials	98	s098_J210606	grCe_grSu6CiNe	15	315.0	4	2507.942	2508.242
2515.777	0.900000000000091	trials	98	s098_J210606	grSu1Ne	2		4	2516.077	2516.376
2516.377	0.900000000000091	trials	98	s098_J210606	grCe_grSu6Ne_PS	18	270.0	4	2516.677	2516.976
2516.977	0.900000000000091	trials	98	s098_J210606	grCe_grSu6Ne	7	0.0	4	2517.277	2517.576
2521.9689999999996	0.900000000000091	trials	98	s098_J210606	grCe_grSu12Mi	9	270.0	4	2522.269	2522.569
2526.1699999999996	0.900000000000091	trials	98	s098_J210606	grSu18Fa	10		4	2526.47	2526.769
2526.778	0.900000000000091	trials	98	s098_J210606	grCe_grSu18Fa	11	225.0	4	2527.078	2527.378
2534.863	0.900000000000091	trials	98	s098_J210606	grCe_grSu12SmCiNe_PS	21	225.0	4	2535.163	2535.462
2535.4629999999997	0.900000000000091	trials	98	s098_J210606	grCe_grSu6CiNe_PS	19	45.0	4	2535.763	2536.062
2541.0719999999997	0.900000000000091	trials	98	s098_J210606	grCe_grSu1Ne	3	0.0	4	2541.372	2541.671
2548.2309999999998	0.900000000000091	trials	98	s098_J210606	coCe_grSu6Ne	17	270.0	4	2548.531	2548.83
2548.8309999999997	0.900000000000091	trials	98	s098_J210606	grCe_grSu6Ne_PS	18	90.0	4	2549.131	2549.431
2549.431	0.900000000000091	trials	98	s098_J210606	grCe_grSu6Ne	7	270.0	4	2549.731	2550.031
2554.29	0.900000000000091	trials	98	s098_J210606	grCe_grSu12SmCiNe_PS	21	135.0	4	2554.59	2554.89
2554.89	0.900000000000091	trials	98	s098_J210606	grCe_grSu6Ne_PS	18	315.0	4	2555.19	2555.49
2555.499	0.900000000000091	trials	98	s098_J210606	grCe_grSu12Mi	9	180.0	4	2555.799	2556.098
2560.399	0.900000000000091	trials	98	s098_J210606	grCe_grSu6Ne	7	135.0	4	2560.699	2560.999
2561.008	0.900000000000091	trials	98	s098_J210606	grCe_grSu12Mi	9	90.0	4	2561.308	2561.607
2561.6079999999997	0.900000000000091	trials	98	s098_J210606	grSu12SmCiNe	12		4	2561.908	2562.207
2566.433	0.900000000000091	trials	98	s098_J210606	grCe_grSu6Ne	7	315.0	4	2566.733	2567.033
2567.042	0.900000000000091	trials	98	s098_J210606	grCe_grSu18Fa	11	90.0	4	2567.342	2567.641
2567.642	0.900000000000091	trials	98	s098_J210606	grCe_grSu6CiNe	15	180.0	4	2567.942	2568.241
2572.451	0.900000000000091	trials	98	s098_J210606	grCe_grSu12SmCiNe_PS	21	270.0	4	2572.751	2573.05
2573.051	0.900000000000091	trials	98	s098_J210606	grCe_grSu1Ne	3	315.0	4	2573.351	2573.65
2573.651	0.900000000000091	trials	98	s098_J210606	grCe_grSu12SmCiNe_PS	21	45.0	4	2573.951	2574.25
2578.502	0.900000000000091	trials	98	s098_J210606	grCe_grSu18Fa	11	45.0	4	2578.802	2579.101
2579.102	0.900000000000091	trials	98	s098_J210606	coCe_grSu6Ne	17	135.0	4	2579.402	2579.701
2595.312	0.900000000000091	trials	98	s098_J210606	grCe_grSu6CiNe	15	90.0	4	2595.612	2595.912
2595.912	0.900000000000091	trials	98	s098_J210606	grCe	1	45.0	4	2596.212	2596.512
2604.4629999999997	0.900000000000091	trials	98	s098_J210606	coCe_grSu6Ne	17	315.0	4	2604.763	2605.063
2608.839	0.900000000000091	trials	98	s098_J210606	grCe_grSu6Ne_PS	18	135.0	4	2609.139	2609.438
2614.056	0.900000000000091	trials	98	s098_J210606	grCe_grSu12Mi	9	225.0	3	2614.356	2614.656
2614.656	0.900000000000091	trials	98	s098_J210606	grCe_grSu12SmCiNe_PS	21	180.0	3	2614.956	2615.256
2615.265	0.900000000000091	trials	98	s098_J210606	grCe_grSu18Fa	11	135.0	3	2615.565	2615.864
2620.74	0.900000000000091	trials	98	s098_J210606	grCe_grSu6Ne_PS	18	0.0	3	2621.04	2621.34
2621.3399999999997	0.900000000000091	trials	98	s098_J210606	grCe_grSu6Ne_PS	18	90.0	3	2621.64	2621.94
2629.408	0.900000000000091	trials	98	s098_J210606	coCe	16	270.0	3	2629.708	2630.008
2632.7999999999997	0.900000000000091	trials	98	s098_J210606	grCe_grSu12Mi	9	315.0	3	2633.1	2633.4
2642.6769999999997	0.900000000000091	trials	98	s098_J210606	grCe_grSu12SmCiNe	13	135.0	3	2642.977	2643.276
2643.285	0.900000000000091	trials	98	s098_J210606	grCe_grSu12Mi	9	180.0	3	2643.585	2643.884
2648.944	0.900000000000091	trials	98	s098_J210606	grSu1Ne	2		3	2649.244	2649.544
2649.544	0.900000000000091	trials	98	s098_J210606	grCe_grSu12SmCiNe	13	225.0	3	2649.844	2650.144
2655.912	0.900000000000091	trials	98	s098_J210606	grCe_grSu18Fa	11	225.0	3	2656.212	2656.511
2656.5119999999997	0.900000000000091	trials	98	s098_J210606	grCe_grSu6CiNe_PS	19	225.0	3	2656.812	2657.111
2661.662	0.900000000000091	trials	98	s098_J210606	grCe_grSu6CiNe_PS	19	135.0	3	2661.962	2662.262
2665.3709999999996	0.900000000000091	trials	98	s098_J210606	grCe_grSu12Mi	9	270.0	3	2665.671	2665.971
2665.98	0.900000000000091	trials	98	s098_J210606	grCe_grSu18Fa	11	180.0	3	2666.28	2666.579
2666.58	0.900000000000091	trials	98	s098_J210606	grCe_grSu12SmCiNe_PS	21	45.0	3	2666.88	2667.179
2674.931	0.900000000000091	trials	98	s098_J210606	grCe_grSu3Ne	5	0.0	3	2675.231	2675.53
2675.531	0.900000000000091	trials	98	s098_J210606	grCe_grSu3Ne	5	315.0	3	2675.831	2676.13
2680.9559999999997	0.900000000000091	trials	98	s098_J210606	grCe_grSu6CiNe_PS	19	270.0	3	2681.256	2681.556
2681.557	0.900000000000091	trials	98	s098_J210606	grCe_grSu6Ne	7	270.0	3	2681.857	2682.156
2682.1569999999997	0.900000000000091	trials	98	s098_J210606	grCe_grSu12SmCiNe_PS	21	90.0	3	2682.457	2682.756
2687.116	0.900000000000091	trials	98	s098_J210606	grCe_grSu6Ne	7	90.0	3	2687.416	2687.715
2687.716	0.900000000000091	trials	98	s098_J210606	grCe_grSu3Ne	5	180.0	3	2688.016	2688.315
2693.2659999999996	0.900000000000091	trials	98	s098_J210606	grCe_grSu6CiNe	15	135.0	3	2693.566	2693.866
2703.5339999999997	0.900000000000091	trials	98	s098_J210606	coCe	16	225.0	3	2703.834	2704.134
2704.134	0.900000000000091	trials	98	s098_J210606	grCe_grSu3Ne	5	45.0	3	2704.434	2704.734
2704.7349999999997	0.900000000000091	trials	98	s098_J210606	grCe_grSu6CiNe	15	315.0	3	2705.035	2705.334
2712.861	0.900000000000091	trials	98	s098_J210606	grCe_grSu1Ne	3	270.0	3	2713.161	2713.46
2717.0939999999996	0.900000000000091	trials	98	s098_J210606	grCe_grSu12SmCiNe	13	180.0	3	2717.394	2717.694
2717.6949999999997	0.900000000000091	trials	98	s098_J210606	grCe_grSu1Ne	3	45.0	3	2717.995	2718.294
2718.2949999999996	0.900000000000091	trials	98	s098_J210606	grCe_grSu3Ne	5	225.0	3	2718.595	2718.894
2726.312	0.900000000000091	trials	98	s098_J210606	grCe_grSu1Ne	3	135.0	3	2726.612	2726.912
2726.912	0.900000000000091	trials	98	s098_J210606	coCe	16	135.0	3	2727.212	2727.512
2727.513	0.900000000000091	trials	98	s098_J210606	grCe_grSu1Ne	3	315.0	3	2727.813	2728.112
2732.421	0.900000000000091	trials	98	s098_J210606	grCe	1	135.0	3	2732.721	2733.021
2733.022	0.900000000000091	trials	98	s098_J210606	grCe_grSu6CiNe_PS	19	45.0	3	2733.322	2733.621
2738.531	0.900000000000091	trials	98	s098_J210606	grCe_grSu1Ne	3	180.0	3	2738.831	2739.13
2742.048	0.900000000000091	trials	98	s098_J210606	grCe_grSu18Fa	11	315.0	3	2742.348	2742.647
2742.7729999999997	0.900000000000091	trials	98	s098_J210606	grCe_grSu12Mi	9	135.0	3	2743.073	2743.372
2743.3729999999996	0.900000000000091	trials	98	s098_J210606	coCe_grSu6Ne	17	45.0	3	2743.673	2743.972
2748.49	0.900000000000091	trials	98	s098_J210606	grCe	1	45.0	3	2748.79	2749.09
2767.4179999999997	0.900000000000091	trials	98	s098_J210606	grCe_grSu12SmCiNe_PS	21	315.0	3	2767.718	2768.017
2774.1189999999997	0.900000000000091	trials	98	s098_J210606	grCe_grSu6CiNe	15	90.0	3	2774.419	2774.718
2774.7189999999996	0.900000000000091	trials	98	s098_J210606	grCe	1	270.0	3	2775.019	2775.318
2775.319	0.900000000000091	trials	98	s098_J210606	grCe_grSu6Ne	7	135.0	3	2775.619	2775.918
2780.3779999999997	0.900000000000091	trials	98	s098_J210606	grCe_grSu6Ne_PS	18	315.0	3	2780.678	2780.977
2780.9779999999996	0.900000000000091	trials	98	s098_J210606	coCe_grSu6Ne	17	135.0	3	2781.278	2781.577
2787.095	0.900000000000091	trials	98	s098_J210606	coCe_grSu6Ne	17	315.0	3	2787.395	2787.695
2787.6949999999997	0.900000000000091	trials	98	s098_J210606	grCe	1	180.0	3	2787.995	2788.295
2792.7129999999997	0.900000000000091	trials	98	s098_J210606	grSu6Ne	6		3	2793.013	2793.312
2793.3129999999996	0.900000000000091	trials	98	s098_J210606	grCe_grSu6CiNe	15	45.0	3	2793.613	2793.912
2796.913	0.900000000000091	trials	98	s098_J210606	coCe	16	45.0	3	2797.213	2797.513
2797.513	0.900000000000091	trials	98	s098_J210606	coCe_grSu6Ne	17	225.0	3	2797.813	2798.113
2803.6389999999997	0.900000000000091	trials	98	s098_J210606	grCe_grSu6Ne	7	0.0	3	2803.939	2804.239
2807.515	0.900000000000091	trials	98	s098_J210606	grCe_grSu12SmCiNe	13	90.0	3	2807.815	2808.114
2808.1229999999996	0.900000000000091	trials	98	s098_J210606	grCe_grSu12Mi	9	45.0	3	2808.423	2808.722
2808.723	0.900000000000091	trials	98	s098_J210606	grCe_grSu6Ne	7	45.0	3	2809.023	2809.323
2821.7079999999996	0.900000000000091	trials	98	s098_J210606	grCe_grSu12SmCiNe_PS	21	0.0	3	2822.008	2822.308
2822.308	0.900000000000091	trials	98	s098_J210606	coCe_grSu6Ne	17	90.0	3	2822.608	2822.908
2827.267	0.900000000000091	trials	98	s098_J210606	grSu18Fa	10		3	2827.567	2827.867
2827.8669999999997	0.900000000000091	trials	98	s098_J210606	coCe	16	0.0	3	2828.167	2828.467
2828.4669999999996	0.900000000000091	trials	98	s098_J210606	grCe_grSu6CiNe_PS	19	315.0	3	2828.767	2829.067
2833.2259999999997	0.900000000000091	trials	98	s098_J210606	grCe_grSu12SmCiNe_PS	21	270.0	3	2833.526	2833.826
2833.826	0.900000000000091	trials	98	s098_J210606	grCe_grSu1Ne	3	90.0	3	2834.126	2834.426
2834.426	0.900000000000091	trials	98	s098_J210606	grCe_grSu6CiNe	15	225.0	3	2834.726	2835.026
2839.46	0.900000000000091	trials	98	s098_J210606	grCe_grSu6Ne	7	315.0	3	2839.76	2840.06
2840.0769999999998	0.900000000000091	trials	98	s098_J210606	grCe_grSu18Fa	11	90.0	3	2840.377	2840.677
2840.6769999999997	0.900000000000091	trials	98	s098_J210606	grCe_grSu6CiNe_PS	19	90.0	3	2840.977	2841.277
2845.6279999999997	0.900000000000091	trials	98	s098_J210606	grCe_grSu3Ne	5	270.0	3	2845.928	2846.227
2853.02	0.900000000000091	trials	98	s098_J210606	grCe_grSu6Ne	7	225.0	3	2853.32	2853.62
2857.904	0.900000000000091	trials	98	s098_J210606	grCe_grSu12SmCiNe_PS	21	225.0	3	2858.204	2858.504
2858.538	0.900000000000091	trials	98	s098_J210606	grCe_grSu12Mi	9	0.0	3	2858.838	2859.137
2859.138	0.900000000000091	trials	98	s098_J210606	grSu3Ne	4		3	2859.438	2859.737
2864.0139999999997	0.900000000000091	trials	98	s098_J210606	grCe_grSu12SmCiNe_PS	21	135.0	3	2864.314	2864.613
2864.614	0.900000000000091	trials	98	s098_J210606	coCe	16	90.0	3	2864.914	2865.213
2865.214	0.900000000000091	trials	98	s098_J210606	grCe_grSu6Ne	7	180.0	3	2865.514	2865.813
2870.1639999999998	0.900000000000091	trials	98	s098_J210606	grCe_grSu6CiNe	15	0.0	3	2870.464	2870.764
2870.7639999999997	0.900000000000091	trials	98	s098_J210606	NoStim	0		3	2871.064	2871.364
2876.39	0.900000000000091	trials	98	s098_J210606	grCe_grSu6CiNe_PS	19	0.0	3	2876.69	2876.99
2876.99	0.900000000000091	trials	98	s098_J210606	grCe	1	0.0	3	2877.29	2877.59
2881.116	0.900000000000091	trials	98	s098_J210606	grCe	1	90.0	3	2881.416	2881.715
2881.716	0.900000000000091	trials	98	s098_J210606	grCe_grSu12SmCiNe	13	270.0	3	2882.016	2882.315
2887.0919999999996	0.900000000000091	trials	98	s098_J210606	grCe_grSu12SmCiNe	13	0.0	3	2887.392	2887.691
2893.792	0.900000000000091	trials	98	s098_J210606	grCe_grSu6Ne_PS	18	225.0	3	2894.092	2894.392
2901.4269999999997	0.900000000000091	trials	98	s098_J210606	grCe_grSu18Fa	11	270.0	3	2901.727	2902.026
2902.027	0.900000000000091	trials	98	s098_J210606	grCe_grSu3Ne	5	135.0	3	2902.327	2902.626
2908.153	0.900000000000091	trials	98	s098_J210606	grCe_grSu6Ne_PS	18	45.0	3	2908.453	2908.752
2911.511	0.900000000000091	trials	98	s098_J210606	coCe_grSu6Ne	17	180.0	3	2911.811	2912.111
2912.111	0.900000000000091	trials	98	s098_J210606	grCe_grSu6Ne_PS	18	180.0	3	2912.411	2912.711
2912.712	0.900000000000091	trials	98	s098_J210606	grCe	1	315.0	3	2913.012	2913.311
2918.2369999999996	0.900000000000091	trials	98	s098_J210606	grCe_grSu6Ne_PS	18	135.0	3	2918.537	2918.837
2918.837	0.900000000000091	trials	98	s098_J210606	grCe_grSu1Ne	3	0.0	3	2919.137	2919.437
2923.605	0.900000000000091	trials	98	s098_J210606	grCe_grSu3Ne	5	90.0	3	2923.905	2924.204
2924.2549999999997	0.900000000000091	trials	98	s098_J210606	grSu6CiNe	14		3	2924.555	2924.854
2924.855	0.900000000000091	trials	98	s098_J210606	coCe_grSu6Ne	17	0.0	3	2925.155	2925.454
2929.7799999999997	0.900000000000091	trials	98	s098_J210606	grCe_grSu6CiNe	15	270.0	3	2930.08	2930.38
2930.3799999999997	0.900000000000091	trials	98	s098_J210606	coCe_grSu6Ne	17	270.0	3	2930.68	2930.98
2930.9809999999998	0.900000000000091	trials	98	s098_J210606	grCe_grSu12SmCiNe	13	45.0	3	2931.281	2931.58
2940.548	0.900000000000091	trials	98	s098_J210606	grCe_grSu1Ne	3	225.0	3	2940.848	2941.148
2941.149	0.900000000000091	trials	98	s098_J210606	grCe_grSu6CiNe	15	180.0	3	2941.449	2941.748
2946.024	0.900000000000091	trials	98	s098_J210606	grCe_grSu18Fa	11	0.0	3	2946.324	2946.624
2947.2239999999997	0.900000000000091	trials	98	s098_J210606	coCe	16	180.0	3	2947.524	2947.824
2952.3329999999996	0.900000000000091	trials	98	s098_J210606	coSu6Ne	20		3	2952.633	2952.933
2953.533	0.900000000000091	trials	98	s098_J210606	grCe_grSu12SmCiNe	13	315.0	3	2953.833	2954.133
2958.6009999999997	0.900000000000091	trials	98	s098_J210606	grCe_grSu6Ne_PS	18	270.0	3	2958.901	2959.2
2959.2509999999997	0.900000000000091	trials	98	s098_J210606	grSu12SmCiNe	12		3	2959.551	2959.85
2964.71	0.900000000000091	trials	98	s098_J210606	grCe_grSu6CiNe_PS	19	180.0	3	2965.01	2965.309
2965.435	0.900000000000091	trials	98	s098_J210606	grCe_grSu18Fa	11	45.0	3	2965.735	2966.035
2966.035	0.900000000000091	trials	98	s098_J210606	grCe	1	225.0	3	2966.335	2966.635
2970.961	0.900000000000091	trials	98	s098_J210606	grCe_grSu12Mi	9	90.0	3	2971.261	2971.56
2971.5609999999997	0.900000000000091	trials	98	s098_J210606	grSu12Mi	8		3	2971.861	2972.16
2972.1609999999996	0.900000000000091	trials	98	s098_J210606	coCe	16	315.0	3	2972.461	2972.76
2977.1279999999997	0.900000000000091	trials	98	s098_J210606	grCe_grSu12SmCiNe	13	270.0	7	2977.428	2977.728
2977.7279999999996	0.900000000000091	trials	98	s098_J210606	grCe_grSu1Ne	3	90.0	7	2978.028	2978.328
2981.12	0.900000000000091	trials	98	s098_J210606	grCe_grSu3Ne	5	45.0	7	2981.42	2981.72
2987.9379999999996	0.900000000000091	trials	98	s098_J210606	grCe_grSu6Ne	7	135.0	7	2988.238	2988.537
2988.538	0.900000000000091	trials	98	s098_J210606	grCe_grSu6CiNe_PS	19	225.0	7	2988.838	2989.138
2989.138	0.900000000000091	trials	98	s098_J210606	grCe_grSu6CiNe_PS	19	90.0	7	2989.438	2989.738
2994.047	0.900000000000091	trials	98	s098_J210606	grCe_grSu6Ne_PS	18	0.0	7	2994.347	2994.647
2994.647	0.900000000000091	trials	98	s098_J210606	grCe_grSu6Ne	7	0.0	7	2994.947	2995.247
2995.247	0.900000000000091	trials	98	s098_J210606	grSu3Ne	4		7	2995.547	2995.847
3003.365	0.900000000000091	trials	98	s098_J210606	grCe_grSu18Fa	11	225.0	7	3003.665	3003.964
3003.9649999999997	0.900000000000091	trials	98	s098_J210606	coCe	16	45.0	7	3004.265	3004.565
3012.616	0.900000000000091	trials	98	s098_J210606	grCe	1	180.0	7	3012.916	3013.216
3013.216	0.900000000000091	trials	98	s098_J210606	coCe	16	315.0	7	3013.516	3013.816
3013.825	0.900000000000091	trials	98	s098_J210606	grCe_grSu18Fa	11	270.0	7	3014.125	3014.424
3021.459	0.900000000000091	trials	98	s098_J210606	grCe	1	45.0	7	3021.759	3022.058
3022.0589999999997	0.900000000000091	trials	98	s098_J210606	grCe_grSu3Ne	5	225.0	7	3022.359	3022.659
3022.6589999999997	0.900000000000091	trials	98	s098_J210606	grCe_grSu6Ne_PS	18	45.0	7	3022.959	3023.259
3027.6349999999998	0.900000000000091	trials	98	s098_J210606	coCe_grSu6Ne	17	270.0	7	3027.935	3028.234
3028.835	0.900000000000091	trials	98	s098_J210606	grCe_grSu12SmCiNe_PS	21	270.0	7	3029.135	3029.434
3033.836	0.900000000000091	trials	98	s098_J210606	grCe_grSu18Fa	11	45.0	7	3034.136	3034.435
3038.069	0.900000000000091	trials	98	s098_J210606	coCe	16	270.0	7	3038.369	3038.669
3038.6699999999996	0.900000000000091	trials	98	s098_J210606	grCe_grSu6CiNe_PS	19	0.0	7	3038.97	3039.269
3044.8199999999997	0.900000000000091	trials	98	s098_J210606	grCe_grSu3Ne	5	180.0	7	3045.12	3045.42
3045.4199999999996	0.900000000000091	trials	98	s098_J210606	grCe_grSu1Ne	3	180.0	7	3045.72	3046.02
3050.363	0.900000000000091	trials	98	s098_J210606	grCe_grSu6Ne_PS	18	90.0	7	3050.663	3050.962
3054.4469999999997	0.900000000000091	trials	98	s098_J210606	grCe_grSu12SmCiNe_PS	21	0.0	7	3054.747	3055.046
3055.047	0.900000000000091	trials	98	s098_J210606	grCe_grSu6Ne	7	90.0	7	3055.347	3055.646
3055.647	0.900000000000091	trials	98	s098_J210606	coCe_grSu6Ne	17	225.0	7	3055.947	3056.246
3060.531	0.900000000000091	trials	98	s098_J210606	grCe_grSu6Ne_PS	18	135.0	7	3060.831	3061.13
3064.506	0.900000000000091	trials	98	s098_J210606	grCe_grSu12SmCiNe_PS	21	135.0	7	3064.806	3065.106
3065.115	0.900000000000091	trials	98	s098_J210606	grSu18Fa	10		7	3065.415	3065.714
3065.7149999999997	0.900000000000091	trials	98	s098_J210606	grCe	1	315.0	7	3066.015	3066.314
3073.924	0.900000000000091	trials	98	s098_J210606	grCe	1	135.0	7	3074.224	3074.524
3074.5319999999997	0.900000000000091	trials	98	s098_J210606	grCe_grSu18Fa	11	315.0	7	3074.832	3075.132
3075.133	0.900000000000091	trials	98	s098_J210606	coCe	16	225.0	7	3075.433	3075.732
3080.642	0.900000000000091	trials	98	s098_J210606	grCe_grSu12Mi	9	90.0	7	3080.942	3081.241
3085.1169999999997	0.900000000000091	trials	98	s098_J210606	grCe_grSu12SmCiNe	13	0.0	7	3085.417	3085.717
3090.643	0.900000000000091	trials	98	s098_J210606	grCe_grSu3Ne	5	270.0	7	3090.943	3091.242
3091.243	0.900000000000091	trials	98	s098_J210606	coCe_grSu6Ne	17	90.0	7	3091.543	3091.843
3091.843	0.900000000000091	trials	98	s098_J210606	grCe_grSu3Ne	5	0.0	7	3092.143	3092.443
3096.7439999999997	0.900000000000091	trials	98	s098_J210606	grCe_grSu3Ne	5	90.0	7	3097.044	3097.343
3101.4109999999996	0.900000000000091	trials	98	s098_J210606	grCe_grSu6Ne	7	315.0	7	3101.711	3102.01
3102.011	0.900000000000091	trials	98	s098_J210606	grCe_grSu12SmCiNe	13	180.0	7	3102.311	3102.611
3106.803	0.900000000000091	trials	98	s098_J210606	grCe_grSu1Ne	3	315.0	7	3107.103	3107.403
3107.403	0.900000000000091	trials	98	s098_J210606	grSu12Mi	8		7	3107.703	3108.003
3108.0029999999997	0.900000000000091	trials	98	s098_J210606	grCe_grSu6Ne	7	45.0	7	3108.303	3108.603
3112.812	0.900000000000091	trials	98	s098_J210606	grCe_grSu6CiNe	15	180.0	7	3113.112	3113.412
3113.413	0.900000000000091	trials	98	s098_J210606	grCe_grSu12SmCiNe	13	225.0	7	3113.713	3114.012
3118.922	0.900000000000091	trials	98	s098_J210606	grCe_grSu12Mi	9	225.0	7	3119.222	3119.521
3119.58	0.900000000000091	trials	98	s098_J210606	grCe_grSu6CiNe_PS	19	45.0	7	3119.88	3120.18
3120.18	0.900000000000091	trials	98	s098_J210606	grCe_grSu1Ne	3	45.0	7	3120.48	3120.78
3125.7059999999997	0.900000000000091	trials	98	s098_J210606	grCe_grSu6CiNe_PS	19	270.0	7	3126.006	3126.305
3126.306	0.900000000000091	trials	98	s098_J210606	grCe_grSu6CiNe	15	225.0	7	3126.606	3126.905
3134.7239999999997	0.900000000000091	trials	98	s098_J210606	grCe_grSu18Fa	11	0.0	7	3135.024	3135.323
3135.3239999999996	0.900000000000091	trials	98	s098_J210606	grCe_grSu6Ne_PS	18	225.0	7	3135.624	3135.923
3140.991	0.900000000000091	trials	98	s098_J210606	NoStim	0		7	3141.291	3141.591
3141.591	0.900000000000091	trials	98	s098_J210606	grSu6Ne	6		7	3141.891	3142.191
3150.8759999999997	0.900000000000091	trials	98	s098_J210606	coCe	16	135.0	7	3151.176	3151.475
3151.4759999999997	0.900000000000091	trials	98	s098_J210606	grCe_grSu6Ne	7	180.0	7	3151.776	3152.075
3157.118	0.900000000000091	trials	98	s098_J210606	grCe_grSu6CiNe	15	90.0	7	3157.418	3157.718
3158.3179999999998	0.900000000000091	trials	98	s098_J210606	grCe_grSu12SmCiNe_PS	21	315.0	7	3158.618	3158.918
3163.2189999999996	0.900000000000091	trials	98	s098_J210606	grCe_grSu6CiNe	15	0.0	7	3163.519	3163.819
3163.819	0.900000000000091	trials	98	s098_J210606	grCe_grSu6CiNe	15	135.0	7	3164.119	3164.419
3164.419	0.900000000000091	trials	98	s098_J210606	grCe	1	0.0	7	3164.719	3165.019
3169.361	0.900000000000091	trials	98	s098_J210606	coSu6Ne	20		7	3169.661	3169.961
3169.962	0.900000000000091	trials	98	s098_J210606	grCe_grSu12SmCiNe	13	45.0	7	3170.262	3170.561
3173.495	0.900000000000091	trials	98	s098_J210606	grCe_grSu1Ne	3	225.0	7	3173.795	3174.095
3177.1789999999996	0.900000000000091	trials	98	s098_J210606	grSu12SmCiNe	12		7	3177.479	3177.779
3177.779	0.900000000000091	trials	98	s098_J210606	grCe_grSu6Ne_PS	18	270.0	7	3178.079	3178.379
3178.379	0.900000000000091	trials	98	s098_J210606	coCe_grSu6Ne	17	0.0	7	3178.679	3178.979
3183.3379999999997	0.900000000000091	trials	98	s098_J210606	grCe_grSu12SmCiNe_PS	21	45.0	7	3183.638	3183.938
3183.9379999999996	0.900000000000091	trials	98	s098_J210606	grCe_grSu3Ne	5	315.0	7	3184.238	3184.538
3187.5719999999997	0.900000000000091	trials	98	s098_J210606	grCe_grSu6CiNe	15	270.0	7	3187.872	3188.172
3193.7059999999997	0.900000000000091	trials	98	s098_J210606	grCe_grSu12SmCiNe	13	315.0	7	3194.006	3194.306
3194.306	0.900000000000091	trials	98	s098_J210606	grCe_grSu6Ne	7	270.0	7	3194.606	3194.906
3194.915	0.900000000000091	trials	98	s098_J210606	grCe_grSu18Fa	11	180.0	7	3195.215	3195.514
3199.857	0.900000000000091	trials	98	s098_J210606	grCe_grSu12Mi	9	135.0	7	3200.157	3200.457
3200.457	0.900000000000091	trials	98	s098_J210606	grSu6CiNe	14		7	3200.757	3201.057
3201.057	0.900000000000091	trials	98	s098_J210606	grCe_grSu12SmCiNe_PS	21	90.0	7	3201.357	3201.657
3209.308	0.900000000000091	trials	98	s098_J210606	grCe_grSu12Mi	9	270.0	7	3209.608	3209.908
3210.508	0.900000000000091	trials	98	s098_J210606	coCe	16	90.0	7	3210.808	3211.108
3215.459	0.900000000000091	trials	98	s098_J210606	coCe_grSu6Ne	17	180.0	7	3215.759	3216.059
3216.0589999999997	0.900000000000091	trials	98	s098_J210606	grCe_grSu6CiNe	15	315.0	7	3216.359	3216.659
3216.6589999999997	0.900000000000091	trials	98	s098_J210606	grCe_grSu6CiNe	15	45.0	7	3216.959	3217.259
3221.5769999999998	0.900000000000091	trials	98	s098_J210606	grCe_grSu6Ne_PS	18	180.0	7	3221.877	3222.176
3222.1769999999997	0.900000000000091	trials	98	s098_J210606	grCe_grSu6CiNe_PS	19	315.0	7	3222.477	3222.776
3222.777	0.900000000000091	trials	98	s098_J210606	grCe_grSu12SmCiNe	13	135.0	7	3223.077	3223.376
3228.3439999999996	0.900000000000091	trials	98	s098_J210606	grCe_grSu18Fa	11	90.0	7	3228.644	3228.944
3228.944	0.900000000000091	trials	98	s098_J210606	coCe	16	0.0	7	3229.244	3229.544
3229.544	0.900000000000091	trials	98	s098_J210606	grCe_grSu6CiNe_PS	19	180.0	7	3229.844	3230.144
3234.553	0.900000000000091	trials	98	s098_J210606	grCe_grSu12Mi	9	315.0	7	3234.853	3235.153
3235.162	0.900000000000091	trials	98	s098_J210606	grCe_grSu12Mi	9	0.0	7	3235.462	3235.761
3235.7619999999997	0.900000000000091	trials	98	s098_J210606	coCe_grSu6Ne	17	135.0	7	3236.062	3236.361
3244.0789999999997	0.900000000000091	trials	98	s098_J210606	grCe	1	225.0	7	3244.379	3244.679
3245.2799999999997	0.900000000000091	trials	98	s098_J210606	grCe	1	90.0	7	3245.58	3245.879
3250.172	0.900000000000091	trials	98	s098_J210606	grCe_grSu1Ne	3	135.0	7	3250.472	3250.771
3250.772	0.900000000000091	trials	98	s098_J210606	grCe_grSu6Ne	7	225.0	7	3251.072	3251.372
3251.372	0.900000000000091	trials	98	s098_J210606	coCe_grSu6Ne	17	315.0	7	3251.672	3251.972
3256.7309999999998	0.900000000000091	trials	98	s098_J210606	grCe_grSu6Ne_PS	18	315.0	7	3257.031	3257.331
3257.3309999999997	0.900000000000091	trials	98	s098_J210606	grCe_grSu12SmCiNe	13	90.0	7	3257.631	3257.931
3265.9739999999997	0.900000000000091	trials	98	s098_J210606	grCe_grSu1Ne	3	0.0	7	3266.274	3266.574
3267.182	0.900000000000091	trials	98	s098_J210606	grCe_grSu18Fa	11	135.0	7	3267.482	3267.782
3272.0409999999997	0.900000000000091	trials	98	s098_J210606	grCe_grSu12Mi	9	45.0	7	3272.341	3272.641
3272.6409999999996	0.900000000000091	trials	98	s098_J210606	grCe_grSu1Ne	3	270.0	7	3272.941	3273.241
3273.2419999999997	0.900000000000091	trials	98	s098_J210606	coCe	16	180.0	7	3273.542	3273.841
3281.343	0.900000000000091	trials	98	s098_J210606	grSu1Ne	2		7	3281.643	3281.942
3281.9429999999998	0.900000000000091	trials	98	s098_J210606	grCe_grSu12SmCiNe_PS	21	180.0	7	3282.243	3282.542
3282.5429999999997	0.900000000000091	trials	98	s098_J210606	grCe_grSu6CiNe_PS	19	135.0	7	3282.843	3283.142
3288.685	0.900000000000091	trials	98	s098_J210606	coCe_grSu6Ne	17	45.0	7	3288.985	3289.285
3294.3439999999996	0.900000000000091	trials	98	s098_J210606	grCe_grSu3Ne	5	135.0	7	3294.644	3294.944
3294.953	0.900000000000091	trials	98	s098_J210606	grCe_grSu12Mi	9	180.0	7	3295.253	3295.552
3300.5119999999997	0.900000000000091	trials	98	s098_J210606	grCe	1	270.0	7	3300.812	3301.111
3301.1119999999996	0.900000000000091	trials	98	s098_J210606	grCe_grSu12SmCiNe_PS	21	225.0	7	3301.412	3301.711
3306.004	0.900000000000091	trials	98	s098_J210606	coCe	16	135.0	1	3306.304	3306.604
3309.8379999999997	0.900000000000091	trials	98	s098_J210606	grCe_grSu6Ne	7	270.0	1	3310.138	3310.438
3310.4379999999996	0.900000000000091	trials	98	s098_J210606	grCe_grSu6Ne_PS	18	270.0	1	3310.738	3311.038
3311.046	0.900000000000091	trials	98	s098_J210606	grCe_grSu12Mi	9	0.0	1	3311.346	3311.646
3315.8889999999997	0.900000000000091	trials	98	s098_J210606	grCe_grSu12SmCiNe	13	45.0	1	3316.189	3316.488
3316.489	0.900000000000091	trials	98	s098_J210606	grCe_grSu3Ne	5	225.0	1	3316.789	3317.088
3317.089	0.900000000000091	trials	98	s098_J210606	grCe_grSu6CiNe	15	135.0	1	3317.389	3317.688
3321.9649999999997	0.900000000000091	trials	98	s098_J210606	grCe_grSu3Ne	5	180.0	1	3322.265	3322.564
3322.573	0.900000000000091	trials	98	s098_J210606	grCe_grSu18Fa	11	225.0	1	3322.873	3323.173
3323.173	0.900000000000091	trials	98	s098_J210606	coCe	16	315.0	1	3323.473	3323.773
3328.0899999999997	0.900000000000091	trials	98	s098_J210606	grCe_grSu18Fa	11	90.0	1	3328.39	3328.69
3335.6409999999996	0.900000000000091	trials	98	s098_J210606	grCe_grSu12SmCiNe	13	270.0	1	3335.941	3336.241
3339.033	0.900000000000091	trials	98	s098_J210606	grCe_grSu6CiNe	15	225.0	1	3339.333	3339.633
3339.634	0.900000000000091	trials	98	s098_J210606	coCe	16	180.0	1	3339.934	3340.233
3340.234	0.900000000000091	trials	98	s098_J210606	grCe_grSu6Ne	7	180.0	1	3340.534	3340.833
3345.176	0.900000000000091	trials	98	s098_J210606	grCe	1	90.0	1	3345.476	3345.775
3345.7839999999997	0.900000000000091	trials	98	s098_J210606	grCe_grSu12Mi	9	135.0	1	3346.084	3346.384
3346.393	0.900000000000091	trials	98	s098_J210606	grCe_grSu18Fa	11	180.0	1	3346.693	3346.992
3351.152	0.900000000000091	trials	98	s098_J210606	grCe_grSu12SmCiNe	13	90.0	1	3351.452	3351.751
3351.752	0.900000000000091	trials	98	s098_J210606	coCe_grSu6Ne	17	180.0	1	3352.052	3352.351
3352.352	0.900000000000091	trials	98	s098_J210606	coCe_grSu6Ne	17	90.0	1	3352.652	3352.951
3357.0939999999996	0.900000000000091	trials	98	s098_J210606	grCe_grSu18Fa	11	45.0	1	3357.394	3357.694
3358.294	0.900000000000091	trials	98	s098_J210606	grCe_grSu1Ne	3	225.0	1	3358.594	3358.894
3363.0699999999997	0.900000000000091	trials	98	s098_J210606	grCe	1	45.0	1	3363.37	3363.669
3363.6699999999996	0.900000000000091	trials	98	s098_J210606	grCe	1	315.0	1	3363.97	3364.269
3364.27	0.900000000000091	trials	98	s098_J210606	NoStim	0		1	3364.57	3364.87
3369.1209999999996	0.900000000000091	trials	98	s098_J210606	grCe_grSu12SmCiNe_PS	21	45.0	1	3369.421	3369.72
3372.571	0.900000000000091	trials	98	s098_J210606	grSu1Ne	2		1	3372.871	3373.171
3373.171	0.900000000000091	trials	98	s098_J210606	grCe_grSu12SmCiNe	13	0.0	1	3373.471	3373.771
3373.7709999999997	0.900000000000091	trials	98	s098_J210606	grCe_grSu3Ne	5	90.0	1	3374.071	3374.371
3381.881	0.900000000000091	trials	98	s098_J210606	grCe_grSu1Ne	3	180.0	1	3382.181	3382.48
3389.707	0.900000000000091	trials	98	s098_J210606	coCe	16	225.0	1	3390.007	3390.306
3395.107	0.900000000000091	trials	98	s098_J210606	grCe_grSu1Ne	3	90.0	1	3395.407	3395.707
3395.707	0.900000000000091	trials	98	s098_J210606	grCe_grSu12SmCiNe_PS	21	135.0	1	3396.007	3396.307
3404.3669999999997	0.900000000000091	trials	98	s098_J210606	grCe_grSu6Ne	7	0.0	1	3404.667	3404.966
3404.9669999999996	0.900000000000091	trials	98	s098_J210606	grCe_grSu1Ne	3	135.0	1	3405.267	3405.567
3405.567	0.900000000000091	trials	98	s098_J210606	grCe_grSu6Ne	7	45.0	1	3405.867	3406.167
3410.984	0.900000000000091	trials	98	s098_J210606	grSu3Ne	4		1	3411.284	3411.584
3411.585	0.900000000000091	trials	98	s098_J210606	coCe_grSu6Ne	17	0.0	1	3411.885	3412.184
3423.636	0.900000000000091	trials	98	s098_J210606	grSu12Mi	8		1	3423.936	3424.236
3424.2439999999997	0.900000000000091	trials	98	s098_J210606	grCe_grSu12Mi	9	315.0	1	3424.544	3424.844
3424.845	0.900000000000091	trials	98	s098_J210606	coCe_grSu6Ne	17	135.0	1	3425.145	3425.444
3429.787	0.900000000000091	trials	98	s098_J210606	grCe_grSu12Mi	9	180.0	1	3430.087	3430.386
3433.446	0.900000000000091	trials	98	s098_J210606	grCe_grSu6CiNe_PS	19	135.0	1	3433.746	3434.045
3434.046	0.900000000000091	trials	98	s098_J210606	coCe_grSu6Ne	17	315.0	1	3434.346	3434.645
3434.6459999999997	0.900000000000091	trials	98	s098_J210606	grCe_grSu6CiNe_PS	19	90.0	1	3434.946	3435.245
3442.997	0.900000000000091	trials	98	s098_J210606	grCe_grSu6CiNe_PS	19	45.0	1	3443.297	3443.596
3443.5969999999998	0.900000000000091	trials	98	s098_J210606	grSu12SmCiNe	12		1	3443.897	3444.197
3444.1969999999997	0.900000000000091	trials	98	s098_J210606	grCe_grSu6CiNe_PS	19	0.0	1	3444.497	3444.797
3449.223	0.900000000000091	trials	98	s098_J210606	grCe_grSu12SmCiNe	13	315.0	1	3449.523	3449.822
3450.423	0.900000000000091	trials	98	s098_J210606	grCe_grSu6CiNe	15	315.0	1	3450.723	3451.022
3455.29	0.900000000000091	trials	98	s098_J210606	grCe_grSu6CiNe_PS	19	315.0	1	3455.59	3455.89
3462.999	0.900000000000091	trials	98	s098_J210606	grCe_grSu6CiNe	15	0.0	1	3463.299	3463.599
3463.6	0.900000000000091	trials	98	s098_J210606	grSu6CiNe	14		1	3463.9	3464.199
3464.2	0.900000000000091	trials	98	s098_J210606	grCe_grSu6CiNe_PS	19	270.0	1	3464.5	3464.799
3472.392	0.900000000000091	trials	98	s098_J210606	grCe_grSu18Fa	11	0.0	1	3472.692	3472.992
3472.9919999999997	0.900000000000091	trials	98	s098_J210606	grCe_grSu12SmCiNe_PS	21	315.0	1	3473.292	3473.592
3479.935	0.900000000000091	trials	98	s098_J210606	grCe_grSu6Ne	7	225.0	1	3480.235	3480.535
3484.602	0.900000000000091	trials	98	s098_J210606	grCe_grSu18Fa	11	315.0	1	3484.902	3485.202
3490.111	0.900000000000091	trials	98	s098_J210606	coCe_grSu6Ne	17	45.0	1	3490.411	3490.711
3494.187	0.900000000000091	trials	98	s098_J210606	grCe_grSu1Ne	3	45.0	1	3494.487	3494.786
3495.3869999999997	0.900000000000091	trials	98	s098_J210606	grCe_grSu6Ne_PS	18	225.0	1	3495.687	3495.987
3504.5879999999997	0.900000000000091	trials	98	s098_J210606	grCe_grSu6CiNe	15	180.0	1	3504.888	3505.188
3510.239	0.900000000000091	trials	98	s098_J210606	grCe	1	135.0	1	3510.539	3510.838
3510.839	0.900000000000091	trials	98	s098_J210606	coCe_grSu6Ne	17	225.0	1	3511.139	3511.439
3511.439	0.900000000000091	trials	98	s098_J210606	grCe_grSu6Ne_PS	18	45.0	1	3511.739	3512.039
3516.406	0.900000000000091	trials	98	s098_J210606	grSu18Fa	10		1	3516.706	3517.006
3517.0069999999996	0.900000000000091	trials	98	s098_J210606	grCe_grSu6CiNe	15	45.0	1	3517.307	3517.606
3517.607	0.900000000000091	trials	98	s098_J210606	grSu6Ne	6		1	3517.907	3518.206
3522.482	0.900000000000091	trials	98	s098_J210606	grCe_grSu12SmCiNe	13	180.0	1	3522.782	3523.082
3523.082	0.900000000000091	trials	98	s098_J210606	grCe_grSu6Ne_PS	18	0.0	1	3523.382	3523.682
3528.658	0.900000000000091	trials	98	s098_J210606	grCe_grSu6Ne_PS	18	135.0	1	3528.958	3529.258
3538.5009999999997	0.900000000000091	trials	98	s098_J210606	grCe	1	180.0	1	3538.801	3539.1
3539.109	0.900000000000091	trials	98	s098_J210606	grCe_grSu12Mi	9	90.0	1	3539.409	3539.709
3539.709	0.900000000000091	trials	98	s098_J210606	grCe_grSu6Ne_PS	18	315.0	1	3540.009	3540.309
3548.4269999999997	0.900000000000091	trials	98	s098_J210606	grCe_grSu12SmCiNe_PS	21	180.0	1	3548.727	3549.027
3549.027	0.900000000000091	trials	98	s098_J210606	coCe	16	270.0	1	3549.327	3549.627
3549.644	0.900000000000091	trials	98	s098_J210606	grCe_grSu6CiNe	15	270.0	1	3549.944	3550.244
3557.6029999999996	0.900000000000091	trials	98	s098_J210606	grCe_grSu12SmCiNe_PS	21	225.0	1	3557.903	3558.203
3561.212	0.900000000000091	trials	98	s098_J210606	grCe_grSu6Ne	7	135.0	1	3561.512	3562.012
3562.0119999999997	0.900000000000091	trials	98	s098_J210606	grCe_grSu1Ne	3	270.0	1	3562.312	3562.612
3569.3129999999996	0.900000000000091	trials	98	s098_J210606	grCe_grSu3Ne	5	0.0	1	3569.613	3569.913
3569.913	0.900000000000091	trials	98	s098_J210606	coCe_grSu6Ne	17	270.0	1	3570.213	3570.513
3570.522	0.900000000000091	trials	98	s098_J210606	grCe_grSu18Fa	11	135.0	1	3570.822	3571.121
3578.923	0.900000000000091	trials	98	s098_J210606	coSu6Ne	20		1	3579.223	3579.522
3579.5229999999997	0.900000000000091	trials	98	s098_J210606	grCe	1	270.0	1	3579.823	3580.122
3580.1229999999996	0.900000000000091	trials	98	s098_J210606	grCe_grSu3Ne	5	315.0	1	3580.423	3580.723
3588.482	0.900000000000091	trials	98	s098_J210606	grCe	1	225.0	1	3588.782	3589.082
3589.0829999999996	0.900000000000091	trials	98	s098_J210606	grCe_grSu12SmCiNe	13	225.0	1	3589.383	3589.682
3595.0249999999996	0.900000000000091	trials	98	s098_J210606	grCe_grSu1Ne	3	0.0	1	3595.325	3595.624
3595.625	0.900000000000091	trials	98	s098_J210606	coCe	16	45.0	1	3595.925	3596.225
3596.225	0.900000000000091	trials	98	s098_J210606	grCe_grSu3Ne	5	270.0	1	3596.525	3596.825
3601.1169999999997	0.900000000000091	trials	98	s098_J210606	grCe_grSu12SmCiNe_PS	21	270.0	1	3601.417	3601.717
3601.734	0.900000000000091	trials	98	s098_J210606	grCe_grSu18Fa	11	270.0	1	3602.034	3602.334
3602.334	0.900000000000091	trials	98	s098_J210606	grCe_grSu12SmCiNe_PS	21	0.0	1	3602.634	3602.934
3607.402	0.900000000000091	trials	98	s098_J210606	grCe_grSu12Mi	9	225.0	1	3607.702	3608.001
3611.8019999999997	0.900000000000091	trials	98	s098_J210606	grCe_grSu6Ne	7	315.0	1	3612.102	3612.402
3612.402	0.900000000000091	trials	98	s098_J210606	grCe_grSu6CiNe_PS	19	180.0	1	3612.702	3613.002
3624.1949999999997	0.900000000000091	trials	98	s098_J210606	grCe_grSu12Mi	9	45.0	1	3624.495	3624.795
3628.013	0.900000000000091	trials	98	s098_J210606	grCe	1	0.0	1	3628.313	3628.612
3628.613	0.900000000000091	trials	98	s098_J210606	grCe_grSu6Ne_PS	18	180.0	1	3628.913	3629.212
3635.589	0.900000000000091	trials	98	s098_J210606	coCe	16	0.0	1	3635.889	3636.188
3640.489	0.900000000000091	trials	98	s098_J210606	coCe	16	90.0	1	3640.789	3641.089
3641.2309999999998	0.900000000000091	trials	98	s098_J210606	grCe_grSu1Ne	3	315.0	1	3641.531	3641.83
3641.8309999999997	0.900000000000091	trials	98	s098_J210606	grCe_grSu12SmCiNe	13	135.0	1	3642.131	3642.431
3656.058	0.900000000000091	trials	98	s098_J210606	grCe_grSu12SmCiNe_PS	21	90.0	1	3656.358	3656.657
3659.6499999999996	0.900000000000091	trials	98	s098_J210606	grCe_grSu3Ne	5	45.0	1	3659.95	3660.25
3660.25	0.900000000000091	trials	98	s098_J210606	grCe_grSu6CiNe_PS	19	225.0	1	3660.55	3660.85
3660.8579999999997	0.900000000000091	trials	98	s098_J210606	grCe_grSu12Mi	9	270.0	1	3661.158	3661.458
3666.426	0.900000000000091	trials	98	s098_J210606	grCe_grSu6CiNe	15	90.0	1	3666.726	3667.025
3667.026	0.900000000000091	trials	98	s098_J210606	grCe_grSu3Ne	5	135.0	1	3667.326	3667.625
3672.1769999999997	0.900000000000091	trials	98	s098_J210606	grCe_grSu6Ne	7	90.0	1	3672.477	3672.776
3672.777	0.900000000000091	trials	98	s098_J210606	grCe_grSu6Ne_PS	18	90.0	1	3673.077	3673.376
