onset	duration	nwb_table	ses_ID	ses_Name	cond_Name	cond_ID	target_rot	rep_num	pdOn	pdOff
29.201999999999998	0.9000000000000021	trials	111	s111_J210621	coCe	16	90.0	0	29.502	29.801
32.969	0.8999999999999986	trials	111	s111_J210621	coCe	16	135.0	0	33.269	33.568
36.644000000000005	0.8999999999999986	trials	111	s111_J210621	grCe_grSu3Ne	5	315.0	0	36.944	37.244
37.253	0.8999999999999986	trials	111	s111_J210621	grCe_grSu18Fa	11	45.0	0	37.553	37.852
37.853	0.8999999999999986	trials	111	s111_J210621	grCe_grSu6Ne_PS	18	180.0	0	38.153	38.452
42.845000000000006	0.8999999999999986	trials	111	s111_J210621	coCe_grSu6Ne	17	45.0	0	43.145	43.445
43.445	0.8999999999999986	trials	111	s111_J210621	grCe_grSu1Ne	3	90.0	0	43.745	44.045
48.371	0.8999999999999986	trials	111	s111_J210621	NoStim	0		0	48.671	48.97
53.955000000000005	0.8999999999999986	trials	111	s111_J210621	grCe_grSu6CiNe	15	45.0	0	54.255	54.555
54.555	0.8999999999999986	trials	111	s111_J210621	grCe_grSu12SmCiNe_PS	21	135.0	0	54.855	55.155
60.164	0.8999999999999986	trials	111	s111_J210621	grCe_grSu12SmCiNe_PS	21	180.0	0	60.464	60.764
60.764	0.8999999999999986	trials	111	s111_J210621	coCe_grSu6Ne	17	90.0	0	61.064	61.364
66.282	0.8999999999999915	trials	111	s111_J210621	grCe_grSu6CiNe	15	135.0	0	66.582	66.881
76.741	0.8999999999999915	trials	111	s111_J210621	grCe_grSu18Fa	11	180.0	0	77.041	77.341
77.941	0.8999999999999915	trials	111	s111_J210621	coCe	16	0.0	0	78.241	78.541
82.917	0.8999999999999915	trials	111	s111_J210621	grCe	1	315.0	0	83.217	83.517
84.134	0.8999999999999915	trials	111	s111_J210621	grCe_grSu18Fa	11	270.0	0	84.434	84.733
89.193	0.8999999999999915	trials	111	s111_J210621	grCe_grSu6Ne	7	0.0	0	89.493	89.792
89.793	0.8999999999999915	trials	111	s111_J210621	grCe_grSu6CiNe_PS	19	225.0	0	90.093	90.392
90.393	0.8999999999999915	trials	111	s111_J210621	grCe_grSu6Ne	7	90.0	0	90.693	90.993
96.08500000000001	0.8999999999999915	trials	111	s111_J210621	grCe_grSu3Ne	5	270.0	0	96.385	96.685
96.686	0.8999999999999915	trials	111	s111_J210621	grCe	1	225.0	0	96.986	97.285
108.12	0.8999999999999915	trials	111	s111_J210621	grCe_grSu18Fa	11	315.0	0	108.42	108.72
109.32000000000001	0.8999999999999915	trials	111	s111_J210621	grCe_grSu12SmCiNe_PS	21	315.0	0	109.62	109.92
114.37100000000001	0.8999999999999915	trials	111	s111_J210621	grCe_grSu1Ne	3	270.0	0	114.671	114.971
114.971	0.8999999999999915	trials	111	s111_J210621	grCe	1	90.0	0	115.271	115.571
115.571	0.8999999999999915	trials	111	s111_J210621	grSu6Ne	6		0	115.871	116.171
123.672	0.8999999999999915	trials	111	s111_J210621	grCe_grSu1Ne	3	45.0	0	123.972	124.272
136.391	0.9000000000000057	trials	111	s111_J210621	grCe_grSu6CiNe_PS	19	45.0	0	136.691	136.99
136.99099999999999	0.9000000000000057	trials	111	s111_J210621	grCe_grSu12SmCiNe_PS	21	45.0	0	137.291	137.59
143.267	0.9000000000000057	trials	111	s111_J210621	grCe_grSu6Ne	7	45.0	0	143.567	143.866
143.867	0.9000000000000057	trials	111	s111_J210621	grCe_grSu6Ne_PS	18	90.0	0	144.167	144.466
149.009	0.9000000000000057	trials	111	s111_J210621	grCe_grSu3Ne	5	180.0	0	149.309	149.609
149.60899999999998	0.9000000000000057	trials	111	s111_J210621	coCe	16	45.0	0	149.909	150.209
150.20899999999997	0.9000000000000057	trials	111	s111_J210621	grCe_grSu1Ne	3	0.0	0	150.509	150.809
155.468	0.9000000000000057	trials	111	s111_J210621	grCe_grSu12SmCiNe	13	135.0	0	155.768	156.068
156.702	0.9000000000000057	trials	111	s111_J210621	grCe	1	270.0	0	157.002	157.301
161.636	0.9000000000000057	trials	111	s111_J210621	grCe_grSu12SmCiNe	13	45.0	0	161.936	162.235
162.236	0.9000000000000057	trials	111	s111_J210621	grCe	1	180.0	0	162.536	162.835
162.83599999999998	0.9000000000000057	trials	111	s111_J210621	coCe_grSu6Ne	17	225.0	0	163.136	163.435
168.01999999999998	0.9000000000000057	trials	111	s111_J210621	grCe_grSu6Ne_PS	18	0.0	0	168.32	168.619
168.66199999999998	0.9000000000000057	trials	111	s111_J210621	grCe_grSu6Ne	7	270.0	0	168.962	169.261
169.262	0.9000000000000057	trials	111	s111_J210621	grCe_grSu6CiNe	15	180.0	0	169.562	169.861
177.588	0.9000000000000057	trials	111	s111_J210621	grCe_grSu12Mi	9	180.0	0	177.888	178.187
178.188	0.9000000000000057	trials	111	s111_J210621	grCe_grSu12SmCiNe	13	225.0	0	178.488	178.787
178.78799999999998	0.9000000000000057	trials	111	s111_J210621	grCe_grSu6Ne	7	315.0	0	179.088	179.387
183.80499999999998	0.9000000000000057	trials	111	s111_J210621	grCe_grSu6Ne	7	225.0	0	184.105	184.405
185.13899999999998	0.9000000000000057	trials	111	s111_J210621	grCe_grSu6Ne_PS	18	225.0	0	185.439	185.738
193.765	0.9000000000000057	trials	111	s111_J210621	grCe_grSu3Ne	5	90.0	0	194.065	194.364
194.36499999999998	0.9000000000000057	trials	111	s111_J210621	grCe_grSu6Ne_PS	18	315.0	0	194.665	194.964
194.97299999999998	0.9000000000000057	trials	111	s111_J210621	grCe_grSu18Fa	11	90.0	0	195.273	195.573
203.033	0.9000000000000057	trials	111	s111_J210621	grCe	1	0.0	0	203.333	203.632
203.63299999999998	0.9000000000000057	trials	111	s111_J210621	coCe	16	180.0	0	203.933	204.232
209.34199999999998	0.9000000000000057	trials	111	s111_J210621	grCe_grSu6CiNe	15	0.0	0	209.642	209.941
209.95	0.9000000000000057	trials	111	s111_J210621	grSu12Mi	8		0	210.25	210.55
210.54999999999998	0.9000000000000057	trials	111	s111_J210621	grCe_grSu6Ne	7	135.0	0	210.85	211.15
216.701	0.9000000000000057	trials	111	s111_J210621	grCe_grSu6CiNe	15	315.0	0	217.001	217.301
224.685	0.9000000000000057	trials	111	s111_J210621	grCe_grSu1Ne	3	315.0	0	224.985	225.285
228.60299999999998	0.9000000000000057	trials	111	s111_J210621	grCe_grSu6CiNe	15	270.0	0	228.903	229.202
229.20299999999997	0.9000000000000057	trials	111	s111_J210621	grCe_grSu6CiNe_PS	19	90.0	0	229.503	229.802
229.803	0.9000000000000057	trials	111	s111_J210621	grSu6CiNe	14		0	230.103	230.402
235.128	0.9000000000000057	trials	111	s111_J210621	grCe_grSu1Ne	3	180.0	0	235.428	235.728
235.737	0.9000000000000057	trials	111	s111_J210621	grCe_grSu3Ne	5	0.0	0	236.037	236.336
236.337	0.9000000000000057	trials	111	s111_J210621	grCe_grSu12SmCiNe_PS	21	270.0	0	236.637	236.937
241.26299999999998	0.9000000000000057	trials	111	s111_J210621	grCe_grSu12SmCiNe_PS	21	225.0	0	241.563	241.862
241.87099999999998	0.9000000000000057	trials	111	s111_J210621	grCe_grSu12Mi	9	225.0	0	242.171	242.471
252.447	0.9000000000000057	trials	111	s111_J210621	coSu6Ne	20		0	252.747	253.047
253.047	0.9000000000000057	trials	111	s111_J210621	grCe_grSu1Ne	3	135.0	0	253.347	253.647
258.015	0.9000000000000341	trials	111	s111_J210621	grCe_grSu6Ne_PS	18	135.0	0	258.315	258.614
258.615	0.9000000000000341	trials	111	s111_J210621	grCe_grSu12SmCiNe_PS	21	0.0	0	258.915	259.214
259.215	0.9000000000000341	trials	111	s111_J210621	grCe_grSu12SmCiNe	13	0.0	0	259.515	259.814
265.51599999999996	0.9000000000000341	trials	111	s111_J210621	grCe_grSu6CiNe_PS	19	180.0	0	265.816	266.115
273.717	0.9000000000000341	trials	111	s111_J210621	grCe_grSu6CiNe_PS	19	315.0	0	274.017	274.316
274.325	0.9000000000000341	trials	111	s111_J210621	grCe_grSu12Mi	9	45.0	0	274.625	274.925
274.93399999999997	0.9000000000000341	trials	111	s111_J210621	coCe_grSu6Ne	17	270.0	0	275.234	275.533
283.676	0.9000000000000341	trials	111	s111_J210621	grSu1Ne	2		0	283.976	284.276
284.277	0.9000000000000341	trials	111	s111_J210621	grCe_grSu6CiNe	15	90.0	0	284.577	284.876
284.985	0.9000000000000341	trials	111	s111_J210621	grSu12SmCiNe	12		0	285.285	285.584
290.211	0.9000000000000341	trials	111	s111_J210621	grCe_grSu12SmCiNe	13	180.0	0	290.511	290.81
290.811	0.9000000000000341	trials	111	s111_J210621	coCe	16	225.0	0	291.111	291.41
291.411	0.9000000000000341	trials	111	s111_J210621	grCe_grSu6CiNe_PS	19	0.0	0	291.711	292.01
296.703	0.9000000000000341	trials	111	s111_J210621	grCe	1	135.0	0	297.003	297.303
297.303	0.9000000000000341	trials	111	s111_J210621	grCe_grSu3Ne	5	225.0	0	297.603	297.903
297.92	0.9000000000000341	trials	111	s111_J210621	grCe_grSu12SmCiNe	13	90.0	0	298.22	298.519
302.996	0.9000000000000341	trials	111	s111_J210621	coCe_grSu6Ne	17	0.0	0	303.296	303.595
303.596	0.9000000000000341	trials	111	s111_J210621	grCe_grSu3Ne	5	45.0	0	303.896	304.195
304.204	0.9000000000000341	trials	111	s111_J210621	coCe_grSu6Ne	17	135.0	0	304.504	304.804
309.33	0.9000000000000341	trials	111	s111_J210621	grCe_grSu3Ne	5	135.0	0	309.63	309.929
310.538	0.9000000000000341	trials	111	s111_J210621	grCe_grSu18Fa	11	225.0	0	310.838	311.138
316.789	0.9000000000000341	trials	111	s111_J210621	grSu18Fa	10		0	317.089	317.389
321.823	0.9000000000000341	trials	111	s111_J210621	grCe_grSu12Mi	9	0.0	0	322.123	322.423
322.423	0.9000000000000341	trials	111	s111_J210621	grSu3Ne	4		0	322.723	323.023
323.02299999999997	0.9000000000000341	trials	111	s111_J210621	grCe_grSu12SmCiNe_PS	21	90.0	0	323.323	323.623
331.341	0.9000000000000341	trials	111	s111_J210621	grCe	1	45.0	0	331.641	331.94
331.941	0.9000000000000341	trials	111	s111_J210621	grCe_grSu6CiNe	15	225.0	0	332.241	332.541
332.549	0.9000000000000341	trials	111	s111_J210621	grCe_grSu12Mi	9	315.0	0	332.849	333.149
337.942	0.9000000000000341	trials	111	s111_J210621	coCe_grSu6Ne	17	315.0	0	338.242	338.541
341.909	0.9000000000000341	trials	111	s111_J210621	grCe_grSu6Ne_PS	18	45.0	0	342.209	342.509
350.90999999999997	0.9000000000000341	trials	111	s111_J210621	grCe_grSu18Fa	11	135.0	0	351.21	351.51
355.911	0.9000000000000341	trials	111	s111_J210621	grCe_grSu1Ne	3	225.0	0	356.211	356.51
356.51099999999997	0.9000000000000341	trials	111	s111_J210621	grCe_grSu6Ne_PS	18	270.0	0	356.811	357.11
357.111	0.9000000000000341	trials	111	s111_J210621	grCe_grSu6CiNe_PS	19	135.0	0	357.411	357.71
361.98699999999997	0.9000000000000341	trials	111	s111_J210621	grCe_grSu6CiNe_PS	19	270.0	0	362.287	362.586
362.59499999999997	0.9000000000000341	trials	111	s111_J210621	grCe_grSu6Ne	7	180.0	0	362.895	363.195
363.195	0.9000000000000341	trials	111	s111_J210621	coCe	16	315.0	0	363.495	363.795
377.28	0.9000000000000341	trials	111	s111_J210621	grCe_grSu12Mi	9	90.0	0	377.58	377.88
377.889	0.9000000000000341	trials	111	s111_J210621	grCe_grSu18Fa	11	0.0	0	378.189	378.488
378.497	0.9000000000000341	trials	111	s111_J210621	grCe_grSu12Mi	9	270.0	0	378.797	379.097
383.481	0.9000000000000341	trials	111	s111_J210621	grCe_grSu12SmCiNe	13	270.0	0	383.781	384.081
387.682	0.9000000000000341	trials	111	s111_J210621	grCe_grSu12Mi	9	135.0	0	387.982	388.281
388.882	0.9000000000000341	trials	111	s111_J210621	coCe_grSu6Ne	17	180.0	0	389.182	389.481
393.657	0.9000000000000341	trials	111	s111_J210621	coCe	16	270.0	0	393.957	394.257
394.257	0.9000000000000341	trials	111	s111_J210621	grCe_grSu12SmCiNe	13	315.0	0	394.557	394.857
394.858	0.9000000000000341	trials	111	s111_J210621	grCe_grSu3Ne	5	225.0	7	395.158	395.457
399.933	0.9000000000000341	trials	111	s111_J210621	grCe_grSu12SmCiNe	13	90.0	7	400.233	400.533
400.533	0.9000000000000341	trials	111	s111_J210621	grCe_grSu6CiNe_PS	19	180.0	7	400.833	401.133
406.926	0.9000000000000341	trials	111	s111_J210621	grCe_grSu18Fa	11	45.0	7	407.226	407.525
407.534	0.9000000000000341	trials	111	s111_J210621	grCe_grSu6Ne	7	180.0	7	407.834	408.134
412.493	0.9000000000000341	trials	111	s111_J210621	grCe_grSu12SmCiNe_PS	21	45.0	7	412.793	413.093
413.09299999999996	0.9000000000000341	trials	111	s111_J210621	grCe_grSu12SmCiNe_PS	21	180.0	7	413.393	413.693
413.693	0.9000000000000341	trials	111	s111_J210621	coCe	16	135.0	7	413.993	414.293
418.727	0.9000000000000341	trials	111	s111_J210621	grCe_grSu1Ne	3	135.0	7	419.027	419.327
425.71999999999997	0.9000000000000341	trials	111	s111_J210621	grCe_grSu3Ne	5	90.0	7	426.02	426.319
426.32	0.9000000000000341	trials	111	s111_J210621	grSu1Ne	2		7	426.62	426.919
435.154	0.9000000000000341	trials	111	s111_J210621	grCe_grSu6CiNe	15	90.0	7	435.454	435.754
435.75399999999996	0.9000000000000341	trials	111	s111_J210621	coCe	16	0.0	7	436.054	436.354
436.35499999999996	0.9000000000000341	trials	111	s111_J210621	grCe_grSu6Ne	7	90.0	7	436.655	436.954
455.48199999999997	0.9000000000000341	trials	111	s111_J210621	grCe_grSu12Mi	9	225.0	7	455.782	456.082
459.049	0.9000000000000341	trials	111	s111_J210621	coCe_grSu6Ne	17	0.0	7	459.349	459.649
459.649	0.9000000000000341	trials	111	s111_J210621	coCe_grSu6Ne	17	225.0	7	459.949	460.249
463.166	0.9000000000000341	trials	111	s111_J210621	grCe_grSu6CiNe	15	135.0	7	463.466	463.766
463.76599999999996	0.9000000000000341	trials	111	s111_J210621	grCe	1	90.0	7	464.066	464.366
470.026	0.9000000000000341	trials	111	s111_J210621	grCe	1	315.0	7	470.326	470.625
470.634	0.9000000000000341	trials	111	s111_J210621	grCe_grSu12SmCiNe	13	135.0	7	470.934	471.234
475.59299999999996	0.9000000000000341	trials	111	s111_J210621	grCe_grSu6Ne	7	225.0	7	475.893	476.193
476.20099999999996	0.9000000000000341	trials	111	s111_J210621	grCe_grSu3Ne	5	270.0	7	476.501	476.801
476.801	0.9000000000000341	trials	111	s111_J210621	coCe	16	45.0	7	477.101	477.401
481.902	0.9000000000000341	trials	111	s111_J210621	grCe_grSu12SmCiNe	13	270.0	7	482.202	482.502
492.162	0.9000000000000341	trials	111	s111_J210621	grCe_grSu6Ne	7	270.0	7	492.462	492.761
492.77	0.9000000000000341	trials	111	s111_J210621	coCe_grSu6Ne	17	135.0	7	493.07	493.37
493.37	0.9000000000000341	trials	111	s111_J210621	coSu6Ne	20		7	493.67	493.97
498.404	0.9000000000000341	trials	111	s111_J210621	grCe_grSu6Ne_PS	18	90.0	7	498.704	499.004
499.013	0.9000000000000341	trials	111	s111_J210621	grCe_grSu18Fa	11	135.0	7	499.313	499.612
499.621	0.9000000000000341	trials	111	s111_J210621	grCe_grSu12SmCiNe	13	315.0	7	499.921	500.221
504.813	0.9000000000000341	trials	111	s111_J210621	grCe_grSu6CiNe_PS	19	315.0	7	505.113	505.413
505.414	0.9000000000000341	trials	111	s111_J210621	coCe	16	180.0	7	505.714	506.013
512.0310000000001	0.8999999999999773	trials	111	s111_J210621	grCe_grSu6Ne_PS	18	225.0	7	512.331	512.631
512.6310000000001	0.8999999999999773	trials	111	s111_J210621	grCe_grSu1Ne	3	270.0	7	512.931	513.231
522.032	0.8999999999999773	trials	111	s111_J210621	grCe_grSu12SmCiNe_PS	21	90.0	7	522.332	522.632
522.6320000000001	0.8999999999999773	trials	111	s111_J210621	grCe_grSu6CiNe_PS	19	270.0	7	522.932	523.232
528.2080000000001	0.8999999999999773	trials	111	s111_J210621	grCe_grSu6CiNe	15	270.0	7	528.508	528.808
528.808	0.8999999999999773	trials	111	s111_J210621	coCe_grSu6Ne	17	180.0	7	529.108	529.408
529.408	0.8999999999999773	trials	111	s111_J210621	grCe_grSu1Ne	3	45.0	7	529.708	530.008
534.534	0.8999999999999773	trials	111	s111_J210621	grCe	1	225.0	7	534.834	535.134
535.142	0.8999999999999773	trials	111	s111_J210621	grCe_grSu1Ne	3	90.0	7	535.442	535.742
535.7510000000001	0.8999999999999773	trials	111	s111_J210621	grCe_grSu6Ne	7	0.0	7	536.051	536.35
540.7760000000001	0.8999999999999773	trials	111	s111_J210621	grCe_grSu1Ne	3	315.0	7	541.076	541.376
541.3770000000001	0.8999999999999773	trials	111	s111_J210621	grCe_grSu6Ne_PS	18	0.0	7	541.677	541.976
541.985	0.8999999999999773	trials	111	s111_J210621	grCe_grSu12Mi	9	315.0	7	542.285	542.584
547.061	0.8999999999999773	trials	111	s111_J210621	grCe_grSu6Ne_PS	18	135.0	7	547.361	547.66
547.6610000000001	0.8999999999999773	trials	111	s111_J210621	grCe_grSu3Ne	5	0.0	7	547.961	548.26
548.2610000000001	0.8999999999999773	trials	111	s111_J210621	grCe_grSu6Ne_PS	18	180.0	7	548.561	548.86
553.37	0.8999999999999773	trials	111	s111_J210621	coCe	16	90.0	7	553.67	553.969
563.504	0.8999999999999773	trials	111	s111_J210621	grCe_grSu18Fa	11	315.0	7	563.804	564.104
566.88	0.8999999999999773	trials	111	s111_J210621	grCe_grSu12Mi	9	90.0	7	567.18	567.479
568.08	0.8999999999999773	trials	111	s111_J210621	grCe_grSu6Ne_PS	18	270.0	7	568.38	568.68
573.1220000000001	0.8999999999999773	trials	111	s111_J210621	grCe	1	135.0	7	573.422	573.722
573.7220000000001	0.8999999999999773	trials	111	s111_J210621	grCe_grSu6CiNe_PS	19	90.0	7	574.022	574.322
574.322	0.8999999999999773	trials	111	s111_J210621	grCe_grSu1Ne	3	180.0	7	574.622	574.922
579.581	0.8999999999999773	trials	111	s111_J210621	coCe	16	225.0	7	579.881	580.181
580.782	0.8999999999999773	trials	111	s111_J210621	grCe_grSu3Ne	5	315.0	7	581.082	581.381
585.8820000000001	0.8999999999999773	trials	111	s111_J210621	coCe_grSu6Ne	17	45.0	7	586.182	586.482
586.4820000000001	0.8999999999999773	trials	111	s111_J210621	grCe_grSu6Ne	7	315.0	7	586.782	587.082
587.082	0.8999999999999773	trials	111	s111_J210621	grCe_grSu1Ne	3	0.0	7	587.382	587.682
592.95	0.8999999999999773	trials	111	s111_J210621	grCe_grSu18Fa	11	90.0	7	593.25	593.549
593.558	0.8999999999999773	trials	111	s111_J210621	grSu12Mi	8		7	593.858	594.158
598.676	0.8999999999999773	trials	111	s111_J210621	grCe_grSu6Ne	7	135.0	7	598.976	599.275
599.892	0.8999999999999773	trials	111	s111_J210621	grCe_grSu12Mi	9	45.0	7	600.192	600.492
605.3100000000001	0.8999999999999773	trials	111	s111_J210621	grCe_grSu6CiNe_PS	19	135.0	7	605.61	605.909
605.952	0.8999999999999773	trials	111	s111_J210621	grCe_grSu12SmCiNe	13	0.0	7	606.252	606.551
612.0440000000001	0.8999999999999773	trials	111	s111_J210621	grCe_grSu12SmCiNe_PS	21	135.0	7	612.344	612.644
620.1700000000001	0.8999999999999773	trials	111	s111_J210621	coCe	16	315.0	7	620.47	620.77
620.7700000000001	0.8999999999999773	trials	111	s111_J210621	grCe_grSu12SmCiNe_PS	21	225.0	7	621.07	621.37
621.37	0.8999999999999773	trials	111	s111_J210621	grCe_grSu6CiNe	15	225.0	7	621.67	621.97
629.83	0.8999999999999773	trials	111	s111_J210621	grCe_grSu12SmCiNe	13	45.0	7	630.13	630.429
630.4300000000001	0.8999999999999773	trials	111	s111_J210621	grCe	1	0.0	7	630.73	631.029
639.364	0.8999999999999773	trials	111	s111_J210621	grSu18Fa	10		7	639.664	639.964
639.964	0.8999999999999773	trials	111	s111_J210621	grSu12SmCiNe	12		7	640.264	640.564
640.5640000000001	0.8999999999999773	trials	111	s111_J210621	grSu3Ne	4		7	640.864	641.164
645.682	0.8999999999999773	trials	111	s111_J210621	grCe	1	180.0	7	645.982	646.281
646.282	0.8999999999999773	trials	111	s111_J210621	NoStim	0		7	646.582	646.881
655.1080000000001	0.8999999999999773	trials	111	s111_J210621	grCe_grSu6CiNe_PS	19	225.0	7	655.408	655.707
655.716	0.8999999999999773	trials	111	s111_J210621	grCe_grSu18Fa	11	0.0	7	656.016	656.316
656.325	0.8999999999999773	trials	111	s111_J210621	grCe_grSu18Fa	11	180.0	7	656.625	656.924
661.392	0.8999999999999773	trials	111	s111_J210621	grCe	1	270.0	7	661.692	661.992
662.0010000000001	0.8999999999999773	trials	111	s111_J210621	grCe_grSu12Mi	9	0.0	7	662.301	662.6
662.601	0.8999999999999773	trials	111	s111_J210621	grCe_grSu6CiNe_PS	19	0.0	7	662.901	663.2
667.618	0.8999999999999773	trials	111	s111_J210621	grCe_grSu6Ne_PS	18	45.0	7	667.918	668.217
668.226	0.8999999999999773	trials	111	s111_J210621	grCe_grSu18Fa	11	225.0	7	668.526	668.826
668.835	0.8999999999999773	trials	111	s111_J210621	grCe_grSu1Ne	3	225.0	7	669.135	669.434
677.494	0.8999999999999773	trials	111	s111_J210621	grCe_grSu12SmCiNe_PS	21	315.0	7	677.794	678.094
678.094	0.8999999999999773	trials	111	s111_J210621	grCe_grSu3Ne	5	180.0	7	678.394	678.694
678.6940000000001	0.8999999999999773	trials	111	s111_J210621	grSu6CiNe	14		7	678.994	679.294
683.745	0.8999999999999773	trials	111	s111_J210621	grCe_grSu6Ne	7	45.0	7	684.045	684.345
684.945	0.8999999999999773	trials	111	s111_J210621	grCe_grSu6CiNe_PS	19	45.0	7	685.245	685.545
696.2470000000001	0.8999999999999773	trials	111	s111_J210621	grCe_grSu18Fa	11	270.0	7	696.547	696.846
696.8470000000001	0.8999999999999773	trials	111	s111_J210621	grCe	1	45.0	7	697.147	697.446
700.7560000000001	0.8999999999999773	trials	111	s111_J210621	coCe	16	270.0	7	701.056	701.355
704.4730000000001	0.8999999999999773	trials	111	s111_J210621	grCe_grSu6CiNe	15	315.0	7	704.773	705.072
705.0730000000001	0.8999999999999773	trials	111	s111_J210621	grCe_grSu6Ne_PS	18	315.0	7	705.373	705.672
705.673	0.8999999999999773	trials	111	s111_J210621	grCe_grSu12SmCiNe_PS	21	270.0	7	705.973	706.272
710.773	0.8999999999999773	trials	111	s111_J210621	grCe_grSu6CiNe	15	180.0	7	711.073	711.373
711.3820000000001	0.8999999999999773	trials	111	s111_J210621	grCe_grSu12SmCiNe	13	225.0	7	711.682	711.981
711.99	0.8999999999999773	trials	111	s111_J210621	grCe_grSu12Mi	9	135.0	7	712.29	712.59
717.1740000000001	0.8999999999999773	trials	111	s111_J210621	grCe_grSu3Ne	5	135.0	7	717.474	717.774
718.383	0.8999999999999773	trials	111	s111_J210621	coCe_grSu6Ne	17	90.0	7	718.683	718.982
723.2420000000001	0.8999999999999773	trials	111	s111_J210621	grCe_grSu12SmCiNe_PS	21	0.0	7	723.542	723.841
723.85	0.8999999999999773	trials	111	s111_J210621	grCe_grSu6CiNe	15	45.0	7	724.15	724.45
724.4590000000001	0.8999999999999773	trials	111	s111_J210621	grCe_grSu12Mi	9	180.0	7	724.759	725.058
729.551	0.8999999999999773	trials	111	s111_J210621	grCe_grSu6CiNe	15	0.0	7	729.851	730.15
730.1510000000001	0.8999999999999773	trials	111	s111_J210621	coCe_grSu6Ne	17	270.0	7	730.451	730.751
730.7510000000001	0.8999999999999773	trials	111	s111_J210621	grCe_grSu3Ne	5	45.0	7	731.051	731.351
735.777	0.8999999999999773	trials	111	s111_J210621	grSu6Ne	6		7	736.077	736.376
736.402	0.8999999999999773	trials	111	s111_J210621	grCe_grSu12Mi	9	270.0	7	736.702	737.001
739.9110000000001	0.8999999999999773	trials	111	s111_J210621	grCe_grSu12SmCiNe	13	180.0	7	740.211	740.51
740.5110000000001	0.8999999999999773	trials	111	s111_J210621	coCe_grSu6Ne	17	315.0	7	740.811	741.11
741.119	0.8999999999999773	trials	111	s111_J210621	grCe_grSu3Ne	5	135.0	1	741.419	741.719
752.721	0.8999999999999773	trials	111	s111_J210621	coCe	16	90.0	1	753.021	753.32
753.321	0.8999999999999773	trials	111	s111_J210621	grCe_grSu1Ne	3	180.0	1	753.621	753.92
753.921	0.8999999999999773	trials	111	s111_J210621	grCe	1	45.0	1	754.221	754.52
762.2470000000001	0.8999999999999773	trials	111	s111_J210621	grCe_grSu12SmCiNe_PS	21	180.0	1	762.547	762.846
763.447	0.8999999999999773	trials	111	s111_J210621	grCe	1	180.0	1	763.747	764.047
768.5060000000001	0.8999999999999773	trials	111	s111_J210621	coSu6Ne	20		1	768.806	769.106
769.114	0.8999999999999773	trials	111	s111_J210621	grCe_grSu18Fa	11	0.0	1	769.414	769.714
769.714	0.8999999999999773	trials	111	s111_J210621	grCe_grSu6Ne_PS	18	270.0	1	770.014	770.314
774.6650000000001	0.8999999999999773	trials	111	s111_J210621	grCe_grSu6CiNe	15	180.0	1	774.965	775.265
788.4920000000001	0.8999999999999773	trials	111	s111_J210621	grCe_grSu18Fa	11	90.0	1	788.792	789.091
789.1	0.8999999999999773	trials	111	s111_J210621	grCe_grSu6Ne	7	180.0	1	789.4	789.7
789.7	0.8999999999999773	trials	111	s111_J210621	grCe_grSu6CiNe	15	315.0	1	790.0	790.3
804.086	0.8999999999999773	trials	111	s111_J210621	grCe_grSu6Ne_PS	18	45.0	1	804.386	804.685
804.686	0.8999999999999773	trials	111	s111_J210621	grCe_grSu12SmCiNe_PS	21	270.0	1	804.986	805.285
805.2860000000001	0.8999999999999773	trials	111	s111_J210621	coCe	16	180.0	1	805.586	805.885
810.336	0.8999999999999773	trials	111	s111_J210621	grCe_grSu12SmCiNe	13	135.0	1	810.636	810.936
811.5450000000001	0.8999999999999773	trials	111	s111_J210621	grCe_grSu6CiNe	15	270.0	1	811.845	812.144
820.196	0.8999999999999773	trials	111	s111_J210621	coCe	16	0.0	1	820.496	820.796
820.796	0.8999999999999773	trials	111	s111_J210621	coCe	16	45.0	1	821.096	821.396
821.4050000000001	0.8999999999999773	trials	111	s111_J210621	grCe_grSu12Mi	9	45.0	1	821.705	822.004
826.98	0.8999999999999773	trials	111	s111_J210621	grCe_grSu12Mi	9	180.0	1	827.28	827.58
827.58	0.8999999999999773	trials	111	s111_J210621	grSu6CiNe	14		1	827.88	828.18
832.839	0.8999999999999773	trials	111	s111_J210621	grCe_grSu6CiNe_PS	19	315.0	1	833.139	833.439
834.048	0.8999999999999773	trials	111	s111_J210621	grCe_grSu6Ne_PS	18	180.0	1	834.348	834.647
839.023	0.8999999999999773	trials	111	s111_J210621	grCe_grSu3Ne	5	225.0	1	839.323	839.623
839.6650000000001	0.8999999999999773	trials	111	s111_J210621	grCe_grSu3Ne	5	270.0	1	839.965	840.265
846.6740000000001	0.8999999999999773	trials	111	s111_J210621	grCe_grSu6Ne_PS	18	0.0	1	846.974	847.274
851.7330000000001	0.8999999999999773	trials	111	s111_J210621	grCe_grSu3Ne	5	90.0	1	852.033	852.333
852.3340000000001	0.8999999999999773	trials	111	s111_J210621	grCe_grSu3Ne	5	45.0	1	852.634	852.933
852.9340000000001	0.8999999999999773	trials	111	s111_J210621	grCe_grSu1Ne	3	45.0	1	853.234	853.533
857.859	0.8999999999999773	trials	111	s111_J210621	grCe_grSu12SmCiNe_PS	21	90.0	1	858.159	858.459
858.4590000000001	0.8999999999999773	trials	111	s111_J210621	grSu1Ne	2		1	858.759	859.059
859.0590000000001	0.8999999999999773	trials	111	s111_J210621	coCe	16	135.0	1	859.359	859.659
868.3190000000001	0.8999999999999773	trials	111	s111_J210621	grCe_grSu12Mi	9	270.0	1	868.619	868.918
873.345	0.8999999999999773	trials	111	s111_J210621	grCe_grSu18Fa	11	270.0	1	873.645	873.944
873.945	0.8999999999999773	trials	111	s111_J210621	coCe_grSu6Ne	17	90.0	1	874.245	874.544
879.462	0.8999999999999773	trials	111	s111_J210621	grCe_grSu6CiNe_PS	19	225.0	1	879.762	880.062
880.062	0.8999999999999773	trials	111	s111_J210621	coCe_grSu6Ne	17	135.0	1	880.362	880.662
880.662	0.8999999999999773	trials	111	s111_J210621	grCe_grSu12SmCiNe_PS	21	45.0	1	880.962	881.262
885.638	0.8999999999999773	trials	111	s111_J210621	grCe_grSu12SmCiNe	13	270.0	1	885.938	886.237
889.672	0.8999999999999773	trials	111	s111_J210621	grCe_grSu6CiNe_PS	19	135.0	1	889.972	890.271
890.272	0.8999999999999773	trials	111	s111_J210621	grCe	1	225.0	1	890.572	890.871
890.8720000000001	0.8999999999999773	trials	111	s111_J210621	grCe_grSu12SmCiNe_PS	21	225.0	1	891.172	891.471
899.7560000000001	0.8999999999999773	trials	111	s111_J210621	grCe_grSu6CiNe	15	135.0	1	900.056	900.356
900.356	0.8999999999999773	trials	111	s111_J210621	grCe_grSu6CiNe	15	225.0	1	900.656	900.956
900.965	0.8999999999999773	trials	111	s111_J210621	grCe_grSu18Fa	11	180.0	1	901.265	901.564
906.457	0.8999999999999773	trials	111	s111_J210621	grCe_grSu12SmCiNe_PS	21	315.0	1	906.757	907.057
907.082	0.8999999999999773	trials	111	s111_J210621	coCe	16	315.0	1	907.382	907.682
907.682	0.8999999999999773	trials	111	s111_J210621	coCe_grSu6Ne	17	315.0	1	907.982	908.282
927.552	0.8999999999999773	trials	111	s111_J210621	grCe_grSu18Fa	11	315.0	1	927.852	928.151
928.152	0.8999999999999773	trials	111	s111_J210621	grCe_grSu1Ne	3	225.0	1	928.452	928.751
934.6030000000001	0.8999999999999773	trials	111	s111_J210621	grCe_grSu6Ne	7	90.0	1	934.903	935.202
942.7040000000001	0.8999999999999773	trials	111	s111_J210621	grCe_grSu3Ne	5	180.0	1	943.004	943.303
943.3040000000001	0.8999999999999773	trials	111	s111_J210621	grCe	1	0.0	1	943.604	943.903
943.904	0.8999999999999773	trials	111	s111_J210621	grCe_grSu6Ne_PS	18	315.0	1	944.204	944.503
949.163	0.8999999999999773	trials	111	s111_J210621	grCe_grSu12Mi	9	225.0	1	949.463	949.762
949.763	0.8999999999999773	trials	111	s111_J210621	grCe_grSu6CiNe_PS	19	180.0	1	950.063	950.362
950.3710000000001	0.8999999999999773	trials	111	s111_J210621	grCe_grSu12Mi	9	315.0	1	950.671	950.971
962.231	0.8999999999999773	trials	111	s111_J210621	coCe_grSu6Ne	17	180.0	1	962.531	962.831
962.84	0.8999999999999773	trials	111	s111_J210621	grCe_grSu12Mi	9	90.0	1	963.14	963.439
963.44	0.8999999999999773	trials	111	s111_J210621	NoStim	0		1	963.74	964.039
968.4150000000001	0.8999999999999773	trials	111	s111_J210621	grCe_grSu6CiNe_PS	19	270.0	1	968.715	969.015
969.0150000000001	0.8999999999999773	trials	111	s111_J210621	grCe_grSu6Ne	7	45.0	1	969.315	969.615
969.615	0.8999999999999773	trials	111	s111_J210621	coCe	16	270.0	1	969.915	970.215
977.841	0.8999999999999773	trials	111	s111_J210621	grCe	1	90.0	1	978.141	978.441
982.034	0.8999999999999773	trials	111	s111_J210621	grCe_grSu6CiNe_PS	19	90.0	1	982.334	982.633
983.234	0.8999999999999773	trials	111	s111_J210621	grCe_grSu12SmCiNe	13	180.0	1	983.534	983.833
988.2090000000001	0.8999999999999773	trials	111	s111_J210621	grCe	1	315.0	1	988.509	988.809
988.8180000000001	0.8999999999999773	trials	111	s111_J210621	grCe_grSu12Mi	9	0.0	1	989.118	989.417
989.418	0.8999999999999773	trials	111	s111_J210621	grCe_grSu1Ne	3	90.0	1	989.718	990.017
999.928	0.8999999999999773	trials	111	s111_J210621	grSu12SmCiNe	12		1	1000.228	1000.527
1000.528	0.8999999999999773	trials	111	s111_J210621	grCe_grSu6CiNe	15	90.0	1	1000.828	1001.127
1001.1360000000001	0.8999999999999773	trials	111	s111_J210621	grCe_grSu6Ne	7	0.0	1	1001.436	1001.736
1006.2370000000001	0.8999999999999773	trials	111	s111_J210621	grSu3Ne	4		1	1006.537	1006.836
1006.837	0.8999999999999773	trials	111	s111_J210621	grCe_grSu6Ne_PS	18	225.0	1	1007.137	1007.436
1012.388	0.8999999999999773	trials	111	s111_J210621	coCe	16	225.0	1	1012.688	1012.987
1012.9960000000001	0.8999999999999773	trials	111	s111_J210621	grCe_grSu12Mi	9	135.0	1	1013.296	1013.596
1013.596	0.8999999999999773	trials	111	s111_J210621	grCe_grSu6Ne	7	315.0	1	1013.896	1014.196
1018.797	0.8999999999999773	trials	111	s111_J210621	grCe_grSu1Ne	3	135.0	1	1019.097	1019.396
1019.397	0.8999999999999773	trials	111	s111_J210621	grCe_grSu3Ne	5	315.0	1	1019.697	1019.996
1019.9970000000001	0.8999999999999773	trials	111	s111_J210621	grCe_grSu12SmCiNe	13	225.0	1	1020.297	1020.596
1026.414	0.8999999999998636	trials	111	s111_J210621	grCe_grSu18Fa	11	135.0	1	1026.714	1027.014
1027.0230000000001	0.8999999999998636	trials	111	s111_J210621	grCe_grSu18Fa	11	225.0	1	1027.323	1027.622
1027.631	0.8999999999998636	trials	111	s111_J210621	grCe_grSu18Fa	11	45.0	1	1027.931	1028.231
1034.665	0.8999999999998636	trials	111	s111_J210621	grCe_grSu6CiNe_PS	19	0.0	1	1034.965	1035.265
1035.266	0.8999999999998636	trials	111	s111_J210621	grCe_grSu12SmCiNe_PS	21	0.0	1	1035.566	1035.865
1041.358	0.8999999999998636	trials	111	s111_J210621	grSu12Mi	8		1	1041.658	1041.958
1041.958	0.8999999999998636	trials	111	s111_J210621	grCe_grSu6Ne_PS	18	90.0	1	1042.258	1042.558
1042.583	0.8999999999998636	trials	111	s111_J210621	grSu6Ne	6		1	1042.883	1043.183
1081.897	0.8999999999998636	trials	111	s111_J210621	grCe_grSu12SmCiNe	13	45.0	1	1082.197	1082.496
1082.505	0.8999999999998636	trials	111	s111_J210621	coCe_grSu6Ne	17	270.0	1	1082.805	1083.105
1091.548	0.8999999999998636	trials	111	s111_J210621	grCe_grSu12SmCiNe	13	90.0	1	1091.848	1092.147
1092.748	0.8999999999998636	trials	111	s111_J210621	grCe_grSu12SmCiNe_PS	21	135.0	1	1093.048	1093.348
1098.449	0.8999999999998636	trials	111	s111_J210621	coCe_grSu6Ne	17	225.0	1	1098.749	1099.048
1099.049	0.8999999999998636	trials	111	s111_J210621	grCe_grSu1Ne	3	270.0	1	1099.349	1099.648
1104.316	0.8999999999998636	trials	111	s111_J210621	grCe_grSu6CiNe	15	0.0	1	1104.616	1104.916
1108.092	0.8999999999998636	trials	111	s111_J210621	grCe_grSu3Ne	5	0.0	1	1108.392	1108.691
1109.2920000000001	0.8999999999998636	trials	111	s111_J210621	grCe_grSu12SmCiNe	13	315.0	1	1109.592	1109.891
1119.885	0.8999999999998636	trials	111	s111_J210621	grCe_grSu6Ne	7	135.0	1	1120.185	1120.484
1120.4850000000001	0.8999999999998636	trials	111	s111_J210621	grCe_grSu12SmCiNe	13	0.0	1	1120.785	1121.084
1121.085	0.8999999999998636	trials	111	s111_J210621	grCe	1	270.0	1	1121.385	1121.685
1126.227	0.8999999999998636	trials	111	s111_J210621	grCe_grSu6CiNe	15	45.0	1	1126.527	1126.827
1126.836	0.8999999999998636	trials	111	s111_J210621	grCe_grSu6Ne	7	225.0	1	1127.136	1127.435
1130.678	0.8999999999998636	trials	111	s111_J210621	coCe_grSu6Ne	17	0.0	1	1130.978	1131.277
1131.278	0.8999999999998636	trials	111	s111_J210621	grCe_grSu1Ne	3	315.0	1	1131.578	1131.878
1131.886	0.8999999999998636	trials	111	s111_J210621	grSu18Fa	10		1	1132.186	1132.486
1137.4370000000001	0.8999999999998636	trials	111	s111_J210621	grCe_grSu6CiNe_PS	19	45.0	1	1137.737	1138.037
1138.037	0.8999999999998636	trials	111	s111_J210621	coCe_grSu6Ne	17	45.0	1	1138.337	1138.637
1143.188	0.8999999999998636	trials	111	s111_J210621	grCe_grSu6Ne_PS	18	135.0	1	1143.488	1143.787
1144.396	0.8999999999998636	trials	111	s111_J210621	grCe_grSu1Ne	3	0.0	1	1144.696	1144.996
1160.1480000000001	0.8999999999998636	trials	111	s111_J210621	grCe	1	135.0	1	1160.448	1160.748
1164.241	0.8999999999998636	trials	111	s111_J210621	grCe_grSu6Ne	7	270.0	1	1164.541	1164.84
1168.4080000000001	0.8999999999998636	trials	111	s111_J210621	coCe	16	45.0	6	1168.708	1169.007
1169.016	0.8999999999998636	trials	111	s111_J210621	grCe_grSu3Ne	5	135.0	6	1169.316	1169.616
1174.05	0.8999999999998636	trials	111	s111_J210621	grCe_grSu6Ne_PS	18	225.0	6	1174.35	1174.65
1174.65	0.8999999999998636	trials	111	s111_J210621	grCe_grSu6Ne	7	90.0	6	1174.95	1175.25
1175.25	0.8999999999998636	trials	111	s111_J210621	coCe	16	0.0	6	1175.55	1175.85
1180.243	0.8999999999998636	trials	111	s111_J210621	grCe_grSu6Ne	7	45.0	6	1180.543	1180.842
1180.851	0.8999999999998636	trials	111	s111_J210621	grCe_grSu12Mi	9	225.0	6	1181.151	1181.451
1181.46	0.8999999999998636	trials	111	s111_J210621	grCe_grSu18Fa	11	270.0	6	1181.76	1182.059
1186.827	0.8999999999998636	trials	111	s111_J210621	coCe_grSu6Ne	17	135.0	6	1187.127	1187.426
1187.435	0.8999999999998636	trials	111	s111_J210621	grCe_grSu3Ne	5	90.0	6	1187.735	1188.035
1188.044	0.8999999999998636	trials	111	s111_J210621	grCe_grSu12Mi	9	135.0	6	1188.344	1188.643
1193.053	0.8999999999998636	trials	111	s111_J210621	coCe	16	270.0	6	1193.353	1193.652
1193.653	0.8999999999998636	trials	111	s111_J210621	grSu6Ne	6		6	1193.953	1194.252
1194.2530000000002	0.8999999999998636	trials	111	s111_J210621	grCe_grSu1Ne	3	180.0	6	1194.553	1194.852
1199.637	0.8999999999998636	trials	111	s111_J210621	grCe_grSu3Ne	5	270.0	6	1199.937	1200.236
1200.237	0.8999999999998636	trials	111	s111_J210621	coCe_grSu6Ne	17	180.0	6	1200.537	1200.837
1216.597	0.8999999999998636	trials	111	s111_J210621	grCe_grSu12SmCiNe_PS	21	180.0	6	1216.897	1217.197
1217.1970000000001	0.8999999999998636	trials	111	s111_J210621	grCe_grSu12SmCiNe	13	315.0	6	1217.497	1217.797
1222.2060000000001	0.8999999999998636	trials	111	s111_J210621	grCe_grSu12SmCiNe_PS	21	0.0	6	1222.506	1222.806
1226.449	0.8999999999998636	trials	111	s111_J210621	coSu6Ne	20		6	1226.749	1227.048
1227.049	0.8999999999998636	trials	111	s111_J210621	grCe_grSu6Ne_PS	18	0.0	6	1227.349	1227.648
1232.0910000000001	0.8999999999998636	trials	111	s111_J210621	grCe_grSu6Ne	7	0.0	6	1232.391	1232.691
1232.7	0.8999999999998636	trials	111	s111_J210621	coCe_grSu6Ne	17	225.0	6	1233.0	1233.299
1241.851	0.8999999999998636	trials	111	s111_J210621	grCe_grSu18Fa	11	45.0	6	1242.151	1242.45
1242.459	0.8999999999998636	trials	111	s111_J210621	grCe_grSu12Mi	9	0.0	6	1242.759	1243.059
1248.135	0.8999999999998636	trials	111	s111_J210621	grCe_grSu12SmCiNe	13	0.0	6	1248.435	1248.734
1248.743	0.8999999999998636	trials	111	s111_J210621	grCe_grSu1Ne	3	225.0	6	1249.043	1249.343
1249.352	0.8999999999998636	trials	111	s111_J210621	grCe_grSu12Mi	9	90.0	6	1249.652	1249.951
1254.977	0.8999999999998636	trials	111	s111_J210621	coCe_grSu6Ne	17	90.0	6	1255.277	1255.577
1255.577	0.8999999999998636	trials	111	s111_J210621	grCe_grSu6CiNe_PS	19	0.0	6	1255.877	1256.177
1264.179	0.8999999999998636	trials	111	s111_J210621	grCe_grSu12SmCiNe_PS	21	225.0	6	1264.479	1264.778
1264.779	0.8999999999998636	trials	111	s111_J210621	grCe	1	0.0	6	1265.079	1265.378
1270.971	0.8999999999998636	trials	111	s111_J210621	grSu3Ne	4		6	1271.271	1271.571
1271.646	0.8999999999998636	trials	111	s111_J210621	grCe_grSu1Ne	3	45.0	6	1271.946	1272.246
1277.297	0.8999999999998636	trials	111	s111_J210621	grCe_grSu6CiNe	15	315.0	6	1277.597	1277.896
1277.897	0.8999999999998636	trials	111	s111_J210621	grCe_grSu6Ne	7	225.0	6	1278.197	1278.497
1278.497	0.8999999999998636	trials	111	s111_J210621	grCe_grSu6CiNe	15	90.0	6	1278.797	1279.097
1283.506	0.8999999999998636	trials	111	s111_J210621	grCe_grSu18Fa	11	315.0	6	1283.806	1284.106
1284.106	0.8999999999998636	trials	111	s111_J210621	grCe_grSu12SmCiNe	13	135.0	6	1284.406	1284.706
1284.7150000000001	0.8999999999998636	trials	111	s111_J210621	grCe_grSu12Mi	9	315.0	6	1285.015	1285.314
1289.499	0.8999999999998636	trials	111	s111_J210621	grCe_grSu12Mi	9	180.0	6	1289.799	1290.098
1296.5240000000001	0.8999999999998636	trials	111	s111_J210621	coCe	16	180.0	6	1296.824	1297.124
1297.125	0.8999999999998636	trials	111	s111_J210621	grCe_grSu6Ne	7	180.0	6	1297.425	1297.724
1306.034	0.8999999999998636	trials	111	s111_J210621	grCe_grSu6CiNe	15	180.0	6	1306.334	1306.634
1306.642	0.8999999999998636	trials	111	s111_J210621	grCe_grSu18Fa	11	135.0	6	1306.942	1307.242
1307.243	0.8999999999998636	trials	111	s111_J210621	coCe	16	315.0	6	1307.543	1307.842
1312.135	0.8999999999998636	trials	111	s111_J210621	grCe_grSu1Ne	3	90.0	6	1312.435	1312.734
1319.169	0.8999999999998636	trials	111	s111_J210621	grCe_grSu3Ne	5	225.0	6	1319.469	1319.769
1319.777	0.8999999999998636	trials	111	s111_J210621	grCe_grSu12Mi	9	45.0	6	1320.077	1320.377
1320.3780000000002	0.8999999999998636	trials	111	s111_J210621	grCe_grSu6CiNe_PS	19	135.0	6	1320.678	1320.977
1335.296	0.8999999999998636	trials	111	s111_J210621	grSu6CiNe	14		6	1335.596	1335.896
1335.896	0.8999999999998636	trials	111	s111_J210621	grCe	1	90.0	6	1336.196	1336.496
1336.505	0.8999999999998636	trials	111	s111_J210621	grCe_grSu1Ne	3	270.0	6	1336.805	1337.104
1341.53	0.8999999999998636	trials	111	s111_J210621	grCe	1	180.0	6	1341.83	1342.13
1349.015	0.8999999999998636	trials	111	s111_J210621	grCe_grSu18Fa	11	225.0	6	1349.315	1349.614
1353.9650000000001	0.8999999999998636	trials	111	s111_J210621	grCe_grSu18Fa	11	0.0	6	1354.265	1354.565
1358.2160000000001	0.8999999999998636	trials	111	s111_J210621	grCe_grSu1Ne	3	315.0	6	1358.516	1358.815
1361.75	0.8999999999998636	trials	111	s111_J210621	grCe_grSu6Ne_PS	18	45.0	6	1362.05	1362.349
1362.358	0.8999999999998636	trials	111	s111_J210621	grCe_grSu6CiNe	15	135.0	6	1362.658	1362.958
1362.958	0.8999999999998636	trials	111	s111_J210621	grCe_grSu12SmCiNe_PS	21	45.0	6	1363.258	1363.558
1368.0	0.8999999999998636	trials	111	s111_J210621	grCe_grSu6Ne_PS	18	180.0	6	1368.3	1368.6
1369.201	0.8999999999998636	trials	111	s111_J210621	coCe_grSu6Ne	17	270.0	6	1369.501	1369.8
1374.251	0.8999999999998636	trials	111	s111_J210621	grCe_grSu12SmCiNe_PS	21	270.0	6	1374.551	1374.851
1377.952	0.8999999999998636	trials	111	s111_J210621	grCe_grSu6CiNe_PS	19	45.0	6	1378.252	1378.551
1378.5520000000001	0.8999999999998636	trials	111	s111_J210621	grCe_grSu6CiNe	15	270.0	6	1378.852	1379.151
1379.152	0.8999999999998636	trials	111	s111_J210621	grCe_grSu6CiNe	15	45.0	6	1379.452	1379.751
1384.227	0.8999999999998636	trials	111	s111_J210621	grCe_grSu12SmCiNe	13	45.0	6	1384.527	1384.827
1384.828	0.8999999999998636	trials	111	s111_J210621	grCe_grSu6Ne_PS	18	270.0	6	1385.128	1385.427
1385.428	0.8999999999998636	trials	111	s111_J210621	grCe_grSu6Ne_PS	18	90.0	6	1385.728	1386.027
1390.6200000000001	0.8999999999998636	trials	111	s111_J210621	grCe_grSu12SmCiNe	13	90.0	6	1390.92	1391.22
1391.2450000000001	0.8999999999998636	trials	111	s111_J210621	grCe_grSu3Ne	5	315.0	6	1391.545	1391.845
1391.845	0.8999999999998636	trials	111	s111_J210621	grCe_grSu1Ne	3	135.0	6	1392.145	1392.445
1398.0040000000001	0.8999999999998636	trials	111	s111_J210621	grSu12Mi	8		6	1398.304	1398.604
1403.647	0.8999999999998636	trials	111	s111_J210621	grCe_grSu12SmCiNe_PS	21	135.0	6	1403.947	1404.246
1407.4470000000001	0.8999999999998636	trials	111	s111_J210621	grCe	1	45.0	6	1407.747	1408.047
1411.414	0.8999999999998636	trials	111	s111_J210621	grCe_grSu6CiNe_PS	19	180.0	6	1411.714	1412.014
1412.0140000000001	0.8999999999998636	trials	111	s111_J210621	grCe_grSu6CiNe_PS	19	90.0	6	1412.314	1412.614
1415.3980000000001	0.8999999999998636	trials	111	s111_J210621	NoStim	0		6	1415.698	1415.998
1415.998	0.8999999999998636	trials	111	s111_J210621	grSu1Ne	2		6	1416.298	1416.598
1416.598	0.8999999999998636	trials	111	s111_J210621	grCe_grSu6CiNe_PS	19	270.0	6	1416.898	1417.198
1422.291	0.8999999999998636	trials	111	s111_J210621	coCe_grSu6Ne	17	0.0	6	1422.591	1422.89
1427.9080000000001	0.8999999999998636	trials	111	s111_J210621	coCe	16	135.0	6	1428.208	1428.508
1432.025	0.8999999999998636	trials	111	s111_J210621	grCe_grSu12SmCiNe	13	270.0	6	1432.325	1432.625
1435.634	0.8999999999998636	trials	111	s111_J210621	grCe_grSu12Mi	9	270.0	6	1435.934	1436.234
1439.243	0.8999999999998636	trials	111	s111_J210621	coCe	16	90.0	6	1439.543	1439.842
1439.843	0.8999999999998636	trials	111	s111_J210621	grCe_grSu6Ne_PS	18	135.0	6	1440.143	1440.443
1440.451	0.8999999999998636	trials	111	s111_J210621	grCe_grSu18Fa	11	90.0	6	1440.751	1441.051
1445.402	0.8999999999998636	trials	111	s111_J210621	grSu12SmCiNe	12		6	1445.702	1446.002
1446.002	0.8999999999998636	trials	111	s111_J210621	grCe	1	225.0	6	1446.302	1446.602
1451.6280000000002	0.8999999999998636	trials	111	s111_J210621	grCe	1	135.0	6	1451.928	1452.227
1455.02	0.8999999999998636	trials	111	s111_J210621	grCe_grSu3Ne	5	0.0	6	1455.32	1455.62
1456.22	0.8999999999998636	trials	111	s111_J210621	coCe_grSu6Ne	17	45.0	6	1456.52	1456.82
1461.488	0.8999999999998636	trials	111	s111_J210621	grCe_grSu12SmCiNe	13	225.0	6	1461.788	1462.087
1462.088	0.8999999999998636	trials	111	s111_J210621	grCe	1	270.0	6	1462.388	1462.687
1462.688	0.8999999999998636	trials	111	s111_J210621	grCe_grSu6CiNe_PS	19	225.0	6	1462.988	1463.287
1467.688	0.8999999999998636	trials	111	s111_J210621	grCe	1	315.0	6	1467.988	1468.288
1468.288	0.8999999999998636	trials	111	s111_J210621	grCe_grSu6Ne	7	315.0	6	1468.588	1468.888
1468.8880000000001	0.8999999999998636	trials	111	s111_J210621	grCe_grSu12SmCiNe_PS	21	315.0	6	1469.188	1469.488
1473.8310000000001	0.8999999999998636	trials	111	s111_J210621	grCe_grSu1Ne	3	0.0	6	1474.131	1474.43
1474.431	0.8999999999998636	trials	111	s111_J210621	grCe_grSu6CiNe	15	225.0	6	1474.731	1475.03
1475.039	0.8999999999998636	trials	111	s111_J210621	grCe_grSu6Ne	7	135.0	6	1475.339	1475.639
1479.915	0.8999999999998636	trials	111	s111_J210621	grCe_grSu6CiNe	15	0.0	6	1480.215	1480.514
1483.582	0.8999999999998636	trials	111	s111_J210621	coCe_grSu6Ne	17	315.0	6	1483.882	1484.182
1484.182	0.8999999999998636	trials	111	s111_J210621	grCe_grSu3Ne	5	45.0	6	1484.482	1484.782
1489.933	0.8999999999998636	trials	111	s111_J210621	grCe_grSu3Ne	5	180.0	6	1490.233	1490.532
1490.5330000000001	0.8999999999998636	trials	111	s111_J210621	grCe_grSu6Ne	7	270.0	6	1490.833	1491.132
1491.133	0.8999999999998636	trials	111	s111_J210621	grCe_grSu6CiNe_PS	19	315.0	6	1491.433	1491.733
1496.3	0.8999999999998636	trials	111	s111_J210621	grCe_grSu6Ne_PS	18	315.0	6	1496.6	1496.9
1500.709	0.8999999999998636	trials	111	s111_J210621	coCe	16	225.0	6	1501.009	1501.309
1501.309	0.8999999999998636	trials	111	s111_J210621	grCe_grSu12SmCiNe_PS	21	90.0	6	1501.609	1501.909
1507.1680000000001	0.8999999999998636	trials	111	s111_J210621	grCe_grSu12SmCiNe	13	180.0	6	1507.468	1507.768
1508.377	0.8999999999998636	trials	111	s111_J210621	grCe_grSu18Fa	11	180.0	6	1508.677	1508.976
1513.428	0.8999999999998636	trials	111	s111_J210621	grSu18Fa	10		6	1513.728	1514.027
1514.028	0.8999999999998636	trials	111	s111_J210621	coCe	16	0.0	4	1514.328	1514.627
1514.6280000000002	0.8999999999998636	trials	111	s111_J210621	grCe_grSu6CiNe_PS	19	225.0	4	1514.928	1515.227
1519.462	0.8999999999998636	trials	111	s111_J210621	coCe	16	315.0	4	1519.762	1520.061
1529.4550000000002	0.8999999999998636	trials	111	s111_J210621	grCe_grSu6CiNe_PS	19	180.0	4	1529.755	1530.054
1536.489	0.8999999999998636	trials	111	s111_J210621	coCe	16	90.0	4	1536.789	1537.088
1537.097	0.8999999999998636	trials	111	s111_J210621	coCe_grSu6Ne	17	270.0	4	1537.397	1537.697
1548.599	0.8999999999998636	trials	111	s111_J210621	coCe	16	270.0	4	1548.899	1549.198
1549.807	0.8999999999998636	trials	111	s111_J210621	grCe_grSu6Ne	7	225.0	4	1550.107	1550.407
1557.95	0.8999999999998636	trials	111	s111_J210621	grCe_grSu6Ne	7	270.0	4	1558.25	1558.55
1564.843	0.8999999999998636	trials	111	s111_J210621	coCe	16	180.0	4	1565.143	1565.442
1565.443	0.8999999999998636	trials	111	s111_J210621	grCe_grSu12SmCiNe_PS	21	315.0	4	1565.743	1566.042
1566.0510000000002	0.8999999999998636	trials	111	s111_J210621	grCe_grSu3Ne	5	270.0	4	1566.351	1566.651
1571.118	0.8999999999998636	trials	111	s111_J210621	grCe_grSu12SmCiNe	13	0.0	4	1571.418	1571.718
1571.727	0.8999999999998636	trials	111	s111_J210621	grCe_grSu3Ne	5	90.0	4	1572.027	1572.326
1572.335	0.8999999999998636	trials	111	s111_J210621	grCe_grSu18Fa	11	315.0	4	1572.635	1572.935
1577.961	0.8999999999998636	trials	111	s111_J210621	grCe_grSu6CiNe	15	0.0	4	1578.261	1578.56
1578.5610000000001	0.8999999999998636	trials	111	s111_J210621	grCe_grSu1Ne	3	135.0	4	1578.861	1579.161
1583.903	0.8999999999998636	trials	111	s111_J210621	grCe_grSu1Ne	3	90.0	4	1584.203	1584.503
1587.512	0.8999999999998636	trials	111	s111_J210621	grCe_grSu6Ne_PS	18	90.0	4	1587.812	1588.112
1588.721	0.8999999999998636	trials	111	s111_J210621	grCe_grSu6CiNe	15	135.0	4	1589.021	1589.32
1595.005	0.8999999999998636	trials	111	s111_J210621	grCe_grSu12SmCiNe	13	270.0	4	1595.305	1595.604
1600.022	0.8999999999998636	trials	111	s111_J210621	grCe_grSu6Ne	7	45.0	4	1600.322	1600.622
1603.756	0.8999999999998636	trials	111	s111_J210621	grCe	1	135.0	4	1604.056	1604.355
1604.356	0.8999999999998636	trials	111	s111_J210621	grSu12SmCiNe	12		4	1604.656	1604.956
1604.9560000000001	0.8999999999998636	trials	111	s111_J210621	grCe_grSu1Ne	3	315.0	4	1605.256	1605.556
1613.3410000000001	0.8999999999998636	trials	111	s111_J210621	grCe_grSu6Ne	7	90.0	4	1613.641	1613.94
1613.949	0.8999999999998636	trials	111	s111_J210621	grCe_grSu18Fa	11	270.0	4	1614.249	1614.548
1620.241	0.8999999999998636	trials	111	s111_J210621	grCe_grSu12Mi	9	90.0	4	1620.541	1620.841
1620.8410000000001	0.8999999999998636	trials	111	s111_J210621	grCe_grSu1Ne	3	45.0	4	1621.141	1621.441
1628.776	0.8999999999998636	trials	111	s111_J210621	grCe	1	90.0	4	1629.076	1629.375
1629.376	0.8999999999998636	trials	111	s111_J210621	grCe_grSu6Ne_PS	18	180.0	4	1629.676	1629.975
1634.977	0.8999999999998636	trials	111	s111_J210621	grCe	1	45.0	4	1635.277	1635.576
1635.585	0.8999999999998636	trials	111	s111_J210621	grCe_grSu12SmCiNe	13	315.0	4	1635.885	1636.185
1636.185	0.8999999999998636	trials	111	s111_J210621	grCe_grSu12SmCiNe	13	90.0	4	1636.485	1636.785
1641.019	0.8999999999998636	trials	111	s111_J210621	grCe	1	270.0	4	1641.319	1641.619
1644.661	0.8999999999998636	trials	111	s111_J210621	grCe_grSu6Ne_PS	18	315.0	4	1644.961	1645.261
1645.861	0.8999999999998636	trials	111	s111_J210621	coCe_grSu6Ne	17	315.0	4	1646.161	1646.461
1650.829	0.8999999999998636	trials	111	s111_J210621	grCe_grSu6CiNe	15	225.0	4	1651.129	1651.428
1651.429	0.8999999999998636	trials	111	s111_J210621	grCe_grSu6Ne_PS	18	45.0	4	1651.729	1652.028
1652.029	0.8999999999998636	trials	111	s111_J210621	grCe_grSu6Ne_PS	18	270.0	4	1652.329	1652.628
1660.222	0.8999999999998636	trials	111	s111_J210621	grCe_grSu1Ne	3	225.0	4	1660.522	1660.821
1660.8300000000002	0.8999999999998636	trials	111	s111_J210621	grCe_grSu6CiNe	15	90.0	4	1661.13	1661.43
1661.438	0.8999999999998636	trials	111	s111_J210621	grCe_grSu12Mi	9	45.0	4	1661.738	1662.038
1669.106	0.8999999999998636	trials	111	s111_J210621	grCe_grSu6CiNe	15	180.0	4	1669.406	1669.706
1672.882	0.8999999999998636	trials	111	s111_J210621	grCe_grSu6Ne	7	0.0	4	1673.182	1673.481
1673.49	0.8999999999998636	trials	111	s111_J210621	grCe_grSu3Ne	5	225.0	4	1673.79	1674.09
1674.0900000000001	0.8999999999998636	trials	111	s111_J210621	grSu6Ne	6		4	1674.39	1674.69
1679.107	0.8999999999998636	trials	111	s111_J210621	grCe_grSu6Ne_PS	18	0.0	4	1679.407	1679.707
1679.7160000000001	0.8999999999998636	trials	111	s111_J210621	grCe_grSu12SmCiNe	13	225.0	4	1680.016	1680.315
1683.183	0.8999999999998636	trials	111	s111_J210621	grCe	1	180.0	4	1683.483	1683.782
1683.7830000000001	0.8999999999998636	trials	111	s111_J210621	grCe_grSu1Ne	3	0.0	4	1684.083	1684.383
1684.391	0.8999999999998636	trials	111	s111_J210621	grCe_grSu12Mi	9	270.0	4	1684.691	1684.991
1689.492	0.8999999999998636	trials	111	s111_J210621	grCe_grSu12SmCiNe_PS	21	225.0	4	1689.792	1690.092
1695.6760000000002	0.8999999999998636	trials	111	s111_J210621	grCe	1	315.0	4	1695.976	1696.276
1696.276	0.8999999999998636	trials	111	s111_J210621	grCe_grSu12SmCiNe_PS	21	180.0	4	1696.576	1696.876
1696.876	0.8999999999998636	trials	111	s111_J210621	grCe_grSu6Ne_PS	18	225.0	4	1697.176	1697.476
1701.794	0.8999999999998636	trials	111	s111_J210621	grCe_grSu12Mi	9	135.0	4	1702.094	1702.393
1702.402	0.8999999999998636	trials	111	s111_J210621	grCe_grSu18Fa	11	225.0	4	1702.702	1703.002
1703.01	0.8999999999998636	trials	111	s111_J210621	coCe_grSu6Ne	17	135.0	4	1703.31	1703.61
1708.111	0.8999999999998636	trials	111	s111_J210621	grCe_grSu12SmCiNe	13	135.0	4	1708.411	1708.711
1711.4950000000001	0.8999999999998636	trials	111	s111_J210621	grCe_grSu12Mi	9	180.0	4	1711.795	1712.094
1715.17	0.8999999999998636	trials	111	s111_J210621	grCe_grSu6CiNe	15	45.0	4	1715.47	1715.77
1715.787	0.8999999999998636	trials	111	s111_J210621	grSu12Mi	8		4	1716.087	1716.387
1716.387	0.8999999999998636	trials	111	s111_J210621	grCe_grSu6CiNe_PS	19	135.0	4	1716.687	1716.987
1727.347	0.8999999999998636	trials	111	s111_J210621	coCe	16	225.0	4	1727.647	1727.947
1727.9470000000001	0.8999999999998636	trials	111	s111_J210621	grCe_grSu12SmCiNe_PS	21	0.0	4	1728.247	1728.547
1733.606	0.8999999999998636	trials	111	s111_J210621	grCe_grSu12SmCiNe	13	45.0	4	1733.906	1734.206
1734.815	0.8999999999998636	trials	111	s111_J210621	grCe_grSu18Fa	11	45.0	4	1735.115	1735.414
1739.807	0.8999999999998636	trials	111	s111_J210621	coCe_grSu6Ne	17	90.0	4	1740.107	1740.406
1746.833	0.8999999999998636	trials	111	s111_J210621	grSu1Ne	2		4	1747.133	1747.432
1747.433	0.8999999999998636	trials	111	s111_J210621	coCe	16	45.0	4	1747.733	1748.032
1748.0330000000001	0.8999999999998636	trials	111	s111_J210621	coCe_grSu6Ne	17	0.0	4	1748.333	1748.633
1752.992	0.8999999999998636	trials	111	s111_J210621	grCe_grSu6CiNe_PS	19	315.0	4	1753.292	1753.591
1754.2	0.8999999999998636	trials	111	s111_J210621	grCe_grSu18Fa	11	135.0	4	1754.5	1754.8
1774.178	0.8999999999998636	trials	111	s111_J210621	grCe_grSu6Ne	7	315.0	4	1774.478	1774.778
1774.778	0.8999999999998636	trials	111	s111_J210621	grCe_grSu1Ne	3	270.0	4	1775.078	1775.378
1775.3780000000002	0.8999999999998636	trials	111	s111_J210621	grCe_grSu3Ne	5	0.0	4	1775.678	1775.978
1780.404	0.8999999999998636	trials	111	s111_J210621	grCe_grSu1Ne	3	180.0	4	1780.704	1781.003
1781.012	0.8999999999998636	trials	111	s111_J210621	grCe_grSu12Mi	9	0.0	4	1781.312	1781.612
1781.612	0.8999999999998636	trials	111	s111_J210621	NoStim	0		4	1781.912	1782.212
1789.563	0.8999999999998636	trials	111	s111_J210621	grCe_grSu12SmCiNe_PS	21	270.0	4	1789.863	1790.163
1793.8310000000001	0.8999999999998636	trials	111	s111_J210621	grCe_grSu6CiNe	15	270.0	4	1794.131	1794.43
1794.431	0.8999999999998636	trials	111	s111_J210621	grCe_grSu3Ne	5	135.0	4	1794.731	1795.03
1795.031	0.8999999999998636	trials	111	s111_J210621	grCe_grSu6Ne_PS	18	135.0	4	1795.331	1795.63
1803.5900000000001	0.8999999999998636	trials	111	s111_J210621	grCe_grSu6Ne	7	135.0	4	1803.89	1804.19
1808.049	0.8999999999998636	trials	111	s111_J210621	grSu18Fa	10		4	1808.349	1808.649
1813.608	0.8999999999998636	trials	111	s111_J210621	grCe_grSu12SmCiNe_PS	21	45.0	4	1813.908	1814.208
1814.208	0.8999999999998636	trials	111	s111_J210621	grCe_grSu3Ne	5	315.0	4	1814.508	1814.808
1817.867	0.8999999999998636	trials	111	s111_J210621	grCe_grSu6Ne	7	180.0	4	1818.167	1818.467
1818.467	0.8999999999998636	trials	111	s111_J210621	grCe_grSu3Ne	5	180.0	4	1818.767	1819.067
1819.067	0.8999999999998636	trials	111	s111_J210621	grCe_grSu12SmCiNe_PS	21	90.0	4	1819.367	1819.667
1824.1760000000002	0.8999999999998636	trials	111	s111_J210621	grCe_grSu6CiNe	15	315.0	4	1824.476	1824.776
1827.718	0.8999999999998636	trials	111	s111_J210621	coCe_grSu6Ne	17	180.0	4	1828.018	1828.318
1831.911	0.8999999999998636	trials	111	s111_J210621	grSu3Ne	4		4	1832.211	1832.51
1832.511	0.8999999999998636	trials	111	s111_J210621	coCe	16	135.0	4	1832.811	1833.11
1838.111	0.8999999999998636	trials	111	s111_J210621	grCe_grSu6CiNe_PS	19	0.0	4	1838.411	1838.711
1838.711	0.8999999999998636	trials	111	s111_J210621	grSu6CiNe	14		4	1839.011	1839.311
1844.787	0.8999999999998636	trials	111	s111_J210621	grCe_grSu3Ne	5	45.0	4	1845.087	1845.387
1845.396	0.8999999999998636	trials	111	s111_J210621	grCe_grSu12Mi	9	315.0	4	1845.696	1845.995
1850.863	0.8999999999998636	trials	111	s111_J210621	grCe_grSu18Fa	11	90.0	4	1851.163	1851.463
1851.463	0.8999999999998636	trials	111	s111_J210621	grCe	1	0.0	4	1851.763	1852.063
1852.0800000000002	0.8999999999998636	trials	111	s111_J210621	grCe_grSu12SmCiNe_PS	21	135.0	4	1852.38	1852.679
1857.005	0.8999999999998636	trials	111	s111_J210621	coCe_grSu6Ne	17	225.0	4	1857.305	1857.605
1857.614	0.8999999999998636	trials	111	s111_J210621	grCe_grSu12Mi	9	225.0	4	1857.914	1858.213
1858.2640000000001	0.8999999999998636	trials	111	s111_J210621	grCe_grSu18Fa	11	180.0	4	1858.564	1858.863
1863.24	0.8999999999998636	trials	111	s111_J210621	grCe_grSu18Fa	11	0.0	4	1863.54	1863.839
1863.8400000000001	0.8999999999998636	trials	111	s111_J210621	grCe_grSu6CiNe_PS	19	90.0	4	1864.14	1864.439
1872.424	0.8999999999998636	trials	111	s111_J210621	grCe_grSu6CiNe_PS	19	45.0	4	1872.724	1873.024
1873.0240000000001	0.8999999999998636	trials	111	s111_J210621	grCe	1	225.0	4	1873.324	1873.624
1873.624	0.8999999999998636	trials	111	s111_J210621	grCe_grSu6CiNe_PS	19	270.0	4	1873.924	1874.224
1878.6580000000001	0.8999999999998636	trials	111	s111_J210621	coSu6Ne	20		4	1878.958	1879.258
1879.258	0.8999999999998636	trials	111	s111_J210621	coCe_grSu6Ne	17	45.0	4	1879.558	1879.858
1879.867	0.8999999999998636	trials	111	s111_J210621	grCe_grSu12SmCiNe	13	180.0	4	1880.167	1880.466
1884.934	0.8999999999998636	trials	111	s111_J210621	grCe_grSu18Fa	11	315.0	2	1885.234	1885.534
1886.143	0.8999999999998636	trials	111	s111_J210621	grCe_grSu12Mi	9	135.0	2	1886.443	1886.742
1904.4950000000001	0.8999999999998636	trials	111	s111_J210621	grCe_grSu18Fa	11	45.0	2	1904.795	1905.094
1910.662	0.8999999999998636	trials	111	s111_J210621	grCe_grSu18Fa	11	0.0	2	1910.962	1911.262
1911.262	0.8999999999998636	trials	111	s111_J210621	coCe	16	270.0	2	1911.562	1911.862
1911.871	0.8999999999998636	trials	111	s111_J210621	grCe_grSu18Fa	11	225.0	2	1912.171	1912.47
1916.963	0.8999999999998636	trials	111	s111_J210621	grCe_grSu6CiNe_PS	19	45.0	2	1917.263	1917.563
1917.5720000000001	0.8999999999998636	trials	111	s111_J210621	grCe_grSu6Ne	7	0.0	2	1917.872	1918.171
1918.172	0.8999999999998636	trials	111	s111_J210621	coSu6Ne	20		2	1918.472	1918.771
1926.3310000000001	0.8999999999998636	trials	111	s111_J210621	grCe_grSu1Ne	3	270.0	2	1926.631	1926.931
1926.931	0.8999999999998636	trials	111	s111_J210621	grCe_grSu1Ne	3	315.0	2	1927.231	1927.531
1927.531	0.8999999999998636	trials	111	s111_J210621	grCe_grSu6CiNe_PS	19	270.0	2	1927.831	1928.131
1932.515	0.8999999999998636	trials	111	s111_J210621	grCe_grSu6Ne	7	315.0	2	1932.815	1933.115
1933.124	0.8999999999998636	trials	111	s111_J210621	grCe_grSu18Fa	11	180.0	2	1933.424	1933.723
1933.732	0.8999999999998636	trials	111	s111_J210621	grCe_grSu12SmCiNe	13	135.0	2	1934.032	1934.332
1946.517	0.8999999999998636	trials	111	s111_J210621	grCe_grSu6Ne_PS	18	180.0	2	1946.817	1947.117
1952.118	0.8999999999998636	trials	111	s111_J210621	grSu3Ne	4		2	1952.418	1952.717
1952.718	0.8999999999998636	trials	111	s111_J210621	grCe_grSu6Ne_PS	18	0.0	2	1953.018	1953.317
1953.326	0.8999999999998636	trials	111	s111_J210621	grCe_grSu3Ne	5	45.0	2	1953.626	1953.926
1958.6100000000001	0.8999999999998636	trials	111	s111_J210621	grCe_grSu6CiNe	15	315.0	2	1958.91	1959.21
1959.21	0.8999999999998636	trials	111	s111_J210621	grCe	1	90.0	2	1959.51	1959.81
1959.819	0.8999999999998636	trials	111	s111_J210621	grCe_grSu12SmCiNe	13	0.0	2	1960.119	1960.418
1968.2530000000002	0.8999999999998636	trials	111	s111_J210621	coCe_grSu6Ne	17	90.0	2	1968.553	1968.853
1968.895	0.8999999999998636	trials	111	s111_J210621	grCe_grSu1Ne	3	225.0	2	1969.195	1969.494
1969.4950000000001	0.8999999999998636	trials	111	s111_J210621	grCe_grSu6CiNe_PS	19	225.0	2	1969.795	1970.095
1977.7630000000001	0.8999999999998636	trials	111	s111_J210621	grCe_grSu1Ne	3	180.0	2	1978.063	1978.362
1978.963	0.8999999999998636	trials	111	s111_J210621	grCe_grSu6Ne_PS	18	90.0	2	1979.263	1979.562
1990.073	0.8999999999998636	trials	111	s111_J210621	grCe_grSu12Mi	9	225.0	2	1990.373	1990.672
1990.673	0.8999999999998636	trials	111	s111_J210621	grCe_grSu12SmCiNe_PS	21	315.0	2	1990.973	1991.272
1998.174	0.8999999999998636	trials	111	s111_J210621	grCe_grSu6CiNe	15	225.0	2	1998.474	1998.773
2010.1000000000001	0.8999999999998636	trials	111	s111_J210621	grCe_grSu6Ne	7	225.0	2	2010.4	2010.7
2013.851	0.8999999999998636	trials	111	s111_J210621	grCe_grSu3Ne	5	0.0	2	2014.151	2014.45
2014.459	0.8999999999998636	trials	111	s111_J210621	grCe_grSu1Ne	3	135.0	2	2014.759	2015.059
2020.1100000000001	0.8999999999998636	trials	111	s111_J210621	grCe_grSu1Ne	3	45.0	2	2020.41	2020.709
2020.71	0.8999999999998636	trials	111	s111_J210621	coCe_grSu6Ne	17	225.0	2	2021.01	2021.31
2024.294	0.8999999999998636	trials	111	s111_J210621	coCe_grSu6Ne	17	180.0	2	2024.594	2024.893
2025.502	0.8999999999998636	trials	111	s111_J210621	grSu18Fa	10		2	2025.802	2026.102
2030.7450000000001	0.8999999999998636	trials	111	s111_J210621	grCe_grSu12Mi	9	0.0	2	2031.045	2031.344
2031.345	0.8999999999998636	trials	111	s111_J210621	grCe	1	0.0	2	2031.645	2031.944
2031.954	0.8999999999998636	trials	111	s111_J210621	grCe_grSu3Ne	5	135.0	2	2032.254	2032.554
2036.913	0.8999999999998636	trials	111	s111_J210621	grCe_grSu6CiNe	15	0.0	2	2037.213	2037.513
2041.547	0.8999999999998636	trials	111	s111_J210621	grCe	1	225.0	2	2041.847	2042.147
2042.147	0.8999999999998636	trials	111	s111_J210621	grCe_grSu3Ne	5	90.0	2	2042.447	2042.747
2042.747	0.8999999999998636	trials	111	s111_J210621	grCe_grSu6Ne	7	135.0	2	2043.047	2043.347
2047.773	0.8999999999998636	trials	111	s111_J210621	grCe_grSu6CiNe	15	45.0	2	2048.073	2048.372
2051.732	0.900000000000091	trials	111	s111_J210621	grCe_grSu6CiNe	15	135.0	2	2052.032	2052.331
2052.332	0.900000000000091	trials	111	s111_J210621	NoStim	0		2	2052.632	2052.931
2058.008	0.900000000000091	trials	111	s111_J210621	coCe_grSu6Ne	17	315.0	2	2058.308	2058.607
2058.649	0.900000000000091	trials	111	s111_J210621	grCe_grSu6CiNe_PS	19	0.0	2	2058.949	2059.249
2059.249	0.900000000000091	trials	111	s111_J210621	coCe	16	45.0	2	2059.549	2059.849
2067.7169999999996	0.900000000000091	trials	111	s111_J210621	grCe_grSu6CiNe	15	180.0	2	2068.017	2068.317
2068.317	0.900000000000091	trials	111	s111_J210621	grCe	1	135.0	2	2068.617	2068.917
2068.917	0.900000000000091	trials	111	s111_J210621	grCe_grSu6CiNe_PS	19	90.0	2	2069.217	2069.517
2073.951	0.900000000000091	trials	111	s111_J210621	coCe	16	180.0	2	2074.251	2074.551
2074.551	0.900000000000091	trials	111	s111_J210621	grCe_grSu6Ne_PS	18	270.0	2	2074.851	2075.151
2075.151	0.900000000000091	trials	111	s111_J210621	grCe_grSu3Ne	5	225.0	2	2075.451	2075.751
2080.277	0.900000000000091	trials	111	s111_J210621	grCe	1	270.0	2	2080.577	2080.877
2080.877	0.900000000000091	trials	111	s111_J210621	grSu6CiNe	14		2	2081.177	2081.477
2081.477	0.900000000000091	trials	111	s111_J210621	grCe_grSu12SmCiNe	13	270.0	2	2081.777	2082.077
2086.62	0.900000000000091	trials	111	s111_J210621	grCe_grSu12Mi	9	90.0	2	2086.92	2087.219
2087.22	0.900000000000091	trials	111	s111_J210621	grCe	1	315.0	2	2087.52	2087.819
2094.0539999999996	0.900000000000091	trials	111	s111_J210621	grCe_grSu18Fa	11	135.0	2	2094.354	2094.653
2094.662	0.900000000000091	trials	111	s111_J210621	grCe_grSu6Ne	7	90.0	2	2094.962	2095.262
2095.2619999999997	0.900000000000091	trials	111	s111_J210621	grCe_grSu12SmCiNe_PS	21	180.0	2	2095.562	2095.862
2107.4469999999997	0.900000000000091	trials	111	s111_J210621	grCe_grSu6Ne_PS	18	315.0	2	2107.747	2108.047
2108.047	0.900000000000091	trials	111	s111_J210621	grCe_grSu12SmCiNe_PS	21	45.0	2	2108.347	2108.647
2108.647	0.900000000000091	trials	111	s111_J210621	grCe_grSu6CiNe_PS	19	135.0	2	2108.947	2109.247
2113.4979999999996	0.900000000000091	trials	111	s111_J210621	grCe_grSu6Ne	7	180.0	2	2113.798	2114.098
2117.1989999999996	0.900000000000091	trials	111	s111_J210621	coCe_grSu6Ne	17	135.0	2	2117.499	2117.798
2117.799	0.900000000000091	trials	111	s111_J210621	grCe_grSu6Ne	7	270.0	2	2118.099	2118.398
2118.399	0.900000000000091	trials	111	s111_J210621	grCe_grSu6Ne_PS	18	45.0	2	2118.699	2118.998
2123.3329999999996	0.900000000000091	trials	111	s111_J210621	grCe_grSu3Ne	5	270.0	2	2123.633	2123.932
2129.692	0.900000000000091	trials	111	s111_J210621	coCe_grSu6Ne	17	45.0	2	2129.992	2130.291
2130.2999999999997	0.900000000000091	trials	111	s111_J210621	grCe_grSu18Fa	11	90.0	2	2130.6	2130.9
2130.8999999999996	0.900000000000091	trials	111	s111_J210621	grCe_grSu12SmCiNe	13	180.0	2	2131.2	2131.5
2136.0589999999997	0.900000000000091	trials	111	s111_J210621	grCe_grSu12SmCiNe	13	225.0	2	2136.359	2136.659
2136.6589999999997	0.900000000000091	trials	111	s111_J210621	grCe_grSu1Ne	3	0.0	2	2136.959	2137.259
2144.852	0.900000000000091	trials	111	s111_J210621	grCe_grSu6CiNe_PS	19	315.0	2	2145.152	2145.452
2145.4519999999998	0.900000000000091	trials	111	s111_J210621	grCe_grSu6CiNe_PS	19	180.0	2	2145.752	2146.052
2151.1279999999997	0.900000000000091	trials	111	s111_J210621	grCe_grSu18Fa	11	270.0	2	2151.428	2151.727
2151.7279999999996	0.900000000000091	trials	111	s111_J210621	grCe	1	180.0	2	2152.028	2152.328
2152.328	0.900000000000091	trials	111	s111_J210621	grCe_grSu6Ne_PS	18	225.0	2	2152.628	2152.928
2157.604	0.900000000000091	trials	111	s111_J210621	grCe_grSu6CiNe	15	270.0	2	2157.904	2158.203
2158.8039999999996	0.900000000000091	trials	111	s111_J210621	grCe_grSu3Ne	5	180.0	2	2159.104	2159.403
2163.605	0.900000000000091	trials	111	s111_J210621	grCe_grSu12SmCiNe_PS	21	90.0	2	2163.905	2164.204
2164.205	0.900000000000091	trials	111	s111_J210621	grCe_grSu12SmCiNe_PS	21	225.0	2	2164.505	2164.804
2164.8129999999996	0.900000000000091	trials	111	s111_J210621	grCe_grSu12Mi	9	45.0	2	2165.113	2165.413
2169.93	0.900000000000091	trials	111	s111_J210621	coCe_grSu6Ne	17	270.0	2	2170.23	2170.53
2173.422	0.900000000000091	trials	111	s111_J210621	grCe_grSu12SmCiNe	13	90.0	2	2173.722	2174.022
2177.531	0.900000000000091	trials	111	s111_J210621	grSu12SmCiNe	12		2	2177.831	2178.131
2178.14	0.900000000000091	trials	111	s111_J210621	grCe_grSu12Mi	9	180.0	2	2178.44	2178.739
2183.057	0.900000000000091	trials	111	s111_J210621	coCe	16	90.0	2	2183.357	2183.657
2186.7659999999996	0.900000000000091	trials	111	s111_J210621	grCe_grSu6CiNe	15	90.0	2	2187.066	2187.365
2187.374	0.900000000000091	trials	111	s111_J210621	grCe_grSu12Mi	9	315.0	2	2187.674	2187.974
2187.9739999999997	0.900000000000091	trials	111	s111_J210621	coCe_grSu6Ne	17	0.0	2	2188.274	2188.574
2192.9579999999996	0.900000000000091	trials	111	s111_J210621	grCe_grSu12SmCiNe_PS	21	0.0	2	2193.258	2193.558
2193.567	0.900000000000091	trials	111	s111_J210621	grCe_grSu12Mi	9	270.0	2	2193.867	2194.166
2194.167	0.900000000000091	trials	111	s111_J210621	grCe_grSu6Ne	7	45.0	2	2194.467	2194.766
2199.151	0.900000000000091	trials	111	s111_J210621	coCe	16	0.0	2	2199.451	2199.75
2199.759	0.900000000000091	trials	111	s111_J210621	grCe_grSu12SmCiNe	13	315.0	2	2200.059	2200.359
2200.359	0.900000000000091	trials	111	s111_J210621	grCe	1	45.0	2	2200.659	2200.959
2205.3599999999997	0.900000000000091	trials	111	s111_J210621	grCe_grSu12SmCiNe_PS	21	270.0	2	2205.66	2205.959
2205.96	0.900000000000091	trials	111	s111_J210621	grCe_grSu12SmCiNe_PS	21	135.0	2	2206.26	2206.56
2206.56	0.900000000000091	trials	111	s111_J210621	grCe_grSu12SmCiNe	13	45.0	2	2206.86	2207.16
2215.6699999999996	0.900000000000091	trials	111	s111_J210621	coCe	16	315.0	2	2215.97	2216.269
2216.886	0.900000000000091	trials	111	s111_J210621	grSu12Mi	8		2	2217.186	2217.486
2221.904	0.900000000000091	trials	111	s111_J210621	coCe	16	225.0	2	2222.204	2222.503
2222.504	0.900000000000091	trials	111	s111_J210621	grSu1Ne	2		2	2222.804	2223.103
2223.104	0.900000000000091	trials	111	s111_J210621	grCe_grSu6Ne_PS	18	135.0	2	2223.404	2223.703
2231.547	0.900000000000091	trials	111	s111_J210621	grCe_grSu3Ne	5	315.0	2	2231.847	2232.146
2232.147	0.900000000000091	trials	111	s111_J210621	coCe	16	135.0	2	2232.447	2232.746
2235.772	0.900000000000091	trials	111	s111_J210621	grSu6Ne	6		2	2236.072	2236.372
2236.9719999999998	0.900000000000091	trials	111	s111_J210621	grCe_grSu1Ne	3	90.0	2	2237.272	2237.572
2249.682	0.900000000000091	trials	111	s111_J210621	grCe_grSu12SmCiNe	13	315.0	5	2249.982	2250.282
2250.2909999999997	0.900000000000091	trials	111	s111_J210621	grCe_grSu3Ne	5	180.0	5	2250.591	2250.89
2256.567	0.900000000000091	trials	111	s111_J210621	grCe_grSu12SmCiNe_PS	21	180.0	5	2256.867	2257.166
2262.259	0.900000000000091	trials	111	s111_J210621	coCe_grSu6Ne	17	180.0	5	2262.559	2262.859
2262.8669999999997	0.900000000000091	trials	111	s111_J210621	coCe_grSu6Ne	17	225.0	5	2263.167	2263.467
2263.4669999999996	0.900000000000091	trials	111	s111_J210621	grCe_grSu6Ne	7	225.0	5	2263.767	2264.067
2269.2929999999997	0.900000000000091	trials	111	s111_J210621	grCe_grSu6CiNe_PS	19	180.0	5	2269.593	2269.893
2269.902	0.900000000000091	trials	111	s111_J210621	grCe_grSu12Mi	9	225.0	5	2270.202	2270.501
2274.902	0.900000000000091	trials	111	s111_J210621	grCe_grSu12Mi	9	0.0	5	2275.202	2275.502
2276.102	0.900000000000091	trials	111	s111_J210621	coSu6Ne	20		5	2276.402	2276.702
2281.1949999999997	0.900000000000091	trials	111	s111_J210621	grCe_grSu6Ne	7	270.0	5	2281.495	2281.794
2281.7949999999996	0.900000000000091	trials	111	s111_J210621	grCe_grSu12SmCiNe_PS	21	315.0	5	2282.095	2282.394
2282.395	0.900000000000091	trials	111	s111_J210621	grSu6CiNe	14		5	2282.695	2282.994
2287.404	0.900000000000091	trials	111	s111_J210621	coCe	16	90.0	5	2287.704	2288.003
2291.138	0.900000000000091	trials	111	s111_J210621	grCe_grSu12SmCiNe	13	180.0	5	2291.438	2291.737
2291.738	0.900000000000091	trials	111	s111_J210621	grCe_grSu6CiNe	15	180.0	5	2292.038	2292.337
2292.3379999999997	0.900000000000091	trials	111	s111_J210621	grCe_grSu6Ne_PS	18	315.0	5	2292.638	2292.937
2297.855	0.900000000000091	trials	111	s111_J210621	grCe_grSu1Ne	3	45.0	5	2298.155	2298.455
2303.489	0.900000000000091	trials	111	s111_J210621	grCe_grSu12SmCiNe	13	225.0	5	2303.789	2304.089
2304.089	0.900000000000091	trials	111	s111_J210621	grCe_grSu6CiNe_PS	19	135.0	5	2304.389	2304.689
2304.689	0.900000000000091	trials	111	s111_J210621	grCe_grSu6CiNe	15	225.0	5	2304.989	2305.289
2309.982	0.900000000000091	trials	111	s111_J210621	grCe_grSu6CiNe	15	45.0	5	2310.282	2310.581
2313.6659999999997	0.900000000000091	trials	111	s111_J210621	coCe	16	135.0	5	2313.966	2314.265
2314.274	0.900000000000091	trials	111	s111_J210621	grCe_grSu6Ne	7	135.0	5	2314.574	2314.874
2314.874	0.900000000000091	trials	111	s111_J210621	coCe	16	315.0	5	2315.174	2315.474
2319.8579999999997	0.900000000000091	trials	111	s111_J210621	grCe_grSu18Fa	11	90.0	5	2320.158	2320.458
2320.4579999999996	0.900000000000091	trials	111	s111_J210621	grCe_grSu6Ne_PS	18	90.0	5	2320.758	2321.058
2321.058	0.900000000000091	trials	111	s111_J210621	grCe_grSu3Ne	5	315.0	5	2321.358	2321.658
2326.201	0.900000000000091	trials	111	s111_J210621	coCe_grSu6Ne	17	0.0	5	2326.501	2326.8
2326.8089999999997	0.900000000000091	trials	111	s111_J210621	grCe_grSu6CiNe	15	135.0	5	2327.109	2327.409
2327.4089999999997	0.900000000000091	trials	111	s111_J210621	grCe	1	225.0	5	2327.709	2328.009
2333.118	0.900000000000091	trials	111	s111_J210621	grCe_grSu12SmCiNe	13	270.0	5	2333.418	2333.718
2333.785	0.900000000000091	trials	111	s111_J210621	coCe	16	225.0	5	2334.085	2334.384
2338.6859999999997	0.900000000000091	trials	111	s111_J210621	coCe_grSu6Ne	17	270.0	5	2338.986	2339.285
2339.894	0.900000000000091	trials	111	s111_J210621	grCe_grSu6Ne	7	45.0	5	2340.194	2340.494
2344.845	0.900000000000091	trials	111	s111_J210621	grCe_grSu6CiNe	15	270.0	5	2345.145	2345.444
2348.4869999999996	0.900000000000091	trials	111	s111_J210621	coCe	16	180.0	5	2348.787	2349.086
2349.095	0.900000000000091	trials	111	s111_J210621	grCe_grSu12Mi	9	90.0	5	2349.395	2349.695
2349.6949999999997	0.900000000000091	trials	111	s111_J210621	grSu3Ne	4		5	2349.995	2350.295
2354.671	0.900000000000091	trials	111	s111_J210621	grSu6Ne	6		5	2354.971	2355.271
2355.2709999999997	0.900000000000091	trials	111	s111_J210621	grCe_grSu1Ne	3	315.0	5	2355.571	2355.871
2355.879	0.900000000000091	trials	111	s111_J210621	grCe_grSu18Fa	11	180.0	5	2356.179	2356.479
2360.9469999999997	0.900000000000091	trials	111	s111_J210621	grCe_grSu6CiNe_PS	19	315.0	5	2361.247	2361.546
2361.555	0.900000000000091	trials	111	s111_J210621	grCe_grSu18Fa	11	0.0	5	2361.855	2362.155
2367.2479999999996	0.900000000000091	trials	111	s111_J210621	grCe_grSu12SmCiNe_PS	21	135.0	5	2367.548	2367.847
2368.448	0.900000000000091	trials	111	s111_J210621	grCe_grSu6CiNe	15	90.0	5	2368.748	2369.047
2379.9489999999996	0.900000000000091	trials	111	s111_J210621	grCe	1	0.0	5	2380.249	2380.549
2386.625	0.900000000000091	trials	111	s111_J210621	grCe_grSu6CiNe	15	0.0	5	2386.925	2387.225
2387.234	0.900000000000091	trials	111	s111_J210621	grCe_grSu12SmCiNe	13	45.0	5	2387.534	2387.833
2390.801	0.900000000000091	trials	111	s111_J210621	coCe	16	0.0	5	2391.101	2391.4
2391.4089999999997	0.900000000000091	trials	111	s111_J210621	grCe_grSu12Mi	9	270.0	5	2391.709	2392.009
2392.017	0.900000000000091	trials	111	s111_J210621	grCe_grSu3Ne	5	90.0	5	2392.317	2392.617
2396.926	0.900000000000091	trials	111	s111_J210621	grCe_grSu12Mi	9	45.0	5	2397.226	2397.526
2397.527	0.900000000000091	trials	111	s111_J210621	grCe	1	90.0	5	2397.827	2398.126
2398.127	0.900000000000091	trials	111	s111_J210621	grCe_grSu6Ne_PS	18	225.0	5	2398.427	2398.726
2403.736	0.900000000000091	trials	111	s111_J210621	grCe_grSu6Ne_PS	18	270.0	5	2404.036	2404.335
2404.336	0.900000000000091	trials	111	s111_J210621	grCe_grSu1Ne	3	270.0	5	2404.636	2404.935
2415.346	0.900000000000091	trials	111	s111_J210621	coCe_grSu6Ne	17	315.0	5	2415.646	2415.945
2415.9539999999997	0.900000000000091	trials	111	s111_J210621	grCe_grSu18Fa	11	270.0	5	2416.254	2416.553
2421.605	0.900000000000091	trials	111	s111_J210621	grCe	1	315.0	5	2421.905	2422.204
2422.205	0.900000000000091	trials	111	s111_J210621	grCe_grSu12SmCiNe	13	0.0	5	2422.505	2422.804
2423.013	0.900000000000091	trials	111	s111_J210621	grCe_grSu6CiNe_PS	19	270.0	5	2423.313	2423.613
2428.114	0.900000000000091	trials	111	s111_J210621	grCe_grSu1Ne	3	135.0	5	2428.414	2428.713
2428.714	0.900000000000091	trials	111	s111_J210621	grCe	1	45.0	5	2429.014	2429.313
2429.314	0.900000000000091	trials	111	s111_J210621	grSu12SmCiNe	12		5	2429.614	2429.914
2434.406	0.900000000000091	trials	111	s111_J210621	grCe_grSu3Ne	5	45.0	5	2434.706	2435.006
2435.015	0.900000000000091	trials	111	s111_J210621	grSu12Mi	8		5	2435.315	2435.614
2435.615	0.900000000000091	trials	111	s111_J210621	grCe_grSu6CiNe	15	315.0	5	2435.915	2436.214
2440.582	0.900000000000091	trials	111	s111_J210621	grCe	1	270.0	5	2440.882	2441.182
2444.408	0.900000000000091	trials	111	s111_J210621	grCe_grSu18Fa	11	135.0	5	2444.708	2445.007
2445.008	0.900000000000091	trials	111	s111_J210621	grCe_grSu12SmCiNe_PS	21	0.0	5	2445.308	2445.607
2445.6079999999997	0.900000000000091	trials	111	s111_J210621	grCe_grSu1Ne	3	225.0	5	2445.908	2446.207
2450.6749999999997	0.900000000000091	trials	111	s111_J210621	grCe_grSu12SmCiNe	13	135.0	5	2450.975	2451.275
2451.2839999999997	0.900000000000091	trials	111	s111_J210621	grCe_grSu12Mi	9	135.0	5	2451.584	2451.883
2456.9339999999997	0.900000000000091	trials	111	s111_J210621	grCe_grSu3Ne	5	225.0	5	2457.234	2457.534
2458.151	0.900000000000091	trials	111	s111_J210621	grCe_grSu18Fa	11	225.0	5	2458.451	2458.751
2466.6349999999998	0.900000000000091	trials	111	s111_J210621	grCe_grSu6Ne	7	0.0	5	2466.935	2467.235
2473.961	0.900000000000091	trials	111	s111_J210621	grCe_grSu6Ne	7	315.0	5	2474.261	2474.561
2474.562	0.900000000000091	trials	111	s111_J210621	coCe_grSu6Ne	17	45.0	5	2474.862	2475.161
2485.48	0.900000000000091	trials	111	s111_J210621	grCe_grSu12SmCiNe	13	90.0	5	2485.78	2486.079
2486.68	0.900000000000091	trials	111	s111_J210621	grCe_grSu6Ne_PS	18	180.0	5	2486.98	2487.279
2492.422	0.900000000000091	trials	111	s111_J210621	grCe_grSu12Mi	9	315.0	5	2492.722	2493.022
2493.022	0.900000000000091	trials	111	s111_J210621	grCe_grSu3Ne	5	270.0	5	2493.322	2493.622
2498.04	0.900000000000091	trials	111	s111_J210621	grSu18Fa	10		5	2498.34	2498.639
2498.64	0.900000000000091	trials	111	s111_J210621	grCe_grSu6Ne	7	90.0	5	2498.94	2499.239
2499.24	0.900000000000091	trials	111	s111_J210621	coCe	16	270.0	5	2499.54	2499.839
2504.857	0.900000000000091	trials	111	s111_J210621	grCe_grSu1Ne	3	180.0	5	2505.157	2505.457
2505.457	0.900000000000091	trials	111	s111_J210621	grCe_grSu1Ne	3	0.0	5	2505.757	2506.057
2510.491	0.900000000000091	trials	111	s111_J210621	grCe_grSu12Mi	9	180.0	5	2510.791	2511.091
2511.091	0.900000000000091	trials	111	s111_J210621	grCe_grSu6Ne_PS	18	135.0	5	2511.391	2511.691
2511.691	0.900000000000091	trials	111	s111_J210621	grCe_grSu6CiNe_PS	19	45.0	5	2511.991	2512.291
2526.0519999999997	0.900000000000091	trials	111	s111_J210621	coCe_grSu6Ne	17	135.0	5	2526.352	2526.651
2526.652	0.900000000000091	trials	111	s111_J210621	grCe_grSu6Ne_PS	18	45.0	5	2526.952	2527.251
2527.252	0.900000000000091	trials	111	s111_J210621	coCe	16	45.0	5	2527.552	2527.851
2532.444	0.900000000000091	trials	111	s111_J210621	grCe_grSu18Fa	11	315.0	5	2532.744	2533.044
2533.044	0.900000000000091	trials	111	s111_J210621	grCe_grSu1Ne	3	90.0	5	2533.344	2533.644
2533.6609999999996	0.900000000000091	trials	111	s111_J210621	NoStim	0		5	2533.961	2534.26
2539.087	0.900000000000091	trials	111	s111_J210621	grCe	1	180.0	5	2539.387	2539.686
2539.703	0.900000000000091	trials	111	s111_J210621	grCe_grSu12SmCiNe_PS	21	225.0	5	2540.003	2540.303
2540.303	0.900000000000091	trials	111	s111_J210621	grCe_grSu3Ne	5	135.0	5	2540.603	2540.903
2551.9719999999998	0.900000000000091	trials	111	s111_J210621	grCe_grSu6Ne_PS	18	0.0	5	2552.272	2552.571
2552.5719999999997	0.900000000000091	trials	111	s111_J210621	grCe_grSu6Ne	7	180.0	5	2552.872	2553.171
2557.439	0.900000000000091	trials	111	s111_J210621	grCe	1	135.0	5	2557.739	2558.038
2558.0389999999998	0.900000000000091	trials	111	s111_J210621	grCe_grSu12SmCiNe_PS	21	45.0	5	2558.339	2558.639
2563.948	0.900000000000091	trials	111	s111_J210621	grCe_grSu3Ne	5	0.0	5	2564.248	2564.548
2564.548	0.900000000000091	trials	111	s111_J210621	grCe_grSu12SmCiNe_PS	21	90.0	5	2564.848	2565.148
2565.1479999999997	0.900000000000091	trials	111	s111_J210621	grCe_grSu6CiNe_PS	19	225.0	5	2565.448	2565.748
2570.1569999999997	0.900000000000091	trials	111	s111_J210621	grCe_grSu6CiNe_PS	19	90.0	5	2570.457	2570.757
2570.7659999999996	0.900000000000091	trials	111	s111_J210621	coCe_grSu6Ne	17	90.0	5	2571.066	2571.365
2571.3819999999996	0.900000000000091	trials	111	s111_J210621	grSu1Ne	2		5	2571.682	2571.982
2576.3579999999997	0.900000000000091	trials	111	s111_J210621	grCe_grSu6CiNe_PS	19	0.0	5	2576.658	2576.958
2577.575	0.900000000000091	trials	111	s111_J210621	grCe_grSu18Fa	11	45.0	5	2577.875	2578.174
2586.0009999999997	0.900000000000091	trials	111	s111_J210621	grCe_grSu12SmCiNe_PS	21	270.0	5	2586.301	2586.601
2586.609	0.900000000000091	trials	111	s111_J210621	coCe_grSu6Ne	17	225.0	9	2586.909	2587.209
2587.209	0.900000000000091	trials	111	s111_J210621	grCe_grSu6CiNe_PS	19	180.0	9	2587.509	2587.809
2592.218	0.900000000000091	trials	111	s111_J210621	grCe_grSu6CiNe_PS	19	315.0	9	2592.518	2592.818
2599.269	0.900000000000091	trials	111	s111_J210621	grCe_grSu18Fa	11	180.0	9	2599.569	2599.869
2609.546	0.900000000000091	trials	111	s111_J210621	grCe	1	135.0	9	2609.846	2610.145
2610.1459999999997	0.900000000000091	trials	111	s111_J210621	grCe_grSu6CiNe_PS	19	270.0	9	2610.446	2610.745
2610.7459999999996	0.900000000000091	trials	111	s111_J210621	coSu6Ne	20		9	2611.046	2611.345
2622.239	0.900000000000091	trials	111	s111_J210621	grCe	1	180.0	9	2622.539	2622.839
2628.915	0.900000000000091	trials	111	s111_J210621	grCe_grSu12Mi	9	45.0	9	2629.215	2629.514
2629.5229999999997	0.900000000000091	trials	111	s111_J210621	grCe_grSu18Fa	11	45.0	9	2629.823	2630.123
2630.1229999999996	0.900000000000091	trials	111	s111_J210621	coCe_grSu6Ne	17	135.0	9	2630.423	2630.723
2635.124	0.900000000000091	trials	111	s111_J210621	grCe_grSu12SmCiNe_PS	21	180.0	9	2635.424	2635.724
2635.7239999999997	0.900000000000091	trials	111	s111_J210621	grCe_grSu12SmCiNe_PS	21	135.0	9	2636.024	2636.324
2639.366	0.900000000000091	trials	111	s111_J210621	grCe_grSu1Ne	3	90.0	9	2639.666	2639.966
2639.966	0.900000000000091	trials	111	s111_J210621	grCe_grSu6CiNe	15	315.0	9	2640.266	2640.566
2645.634	0.900000000000091	trials	111	s111_J210621	grCe_grSu1Ne	3	135.0	9	2645.934	2646.233
2646.234	0.900000000000091	trials	111	s111_J210621	grCe_grSu6Ne_PS	18	225.0	9	2646.534	2646.833
2646.834	0.900000000000091	trials	111	s111_J210621	grCe_grSu6CiNe	15	135.0	9	2647.134	2647.433
2654.4849999999997	0.900000000000091	trials	111	s111_J210621	grCe_grSu3Ne	5	90.0	9	2654.785	2655.084
2655.085	0.900000000000091	trials	111	s111_J210621	grCe_grSu6CiNe_PS	19	225.0	9	2655.385	2655.684
2655.685	0.900000000000091	trials	111	s111_J210621	NoStim	0		9	2655.985	2656.285
2665.12	0.900000000000091	trials	111	s111_J210621	grCe_grSu6Ne_PS	18	45.0	9	2665.42	2665.719
2665.72	0.900000000000091	trials	111	s111_J210621	grCe_grSu6Ne	7	315.0	9	2666.02	2666.319
2666.3199999999997	0.900000000000091	trials	111	s111_J210621	grCe_grSu6CiNe	15	180.0	9	2666.62	2666.919
2671.345	0.900000000000091	trials	111	s111_J210621	coCe_grSu6Ne	17	0.0	9	2671.645	2671.945
2671.9449999999997	0.900000000000091	trials	111	s111_J210621	coCe	16	225.0	9	2672.245	2672.545
2684.105	0.900000000000091	trials	111	s111_J210621	grCe	1	90.0	9	2684.405	2684.705
2684.714	0.900000000000091	trials	111	s111_J210621	grCe_grSu12Mi	9	315.0	9	2685.014	2685.313
2685.4559999999997	0.900000000000091	trials	111	s111_J210621	grCe_grSu6Ne_PS	18	270.0	9	2685.756	2686.055
2694.2569999999996	0.900000000000091	trials	111	s111_J210621	grCe_grSu6CiNe	15	90.0	9	2694.557	2694.856
2698.0319999999997	0.900000000000091	trials	111	s111_J210621	grCe_grSu12Mi	9	90.0	9	2698.332	2698.632
2698.6319999999996	0.900000000000091	trials	111	s111_J210621	grCe_grSu12SmCiNe	13	270.0	9	2698.932	2699.232
2699.232	0.900000000000091	trials	111	s111_J210621	grCe_grSu12SmCiNe	13	90.0	9	2699.532	2699.832
2704.241	0.900000000000091	trials	111	s111_J210621	grCe_grSu6Ne	7	90.0	9	2704.541	2704.841
2711.0589999999997	0.900000000000091	trials	111	s111_J210621	grCe_grSu1Ne	3	225.0	9	2711.359	2711.658
2711.6589999999997	0.900000000000091	trials	111	s111_J210621	coCe	16	315.0	9	2711.959	2712.258
2716.685	0.900000000000091	trials	111	s111_J210621	grCe	1	225.0	9	2716.985	2717.284
2720.46	0.900000000000091	trials	111	s111_J210621	grCe_grSu1Ne	3	0.0	9	2720.76	2721.06
2721.06	0.900000000000091	trials	111	s111_J210621	grCe_grSu6CiNe_PS	19	0.0	9	2721.36	2721.66
2721.66	0.900000000000091	trials	111	s111_J210621	grCe_grSu1Ne	3	270.0	9	2721.96	2722.26
2732.87	0.900000000000091	trials	111	s111_J210621	grCe_grSu3Ne	5	270.0	9	2733.17	2733.47
2733.4779999999996	0.900000000000091	trials	111	s111_J210621	grSu12Mi	8		9	2733.778	2734.078
2742.18	0.900000000000091	trials	111	s111_J210621	coCe_grSu6Ne	17	315.0	9	2742.48	2742.779
2745.6969999999997	0.900000000000091	trials	111	s111_J210621	grCe_grSu3Ne	5	225.0	9	2745.997	2746.296
2746.297	0.900000000000091	trials	111	s111_J210621	grCe_grSu12SmCiNe	13	135.0	9	2746.597	2746.896
2746.897	0.900000000000091	trials	111	s111_J210621	grCe_grSu6Ne_PS	18	90.0	9	2747.197	2747.496
2751.964	0.900000000000091	trials	111	s111_J210621	coCe_grSu6Ne	17	180.0	9	2752.264	2752.564
2752.564	0.900000000000091	trials	111	s111_J210621	grCe_grSu3Ne	5	180.0	9	2752.864	2753.164
2753.1639999999998	0.900000000000091	trials	111	s111_J210621	grCe_grSu12SmCiNe_PS	21	315.0	9	2753.464	2753.764
2758.5069999999996	0.900000000000091	trials	111	s111_J210621	grCe_grSu12Mi	9	225.0	9	2758.807	2759.106
2759.107	0.900000000000091	trials	111	s111_J210621	grCe_grSu12SmCiNe	13	0.0	9	2759.407	2759.706
2768.316	0.900000000000091	trials	111	s111_J210621	grCe_grSu18Fa	11	270.0	9	2768.616	2768.916
2768.9159999999997	0.900000000000091	trials	111	s111_J210621	grCe_grSu12SmCiNe_PS	21	45.0	9	2769.216	2769.516
2774.4089999999997	0.900000000000091	trials	111	s111_J210621	grSu6CiNe	14		9	2774.709	2775.008
2775.017	0.900000000000091	trials	111	s111_J210621	grCe_grSu18Fa	11	315.0	9	2775.317	2775.617
2775.6259999999997	0.900000000000091	trials	111	s111_J210621	grCe_grSu18Fa	11	225.0	9	2775.926	2776.225
2780.8849999999998	0.900000000000091	trials	111	s111_J210621	grCe_grSu6CiNe	15	45.0	9	2781.185	2781.484
2781.4849999999997	0.900000000000091	trials	111	s111_J210621	grCe_grSu1Ne	3	180.0	9	2781.785	2782.084
2782.085	0.900000000000091	trials	111	s111_J210621	grCe_grSu6Ne_PS	18	0.0	9	2782.385	2782.684
2787.0099999999998	0.900000000000091	trials	111	s111_J210621	coCe	16	0.0	9	2787.31	2787.61
2787.6189999999997	0.900000000000091	trials	111	s111_J210621	grCe_grSu6Ne	7	135.0	9	2787.919	2788.218
2788.2189999999996	0.900000000000091	trials	111	s111_J210621	grCe_grSu3Ne	5	0.0	9	2788.519	2788.818
2793.37	0.900000000000091	trials	111	s111_J210621	grCe_grSu12Mi	9	180.0	9	2793.67	2793.969
2797.778	0.900000000000091	trials	111	s111_J210621	grCe_grSu6Ne	7	180.0	9	2798.078	2798.378
2798.379	0.900000000000091	trials	111	s111_J210621	grCe_grSu6CiNe_PS	19	90.0	9	2798.679	2798.978
2806.9379999999996	0.900000000000091	trials	111	s111_J210621	grCe_grSu12SmCiNe	13	225.0	9	2807.238	2807.537
2821.5319999999997	0.900000000000091	trials	111	s111_J210621	grCe_grSu12SmCiNe	13	180.0	9	2821.832	2822.131
2827.5409999999997	0.900000000000091	trials	111	s111_J210621	grCe_grSu6CiNe	15	225.0	9	2827.841	2828.14
2831.3329999999996	0.900000000000091	trials	111	s111_J210621	grCe_grSu6Ne_PS	18	315.0	9	2831.633	2831.932
2832.533	0.900000000000091	trials	111	s111_J210621	grCe_grSu12SmCiNe_PS	21	90.0	9	2832.833	2833.132
2837.517	0.900000000000091	trials	111	s111_J210621	grCe_grSu6CiNe	15	0.0	9	2837.817	2838.116
2838.1169999999997	0.900000000000091	trials	111	s111_J210621	grCe_grSu6Ne_PS	18	180.0	9	2838.417	2838.717
2838.7169999999996	0.900000000000091	trials	111	s111_J210621	coCe	16	135.0	9	2839.017	2839.317
2847.243	0.900000000000091	trials	111	s111_J210621	grSu18Fa	10		9	2847.543	2847.843
2847.843	0.900000000000091	trials	111	s111_J210621	grCe	1	315.0	9	2848.143	2848.443
2848.4519999999998	0.900000000000091	trials	111	s111_J210621	grCe_grSu18Fa	11	90.0	9	2848.752	2849.051
2863.6949999999997	0.900000000000091	trials	111	s111_J210621	coCe_grSu6Ne	17	270.0	9	2863.995	2864.295
2864.2949999999996	0.900000000000091	trials	111	s111_J210621	grCe_grSu6Ne	7	225.0	9	2864.595	2864.895
2864.904	0.900000000000091	trials	111	s111_J210621	grCe_grSu3Ne	5	315.0	9	2865.204	2865.503
2869.988	0.900000000000091	trials	111	s111_J210621	coCe	16	45.0	9	2870.288	2870.587
2870.5879999999997	0.900000000000091	trials	111	s111_J210621	grCe_grSu1Ne	3	45.0	9	2870.888	2871.187
2871.196	0.900000000000091	trials	111	s111_J210621	grCe_grSu12Mi	9	135.0	9	2871.496	2871.796
2876.0969999999998	0.900000000000091	trials	111	s111_J210621	coCe	16	90.0	9	2876.397	2876.696
2879.964	0.900000000000091	trials	111	s111_J210621	grCe_grSu6Ne	7	0.0	9	2880.264	2880.564
2880.564	0.900000000000091	trials	111	s111_J210621	grCe_grSu12SmCiNe_PS	21	270.0	9	2880.864	2881.164
2890.4489999999996	0.900000000000091	trials	111	s111_J210621	grCe_grSu12SmCiNe	13	315.0	9	2890.749	2891.048
2891.057	0.900000000000091	trials	111	s111_J210621	grCe_grSu12Mi	9	270.0	9	2891.357	2891.657
2891.6569999999997	0.900000000000091	trials	111	s111_J210621	grCe_grSu6CiNe_PS	19	135.0	9	2891.957	2892.257
2896.7659999999996	0.900000000000091	trials	111	s111_J210621	coCe_grSu6Ne	17	45.0	9	2897.066	2897.366
2897.966	0.900000000000091	trials	111	s111_J210621	grCe_grSu6Ne	7	270.0	9	2898.266	2898.566
2906.4179999999997	0.900000000000091	trials	111	s111_J210621	grCe_grSu3Ne	5	45.0	9	2906.718	2907.017
2910.085	0.900000000000091	trials	111	s111_J210621	grCe_grSu6CiNe_PS	19	45.0	9	2910.385	2910.684
2910.685	0.900000000000091	trials	111	s111_J210621	grCe	1	270.0	9	2910.985	2911.284
2917.2859999999996	0.900000000000091	trials	111	s111_J210621	grCe_grSu18Fa	11	135.0	9	2917.586	2917.885
2917.886	0.900000000000091	trials	111	s111_J210621	grCe	1	0.0	9	2918.186	2918.485
2925.9199999999996	0.900000000000091	trials	111	s111_J210621	grCe_grSu12SmCiNe_PS	21	0.0	9	2926.22	2926.52
2927.1369999999997	0.900000000000091	trials	111	s111_J210621	grSu1Ne	2		9	2927.437	2927.736
2932.2459999999996	0.900000000000091	trials	111	s111_J210621	grCe_grSu12SmCiNe	13	45.0	9	2932.546	2932.845
2937.1549999999997	0.900000000000091	trials	111	s111_J210621	grCe_grSu12Mi	9	0.0	9	2937.455	2937.754
2943.022	0.900000000000091	trials	111	s111_J210621	coCe	16	270.0	9	2943.322	2943.622
2943.622	0.900000000000091	trials	111	s111_J210621	grSu3Ne	4		9	2943.922	2944.222
2949.281	0.900000000000091	trials	111	s111_J210621	grCe_grSu12SmCiNe_PS	21	225.0	9	2949.581	2949.881
2949.881	0.900000000000091	trials	111	s111_J210621	grCe_grSu6CiNe	15	270.0	9	2950.181	2950.481
2950.49	0.900000000000091	trials	111	s111_J210621	grCe_grSu18Fa	11	0.0	9	2950.79	2951.089
2955.607	0.900000000000091	trials	111	s111_J210621	grCe_grSu6Ne	7	45.0	9	2955.907	2956.207
2956.207	0.900000000000091	trials	111	s111_J210621	grSu12SmCiNe	12		9	2956.507	2956.807
2956.807	0.900000000000091	trials	111	s111_J210621	grCe_grSu3Ne	5	135.0	9	2957.107	2957.407
2961.741	0.900000000000091	trials	111	s111_J210621	grCe_grSu6Ne_PS	18	135.0	9	2962.041	2962.341
2962.341	0.900000000000091	trials	111	s111_J210621	grCe_grSu1Ne	3	315.0	9	2962.641	2962.941
2962.942	0.900000000000091	trials	111	s111_J210621	grCe	1	45.0	9	2963.242	2963.541
2967.9919999999997	0.900000000000091	trials	111	s111_J210621	coCe_grSu6Ne	17	90.0	9	2968.292	2968.592
2968.5919999999996	0.900000000000091	trials	111	s111_J210621	grSu6Ne	6		9	2968.892	2969.192
2969.192	0.900000000000091	trials	111	s111_J210621	coCe	16	180.0	9	2969.492	2969.792
2974.151	0.900000000000091	trials	111	s111_J210621	grCe_grSu12SmCiNe	13	315.0	3	2974.451	2974.751
2975.3599999999997	0.900000000000091	trials	111	s111_J210621	grCe_grSu12Mi	9	270.0	3	2975.66	2975.959
2983.486	0.900000000000091	trials	111	s111_J210621	grCe	1	135.0	3	2983.786	2984.085
2984.0939999999996	0.900000000000091	trials	111	s111_J210621	grCe_grSu12Mi	9	135.0	3	2984.394	2984.694
2984.694	0.900000000000091	trials	111	s111_J210621	coCe	16	45.0	3	2984.994	2985.294
2989.803	0.900000000000091	trials	111	s111_J210621	grCe_grSu3Ne	5	45.0	3	2990.103	2990.403
2995.9539999999997	0.900000000000091	trials	111	s111_J210621	grCe_grSu6Ne_PS	18	0.0	3	2996.254	2996.554
2996.5539999999996	0.900000000000091	trials	111	s111_J210621	grCe_grSu12SmCiNe_PS	21	180.0	3	2996.854	2997.154
2997.163	0.900000000000091	trials	111	s111_J210621	coCe_grSu6Ne	17	180.0	3	2997.463	2997.762
3002.0629999999996	0.900000000000091	trials	111	s111_J210621	coCe_grSu6Ne	17	90.0	3	3002.363	3002.663
3002.663	0.900000000000091	trials	111	s111_J210621	grSu12SmCiNe	12		3	3002.963	3003.263
3011.631	0.900000000000091	trials	111	s111_J210621	grCe_grSu12Mi	9	315.0	3	3011.931	3012.231
3012.2309999999998	0.900000000000091	trials	111	s111_J210621	grCe_grSu1Ne	3	135.0	3	3012.531	3012.831
3012.8309999999997	0.900000000000091	trials	111	s111_J210621	grCe_grSu12SmCiNe	13	90.0	3	3013.131	3013.431
3017.99	0.900000000000091	trials	111	s111_J210621	grCe_grSu3Ne	5	90.0	3	3018.29	3018.59
3018.5899999999997	0.900000000000091	trials	111	s111_J210621	grCe_grSu6CiNe_PS	19	135.0	3	3018.89	3019.19
3022.3489999999997	0.900000000000091	trials	111	s111_J210621	grCe_grSu3Ne	5	135.0	3	3022.649	3022.949
3022.9489999999996	0.900000000000091	trials	111	s111_J210621	grCe_grSu6CiNe	15	0.0	3	3023.249	3023.549
3023.549	0.900000000000091	trials	111	s111_J210621	grCe_grSu1Ne	3	315.0	3	3023.849	3024.149
3032.9339999999997	0.900000000000091	trials	111	s111_J210621	grCe	1	225.0	3	3033.234	3033.533
3044.685	0.900000000000091	trials	111	s111_J210621	grCe_grSu1Ne	3	90.0	3	3044.985	3045.285
3045.886	0.900000000000091	trials	111	s111_J210621	grCe_grSu1Ne	3	180.0	3	3046.186	3046.485
3051.0449999999996	0.900000000000091	trials	111	s111_J210621	coCe_grSu6Ne	17	270.0	3	3051.345	3051.644
3051.77	0.900000000000091	trials	111	s111_J210621	grCe_grSu12SmCiNe_PS	21	0.0	3	3052.07	3052.369
3052.386	0.900000000000091	trials	111	s111_J210621	grSu18Fa	10		3	3052.686	3052.986
3057.3199999999997	0.900000000000091	trials	111	s111_J210621	grCe_grSu1Ne	3	45.0	3	3057.62	3057.92
3057.9199999999996	0.900000000000091	trials	111	s111_J210621	grCe_grSu6Ne_PS	18	180.0	3	3058.22	3058.52
3058.5209999999997	0.900000000000091	trials	111	s111_J210621	grCe_grSu6Ne_PS	18	225.0	3	3058.821	3059.12
3063.446	0.900000000000091	trials	111	s111_J210621	grCe_grSu6Ne	7	135.0	3	3063.746	3064.046
3067.763	0.900000000000091	trials	111	s111_J210621	grCe_grSu1Ne	3	225.0	3	3068.063	3068.363
3068.364	0.900000000000091	trials	111	s111_J210621	coCe	16	135.0	3	3068.664	3068.963
3073.364	0.900000000000091	trials	111	s111_J210621	grCe_grSu6CiNe	15	45.0	3	3073.664	3073.964
3073.973	0.900000000000091	trials	111	s111_J210621	grCe_grSu18Fa	11	270.0	3	3074.273	3074.572
3077.448	0.900000000000091	trials	111	s111_J210621	coCe_grSu6Ne	17	0.0	3	3077.748	3078.048
3078.056	0.900000000000091	trials	111	s111_J210621	grCe_grSu12Mi	9	45.0	3	3078.356	3078.656
3078.6569999999997	0.900000000000091	trials	111	s111_J210621	coCe	16	270.0	3	3078.957	3079.256
3083.674	0.900000000000091	trials	111	s111_J210621	grCe	1	0.0	3	3083.974	3084.273
3084.274	0.900000000000091	trials	111	s111_J210621	grCe_grSu6Ne_PS	18	45.0	3	3084.574	3084.873
3090.2659999999996	0.900000000000091	trials	111	s111_J210621	grCe	1	90.0	3	3090.566	3090.866
3090.866	0.900000000000091	trials	111	s111_J210621	grCe_grSu6CiNe	15	135.0	3	3091.166	3091.466
3091.475	0.900000000000091	trials	111	s111_J210621	grCe_grSu18Fa	11	0.0	3	3091.775	3092.074
3097.3509999999997	0.900000000000091	trials	111	s111_J210621	grCe_grSu3Ne	5	315.0	3	3097.651	3097.95
3097.951	0.900000000000091	trials	111	s111_J210621	coCe	16	0.0	3	3098.251	3098.55
3102.8849999999998	0.900000000000091	trials	111	s111_J210621	grCe_grSu12SmCiNe_PS	21	270.0	3	3103.185	3103.484
3103.493	0.900000000000091	trials	111	s111_J210621	coCe_grSu6Ne	17	315.0	3	3103.793	3104.093
3104.093	0.900000000000091	trials	111	s111_J210621	grCe_grSu3Ne	5	0.0	3	3104.393	3104.693
3109.1099999999997	0.900000000000091	trials	111	s111_J210621	grCe_grSu6CiNe_PS	19	315.0	3	3109.41	3109.71
3112.644	0.900000000000091	trials	111	s111_J210621	grCe_grSu6Ne	7	225.0	3	3112.944	3113.244
3113.2439999999997	0.900000000000091	trials	111	s111_J210621	coCe_grSu6Ne	17	225.0	3	3113.544	3113.844
3113.8439999999996	0.900000000000091	trials	111	s111_J210621	grCe_grSu6CiNe_PS	19	180.0	3	3114.144	3114.444
3122.004	0.900000000000091	trials	111	s111_J210621	grCe_grSu12SmCiNe	13	225.0	3	3122.304	3122.603
3122.604	0.900000000000091	trials	111	s111_J210621	grCe_grSu12SmCiNe_PS	21	225.0	3	3122.904	3123.203
3123.2039999999997	0.900000000000091	trials	111	s111_J210621	grCe_grSu6CiNe_PS	19	90.0	3	3123.504	3123.803
3128.721	0.900000000000091	trials	111	s111_J210621	grCe_grSu12SmCiNe_PS	21	45.0	3	3129.021	3129.321
3129.321	0.900000000000091	trials	111	s111_J210621	grCe_grSu12SmCiNe_PS	21	135.0	3	3129.621	3129.921
3134.43	0.900000000000091	trials	111	s111_J210621	grCe_grSu12SmCiNe_PS	21	90.0	3	3134.73	3135.03
3135.0299999999997	0.900000000000091	trials	111	s111_J210621	grCe	1	315.0	3	3135.33	3135.63
3143.8729999999996	0.900000000000091	trials	111	s111_J210621	grCe_grSu3Ne	5	270.0	3	3144.173	3144.473
3144.473	0.900000000000091	trials	111	s111_J210621	grCe_grSu12SmCiNe_PS	21	315.0	3	3144.773	3145.073
3150.2659999999996	0.900000000000091	trials	111	s111_J210621	grSu3Ne	4		3	3150.566	3150.865
3151.466	0.900000000000091	trials	111	s111_J210621	grCe_grSu6Ne_PS	18	90.0	3	3151.766	3152.065
3163.3759999999997	0.900000000000091	trials	111	s111_J210621	coCe	16	315.0	3	3163.676	3163.975
3163.9759999999997	0.900000000000091	trials	111	s111_J210621	coCe	16	180.0	3	3164.276	3164.575
3164.576	0.900000000000091	trials	111	s111_J210621	grCe_grSu6CiNe	15	315.0	3	3164.876	3165.176
3169.602	0.900000000000091	trials	111	s111_J210621	grCe_grSu6CiNe_PS	19	225.0	3	3169.902	3170.201
3170.227	0.900000000000091	trials	111	s111_J210621	grCe_grSu6CiNe	15	270.0	3	3170.527	3170.826
3170.835	0.900000000000091	trials	111	s111_J210621	grCe_grSu12Mi	9	90.0	3	3171.135	3171.435
3176.678	0.900000000000091	trials	111	s111_J210621	grCe_grSu18Fa	11	90.0	3	3176.978	3177.277
3177.278	0.900000000000091	trials	111	s111_J210621	grCe_grSu12SmCiNe	13	0.0	3	3177.578	3177.877
3185.845	0.900000000000091	trials	111	s111_J210621	grCe_grSu12SmCiNe	13	45.0	3	3186.145	3186.445
3186.4449999999997	0.900000000000091	trials	111	s111_J210621	coCe_grSu6Ne	17	135.0	3	3186.745	3187.045
3187.046	0.900000000000091	trials	111	s111_J210621	grCe_grSu6Ne	7	270.0	3	3187.346	3187.645
3192.221	0.900000000000091	trials	111	s111_J210621	grCe_grSu18Fa	11	180.0	3	3192.521	3192.821
3192.821	0.900000000000091	trials	111	s111_J210621	grCe_grSu6Ne_PS	18	135.0	3	3193.121	3193.421
3193.43	0.900000000000091	trials	111	s111_J210621	grCe_grSu18Fa	11	315.0	3	3193.73	3194.029
3201.4809999999998	0.900000000000091	trials	111	s111_J210621	grCe_grSu6Ne	7	0.0	3	3201.781	3202.08
3202.0809999999997	0.900000000000091	trials	111	s111_J210621	grSu1Ne	2		3	3202.381	3202.68
3209.865	0.900000000000091	trials	111	s111_J210621	grCe_grSu3Ne	5	180.0	3	3210.165	3210.465
3213.832	0.900000000000091	trials	111	s111_J210621	coSu6Ne	20		3	3214.132	3214.432
3215.0409999999997	0.900000000000091	trials	111	s111_J210621	coCe_grSu6Ne	17	45.0	3	3215.341	3215.64
3224.9919999999997	0.900000000000091	trials	111	s111_J210621	grCe_grSu1Ne	3	270.0	3	3225.292	3225.592
3229.576	0.900000000000091	trials	111	s111_J210621	grSu6CiNe	14		3	3229.876	3230.176
3230.776	0.900000000000091	trials	111	s111_J210621	grCe	1	270.0	3	3231.076	3231.376
3248.3869999999997	0.900000000000091	trials	111	s111_J210621	grCe_grSu6Ne	7	315.0	3	3248.687	3248.986
3249.029	0.900000000000091	trials	111	s111_J210621	grCe_grSu12Mi	9	0.0	3	3249.329	3249.628
3249.629	0.900000000000091	trials	111	s111_J210621	grCe_grSu6CiNe_PS	19	45.0	3	3249.929	3250.228
3267.339	0.900000000000091	trials	111	s111_J210621	grCe_grSu18Fa	11	45.0	3	3267.639	3267.939
3267.948	0.900000000000091	trials	111	s111_J210621	grCe_grSu12Mi	9	180.0	3	3268.248	3268.547
3268.548	0.900000000000091	trials	111	s111_J210621	grSu6Ne	6		3	3268.848	3269.147
3286.075	0.900000000000091	trials	111	s111_J210621	grCe_grSu6CiNe	15	90.0	3	3286.375	3286.675
3286.6749999999997	0.900000000000091	trials	111	s111_J210621	grCe_grSu6Ne_PS	18	270.0	3	3286.975	3287.275
3287.2839999999997	0.900000000000091	trials	111	s111_J210621	grCe_grSu12Mi	9	225.0	3	3287.584	3287.883
3292.3759999999997	0.900000000000091	trials	111	s111_J210621	NoStim	0		3	3292.676	3292.975
3292.984	0.900000000000091	trials	111	s111_J210621	grCe_grSu6CiNe	15	225.0	3	3293.284	3293.584
3293.584	0.900000000000091	trials	111	s111_J210621	grCe_grSu6Ne	7	180.0	3	3293.884	3294.184
3298.66	0.900000000000091	trials	111	s111_J210621	grCe_grSu12SmCiNe	13	180.0	3	3298.96	3299.26
3299.8599999999997	0.900000000000091	trials	111	s111_J210621	grCe_grSu6CiNe	15	180.0	3	3300.16	3300.46
3304.944	0.900000000000091	trials	111	s111_J210621	grCe	1	180.0	3	3305.244	3305.544
3309.778	0.900000000000091	trials	111	s111_J210621	grCe_grSu6Ne	7	45.0	3	3310.078	3310.378
3310.3779999999997	0.900000000000091	trials	111	s111_J210621	coCe	16	90.0	3	3310.678	3310.978
3318.854	0.900000000000091	trials	111	s111_J210621	grCe_grSu6CiNe_PS	19	270.0	3	3319.154	3319.454
3319.4629999999997	0.900000000000091	trials	111	s111_J210621	grCe_grSu18Fa	11	135.0	3	3319.763	3320.062
3325.355	0.900000000000091	trials	111	s111_J210621	grSu12Mi	8		3	3325.655	3325.955
3326.555	0.900000000000091	trials	111	s111_J210621	coCe	16	225.0	3	3326.855	3327.155
3331.5229999999997	0.900000000000091	trials	111	s111_J210621	grCe_grSu1Ne	3	0.0	3	3331.823	3332.122
3332.131	0.900000000000091	trials	111	s111_J210621	grCe_grSu12SmCiNe	13	270.0	3	3332.431	3332.731
3332.7309999999998	0.900000000000091	trials	111	s111_J210621	grCe_grSu3Ne	5	225.0	3	3333.031	3333.331
3342.1569999999997	0.900000000000091	trials	111	s111_J210621	grCe	1	45.0	3	3342.457	3342.757
3343.366	0.900000000000091	trials	111	s111_J210621	grCe_grSu6Ne	7	90.0	3	3343.666	3343.965
3362.127	0.900000000000091	trials	111	s111_J210621	grCe_grSu6CiNe_PS	19	0.0	3	3362.427	3362.726
3362.727	0.900000000000091	trials	111	s111_J210621	grCe_grSu6Ne_PS	18	315.0	3	3363.027	3363.326
3363.335	0.900000000000091	trials	111	s111_J210621	grCe_grSu18Fa	11	225.0	3	3363.635	3363.935
3368.511	0.900000000000091	trials	111	s111_J210621	grCe_grSu12SmCiNe	13	135.0	3	3368.811	3369.11
3369.111	0.900000000000091	trials	111	s111_J210621	grCe_grSu3Ne	5	180.0	8	3369.411	3369.71
3369.711	0.900000000000091	trials	111	s111_J210621	coCe	16	270.0	8	3370.011	3370.31
3378.0449999999996	0.900000000000091	trials	111	s111_J210621	grCe_grSu3Ne	5	0.0	8	3378.345	3378.645
3378.645	0.900000000000091	trials	111	s111_J210621	coCe_grSu6Ne	17	180.0	8	3378.945	3379.245
3379.254	0.900000000000091	trials	111	s111_J210621	grCe_grSu12Mi	9	225.0	8	3379.554	3379.853
3384.7799999999997	0.900000000000091	trials	111	s111_J210621	grCe_grSu12Mi	9	135.0	8	3385.08	3385.379
3385.3799999999997	0.900000000000091	trials	111	s111_J210621	coCe_grSu6Ne	17	0.0	8	3385.68	3385.979
3391.672	0.900000000000091	trials	111	s111_J210621	coCe_grSu6Ne	17	135.0	8	3391.972	3392.272
3392.872	0.900000000000091	trials	111	s111_J210621	grCe_grSu6Ne_PS	18	270.0	8	3393.172	3393.472
3398.14	0.900000000000091	trials	111	s111_J210621	coCe	16	90.0	8	3398.44	3398.739
3406.999	0.900000000000091	trials	111	s111_J210621	grCe_grSu6Ne	7	225.0	8	3407.299	3407.599
3407.5989999999997	0.900000000000091	trials	111	s111_J210621	grCe_grSu6CiNe	15	90.0	8	3407.899	3408.199
3408.1989999999996	0.900000000000091	trials	111	s111_J210621	grSu12SmCiNe	12		8	3408.499	3408.799
3426.527	0.900000000000091	trials	111	s111_J210621	grSu3Ne	4		8	3426.827	3427.126
3427.127	0.900000000000091	trials	111	s111_J210621	grCe_grSu6CiNe	15	225.0	8	3427.427	3427.726
3453.747	0.900000000000091	trials	111	s111_J210621	grCe_grSu12SmCiNe	13	180.0	8	3454.047	3454.346
3457.9719999999998	0.900000000000091	trials	111	s111_J210621	coCe	16	180.0	8	3458.272	3458.572
3458.5719999999997	0.900000000000091	trials	111	s111_J210621	coCe	16	0.0	8	3458.872	3459.172
3464.2569999999996	0.900000000000091	trials	111	s111_J210621	grCe_grSu12SmCiNe_PS	21	45.0	8	3464.557	3464.856
3467.865	0.900000000000091	trials	111	s111_J210621	coCe_grSu6Ne	17	45.0	8	3468.165	3468.465
3468.4649999999997	0.900000000000091	trials	111	s111_J210621	grCe_grSu6Ne_PS	18	45.0	8	3468.765	3469.065
3469.0739999999996	0.900000000000091	trials	111	s111_J210621	grCe_grSu1Ne	3	180.0	8	3469.374	3469.673
3474.316	0.900000000000091	trials	111	s111_J210621	grCe_grSu12SmCiNe	13	270.0	8	3474.616	3474.916
3490.352	0.900000000000091	trials	111	s111_J210621	grCe_grSu12Mi	9	180.0	8	3490.652	3490.951
3490.96	0.900000000000091	trials	111	s111_J210621	grCe_grSu6CiNe	15	0.0	8	3491.26	3491.56
3491.602	0.900000000000091	trials	111	s111_J210621	grCe_grSu12SmCiNe_PS	21	225.0	8	3491.902	3492.201
3497.1189999999997	0.900000000000091	trials	111	s111_J210621	grCe_grSu1Ne	3	270.0	8	3497.419	3497.719
3504.6279999999997	0.900000000000091	trials	111	s111_J210621	grCe_grSu6CiNe_PS	19	135.0	8	3504.928	3505.228
3505.2279999999996	0.900000000000091	trials	111	s111_J210621	grCe_grSu6Ne	7	315.0	8	3505.528	3505.828
3505.8289999999997	0.900000000000091	trials	111	s111_J210621	grCe_grSu12SmCiNe_PS	21	315.0	8	3506.129	3506.428
3523.114	0.900000000000091	trials	111	s111_J210621	grCe_grSu6Ne	7	90.0	8	3523.414	3523.714
3523.714	0.900000000000091	trials	111	s111_J210621	grCe_grSu6CiNe	15	270.0	8	3524.014	3524.314
3524.314	0.900000000000091	trials	111	s111_J210621	coCe	16	225.0	8	3524.614	3524.914
3534.216	0.900000000000091	trials	111	s111_J210621	grCe_grSu6Ne_PS	18	0.0	8	3534.516	3534.815
3534.8239999999996	0.900000000000091	trials	111	s111_J210621	grCe_grSu18Fa	11	90.0	8	3535.124	3535.424
3544.134	0.900000000000091	trials	111	s111_J210621	coSu6Ne	20		8	3544.434	3544.733
3549.526	0.900000000000091	trials	111	s111_J210621	grCe_grSu6CiNe	15	135.0	8	3549.826	3550.125
3554.127	0.900000000000091	trials	111	s111_J210621	grCe	1	45.0	8	3554.427	3554.726
3563.2859999999996	0.900000000000091	trials	111	s111_J210621	grCe_grSu6Ne_PS	18	90.0	8	3563.586	3563.886
3563.886	0.900000000000091	trials	111	s111_J210621	grCe_grSu6Ne_PS	18	225.0	8	3564.186	3564.486
3564.486	0.900000000000091	trials	111	s111_J210621	grCe_grSu6CiNe_PS	19	45.0	8	3564.786	3565.086
3586.797	0.900000000000091	trials	111	s111_J210621	grSu18Fa	10		8	3587.097	3587.397
3587.4139999999998	0.900000000000091	trials	111	s111_J210621	grCe_grSu18Fa	11	270.0	8	3587.714	3588.014
3597.424	0.900000000000091	trials	111	s111_J210621	grSu1Ne	2		8	3597.724	3598.023
3601.783	0.900000000000091	trials	111	s111_J210621	grCe_grSu6Ne	7	180.0	8	3602.083	3602.382
3602.383	0.900000000000091	trials	111	s111_J210621	coCe	16	315.0	8	3602.683	3602.982
3607.8579999999997	0.900000000000091	trials	111	s111_J210621	grCe_grSu18Fa	11	225.0	8	3608.158	3608.458
3608.4669999999996	0.900000000000091	trials	111	s111_J210621	grCe_grSu6Ne	7	135.0	8	3608.767	3609.066
3609.067	0.900000000000091	trials	111	s111_J210621	grCe_grSu6CiNe	15	180.0	8	3609.367	3609.666
3615.551	0.900000000000091	trials	111	s111_J210621	grCe_grSu12SmCiNe	13	45.0	8	3615.851	3616.151
3616.16	0.900000000000091	trials	111	s111_J210621	grSu12Mi	8		8	3616.46	3616.759
3616.7599999999998	0.900000000000091	trials	111	s111_J210621	grCe	1	315.0	8	3617.06	3617.359
3629.0449999999996	0.900000000000091	trials	111	s111_J210621	coCe	16	45.0	8	3629.345	3629.644
3629.645	0.900000000000091	trials	111	s111_J210621	grCe_grSu1Ne	3	90.0	8	3629.945	3630.244
3630.245	0.900000000000091	trials	111	s111_J210621	grCe_grSu6CiNe_PS	19	225.0	8	3630.545	3630.844
3635.5789999999997	0.900000000000091	trials	111	s111_J210621	grCe_grSu18Fa	11	315.0	8	3635.879	3636.178
3636.1789999999996	0.900000000000091	trials	111	s111_J210621	NoStim	0		8	3636.479	3636.778
3636.787	0.900000000000091	trials	111	s111_J210621	grCe_grSu6Ne	7	45.0	8	3637.087	3637.387
3641.83	0.900000000000091	trials	111	s111_J210621	grCe_grSu6CiNe_PS	19	315.0	8	3642.13	3642.429
3642.4379999999996	0.900000000000091	trials	111	s111_J210621	grCe_grSu18Fa	11	135.0	8	3642.738	3643.037
3643.038	0.900000000000091	trials	111	s111_J210621	grCe_grSu6CiNe_PS	19	180.0	8	3643.338	3643.638
3648.464	0.900000000000091	trials	111	s111_J210621	grCe_grSu12SmCiNe_PS	21	180.0	8	3648.764	3649.063
3649.064	0.900000000000091	trials	111	s111_J210621	grCe_grSu3Ne	5	270.0	8	3649.364	3649.663
3649.6639999999998	0.900000000000091	trials	111	s111_J210621	grCe_grSu1Ne	3	315.0	8	3649.964	3650.263
3661.207	0.900000000000091	trials	111	s111_J210621	grCe_grSu3Ne	5	315.0	8	3661.507	3661.807
3661.807	0.900000000000091	trials	111	s111_J210621	coCe	16	135.0	8	3662.107	3662.407
3662.4159999999997	0.900000000000091	trials	111	s111_J210621	coCe_grSu6Ne	17	315.0	8	3662.716	3663.015
3672.517	0.900000000000091	trials	111	s111_J210621	grCe_grSu12SmCiNe_PS	21	90.0	8	3672.817	3673.116
3680.051	0.900000000000091	trials	111	s111_J210621	grCe_grSu6Ne_PS	18	135.0	8	3680.351	3680.651
3680.66	0.900000000000091	trials	111	s111_J210621	grCe_grSu12Mi	9	315.0	8	3680.96	3681.259
3681.268	0.900000000000091	trials	111	s111_J210621	grCe_grSu18Fa	11	0.0	8	3681.568	3681.868
3686.5519999999997	0.900000000000091	trials	111	s111_J210621	grSu6Ne	6		8	3686.852	3687.152
3707.321	0.900000000000091	trials	111	s111_J210621	coCe_grSu6Ne	17	90.0	8	3707.621	3707.921
3708.5299999999997	0.900000000000091	trials	111	s111_J210621	grCe_grSu6Ne_PS	18	315.0	8	3708.83	3709.129
3713.689	0.900000000000091	trials	111	s111_J210621	grCe	1	270.0	8	3713.989	3714.288
3714.8889999999997	0.900000000000091	trials	111	s111_J210621	grCe_grSu12SmCiNe	13	315.0	8	3715.189	3715.489
3720.24	0.900000000000091	trials	111	s111_J210621	grCe_grSu6Ne	7	0.0	8	3720.54	3720.839
3720.8399999999997	0.900000000000091	trials	111	s111_J210621	grCe_grSu1Ne	3	0.0	8	3721.14	3721.439
3721.4399999999996	0.900000000000091	trials	111	s111_J210621	grCe_grSu12SmCiNe_PS	21	270.0	8	3721.74	3722.039
3729.999	0.900000000000091	trials	111	s111_J210621	grCe_grSu1Ne	3	45.0	8	3730.299	3730.599
3731.1989999999996	0.900000000000091	trials	111	s111_J210621	grCe_grSu6CiNe	15	315.0	8	3731.499	3731.799
3736.158	0.900000000000091	trials	111	s111_J210621	grCe_grSu12Mi	9	90.0	8	3736.458	3736.758
3736.759	0.900000000000091	trials	111	s111_J210621	grCe_grSu1Ne	3	135.0	8	3737.059	3737.358
3737.359	0.900000000000091	trials	111	s111_J210621	grCe_grSu12SmCiNe	13	0.0	8	3737.659	3737.958
3746.401	0.900000000000091	trials	111	s111_J210621	grCe_grSu12SmCiNe	13	135.0	8	3746.701	3747.001
3747.002	0.900000000000091	trials	111	s111_J210621	grCe	1	135.0	8	3747.302	3747.601
3753.4269999999997	0.900000000000091	trials	111	s111_J210621	grCe	1	90.0	8	3753.727	3754.027
3754.0359999999996	0.900000000000091	trials	111	s111_J210621	grCe_grSu12Mi	9	0.0	8	3754.336	3754.635
3754.636	0.900000000000091	trials	111	s111_J210621	grCe_grSu6CiNe_PS	19	0.0	8	3754.936	3755.235
3768.413	0.900000000000091	trials	111	s111_J210621	grCe_grSu12Mi	9	45.0	8	3768.713	3769.012
3774.98	0.900000000000091	trials	111	s111_J210621	grCe_grSu3Ne	5	135.0	8	3775.28	3775.58
3775.589	0.900000000000091	trials	111	s111_J210621	grCe_grSu18Fa	11	45.0	8	3775.889	3776.188
3804.667	0.900000000000091	trials	111	s111_J210621	grSu6CiNe	14		8	3804.967	3805.267
3805.267	0.900000000000091	trials	111	s111_J210621	grCe_grSu6Ne_PS	18	180.0	8	3805.567	3805.867
3809.2509999999997	0.900000000000091	trials	111	s111_J210621	grCe_grSu3Ne	5	45.0	8	3809.551	3809.851
3809.8509999999997	0.900000000000091	trials	111	s111_J210621	grCe	1	180.0	8	3810.151	3810.451
3810.451	0.900000000000091	trials	111	s111_J210621	grCe_grSu12SmCiNe_PS	21	0.0	8	3810.751	3811.051
3815.5099999999998	0.900000000000091	trials	111	s111_J210621	grCe_grSu6Ne	7	270.0	8	3815.81	3816.11
3816.1099999999997	0.900000000000091	trials	111	s111_J210621	grCe_grSu6CiNe_PS	19	270.0	8	3816.41	3816.71
3816.711	0.900000000000091	trials	111	s111_J210621	coCe_grSu6Ne	17	270.0	8	3817.011	3817.31
3823.1279999999997	0.900000000000091	trials	111	s111_J210621	grCe_grSu3Ne	5	90.0	8	3823.428	3823.728
3828.337	0.900000000000091	trials	111	s111_J210621	grCe_grSu6CiNe_PS	19	90.0	8	3828.637	3828.937
3828.9449999999997	0.900000000000091	trials	111	s111_J210621	grCe_grSu12Mi	9	270.0	8	3829.245	3829.545
3829.546	0.900000000000091	trials	111	s111_J210621	grCe	1	0.0	8	3829.846	3830.145
3834.8379999999997	0.900000000000091	trials	111	s111_J210621	grCe_grSu6CiNe	15	45.0	8	3835.138	3835.437
3835.4379999999996	0.900000000000091	trials	111	s111_J210621	grCe_grSu12SmCiNe	13	225.0	8	3835.738	3836.037
3836.046	0.900000000000091	trials	111	s111_J210621	grCe_grSu12SmCiNe	13	90.0	8	3836.346	3836.646
3844.5969999999998	0.900000000000091	trials	111	s111_J210621	grCe_grSu12SmCiNe_PS	21	135.0	8	3844.897	3845.197
3851.74	0.900000000000091	trials	111	s111_J210621	coCe_grSu6Ne	17	225.0	8	3852.04	3852.34
3852.348	0.900000000000091	trials	111	s111_J210621	grCe_grSu18Fa	11	180.0	8	3852.648	3852.948
3859.1409999999996	0.900000000000091	trials	111	s111_J210621	grCe_grSu1Ne	3	225.0	8	3859.441	3859.741
3859.741	0.900000000000091	trials	111	s111_J210621	grCe	1	225.0	8	3860.041	3860.341
3867.1	0.900000000000091	trials	111	s111_J210621	grCe_grSu3Ne	5	225.0	8	3867.4	3867.7
