onset	duration	nwb_table	ses_ID	ses_Name	cond_Name	cond_ID	target_rot	rep_num	pdOn	pdOff
25.402	0.9000000000000021	trials	60	s060_J210421	grSu1Ne	2		4	25.702	26.001
26.002	0.9000000000000021	trials	60	s060_J210421	coCe	16	45.0	4	26.302	26.601
29.561	0.9000000000000021	trials	60	s060_J210421	grCe_grSu12SmCiNe_PS	21	90.0	4	29.861	30.16
33.936	0.8999999999999986	trials	60	s060_J210421	grCe_grSu6CiNe_PS	19	45.0	4	34.236	34.536
34.553000000000004	0.8999999999999986	trials	60	s060_J210421	grCe_grSu6Ne_PS	18	225.0	4	34.853	35.153
35.153000000000006	0.8999999999999986	trials	60	s060_J210421	grCe_grSu3Ne	5	180.0	4	35.453	35.753
35.753	0.8999999999999986	trials	60	s060_J210421	grCe_grSu1Ne	3	45.0	4	36.053	36.353
41.254000000000005	0.8999999999999986	trials	60	s060_J210421	grCe_grSu3Ne	5	45.0	4	41.554	41.853
41.854000000000006	0.8999999999999986	trials	60	s060_J210421	grCe_grSu12SmCiNe_PS	21	135.0	4	42.154	42.453
42.462	0.8999999999999986	trials	60	s060_J210421	grCe_grSu6Ne	7	135.0	4	42.762	43.062
49.022000000000006	0.8999999999999986	trials	60	s060_J210421	coCe	16	315.0	4	49.322	49.621
50.847	0.8999999999999986	trials	60	s060_J210421	grCe_grSu12Mi	9	0.0	4	51.147	51.446
56.472	0.8999999999999986	trials	60	s060_J210421	grCe_grSu6Ne	7	45.0	4	56.772	57.072
57.681000000000004	0.8999999999999986	trials	60	s060_J210421	coCe_grSu6Ne	17	45.0	4	57.981	58.281
58.289	0.8999999999999986	trials	60	s060_J210421	grCe_grSu6CiNe_PS	19	0.0	4	58.589	58.889
63.765	0.8999999999999915	trials	60	s060_J210421	grCe_grSu6Ne_PS	18	270.0	4	64.065	64.365
64.36500000000001	0.8999999999999915	trials	60	s060_J210421	grCe_grSu12SmCiNe	13	270.0	4	64.665	64.965
65.565	0.8999999999999915	trials	60	s060_J210421	grCe_grSu12SmCiNe	13	225.0	4	65.865	66.165
71.191	0.8999999999999915	trials	60	s060_J210421	grCe_grSu18Fa	11	90.0	4	71.491	71.791
71.791	0.8999999999999915	trials	60	s060_J210421	grCe_grSu12SmCiNe	13	180.0	4	72.091	72.391
72.4	0.8999999999999915	trials	60	s060_J210421	grCe_grSu3Ne	5	315.0	4	72.7	72.999
73.00800000000001	0.8999999999999915	trials	60	s060_J210421	grCe_grSu12Mi	9	225.0	4	73.308	73.608
82.801	0.8999999999999915	trials	60	s060_J210421	grCe_grSu12Mi	9	270.0	4	83.101	83.4
83.409	0.8999999999999915	trials	60	s060_J210421	grCe_grSu18Fa	11	270.0	4	83.709	84.009
89.185	0.8999999999999915	trials	60	s060_J210421	grCe_grSu6CiNe	15	0.0	4	89.485	89.785
89.793	0.8999999999999915	trials	60	s060_J210421	grCe_grSu12SmCiNe	13	90.0	4	90.093	90.393
96.47800000000001	0.8999999999999915	trials	60	s060_J210421	NoStim	0		4	96.778	97.077
97.078	0.8999999999999915	trials	60	s060_J210421	grSu6CiNe	14		4	97.378	97.677
97.678	0.8999999999999915	trials	60	s060_J210421	grCe_grSu12SmCiNe	13	135.0	4	97.978	98.277
98.278	0.8999999999999915	trials	60	s060_J210421	grSu6Ne	6		4	98.578	98.877
103.87	0.8999999999999915	trials	60	s060_J210421	grCe	1	180.0	4	104.17	104.47
104.47	0.8999999999999915	trials	60	s060_J210421	grCe_grSu6CiNe	15	45.0	4	104.77	105.07
105.07900000000001	0.8999999999999915	trials	60	s060_J210421	grCe_grSu3Ne	5	225.0	4	105.379	105.678
105.679	0.8999999999999915	trials	60	s060_J210421	coCe_grSu6Ne	17	90.0	4	105.979	106.278
110.99600000000001	0.8999999999999915	trials	60	s060_J210421	grCe_grSu12Mi	9	90.0	4	111.296	111.596
114.438	0.8999999999999915	trials	60	s060_J210421	grCe_grSu12SmCiNe_PS	21	180.0	4	114.738	115.038
115.038	0.8999999999999915	trials	60	s060_J210421	coCe_grSu6Ne	17	225.0	4	115.338	115.638
115.638	0.8999999999999915	trials	60	s060_J210421	grCe_grSu6CiNe_PS	19	180.0	4	115.938	116.238
116.247	0.8999999999999915	trials	60	s060_J210421	grCe_grSu18Fa	11	315.0	4	116.547	116.846
123.006	0.8999999999999915	trials	60	s060_J210421	grCe_grSu12SmCiNe_PS	21	225.0	4	123.306	123.606
123.60600000000001	0.8999999999999915	trials	60	s060_J210421	grCe_grSu6CiNe_PS	19	315.0	4	123.906	124.206
129.149	0.9000000000000057	trials	60	s060_J210421	grCe_grSu18Fa	11	0.0	4	129.449	129.748
132.94899999999998	0.9000000000000057	trials	60	s060_J210421	grCe_grSu18Fa	11	180.0	4	133.249	133.549
140.058	0.9000000000000057	trials	60	s060_J210421	grCe_grSu18Fa	11	135.0	4	140.358	140.658
140.67499999999998	0.9000000000000057	trials	60	s060_J210421	grCe_grSu3Ne	5	0.0	4	140.975	141.275
144.17499999999998	0.9000000000000057	trials	60	s060_J210421	grCe_grSu1Ne	3	225.0	4	144.475	144.775
151.685	0.9000000000000057	trials	60	s060_J210421	grCe_grSu12Mi	9	135.0	4	151.985	152.284
152.29299999999998	0.9000000000000057	trials	60	s060_J210421	grSu18Fa	10		4	152.593	152.893
152.893	0.9000000000000057	trials	60	s060_J210421	grCe	1	315.0	4	153.193	153.493
153.493	0.9000000000000057	trials	60	s060_J210421	grCe_grSu12SmCiNe_PS	21	45.0	4	153.793	154.093
159.14399999999998	0.9000000000000057	trials	60	s060_J210421	grCe_grSu6CiNe	15	315.0	4	159.444	159.744
159.744	0.9000000000000057	trials	60	s060_J210421	grCe_grSu6Ne_PS	18	90.0	4	160.044	160.344
166.86999999999998	0.9000000000000057	trials	60	s060_J210421	coCe	16	225.0	4	167.17	167.47
167.47	0.9000000000000057	trials	60	s060_J210421	grCe_grSu6Ne_PS	18	135.0	4	167.77	168.07
168.07899999999998	0.9000000000000057	trials	60	s060_J210421	coCe_grSu6Ne	17	180.0	4	168.379	168.678
172.071	0.9000000000000057	trials	60	s060_J210421	coSu6Ne	20		4	172.371	172.67
178.922	0.9000000000000057	trials	60	s060_J210421	grCe_grSu12SmCiNe_PS	21	0.0	4	179.222	179.521
183.01399999999998	0.9000000000000057	trials	60	s060_J210421	grCe_grSu6Ne	7	225.0	4	183.314	183.613
183.61399999999998	0.9000000000000057	trials	60	s060_J210421	coCe	16	90.0	4	183.914	184.214
184.22199999999998	0.9000000000000057	trials	60	s060_J210421	grCe_grSu6CiNe	15	90.0	4	184.522	184.822
184.831	0.9000000000000057	trials	60	s060_J210421	grCe_grSu12Mi	9	180.0	4	185.131	185.43
190.506	0.9000000000000057	trials	60	s060_J210421	grCe	1	45.0	4	190.806	191.106
193.999	0.9000000000000057	trials	60	s060_J210421	grCe_grSu6Ne	7	90.0	4	194.299	194.598
197.641	0.9000000000000057	trials	60	s060_J210421	grCe_grSu1Ne	3	135.0	4	197.941	198.24
198.24099999999999	0.9000000000000057	trials	60	s060_J210421	grSu3Ne	4		4	198.541	198.84
198.84099999999998	0.9000000000000057	trials	60	s060_J210421	grCe_grSu1Ne	3	315.0	4	199.141	199.44
199.441	0.9000000000000057	trials	60	s060_J210421	grCe_grSu6CiNe_PS	19	135.0	4	199.741	200.041
204.96699999999998	0.9000000000000057	trials	60	s060_J210421	grCe_grSu6CiNe_PS	19	270.0	4	205.267	205.566
205.56699999999998	0.9000000000000057	trials	60	s060_J210421	grCe_grSu6CiNe	15	270.0	4	205.867	206.166
206.167	0.9000000000000057	trials	60	s060_J210421	grCe_grSu12SmCiNe	13	45.0	4	206.467	206.766
212.284	0.9000000000000057	trials	60	s060_J210421	grCe_grSu12SmCiNe	13	0.0	4	212.584	212.884
212.884	0.9000000000000057	trials	60	s060_J210421	grCe_grSu6CiNe	15	180.0	4	213.184	213.484
213.48399999999998	0.9000000000000057	trials	60	s060_J210421	coCe_grSu6Ne	17	0.0	4	213.784	214.084
214.08499999999998	0.9000000000000057	trials	60	s060_J210421	grCe_grSu3Ne	5	135.0	4	214.385	214.684
221.33499999999998	0.9000000000000057	trials	60	s060_J210421	grCe_grSu3Ne	5	90.0	4	221.635	221.935
221.93599999999998	0.9000000000000057	trials	60	s060_J210421	grCe_grSu6Ne	7	270.0	4	222.236	222.535
227.58599999999998	0.9000000000000057	trials	60	s060_J210421	grCe_grSu18Fa	11	225.0	4	227.886	228.186
228.18599999999998	0.9000000000000057	trials	60	s060_J210421	grCe_grSu6CiNe	15	225.0	4	228.486	228.786
235.06199999999998	0.9000000000000057	trials	60	s060_J210421	coCe_grSu6Ne	17	315.0	4	235.362	235.662
235.66199999999998	0.9000000000000057	trials	60	s060_J210421	grCe_grSu1Ne	3	270.0	4	235.962	236.262
236.262	0.9000000000000057	trials	60	s060_J210421	grCe	1	225.0	4	236.562	236.862
236.862	0.9000000000000057	trials	60	s060_J210421	grCe_grSu6Ne_PS	18	0.0	4	237.162	237.462
246.61399999999998	0.9000000000000057	trials	60	s060_J210421	grCe_grSu1Ne	3	180.0	4	246.914	247.213
250.498	0.9000000000000057	trials	60	s060_J210421	grCe_grSu6Ne	7	0.0	4	250.798	251.097
254.356	0.9000000000000057	trials	60	s060_J210421	grSu12Mi	8		4	254.656	254.956
254.96499999999997	0.9000000000000057	trials	60	s060_J210421	grCe_grSu18Fa	11	45.0	4	255.265	255.564
267.99199999999996	0.9000000000000341	trials	60	s060_J210421	grSu12SmCiNe	12		4	268.292	268.591
268.592	0.9000000000000341	trials	60	s060_J210421	grCe_grSu12SmCiNe	13	315.0	4	268.892	269.225
269.233	0.9000000000000341	trials	60	s060_J210421	grCe	1	135.0	4	269.533	269.833
275.426	0.9000000000000341	trials	60	s060_J210421	grCe_grSu6Ne	7	180.0	4	275.726	276.025
276.026	0.9000000000000341	trials	60	s060_J210421	coCe	16	270.0	4	276.326	276.625
277.226	0.9000000000000341	trials	60	s060_J210421	grCe_grSu6Ne_PS	18	180.0	4	277.526	277.826
282.693	0.9000000000000341	trials	60	s060_J210421	grCe_grSu12SmCiNe_PS	21	270.0	4	282.993	283.293
283.294	0.9000000000000341	trials	60	s060_J210421	coCe	16	180.0	4	283.594	283.893
283.902	0.9000000000000341	trials	60	s060_J210421	grCe_grSu12Mi	9	315.0	4	284.202	284.502
284.502	0.9000000000000341	trials	60	s060_J210421	grCe_grSu6CiNe_PS	19	225.0	4	284.802	285.102
294.09499999999997	0.9000000000000341	trials	60	s060_J210421	grCe	1	90.0	4	294.395	294.694
294.703	0.9000000000000341	trials	60	s060_J210421	grCe_grSu1Ne	3	90.0	4	295.003	295.303
295.303	0.9000000000000341	trials	60	s060_J210421	grCe_grSu1Ne	3	0.0	4	295.603	295.903
295.90299999999996	0.9000000000000341	trials	60	s060_J210421	coCe_grSu6Ne	17	135.0	4	296.203	296.503
301.829	0.9000000000000341	trials	60	s060_J210421	coCe	16	0.0	4	302.129	302.429
302.429	0.9000000000000341	trials	60	s060_J210421	grCe_grSu3Ne	5	270.0	4	302.729	303.029
306.263	0.9000000000000341	trials	60	s060_J210421	grCe_grSu6CiNe	15	135.0	4	306.563	306.863
306.863	0.9000000000000341	trials	60	s060_J210421	grCe_grSu6CiNe_PS	19	90.0	4	307.163	307.463
307.46299999999997	0.9000000000000341	trials	60	s060_J210421	grCe_grSu6Ne_PS	18	315.0	4	307.763	308.063
308.063	0.9000000000000341	trials	60	s060_J210421	coCe	16	135.0	4	308.363	308.663
314.423	0.9000000000000341	trials	60	s060_J210421	grCe_grSu12Mi	9	45.0	4	314.723	315.022
319.532	0.9000000000000341	trials	60	s060_J210421	coCe_grSu6Ne	17	270.0	4	319.832	320.131
320.132	0.9000000000000341	trials	60	s060_J210421	grCe	1	270.0	4	320.432	320.731
325.757	0.9000000000000341	trials	60	s060_J210421	grCe_grSu6Ne	7	315.0	4	326.057	326.357
326.35699999999997	0.9000000000000341	trials	60	s060_J210421	grCe_grSu12SmCiNe_PS	21	315.0	4	326.657	326.957
329.95799999999997	0.9000000000000341	trials	60	s060_J210421	grCe_grSu6Ne_PS	18	45.0	4	330.258	330.557
330.558	0.9000000000000341	trials	60	s060_J210421	grCe	1	0.0	4	330.858	331.158
331.758	0.9000000000000341	trials	60	s060_J210421	grCe_grSu6Ne_PS	18	45.0	3	332.058	332.358
337.134	0.9000000000000341	trials	60	s060_J210421	grCe_grSu12SmCiNe	13	135.0	3	337.434	337.733
337.734	0.9000000000000341	trials	60	s060_J210421	grCe_grSu3Ne	5	270.0	3	338.034	338.333
338.342	0.9000000000000341	trials	60	s060_J210421	grCe_grSu18Fa	11	45.0	3	338.642	338.942
338.95099999999996	0.9000000000000341	trials	60	s060_J210421	grCe_grSu18Fa	11	135.0	3	339.251	339.55
344.726	0.9000000000000341	trials	60	s060_J210421	grCe	1	135.0	3	345.026	345.326
345.935	0.9000000000000341	trials	60	s060_J210421	grCe_grSu6Ne	7	90.0	3	346.235	346.535
352.669	0.9000000000000341	trials	60	s060_J210421	grCe_grSu6Ne	7	45.0	3	352.969	353.269
356.478	0.9000000000000341	trials	60	s060_J210421	grSu1Ne	2		3	356.778	357.078
357.078	0.9000000000000341	trials	60	s060_J210421	grCe_grSu6CiNe_PS	19	270.0	3	357.378	357.678
361.462	0.9000000000000341	trials	60	s060_J210421	grCe_grSu3Ne	5	135.0	3	361.762	362.062
368.83799999999997	0.9000000000000341	trials	60	s060_J210421	grCe_grSu12SmCiNe_PS	21	315.0	3	369.138	369.438
369.438	0.9000000000000341	trials	60	s060_J210421	grCe_grSu6Ne_PS	18	90.0	3	369.738	370.038
370.046	0.9000000000000341	trials	60	s060_J210421	grCe_grSu3Ne	5	180.0	3	370.346	370.646
370.646	0.9000000000000341	trials	60	s060_J210421	grCe_grSu3Ne	5	315.0	3	370.946	371.246
376.272	0.9000000000000341	trials	60	s060_J210421	coCe_grSu6Ne	17	0.0	3	376.572	376.872
376.872	0.9000000000000341	trials	60	s060_J210421	coCe	16	270.0	3	377.172	377.472
377.472	0.9000000000000341	trials	60	s060_J210421	grCe_grSu6CiNe_PS	19	180.0	3	377.772	378.072
378.08099999999996	0.9000000000000341	trials	60	s060_J210421	grCe_grSu18Fa	11	225.0	3	378.381	378.68
384.39799999999997	0.9000000000000341	trials	60	s060_J210421	grCe_grSu6Ne	7	225.0	3	384.698	384.998
384.998	0.9000000000000341	trials	60	s060_J210421	grCe_grSu6CiNe_PS	19	0.0	3	385.298	385.598
385.598	0.9000000000000341	trials	60	s060_J210421	grCe_grSu12SmCiNe_PS	21	225.0	3	385.898	386.198
426.86199999999997	0.9000000000000341	trials	60	s060_J210421	grCe_grSu18Fa	11	315.0	3	427.162	427.462
427.462	0.9000000000000341	trials	60	s060_J210421	coCe_grSu6Ne	17	180.0	3	427.762	428.062
428.062	0.9000000000000341	trials	60	s060_J210421	grCe_grSu6Ne_PS	18	0.0	3	428.362	428.662
433.03	0.9000000000000341	trials	60	s060_J210421	grCe_grSu6Ne	7	270.0	3	433.33	433.629
434.22999999999996	0.9000000000000341	trials	60	s060_J210421	coCe	16	315.0	3	434.53	434.829
440.347	0.9000000000000341	trials	60	s060_J210421	grCe_grSu12SmCiNe	13	270.0	3	440.647	440.947
446.131	0.9000000000000341	trials	60	s060_J210421	grCe_grSu1Ne	3	45.0	3	446.431	446.731
450.16499999999996	0.9000000000000341	trials	60	s060_J210421	grSu6Ne	6		3	450.465	450.765
451.37399999999997	0.9000000000000341	trials	60	s060_J210421	grCe_grSu6Ne	7	0.0	3	451.674	451.973
460.133	0.9000000000000341	trials	60	s060_J210421	grCe_grSu18Fa	11	90.0	3	460.433	460.733
460.733	0.9000000000000341	trials	60	s060_J210421	grCe_grSu12SmCiNe_PS	21	90.0	3	461.033	461.333
466.001	0.9000000000000341	trials	60	s060_J210421	grCe_grSu1Ne	3	315.0	3	466.301	466.6
466.601	0.9000000000000341	trials	60	s060_J210421	grCe	1	315.0	3	466.901	467.2
471.918	0.9000000000000341	trials	60	s060_J210421	grCe_grSu6Ne_PS	18	315.0	3	472.218	472.518
478.277	0.9000000000000341	trials	60	s060_J210421	grSu12Mi	8		3	478.577	478.877
478.88599999999997	0.9000000000000341	trials	60	s060_J210421	grCe_grSu12SmCiNe	13	180.0	3	479.186	479.485
479.486	0.9000000000000341	trials	60	s060_J210421	coCe_grSu6Ne	17	45.0	3	479.786	480.085
494.07099999999997	0.9000000000000341	trials	60	s060_J210421	grCe_grSu6CiNe_PS	19	90.0	3	494.371	494.67
494.679	0.9000000000000341	trials	60	s060_J210421	grCe_grSu6CiNe	15	135.0	3	494.979	495.279
495.279	0.9000000000000341	trials	60	s060_J210421	grCe_grSu1Ne	3	270.0	3	495.579	495.879
500.913	0.9000000000000341	trials	60	s060_J210421	grCe	1	180.0	3	501.213	501.513
502.114	0.9000000000000341	trials	60	s060_J210421	grCe	1	0.0	3	502.414	502.713
511.448	0.8999999999999773	trials	60	s060_J210421	grCe_grSu6CiNe_PS	19	45.0	3	511.748	512.048
512.0730000000001	0.8999999999999773	trials	60	s060_J210421	grCe_grSu12SmCiNe	13	0.0	3	512.373	512.673
512.673	0.8999999999999773	trials	60	s060_J210421	grSu6CiNe	14		3	512.973	513.273
517.707	0.8999999999999773	trials	60	s060_J210421	coCe_grSu6Ne	17	135.0	3	518.007	518.307
522.158	0.8999999999999773	trials	60	s060_J210421	grCe_grSu6Ne	7	135.0	3	522.458	522.757
528.5250000000001	0.8999999999999773	trials	60	s060_J210421	coCe	16	0.0	3	528.825	529.125
529.125	0.8999999999999773	trials	60	s060_J210421	grCe_grSu3Ne	5	0.0	3	529.425	529.725
529.734	0.8999999999999773	trials	60	s060_J210421	grCe_grSu12Mi	9	270.0	3	530.034	530.333
535.4430000000001	0.8999999999999773	trials	60	s060_J210421	coCe	16	180.0	3	535.743	536.042
541.0690000000001	0.8999999999999773	trials	60	s060_J210421	grCe_grSu12SmCiNe	13	90.0	3	541.369	541.668
541.6690000000001	0.8999999999999773	trials	60	s060_J210421	grCe_grSu6CiNe_PS	19	135.0	3	541.969	542.268
542.269	0.8999999999999773	trials	60	s060_J210421	grSu3Ne	4		3	542.569	542.868
551.0200000000001	0.8999999999999773	trials	60	s060_J210421	grCe	1	90.0	3	551.32	551.619
551.62	0.8999999999999773	trials	60	s060_J210421	grCe_grSu6Ne_PS	18	225.0	3	551.92	552.22
556.404	0.8999999999999773	trials	60	s060_J210421	grCe_grSu3Ne	5	225.0	3	556.704	557.003
557.004	0.8999999999999773	trials	60	s060_J210421	grCe_grSu12SmCiNe_PS	21	0.0	3	557.304	557.604
557.6120000000001	0.8999999999999773	trials	60	s060_J210421	grCe_grSu12Mi	9	45.0	3	557.912	558.212
563.2800000000001	0.8999999999999773	trials	60	s060_J210421	grCe_grSu12SmCiNe	13	45.0	3	563.58	563.879
563.888	0.8999999999999773	trials	60	s060_J210421	grCe_grSu3Ne	5	45.0	3	564.188	564.488
568.83	0.8999999999999773	trials	60	s060_J210421	grCe_grSu12Mi	9	90.0	3	569.13	569.43
569.431	0.8999999999999773	trials	60	s060_J210421	grCe_grSu12SmCiNe_PS	21	180.0	3	569.731	570.03
570.047	0.8999999999999773	trials	60	s060_J210421	grCe_grSu12Mi	9	135.0	3	570.347	570.647
574.998	0.8999999999999773	trials	60	s060_J210421	grCe_grSu1Ne	3	135.0	3	575.298	575.598
575.5980000000001	0.8999999999999773	trials	60	s060_J210421	grCe_grSu6CiNe	15	270.0	3	575.898	576.198
576.1980000000001	0.8999999999999773	trials	60	s060_J210421	grCe_grSu1Ne	3	90.0	3	576.498	576.798
586.249	0.8999999999999773	trials	60	s060_J210421	grCe_grSu18Fa	11	180.0	3	586.549	586.849
586.849	0.8999999999999773	trials	60	s060_J210421	coCe_grSu6Ne	17	270.0	3	587.149	587.449
591.383	0.8999999999999773	trials	60	s060_J210421	coCe	16	225.0	3	591.683	591.983
591.9830000000001	0.8999999999999773	trials	60	s060_J210421	coCe_grSu6Ne	17	315.0	3	592.283	592.583
592.5840000000001	0.8999999999999773	trials	60	s060_J210421	coSu6Ne	20		3	592.884	593.183
621.462	0.8999999999999773	trials	60	s060_J210421	grCe_grSu6Ne_PS	18	180.0	3	621.762	622.062
622.062	0.8999999999999773	trials	60	s060_J210421	coCe	16	135.0	3	622.362	622.662
622.662	0.8999999999999773	trials	60	s060_J210421	grCe_grSu6CiNe	15	315.0	3	622.962	623.262
627.613	0.8999999999999773	trials	60	s060_J210421	grCe_grSu6CiNe	15	180.0	3	627.913	628.213
628.8130000000001	0.8999999999999773	trials	60	s060_J210421	grSu12SmCiNe	12		3	629.113	629.413
636.739	0.8999999999999773	trials	60	s060_J210421	grCe_grSu6CiNe_PS	19	315.0	3	637.039	637.339
637.339	0.8999999999999773	trials	60	s060_J210421	grCe_grSu6CiNe	15	90.0	3	637.639	637.939
645.499	0.8999999999999773	trials	60	s060_J210421	grCe	1	270.0	3	645.799	646.098
646.099	0.8999999999999773	trials	60	s060_J210421	grCe_grSu3Ne	5	90.0	3	646.399	646.698
649.933	0.8999999999999773	trials	60	s060_J210421	grCe_grSu6Ne_PS	18	135.0	3	650.233	650.532
656.475	0.8999999999999773	trials	60	s060_J210421	NoStim	0		3	656.775	657.075
657.075	0.8999999999999773	trials	60	s060_J210421	grCe_grSu1Ne	3	225.0	3	657.375	657.675
657.6750000000001	0.8999999999999773	trials	60	s060_J210421	grCe_grSu6Ne	7	315.0	3	657.975	658.275
662.676	0.8999999999999773	trials	60	s060_J210421	grCe_grSu6CiNe_PS	19	225.0	3	662.976	663.276
663.284	0.8999999999999773	trials	60	s060_J210421	grSu18Fa	10		3	663.584	663.884
663.884	0.8999999999999773	trials	60	s060_J210421	coCe	16	90.0	3	664.184	664.484
669.577	0.8999999999999773	trials	60	s060_J210421	coCe_grSu6Ne	17	90.0	3	669.877	670.176
670.1940000000001	0.8999999999999773	trials	60	s060_J210421	coCe	16	45.0	3	670.494	670.793
684.62	0.8999999999999773	trials	60	s060_J210421	grCe_grSu6Ne_PS	18	270.0	3	684.92	685.22
685.221	0.8999999999999773	trials	60	s060_J210421	grCe_grSu6CiNe	15	0.0	3	685.521	685.82
685.846	0.8999999999999773	trials	60	s060_J210421	grCe_grSu12SmCiNe	13	315.0	3	686.146	686.445
691.005	0.8999999999999773	trials	60	s060_J210421	coCe_grSu6Ne	17	225.0	3	691.305	691.604
691.613	0.8999999999999773	trials	60	s060_J210421	grCe_grSu12Mi	9	180.0	3	691.913	692.213
692.2130000000001	0.8999999999999773	trials	60	s060_J210421	grCe_grSu6Ne	7	180.0	3	692.513	692.813
701.023	0.8999999999999773	trials	60	s060_J210421	grCe_grSu1Ne	3	0.0	3	701.323	701.622
701.6310000000001	0.8999999999999773	trials	60	s060_J210421	grCe_grSu6CiNe	15	225.0	3	701.931	702.231
705.457	0.8999999999999773	trials	60	s060_J210421	grCe_grSu12SmCiNe	13	225.0	3	705.757	706.056
706.057	0.8999999999999773	trials	60	s060_J210421	grCe_grSu12SmCiNe_PS	21	45.0	3	706.357	706.656
706.6650000000001	0.8999999999999773	trials	60	s060_J210421	grCe_grSu18Fa	11	270.0	3	706.965	707.265
711.8240000000001	0.8999999999999773	trials	60	s060_J210421	grCe_grSu18Fa	11	0.0	3	712.124	712.424
712.4240000000001	0.8999999999999773	trials	60	s060_J210421	grCe_grSu12SmCiNe_PS	21	270.0	3	712.724	713.024
718.9580000000001	0.8999999999999773	trials	60	s060_J210421	grCe_grSu6CiNe	15	45.0	3	719.258	719.558
719.567	0.8999999999999773	trials	60	s060_J210421	grCe_grSu12Mi	9	315.0	3	719.867	720.166
720.167	0.8999999999999773	trials	60	s060_J210421	grCe	1	45.0	3	720.467	720.766
725.4340000000001	0.8999999999999773	trials	60	s060_J210421	grCe_grSu12SmCiNe_PS	21	135.0	3	725.734	726.034
726.043	0.8999999999999773	trials	60	s060_J210421	grCe_grSu12Mi	9	0.0	3	726.343	726.642
726.6510000000001	0.8999999999999773	trials	60	s060_J210421	grCe_grSu12Mi	9	225.0	3	726.951	727.251
732.452	0.8999999999999773	trials	60	s060_J210421	grCe_grSu1Ne	3	180.0	3	732.752	733.051
733.052	0.8999999999999773	trials	60	s060_J210421	grCe	1	225.0	3	733.352	733.651
743.178	0.8999999999999773	trials	60	s060_J210421	grCe_grSu1Ne	3	90.0	9	743.478	743.778
743.778	0.8999999999999773	trials	60	s060_J210421	grSu12SmCiNe	12		9	744.078	744.378
749.3380000000001	0.8999999999999773	trials	60	s060_J210421	grSu6CiNe	14		9	749.638	749.938
749.9380000000001	0.8999999999999773	trials	60	s060_J210421	grCe_grSu12SmCiNe_PS	21	0.0	9	750.238	750.538
750.538	0.8999999999999773	trials	60	s060_J210421	coCe	16	180.0	9	750.838	751.138
756.1560000000001	0.8999999999999773	trials	60	s060_J210421	grCe_grSu1Ne	3	135.0	9	756.456	756.755
778.6500000000001	0.8999999999999773	trials	60	s060_J210421	grCe_grSu12SmCiNe_PS	21	180.0	9	778.95	779.25
779.25	0.8999999999999773	trials	60	s060_J210421	grCe_grSu12SmCiNe_PS	21	225.0	9	779.55	779.85
785.801	0.8999999999999773	trials	60	s060_J210421	grCe_grSu12SmCiNe	13	180.0	9	786.101	786.401
786.4010000000001	0.8999999999999773	trials	60	s060_J210421	grCe_grSu12SmCiNe	13	225.0	9	786.701	787.001
787.0010000000001	0.8999999999999773	trials	60	s060_J210421	coSu6Ne	20		9	787.301	787.601
792.302	0.8999999999999773	trials	60	s060_J210421	grSu12Mi	8		9	792.602	792.902
793.5110000000001	0.8999999999999773	trials	60	s060_J210421	grCe_grSu12Mi	9	180.0	9	793.811	794.11
812.3130000000001	0.8999999999999773	trials	60	s060_J210421	grCe_grSu12Mi	9	225.0	9	812.613	812.913
812.913	0.8999999999999773	trials	60	s060_J210421	grCe_grSu6Ne_PS	18	90.0	9	813.213	813.513
813.513	0.8999999999999773	trials	60	s060_J210421	grCe_grSu6Ne	7	315.0	9	813.813	814.113
818.5970000000001	0.8999999999999773	trials	60	s060_J210421	grCe_grSu1Ne	3	270.0	9	818.897	819.197
819.197	0.8999999999999773	trials	60	s060_J210421	grCe	1	45.0	9	819.497	819.797
819.797	0.8999999999999773	trials	60	s060_J210421	grCe_grSu6Ne_PS	18	0.0	9	820.097	820.397
824.748	0.8999999999999773	trials	60	s060_J210421	grCe	1	180.0	9	825.048	825.348
825.356	0.8999999999999773	trials	60	s060_J210421	grSu18Fa	10		9	825.656	825.956
825.956	0.8999999999999773	trials	60	s060_J210421	coCe	16	0.0	9	826.256	826.556
840.125	0.8999999999999773	trials	60	s060_J210421	grCe_grSu12SmCiNe_PS	21	90.0	9	840.425	840.725
840.725	0.8999999999999773	trials	60	s060_J210421	coCe	16	270.0	9	841.025	841.325
841.3330000000001	0.8999999999999773	trials	60	s060_J210421	grCe_grSu12Mi	9	45.0	9	841.633	841.933
865.0450000000001	0.8999999999999773	trials	60	s060_J210421	grCe_grSu6Ne_PS	18	270.0	9	865.345	865.644
865.6450000000001	0.8999999999999773	trials	60	s060_J210421	grCe_grSu12SmCiNe_PS	21	135.0	9	865.945	866.245
866.245	0.8999999999999773	trials	60	s060_J210421	coCe_grSu6Ne	17	270.0	9	866.545	866.845
871.287	0.8999999999999773	trials	60	s060_J210421	grCe_grSu6CiNe_PS	19	135.0	9	871.587	871.887
871.8960000000001	0.8999999999999773	trials	60	s060_J210421	grCe_grSu18Fa	11	45.0	9	872.196	872.495
879.138	0.8999999999999773	trials	60	s060_J210421	coCe_grSu6Ne	17	225.0	9	879.438	879.738
879.7470000000001	0.8999999999999773	trials	60	s060_J210421	grCe_grSu1Ne	3	225.0	9	880.047	880.346
884.9140000000001	0.8999999999999773	trials	60	s060_J210421	grCe_grSu3Ne	5	135.0	9	885.214	885.514
885.514	0.8999999999999773	trials	60	s060_J210421	grCe_grSu12SmCiNe	13	0.0	9	885.814	886.114
886.114	0.8999999999999773	trials	60	s060_J210421	grCe_grSu12SmCiNe_PS	21	270.0	9	886.414	886.714
901.3660000000001	0.8999999999999773	trials	60	s060_J210421	grCe_grSu18Fa	11	135.0	9	901.666	901.966
915.643	0.8999999999999773	trials	60	s060_J210421	grCe_grSu6CiNe_PS	19	0.0	9	915.943	916.243
916.8520000000001	0.8999999999999773	trials	60	s060_J210421	grCe_grSu3Ne	5	225.0	9	917.152	917.451
922.486	0.8999999999999773	trials	60	s060_J210421	grCe_grSu6CiNe	15	90.0	9	922.786	923.085
923.086	0.8999999999999773	trials	60	s060_J210421	grSu6Ne	6		9	923.386	923.685
928.2610000000001	0.8999999999999773	trials	60	s060_J210421	grCe	1	0.0	9	928.561	928.861
928.861	0.8999999999999773	trials	60	s060_J210421	grCe	1	315.0	9	929.161	929.461
932.6700000000001	0.8999999999999773	trials	60	s060_J210421	coCe_grSu6Ne	17	90.0	9	932.97	933.27
933.2700000000001	0.8999999999999773	trials	60	s060_J210421	grCe	1	225.0	9	933.57	933.87
933.8950000000001	0.8999999999999773	trials	60	s060_J210421	grCe_grSu6CiNe_PS	19	90.0	9	934.195	934.495
942.4380000000001	0.8999999999999773	trials	60	s060_J210421	grCe_grSu3Ne	5	0.0	9	942.738	943.038
943.638	0.8999999999999773	trials	60	s060_J210421	coCe_grSu6Ne	17	315.0	9	943.938	944.238
949.5060000000001	0.8999999999999773	trials	60	s060_J210421	grCe_grSu12Mi	9	0.0	9	949.806	950.105
950.114	0.8999999999999773	trials	60	s060_J210421	grCe_grSu18Fa	11	270.0	9	950.414	950.714
955.307	0.8999999999999773	trials	60	s060_J210421	grCe	1	135.0	9	955.607	955.906
955.9150000000001	0.8999999999999773	trials	60	s060_J210421	coCe_grSu6Ne	17	180.0	9	956.215	956.515
956.532	0.8999999999999773	trials	60	s060_J210421	grCe_grSu6Ne	7	225.0	9	956.832	957.131
965.158	0.8999999999999773	trials	60	s060_J210421	grCe_grSu1Ne	3	0.0	9	965.458	965.757
965.758	0.8999999999999773	trials	60	s060_J210421	grCe_grSu6CiNe_PS	19	270.0	9	966.058	966.357
966.3580000000001	0.8999999999999773	trials	60	s060_J210421	grCe_grSu6Ne_PS	18	225.0	9	966.658	966.958
971.3420000000001	0.8999999999999773	trials	60	s060_J210421	grCe	1	270.0	9	971.642	971.942
971.942	0.8999999999999773	trials	60	s060_J210421	grCe_grSu6CiNe	15	315.0	9	972.242	972.542
972.542	0.8999999999999773	trials	60	s060_J210421	grCe_grSu6CiNe_PS	19	180.0	9	972.842	973.142
977.551	0.8999999999999773	trials	60	s060_J210421	coCe_grSu6Ne	17	45.0	9	977.851	978.151
978.1600000000001	0.8999999999999773	trials	60	s060_J210421	grCe_grSu6Ne_PS	18	315.0	9	978.46	978.759
978.76	0.8999999999999773	trials	60	s060_J210421	grCe_grSu1Ne	3	45.0	9	979.06	979.359
983.902	0.8999999999999773	trials	60	s060_J210421	grCe_grSu12Mi	9	135.0	9	984.202	984.502
985.1020000000001	0.8999999999999773	trials	60	s060_J210421	grCe_grSu6Ne	7	135.0	9	985.402	985.702
990.094	0.8999999999999773	trials	60	s060_J210421	grCe_grSu12Mi	9	270.0	9	990.394	990.694
990.6940000000001	0.8999999999999773	trials	60	s060_J210421	grCe_grSu6Ne_PS	18	180.0	9	990.994	991.294
991.2950000000001	0.8999999999999773	trials	60	s060_J210421	grCe_grSu3Ne	5	90.0	9	991.595	991.894
996.32	0.8999999999999773	trials	60	s060_J210421	grCe_grSu12SmCiNe	13	315.0	9	996.62	996.92
996.9200000000001	0.8999999999999773	trials	60	s060_J210421	grCe_grSu12SmCiNe_PS	21	315.0	9	997.22	997.52
997.529	0.8999999999999773	trials	60	s060_J210421	grCe_grSu6Ne	7	90.0	9	997.829	998.128
1002.488	0.8999999999999773	trials	60	s060_J210421	grSu3Ne	4		9	1002.788	1003.087
1003.6880000000001	0.8999999999999773	trials	60	s060_J210421	coCe	16	90.0	9	1003.988	1004.287
1012.7890000000001	0.8999999999999773	trials	60	s060_J210421	grCe_grSu6CiNe	15	225.0	9	1013.089	1013.389
1018.831	0.8999999999999773	trials	60	s060_J210421	NoStim	0		9	1019.131	1019.431
1019.432	0.8999999999999773	trials	60	s060_J210421	grCe_grSu12SmCiNe	13	270.0	9	1019.732	1020.031
1020.032	0.8999999999999773	trials	60	s060_J210421	grCe_grSu6Ne_PS	18	45.0	9	1020.332	1020.631
1025.599	0.8999999999998636	trials	60	s060_J210421	grCe_grSu6Ne	7	180.0	9	1025.899	1026.199
1026.199	0.8999999999998636	trials	60	s060_J210421	grCe_grSu1Ne	3	315.0	9	1026.499	1026.799
1026.807	0.8999999999998636	trials	60	s060_J210421	grCe_grSu12SmCiNe	13	45.0	9	1027.107	1027.407
1031.741	0.8999999999998636	trials	60	s060_J210421	grSu1Ne	2		9	1032.041	1032.341
1032.342	0.8999999999998636	trials	60	s060_J210421	grCe_grSu6Ne	7	270.0	9	1032.642	1032.941
1036.2920000000001	0.8999999999998636	trials	60	s060_J210421	grCe_grSu18Fa	11	315.0	9	1036.592	1036.892
1036.892	0.8999999999998636	trials	60	s060_J210421	coCe	16	135.0	9	1037.192	1037.492
1037.492	0.8999999999998636	trials	60	s060_J210421	grCe_grSu12SmCiNe	13	135.0	9	1037.792	1038.092
1042.476	0.8999999999998636	trials	60	s060_J210421	grCe_grSu6CiNe_PS	19	225.0	9	1042.776	1043.076
1046.143	0.8999999999998636	trials	60	s060_J210421	grCe_grSu12Mi	9	315.0	9	1046.443	1046.743
1046.743	0.8999999999998636	trials	60	s060_J210421	grCe_grSu6Ne	7	45.0	9	1047.043	1047.343
1047.343	0.8999999999998636	trials	60	s060_J210421	coCe	16	45.0	9	1047.643	1047.943
1052.419	0.8999999999998636	trials	60	s060_J210421	grCe_grSu12SmCiNe_PS	21	45.0	9	1052.719	1053.019
1056.428	0.8999999999998636	trials	60	s060_J210421	grCe_grSu6CiNe	15	0.0	9	1056.728	1057.028
1057.036	0.8999999999998636	trials	60	s060_J210421	grCe_grSu12Mi	9	90.0	9	1057.336	1057.636
1057.636	0.8999999999998636	trials	60	s060_J210421	grCe_grSu6CiNe	15	135.0	9	1057.936	1058.236
1097.1580000000001	0.8999999999998636	trials	60	s060_J210421	grCe	1	90.0	9	1097.458	1097.758
1097.758	0.8999999999998636	trials	60	s060_J210421	coCe	16	225.0	9	1098.058	1098.358
1098.367	0.8999999999998636	trials	60	s060_J210421	grCe_grSu6CiNe	15	45.0	9	1098.667	1099.166
1104.893	0.8999999999998636	trials	60	s060_J210421	grCe_grSu6CiNe	15	270.0	9	1105.193	1105.492
1109.977	0.8999999999998636	trials	60	s060_J210421	grCe_grSu6Ne_PS	18	135.0	9	1110.277	1110.576
1110.577	0.8999999999998636	trials	60	s060_J210421	grCe_grSu6CiNe_PS	19	45.0	9	1110.877	1111.176
1113.9850000000001	0.8999999999998636	trials	60	s060_J210421	grCe_grSu3Ne	5	45.0	9	1114.285	1114.585
1114.594	0.8999999999998636	trials	60	s060_J210421	grCe_grSu18Fa	11	180.0	9	1114.894	1115.193
1115.211	0.8999999999998636	trials	60	s060_J210421	grCe_grSu12SmCiNe	13	90.0	9	1115.511	1115.81
1120.9360000000001	0.8999999999998636	trials	60	s060_J210421	grCe_grSu18Fa	11	0.0	9	1121.236	1121.536
1130.396	0.8999999999998636	trials	60	s060_J210421	grCe_grSu6CiNe	15	180.0	9	1130.696	1130.995
1130.996	0.8999999999998636	trials	60	s060_J210421	grCe_grSu3Ne	5	270.0	9	1131.296	1131.596
1131.596	0.8999999999998636	trials	60	s060_J210421	coCe	16	315.0	9	1131.896	1132.196
1137.305	0.8999999999998636	trials	60	s060_J210421	grCe_grSu1Ne	3	180.0	9	1137.605	1137.905
1137.905	0.8999999999998636	trials	60	s060_J210421	grCe_grSu3Ne	5	180.0	9	1138.205	1138.505
1142.881	0.8999999999998636	trials	60	s060_J210421	grCe_grSu3Ne	5	315.0	9	1143.181	1143.48
1144.089	0.8999999999998636	trials	60	s060_J210421	grCe_grSu18Fa	11	225.0	9	1144.389	1144.689
1149.265	0.8999999999998636	trials	60	s060_J210421	coCe_grSu6Ne	17	0.0	9	1149.565	1149.865
1153.2740000000001	0.8999999999998636	trials	60	s060_J210421	grCe_grSu18Fa	11	90.0	9	1153.574	1153.873
1160.983	0.8999999999998636	trials	60	s060_J210421	coCe_grSu6Ne	17	135.0	9	1161.283	1161.583
1161.583	0.8999999999998636	trials	60	s060_J210421	grCe_grSu6CiNe_PS	19	315.0	9	1161.883	1162.183
1166.742	0.8999999999998636	trials	60	s060_J210421	grCe_grSu6Ne	7	0.0	9	1167.042	1167.342
1171.026	0.8999999999998636	trials	60	s060_J210421	grCe_grSu6CiNe_PS	19	180.0	1	1171.326	1171.626
1171.626	0.8999999999998636	trials	60	s060_J210421	grCe_grSu6Ne	7	0.0	1	1171.926	1172.226
1177.569	0.8999999999998636	trials	60	s060_J210421	grCe	1	0.0	1	1177.869	1178.168
1178.169	0.8999999999998636	trials	60	s060_J210421	grCe_grSu6Ne_PS	18	315.0	1	1178.469	1178.768
1178.8690000000001	0.8999999999998636	trials	60	s060_J210421	grCe_grSu12SmCiNe	13	135.0	1	1179.169	1179.468
1184.27	0.8999999999998636	trials	60	s060_J210421	grCe_grSu1Ne	3	225.0	1	1184.57	1184.869
1188.5620000000001	0.8999999999998636	trials	60	s060_J210421	grCe_grSu6CiNe	15	225.0	1	1188.862	1189.161
1192.012	0.8999999999998636	trials	60	s060_J210421	grSu12SmCiNe	12		1	1192.312	1192.612
1192.612	0.8999999999998636	trials	60	s060_J210421	grCe	1	225.0	1	1192.912	1193.212
1198.53	0.8999999999998636	trials	60	s060_J210421	grCe_grSu12SmCiNe_PS	21	45.0	1	1198.83	1199.129
1199.1380000000001	0.8999999999998636	trials	60	s060_J210421	grCe_grSu12Mi	9	180.0	1	1199.438	1199.738
1199.747	0.8999999999998636	trials	60	s060_J210421	grCe_grSu6Ne	7	180.0	1	1200.047	1200.346
1206.031	0.8999999999998636	trials	60	s060_J210421	coCe	16	225.0	1	1206.331	1206.63
1214.9650000000001	0.8999999999998636	trials	60	s060_J210421	grSu18Fa	10		1	1215.265	1215.565
1215.565	0.8999999999998636	trials	60	s060_J210421	grCe_grSu6CiNe_PS	19	270.0	1	1215.865	1216.165
1216.165	0.8999999999998636	trials	60	s060_J210421	grCe_grSu1Ne	3	315.0	1	1216.465	1216.765
1221.8410000000001	0.8999999999998636	trials	60	s060_J210421	grCe_grSu6CiNe	15	45.0	1	1222.141	1222.441
1222.441	0.8999999999998636	trials	60	s060_J210421	grCe_grSu6Ne_PS	18	135.0	1	1222.741	1223.041
1223.041	0.8999999999998636	trials	60	s060_J210421	grCe_grSu6Ne	7	45.0	1	1223.341	1223.641
1228.342	0.8999999999998636	trials	60	s060_J210421	grCe_grSu12SmCiNe_PS	21	270.0	1	1228.642	1228.941
1228.95	0.8999999999998636	trials	60	s060_J210421	grCe_grSu12Mi	9	315.0	1	1229.25	1229.55
1229.559	0.8999999999998636	trials	60	s060_J210421	grCe_grSu12Mi	9	0.0	1	1229.859	1230.158
1238.31	0.8999999999998636	trials	60	s060_J210421	grCe_grSu18Fa	11	270.0	1	1238.61	1238.909
1238.9180000000001	0.8999999999998636	trials	60	s060_J210421	grCe_grSu1Ne	3	270.0	1	1239.218	1239.518
1239.518	0.8999999999998636	trials	60	s060_J210421	grCe_grSu3Ne	5	90.0	1	1239.818	1240.118
1244.5610000000001	0.8999999999998636	trials	60	s060_J210421	grCe_grSu18Fa	11	315.0	1	1244.861	1245.16
1245.169	0.8999999999998636	trials	60	s060_J210421	grCe_grSu12Mi	9	270.0	1	1245.469	1245.769
1245.8110000000001	0.8999999999998636	trials	60	s060_J210421	grCe_grSu6CiNe_PS	19	135.0	1	1246.111	1246.41
1250.861	0.8999999999998636	trials	60	s060_J210421	grCe_grSu12Mi	9	135.0	1	1251.161	1251.461
1251.47	0.8999999999998636	trials	60	s060_J210421	grCe_grSu12SmCiNe	13	45.0	1	1251.77	1252.069
1252.078	0.8999999999998636	trials	60	s060_J210421	grCe_grSu12Mi	9	225.0	1	1252.378	1252.678
1258.3120000000001	0.8999999999998636	trials	60	s060_J210421	grCe_grSu1Ne	3	135.0	1	1258.612	1258.912
1267.605	0.8999999999998636	trials	60	s060_J210421	grCe_grSu6CiNe_PS	19	45.0	1	1267.905	1268.205
1291.317	0.8999999999998636	trials	60	s060_J210421	grCe_grSu18Fa	11	180.0	1	1291.617	1291.916
1291.925	0.8999999999998636	trials	60	s060_J210421	grCe_grSu18Fa	11	90.0	1	1292.225	1292.525
1308.127	0.8999999999998636	trials	60	s060_J210421	grCe_grSu1Ne	3	90.0	1	1308.427	1308.727
1308.727	0.8999999999998636	trials	60	s060_J210421	grCe_grSu6CiNe_PS	19	225.0	1	1309.027	1309.327
1309.327	0.8999999999998636	trials	60	s060_J210421	grSu6Ne	6		1	1309.627	1309.927
1314.27	0.8999999999998636	trials	60	s060_J210421	grCe_grSu6CiNe	15	315.0	1	1314.57	1314.869
1314.8700000000001	0.8999999999998636	trials	60	s060_J210421	coCe	16	180.0	1	1315.17	1315.469
1315.47	0.8999999999998636	trials	60	s060_J210421	grCe	1	270.0	1	1315.77	1316.069
1320.8790000000001	0.8999999999998636	trials	60	s060_J210421	grCe_grSu12SmCiNe_PS	21	180.0	1	1321.179	1321.478
1321.496	0.8999999999998636	trials	60	s060_J210421	grCe_grSu6Ne	7	135.0	1	1321.796	1322.095
1327.063	0.8999999999998636	trials	60	s060_J210421	grCe_grSu6Ne	7	225.0	1	1327.363	1327.663
1334.439	0.8999999999998636	trials	60	s060_J210421	coCe_grSu6Ne	17	315.0	1	1334.739	1335.039
1335.047	0.8999999999998636	trials	60	s060_J210421	grCe_grSu12Mi	9	45.0	1	1335.347	1335.647
1335.647	0.8999999999998636	trials	60	s060_J210421	coCe_grSu6Ne	17	90.0	1	1335.947	1336.247
1340.623	0.8999999999998636	trials	60	s060_J210421	grCe_grSu12SmCiNe	13	270.0	1	1340.923	1341.223
1341.823	0.8999999999998636	trials	60	s060_J210421	grCe_grSu6Ne	7	315.0	1	1342.123	1342.423
1347.349	0.8999999999998636	trials	60	s060_J210421	coCe	16	90.0	1	1347.649	1347.949
1351.325	0.8999999999998636	trials	60	s060_J210421	grCe_grSu18Fa	11	135.0	1	1351.625	1351.924
1352.5330000000001	0.8999999999998636	trials	60	s060_J210421	grCe_grSu3Ne	5	225.0	1	1352.833	1353.133
1357.8	0.8999999999998636	trials	60	s060_J210421	grCe_grSu6CiNe	15	90.0	1	1358.1	1358.4
1358.4	0.8999999999998636	trials	60	s060_J210421	grCe_grSu6Ne_PS	18	225.0	1	1358.7	1359.0
1364.034	0.8999999999998636	trials	60	s060_J210421	grCe_grSu12SmCiNe	13	180.0	1	1364.334	1364.634
1364.643	0.8999999999998636	trials	60	s060_J210421	grCe_grSu3Ne	5	270.0	1	1364.943	1365.242
1368.443	0.8999999999998636	trials	60	s060_J210421	coCe	16	270.0	1	1368.743	1369.043
1369.0430000000001	0.8999999999998636	trials	60	s060_J210421	grCe_grSu6CiNe_PS	19	0.0	1	1369.343	1369.643
1373.094	0.8999999999998636	trials	60	s060_J210421	grCe_grSu3Ne	5	135.0	1	1373.394	1373.694
1373.719	0.8999999999998636	trials	60	s060_J210421	grCe_grSu3Ne	5	180.0	1	1374.019	1374.319
1374.319	0.8999999999998636	trials	60	s060_J210421	coCe	16	315.0	1	1374.619	1374.919
1379.528	0.8999999999998636	trials	60	s060_J210421	grCe	1	315.0	1	1379.828	1380.128
1380.1280000000002	0.8999999999998636	trials	60	s060_J210421	grSu6CiNe	14		1	1380.428	1380.728
1380.728	0.8999999999998636	trials	60	s060_J210421	grCe_grSu6Ne_PS	18	180.0	1	1381.028	1381.328
1390.538	0.8999999999998636	trials	60	s060_J210421	coCe_grSu6Ne	17	0.0	1	1390.838	1391.138
1391.1380000000001	0.8999999999998636	trials	60	s060_J210421	grCe	1	180.0	1	1391.438	1391.738
1391.738	0.8999999999998636	trials	60	s060_J210421	coSu6Ne	20		1	1392.038	1392.338
1401.256	0.8999999999998636	trials	60	s060_J210421	grCe_grSu12SmCiNe_PS	21	135.0	1	1401.556	1401.856
1404.873	0.8999999999998636	trials	60	s060_J210421	grSu12Mi	8		1	1405.173	1405.473
1405.473	0.8999999999998636	trials	60	s060_J210421	coCe_grSu6Ne	17	270.0	1	1405.773	1406.073
1406.073	0.8999999999998636	trials	60	s060_J210421	grCe_grSu1Ne	3	0.0	1	1406.373	1406.673
1411.124	0.8999999999998636	trials	60	s060_J210421	grCe_grSu6Ne	7	270.0	1	1411.424	1411.723
1411.724	0.8999999999998636	trials	60	s060_J210421	grCe_grSu6CiNe	15	180.0	1	1412.024	1412.324
1412.324	0.8999999999998636	trials	60	s060_J210421	grCe_grSu1Ne	3	180.0	1	1412.624	1412.924
1417.808	0.8999999999998636	trials	60	s060_J210421	grCe_grSu12SmCiNe	13	0.0	1	1418.108	1418.408
1422.675	0.8999999999998636	trials	60	s060_J210421	grSu3Ne	4		1	1422.975	1423.275
1426.618	0.8999999999998636	trials	60	s060_J210421	grCe	1	90.0	1	1426.918	1427.217
1427.826	0.8999999999998636	trials	60	s060_J210421	grCe_grSu6Ne_PS	18	90.0	1	1428.126	1428.426
1447.287	0.8999999999998636	trials	60	s060_J210421	coCe	16	0.0	1	1447.587	1447.887
1447.887	0.8999999999998636	trials	60	s060_J210421	NoStim	0		1	1448.187	1448.487
1457.2630000000001	0.8999999999998636	trials	60	s060_J210421	grCe_grSu12SmCiNe_PS	21	90.0	1	1457.563	1457.863
1457.872	0.8999999999998636	trials	60	s060_J210421	grCe_grSu12SmCiNe	13	315.0	1	1458.172	1458.471
1458.472	0.8999999999998636	trials	60	s060_J210421	grCe_grSu12SmCiNe	13	225.0	1	1458.772	1459.071
1463.789	0.8999999999998636	trials	60	s060_J210421	coCe_grSu6Ne	17	225.0	1	1464.089	1464.389
1464.3890000000001	0.8999999999998636	trials	60	s060_J210421	coCe_grSu6Ne	17	45.0	1	1464.689	1464.989
1485.942	0.8999999999998636	trials	60	s060_J210421	grCe_grSu6Ne	7	90.0	1	1486.242	1486.542
1486.5420000000001	0.8999999999998636	trials	60	s060_J210421	grCe	1	135.0	1	1486.842	1487.142
1487.142	0.8999999999998636	trials	60	s060_J210421	grCe_grSu6CiNe	15	135.0	1	1487.442	1487.742
1495.068	0.8999999999998636	trials	60	s060_J210421	grCe_grSu6Ne_PS	18	0.0	1	1495.368	1495.668
1495.6770000000001	0.8999999999998636	trials	60	s060_J210421	grCe_grSu18Fa	11	225.0	1	1495.977	1496.276
1496.277	0.8999999999998636	trials	60	s060_J210421	grCe_grSu1Ne	3	45.0	1	1496.577	1496.876
1501.336	0.8999999999998636	trials	60	s060_J210421	grSu1Ne	2		1	1501.636	1501.935
1504.961	0.8999999999998636	trials	60	s060_J210421	grCe_grSu18Fa	11	45.0	1	1505.261	1505.561
1505.5610000000001	0.8999999999998636	trials	60	s060_J210421	grCe_grSu6CiNe	15	270.0	1	1505.861	1506.161
1506.161	0.8999999999998636	trials	60	s060_J210421	grCe_grSu12SmCiNe_PS	21	0.0	1	1506.461	1506.761
1511.2450000000001	0.8999999999998636	trials	60	s060_J210421	grCe_grSu12SmCiNe_PS	21	225.0	1	1511.545	1511.845
1511.845	0.8999999999998636	trials	60	s060_J210421	grCe_grSu3Ne	5	45.0	1	1512.145	1512.445
1512.454	0.8999999999998636	trials	60	s060_J210421	grCe_grSu12Mi	9	90.0	1	1512.754	1513.053
1518.088	0.8999999999998636	trials	60	s060_J210421	grCe_grSu12SmCiNe_PS	21	315.0	1	1518.388	1518.687
1518.688	0.8999999999998636	trials	60	s060_J210421	grCe_grSu3Ne	5	315.0	1	1518.988	1519.287
1519.288	0.8999999999998636	trials	60	s060_J210421	coCe	16	135.0	1	1519.588	1519.888
1524.3220000000001	0.8999999999998636	trials	60	s060_J210421	grCe_grSu6CiNe_PS	19	90.0	1	1524.622	1524.921
1524.922	0.8999999999998636	trials	60	s060_J210421	grCe_grSu6Ne_PS	18	45.0	1	1525.222	1525.522
1528.172	0.8999999999998636	trials	60	s060_J210421	grCe_grSu12SmCiNe	13	90.0	1	1528.472	1528.772
1529.381	0.8999999999998636	trials	60	s060_J210421	grCe	1	45.0	1	1529.681	1529.98
1534.557	0.8999999999998636	trials	60	s060_J210421	coCe_grSu6Ne	17	180.0	1	1534.857	1535.156
1535.1570000000002	0.8999999999998636	trials	60	s060_J210421	grCe_grSu6CiNe	15	0.0	1	1535.457	1535.756
1545.5330000000001	0.8999999999998636	trials	60	s060_J210421	grCe_grSu6Ne_PS	18	270.0	1	1545.833	1546.133
1550.592	0.8999999999998636	trials	60	s060_J210421	grCe_grSu3Ne	5	0.0	1	1550.892	1551.192
1551.192	0.8999999999998636	trials	60	s060_J210421	coCe_grSu6Ne	17	135.0	1	1551.492	1551.792
1551.7920000000001	0.8999999999998636	trials	60	s060_J210421	coCe	16	45.0	1	1552.092	1552.392
1557.126	0.8999999999998636	trials	60	s060_J210421	grCe_grSu18Fa	11	0.0	1	1557.426	1557.726
1557.726	0.8999999999998636	trials	60	s060_J210421	grCe_grSu6CiNe_PS	19	315.0	1	1558.026	1558.326
1563.594	0.8999999999998636	trials	60	s060_J210421	grCe_grSu6CiNe	15	135.0	5	1563.894	1564.193
1564.194	0.8999999999998636	trials	60	s060_J210421	grCe	1	270.0	5	1564.494	1564.793
1564.794	0.8999999999998636	trials	60	s060_J210421	grCe_grSu3Ne	5	315.0	5	1565.094	1565.393
1581.413	0.8999999999998636	trials	60	s060_J210421	grCe_grSu6Ne	7	90.0	5	1581.713	1582.012
1582.0130000000001	0.8999999999998636	trials	60	s060_J210421	grCe	1	135.0	5	1582.313	1582.612
1587.988	0.8999999999998636	trials	60	s060_J210421	grCe_grSu12SmCiNe_PS	21	315.0	5	1588.288	1588.588
1592.564	0.8999999999998636	trials	60	s060_J210421	coSu6Ne	20		5	1592.864	1593.164
1593.164	0.8999999999998636	trials	60	s060_J210421	grCe_grSu6CiNe	15	225.0	5	1593.464	1593.764
1607.799	0.8999999999998636	trials	60	s060_J210421	grCe_grSu6Ne	7	270.0	5	1608.099	1608.399
1608.516	0.8999999999998636	trials	60	s060_J210421	coCe_grSu6Ne	17	90.0	5	1608.816	1609.116
1623.6680000000001	0.8999999999998636	trials	60	s060_J210421	grCe_grSu6CiNe	15	315.0	5	1623.968	1624.268
1624.268	0.8999999999998636	trials	60	s060_J210421	grCe_grSu6Ne	7	135.0	5	1624.568	1624.868
1643.671	0.8999999999998636	trials	60	s060_J210421	grCe_grSu12SmCiNe_PS	21	270.0	5	1643.971	1644.27
1644.871	0.8999999999998636	trials	60	s060_J210421	grCe_grSu1Ne	3	45.0	5	1645.171	1645.47
1649.88	0.8999999999998636	trials	60	s060_J210421	grCe_grSu12SmCiNe_PS	21	45.0	5	1650.18	1650.479
1650.48	0.8999999999998636	trials	60	s060_J210421	grCe_grSu6Ne_PS	18	270.0	5	1650.78	1651.079
1651.0800000000002	0.8999999999998636	trials	60	s060_J210421	grCe_grSu6Ne	7	315.0	5	1651.38	1651.68
1656.731	0.8999999999998636	trials	60	s060_J210421	grCe_grSu3Ne	5	135.0	5	1657.031	1657.33
1657.3310000000001	0.8999999999998636	trials	60	s060_J210421	grCe_grSu6CiNe_PS	19	0.0	5	1657.631	1657.93
1657.931	0.8999999999998636	trials	60	s060_J210421	grSu1Ne	2		5	1658.231	1658.53
1673.383	0.8999999999998636	trials	60	s060_J210421	grCe	1	90.0	5	1673.683	1673.982
1673.983	0.8999999999998636	trials	60	s060_J210421	grSu6Ne	6		5	1674.283	1674.583
1679.05	0.8999999999998636	trials	60	s060_J210421	coCe_grSu6Ne	17	45.0	5	1679.35	1679.65
1680.259	0.8999999999998636	trials	60	s060_J210421	grCe_grSu12Mi	9	135.0	5	1680.559	1680.858
1685.351	0.8999999999998636	trials	60	s060_J210421	grCe_grSu12SmCiNe	13	90.0	5	1685.651	1685.951
1685.951	0.8999999999998636	trials	60	s060_J210421	grCe_grSu12SmCiNe	13	315.0	5	1686.251	1686.551
1686.56	0.8999999999998636	trials	60	s060_J210421	grCe_grSu12Mi	9	225.0	5	1686.86	1687.159
1691.4940000000001	0.8999999999998636	trials	60	s060_J210421	grCe_grSu12SmCiNe	13	135.0	5	1691.794	1692.093
1692.094	0.8999999999998636	trials	60	s060_J210421	grCe_grSu6CiNe_PS	19	315.0	5	1692.394	1692.693
1692.694	0.8999999999998636	trials	60	s060_J210421	grCe_grSu6Ne	7	45.0	5	1692.994	1693.293
1698.911	0.8999999999998636	trials	60	s060_J210421	coCe	16	315.0	5	1699.211	1699.511
1702.553	0.8999999999998636	trials	60	s060_J210421	grCe_grSu6Ne_PS	18	90.0	5	1702.853	1703.153
1703.153	0.8999999999998636	trials	60	s060_J210421	grCe_grSu12SmCiNe	13	225.0	5	1703.453	1703.753
1703.7530000000002	0.8999999999998636	trials	60	s060_J210421	grCe_grSu6Ne	7	0.0	5	1704.053	1704.353
1704.354	0.8999999999998636	trials	60	s060_J210421	coCe_grSu6Ne	17	315.0	5	1704.654	1704.953
1710.588	0.8999999999998636	trials	60	s060_J210421	grCe_grSu18Fa	11	315.0	5	1710.888	1711.187
1711.1960000000001	0.8999999999998636	trials	60	s060_J210421	grCe_grSu3Ne	5	45.0	5	1711.496	1711.796
1711.796	0.8999999999998636	trials	60	s060_J210421	grCe_grSu6CiNe	15	270.0	5	1712.096	1712.396
1712.396	0.8999999999998636	trials	60	s060_J210421	grCe_grSu1Ne	3	180.0	5	1712.696	1712.996
1723.6480000000001	0.8999999999998636	trials	60	s060_J210421	grCe_grSu6Ne_PS	18	135.0	5	1723.948	1724.247
1724.248	0.8999999999998636	trials	60	s060_J210421	coCe_grSu6Ne	17	225.0	5	1724.548	1724.847
1731.382	0.8999999999998636	trials	60	s060_J210421	grCe_grSu6Ne_PS	18	45.0	5	1731.682	1731.982
1731.982	0.8999999999998636	trials	60	s060_J210421	coCe	16	45.0	5	1732.282	1732.582
1742.775	0.8999999999998636	trials	60	s060_J210421	grCe_grSu6CiNe	15	0.0	5	1743.075	1743.375
1747.084	0.8999999999998636	trials	60	s060_J210421	grCe_grSu18Fa	11	135.0	5	1747.384	1747.684
1747.684	0.8999999999998636	trials	60	s060_J210421	grCe_grSu12SmCiNe_PS	21	90.0	5	1747.984	1748.284
1748.2930000000001	0.8999999999998636	trials	60	s060_J210421	grCe_grSu12Mi	9	90.0	5	1748.593	1748.892
1753.952	0.8999999999998636	trials	60	s060_J210421	grCe_grSu18Fa	11	45.0	5	1754.252	1754.551
1754.56	0.8999999999998636	trials	60	s060_J210421	grCe_grSu18Fa	11	90.0	5	1754.86	1755.16
1755.185	0.8999999999998636	trials	60	s060_J210421	coCe_grSu6Ne	17	0.0	5	1755.485	1755.785
1762.961	0.8999999999998636	trials	60	s060_J210421	grCe_grSu18Fa	11	225.0	5	1763.261	1763.561
1766.345	0.8999999999998636	trials	60	s060_J210421	grCe	1	315.0	5	1766.645	1766.945
1766.953	0.8999999999998636	trials	60	s060_J210421	grCe_grSu12Mi	9	270.0	5	1767.253	1767.553
1767.553	0.8999999999998636	trials	60	s060_J210421	grCe_grSu12SmCiNe_PS	21	225.0	5	1767.853	1768.153
1768.153	0.8999999999998636	trials	60	s060_J210421	grCe	1	225.0	5	1768.453	1768.753
1773.746	0.8999999999998636	trials	60	s060_J210421	grCe_grSu6Ne_PS	18	225.0	5	1774.046	1774.345
1774.346	0.8999999999998636	trials	60	s060_J210421	grSu6CiNe	14		5	1774.646	1774.946
1774.9460000000001	0.8999999999998636	trials	60	s060_J210421	NoStim	0		5	1775.246	1775.546
1782.914	0.8999999999998636	trials	60	s060_J210421	grCe	1	0.0	5	1783.214	1783.513
1788.6390000000001	0.8999999999998636	trials	60	s060_J210421	grCe_grSu6CiNe_PS	19	135.0	5	1788.939	1789.239
1789.24	0.8999999999998636	trials	60	s060_J210421	grCe_grSu1Ne	3	270.0	5	1789.54	1789.839
1789.8400000000001	0.8999999999998636	trials	60	s060_J210421	coCe	16	0.0	5	1790.14	1790.439
1803.2830000000001	0.8999999999998636	trials	60	s060_J210421	grCe_grSu12SmCiNe	13	45.0	5	1803.583	1803.883
1803.891	0.8999999999998636	trials	60	s060_J210421	grCe_grSu12Mi	9	180.0	5	1804.191	1804.491
1804.492	0.8999999999998636	trials	60	s060_J210421	grCe	1	180.0	5	1804.792	1805.091
1805.092	0.8999999999998636	trials	60	s060_J210421	grCe_grSu6CiNe_PS	19	45.0	5	1805.392	1805.691
1811.7340000000002	0.8999999999998636	trials	60	s060_J210421	grCe_grSu3Ne	5	0.0	5	1812.034	1812.334
1812.943	0.8999999999998636	trials	60	s060_J210421	grSu12Mi	8		5	1813.243	1813.542
1813.576	0.8999999999998636	trials	60	s060_J210421	grCe_grSu18Fa	11	180.0	5	1813.876	1814.176
1819.368	0.8999999999998636	trials	60	s060_J210421	grCe_grSu12Mi	9	45.0	5	1819.668	1819.968
1819.977	0.8999999999998636	trials	60	s060_J210421	grCe_grSu12SmCiNe	13	180.0	5	1820.277	1820.576
1820.577	0.8999999999998636	trials	60	s060_J210421	grCe_grSu6CiNe_PS	19	90.0	5	1820.877	1821.177
1821.1770000000001	0.8999999999998636	trials	60	s060_J210421	grCe_grSu12SmCiNe_PS	21	180.0	5	1821.477	1821.777
1832.8790000000001	0.8999999999998636	trials	60	s060_J210421	grCe_grSu6Ne	7	180.0	5	1833.179	1833.478
1844.063	0.8999999999998636	trials	60	s060_J210421	grCe_grSu12SmCiNe	13	0.0	5	1844.363	1844.663
1845.2630000000001	0.8999999999998636	trials	60	s060_J210421	grCe_grSu6Ne_PS	18	180.0	5	1845.563	1845.863
1845.864	0.8999999999998636	trials	60	s060_J210421	grCe_grSu3Ne	5	180.0	5	1846.164	1846.463
1851.448	0.8999999999998636	trials	60	s060_J210421	coCe	16	90.0	5	1851.748	1852.047
1852.048	0.8999999999998636	trials	60	s060_J210421	grCe_grSu1Ne	3	225.0	5	1852.348	1852.647
1852.6480000000001	0.8999999999998636	trials	60	s060_J210421	grCe_grSu6CiNe	15	90.0	5	1852.948	1853.247
1853.248	0.8999999999998636	trials	60	s060_J210421	grCe	1	45.0	5	1853.548	1853.847
1858.807	0.8999999999998636	trials	60	s060_J210421	coCe_grSu6Ne	17	135.0	5	1859.107	1859.406
1860.015	0.8999999999998636	trials	60	s060_J210421	coCe	16	135.0	5	1860.315	1860.615
1860.615	0.8999999999998636	trials	60	s060_J210421	grCe_grSu1Ne	3	135.0	5	1860.915	1861.215
1866.525	0.8999999999998636	trials	60	s060_J210421	grCe_grSu6Ne_PS	18	315.0	5	1866.825	1867.124
1867.133	0.8999999999998636	trials	60	s060_J210421	grCe_grSu12Mi	9	0.0	5	1867.433	1867.733
1867.733	0.8999999999998636	trials	60	s060_J210421	grCe_grSu3Ne	5	270.0	5	1868.033	1868.333
1868.3410000000001	0.8999999999998636	trials	60	s060_J210421	grCe_grSu18Fa	11	270.0	5	1868.641	1868.941
1874.134	0.8999999999998636	trials	60	s060_J210421	grCe_grSu6Ne_PS	18	0.0	5	1874.434	1874.733
1874.742	0.8999999999998636	trials	60	s060_J210421	coCe_grSu6Ne	17	180.0	5	1875.042	1875.342
1875.342	0.8999999999998636	trials	60	s060_J210421	grSu12SmCiNe	12		5	1875.642	1875.942
1875.951	0.8999999999998636	trials	60	s060_J210421	grCe_grSu12Mi	9	315.0	5	1876.251	1876.55
1885.51	0.8999999999998636	trials	60	s060_J210421	grCe_grSu1Ne	3	0.0	5	1885.81	1886.11
1886.1100000000001	0.8999999999998636	trials	60	s060_J210421	grCe_grSu1Ne	3	315.0	5	1886.41	1886.71
1886.727	0.8999999999998636	trials	60	s060_J210421	grCe_grSu12SmCiNe_PS	21	0.0	5	1887.027	1887.327
1887.336	0.8999999999998636	trials	60	s060_J210421	grSu18Fa	10		5	1887.636	1887.935
1893.5610000000001	0.8999999999998636	trials	60	s060_J210421	coCe	16	225.0	5	1893.861	1894.161
1894.17	0.8999999999998636	trials	60	s060_J210421	grCe_grSu18Fa	11	0.0	5	1894.47	1894.769
1894.77	0.8999999999998636	trials	60	s060_J210421	grCe_grSu6CiNe	15	45.0	5	1895.07	1895.369
1900.354	0.8999999999998636	trials	60	s060_J210421	grSu3Ne	4		5	1900.654	1900.954
1900.954	0.8999999999998636	trials	60	s060_J210421	coCe_grSu6Ne	17	270.0	5	1901.254	1901.554
1901.554	0.8999999999998636	trials	60	s060_J210421	grCe_grSu1Ne	3	90.0	5	1901.854	1902.154
1902.154	0.8999999999998636	trials	60	s060_J210421	grCe_grSu6Ne	7	225.0	5	1902.454	1902.754
1908.1380000000001	0.8999999999998636	trials	60	s060_J210421	coCe	16	270.0	5	1908.438	1908.738
1908.738	0.8999999999998636	trials	60	s060_J210421	grCe_grSu3Ne	5	225.0	5	1909.038	1909.338
1909.347	0.8999999999998636	trials	60	s060_J210421	grCe_grSu6CiNe	15	180.0	5	1909.647	1909.946
1909.9470000000001	0.8999999999998636	trials	60	s060_J210421	grCe_grSu6CiNe_PS	19	270.0	5	1910.247	1910.546
1915.506	0.8999999999998636	trials	60	s060_J210421	grCe_grSu6CiNe_PS	19	225.0	5	1915.806	1916.105
1916.106	0.8999999999998636	trials	60	s060_J210421	grCe_grSu12SmCiNe	13	270.0	5	1916.406	1916.706
1920.015	0.8999999999998636	trials	60	s060_J210421	grCe_grSu6CiNe_PS	19	180.0	5	1920.315	1920.614
1920.615	0.8999999999998636	trials	60	s060_J210421	coCe	16	180.0	5	1920.915	1921.214
1921.2150000000001	0.8999999999998636	trials	60	s060_J210421	grCe_grSu12SmCiNe_PS	21	135.0	5	1921.515	1921.815
1932.058	0.8999999999998636	trials	60	s060_J210421	grCe_grSu3Ne	5	90.0	5	1932.358	1932.658
1932.6580000000001	0.8999999999998636	trials	60	s060_J210421	grCe_grSu12SmCiNe	13	315.0	0	1932.958	1933.258
1933.267	0.8999999999998636	trials	60	s060_J210421	grCe_grSu12SmCiNe	13	90.0	0	1933.567	1933.866
1933.867	0.8999999999998636	trials	60	s060_J210421	grCe_grSu6Ne	7	90.0	0	1934.167	1934.466
1939.392	0.8999999999998636	trials	60	s060_J210421	grCe_grSu6CiNe	15	90.0	0	1939.692	1939.992
1939.992	0.8999999999998636	trials	60	s060_J210421	grCe_grSu12SmCiNe_PS	21	270.0	0	1940.292	1940.592
1940.592	0.8999999999998636	trials	60	s060_J210421	coCe	16	180.0	0	1940.892	1941.192
1941.201	0.8999999999998636	trials	60	s060_J210421	grCe_grSu18Fa	11	315.0	0	1941.501	1941.8
1947.393	0.8999999999998636	trials	60	s060_J210421	grCe_grSu6CiNe	15	315.0	0	1947.693	1947.993
1947.993	0.8999999999998636	trials	60	s060_J210421	grCe_grSu6CiNe_PS	19	45.0	0	1948.293	1948.593
1952.986	0.8999999999998636	trials	60	s060_J210421	grSu12SmCiNe	12		0	1953.286	1953.585
1953.594	0.8999999999998636	trials	60	s060_J210421	grCe_grSu12Mi	9	180.0	0	1953.894	1954.194
1962.362	0.8999999999998636	trials	60	s060_J210421	grCe_grSu12SmCiNe_PS	21	90.0	0	1962.662	1962.962
1962.962	0.8999999999998636	trials	60	s060_J210421	grCe	1	225.0	0	1963.262	1963.562
1963.57	0.8999999999998636	trials	60	s060_J210421	grCe_grSu12SmCiNe	13	225.0	0	1963.87	1964.17
1973.297	0.8999999999998636	trials	60	s060_J210421	grCe_grSu6CiNe	15	0.0	0	1973.597	1973.896
1973.905	0.8999999999998636	trials	60	s060_J210421	grCe_grSu3Ne	5	45.0	0	1974.205	1974.505
1974.505	0.8999999999998636	trials	60	s060_J210421	grCe_grSu12SmCiNe_PS	21	315.0	0	1974.805	1975.105
1975.105	0.8999999999998636	trials	60	s060_J210421	grCe_grSu6Ne_PS	18	135.0	0	1975.405	1975.705
1983.548	0.8999999999998636	trials	60	s060_J210421	grCe_grSu6Ne	7	45.0	0	1983.848	1984.148
1984.757	0.8999999999998636	trials	60	s060_J210421	grSu12Mi	8		0	1985.057	1985.356
1985.357	0.8999999999998636	trials	60	s060_J210421	coCe	16	0.0	0	1985.657	1985.956
1990.957	0.8999999999998636	trials	60	s060_J210421	grCe_grSu12Mi	9	315.0	0	1991.257	1991.557
1991.557	0.8999999999998636	trials	60	s060_J210421	grCe_grSu3Ne	5	90.0	0	1991.857	1992.157
1992.758	0.8999999999998636	trials	60	s060_J210421	grCe_grSu12SmCiNe	13	135.0	0	1993.058	1993.357
1998.45	0.8999999999998636	trials	60	s060_J210421	coCe	16	225.0	0	1998.75	1999.05
2010.335	0.8999999999998636	trials	60	s060_J210421	grCe_grSu12Mi	9	0.0	0	2010.635	2010.934
2010.935	0.8999999999998636	trials	60	s060_J210421	grCe_grSu6Ne_PS	18	315.0	0	2011.235	2011.535
2011.5430000000001	0.8999999999998636	trials	60	s060_J210421	grCe_grSu18Fa	11	0.0	0	2011.843	2012.143
2012.143	0.8999999999998636	trials	60	s060_J210421	grSu6Ne	6		0	2012.443	2012.743
2017.919	0.8999999999998636	trials	60	s060_J210421	coCe_grSu6Ne	17	45.0	0	2018.219	2018.519
2018.528	0.8999999999998636	trials	60	s060_J210421	grCe_grSu18Fa	11	90.0	0	2018.828	2019.127
2019.1280000000002	0.8999999999998636	trials	60	s060_J210421	grCe_grSu12SmCiNe_PS	21	225.0	0	2019.428	2019.727
2019.728	0.8999999999998636	trials	60	s060_J210421	grCe_grSu12SmCiNe	13	45.0	0	2020.028	2020.327
2026.02	0.8999999999998636	trials	60	s060_J210421	grCe	1	315.0	0	2026.32	2026.62
2026.6200000000001	0.8999999999998636	trials	60	s060_J210421	grCe_grSu6CiNe_PS	19	90.0	0	2026.92	2027.22
2027.229	0.8999999999998636	trials	60	s060_J210421	grCe	1	0.0	0	2027.529	2027.828
2032.996	0.8999999999998636	trials	60	s060_J210421	grCe_grSu6Ne	7	315.0	0	2033.296	2033.596
2033.596	0.8999999999998636	trials	60	s060_J210421	grCe	1	135.0	0	2033.896	2034.196
2034.8210000000001	0.8999999999998636	trials	60	s060_J210421	grCe_grSu12Mi	9	135.0	0	2035.121	2035.421
2041.005	0.8999999999998636	trials	60	s060_J210421	grCe_grSu3Ne	5	315.0	0	2041.305	2041.605
2042.2060000000001	0.8999999999998636	trials	60	s060_J210421	coCe	16	315.0	0	2042.506	2042.805
2053.765	0.900000000000091	trials	60	s060_J210421	grCe_grSu18Fa	11	225.0	0	2054.065	2054.365
2054.366	0.900000000000091	trials	60	s060_J210421	grCe_grSu6CiNe	15	135.0	0	2054.666	2054.965
2054.966	0.900000000000091	trials	60	s060_J210421	coCe_grSu6Ne	17	0.0	0	2055.266	2055.565
2064.6	0.900000000000091	trials	60	s060_J210421	coCe_grSu6Ne	17	180.0	0	2064.9	2065.2
2065.2	0.900000000000091	trials	60	s060_J210421	grCe_grSu6CiNe	15	180.0	0	2065.5	2065.8
2065.7999999999997	0.900000000000091	trials	60	s060_J210421	grCe	1	180.0	0	2066.1	2066.4
2066.3999999999996	0.900000000000091	trials	60	s060_J210421	grCe	1	45.0	0	2066.7	2067.0
2073.593	0.900000000000091	trials	60	s060_J210421	grCe	1	90.0	0	2073.893	2074.193
2077.102	0.900000000000091	trials	60	s060_J210421	grCe_grSu1Ne	3	0.0	0	2077.402	2077.701
2077.71	0.900000000000091	trials	60	s060_J210421	grCe_grSu12SmCiNe	13	0.0	0	2078.01	2078.31
2078.31	0.900000000000091	trials	60	s060_J210421	coCe	16	90.0	0	2078.61	2078.91
2078.91	0.900000000000091	trials	60	s060_J210421	grCe_grSu6Ne_PS	18	0.0	0	2079.21	2079.51
2084.386	0.900000000000091	trials	60	s060_J210421	grCe_grSu1Ne	3	315.0	0	2084.686	2084.986
2084.986	0.900000000000091	trials	60	s060_J210421	grCe_grSu12SmCiNe_PS	21	180.0	0	2085.286	2085.586
2085.586	0.900000000000091	trials	60	s060_J210421	grCe_grSu6Ne_PS	18	270.0	0	2085.886	2086.186
2098.455	0.900000000000091	trials	60	s060_J210421	grCe_grSu6Ne_PS	18	180.0	0	2098.755	2099.054
2099.055	0.900000000000091	trials	60	s060_J210421	grCe_grSu1Ne	3	225.0	0	2099.355	2099.654
2099.6549999999997	0.900000000000091	trials	60	s060_J210421	coCe	16	45.0	0	2099.955	2100.254
2112.3399999999997	0.900000000000091	trials	60	s060_J210421	grCe_grSu6Ne	7	180.0	0	2112.64	2112.939
2112.9399999999996	0.900000000000091	trials	60	s060_J210421	grCe_grSu1Ne	3	180.0	0	2113.24	2113.539
2113.54	0.900000000000091	trials	60	s060_J210421	grCe_grSu6Ne	7	270.0	0	2113.84	2114.139
2114.14	0.900000000000091	trials	60	s060_J210421	grCe_grSu12SmCiNe	13	270.0	0	2114.44	2114.74
2130.642	0.900000000000091	trials	60	s060_J210421	grCe_grSu3Ne	5	135.0	0	2130.942	2131.242
2131.8419999999996	0.900000000000091	trials	60	s060_J210421	grSu6CiNe	14		0	2132.142	2132.442
2132.442	0.900000000000091	trials	60	s060_J210421	grCe_grSu6CiNe	15	270.0	0	2132.742	2133.042
2138.243	0.900000000000091	trials	60	s060_J210421	grCe_grSu1Ne	3	90.0	0	2138.543	2138.843
2138.843	0.900000000000091	trials	60	s060_J210421	NoStim	0		0	2139.143	2139.443
2139.4429999999998	0.900000000000091	trials	60	s060_J210421	coCe_grSu6Ne	17	315.0	0	2139.743	2140.043
2140.0519999999997	0.900000000000091	trials	60	s060_J210421	grCe_grSu12Mi	9	90.0	0	2140.352	2140.651
2154.837	0.900000000000091	trials	60	s060_J210421	grCe_grSu6Ne_PS	18	90.0	0	2155.137	2155.436
2155.4449999999997	0.900000000000091	trials	60	s060_J210421	coCe_grSu6Ne	17	270.0	0	2155.745	2156.045
2156.0449999999996	0.900000000000091	trials	60	s060_J210421	grCe_grSu1Ne	3	135.0	0	2156.345	2156.645
2156.654	0.900000000000091	trials	60	s060_J210421	grSu18Fa	10		0	2156.954	2157.253
2171.5389999999998	0.900000000000091	trials	60	s060_J210421	coCe_grSu6Ne	17	135.0	0	2171.839	2172.139
2172.339	0.900000000000091	trials	60	s060_J210421	grCe_grSu3Ne	5	225.0	0	2172.639	2172.939
2172.939	0.900000000000091	trials	60	s060_J210421	coSu6Ne	20		0	2173.239	2173.539
2173.5389999999998	0.900000000000091	trials	60	s060_J210421	grCe_grSu6Ne	7	0.0	0	2173.839	2174.139
2179.6479999999997	0.900000000000091	trials	60	s060_J210421	grCe_grSu3Ne	5	180.0	0	2179.948	2180.248
2180.249	0.900000000000091	trials	60	s060_J210421	grCe_grSu6CiNe_PS	19	0.0	0	2180.549	2180.848
2181.457	0.900000000000091	trials	60	s060_J210421	grCe_grSu6CiNe	15	45.0	0	2181.757	2182.057
2187.466	0.900000000000091	trials	60	s060_J210421	grCe_grSu3Ne	5	270.0	0	2187.766	2188.066
2188.1	0.900000000000091	trials	60	s060_J210421	coCe	16	270.0	0	2188.4	2188.699
2188.7	0.900000000000091	trials	60	s060_J210421	grCe	1	270.0	0	2189.0	2189.299
2189.2999999999997	0.900000000000091	trials	60	s060_J210421	grCe_grSu1Ne	3	45.0	0	2189.6	2189.899
2217.153	0.900000000000091	trials	60	s060_J210421	coCe	16	135.0	0	2217.453	2217.753
2217.7619999999997	0.900000000000091	trials	60	s060_J210421	grCe_grSu18Fa	11	180.0	0	2218.062	2218.361
2218.3619999999996	0.900000000000091	trials	60	s060_J210421	coCe_grSu6Ne	17	90.0	0	2218.662	2218.961
2219.162	0.900000000000091	trials	60	s060_J210421	grSu1Ne	2		0	2219.462	2219.761
2241.7479999999996	0.900000000000091	trials	60	s060_J210421	grCe_grSu1Ne	3	270.0	0	2242.048	2242.348
2242.348	0.900000000000091	trials	60	s060_J210421	grCe_grSu6Ne_PS	18	45.0	0	2242.648	2242.948
2242.957	0.900000000000091	trials	60	s060_J210421	coCe_grSu6Ne	17	225.0	0	2243.257	2243.556
2251.183	0.900000000000091	trials	60	s060_J210421	grCe_grSu12SmCiNe	13	180.0	0	2251.483	2251.782
2251.783	0.900000000000091	trials	60	s060_J210421	grCe_grSu6CiNe_PS	19	315.0	0	2252.083	2252.382
2274.111	0.900000000000091	trials	60	s060_J210421	grCe_grSu12Mi	9	225.0	0	2274.411	2274.71
2275.319	0.900000000000091	trials	60	s060_J210421	grCe_grSu12SmCiNe_PS	21	0.0	0	2275.619	2275.919
2275.919	0.900000000000091	trials	60	s060_J210421	grCe_grSu6CiNe_PS	19	135.0	0	2276.219	2276.519
2282.52	0.900000000000091	trials	60	s060_J210421	grCe_grSu6Ne	7	135.0	0	2282.82	2283.12
2283.12	0.900000000000091	trials	60	s060_J210421	grCe_grSu3Ne	5	0.0	0	2283.42	2283.72
2283.729	0.900000000000091	trials	60	s060_J210421	grCe_grSu18Fa	11	270.0	0	2284.029	2284.328
2303.364	0.900000000000091	trials	60	s060_J210421	grSu3Ne	4		0	2303.664	2303.964
2303.9649999999997	0.900000000000091	trials	60	s060_J210421	grCe_grSu6Ne_PS	18	225.0	0	2304.265	2304.564
2304.573	0.900000000000091	trials	60	s060_J210421	grCe_grSu18Fa	11	135.0	0	2304.873	2305.173
2316.7749999999996	0.900000000000091	trials	60	s060_J210421	grCe_grSu12Mi	9	270.0	0	2317.075	2317.374
2317.558	0.900000000000091	trials	60	s060_J210421	grCe_grSu6CiNe	15	225.0	0	2317.858	2318.158
2318.758	0.900000000000091	trials	60	s060_J210421	grCe_grSu6CiNe_PS	19	225.0	0	2319.058	2319.358
2332.502	0.900000000000091	trials	60	s060_J210421	grCe_grSu12Mi	9	45.0	0	2332.802	2333.101
2335.977	0.900000000000091	trials	60	s060_J210421	grCe_grSu6CiNe_PS	19	270.0	0	2336.277	2336.577
2337.777	0.900000000000091	trials	60	s060_J210421	grCe_grSu6CiNe_PS	19	180.0	0	2338.077	2338.377
2344.3529999999996	0.900000000000091	trials	60	s060_J210421	grCe_grSu12SmCiNe_PS	21	45.0	0	2344.653	2344.953
2344.953	0.900000000000091	trials	60	s060_J210421	grCe_grSu12SmCiNe_PS	21	135.0	0	2345.253	2345.553
2355.605	0.900000000000091	trials	60	s060_J210421	grCe_grSu18Fa	11	45.0	0	2355.905	2356.204
2356.205	0.900000000000091	trials	60	s060_J210421	grCe_grSu6Ne	7	225.0	0	2356.505	2356.804
2356.805	0.900000000000091	trials	60	s060_J210421	coCe	16	225.0	2	2357.105	2357.404
2384.142	0.900000000000091	trials	60	s060_J210421	NoStim	0		2	2384.442	2384.741
2384.75	0.900000000000091	trials	60	s060_J210421	grCe_grSu12Mi	9	315.0	2	2385.05	2385.35
2385.95	0.900000000000091	trials	60	s060_J210421	coCe_grSu6Ne	17	45.0	2	2386.25	2386.55
2391.526	0.900000000000091	trials	60	s060_J210421	grCe_grSu12Mi	9	45.0	2	2391.826	2392.125
2392.1259999999997	0.900000000000091	trials	60	s060_J210421	grSu6Ne	6		2	2392.426	2392.726
2393.493	0.900000000000091	trials	60	s060_J210421	grCe_grSu3Ne	5	90.0	2	2393.793	2394.092
2400.71	0.900000000000091	trials	60	s060_J210421	grCe_grSu12SmCiNe	13	45.0	2	2401.01	2401.31
2402.519	0.900000000000091	trials	60	s060_J210421	grCe_grSu12SmCiNe_PS	21	0.0	2	2402.819	2403.119
2413.254	0.900000000000091	trials	60	s060_J210421	grCe_grSu1Ne	3	225.0	2	2413.554	2413.853
2418.3289999999997	0.900000000000091	trials	60	s060_J210421	grCe_grSu6CiNe_PS	19	45.0	2	2418.629	2418.929
2421.855	0.900000000000091	trials	60	s060_J210421	grCe_grSu12SmCiNe_PS	21	135.0	2	2422.155	2422.454
2423.6549999999997	0.900000000000091	trials	60	s060_J210421	grCe_grSu1Ne	3	90.0	2	2423.955	2424.255
2433.681	0.900000000000091	trials	60	s060_J210421	grCe_grSu6Ne	7	45.0	2	2433.981	2434.281
2441.232	0.900000000000091	trials	60	s060_J210421	grCe_grSu6CiNe_PS	19	315.0	2	2441.532	2441.832
2442.441	0.900000000000091	trials	60	s060_J210421	grCe_grSu6CiNe	15	270.0	2	2442.741	2443.04
2460.1259999999997	0.900000000000091	trials	60	s060_J210421	grSu12SmCiNe	12		2	2460.426	2460.726
2460.752	0.900000000000091	trials	60	s060_J210421	grCe_grSu6Ne_PS	18	0.0	2	2461.052	2461.351
2461.352	0.900000000000091	trials	60	s060_J210421	grCe_grSu12SmCiNe	13	135.0	2	2461.652	2461.951
2461.96	0.900000000000091	trials	60	s060_J210421	grSu18Fa	10		2	2462.26	2462.56
2467.7189999999996	0.900000000000091	trials	60	s060_J210421	grCe_grSu6CiNe	15	0.0	2	2468.019	2468.319
2468.319	0.900000000000091	trials	60	s060_J210421	grCe_grSu1Ne	3	135.0	2	2468.619	2468.919
2468.928	0.900000000000091	trials	60	s060_J210421	grCe_grSu18Fa	11	0.0	2	2469.228	2469.527
2469.528	0.900000000000091	trials	60	s060_J210421	grCe_grSu6Ne_PS	18	90.0	2	2469.828	2470.127
2482.671	0.900000000000091	trials	60	s060_J210421	grCe_grSu12SmCiNe	13	90.0	2	2482.971	2483.271
2483.279	0.900000000000091	trials	60	s060_J210421	grCe_grSu18Fa	11	45.0	2	2483.579	2483.879
2486.93	0.900000000000091	trials	60	s060_J210421	grCe	1	270.0	2	2487.23	2487.529
2487.555	0.900000000000091	trials	60	s060_J210421	grCe_grSu18Fa	11	180.0	2	2487.855	2488.155
2488.1549999999997	0.900000000000091	trials	60	s060_J210421	coCe	16	270.0	2	2488.455	2488.755
2494.3729999999996	0.900000000000091	trials	60	s060_J210421	grCe_grSu6Ne_PS	18	135.0	2	2494.673	2494.972
2494.973	0.900000000000091	trials	60	s060_J210421	grCe_grSu3Ne	5	0.0	2	2495.273	2495.572
2495.573	0.900000000000091	trials	60	s060_J210421	grCe_grSu6Ne_PS	18	270.0	2	2495.873	2496.172
2496.173	0.900000000000091	trials	60	s060_J210421	grCe_grSu1Ne	3	270.0	2	2496.473	2496.772
2503.0989999999997	0.900000000000091	trials	60	s060_J210421	grCe	1	180.0	2	2503.399	2503.698
2507.4579999999996	0.900000000000091	trials	60	s060_J210421	grSu6CiNe	14		2	2507.758	2508.057
2508.066	0.900000000000091	trials	60	s060_J210421	grCe_grSu6Ne	7	225.0	2	2508.366	2508.666
2508.6659999999997	0.900000000000091	trials	60	s060_J210421	grCe_grSu12SmCiNe	13	180.0	2	2508.966	2509.266
2518.3759999999997	0.900000000000091	trials	60	s060_J210421	grCe_grSu6CiNe	15	135.0	2	2518.676	2518.975
2519.576	0.900000000000091	trials	60	s060_J210421	grCe_grSu3Ne	5	225.0	2	2519.876	2520.175
2520.176	0.900000000000091	trials	60	s060_J210421	coCe_grSu6Ne	17	270.0	2	2520.476	2520.775
2535.203	0.900000000000091	trials	60	s060_J210421	grCe	1	0.0	2	2535.503	2535.802
2535.803	0.900000000000091	trials	60	s060_J210421	grCe_grSu6Ne_PS	18	315.0	2	2536.103	2536.402
2536.403	0.900000000000091	trials	60	s060_J210421	grCe_grSu3Ne	5	180.0	2	2536.703	2537.003
2537.0029999999997	0.900000000000091	trials	60	s060_J210421	coCe	16	315.0	2	2537.303	2537.603
2547.2709999999997	0.900000000000091	trials	60	s060_J210421	grCe	1	315.0	2	2547.571	2547.871
2554.814	0.900000000000091	trials	60	s060_J210421	grCe_grSu18Fa	11	315.0	2	2555.114	2555.413
2555.4139999999998	0.900000000000091	trials	60	s060_J210421	grCe_grSu3Ne	5	135.0	2	2555.714	2556.013
2556.0139999999997	0.900000000000091	trials	60	s060_J210421	grCe_grSu6CiNe_PS	19	270.0	2	2556.314	2556.613
2562.49	0.900000000000091	trials	60	s060_J210421	grCe_grSu6CiNe	15	45.0	2	2562.79	2563.089
2563.0899999999997	0.900000000000091	trials	60	s060_J210421	coCe	16	90.0	2	2563.39	2563.689
2563.698	0.900000000000091	trials	60	s060_J210421	coCe_grSu6Ne	17	135.0	2	2563.998	2564.298
2564.298	0.900000000000091	trials	60	s060_J210421	grCe_grSu6CiNe_PS	19	180.0	2	2564.598	2564.898
2569.7819999999997	0.900000000000091	trials	60	s060_J210421	grCe_grSu6Ne_PS	18	45.0	2	2570.082	2570.382
2570.3819999999996	0.900000000000091	trials	60	s060_J210421	grCe_grSu6CiNe	15	225.0	2	2570.682	2570.982
2570.982	0.900000000000091	trials	60	s060_J210421	grCe_grSu6CiNe	15	180.0	2	2571.282	2571.582
2571.5829999999996	0.900000000000091	trials	60	s060_J210421	grCe_grSu6Ne	7	90.0	2	2571.883	2572.182
2577.817	0.900000000000091	trials	60	s060_J210421	grCe_grSu6Ne	7	135.0	2	2578.117	2578.416
2582.026	0.900000000000091	trials	60	s060_J210421	coCe	16	0.0	2	2582.326	2582.625
2582.634	0.900000000000091	trials	60	s060_J210421	grCe_grSu3Ne	5	270.0	2	2582.934	2583.234
2583.234	0.900000000000091	trials	60	s060_J210421	grCe_grSu1Ne	3	45.0	2	2583.534	2583.834
2583.834	0.900000000000091	trials	60	s060_J210421	grSu1Ne	2		2	2584.134	2584.434
2593.027	0.900000000000091	trials	60	s060_J210421	grCe_grSu12SmCiNe	13	225.0	2	2593.327	2593.627
2593.644	0.900000000000091	trials	60	s060_J210421	grCe_grSu12Mi	9	225.0	2	2593.944	2594.243
2594.852	0.900000000000091	trials	60	s060_J210421	grCe_grSu6Ne	7	0.0	2	2595.152	2595.452
2601.1279999999997	0.900000000000091	trials	60	s060_J210421	grCe_grSu6CiNe_PS	19	0.0	2	2601.428	2601.728
2612.4379999999996	0.900000000000091	trials	60	s060_J210421	grCe_grSu12SmCiNe_PS	21	315.0	2	2612.738	2613.037
2613.038	0.900000000000091	trials	60	s060_J210421	coCe_grSu6Ne	17	0.0	2	2613.338	2613.637
2613.638	0.900000000000091	trials	60	s060_J210421	coCe_grSu6Ne	17	315.0	2	2613.938	2614.238
2617.33	0.900000000000091	trials	60	s060_J210421	grCe_grSu12Mi	9	90.0	2	2617.63	2617.93
2617.93	0.900000000000091	trials	60	s060_J210421	grCe	1	90.0	2	2618.23	2618.53
2618.5389999999998	0.900000000000091	trials	60	s060_J210421	grCe_grSu3Ne	5	315.0	2	2618.839	2619.138
2619.1389999999997	0.900000000000091	trials	60	s060_J210421	coCe	16	135.0	2	2619.439	2619.738
2636.2659999999996	0.900000000000091	trials	60	s060_J210421	coCe_grSu6Ne	17	180.0	2	2636.566	2636.865
2636.866	0.900000000000091	trials	60	s060_J210421	grCe	1	45.0	2	2637.166	2637.466
2637.466	0.900000000000091	trials	60	s060_J210421	grSu3Ne	4		2	2637.766	2638.066
2643.4919999999997	0.900000000000091	trials	60	s060_J210421	grCe	1	225.0	2	2643.792	2644.091
2644.0919999999996	0.900000000000091	trials	60	s060_J210421	grCe_grSu12SmCiNe_PS	21	90.0	2	2644.392	2644.692
2644.692	0.900000000000091	trials	60	s060_J210421	grCe_grSu1Ne	3	180.0	2	2644.992	2645.292
2645.292	0.900000000000091	trials	60	s060_J210421	grCe_grSu12SmCiNe_PS	21	225.0	2	2645.592	2645.892
2652.343	0.900000000000091	trials	60	s060_J210421	coCe_grSu6Ne	17	90.0	2	2652.643	2652.943
2652.951	0.900000000000091	trials	60	s060_J210421	grCe_grSu18Fa	11	270.0	2	2653.251	2653.551
2653.551	0.900000000000091	trials	60	s060_J210421	coCe	16	180.0	2	2653.851	2654.151
2660.5769999999998	0.900000000000091	trials	60	s060_J210421	grCe_grSu1Ne	3	315.0	2	2660.877	2661.177
2661.1769999999997	0.900000000000091	trials	60	s060_J210421	grCe_grSu6CiNe	15	315.0	2	2661.477	2661.777
2661.778	0.900000000000091	trials	60	s060_J210421	grCe_grSu6Ne	7	270.0	2	2662.078	2662.377
2683.372	0.900000000000091	trials	60	s060_J210421	grCe_grSu6CiNe_PS	19	225.0	2	2683.672	2683.972
2683.9719999999998	0.900000000000091	trials	60	s060_J210421	grCe_grSu12SmCiNe	13	315.0	2	2684.272	2684.572
2684.58	0.900000000000091	trials	60	s060_J210421	grCe_grSu18Fa	11	90.0	2	2684.88	2685.18
2685.181	0.900000000000091	trials	60	s060_J210421	coSu6Ne	20		2	2685.481	2685.78
2719.377	0.900000000000091	trials	60	s060_J210421	grCe_grSu6CiNe_PS	19	90.0	2	2719.677	2719.976
2719.977	0.900000000000091	trials	60	s060_J210421	coCe	16	45.0	2	2720.277	2720.576
2723.8109999999997	0.900000000000091	trials	60	s060_J210421	grCe_grSu6Ne_PS	18	180.0	2	2724.111	2724.41
2724.4109999999996	0.900000000000091	trials	60	s060_J210421	grCe_grSu12SmCiNe	13	0.0	2	2724.711	2725.01
2725.011	0.900000000000091	trials	60	s060_J210421	grCe_grSu6Ne	7	315.0	2	2725.311	2725.61
2731.562	0.900000000000091	trials	60	s060_J210421	grCe_grSu1Ne	3	0.0	2	2731.862	2732.161
2735.845	0.900000000000091	trials	60	s060_J210421	grCe	1	135.0	2	2736.145	2736.445
2736.4539999999997	0.900000000000091	trials	60	s060_J210421	grCe_grSu12Mi	9	0.0	2	2736.754	2737.053
2737.0539999999996	0.900000000000091	trials	60	s060_J210421	grCe_grSu6Ne	7	180.0	2	2737.354	2737.654
2737.662	0.900000000000091	trials	60	s060_J210421	grCe_grSu12Mi	9	180.0	2	2737.962	2738.262
2745.8129999999996	0.900000000000091	trials	60	s060_J210421	coCe_grSu6Ne	17	225.0	2	2746.113	2746.413
2752.1639999999998	0.900000000000091	trials	60	s060_J210421	grSu12Mi	8		2	2752.464	2752.764
2752.7639999999997	0.900000000000091	trials	60	s060_J210421	grCe_grSu6CiNe	15	90.0	2	2753.064	2753.364
2753.3729999999996	0.900000000000091	trials	60	s060_J210421	grCe_grSu18Fa	11	225.0	2	2753.673	2753.972
2753.9809999999998	0.900000000000091	trials	60	s060_J210421	grCe_grSu12Mi	9	270.0	2	2754.281	2754.581
2759.8239999999996	0.900000000000091	trials	60	s060_J210421	grCe_grSu12SmCiNe_PS	21	180.0	2	2760.124	2760.423
2760.424	0.900000000000091	trials	60	s060_J210421	grCe_grSu3Ne	5	45.0	2	2760.724	2761.023
2761.024	0.900000000000091	trials	60	s060_J210421	grCe_grSu12SmCiNe_PS	21	45.0	2	2761.324	2761.623
2761.624	0.900000000000091	trials	60	s060_J210421	grCe_grSu12SmCiNe_PS	21	270.0	2	2761.924	2762.223
2768.9159999999997	0.900000000000091	trials	60	s060_J210421	grCe_grSu12SmCiNe	13	270.0	2	2769.216	2769.516
2769.5159999999996	0.900000000000091	trials	60	s060_J210421	grCe_grSu6Ne_PS	18	225.0	2	2769.816	2770.116
2775.517	0.900000000000091	trials	60	s060_J210421	grCe_grSu6CiNe_PS	19	135.0	2	2775.817	2776.117
2776.1259999999997	0.900000000000091	trials	60	s060_J210421	grCe_grSu18Fa	11	135.0	2	2776.426	2776.725
2776.734	0.900000000000091	trials	60	s060_J210421	grCe_grSu12Mi	9	135.0	2	2777.034	2777.334
2777.343	0.900000000000091	trials	60	s060_J210421	grCe_grSu3Ne	5	315.0	8	2777.643	2777.942
2783.4519999999998	0.900000000000091	trials	60	s060_J210421	grCe_grSu6CiNe	15	0.0	8	2783.752	2784.051
2784.652	0.900000000000091	trials	60	s060_J210421	grCe_grSu6CiNe	15	225.0	8	2784.952	2785.251
2785.41	0.900000000000091	trials	60	s060_J210421	grCe_grSu6Ne	7	270.0	8	2785.71	2786.01
2791.819	0.900000000000091	trials	60	s060_J210421	grCe_grSu1Ne	3	270.0	8	2792.119	2792.419
2792.419	0.900000000000091	trials	60	s060_J210421	grCe_grSu6CiNe	15	45.0	8	2792.719	2793.019
2793.028	0.900000000000091	trials	60	s060_J210421	grCe_grSu18Fa	11	0.0	8	2793.328	2793.627
2793.6279999999997	0.900000000000091	trials	60	s060_J210421	coCe	16	180.0	8	2793.928	2794.228
2799.2949999999996	0.900000000000091	trials	60	s060_J210421	grCe_grSu3Ne	5	270.0	8	2799.595	2799.895
2799.904	0.900000000000091	trials	60	s060_J210421	grCe_grSu12Mi	9	225.0	8	2800.204	2800.503
2800.5119999999997	0.900000000000091	trials	60	s060_J210421	grCe_grSu18Fa	11	90.0	8	2800.812	2801.112
2801.1209999999996	0.900000000000091	trials	60	s060_J210421	grCe_grSu18Fa	11	45.0	8	2801.421	2801.72
2807.071	0.900000000000091	trials	60	s060_J210421	grCe_grSu6Ne	7	180.0	8	2807.371	2807.671
2807.68	0.900000000000091	trials	60	s060_J210421	grCe_grSu6CiNe	15	90.0	8	2807.98	2808.279
2808.2799999999997	0.900000000000091	trials	60	s060_J210421	grCe_grSu12SmCiNe_PS	21	315.0	8	2808.58	2808.879
2808.988	0.900000000000091	trials	60	s060_J210421	grCe_grSu6Ne	7	45.0	8	2809.288	2809.588
2814.872	0.900000000000091	trials	60	s060_J210421	grCe_grSu12Mi	9	315.0	8	2815.172	2815.472
2815.4809999999998	0.900000000000091	trials	60	s060_J210421	grCe_grSu18Fa	11	315.0	8	2815.781	2816.08
2819.173	0.900000000000091	trials	60	s060_J210421	grCe_grSu3Ne	5	45.0	8	2819.473	2819.773
2819.781	0.900000000000091	trials	60	s060_J210421	grCe_grSu12Mi	9	45.0	8	2820.081	2820.381
2820.39	0.900000000000091	trials	60	s060_J210421	grSu12Mi	8		8	2820.69	2820.989
2820.9979999999996	0.900000000000091	trials	60	s060_J210421	grCe_grSu12Mi	9	180.0	8	2821.298	2821.598
2827.0989999999997	0.900000000000091	trials	60	s060_J210421	grCe	1	315.0	8	2827.399	2827.699
2830.9489999999996	0.900000000000091	trials	60	s060_J210421	coCe	16	315.0	8	2831.249	2831.549
2831.5499999999997	0.900000000000091	trials	60	s060_J210421	coCe	16	0.0	8	2831.85	2832.149
2835.3669999999997	0.900000000000091	trials	60	s060_J210421	grCe_grSu6CiNe_PS	19	315.0	8	2835.667	2835.966
2835.9669999999996	0.900000000000091	trials	60	s060_J210421	grCe_grSu3Ne	5	180.0	8	2836.267	2836.566
2836.567	0.900000000000091	trials	60	s060_J210421	coCe_grSu6Ne	17	315.0	8	2836.867	2837.166
2837.167	0.900000000000091	trials	60	s060_J210421	grCe_grSu6Ne	7	315.0	8	2837.467	2837.767
2843.1589999999997	0.900000000000091	trials	60	s060_J210421	coCe_grSu6Ne	17	225.0	8	2843.459	2843.759
2843.759	0.900000000000091	trials	60	s060_J210421	grCe_grSu6CiNe_PS	19	180.0	8	2844.059	2844.359
2844.968	0.900000000000091	trials	60	s060_J210421	grCe_grSu12SmCiNe_PS	21	180.0	8	2845.268	2845.568
2850.9269999999997	0.900000000000091	trials	60	s060_J210421	grCe_grSu6Ne_PS	18	135.0	8	2851.227	2851.527
2851.535	0.900000000000091	trials	60	s060_J210421	grCe_grSu6CiNe	15	135.0	8	2851.835	2852.135
2852.777	0.900000000000091	trials	60	s060_J210421	grCe_grSu1Ne	3	225.0	8	2853.077	2853.377
2858.736	0.900000000000091	trials	60	s060_J210421	grCe_grSu12SmCiNe	13	0.0	8	2859.036	2859.336
2859.336	0.900000000000091	trials	60	s060_J210421	grSu3Ne	4		8	2859.636	2859.936
2860.1279999999997	0.900000000000091	trials	60	s060_J210421	grCe_grSu6Ne	7	0.0	8	2860.428	2860.728
2860.7369999999996	0.900000000000091	trials	60	s060_J210421	grCe_grSu18Fa	11	180.0	8	2861.037	2861.336
2866.471	0.900000000000091	trials	60	s060_J210421	grCe_grSu12Mi	9	270.0	8	2866.771	2867.07
2867.7039999999997	0.900000000000091	trials	60	s060_J210421	grCe_grSu6CiNe_PS	19	225.0	8	2868.004	2868.304
2868.3039999999996	0.900000000000091	trials	60	s060_J210421	grCe_grSu1Ne	3	0.0	8	2868.604	2868.904
2874.1549999999997	0.900000000000091	trials	60	s060_J210421	grCe	1	135.0	8	2874.455	2874.755
2874.7549999999997	0.900000000000091	trials	60	s060_J210421	grCe_grSu3Ne	5	0.0	8	2875.055	2875.355
2878.6389999999997	0.900000000000091	trials	60	s060_J210421	grCe_grSu12SmCiNe	13	225.0	8	2878.939	2879.239
2879.239	0.900000000000091	trials	60	s060_J210421	grSu6CiNe	14		8	2879.539	2879.839
2879.839	0.900000000000091	trials	60	s060_J210421	grCe_grSu6CiNe_PS	19	135.0	8	2880.139	2880.439
2880.439	0.900000000000091	trials	60	s060_J210421	grCe_grSu6Ne_PS	18	45.0	8	2880.739	2881.039
2887.365	0.900000000000091	trials	60	s060_J210421	grCe_grSu6Ne	7	135.0	8	2887.665	2887.965
2888.5649999999996	0.900000000000091	trials	60	s060_J210421	grCe_grSu12SmCiNe_PS	21	90.0	8	2888.865	2889.165
2895.033	0.900000000000091	trials	60	s060_J210421	grCe_grSu6CiNe_PS	19	270.0	8	2895.333	2895.632
2902.234	0.900000000000091	trials	60	s060_J210421	grCe_grSu6CiNe_PS	19	45.0	8	2902.534	2902.833
2902.834	0.900000000000091	trials	60	s060_J210421	grSu12SmCiNe	12		8	2903.134	2903.433
2903.442	0.900000000000091	trials	60	s060_J210421	grCe_grSu6Ne	7	225.0	8	2903.742	2904.042
2904.042	0.900000000000091	trials	60	s060_J210421	coCe	16	135.0	8	2904.342	2904.642
2910.835	0.900000000000091	trials	60	s060_J210421	grCe_grSu6Ne	7	90.0	8	2911.135	2911.434
2911.435	0.900000000000091	trials	60	s060_J210421	coCe	16	225.0	8	2911.735	2912.034
2912.035	0.900000000000091	trials	60	s060_J210421	grCe	1	0.0	8	2912.335	2912.635
2918.486	0.900000000000091	trials	60	s060_J210421	grCe_grSu12SmCiNe	13	180.0	8	2918.786	2919.085
2919.086	0.900000000000091	trials	60	s060_J210421	grCe	1	90.0	8	2919.386	2919.685
2941.23	0.900000000000091	trials	60	s060_J210421	grCe_grSu12SmCiNe	13	45.0	8	2941.53	2941.83
2945.4809999999998	0.900000000000091	trials	60	s060_J210421	coSu6Ne	20		8	2945.781	2946.081
2946.089	0.900000000000091	trials	60	s060_J210421	grCe_grSu3Ne	5	225.0	8	2946.389	2946.689
2949.857	0.900000000000091	trials	60	s060_J210421	grCe_grSu6CiNe_PS	19	0.0	8	2950.157	2950.456
2951.0649999999996	0.900000000000091	trials	60	s060_J210421	grCe	1	270.0	8	2951.365	2951.665
2951.665	0.900000000000091	trials	60	s060_J210421	grCe_grSu6CiNe	15	270.0	8	2951.965	2952.265
2957.6409999999996	0.900000000000091	trials	60	s060_J210421	grCe_grSu12SmCiNe_PS	21	45.0	8	2957.941	2958.24
2958.241	0.900000000000091	trials	60	s060_J210421	grCe_grSu6Ne_PS	18	90.0	8	2958.541	2958.841
2959.4489999999996	0.900000000000091	trials	60	s060_J210421	grCe_grSu12Mi	9	90.0	8	2959.749	2960.049
2965.509	0.900000000000091	trials	60	s060_J210421	grCe_grSu18Fa	11	225.0	8	2965.809	2966.108
2966.142	0.900000000000091	trials	60	s060_J210421	coCe_grSu6Ne	17	180.0	8	2966.442	2966.742
2966.75	0.900000000000091	trials	60	s060_J210421	grCe_grSu12SmCiNe_PS	21	135.0	8	2967.05	2967.35
2978.544	0.900000000000091	trials	60	s060_J210421	grCe_grSu12SmCiNe	13	270.0	8	2978.844	2979.143
2979.144	0.900000000000091	trials	60	s060_J210421	grCe_grSu6Ne_PS	18	315.0	8	2979.444	2979.743
2979.752	0.900000000000091	trials	60	s060_J210421	grCe_grSu1Ne	3	90.0	8	2980.052	2980.352
2996.0209999999997	0.900000000000091	trials	60	s060_J210421	coCe	16	45.0	8	2996.321	2996.62
2996.6209999999996	0.900000000000091	trials	60	s060_J210421	coCe_grSu6Ne	17	270.0	8	2996.921	2997.22
3006.1389999999997	0.900000000000091	trials	60	s060_J210421	grCe	1	180.0	8	3006.439	3006.738
3006.739	0.900000000000091	trials	60	s060_J210421	grCe_grSu1Ne	3	135.0	8	3007.039	3007.338
3014.0229999999997	0.900000000000091	trials	60	s060_J210421	grCe_grSu12Mi	9	0.0	8	3014.323	3014.623
3019.549	0.900000000000091	trials	60	s060_J210421	grCe_grSu18Fa	11	135.0	8	3019.849	3020.148
3020.149	0.900000000000091	trials	60	s060_J210421	NoStim	0		8	3020.449	3020.749
3020.749	0.900000000000091	trials	60	s060_J210421	grCe_grSu6Ne_PS	18	270.0	8	3021.049	3021.349
3021.3489999999997	0.900000000000091	trials	60	s060_J210421	grCe_grSu12SmCiNe_PS	21	225.0	8	3021.649	3021.949
3045.2019999999998	0.900000000000091	trials	60	s060_J210421	grCe_grSu18Fa	11	270.0	8	3045.502	3045.802
3052.5359999999996	0.900000000000091	trials	60	s060_J210421	grCe_grSu12SmCiNe_PS	21	0.0	8	3052.836	3053.136
3053.7369999999996	0.900000000000091	trials	60	s060_J210421	grCe_grSu6CiNe	15	315.0	8	3054.037	3054.336
3054.37	0.900000000000091	trials	60	s060_J210421	coCe_grSu6Ne	17	90.0	8	3054.67	3054.97
3060.346	0.900000000000091	trials	60	s060_J210421	grSu6Ne	6		8	3060.646	3060.945
3060.9539999999997	0.900000000000091	trials	60	s060_J210421	grCe_grSu1Ne	3	45.0	8	3061.254	3061.554
3061.5539999999996	0.900000000000091	trials	60	s060_J210421	grCe_grSu3Ne	5	135.0	8	3061.854	3062.154
3062.196	0.900000000000091	trials	60	s060_J210421	grCe_grSu6CiNe	15	180.0	8	3062.496	3062.796
3071.564	0.900000000000091	trials	60	s060_J210421	grSu18Fa	10		8	3071.864	3072.164
3072.1639999999998	0.900000000000091	trials	60	s060_J210421	coCe_grSu6Ne	17	45.0	8	3072.464	3072.764
3072.7639999999997	0.900000000000091	trials	60	s060_J210421	grCe_grSu6Ne_PS	18	180.0	8	3073.064	3073.364
3078.865	0.900000000000091	trials	60	s060_J210421	coCe_grSu6Ne	17	0.0	8	3079.165	3079.464
3079.4649999999997	0.900000000000091	trials	60	s060_J210421	grCe	1	225.0	8	3079.765	3080.065
3080.665	0.900000000000091	trials	60	s060_J210421	grCe_grSu1Ne	3	180.0	8	3080.965	3081.265
3086.674	0.900000000000091	trials	60	s060_J210421	grCe	1	45.0	8	3086.974	3087.274
3090.7999999999997	0.900000000000091	trials	60	s060_J210421	coCe_grSu6Ne	17	135.0	8	3091.1	3091.399
3091.3999999999996	0.900000000000091	trials	60	s060_J210421	grCe_grSu6Ne_PS	18	225.0	8	3091.7	3091.999
3092.0	0.900000000000091	trials	60	s060_J210421	grCe_grSu12SmCiNe_PS	21	270.0	8	3092.3	3092.6
3092.6	0.900000000000091	trials	60	s060_J210421	coCe	16	270.0	8	3092.9	3093.2
3098.567	0.900000000000091	trials	60	s060_J210421	grCe_grSu6Ne_PS	18	0.0	8	3098.867	3099.167
3099.176	0.900000000000091	trials	60	s060_J210421	grCe_grSu1Ne	3	315.0	8	3099.476	3099.775
3100.3759999999997	0.900000000000091	trials	60	s060_J210421	coCe	16	90.0	8	3100.676	3100.976
3106.402	0.900000000000091	trials	60	s060_J210421	grCe_grSu12SmCiNe	13	90.0	8	3106.702	3107.001
3107.002	0.900000000000091	trials	60	s060_J210421	grSu1Ne	2		8	3107.302	3107.601
3107.6099999999997	0.900000000000091	trials	60	s060_J210421	grCe_grSu12Mi	9	135.0	8	3107.91	3108.21
3108.21	0.900000000000091	trials	60	s060_J210421	grCe_grSu6CiNe_PS	19	90.0	8	3108.51	3108.81
3114.2439999999997	0.900000000000091	trials	60	s060_J210421	grCe_grSu12SmCiNe	13	135.0	8	3114.544	3114.844
3117.912	0.900000000000091	trials	60	s060_J210421	grCe_grSu12SmCiNe	13	315.0	8	3118.212	3118.511
3118.5119999999997	0.900000000000091	trials	60	s060_J210421	grCe_grSu3Ne	5	90.0	8	3118.812	3119.111
3119.712	0.900000000000091	trials	60	s060_J210421	grCe_grSu12SmCiNe	13	270.0	6	3120.012	3120.311
3125.6789999999996	0.900000000000091	trials	60	s060_J210421	grCe_grSu12SmCiNe	13	45.0	6	3125.979	3126.279
3133.1549999999997	0.900000000000091	trials	60	s060_J210421	grCe_grSu1Ne	3	270.0	6	3133.455	3133.755
3133.7639999999997	0.900000000000091	trials	60	s060_J210421	grSu18Fa	10		6	3134.064	3134.363
3134.364	0.900000000000091	trials	60	s060_J210421	grCe_grSu6Ne_PS	18	90.0	6	3134.664	3134.963
3134.964	0.900000000000091	trials	60	s060_J210421	grCe_grSu6CiNe	15	180.0	6	3135.264	3135.563
3140.881	0.900000000000091	trials	60	s060_J210421	coCe	16	0.0	6	3141.181	3141.481
3141.49	0.900000000000091	trials	60	s060_J210421	grCe_grSu3Ne	5	45.0	6	3141.79	3142.089
3142.0899999999997	0.900000000000091	trials	60	s060_J210421	grCe_grSu6Ne	7	270.0	6	3142.39	3142.689
3142.6899999999996	0.900000000000091	trials	60	s060_J210421	coCe_grSu6Ne	17	90.0	6	3142.99	3143.289
3149.341	0.900000000000091	trials	60	s060_J210421	grCe_grSu6CiNe	15	270.0	6	3149.641	3149.94
3149.941	0.900000000000091	trials	60	s060_J210421	grCe	1	315.0	6	3150.241	3150.54
3150.5409999999997	0.900000000000091	trials	60	s060_J210421	grCe_grSu1Ne	3	45.0	6	3150.841	3151.14
3151.1409999999996	0.900000000000091	trials	60	s060_J210421	coCe	16	90.0	6	3151.441	3151.741
3160.459	0.900000000000091	trials	60	s060_J210421	coCe	16	135.0	6	3160.759	3161.058
3161.0589999999997	0.900000000000091	trials	60	s060_J210421	NoStim	0		6	3161.359	3161.658
3161.667	0.900000000000091	trials	60	s060_J210421	grCe_grSu3Ne	5	225.0	6	3161.967	3162.267
3170.0519999999997	0.900000000000091	trials	60	s060_J210421	grCe_grSu1Ne	3	135.0	6	3170.352	3170.651
3176.294	0.900000000000091	trials	60	s060_J210421	grCe_grSu6Ne_PS	18	180.0	6	3176.594	3176.894
3176.903	0.900000000000091	trials	60	s060_J210421	grCe_grSu18Fa	11	90.0	6	3177.203	3177.502
3177.5359999999996	0.900000000000091	trials	60	s060_J210421	grCe_grSu3Ne	5	0.0	6	3177.836	3178.136
3178.144	0.900000000000091	trials	60	s060_J210421	grCe_grSu18Fa	11	225.0	6	3178.444	3178.744
3184.254	0.900000000000091	trials	60	s060_J210421	grCe_grSu1Ne	3	315.0	6	3184.554	3184.853
3184.8619999999996	0.900000000000091	trials	60	s060_J210421	grCe_grSu6CiNe	15	225.0	6	3185.162	3185.462
3186.062	0.900000000000091	trials	60	s060_J210421	grCe	1	180.0	6	3186.362	3186.662
3197.18	0.900000000000091	trials	60	s060_J210421	grCe_grSu12SmCiNe_PS	21	225.0	6	3197.48	3197.78
3197.7799999999997	0.900000000000091	trials	60	s060_J210421	grCe_grSu6CiNe_PS	19	180.0	6	3198.08	3198.38
3198.989	0.900000000000091	trials	60	s060_J210421	grCe_grSu12Mi	9	90.0	6	3199.289	3199.588
3204.8979999999997	0.900000000000091	trials	60	s060_J210421	grCe	1	45.0	6	3205.198	3205.497
3205.4979999999996	0.900000000000091	trials	60	s060_J210421	grCe_grSu6Ne_PS	18	0.0	6	3205.798	3206.098
3206.765	0.900000000000091	trials	60	s060_J210421	grCe_grSu6Ne	7	0.0	6	3207.065	3207.364
3212.674	0.900000000000091	trials	60	s060_J210421	grCe_grSu12SmCiNe	13	180.0	6	3212.974	3213.273
3213.2819999999997	0.900000000000091	trials	60	s060_J210421	grCe_grSu12Mi	9	315.0	6	3213.582	3213.882
3213.8819999999996	0.900000000000091	trials	60	s060_J210421	grCe	1	90.0	6	3214.182	3214.482
3214.491	0.900000000000091	trials	60	s060_J210421	grCe_grSu6Ne	7	225.0	6	3214.791	3215.09
3220.35	0.900000000000091	trials	60	s060_J210421	grCe_grSu6Ne_PS	18	45.0	6	3220.65	3220.949
3220.95	0.900000000000091	trials	60	s060_J210421	grCe_grSu6CiNe_PS	19	0.0	6	3221.25	3221.55
3221.5499999999997	0.900000000000091	trials	60	s060_J210421	grCe_grSu3Ne	5	315.0	6	3221.85	3222.15
3232.1009999999997	0.900000000000091	trials	60	s060_J210421	coCe	16	45.0	6	3232.401	3232.701
3232.701	0.900000000000091	trials	60	s060_J210421	grCe_grSu6Ne_PS	18	270.0	6	3233.001	3233.301
3233.3019999999997	0.900000000000091	trials	60	s060_J210421	grCe_grSu1Ne	3	180.0	6	3233.602	3233.901
3233.902	0.900000000000091	trials	60	s060_J210421	coCe_grSu6Ne	17	135.0	6	3234.202	3234.501
3239.611	0.900000000000091	trials	60	s060_J210421	grCe_grSu12SmCiNe	13	225.0	6	3239.911	3240.21
3243.3109999999997	0.900000000000091	trials	60	s060_J210421	grCe_grSu6CiNe	15	135.0	6	3243.611	3243.911
3243.9109999999996	0.900000000000091	trials	60	s060_J210421	grCe_grSu12SmCiNe_PS	21	0.0	6	3244.211	3244.511
3244.52	0.900000000000091	trials	60	s060_J210421	coCe_grSu6Ne	17	225.0	6	3244.82	3245.119
3245.12	0.900000000000091	trials	60	s060_J210421	grCe_grSu6CiNe_PS	19	270.0	6	3245.42	3245.719
3251.0209999999997	0.900000000000091	trials	60	s060_J210421	grCe_grSu6CiNe	15	45.0	6	3251.321	3251.62
3251.6209999999996	0.900000000000091	trials	60	s060_J210421	grCe_grSu6Ne	7	90.0	6	3251.921	3252.22
3252.229	0.900000000000091	trials	60	s060_J210421	grCe_grSu18Fa	11	315.0	6	3252.529	3252.829
3252.8289999999997	0.900000000000091	trials	60	s060_J210421	grSu1Ne	2		6	3253.129	3253.429
3259.013	0.900000000000091	trials	60	s060_J210421	grCe_grSu1Ne	3	225.0	6	3259.313	3259.613
3260.2129999999997	0.900000000000091	trials	60	s060_J210421	grCe_grSu6CiNe	15	315.0	6	3260.513	3260.813
3260.8129999999996	0.900000000000091	trials	60	s060_J210421	grCe_grSu6CiNe_PS	19	135.0	6	3261.113	3261.413
3266.714	0.900000000000091	trials	60	s060_J210421	grCe_grSu6Ne	7	180.0	6	3267.014	3267.314
3267.9139999999998	0.900000000000091	trials	60	s060_J210421	coCe_grSu6Ne	17	0.0	6	3268.214	3268.514
3268.5139999999997	0.900000000000091	trials	60	s060_J210421	grCe_grSu3Ne	5	270.0	6	3268.814	3269.114
3278.2909999999997	0.900000000000091	trials	60	s060_J210421	grCe_grSu12Mi	9	45.0	6	3278.591	3278.89
3282.033	0.900000000000091	trials	60	s060_J210421	grCe_grSu12SmCiNe_PS	21	270.0	6	3282.333	3282.632
3285.575	0.900000000000091	trials	60	s060_J210421	coCe	16	180.0	6	3285.875	3286.175
3286.1749999999997	0.900000000000091	trials	60	s060_J210421	grCe_grSu6Ne_PS	18	315.0	6	3286.475	3286.775
3286.7749999999996	0.900000000000091	trials	60	s060_J210421	grCe_grSu6CiNe_PS	19	315.0	6	3287.075	3287.375
3287.375	0.900000000000091	trials	60	s060_J210421	grSu12SmCiNe	12		6	3287.675	3287.975
3293.926	0.900000000000091	trials	60	s060_J210421	grCe_grSu12SmCiNe_PS	21	45.0	6	3294.226	3294.526
3295.1259999999997	0.900000000000091	trials	60	s060_J210421	grCe_grSu6Ne	7	135.0	6	3295.426	3295.726
3301.435	0.900000000000091	trials	60	s060_J210421	grCe_grSu12SmCiNe	13	135.0	6	3301.735	3302.035
3302.035	0.900000000000091	trials	60	s060_J210421	grCe_grSu12SmCiNe_PS	21	180.0	6	3302.335	3302.635
3310.053	0.900000000000091	trials	60	s060_J210421	grCe	1	135.0	6	3310.353	3310.653
3310.653	0.900000000000091	trials	60	s060_J210421	grSu6CiNe	14		6	3310.953	3311.253
3311.2619999999997	0.900000000000091	trials	60	s060_J210421	grCe_grSu6Ne	7	45.0	6	3311.562	3311.861
3311.87	0.900000000000091	trials	60	s060_J210421	grCe_grSu18Fa	11	270.0	6	3312.17	3312.47
3318.763	0.900000000000091	trials	60	s060_J210421	grCe_grSu6CiNe_PS	19	90.0	6	3319.063	3319.362
3319.3709999999996	0.900000000000091	trials	60	s060_J210421	grCe_grSu12Mi	9	0.0	6	3319.671	3319.971
3319.971	0.900000000000091	trials	60	s060_J210421	coCe_grSu6Ne	17	270.0	6	3320.271	3320.571
3325.8799999999997	0.900000000000091	trials	60	s060_J210421	grCe_grSu1Ne	3	0.0	6	3326.18	3326.48
3326.489	0.900000000000091	trials	60	s060_J210421	grCe_grSu18Fa	11	0.0	6	3326.789	3327.088
3327.089	0.900000000000091	trials	60	s060_J210421	grCe_grSu1Ne	3	90.0	6	3327.389	3327.688
3327.689	0.900000000000091	trials	60	s060_J210421	grCe_grSu12SmCiNe_PS	21	135.0	6	3327.989	3328.288
3333.931	0.900000000000091	trials	60	s060_J210421	coSu6Ne	20		6	3334.231	3334.531
3334.531	0.900000000000091	trials	60	s060_J210421	coCe	16	315.0	6	3334.831	3335.131
3339.149	0.900000000000091	trials	60	s060_J210421	grCe_grSu12SmCiNe	13	315.0	6	3339.449	3339.748
3339.749	0.900000000000091	trials	60	s060_J210421	coCe_grSu6Ne	17	315.0	6	3340.049	3340.348
3340.991	0.900000000000091	trials	60	s060_J210421	grSu3Ne	4		6	3341.291	3341.59
3347.0249999999996	0.900000000000091	trials	60	s060_J210421	grCe_grSu3Ne	5	135.0	6	3347.325	3347.624
3347.633	0.900000000000091	trials	60	s060_J210421	grCe_grSu12Mi	9	135.0	6	3347.933	3348.233
3351.7419999999997	0.900000000000091	trials	60	s060_J210421	coCe	16	270.0	6	3352.042	3352.341
3352.95	0.900000000000091	trials	60	s060_J210421	grCe	1	225.0	6	3353.25	3353.55
3357.0589999999997	0.900000000000091	trials	60	s060_J210421	grCe_grSu12Mi	9	270.0	6	3357.359	3357.659
3357.6679999999997	0.900000000000091	trials	60	s060_J210421	grSu12Mi	8		6	3357.968	3358.267
3358.4429999999998	0.900000000000091	trials	60	s060_J210421	grCe_grSu12SmCiNe_PS	21	315.0	6	3358.743	3359.042
3359.051	0.900000000000091	trials	60	s060_J210421	coCe_grSu6Ne	17	45.0	6	3359.351	3359.651
3365.0769999999998	0.900000000000091	trials	60	s060_J210421	grCe_grSu6Ne	7	315.0	6	3365.377	3365.677
3366.277	0.900000000000091	trials	60	s060_J210421	grSu6Ne	6		6	3366.577	3366.877
3366.877	0.900000000000091	trials	60	s060_J210421	grCe_grSu3Ne	5	90.0	6	3367.177	3367.477
3372.836	0.900000000000091	trials	60	s060_J210421	grCe	1	0.0	6	3373.136	3373.436
3374.645	0.900000000000091	trials	60	s060_J210421	grCe_grSu12Mi	9	180.0	6	3374.945	3375.244
3381.0789999999997	0.900000000000091	trials	60	s060_J210421	grCe	1	270.0	6	3381.379	3381.679
3381.687	0.900000000000091	trials	60	s060_J210421	grCe_grSu18Fa	11	180.0	6	3381.987	3382.287
3382.288	0.900000000000091	trials	60	s060_J210421	grCe_grSu6CiNe_PS	19	225.0	6	3382.588	3382.887
3382.921	0.900000000000091	trials	60	s060_J210421	grCe_grSu6Ne_PS	18	135.0	6	3383.221	3383.521
3389.238	0.900000000000091	trials	60	s060_J210421	grCe_grSu6CiNe_PS	19	45.0	6	3389.538	3389.838
3389.8379999999997	0.900000000000091	trials	60	s060_J210421	grCe_grSu12SmCiNe_PS	21	90.0	6	3390.138	3390.438
3390.4469999999997	0.900000000000091	trials	60	s060_J210421	grCe_grSu18Fa	11	135.0	6	3390.747	3391.046
3396.698	0.900000000000091	trials	60	s060_J210421	grCe_grSu12SmCiNe	13	0.0	6	3396.998	3397.297
3397.906	0.900000000000091	trials	60	s060_J210421	grCe_grSu6Ne_PS	18	225.0	6	3398.206	3398.506
3398.506	0.900000000000091	trials	60	s060_J210421	coCe	16	225.0	6	3398.806	3399.106
3408.0409999999997	0.900000000000091	trials	60	s060_J210421	grCe_grSu12SmCiNe	13	90.0	6	3408.341	3408.64
3408.6409999999996	0.900000000000091	trials	60	s060_J210421	coCe_grSu6Ne	17	180.0	6	3408.941	3409.241
3409.241	0.900000000000091	trials	60	s060_J210421	grCe_grSu6CiNe	15	0.0	6	3409.541	3409.841
3415.533	0.900000000000091	trials	60	s060_J210421	grCe_grSu12Mi	9	225.0	6	3415.833	3416.133
3416.142	0.900000000000091	trials	60	s060_J210421	grCe_grSu18Fa	11	45.0	6	3416.442	3416.741
3416.7419999999997	0.900000000000091	trials	60	s060_J210421	grCe_grSu6CiNe	15	90.0	6	3417.042	3417.342
3417.3419999999996	0.900000000000091	trials	60	s060_J210421	grCe_grSu3Ne	5	180.0	6	3417.642	3417.942
3423.243	0.900000000000091	trials	60	s060_J210421	coCe_grSu6Ne	17	315.0	7	3423.543	3423.842
3423.843	0.900000000000091	trials	60	s060_J210421	grCe_grSu6CiNe_PS	19	90.0	7	3424.143	3424.442
3424.451	0.900000000000091	trials	60	s060_J210421	grCe_grSu18Fa	11	225.0	7	3424.751	3425.051
3425.051	0.900000000000091	trials	60	s060_J210421	grCe_grSu6Ne_PS	18	270.0	7	3425.351	3425.651
3436.678	0.900000000000091	trials	60	s060_J210421	grCe_grSu3Ne	5	0.0	7	3436.978	3437.277
3437.2859999999996	0.900000000000091	trials	60	s060_J210421	grSu18Fa	10		7	3437.586	3437.886
3437.886	0.900000000000091	trials	60	s060_J210421	grSu6Ne	6		7	3438.186	3438.486
3438.486	0.900000000000091	trials	60	s060_J210421	grSu1Ne	2		7	3438.786	3439.086
3444.504	0.900000000000091	trials	60	s060_J210421	grCe_grSu12SmCiNe	13	180.0	7	3444.804	3445.103
3445.129	0.900000000000091	trials	60	s060_J210421	grCe_grSu12SmCiNe_PS	21	135.0	7	3445.429	3445.729
3445.729	0.900000000000091	trials	60	s060_J210421	grCe	1	90.0	7	3446.029	3446.329
3446.3289999999997	0.900000000000091	trials	60	s060_J210421	grCe_grSu6CiNe_PS	19	135.0	7	3446.629	3446.929
3458.272	0.900000000000091	trials	60	s060_J210421	grCe_grSu12SmCiNe_PS	21	45.0	7	3458.572	3458.872
3460.073	0.900000000000091	trials	60	s060_J210421	grCe	1	180.0	7	3460.373	3460.672
3466.173	0.900000000000091	trials	60	s060_J210421	grCe_grSu1Ne	3	270.0	7	3466.473	3466.773
3466.7729999999997	0.900000000000091	trials	60	s060_J210421	coCe	16	0.0	7	3467.073	3467.373
3467.9739999999997	0.900000000000091	trials	60	s060_J210421	grCe_grSu3Ne	5	225.0	7	3468.274	3468.573
3474.749	0.900000000000091	trials	60	s060_J210421	grCe_grSu1Ne	3	45.0	7	3475.049	3475.349
3490.0429999999997	0.900000000000091	trials	60	s060_J210421	grCe_grSu6Ne_PS	18	315.0	7	3490.343	3490.643
3490.643	0.900000000000091	trials	60	s060_J210421	coCe_grSu6Ne	17	0.0	7	3490.943	3491.243
3491.243	0.900000000000091	trials	60	s060_J210421	grCe_grSu12SmCiNe_PS	21	90.0	7	3491.543	3491.843
3491.843	0.900000000000091	trials	60	s060_J210421	grCe_grSu12SmCiNe_PS	21	225.0	7	3492.143	3492.443
3497.7189999999996	0.900000000000091	trials	60	s060_J210421	grCe_grSu6Ne	7	45.0	7	3498.019	3498.319
3498.319	0.900000000000091	trials	60	s060_J210421	grCe_grSu6CiNe	15	180.0	7	3498.619	3498.919
3498.919	0.900000000000091	trials	60	s060_J210421	grCe_grSu12SmCiNe	13	225.0	7	3499.219	3499.519
3499.528	0.900000000000091	trials	60	s060_J210421	grCe_grSu12Mi	9	225.0	7	3499.828	3500.127
3505.4869999999996	0.900000000000091	trials	60	s060_J210421	grCe	1	45.0	7	3505.787	3506.086
3506.095	0.900000000000091	trials	60	s060_J210421	grCe_grSu18Fa	11	270.0	7	3506.395	3506.695
3507.2949999999996	0.900000000000091	trials	60	s060_J210421	NoStim	0		7	3507.595	3507.895
3513.404	0.900000000000091	trials	60	s060_J210421	grCe_grSu6Ne	7	90.0	7	3513.704	3514.004
3514.013	0.900000000000091	trials	60	s060_J210421	grCe_grSu18Fa	11	135.0	7	3514.313	3514.612
3514.613	0.900000000000091	trials	60	s060_J210421	grCe_grSu3Ne	5	315.0	7	3514.913	3515.213
3515.2129999999997	0.900000000000091	trials	60	s060_J210421	grCe_grSu3Ne	5	90.0	7	3515.513	3515.813
3522.547	0.900000000000091	trials	60	s060_J210421	grSu3Ne	4		7	3522.847	3523.147
3529.1479999999997	0.900000000000091	trials	60	s060_J210421	grCe_grSu6Ne_PS	18	90.0	7	3529.448	3529.748
3532.832	0.900000000000091	trials	60	s060_J210421	grCe	1	0.0	7	3533.132	3533.432
3533.4399999999996	0.900000000000091	trials	60	s060_J210421	grCe_grSu1Ne	3	135.0	7	3533.74	3534.04
3534.049	0.900000000000091	trials	60	s060_J210421	grCe_grSu12Mi	9	180.0	7	3534.349	3534.648
3534.649	0.900000000000091	trials	60	s060_J210421	grCe_grSu6Ne	7	270.0	7	3534.949	3535.248
3540.825	0.900000000000091	trials	60	s060_J210421	grCe_grSu6Ne_PS	18	45.0	7	3541.125	3541.424
3541.4249999999997	0.900000000000091	trials	60	s060_J210421	coCe	16	180.0	7	3541.725	3542.024
3542.0249999999996	0.900000000000091	trials	60	s060_J210421	grCe_grSu6CiNe	15	270.0	7	3542.325	3542.624
3542.625	0.900000000000091	trials	60	s060_J210421	grCe	1	135.0	7	3542.925	3543.225
3548.401	0.900000000000091	trials	60	s060_J210421	grCe_grSu12Mi	9	135.0	7	3548.701	3549.0
3549.618	0.900000000000091	trials	60	s060_J210421	grCe_grSu18Fa	11	0.0	7	3549.918	3550.217
3550.301	0.900000000000091	trials	60	s060_J210421	grCe_grSu12SmCiNe	13	315.0	7	3550.601	3550.901
3556.5429999999997	0.900000000000091	trials	60	s060_J210421	grCe_grSu3Ne	5	135.0	7	3556.843	3557.143
3557.143	0.900000000000091	trials	60	s060_J210421	grCe_grSu6CiNe_PS	19	315.0	7	3557.443	3557.743
3558.3439999999996	0.900000000000091	trials	60	s060_J210421	grCe	1	225.0	7	3558.644	3558.943
3564.544	0.900000000000091	trials	60	s060_J210421	grCe_grSu12SmCiNe_PS	21	0.0	7	3564.844	3565.144
3565.153	0.900000000000091	trials	60	s060_J210421	grCe_grSu12Mi	9	315.0	7	3565.453	3565.752
3569.7949999999996	0.900000000000091	trials	60	s060_J210421	grCe_grSu6CiNe	15	225.0	7	3570.095	3570.395
3570.404	0.900000000000091	trials	60	s060_J210421	coCe	16	90.0	7	3570.704	3571.003
3571.004	0.900000000000091	trials	60	s060_J210421	grCe_grSu1Ne	3	315.0	7	3571.304	3571.603
3577.138	0.900000000000091	trials	60	s060_J210421	coCe_grSu6Ne	17	135.0	7	3577.438	3577.737
3577.738	0.900000000000091	trials	60	s060_J210421	grSu12SmCiNe	12		7	3578.038	3578.337
3578.3379999999997	0.900000000000091	trials	60	s060_J210421	coSu6Ne	20		7	3578.638	3578.937
3578.9379999999996	0.900000000000091	trials	60	s060_J210421	grCe_grSu6CiNe_PS	19	0.0	7	3579.238	3579.538
3584.964	0.900000000000091	trials	60	s060_J210421	grSu12Mi	8		7	3585.264	3585.563
3585.564	0.900000000000091	trials	60	s060_J210421	grCe	1	270.0	7	3585.864	3586.163
3589.1479999999997	0.900000000000091	trials	60	s060_J210421	grCe_grSu1Ne	3	225.0	7	3589.448	3589.747
3590.348	0.900000000000091	trials	60	s060_J210421	grCe_grSu6CiNe_PS	19	45.0	7	3590.648	3590.947
3590.948	0.900000000000091	trials	60	s060_J210421	grCe_grSu6Ne_PS	18	135.0	7	3591.248	3591.547
3597.057	0.900000000000091	trials	60	s060_J210421	grSu6CiNe	14		7	3597.357	3597.657
3597.6569999999997	0.900000000000091	trials	60	s060_J210421	grCe_grSu12SmCiNe	13	45.0	7	3597.957	3598.257
3598.299	0.900000000000091	trials	60	s060_J210421	grCe_grSu6CiNe	15	135.0	7	3598.599	3598.898
3598.899	0.900000000000091	trials	60	s060_J210421	grCe_grSu3Ne	5	45.0	7	3599.199	3599.498
3604.841	0.900000000000091	trials	60	s060_J210421	grCe_grSu3Ne	5	270.0	7	3605.141	3605.441
3605.441	0.900000000000091	trials	60	s060_J210421	coCe	16	135.0	7	3605.741	3606.041
3606.0409999999997	0.900000000000091	trials	60	s060_J210421	grCe_grSu6CiNe	15	90.0	7	3606.341	3606.641
3606.642	0.900000000000091	trials	60	s060_J210421	grCe_grSu6CiNe_PS	19	180.0	7	3606.942	3607.241
3613.1009999999997	0.900000000000091	trials	60	s060_J210421	coCe_grSu6Ne	17	225.0	7	3613.401	3613.7
3613.709	0.900000000000091	trials	60	s060_J210421	grCe_grSu18Fa	11	315.0	7	3614.009	3614.309
3614.334	0.900000000000091	trials	60	s060_J210421	coCe	16	270.0	7	3614.634	3614.934
3614.9339999999997	0.900000000000091	trials	60	s060_J210421	grCe_grSu12SmCiNe_PS	21	180.0	7	3615.234	3615.534
3621.435	0.900000000000091	trials	60	s060_J210421	grCe_grSu6CiNe	15	315.0	7	3621.735	3622.035
3622.0519999999997	0.900000000000091	trials	60	s060_J210421	grCe_grSu6Ne	7	180.0	7	3622.352	3622.651
3622.652	0.900000000000091	trials	60	s060_J210421	grCe_grSu6CiNe	15	0.0	7	3622.952	3623.252
3631.22	0.900000000000091	trials	60	s060_J210421	coCe	16	225.0	7	3631.52	3631.819
3631.8529999999996	0.900000000000091	trials	60	s060_J210421	coCe_grSu6Ne	17	180.0	7	3632.153	3632.453
3632.453	0.900000000000091	trials	60	s060_J210421	grCe_grSu6CiNe_PS	19	270.0	7	3632.753	3633.053
3639.071	0.900000000000091	trials	60	s060_J210421	coCe	16	315.0	7	3639.371	3639.67
3640.279	0.900000000000091	trials	60	s060_J210421	grCe_grSu3Ne	5	180.0	7	3640.579	3640.879
3647.4049999999997	0.900000000000091	trials	60	s060_J210421	grCe_grSu12Mi	9	270.0	7	3647.705	3648.005
3648.605	0.900000000000091	trials	60	s060_J210421	grCe_grSu6CiNe_PS	19	225.0	7	3648.905	3649.205
3649.205	0.900000000000091	trials	60	s060_J210421	grCe_grSu12SmCiNe_PS	21	270.0	7	3649.505	3649.805
3655.2479999999996	0.900000000000091	trials	60	s060_J210421	grCe_grSu18Fa	11	90.0	7	3655.548	3655.847
3655.8559999999998	0.900000000000091	trials	60	s060_J210421	grCe_grSu6Ne	7	225.0	7	3656.156	3656.456
3656.4559999999997	0.900000000000091	trials	60	s060_J210421	grCe_grSu12SmCiNe	13	135.0	7	3656.756	3657.056
3657.056	0.900000000000091	trials	60	s060_J210421	grCe_grSu6Ne	7	315.0	7	3657.356	3657.656
3662.899	0.900000000000091	trials	60	s060_J210421	grCe_grSu12SmCiNe	13	270.0	7	3663.199	3663.498
3664.0989999999997	0.900000000000091	trials	60	s060_J210421	grCe_grSu6Ne_PS	18	0.0	7	3664.399	3664.699
3671.7749999999996	0.900000000000091	trials	60	s060_J210421	grCe_grSu1Ne	3	90.0	7	3672.075	3672.375
3672.375	0.900000000000091	trials	60	s060_J210421	grCe_grSu6CiNe	15	45.0	7	3672.675	3672.975
3678.393	0.900000000000091	trials	60	s060_J210421	grCe_grSu1Ne	3	180.0	7	3678.693	3678.992
3679.0009999999997	0.900000000000091	trials	60	s060_J210421	grCe_grSu6Ne	7	0.0	7	3679.301	3679.601
3679.6259999999997	0.900000000000091	trials	60	s060_J210421	grCe_grSu12SmCiNe	13	0.0	7	3679.926	3680.226
3680.234	0.900000000000091	trials	60	s060_J210421	grCe_grSu12Mi	9	45.0	7	3680.534	3680.834
3686.8439999999996	0.900000000000091	trials	60	s060_J210421	grCe_grSu6Ne_PS	18	180.0	7	3687.144	3687.443
3687.4519999999998	0.900000000000091	trials	60	s060_J210421	grCe_grSu12Mi	9	0.0	7	3687.752	3688.052
3688.069	0.900000000000091	trials	60	s060_J210421	grCe	1	315.0	7	3688.369	3688.668
3688.669	0.900000000000091	trials	60	s060_J210421	coCe_grSu6Ne	17	90.0	7	3688.969	3689.268
3698.645	0.900000000000091	trials	60	s060_J210421	grCe_grSu18Fa	11	180.0	7	3698.945	3699.245
3699.379	0.900000000000091	trials	60	s060_J210421	grCe_grSu18Fa	11	45.0	7	3699.679	3699.978
3699.979	0.900000000000091	trials	60	s060_J210421	grCe_grSu12SmCiNe_PS	21	315.0	7	3700.279	3700.578
3707.3709999999996	0.900000000000091	trials	60	s060_J210421	grCe_grSu6Ne_PS	18	225.0	7	3707.671	3707.971
3707.98	0.900000000000091	trials	60	s060_J210421	grCe_grSu12SmCiNe	13	90.0	7	3708.28	3708.579
3708.58	0.900000000000091	trials	60	s060_J210421	coCe	16	45.0	7	3708.88	3709.179
3714.681	0.900000000000091	trials	60	s060_J210421	grCe_grSu12Mi	9	90.0	7	3714.981	3715.28
3719.39	0.900000000000091	trials	60	s060_J210421	grCe_grSu6Ne	7	135.0	7	3719.69	3719.989
3719.99	0.900000000000091	trials	60	s060_J210421	coCe_grSu6Ne	17	270.0	7	3720.29	3720.589
3720.5899999999997	0.900000000000091	trials	60	s060_J210421	coCe_grSu6Ne	17	45.0	7	3720.89	3721.189
3743.276	0.900000000000091	trials	60	s060_J210421	grCe_grSu1Ne	3	0.0	7	3743.576	3743.876
