onset	duration	nwb_table	ses_ID	ses_Name	cond_Name	cond_ID	target_rot	rep_num	pdOn	pdOff
61.408	0.8999999999999986	trials	18	s018_F191203	grCe_grSu3Ne	5	0.0	8	61.708	62.007
62.017	0.8999999999999986	trials	18	s018_F191203	grCe_grSu12SmCiNe	13	315.0	8	62.317	62.615
62.625	0.8999999999999986	trials	18	s018_F191203	NoStim	0		8	62.925	63.224
69.093	0.8999999999999915	trials	18	s018_F191203	coCe	16	180.0	8	69.393	69.692
69.702	0.8999999999999915	trials	18	s018_F191203	grCe_grSu6Ne	7	0.0	8	70.002	70.3
70.302	0.8999999999999915	trials	18	s018_F191203	coCe	16	45.0	8	70.602	70.9
76.97	0.8999999999999915	trials	18	s018_F191203	grCe_grSu12SmCiNe_PS	21	270.0	8	77.27	77.568
77.578	0.8999999999999915	trials	18	s018_F191203	grCe_grSu6Ne_PS	18	90.0	8	77.878	78.176
85.004	0.8999999999999915	trials	18	s018_F191203	grCe_grSu12SmCiNe	13	225.0	8	85.304	85.603
86.221	0.8999999999999915	trials	18	s018_F191203	grCe_grSu12Mi	9	315.0	8	86.521	86.82
93.514	0.8999999999999915	trials	18	s018_F191203	grSu6Ne	6		8	93.814	94.113
100.741	0.8999999999999915	trials	18	s018_F191203	coCe_grSu6Ne	17	225.0	8	101.041	101.339
101.349	0.8999999999999915	trials	18	s018_F191203	grCe_grSu12Mi	9	0.0	8	101.649	101.948
101.958	0.8999999999999915	trials	18	s018_F191203	grCe_grSu6Ne_PS	18	270.0	8	102.258	102.556
109.417	0.8999999999999915	trials	18	s018_F191203	grCe_grSu6CiNe	15	90.0	8	109.717	110.016
110.034	0.8999999999999915	trials	18	s018_F191203	grCe_grSu18Fa	11	45.0	8	110.334	110.633
116.46000000000001	0.8999999999999915	trials	18	s018_F191203	grCe_grSu6Ne_PS	18	135.0	8	116.76	117.059
117.06	0.8999999999999915	trials	18	s018_F191203	coCe	16	135.0	8	117.36	117.659
117.669	0.8999999999999915	trials	18	s018_F191203	coCe_grSu6Ne	17	135.0	8	117.969	118.267
124.328	0.8999999999999915	trials	18	s018_F191203	grCe_grSu18Fa	11	135.0	8	124.628	124.927
124.937	0.8999999999999915	trials	18	s018_F191203	grCe_grSu6CiNe	15	315.0	8	125.237	125.535
125.545	0.8999999999999915	trials	18	s018_F191203	grCe_grSu3Ne	5	225.0	8	125.845	126.144
132.32999999999998	0.9000000000000057	trials	18	s018_F191203	grCe_grSu12Mi	9	45.0	8	132.63	132.928
132.938	0.9000000000000057	trials	18	s018_F191203	grCe_grSu12SmCiNe	13	135.0	8	133.238	133.537
133.547	0.9000000000000057	trials	18	s018_F191203	grCe	1	45.0	8	133.847	134.145
140.22299999999998	0.9000000000000057	trials	18	s018_F191203	grCe_grSu6CiNe_PS	19	45.0	8	140.523	140.821
140.831	0.9000000000000057	trials	18	s018_F191203	grCe_grSu12Mi	9	225.0	8	141.131	141.43
141.44	0.9000000000000057	trials	18	s018_F191203	grSu1Ne	2		8	141.74	142.038
148.17399999999998	0.9000000000000057	trials	18	s018_F191203	coCe_grSu6Ne	17	90.0	8	148.474	148.773
148.783	0.9000000000000057	trials	18	s018_F191203	grCe_grSu6Ne_PS	18	225.0	8	149.083	149.381
149.391	0.9000000000000057	trials	18	s018_F191203	grCe_grSu12SmCiNe	13	180.0	8	149.691	149.99
156.06799999999998	0.9000000000000057	trials	18	s018_F191203	grSu3Ne	4		8	156.368	156.666
156.676	0.9000000000000057	trials	18	s018_F191203	grCe_grSu1Ne	3	270.0	8	156.976	157.275
157.285	0.9000000000000057	trials	18	s018_F191203	grSu18Fa	10		8	157.585	157.883
157.893	0.9000000000000057	trials	18	s018_F191203	grCe_grSu6Ne_PS	18	0.0	8	158.193	158.491
164.64399999999998	0.9000000000000057	trials	18	s018_F191203	grCe_grSu6CiNe_PS	19	180.0	8	164.944	165.243
165.253	0.9000000000000057	trials	18	s018_F191203	grCe_grSu6CiNe	15	45.0	8	165.553	165.851
165.861	0.9000000000000057	trials	18	s018_F191203	grCe	1	180.0	8	166.161	166.46
166.46099999999998	0.9000000000000057	trials	18	s018_F191203	grCe	1	270.0	8	166.761	167.06
173.646	0.9000000000000057	trials	18	s018_F191203	grCe_grSu6CiNe_PS	19	0.0	8	173.946	174.244
174.24599999999998	0.9000000000000057	trials	18	s018_F191203	coCe	16	0.0	8	174.546	174.844
174.85399999999998	0.9000000000000057	trials	18	s018_F191203	grCe_grSu1Ne	3	180.0	8	175.154	175.453
181.49699999999999	0.9000000000000057	trials	18	s018_F191203	grSu12SmCiNe	12		8	181.797	182.096
182.106	0.9000000000000057	trials	18	s018_F191203	grCe_grSu12SmCiNe_PS	21	180.0	8	182.406	182.704
182.714	0.9000000000000057	trials	18	s018_F191203	grCe_grSu1Ne	3	225.0	8	183.014	183.313
183.32299999999998	0.9000000000000057	trials	18	s018_F191203	coCe	16	270.0	8	183.623	183.921
190.499	0.9000000000000057	trials	18	s018_F191203	coCe_grSu6Ne	17	0.0	8	190.799	191.097
191.107	0.9000000000000057	trials	18	s018_F191203	grCe_grSu6CiNe	15	180.0	8	191.407	191.706
191.71599999999998	0.9000000000000057	trials	18	s018_F191203	grCe_grSu3Ne	5	270.0	8	192.016	192.314
192.32399999999998	0.9000000000000057	trials	18	s018_F191203	grCe_grSu1Ne	3	90.0	8	192.624	192.923
200.326	0.9000000000000057	trials	18	s018_F191203	grCe_grSu18Fa	11	270.0	8	200.626	200.924
200.934	0.9000000000000057	trials	18	s018_F191203	grCe_grSu12SmCiNe	13	270.0	8	201.234	201.533
210.036	0.9000000000000057	trials	18	s018_F191203	grCe	1	225.0	8	210.336	210.634
210.64399999999998	0.9000000000000057	trials	18	s018_F191203	coCe_grSu6Ne	17	270.0	8	210.944	211.243
211.253	0.9000000000000057	trials	18	s018_F191203	grCe_grSu6Ne	7	180.0	8	211.553	211.851
211.861	0.9000000000000057	trials	18	s018_F191203	grCe_grSu6Ne_PS	18	315.0	8	212.161	212.46
218.60399999999998	0.9000000000000057	trials	18	s018_F191203	grCe_grSu6CiNe_PS	19	90.0	8	218.904	219.203
219.213	0.9000000000000057	trials	18	s018_F191203	grCe_grSu6Ne_PS	18	180.0	8	219.513	219.811
223.03799999999998	0.9000000000000057	trials	18	s018_F191203	grCe_grSu6CiNe_PS	19	315.0	8	223.338	223.637
223.647	0.9000000000000057	trials	18	s018_F191203	grCe_grSu12SmCiNe_PS	21	315.0	8	223.947	224.245
224.255	0.9000000000000057	trials	18	s018_F191203	grCe_grSu6CiNe	15	270.0	8	224.555	224.854
231.523	0.9000000000000057	trials	18	s018_F191203	grCe_grSu12SmCiNe_PS	21	135.0	8	231.823	232.122
232.73999999999998	0.9000000000000057	trials	18	s018_F191203	grCe_grSu6CiNe_PS	19	270.0	8	233.04	233.339
233.349	0.9000000000000057	trials	18	s018_F191203	coCe_grSu6Ne	17	45.0	8	233.649	233.947
240.825	0.9000000000000057	trials	18	s018_F191203	coCe	16	225.0	8	241.125	241.424
242.042	0.9000000000000057	trials	18	s018_F191203	grCe_grSu12SmCiNe	13	0.0	8	242.342	242.64
249.552	0.9000000000000057	trials	18	s018_F191203	grCe_grSu12SmCiNe_PS	21	90.0	8	249.852	250.15
250.16	0.9000000000000057	trials	18	s018_F191203	grCe_grSu1Ne	3	315.0	8	250.46	250.759
250.76899999999998	0.9000000000000057	trials	18	s018_F191203	grCe_grSu3Ne	5	45.0	8	251.069	251.367
258.037	0.9000000000000341	trials	18	s018_F191203	grCe	1	0.0	8	258.337	258.635
259.253	0.9000000000000341	trials	18	s018_F191203	grCe_grSu6CiNe	15	0.0	8	259.553	259.852
266.863	0.9000000000000341	trials	18	s018_F191203	grCe_grSu3Ne	5	315.0	8	267.163	267.462
267.472	0.9000000000000341	trials	18	s018_F191203	grCe_grSu6Ne	7	45.0	8	267.772	268.07
268.08	0.9000000000000341	trials	18	s018_F191203	grCe	1	135.0	8	268.38	268.679
280.682	0.9000000000000341	trials	18	s018_F191203	grCe_grSu6CiNe_PS	19	225.0	8	280.982	281.281
281.291	0.9000000000000341	trials	18	s018_F191203	grCe_grSu6Ne	7	315.0	8	281.591	281.889
281.899	0.9000000000000341	trials	18	s018_F191203	grCe_grSu12SmCiNe_PS	21	45.0	8	282.199	282.498
282.51599999999996	0.9000000000000341	trials	18	s018_F191203	grCe_grSu18Fa	11	180.0	8	282.816	283.115
293.36	0.9000000000000341	trials	18	s018_F191203	grSu6CiNe	14		8	293.66	293.958
293.96799999999996	0.9000000000000341	trials	18	s018_F191203	grCe_grSu3Ne	5	90.0	8	294.268	294.567
294.577	0.9000000000000341	trials	18	s018_F191203	grCe_grSu3Ne	5	135.0	8	294.877	295.175
295.185	0.9000000000000341	trials	18	s018_F191203	grCe_grSu12SmCiNe	13	45.0	8	295.485	295.784
302.02799999999996	0.9000000000000341	trials	18	s018_F191203	grCe_grSu1Ne	3	0.0	8	302.328	302.627
302.637	0.9000000000000341	trials	18	s018_F191203	grCe_grSu1Ne	3	45.0	8	302.937	303.235
303.245	0.9000000000000341	trials	18	s018_F191203	grCe_grSu12SmCiNe_PS	21	0.0	8	303.545	303.843
310.613	0.9000000000000341	trials	18	s018_F191203	grCe	1	315.0	8	310.913	311.212
311.221	0.9000000000000341	trials	18	s018_F191203	grCe_grSu6Ne	7	225.0	8	311.521	311.82
311.83799999999997	0.9000000000000341	trials	18	s018_F191203	grCe_grSu18Fa	11	315.0	8	312.138	312.437
312.447	0.9000000000000341	trials	18	s018_F191203	grCe_grSu6Ne	7	90.0	8	312.747	313.045
324.916	0.9000000000000341	trials	18	s018_F191203	grCe_grSu6Ne	7	270.0	8	325.216	325.514
325.524	0.9000000000000341	trials	18	s018_F191203	grCe_grSu12SmCiNe	13	90.0	8	325.824	326.123
326.14099999999996	0.9000000000000341	trials	18	s018_F191203	grCe_grSu18Fa	11	90.0	8	326.441	326.739
336.043	0.9000000000000341	trials	18	s018_F191203	coCe_grSu6Ne	17	315.0	8	336.343	336.641
337.26	0.9000000000000341	trials	18	s018_F191203	grCe_grSu12Mi	9	180.0	8	337.56	337.858
337.86	0.9000000000000341	trials	18	s018_F191203	coCe	16	315.0	8	338.16	338.458
344.90299999999996	0.9000000000000341	trials	18	s018_F191203	grCe_grSu18Fa	11	225.0	8	345.203	345.501
346.128	0.9000000000000341	trials	18	s018_F191203	grCe_grSu18Fa	11	0.0	8	346.428	346.726
346.736	0.9000000000000341	trials	18	s018_F191203	grCe_grSu12Mi	9	90.0	8	347.036	347.335
353.729	0.9000000000000341	trials	18	s018_F191203	grCe_grSu6CiNe	15	135.0	8	354.029	354.328
354.33	0.9000000000000341	trials	18	s018_F191203	grCe	1	90.0	8	354.63	354.928
355.546	0.9000000000000341	trials	18	s018_F191203	coCe_grSu6Ne	17	180.0	8	355.846	356.145
362.123	0.9000000000000341	trials	18	s018_F191203	coSu6Ne	20		8	362.423	362.721
362.731	0.9000000000000341	trials	18	s018_F191203	coCe	16	90.0	8	363.031	363.33
363.34	0.9000000000000341	trials	18	s018_F191203	grCe_grSu12Mi	9	135.0	8	363.64	363.938
363.948	0.9000000000000341	trials	18	s018_F191203	grCe_grSu12SmCiNe_PS	21	225.0	8	364.248	364.546
370.941	0.9000000000000341	trials	18	s018_F191203	grCe_grSu6Ne	7	135.0	8	371.241	371.539
371.549	0.9000000000000341	trials	18	s018_F191203	grCe_grSu12Mi	9	270.0	8	371.849	372.148
372.158	0.9000000000000341	trials	18	s018_F191203	grCe_grSu6CiNe_PS	19	135.0	8	372.458	372.756
384.027	0.9000000000000341	trials	18	s018_F191203	grCe_grSu3Ne	5	180.0	8	384.327	384.625
385.852	0.9000000000000341	trials	18	s018_F191203	grSu12Mi	8		8	386.152	386.451
392.678	0.9000000000000341	trials	18	s018_F191203	grCe_grSu6CiNe	15	225.0	8	392.978	393.277
393.287	0.9000000000000341	trials	18	s018_F191203	grCe_grSu6Ne_PS	18	45.0	8	393.587	393.885
393.895	0.9000000000000341	trials	18	s018_F191203	grCe_grSu1Ne	3	135.0	8	394.195	394.494
401.013	0.9000000000000341	trials	18	s018_F191203	grCe_grSu1Ne	3	90.0	7	401.313	401.612
409.656	0.9000000000000341	trials	18	s018_F191203	grCe_grSu1Ne	3	315.0	7	409.956	410.255
410.265	0.9000000000000341	trials	18	s018_F191203	grCe_grSu6CiNe_PS	19	225.0	7	410.565	410.863
410.873	0.9000000000000341	trials	18	s018_F191203	grCe_grSu6CiNe	15	45.0	7	411.173	411.472
411.48199999999997	0.9000000000000341	trials	18	s018_F191203	grCe_grSu6CiNe	15	180.0	7	411.782	412.08
418.26599999999996	0.9000000000000341	trials	18	s018_F191203	grCe_grSu3Ne	5	90.0	7	418.566	418.865
418.86699999999996	0.9000000000000341	trials	18	s018_F191203	grCe_grSu6Ne_PS	18	0.0	7	419.167	419.465
419.47499999999997	0.9000000000000341	trials	18	s018_F191203	grCe_grSu1Ne	3	135.0	7	419.775	420.073
426.801	0.9000000000000341	trials	18	s018_F191203	grCe_grSu12SmCiNe	13	0.0	7	427.101	427.4
427.40999999999997	0.9000000000000341	trials	18	s018_F191203	grCe_grSu6Ne	7	180.0	7	427.71	428.008
428.027	0.9000000000000341	trials	18	s018_F191203	grCe_grSu18Fa	11	180.0	7	428.327	428.625
428.627	0.9000000000000341	trials	18	s018_F191203	coCe	16	225.0	7	428.927	429.225
435.378	0.9000000000000341	trials	18	s018_F191203	grCe_grSu6CiNe	15	90.0	7	435.678	435.976
438.96999999999997	0.9000000000000341	trials	18	s018_F191203	grCe_grSu6Ne	7	0.0	7	439.27	439.569
439.579	0.9000000000000341	trials	18	s018_F191203	grCe_grSu3Ne	5	225.0	7	439.879	440.177
440.19599999999997	0.9000000000000341	trials	18	s018_F191203	grCe_grSu18Fa	11	0.0	7	440.496	440.794
440.804	0.9000000000000341	trials	18	s018_F191203	grSu18Fa	10		7	441.104	441.402
447.414	0.9000000000000341	trials	18	s018_F191203	coCe_grSu6Ne	17	270.0	7	447.714	448.012
448.022	0.9000000000000341	trials	18	s018_F191203	grCe_grSu12Mi	9	0.0	7	448.322	448.62
449.231	0.9000000000000341	trials	18	s018_F191203	grCe_grSu6Ne_PS	18	270.0	7	449.531	449.829
456.007	0.9000000000000341	trials	18	s018_F191203	grCe_grSu12Mi	9	225.0	7	456.307	456.605
456.615	0.9000000000000341	trials	18	s018_F191203	grCe_grSu6Ne	7	135.0	7	456.915	457.214
457.224	0.9000000000000341	trials	18	s018_F191203	grCe	1	0.0	7	457.524	457.822
457.832	0.9000000000000341	trials	18	s018_F191203	grCe_grSu3Ne	5	270.0	7	458.132	458.431
464.417	0.9000000000000341	trials	18	s018_F191203	grCe_grSu6Ne_PS	18	45.0	7	464.717	465.015
465.025	0.9000000000000341	trials	18	s018_F191203	grCe_grSu6CiNe	15	315.0	7	465.325	465.624
473.352	0.9000000000000341	trials	18	s018_F191203	grCe_grSu6Ne	7	90.0	7	473.652	473.95
473.96799999999996	0.9000000000000341	trials	18	s018_F191203	grCe_grSu18Fa	11	315.0	7	474.268	474.567
474.577	0.9000000000000341	trials	18	s018_F191203	grCe_grSu6Ne_PS	18	180.0	7	474.877	475.175
484.854	0.9000000000000341	trials	18	s018_F191203	grCe_grSu3Ne	5	315.0	7	485.154	485.452
485.462	0.9000000000000341	trials	18	s018_F191203	grCe_grSu3Ne	5	180.0	7	485.762	486.061
486.07099999999997	0.9000000000000341	trials	18	s018_F191203	grCe_grSu1Ne	3	225.0	7	486.371	486.669
494.556	0.9000000000000341	trials	18	s018_F191203	grCe_grSu6CiNe_PS	19	0.0	7	494.856	495.154
495.764	0.9000000000000341	trials	18	s018_F191203	grCe	1	225.0	7	496.064	496.363
502.632	0.9000000000000341	trials	18	s018_F191203	grCe_grSu12SmCiNe_PS	21	45.0	7	502.932	503.231
503.241	0.9000000000000341	trials	18	s018_F191203	coCe_grSu6Ne	17	45.0	7	503.541	503.839
504.449	0.9000000000000341	trials	18	s018_F191203	grCe	1	45.0	7	504.749	505.048
511.11699999999996	0.8999999999999773	trials	18	s018_F191203	grCe_grSu3Ne	5	0.0	7	511.417	511.716
511.72599999999994	0.9000000000000341	trials	18	s018_F191203	grCe_grSu12SmCiNe_PS	21	270.0	7	512.026	512.324
512.3420000000001	0.8999999999999773	trials	18	s018_F191203	grCe_grSu18Fa	11	225.0	7	512.642	512.941
512.951	0.8999999999999773	trials	18	s018_F191203	coCe_grSu6Ne	17	135.0	7	513.251	513.549
519.86	0.8999999999999773	trials	18	s018_F191203	grCe_grSu6CiNe_PS	19	90.0	7	520.16	520.459
520.46	0.8999999999999773	trials	18	s018_F191203	coCe	16	315.0	7	520.76	521.059
521.0690000000001	0.8999999999999773	trials	18	s018_F191203	grCe_grSu12SmCiNe	13	90.0	7	521.369	521.667
528.32	0.8999999999999773	trials	18	s018_F191203	grCe_grSu6Ne	7	270.0	7	528.62	528.919
528.9290000000001	0.8999999999999773	trials	18	s018_F191203	grCe_grSu6Ne	7	45.0	7	529.229	529.527
530.1370000000001	0.8999999999999773	trials	18	s018_F191203	coCe	16	135.0	7	530.437	530.736
536.8720000000001	0.8999999999999773	trials	18	s018_F191203	grCe_grSu3Ne	5	135.0	7	537.172	537.47
538.08	0.8999999999999773	trials	18	s018_F191203	grCe_grSu6Ne_PS	18	315.0	7	538.38	538.679
538.681	0.8999999999999773	trials	18	s018_F191203	grCe	1	135.0	7	538.981	539.279
545.3820000000001	0.8999999999999773	trials	18	s018_F191203	grSu6Ne	6		7	545.682	545.98
545.9820000000001	0.8999999999999773	trials	18	s018_F191203	coCe	16	90.0	7	546.282	546.58
547.1990000000001	0.8999999999999773	trials	18	s018_F191203	grCe_grSu6CiNe_PS	19	45.0	7	547.499	547.797
553.783	0.8999999999999773	trials	18	s018_F191203	grCe_grSu12SmCiNe	13	135.0	7	554.083	554.382
554.392	0.8999999999999773	trials	18	s018_F191203	grCe_grSu12Mi	9	315.0	7	554.692	554.99
555.609	0.8999999999999773	trials	18	s018_F191203	grCe_grSu1Ne	3	270.0	7	555.909	556.207
562.177	0.8999999999999773	trials	18	s018_F191203	grCe	1	180.0	7	562.477	562.775
563.385	0.8999999999999773	trials	18	s018_F191203	coCe	16	270.0	7	563.685	563.984
563.994	0.8999999999999773	trials	18	s018_F191203	grCe_grSu6CiNe	15	135.0	7	564.294	564.592
570.595	0.8999999999999773	trials	18	s018_F191203	grCe_grSu18Fa	11	45.0	7	570.895	571.193
571.195	0.8999999999999773	trials	18	s018_F191203	grCe_grSu6CiNe_PS	19	270.0	7	571.495	571.793
571.803	0.8999999999999773	trials	18	s018_F191203	grCe_grSu6CiNe_PS	19	135.0	7	572.103	572.402
572.412	0.8999999999999773	trials	18	s018_F191203	grSu1Ne	2		7	572.712	573.01
579.1210000000001	0.8999999999999773	trials	18	s018_F191203	grCe_grSu6CiNe	15	225.0	7	579.421	579.72
579.721	0.8999999999999773	trials	18	s018_F191203	NoStim	0		7	580.021	580.32
580.33	0.8999999999999773	trials	18	s018_F191203	coCe_grSu6Ne	17	180.0	7	580.63	580.928
580.9380000000001	0.8999999999999773	trials	18	s018_F191203	grCe_grSu12SmCiNe_PS	21	180.0	7	581.238	581.537
587.706	0.8999999999999773	trials	18	s018_F191203	grCe_grSu18Fa	11	135.0	7	588.006	588.305
588.315	0.8999999999999773	trials	18	s018_F191203	grCe_grSu12SmCiNe	13	315.0	7	588.615	588.913
588.923	0.8999999999999773	trials	18	s018_F191203	grCe_grSu6Ne	7	225.0	7	589.223	589.522
589.532	0.8999999999999773	trials	18	s018_F191203	coCe_grSu6Ne	17	225.0	7	589.832	590.13
595.9910000000001	0.8999999999999773	trials	18	s018_F191203	grCe_grSu12Mi	9	270.0	7	596.291	596.59
597.216	0.8999999999999773	trials	18	s018_F191203	grCe_grSu18Fa	11	270.0	7	597.516	597.815
597.825	0.8999999999999773	trials	18	s018_F191203	coCe_grSu6Ne	17	90.0	7	598.125	598.423
604.609	0.8999999999999773	trials	18	s018_F191203	coCe	16	0.0	7	604.909	605.208
605.2180000000001	0.8999999999999773	trials	18	s018_F191203	grCe_grSu12Mi	9	90.0	7	605.518	605.816
605.826	0.8999999999999773	trials	18	s018_F191203	grSu3Ne	4		7	606.126	606.425
606.426	0.8999999999999773	trials	18	s018_F191203	grCe_grSu6Ne_PS	18	225.0	7	606.726	607.025
613.0780000000001	0.8999999999999773	trials	18	s018_F191203	grCe_grSu1Ne	3	0.0	7	613.378	613.676
613.678	0.8999999999999773	trials	18	s018_F191203	grCe	1	270.0	7	613.978	614.276
614.2950000000001	0.8999999999999773	trials	18	s018_F191203	grCe_grSu18Fa	11	90.0	7	614.595	614.893
618.187	0.8999999999999773	trials	18	s018_F191203	grCe_grSu6Ne_PS	18	90.0	7	618.487	618.785
618.7950000000001	0.8999999999999773	trials	18	s018_F191203	grCe_grSu12SmCiNe_PS	21	315.0	7	619.095	619.394
619.404	0.8999999999999773	trials	18	s018_F191203	grSu12Mi	8		7	619.704	620.002
620.0120000000001	0.8999999999999773	trials	18	s018_F191203	grCe_grSu12Mi	9	180.0	7	620.312	620.611
627.447	0.8999999999999773	trials	18	s018_F191203	grCe_grSu6CiNe_PS	19	315.0	7	627.747	628.046
628.056	0.8999999999999773	trials	18	s018_F191203	grCe_grSu12SmCiNe_PS	21	135.0	7	628.356	628.654
637.332	0.8999999999999773	trials	18	s018_F191203	grCe_grSu12SmCiNe_PS	21	225.0	7	637.632	637.931
637.932	0.8999999999999773	trials	18	s018_F191203	grCe_grSu12SmCiNe_PS	21	90.0	7	638.232	638.531
638.541	0.8999999999999773	trials	18	s018_F191203	grCe_grSu6Ne	7	315.0	7	638.841	639.139
645.2090000000001	0.8999999999999773	trials	18	s018_F191203	grCe_grSu6CiNe	15	0.0	7	645.509	645.807
645.8090000000001	0.8999999999999773	trials	18	s018_F191203	coCe	16	180.0	7	646.109	646.407
647.017	0.8999999999999773	trials	18	s018_F191203	coSu6Ne	20		7	647.317	647.616
654.394	0.8999999999999773	trials	18	s018_F191203	grCe_grSu6CiNe_PS	19	180.0	7	654.694	654.992
655.0020000000001	0.8999999999999773	trials	18	s018_F191203	coCe_grSu6Ne	17	315.0	7	655.302	655.601
655.611	0.8999999999999773	trials	18	s018_F191203	grSu6CiNe	14		7	655.911	656.209
656.219	0.8999999999999773	trials	18	s018_F191203	grCe_grSu12SmCiNe_PS	21	0.0	7	656.519	656.818
662.82	0.8999999999999773	trials	18	s018_F191203	coCe	16	45.0	7	663.12	663.419
663.4290000000001	0.8999999999999773	trials	18	s018_F191203	grCe_grSu1Ne	3	180.0	7	663.729	664.027
664.037	0.8999999999999773	trials	18	s018_F191203	grCe_grSu12SmCiNe	13	45.0	7	664.337	664.636
664.6460000000001	0.8999999999999773	trials	18	s018_F191203	coCe_grSu6Ne	17	0.0	7	664.946	665.244
671.464	0.8999999999999773	trials	18	s018_F191203	grCe	1	315.0	7	671.764	672.062
672.072	0.8999999999999773	trials	18	s018_F191203	grCe_grSu12SmCiNe	13	225.0	7	672.372	672.671
673.2890000000001	0.8999999999999773	trials	18	s018_F191203	grCe_grSu12Mi	9	135.0	7	673.589	673.887
680.6070000000001	0.8999999999999773	trials	18	s018_F191203	grSu12SmCiNe	12		7	680.907	681.205
681.8240000000001	0.8999999999999773	trials	18	s018_F191203	grCe_grSu12Mi	9	45.0	7	682.124	682.422
682.432	0.8999999999999773	trials	18	s018_F191203	grCe_grSu6CiNe	15	270.0	7	682.732	683.031
689.042	0.8999999999999773	trials	18	s018_F191203	grCe_grSu12SmCiNe	13	180.0	7	689.342	689.64
689.6500000000001	0.8999999999999773	trials	18	s018_F191203	grCe_grSu1Ne	3	45.0	7	689.95	690.249
690.259	0.8999999999999773	trials	18	s018_F191203	grCe_grSu3Ne	5	45.0	7	690.559	690.857
690.8670000000001	0.8999999999999773	trials	18	s018_F191203	grCe	1	90.0	7	691.167	691.466
697.6020000000001	0.8999999999999773	trials	18	s018_F191203	grCe_grSu6Ne_PS	18	135.0	7	697.902	698.2
698.21	0.8999999999999773	trials	18	s018_F191203	grCe_grSu12SmCiNe	13	270.0	7	698.51	698.809
698.8100000000001	0.8999999999999773	trials	18	s018_F191203	coCe	16	0.0	0	699.11	699.409
699.427	0.8999999999999773	trials	18	s018_F191203	grCe_grSu18Fa	11	135.0	0	699.727	700.026
706.087	0.8999999999999773	trials	18	s018_F191203	grCe_grSu6CiNe_PS	19	90.0	0	706.387	706.685
706.687	0.8999999999999773	trials	18	s018_F191203	grCe_grSu12SmCiNe_PS	21	270.0	0	706.987	707.285
707.2950000000001	0.8999999999999773	trials	18	s018_F191203	grCe_grSu12SmCiNe	13	135.0	0	707.595	707.894
714.522	0.8999999999999773	trials	18	s018_F191203	grCe_grSu18Fa	11	315.0	0	714.822	715.12
718.397	0.8999999999999773	trials	18	s018_F191203	grCe_grSu12Mi	9	45.0	0	718.697	718.996
719.0060000000001	0.8999999999999773	trials	18	s018_F191203	grCe_grSu6CiNe	15	0.0	0	719.306	719.604
719.614	0.8999999999999773	trials	18	s018_F191203	grCe_grSu12SmCiNe	13	0.0	0	719.914	720.213
720.2230000000001	0.8999999999999773	trials	18	s018_F191203	grCe_grSu12SmCiNe_PS	21	135.0	0	720.523	720.821
727.441	0.8999999999999773	trials	18	s018_F191203	grSu12SmCiNe	12		0	727.741	728.039
728.649	0.8999999999999773	trials	18	s018_F191203	grSu1Ne	2		0	728.949	729.248
735.259	0.8999999999999773	trials	18	s018_F191203	grCe_grSu6Ne_PS	18	225.0	0	735.559	735.857
735.8670000000001	0.8999999999999773	trials	18	s018_F191203	grCe_grSu6CiNe_PS	19	0.0	0	736.167	736.466
736.476	0.8999999999999773	trials	18	s018_F191203	grCe_grSu6CiNe	15	225.0	0	736.776	737.074
737.0840000000001	0.8999999999999773	trials	18	s018_F191203	grCe_grSu12Mi	9	90.0	0	737.384	737.683
743.76	0.8999999999999773	trials	18	s018_F191203	grCe_grSu6Ne	7	90.0	0	744.06	744.359
744.9770000000001	0.8999999999999773	trials	18	s018_F191203	grCe_grSu12SmCiNe_PS	21	0.0	0	745.277	745.576
745.586	0.8999999999999773	trials	18	s018_F191203	grSu3Ne	4		0	745.886	746.184
752.22	0.8999999999999773	trials	18	s018_F191203	coCe	16	270.0	0	752.52	752.819
752.8290000000001	0.8999999999999773	trials	18	s018_F191203	grCe_grSu6CiNe_PS	19	45.0	0	753.129	753.427
753.4290000000001	0.8999999999999773	trials	18	s018_F191203	grCe	1	180.0	0	753.729	754.027
754.029	0.8999999999999773	trials	18	s018_F191203	coCe	16	135.0	0	754.329	754.627
760.6550000000001	0.8999999999999773	trials	18	s018_F191203	coCe_grSu6Ne	17	135.0	0	760.955	761.254
761.264	0.8999999999999773	trials	18	s018_F191203	grCe_grSu6CiNe	15	180.0	0	761.564	761.862
761.8720000000001	0.8999999999999773	trials	18	s018_F191203	grCe_grSu3Ne	5	180.0	0	762.172	762.471
762.4720000000001	0.8999999999999773	trials	18	s018_F191203	grCe_grSu6Ne_PS	18	180.0	0	762.772	763.071
768.932	0.8999999999999773	trials	18	s018_F191203	grCe_grSu12SmCiNe	13	225.0	0	769.232	769.53
769.5400000000001	0.8999999999999773	trials	18	s018_F191203	grSu6CiNe	14		0	769.84	770.139
770.149	0.8999999999999773	trials	18	s018_F191203	grCe_grSu1Ne	3	180.0	0	770.449	770.747
770.7570000000001	0.8999999999999773	trials	18	s018_F191203	grCe_grSu6CiNe	15	270.0	0	771.057	771.356
778.692	0.8999999999999773	trials	18	s018_F191203	grCe_grSu6CiNe_PS	19	315.0	0	778.992	779.29
786.402	0.8999999999999773	trials	18	s018_F191203	grCe_grSu3Ne	5	90.0	0	786.702	787.0
787.619	0.8999999999999773	trials	18	s018_F191203	grCe_grSu1Ne	3	225.0	0	787.919	788.217
788.219	0.8999999999999773	trials	18	s018_F191203	grCe	1	225.0	0	788.519	788.817
803.0880000000001	0.8999999999999773	trials	18	s018_F191203	coCe_grSu6Ne	17	0.0	0	803.388	803.687
803.6880000000001	0.8999999999999773	trials	18	s018_F191203	grCe_grSu6Ne_PS	18	135.0	0	803.988	804.287
804.288	0.8999999999999773	trials	18	s018_F191203	grCe	1	135.0	0	804.588	804.887
811.898	0.8999999999999773	trials	18	s018_F191203	grCe_grSu12SmCiNe_PS	21	45.0	0	812.198	812.497
812.5070000000001	0.8999999999999773	trials	18	s018_F191203	coCe_grSu6Ne	17	270.0	0	812.807	813.105
843.7710000000001	0.8999999999999773	trials	18	s018_F191203	coCe	16	90.0	0	844.071	844.369
844.379	0.8999999999999773	trials	18	s018_F191203	grCe_grSu1Ne	3	135.0	0	844.679	844.978
845.596	0.8999999999999773	trials	18	s018_F191203	coCe_grSu6Ne	17	180.0	0	845.896	846.194
852.431	0.8999999999999773	trials	18	s018_F191203	coCe	16	315.0	0	852.731	853.029
853.0390000000001	0.8999999999999773	trials	18	s018_F191203	grCe_grSu6CiNe	15	90.0	0	853.339	853.638
853.639	0.8999999999999773	trials	18	s018_F191203	grCe	1	270.0	0	853.939	854.238
859.0490000000001	0.8999999999999773	trials	18	s018_F191203	grCe_grSu12Mi	9	0.0	0	859.349	859.647
859.657	0.8999999999999773	trials	18	s018_F191203	coCe_grSu6Ne	17	315.0	0	859.957	860.255
868.784	0.8999999999999773	trials	18	s018_F191203	grSu12Mi	8		0	869.084	869.382
869.392	0.8999999999999773	trials	18	s018_F191203	grCe_grSu6CiNe	15	135.0	0	869.692	869.991
877.3520000000001	0.8999999999999773	trials	18	s018_F191203	grCe_grSu12Mi	9	180.0	0	877.652	877.95
878.5690000000001	0.8999999999999773	trials	18	s018_F191203	grCe_grSu12SmCiNe	13	315.0	0	878.869	879.167
879.177	0.8999999999999773	trials	18	s018_F191203	grCe_grSu12Mi	9	135.0	0	879.477	879.776
886.695	0.8999999999999773	trials	18	s018_F191203	coSu6Ne	20		0	886.995	887.294
887.3040000000001	0.8999999999999773	trials	18	s018_F191203	coCe	16	45.0	0	887.604	887.902
887.912	0.8999999999999773	trials	18	s018_F191203	grCe_grSu12SmCiNe	13	90.0	0	888.212	888.511
895.955	0.8999999999999773	trials	18	s018_F191203	grCe_grSu1Ne	3	0.0	0	896.255	896.554
896.5640000000001	0.8999999999999773	trials	18	s018_F191203	grCe_grSu12Mi	9	225.0	0	896.864	897.162
897.172	0.8999999999999773	trials	18	s018_F191203	grCe_grSu6Ne_PS	18	0.0	0	897.472	897.771
897.7810000000001	0.8999999999999773	trials	18	s018_F191203	grCe_grSu6Ne	7	315.0	0	898.081	898.379
904.774	0.8999999999999773	trials	18	s018_F191203	grCe_grSu6Ne	7	180.0	0	905.074	905.372
905.374	0.8999999999999773	trials	18	s018_F191203	coCe	16	180.0	0	905.674	905.972
905.9910000000001	0.8999999999999773	trials	18	s018_F191203	grCe_grSu18Fa	11	45.0	0	906.291	906.589
906.599	0.8999999999999773	trials	18	s018_F191203	grSu18Fa	10		0	906.899	907.198
914.6840000000001	0.8999999999999773	trials	18	s018_F191203	grCe_grSu1Ne	3	270.0	0	914.984	915.282
915.292	0.8999999999999773	trials	18	s018_F191203	grCe_grSu3Ne	5	315.0	0	915.592	915.891
922.394	0.8999999999999773	trials	18	s018_F191203	grCe_grSu6CiNe	15	45.0	0	922.694	922.992
923.0020000000001	0.8999999999999773	trials	18	s018_F191203	grCe_grSu6Ne_PS	18	90.0	0	923.302	923.601
923.6020000000001	0.8999999999999773	trials	18	s018_F191203	coCe	16	225.0	0	923.902	924.201
931.5540000000001	0.8999999999999773	trials	18	s018_F191203	grCe_grSu18Fa	11	270.0	0	931.854	932.152
932.1700000000001	0.8999999999999773	trials	18	s018_F191203	grCe_grSu18Fa	11	0.0	0	932.47	932.769
932.779	0.8999999999999773	trials	18	s018_F191203	grCe_grSu12SmCiNe_PS	21	315.0	0	933.079	933.377
933.3870000000001	0.8999999999999773	trials	18	s018_F191203	grCe_grSu3Ne	5	225.0	0	933.687	933.986
940.4390000000001	0.8999999999999773	trials	18	s018_F191203	grCe_grSu18Fa	11	225.0	0	940.739	941.037
941.047	0.8999999999999773	trials	18	s018_F191203	grCe_grSu3Ne	5	135.0	0	941.347	941.646
942.264	0.8999999999999773	trials	18	s018_F191203	grCe_grSu1Ne	3	90.0	0	942.564	942.862
950.207	0.8999999999999773	trials	18	s018_F191203	grCe_grSu6Ne	7	270.0	0	950.507	950.806
950.816	0.8999999999999773	trials	18	s018_F191203	grCe_grSu3Ne	5	270.0	0	951.116	951.414
951.4240000000001	0.8999999999999773	trials	18	s018_F191203	grCe_grSu6Ne	7	135.0	0	951.724	952.023
958.442	0.8999999999999773	trials	18	s018_F191203	grCe_grSu12SmCiNe	13	45.0	0	958.742	959.04
959.0500000000001	0.8999999999999773	trials	18	s018_F191203	grCe_grSu3Ne	5	0.0	0	959.35	959.649
959.659	0.8999999999999773	trials	18	s018_F191203	grCe_grSu12SmCiNe_PS	21	90.0	0	959.959	960.257
960.267	0.8999999999999773	trials	18	s018_F191203	grCe_grSu12SmCiNe	13	270.0	0	960.567	960.866
984.9720000000001	0.8999999999999773	trials	18	s018_F191203	grCe	1	315.0	0	985.272	985.57
985.572	0.8999999999999773	trials	18	s018_F191203	grCe	1	90.0	0	985.872	986.171
986.172	0.8999999999999773	trials	18	s018_F191203	NoStim	0		0	986.472	986.771
986.7810000000001	0.8999999999999773	trials	18	s018_F191203	grCe_grSu6Ne_PS	18	315.0	0	987.081	987.379
1006.051	0.8999999999999773	trials	18	s018_F191203	coCe_grSu6Ne	17	45.0	0	1006.351	1006.649
1006.659	0.8999999999999773	trials	18	s018_F191203	grCe_grSu6CiNe_PS	19	180.0	0	1006.959	1007.258
1007.268	0.8999999999999773	trials	18	s018_F191203	grSu6Ne	6		0	1007.568	1007.866
1007.8760000000001	0.8999999999999773	trials	18	s018_F191203	coCe_grSu6Ne	17	225.0	0	1008.176	1008.475
1015.394	0.8999999999999773	trials	18	s018_F191203	grCe_grSu6Ne	7	225.0	0	1015.694	1015.993
1016.62	0.8999999999999773	trials	18	s018_F191203	grCe_grSu18Fa	11	90.0	0	1016.92	1017.218
1017.2280000000001	0.8999999999999773	trials	18	s018_F191203	grCe_grSu12Mi	9	270.0	0	1017.528	1017.826
1029.372	0.8999999999998636	trials	18	s018_F191203	grCe_grSu12SmCiNe	13	180.0	0	1029.672	1029.97
1029.98	0.8999999999998636	trials	18	s018_F191203	grCe_grSu12Mi	9	315.0	0	1030.28	1030.579
1030.589	0.8999999999998636	trials	18	s018_F191203	grCe_grSu1Ne	3	315.0	0	1030.889	1031.187
1037.857	0.8999999999998636	trials	18	s018_F191203	grCe_grSu6Ne	7	45.0	0	1038.157	1038.455
1038.4650000000001	0.8999999999998636	trials	18	s018_F191203	grCe	1	0.0	0	1038.765	1039.064
1039.082	0.8999999999998636	trials	18	s018_F191203	grCe_grSu18Fa	11	180.0	0	1039.382	1039.68
1046.6670000000001	0.8999999999998636	trials	18	s018_F191203	coCe_grSu6Ne	17	90.0	0	1046.967	1047.265
1047.275	0.8999999999998636	trials	18	s018_F191203	grCe_grSu6Ne_PS	18	45.0	0	1047.575	1047.874
1047.875	0.8999999999998636	trials	18	s018_F191203	grCe_grSu12SmCiNe_PS	21	225.0	0	1048.175	1048.474
1048.4840000000002	0.8999999999998636	trials	18	s018_F191203	grCe_grSu6Ne	7	0.0	0	1048.784	1049.082
1055.468	0.8999999999998636	trials	18	s018_F191203	grCe	1	45.0	0	1055.768	1056.067
1056.077	0.8999999999998636	trials	18	s018_F191203	grCe_grSu1Ne	3	45.0	0	1056.377	1056.675
1056.685	0.8999999999998636	trials	18	s018_F191203	grCe_grSu12SmCiNe_PS	21	180.0	0	1056.985	1057.284
1057.294	0.8999999999998636	trials	18	s018_F191203	grCe_grSu3Ne	5	45.0	0	1057.594	1057.892
1064.7530000000002	0.8999999999998636	trials	18	s018_F191203	grCe_grSu6CiNe	15	315.0	0	1065.053	1065.352
1065.354	0.8999999999998636	trials	18	s018_F191203	grCe_grSu6CiNe_PS	19	270.0	0	1065.654	1065.952
1065.962	0.8999999999998636	trials	18	s018_F191203	grCe_grSu6CiNe_PS	19	225.0	0	1066.262	1066.56
1066.5620000000001	0.8999999999998636	trials	18	s018_F191203	grCe_grSu6CiNe_PS	19	135.0	0	1066.862	1067.161
1076.5140000000001	0.8999999999998636	trials	18	s018_F191203	grCe_grSu6Ne_PS	18	270.0	0	1076.814	1077.112
1077.122	0.8999999999998636	trials	18	s018_F191203	grCe_grSu12SmCiNe_PS	21	135.0	9	1077.422	1077.721
1077.731	0.8999999999998636	trials	18	s018_F191203	grCe_grSu6Ne_PS	18	315.0	9	1078.031	1078.329
1078.3310000000001	0.8999999999998636	trials	18	s018_F191203	coCe	16	180.0	9	1078.631	1078.929
1084.9660000000001	0.8999999999998636	trials	18	s018_F191203	grCe_grSu3Ne	5	270.0	9	1085.266	1085.564
1085.574	0.8999999999998636	trials	18	s018_F191203	grCe_grSu12SmCiNe	13	45.0	9	1085.874	1086.172
1086.174	0.8999999999998636	trials	18	s018_F191203	grCe	1	270.0	9	1086.474	1086.773
1086.7830000000001	0.8999999999998636	trials	18	s018_F191203	grCe_grSu1Ne	3	270.0	9	1087.083	1087.381
1093.425	0.8999999999998636	trials	18	s018_F191203	grSu18Fa	10		9	1093.725	1094.024
1094.034	0.8999999999998636	trials	18	s018_F191203	grCe_grSu3Ne	5	45.0	9	1094.334	1094.632
1094.642	0.8999999999998636	trials	18	s018_F191203	grCe_grSu6Ne	7	135.0	9	1094.942	1095.241
1095.251	0.8999999999998636	trials	18	s018_F191203	grCe_grSu6CiNe_PS	19	0.0	9	1095.551	1095.849
1102.611	0.8999999999998636	trials	18	s018_F191203	grCe_grSu6CiNe	15	0.0	9	1102.911	1103.209
1103.819	0.8999999999998636	trials	18	s018_F191203	coCe_grSu6Ne	17	180.0	9	1104.119	1104.418
1112.021	0.8999999999998636	trials	18	s018_F191203	grCe_grSu12SmCiNe_PS	21	45.0	9	1112.321	1112.619
1121.147	0.8999999999998636	trials	18	s018_F191203	grCe_grSu12Mi	9	180.0	9	1121.447	1121.746
1121.756	0.8999999999998636	trials	18	s018_F191203	grCe_grSu1Ne	3	0.0	9	1122.056	1122.354
1122.364	0.8999999999998636	trials	18	s018_F191203	grSu12SmCiNe	12		9	1122.664	1122.963
1128.89	0.8999999999998636	trials	18	s018_F191203	coCe	16	135.0	9	1129.19	1129.489
1129.499	0.8999999999998636	trials	18	s018_F191203	grCe_grSu6CiNe	15	45.0	9	1129.799	1130.097
1130.107	0.8999999999998636	trials	18	s018_F191203	grCe_grSu6Ne	7	225.0	9	1130.407	1130.706
1130.7160000000001	0.8999999999998636	trials	18	s018_F191203	grCe_grSu6CiNe_PS	19	45.0	9	1131.016	1131.314
1138.9840000000002	0.8999999999998636	trials	18	s018_F191203	grCe	1	315.0	9	1139.284	1139.582
1139.592	0.8999999999998636	trials	18	s018_F191203	grCe_grSu6CiNe	15	90.0	9	1139.892	1140.191
1140.809	0.8999999999998636	trials	18	s018_F191203	grCe_grSu6Ne_PS	18	270.0	9	1141.109	1141.408
1147.844	0.8999999999998636	trials	18	s018_F191203	grCe_grSu3Ne	5	225.0	9	1148.144	1148.442
1148.452	0.8999999999998636	trials	18	s018_F191203	grCe_grSu6Ne	7	45.0	9	1148.752	1149.051
1149.0520000000001	0.8999999999998636	trials	18	s018_F191203	NoStim	0		9	1149.352	1149.651
1157.521	0.8999999999998636	trials	18	s018_F191203	grCe_grSu6Ne	7	180.0	9	1157.821	1158.119
1158.1290000000001	0.8999999999998636	trials	18	s018_F191203	grCe_grSu6CiNe	15	135.0	9	1158.429	1158.728
1165.681	0.8999999999998636	trials	18	s018_F191203	grCe_grSu12SmCiNe	13	90.0	9	1165.981	1166.279
1166.289	0.8999999999998636	trials	18	s018_F191203	grCe_grSu12Mi	9	0.0	9	1166.589	1166.887
1166.897	0.8999999999998636	trials	18	s018_F191203	grCe_grSu3Ne	5	0.0	9	1167.197	1167.496
1167.506	0.8999999999998636	trials	18	s018_F191203	grCe_grSu12SmCiNe	13	270.0	9	1167.806	1168.104
1180.9080000000001	0.8999999999998636	trials	18	s018_F191203	grCe_grSu12SmCiNe_PS	21	270.0	9	1181.208	1181.507
1181.517	0.8999999999998636	trials	18	s018_F191203	grCe_grSu12Mi	9	225.0	9	1181.817	1182.115
1182.125	0.8999999999998636	trials	18	s018_F191203	grCe_grSu6Ne	7	90.0	9	1182.425	1182.724
1298.855	0.8999999999998636	trials	18	s018_F191203	grCe_grSu12SmCiNe_PS	21	90.0	9	1299.155	1299.454
1299.464	0.8999999999998636	trials	18	s018_F191203	grCe_grSu12Mi	9	270.0	9	1299.764	1300.062
1300.672	0.8999999999998636	trials	18	s018_F191203	grCe_grSu12Mi	9	90.0	9	1300.972	1301.271
1311.916	0.8999999999998636	trials	18	s018_F191203	grCe_grSu12SmCiNe_PS	21	315.0	9	1312.216	1312.515
1312.5330000000001	0.8999999999998636	trials	18	s018_F191203	grCe_grSu18Fa	11	270.0	9	1312.833	1313.131
1313.141	0.8999999999998636	trials	18	s018_F191203	grCe_grSu12SmCiNe_PS	21	180.0	9	1313.441	1313.74
1322.0510000000002	0.8999999999998636	trials	18	s018_F191203	coCe	16	225.0	9	1322.351	1322.65
1323.277	0.8999999999998636	trials	18	s018_F191203	grCe_grSu18Fa	11	315.0	9	1323.577	1323.875
1323.885	0.8999999999998636	trials	18	s018_F191203	grCe_grSu6CiNe	15	270.0	9	1324.185	1324.484
1336.3790000000001	0.8999999999998636	trials	18	s018_F191203	grSu6Ne	6		9	1336.679	1336.977
1336.987	0.8999999999998636	trials	18	s018_F191203	grCe_grSu1Ne	3	315.0	9	1337.287	1337.586
1338.1960000000001	0.8999999999998636	trials	18	s018_F191203	grCe	1	180.0	9	1338.496	1338.795
1346.164	0.8999999999998636	trials	18	s018_F191203	grCe_grSu12SmCiNe	13	225.0	9	1346.464	1346.763
1346.7640000000001	0.8999999999998636	trials	18	s018_F191203	grCe	1	135.0	9	1347.064	1347.363
1347.373	0.8999999999998636	trials	18	s018_F191203	coCe_grSu6Ne	17	315.0	9	1347.673	1347.971
1347.981	0.8999999999998636	trials	18	s018_F191203	grCe_grSu3Ne	5	90.0	9	1348.281	1348.58
1365.143	0.8999999999998636	trials	18	s018_F191203	grCe_grSu12SmCiNe_PS	21	225.0	9	1365.443	1365.741
1369.602	0.8999999999998636	trials	18	s018_F191203	grCe_grSu6CiNe_PS	19	90.0	9	1369.902	1370.2
1370.219	0.8999999999998636	trials	18	s018_F191203	grCe_grSu18Fa	11	225.0	9	1370.519	1370.817
1370.827	0.8999999999998636	trials	18	s018_F191203	grSu3Ne	4		9	1371.127	1371.426
1377.678	0.8999999999998636	trials	18	s018_F191203	grCe	1	90.0	9	1377.978	1378.277
1378.295	0.8999999999998636	trials	18	s018_F191203	grCe_grSu18Fa	11	90.0	9	1378.595	1378.894
1378.904	0.8999999999998636	trials	18	s018_F191203	grCe_grSu6Ne_PS	18	0.0	9	1379.204	1379.502
1382.804	0.8999999999998636	trials	18	s018_F191203	grCe_grSu12SmCiNe	13	180.0	9	1383.104	1383.403
1383.413	0.8999999999998636	trials	18	s018_F191203	grCe_grSu12SmCiNe_PS	21	0.0	9	1383.713	1384.011
1384.021	0.8999999999998636	trials	18	s018_F191203	grCe_grSu6CiNe	15	315.0	9	1384.321	1384.62
1384.63	0.8999999999998636	trials	18	s018_F191203	grCe_grSu6CiNe	15	225.0	9	1384.93	1385.228
1392.464	0.8999999999998636	trials	18	s018_F191203	grCe_grSu6Ne_PS	18	90.0	9	1392.764	1393.063
1393.073	0.8999999999998636	trials	18	s018_F191203	grCe_grSu6Ne_PS	18	45.0	9	1393.373	1393.671
1393.69	0.8999999999998636	trials	18	s018_F191203	grCe_grSu18Fa	11	180.0	9	1393.99	1394.288
1394.306	0.8999999999998636	trials	18	s018_F191203	grCe_grSu18Fa	11	0.0	9	1394.606	1394.905
1400.949	0.8999999999998636	trials	18	s018_F191203	grCe	1	225.0	9	1401.249	1401.548
1401.558	0.8999999999998636	trials	18	s018_F191203	grCe_grSu1Ne	3	90.0	9	1401.858	1402.156
1402.775	0.8999999999998636	trials	18	s018_F191203	grCe_grSu12SmCiNe	13	0.0	9	1403.075	1403.373
1409.451	0.8999999999998636	trials	18	s018_F191203	grCe_grSu6Ne_PS	18	135.0	9	1409.751	1410.049
1410.0510000000002	0.8999999999998636	trials	18	s018_F191203	coCe	16	0.0	9	1410.351	1410.65
1410.66	0.8999999999998636	trials	18	s018_F191203	grCe_grSu6CiNe_PS	19	135.0	9	1410.96	1411.258
1411.268	0.8999999999998636	trials	18	s018_F191203	coCe	16	45.0	9	1411.568	1411.866
1417.894	0.8999999999998636	trials	18	s018_F191203	grCe_grSu6CiNe_PS	19	180.0	9	1418.194	1418.493
1418.5030000000002	0.8999999999998636	trials	18	s018_F191203	grSu12Mi	8		9	1418.803	1419.101
1419.103	0.8999999999998636	trials	18	s018_F191203	grCe	1	0.0	9	1419.403	1419.701
1419.711	0.8999999999998636	trials	18	s018_F191203	grCe_grSu12Mi	9	45.0	9	1420.011	1420.31
1426.429	0.8999999999998636	trials	18	s018_F191203	grCe_grSu6CiNe_PS	19	225.0	9	1426.729	1427.028
1427.029	0.8999999999998636	trials	18	s018_F191203	grCe	1	45.0	9	1427.329	1427.628
1428.2540000000001	0.8999999999998636	trials	18	s018_F191203	grCe_grSu18Fa	11	135.0	9	1428.554	1428.853
1434.9470000000001	0.8999999999998636	trials	18	s018_F191203	grCe_grSu6Ne_PS	18	180.0	9	1435.247	1435.546
1435.556	0.8999999999998636	trials	18	s018_F191203	coCe_grSu6Ne	17	135.0	9	1435.856	1436.154
1436.164	0.8999999999998636	trials	18	s018_F191203	grCe_grSu3Ne	5	315.0	9	1436.464	1436.763
1443.816	0.8999999999998636	trials	18	s018_F191203	coCe_grSu6Ne	17	90.0	9	1444.116	1444.414
1444.424	0.8999999999998636	trials	18	s018_F191203	grCe_grSu12Mi	9	315.0	9	1444.724	1445.023
1445.0330000000001	0.8999999999998636	trials	18	s018_F191203	grSu1Ne	2		9	1445.333	1445.631
1445.633	0.8999999999998636	trials	18	s018_F191203	coCe	16	315.0	9	1445.933	1446.231
1452.326	0.8999999999998636	trials	18	s018_F191203	coCe_grSu6Ne	17	225.0	9	1452.626	1452.924
1452.934	0.8999999999998636	trials	18	s018_F191203	grCe_grSu12Mi	9	135.0	9	1453.234	1453.533
1453.5420000000001	0.8999999999998636	trials	18	s018_F191203	coCe_grSu6Ne	17	45.0	9	1453.842	1454.141
1461.011	0.8999999999998636	trials	18	s018_F191203	coCe	16	270.0	9	1461.311	1461.609
1461.6190000000001	0.8999999999998636	trials	18	s018_F191203	grCe_grSu6Ne	7	315.0	9	1461.919	1462.217
1462.227	0.8999999999998636	trials	18	s018_F191203	grCe_grSu1Ne	3	225.0	9	1462.527	1462.826
1462.836	0.8999999999998636	trials	18	s018_F191203	grCe_grSu12SmCiNe	13	315.0	9	1463.136	1463.434
1469.654	0.8999999999998636	trials	18	s018_F191203	grCe_grSu6CiNe	15	180.0	9	1469.954	1470.252
1470.262	0.8999999999998636	trials	18	s018_F191203	coSu6Ne	20		9	1470.562	1470.861
1471.471	0.8999999999998636	trials	18	s018_F191203	grCe_grSu3Ne	5	135.0	9	1471.771	1472.069
1478.0800000000002	0.8999999999998636	trials	18	s018_F191203	grCe_grSu6Ne	7	270.0	9	1478.38	1478.679
1478.689	0.8999999999998636	trials	18	s018_F191203	grCe_grSu1Ne	3	180.0	9	1478.989	1479.287
1479.297	0.8999999999998636	trials	18	s018_F191203	coCe_grSu6Ne	17	270.0	9	1479.597	1479.896
1486.7150000000001	0.8999999999998636	trials	18	s018_F191203	grCe_grSu18Fa	11	45.0	9	1487.015	1487.314
1487.324	0.8999999999998636	trials	18	s018_F191203	coCe_grSu6Ne	17	0.0	9	1487.624	1487.922
1487.932	0.8999999999998636	trials	18	s018_F191203	grCe_grSu6CiNe_PS	19	315.0	9	1488.232	1488.531
1488.541	0.8999999999998636	trials	18	s018_F191203	coCe	16	90.0	9	1488.841	1489.139
1507.361	0.8999999999998636	trials	18	s018_F191203	grCe_grSu6Ne_PS	18	225.0	9	1507.661	1507.959
1507.969	0.8999999999998636	trials	18	s018_F191203	grCe_grSu1Ne	3	135.0	9	1508.269	1508.568
1509.1860000000001	0.8999999999998636	trials	18	s018_F191203	grCe_grSu1Ne	3	45.0	9	1509.486	1509.785
1517.054	0.8999999999998636	trials	18	s018_F191203	grCe_grSu6CiNe_PS	19	270.0	9	1517.354	1517.653
1517.663	0.8999999999998636	trials	18	s018_F191203	grCe_grSu3Ne	5	180.0	9	1517.963	1518.261
1528.49	0.8999999999998636	trials	18	s018_F191203	grSu6CiNe	14		9	1528.79	1529.088
1529.098	0.8999999999998636	trials	18	s018_F191203	grCe_grSu12SmCiNe	13	135.0	9	1529.398	1529.697
1529.707	0.8999999999998636	trials	18	s018_F191203	grCe_grSu6Ne	7	0.0	9	1530.007	1530.305
1530.307	0.8999999999998636	trials	18	s018_F191203	grCe	1	90.0	6	1530.607	1530.905
1537.191	0.8999999999998636	trials	18	s018_F191203	grCe_grSu3Ne	5	315.0	6	1537.491	1537.79
1537.791	0.8999999999998636	trials	18	s018_F191203	coCe	16	315.0	6	1538.091	1538.39
1538.4	0.8999999999998636	trials	18	s018_F191203	grCe_grSu6CiNe_PS	19	45.0	6	1538.7	1538.998
1539.008	0.8999999999998636	trials	18	s018_F191203	grCe_grSu3Ne	5	225.0	6	1539.308	1539.607
1554.778	0.8999999999998636	trials	18	s018_F191203	grSu12SmCiNe	12		6	1555.078	1555.376
1555.386	0.8999999999998636	trials	18	s018_F191203	grCe_grSu6CiNe_PS	19	180.0	6	1555.686	1555.985
1556.603	0.8999999999998636	trials	18	s018_F191203	grCe_grSu6Ne	7	135.0	6	1556.903	1557.202
1563.2630000000001	0.8999999999998636	trials	18	s018_F191203	grCe_grSu6Ne	7	90.0	6	1563.563	1563.861
1563.88	0.8999999999998636	trials	18	s018_F191203	grCe_grSu18Fa	11	90.0	6	1564.18	1564.478
1564.488	0.8999999999998636	trials	18	s018_F191203	grCe_grSu3Ne	5	90.0	6	1564.788	1565.087
1565.097	0.8999999999998636	trials	18	s018_F191203	grCe_grSu1Ne	3	45.0	6	1565.397	1565.695
1572.431	0.8999999999998636	trials	18	s018_F191203	grCe_grSu3Ne	5	0.0	6	1572.731	1573.03
1573.04	0.8999999999998636	trials	18	s018_F191203	grCe_grSu6Ne_PS	18	180.0	6	1573.34	1573.638
1573.6480000000001	0.8999999999998636	trials	18	s018_F191203	grCe_grSu6CiNe_PS	19	270.0	6	1573.948	1574.247
1580.4080000000001	0.8999999999998636	trials	18	s018_F191203	grCe	1	180.0	6	1580.708	1581.006
1581.025	0.8999999999998636	trials	18	s018_F191203	grCe_grSu18Fa	11	0.0	6	1581.325	1581.623
1581.633	0.8999999999998636	trials	18	s018_F191203	grCe_grSu6Ne_PS	18	135.0	6	1581.933	1582.231
1582.233	0.8999999999998636	trials	18	s018_F191203	grCe	1	225.0	6	1582.533	1582.832
1589.0510000000002	0.8999999999998636	trials	18	s018_F191203	grCe_grSu6CiNe	15	135.0	6	1589.351	1589.649
1589.659	0.8999999999998636	trials	18	s018_F191203	grCe_grSu6CiNe	15	270.0	6	1589.959	1590.258
1590.268	0.8999999999998636	trials	18	s018_F191203	grCe_grSu12Mi	9	180.0	6	1590.568	1590.866
1597.569	0.8999999999998636	trials	18	s018_F191203	coCe	16	135.0	6	1597.869	1598.168
1598.786	0.8999999999998636	trials	18	s018_F191203	grCe_grSu3Ne	5	45.0	6	1599.086	1599.385
1599.395	0.8999999999998636	trials	18	s018_F191203	grCe_grSu12SmCiNe	13	315.0	6	1599.695	1599.993
1607.404	0.8999999999998636	trials	18	s018_F191203	grCe_grSu6CiNe_PS	19	0.0	6	1607.704	1608.003
1608.0130000000001	0.8999999999998636	trials	18	s018_F191203	grCe_grSu6CiNe_PS	19	225.0	6	1608.313	1608.611
1608.621	0.8999999999998636	trials	18	s018_F191203	grCe_grSu6Ne	7	315.0	6	1608.921	1609.22
1616.1390000000001	0.8999999999998636	trials	18	s018_F191203	coCe	16	45.0	6	1616.439	1616.738
1616.748	0.8999999999998636	trials	18	s018_F191203	grCe_grSu12Mi	9	45.0	6	1617.048	1617.346
1617.348	0.8999999999998636	trials	18	s018_F191203	grSu6Ne	6		6	1617.648	1617.946
1624.108	0.8999999999998636	trials	18	s018_F191203	grSu6CiNe	14		6	1624.408	1624.706
1624.7160000000001	0.8999999999998636	trials	18	s018_F191203	grCe_grSu1Ne	3	270.0	6	1625.016	1625.314
1625.324	0.8999999999998636	trials	18	s018_F191203	grCe_grSu1Ne	3	90.0	6	1625.624	1625.923
1625.933	0.8999999999998636	trials	18	s018_F191203	coCe_grSu6Ne	17	90.0	6	1626.233	1626.531
1632.951	0.8999999999998636	trials	18	s018_F191203	grCe_grSu6Ne_PS	18	315.0	6	1633.251	1633.549
1634.776	0.8999999999998636	trials	18	s018_F191203	grCe_grSu12SmCiNe	13	90.0	6	1635.076	1635.375
1641.727	0.8999999999998636	trials	18	s018_F191203	grCe_grSu12Mi	9	135.0	6	1642.027	1642.326
1642.344	0.8999999999998636	trials	18	s018_F191203	grCe_grSu18Fa	11	225.0	6	1642.644	1642.943
1642.953	0.8999999999998636	trials	18	s018_F191203	coCe_grSu6Ne	17	45.0	6	1643.253	1643.551
1643.5610000000001	0.8999999999998636	trials	18	s018_F191203	grSu1Ne	2		6	1643.861	1644.16
1650.938	0.8999999999998636	trials	18	s018_F191203	grCe_grSu6Ne_PS	18	90.0	6	1651.238	1651.536
1651.546	0.8999999999998636	trials	18	s018_F191203	grCe_grSu1Ne	3	180.0	6	1651.846	1652.144
1652.154	0.8999999999998636	trials	18	s018_F191203	grCe_grSu6Ne	7	180.0	6	1652.454	1652.753
1652.755	0.8999999999998636	trials	18	s018_F191203	grCe_grSu12SmCiNe_PS	21	180.0	6	1653.055	1653.353
1659.606	0.8999999999998636	trials	18	s018_F191203	grCe_grSu6CiNe	15	180.0	6	1659.906	1660.204
1660.214	0.8999999999998636	trials	18	s018_F191203	grCe_grSu6CiNe	15	315.0	6	1660.514	1660.813
1660.823	0.8999999999998636	trials	18	s018_F191203	grCe_grSu12SmCiNe	13	270.0	6	1661.123	1661.421
1661.431	0.8999999999998636	trials	18	s018_F191203	grCe_grSu12SmCiNe_PS	21	270.0	6	1661.731	1662.03
1668.224	0.8999999999998636	trials	18	s018_F191203	grCe_grSu18Fa	11	270.0	6	1668.524	1668.823
1668.833	0.8999999999998636	trials	18	s018_F191203	grCe_grSu12SmCiNe_PS	21	0.0	6	1669.133	1669.431
1669.441	0.8999999999998636	trials	18	s018_F191203	grCe_grSu12Mi	9	270.0	6	1669.741	1670.039
1670.049	0.8999999999998636	trials	18	s018_F191203	coCe_grSu6Ne	17	135.0	6	1670.349	1670.648
1676.992	0.8999999999998636	trials	18	s018_F191203	grCe_grSu6CiNe	15	90.0	6	1677.292	1677.591
1677.601	0.8999999999998636	trials	18	s018_F191203	grCe_grSu6Ne	7	270.0	6	1677.901	1678.199
1678.201	0.8999999999998636	trials	18	s018_F191203	grSu3Ne	4		6	1678.501	1678.799
1678.809	0.8999999999998636	trials	18	s018_F191203	grCe_grSu6Ne_PS	18	225.0	6	1679.109	1679.408
1689.428	0.8999999999998636	trials	18	s018_F191203	grCe_grSu6Ne_PS	18	270.0	6	1689.728	1690.026
1693.912	0.8999999999998636	trials	18	s018_F191203	grCe_grSu6Ne	7	225.0	6	1694.212	1694.511
1694.521	0.8999999999998636	trials	18	s018_F191203	grCe_grSu12Mi	9	0.0	6	1694.821	1695.119
1695.1290000000001	0.8999999999998636	trials	18	s018_F191203	grCe_grSu3Ne	5	180.0	6	1695.429	1695.728
1702.022	0.8999999999998636	trials	18	s018_F191203	grCe_grSu12SmCiNe	13	180.0	6	1702.322	1702.621
1702.622	0.8999999999998636	trials	18	s018_F191203	grCe	1	270.0	6	1702.922	1703.221
1703.239	0.8999999999998636	trials	18	s018_F191203	grCe_grSu18Fa	11	180.0	6	1703.539	1703.837
1703.847	0.8999999999998636	trials	18	s018_F191203	coCe_grSu6Ne	17	0.0	6	1704.147	1704.446
1710.5900000000001	0.8999999999998636	trials	18	s018_F191203	grCe_grSu6CiNe	15	0.0	6	1710.89	1711.189
1711.199	0.8999999999998636	trials	18	s018_F191203	grCe_grSu12Mi	9	90.0	6	1711.499	1711.797
1711.807	0.8999999999998636	trials	18	s018_F191203	grCe_grSu3Ne	5	270.0	6	1712.107	1712.406
1712.416	0.8999999999998636	trials	18	s018_F191203	grCe_grSu12Mi	9	225.0	6	1712.716	1713.014
1719.217	0.8999999999998636	trials	18	s018_F191203	grCe	1	45.0	6	1719.517	1719.815
1719.834	0.8999999999998636	trials	18	s018_F191203	grCe_grSu18Fa	11	315.0	6	1720.134	1720.432
1720.442	0.8999999999998636	trials	18	s018_F191203	coCe	16	0.0	6	1720.742	1721.041
1721.0510000000002	0.8999999999998636	trials	18	s018_F191203	grCe_grSu6Ne_PS	18	0.0	6	1721.351	1721.649
1731.294	0.8999999999998636	trials	18	s018_F191203	grCe_grSu6CiNe_PS	19	90.0	6	1731.594	1731.893
1731.903	0.8999999999998636	trials	18	s018_F191203	grCe_grSu1Ne	3	0.0	6	1732.203	1732.501
1732.511	0.8999999999998636	trials	18	s018_F191203	coCe_grSu6Ne	17	315.0	6	1732.811	1733.11
1733.111	0.8999999999998636	trials	18	s018_F191203	coCe	16	180.0	6	1733.411	1733.71
1739.796	0.8999999999998636	trials	18	s018_F191203	grCe_grSu1Ne	3	225.0	6	1740.096	1740.394
1740.396	0.8999999999998636	trials	18	s018_F191203	coCe	16	225.0	6	1740.696	1740.994
1741.613	0.8999999999998636	trials	18	s018_F191203	grCe_grSu6Ne_PS	18	45.0	6	1741.913	1742.211
1748.839	0.8999999999998636	trials	18	s018_F191203	grCe	1	135.0	6	1749.139	1749.438
1750.056	0.8999999999998636	trials	18	s018_F191203	grSu18Fa	10		6	1750.356	1750.654
1756.791	0.8999999999998636	trials	18	s018_F191203	grCe_grSu1Ne	3	315.0	6	1757.091	1757.389
1761.391	0.8999999999998636	trials	18	s018_F191203	coCe_grSu6Ne	17	225.0	6	1761.691	1761.99
1762.608	0.8999999999998636	trials	18	s018_F191203	grSu12Mi	8		6	1762.908	1763.207
1769.893	0.8999999999998636	trials	18	s018_F191203	grCe_grSu3Ne	5	135.0	6	1770.193	1770.491
1770.501	0.8999999999998636	trials	18	s018_F191203	grCe_grSu12SmCiNe_PS	21	135.0	6	1770.801	1771.1
1771.1100000000001	0.8999999999998636	trials	18	s018_F191203	grCe_grSu12SmCiNe_PS	21	225.0	6	1771.41	1771.708
1779.361	0.8999999999998636	trials	18	s018_F191203	grCe_grSu12Mi	9	315.0	6	1779.661	1779.96
1780.578	0.8999999999998636	trials	18	s018_F191203	grCe_grSu6CiNe	15	45.0	6	1780.878	1781.177
1789.163	0.8999999999998636	trials	18	s018_F191203	grCe_grSu18Fa	11	45.0	6	1789.463	1789.762
1789.772	0.8999999999998636	trials	18	s018_F191203	coCe_grSu6Ne	17	180.0	6	1790.072	1790.37
1790.38	0.8999999999998636	trials	18	s018_F191203	grCe_grSu12SmCiNe_PS	21	315.0	6	1790.68	1790.979
1798.323	0.8999999999998636	trials	18	s018_F191203	grCe_grSu6CiNe_PS	19	135.0	6	1798.623	1798.922
1798.932	0.8999999999998636	trials	18	s018_F191203	coCe_grSu6Ne	17	270.0	6	1799.232	1799.53
1807.192	0.8999999999998636	trials	18	s018_F191203	NoStim	0		6	1807.492	1807.79
1808.4080000000001	0.8999999999998636	trials	18	s018_F191203	coCe	16	90.0	6	1808.708	1809.007
1809.017	0.8999999999998636	trials	18	s018_F191203	grCe_grSu1Ne	3	135.0	6	1809.317	1809.615
1815.6680000000001	0.8999999999998636	trials	18	s018_F191203	coSu6Ne	20		6	1815.968	1816.267
1816.285	0.8999999999998636	trials	18	s018_F191203	grCe_grSu18Fa	11	135.0	6	1816.585	1816.883
1816.893	0.8999999999998636	trials	18	s018_F191203	grCe_grSu6Ne	7	0.0	6	1817.193	1817.492
1817.4940000000001	0.8999999999998636	trials	18	s018_F191203	grCe	1	0.0	6	1817.794	1818.092
1828.762	0.8999999999998636	trials	18	s018_F191203	coCe	16	270.0	6	1829.062	1829.361
1829.371	0.8999999999998636	trials	18	s018_F191203	grCe_grSu12SmCiNe_PS	21	45.0	6	1829.671	1829.969
1829.979	0.8999999999998636	trials	18	s018_F191203	grCe_grSu12SmCiNe	13	45.0	6	1830.279	1830.578
1830.588	0.8999999999998636	trials	18	s018_F191203	grCe_grSu6CiNe	15	225.0	6	1830.888	1831.186
1837.547	0.8999999999998636	trials	18	s018_F191203	grCe_grSu6Ne	7	45.0	6	1837.847	1838.146
1838.756	0.8999999999998636	trials	18	s018_F191203	grCe_grSu6CiNe_PS	19	315.0	6	1839.056	1839.354
1839.364	0.8999999999998636	trials	18	s018_F191203	grCe_grSu12SmCiNe	13	135.0	6	1839.664	1839.963
1850.925	0.8999999999998636	trials	18	s018_F191203	grCe_grSu12SmCiNe	13	0.0	6	1851.225	1851.523
1851.5330000000001	0.8999999999998636	trials	18	s018_F191203	grCe_grSu12SmCiNe	13	225.0	6	1851.833	1852.132
1852.133	0.8999999999998636	trials	18	s018_F191203	grCe	1	315.0	6	1852.433	1852.732
1852.733	0.8999999999998636	trials	18	s018_F191203	grCe_grSu12SmCiNe_PS	21	90.0	6	1853.033	1853.332
1860.1760000000002	0.8999999999998636	trials	18	s018_F191203	grCe_grSu12SmCiNe_PS	21	225.0	1	1860.476	1860.775
1860.785	0.8999999999998636	trials	18	s018_F191203	grSu6Ne	6		1	1861.085	1861.383
1861.385	0.8999999999998636	trials	18	s018_F191203	coCe	16	135.0	1	1861.685	1861.983
1874.337	0.8999999999998636	trials	18	s018_F191203	grCe_grSu6CiNe_PS	19	225.0	1	1874.637	1874.936
1874.954	0.8999999999998636	trials	18	s018_F191203	grCe_grSu18Fa	11	90.0	1	1875.254	1875.553
1875.563	0.8999999999998636	trials	18	s018_F191203	grCe_grSu1Ne	3	45.0	1	1875.863	1876.161
1882.439	0.8999999999998636	trials	18	s018_F191203	grSu6CiNe	14		1	1882.739	1883.037
1886.631	0.8999999999998636	trials	18	s018_F191203	grCe_grSu6Ne	7	135.0	1	1886.931	1887.23
1887.24	0.8999999999998636	trials	18	s018_F191203	grCe_grSu6Ne	7	270.0	1	1887.54	1887.838
1887.848	0.8999999999998636	trials	18	s018_F191203	grCe_grSu6Ne	7	45.0	1	1888.148	1888.447
1888.448	0.8999999999998636	trials	18	s018_F191203	coCe	16	0.0	1	1888.748	1889.047
1895.333	0.8999999999998636	trials	18	s018_F191203	grCe	1	90.0	1	1895.633	1895.931
1895.933	0.8999999999998636	trials	18	s018_F191203	grCe	1	135.0	1	1896.233	1896.532
1896.5420000000001	0.8999999999998636	trials	18	s018_F191203	grCe_grSu6Ne_PS	18	45.0	1	1896.842	1897.14
1897.15	0.8999999999998636	trials	18	s018_F191203	grCe_grSu12Mi	9	315.0	1	1897.45	1897.748
1903.91	0.8999999999998636	trials	18	s018_F191203	grCe_grSu12SmCiNe	13	315.0	1	1904.21	1904.508
1904.518	0.8999999999998636	trials	18	s018_F191203	grCe_grSu6CiNe_PS	19	0.0	1	1904.818	1905.117
1905.135	0.8999999999998636	trials	18	s018_F191203	grCe_grSu18Fa	11	270.0	1	1905.435	1905.733
1916.704	0.8999999999998636	trials	18	s018_F191203	grCe_grSu6CiNe	15	0.0	1	1917.004	1917.302
1917.304	0.8999999999998636	trials	18	s018_F191203	coCe	16	90.0	1	1917.604	1917.902
1917.904	0.8999999999998636	trials	18	s018_F191203	coCe	16	45.0	1	1918.204	1918.502
1918.512	0.8999999999998636	trials	18	s018_F191203	grCe_grSu6Ne_PS	18	225.0	1	1918.812	1919.111
1925.214	0.8999999999998636	trials	18	s018_F191203	grCe_grSu12SmCiNe	13	0.0	1	1925.514	1925.812
1927.039	0.8999999999998636	trials	18	s018_F191203	coCe_grSu6Ne	17	90.0	1	1927.339	1927.637
1933.74	0.8999999999998636	trials	18	s018_F191203	grCe_grSu12SmCiNe	13	225.0	1	1934.04	1934.339
1934.349	0.8999999999998636	trials	18	s018_F191203	grCe_grSu12Mi	9	90.0	1	1934.649	1934.947
1935.565	0.8999999999998636	trials	18	s018_F191203	grCe_grSu6CiNe_PS	19	180.0	1	1935.865	1936.164
1942.508	0.8999999999998636	trials	18	s018_F191203	grCe_grSu12Mi	9	0.0	1	1942.808	1943.107
1944.325	0.8999999999998636	trials	18	s018_F191203	coCe	16	315.0	1	1944.625	1944.924
1951.002	0.8999999999998636	trials	18	s018_F191203	grCe_grSu6Ne_PS	18	315.0	1	1951.302	1951.6
1951.6100000000001	0.8999999999998636	trials	18	s018_F191203	grCe_grSu12SmCiNe	13	135.0	1	1951.91	1952.209
1952.219	0.8999999999998636	trials	18	s018_F191203	grCe_grSu12SmCiNe_PS	21	315.0	1	1952.519	1952.817
1952.827	0.8999999999998636	trials	18	s018_F191203	coCe_grSu6Ne	17	135.0	1	1953.127	1953.426
1960.087	0.8999999999998636	trials	18	s018_F191203	grCe_grSu6Ne	7	225.0	1	1960.387	1960.685
1961.304	0.8999999999998636	trials	18	s018_F191203	grCe_grSu6CiNe	15	45.0	1	1961.604	1961.902
1968.0130000000001	0.8999999999998636	trials	18	s018_F191203	coCe_grSu6Ne	17	315.0	1	1968.313	1968.612
1969.213	0.8999999999998636	trials	18	s018_F191203	grCe	1	315.0	1	1969.513	1969.812
1969.8220000000001	0.8999999999998636	trials	18	s018_F191203	grCe_grSu6CiNe	15	180.0	1	1970.122	1970.42
1976.5230000000001	0.8999999999998636	trials	18	s018_F191203	grSu12SmCiNe	12		1	1976.823	1977.122
1977.132	0.8999999999998636	trials	18	s018_F191203	grCe_grSu12Mi	9	270.0	1	1977.432	1977.73
1977.74	0.8999999999998636	trials	18	s018_F191203	grCe_grSu1Ne	3	315.0	1	1978.04	1978.338
1978.348	0.8999999999998636	trials	18	s018_F191203	grCe_grSu6CiNe	15	315.0	1	1978.648	1978.947
2013.43	0.8999999999998636	trials	18	s018_F191203	grCe_grSu6CiNe_PS	19	315.0	1	2013.73	2014.028
2014.647	0.8999999999998636	trials	18	s018_F191203	grCe_grSu1Ne	3	135.0	1	2014.947	2015.245
2015.255	0.8999999999998636	trials	18	s018_F191203	coCe_grSu6Ne	17	0.0	1	2015.555	2015.854
2022.2730000000001	0.8999999999998636	trials	18	s018_F191203	grCe_grSu6Ne	7	0.0	1	2022.573	2022.872
2023.49	0.8999999999998636	trials	18	s018_F191203	grCe_grSu12SmCiNe_PS	21	135.0	1	2023.79	2024.089
2024.099	0.8999999999998636	trials	18	s018_F191203	grCe_grSu3Ne	5	45.0	1	2024.399	2024.697
2040.3600000000001	0.8999999999998636	trials	18	s018_F191203	coCe	16	270.0	1	2040.66	2040.958
2040.968	0.8999999999998636	trials	18	s018_F191203	grCe_grSu12SmCiNe_PS	21	180.0	1	2041.268	2041.567
2041.577	0.8999999999998636	trials	18	s018_F191203	grCe_grSu6CiNe_PS	19	90.0	1	2041.877	2042.175
2042.185	0.8999999999998636	trials	18	s018_F191203	grCe_grSu12SmCiNe	13	180.0	1	2042.485	2042.784
2165.767	0.900000000000091	trials	18	s018_F191203	grCe_grSu6Ne_PS	18	90.0	1	2166.067	2166.365
2166.375	0.900000000000091	trials	18	s018_F191203	grCe_grSu12SmCiNe	13	90.0	1	2166.675	2166.974
2167.5919999999996	0.900000000000091	trials	18	s018_F191203	coSu6Ne	20		1	2167.892	2168.191
2212.009	0.900000000000091	trials	18	s018_F191203	grCe_grSu6CiNe	15	135.0	1	2212.309	2212.607
2212.6169999999997	0.900000000000091	trials	18	s018_F191203	grCe_grSu6CiNe	15	225.0	1	2212.917	2213.216
2213.2259999999997	0.900000000000091	trials	18	s018_F191203	grCe_grSu12Mi	9	180.0	1	2213.526	2213.824
2242.823	0.900000000000091	trials	18	s018_F191203	grCe_grSu3Ne	5	135.0	1	2243.123	2243.421
2244.04	0.900000000000091	trials	18	s018_F191203	grCe_grSu12Mi	9	135.0	1	2244.34	2244.638
2251.508	0.900000000000091	trials	18	s018_F191203	grCe_grSu3Ne	5	90.0	1	2251.808	2252.106
2252.116	0.900000000000091	trials	18	s018_F191203	grCe_grSu6Ne_PS	18	270.0	1	2252.416	2252.715
2255.7419999999997	0.900000000000091	trials	18	s018_F191203	grCe_grSu6CiNe	15	270.0	1	2256.042	2256.34
2256.3419999999996	0.900000000000091	trials	18	s018_F191203	grCe	1	0.0	1	2256.642	2256.94
2256.95	0.900000000000091	trials	18	s018_F191203	grCe_grSu12Mi	9	45.0	1	2257.25	2257.549
2257.5589999999997	0.900000000000091	trials	18	s018_F191203	NoStim	0		1	2257.859	2258.157
2265.1099999999997	0.900000000000091	trials	18	s018_F191203	grCe_grSu18Fa	11	135.0	1	2265.41	2265.709
2276.854	0.900000000000091	trials	18	s018_F191203	grCe_grSu6Ne	7	90.0	1	2277.154	2277.453
2285.306	0.900000000000091	trials	18	s018_F191203	grCe_grSu6Ne	7	315.0	1	2285.606	2285.904
2285.9139999999998	0.900000000000091	trials	18	s018_F191203	grCe_grSu12SmCiNe_PS	21	270.0	1	2286.214	2286.513
2286.5229999999997	0.900000000000091	trials	18	s018_F191203	grSu3Ne	4		1	2286.823	2287.121
2287.1229999999996	0.900000000000091	trials	18	s018_F191203	grCe_grSu12SmCiNe_PS	21	90.0	1	2287.423	2287.721
2322.254	0.900000000000091	trials	18	s018_F191203	grCe_grSu12SmCiNe_PS	21	0.0	1	2322.554	2322.853
2415.48	0.900000000000091	trials	18	s018_F191203	coCe_grSu6Ne	17	45.0	1	2415.78	2416.078
2429.4739999999997	0.900000000000091	trials	18	s018_F191203	grCe_grSu18Fa	11	225.0	1	2429.774	2430.073
2430.091	0.900000000000091	trials	18	s018_F191203	grCe_grSu18Fa	11	180.0	1	2430.391	2430.689
2430.6989999999996	0.900000000000091	trials	18	s018_F191203	grCe	1	180.0	1	2430.999	2431.298
2431.308	0.900000000000091	trials	18	s018_F191203	coCe_grSu6Ne	17	270.0	1	2431.608	2431.906
2438.901	0.900000000000091	trials	18	s018_F191203	grCe	1	45.0	1	2439.201	2439.499
2443.5429999999997	0.900000000000091	trials	18	s018_F191203	coCe	16	180.0	1	2443.843	2444.142
2444.152	0.900000000000091	trials	18	s018_F191203	grCe_grSu6Ne	7	180.0	1	2444.452	2444.75
2444.752	0.900000000000091	trials	18	s018_F191203	grCe_grSu6Ne_PS	18	135.0	1	2445.052	2445.35
2445.3599999999997	0.900000000000091	trials	18	s018_F191203	grCe_grSu1Ne	3	225.0	1	2445.66	2445.959
2470.298	0.900000000000091	trials	18	s018_F191203	grCe_grSu3Ne	5	315.0	1	2470.598	2470.897
2470.9069999999997	0.900000000000091	trials	18	s018_F191203	grCe_grSu6Ne_PS	18	180.0	1	2471.207	2471.505
2471.515	0.900000000000091	trials	18	s018_F191203	grCe_grSu6CiNe_PS	19	270.0	1	2471.815	2472.114
2472.124	0.900000000000091	trials	18	s018_F191203	grCe_grSu6Ne_PS	18	0.0	1	2472.424	2472.722
2515.79	0.900000000000091	trials	18	s018_F191203	grCe	1	225.0	1	2516.09	2516.389
2953.43	0.900000000000091	trials	18	s018_F191203	grCe_grSu12Mi	9	225.0	1	2953.73	2954.028
2954.647	0.900000000000091	trials	18	s018_F191203	grCe_grSu1Ne	3	270.0	1	2954.947	2955.245
2955.247	0.900000000000091	trials	18	s018_F191203	grSu1Ne	2		1	2955.547	2955.846
2971.7079999999996	0.900000000000091	trials	18	s018_F191203	grCe_grSu18Fa	11	0.0	1	2972.008	2972.307
2972.325	0.900000000000091	trials	18	s018_F191203	grCe_grSu18Fa	11	315.0	1	2972.625	2972.924
2972.9339999999997	0.900000000000091	trials	18	s018_F191203	grCe_grSu3Ne	5	225.0	1	2973.234	2973.532
3050.2729999999997	0.900000000000091	trials	18	s018_F191203	grCe	1	270.0	1	3050.573	3050.872
3050.8819999999996	0.900000000000091	trials	18	s018_F191203	grCe_grSu6CiNe_PS	19	135.0	1	3051.182	3051.48
3052.098	0.900000000000091	trials	18	s018_F191203	grCe_grSu1Ne	3	180.0	1	3052.398	3052.697
3063.892	0.900000000000091	trials	18	s018_F191203	coCe_grSu6Ne	17	225.0	1	3064.192	3064.491
3064.5009999999997	0.900000000000091	trials	18	s018_F191203	grCe_grSu3Ne	5	0.0	1	3064.801	3065.099
3077.3779999999997	0.900000000000091	trials	18	s018_F191203	grCe_grSu1Ne	3	0.0	1	3077.678	3077.977
3077.9869999999996	0.900000000000091	trials	18	s018_F191203	grCe_grSu1Ne	3	90.0	1	3078.287	3078.585
3078.587	0.900000000000091	trials	18	s018_F191203	coCe	16	225.0	1	3078.887	3079.185
3079.1949999999997	0.900000000000091	trials	18	s018_F191203	grCe_grSu6CiNe_PS	19	45.0	1	3079.495	3079.794
3086.2709999999997	0.900000000000091	trials	18	s018_F191203	grCe_grSu3Ne	5	270.0	1	3086.571	3086.87
3086.8799999999997	0.900000000000091	trials	18	s018_F191203	grCe_grSu3Ne	5	180.0	1	3087.18	3087.478
3087.488	0.900000000000091	trials	18	s018_F191203	grCe_grSu6CiNe	15	90.0	1	3087.788	3088.087
3088.0969999999998	0.900000000000091	trials	18	s018_F191203	grCe_grSu12SmCiNe_PS	21	45.0	1	3088.397	3088.695
3094.6899999999996	0.900000000000091	trials	18	s018_F191203	coCe_grSu6Ne	17	180.0	1	3094.99	3095.288
3095.298	0.900000000000091	trials	18	s018_F191203	grCe_grSu12SmCiNe	13	45.0	1	3095.598	3095.897
3095.9069999999997	0.900000000000091	trials	18	s018_F191203	grCe_grSu12SmCiNe	13	270.0	1	3096.207	3096.505
3096.515	0.900000000000091	trials	18	s018_F191203	grSu12Mi	8		1	3096.815	3097.113
3126.754	0.900000000000091	trials	18	s018_F191203	grSu18Fa	10		1	3127.054	3127.352
3127.3709999999996	0.900000000000091	trials	18	s018_F191203	grCe_grSu18Fa	11	45.0	1	3127.671	3127.969
3127.979	0.900000000000091	trials	18	s018_F191203	grSu6Ne	6		3	3128.279	3128.578
3154.951	0.900000000000091	trials	18	s018_F191203	grCe_grSu6Ne	7	45.0	3	3155.251	3155.549
3155.5589999999997	0.900000000000091	trials	18	s018_F191203	grCe_grSu6Ne	7	225.0	3	3155.859	3156.158
3156.1679999999997	0.900000000000091	trials	18	s018_F191203	coCe_grSu6Ne	17	180.0	3	3156.468	3156.766
3156.776	0.900000000000091	trials	18	s018_F191203	grCe_grSu6Ne	7	0.0	3	3157.076	3157.375
3164.269	0.900000000000091	trials	18	s018_F191203	grCe_grSu6Ne	7	180.0	3	3164.569	3164.868
3164.8689999999997	0.900000000000091	trials	18	s018_F191203	coSu6Ne	20		3	3165.169	3165.468
3165.4779999999996	0.900000000000091	trials	18	s018_F191203	grCe_grSu12SmCiNe_PS	21	0.0	3	3165.778	3166.076
3172.1209999999996	0.900000000000091	trials	18	s018_F191203	grCe_grSu6Ne	7	135.0	3	3172.421	3172.719
3172.721	0.900000000000091	trials	18	s018_F191203	coCe	16	225.0	3	3173.021	3173.319
3173.3289999999997	0.900000000000091	trials	18	s018_F191203	grCe_grSu6CiNe	15	225.0	3	3173.629	3173.928
3182.348	0.900000000000091	trials	18	s018_F191203	grCe_grSu12SmCiNe	13	270.0	3	3182.648	3182.946
3182.9559999999997	0.900000000000091	trials	18	s018_F191203	grCe_grSu3Ne	5	90.0	3	3183.256	3183.555
3183.5649999999996	0.900000000000091	trials	18	s018_F191203	coCe_grSu6Ne	17	315.0	3	3183.865	3184.163
3184.173	0.900000000000091	trials	18	s018_F191203	grCe_grSu12SmCiNe	13	45.0	3	3184.473	3184.771
3191.2239999999997	0.900000000000091	trials	18	s018_F191203	grCe_grSu18Fa	11	180.0	3	3191.524	3191.823
3191.8239999999996	0.900000000000091	trials	18	s018_F191203	grCe	1	90.0	3	3192.124	3192.423
3192.433	0.900000000000091	trials	18	s018_F191203	grCe_grSu6Ne_PS	18	270.0	3	3192.733	3193.031
3200.268	0.900000000000091	trials	18	s018_F191203	grCe_grSu18Fa	11	315.0	3	3200.568	3200.866
3200.884	0.900000000000091	trials	18	s018_F191203	grCe_grSu18Fa	11	270.0	3	3201.184	3201.483
3201.493	0.900000000000091	trials	18	s018_F191203	grCe_grSu12Mi	9	180.0	3	3201.793	3202.091
3202.1009999999997	0.900000000000091	trials	18	s018_F191203	coCe_grSu6Ne	17	0.0	3	3202.401	3202.7
3223.9719999999998	0.900000000000091	trials	18	s018_F191203	grSu3Ne	4		3	3224.272	3224.571
3225.797	0.900000000000091	trials	18	s018_F191203	grCe_grSu3Ne	5	45.0	3	3226.097	3226.396
3238.191	0.900000000000091	trials	18	s018_F191203	grCe_grSu12SmCiNe_PS	21	225.0	3	3238.491	3238.79
3238.7909999999997	0.900000000000091	trials	18	s018_F191203	grCe	1	270.0	3	3239.091	3239.39
3239.392	0.900000000000091	trials	18	s018_F191203	grCe	1	45.0	3	3239.692	3239.99
3311.98	0.900000000000091	trials	18	s018_F191203	grCe_grSu6Ne	7	270.0	3	3312.28	3312.579
3312.589	0.900000000000091	trials	18	s018_F191203	grCe_grSu1Ne	3	225.0	3	3312.889	3313.187
3313.205	0.900000000000091	trials	18	s018_F191203	grCe_grSu18Fa	11	225.0	3	3313.505	3313.804
3313.814	0.900000000000091	trials	18	s018_F191203	coCe_grSu6Ne	17	90.0	3	3314.114	3314.412
3320.923	0.900000000000091	trials	18	s018_F191203	grCe_grSu6CiNe	15	90.0	3	3321.223	3321.522
3321.5319999999997	0.900000000000091	trials	18	s018_F191203	grCe_grSu6Ne_PS	18	315.0	3	3321.832	3322.13
3322.14	0.900000000000091	trials	18	s018_F191203	coCe	16	0.0	3	3322.44	3322.739
3322.749	0.900000000000091	trials	18	s018_F191203	grCe_grSu3Ne	5	315.0	3	3323.049	3323.347
3333.2169999999996	0.900000000000091	trials	18	s018_F191203	grCe_grSu12Mi	9	225.0	3	3333.517	3333.816
3333.826	0.900000000000091	trials	18	s018_F191203	grCe_grSu12SmCiNe	13	180.0	3	3334.126	3334.424
3334.4339999999997	0.900000000000091	trials	18	s018_F191203	grCe_grSu1Ne	3	45.0	3	3334.734	3335.033
3335.0339999999997	0.900000000000091	trials	18	s018_F191203	grCe_grSu12SmCiNe_PS	21	315.0	3	3335.334	3335.633
3407.8399999999997	0.900000000000091	trials	18	s018_F191203	grCe_grSu12SmCiNe	13	315.0	3	3408.14	3408.438
3408.4399999999996	0.900000000000091	trials	18	s018_F191203	grCe	1	315.0	3	3408.74	3409.038
3409.6479999999997	0.900000000000091	trials	18	s018_F191203	grCe_grSu6CiNe_PS	19	315.0	3	3409.948	3410.247
3416.308	0.900000000000091	trials	18	s018_F191203	grCe_grSu12SmCiNe_PS	21	90.0	3	3416.608	3416.906
3416.9159999999997	0.900000000000091	trials	18	s018_F191203	grCe	1	0.0	3	3417.216	3417.515
3417.5249999999996	0.900000000000091	trials	18	s018_F191203	grCe_grSu6Ne_PS	18	45.0	3	3417.825	3418.123
3418.133	0.900000000000091	trials	18	s018_F191203	coCe_grSu6Ne	17	270.0	3	3418.433	3418.732
3425.743	0.900000000000091	trials	18	s018_F191203	grCe_grSu12SmCiNe	13	90.0	3	3426.043	3426.341
3426.3509999999997	0.900000000000091	trials	18	s018_F191203	coCe	16	135.0	3	3426.651	3426.95
3426.96	0.900000000000091	trials	18	s018_F191203	grCe_grSu12SmCiNe	13	225.0	3	3427.26	3427.558
3427.5679999999998	0.900000000000091	trials	18	s018_F191203	grCe_grSu12SmCiNe	13	0.0	3	3427.868	3428.167
3434.4359999999997	0.900000000000091	trials	18	s018_F191203	grCe_grSu18Fa	11	0.0	3	3434.736	3435.035
3435.0449999999996	0.900000000000091	trials	18	s018_F191203	grCe_grSu1Ne	3	135.0	3	3435.345	3435.643
3436.2619999999997	0.900000000000091	trials	18	s018_F191203	grCe_grSu1Ne	3	0.0	3	3436.562	3436.86
3443.971	0.900000000000091	trials	18	s018_F191203	grCe_grSu12SmCiNe_PS	21	135.0	3	3444.271	3444.57
3444.58	0.900000000000091	trials	18	s018_F191203	grCe_grSu6CiNe_PS	19	270.0	3	3444.88	3445.178
3445.18	0.900000000000091	trials	18	s018_F191203	coCe	16	45.0	3	3445.48	3445.778
3445.788	0.900000000000091	trials	18	s018_F191203	grCe	1	135.0	3	3446.088	3446.387
3453.098	0.900000000000091	trials	18	s018_F191203	grCe_grSu12SmCiNe	13	135.0	3	3453.398	3453.697
3453.707	0.900000000000091	trials	18	s018_F191203	coCe_grSu6Ne	17	45.0	3	3454.007	3454.305
3461.758	0.900000000000091	trials	18	s018_F191203	grSu12Mi	8		3	3462.058	3462.356
3462.366	0.900000000000091	trials	18	s018_F191203	grCe_grSu12Mi	9	0.0	3	3462.666	3462.965
3462.975	0.900000000000091	trials	18	s018_F191203	grCe_grSu3Ne	5	135.0	3	3463.275	3463.573
3463.5829999999996	0.900000000000091	trials	18	s018_F191203	grCe_grSu6CiNe	15	315.0	3	3463.883	3464.182
3470.426	0.900000000000091	trials	18	s018_F191203	grCe_grSu6Ne	7	90.0	3	3470.726	3471.025
3471.035	0.900000000000091	trials	18	s018_F191203	grCe_grSu12Mi	9	270.0	3	3471.335	3471.633
3471.6349999999998	0.900000000000091	trials	18	s018_F191203	grCe	1	225.0	3	3471.935	3472.233
3472.243	0.900000000000091	trials	18	s018_F191203	grCe_grSu6Ne	7	315.0	3	3472.543	3472.842
3478.8199999999997	0.900000000000091	trials	18	s018_F191203	grCe_grSu6CiNe	15	270.0	3	3479.12	3479.418
3479.4199999999996	0.900000000000091	trials	18	s018_F191203	grCe_grSu12SmCiNe_PS	21	45.0	3	3479.72	3480.018
3480.6369999999997	0.900000000000091	trials	18	s018_F191203	grCe_grSu12Mi	9	135.0	3	3480.937	3481.235
3488.0299999999997	0.900000000000091	trials	18	s018_F191203	coCe	16	90.0	3	3488.33	3488.628
3489.238	0.900000000000091	trials	18	s018_F191203	grCe_grSu3Ne	5	270.0	3	3489.538	3489.837
3495.939	0.900000000000091	trials	18	s018_F191203	grCe_grSu6Ne_PS	18	0.0	3	3496.239	3496.538
3496.548	0.900000000000091	trials	18	s018_F191203	coCe	16	180.0	3	3496.848	3497.146
3497.156	0.900000000000091	trials	18	s018_F191203	coCe_grSu6Ne	17	225.0	3	3497.456	3497.755
3497.765	0.900000000000091	trials	18	s018_F191203	grCe_grSu6CiNe_PS	19	0.0	3	3498.065	3498.363
3505.2329999999997	0.900000000000091	trials	18	s018_F191203	grCe_grSu1Ne	3	315.0	3	3505.533	3505.831
3505.841	0.900000000000091	trials	18	s018_F191203	grCe	1	180.0	3	3506.141	3506.44
3506.45	0.900000000000091	trials	18	s018_F191203	grSu12SmCiNe	12		3	3506.75	3507.048
3514.1009999999997	0.900000000000091	trials	18	s018_F191203	grCe_grSu6CiNe_PS	19	225.0	3	3514.401	3514.7
3514.71	0.900000000000091	trials	18	s018_F191203	grCe_grSu6CiNe	15	135.0	3	3515.01	3515.308
3515.31	0.900000000000091	trials	18	s018_F191203	grCe_grSu6Ne_PS	18	90.0	3	3515.61	3515.908
3522.0609999999997	0.900000000000091	trials	18	s018_F191203	grCe_grSu6CiNe	15	0.0	3	3522.361	3522.659
3522.669	0.900000000000091	trials	18	s018_F191203	grCe_grSu6CiNe_PS	19	90.0	3	3522.969	3523.268
3523.278	0.900000000000091	trials	18	s018_F191203	grCe_grSu12SmCiNe_PS	21	270.0	3	3523.578	3523.876
3523.886	0.900000000000091	trials	18	s018_F191203	grSu18Fa	10		3	3524.186	3524.485
3531.5209999999997	0.900000000000091	trials	18	s018_F191203	grCe_grSu6Ne_PS	18	180.0	3	3531.821	3532.119
3532.1209999999996	0.900000000000091	trials	18	s018_F191203	coCe	16	270.0	3	3532.421	3532.72
3532.73	0.900000000000091	trials	18	s018_F191203	grCe_grSu12Mi	9	90.0	3	3533.03	3533.328
3539.422	0.900000000000091	trials	18	s018_F191203	grCe_grSu6CiNe	15	45.0	3	3539.722	3540.021
3540.031	0.900000000000091	trials	18	s018_F191203	grCe_grSu1Ne	3	180.0	3	3540.331	3540.629
3541.256	0.900000000000091	trials	18	s018_F191203	grCe_grSu18Fa	11	45.0	3	3541.556	3541.855
3552.792	0.900000000000091	trials	18	s018_F191203	grCe_grSu6CiNe_PS	19	135.0	3	3553.092	3553.39
3553.3999999999996	0.900000000000091	trials	18	s018_F191203	grCe_grSu12Mi	9	45.0	3	3553.7	3553.999
3554.6169999999997	0.900000000000091	trials	18	s018_F191203	grCe_grSu1Ne	3	90.0	3	3554.917	3555.215
3561.3019999999997	0.900000000000091	trials	18	s018_F191203	grCe_grSu12SmCiNe_PS	21	180.0	3	3561.602	3561.9
3561.91	0.900000000000091	trials	18	s018_F191203	grCe_grSu6CiNe_PS	19	180.0	3	3562.21	3562.508
3565.627	0.900000000000091	trials	18	s018_F191203	grCe_grSu6Ne_PS	18	225.0	3	3565.927	3566.226
3566.236	0.900000000000091	trials	18	s018_F191203	grSu1Ne	2		3	3566.536	3566.834
3566.8439999999996	0.900000000000091	trials	18	s018_F191203	grCe_grSu12Mi	9	315.0	3	3567.144	3567.443
3567.453	0.900000000000091	trials	18	s018_F191203	grCe_grSu1Ne	3	270.0	3	3567.753	3568.051
3579.305	0.900000000000091	trials	18	s018_F191203	grCe_grSu6CiNe_PS	19	45.0	3	3579.605	3579.903
3579.913	0.900000000000091	trials	18	s018_F191203	grCe_grSu3Ne	5	225.0	3	3580.213	3580.512
3580.5299999999997	0.900000000000091	trials	18	s018_F191203	grCe_grSu18Fa	11	135.0	3	3580.83	3581.129
3672.497	0.900000000000091	trials	18	s018_F191203	grCe_grSu3Ne	5	180.0	3	3672.797	3673.096
3673.114	0.900000000000091	trials	18	s018_F191203	grCe_grSu18Fa	11	90.0	3	3673.414	3673.713
3673.7219999999998	0.900000000000091	trials	18	s018_F191203	grSu6CiNe	14		3	3674.022	3674.321
3674.3309999999997	0.900000000000091	trials	18	s018_F191203	grCe_grSu6Ne_PS	18	135.0	3	3674.631	3674.929
3708.9959999999996	0.900000000000091	trials	18	s018_F191203	grCe_grSu3Ne	5	0.0	3	3709.296	3709.594
3709.596	0.900000000000091	trials	18	s018_F191203	coCe	16	315.0	3	3709.896	3710.194
3710.8039999999996	0.900000000000091	trials	18	s018_F191203	NoStim	0		3	3711.104	3711.403
3717.364	0.900000000000091	trials	18	s018_F191203	grCe_grSu6CiNe	15	180.0	3	3717.664	3717.962
3717.9719999999998	0.900000000000091	trials	18	s018_F191203	coCe_grSu6Ne	17	135.0	3	3718.272	3718.571
3719.198	0.900000000000091	trials	18	s018_F191203	grCe_grSu18Fa	11	315.0	5	3719.498	3719.796
3726.4159999999997	0.900000000000091	trials	18	s018_F191203	grCe_grSu3Ne	5	225.0	5	3726.716	3727.014
3727.624	0.900000000000091	trials	18	s018_F191203	NoStim	0		5	3727.924	3728.223
3728.2329999999997	0.900000000000091	trials	18	s018_F191203	coCe_grSu6Ne	17	225.0	5	3728.533	3728.831
3738.3599999999997	0.900000000000091	trials	18	s018_F191203	coCe	16	90.0	5	3738.66	3738.958
3738.96	0.900000000000091	trials	18	s018_F191203	grCe	1	180.0	5	3739.26	3739.558
3739.5679999999998	0.900000000000091	trials	18	s018_F191203	grCe_grSu6Ne_PS	18	315.0	5	3739.868	3740.167
3746.886	0.900000000000091	trials	18	s018_F191203	coCe_grSu6Ne	17	135.0	5	3747.186	3747.485
3747.495	0.900000000000091	trials	18	s018_F191203	grCe_grSu12SmCiNe	13	225.0	5	3747.795	3748.093
3748.095	0.900000000000091	trials	18	s018_F191203	coCe	16	270.0	5	3748.395	3748.693
3748.703	0.900000000000091	trials	18	s018_F191203	grCe_grSu1Ne	3	135.0	5	3749.003	3749.302
3764.531	0.900000000000091	trials	18	s018_F191203	grCe_grSu6CiNe_PS	19	180.0	5	3764.831	3765.13
3765.131	0.900000000000091	trials	18	s018_F191203	grCe	1	90.0	5	3765.431	3765.73
3765.74	0.900000000000091	trials	18	s018_F191203	grCe_grSu12SmCiNe_PS	21	90.0	5	3766.04	3766.338
3820.133	0.900000000000091	trials	18	s018_F191203	grCe_grSu18Fa	11	90.0	5	3820.433	3820.732
3820.75	0.900000000000091	trials	18	s018_F191203	grCe_grSu18Fa	11	135.0	5	3821.05	3821.348
3829.81	0.900000000000091	trials	18	s018_F191203	grCe	1	315.0	5	3830.11	3830.408
3830.4179999999997	0.900000000000091	trials	18	s018_F191203	coCe_grSu6Ne	17	90.0	5	3830.718	3831.017
3831.6349999999998	0.900000000000091	trials	18	s018_F191203	grSu3Ne	4		5	3831.935	3832.234
3839.4449999999997	0.900000000000091	trials	18	s018_F191203	grCe_grSu6CiNe_PS	19	0.0	5	3839.745	3840.043
3840.053	0.900000000000091	trials	18	s018_F191203	grCe_grSu12Mi	9	225.0	5	3840.353	3840.652
3841.27	0.900000000000091	trials	18	s018_F191203	grCe_grSu6CiNe	15	90.0	5	3841.57	3841.869
3848.805	0.900000000000091	trials	18	s018_F191203	grCe_grSu6CiNe_PS	19	315.0	5	3849.105	3849.404
3849.4139999999998	0.900000000000091	trials	18	s018_F191203	grCe_grSu6CiNe	15	180.0	5	3849.714	3850.012
3850.022	0.900000000000091	trials	18	s018_F191203	grCe_grSu6Ne_PS	18	225.0	5	3850.322	3850.62
3857.232	0.900000000000091	trials	18	s018_F191203	grCe	1	0.0	5	3857.532	3857.83
3857.8399999999997	0.900000000000091	trials	18	s018_F191203	grCe_grSu6CiNe_PS	19	90.0	5	3858.14	3858.439
3859.057	0.900000000000091	trials	18	s018_F191203	grCe_grSu12Mi	9	135.0	5	3859.357	3859.655
3866.475	0.900000000000091	trials	18	s018_F191203	grCe_grSu12SmCiNe	13	180.0	5	3866.775	3867.074
3867.0829999999996	0.900000000000091	trials	18	s018_F191203	grCe_grSu12SmCiNe_PS	21	135.0	5	3867.383	3867.682
3867.692	0.900000000000091	trials	18	s018_F191203	grCe_grSu12SmCiNe_PS	21	180.0	5	3867.992	3868.29
3868.3089999999997	0.900000000000091	trials	18	s018_F191203	grCe_grSu18Fa	11	270.0	5	3868.609	3868.907
3876.5769999999998	0.900000000000091	trials	18	s018_F191203	grCe_grSu12SmCiNe_PS	21	270.0	5	3876.877	3877.175
3877.185	0.900000000000091	trials	18	s018_F191203	grCe_grSu3Ne	5	135.0	5	3877.485	3877.784
3877.794	0.900000000000091	trials	18	s018_F191203	grCe_grSu6Ne	7	135.0	5	3878.094	3878.392
3889.046	0.900000000000091	trials	18	s018_F191203	grCe_grSu6Ne	7	270.0	5	3889.346	3889.644
3889.654	0.900000000000091	trials	18	s018_F191203	grCe_grSu6CiNe_PS	19	45.0	5	3889.954	3890.253
3890.263	0.900000000000091	trials	18	s018_F191203	grCe_grSu6Ne	7	315.0	5	3890.563	3890.861
3903.049	0.900000000000091	trials	18	s018_F191203	grCe	1	270.0	5	3903.349	3903.647
3903.665	0.900000000000091	trials	18	s018_F191203	grCe_grSu18Fa	11	45.0	5	3903.965	3904.264
3904.874	0.900000000000091	trials	18	s018_F191203	grCe_grSu12SmCiNe_PS	21	45.0	5	3905.174	3905.472
3922.169	0.900000000000091	trials	18	s018_F191203	grCe_grSu12Mi	9	0.0	5	3922.469	3922.767
3922.769	0.900000000000091	trials	18	s018_F191203	grCe_grSu6Ne_PS	18	90.0	5	3923.069	3923.367
3923.377	0.900000000000091	trials	18	s018_F191203	coCe_grSu6Ne	17	270.0	5	3923.677	3923.976
3923.977	0.900000000000091	trials	18	s018_F191203	grCe_grSu6Ne_PS	18	180.0	5	3924.277	3924.576
3930.995	0.900000000000091	trials	18	s018_F191203	grCe_grSu18Fa	11	180.0	5	3931.295	3931.594
3931.604	0.900000000000091	trials	18	s018_F191203	grCe_grSu12Mi	9	315.0	5	3931.904	3932.202
3932.2039999999997	0.900000000000091	trials	18	s018_F191203	coCe	16	180.0	5	3932.504	3932.802
3932.812	0.900000000000091	trials	18	s018_F191203	grCe_grSu6CiNe	15	225.0	5	3933.112	3933.411
3939.99	0.900000000000091	trials	18	s018_F191203	grCe_grSu12SmCiNe_PS	21	0.0	5	3940.29	3940.588
3940.598	0.900000000000091	trials	18	s018_F191203	grCe_grSu1Ne	3	45.0	5	3940.898	3941.197
3941.207	0.900000000000091	trials	18	s018_F191203	grCe_grSu6Ne	7	0.0	5	3941.507	3941.805
3958.493	0.900000000000091	trials	18	s018_F191203	grSu18Fa	10		5	3958.793	3959.092
3960.31	0.900000000000091	trials	18	s018_F191203	coCe_grSu6Ne	17	0.0	5	3960.61	3960.909
3972.254	0.900000000000091	trials	18	s018_F191203	coCe_grSu6Ne	17	45.0	5	3972.554	3972.853
3972.863	0.900000000000091	trials	18	s018_F191203	grSu1Ne	2		5	3973.163	3973.461
3973.471	0.900000000000091	trials	18	s018_F191203	grSu6CiNe	14		5	3973.771	3974.069
3974.0789999999997	0.900000000000091	trials	18	s018_F191203	grCe_grSu12Mi	9	270.0	5	3974.379	3974.678
4000.009	0.900000000000091	trials	18	s018_F191203	grCe_grSu6Ne_PS	18	135.0	5	4000.309	4000.608
4000.609	0.900000000000091	trials	18	s018_F191203	grCe	1	45.0	5	4000.909	4001.208
4021.096	0.900000000000091	trials	18	s018_F191203	grCe_grSu12SmCiNe_PS	21	225.0	5	4021.396	4021.695
4021.705	0.900000000000091	trials	18	s018_F191203	grSu12SmCiNe	12		5	4022.005	4022.303
4022.3129999999996	0.900000000000091	trials	18	s018_F191203	grCe_grSu3Ne	5	315.0	5	4022.613	4022.912
4022.93	0.900000000000091	trials	18	s018_F191203	grCe_grSu18Fa	11	225.0	5	4023.23	4023.529
4030.857	0.900000000000091	trials	18	s018_F191203	grCe_grSu6CiNe_PS	19	135.0	5	4031.157	4031.455
4032.0739999999996	0.900000000000091	trials	18	s018_F191203	grCe_grSu3Ne	5	45.0	5	4032.374	4032.672
4032.682	0.900000000000091	trials	18	s018_F191203	grCe_grSu6Ne_PS	18	0.0	5	4032.982	4033.28
4049.227	0.900000000000091	trials	18	s018_F191203	grCe_grSu18Fa	11	0.0	5	4049.527	4049.825
4049.835	0.900000000000091	trials	18	s018_F191203	grCe_grSu12SmCiNe	13	315.0	5	4050.135	4050.434
4050.444	0.900000000000091	trials	18	s018_F191203	grCe_grSu6CiNe	15	135.0	5	4050.744	4051.042
4066.5879999999997	0.900000000000091	trials	18	s018_F191203	grCe_grSu3Ne	5	0.0	5	4066.888	4067.187
4067.1969999999997	0.900000000000091	trials	18	s018_F191203	grCe_grSu6CiNe_PS	19	225.0	5	4067.497	4067.795
4067.805	0.900000000000091	trials	18	s018_F191203	grCe_grSu12Mi	9	90.0	5	4068.105	4068.404
4076.2569999999996	0.900000000000091	trials	18	s018_F191203	grCe_grSu12SmCiNe	13	135.0	5	4076.557	4076.855
4076.865	0.900000000000091	trials	18	s018_F191203	grCe_grSu6CiNe	15	315.0	5	4077.165	4077.464
4078.082	0.900000000000091	trials	18	s018_F191203	grCe_grSu6CiNe	15	270.0	5	4078.382	4078.681
4094.9269999999997	0.900000000000091	trials	18	s018_F191203	grCe_grSu6Ne_PS	18	270.0	5	4095.227	4095.525
4095.535	0.9000000000005457	trials	18	s018_F191203	grCe_grSu12Mi	9	180.0	5	4095.835	4096.134
4096.144	0.9000000000005457	trials	18	s018_F191203	coCe_grSu6Ne	17	315.0	5	4096.444	4096.742
4096.7519999999995	0.9000000000005457	trials	18	s018_F191203	grCe_grSu1Ne	3	270.0	5	4097.052	4097.351
4113.13	0.9000000000005457	trials	18	s018_F191203	grCe_grSu1Ne	3	0.0	5	4113.43	4113.729
4113.739	0.9000000000005457	trials	18	s018_F191203	coSu6Ne	20		5	4114.039	4114.337
4114.347	0.9000000000005457	trials	18	s018_F191203	grCe_grSu3Ne	5	180.0	5	4114.647	4114.946
4114.947	0.9000000000005457	trials	18	s018_F191203	grCe	1	225.0	5	4115.247	4115.546
4125.699	0.9000000000005457	trials	18	s018_F191203	grCe_grSu1Ne	3	315.0	5	4125.999	4126.298
4126.308	0.9000000000005457	trials	18	s018_F191203	grCe_grSu12SmCiNe	13	90.0	5	4126.608	4126.906
4126.916	0.9000000000005457	trials	18	s018_F191203	grCe_grSu1Ne	3	180.0	5	4127.216	4127.515
4127.516	0.9000000000005457	trials	18	s018_F191203	grCe_grSu6Ne_PS	18	45.0	5	4127.816	4128.115
4135.876	0.9000000000005457	trials	18	s018_F191203	coCe	16	315.0	5	4136.176	4136.475
4137.085	0.9000000000005457	trials	18	s018_F191203	coCe	16	0.0	5	4137.385	4137.683
4143.8279999999995	0.9000000000005457	trials	18	s018_F191203	grCe_grSu1Ne	3	225.0	5	4144.128	4144.426
4144.436	0.9000000000005457	trials	18	s018_F191203	grCe_grSu6CiNe	15	0.0	5	4144.736	4145.035
4145.045	0.9000000000005457	trials	18	s018_F191203	grCe_grSu3Ne	5	270.0	5	4145.345	4145.643
4145.653	0.9000000000005457	trials	18	s018_F191203	grSu6Ne	6		5	4145.953	4146.251
4158.03	0.9000000000005457	trials	18	s018_F191203	coCe	16	135.0	5	4158.33	4158.629
4158.639	0.9000000000005457	trials	18	s018_F191203	grCe_grSu6Ne	7	45.0	5	4158.939	4159.237
4159.246999999999	0.9000000000005457	trials	18	s018_F191203	grCe_grSu6Ne	7	90.0	5	4159.547	4159.846
4159.856	0.9000000000005457	trials	18	s018_F191203	grCe_grSu1Ne	3	90.0	5	4160.156	4160.454
4168.032	0.9000000000005457	trials	18	s018_F191203	grSu12Mi	8		5	4168.332	4168.631
4196.137	0.9000000000005457	trials	18	s018_F191203	grCe_grSu12SmCiNe	13	270.0	5	4196.437	4196.736
4197.354	0.9000000000005457	trials	18	s018_F191203	grCe_grSu6CiNe_PS	19	270.0	5	4197.654	4197.953
4197.954	0.9000000000005457	trials	18	s018_F191203	coCe	16	45.0	5	4198.254	4198.553
4227.61	0.9000000000005457	trials	18	s018_F191203	grCe_grSu12SmCiNe	13	45.0	5	4227.91	4228.208
4254.84	0.9000000000005457	trials	18	s018_F191203	grCe_grSu12SmCiNe	13	0.0	5	4255.14	4255.438
4344.882	0.9000000000005457	trials	18	s018_F191203	grCe_grSu12SmCiNe_PS	21	315.0	5	4345.182	4345.48
4357.476	0.9000000000005457	trials	18	s018_F191203	grCe_grSu6CiNe	15	45.0	5	4357.776	4358.074
4358.084	0.9000000000005457	trials	18	s018_F191203	coCe	16	225.0	5	4358.384	4358.683
4362.9929999999995	0.9000000000005457	trials	18	s018_F191203	coCe_grSu6Ne	17	180.0	5	4363.293	4363.592
4372.037	0.9000000000005457	trials	18	s018_F191203	grCe_grSu3Ne	5	90.0	5	4372.337	4372.635
4385.264	0.9000000000005457	trials	18	s018_F191203	grCe_grSu6Ne	7	180.0	5	4385.564	4385.863
4476.998	0.9000000000005457	trials	18	s018_F191203	grCe	1	135.0	5	4477.298	4477.596
4477.606	0.9000000000005457	trials	18	s018_F191203	grCe_grSu12Mi	9	45.0	5	4477.906	4478.205
4506.629	0.9000000000005457	trials	18	s018_F191203	grCe_grSu6Ne	7	225.0	5	4506.929	4507.227
4527.933	0.9000000000005457	trials	18	s018_F191203	grCe_grSu6Ne_PS	18	0.0	2	4528.233	4528.531
4573.099	0.9000000000005457	trials	18	s018_F191203	coCe_grSu6Ne	17	0.0	2	4573.399	4573.789
4635.936	0.9000000000005457	trials	18	s018_F191203	grCe_grSu1Ne	3	315.0	2	4636.236	4636.534
4650.38	0.9000000000005457	trials	18	s018_F191203	grCe_grSu3Ne	5	90.0	2	4650.68	4650.979
4673.76	0.9000000000005457	trials	18	s018_F191203	NoStim	0		2	4674.06	4674.358
4674.36	0.9000000000005457	trials	18	s018_F191203	grSu3Ne	4		2	4674.66	4674.958
4674.968	0.9000000000005457	trials	18	s018_F191203	grCe_grSu6Ne	7	0.0	2	4675.268	4675.567
4681.8859999999995	0.9000000000005457	trials	18	s018_F191203	grCe_grSu1Ne	3	0.0	2	4682.186	4682.485
4682.486	0.9000000000005457	trials	18	s018_F191203	grCe	1	0.0	2	4682.786	4683.085
4683.095	0.9000000000005457	trials	18	s018_F191203	grCe_grSu6Ne	7	90.0	2	4683.395	4683.693
4683.7119999999995	0.9000000000005457	trials	18	s018_F191203	grCe_grSu18Fa	11	180.0	2	4684.012	4684.31
4690.4039999999995	0.9000000000005457	trials	18	s018_F191203	grCe_grSu6Ne_PS	18	225.0	2	4690.704	4691.003
4691.013	0.9000000000005457	trials	18	s018_F191203	grCe_grSu6Ne_PS	18	90.0	2	4691.313	4691.611
4695.272	0.9000000000005457	trials	18	s018_F191203	grCe_grSu3Ne	5	45.0	2	4695.572	4695.87
4695.871999999999	0.9000000000005457	trials	18	s018_F191203	coCe	16	180.0	2	4696.172	4696.471
4700.531	0.9000000000005457	trials	18	s018_F191203	grCe_grSu12Mi	9	270.0	2	4700.831	4701.13
4701.130999999999	0.9000000000005457	trials	18	s018_F191203	grCe	1	225.0	2	4701.431	4701.73
4701.74	0.9000000000005457	trials	18	s018_F191203	grSu6CiNe	14		2	4702.04	4702.338
4709.133	0.9000000000005457	trials	18	s018_F191203	grCe_grSu3Ne	5	0.0	2	4709.433	4709.731
4709.733	0.9000000000005457	trials	18	s018_F191203	coCe	16	90.0	2	4710.033	4710.331
4710.349999999999	0.9000000000005457	trials	18	s018_F191203	grCe_grSu18Fa	11	315.0	2	4710.65	4710.948
4710.958	0.9000000000005457	trials	18	s018_F191203	grCe_grSu12Mi	9	90.0	2	4711.258	4711.557
4725.753	0.9000000000005457	trials	18	s018_F191203	coSu6Ne	20		2	4726.053	4726.351
4726.361	0.9000000000005457	trials	18	s018_F191203	grCe_grSu12SmCiNe_PS	21	270.0	2	4726.661	4726.96
4743.981	0.9000000000005457	trials	18	s018_F191203	grCe_grSu12Mi	9	0.0	2	4744.281	4744.58
4744.589	0.9000000000005457	trials	18	s018_F191203	coCe_grSu6Ne	17	180.0	2	4744.889	4745.188
4745.197999999999	0.9000000000005457	trials	18	s018_F191203	grCe_grSu12SmCiNe	13	225.0	2	4745.498	4745.796
4745.806	0.9000000000005457	trials	18	s018_F191203	grCe_grSu6CiNe	15	45.0	2	4746.106	4746.405
4753.008	0.9000000000005457	trials	18	s018_F191203	grCe_grSu6CiNe_PS	19	225.0	2	4753.308	4753.606
4753.625	0.9000000000005457	trials	18	s018_F191203	grCe_grSu18Fa	11	90.0	2	4753.925	4754.223
4754.840999999999	0.9000000000005457	trials	18	s018_F191203	grCe_grSu6Ne	7	45.0	2	4755.141	4755.44
4762.226	0.9000000000005457	trials	18	s018_F191203	coCe_grSu6Ne	17	45.0	2	4762.526	4762.825
4762.835	0.9000000000005457	trials	18	s018_F191203	grCe_grSu12Mi	9	225.0	2	4763.135	4763.433
4763.4349999999995	0.9000000000005457	trials	18	s018_F191203	grCe_grSu6CiNe_PS	19	45.0	2	4763.735	4764.033
4764.043	0.9000000000005457	trials	18	s018_F191203	grCe_grSu6CiNe_PS	19	135.0	2	4764.343	4764.642
4811.369	0.9000000000005457	trials	18	s018_F191203	grCe_grSu1Ne	3	90.0	2	4811.669	4811.967
4816.378	0.9000000000005457	trials	18	s018_F191203	grSu12Mi	8		2	4816.678	4816.976
4816.986	0.9000000000005457	trials	18	s018_F191203	grCe_grSu6Ne	7	315.0	2	4817.286	4817.585
4817.595	0.9000000000005457	trials	18	s018_F191203	grCe_grSu1Ne	3	45.0	2	4817.895	4818.193
4818.195	0.9000000000005457	trials	18	s018_F191203	grCe_grSu6Ne_PS	18	135.0	2	4818.495	4818.793
4825.362999999999	0.9000000000005457	trials	18	s018_F191203	grSu12SmCiNe	12		2	4825.663	4825.961
4825.971	0.9000000000005457	trials	18	s018_F191203	grCe_grSu6CiNe	15	315.0	2	4826.271	4826.57
4826.58	0.9000000000005457	trials	18	s018_F191203	grCe_grSu12SmCiNe	13	90.0	2	4826.88	4827.178
4839.732	0.9000000000005457	trials	18	s018_F191203	grCe_grSu12SmCiNe_PS	21	315.0	2	4840.032	4840.331
4840.340999999999	0.9000000000005457	trials	18	s018_F191203	grCe_grSu12SmCiNe	13	135.0	2	4840.641	4840.939
4840.949	0.9000000000005457	trials	18	s018_F191203	grCe_grSu6CiNe	15	225.0	2	4841.249	4841.548
4841.558	0.9000000000005457	trials	18	s018_F191203	grCe_grSu3Ne	5	315.0	2	4841.858	4842.156
4849.259	0.9000000000005457	trials	18	s018_F191203	grCe_grSu12Mi	9	135.0	2	4849.559	4849.857
4849.867	0.9000000000005457	trials	18	s018_F191203	grCe_grSu6CiNe_PS	19	0.0	2	4850.167	4850.466
4858.244	0.9000000000005457	trials	18	s018_F191203	grCe_grSu12SmCiNe	13	45.0	2	4858.544	4858.842
4859.461	0.9000000000005457	trials	18	s018_F191203	coCe_grSu6Ne	17	135.0	2	4859.761	4860.059
4860.0689999999995	0.9000000000005457	trials	18	s018_F191203	grCe_grSu6Ne_PS	18	315.0	2	4860.369	4860.668
4867.637	0.9000000000005457	trials	18	s018_F191203	grCe_grSu6CiNe	15	270.0	2	4867.937	4868.236
4868.246	0.9000000000005457	trials	18	s018_F191203	grCe_grSu12SmCiNe_PS	21	90.0	2	4868.546	4868.844
4868.846	0.9000000000005457	trials	18	s018_F191203	coCe	16	315.0	2	4869.146	4869.444
4869.463	0.9000000000005457	trials	18	s018_F191203	grCe_grSu18Fa	11	135.0	2	4869.763	4870.061
4876.996999999999	0.9000000000005457	trials	18	s018_F191203	grCe	1	270.0	2	4877.297	4877.596
4877.606	0.9000000000005457	trials	18	s018_F191203	grCe_grSu1Ne	3	270.0	2	4877.906	4878.204
4878.206	0.9000000000005457	trials	18	s018_F191203	grCe	1	90.0	2	4878.506	4878.805
4878.813999999999	0.9000000000005457	trials	18	s018_F191203	grCe_grSu6CiNe	15	90.0	2	4879.114	4879.413
4891.867	0.9000000000005457	trials	18	s018_F191203	grCe_grSu12SmCiNe	13	270.0	2	4892.167	4892.465
4892.467	0.9000000000005457	trials	18	s018_F191203	grCe	1	45.0	2	4892.767	4893.066
4893.075	0.9000000000005457	trials	18	s018_F191203	grCe_grSu12SmCiNe_PS	21	135.0	2	4893.375	4893.674
4900.635	0.9000000000005457	trials	18	s018_F191203	grCe_grSu6CiNe_PS	19	315.0	2	4900.935	4901.234
4901.235	0.9000000000005457	trials	18	s018_F191203	coCe	16	270.0	2	4901.535	4901.834
4901.844	0.9000000000005457	trials	18	s018_F191203	coCe	16	225.0	2	4902.144	4902.442
4927.523999999999	0.9000000000005457	trials	18	s018_F191203	grCe_grSu12SmCiNe_PS	21	180.0	2	4927.824	4928.122
4931.791	0.9000000000005457	trials	18	s018_F191203	grCe_grSu6Ne	7	270.0	2	4932.091	4932.389
4932.398999999999	0.9000000000005457	trials	18	s018_F191203	grCe_grSu3Ne	5	225.0	2	4932.699	4932.998
4933.016	0.9000000000005457	trials	18	s018_F191203	grCe_grSu18Fa	11	0.0	2	4933.316	4933.615
4946.085	0.9000000000005457	trials	18	s018_F191203	grCe_grSu12SmCiNe_PS	21	0.0	2	4946.385	4946.684
4946.6939999999995	0.9000000000005457	trials	18	s018_F191203	grCe_grSu6CiNe	15	180.0	2	4946.994	4947.292
4947.302	0.9000000000005457	trials	18	s018_F191203	grCe_grSu1Ne	3	225.0	2	4947.602	4947.901
4947.911	0.9000000000005457	trials	18	s018_F191203	grCe_grSu3Ne	5	135.0	2	4948.211	4948.509
4982.009	0.9000000000005457	trials	18	s018_F191203	grCe	1	180.0	2	4982.309	4982.607
4982.617	0.9000000000005457	trials	18	s018_F191203	grCe_grSu12SmCiNe_PS	21	225.0	2	4982.917	4983.216
4983.226	0.9000000000005457	trials	18	s018_F191203	grSu18Fa	10		2	4983.526	4983.824
4983.834	0.9000000000005457	trials	18	s018_F191203	grCe_grSu12SmCiNe_PS	21	45.0	2	4984.134	4984.433
4992.552	0.9000000000005457	trials	18	s018_F191203	grCe_grSu18Fa	11	45.0	2	4992.852	4993.151
4993.769	0.9000000000005457	trials	18	s018_F191203	coCe_grSu6Ne	17	90.0	2	4994.069	4994.368
5019.090999999999	0.9000000000005457	trials	18	s018_F191203	grCe_grSu6Ne_PS	18	45.0	2	5019.391	5019.689
5019.699	0.9000000000005457	trials	18	s018_F191203	grCe_grSu6CiNe	15	0.0	2	5019.999	5020.298
5059.956999999999	0.9000000000005457	trials	18	s018_F191203	coCe_grSu6Ne	17	270.0	2	5060.257	5060.555
5060.565	0.9000000000005457	trials	18	s018_F191203	grCe_grSu12Mi	9	45.0	2	5060.865	5061.163
5061.173	0.9000000000005457	trials	18	s018_F191203	grCe_grSu6Ne_PS	18	270.0	2	5061.473	5061.772
5068.974999999999	0.9000000000005457	trials	18	s018_F191203	grCe	1	135.0	2	5069.275	5069.573
5069.575	0.9000000000005457	trials	18	s018_F191203	coCe	16	0.0	2	5069.875	5070.173
5070.183	0.9000000000005457	trials	18	s018_F191203	grCe_grSu6CiNe_PS	19	90.0	2	5070.483	5070.782
5070.8	0.9000000000005457	trials	18	s018_F191203	grCe_grSu18Fa	11	270.0	2	5071.1	5071.399
5096.038	0.9000000000005457	trials	18	s018_F191203	grCe_grSu12Mi	9	315.0	2	5096.338	5096.637
5096.647	0.9000000000005457	trials	18	s018_F191203	grCe_grSu6Ne	7	135.0	2	5096.947	5097.245
5101.731	0.9000000000005457	trials	18	s018_F191203	coCe	16	45.0	2	5102.031	5102.329
5102.339	0.9000000000005457	trials	18	s018_F191203	grCe_grSu1Ne	3	135.0	2	5102.639	5102.938
5121.8679999999995	0.9000000000005457	trials	18	s018_F191203	grSu1Ne	2		2	5122.168	5122.467
5122.477	0.9000000000005457	trials	18	s018_F191203	grCe_grSu3Ne	5	270.0	2	5122.777	5123.075
5123.693	0.9000000000005457	trials	18	s018_F191203	grCe_grSu6Ne_PS	18	180.0	2	5123.993	5124.292
5130.336	0.9000000000005457	trials	18	s018_F191203	grCe_grSu3Ne	5	180.0	2	5130.636	5130.935
5130.945	0.9000000000005457	trials	18	s018_F191203	grCe_grSu12SmCiNe	13	315.0	2	5131.245	5131.543
5131.553	0.9000000000005457	trials	18	s018_F191203	grCe_grSu6CiNe_PS	19	270.0	2	5131.853	5132.152
5148.565	0.9000000000005457	trials	18	s018_F191203	grCe_grSu1Ne	3	180.0	2	5148.865	5149.163
5149.173	0.9000000000005457	trials	18	s018_F191203	grCe_grSu12SmCiNe	13	0.0	2	5149.473	5149.772
5166.901	0.9000000000005457	trials	18	s018_F191203	grCe_grSu12Mi	9	180.0	2	5167.201	5167.5
5170.7519999999995	0.9000000000005457	trials	18	s018_F191203	grCe_grSu6Ne	7	225.0	2	5171.052	5171.351
5175.153	0.9000000000005457	trials	18	s018_F191203	grCe_grSu6Ne	7	180.0	2	5175.453	5175.751
5178.762	0.9000000000005457	trials	18	s018_F191203	grCe_grSu6CiNe	15	135.0	2	5179.062	5179.36
5179.362	0.9000000000005457	trials	18	s018_F191203	coCe	16	135.0	2	5179.662	5179.961
5179.971	0.9000000000005457	trials	18	s018_F191203	grCe_grSu12SmCiNe	13	180.0	2	5180.271	5180.569
5180.5869999999995	0.9000000000005457	trials	18	s018_F191203	grCe_grSu18Fa	11	225.0	2	5180.887	5181.186
5188.222	0.9000000000005457	trials	18	s018_F191203	grCe	1	315.0	2	5188.522	5188.821
5188.831	0.9000000000005457	trials	18	s018_F191203	coCe_grSu6Ne	17	225.0	2	5189.131	5189.429
5190.039	0.9000000000005457	trials	18	s018_F191203	grSu6Ne	6		2	5190.339	5190.638
5206.425	0.9000000000005457	trials	18	s018_F191203	grCe_grSu6CiNe_PS	19	180.0	2	5206.725	5207.024
5207.034	0.9000000000005457	trials	18	s018_F191203	coCe_grSu6Ne	17	315.0	2	5207.334	5207.632
5207.642	0.9000000000005457	trials	18	s018_F191203	grCe	1	135.0	4	5207.942	5208.241
5224.062	0.9000000000005457	trials	18	s018_F191203	grCe_grSu1Ne	3	135.0	4	5224.362	5224.661
5232.938999999999	0.9000000000005457	trials	18	s018_F191203	grCe_grSu6Ne_PS	18	180.0	4	5233.239	5233.537
5233.547	0.9000000000005457	trials	18	s018_F191203	grCe_grSu12Mi	9	0.0	4	5233.847	5234.146
5241.199	0.9000000000005457	trials	18	s018_F191203	coCe_grSu6Ne	17	0.0	4	5241.499	5241.797
5258.777	0.9000000000005457	trials	18	s018_F191203	grCe_grSu12SmCiNe	13	0.0	4	5259.077	5259.375
5263.061	0.9000000000005457	trials	18	s018_F191203	grCe_grSu6Ne_PS	18	270.0	4	5263.361	5263.66
5263.669	0.9000000000005457	trials	18	s018_F191203	grCe_grSu1Ne	3	45.0	4	5263.969	5264.268
5264.878	0.9000000000005457	trials	18	s018_F191203	coCe	16	0.0	4	5265.178	5265.477
5271.621	0.9000000000005457	trials	18	s018_F191203	grCe_grSu12SmCiNe	13	180.0	4	5271.921	5272.219
5276.864	0.9000000000005457	trials	18	s018_F191203	grCe_grSu3Ne	5	270.0	4	5277.164	5277.462
5282.69	0.9000000000005457	trials	18	s018_F191203	grCe_grSu6CiNe	15	90.0	4	5282.99	5283.288
5283.298	0.9000000000005457	trials	18	s018_F191203	grSu18Fa	10		4	5283.598	5283.897
5283.907	0.9000000000005457	trials	18	s018_F191203	grCe_grSu1Ne	3	270.0	4	5284.207	5284.505
5296.7919999999995	0.9000000000005457	trials	18	s018_F191203	grCe_grSu3Ne	5	225.0	4	5297.092	5297.391
5297.392	0.9000000000005457	trials	18	s018_F191203	grCe	1	45.0	4	5297.692	5297.991
5307.894	0.9000000000005457	trials	18	s018_F191203	grCe_grSu6Ne	7	315.0	4	5308.194	5308.493
5308.494	0.9000000000005457	trials	18	s018_F191203	grCe	1	0.0	4	5308.794	5309.093
5309.103	0.9000000000005457	trials	18	s018_F191203	grCe_grSu6CiNe_PS	19	45.0	4	5309.403	5309.701
5309.711	0.9000000000005457	trials	18	s018_F191203	grCe_grSu6CiNe	15	225.0	4	5310.011	5310.31
5362.888	0.9000000000005457	trials	18	s018_F191203	grCe_grSu12SmCiNe	13	225.0	4	5363.188	5363.486
5398.353	0.9000000000005457	trials	18	s018_F191203	grCe_grSu3Ne	5	45.0	4	5398.653	5398.951
5402.8949999999995	0.9000000000005457	trials	18	s018_F191203	coCe	16	180.0	4	5403.195	5403.494
5415.931	0.9000000000005457	trials	18	s018_F191203	grCe_grSu12SmCiNe	13	270.0	4	5416.231	5416.53
5416.531	0.9000000000005457	trials	18	s018_F191203	grCe	1	90.0	4	5416.831	5417.13
5421.757	0.9000000000005457	trials	18	s018_F191203	grCe_grSu3Ne	5	135.0	4	5422.057	5422.356
5422.366	0.9000000000005457	trials	18	s018_F191203	grCe_grSu1Ne	3	0.0	4	5422.666	5422.964
5422.974	0.9000000000005457	trials	18	s018_F191203	grCe_grSu6CiNe_PS	19	225.0	4	5423.274	5423.573
5423.590999999999	0.9000000000005457	trials	18	s018_F191203	grCe_grSu18Fa	11	315.0	4	5423.891	5424.189
5449.6539999999995	0.9000000000005457	trials	18	s018_F191203	coCe_grSu6Ne	17	315.0	4	5449.954	5450.253
5463.307	0.9000000000005457	trials	18	s018_F191203	grCe_grSu12Mi	9	90.0	4	5463.607	5463.905
5463.907	0.9000000000005457	trials	18	s018_F191203	NoStim	0		4	5464.207	5464.505
5464.514999999999	0.9000000000005457	trials	18	s018_F191203	grCe_grSu12Mi	9	270.0	4	5464.815	5465.114
5465.124	0.9000000000005457	trials	18	s018_F191203	grCe_grSu1Ne	3	225.0	4	5465.424	5465.722
5471.758	0.9000000000005457	trials	18	s018_F191203	grCe_grSu18Fa	11	135.0	4	5472.058	5472.357
5480.4929999999995	0.9000000000005457	trials	18	s018_F191203	grCe_grSu1Ne	3	315.0	4	5480.793	5481.092
5481.102	0.9000000000005457	trials	18	s018_F191203	grCe_grSu6CiNe	15	0.0	4	5481.402	5481.7
5481.702	0.9000000000005457	trials	18	s018_F191203	grCe_grSu6Ne_PS	18	135.0	4	5482.002	5482.3
5482.3099999999995	0.9000000000005457	trials	18	s018_F191203	grCe_grSu3Ne	5	90.0	4	5482.61	5482.909
5517.758	0.9000000000005457	trials	18	s018_F191203	coCe	16	45.0	4	5518.058	5518.357
5518.3589999999995	0.9000000000005457	trials	18	s018_F191203	grCe_grSu6CiNe_PS	19	315.0	4	5518.659	5518.957
5519.567	0.9000000000005457	trials	18	s018_F191203	grCe	1	180.0	4	5519.867	5520.166
5526.26	0.9000000000005457	trials	18	s018_F191203	coCe_grSu6Ne	17	135.0	4	5526.56	5526.859
5526.8769999999995	0.9000000000005457	trials	18	s018_F191203	grCe_grSu18Fa	11	225.0	4	5527.177	5527.475
5530.561	0.9000000000005457	trials	18	s018_F191203	grCe_grSu6Ne_PS	18	315.0	4	5530.861	5531.159
5531.169	0.9000000000005457	trials	18	s018_F191203	grSu3Ne	4		4	5531.469	5531.768
5531.769	0.9000000000005457	trials	18	s018_F191203	coCe	16	90.0	4	5532.069	5532.368
5535.537	0.9000000000005457	trials	18	s018_F191203	coCe	16	135.0	4	5535.837	5536.135
5536.754	0.9000000000005457	trials	18	s018_F191203	grCe_grSu6Ne	7	0.0	4	5537.054	5537.352
5552.206999999999	0.9000000000005457	trials	18	s018_F191203	coCe	16	315.0	4	5552.507	5552.805
5553.415	0.9000000000005457	trials	18	s018_F191203	grCe	1	225.0	4	5553.715	5554.014
5561.0	0.9000000000005457	trials	18	s018_F191203	grCe_grSu3Ne	5	180.0	4	5561.3	5561.598
5561.599999999999	0.9000000000005457	trials	18	s018_F191203	coCe	16	270.0	4	5561.9	5562.198
5562.2	0.9000000000005457	trials	18	s018_F191203	grCe	1	315.0	4	5562.5	5562.799
5562.809	0.9000000000005457	trials	18	s018_F191203	grCe_grSu12SmCiNe_PS	21	90.0	4	5563.109	5563.407
5570.793	0.9000000000005457	trials	18	s018_F191203	grCe_grSu12SmCiNe	13	135.0	4	5571.093	5571.392
5571.41	0.9000000000005457	trials	18	s018_F191203	grCe_grSu18Fa	11	0.0	4	5571.71	5572.009
5572.01	0.9000000000005457	trials	18	s018_F191203	grCe_grSu6Ne_PS	18	225.0	4	5572.31	5572.609
5572.61	0.9000000000005457	trials	18	s018_F191203	grCe	1	270.0	4	5572.91	5573.209
5580.512	0.9000000000005457	trials	18	s018_F191203	grCe_grSu3Ne	5	0.0	4	5580.812	5581.11
5581.12	0.9000000000005457	trials	18	s018_F191203	grCe_grSu12SmCiNe_PS	21	45.0	4	5581.42	5581.719
5581.729	0.9000000000005457	trials	18	s018_F191203	coCe	16	225.0	4	5582.029	5582.327
5582.3369999999995	0.9000000000005457	trials	18	s018_F191203	grCe_grSu6CiNe	15	135.0	4	5582.637	5582.936
5593.688999999999	0.9000000000005457	trials	18	s018_F191203	grCe_grSu6Ne	7	90.0	4	5593.989	5594.288
5594.298	0.9000000000005457	trials	18	s018_F191203	grCe_grSu1Ne	3	180.0	4	5594.598	5594.896
5599.456999999999	0.9000000000005457	trials	18	s018_F191203	grCe_grSu6CiNe_PS	19	0.0	4	5599.757	5600.055
5601.273999999999	0.9000000000005457	trials	18	s018_F191203	grCe_grSu12SmCiNe_PS	21	0.0	4	5601.574	5601.872
5609.309	0.9000000000005457	trials	18	s018_F191203	grCe_grSu18Fa	11	45.0	4	5609.609	5609.907
5609.9169999999995	0.9000000000005457	trials	18	s018_F191203	coSu6Ne	20		4	5610.217	5610.516
5614.268	0.9000000000005457	trials	18	s018_F191203	grSu12SmCiNe	12		4	5614.568	5614.867
5615.485	0.9000000000005457	trials	18	s018_F191203	grCe_grSu6Ne	7	270.0	4	5615.785	5616.083
5616.093	0.9000000000005457	trials	18	s018_F191203	coCe_grSu6Ne	17	90.0	4	5616.393	5616.692
5628.354	0.9000000000005457	trials	18	s018_F191203	grCe_grSu12SmCiNe_PS	21	135.0	4	5628.654	5628.953
5628.963	0.9000000000005457	trials	18	s018_F191203	coCe_grSu6Ne	17	225.0	4	5629.263	5629.561
5629.571	0.9000000000005457	trials	18	s018_F191203	coCe_grSu6Ne	17	45.0	4	5629.871	5630.169
5630.179	0.9000000000005457	trials	18	s018_F191203	grSu6Ne	6		4	5630.479	5630.778
5637.964	0.9000000000005457	trials	18	s018_F191203	grCe_grSu18Fa	11	270.0	4	5638.264	5638.563
5638.572999999999	0.9000000000005457	trials	18	s018_F191203	grCe_grSu6CiNe_PS	19	135.0	4	5638.873	5639.171
5639.181	0.9000000000005457	trials	18	s018_F191203	grCe_grSu6Ne_PS	18	90.0	4	5639.481	5639.78
5663.669	0.9000000000005457	trials	18	s018_F191203	grCe_grSu12SmCiNe	13	45.0	4	5663.969	5664.267
5664.277	0.9000000000005457	trials	18	s018_F191203	grCe_grSu6Ne	7	180.0	4	5664.577	5664.876
5664.8859999999995	0.9000000000005457	trials	18	s018_F191203	grCe_grSu12SmCiNe_PS	21	315.0	4	5665.186	5665.484
5665.494	0.9000000000005457	trials	18	s018_F191203	grCe_grSu6CiNe_PS	19	270.0	4	5665.794	5666.093
5700.276	0.9000000000005457	trials	18	s018_F191203	grCe_grSu6CiNe_PS	19	180.0	4	5700.576	5700.874
5700.884	0.9000000000005457	trials	18	s018_F191203	coCe_grSu6Ne	17	180.0	4	5701.184	5701.483
5701.501	0.9000000000005457	trials	18	s018_F191203	grCe_grSu18Fa	11	90.0	4	5701.801	5702.099
5702.1089999999995	0.9000000000005457	trials	18	s018_F191203	grCe_grSu6Ne	7	135.0	4	5702.409	5702.708
5730.606	0.9000000000005457	trials	18	s018_F191203	grSu1Ne	2		4	5730.906	5731.205
5731.215	0.9000000000005457	trials	18	s018_F191203	grCe_grSu6Ne	7	45.0	4	5731.515	5731.813
5731.822999999999	0.9000000000005457	trials	18	s018_F191203	grSu12Mi	8		4	5732.123	5732.422
5732.432	0.9000000000005457	trials	18	s018_F191203	grCe_grSu12Mi	9	315.0	4	5732.732	5733.03
5757.6449999999995	0.9000000000005457	trials	18	s018_F191203	grCe_grSu12SmCiNe	13	90.0	4	5757.945	5758.243
5758.253	0.9000000000005457	trials	18	s018_F191203	grCe_grSu12Mi	9	135.0	4	5758.553	5758.852
5758.862	0.9000000000005457	trials	18	s018_F191203	grCe_grSu12SmCiNe_PS	21	225.0	4	5759.162	5759.46
5759.47	0.9000000000005457	trials	18	s018_F191203	grCe_grSu6CiNe	15	180.0	4	5759.77	5760.069
5767.33	0.9000000000005457	trials	18	s018_F191203	grCe_grSu12SmCiNe_PS	21	180.0	4	5767.63	5767.928
5767.938	0.9000000000005457	trials	18	s018_F191203	grCe_grSu6Ne_PS	18	0.0	4	5768.238	5768.537
5772.022	0.9000000000005457	trials	18	s018_F191203	grCe_grSu6CiNe	15	45.0	4	5772.322	5772.621
5772.630999999999	0.9000000000005457	trials	18	s018_F191203	grCe_grSu6Ne_PS	18	45.0	4	5772.931	5773.229
5773.239	0.9000000000005457	trials	18	s018_F191203	grCe_grSu6Ne	7	225.0	4	5773.539	5773.838
5780.449	0.9000000000005457	trials	18	s018_F191203	grCe_grSu12Mi	9	180.0	4	5780.749	5781.048
5781.674	0.9000000000005457	trials	18	s018_F191203	grCe_grSu18Fa	11	180.0	4	5781.974	5782.273
5788.992	0.9000000000005457	trials	18	s018_F191203	grCe_grSu12Mi	9	225.0	4	5789.292	5789.591
5790.201	0.9000000000005457	trials	18	s018_F191203	grCe_grSu12SmCiNe_PS	21	270.0	4	5790.501	5790.799
5797.577	0.9000000000005457	trials	18	s018_F191203	grCe_grSu3Ne	5	315.0	4	5797.877	5798.176
5798.186	0.9000000000005457	trials	18	s018_F191203	grCe_grSu12SmCiNe	13	315.0	4	5798.486	5798.784
5798.794	0.9000000000005457	trials	18	s018_F191203	grCe_grSu6CiNe	15	315.0	4	5799.094	5799.393
5799.403	0.9000000000005457	trials	18	s018_F191203	grCe_grSu6CiNe	15	270.0	4	5799.703	5800.001
5806.670999999999	0.9000000000005457	trials	18	s018_F191203	grCe_grSu6CiNe_PS	19	90.0	4	5806.971	5807.269
5807.2789999999995	0.9000000000005457	trials	18	s018_F191203	grCe_grSu1Ne	3	90.0	4	5807.579	5807.878
5807.887	0.9000000000005457	trials	18	s018_F191203	grCe_grSu12Mi	9	45.0	4	5808.187	5808.486
5808.496	0.9000000000005457	trials	18	s018_F191203	coCe_grSu6Ne	17	270.0	4	5808.796	5809.094
5829.316	0.9000000000005457	trials	18	s018_F191203	grSu6CiNe	14		4	5829.616	5829.915
