onset	duration	nwb_table	ses_ID	ses_Name	cond_Name	cond_ID	target_rot	rep_num	pdOn	pdOff
29.095	0.9000000000000021	trials	99	s099_J210607	grCe_grSu6CiNe	15	315.0	7	29.395	29.694
29.695	0.9000000000000021	trials	99	s099_J210607	grCe_grSu6CiNe_PS	19	270.0	7	29.995	30.294
30.303	0.9000000000000021	trials	99	s099_J210607	grCe_grSu6CiNe_PS	19	0.0	7	30.603	30.903
35.604000000000006	0.8999999999999986	trials	99	s099_J210607	grCe_grSu1Ne	3	180.0	7	35.904	36.204
36.221000000000004	0.8999999999999986	trials	99	s099_J210607	grCe_grSu18Fa	11	180.0	7	36.521	36.82
36.829	0.8999999999999986	trials	99	s099_J210607	grCe_grSu12SmCiNe	13	0.0	7	37.129	37.429
44.564	0.8999999999999986	trials	99	s099_J210607	grCe_grSu12Mi	9	270.0	7	44.864	45.163
45.164	0.8999999999999986	trials	99	s099_J210607	grCe	1	135.0	7	45.464	45.763
45.772000000000006	0.8999999999999986	trials	99	s099_J210607	grCe_grSu12SmCiNe	13	45.0	7	46.072	46.372
51.398	0.8999999999999986	trials	99	s099_J210607	grCe_grSu6CiNe	15	270.0	7	51.698	51.997
52.006	0.8999999999999986	trials	99	s099_J210607	grCe_grSu3Ne	5	225.0	7	52.306	52.606
60.616	0.8999999999999986	trials	99	s099_J210607	grCe_grSu3Ne	5	90.0	7	60.916	61.215
61.216	0.8999999999999986	trials	99	s099_J210607	grCe_grSu12SmCiNe_PS	21	315.0	7	61.516	61.815
61.816	0.8999999999999986	trials	99	s099_J210607	grCe_grSu6Ne_PS	18	315.0	7	62.116	62.415
66.75800000000001	0.8999999999999915	trials	99	s099_J210607	grCe_grSu6CiNe_PS	19	180.0	7	67.058	67.358
67.97500000000001	0.8999999999999915	trials	99	s099_J210607	grCe_grSu12Mi	9	315.0	7	68.275	68.574
73.23400000000001	0.8999999999999915	trials	99	s099_J210607	grCe_grSu12Mi	9	45.0	7	73.534	73.833
73.842	0.8999999999999915	trials	99	s099_J210607	grCe_grSu6Ne_PS	18	90.0	7	74.142	74.442
79.735	0.8999999999999915	trials	99	s099_J210607	grCe_grSu6Ne_PS	18	225.0	7	80.035	80.334
80.343	0.8999999999999915	trials	99	s099_J210607	grCe_grSu6CiNe	15	0.0	7	80.643	80.943
80.952	0.8999999999999915	trials	99	s099_J210607	coCe_grSu6Ne	17	270.0	7	81.252	81.551
86.00200000000001	0.8999999999999915	trials	99	s099_J210607	grCe_grSu1Ne	3	315.0	7	86.302	86.602
86.611	0.8999999999999915	trials	99	s099_J210607	grCe_grSu12SmCiNe	13	90.0	7	86.911	87.21
87.21900000000001	0.8999999999999915	trials	99	s099_J210607	grCe_grSu12SmCiNe_PS	21	180.0	7	87.519	87.819
92.27	0.8999999999999915	trials	99	s099_J210607	coCe_grSu6Ne	17	45.0	7	92.57	92.869
92.878	0.8999999999999915	trials	99	s099_J210607	grCe_grSu6Ne_PS	18	180.0	7	93.178	93.478
93.48700000000001	0.8999999999999915	trials	99	s099_J210607	grCe_grSu6Ne	7	180.0	7	93.787	94.086
98.412	0.8999999999999915	trials	99	s099_J210607	grCe_grSu6CiNe	15	225.0	7	98.712	99.012
102.12100000000001	0.8999999999999915	trials	99	s099_J210607	grCe	1	45.0	7	102.421	102.721
102.729	0.8999999999999915	trials	99	s099_J210607	grCe_grSu12SmCiNe_PS	21	135.0	7	103.029	103.329
108.438	0.8999999999999915	trials	99	s099_J210607	grCe_grSu12SmCiNe_PS	21	90.0	7	108.738	109.038
109.047	0.8999999999999915	trials	99	s099_J210607	grCe_grSu12Mi	9	90.0	7	109.347	109.646
109.655	0.8999999999999915	trials	99	s099_J210607	grCe_grSu12Mi	9	0.0	7	109.955	110.255
119.157	0.8999999999999915	trials	99	s099_J210607	grCe_grSu1Ne	3	45.0	7	119.457	119.756
119.765	0.8999999999999915	trials	99	s099_J210607	grCe_grSu6Ne	7	315.0	7	120.065	120.364
120.36500000000001	0.8999999999999915	trials	99	s099_J210607	coCe	16	270.0	7	120.665	120.965
125.866	0.8999999999999915	trials	99	s099_J210607	grCe_grSu18Fa	11	135.0	7	126.166	126.465
126.474	0.8999999999999915	trials	99	s099_J210607	coCe_grSu6Ne	17	90.0	7	126.774	127.074
127.083	0.8999999999999915	trials	99	s099_J210607	grCe_grSu6Ne	7	0.0	7	127.383	127.682
132.06699999999998	0.9000000000000057	trials	99	s099_J210607	grCe_grSu1Ne	3	90.0	7	132.367	132.666
133.283	0.9000000000000057	trials	99	s099_J210607	coCe_grSu6Ne	17	0.0	7	133.583	133.883
138.09199999999998	0.9000000000000057	trials	99	s099_J210607	grCe_grSu6Ne	7	45.0	7	138.392	138.692
142.435	0.9000000000000057	trials	99	s099_J210607	grCe_grSu1Ne	3	270.0	7	142.735	143.034
143.035	0.9000000000000057	trials	99	s099_J210607	coCe	16	135.0	7	143.335	143.634
152.594	0.9000000000000057	trials	99	s099_J210607	grCe_grSu12SmCiNe	13	180.0	7	152.894	153.194
153.803	0.9000000000000057	trials	99	s099_J210607	NoStim	0		7	154.103	154.402
162.82899999999998	0.9000000000000057	trials	99	s099_J210607	coCe	16	45.0	7	163.129	163.428
163.43699999999998	0.9000000000000057	trials	99	s099_J210607	grCe_grSu12SmCiNe_PS	21	270.0	7	163.737	164.037
164.03699999999998	0.9000000000000057	trials	99	s099_J210607	coCe	16	90.0	7	164.337	164.637
168.896	0.9000000000000057	trials	99	s099_J210607	grCe_grSu6Ne	7	135.0	7	169.196	169.496
172.772	0.9000000000000057	trials	99	s099_J210607	grCe_grSu1Ne	3	225.0	7	173.072	173.371
176.90599999999998	0.9000000000000057	trials	99	s099_J210607	grCe_grSu3Ne	5	270.0	7	177.206	177.505
177.51399999999998	0.9000000000000057	trials	99	s099_J210607	grCe_grSu6Ne_PS	18	0.0	7	177.814	178.114
178.123	0.9000000000000057	trials	99	s099_J210607	grCe_grSu12SmCiNe_PS	21	225.0	7	178.423	178.722
183.11499999999998	0.9000000000000057	trials	99	s099_J210607	grSu6Ne	6		7	183.415	183.714
183.72299999999998	0.9000000000000057	trials	99	s099_J210607	grSu12Mi	8		7	184.023	184.323
184.332	0.9000000000000057	trials	99	s099_J210607	grCe_grSu6Ne	7	90.0	7	184.632	184.931
189.249	0.9000000000000057	trials	99	s099_J210607	grCe_grSu12Mi	9	135.0	7	189.549	189.849
189.86599999999999	0.9000000000000057	trials	99	s099_J210607	grSu18Fa	10		7	190.166	190.465
190.474	0.9000000000000057	trials	99	s099_J210607	grCe_grSu12SmCiNe	13	135.0	7	190.774	191.074
195.433	0.9000000000000057	trials	99	s099_J210607	grSu12SmCiNe	12		7	195.733	196.033
196.033	0.9000000000000057	trials	99	s099_J210607	coCe	16	225.0	7	196.333	196.633
202.83399999999997	0.9000000000000057	trials	99	s099_J210607	grCe_grSu12SmCiNe	13	225.0	7	203.134	203.434
203.434	0.9000000000000057	trials	99	s099_J210607	coCe	16	315.0	7	203.734	204.034
204.04299999999998	0.9000000000000057	trials	99	s099_J210607	grCe_grSu12Mi	9	180.0	7	204.343	204.642
212.47699999999998	0.9000000000000057	trials	99	s099_J210607	grCe_grSu1Ne	3	0.0	7	212.777	213.077
218.21099999999998	0.9000000000000057	trials	99	s099_J210607	grCe_grSu6CiNe	15	45.0	7	218.511	218.811
218.82799999999997	0.9000000000000057	trials	99	s099_J210607	grCe_grSu18Fa	11	315.0	7	219.128	219.427
219.445	0.9000000000000057	trials	99	s099_J210607	grCe_grSu18Fa	11	45.0	7	219.745	220.044
224.45399999999998	0.9000000000000057	trials	99	s099_J210607	grCe_grSu6CiNe_PS	19	135.0	7	224.754	225.053
230.696	0.9000000000000057	trials	99	s099_J210607	coCe_grSu6Ne	17	180.0	7	230.996	231.296
231.313	0.9000000000000057	trials	99	s099_J210607	grCe_grSu18Fa	11	225.0	7	231.613	231.912
231.921	0.9000000000000057	trials	99	s099_J210607	grCe_grSu3Ne	5	45.0	7	232.221	232.521
236.947	0.9000000000000057	trials	99	s099_J210607	grCe_grSu1Ne	3	135.0	7	237.247	237.546
243.631	0.9000000000000057	trials	99	s099_J210607	coCe_grSu6Ne	17	315.0	7	243.931	244.231
249.75699999999998	0.9000000000000057	trials	99	s099_J210607	grCe_grSu12SmCiNe	13	270.0	7	250.057	250.356
262.733	0.9000000000000341	trials	99	s099_J210607	grCe_grSu6Ne	7	270.0	7	263.033	263.333
269.368	0.9000000000000341	trials	99	s099_J210607	grCe_grSu6CiNe_PS	19	90.0	7	269.668	269.967
269.976	0.9000000000000341	trials	99	s099_J210607	grCe_grSu3Ne	5	135.0	7	270.276	270.576
270.585	0.9000000000000341	trials	99	s099_J210607	grCe_grSu3Ne	5	180.0	7	270.885	271.184
275.443	0.9000000000000341	trials	99	s099_J210607	grCe_grSu6Ne	7	225.0	7	275.743	276.043
279.111	0.9000000000000341	trials	99	s099_J210607	grCe_grSu3Ne	5	315.0	7	279.411	279.71
283.061	0.9000000000000341	trials	99	s099_J210607	coSu6Ne	20		7	283.361	283.661
284.27799999999996	0.9000000000000341	trials	99	s099_J210607	grSu3Ne	4		7	284.578	284.877
289.137	0.9000000000000341	trials	99	s099_J210607	grSu6CiNe	14		7	289.437	289.736
292.721	0.9000000000000341	trials	99	s099_J210607	coCe_grSu6Ne	17	135.0	7	293.021	293.32
299.455	0.9000000000000341	trials	99	s099_J210607	grSu1Ne	2		7	299.755	300.054
300.063	0.9000000000000341	trials	99	s099_J210607	grCe_grSu12SmCiNe	13	315.0	7	300.363	300.663
300.663	0.9000000000000341	trials	99	s099_J210607	grCe_grSu6Ne_PS	18	135.0	7	300.963	301.263
305.606	0.9000000000000341	trials	99	s099_J210607	coCe_grSu6Ne	17	225.0	7	305.906	306.205
306.222	0.9000000000000341	trials	99	s099_J210607	grCe_grSu18Fa	11	0.0	7	306.522	306.822
306.83099999999996	0.9000000000000341	trials	99	s099_J210607	grCe_grSu12Mi	9	225.0	7	307.131	307.43
311.656	0.9000000000000341	trials	99	s099_J210607	grCe	1	225.0	7	311.956	312.256
312.265	0.9000000000000341	trials	99	s099_J210607	grCe_grSu6CiNe_PS	19	315.0	7	312.565	312.864
312.865	0.9000000000000341	trials	99	s099_J210607	grCe	1	180.0	7	313.165	313.465
317.574	0.9000000000000341	trials	99	s099_J210607	grCe_grSu6CiNe	15	180.0	7	317.874	318.173
318.174	0.9000000000000341	trials	99	s099_J210607	grCe_grSu6CiNe_PS	19	225.0	7	318.474	318.774
318.774	0.9000000000000341	trials	99	s099_J210607	grCe_grSu6Ne_PS	18	270.0	7	319.074	319.374
323.95	0.9000000000000341	trials	99	s099_J210607	grCe	1	0.0	7	324.25	324.549
327.634	0.9000000000000341	trials	99	s099_J210607	grCe_grSu12SmCiNe_PS	21	0.0	7	327.934	328.233
328.234	0.9000000000000341	trials	99	s099_J210607	grCe	1	315.0	7	328.534	328.833
328.84999999999997	0.9000000000000341	trials	99	s099_J210607	grCe_grSu18Fa	11	270.0	7	329.15	329.45
333.768	0.9000000000000341	trials	99	s099_J210607	grCe_grSu6CiNe_PS	19	45.0	7	334.068	334.367
334.376	0.9000000000000341	trials	99	s099_J210607	grCe_grSu3Ne	5	0.0	7	334.676	334.976
339.793	0.9000000000000341	trials	99	s099_J210607	coCe	16	0.0	7	340.093	340.393
344.036	0.9000000000000341	trials	99	s099_J210607	grCe_grSu18Fa	11	90.0	7	344.336	344.635
344.644	0.9000000000000341	trials	99	s099_J210607	grCe_grSu6CiNe	15	90.0	7	344.944	345.244
349.311	0.9000000000000341	trials	99	s099_J210607	coCe	16	180.0	7	349.611	349.911
358.688	0.9000000000000341	trials	99	s099_J210607	grCe	1	270.0	7	358.988	359.287
359.288	0.9000000000000341	trials	99	s099_J210607	grCe	1	90.0	7	359.588	359.887
359.888	0.9000000000000341	trials	99	s099_J210607	grCe_grSu12SmCiNe_PS	21	45.0	7	360.188	360.487
364.947	0.9000000000000341	trials	99	s099_J210607	grCe_grSu6Ne_PS	18	45.0	7	365.247	365.546
365.555	0.9000000000000341	trials	99	s099_J210607	grCe_grSu6CiNe	15	135.0	7	365.855	366.155
366.155	0.9000000000000341	trials	99	s099_J210607	grCe	1	90.0	9	366.455	366.755
375.70599999999996	0.9000000000000341	trials	99	s099_J210607	coCe	16	0.0	9	376.006	376.306
380.782	0.9000000000000341	trials	99	s099_J210607	grCe_grSu12SmCiNe	13	225.0	9	381.082	381.382
381.382	0.9000000000000341	trials	99	s099_J210607	grCe_grSu6Ne_PS	18	45.0	9	381.682	381.982
391.05	0.9000000000000341	trials	99	s099_J210607	grSu12Mi	8		9	391.35	391.65
391.659	0.9000000000000341	trials	99	s099_J210607	grCe_grSu3Ne	5	45.0	9	391.959	392.258
392.267	0.9000000000000341	trials	99	s099_J210607	grCe_grSu3Ne	5	135.0	9	392.567	392.866
397.793	0.9000000000000341	trials	99	s099_J210607	grCe_grSu6CiNe	15	135.0	9	398.093	398.392
398.393	0.9000000000000341	trials	99	s099_J210607	grCe_grSu6Ne_PS	18	270.0	9	398.693	398.992
409.86899999999997	0.9000000000000341	trials	99	s099_J210607	grCe	1	225.0	9	410.169	410.469
410.478	0.9000000000000341	trials	99	s099_J210607	grCe_grSu3Ne	5	270.0	9	410.778	411.077
411.086	0.9000000000000341	trials	99	s099_J210607	coCe_grSu6Ne	17	0.0	9	411.386	411.686
416.578	0.9000000000000341	trials	99	s099_J210607	grCe_grSu12Mi	9	315.0	9	416.878	417.178
423.346	0.9000000000000341	trials	99	s099_J210607	coCe	16	225.0	9	423.646	423.946
430.639	0.9000000000000341	trials	99	s099_J210607	grCe_grSu6CiNe_PS	19	45.0	9	430.939	431.238
431.239	0.9000000000000341	trials	99	s099_J210607	coCe	16	270.0	9	431.539	431.838
435.989	0.9000000000000341	trials	99	s099_J210607	coSu6Ne	20		9	436.289	436.589
437.20599999999996	0.9000000000000341	trials	99	s099_J210607	grCe_grSu12SmCiNe	13	270.0	9	437.506	437.806
442.10699999999997	0.9000000000000341	trials	99	s099_J210607	grCe_grSu12SmCiNe	13	315.0	9	442.407	442.706
442.723	0.9000000000000341	trials	99	s099_J210607	grCe_grSu18Fa	11	0.0	9	443.023	443.323
443.324	0.9000000000000341	trials	99	s099_J210607	grCe_grSu12SmCiNe_PS	21	225.0	9	443.624	443.923
448.74899999999997	0.9000000000000341	trials	99	s099_J210607	grCe_grSu12Mi	9	225.0	9	449.049	449.349
449.358	0.9000000000000341	trials	99	s099_J210607	grCe_grSu1Ne	3	135.0	9	449.658	449.957
454.34999999999997	0.9000000000000341	trials	99	s099_J210607	grCe_grSu1Ne	3	180.0	9	454.65	454.95
454.95	0.9000000000000341	trials	99	s099_J210607	coCe	16	45.0	9	455.25	455.55
455.567	0.9000000000000341	trials	99	s099_J210607	grCe_grSu18Fa	11	315.0	9	455.867	456.166
460.49199999999996	0.9000000000000341	trials	99	s099_J210607	grCe_grSu6CiNe	15	270.0	9	460.792	461.092
461.09299999999996	0.9000000000000341	trials	99	s099_J210607	grCe_grSu6Ne_PS	18	180.0	9	461.393	461.692
465.635	0.9000000000000341	trials	99	s099_J210607	grCe_grSu3Ne	5	315.0	9	465.935	466.234
466.235	0.9000000000000341	trials	99	s099_J210607	grCe	1	45.0	9	466.535	466.834
472.452	0.9000000000000341	trials	99	s099_J210607	grCe_grSu6Ne	7	225.0	9	472.752	473.052
477.38599999999997	0.9000000000000341	trials	99	s099_J210607	grCe_grSu6Ne	7	315.0	9	477.686	477.986
484.57099999999997	0.9000000000000341	trials	99	s099_J210607	grCe_grSu18Fa	11	45.0	9	484.871	485.17
485.179	0.9000000000000341	trials	99	s099_J210607	grCe_grSu1Ne	3	90.0	9	485.479	485.779
485.787	0.9000000000000341	trials	99	s099_J210607	grCe_grSu3Ne	5	180.0	9	486.087	486.387
490.755	0.9000000000000341	trials	99	s099_J210607	grCe_grSu18Fa	11	270.0	9	491.055	491.354
491.35499999999996	0.9000000000000341	trials	99	s099_J210607	grCe	1	180.0	9	491.655	491.954
491.96299999999997	0.9000000000000341	trials	99	s099_J210607	coCe_grSu6Ne	17	315.0	9	492.263	492.563
496.72999999999996	0.9000000000000341	trials	99	s099_J210607	grCe_grSu6CiNe	15	225.0	9	497.03	497.33
497.339	0.9000000000000341	trials	99	s099_J210607	grCe_grSu1Ne	3	315.0	9	497.639	497.938
497.947	0.9000000000000341	trials	99	s099_J210607	grCe_grSu6Ne	7	180.0	9	498.247	498.547
502.89	0.9000000000000341	trials	99	s099_J210607	coCe_grSu6Ne	17	180.0	9	503.19	503.489
503.498	0.9000000000000341	trials	99	s099_J210607	grCe_grSu6CiNe_PS	19	0.0	9	503.798	504.098
504.098	0.9000000000000341	trials	99	s099_J210607	grCe_grSu6Ne_PS	18	0.0	9	504.398	504.698
509.674	0.9000000000000341	trials	99	s099_J210607	grCe_grSu6Ne	7	90.0	9	509.974	510.273
514.0490000000001	0.8999999999999773	trials	99	s099_J210607	grCe_grSu12Mi	9	135.0	9	514.349	514.649
514.658	0.8999999999999773	trials	99	s099_J210607	coCe_grSu6Ne	17	135.0	9	514.958	515.257
515.2660000000001	0.8999999999999773	trials	99	s099_J210607	grCe_grSu6CiNe	15	90.0	9	515.566	515.866
523.5840000000001	0.8999999999999773	trials	99	s099_J210607	grCe_grSu6Ne	7	45.0	9	523.884	524.183
524.192	0.8999999999999773	trials	99	s099_J210607	coCe_grSu6Ne	17	90.0	9	524.492	524.792
524.801	0.8999999999999773	trials	99	s099_J210607	grCe_grSu12Mi	9	45.0	9	525.101	525.4
529.71	0.8999999999999773	trials	99	s099_J210607	grSu18Fa	10		9	530.01	530.309
530.3180000000001	0.8999999999999773	trials	99	s099_J210607	grCe_grSu6CiNe	15	180.0	9	530.618	530.918
530.927	0.8999999999999773	trials	99	s099_J210607	coCe_grSu6Ne	17	225.0	9	531.227	531.526
539.8190000000001	0.8999999999999773	trials	99	s099_J210607	coCe	16	180.0	9	540.119	540.419
545.912	0.8999999999999773	trials	99	s099_J210607	grCe_grSu6Ne_PS	18	315.0	9	546.212	546.511
546.5200000000001	0.8999999999999773	trials	99	s099_J210607	grCe_grSu6CiNe	15	0.0	9	546.82	547.12
552.071	0.8999999999999773	trials	99	s099_J210607	grCe_grSu12Mi	9	0.0	9	552.371	552.671
552.6790000000001	0.8999999999999773	trials	99	s099_J210607	grCe_grSu6Ne_PS	18	90.0	9	552.979	553.279
553.288	0.8999999999999773	trials	99	s099_J210607	grCe_grSu6Ne_PS	18	225.0	9	553.588	553.887
558.255	0.8999999999999773	trials	99	s099_J210607	grCe_grSu18Fa	11	135.0	9	558.555	558.855
558.864	0.8999999999999773	trials	99	s099_J210607	grCe_grSu12SmCiNe	13	0.0	9	559.164	559.463
559.4720000000001	0.8999999999999773	trials	99	s099_J210607	coCe_grSu6Ne	17	45.0	9	559.772	560.071
564.273	0.8999999999999773	trials	99	s099_J210607	grCe_grSu12SmCiNe_PS	21	90.0	9	564.573	564.872
564.8810000000001	0.8999999999999773	trials	99	s099_J210607	grCe_grSu6CiNe	15	45.0	9	565.181	565.481
565.489	0.8999999999999773	trials	99	s099_J210607	grSu12SmCiNe	12		9	565.789	566.089
570.957	0.8999999999999773	trials	99	s099_J210607	grCe_grSu1Ne	3	45.0	9	571.257	571.556
571.565	0.8999999999999773	trials	99	s099_J210607	grCe_grSu12SmCiNe_PS	21	270.0	9	571.865	572.165
577.058	0.8999999999999773	trials	99	s099_J210607	grCe_grSu12SmCiNe	13	45.0	9	577.358	577.657
583.258	0.8999999999999773	trials	99	s099_J210607	coCe	16	315.0	9	583.558	583.858
583.8670000000001	0.8999999999999773	trials	99	s099_J210607	grCe_grSu1Ne	3	270.0	9	584.167	584.466
588.801	0.8999999999999773	trials	99	s099_J210607	grCe_grSu12SmCiNe_PS	21	45.0	9	589.101	589.4
589.409	0.8999999999999773	trials	99	s099_J210607	grCe_grSu6Ne_PS	18	135.0	9	589.709	590.009
590.018	0.8999999999999773	trials	99	s099_J210607	coCe_grSu6Ne	17	270.0	9	590.318	590.617
594.96	0.8999999999999773	trials	99	s099_J210607	grCe	1	0.0	9	595.26	595.559
596.1600000000001	0.8999999999999773	trials	99	s099_J210607	grCe	1	315.0	9	596.46	596.76
601.1270000000001	0.8999999999999773	trials	99	s099_J210607	grCe_grSu12SmCiNe_PS	21	0.0	9	601.427	601.727
601.736	0.8999999999999773	trials	99	s099_J210607	grCe_grSu6CiNe_PS	19	315.0	9	602.036	602.335
602.344	0.8999999999999773	trials	99	s099_J210607	grCe_grSu1Ne	3	225.0	9	602.644	602.944
610.47	0.8999999999999773	trials	99	s099_J210607	grCe_grSu12Mi	9	180.0	9	610.77	611.07
611.0790000000001	0.8999999999999773	trials	99	s099_J210607	grSu3Ne	4		9	611.379	611.678
611.687	0.8999999999999773	trials	99	s099_J210607	grCe_grSu6CiNe	15	315.0	9	611.987	612.287
619.88	0.8999999999999773	trials	99	s099_J210607	grCe_grSu12SmCiNe_PS	21	315.0	9	620.18	620.479
620.488	0.8999999999999773	trials	99	s099_J210607	grCe_grSu3Ne	5	90.0	9	620.788	621.088
621.105	0.8999999999999773	trials	99	s099_J210607	grCe_grSu18Fa	11	90.0	9	621.405	621.704
626.0640000000001	0.8999999999999773	trials	99	s099_J210607	grCe_grSu6Ne	7	270.0	9	626.364	626.663
627.272	0.8999999999999773	trials	99	s099_J210607	grCe_grSu12SmCiNe_PS	21	180.0	9	627.572	627.872
631.956	0.8999999999999773	trials	99	s099_J210607	grCe	1	135.0	9	632.256	632.556
632.565	0.8999999999999773	trials	99	s099_J210607	grCe_grSu6Ne	7	135.0	9	632.865	633.164
633.1650000000001	0.8999999999999773	trials	99	s099_J210607	NoStim	0		9	633.465	633.764
638.157	0.8999999999999773	trials	99	s099_J210607	grCe_grSu6CiNe_PS	19	180.0	9	638.457	638.757
638.7660000000001	0.8999999999999773	trials	99	s099_J210607	grCe_grSu3Ne	5	0.0	9	639.066	639.365
639.3660000000001	0.8999999999999773	trials	99	s099_J210607	grCe_grSu6CiNe_PS	19	135.0	9	639.666	639.965
644.841	0.8999999999999773	trials	99	s099_J210607	grSu6Ne	6		9	645.141	645.441
645.441	0.8999999999999773	trials	99	s099_J210607	grCe_grSu12SmCiNe_PS	21	135.0	9	645.741	646.041
650.292	0.8999999999999773	trials	99	s099_J210607	grSu1Ne	2		9	650.592	650.892
650.892	0.8999999999999773	trials	99	s099_J210607	coCe	16	90.0	9	651.192	651.492
651.4920000000001	0.8999999999999773	trials	99	s099_J210607	coCe	16	135.0	9	651.792	652.092
656.359	0.8999999999999773	trials	99	s099_J210607	grCe_grSu6CiNe_PS	19	225.0	9	656.659	656.959
657.576	0.8999999999999773	trials	99	s099_J210607	grSu6CiNe	14		9	657.876	658.176
662.4350000000001	0.8999999999999773	trials	99	s099_J210607	grCe_grSu6Ne	7	0.0	9	662.735	663.035
666.327	0.8999999999999773	trials	99	s099_J210607	grCe_grSu3Ne	5	225.0	9	666.627	666.927
666.936	0.8999999999999773	trials	99	s099_J210607	grCe_grSu12SmCiNe	13	135.0	9	667.236	667.535
667.553	0.8999999999999773	trials	99	s099_J210607	grCe_grSu18Fa	11	225.0	9	667.853	668.152
675.445	0.8999999999999773	trials	99	s099_J210607	grCe_grSu18Fa	11	180.0	9	675.745	676.045
676.0450000000001	0.8999999999999773	trials	99	s099_J210607	grCe	1	270.0	9	676.345	676.645
676.654	0.8999999999999773	trials	99	s099_J210607	grCe_grSu12Mi	9	270.0	9	676.954	677.253
682.0540000000001	0.8999999999999773	trials	99	s099_J210607	grCe_grSu12SmCiNe	13	180.0	9	682.354	682.654
682.663	0.8999999999999773	trials	99	s099_J210607	grCe_grSu12SmCiNe	13	90.0	9	682.963	683.262
687.58	0.8999999999999773	trials	99	s099_J210607	grCe_grSu12Mi	9	90.0	9	687.88	688.18
688.1800000000001	0.8999999999999773	trials	99	s099_J210607	grCe_grSu6CiNe_PS	19	270.0	9	688.48	688.78
688.7890000000001	0.8999999999999773	trials	99	s099_J210607	grCe_grSu1Ne	3	0.0	9	689.089	689.388
693.6310000000001	0.8999999999999773	trials	99	s099_J210607	grCe_grSu6CiNe_PS	19	90.0	9	693.931	694.231
694.231	0.8999999999999773	trials	99	s099_J210607	grCe	1	315.0	3	694.531	694.831
694.839	0.8999999999999773	trials	99	s099_J210607	grCe_grSu6Ne	7	135.0	3	695.139	695.439
699.7320000000001	0.8999999999999773	trials	99	s099_J210607	grCe_grSu12SmCiNe	13	135.0	3	700.032	700.331
700.9490000000001	0.8999999999999773	trials	99	s099_J210607	grCe_grSu6CiNe_PS	19	315.0	3	701.249	701.548
706.6080000000001	0.8999999999999773	trials	99	s099_J210607	grCe_grSu6CiNe_PS	19	90.0	3	706.908	707.207
711.4000000000001	0.8999999999999773	trials	99	s099_J210607	grCe_grSu12SmCiNe	13	45.0	3	711.7	711.999
716.2760000000001	0.8999999999999773	trials	99	s099_J210607	grCe_grSu6Ne_PS	18	90.0	3	716.576	716.875
719.9680000000001	0.8999999999999773	trials	99	s099_J210607	grCe_grSu12SmCiNe_PS	21	135.0	3	720.268	720.567
720.7760000000001	0.8999999999999773	trials	99	s099_J210607	grCe_grSu3Ne	5	315.0	3	721.076	721.376
721.385	0.8999999999999773	trials	99	s099_J210607	grCe_grSu6CiNe_PS	19	270.0	3	721.685	721.984
726.8100000000001	0.8999999999999773	trials	99	s099_J210607	grCe_grSu6CiNe	15	225.0	3	727.11	727.41
730.344	0.8999999999999773	trials	99	s099_J210607	coCe_grSu6Ne	17	270.0	3	730.644	730.944
730.9440000000001	0.8999999999999773	trials	99	s099_J210607	grCe_grSu6Ne_PS	18	315.0	3	731.244	731.544
731.553	0.8999999999999773	trials	99	s099_J210607	grCe_grSu1Ne	3	90.0	3	731.853	732.152
736.5120000000001	0.8999999999999773	trials	99	s099_J210607	grSu3Ne	4		3	736.812	737.111
737.1120000000001	0.8999999999999773	trials	99	s099_J210607	grCe_grSu6CiNe_PS	19	0.0	3	737.412	737.711
737.712	0.8999999999999773	trials	99	s099_J210607	grCe	1	0.0	3	738.012	738.311
742.4870000000001	0.8999999999999773	trials	99	s099_J210607	NoStim	0		3	742.787	743.087
743.087	0.8999999999999773	trials	99	s099_J210607	grSu6Ne	6		3	743.387	743.687
743.729	0.8999999999999773	trials	99	s099_J210607	coCe_grSu6Ne	17	135.0	3	744.029	744.329
752.089	0.8999999999999773	trials	99	s099_J210607	coCe	16	315.0	3	752.389	752.688
755.422	0.8999999999999773	trials	99	s099_J210607	coCe	16	270.0	3	755.722	756.022
758.923	0.8999999999999773	trials	99	s099_J210607	grCe_grSu18Fa	11	45.0	3	759.223	759.522
759.5310000000001	0.8999999999999773	trials	99	s099_J210607	grCe_grSu12Mi	9	315.0	3	759.831	760.131
765.615	0.8999999999999773	trials	99	s099_J210607	grCe	1	180.0	3	765.915	766.215
766.224	0.8999999999999773	trials	99	s099_J210607	grCe_grSu6Ne	7	315.0	3	766.524	766.823
771.124	0.8999999999999773	trials	99	s099_J210607	coCe_grSu6Ne	17	45.0	3	771.424	771.724
771.7330000000001	0.8999999999999773	trials	99	s099_J210607	grCe_grSu3Ne	5	135.0	3	772.033	772.332
772.3660000000001	0.8999999999999773	trials	99	s099_J210607	grCe	1	135.0	3	772.666	772.966
780.7760000000001	0.8999999999999773	trials	99	s099_J210607	grCe_grSu18Fa	11	180.0	3	781.076	781.375
781.3760000000001	0.8999999999999773	trials	99	s099_J210607	grCe	1	90.0	3	781.676	781.975
786.36	0.8999999999999773	trials	99	s099_J210607	grSu18Fa	10		3	786.66	786.959
803.7950000000001	0.8999999999999773	trials	99	s099_J210607	grCe_grSu18Fa	11	270.0	3	804.095	804.395
809.6210000000001	0.8999999999999773	trials	99	s099_J210607	grCe_grSu12Mi	9	90.0	3	809.921	810.221
810.229	0.8999999999999773	trials	99	s099_J210607	grCe_grSu6CiNe_PS	19	180.0	3	810.529	810.829
810.846	0.8999999999999773	trials	99	s099_J210607	grCe_grSu18Fa	11	135.0	3	811.146	811.446
822.5390000000001	0.8999999999999773	trials	99	s099_J210607	grCe_grSu6CiNe	15	90.0	3	822.839	823.139
823.139	0.8999999999999773	trials	99	s099_J210607	grCe	1	270.0	3	823.439	823.739
823.748	0.8999999999999773	trials	99	s099_J210607	coCe_grSu6Ne	17	225.0	3	824.048	824.347
828.74	0.8999999999999773	trials	99	s099_J210607	coCe_grSu6Ne	17	180.0	3	829.04	829.34
835.774	0.8999999999999773	trials	99	s099_J210607	grCe_grSu6Ne	7	45.0	3	836.074	836.374
836.383	0.8999999999999773	trials	99	s099_J210607	grCe_grSu12Mi	9	225.0	3	836.683	836.982
841.917	0.8999999999999773	trials	99	s099_J210607	grCe_grSu6Ne	7	0.0	3	842.217	842.516
842.5250000000001	0.8999999999999773	trials	99	s099_J210607	grCe_grSu1Ne	3	225.0	3	842.825	843.125
847.368	0.8999999999999773	trials	99	s099_J210607	grCe_grSu1Ne	3	45.0	3	847.668	847.967
847.976	0.8999999999999773	trials	99	s099_J210607	grCe_grSu12SmCiNe	13	90.0	3	848.276	848.576
848.5840000000001	0.8999999999999773	trials	99	s099_J210607	grCe_grSu6CiNe_PS	19	135.0	3	848.884	849.184
856.469	0.8999999999999773	trials	99	s099_J210607	grCe_grSu18Fa	11	90.0	3	856.769	857.068
857.077	0.8999999999999773	trials	99	s099_J210607	grCe_grSu6CiNe	15	315.0	3	857.377	857.677
857.686	0.8999999999999773	trials	99	s099_J210607	grCe_grSu6Ne_PS	18	0.0	3	857.986	858.285
872.3290000000001	0.8999999999999773	trials	99	s099_J210607	grCe_grSu6Ne_PS	18	45.0	3	872.629	872.929
872.9380000000001	0.8999999999999773	trials	99	s099_J210607	grCe_grSu6CiNe	15	180.0	3	873.238	873.537
873.546	0.8999999999999773	trials	99	s099_J210607	grCe_grSu3Ne	5	270.0	3	873.846	874.146
878.322	0.8999999999999773	trials	99	s099_J210607	grSu1Ne	2		3	878.622	878.921
878.9300000000001	0.8999999999999773	trials	99	s099_J210607	grCe_grSu12SmCiNe_PS	21	180.0	3	879.23	879.53
879.5300000000001	0.8999999999999773	trials	99	s099_J210607	grCe_grSu12SmCiNe_PS	21	0.0	3	879.83	880.13
884.389	0.8999999999999773	trials	99	s099_J210607	grCe_grSu6CiNe_PS	19	45.0	3	884.689	884.989
884.989	0.8999999999999773	trials	99	s099_J210607	grCe_grSu12SmCiNe_PS	21	225.0	3	885.289	885.589
885.5980000000001	0.8999999999999773	trials	99	s099_J210607	grCe_grSu3Ne	5	0.0	3	885.898	886.197
894.315	0.8999999999999773	trials	99	s099_J210607	grCe_grSu12SmCiNe_PS	21	90.0	3	894.615	894.915
898.433	0.8999999999999773	trials	99	s099_J210607	grCe_grSu6Ne_PS	18	180.0	3	898.733	899.032
899.066	0.8999999999999773	trials	99	s099_J210607	grCe_grSu18Fa	11	225.0	3	899.366	899.665
899.6740000000001	0.8999999999999773	trials	99	s099_J210607	grCe_grSu12SmCiNe	13	315.0	3	899.974	900.274
904.692	0.8999999999999773	trials	99	s099_J210607	coCe_grSu6Ne	17	90.0	3	904.992	905.291
905.292	0.8999999999999773	trials	99	s099_J210607	coCe	16	90.0	3	905.592	905.891
905.9000000000001	0.8999999999999773	trials	99	s099_J210607	grCe_grSu6Ne	7	90.0	3	906.2	906.5
910.726	0.8999999999999773	trials	99	s099_J210607	grCe_grSu12Mi	9	135.0	3	911.026	911.325
917.96	0.8999999999999773	trials	99	s099_J210607	grCe_grSu12SmCiNe_PS	21	45.0	3	918.26	918.56
918.5680000000001	0.8999999999999773	trials	99	s099_J210607	coCe_grSu6Ne	17	0.0	3	918.868	919.168
919.177	0.8999999999999773	trials	99	s099_J210607	grCe_grSu6Ne_PS	18	135.0	3	919.477	919.776
924.2280000000001	0.8999999999999773	trials	99	s099_J210607	coCe_grSu6Ne	17	315.0	3	924.528	924.827
924.8280000000001	0.8999999999999773	trials	99	s099_J210607	grCe	1	45.0	3	925.128	925.427
925.436	0.8999999999999773	trials	99	s099_J210607	grCe_grSu6CiNe	15	135.0	3	925.736	926.036
931.5200000000001	0.8999999999999773	trials	99	s099_J210607	grCe_grSu12Mi	9	270.0	3	931.82	932.12
936.2710000000001	0.8999999999999773	trials	99	s099_J210607	grCe_grSu1Ne	3	270.0	3	936.571	936.87
936.879	0.8999999999999773	trials	99	s099_J210607	coSu6Ne	20		3	937.179	937.479
937.479	0.8999999999999773	trials	99	s099_J210607	grSu6CiNe	14		3	937.779	938.079
942.138	0.8999999999999773	trials	99	s099_J210607	coCe	16	225.0	3	942.438	942.738
942.738	0.8999999999999773	trials	99	s099_J210607	coCe	16	0.0	3	943.038	943.338
943.3380000000001	0.8999999999999773	trials	99	s099_J210607	coCe	16	180.0	3	943.638	943.938
948.589	0.8999999999999773	trials	99	s099_J210607	grCe_grSu12SmCiNe	13	0.0	3	948.889	949.189
949.1890000000001	0.8999999999999773	trials	99	s099_J210607	coCe	16	135.0	3	949.489	949.789
958.1400000000001	0.8999999999999773	trials	99	s099_J210607	grCe_grSu12SmCiNe	13	270.0	3	958.44	958.74
958.749	0.8999999999999773	trials	99	s099_J210607	grCe_grSu12Mi	9	45.0	3	959.049	959.348
959.3570000000001	0.8999999999999773	trials	99	s099_J210607	grCe_grSu6CiNe	15	270.0	3	959.657	959.957
964.566	0.8999999999999773	trials	99	s099_J210607	grCe_grSu6CiNe_PS	19	225.0	3	964.866	965.166
965.166	0.8999999999999773	trials	99	s099_J210607	grCe_grSu12SmCiNe_PS	21	270.0	3	965.466	965.766
965.7750000000001	0.8999999999999773	trials	99	s099_J210607	grCe_grSu6Ne	7	180.0	3	966.075	966.374
973.384	0.8999999999999773	trials	99	s099_J210607	grCe_grSu18Fa	11	0.0	3	973.684	973.983
973.9920000000001	0.8999999999999773	trials	99	s099_J210607	grCe_grSu6Ne	7	225.0	3	974.292	974.592
974.601	0.8999999999999773	trials	99	s099_J210607	grCe_grSu6Ne	7	270.0	3	974.901	975.2
979.393	0.8999999999999773	trials	99	s099_J210607	grCe_grSu3Ne	5	45.0	3	979.693	979.993
980.61	0.8999999999999773	trials	99	s099_J210607	grCe_grSu6Ne_PS	18	225.0	3	980.91	981.209
991.586	0.8999999999999773	trials	99	s099_J210607	grCe_grSu1Ne	3	0.0	3	991.886	992.186
992.195	0.8999999999999773	trials	99	s099_J210607	grCe_grSu3Ne	5	180.0	3	992.495	992.794
997.7950000000001	0.8999999999999773	trials	99	s099_J210607	grCe_grSu6CiNe	15	0.0	3	998.095	998.395
998.3950000000001	0.8999999999999773	trials	99	s099_J210607	grCe	1	225.0	3	998.695	998.995
999.004	0.8999999999999773	trials	99	s099_J210607	grSu12Mi	8		3	999.304	999.603
1003.971	0.8999999999999773	trials	99	s099_J210607	grCe_grSu12Mi	9	180.0	3	1004.271	1004.571
1004.58	0.8999999999999773	trials	99	s099_J210607	grCe_grSu6CiNe	15	45.0	3	1004.88	1005.179
1005.1800000000001	0.8999999999999773	trials	99	s099_J210607	grCe_grSu12SmCiNe_PS	21	315.0	3	1005.48	1005.779
1010.7890000000001	0.8999999999999773	trials	99	s099_J210607	grCe_grSu3Ne	5	225.0	3	1011.089	1011.388
1011.4050000000001	0.8999999999999773	trials	99	s099_J210607	grCe_grSu18Fa	11	315.0	3	1011.705	1012.005
1016.8810000000001	0.8999999999999773	trials	99	s099_J210607	grCe_grSu12SmCiNe	13	180.0	3	1017.181	1017.481
1017.49	0.8999999999999773	trials	99	s099_J210607	grCe_grSu12Mi	9	0.0	3	1017.79	1018.089
1025.8990000000001	0.8999999999998636	trials	99	s099_J210607	grCe_grSu1Ne	3	315.0	3	1026.199	1026.499
1026.507	0.8999999999998636	trials	99	s099_J210607	grCe_grSu1Ne	3	180.0	3	1026.807	1027.107
1027.116	0.8999999999998636	trials	99	s099_J210607	grCe_grSu1Ne	3	135.0	3	1027.416	1027.715
1031.958	0.8999999999998636	trials	99	s099_J210607	grCe_grSu12SmCiNe	13	225.0	3	1032.258	1032.558
1032.567	0.8999999999998636	trials	99	s099_J210607	grSu12SmCiNe	12		3	1032.867	1033.166
1033.1670000000001	0.8999999999998636	trials	99	s099_J210607	coCe	16	45.0	3	1033.467	1033.766
1041.518	0.8999999999998636	trials	99	s099_J210607	grCe_grSu6Ne_PS	18	270.0	3	1041.818	1042.117
1042.126	0.8999999999998636	trials	99	s099_J210607	grCe_grSu3Ne	5	90.0	3	1042.426	1042.726
1050.8690000000001	0.8999999999998636	trials	99	s099_J210607	grCe_grSu6Ne	7	0.0	4	1051.169	1051.668
1051.6770000000001	0.8999999999998636	trials	99	s099_J210607	grCe_grSu12Mi	9	45.0	4	1051.977	1052.277
1052.277	0.8999999999998636	trials	99	s099_J210607	grCe_grSu6Ne_PS	18	225.0	4	1052.577	1052.877
1057.0610000000001	0.8999999999998636	trials	99	s099_J210607	grCe_grSu1Ne	3	270.0	4	1057.361	1057.661
1057.661	0.8999999999998636	trials	99	s099_J210607	coCe	16	180.0	4	1057.961	1058.261
1058.27	0.8999999999998636	trials	99	s099_J210607	coCe_grSu6Ne	17	225.0	4	1058.57	1058.869
1063.304	0.8999999999998636	trials	99	s099_J210607	grCe_grSu12SmCiNe_PS	21	90.0	4	1063.604	1063.903
1063.912	0.8999999999998636	trials	99	s099_J210607	grCe_grSu6CiNe_PS	19	270.0	4	1064.212	1064.512
1064.521	0.8999999999998636	trials	99	s099_J210607	grCe_grSu12Mi	9	270.0	4	1064.821	1065.12
1069.405	0.8999999999998636	trials	99	s099_J210607	grCe	1	45.0	4	1069.705	1070.004
1070.005	0.8999999999998636	trials	99	s099_J210607	grCe	1	0.0	4	1070.305	1070.604
1075.914	0.8999999999998636	trials	99	s099_J210607	grCe_grSu12SmCiNe	13	315.0	4	1076.214	1076.513
1076.5140000000001	0.8999999999998636	trials	99	s099_J210607	coCe	16	45.0	4	1076.814	1077.113
1077.114	0.8999999999998636	trials	99	s099_J210607	grSu6Ne	6		4	1077.414	1077.714
1081.9560000000001	0.8999999999998636	trials	99	s099_J210607	grCe_grSu12SmCiNe	13	135.0	4	1082.256	1082.556
1082.556	0.8999999999998636	trials	99	s099_J210607	grCe	1	270.0	4	1082.856	1083.156
1087.89	0.8999999999998636	trials	99	s099_J210607	grCe_grSu6CiNe_PS	19	90.0	4	1088.19	1088.49
1088.499	0.8999999999998636	trials	99	s099_J210607	grCe_grSu12Mi	9	180.0	4	1088.799	1089.098
1089.116	0.8999999999998636	trials	99	s099_J210607	grCe_grSu18Fa	11	135.0	4	1089.416	1089.715
1097.393	0.8999999999998636	trials	99	s099_J210607	grCe_grSu3Ne	5	180.0	4	1097.693	1097.992
1097.993	0.8999999999998636	trials	99	s099_J210607	grCe_grSu6CiNe_PS	19	0.0	4	1098.293	1098.592
1103.627	0.8999999999998636	trials	99	s099_J210607	grCe_grSu3Ne	5	225.0	4	1103.927	1104.226
1104.227	0.8999999999998636	trials	99	s099_J210607	grCe	1	180.0	4	1104.527	1104.826
1109.711	0.8999999999998636	trials	99	s099_J210607	grCe_grSu6Ne_PS	18	180.0	4	1110.011	1110.31
1110.328	0.8999999999998636	trials	99	s099_J210607	grCe_grSu18Fa	11	0.0	4	1110.628	1110.927
1115.787	0.8999999999998636	trials	99	s099_J210607	grCe_grSu6CiNe_PS	19	45.0	4	1116.087	1116.386
1119.9460000000001	0.8999999999998636	trials	99	s099_J210607	coCe	16	225.0	4	1120.246	1120.545
1120.554	0.8999999999998636	trials	99	s099_J210607	coCe_grSu6Ne	17	135.0	4	1120.854	1121.154
1126.0800000000002	0.8999999999998636	trials	99	s099_J210607	grCe_grSu1Ne	3	135.0	4	1126.38	1126.679
1126.688	0.8999999999998636	trials	99	s099_J210607	grCe_grSu6CiNe	15	225.0	4	1126.988	1127.288
1131.589	0.8999999999998636	trials	99	s099_J210607	grCe_grSu6Ne	7	135.0	4	1131.889	1132.188
1132.1970000000001	0.8999999999998636	trials	99	s099_J210607	grCe_grSu12Mi	9	315.0	4	1132.497	1132.797
1132.814	0.8999999999998636	trials	99	s099_J210607	grCe_grSu18Fa	11	90.0	4	1133.114	1133.413
1140.673	0.8999999999998636	trials	99	s099_J210607	grCe_grSu12SmCiNe	13	225.0	4	1140.973	1141.273
1141.2820000000002	0.8999999999998636	trials	99	s099_J210607	grCe_grSu6Ne	7	180.0	4	1141.582	1141.881
1146.724	0.8999999999998636	trials	99	s099_J210607	grCe_grSu6Ne	7	270.0	4	1147.024	1147.324
1147.324	0.8999999999998636	trials	99	s099_J210607	grCe_grSu6Ne_PS	18	0.0	4	1147.624	1147.924
1148.016	0.8999999999998636	trials	99	s099_J210607	grCe_grSu6Ne	7	45.0	4	1148.316	1148.615
1152.891	0.8999999999998636	trials	99	s099_J210607	grCe_grSu12Mi	9	90.0	4	1153.191	1153.491
1156.467	0.8999999999998636	trials	99	s099_J210607	coCe_grSu6Ne	17	0.0	4	1156.767	1157.066
1157.1000000000001	0.8999999999998636	trials	99	s099_J210607	coCe_grSu6Ne	17	270.0	4	1157.4	1157.7
1157.709	0.8999999999998636	trials	99	s099_J210607	grSu3Ne	4		4	1158.009	1158.308
1163.385	0.8999999999998636	trials	99	s099_J210607	grCe_grSu12Mi	9	135.0	4	1163.685	1163.984
1163.9850000000001	0.8999999999998636	trials	99	s099_J210607	grCe	1	315.0	4	1164.285	1164.584
1168.8690000000001	0.8999999999998636	trials	99	s099_J210607	grCe	1	135.0	4	1169.169	1169.468
1169.477	0.8999999999998636	trials	99	s099_J210607	grCe_grSu3Ne	5	0.0	4	1169.777	1170.077
1170.085	0.8999999999998636	trials	99	s099_J210607	grCe_grSu3Ne	5	90.0	4	1170.385	1170.685
1175.969	0.8999999999998636	trials	99	s099_J210607	grCe_grSu6CiNe	15	315.0	4	1176.269	1176.569
1180.887	0.8999999999998636	trials	99	s099_J210607	grCe_grSu12SmCiNe_PS	21	225.0	4	1181.187	1181.486
1181.5040000000001	0.8999999999998636	trials	99	s099_J210607	grCe_grSu18Fa	11	270.0	4	1181.804	1182.103
1182.112	0.8999999999998636	trials	99	s099_J210607	grSu6CiNe	14		4	1182.412	1182.711
1190.096	0.8999999999998636	trials	99	s099_J210607	coCe	16	315.0	4	1190.396	1190.696
1190.7050000000002	0.8999999999998636	trials	99	s099_J210607	grCe_grSu6Ne_PS	18	315.0	4	1191.005	1191.304
1191.305	0.8999999999998636	trials	99	s099_J210607	coCe	16	90.0	4	1191.605	1191.904
1196.48	0.8999999999998636	trials	99	s099_J210607	grCe_grSu6CiNe	15	135.0	4	1196.78	1197.08
1197.114	0.8999999999998636	trials	99	s099_J210607	grCe_grSu3Ne	5	45.0	4	1197.414	1197.713
1197.722	0.8999999999998636	trials	99	s099_J210607	grCe_grSu1Ne	3	180.0	4	1198.022	1198.322
1202.64	0.8999999999998636	trials	99	s099_J210607	grCe_grSu6CiNe_PS	19	180.0	4	1202.94	1203.239
1203.24	0.8999999999998636	trials	99	s099_J210607	grCe_grSu6Ne_PS	18	45.0	4	1203.54	1203.839
1203.848	0.8999999999998636	trials	99	s099_J210607	coCe_grSu6Ne	17	45.0	4	1204.148	1204.448
1209.29	0.8999999999998636	trials	99	s099_J210607	grCe_grSu6CiNe	15	270.0	4	1209.59	1209.89
1213.5910000000001	0.8999999999998636	trials	99	s099_J210607	grCe_grSu1Ne	3	225.0	4	1213.891	1214.191
1214.191	0.8999999999998636	trials	99	s099_J210607	grCe_grSu6Ne_PS	18	135.0	4	1214.491	1214.791
1219.0	0.8999999999998636	trials	99	s099_J210607	coCe_grSu6Ne	17	315.0	4	1219.3	1219.6
1219.608	0.8999999999998636	trials	99	s099_J210607	grCe_grSu6CiNe_PS	19	315.0	4	1219.908	1220.208
1220.217	0.8999999999998636	trials	99	s099_J210607	grCe_grSu6Ne	7	90.0	4	1220.517	1220.816
1225.201	0.8999999999998636	trials	99	s099_J210607	grCe_grSu12Mi	9	0.0	4	1225.501	1225.8
1225.809	0.8999999999998636	trials	99	s099_J210607	grCe_grSu12SmCiNe	13	0.0	4	1226.109	1226.409
1226.409	0.8999999999998636	trials	99	s099_J210607	grCe_grSu12SmCiNe_PS	21	0.0	4	1226.709	1227.009
1231.335	0.8999999999998636	trials	99	s099_J210607	grCe_grSu12SmCiNe_PS	21	135.0	4	1231.635	1231.935
1231.935	0.8999999999998636	trials	99	s099_J210607	grCe_grSu12SmCiNe_PS	21	270.0	4	1232.235	1232.535
1232.5430000000001	0.8999999999998636	trials	99	s099_J210607	grCe_grSu6Ne_PS	18	270.0	4	1232.843	1233.143
1237.444	0.8999999999998636	trials	99	s099_J210607	grCe_grSu1Ne	3	90.0	4	1237.744	1238.044
1238.653	0.8999999999998636	trials	99	s099_J210607	coCe	16	0.0	4	1238.953	1239.252
1247.195	0.8999999999998636	trials	99	s099_J210607	grCe_grSu6Ne_PS	18	90.0	4	1247.495	1247.795
1247.845	0.8999999999998636	trials	99	s099_J210607	grCe_grSu18Fa	11	225.0	4	1248.145	1248.445
1253.213	0.8999999999998636	trials	99	s099_J210607	grCe_grSu12SmCiNe_PS	21	45.0	4	1253.513	1253.812
1253.8210000000001	0.8999999999998636	trials	99	s099_J210607	grCe_grSu6CiNe_PS	19	135.0	4	1254.121	1254.421
1254.43	0.8999999999998636	trials	99	s099_J210607	grCe_grSu12SmCiNe	13	270.0	4	1254.73	1255.029
1259.339	0.8999999999998636	trials	99	s099_J210607	grCe_grSu6CiNe	15	90.0	4	1259.639	1259.938
1259.9470000000001	0.8999999999998636	trials	99	s099_J210607	grSu12Mi	8		4	1260.247	1260.547
1260.555	0.8999999999998636	trials	99	s099_J210607	grCe_grSu12SmCiNe	13	45.0	4	1260.855	1261.155
1265.4560000000001	0.8999999999998636	trials	99	s099_J210607	grSu12SmCiNe	12		4	1265.756	1266.056
1266.064	0.8999999999998636	trials	99	s099_J210607	grCe_grSu1Ne	3	0.0	4	1266.364	1266.664
1266.665	0.8999999999998636	trials	99	s099_J210607	coCe	16	270.0	4	1266.965	1267.264
1271.74	0.8999999999998636	trials	99	s099_J210607	grCe_grSu6CiNe	15	180.0	4	1272.04	1272.34
1278.049	0.8999999999998636	trials	99	s099_J210607	grCe_grSu6CiNe_PS	19	225.0	4	1278.349	1278.649
1278.6580000000001	0.8999999999998636	trials	99	s099_J210607	grCe_grSu3Ne	5	135.0	4	1278.958	1279.257
1279.266	0.8999999999998636	trials	99	s099_J210607	grCe_grSu12SmCiNe	13	180.0	4	1279.566	1279.866
1284.625	0.8999999999998636	trials	99	s099_J210607	grCe_grSu1Ne	3	45.0	4	1284.925	1285.225
1285.842	0.8999999999998636	trials	99	s099_J210607	grCe_grSu6Ne	7	225.0	4	1286.142	1286.442
1290.568	0.8999999999998636	trials	99	s099_J210607	grSu1Ne	2		4	1290.868	1291.167
1291.7930000000001	0.8999999999998636	trials	99	s099_J210607	grCe_grSu18Fa	11	45.0	4	1292.093	1292.392
1298.21	0.8999999999998636	trials	99	s099_J210607	grCe	1	225.0	4	1298.51	1298.81
1303.103	0.8999999999998636	trials	99	s099_J210607	grCe_grSu18Fa	11	315.0	4	1303.403	1303.702
1303.711	0.8999999999998636	trials	99	s099_J210607	coSu6Ne	20		4	1304.011	1304.311
1304.319	0.8999999999998636	trials	99	s099_J210607	grCe_grSu1Ne	3	315.0	4	1304.619	1304.919
1309.27	0.8999999999998636	trials	99	s099_J210607	grSu18Fa	10		4	1309.57	1309.87
1309.8780000000002	0.8999999999998636	trials	99	s099_J210607	grCe_grSu3Ne	5	270.0	4	1310.178	1310.478
1315.404	0.8999999999998636	trials	99	s099_J210607	grCe	1	90.0	4	1315.704	1316.004
1316.038	0.8999999999998636	trials	99	s099_J210607	grCe_grSu6CiNe	15	0.0	4	1316.338	1316.637
1316.646	0.8999999999998636	trials	99	s099_J210607	grCe_grSu6CiNe	15	45.0	4	1316.946	1317.246
1321.563	0.8999999999998636	trials	99	s099_J210607	coCe_grSu6Ne	17	90.0	4	1321.863	1322.163
1322.172	0.8999999999998636	trials	99	s099_J210607	grCe_grSu12Mi	9	225.0	4	1322.472	1322.771
1322.772	0.8999999999998636	trials	99	s099_J210607	NoStim	0		4	1323.072	1323.371
1328.8980000000001	0.8999999999998636	trials	99	s099_J210607	grCe_grSu12SmCiNe_PS	21	315.0	4	1329.198	1329.497
1333.8400000000001	0.8999999999998636	trials	99	s099_J210607	grCe_grSu3Ne	5	315.0	4	1334.14	1334.439
1334.49	0.8999999999998636	trials	99	s099_J210607	coCe_grSu6Ne	17	180.0	4	1334.79	1335.09
1335.098	0.8999999999998636	trials	99	s099_J210607	grCe_grSu6Ne	7	315.0	4	1335.398	1335.698
1340.0240000000001	0.8999999999998636	trials	99	s099_J210607	grCe_grSu12SmCiNe	13	90.0	4	1340.324	1340.624
1344.8	0.8999999999998636	trials	99	s099_J210607	coCe	16	135.0	4	1345.1	1345.399
1349.75	0.8999999999998636	trials	99	s099_J210607	grCe_grSu18Fa	11	180.0	4	1350.05	1350.35
1350.3590000000002	0.8999999999998636	trials	99	s099_J210607	grCe_grSu12SmCiNe_PS	21	180.0	4	1350.659	1350.958
1350.967	0.8999999999998636	trials	99	s099_J210607	grCe_grSu3Ne	5	180.0	5	1351.267	1351.567
1355.976	0.8999999999998636	trials	99	s099_J210607	coCe_grSu6Ne	17	90.0	5	1356.276	1356.576
1356.585	0.8999999999998636	trials	99	s099_J210607	grCe_grSu6CiNe	15	0.0	5	1356.885	1357.184
1357.201	0.8999999999998636	trials	99	s099_J210607	grCe_grSu18Fa	11	0.0	5	1357.501	1357.801
1365.977	0.8999999999998636	trials	99	s099_J210607	grCe_grSu6Ne	7	315.0	5	1366.277	1366.577
1366.586	0.8999999999998636	trials	99	s099_J210607	coCe_grSu6Ne	17	135.0	5	1366.886	1367.185
1367.228	0.8999999999998636	trials	99	s099_J210607	grCe_grSu3Ne	5	315.0	5	1367.528	1367.827
1372.203	0.8999999999998636	trials	99	s099_J210607	grCe_grSu6CiNe	15	90.0	5	1372.503	1372.803
1372.8120000000001	0.8999999999998636	trials	99	s099_J210607	grSu3Ne	4		5	1373.112	1373.411
1373.42	0.8999999999998636	trials	99	s099_J210607	grCe_grSu12Mi	9	270.0	5	1373.72	1374.02
1378.296	0.8999999999998636	trials	99	s099_J210607	grCe_grSu12SmCiNe	13	225.0	5	1378.596	1378.895
1383.546	0.8999999999998636	trials	99	s099_J210607	grCe_grSu6CiNe	15	225.0	5	1383.846	1384.146
1384.155	0.8999999999998636	trials	99	s099_J210607	coCe_grSu6Ne	17	225.0	5	1384.455	1384.754
1389.28	0.8999999999998636	trials	99	s099_J210607	grCe_grSu6Ne_PS	18	0.0	5	1389.58	1389.88
1389.8890000000001	0.8999999999998636	trials	99	s099_J210607	grCe_grSu6Ne	7	135.0	5	1390.189	1390.488
1390.489	0.8999999999998636	trials	99	s099_J210607	grCe	1	135.0	5	1390.789	1391.088
1399.2150000000001	0.8999999999998636	trials	99	s099_J210607	coCe	16	270.0	5	1399.515	1399.815
1399.823	0.8999999999998636	trials	99	s099_J210607	grCe_grSu6Ne	7	180.0	5	1400.123	1400.423
1405.1570000000002	0.8999999999998636	trials	99	s099_J210607	grCe_grSu12SmCiNe	13	180.0	5	1405.457	1405.757
1405.758	0.8999999999998636	trials	99	s099_J210607	coCe	16	315.0	5	1406.058	1406.357
1406.366	0.8999999999998636	trials	99	s099_J210607	grCe_grSu12SmCiNe	13	90.0	5	1406.666	1406.966
1411.983	0.8999999999998636	trials	99	s099_J210607	grCe_grSu6Ne_PS	18	45.0	5	1412.283	1412.583
1412.583	0.8999999999998636	trials	99	s099_J210607	coCe	16	45.0	5	1412.883	1413.183
1417.559	0.8999999999998636	trials	99	s099_J210607	grCe_grSu12Mi	9	135.0	5	1417.859	1418.159
1418.1680000000001	0.8999999999998636	trials	99	s099_J210607	grCe_grSu3Ne	5	135.0	5	1418.468	1418.767
1418.784	0.8999999999998636	trials	99	s099_J210607	grCe_grSu18Fa	11	45.0	5	1419.084	1419.384
1423.602	0.8999999999998636	trials	99	s099_J210607	grCe_grSu6CiNe_PS	19	90.0	5	1423.902	1424.201
1427.66	0.8999999999998636	trials	99	s099_J210607	grSu12SmCiNe	12		5	1427.96	1428.26
1428.269	0.8999999999998636	trials	99	s099_J210607	grCe_grSu12Mi	9	315.0	5	1428.569	1428.868
1433.586	0.8999999999998636	trials	99	s099_J210607	NoStim	0		5	1433.886	1434.186
1434.195	0.8999999999998636	trials	99	s099_J210607	grCe_grSu12Mi	9	225.0	5	1434.495	1434.794
1434.803	0.8999999999998636	trials	99	s099_J210607	grCe_grSu6CiNe_PS	19	225.0	5	1435.103	1435.403
1439.845	0.8999999999998636	trials	99	s099_J210607	grCe_grSu1Ne	3	45.0	5	1440.145	1440.445
1441.0620000000001	0.8999999999998636	trials	99	s099_J210607	grCe_grSu6Ne	7	225.0	5	1441.362	1441.662
1446.046	0.8999999999998636	trials	99	s099_J210607	grCe_grSu6CiNe	15	270.0	5	1446.346	1446.646
1446.646	0.8999999999998636	trials	99	s099_J210607	grCe	1	270.0	5	1446.946	1447.246
1447.255	0.8999999999998636	trials	99	s099_J210607	grCe_grSu12Mi	9	180.0	5	1447.555	1447.854
1453.247	0.8999999999998636	trials	99	s099_J210607	grCe_grSu12SmCiNe_PS	21	315.0	5	1453.547	1453.847
1453.855	0.8999999999998636	trials	99	s099_J210607	grCe_grSu12SmCiNe	13	45.0	5	1454.155	1454.455
1459.998	0.8999999999998636	trials	99	s099_J210607	grCe_grSu6Ne_PS	18	180.0	5	1460.298	1460.597
1465.507	0.8999999999998636	trials	99	s099_J210607	grCe_grSu12SmCiNe_PS	21	0.0	5	1465.807	1466.107
1466.107	0.8999999999998636	trials	99	s099_J210607	grCe_grSu12SmCiNe_PS	21	225.0	5	1466.407	1466.707
1470.933	0.8999999999998636	trials	99	s099_J210607	grCe_grSu18Fa	11	270.0	5	1471.233	1471.532
1471.541	0.8999999999998636	trials	99	s099_J210607	coCe_grSu6Ne	17	0.0	5	1471.841	1472.141
1472.15	0.8999999999998636	trials	99	s099_J210607	grCe_grSu6Ne_PS	18	225.0	5	1472.45	1472.749
1477.008	0.8999999999998636	trials	99	s099_J210607	grCe_grSu3Ne	5	90.0	5	1477.308	1477.608
1477.6090000000002	0.8999999999998636	trials	99	s099_J210607	grCe	1	45.0	5	1477.909	1478.208
1478.209	0.8999999999998636	trials	99	s099_J210607	grCe_grSu6CiNe_PS	19	315.0	5	1478.509	1478.808
1483.059	0.8999999999998636	trials	99	s099_J210607	grCe_grSu6Ne	7	90.0	5	1483.359	1483.659
1483.659	0.8999999999998636	trials	99	s099_J210607	grCe	1	90.0	5	1483.959	1484.259
1484.259	0.8999999999998636	trials	99	s099_J210607	grCe	1	315.0	5	1484.559	1484.859
1489.752	0.8999999999998636	trials	99	s099_J210607	grCe_grSu12SmCiNe_PS	21	135.0	5	1490.052	1490.351
1490.3600000000001	0.8999999999998636	trials	99	s099_J210607	grCe_grSu6Ne_PS	18	90.0	5	1490.66	1490.96
1501.3780000000002	0.8999999999998636	trials	99	s099_J210607	coCe_grSu6Ne	17	270.0	5	1501.678	1501.978
1501.987	0.8999999999998636	trials	99	s099_J210607	grCe_grSu12Mi	9	0.0	5	1502.287	1502.586
1502.595	0.8999999999998636	trials	99	s099_J210607	coCe_grSu6Ne	17	45.0	5	1502.895	1503.195
1507.371	0.8999999999998636	trials	99	s099_J210607	grCe_grSu6Ne_PS	18	135.0	5	1507.671	1507.97
1507.987	0.8999999999998636	trials	99	s099_J210607	grCe_grSu18Fa	11	135.0	5	1508.287	1508.587
1508.588	0.8999999999998636	trials	99	s099_J210607	grCe_grSu12SmCiNe_PS	21	270.0	5	1508.888	1509.187
1513.5800000000002	0.8999999999998636	trials	99	s099_J210607	coCe_grSu6Ne	17	180.0	5	1513.88	1514.179
1514.1970000000001	0.8999999999998636	trials	99	s099_J210607	grCe_grSu18Fa	11	225.0	5	1514.497	1514.796
1514.805	0.8999999999998636	trials	99	s099_J210607	grCe_grSu1Ne	3	135.0	5	1515.105	1515.405
1525.915	0.8999999999998636	trials	99	s099_J210607	grCe_grSu6Ne_PS	18	315.0	5	1526.215	1526.514
1527.132	0.8999999999998636	trials	99	s099_J210607	grCe_grSu3Ne	5	225.0	5	1527.432	1527.731
1534.8990000000001	0.8999999999998636	trials	99	s099_J210607	grSu1Ne	2		5	1535.199	1535.499
1535.508	0.8999999999998636	trials	99	s099_J210607	grCe_grSu1Ne	3	225.0	5	1535.808	1536.107
1541.025	0.8999999999998636	trials	99	s099_J210607	coCe	16	90.0	5	1541.325	1541.625
1541.625	0.8999999999998636	trials	99	s099_J210607	grCe	1	225.0	5	1541.925	1542.225
1542.2340000000002	0.8999999999998636	trials	99	s099_J210607	grCe_grSu12SmCiNe	13	315.0	5	1542.534	1542.833
1550.576	0.8999999999998636	trials	99	s099_J210607	grCe_grSu6CiNe_PS	19	270.0	5	1550.876	1551.176
1551.1760000000002	0.8999999999998636	trials	99	s099_J210607	grCe_grSu6CiNe_PS	19	0.0	5	1551.476	1551.776
1556.785	0.8999999999998636	trials	99	s099_J210607	grCe_grSu1Ne	3	90.0	5	1557.085	1557.385
1557.394	0.8999999999998636	trials	99	s099_J210607	grCe_grSu6CiNe	15	45.0	5	1557.694	1557.993
1558.002	0.8999999999998636	trials	99	s099_J210607	grCe_grSu1Ne	3	270.0	5	1558.302	1558.602
1563.053	0.8999999999998636	trials	99	s099_J210607	grCe_grSu18Fa	11	180.0	5	1563.353	1563.653
1563.653	0.8999999999998636	trials	99	s099_J210607	coCe	16	135.0	5	1563.953	1564.253
1564.261	0.8999999999998636	trials	99	s099_J210607	grCe_grSu12Mi	9	45.0	5	1564.561	1564.861
1569.137	0.8999999999998636	trials	99	s099_J210607	grCe_grSu6CiNe_PS	19	180.0	5	1569.437	1569.737
1569.7450000000001	0.8999999999998636	trials	99	s099_J210607	grCe_grSu6Ne_PS	18	270.0	5	1570.045	1570.345
1570.354	0.8999999999998636	trials	99	s099_J210607	grCe_grSu12SmCiNe	13	135.0	5	1570.654	1570.953
1582.1970000000001	0.8999999999998636	trials	99	s099_J210607	grCe_grSu1Ne	3	315.0	5	1582.497	1582.797
1591.207	0.8999999999998636	trials	99	s099_J210607	grCe_grSu12Mi	9	90.0	5	1591.507	1591.806
1591.815	0.8999999999998636	trials	99	s099_J210607	grCe_grSu6Ne	7	45.0	5	1592.115	1592.415
1592.423	0.8999999999998636	trials	99	s099_J210607	grCe_grSu3Ne	5	0.0	5	1592.723	1593.023
1598.016	0.8999999999998636	trials	99	s099_J210607	grCe_grSu12SmCiNe	13	270.0	5	1598.316	1598.615
1598.708	0.8999999999998636	trials	99	s099_J210607	grSu6Ne	6		5	1599.008	1599.307
1604.392	0.8999999999998636	trials	99	s099_J210607	grCe_grSu18Fa	11	90.0	5	1604.692	1604.991
1605.608	0.8999999999998636	trials	99	s099_J210607	grSu12Mi	8		5	1605.908	1606.208
1610.492	0.8999999999998636	trials	99	s099_J210607	grSu18Fa	10		5	1610.792	1611.092
1611.093	0.8999999999998636	trials	99	s099_J210607	grCe	1	180.0	5	1611.393	1611.692
1611.884	0.8999999999998636	trials	99	s099_J210607	grCe_grSu6Ne	7	0.0	5	1612.184	1612.484
1616.818	0.8999999999998636	trials	99	s099_J210607	grSu6CiNe	14		5	1617.118	1617.418
1617.4180000000001	0.8999999999998636	trials	99	s099_J210607	coCe	16	0.0	5	1617.718	1618.018
1618.027	0.8999999999998636	trials	99	s099_J210607	grCe_grSu6CiNe	15	180.0	5	1618.327	1618.626
1622.9360000000001	0.8999999999998636	trials	99	s099_J210607	grCe_grSu12SmCiNe	13	0.0	5	1623.236	1623.535
1624.144	0.8999999999998636	trials	99	s099_J210607	grCe_grSu12SmCiNe_PS	21	45.0	5	1624.444	1624.744
1629.0620000000001	0.8999999999998636	trials	99	s099_J210607	coCe	16	225.0	5	1629.362	1629.661
1629.67	0.8999999999998636	trials	99	s099_J210607	grCe_grSu6Ne	7	270.0	5	1629.97	1630.269
1630.27	0.8999999999998636	trials	99	s099_J210607	grCe_grSu6CiNe_PS	19	45.0	5	1630.57	1630.87
1635.8210000000001	0.8999999999998636	trials	99	s099_J210607	coSu6Ne	20		5	1636.121	1636.42
1636.429	0.8999999999998636	trials	99	s099_J210607	grCe_grSu1Ne	3	180.0	5	1636.729	1637.029
1641.813	0.8999999999998636	trials	99	s099_J210607	grCe_grSu12SmCiNe_PS	21	90.0	5	1642.113	1642.413
1642.422	0.8999999999998636	trials	99	s099_J210607	grCe_grSu3Ne	5	270.0	5	1642.722	1643.021
1650.298	0.8999999999998636	trials	99	s099_J210607	grCe_grSu6CiNe	15	315.0	5	1650.598	1650.897
1650.914	0.8999999999998636	trials	99	s099_J210607	grCe_grSu18Fa	11	315.0	5	1651.214	1651.514
1651.5230000000001	0.8999999999998636	trials	99	s099_J210607	coCe_grSu6Ne	17	315.0	5	1651.823	1652.122
1659.582	0.8999999999998636	trials	99	s099_J210607	grCe_grSu6CiNe_PS	19	135.0	5	1659.882	1660.182
1660.182	0.8999999999998636	trials	99	s099_J210607	grCe	1	0.0	5	1660.482	1660.782
1660.791	0.8999999999998636	trials	99	s099_J210607	grCe_grSu6CiNe	15	135.0	5	1661.091	1661.39
1665.858	0.8999999999998636	trials	99	s099_J210607	grCe_grSu1Ne	3	0.0	5	1666.158	1666.457
1666.4660000000001	0.8999999999998636	trials	99	s099_J210607	grCe_grSu3Ne	5	45.0	5	1666.766	1667.066
1667.066	0.8999999999998636	trials	99	s099_J210607	coCe	16	180.0	5	1667.366	1667.666
1673.151	0.8999999999998636	trials	99	s099_J210607	grCe_grSu12SmCiNe_PS	21	180.0	5	1673.451	1673.75
1678.701	0.8999999999998636	trials	99	s099_J210607	grCe_grSu6CiNe	15	270.0	2	1679.001	1679.301
1679.3010000000002	0.8999999999998636	trials	99	s099_J210607	grCe	1	135.0	2	1679.601	1679.901
1684.31	0.8999999999998636	trials	99	s099_J210607	grCe_grSu6Ne_PS	18	135.0	2	1684.61	1684.91
1684.919	0.8999999999998636	trials	99	s099_J210607	grCe_grSu3Ne	5	45.0	2	1685.219	1685.518
1685.527	0.8999999999998636	trials	99	s099_J210607	grCe_grSu6CiNe	15	135.0	2	1685.827	1686.127
1691.211	0.8999999999998636	trials	99	s099_J210607	grCe_grSu6CiNe_PS	19	0.0	2	1691.511	1691.811
1691.82	0.8999999999998636	trials	99	s099_J210607	grSu12Mi	8		2	1692.12	1692.419
1692.42	0.8999999999998636	trials	99	s099_J210607	grCe	1	90.0	2	1692.72	1693.019
1697.404	0.8999999999998636	trials	99	s099_J210607	grCe_grSu6CiNe	15	180.0	2	1697.704	1698.003
1698.012	0.8999999999998636	trials	99	s099_J210607	grCe_grSu12SmCiNe	13	135.0	2	1698.312	1698.612
1703.796	0.8999999999998636	trials	99	s099_J210607	grCe_grSu12Mi	9	225.0	2	1704.096	1704.396
1704.405	0.8999999999998636	trials	99	s099_J210607	grCe_grSu12Mi	9	135.0	2	1704.705	1705.004
1710.755	0.8999999999998636	trials	99	s099_J210607	grCe_grSu6CiNe	15	0.0	2	1711.055	1711.355
1711.4470000000001	0.8999999999998636	trials	99	s099_J210607	grCe_grSu3Ne	5	0.0	2	1711.747	1712.047
1716.356	0.8999999999998636	trials	99	s099_J210607	grCe_grSu6CiNe	15	90.0	2	1716.656	1716.956
1717.573	0.8999999999998636	trials	99	s099_J210607	grCe_grSu12SmCiNe_PS	21	180.0	2	1717.873	1718.173
1722.4070000000002	0.8999999999998636	trials	99	s099_J210607	grCe_grSu18Fa	11	315.0	2	1722.707	1723.006
1723.049	0.8999999999998636	trials	99	s099_J210607	grCe	1	45.0	2	1723.349	1723.648
1723.6570000000002	0.8999999999998636	trials	99	s099_J210607	grCe_grSu6Ne_PS	18	225.0	2	1723.957	1724.257
1728.6490000000001	0.8999999999998636	trials	99	s099_J210607	grCe_grSu6Ne_PS	18	315.0	2	1728.949	1729.249
1729.258	0.8999999999998636	trials	99	s099_J210607	coCe_grSu6Ne	17	0.0	2	1729.558	1729.857
1734.759	0.8999999999998636	trials	99	s099_J210607	grCe_grSu1Ne	3	225.0	2	1735.059	1735.358
1735.9750000000001	0.8999999999998636	trials	99	s099_J210607	grCe_grSu12SmCiNe	13	90.0	2	1736.275	1736.575
1741.076	0.8999999999998636	trials	99	s099_J210607	grCe_grSu12SmCiNe	13	45.0	2	1741.376	1741.676
1742.285	0.8999999999998636	trials	99	s099_J210607	grCe_grSu12Mi	9	270.0	2	1742.585	1742.884
1750.544	0.8999999999998636	trials	99	s099_J210607	grCe_grSu6Ne	7	225.0	2	1750.844	1751.143
1754.053	0.8999999999998636	trials	99	s099_J210607	grCe_grSu18Fa	11	0.0	2	1754.353	1754.652
1754.669	0.8999999999998636	trials	99	s099_J210607	grCe_grSu18Fa	11	135.0	2	1754.969	1755.269
1755.278	0.8999999999998636	trials	99	s099_J210607	coCe_grSu6Ne	17	315.0	2	1755.578	1755.877
1763.371	0.8999999999998636	trials	99	s099_J210607	grCe_grSu6CiNe	15	45.0	2	1763.671	1763.97
1763.979	0.8999999999998636	trials	99	s099_J210607	coCe_grSu6Ne	17	270.0	2	1764.279	1764.579
1770.688	0.8999999999998636	trials	99	s099_J210607	grCe_grSu6Ne	7	180.0	2	1770.988	1771.288
1775.589	0.8999999999998636	trials	99	s099_J210607	coCe	16	180.0	2	1775.889	1776.188
1776.214	0.8999999999998636	trials	99	s099_J210607	coCe_grSu6Ne	17	135.0	2	1776.514	1776.813
1776.8220000000001	0.8999999999998636	trials	99	s099_J210607	grCe_grSu6Ne	7	135.0	2	1777.122	1777.422
1781.598	0.8999999999998636	trials	99	s099_J210607	grCe_grSu6Ne_PS	18	270.0	2	1781.898	1782.197
1782.2060000000001	0.8999999999998636	trials	99	s099_J210607	grCe_grSu12SmCiNe	13	0.0	2	1782.506	1782.806
1782.815	0.8999999999998636	trials	99	s099_J210607	grCe_grSu12SmCiNe_PS	21	0.0	2	1783.115	1783.414
1794.825	0.8999999999998636	trials	99	s099_J210607	grCe	1	0.0	2	1795.125	1795.424
1795.425	0.8999999999998636	trials	99	s099_J210607	coCe	16	45.0	2	1795.725	1796.024
1800.992	0.8999999999998636	trials	99	s099_J210607	grCe_grSu12SmCiNe	13	270.0	2	1801.292	1801.592
1801.601	0.8999999999998636	trials	99	s099_J210607	grCe_grSu12SmCiNe	13	315.0	2	1801.901	1802.2
1810.0520000000001	0.8999999999998636	trials	99	s099_J210607	grCe_grSu18Fa	11	45.0	2	1810.352	1810.651
1810.652	0.8999999999998636	trials	99	s099_J210607	coCe	16	270.0	2	1810.952	1811.251
1815.477	0.8999999999998636	trials	99	s099_J210607	grSu6Ne	6		2	1815.777	1816.077
1816.077	0.8999999999998636	trials	99	s099_J210607	coCe	16	90.0	2	1816.377	1816.677
1816.702	0.8999999999998636	trials	99	s099_J210607	grCe_grSu6CiNe_PS	19	90.0	2	1817.002	1817.302
1822.903	0.8999999999998636	trials	99	s099_J210607	grCe	1	225.0	2	1823.203	1823.503
1823.512	0.8999999999998636	trials	99	s099_J210607	grCe_grSu1Ne	3	0.0	2	1823.812	1824.111
1831.8790000000001	0.8999999999998636	trials	99	s099_J210607	grCe_grSu18Fa	11	225.0	2	1832.179	1832.479
1832.488	0.8999999999998636	trials	99	s099_J210607	grCe_grSu6Ne_PS	18	45.0	2	1832.788	1833.087
1833.096	0.8999999999998636	trials	99	s099_J210607	grCe_grSu12SmCiNe	13	180.0	2	1833.396	1833.696
1838.0720000000001	0.8999999999998636	trials	99	s099_J210607	grCe_grSu6CiNe_PS	19	135.0	2	1838.372	1838.671
1838.68	0.8999999999998636	trials	99	s099_J210607	grCe_grSu1Ne	3	135.0	2	1838.98	1839.28
1839.289	0.8999999999998636	trials	99	s099_J210607	grCe_grSu6Ne_PS	18	0.0	2	1839.589	1839.888
1844.198	0.8999999999998636	trials	99	s099_J210607	grCe_grSu6CiNe_PS	19	315.0	2	1844.498	1844.797
1844.806	0.8999999999998636	trials	99	s099_J210607	grCe_grSu6CiNe_PS	19	270.0	2	1845.106	1845.406
1845.415	0.8999999999998636	trials	99	s099_J210607	grCe_grSu3Ne	5	315.0	2	1845.715	1846.014
1850.2820000000002	0.8999999999998636	trials	99	s099_J210607	grCe_grSu12SmCiNe_PS	21	45.0	2	1850.582	1850.881
1850.882	0.8999999999998636	trials	99	s099_J210607	coCe	16	0.0	2	1851.182	1851.481
1851.499	0.8999999999998636	trials	99	s099_J210607	grCe_grSu18Fa	11	90.0	2	1851.799	1852.098
1856.5330000000001	0.8999999999998636	trials	99	s099_J210607	grSu3Ne	4		2	1856.833	1857.132
1857.749	0.8999999999998636	trials	99	s099_J210607	grCe_grSu12Mi	9	315.0	2	1858.049	1858.349
1863.45	0.8999999999998636	trials	99	s099_J210607	grCe_grSu3Ne	5	225.0	2	1863.75	1864.05
1864.05	0.8999999999998636	trials	99	s099_J210607	grCe	1	270.0	2	1864.35	1864.65
1869.009	0.8999999999998636	trials	99	s099_J210607	coCe	16	135.0	2	1869.309	1869.609
1869.618	0.8999999999998636	trials	99	s099_J210607	grCe_grSu12SmCiNe_PS	21	315.0	2	1869.918	1870.217
1873.6770000000001	0.8999999999998636	trials	99	s099_J210607	grCe_grSu6CiNe	15	225.0	2	1873.977	1874.276
1877.644	0.8999999999998636	trials	99	s099_J210607	coCe_grSu6Ne	17	90.0	2	1877.944	1878.243
1878.252	0.8999999999998636	trials	99	s099_J210607	grCe_grSu3Ne	5	180.0	2	1878.552	1878.852
1878.861	0.8999999999998636	trials	99	s099_J210607	grCe_grSu6CiNe_PS	19	180.0	2	1879.161	1879.46
1887.52	0.8999999999998636	trials	99	s099_J210607	grCe_grSu1Ne	3	90.0	2	1887.82	1888.12
1888.1280000000002	0.8999999999998636	trials	99	s099_J210607	grCe_grSu3Ne	5	135.0	2	1888.428	1888.728
1893.5710000000001	0.8999999999998636	trials	99	s099_J210607	grCe_grSu6Ne_PS	18	90.0	2	1893.871	1894.17
1894.179	0.8999999999998636	trials	99	s099_J210607	grCe_grSu1Ne	3	45.0	2	1894.479	1894.779
1899.113	0.8999999999998636	trials	99	s099_J210607	grCe_grSu18Fa	11	180.0	2	1899.413	1899.713
1899.722	0.8999999999998636	trials	99	s099_J210607	grCe_grSu12SmCiNe_PS	21	225.0	2	1900.022	1900.321
1906.556	0.8999999999998636	trials	99	s099_J210607	grCe_grSu6Ne	7	45.0	2	1906.856	1907.155
1907.173	0.8999999999998636	trials	99	s099_J210607	grSu18Fa	10		2	1907.473	1907.772
1912.123	0.8999999999998636	trials	99	s099_J210607	grCe_grSu12Mi	9	0.0	2	1912.423	1912.723
1912.732	0.8999999999998636	trials	99	s099_J210607	coSu6Ne	20		2	1913.032	1913.331
1913.3400000000001	0.8999999999998636	trials	99	s099_J210607	grCe_grSu12SmCiNe	13	225.0	2	1913.64	1913.94
1918.674	0.8999999999998636	trials	99	s099_J210607	grCe_grSu6CiNe_PS	19	45.0	2	1918.974	1919.274
1919.2820000000002	0.8999999999998636	trials	99	s099_J210607	grCe_grSu12Mi	9	180.0	2	1919.582	1919.882
1919.891	0.8999999999998636	trials	99	s099_J210607	grCe_grSu12Mi	9	90.0	2	1920.191	1920.49
1932.392	0.8999999999998636	trials	99	s099_J210607	grCe_grSu6CiNe	15	315.0	2	1932.692	1932.992
1933.001	0.8999999999998636	trials	99	s099_J210607	coCe_grSu6Ne	17	45.0	2	1933.301	1933.6
1933.6090000000002	0.8999999999998636	trials	99	s099_J210607	grCe_grSu6Ne	7	270.0	2	1933.909	1934.209
1938.602	0.8999999999998636	trials	99	s099_J210607	grCe	1	315.0	2	1938.902	1939.201
1939.202	0.8999999999998636	trials	99	s099_J210607	coCe	16	315.0	2	1939.502	1939.801
1939.81	0.8999999999998636	trials	99	s099_J210607	grCe_grSu1Ne	3	315.0	2	1940.11	1940.41
1944.661	0.8999999999998636	trials	99	s099_J210607	grSu6CiNe	14		2	1944.961	1945.26
1945.269	0.8999999999998636	trials	99	s099_J210607	grCe_grSu3Ne	5	90.0	2	1945.569	1945.869
1945.8690000000001	0.8999999999998636	trials	99	s099_J210607	grCe_grSu12SmCiNe_PS	21	270.0	2	1946.169	1946.469
1950.728	0.8999999999998636	trials	99	s099_J210607	coCe	16	225.0	2	1951.028	1951.328
1951.328	0.8999999999998636	trials	99	s099_J210607	grCe_grSu6CiNe_PS	19	225.0	2	1951.628	1951.928
1951.9370000000001	0.8999999999998636	trials	99	s099_J210607	grCe_grSu6Ne	7	0.0	2	1952.237	1952.536
1956.804	0.8999999999998636	trials	99	s099_J210607	coCe_grSu6Ne	17	180.0	2	1957.104	1957.404
1958.021	0.8999999999998636	trials	99	s099_J210607	grCe_grSu6Ne	7	315.0	2	1958.321	1958.62
1969.6970000000001	0.8999999999998636	trials	99	s099_J210607	grCe_grSu18Fa	11	270.0	2	1969.997	1970.297
1970.306	0.8999999999998636	trials	99	s099_J210607	grCe_grSu12Mi	9	45.0	2	1970.606	1970.905
1970.906	0.8999999999998636	trials	99	s099_J210607	grSu1Ne	2		2	1971.206	1971.505
1976.181	0.8999999999998636	trials	99	s099_J210607	grCe_grSu12SmCiNe_PS	21	90.0	2	1976.481	1976.781
1980.174	0.8999999999998636	trials	99	s099_J210607	NoStim	0		2	1980.474	1980.773
1987.491	0.8999999999998636	trials	99	s099_J210607	grCe_grSu1Ne	3	180.0	2	1987.791	1988.091
1991.092	0.8999999999998636	trials	99	s099_J210607	grCe_grSu6Ne_PS	18	180.0	2	1991.392	1991.691
1991.692	0.8999999999998636	trials	99	s099_J210607	grCe_grSu12SmCiNe_PS	21	135.0	2	1991.992	1992.291
1992.3	0.8999999999998636	trials	99	s099_J210607	grCe_grSu3Ne	5	270.0	2	1992.6	1992.9
1997.326	0.8999999999998636	trials	99	s099_J210607	grCe	1	180.0	2	1997.626	1997.925
1997.943	0.8999999999998636	trials	99	s099_J210607	coCe_grSu6Ne	17	225.0	2	1998.243	1998.542
2003.527	0.8999999999998636	trials	99	s099_J210607	grCe_grSu1Ne	3	270.0	2	2003.827	2004.126
2004.135	0.8999999999998636	trials	99	s099_J210607	grCe_grSu6Ne	7	90.0	2	2004.435	2004.735
2004.7440000000001	0.8999999999998636	trials	99	s099_J210607	grSu12SmCiNe	12		2	2005.044	2005.343
2009.903	0.8999999999998636	trials	99	s099_J210607	grCe_grSu6Ne_PS	18	270.0	1	2010.203	2010.502
2010.5030000000002	0.8999999999998636	trials	99	s099_J210607	grCe_grSu6CiNe_PS	19	270.0	1	2010.803	2011.102
2014.912	0.8999999999998636	trials	99	s099_J210607	grCe_grSu3Ne	5	180.0	1	2015.212	2015.511
2015.528	0.8999999999998636	trials	99	s099_J210607	grCe_grSu18Fa	11	180.0	1	2015.828	2016.128
2020.3120000000001	0.8999999999998636	trials	99	s099_J210607	grCe_grSu12SmCiNe_PS	21	315.0	1	2020.612	2020.912
2020.921	0.8999999999998636	trials	99	s099_J210607	coCe_grSu6Ne	17	0.0	1	2021.221	2021.52
2021.529	0.8999999999998636	trials	99	s099_J210607	grCe_grSu12SmCiNe_PS	21	270.0	1	2021.829	2022.129
2026.4550000000002	0.8999999999998636	trials	99	s099_J210607	grCe_grSu6Ne	7	45.0	1	2026.755	2027.054
2027.063	0.8999999999998636	trials	99	s099_J210607	grCe_grSu3Ne	5	225.0	1	2027.363	2027.663
2027.671	0.8999999999998636	trials	99	s099_J210607	coCe_grSu6Ne	17	225.0	1	2027.971	2028.271
2032.864	0.8999999999998636	trials	99	s099_J210607	grCe_grSu12SmCiNe	13	90.0	1	2033.164	2033.463
2038.89	0.8999999999998636	trials	99	s099_J210607	grCe_grSu12Mi	9	135.0	1	2039.19	2039.489
2039.498	0.8999999999998636	trials	99	s099_J210607	grCe_grSu6Ne_PS	18	315.0	1	2039.798	2040.098
2040.098	0.8999999999998636	trials	99	s099_J210607	coCe	16	315.0	1	2040.398	2040.698
2045.107	0.8999999999998636	trials	99	s099_J210607	grCe_grSu3Ne	5	0.0	1	2045.407	2045.707
2045.724	0.8999999999998636	trials	99	s099_J210607	grCe_grSu18Fa	11	135.0	1	2046.024	2046.323
2046.332	0.8999999999998636	trials	99	s099_J210607	grCe_grSu1Ne	3	315.0	1	2046.632	2046.932
2051.808	0.900000000000091	trials	99	s099_J210607	grCe_grSu6Ne_PS	18	180.0	1	2052.108	2052.407
2060.951	0.900000000000091	trials	99	s099_J210607	grCe_grSu12Mi	9	90.0	1	2061.251	2061.55
2066.7019999999998	0.900000000000091	trials	99	s099_J210607	grCe	1	180.0	1	2067.002	2067.301
2067.31	0.900000000000091	trials	99	s099_J210607	grCe_grSu6CiNe_PS	19	0.0	1	2067.61	2067.91
2067.9179999999997	0.900000000000091	trials	99	s099_J210607	grCe_grSu12Mi	9	270.0	1	2068.218	2068.518
2076.653	0.900000000000091	trials	99	s099_J210607	grCe_grSu6CiNe_PS	19	315.0	1	2076.953	2077.252
2082.1949999999997	0.900000000000091	trials	99	s099_J210607	grCe_grSu12SmCiNe_PS	21	45.0	1	2082.495	2082.795
2082.812	0.900000000000091	trials	99	s099_J210607	coCe	16	225.0	1	2083.112	2083.412
2088.354	0.900000000000091	trials	99	s099_J210607	grCe_grSu6Ne	7	135.0	1	2088.654	2088.954
2092.0879999999997	0.900000000000091	trials	99	s099_J210607	grCe_grSu6CiNe_PS	19	180.0	1	2092.388	2092.688
2092.6969999999997	0.900000000000091	trials	99	s099_J210607	grCe_grSu12SmCiNe	13	0.0	1	2092.997	2093.296
2093.297	0.900000000000091	trials	99	s099_J210607	grCe_grSu12SmCiNe_PS	21	0.0	1	2093.597	2093.896
2098.239	0.900000000000091	trials	99	s099_J210607	grCe	1	45.0	1	2098.539	2098.839
2098.8469999999998	0.900000000000091	trials	99	s099_J210607	grCe_grSu6CiNe	15	225.0	1	2099.147	2099.447
2104.1229999999996	0.900000000000091	trials	99	s099_J210607	grCe_grSu12SmCiNe_PS	21	135.0	1	2104.423	2104.723
2107.7569999999996	0.900000000000091	trials	99	s099_J210607	grCe_grSu12SmCiNe	13	315.0	1	2108.057	2108.356
2108.365	0.900000000000091	trials	99	s099_J210607	grCe_grSu6Ne	7	315.0	1	2108.665	2108.965
2108.982	0.900000000000091	trials	99	s099_J210607	grCe_grSu18Fa	11	270.0	1	2109.282	2109.582
2113.941	0.900000000000091	trials	99	s099_J210607	grCe_grSu6Ne	7	0.0	1	2114.241	2114.541
2114.549	0.900000000000091	trials	99	s099_J210607	grCe_grSu12SmCiNe	13	45.0	1	2114.849	2115.149
2115.149	0.900000000000091	trials	99	s099_J210607	grCe_grSu6CiNe_PS	19	225.0	1	2115.449	2115.749
2120.6	0.900000000000091	trials	99	s099_J210607	NoStim	0		1	2120.9	2121.2
2121.209	0.900000000000091	trials	99	s099_J210607	coCe_grSu6Ne	17	90.0	1	2121.509	2121.808
2126.259	0.900000000000091	trials	99	s099_J210607	grCe_grSu3Ne	5	45.0	1	2126.559	2126.859
2126.859	0.900000000000091	trials	99	s099_J210607	grCe_grSu6Ne_PS	18	225.0	1	2127.159	2127.459
2132.4269999999997	0.900000000000091	trials	99	s099_J210607	grCe_grSu6CiNe	15	45.0	1	2132.727	2133.026
2133.027	0.900000000000091	trials	99	s099_J210607	grCe	1	315.0	1	2133.327	2133.626
2133.6349999999998	0.900000000000091	trials	99	s099_J210607	grCe_grSu12Mi	9	180.0	1	2133.935	2134.235
2138.461	0.900000000000091	trials	99	s099_J210607	grSu1Ne	2		1	2138.761	2139.06
2139.069	0.900000000000091	trials	99	s099_J210607	grSu6Ne	6		1	2139.369	2139.669
2142.886	0.900000000000091	trials	99	s099_J210607	grSu12SmCiNe	12		1	2143.186	2143.486
2143.495	0.900000000000091	trials	99	s099_J210607	coCe_grSu6Ne	17	135.0	1	2143.795	2144.094
2144.1029999999996	0.900000000000091	trials	99	s099_J210607	grCe_grSu12SmCiNe	13	180.0	1	2144.403	2144.703
2149.029	0.900000000000091	trials	99	s099_J210607	grCe	1	135.0	1	2149.329	2149.628
2149.6369999999997	0.900000000000091	trials	99	s099_J210607	grCe_grSu6CiNe	15	0.0	1	2149.937	2150.237
2150.379	0.900000000000091	trials	99	s099_J210607	coCe	16	0.0	1	2150.679	2150.979
2155.8129999999996	0.900000000000091	trials	99	s099_J210607	grCe_grSu12Mi	9	45.0	1	2156.113	2156.413
2157.0299999999997	0.900000000000091	trials	99	s099_J210607	grCe_grSu1Ne	3	225.0	1	2157.33	2157.629
2161.797	0.900000000000091	trials	99	s099_J210607	grCe_grSu6Ne	7	90.0	1	2162.097	2162.397
2163.0139999999997	0.900000000000091	trials	99	s099_J210607	grCe_grSu12Mi	9	315.0	1	2163.314	2163.614
2167.765	0.900000000000091	trials	99	s099_J210607	grCe_grSu3Ne	5	315.0	1	2168.065	2168.364
2168.365	0.900000000000091	trials	99	s099_J210607	grCe_grSu6CiNe_PS	19	135.0	1	2168.665	2168.964
2168.973	0.900000000000091	trials	99	s099_J210607	grCe_grSu12Mi	9	225.0	1	2169.273	2169.573
2174.624	0.900000000000091	trials	99	s099_J210607	coCe_grSu6Ne	17	270.0	1	2174.924	2175.223
2175.232	0.900000000000091	trials	99	s099_J210607	grSu12Mi	8		1	2175.532	2175.832
2175.8489999999997	0.900000000000091	trials	99	s099_J210607	grCe_grSu18Fa	11	90.0	1	2176.149	2176.449
2180.575	0.900000000000091	trials	99	s099_J210607	grCe_grSu3Ne	5	270.0	1	2180.875	2181.174
2181.183	0.900000000000091	trials	99	s099_J210607	grCe_grSu12SmCiNe	13	135.0	1	2181.483	2181.783
2181.7909999999997	0.900000000000091	trials	99	s099_J210607	grCe_grSu6CiNe_PS	19	90.0	1	2182.091	2182.391
2186.609	0.900000000000091	trials	99	s099_J210607	coCe	16	180.0	1	2186.909	2187.208
2187.826	0.900000000000091	trials	99	s099_J210607	grCe_grSu6CiNe_PS	19	45.0	1	2188.126	2188.425
2192.7349999999997	0.900000000000091	trials	99	s099_J210607	grCe	1	90.0	1	2193.035	2193.334
2193.343	0.900000000000091	trials	99	s099_J210607	grCe_grSu12SmCiNe_PS	21	90.0	1	2193.643	2193.942
2193.951	0.900000000000091	trials	99	s099_J210607	grCe_grSu12SmCiNe_PS	21	180.0	1	2194.251	2194.551
2199.194	0.900000000000091	trials	99	s099_J210607	coCe	16	135.0	1	2199.494	2199.793
2199.794	0.900000000000091	trials	99	s099_J210607	grCe	1	270.0	1	2200.094	2200.393
2200.394	0.900000000000091	trials	99	s099_J210607	coCe	16	270.0	1	2200.694	2200.993
2205.6859999999997	0.900000000000091	trials	99	s099_J210607	grCe	1	0.0	1	2205.986	2206.286
2209.72	0.900000000000091	trials	99	s099_J210607	grCe_grSu18Fa	11	0.0	1	2210.02	2210.32
2210.328	0.900000000000091	trials	99	s099_J210607	grCe_grSu6Ne_PS	18	135.0	1	2210.628	2210.928
2216.0209999999997	0.900000000000091	trials	99	s099_J210607	grSu6CiNe	14		1	2216.321	2216.62
2217.238	0.900000000000091	trials	99	s099_J210607	grCe_grSu1Ne	3	270.0	1	2217.538	2217.837
2222.1299999999997	0.900000000000091	trials	99	s099_J210607	grCe_grSu18Fa	11	45.0	1	2222.43	2222.73
2222.738	0.900000000000091	trials	99	s099_J210607	grCe_grSu3Ne	5	90.0	1	2223.038	2223.338
2223.339	0.900000000000091	trials	99	s099_J210607	grCe	1	225.0	1	2223.639	2223.938
2228.2219999999998	0.900000000000091	trials	99	s099_J210607	grCe_grSu6CiNe	15	90.0	1	2228.522	2228.822
2228.8309999999997	0.900000000000091	trials	99	s099_J210607	grCe_grSu12SmCiNe	13	270.0	1	2229.131	2229.43
2229.431	0.900000000000091	trials	99	s099_J210607	grCe_grSu6Ne_PS	18	0.0	1	2229.731	2230.031
2234.4649999999997	0.900000000000091	trials	99	s099_J210607	coCe	16	90.0	1	2234.765	2235.064
2235.682	0.900000000000091	trials	99	s099_J210607	grCe_grSu6Ne	7	225.0	1	2235.982	2236.281
2241.7239999999997	0.900000000000091	trials	99	s099_J210607	grCe_grSu6Ne	7	270.0	1	2242.024	2242.324
2242.3239999999996	0.900000000000091	trials	99	s099_J210607	coSu6Ne	20		1	2242.624	2242.924
2247.308	0.900000000000091	trials	99	s099_J210607	grCe_grSu3Ne	5	135.0	1	2247.608	2247.908
2247.917	0.900000000000091	trials	99	s099_J210607	grCe_grSu12Mi	9	0.0	1	2248.217	2248.516
2248.5249999999996	0.900000000000091	trials	99	s099_J210607	grCe_grSu12SmCiNe_PS	21	225.0	1	2248.825	2249.125
2253.984	0.900000000000091	trials	99	s099_J210607	grCe_grSu12SmCiNe	13	225.0	1	2254.284	2254.584
2254.593	0.900000000000091	trials	99	s099_J210607	grCe_grSu6CiNe	15	135.0	1	2254.893	2255.192
2260.152	0.900000000000091	trials	99	s099_J210607	grCe_grSu6Ne_PS	18	90.0	1	2260.452	2260.751
2260.7599999999998	0.900000000000091	trials	99	s099_J210607	coCe_grSu6Ne	17	315.0	1	2261.06	2261.36
2265.711	0.900000000000091	trials	99	s099_J210607	grCe_grSu18Fa	11	225.0	1	2266.011	2266.31
2266.319	0.900000000000091	trials	99	s099_J210607	grCe_grSu6Ne_PS	18	45.0	1	2266.619	2266.919
2266.9269999999997	0.900000000000091	trials	99	s099_J210607	coCe_grSu6Ne	17	180.0	1	2267.227	2267.527
2271.87	0.900000000000091	trials	99	s099_J210607	grCe_grSu18Fa	11	315.0	1	2272.17	2272.469
2272.4779999999996	0.900000000000091	trials	99	s099_J210607	grCe_grSu6CiNe	15	180.0	1	2272.778	2273.078
2278.596	0.900000000000091	trials	99	s099_J210607	grCe_grSu1Ne	3	90.0	1	2278.896	2279.195
2279.196	0.900000000000091	trials	99	s099_J210607	grSu3Ne	4		1	2279.496	2279.795
2284.196	0.900000000000091	trials	99	s099_J210607	grSu18Fa	10		1	2284.496	2284.796
2284.805	0.900000000000091	trials	99	s099_J210607	grCe_grSu6Ne	7	180.0	1	2285.105	2285.404
2285.413	0.900000000000091	trials	99	s099_J210607	grCe_grSu1Ne	3	45.0	1	2285.713	2286.013
2290.4139999999998	0.900000000000091	trials	99	s099_J210607	grCe_grSu1Ne	3	135.0	1	2290.714	2291.013
2291.022	0.900000000000091	trials	99	s099_J210607	grCe_grSu6CiNe	15	270.0	1	2291.322	2291.622
2291.631	0.900000000000091	trials	99	s099_J210607	grCe_grSu1Ne	3	180.0	1	2291.931	2292.23
2300.3819999999996	0.900000000000091	trials	99	s099_J210607	grCe_grSu1Ne	3	0.0	1	2300.682	2300.981
2300.982	0.900000000000091	trials	99	s099_J210607	coCe	16	45.0	1	2301.282	2301.581
2305.9159999999997	0.900000000000091	trials	99	s099_J210607	grCe_grSu6CiNe	15	315.0	1	2306.216	2306.515
2306.524	0.900000000000091	trials	99	s099_J210607	coCe_grSu6Ne	17	45.0	1	2306.824	2307.124
2307.133	0.900000000000091	trials	99	s099_J210607	grCe_grSu6CiNe_PS	19	45.0	0	2307.433	2307.732
2312.1	0.900000000000091	trials	99	s099_J210607	grCe_grSu18Fa	11	270.0	0	2312.4	2312.7
2312.7079999999996	0.900000000000091	trials	99	s099_J210607	grCe_grSu12SmCiNe_PS	21	90.0	0	2313.008	2313.308
2313.317	0.900000000000091	trials	99	s099_J210607	grCe_grSu3Ne	5	0.0	0	2313.617	2313.916
2318.509	0.900000000000091	trials	99	s099_J210607	grSu6Ne	6		0	2318.809	2319.109
2322.451	0.900000000000091	trials	99	s099_J210607	grCe_grSu6CiNe_PS	19	270.0	0	2322.751	2323.051
2323.06	0.900000000000091	trials	99	s099_J210607	grCe_grSu1Ne	3	270.0	0	2323.36	2323.659
2328.8109999999997	0.900000000000091	trials	99	s099_J210607	grCe_grSu12Mi	9	135.0	0	2329.111	2329.41
2330.019	0.900000000000091	trials	99	s099_J210607	coCe	16	0.0	0	2330.319	2330.619
2338.4199999999996	0.900000000000091	trials	99	s099_J210607	grCe_grSu6Ne_PS	18	270.0	0	2338.72	2339.02
2339.02	0.900000000000091	trials	99	s099_J210607	grCe_grSu6CiNe_PS	19	315.0	0	2339.32	2339.62
2339.629	0.900000000000091	trials	99	s099_J210607	grCe_grSu3Ne	5	315.0	0	2339.929	2340.228
2344.6459999999997	0.900000000000091	trials	99	s099_J210607	grCe_grSu12SmCiNe	13	0.0	0	2344.946	2345.245
2345.263	0.900000000000091	trials	99	s099_J210607	grCe_grSu18Fa	11	45.0	0	2345.563	2345.862
2345.8709999999996	0.900000000000091	trials	99	s099_J210607	grCe_grSu6Ne_PS	18	45.0	0	2346.171	2346.471
2355.022	0.900000000000091	trials	99	s099_J210607	grCe_grSu12Mi	9	315.0	0	2355.322	2355.622
2355.622	0.900000000000091	trials	99	s099_J210607	NoStim	0		0	2355.922	2356.222
2360.598	0.900000000000091	trials	99	s099_J210607	grCe_grSu6CiNe_PS	19	90.0	0	2360.898	2361.198
2361.2059999999997	0.900000000000091	trials	99	s099_J210607	grCe_grSu12Mi	9	0.0	0	2361.506	2361.806
2361.8149999999996	0.900000000000091	trials	99	s099_J210607	grCe_grSu6CiNe_PS	19	180.0	0	2362.115	2362.414
2372.908	0.900000000000091	trials	99	s099_J210607	coCe_grSu6Ne	17	90.0	0	2373.208	2373.507
2376.558	0.900000000000091	trials	99	s099_J210607	grCe_grSu1Ne	3	90.0	0	2376.858	2377.158
2380.4089999999997	0.900000000000091	trials	99	s099_J210607	coCe_grSu6Ne	17	180.0	0	2380.709	2381.008
2387.1009999999997	0.900000000000091	trials	99	s099_J210607	coCe_grSu6Ne	17	135.0	0	2387.401	2387.701
2387.71	0.900000000000091	trials	99	s099_J210607	grCe_grSu6Ne_PS	18	180.0	0	2388.01	2388.309
2396.1859999999997	0.900000000000091	trials	99	s099_J210607	grCe_grSu1Ne	3	135.0	0	2396.486	2396.785
2397.403	0.900000000000091	trials	99	s099_J210607	grCe_grSu12SmCiNe	13	270.0	0	2397.703	2398.002
2409.888	0.900000000000091	trials	99	s099_J210607	grCe_grSu1Ne	3	315.0	0	2410.188	2410.487
2410.4959999999996	0.900000000000091	trials	99	s099_J210607	grCe_grSu6Ne_PS	18	0.0	0	2410.796	2411.096
2411.105	0.900000000000091	trials	99	s099_J210607	grSu12SmCiNe	12		0	2411.405	2411.704
2415.98	0.900000000000091	trials	99	s099_J210607	grCe_grSu6Ne_PS	18	90.0	0	2416.28	2416.58
2416.589	0.900000000000091	trials	99	s099_J210607	grCe_grSu6CiNe	15	90.0	0	2416.889	2417.188
2417.1969999999997	0.900000000000091	trials	99	s099_J210607	grCe_grSu6Ne	7	225.0	0	2417.497	2417.797
2422.114	0.900000000000091	trials	99	s099_J210607	grCe_grSu3Ne	5	135.0	0	2422.414	2422.714
2422.714	0.900000000000091	trials	99	s099_J210607	coCe	16	90.0	0	2423.014	2423.314
2423.323	0.900000000000091	trials	99	s099_J210607	coCe_grSu6Ne	17	0.0	0	2423.623	2423.922
2432.3489999999997	0.900000000000091	trials	99	s099_J210607	grCe_grSu12Mi	9	225.0	0	2432.649	2432.948
2432.957	0.900000000000091	trials	99	s099_J210607	grCe_grSu12SmCiNe	13	90.0	0	2433.257	2433.557
2438.0409999999997	0.900000000000091	trials	99	s099_J210607	coCe_grSu6Ne	17	270.0	0	2438.341	2438.641
2438.6499999999996	0.900000000000091	trials	99	s099_J210607	grCe_grSu1Ne	3	180.0	0	2438.95	2439.249
2439.25	0.900000000000091	trials	99	s099_J210607	grCe	1	315.0	0	2439.55	2439.849
2444.142	0.900000000000091	trials	99	s099_J210607	grCe_grSu6CiNe	15	225.0	0	2444.442	2444.742
2444.7419999999997	0.900000000000091	trials	99	s099_J210607	grCe_grSu12SmCiNe_PS	21	270.0	0	2445.042	2445.342
2445.3509999999997	0.900000000000091	trials	99	s099_J210607	grCe_grSu6Ne	7	270.0	0	2445.651	2445.95
2453.118	0.900000000000091	trials	99	s099_J210607	grCe_grSu18Fa	11	225.0	0	2453.418	2453.718
2453.718	0.900000000000091	trials	99	s099_J210607	grCe	1	90.0	0	2454.018	2454.318
2454.3269999999998	0.900000000000091	trials	99	s099_J210607	grCe_grSu3Ne	5	270.0	0	2454.627	2454.926
2459.019	0.900000000000091	trials	99	s099_J210607	grCe_grSu6CiNe_PS	19	225.0	0	2459.319	2459.619
2465.9779999999996	0.900000000000091	trials	99	s099_J210607	coCe	16	180.0	0	2466.278	2466.578
2469.937	0.900000000000091	trials	99	s099_J210607	grCe_grSu6Ne	7	135.0	0	2470.237	2470.537
2470.546	0.900000000000091	trials	99	s099_J210607	grCe_grSu6CiNe	15	315.0	0	2470.846	2471.145
2482.6299999999997	0.900000000000091	trials	99	s099_J210607	grCe_grSu12SmCiNe_PS	21	0.0	0	2482.93	2483.23
2483.239	0.900000000000091	trials	99	s099_J210607	grCe_grSu1Ne	3	0.0	0	2483.539	2483.838
2483.8469999999998	0.900000000000091	trials	99	s099_J210607	grCe_grSu12SmCiNe	13	45.0	0	2484.147	2484.447
2488.823	0.900000000000091	trials	99	s099_J210607	grCe_grSu1Ne	3	45.0	0	2489.123	2489.422
2489.431	0.900000000000091	trials	99	s099_J210607	grCe_grSu1Ne	3	225.0	0	2489.731	2490.031
2490.031	0.900000000000091	trials	99	s099_J210607	coCe	16	45.0	0	2490.331	2490.631
2495.024	0.900000000000091	trials	99	s099_J210607	grCe	1	270.0	0	2495.324	2495.623
2495.6319999999996	0.900000000000091	trials	99	s099_J210607	grCe_grSu3Ne	5	90.0	0	2495.932	2496.232
2496.232	0.900000000000091	trials	99	s099_J210607	coCe	16	270.0	0	2496.532	2496.832
2501.508	0.900000000000091	trials	99	s099_J210607	coCe_grSu6Ne	17	315.0	0	2501.808	2502.107
2502.116	0.900000000000091	trials	99	s099_J210607	coCe_grSu6Ne	17	225.0	0	2502.416	2502.716
2502.725	0.900000000000091	trials	99	s099_J210607	grSu12Mi	8		0	2503.025	2503.324
2511.076	0.900000000000091	trials	99	s099_J210607	grCe_grSu12Mi	9	180.0	0	2511.376	2511.675
2511.676	0.900000000000091	trials	99	s099_J210607	grCe	1	225.0	0	2511.976	2512.275
2512.276	0.900000000000091	trials	99	s099_J210607	grCe	1	0.0	0	2512.576	2512.875
2517.1679999999997	0.900000000000091	trials	99	s099_J210607	grSu18Fa	10		0	2517.468	2517.768
2517.768	0.900000000000091	trials	99	s099_J210607	coCe	16	225.0	0	2518.068	2518.368
2518.377	0.900000000000091	trials	99	s099_J210607	grCe_grSu6Ne_PS	18	315.0	0	2518.677	2518.976
2526.6609999999996	0.900000000000091	trials	99	s099_J210607	grCe_grSu6Ne	7	0.0	0	2526.961	2527.261
2527.261	0.900000000000091	trials	99	s099_J210607	grCe	1	135.0	0	2527.561	2527.861
2527.87	0.900000000000091	trials	99	s099_J210607	grCe_grSu12SmCiNe	13	180.0	0	2528.17	2528.469
2532.687	0.900000000000091	trials	99	s099_J210607	coSu6Ne	20		0	2532.987	2533.286
2533.287	0.900000000000091	trials	99	s099_J210607	grCe	1	180.0	0	2533.587	2533.887
2533.895	0.900000000000091	trials	99	s099_J210607	grCe_grSu6Ne	7	315.0	0	2534.195	2534.495
2540.046	0.900000000000091	trials	99	s099_J210607	grCe_grSu3Ne	5	180.0	0	2540.346	2540.646
2561.116	0.900000000000091	trials	99	s099_J210607	grCe_grSu12SmCiNe	13	135.0	0	2561.416	2561.715
2567.9829999999997	0.900000000000091	trials	99	s099_J210607	grCe_grSu12SmCiNe_PS	21	315.0	0	2568.283	2568.583
2568.5919999999996	0.900000000000091	trials	99	s099_J210607	grCe_grSu12SmCiNe_PS	21	225.0	0	2568.892	2569.191
2569.2	0.900000000000091	trials	99	s099_J210607	grCe_grSu12SmCiNe	13	225.0	0	2569.5	2569.8
2574.076	0.900000000000091	trials	99	s099_J210607	grCe_grSu6CiNe_PS	19	0.0	0	2574.376	2574.675
2574.826	0.900000000000091	trials	99	s099_J210607	grCe_grSu3Ne	5	225.0	0	2575.126	2575.425
2575.4339999999997	0.900000000000091	trials	99	s099_J210607	grCe_grSu12Mi	9	90.0	0	2575.734	2576.034
2581.2349999999997	0.900000000000091	trials	99	s099_J210607	grCe_grSu18Fa	11	0.0	0	2581.535	2581.834
2581.835	0.900000000000091	trials	99	s099_J210607	grCe_grSu12SmCiNe_PS	21	180.0	0	2582.135	2582.435
2586.777	0.900000000000091	trials	99	s099_J210607	grCe_grSu12SmCiNe_PS	21	45.0	0	2587.077	2587.377
2587.394	0.900000000000091	trials	99	s099_J210607	grCe_grSu18Fa	11	315.0	0	2587.694	2587.994
2588.169	0.900000000000091	trials	99	s099_J210607	coCe_grSu6Ne	17	45.0	0	2588.469	2588.769
2593.12	0.900000000000091	trials	99	s099_J210607	coCe	16	315.0	0	2593.42	2593.719
2593.7279999999996	0.900000000000091	trials	99	s099_J210607	grCe_grSu12Mi	9	270.0	0	2594.028	2594.328
2599.5119999999997	0.900000000000091	trials	99	s099_J210607	grCe_grSu6CiNe	15	180.0	0	2599.812	2600.112
2600.171	0.900000000000091	trials	99	s099_J210607	grCe_grSu18Fa	11	135.0	0	2600.471	2600.77
2600.779	0.900000000000091	trials	99	s099_J210607	grCe_grSu6Ne	7	180.0	0	2601.079	2601.379
2605.763	0.900000000000091	trials	99	s099_J210607	grCe_grSu3Ne	5	45.0	0	2606.063	2606.363
2606.988	0.900000000000091	trials	99	s099_J210607	grCe_grSu18Fa	11	90.0	0	2607.288	2607.588
2613.239	0.900000000000091	trials	99	s099_J210607	grCe_grSu18Fa	11	180.0	0	2613.539	2613.839
2613.8469999999998	0.900000000000091	trials	99	s099_J210607	grCe_grSu6Ne	7	90.0	0	2614.147	2614.447
2622.2239999999997	0.900000000000091	trials	99	s099_J210607	grCe_grSu6CiNe	15	0.0	0	2622.524	2622.823
2622.832	0.900000000000091	trials	99	s099_J210607	grCe_grSu6Ne_PS	18	135.0	0	2623.132	2623.431
2623.4399999999996	0.900000000000091	trials	99	s099_J210607	grSu3Ne	4		0	2623.74	2624.04
2628.4739999999997	0.900000000000091	trials	99	s099_J210607	grCe_grSu6CiNe	15	270.0	0	2628.774	2629.074
2632.216	0.900000000000091	trials	99	s099_J210607	grCe_grSu6CiNe_PS	19	135.0	0	2632.516	2632.816
2632.825	0.900000000000091	trials	99	s099_J210607	grCe_grSu6Ne	7	45.0	0	2633.125	2633.424
2638.317	0.900000000000091	trials	99	s099_J210607	grSu1Ne	2		0	2638.617	2638.917
2638.917	0.900000000000091	trials	99	s099_J210607	grSu6CiNe	14		0	2639.217	2639.517
2639.526	0.900000000000091	trials	99	s099_J210607	grCe_grSu6CiNe	15	135.0	0	2639.826	2640.125
2645.1259999999997	0.900000000000091	trials	99	s099_J210607	coCe	16	135.0	0	2645.426	2645.726
2645.727	0.900000000000091	trials	99	s099_J210607	grCe	1	45.0	0	2646.027	2646.326
2650.777	0.900000000000091	trials	99	s099_J210607	grCe_grSu12SmCiNe	13	315.0	0	2651.077	2651.377
2651.986	0.900000000000091	trials	99	s099_J210607	grCe_grSu6Ne_PS	18	225.0	0	2652.286	2652.585
2656.6949999999997	0.900000000000091	trials	99	s099_J210607	grCe_grSu12SmCiNe_PS	21	135.0	0	2656.995	2657.294
2663.1789999999996	0.900000000000091	trials	99	s099_J210607	grCe_grSu6CiNe	15	45.0	0	2663.479	2663.778
2667.1879999999996	0.900000000000091	trials	99	s099_J210607	grCe_grSu12Mi	9	45.0	0	2667.488	2667.787
2667.788	0.900000000000091	trials	99	s099_J210607	grCe	1	270.0	8	2668.088	2668.387
2668.388	0.900000000000091	trials	99	s099_J210607	coCe	16	225.0	8	2668.688	2668.987
2673.247	0.900000000000091	trials	99	s099_J210607	grCe_grSu3Ne	5	90.0	8	2673.547	2673.846
2676.772	0.900000000000091	trials	99	s099_J210607	coSu6Ne	20		8	2677.072	2677.372
2677.3889999999997	0.900000000000091	trials	99	s099_J210607	grCe_grSu18Fa	11	315.0	8	2677.689	2677.989
2682.89	0.900000000000091	trials	99	s099_J210607	grCe_grSu6CiNe_PS	19	0.0	8	2683.19	2683.489
2683.506	0.900000000000091	trials	99	s099_J210607	grCe_grSu18Fa	11	90.0	8	2683.806	2684.106
2684.115	0.900000000000091	trials	99	s099_J210607	grCe_grSu12Mi	9	45.0	8	2684.415	2684.714
2689.091	0.900000000000091	trials	99	s099_J210607	grCe_grSu12SmCiNe_PS	21	135.0	8	2689.391	2689.69
2689.6989999999996	0.900000000000091	trials	99	s099_J210607	grCe_grSu3Ne	5	135.0	8	2689.999	2690.298
2690.307	0.900000000000091	trials	99	s099_J210607	coCe_grSu6Ne	17	90.0	8	2690.607	2690.907
2702.801	0.900000000000091	trials	99	s099_J210607	grCe_grSu6Ne_PS	18	180.0	8	2703.101	2703.4
2706.3759999999997	0.900000000000091	trials	99	s099_J210607	grCe_grSu3Ne	5	180.0	8	2706.676	2706.976
2706.9849999999997	0.900000000000091	trials	99	s099_J210607	grCe_grSu6CiNe	15	180.0	8	2707.285	2707.584
2707.585	0.900000000000091	trials	99	s099_J210607	grCe_grSu6CiNe_PS	19	225.0	8	2707.885	2708.184
2715.944	0.900000000000091	trials	99	s099_J210607	grCe_grSu12SmCiNe_PS	21	0.0	8	2716.244	2716.544
2716.5519999999997	0.900000000000091	trials	99	s099_J210607	grCe_grSu6Ne_PS	18	45.0	8	2716.852	2717.152
2720.1029999999996	0.900000000000091	trials	99	s099_J210607	grCe_grSu12SmCiNe	13	270.0	8	2720.403	2720.702
2720.711	0.900000000000091	trials	99	s099_J210607	grCe_grSu1Ne	3	180.0	8	2721.011	2721.311
2721.3109999999997	0.900000000000091	trials	99	s099_J210607	coCe	16	45.0	8	2721.611	2721.911
2726.27	0.900000000000091	trials	99	s099_J210607	grCe_grSu12SmCiNe_PS	21	90.0	8	2726.57	2726.87
2729.7709999999997	0.900000000000091	trials	99	s099_J210607	grCe_grSu1Ne	3	270.0	8	2730.071	2730.37
2730.388	0.900000000000091	trials	99	s099_J210607	grCe_grSu18Fa	11	45.0	8	2730.688	2730.987
2730.9959999999996	0.900000000000091	trials	99	s099_J210607	grCe_grSu12SmCiNe_PS	21	315.0	8	2731.296	2731.595
2736.08	0.900000000000091	trials	99	s099_J210607	grCe_grSu6CiNe	15	45.0	8	2736.38	2736.679
2740.9559999999997	0.900000000000091	trials	99	s099_J210607	grCe_grSu18Fa	11	0.0	8	2741.256	2741.555
2741.564	0.900000000000091	trials	99	s099_J210607	grCe_grSu12SmCiNe	13	45.0	8	2741.864	2742.164
2747.14	0.900000000000091	trials	99	s099_J210607	grCe_grSu18Fa	11	180.0	8	2747.44	2747.739
2747.7479999999996	0.900000000000091	trials	99	s099_J210607	grCe_grSu1Ne	3	90.0	8	2748.048	2748.348
2752.49	0.900000000000091	trials	99	s099_J210607	grCe_grSu12SmCiNe_PS	21	180.0	8	2752.79	2753.09
2756.624	0.900000000000091	trials	99	s099_J210607	coCe	16	135.0	8	2756.924	2757.224
2757.2329999999997	0.900000000000091	trials	99	s099_J210607	grCe_grSu1Ne	3	0.0	8	2757.533	2757.832
2757.8329999999996	0.900000000000091	trials	99	s099_J210607	grCe	1	315.0	8	2758.133	2758.432
2763.2169999999996	0.900000000000091	trials	99	s099_J210607	grSu6CiNe	14		8	2763.517	2763.816
2763.817	0.900000000000091	trials	99	s099_J210607	grCe	1	45.0	8	2764.117	2764.416
2769.301	0.900000000000091	trials	99	s099_J210607	grCe_grSu6CiNe_PS	19	45.0	8	2769.601	2769.9
2770.0009999999997	0.900000000000091	trials	99	s099_J210607	grSu18Fa	10		8	2770.301	2770.601
2774.8599999999997	0.900000000000091	trials	99	s099_J210607	grSu12Mi	8		8	2775.16	2775.46
2775.46	0.900000000000091	trials	99	s099_J210607	NoStim	0		8	2775.76	2776.06
2776.06	0.900000000000091	trials	99	s099_J210607	coCe	16	180.0	8	2776.36	2776.66
2780.9939999999997	0.900000000000091	trials	99	s099_J210607	grCe_grSu18Fa	11	135.0	8	2781.294	2781.594
2781.6029999999996	0.900000000000091	trials	99	s099_J210607	grCe_grSu6CiNe	15	270.0	8	2781.903	2782.202
2787.053	0.900000000000091	trials	99	s099_J210607	grCe_grSu6CiNe	15	90.0	8	2787.353	2787.653
2787.662	0.900000000000091	trials	99	s099_J210607	grCe_grSu12SmCiNe_PS	21	45.0	8	2787.962	2788.261
2788.2619999999997	0.900000000000091	trials	99	s099_J210607	grCe	1	135.0	8	2788.562	2788.861
2797.2549999999997	0.900000000000091	trials	99	s099_J210607	grCe_grSu6Ne	7	315.0	8	2797.555	2797.854
2798.455	0.900000000000091	trials	99	s099_J210607	coCe	16	0.0	8	2798.755	2799.054
2803.4469999999997	0.900000000000091	trials	99	s099_J210607	coCe	16	270.0	8	2803.747	2804.047
2804.055	0.900000000000091	trials	99	s099_J210607	grCe_grSu12SmCiNe	13	315.0	8	2804.355	2804.655
2804.6639999999998	0.900000000000091	trials	99	s099_J210607	grCe_grSu12SmCiNe	13	90.0	8	2804.964	2805.263
2810.265	0.900000000000091	trials	99	s099_J210607	grSu12SmCiNe	12		8	2810.565	2810.864
2810.8729999999996	0.900000000000091	trials	99	s099_J210607	grCe_grSu12SmCiNe	13	225.0	8	2811.173	2811.473
2815.799	0.900000000000091	trials	99	s099_J210607	grCe_grSu12SmCiNe_PS	21	270.0	8	2816.099	2816.398
2816.415	0.900000000000091	trials	99	s099_J210607	grCe_grSu18Fa	11	225.0	8	2816.715	2817.015
2817.024	0.900000000000091	trials	99	s099_J210607	grCe_grSu12SmCiNe	13	180.0	8	2817.324	2817.623
2822.0159999999996	0.900000000000091	trials	99	s099_J210607	grCe_grSu3Ne	5	45.0	8	2822.316	2822.616
2822.624	0.900000000000091	trials	99	s099_J210607	grCe_grSu12SmCiNe	13	0.0	8	2822.924	2823.224
2823.2329999999997	0.900000000000091	trials	99	s099_J210607	grCe_grSu6Ne_PS	18	315.0	8	2823.533	2823.832
2828.267	0.900000000000091	trials	99	s099_J210607	grCe_grSu6Ne_PS	18	270.0	8	2828.567	2828.866
2828.875	0.900000000000091	trials	99	s099_J210607	grCe_grSu3Ne	5	270.0	8	2829.175	2829.475
2829.484	0.900000000000091	trials	99	s099_J210607	grCe_grSu6Ne	7	45.0	8	2829.784	2830.083
2834.393	0.900000000000091	trials	99	s099_J210607	coCe	16	315.0	8	2834.693	2834.992
2835.0339999999997	0.900000000000091	trials	99	s099_J210607	grCe_grSu12Mi	9	90.0	8	2835.334	2835.634
2840.7189999999996	0.900000000000091	trials	99	s099_J210607	grCe_grSu6Ne_PS	18	0.0	8	2841.019	2841.318
2844.3439999999996	0.900000000000091	trials	99	s099_J210607	grCe_grSu6Ne	7	0.0	8	2844.644	2844.944
2844.9519999999998	0.900000000000091	trials	99	s099_J210607	grCe_grSu6Ne	7	225.0	8	2845.252	2845.552
2845.5609999999997	0.900000000000091	trials	99	s099_J210607	grCe_grSu6Ne	7	90.0	8	2845.861	2846.16
2850.803	0.900000000000091	trials	99	s099_J210607	grCe_grSu12Mi	9	225.0	8	2851.103	2851.403
2855.404	0.900000000000091	trials	99	s099_J210607	grCe_grSu6CiNe	15	315.0	8	2855.704	2856.003
2860.1789999999996	0.900000000000091	trials	99	s099_J210607	coCe_grSu6Ne	17	180.0	8	2860.479	2860.779
2861.3959999999997	0.900000000000091	trials	99	s099_J210607	coCe_grSu6Ne	17	315.0	8	2861.696	2861.996
2869.8469999999998	0.900000000000091	trials	99	s099_J210607	grCe_grSu1Ne	3	45.0	8	2870.147	2870.447
2870.4559999999997	0.900000000000091	trials	99	s099_J210607	grCe_grSu6Ne_PS	18	225.0	8	2870.756	2871.055
2871.064	0.900000000000091	trials	99	s099_J210607	grCe_grSu6CiNe_PS	19	135.0	8	2871.364	2871.664
2876.181	0.900000000000091	trials	99	s099_J210607	grCe_grSu3Ne	5	225.0	8	2876.481	2876.781
2877.3979999999997	0.900000000000091	trials	99	s099_J210607	grCe_grSu1Ne	3	135.0	8	2877.698	2877.998
2882.6659999999997	0.900000000000091	trials	99	s099_J210607	grCe_grSu6Ne_PS	18	90.0	8	2882.966	2883.265
2883.2659999999996	0.900000000000091	trials	99	s099_J210607	coCe	16	90.0	8	2883.566	2883.865
2883.866	0.900000000000091	trials	99	s099_J210607	grCe_grSu6CiNe_PS	19	315.0	8	2884.166	2884.465
2888.941	0.900000000000091	trials	99	s099_J210607	grCe_grSu3Ne	5	0.0	8	2889.241	2889.541
2890.158	0.900000000000091	trials	99	s099_J210607	grCe_grSu1Ne	3	315.0	8	2890.458	2890.758
2895.484	0.900000000000091	trials	99	s099_J210607	grCe_grSu12Mi	9	270.0	8	2895.784	2896.083
2896.084	0.900000000000091	trials	99	s099_J210607	grCe	1	90.0	8	2896.384	2896.684
2896.692	0.900000000000091	trials	99	s099_J210607	grCe_grSu1Ne	3	225.0	8	2896.992	2897.292
2902.0099999999998	0.900000000000091	trials	99	s099_J210607	coCe_grSu6Ne	17	135.0	8	2902.31	2902.609
2902.618	0.900000000000091	trials	99	s099_J210607	grSu3Ne	4		8	2902.918	2903.218
2903.227	0.900000000000091	trials	99	s099_J210607	grCe_grSu6CiNe_PS	19	270.0	8	2903.527	2903.826
2908.711	0.900000000000091	trials	99	s099_J210607	grCe_grSu12Mi	9	315.0	8	2909.011	2909.31
2909.319	0.900000000000091	trials	99	s099_J210607	grCe_grSu12SmCiNe_PS	21	225.0	8	2909.619	2909.919
2917.287	0.900000000000091	trials	99	s099_J210607	coCe_grSu6Ne	17	270.0	8	2917.587	2917.886
2935.8309999999997	0.900000000000091	trials	99	s099_J210607	grCe_grSu6Ne_PS	18	135.0	8	2936.131	2936.43
2936.431	0.900000000000091	trials	99	s099_J210607	grCe	1	180.0	8	2936.731	2937.03
2943.082	0.900000000000091	trials	99	s099_J210607	grCe_grSu12Mi	9	180.0	8	2943.382	2943.681
2951.3999999999996	0.900000000000091	trials	99	s099_J210607	coCe_grSu6Ne	17	0.0	8	2951.7	2951.999
2958.109	0.900000000000091	trials	99	s099_J210607	grCe_grSu3Ne	5	315.0	8	2958.409	2958.708
2959.317	0.900000000000091	trials	99	s099_J210607	coCe_grSu6Ne	17	45.0	8	2959.617	2959.917
2964.268	0.900000000000091	trials	99	s099_J210607	grCe_grSu6CiNe	15	0.0	8	2964.568	2964.867
2974.252	0.900000000000091	trials	99	s099_J210607	grCe_grSu18Fa	11	270.0	8	2974.552	2974.852
2974.861	0.900000000000091	trials	99	s099_J210607	grCe_grSu6Ne	7	180.0	8	2975.161	2975.46
2975.461	0.900000000000091	trials	99	s099_J210607	grCe	1	225.0	8	2975.761	2976.061
2987.8959999999997	0.900000000000091	trials	99	s099_J210607	grCe_grSu12Mi	9	135.0	8	2988.196	2988.495
2988.504	0.900000000000091	trials	99	s099_J210607	grCe_grSu6CiNe	15	225.0	8	2988.804	2989.104
2995.3799999999997	0.900000000000091	trials	99	s099_J210607	grCe_grSu6CiNe_PS	19	180.0	8	2995.68	2995.98
2996.589	0.900000000000091	trials	99	s099_J210607	grCe_grSu6Ne	7	135.0	8	2996.889	2997.188
3001.431	0.900000000000091	trials	99	s099_J210607	grCe	1	0.0	8	3001.731	3002.031
3002.6389999999997	0.900000000000091	trials	99	s099_J210607	grSu6Ne	6		8	3002.939	3003.239
3007.5319999999997	0.900000000000091	trials	99	s099_J210607	grCe_grSu12SmCiNe	13	135.0	8	3007.832	3008.131
3008.14	0.900000000000091	trials	99	s099_J210607	grCe_grSu6CiNe_PS	19	90.0	8	3008.44	3008.74
3008.749	0.900000000000091	trials	99	s099_J210607	grSu1Ne	2		8	3009.049	3009.348
3014.3239999999996	0.900000000000091	trials	99	s099_J210607	grCe_grSu12Mi	9	0.0	8	3014.624	3014.924
3014.933	0.900000000000091	trials	99	s099_J210607	coCe_grSu6Ne	17	225.0	8	3015.233	3015.532
3020.45	0.900000000000091	trials	99	s099_J210607	grCe_grSu6CiNe	15	135.0	8	3020.75	3021.05
3021.0589999999997	0.900000000000091	trials	99	s099_J210607	grCe_grSu6Ne	7	270.0	8	3021.359	3021.658
3036.5939999999996	0.900000000000091	trials	99	s099_J210607	grCe_grSu12SmCiNe	13	315.0	6	3036.894	3037.193
3045.5449999999996	0.900000000000091	trials	99	s099_J210607	grCe_grSu6CiNe_PS	19	0.0	6	3045.845	3046.145
3046.745	0.900000000000091	trials	99	s099_J210607	grSu3Ne	4		6	3047.045	3047.345
3053.171	0.900000000000091	trials	99	s099_J210607	grCe_grSu3Ne	5	180.0	6	3053.471	3053.771
3053.7709999999997	0.900000000000091	trials	99	s099_J210607	grCe	1	90.0	6	3054.071	3054.371
3058.6969999999997	0.900000000000091	trials	99	s099_J210607	grSu6Ne	6		6	3058.997	3059.296
3059.297	0.900000000000091	trials	99	s099_J210607	grCe_grSu6CiNe_PS	19	45.0	6	3059.597	3059.896
3059.897	0.900000000000091	trials	99	s099_J210607	NoStim	0		6	3060.197	3060.496
3065.531	0.900000000000091	trials	99	s099_J210607	grCe_grSu18Fa	11	270.0	6	3065.831	3066.13
3066.1389999999997	0.900000000000091	trials	99	s099_J210607	grSu12Mi	8		6	3066.439	3066.739
3066.7479999999996	0.900000000000091	trials	99	s099_J210607	grCe_grSu3Ne	5	0.0	6	3067.048	3067.347
3071.607	0.900000000000091	trials	99	s099_J210607	grSu1Ne	2		6	3071.907	3072.206
3072.8239999999996	0.900000000000091	trials	99	s099_J210607	grCe_grSu6Ne	7	270.0	6	3073.124	3073.423
3078.283	0.900000000000091	trials	99	s099_J210607	grCe_grSu6Ne	7	45.0	6	3078.583	3078.882
3079.499	0.900000000000091	trials	99	s099_J210607	grCe_grSu1Ne	3	315.0	6	3079.799	3080.099
3084.5249999999996	0.900000000000091	trials	99	s099_J210607	coCe	16	180.0	6	3084.825	3085.125
3085.134	0.900000000000091	trials	99	s099_J210607	grCe_grSu6Ne	7	135.0	6	3085.434	3085.733
3085.7419999999997	0.900000000000091	trials	99	s099_J210607	grCe_grSu6Ne	7	180.0	6	3086.042	3086.341
3090.9089999999997	0.900000000000091	trials	99	s099_J210607	grCe_grSu12SmCiNe	13	225.0	6	3091.209	3091.509
3091.526	0.900000000000091	trials	99	s099_J210607	grSu18Fa	10		6	3091.826	3092.126
3092.134	0.900000000000091	trials	99	s099_J210607	coCe_grSu6Ne	17	135.0	6	3092.434	3092.734
3098.2439999999997	0.900000000000091	trials	99	s099_J210607	grCe_grSu6CiNe_PS	19	90.0	6	3098.544	3098.843
3098.8599999999997	0.900000000000091	trials	99	s099_J210607	grCe_grSu18Fa	11	135.0	6	3099.16	3099.46
3103.886	0.900000000000091	trials	99	s099_J210607	coCe_grSu6Ne	17	90.0	6	3104.186	3104.485
3105.1029999999996	0.900000000000091	trials	99	s099_J210607	coCe_grSu6Ne	17	315.0	6	3105.403	3105.702
3109.845	0.900000000000091	trials	99	s099_J210607	grCe	1	225.0	6	3110.145	3110.445
3113.7459999999996	0.900000000000091	trials	99	s099_J210607	coSu6Ne	20		6	3114.046	3114.345
3114.346	0.900000000000091	trials	99	s099_J210607	coCe	16	315.0	6	3114.646	3114.945
3114.9539999999997	0.900000000000091	trials	99	s099_J210607	grCe_grSu6CiNe_PS	19	135.0	6	3115.254	3115.554
3123.013	0.900000000000091	trials	99	s099_J210607	grCe_grSu12Mi	9	135.0	6	3123.313	3123.613
3123.622	0.900000000000091	trials	99	s099_J210607	grCe_grSu6Ne	7	225.0	6	3123.922	3124.221
3135.7819999999997	0.900000000000091	trials	99	s099_J210607	grCe_grSu1Ne	3	270.0	6	3136.082	3136.381
3136.39	0.900000000000091	trials	99	s099_J210607	grCe_grSu3Ne	5	90.0	6	3136.69	3136.99
3136.999	0.900000000000091	trials	99	s099_J210607	grCe_grSu6CiNe	15	135.0	6	3137.299	3137.598
3142.033	0.900000000000091	trials	99	s099_J210607	grCe_grSu12SmCiNe_PS	21	315.0	6	3142.333	3142.632
3148.442	0.900000000000091	trials	99	s099_J210607	grCe_grSu12SmCiNe	13	135.0	6	3148.742	3149.041
3149.0499999999997	0.900000000000091	trials	99	s099_J210607	grCe_grSu6CiNe	15	45.0	6	3149.35	3149.65
3149.6589999999997	0.900000000000091	trials	99	s099_J210607	grCe_grSu12SmCiNe_PS	21	90.0	6	3149.959	3150.258
3155.368	0.900000000000091	trials	99	s099_J210607	grCe_grSu6Ne	7	0.0	6	3155.668	3155.967
3155.9759999999997	0.900000000000091	trials	99	s099_J210607	grCe_grSu6CiNe	15	180.0	6	3156.276	3156.576
3161.5429999999997	0.900000000000091	trials	99	s099_J210607	grCe	1	315.0	6	3161.843	3162.143
3162.16	0.900000000000091	trials	99	s099_J210607	grSu12SmCiNe	12		6	3162.46	3162.76
3167.886	0.900000000000091	trials	99	s099_J210607	grCe_grSu6Ne_PS	18	90.0	6	3168.186	3168.485
3168.486	0.900000000000091	trials	99	s099_J210607	coCe	16	0.0	6	3168.786	3169.086
3173.453	0.900000000000091	trials	99	s099_J210607	coCe_grSu6Ne	17	180.0	6	3173.753	3174.053
3174.662	0.900000000000091	trials	99	s099_J210607	grCe	1	270.0	6	3174.962	3175.261
3183.18	0.900000000000091	trials	99	s099_J210607	coCe	16	45.0	6	3183.48	3183.779
3183.7799999999997	0.900000000000091	trials	99	s099_J210607	grCe	1	135.0	6	3184.08	3184.379
3184.388	0.900000000000091	trials	99	s099_J210607	grCe_grSu1Ne	3	90.0	6	3184.688	3184.988
3189.6639999999998	0.900000000000091	trials	99	s099_J210607	grCe_grSu18Fa	11	180.0	6	3189.964	3190.263
3190.272	0.900000000000091	trials	99	s099_J210607	grCe_grSu6CiNe	15	90.0	6	3190.572	3190.872
3190.881	0.900000000000091	trials	99	s099_J210607	grCe_grSu6CiNe	15	0.0	6	3191.181	3191.48
3198.5319999999997	0.900000000000091	trials	99	s099_J210607	grCe_grSu6CiNe	15	270.0	6	3198.832	3199.131
3199.14	0.900000000000091	trials	99	s099_J210607	grCe_grSu6Ne	7	90.0	6	3199.44	3199.739
3199.74	0.900000000000091	trials	99	s099_J210607	grCe	1	180.0	6	3200.04	3200.34
3204.716	0.900000000000091	trials	99	s099_J210607	grCe_grSu12Mi	9	270.0	6	3205.016	3205.315
3208.424	0.900000000000091	trials	99	s099_J210607	grCe	1	45.0	6	3208.724	3209.024
3209.033	0.900000000000091	trials	99	s099_J210607	grCe_grSu3Ne	5	225.0	6	3209.333	3209.632
3209.633	0.900000000000091	trials	99	s099_J210607	coCe	16	225.0	6	3209.933	3210.233
3215.9919999999997	0.900000000000091	trials	99	s099_J210607	grCe_grSu12Mi	9	315.0	6	3216.292	3216.592
3224.71	0.900000000000091	trials	99	s099_J210607	grCe_grSu6Ne_PS	18	270.0	6	3225.01	3225.309
3225.31	0.900000000000091	trials	99	s099_J210607	grCe_grSu12SmCiNe_PS	21	270.0	6	3225.61	3225.91
3230.111	0.900000000000091	trials	99	s099_J210607	grCe_grSu6Ne_PS	18	135.0	6	3230.411	3230.71
3230.7189999999996	0.900000000000091	trials	99	s099_J210607	grCe_grSu6CiNe_PS	19	270.0	6	3231.019	3231.319
3231.319	0.900000000000091	trials	99	s099_J210607	grCe_grSu12SmCiNe_PS	21	0.0	6	3231.619	3231.919
3236.578	0.900000000000091	trials	99	s099_J210607	grCe_grSu3Ne	5	315.0	6	3236.878	3237.178
3237.178	0.900000000000091	trials	99	s099_J210607	grCe_grSu12SmCiNe_PS	21	135.0	6	3237.478	3237.778
3237.787	0.900000000000091	trials	99	s099_J210607	grCe_grSu1Ne	3	225.0	6	3238.087	3238.386
3243.171	0.900000000000091	trials	99	s099_J210607	coCe	16	135.0	6	3243.471	3243.77
3243.779	0.900000000000091	trials	99	s099_J210607	coCe_grSu6Ne	17	45.0	6	3244.079	3244.379
3244.3869999999997	0.900000000000091	trials	99	s099_J210607	coCe_grSu6Ne	17	270.0	6	3244.687	3244.987
3249.2799999999997	0.900000000000091	trials	99	s099_J210607	grCe_grSu6Ne_PS	18	225.0	6	3249.58	3249.879
3253.297	0.900000000000091	trials	99	s099_J210607	grCe_grSu18Fa	11	45.0	6	3253.597	3253.897
3253.9139999999998	0.900000000000091	trials	99	s099_J210607	grCe_grSu18Fa	11	225.0	6	3254.214	3254.513
3254.522	0.900000000000091	trials	99	s099_J210607	grCe_grSu12SmCiNe	13	180.0	6	3254.822	3255.122
3263.1229999999996	0.900000000000091	trials	99	s099_J210607	grCe_grSu1Ne	3	0.0	6	3263.423	3263.723
3263.732	0.900000000000091	trials	99	s099_J210607	coCe_grSu6Ne	17	225.0	6	3264.032	3264.331
3264.3399999999997	0.900000000000091	trials	99	s099_J210607	grCe_grSu12SmCiNe	13	90.0	6	3264.64	3264.94
3269.332	0.900000000000091	trials	99	s099_J210607	grCe_grSu6CiNe	15	225.0	6	3269.632	3269.932
3269.941	0.900000000000091	trials	99	s099_J210607	grCe_grSu12Mi	9	90.0	6	3270.241	3270.54
3270.5409999999997	0.900000000000091	trials	99	s099_J210607	grCe_grSu6CiNe_PS	19	225.0	6	3270.841	3271.14
3275.558	0.900000000000091	trials	99	s099_J210607	coCe	16	90.0	6	3275.858	3276.158
3276.167	0.900000000000091	trials	99	s099_J210607	grCe_grSu6Ne_PS	18	0.0	6	3276.467	3276.766
3281.942	0.900000000000091	trials	99	s099_J210607	grCe_grSu18Fa	11	0.0	6	3282.242	3282.542
3282.551	0.900000000000091	trials	99	s099_J210607	grCe_grSu6Ne	7	315.0	6	3282.851	3283.15
3283.1679999999997	0.900000000000091	trials	99	s099_J210607	grCe_grSu18Fa	11	315.0	6	3283.468	3283.767
3288.143	0.900000000000091	trials	99	s099_J210607	grCe_grSu6CiNe_PS	19	180.0	6	3288.443	3288.743
3288.743	0.900000000000091	trials	99	s099_J210607	grCe_grSu6Ne_PS	18	180.0	6	3289.043	3289.343
3289.343	0.900000000000091	trials	99	s099_J210607	coCe	16	270.0	6	3289.643	3289.943
3294.252	0.900000000000091	trials	99	s099_J210607	grCe_grSu6Ne_PS	18	45.0	6	3294.552	3294.852
3298.7279999999996	0.900000000000091	trials	99	s099_J210607	grCe_grSu1Ne	3	45.0	6	3299.028	3299.327
3299.336	0.900000000000091	trials	99	s099_J210607	grCe_grSu12SmCiNe_PS	21	180.0	6	3299.636	3299.936
3304.0789999999997	0.900000000000091	trials	99	s099_J210607	grCe_grSu12SmCiNe_PS	21	225.0	6	3304.379	3304.678
3304.687	0.900000000000091	trials	99	s099_J210607	grCe_grSu3Ne	5	45.0	6	3304.987	3305.286
3305.2949999999996	0.900000000000091	trials	99	s099_J210607	coCe_grSu6Ne	17	0.0	6	3305.595	3305.895
3310.279	0.900000000000091	trials	99	s099_J210607	grCe_grSu12Mi	9	180.0	6	3310.579	3310.879
3310.879	0.900000000000091	trials	99	s099_J210607	grCe	1	0.0	6	3311.179	3311.479
3311.488	0.900000000000091	trials	99	s099_J210607	grCe_grSu12SmCiNe	13	270.0	6	3311.788	3312.087
3316.614	0.900000000000091	trials	99	s099_J210607	grCe_grSu12SmCiNe	13	45.0	6	3316.914	3317.213
3317.2219999999998	0.900000000000091	trials	99	s099_J210607	grCe_grSu12SmCiNe_PS	21	45.0	6	3317.522	3317.821
3323.589	0.900000000000091	trials	99	s099_J210607	grCe_grSu1Ne	3	135.0	6	3323.889	3324.189
3324.198	0.900000000000091	trials	99	s099_J210607	grCe_grSu3Ne	5	270.0	6	3324.498	3324.797
3329.14	0.900000000000091	trials	99	s099_J210607	grCe_grSu12SmCiNe	13	0.0	6	3329.44	3329.74
3329.749	0.900000000000091	trials	99	s099_J210607	grCe_grSu12Mi	9	45.0	6	3330.049	3330.348
3330.365	0.900000000000091	trials	99	s099_J210607	grCe_grSu18Fa	11	90.0	6	3330.665	3330.965
3336.316	0.900000000000091	trials	99	s099_J210607	grSu6CiNe	14		6	3336.616	3336.916
3342.0499999999997	0.900000000000091	trials	99	s099_J210607	grCe_grSu1Ne	3	180.0	6	3342.35	3342.65
3342.6589999999997	0.900000000000091	trials	99	s099_J210607	grCe_grSu12Mi	9	0.0	6	3342.959	3343.258
3346.509	0.900000000000091	trials	99	s099_J210607	grCe_grSu3Ne	5	135.0	6	3346.809	3347.109
3347.7259999999997	0.900000000000091	trials	99	s099_J210607	grCe_grSu6CiNe	15	315.0	6	3348.026	3348.325
3352.6769999999997	0.900000000000091	trials	99	s099_J210607	grCe_grSu6Ne_PS	18	315.0	6	3352.977	3353.276
3353.893	0.900000000000091	trials	99	s099_J210607	grCe_grSu12Mi	9	225.0	6	3354.193	3354.493
3359.461	0.900000000000091	trials	99	s099_J210607	grCe_grSu6CiNe_PS	19	315.0	6	3359.761	3360.06
