onset	duration	nwb_table	ses_ID	ses_Name	cond_Name	cond_ID	target_rot	rep_num	pdOn	pdOff
61.830000000000005	0.8999999999999986	trials	19	s019_F191219	grCe_grSu6CiNe	15	180.0	1	62.13	62.429
65.656	0.8999999999999915	trials	19	s019_F191219	grCe_grSu12SmCiNe	13	270.0	1	65.956	66.254
67.49000000000001	0.8999999999999915	trials	19	s019_F191219	grCe_grSu12Mi	9	135.0	1	67.79	68.088
68.098	0.8999999999999915	trials	19	s019_F191219	grCe_grSu3Ne	5	225.0	1	68.398	68.697
76.308	0.8999999999999915	trials	19	s019_F191219	grCe_grSu6CiNe_PS	19	0.0	1	76.608	76.906
76.933	0.8999999999999915	trials	19	s019_F191219	grCe_grSu18Fa	11	0.0	1	77.233	77.532
77.542	0.8999999999999915	trials	19	s019_F191219	grCe_grSu6Ne	7	180.0	1	77.842	78.14
78.15	0.8999999999999915	trials	19	s019_F191219	coCe_grSu6Ne	17	90.0	1	78.45	78.748
85.36800000000001	0.8999999999999915	trials	19	s019_F191219	grCe_grSu12SmCiNe	13	45.0	1	85.668	85.966
85.976	0.8999999999999915	trials	19	s019_F191219	grCe_grSu6Ne	7	225.0	1	86.276	86.575
87.193	0.8999999999999915	trials	19	s019_F191219	grSu12SmCiNe	12		1	87.493	87.792
87.802	0.8999999999999915	trials	19	s019_F191219	grCe_grSu3Ne	5	270.0	1	88.102	88.4
95.01100000000001	0.8999999999999915	trials	19	s019_F191219	grCe_grSu12SmCiNe	13	90.0	1	95.311	95.61
96.22800000000001	0.8999999999999915	trials	19	s019_F191219	grCe_grSu6CiNe_PS	19	315.0	1	96.528	96.827
96.85300000000001	0.8999999999999915	trials	19	s019_F191219	grCe_grSu18Fa	11	45.0	1	97.153	97.452
97.462	0.8999999999999915	trials	19	s019_F191219	grCe_grSu12SmCiNe_PS	21	0.0	1	97.762	98.06
105.355	0.8999999999999915	trials	19	s019_F191219	coCe	16	90.0	1	105.655	105.953
105.964	0.8999999999999915	trials	19	s019_F191219	grCe_grSu6Ne	7	270.0	1	106.264	106.562
106.58	0.8999999999999915	trials	19	s019_F191219	grCe_grSu12Mi	9	315.0	1	106.88	107.179
107.18900000000001	0.8999999999999915	trials	19	s019_F191219	coCe_grSu6Ne	17	0.0	1	107.489	107.787
115.34	0.8999999999999915	trials	19	s019_F191219	grSu3Ne	4		1	115.64	115.939
116.557	0.8999999999999915	trials	19	s019_F191219	grCe_grSu6CiNe	15	45.0	1	116.857	117.156
124.759	0.8999999999999915	trials	19	s019_F191219	grCe_grSu6Ne_PS	18	0.0	1	125.059	125.357
129.70999999999998	0.9000000000000057	trials	19	s019_F191219	grCe_grSu6CiNe	15	90.0	1	130.01	130.308
130.33499999999998	0.9000000000000057	trials	19	s019_F191219	grCe_grSu18Fa	11	270.0	1	130.635	130.933
130.94299999999998	0.9000000000000057	trials	19	s019_F191219	coCe_grSu6Ne	17	315.0	1	131.243	131.542
131.552	0.9000000000000057	trials	19	s019_F191219	grCe_grSu6CiNe_PS	19	225.0	1	131.852	132.15
132.16	0.9000000000000057	trials	19	s019_F191219	coCe_grSu6Ne	17	45.0	1	132.46	132.758
139.32799999999997	0.9000000000000057	trials	19	s019_F191219	grCe_grSu6Ne	7	0.0	1	139.628	139.926
139.93599999999998	0.9000000000000057	trials	19	s019_F191219	grCe_grSu12SmCiNe_PS	21	180.0	1	140.236	140.535
140.545	0.9000000000000057	trials	19	s019_F191219	coCe_grSu6Ne	17	270.0	1	140.845	141.143
141.753	0.9000000000000057	trials	19	s019_F191219	NoStim	0		1	142.053	142.352
149.03	0.9000000000000057	trials	19	s019_F191219	grCe_grSu12SmCiNe_PS	21	90.0	1	149.33	149.628
149.63799999999998	0.9000000000000057	trials	19	s019_F191219	grCe_grSu6CiNe	15	135.0	1	149.938	150.237
150.24699999999999	0.9000000000000057	trials	19	s019_F191219	grCe_grSu12SmCiNe_PS	21	270.0	1	150.547	150.845
150.855	0.9000000000000057	trials	19	s019_F191219	grCe_grSu6CiNe_PS	19	90.0	1	151.155	151.454
151.48	0.9000000000000057	trials	19	s019_F191219	grCe_grSu18Fa	11	90.0	1	151.78	152.079
158.748	0.9000000000000057	trials	19	s019_F191219	grCe_grSu6CiNe_PS	19	270.0	1	159.048	159.347
159.357	0.9000000000000057	trials	19	s019_F191219	coCe_grSu6Ne	17	225.0	1	159.657	159.955
159.96499999999997	0.9000000000000057	trials	19	s019_F191219	coCe_grSu6Ne	17	135.0	1	160.265	160.564
160.57399999999998	0.9000000000000057	trials	19	s019_F191219	grCe_grSu6Ne_PS	18	90.0	1	160.874	161.172
161.182	0.9000000000000057	trials	19	s019_F191219	coCe	16	225.0	1	161.482	161.781
169.409	0.9000000000000057	trials	19	s019_F191219	coCe	16	135.0	1	169.709	170.007
170.017	0.9000000000000057	trials	19	s019_F191219	coCe	16	315.0	1	170.317	170.615
177.819	0.9000000000000057	trials	19	s019_F191219	grCe_grSu18Fa	11	135.0	1	178.119	178.417
178.427	0.9000000000000057	trials	19	s019_F191219	grCe_grSu1Ne	3	0.0	1	178.727	179.025
179.04399999999998	0.9000000000000057	trials	19	s019_F191219	grSu18Fa	10		1	179.344	179.642
179.652	0.9000000000000057	trials	19	s019_F191219	grCe_grSu3Ne	5	315.0	1	179.952	180.251
180.261	0.9000000000000057	trials	19	s019_F191219	grCe_grSu1Ne	3	135.0	1	180.561	180.859
187.47899999999998	0.9000000000000057	trials	19	s019_F191219	grCe_grSu6CiNe	15	270.0	1	187.779	188.077
188.696	0.9000000000000057	trials	19	s019_F191219	grCe_grSu3Ne	5	45.0	1	188.996	189.294
189.304	0.9000000000000057	trials	19	s019_F191219	grCe_grSu6Ne_PS	18	45.0	1	189.604	189.902
189.904	0.9000000000000057	trials	19	s019_F191219	coCe	16	180.0	1	190.204	190.503
197.272	0.9000000000000057	trials	19	s019_F191219	grCe_grSu12Mi	9	90.0	1	197.572	197.871
197.881	0.9000000000000057	trials	19	s019_F191219	grCe_grSu6Ne_PS	18	225.0	1	198.181	198.479
198.48899999999998	0.9000000000000057	trials	19	s019_F191219	grCe_grSu6CiNe_PS	19	135.0	1	198.789	199.087
199.09699999999998	0.9000000000000057	trials	19	s019_F191219	grCe_grSu12SmCiNe	13	225.0	1	199.397	199.696
203.11499999999998	0.9000000000000057	trials	19	s019_F191219	grCe_grSu6Ne_PS	18	315.0	1	203.415	203.713
203.72299999999998	0.9000000000000057	trials	19	s019_F191219	grCe_grSu3Ne	5	0.0	1	204.023	204.322
204.332	0.9000000000000057	trials	19	s019_F191219	grCe_grSu3Ne	5	180.0	1	204.632	204.93
204.94	0.9000000000000057	trials	19	s019_F191219	grSu12Mi	8		1	205.24	205.539
205.54899999999998	0.9000000000000057	trials	19	s019_F191219	grCe_grSu1Ne	3	90.0	1	205.849	206.147
212.783	0.9000000000000057	trials	19	s019_F191219	grCe_grSu6CiNe	15	225.0	1	213.083	213.382
213.39999999999998	0.9000000000000057	trials	19	s019_F191219	grCe_grSu12Mi	9	270.0	1	213.7	213.999
214.009	0.9000000000000057	trials	19	s019_F191219	grCe_grSu6CiNe_PS	19	45.0	1	214.309	214.607
214.617	0.9000000000000057	trials	19	s019_F191219	grCe	1	315.0	1	214.917	215.215
215.225	0.9000000000000057	trials	19	s019_F191219	grCe_grSu6Ne	7	135.0	1	215.525	215.824
223.927	0.9000000000000057	trials	19	s019_F191219	grCe_grSu12SmCiNe	13	0.0	1	224.227	224.526
224.536	0.9000000000000057	trials	19	s019_F191219	grCe_grSu3Ne	5	135.0	1	224.836	225.134
225.14399999999998	0.9000000000000057	trials	19	s019_F191219	grCe_grSu12SmCiNe	13	135.0	1	225.444	225.742
232.304	0.9000000000000057	trials	19	s019_F191219	grCe_grSu6Ne_PS	18	270.0	1	232.604	232.902
232.91199999999998	0.9000000000000057	trials	19	s019_F191219	grCe_grSu6Ne	7	90.0	1	233.212	233.511
233.521	0.9000000000000057	trials	19	s019_F191219	grCe_grSu12SmCiNe_PS	21	315.0	1	233.821	234.119
234.129	0.9000000000000057	trials	19	s019_F191219	grCe_grSu12SmCiNe	13	315.0	1	234.429	234.727
241.914	0.9000000000000057	trials	19	s019_F191219	grCe_grSu12Mi	9	180.0	1	242.214	242.512
242.522	0.9000000000000057	trials	19	s019_F191219	grCe_grSu6CiNe_PS	19	180.0	1	242.822	243.121
244.356	0.9000000000000057	trials	19	s019_F191219	grCe_grSu12Mi	9	45.0	1	244.656	244.954
251.54899999999998	0.9000000000000057	trials	19	s019_F191219	coCe	16	45.0	1	251.849	252.147
255.658	0.9000000000000057	trials	19	s019_F191219	grCe_grSu12SmCiNe_PS	21	225.0	1	255.958	256.256
256.26599999999996	0.9000000000000341	trials	19	s019_F191219	grCe_grSu6CiNe	15	0.0	1	256.566	256.865
256.86699999999996	0.9000000000000341	trials	19	s019_F191219	grCe	1	225.0	1	257.167	257.465
257.47499999999997	0.9000000000000341	trials	19	s019_F191219	grSu6CiNe	14		1	257.775	258.073
269.15999999999997	0.9000000000000341	trials	19	s019_F191219	grCe_grSu1Ne	3	315.0	1	269.46	269.759
270.377	0.9000000000000341	trials	19	s019_F191219	grCe_grSu1Ne	3	225.0	1	270.677	270.976
270.978	0.9000000000000341	trials	19	s019_F191219	grCe	1	180.0	1	271.278	271.576
271.586	0.9000000000000341	trials	19	s019_F191219	grCe	1	90.0	1	271.886	272.184
279.262	0.9000000000000341	trials	19	s019_F191219	grCe	1	45.0	1	279.562	279.861
279.871	0.9000000000000341	trials	19	s019_F191219	grCe_grSu1Ne	3	270.0	1	280.171	280.469
280.471	0.9000000000000341	trials	19	s019_F191219	coCe	16	270.0	1	280.771	281.069
281.079	0.9000000000000341	trials	19	s019_F191219	grCe_grSu6Ne	7	45.0	1	281.379	281.678
281.688	0.9000000000000341	trials	19	s019_F191219	coCe	16	0.0	1	281.988	282.286
288.847	0.9000000000000341	trials	19	s019_F191219	grSu1Ne	2		1	289.147	289.446
289.473	0.9000000000000341	trials	19	s019_F191219	grCe_grSu18Fa	11	225.0	1	289.773	290.071
290.08099999999996	0.9000000000000341	trials	19	s019_F191219	grCe_grSu1Ne	3	45.0	1	290.381	290.679
298.524	0.9000000000000341	trials	19	s019_F191219	grCe	1	0.0	1	298.824	299.123
299.133	0.9000000000000341	trials	19	s019_F191219	grCe_grSu3Ne	5	90.0	1	299.433	299.731
299.75	0.9000000000000341	trials	19	s019_F191219	grCe_grSu12Mi	9	225.0	1	300.05	300.348
300.34999999999997	0.9000000000000341	trials	19	s019_F191219	grCe	1	135.0	1	300.65	300.948
300.95799999999997	0.9000000000000341	trials	19	s019_F191219	coCe_grSu6Ne	17	180.0	1	301.258	301.556
308.051	0.9000000000000341	trials	19	s019_F191219	grSu6Ne	6		1	308.351	308.649
308.659	0.9000000000000341	trials	19	s019_F191219	grCe_grSu6Ne	7	315.0	1	308.959	309.258
309.876	0.9000000000000341	trials	19	s019_F191219	grCe_grSu6Ne_PS	18	135.0	1	310.176	310.475
310.502	0.9000000000000341	trials	19	s019_F191219	grCe_grSu18Fa	11	180.0	1	310.802	311.1
320.645	0.9000000000000341	trials	19	s019_F191219	grCe_grSu12SmCiNe_PS	21	45.0	1	320.945	321.243
321.245	0.9000000000000341	trials	19	s019_F191219	grCe	1	270.0	1	321.545	321.844
321.854	0.9000000000000341	trials	19	s019_F191219	grCe_grSu6Ne_PS	18	180.0	1	322.154	322.452
322.462	0.9000000000000341	trials	19	s019_F191219	grCe_grSu12SmCiNe	13	180.0	1	322.762	323.06
323.087	0.9000000000000341	trials	19	s019_F191219	grCe_grSu18Fa	11	315.0	1	323.387	323.686
330.42199999999997	0.9000000000000341	trials	19	s019_F191219	grCe_grSu12SmCiNe_PS	21	135.0	1	330.722	331.02
331.03	0.9000000000000341	trials	19	s019_F191219	coSu6Ne	20		1	331.33	331.629
331.647	0.9000000000000341	trials	19	s019_F191219	grCe_grSu12Mi	9	0.0	1	331.947	332.246
332.256	0.9000000000000341	trials	19	s019_F191219	grCe_grSu6CiNe	15	315.0	1	332.556	332.854
332.864	0.9000000000000341	trials	19	s019_F191219	grCe_grSu1Ne	3	180.0	1	333.164	333.462
339.99	0.9000000000000341	trials	19	s019_F191219	grCe_grSu6Ne_PS	18	180.0	8	340.29	340.589
340.599	0.9000000000000341	trials	19	s019_F191219	grCe_grSu6Ne	7	180.0	8	340.899	341.197
341.816	0.9000000000000341	trials	19	s019_F191219	grCe	1	45.0	8	342.116	342.414
342.424	0.9000000000000341	trials	19	s019_F191219	grCe_grSu6CiNe	15	225.0	8	342.724	343.023
359.894	0.9000000000000341	trials	19	s019_F191219	grSu18Fa	10		8	360.194	360.492
360.502	0.9000000000000341	trials	19	s019_F191219	grCe_grSu12SmCiNe	13	225.0	8	360.802	361.101
361.111	0.9000000000000341	trials	19	s019_F191219	grCe_grSu6CiNe_PS	19	0.0	8	361.411	361.709
361.719	0.9000000000000341	trials	19	s019_F191219	grCe_grSu6CiNe_PS	19	135.0	8	362.019	362.318
366.12899999999996	0.9000000000000341	trials	19	s019_F191219	coCe_grSu6Ne	17	90.0	8	366.429	366.727
366.73699999999997	0.9000000000000341	trials	19	s019_F191219	grSu6Ne	6		8	367.037	367.335
367.34499999999997	0.9000000000000341	trials	19	s019_F191219	grCe_grSu6Ne_PS	18	90.0	8	367.645	367.944
367.954	0.9000000000000341	trials	19	s019_F191219	grCe_grSu1Ne	3	225.0	8	368.254	368.552
368.562	0.9000000000000341	trials	19	s019_F191219	grCe_grSu1Ne	3	180.0	8	368.862	369.161
376.139	0.9000000000000341	trials	19	s019_F191219	grCe_grSu12SmCiNe	13	0.0	8	376.439	376.737
377.347	0.9000000000000341	trials	19	s019_F191219	grCe	1	0.0	8	377.647	377.946
377.95599999999996	0.9000000000000341	trials	19	s019_F191219	grCe_grSu1Ne	3	135.0	8	378.256	378.554
386.074	0.9000000000000341	trials	19	s019_F191219	grCe_grSu12SmCiNe_PS	21	270.0	8	386.374	386.672
387.291	0.9000000000000341	trials	19	s019_F191219	grSu3Ne	4		8	387.591	387.889
387.899	0.9000000000000341	trials	19	s019_F191219	grCe_grSu12SmCiNe_PS	21	180.0	8	388.199	388.498
388.508	0.9000000000000341	trials	19	s019_F191219	grCe_grSu6CiNe	15	270.0	8	388.808	389.106
395.676	0.9000000000000341	trials	19	s019_F191219	grCe_grSu12Mi	9	135.0	8	395.976	396.274
396.284	0.9000000000000341	trials	19	s019_F191219	grCe_grSu1Ne	3	315.0	8	396.584	396.883
397.501	0.9000000000000341	trials	19	s019_F191219	grCe_grSu12SmCiNe	13	315.0	8	397.801	398.099
398.109	0.9000000000000341	trials	19	s019_F191219	coCe_grSu6Ne	17	270.0	8	398.409	398.708
405.63599999999997	0.9000000000000341	trials	19	s019_F191219	grSu12Mi	8		8	405.936	406.234
406.24399999999997	0.9000000000000341	trials	19	s019_F191219	grCe_grSu1Ne	3	45.0	8	406.544	406.843
411.21999999999997	0.9000000000000341	trials	19	s019_F191219	grCe_grSu6Ne	7	315.0	8	411.52	411.819
411.837	0.9000000000000341	trials	19	s019_F191219	grCe_grSu12Mi	9	90.0	8	412.137	412.435
412.445	0.9000000000000341	trials	19	s019_F191219	grCe_grSu12SmCiNe	13	180.0	8	412.745	413.044
421.455	0.9000000000000341	trials	19	s019_F191219	grCe_grSu18Fa	11	45.0	8	421.755	422.054
422.08099999999996	0.9000000000000341	trials	19	s019_F191219	grCe_grSu18Fa	11	225.0	8	422.381	422.679
422.68899999999996	0.9000000000000341	trials	19	s019_F191219	grCe_grSu3Ne	5	90.0	8	422.989	423.287
423.29699999999997	0.9000000000000341	trials	19	s019_F191219	grCe_grSu1Ne	3	90.0	8	423.597	423.896
430.507	0.9000000000000341	trials	19	s019_F191219	grCe_grSu18Fa	11	90.0	8	430.807	431.106
434.4	0.9000000000000341	trials	19	s019_F191219	grCe_grSu12Mi	9	270.0	8	434.7	434.998
435.008	0.9000000000000341	trials	19	s019_F191219	grCe_grSu6Ne	7	90.0	8	435.308	435.606
438.917	0.9000000000000341	trials	19	s019_F191219	grCe_grSu12SmCiNe_PS	21	45.0	8	439.217	439.515
439.542	0.9000000000000341	trials	19	s019_F191219	grCe_grSu18Fa	11	180.0	8	439.842	440.141
440.151	0.9000000000000341	trials	19	s019_F191219	coCe_grSu6Ne	17	225.0	8	440.451	440.749
440.767	0.9000000000000341	trials	19	s019_F191219	grCe_grSu12Mi	9	180.0	8	441.067	441.366
441.376	0.9000000000000341	trials	19	s019_F191219	coSu6Ne	20		8	441.676	441.974
448.53499999999997	0.9000000000000341	trials	19	s019_F191219	grCe_grSu1Ne	3	0.0	8	448.835	449.134
449.144	0.9000000000000341	trials	19	s019_F191219	grCe_grSu3Ne	5	225.0	8	449.444	449.742
449.752	0.9000000000000341	trials	19	s019_F191219	grCe_grSu12SmCiNe_PS	21	135.0	8	450.052	450.351
450.361	0.9000000000000341	trials	19	s019_F191219	coCe	16	135.0	8	450.661	450.959
450.969	0.9000000000000341	trials	19	s019_F191219	coCe	16	0.0	8	451.269	451.568
458.746	0.9000000000000341	trials	19	s019_F191219	grCe_grSu3Ne	5	45.0	8	459.046	459.344
459.354	0.9000000000000341	trials	19	s019_F191219	grCe_grSu12SmCiNe_PS	21	315.0	8	459.654	459.953
459.96299999999997	0.9000000000000341	trials	19	s019_F191219	grCe_grSu6Ne_PS	18	135.0	8	460.263	460.561
460.58799999999997	0.9000000000000341	trials	19	s019_F191219	grCe_grSu18Fa	11	135.0	8	460.888	461.186
468.639	0.9000000000000341	trials	19	s019_F191219	coCe_grSu6Ne	17	0.0	8	468.939	469.238
469.248	0.9000000000000341	trials	19	s019_F191219	grCe_grSu3Ne	5	180.0	8	469.548	469.846
469.848	0.9000000000000341	trials	19	s019_F191219	grCe	1	225.0	8	470.148	470.446
470.473	0.9000000000000341	trials	19	s019_F191219	grCe_grSu18Fa	11	315.0	8	470.773	471.071
471.08099999999996	0.9000000000000341	trials	19	s019_F191219	grCe_grSu6CiNe_PS	19	315.0	8	471.381	471.68
478.191	0.9000000000000341	trials	19	s019_F191219	NoStim	0		8	478.491	478.789
478.799	0.9000000000000341	trials	19	s019_F191219	grCe_grSu6CiNe	15	180.0	8	479.099	479.398
480.01599999999996	0.9000000000000341	trials	19	s019_F191219	grCe_grSu3Ne	5	135.0	8	480.316	480.615
480.625	0.9000000000000341	trials	19	s019_F191219	coCe_grSu6Ne	17	135.0	8	480.925	481.223
488.293	0.9000000000000341	trials	19	s019_F191219	grCe_grSu6CiNe_PS	19	90.0	8	488.593	488.891
488.901	0.9000000000000341	trials	19	s019_F191219	grCe_grSu6Ne	7	135.0	8	489.201	489.5
489.518	0.9000000000000341	trials	19	s019_F191219	grCe_grSu12Mi	9	225.0	8	489.818	490.117
490.127	0.9000000000000341	trials	19	s019_F191219	grCe_grSu6Ne_PS	18	225.0	8	490.427	490.725
490.727	0.9000000000000341	trials	19	s019_F191219	grCe	1	90.0	8	491.027	491.325
497.928	0.9000000000000341	trials	19	s019_F191219	grCe	1	135.0	8	498.228	498.526
498.536	0.9000000000000341	trials	19	s019_F191219	grCe_grSu6CiNe	15	45.0	8	498.836	499.135
499.145	0.9000000000000341	trials	19	s019_F191219	grCe_grSu6CiNe_PS	19	180.0	8	499.445	499.743
499.753	0.9000000000000341	trials	19	s019_F191219	grCe_grSu6Ne	7	45.0	8	500.053	500.352
500.36199999999997	0.9000000000000341	trials	19	s019_F191219	grCe_grSu3Ne	5	315.0	8	500.662	500.96
510.997	0.9000000000000341	trials	19	s019_F191219	grCe_grSu6CiNe_PS	19	45.0	8	511.297	511.596
511.606	0.8999999999999773	trials	19	s019_F191219	grCe_grSu1Ne	3	270.0	8	511.906	512.204
522.2660000000001	0.8999999999999773	trials	19	s019_F191219	coCe	16	225.0	8	522.566	522.864
522.874	0.8999999999999773	trials	19	s019_F191219	grCe_grSu6Ne_PS	18	315.0	8	523.174	523.473
523.4830000000001	0.8999999999999773	trials	19	s019_F191219	grCe_grSu12SmCiNe	13	135.0	8	523.783	524.081
531.101	0.8999999999999773	trials	19	s019_F191219	coCe	16	90.0	8	531.401	531.699
532.926	0.8999999999999773	trials	19	s019_F191219	grCe	1	270.0	8	533.226	533.525
533.5350000000001	0.8999999999999773	trials	19	s019_F191219	grCe_grSu6Ne_PS	18	0.0	8	533.835	534.133
540.769	0.8999999999999773	trials	19	s019_F191219	grCe_grSu12SmCiNe_PS	21	0.0	8	541.069	541.368
541.378	0.8999999999999773	trials	19	s019_F191219	grSu12SmCiNe	12		8	541.678	541.976
541.986	0.8999999999999773	trials	19	s019_F191219	grCe_grSu6Ne	7	0.0	8	542.286	542.585
543.2030000000001	0.8999999999999773	trials	19	s019_F191219	grCe	1	180.0	8	543.503	543.801
557.9390000000001	0.8999999999999773	trials	19	s019_F191219	grCe_grSu12SmCiNe	13	45.0	8	558.239	558.538
559.1560000000001	0.8999999999999773	trials	19	s019_F191219	grCe_grSu6Ne	7	225.0	8	559.456	559.754
560.373	0.8999999999999773	trials	19	s019_F191219	grCe_grSu6CiNe	15	90.0	8	560.673	560.971
568.624	0.8999999999999773	trials	19	s019_F191219	coCe_grSu6Ne	17	180.0	8	568.924	569.223
569.225	0.8999999999999773	trials	19	s019_F191219	grCe	1	315.0	8	569.525	569.823
569.8330000000001	0.8999999999999773	trials	19	s019_F191219	coCe_grSu6Ne	17	315.0	8	570.133	570.431
570.441	0.8999999999999773	trials	19	s019_F191219	grCe_grSu12SmCiNe	13	90.0	8	570.741	571.04
571.042	0.8999999999999773	trials	19	s019_F191219	coCe	16	270.0	8	571.342	571.64
578.1850000000001	0.8999999999999773	trials	19	s019_F191219	grCe_grSu12SmCiNe	13	270.0	8	578.485	578.783
578.793	0.8999999999999773	trials	19	s019_F191219	coCe	16	45.0	8	579.093	579.391
580.01	0.8999999999999773	trials	19	s019_F191219	grCe_grSu6CiNe_PS	19	225.0	8	580.31	580.608
588.1360000000001	0.8999999999999773	trials	19	s019_F191219	grCe_grSu6Ne_PS	18	45.0	8	588.436	588.735
588.7370000000001	0.8999999999999773	trials	19	s019_F191219	coCe	16	180.0	8	589.037	589.335
589.345	0.8999999999999773	trials	19	s019_F191219	grCe_grSu6Ne	7	270.0	8	589.645	589.943
589.9530000000001	0.8999999999999773	trials	19	s019_F191219	grSu1Ne	2		8	590.253	590.552
590.5540000000001	0.8999999999999773	trials	19	s019_F191219	coCe	16	315.0	8	590.854	591.152
597.5880000000001	0.8999999999999773	trials	19	s019_F191219	grCe_grSu12Mi	9	45.0	8	597.888	598.187
598.197	0.8999999999999773	trials	19	s019_F191219	grCe_grSu3Ne	5	270.0	8	598.497	598.795
598.8050000000001	0.8999999999999773	trials	19	s019_F191219	grCe_grSu12SmCiNe_PS	21	225.0	8	599.105	599.403
600.022	0.8999999999999773	trials	19	s019_F191219	coCe_grSu6Ne	17	45.0	8	600.322	600.62
607.173	0.8999999999999773	trials	19	s019_F191219	grCe_grSu12Mi	9	0.0	8	607.473	607.772
607.782	0.8999999999999773	trials	19	s019_F191219	grCe_grSu3Ne	5	0.0	8	608.082	608.38
608.3900000000001	0.8999999999999773	trials	19	s019_F191219	grCe_grSu6CiNe_PS	19	270.0	8	608.69	608.989
609.0150000000001	0.8999999999999773	trials	19	s019_F191219	grCe_grSu18Fa	11	270.0	8	609.315	609.614
609.624	0.8999999999999773	trials	19	s019_F191219	grCe_grSu6CiNe	15	135.0	8	609.924	610.222
616.783	0.8999999999999773	trials	19	s019_F191219	grCe_grSu6CiNe	15	0.0	8	617.083	617.382
617.392	0.8999999999999773	trials	19	s019_F191219	grCe_grSu12SmCiNe_PS	21	90.0	8	617.692	617.99
618.009	0.8999999999999773	trials	19	s019_F191219	grCe_grSu12Mi	9	315.0	8	618.309	618.607
619.226	0.8999999999999773	trials	19	s019_F191219	grCe_grSu6CiNe	15	315.0	8	619.526	619.824
626.4350000000001	0.8999999999999773	trials	19	s019_F191219	grCe_grSu6Ne_PS	18	270.0	8	626.735	627.034
627.0440000000001	0.8999999999999773	trials	19	s019_F191219	grSu6CiNe	14		8	627.344	627.642
627.6690000000001	0.8999999999999773	trials	19	s019_F191219	grCe_grSu18Fa	11	0.0	8	627.969	628.267
628.8860000000001	0.8999999999999773	trials	19	s019_F191219	grCe_grSu3Ne	5	270.0	2	629.186	629.484
636.229	0.8999999999999773	trials	19	s019_F191219	grCe_grSu12SmCiNe_PS	21	315.0	2	636.529	636.827
638.0540000000001	0.8999999999999773	trials	19	s019_F191219	grCe_grSu6Ne	7	315.0	2	638.354	638.652
638.671	0.8999999999999773	trials	19	s019_F191219	grCe_grSu12Mi	9	45.0	2	638.971	639.269
646.431	0.8999999999999773	trials	19	s019_F191219	grCe_grSu6CiNe_PS	19	180.0	2	646.731	647.029
647.056	0.8999999999999773	trials	19	s019_F191219	grCe_grSu18Fa	11	135.0	2	647.356	647.654
647.6640000000001	0.8999999999999773	trials	19	s019_F191219	coCe_grSu6Ne	17	0.0	2	647.964	648.263
648.264	0.8999999999999773	trials	19	s019_F191219	grCe	1	45.0	2	648.564	648.863
657.0740000000001	0.8999999999999773	trials	19	s019_F191219	grCe_grSu18Fa	11	315.0	2	657.374	657.673
657.683	0.8999999999999773	trials	19	s019_F191219	grCe_grSu6Ne	7	45.0	2	657.983	658.281
666.0590000000001	0.8999999999999773	trials	19	s019_F191219	grCe	1	315.0	2	666.359	666.658
666.668	0.8999999999999773	trials	19	s019_F191219	grCe_grSu3Ne	5	90.0	2	666.968	667.266
667.2760000000001	0.8999999999999773	trials	19	s019_F191219	coCe	16	90.0	2	667.576	667.875
667.8760000000001	0.8999999999999773	trials	19	s019_F191219	coCe	16	180.0	2	668.176	668.475
675.061	0.8999999999999773	trials	19	s019_F191219	grCe_grSu18Fa	11	0.0	2	675.361	675.659
675.686	0.8999999999999773	trials	19	s019_F191219	grCe_grSu18Fa	11	90.0	2	675.986	676.284
676.2940000000001	0.8999999999999773	trials	19	s019_F191219	grCe_grSu12SmCiNe	13	90.0	2	676.594	676.893
676.8950000000001	0.8999999999999773	trials	19	s019_F191219	coCe	16	315.0	2	677.195	677.493
677.503	0.8999999999999773	trials	19	s019_F191219	grCe_grSu6Ne_PS	18	45.0	2	677.803	678.101
685.138	0.8999999999999773	trials	19	s019_F191219	grCe_grSu12SmCiNe_PS	21	225.0	2	685.438	685.736
685.7460000000001	0.8999999999999773	trials	19	s019_F191219	grCe_grSu6CiNe_PS	19	270.0	2	686.046	686.345
686.355	0.8999999999999773	trials	19	s019_F191219	grCe_grSu12SmCiNe_PS	21	90.0	2	686.655	686.953
686.9630000000001	0.8999999999999773	trials	19	s019_F191219	grCe	1	180.0	2	687.263	687.562
687.572	0.8999999999999773	trials	19	s019_F191219	grCe_grSu6CiNe	15	225.0	2	687.872	688.17
694.5730000000001	0.8999999999999773	trials	19	s019_F191219	grCe_grSu12Mi	9	270.0	2	694.873	695.171
695.19	0.8999999999999773	trials	19	s019_F191219	grCe_grSu12Mi	9	180.0	2	695.49	695.788
695.798	0.8999999999999773	trials	19	s019_F191219	grCe_grSu6CiNe	15	0.0	2	696.098	696.397
696.407	0.8999999999999773	trials	19	s019_F191219	grCe_grSu12SmCiNe_PS	21	0.0	2	696.707	697.005
697.0070000000001	0.8999999999999773	trials	19	s019_F191219	grCe	1	135.0	2	697.307	697.605
704.25	0.8999999999999773	trials	19	s019_F191219	grCe_grSu12Mi	9	135.0	2	704.55	704.848
709.984	0.8999999999999773	trials	19	s019_F191219	grCe_grSu6Ne	7	90.0	2	710.284	710.582
710.5930000000001	0.8999999999999773	trials	19	s019_F191219	grCe_grSu12SmCiNe_PS	21	180.0	2	710.893	711.191
711.201	0.8999999999999773	trials	19	s019_F191219	coCe_grSu6Ne	17	180.0	2	711.501	711.799
715.6850000000001	0.8999999999999773	trials	19	s019_F191219	grCe_grSu6Ne_PS	18	270.0	2	715.985	716.284
716.2850000000001	0.8999999999999773	trials	19	s019_F191219	grCe	1	0.0	2	716.585	716.884
716.894	0.8999999999999773	trials	19	s019_F191219	grCe_grSu3Ne	5	315.0	2	717.194	717.492
717.5020000000001	0.8999999999999773	trials	19	s019_F191219	coCe_grSu6Ne	17	225.0	2	717.802	718.101
725.32	0.8999999999999773	trials	19	s019_F191219	grCe	1	270.0	2	725.62	725.919
725.9290000000001	0.8999999999999773	trials	19	s019_F191219	grCe_grSu6Ne	7	0.0	2	726.229	726.527
726.537	0.8999999999999773	trials	19	s019_F191219	grCe_grSu12SmCiNe_PS	21	270.0	2	726.837	727.136
727.1460000000001	0.8999999999999773	trials	19	s019_F191219	grCe_grSu12SmCiNe	13	315.0	2	727.446	727.744
734.772	0.8999999999999773	trials	19	s019_F191219	grCe_grSu6CiNe_PS	19	90.0	2	735.072	735.37
735.38	0.8999999999999773	trials	19	s019_F191219	grCe_grSu6CiNe	15	90.0	2	735.68	735.979
736.5970000000001	0.8999999999999773	trials	19	s019_F191219	grCe_grSu6CiNe_PS	19	45.0	2	736.897	737.196
737.197	0.8999999999999773	trials	19	s019_F191219	coCe	16	45.0	2	737.497	737.796
744.332	0.8999999999999773	trials	19	s019_F191219	grSu6Ne	6		2	744.632	744.931
744.941	0.8999999999999773	trials	19	s019_F191219	grCe_grSu12SmCiNe	13	180.0	2	745.241	745.539
745.5490000000001	0.8999999999999773	trials	19	s019_F191219	grCe_grSu6CiNe	15	315.0	2	745.849	746.147
746.157	0.8999999999999773	trials	19	s019_F191219	grCe_grSu3Ne	5	45.0	2	746.457	746.756
753.909	0.8999999999999773	trials	19	s019_F191219	grCe	1	90.0	2	754.209	754.507
754.517	0.8999999999999773	trials	19	s019_F191219	grCe_grSu6Ne_PS	18	135.0	2	754.817	755.116
755.734	0.8999999999999773	trials	19	s019_F191219	grCe_grSu12SmCiNe	13	135.0	2	756.034	756.333
756.3430000000001	0.8999999999999773	trials	19	s019_F191219	grCe_grSu6Ne	7	270.0	2	756.643	756.941
764.277	0.8999999999999773	trials	19	s019_F191219	grCe_grSu12SmCiNe_PS	21	135.0	2	764.577	764.876
764.8860000000001	0.8999999999999773	trials	19	s019_F191219	coCe	16	135.0	2	765.186	765.484
765.494	0.8999999999999773	trials	19	s019_F191219	grCe_grSu6CiNe_PS	19	225.0	2	765.794	766.093
766.111	0.8999999999999773	trials	19	s019_F191219	grCe_grSu12Mi	9	0.0	2	766.411	766.71
766.7280000000001	0.8999999999999773	trials	19	s019_F191219	grCe_grSu12Mi	9	90.0	2	767.028	767.326
774.8960000000001	0.8999999999999773	trials	19	s019_F191219	grCe_grSu6Ne	7	180.0	2	775.196	775.495
775.505	0.8999999999999773	trials	19	s019_F191219	grCe_grSu3Ne	5	135.0	2	775.805	776.103
776.113	0.8999999999999773	trials	19	s019_F191219	grCe_grSu6CiNe	15	135.0	2	776.413	776.711
776.721	0.8999999999999773	trials	19	s019_F191219	grCe_grSu6CiNe_PS	19	315.0	2	777.021	777.32
785.115	0.8999999999999773	trials	19	s019_F191219	grCe_grSu6Ne_PS	18	225.0	2	785.415	785.713
785.731	0.8999999999999773	trials	19	s019_F191219	grSu18Fa	10		2	786.031	786.33
786.332	0.8999999999999773	trials	19	s019_F191219	coCe	16	225.0	2	786.632	786.93
793.4580000000001	0.8999999999999773	trials	19	s019_F191219	grCe_grSu1Ne	3	180.0	2	793.758	794.056
794.6750000000001	0.8999999999999773	trials	19	s019_F191219	grSu3Ne	4		2	794.975	795.273
795.892	0.8999999999999773	trials	19	s019_F191219	grSu12Mi	8		2	796.192	796.49
803.0680000000001	0.8999999999999773	trials	19	s019_F191219	grCe_grSu3Ne	5	180.0	2	803.368	803.666
803.676	0.8999999999999773	trials	19	s019_F191219	grCe_grSu6Ne_PS	18	90.0	2	803.976	804.275
808.6020000000001	0.8999999999999773	trials	19	s019_F191219	grCe_grSu1Ne	3	0.0	2	808.902	809.201
809.8280000000001	0.8999999999999773	trials	19	s019_F191219	grCe_grSu12Mi	9	315.0	2	810.128	810.426
810.436	0.8999999999999773	trials	19	s019_F191219	grCe_grSu6Ne_PS	18	0.0	2	810.736	811.034
811.0450000000001	0.8999999999999773	trials	19	s019_F191219	coCe_grSu6Ne	17	90.0	2	811.345	811.643
818.2040000000001	0.8999999999999773	trials	19	s019_F191219	grSu12SmCiNe	12		2	818.504	818.803
818.8130000000001	0.8999999999999773	trials	19	s019_F191219	coSu6Ne	20		2	819.113	819.411
819.421	0.8999999999999773	trials	19	s019_F191219	grCe_grSu3Ne	5	0.0	2	819.721	820.019
820.0210000000001	0.8999999999999773	trials	19	s019_F191219	NoStim	0		2	820.321	820.62
820.63	0.8999999999999773	trials	19	s019_F191219	grCe_grSu1Ne	3	315.0	2	820.93	821.228
828.739	0.8999999999999773	trials	19	s019_F191219	grSu1Ne	2		2	829.039	829.338
829.3480000000001	0.8999999999999773	trials	19	s019_F191219	coCe_grSu6Ne	17	270.0	2	829.648	829.946
829.956	0.8999999999999773	trials	19	s019_F191219	grCe_grSu6Ne	7	135.0	2	830.256	830.555
830.565	0.8999999999999773	trials	19	s019_F191219	grCe_grSu6CiNe_PS	19	0.0	2	830.865	831.163
831.173	0.8999999999999773	trials	19	s019_F191219	grCe_grSu1Ne	3	270.0	2	831.473	831.772
838.258	0.8999999999999773	trials	19	s019_F191219	grCe_grSu6CiNe_PS	19	135.0	2	838.558	838.856
838.8660000000001	0.8999999999999773	trials	19	s019_F191219	grCe_grSu6Ne	7	225.0	2	839.166	839.465
839.4910000000001	0.8999999999999773	trials	19	s019_F191219	grCe_grSu18Fa	11	270.0	2	839.791	840.09
840.1	0.8999999999999773	trials	19	s019_F191219	grCe_grSu1Ne	3	90.0	2	840.4	840.698
840.7080000000001	0.8999999999999773	trials	19	s019_F191219	coCe_grSu6Ne	17	315.0	2	841.008	841.307
850.1020000000001	0.8999999999999773	trials	19	s019_F191219	grCe_grSu6CiNe	15	180.0	2	850.402	850.7
850.7270000000001	0.8999999999999773	trials	19	s019_F191219	grCe_grSu18Fa	11	225.0	2	851.027	851.325
851.335	0.8999999999999773	trials	19	s019_F191219	coCe_grSu6Ne	17	135.0	2	851.635	851.934
851.9350000000001	0.8999999999999773	trials	19	s019_F191219	coCe	16	0.0	2	852.235	852.534
859.529	0.8999999999999773	trials	19	s019_F191219	grCe_grSu12SmCiNe	13	225.0	2	859.829	860.127
860.1370000000001	0.8999999999999773	trials	19	s019_F191219	grCe_grSu1Ne	3	45.0	2	860.437	860.735
860.745	0.8999999999999773	trials	19	s019_F191219	grCe_grSu1Ne	3	135.0	2	861.045	861.344
861.3710000000001	0.8999999999999773	trials	19	s019_F191219	grCe_grSu18Fa	11	180.0	2	861.671	861.969
865.255	0.8999999999999773	trials	19	s019_F191219	grCe_grSu12SmCiNe	13	0.0	2	865.555	865.853
865.863	0.8999999999999773	trials	19	s019_F191219	grCe_grSu12SmCiNe	13	270.0	2	866.163	866.461
866.471	0.8999999999999773	trials	19	s019_F191219	grCe	1	225.0	2	866.771	867.07
867.0880000000001	0.8999999999999773	trials	19	s019_F191219	grCe_grSu12Mi	9	225.0	2	867.388	867.687
867.697	0.8999999999999773	trials	19	s019_F191219	grCe_grSu6CiNe	15	270.0	2	867.997	868.295
874.773	0.8999999999999773	trials	19	s019_F191219	grCe_grSu1Ne	3	225.0	2	875.073	875.371
875.398	0.8999999999999773	trials	19	s019_F191219	grCe_grSu18Fa	11	45.0	2	875.698	875.997
876.0070000000001	0.8999999999999773	trials	19	s019_F191219	grCe_grSu6CiNe	15	45.0	2	876.307	876.605
877.2230000000001	0.8999999999999773	trials	19	s019_F191219	coCe_grSu6Ne	17	45.0	2	877.523	877.822
884.725	0.8999999999999773	trials	19	s019_F191219	grCe_grSu3Ne	5	225.0	2	885.025	885.323
885.3330000000001	0.8999999999999773	trials	19	s019_F191219	grSu6CiNe	14		2	885.633	885.932
885.942	0.8999999999999773	trials	19	s019_F191219	grCe_grSu6Ne_PS	18	315.0	2	886.242	886.54
886.5500000000001	0.8999999999999773	trials	19	s019_F191219	coCe	16	270.0	2	886.85	887.149
887.159	0.8999999999999773	trials	19	s019_F191219	grCe_grSu6Ne_PS	18	180.0	2	887.459	887.757
895.5350000000001	0.8999999999999773	trials	19	s019_F191219	grCe_grSu12SmCiNe	13	45.0	2	895.835	896.134
896.144	0.8999999999999773	trials	19	s019_F191219	grCe_grSu12SmCiNe_PS	21	45.0	2	896.444	896.742
905.162	0.8999999999999773	trials	19	s019_F191219	grCe_grSu12Mi	9	135.0	7	905.462	905.76
905.7700000000001	0.8999999999999773	trials	19	s019_F191219	grCe_grSu12SmCiNe_PS	21	270.0	7	906.07	906.369
906.379	0.8999999999999773	trials	19	s019_F191219	grCe_grSu6Ne	7	135.0	7	906.679	906.977
906.9870000000001	0.8999999999999773	trials	19	s019_F191219	grCe_grSu12SmCiNe	13	0.0	7	907.287	907.586
907.596	0.8999999999999773	trials	19	s019_F191219	grCe_grSu12SmCiNe_PS	21	225.0	7	907.896	908.194
915.2470000000001	0.8999999999999773	trials	19	s019_F191219	coCe	16	0.0	7	915.547	915.846
915.856	0.8999999999999773	trials	19	s019_F191219	grCe_grSu12SmCiNe_PS	21	90.0	7	916.156	916.454
916.464	0.8999999999999773	trials	19	s019_F191219	grCe_grSu6Ne	7	90.0	7	916.764	917.063
917.0730000000001	0.8999999999999773	trials	19	s019_F191219	grCe_grSu6CiNe	15	0.0	7	917.373	917.671
917.681	0.8999999999999773	trials	19	s019_F191219	coCe_grSu6Ne	17	315.0	7	917.981	918.279
933.884	0.8999999999999773	trials	19	s019_F191219	grCe_grSu18Fa	11	45.0	7	934.184	934.482
934.4920000000001	0.8999999999999773	trials	19	s019_F191219	coCe_grSu6Ne	17	135.0	7	934.792	935.091
935.101	0.8999999999999773	trials	19	s019_F191219	grCe_grSu6Ne	7	45.0	7	935.401	935.699
935.7090000000001	0.8999999999999773	trials	19	s019_F191219	grCe_grSu6CiNe	15	45.0	7	936.009	936.308
936.3180000000001	0.8999999999999773	trials	19	s019_F191219	grCe_grSu6Ne_PS	18	0.0	7	936.618	936.916
943.519	0.8999999999999773	trials	19	s019_F191219	grCe	1	0.0	7	943.819	944.118
944.128	0.8999999999999773	trials	19	s019_F191219	grCe_grSu6Ne_PS	18	180.0	7	944.428	944.726
944.736	0.8999999999999773	trials	19	s019_F191219	grCe_grSu6CiNe	15	180.0	7	945.036	945.334
945.344	0.8999999999999773	trials	19	s019_F191219	grCe_grSu12SmCiNe	13	135.0	7	945.644	945.943
945.961	0.8999999999999773	trials	19	s019_F191219	grCe_grSu12Mi	9	0.0	7	946.261	946.56
953.196	0.8999999999999773	trials	19	s019_F191219	grCe	1	270.0	7	953.496	953.794
955.0210000000001	0.8999999999999773	trials	19	s019_F191219	grCe_grSu6CiNe	15	225.0	7	955.321	955.62
964.1560000000001	0.8999999999999773	trials	19	s019_F191219	grCe_grSu12SmCiNe_PS	21	0.0	7	964.456	964.755
964.7650000000001	0.8999999999999773	trials	19	s019_F191219	grCe_grSu3Ne	5	45.0	7	965.065	965.363
965.9820000000001	0.8999999999999773	trials	19	s019_F191219	grCe_grSu12SmCiNe	13	315.0	7	966.282	966.58
966.59	0.8999999999999773	trials	19	s019_F191219	grCe_grSu6Ne_PS	18	315.0	7	966.89	967.189
974.5250000000001	0.8999999999999773	trials	19	s019_F191219	coCe	16	225.0	7	974.825	975.123
975.133	0.8999999999999773	trials	19	s019_F191219	grCe_grSu1Ne	3	90.0	7	975.433	975.732
975.7420000000001	0.8999999999999773	trials	19	s019_F191219	grCe_grSu1Ne	3	270.0	7	976.042	976.34
976.35	0.8999999999999773	trials	19	s019_F191219	grSu12SmCiNe	12		7	976.65	976.949
976.9590000000001	0.8999999999999773	trials	19	s019_F191219	grCe_grSu12SmCiNe_PS	21	135.0	7	977.259	977.557
984.418	0.8999999999999773	trials	19	s019_F191219	grCe_grSu18Fa	11	270.0	7	984.718	985.017
985.027	0.8999999999999773	trials	19	s019_F191219	grCe_grSu6CiNe	15	90.0	7	985.327	985.625
985.635	0.8999999999999773	trials	19	s019_F191219	grCe_grSu6CiNe_PS	19	315.0	7	985.935	986.234
986.2520000000001	0.8999999999999773	trials	19	s019_F191219	grCe_grSu12Mi	9	90.0	7	986.552	986.851
986.861	0.8999999999999773	trials	19	s019_F191219	coCe_grSu6Ne	17	270.0	7	987.161	987.459
994.229	0.8999999999999773	trials	19	s019_F191219	coCe_grSu6Ne	17	90.0	7	994.529	994.827
994.837	0.8999999999999773	trials	19	s019_F191219	coCe	16	45.0	7	995.137	995.435
995.445	0.8999999999999773	trials	19	s019_F191219	coCe_grSu6Ne	17	45.0	7	995.745	996.044
996.071	0.8999999999999773	trials	19	s019_F191219	grCe_grSu18Fa	11	225.0	7	996.371	996.669
1003.9720000000001	0.8999999999999773	trials	19	s019_F191219	grCe_grSu1Ne	3	45.0	7	1004.272	1004.57
1004.581	0.8999999999999773	trials	19	s019_F191219	grSu6CiNe	14		7	1004.881	1005.179
1005.1890000000001	0.8999999999999773	trials	19	s019_F191219	grCe_grSu6Ne_PS	18	270.0	7	1005.489	1005.787
1041.262	0.8999999999998636	trials	19	s019_F191219	grCe_grSu6Ne	7	270.0	7	1041.562	1041.861
1041.8790000000001	0.8999999999998636	trials	19	s019_F191219	grSu18Fa	10		7	1042.179	1042.478
1043.088	0.8999999999998636	trials	19	s019_F191219	grCe	1	90.0	7	1043.388	1043.686
1043.6960000000001	0.8999999999998636	trials	19	s019_F191219	grCe_grSu6CiNe	15	315.0	7	1043.996	1044.295
1051.473	0.8999999999998636	trials	19	s019_F191219	grCe_grSu18Fa	11	315.0	7	1051.773	1052.071
1052.7060000000001	0.8999999999998636	trials	19	s019_F191219	grCe_grSu18Fa	11	180.0	7	1053.006	1053.305
1053.315	0.8999999999998636	trials	19	s019_F191219	grCe_grSu6Ne_PS	18	90.0	7	1053.615	1053.913
1061.133	0.8999999999998636	trials	19	s019_F191219	grCe_grSu6CiNe_PS	19	0.0	7	1061.433	1061.731
1061.741	0.8999999999998636	trials	19	s019_F191219	grSu12Mi	8		7	1062.041	1062.34
1062.3500000000001	0.8999999999998636	trials	19	s019_F191219	grCe_grSu1Ne	3	225.0	7	1062.65	1062.948
1062.958	0.8999999999998636	trials	19	s019_F191219	grSu1Ne	2		7	1063.258	1063.556
1063.583	0.8999999999998636	trials	19	s019_F191219	grCe_grSu18Fa	11	90.0	7	1063.883	1064.182
1070.976	0.8999999999998636	trials	19	s019_F191219	grCe_grSu6Ne	7	180.0	7	1071.276	1071.575
1071.585	0.8999999999998636	trials	19	s019_F191219	grCe_grSu3Ne	5	0.0	7	1071.885	1072.183
1072.185	0.8999999999998636	trials	19	s019_F191219	coCe	16	315.0	7	1072.485	1072.783
1073.402	0.8999999999998636	trials	19	s019_F191219	grCe_grSu1Ne	3	0.0	7	1073.702	1074.0
1080.795	0.8999999999998636	trials	19	s019_F191219	grCe_grSu3Ne	5	90.0	7	1081.095	1081.393
1084.362	0.8999999999998636	trials	19	s019_F191219	grCe_grSu6Ne	7	315.0	7	1084.662	1084.96
1084.97	0.8999999999998636	trials	19	s019_F191219	grCe_grSu6CiNe_PS	19	270.0	7	1085.27	1085.569
1086.787	0.8999999999998636	trials	19	s019_F191219	coCe	16	270.0	7	1087.087	1087.386
1094.547	0.8999999999998636	trials	19	s019_F191219	grCe_grSu1Ne	3	135.0	7	1094.847	1095.146
1095.7640000000001	0.8999999999998636	trials	19	s019_F191219	grCe_grSu6Ne	7	225.0	7	1096.064	1096.363
1096.373	0.8999999999998636	trials	19	s019_F191219	coCe_grSu6Ne	17	225.0	7	1096.673	1096.971
1096.981	0.8999999999998636	trials	19	s019_F191219	grCe_grSu1Ne	3	180.0	7	1097.281	1097.579
1104.432	0.8999999999998636	trials	19	s019_F191219	grCe_grSu18Fa	11	135.0	7	1104.732	1105.031
1105.0330000000001	0.8999999999998636	trials	19	s019_F191219	coCe	16	90.0	7	1105.333	1105.631
1105.6490000000001	0.8999999999998636	trials	19	s019_F191219	grCe_grSu12Mi	9	270.0	7	1105.949	1106.248
1106.2740000000001	0.8999999999998636	trials	19	s019_F191219	grCe_grSu18Fa	11	0.0	7	1106.574	1106.873
1114.118	0.8999999999998636	trials	19	s019_F191219	grCe_grSu6CiNe_PS	19	225.0	7	1114.418	1114.716
1115.326	0.8999999999998636	trials	19	s019_F191219	NoStim	0		7	1115.626	1115.925
1115.935	0.8999999999998636	trials	19	s019_F191219	grCe_grSu6Ne	7	0.0	7	1116.235	1116.533
1116.5510000000002	0.8999999999998636	trials	19	s019_F191219	grCe_grSu12Mi	9	225.0	7	1116.851	1117.15
1124.403	0.8999999999998636	trials	19	s019_F191219	grCe_grSu6Ne_PS	18	45.0	7	1124.703	1125.001
1125.011	0.8999999999998636	trials	19	s019_F191219	grCe_grSu6CiNe_PS	19	135.0	7	1125.311	1125.61
1125.6200000000001	0.8999999999998636	trials	19	s019_F191219	grCe_grSu3Ne	5	225.0	7	1125.92	1126.218
1126.228	0.8999999999998636	trials	19	s019_F191219	grCe_grSu12SmCiNe	13	270.0	7	1126.528	1126.827
1138.864	0.8999999999998636	trials	19	s019_F191219	grCe_grSu6CiNe_PS	19	45.0	7	1139.164	1139.462
1139.472	0.8999999999998636	trials	19	s019_F191219	coSu6Ne	20		7	1139.772	1140.071
1140.689	0.8999999999998636	trials	19	s019_F191219	grCe	1	180.0	7	1140.989	1141.288
1141.298	0.8999999999998636	trials	19	s019_F191219	grSu3Ne	4		7	1141.598	1141.896
1148.6490000000001	0.8999999999998636	trials	19	s019_F191219	grCe_grSu6CiNe_PS	19	180.0	7	1148.949	1149.247
1149.866	0.8999999999998636	trials	19	s019_F191219	grCe_grSu12SmCiNe	13	45.0	7	1150.166	1150.464
1150.474	0.8999999999998636	trials	19	s019_F191219	grCe_grSu6CiNe_PS	19	90.0	7	1150.774	1151.073
1151.0910000000001	0.8999999999998636	trials	19	s019_F191219	grCe_grSu12Mi	9	45.0	7	1151.391	1151.69
1158.7340000000002	0.8999999999998636	trials	19	s019_F191219	grCe_grSu3Ne	5	180.0	7	1159.034	1159.333
1159.343	0.8999999999998636	trials	19	s019_F191219	grCe	1	45.0	7	1159.643	1159.941
1159.951	0.8999999999998636	trials	19	s019_F191219	grCe_grSu12SmCiNe	13	180.0	7	1160.251	1160.55
1160.56	0.8999999999998636	trials	19	s019_F191219	coCe	16	135.0	7	1160.86	1161.158
1161.1680000000001	0.8999999999998636	trials	19	s019_F191219	grCe	1	225.0	7	1161.468	1161.766
1171.72	0.8999999999998636	trials	19	s019_F191219	grCe_grSu12SmCiNe_PS	21	45.0	7	1172.02	1172.318
1172.328	0.8999999999998636	trials	19	s019_F191219	coCe_grSu6Ne	17	180.0	7	1172.628	1172.927
1173.545	0.8999999999998636	trials	19	s019_F191219	coCe	16	180.0	7	1173.845	1174.144
1174.154	0.8999999999998636	trials	19	s019_F191219	grCe_grSu3Ne	5	315.0	7	1174.454	1174.752
1181.88	0.8999999999998636	trials	19	s019_F191219	grCe_grSu12SmCiNe	13	225.0	7	1182.18	1182.479
1183.097	0.8999999999998636	trials	19	s019_F191219	grCe_grSu1Ne	3	315.0	7	1183.397	1183.695
1183.7060000000001	0.8999999999998636	trials	19	s019_F191219	grCe_grSu6CiNe	15	135.0	7	1184.006	1184.304
1184.314	0.8999999999998636	trials	19	s019_F191219	grCe_grSu3Ne	5	135.0	7	1184.614	1184.912
1229.506	0.8999999999998636	trials	19	s019_F191219	grCe	1	315.0	7	1229.806	1230.104
1230.114	0.8999999999998636	trials	19	s019_F191219	grCe_grSu6Ne_PS	18	135.0	7	1230.414	1230.721
1230.731	0.8999999999998636	trials	19	s019_F191219	grCe_grSu6CiNe	15	270.0	7	1231.031	1231.329
1231.339	0.8999999999998636	trials	19	s019_F191219	grSu6Ne	6		7	1231.639	1231.938
1239.316	0.8999999999998636	trials	19	s019_F191219	grCe_grSu12Mi	9	315.0	7	1239.616	1239.914
1239.933	0.8999999999998636	trials	19	s019_F191219	grCe_grSu12Mi	9	180.0	7	1240.233	1240.531
1240.541	0.8999999999998636	trials	19	s019_F191219	grCe_grSu6Ne_PS	18	225.0	7	1240.841	1241.14
1241.15	0.8999999999998636	trials	19	s019_F191219	coCe_grSu6Ne	17	0.0	7	1241.45	1241.748
1256.327	0.8999999999998636	trials	19	s019_F191219	grCe_grSu12SmCiNe_PS	21	315.0	7	1256.627	1256.926
1256.9360000000001	0.8999999999998636	trials	19	s019_F191219	grCe_grSu12SmCiNe_PS	21	180.0	7	1257.236	1257.534
1257.544	0.8999999999998636	trials	19	s019_F191219	grCe_grSu12SmCiNe	13	90.0	7	1257.844	1258.143
1266.221	0.8999999999998636	trials	19	s019_F191219	grCe_grSu3Ne	5	270.0	7	1266.521	1266.819
1266.829	0.8999999999998636	trials	19	s019_F191219	grCe	1	135.0	7	1267.129	1267.428
1267.429	0.8999999999998636	trials	19	s019_F191219	grCe	1	90.0	6	1267.729	1268.028
1278.6480000000001	0.8999999999998636	trials	19	s019_F191219	grCe_grSu6Ne	7	225.0	6	1278.948	1279.247
1279.257	0.8999999999998636	trials	19	s019_F191219	grCe_grSu6Ne	7	135.0	6	1279.557	1279.855
1279.865	0.8999999999998636	trials	19	s019_F191219	grCe_grSu6Ne_PS	18	0.0	6	1280.165	1280.463
1280.474	0.8999999999998636	trials	19	s019_F191219	grCe_grSu3Ne	5	315.0	6	1280.774	1281.072
1296.952	0.8999999999998636	trials	19	s019_F191219	coCe_grSu6Ne	17	0.0	6	1297.252	1297.55
1297.56	0.8999999999998636	trials	19	s019_F191219	grCe_grSu6Ne	7	180.0	6	1297.86	1298.158
1298.777	0.8999999999998636	trials	19	s019_F191219	grSu6Ne	6		6	1299.077	1299.375
1305.47	0.8999999999998636	trials	19	s019_F191219	grSu12SmCiNe	12		6	1305.77	1306.068
1306.078	0.8999999999998636	trials	19	s019_F191219	grCe_grSu6CiNe_PS	19	180.0	6	1306.378	1306.677
1307.295	0.8999999999998636	trials	19	s019_F191219	grCe_grSu12SmCiNe	13	90.0	6	1307.595	1307.894
1313.996	0.8999999999998636	trials	19	s019_F191219	coCe_grSu6Ne	17	180.0	6	1314.296	1314.595
1314.613	0.8999999999998636	trials	19	s019_F191219	grCe_grSu12Mi	9	180.0	6	1314.913	1315.212
1315.213	0.8999999999998636	trials	19	s019_F191219	grCe	1	0.0	6	1315.513	1315.812
1322.748	0.8999999999998636	trials	19	s019_F191219	grCe_grSu12SmCiNe_PS	21	0.0	6	1323.048	1323.346
1323.9650000000001	0.8999999999998636	trials	19	s019_F191219	grCe_grSu1Ne	3	135.0	6	1324.265	1324.563
1324.573	0.8999999999998636	trials	19	s019_F191219	grCe_grSu12SmCiNe	13	225.0	6	1324.873	1325.172
1331.766	0.8999999999998636	trials	19	s019_F191219	grCe_grSu6CiNe	15	225.0	6	1332.066	1332.365
1332.375	0.8999999999998636	trials	19	s019_F191219	grCe_grSu6CiNe_PS	19	0.0	6	1332.675	1332.973
1332.992	0.8999999999998636	trials	19	s019_F191219	grCe_grSu12Mi	9	90.0	6	1333.292	1333.59
1333.6000000000001	0.8999999999998636	trials	19	s019_F191219	grCe	1	315.0	6	1333.9	1334.198
1340.276	0.8999999999998636	trials	19	s019_F191219	grCe_grSu12SmCiNe_PS	21	225.0	6	1340.576	1340.875
1340.876	0.8999999999998636	trials	19	s019_F191219	grCe	1	225.0	6	1341.176	1341.475
1341.4850000000001	0.8999999999998636	trials	19	s019_F191219	grCe_grSu6Ne	7	45.0	6	1341.785	1342.083
1342.085	0.8999999999998636	trials	19	s019_F191219	coCe	16	180.0	6	1342.385	1342.683
1348.9360000000001	0.8999999999998636	trials	19	s019_F191219	grCe_grSu3Ne	5	0.0	6	1349.236	1349.535
1349.545	0.8999999999998636	trials	19	s019_F191219	grCe_grSu12SmCiNe	13	315.0	6	1349.845	1350.143
1350.778	0.8999999999998636	trials	19	s019_F191219	grCe_grSu18Fa	11	45.0	6	1351.078	1351.377
1360.688	0.8999999999998636	trials	19	s019_F191219	grCe_grSu6Ne	7	315.0	6	1360.988	1361.287
1361.305	0.8999999999998636	trials	19	s019_F191219	grCe_grSu12Mi	9	225.0	6	1361.605	1361.904
1361.914	0.8999999999998636	trials	19	s019_F191219	grCe_grSu1Ne	3	45.0	6	1362.214	1362.512
1369.924	0.8999999999998636	trials	19	s019_F191219	grCe_grSu18Fa	11	315.0	6	1370.224	1370.522
1370.5320000000002	0.8999999999998636	trials	19	s019_F191219	coCe_grSu6Ne	17	225.0	6	1370.832	1371.13
1371.749	0.8999999999998636	trials	19	s019_F191219	grCe_grSu6Ne	7	0.0	6	1372.049	1372.347
1379.425	0.8999999999998636	trials	19	s019_F191219	coCe	16	90.0	6	1379.725	1380.024
1380.034	0.8999999999998636	trials	19	s019_F191219	grCe_grSu6CiNe_PS	19	270.0	6	1380.334	1380.632
1381.251	0.8999999999998636	trials	19	s019_F191219	coCe_grSu6Ne	17	315.0	6	1381.551	1381.849
1387.919	0.8999999999998636	trials	19	s019_F191219	grCe_grSu6Ne_PS	18	45.0	6	1388.219	1388.517
1388.519	0.8999999999998636	trials	19	s019_F191219	grCe	1	270.0	6	1388.819	1389.117
1389.127	0.8999999999998636	trials	19	s019_F191219	grCe_grSu6CiNe_PS	19	225.0	6	1389.427	1389.725
1389.736	0.8999999999998636	trials	19	s019_F191219	grCe_grSu6Ne_PS	18	315.0	6	1390.036	1390.334
1397.4370000000001	0.8999999999998636	trials	19	s019_F191219	grCe_grSu12SmCiNe	13	135.0	6	1397.737	1398.035
1401.296	0.8999999999998636	trials	19	s019_F191219	grCe_grSu12Mi	9	0.0	6	1401.596	1401.894
1401.904	0.8999999999998636	trials	19	s019_F191219	grCe_grSu6CiNe_PS	19	135.0	6	1402.204	1402.503
1402.5130000000001	0.8999999999998636	trials	19	s019_F191219	grSu3Ne	4		6	1402.813	1403.111
1403.121	0.8999999999998636	trials	19	s019_F191219	grCe_grSu12SmCiNe	13	45.0	6	1403.421	1403.72
1410.048	0.8999999999998636	trials	19	s019_F191219	grCe_grSu6CiNe	15	135.0	6	1410.348	1410.646
1410.673	0.8999999999998636	trials	19	s019_F191219	grCe_grSu18Fa	11	90.0	6	1410.973	1411.271
1411.281	0.8999999999998636	trials	19	s019_F191219	grCe_grSu12SmCiNe_PS	21	45.0	6	1411.581	1411.88
1411.89	0.8999999999998636	trials	19	s019_F191219	coCe_grSu6Ne	17	45.0	6	1412.19	1412.488
1418.641	0.8999999999998636	trials	19	s019_F191219	grCe	1	135.0	6	1418.941	1419.239
1419.249	0.8999999999998636	trials	19	s019_F191219	grCe_grSu6CiNe_PS	19	90.0	6	1419.549	1419.848
1423.492	0.8999999999998636	trials	19	s019_F191219	grCe_grSu3Ne	5	270.0	6	1423.792	1424.09
1424.717	0.8999999999998636	trials	19	s019_F191219	grCe_grSu12Mi	9	270.0	6	1425.017	1425.315
1425.325	0.8999999999998636	trials	19	s019_F191219	coCe_grSu6Ne	17	135.0	6	1425.625	1425.924
1432.0520000000001	0.8999999999998636	trials	19	s019_F191219	grCe_grSu12SmCiNe	13	270.0	6	1432.352	1432.65
1432.66	0.8999999999998636	trials	19	s019_F191219	grCe_grSu3Ne	5	180.0	6	1432.96	1433.259
1433.26	0.8999999999998636	trials	19	s019_F191219	NoStim	0		6	1433.56	1433.859
1441.3700000000001	0.8999999999998636	trials	19	s019_F191219	grCe_grSu1Ne	3	315.0	6	1441.67	1441.969
1441.979	0.8999999999998636	trials	19	s019_F191219	grCe_grSu3Ne	5	90.0	6	1442.279	1442.577
1442.579	0.8999999999998636	trials	19	s019_F191219	grCe	1	180.0	6	1442.879	1443.177
1453.931	0.8999999999998636	trials	19	s019_F191219	grCe_grSu12Mi	9	45.0	6	1454.231	1454.529
1454.539	0.8999999999998636	trials	19	s019_F191219	coSu6Ne	20		6	1454.839	1455.138
1455.1480000000001	0.8999999999998636	trials	19	s019_F191219	grCe_grSu3Ne	5	225.0	6	1455.448	1455.746
1455.748	0.8999999999998636	trials	19	s019_F191219	coCe	16	270.0	6	1456.048	1456.346
1486.637	0.8999999999998636	trials	19	s019_F191219	grCe_grSu6Ne_PS	18	225.0	6	1486.937	1487.235
1487.2450000000001	0.8999999999998636	trials	19	s019_F191219	grCe_grSu6Ne_PS	18	135.0	6	1487.545	1487.844
1487.862	0.8999999999998636	trials	19	s019_F191219	grCe_grSu12Mi	9	315.0	6	1488.162	1488.461
1488.471	0.8999999999998636	trials	19	s019_F191219	grCe_grSu1Ne	3	180.0	6	1488.771	1489.069
1496.047	0.8999999999998636	trials	19	s019_F191219	grCe_grSu12Mi	9	135.0	6	1496.347	1496.645
1496.655	0.8999999999998636	trials	19	s019_F191219	grCe_grSu1Ne	3	90.0	6	1496.955	1497.254
1497.881	0.8999999999998636	trials	19	s019_F191219	grSu18Fa	10		6	1498.181	1498.479
1513.55	0.8999999999998636	trials	19	s019_F191219	grSu1Ne	2		6	1513.85	1514.149
1514.175	0.8999999999998636	trials	19	s019_F191219	grCe_grSu18Fa	11	135.0	6	1514.475	1514.774
1520.101	0.8999999999998636	trials	19	s019_F191219	grCe_grSu12SmCiNe	13	180.0	6	1520.401	1520.7
1528.0030000000002	0.8999999999998636	trials	19	s019_F191219	grCe_grSu12SmCiNe	13	0.0	6	1528.303	1528.601
1528.611	0.8999999999998636	trials	19	s019_F191219	grCe_grSu1Ne	3	0.0	6	1528.911	1529.21
1529.22	0.8999999999998636	trials	19	s019_F191219	coCe	16	45.0	6	1529.52	1529.818
1536.663	0.8999999999998636	trials	19	s019_F191219	grCe_grSu18Fa	11	270.0	6	1536.963	1537.261
1537.288	0.8999999999998636	trials	19	s019_F191219	grCe_grSu18Fa	11	0.0	6	1537.588	1537.886
1537.896	0.8999999999998636	trials	19	s019_F191219	grSu12Mi	8		6	1538.196	1538.495
1545.5900000000001	0.8999999999998636	trials	19	s019_F191219	grCe_grSu12SmCiNe_PS	21	315.0	6	1545.89	1546.188
1550.674	0.8999999999998636	trials	19	s019_F191219	grCe_grSu18Fa	11	180.0	6	1550.974	1551.272
1551.2820000000002	0.8999999999998636	trials	19	s019_F191219	coCe_grSu6Ne	17	90.0	6	1551.582	1551.881
1551.891	0.8999999999998636	trials	19	s019_F191219	coCe_grSu6Ne	17	270.0	6	1552.191	1552.489
1559.084	0.8999999999998636	trials	19	s019_F191219	grCe_grSu6CiNe	15	315.0	6	1559.384	1559.682
1559.692	0.8999999999998636	trials	19	s019_F191219	grCe_grSu12SmCiNe_PS	21	135.0	6	1559.992	1560.291
1560.3010000000002	0.8999999999998636	trials	19	s019_F191219	grCe_grSu6Ne	7	90.0	6	1560.601	1560.899
1560.909	0.8999999999998636	trials	19	s019_F191219	grCe_grSu6CiNe	15	0.0	6	1561.209	1561.507
1567.5520000000001	0.8999999999998636	trials	19	s019_F191219	coCe	16	315.0	6	1567.852	1568.15
1568.16	0.8999999999998636	trials	19	s019_F191219	grCe_grSu6CiNe	15	90.0	6	1568.46	1568.759
1568.786	0.8999999999998636	trials	19	s019_F191219	grCe_grSu18Fa	11	225.0	6	1569.086	1569.384
1576.545	0.8999999999998636	trials	19	s019_F191219	grSu6CiNe	14		6	1576.845	1577.144
1577.154	0.8999999999998636	trials	19	s019_F191219	grCe_grSu6Ne_PS	18	90.0	6	1577.454	1577.752
1577.762	0.8999999999998636	trials	19	s019_F191219	grCe_grSu6CiNe	15	45.0	6	1578.062	1578.361
1578.371	0.8999999999998636	trials	19	s019_F191219	grCe_grSu6Ne	7	270.0	6	1578.671	1578.969
1585.422	0.8999999999998636	trials	19	s019_F191219	grCe_grSu6Ne_PS	18	180.0	6	1585.722	1586.02
1586.022	0.8999999999998636	trials	19	s019_F191219	coCe	16	225.0	6	1586.322	1586.62
1587.239	0.8999999999998636	trials	19	s019_F191219	grCe_grSu3Ne	5	45.0	6	1587.539	1587.837
1593.9070000000002	0.8999999999998636	trials	19	s019_F191219	grCe_grSu12SmCiNe_PS	21	180.0	6	1594.207	1594.505
1594.507	0.8999999999998636	trials	19	s019_F191219	coCe	16	135.0	6	1594.807	1595.105
1595.115	0.8999999999998636	trials	19	s019_F191219	grCe_grSu1Ne	3	270.0	6	1595.415	1595.714
1595.724	0.8999999999998636	trials	19	s019_F191219	grCe_grSu6CiNe_PS	19	315.0	6	1596.024	1596.322
1602.342	0.8999999999998636	trials	19	s019_F191219	grCe_grSu6CiNe_PS	19	45.0	6	1602.642	1602.94
1602.95	0.8999999999998636	trials	19	s019_F191219	grCe_grSu12SmCiNe_PS	21	270.0	6	1603.25	1603.549
1603.559	0.8999999999998636	trials	19	s019_F191219	grCe_grSu6Ne_PS	18	270.0	6	1603.859	1604.157
1604.159	0.8999999999998636	trials	19	s019_F191219	coCe	16	0.0	6	1604.459	1604.757
1611.018	0.8999999999998636	trials	19	s019_F191219	grCe	1	45.0	6	1611.318	1611.617
1611.627	0.8999999999998636	trials	19	s019_F191219	grCe_grSu12SmCiNe_PS	21	90.0	6	1611.927	1612.225
1616.6190000000001	0.8999999999998636	trials	19	s019_F191219	grCe_grSu1Ne	3	225.0	6	1616.919	1617.218
1617.228	0.8999999999998636	trials	19	s019_F191219	grCe_grSu6CiNe	15	180.0	6	1617.528	1617.826
1623.871	0.8999999999998636	trials	19	s019_F191219	grCe_grSu6CiNe	15	270.0	6	1624.171	1624.469
1624.479	0.8999999999998636	trials	19	s019_F191219	grCe_grSu3Ne	5	135.0	6	1624.779	1625.078
1625.079	0.8999999999998636	trials	19	s019_F191219	NoStim	0		5	1625.379	1625.678
1632.3890000000001	0.8999999999998636	trials	19	s019_F191219	grCe_grSu6Ne_PS	18	45.0	5	1632.689	1632.987
1633.606	0.8999999999998636	trials	19	s019_F191219	grCe_grSu6Ne	7	315.0	5	1633.906	1634.204
1634.214	0.8999999999998636	trials	19	s019_F191219	grCe_grSu3Ne	5	45.0	5	1634.514	1634.813
1645.4750000000001	0.8999999999998636	trials	19	s019_F191219	grCe_grSu3Ne	5	90.0	5	1645.775	1646.073
1646.092	0.8999999999998636	trials	19	s019_F191219	grCe_grSu12Mi	9	315.0	5	1646.392	1646.69
1646.7	0.8999999999998636	trials	19	s019_F191219	grSu3Ne	4		5	1647.0	1647.298
1647.308	0.8999999999998636	trials	19	s019_F191219	grCe_grSu12SmCiNe_PS	21	0.0	5	1647.608	1647.907
1654.16	0.8999999999998636	trials	19	s019_F191219	grCe_grSu18Fa	11	135.0	5	1654.46	1654.758
1656.002	0.8999999999998636	trials	19	s019_F191219	grCe_grSu18Fa	11	180.0	5	1656.302	1656.6
1663.653	0.8999999999998636	trials	19	s019_F191219	grCe_grSu6CiNe	15	225.0	5	1663.953	1664.252
1664.8700000000001	0.8999999999998636	trials	19	s019_F191219	coSu6Ne	20		5	1665.17	1665.469
1672.7630000000001	0.8999999999998636	trials	19	s019_F191219	grSu1Ne	2		5	1673.063	1673.362
1676.7640000000001	0.8999999999998636	trials	19	s019_F191219	grCe_grSu6CiNe	15	315.0	5	1677.064	1677.362
1677.372	0.8999999999998636	trials	19	s019_F191219	grCe_grSu6Ne_PS	18	90.0	5	1677.672	1677.971
1677.981	0.8999999999998636	trials	19	s019_F191219	grCe_grSu12SmCiNe_PS	21	315.0	5	1678.281	1678.579
1678.606	0.8999999999998636	trials	19	s019_F191219	grCe_grSu18Fa	11	225.0	5	1678.906	1679.204
1691.4	0.8999999999998636	trials	19	s019_F191219	coCe	16	45.0	5	1691.7	1691.998
1692.008	0.8999999999998636	trials	19	s019_F191219	grCe_grSu3Ne	5	225.0	5	1692.308	1692.607
1692.6090000000002	0.8999999999998636	trials	19	s019_F191219	grCe	1	270.0	5	1692.909	1693.207
1699.2930000000001	0.8999999999998636	trials	19	s019_F191219	grCe_grSu6Ne	7	45.0	5	1699.593	1699.892
1699.902	0.8999999999998636	trials	19	s019_F191219	grCe_grSu6Ne_PS	18	0.0	5	1700.202	1700.5
1700.51	0.8999999999998636	trials	19	s019_F191219	grCe_grSu6Ne	7	225.0	5	1700.81	1701.108
1701.1190000000001	0.8999999999998636	trials	19	s019_F191219	coCe	16	315.0	5	1701.419	1701.717
1712.837	0.8999999999998636	trials	19	s019_F191219	grCe_grSu12Mi	9	90.0	5	1713.137	1713.436
1713.4460000000001	0.8999999999998636	trials	19	s019_F191219	grCe_grSu12SmCiNe_PS	21	270.0	5	1713.746	1714.044
1714.046	0.8999999999998636	trials	19	s019_F191219	grCe	1	225.0	5	1714.346	1714.644
1714.654	0.8999999999998636	trials	19	s019_F191219	grSu6CiNe	14		5	1714.954	1715.253
1721.497	0.8999999999998636	trials	19	s019_F191219	grCe_grSu12SmCiNe	13	90.0	5	1721.797	1722.096
1722.7060000000001	0.8999999999998636	trials	19	s019_F191219	coCe	16	225.0	5	1723.006	1723.304
1730.941	0.8999999999998636	trials	19	s019_F191219	coCe	16	0.0	5	1731.241	1731.539
1731.549	0.8999999999998636	trials	19	s019_F191219	grSu12SmCiNe	12		5	1731.849	1732.148
1732.1580000000001	0.8999999999998636	trials	19	s019_F191219	grCe_grSu3Ne	5	0.0	5	1732.458	1732.756
1739.967	0.8999999999998636	trials	19	s019_F191219	coCe_grSu6Ne	17	90.0	5	1740.267	1740.566
1740.576	0.8999999999998636	trials	19	s019_F191219	grCe_grSu3Ne	5	270.0	5	1740.876	1741.174
1741.184	0.8999999999998636	trials	19	s019_F191219	grCe_grSu6CiNe_PS	19	135.0	5	1741.484	1741.783
1741.7930000000001	0.8999999999998636	trials	19	s019_F191219	grCe_grSu6Ne_PS	18	135.0	5	1742.093	1742.391
1748.877	0.8999999999998636	trials	19	s019_F191219	grCe_grSu6CiNe	15	45.0	5	1749.177	1749.476
1749.478	0.8999999999998636	trials	19	s019_F191219	coCe	16	180.0	5	1749.778	1750.076
1750.694	0.8999999999998636	trials	19	s019_F191219	grCe_grSu12SmCiNe_PS	21	90.0	5	1750.994	1751.293
1797.7450000000001	0.8999999999998636	trials	19	s019_F191219	grCe_grSu6CiNe	15	270.0	5	1798.045	1798.343
1798.353	0.8999999999998636	trials	19	s019_F191219	grCe_grSu12SmCiNe	13	45.0	5	1798.653	1798.952
1802.587	0.8999999999998636	trials	19	s019_F191219	grCe_grSu1Ne	3	45.0	5	1802.887	1803.186
1807.605	0.8999999999998636	trials	19	s019_F191219	grCe_grSu3Ne	5	135.0	5	1807.905	1808.203
1808.23	0.8999999999998636	trials	19	s019_F191219	grCe_grSu18Fa	11	90.0	5	1808.53	1808.829
1812.448	0.8999999999998636	trials	19	s019_F191219	coCe_grSu6Ne	17	135.0	5	1812.748	1813.046
1813.056	0.8999999999998636	trials	19	s019_F191219	grCe_grSu1Ne	3	270.0	5	1813.356	1813.654
1816.982	0.8999999999998636	trials	19	s019_F191219	coCe_grSu6Ne	17	0.0	5	1817.282	1817.58
1817.582	0.8999999999998636	trials	19	s019_F191219	grCe	1	45.0	5	1817.882	1818.18
1818.19	0.8999999999998636	trials	19	s019_F191219	grCe_grSu6CiNe	15	135.0	5	1818.49	1818.789
1818.799	0.8999999999998636	trials	19	s019_F191219	grCe_grSu6Ne	7	180.0	5	1819.099	1819.397
1829.851	0.8999999999998636	trials	19	s019_F191219	coCe_grSu6Ne	17	180.0	5	1830.151	1830.449
1830.459	0.8999999999998636	trials	19	s019_F191219	grCe	1	135.0	5	1830.759	1831.058
1831.6760000000002	0.8999999999998636	trials	19	s019_F191219	grCe_grSu6CiNe_PS	19	225.0	5	1831.976	1832.275
1839.044	0.8999999999998636	trials	19	s019_F191219	coCe_grSu6Ne	17	270.0	5	1839.344	1839.643
1846.404	0.8999999999998636	trials	19	s019_F191219	grCe_grSu6Ne	7	270.0	5	1846.704	1847.002
1847.012	0.8999999999998636	trials	19	s019_F191219	grCe_grSu12SmCiNe	13	135.0	5	1847.312	1847.611
1847.6290000000001	0.8999999999998636	trials	19	s019_F191219	grCe_grSu12Mi	9	180.0	5	1847.929	1848.228
1848.238	0.8999999999998636	trials	19	s019_F191219	grCe_grSu12SmCiNe	13	180.0	5	1848.538	1848.836
1855.0140000000001	0.8999999999998636	trials	19	s019_F191219	grCe_grSu18Fa	11	315.0	5	1855.314	1855.612
1858.948	0.8999999999998636	trials	19	s019_F191219	grCe_grSu12SmCiNe_PS	21	45.0	5	1859.248	1859.546
1859.548	0.8999999999998636	trials	19	s019_F191219	grCe	1	90.0	5	1859.848	1860.146
1860.156	0.8999999999998636	trials	19	s019_F191219	grCe_grSu6Ne_PS	18	180.0	5	1860.456	1860.755
1868.458	0.8999999999998636	trials	19	s019_F191219	grCe_grSu12Mi	9	225.0	5	1868.758	1869.056
1869.066	0.8999999999998636	trials	19	s019_F191219	grCe_grSu6Ne_PS	18	270.0	5	1869.366	1869.665
1875.784	0.8999999999998636	trials	19	s019_F191219	grCe_grSu12SmCiNe	13	270.0	5	1876.084	1876.383
1876.384	0.8999999999998636	trials	19	s019_F191219	grCe	1	180.0	5	1876.684	1876.983
1876.9850000000001	0.8999999999998636	trials	19	s019_F191219	coCe	16	135.0	5	1877.285	1877.583
1877.593	0.8999999999998636	trials	19	s019_F191219	grSu6Ne	6		5	1877.893	1878.191
1884.328	0.8999999999998636	trials	19	s019_F191219	grCe_grSu6CiNe_PS	19	180.0	5	1884.628	1884.926
1884.9360000000001	0.8999999999998636	trials	19	s019_F191219	grCe_grSu6Ne	7	0.0	5	1885.236	1885.534
1885.545	0.8999999999998636	trials	19	s019_F191219	grCe_grSu12SmCiNe_PS	21	180.0	5	1885.845	1886.143
1893.279	0.8999999999998636	trials	19	s019_F191219	grCe	1	0.0	5	1893.579	1893.878
1893.8880000000001	0.8999999999998636	trials	19	s019_F191219	grCe_grSu3Ne	5	315.0	5	1894.188	1894.486
1894.496	0.8999999999998636	trials	19	s019_F191219	grCe_grSu6CiNe_PS	19	0.0	5	1894.796	1895.095
1895.113	0.8999999999998636	trials	19	s019_F191219	grCe_grSu12Mi	9	0.0	5	1895.413	1895.711
1902.098	0.8999999999998636	trials	19	s019_F191219	grCe_grSu12SmCiNe	13	225.0	5	1902.398	1902.696
1902.7060000000001	0.8999999999998636	trials	19	s019_F191219	grCe_grSu1Ne	3	315.0	5	1903.006	1903.304
1903.323	0.8999999999998636	trials	19	s019_F191219	grCe_grSu12Mi	9	135.0	5	1903.623	1903.921
1915.192	0.8999999999998636	trials	19	s019_F191219	grCe_grSu1Ne	3	180.0	5	1915.492	1915.79
1915.817	0.8999999999998636	trials	19	s019_F191219	grCe_grSu18Fa	11	270.0	5	1916.117	1916.415
1916.425	0.8999999999998636	trials	19	s019_F191219	grCe_grSu1Ne	3	225.0	5	1916.725	1917.024
1920.827	0.8999999999998636	trials	19	s019_F191219	grCe_grSu6Ne	7	90.0	5	1921.127	1921.425
1921.4360000000001	0.8999999999998636	trials	19	s019_F191219	grCe_grSu6CiNe	15	0.0	5	1921.736	1922.034
1922.044	0.8999999999998636	trials	19	s019_F191219	coCe	16	90.0	5	1922.344	1922.642
1929.22	0.8999999999998636	trials	19	s019_F191219	grCe_grSu12SmCiNe	13	315.0	5	1929.52	1929.819
1929.829	0.8999999999998636	trials	19	s019_F191219	grSu12Mi	8		5	1930.129	1930.427
1930.4370000000001	0.8999999999998636	trials	19	s019_F191219	grCe_grSu6CiNe_PS	19	90.0	5	1930.737	1931.036
1931.046	0.8999999999998636	trials	19	s019_F191219	coCe_grSu6Ne	17	225.0	5	1931.346	1931.644
1937.73	0.8999999999998636	trials	19	s019_F191219	grCe_grSu6CiNe_PS	19	45.0	5	1938.03	1938.329
1938.355	0.8999999999998636	trials	19	s019_F191219	grCe_grSu18Fa	11	45.0	5	1938.655	1938.954
1938.964	0.8999999999998636	trials	19	s019_F191219	grCe_grSu6Ne	7	135.0	5	1939.264	1939.562
1942.739	0.8999999999998636	trials	19	s019_F191219	grCe_grSu12Mi	9	45.0	5	1943.039	1943.338
1943.365	0.8999999999998636	trials	19	s019_F191219	grCe_grSu18Fa	11	0.0	5	1943.665	1943.963
1943.973	0.8999999999998636	trials	19	s019_F191219	grCe_grSu1Ne	3	135.0	5	1944.273	1944.571
1944.582	0.8999999999998636	trials	19	s019_F191219	grCe_grSu12SmCiNe_PS	21	135.0	5	1944.882	1945.18
1952.166	0.8999999999998636	trials	19	s019_F191219	grCe_grSu12Mi	9	270.0	5	1952.466	1952.765
1953.391	0.8999999999998636	trials	19	s019_F191219	grSu18Fa	10		5	1953.691	1953.99
1954.0	0.8999999999998636	trials	19	s019_F191219	grCe_grSu6CiNe	15	180.0	5	1954.3	1954.598
1975.6290000000001	0.8999999999998636	trials	19	s019_F191219	grCe_grSu6CiNe	15	90.0	5	1975.929	1976.227
1976.237	0.8999999999998636	trials	19	s019_F191219	grCe	1	315.0	5	1976.537	1976.836
1976.846	0.8999999999998636	trials	19	s019_F191219	grCe_grSu12SmCiNe_PS	21	225.0	5	1977.146	1977.444
1977.454	0.8999999999998636	trials	19	s019_F191219	grCe_grSu6CiNe_PS	19	315.0	5	1977.754	1978.053
1988.806	0.8999999999998636	trials	19	s019_F191219	grCe_grSu3Ne	5	180.0	5	1989.106	1989.405
1989.415	0.8999999999998636	trials	19	s019_F191219	grCe_grSu6Ne_PS	18	315.0	5	1989.715	1990.013
1990.0230000000001	0.8999999999998636	trials	19	s019_F191219	grCe_grSu1Ne	3	0.0	5	1990.323	1990.622
1997.4750000000001	0.8999999999998636	trials	19	s019_F191219	grCe_grSu6CiNe_PS	19	270.0	5	1997.775	1998.073
1998.083	0.8999999999998636	trials	19	s019_F191219	grCe_grSu6Ne_PS	18	225.0	5	1998.383	1998.682
1998.692	0.8999999999998636	trials	19	s019_F191219	coCe_grSu6Ne	17	315.0	5	1998.992	1999.29
1999.3	0.8999999999998636	trials	19	s019_F191219	coCe	16	270.0	5	1999.6	1999.898
2006.701	0.8999999999998636	trials	19	s019_F191219	coCe_grSu6Ne	17	45.0	5	2007.001	2007.3
2010.71	0.8999999999998636	trials	19	s019_F191219	grCe_grSu1Ne	3	90.0	5	2011.01	2011.309
2011.319	0.8999999999998636	trials	19	s019_F191219	grCe_grSu12SmCiNe	13	0.0	5	2011.619	2011.917
2012.544	0.8999999999998636	trials	19	s019_F191219	grSu18Fa	10		3	2012.844	2013.143
2021.521	0.8999999999998636	trials	19	s019_F191219	grSu12SmCiNe	12		3	2021.821	2022.119
2022.738	0.8999999999998636	trials	19	s019_F191219	grSu6CiNe	14		3	2023.038	2023.336
2029.439	0.8999999999998636	trials	19	s019_F191219	grCe_grSu12SmCiNe_PS	21	270.0	3	2029.739	2030.037
2034.056	0.8999999999998636	trials	19	s019_F191219	grCe_grSu6Ne	7	135.0	3	2034.356	2034.655
2037.816	0.8999999999998636	trials	19	s019_F191219	grCe_grSu3Ne	5	90.0	3	2038.116	2038.414
2042.2160000000001	0.8999999999998636	trials	19	s019_F191219	grCe_grSu6CiNe_PS	19	135.0	3	2042.516	2042.815
2045.867	0.8999999999998636	trials	19	s019_F191219	grCe_grSu12SmCiNe_PS	21	315.0	3	2046.167	2046.465
2047.084	0.8999999999998636	trials	19	s019_F191219	coCe_grSu6Ne	17	180.0	3	2047.384	2047.682
2047.692	0.900000000000091	trials	19	s019_F191219	grCe_grSu12SmCiNe	13	135.0	3	2047.992	2048.291
2056.5519999999997	0.900000000000091	trials	19	s019_F191219	grCe	1	45.0	3	2056.852	2057.151
2057.169	0.900000000000091	trials	19	s019_F191219	grCe_grSu12Mi	9	0.0	3	2057.469	2057.768
2064.504	0.900000000000091	trials	19	s019_F191219	grCe_grSu6CiNe	15	135.0	3	2064.804	2065.102
2065.721	0.900000000000091	trials	19	s019_F191219	grCe_grSu6Ne_PS	18	135.0	3	2066.021	2066.319
2073.4049999999997	0.900000000000091	trials	19	s019_F191219	grCe_grSu6CiNe	15	0.0	3	2073.705	2074.004
2074.0139999999997	0.900000000000091	trials	19	s019_F191219	coCe	16	180.0	3	2074.314	2074.612
2074.6389999999997	0.900000000000091	trials	19	s019_F191219	grCe_grSu18Fa	11	90.0	3	2074.939	2075.237
2075.2479999999996	0.900000000000091	trials	19	s019_F191219	grSu6Ne	6		3	2075.548	2075.846
2081.9399999999996	0.900000000000091	trials	19	s019_F191219	grCe_grSu3Ne	5	135.0	3	2082.24	2082.539
2082.549	0.900000000000091	trials	19	s019_F191219	grCe_grSu1Ne	3	315.0	3	2082.849	2083.147
2083.7659999999996	0.900000000000091	trials	19	s019_F191219	coCe_grSu6Ne	17	135.0	3	2084.066	2084.364
2090.634	0.900000000000091	trials	19	s019_F191219	grCe_grSu1Ne	3	90.0	3	2090.934	2091.232
2091.8509999999997	0.900000000000091	trials	19	s019_F191219	grCe_grSu3Ne	5	270.0	3	2092.151	2092.449
2092.459	0.900000000000091	trials	19	s019_F191219	grCe	1	270.0	3	2092.759	2093.057
2099.16	0.900000000000091	trials	19	s019_F191219	grCe_grSu12SmCiNe_PS	21	45.0	3	2099.46	2099.759
2099.769	0.900000000000091	trials	19	s019_F191219	grCe_grSu6Ne_PS	18	45.0	3	2100.069	2100.367
2100.394	0.900000000000091	trials	19	s019_F191219	grCe_grSu18Fa	11	270.0	3	2100.694	2100.992
2107.745	0.900000000000091	trials	19	s019_F191219	grCe_grSu18Fa	11	315.0	3	2108.045	2108.344
2117.7219999999998	0.900000000000091	trials	19	s019_F191219	grCe_grSu12Mi	9	180.0	3	2118.022	2118.32
2118.939	0.900000000000091	trials	19	s019_F191219	grCe_grSu3Ne	5	225.0	3	2119.239	2119.537
2119.547	0.900000000000091	trials	19	s019_F191219	grCe	1	315.0	3	2119.847	2120.146
2157.913	0.900000000000091	trials	19	s019_F191219	grCe_grSu18Fa	11	180.0	3	2158.213	2158.511
2165.2729999999997	0.900000000000091	trials	19	s019_F191219	grCe_grSu12SmCiNe	13	45.0	3	2165.573	2165.871
2165.881	0.900000000000091	trials	19	s019_F191219	grCe_grSu6Ne	7	315.0	3	2166.181	2166.479
2166.489	0.900000000000091	trials	19	s019_F191219	grCe_grSu12SmCiNe_PS	21	90.0	3	2166.789	2167.088
2167.098	0.900000000000091	trials	19	s019_F191219	grCe_grSu1Ne	3	0.0	3	2167.398	2167.696
2175.2079999999996	0.900000000000091	trials	19	s019_F191219	grCe_grSu12Mi	9	270.0	3	2175.508	2175.806
2175.816	0.900000000000091	trials	19	s019_F191219	grCe_grSu6CiNe_PS	19	90.0	3	2176.116	2176.415
2176.4249999999997	0.900000000000091	trials	19	s019_F191219	grCe_grSu6Ne	7	45.0	3	2176.725	2177.023
2177.0409999999997	0.900000000000091	trials	19	s019_F191219	grCe_grSu12Mi	9	90.0	3	2177.341	2177.64
2188.41	0.900000000000091	trials	19	s019_F191219	grCe_grSu6Ne_PS	18	270.0	3	2188.71	2189.009
2189.0099999999998	0.900000000000091	trials	19	s019_F191219	NoStim	0		3	2189.31	2189.609
2189.6189999999997	0.900000000000091	trials	19	s019_F191219	grCe_grSu12SmCiNe	13	270.0	3	2189.919	2190.217
2190.227	0.900000000000091	trials	19	s019_F191219	grCe_grSu6Ne_PS	18	225.0	3	2190.527	2190.826
2197.3289999999997	0.900000000000091	trials	19	s019_F191219	grCe_grSu3Ne	5	315.0	3	2197.629	2197.927
2197.937	0.900000000000091	trials	19	s019_F191219	grCe_grSu6Ne_PS	18	90.0	3	2198.237	2198.535
2198.5449999999996	0.900000000000091	trials	19	s019_F191219	grCe_grSu12SmCiNe_PS	21	180.0	3	2198.845	2199.144
2199.154	0.900000000000091	trials	19	s019_F191219	grCe_grSu6CiNe_PS	19	0.0	3	2199.454	2199.752
2205.888	0.900000000000091	trials	19	s019_F191219	coCe	16	225.0	3	2206.188	2206.487
2206.497	0.900000000000091	trials	19	s019_F191219	grCe_grSu6CiNe	15	45.0	3	2206.797	2207.095
2210.098	0.900000000000091	trials	19	s019_F191219	grCe_grSu6Ne	7	270.0	3	2210.398	2210.696
2210.698	0.900000000000091	trials	19	s019_F191219	coCe	16	45.0	3	2210.998	2211.296
2211.306	0.900000000000091	trials	19	s019_F191219	grCe_grSu1Ne	3	135.0	3	2211.606	2211.905
2223.5829999999996	0.900000000000091	trials	19	s019_F191219	grCe_grSu3Ne	5	45.0	3	2223.883	2224.182
2224.7999999999997	0.900000000000091	trials	19	s019_F191219	grCe_grSu12SmCiNe	13	0.0	3	2225.1	2225.399
2232.0519999999997	0.900000000000091	trials	19	s019_F191219	grCe_grSu6CiNe_PS	19	315.0	3	2232.352	2232.65
2232.66	0.900000000000091	trials	19	s019_F191219	grCe_grSu6Ne	7	225.0	3	2232.96	2233.259
2233.2599999999998	0.900000000000091	trials	19	s019_F191219	grCe	1	135.0	3	2233.56	2233.859
2239.9779999999996	0.900000000000091	trials	19	s019_F191219	grCe_grSu6CiNe_PS	19	270.0	3	2240.278	2240.577
2240.587	0.900000000000091	trials	19	s019_F191219	grCe_grSu6CiNe_PS	19	45.0	3	2240.887	2241.185
2241.1949999999997	0.900000000000091	trials	19	s019_F191219	grCe_grSu6CiNe_PS	19	180.0	3	2241.495	2241.793
2248.571	0.900000000000091	trials	19	s019_F191219	grCe_grSu1Ne	3	270.0	3	2248.871	2249.17
2249.18	0.900000000000091	trials	19	s019_F191219	grCe_grSu6CiNe	15	315.0	3	2249.48	2249.778
2249.788	0.900000000000091	trials	19	s019_F191219	grCe_grSu12SmCiNe	13	90.0	3	2250.088	2250.387
2250.397	0.900000000000091	trials	19	s019_F191219	grCe_grSu12SmCiNe	13	315.0	3	2250.697	2250.995
2257.1059999999998	0.900000000000091	trials	19	s019_F191219	coCe	16	270.0	3	2257.406	2257.705
2257.7149999999997	0.900000000000091	trials	19	s019_F191219	coCe_grSu6Ne	17	0.0	3	2258.015	2258.313
2265.591	0.900000000000091	trials	19	s019_F191219	grCe_grSu3Ne	5	0.0	3	2265.891	2266.19
2266.2	0.900000000000091	trials	19	s019_F191219	grCe_grSu6CiNe	15	270.0	3	2266.5	2266.798
2266.808	0.900000000000091	trials	19	s019_F191219	grCe_grSu6CiNe	15	225.0	3	2267.108	2267.407
2270.826	0.900000000000091	trials	19	s019_F191219	grCe_grSu6Ne	7	0.0	3	2271.126	2271.424
2271.426	0.900000000000091	trials	19	s019_F191219	coCe	16	90.0	3	2271.726	2272.024
2272.0339999999997	0.900000000000091	trials	19	s019_F191219	grCe_grSu3Ne	5	180.0	3	2272.334	2272.633
2285.053	0.900000000000091	trials	19	s019_F191219	coCe_grSu6Ne	17	45.0	3	2285.353	2285.652
2285.653	0.900000000000091	trials	19	s019_F191219	grCe	1	90.0	3	2285.953	2286.252
2290.029	0.900000000000091	trials	19	s019_F191219	grCe	1	225.0	3	2290.329	2290.628
2290.654	0.900000000000091	trials	19	s019_F191219	grCe_grSu18Fa	11	135.0	3	2290.954	2291.253
2294.363	0.900000000000091	trials	19	s019_F191219	grCe	1	180.0	3	2294.663	2294.962
2294.9719999999998	0.900000000000091	trials	19	s019_F191219	coCe_grSu6Ne	17	225.0	3	2295.272	2295.57
2295.58	0.900000000000091	trials	19	s019_F191219	grCe_grSu12SmCiNe	13	180.0	3	2295.88	2296.179
2296.189	0.900000000000091	trials	19	s019_F191219	grSu3Ne	4		3	2296.489	2296.787
2331.27	0.900000000000091	trials	19	s019_F191219	grCe_grSu12Mi	9	315.0	3	2331.57	2331.869
2331.879	0.900000000000091	trials	19	s019_F191219	grCe_grSu12SmCiNe	13	225.0	3	2332.179	2332.477
2332.495	0.900000000000091	trials	19	s019_F191219	grCe_grSu12Mi	9	225.0	3	2332.795	2333.094
2336.788	0.900000000000091	trials	19	s019_F191219	grCe_grSu18Fa	11	225.0	3	2337.088	2337.386
2337.3959999999997	0.900000000000091	trials	19	s019_F191219	grCe_grSu6Ne	7	180.0	3	2337.696	2337.995
2338.0209999999997	0.900000000000091	trials	19	s019_F191219	grCe_grSu18Fa	11	45.0	3	2338.321	2338.62
2338.6299999999997	0.900000000000091	trials	19	s019_F191219	grCe_grSu1Ne	3	45.0	3	2338.93	2339.228
2345.848	0.900000000000091	trials	19	s019_F191219	grCe_grSu6Ne_PS	18	180.0	3	2346.148	2346.446
2346.4559999999997	0.900000000000091	trials	19	s019_F191219	grCe_grSu6CiNe	15	90.0	3	2346.756	2347.055
2347.073	0.900000000000091	trials	19	s019_F191219	grCe_grSu12Mi	9	135.0	3	2347.373	2347.672
2347.682	0.900000000000091	trials	19	s019_F191219	grSu1Ne	2		3	2347.982	2348.28
2355.225	0.900000000000091	trials	19	s019_F191219	coCe	16	0.0	3	2355.525	2355.823
2355.8329999999996	0.900000000000091	trials	19	s019_F191219	grCe_grSu6CiNe_PS	19	225.0	3	2356.133	2356.432
2356.442	0.900000000000091	trials	19	s019_F191219	grCe_grSu6Ne_PS	18	0.0	3	2356.742	2357.04
2357.067	0.900000000000091	trials	19	s019_F191219	grCe_grSu18Fa	11	0.0	3	2357.367	2357.665
2364.218	0.900000000000091	trials	19	s019_F191219	grSu12Mi	8		3	2364.518	2364.816
2364.8179999999998	0.900000000000091	trials	19	s019_F191219	grCe	1	0.0	3	2365.118	2365.417
2382.555	0.900000000000091	trials	19	s019_F191219	grCe_grSu6CiNe	15	180.0	3	2382.855	2383.153
2383.163	0.900000000000091	trials	19	s019_F191219	grCe_grSu12SmCiNe_PS	21	135.0	3	2383.463	2383.762
2383.772	0.900000000000091	trials	19	s019_F191219	grCe_grSu12SmCiNe_PS	21	0.0	3	2384.072	2384.37
2384.3799999999997	0.900000000000091	trials	19	s019_F191219	grCe_grSu12SmCiNe_PS	21	225.0	3	2384.68	2384.978
2396.174	0.900000000000091	trials	19	s019_F191219	coCe	16	135.0	3	2396.474	2396.772
2396.7819999999997	0.900000000000091	trials	19	s019_F191219	coCe_grSu6Ne	17	270.0	3	2397.082	2397.381
2397.3909999999996	0.900000000000091	trials	19	s019_F191219	coCe	16	315.0	3	2397.691	2397.989
2397.999	0.900000000000091	trials	19	s019_F191219	coSu6Ne	20		3	2398.299	2398.598
2404.734	0.900000000000091	trials	19	s019_F191219	grCe_grSu6Ne	7	90.0	3	2405.034	2405.332
2405.3509999999997	0.900000000000091	trials	19	s019_F191219	grCe_grSu12Mi	9	45.0	3	2405.651	2405.949
2405.959	0.900000000000091	trials	19	s019_F191219	grCe_grSu1Ne	3	180.0	3	2406.259	2406.558
2406.5679999999998	0.900000000000091	trials	19	s019_F191219	grCe_grSu1Ne	3	225.0	3	2406.868	2407.166
2430.089	0.900000000000091	trials	19	s019_F191219	grCe_grSu6Ne_PS	18	315.0	3	2430.389	2430.687
2430.6969999999997	0.900000000000091	trials	19	s019_F191219	coCe_grSu6Ne	17	315.0	3	2430.997	2431.295
2434.506	0.900000000000091	trials	19	s019_F191219	coCe_grSu6Ne	17	90.0	3	2434.806	2435.104
2435.115	0.900000000000091	trials	19	s019_F191219	grCe_grSu3Ne	5	180.0	4	2435.415	2435.713
2435.723	0.900000000000091	trials	19	s019_F191219	grCe_grSu3Ne	5	225.0	4	2436.023	2436.321
2436.3309999999997	0.900000000000091	trials	19	s019_F191219	grSu12Mi	8		4	2436.631	2436.93
2442.908	0.900000000000091	trials	19	s019_F191219	grCe_grSu18Fa	11	225.0	4	2443.208	2443.506
2443.5159999999996	0.900000000000091	trials	19	s019_F191219	grCe_grSu6CiNe	15	180.0	4	2443.816	2444.115
2444.125	0.900000000000091	trials	19	s019_F191219	grCe_grSu1Ne	3	135.0	4	2444.425	2444.723
2444.725	0.900000000000091	trials	19	s019_F191219	coCe	16	0.0	4	2445.025	2445.323
2452.7929999999997	0.900000000000091	trials	19	s019_F191219	grCe_grSu12SmCiNe_PS	21	135.0	4	2453.093	2453.391
2454.026	0.900000000000091	trials	19	s019_F191219	grCe_grSu18Fa	11	90.0	4	2454.326	2454.625
2461.069	0.900000000000091	trials	19	s019_F191219	grCe_grSu12SmCiNe	13	225.0	4	2461.369	2461.668
2461.6859999999997	0.900000000000091	trials	19	s019_F191219	grCe_grSu12Mi	9	270.0	4	2461.986	2462.285
2462.2949999999996	0.900000000000091	trials	19	s019_F191219	grCe_grSu6Ne	7	225.0	4	2462.595	2462.893
2473.547	0.900000000000091	trials	19	s019_F191219	grCe_grSu6CiNe	15	225.0	4	2473.847	2474.145
2474.1549999999997	0.900000000000091	trials	19	s019_F191219	grCe_grSu6Ne_PS	18	0.0	4	2474.455	2474.754
2474.7639999999997	0.900000000000091	trials	19	s019_F191219	grCe_grSu6Ne_PS	18	180.0	4	2475.064	2475.362
2475.364	0.900000000000091	trials	19	s019_F191219	grCe	1	225.0	4	2475.664	2475.962
2482.832	0.900000000000091	trials	19	s019_F191219	grCe_grSu18Fa	11	315.0	4	2483.132	2483.43
2483.4399999999996	0.900000000000091	trials	19	s019_F191219	grCe_grSu12SmCiNe	13	90.0	4	2483.74	2484.039
2484.049	0.900000000000091	trials	19	s019_F191219	grCe_grSu6Ne_PS	18	270.0	4	2484.349	2484.647
2484.665	0.900000000000091	trials	19	s019_F191219	grCe_grSu12Mi	9	315.0	4	2484.965	2485.264
2506.6859999999997	0.900000000000091	trials	19	s019_F191219	grSu12SmCiNe	12		4	2506.986	2507.285
2507.2949999999996	0.900000000000091	trials	19	s019_F191219	grCe_grSu6CiNe_PS	19	45.0	4	2507.595	2507.893
2508.5029999999997	0.900000000000091	trials	19	s019_F191219	coCe	16	180.0	4	2508.803	2509.102
2516.546	0.900000000000091	trials	19	s019_F191219	coCe	16	45.0	4	2516.846	2517.145
2517.1549999999997	0.900000000000091	trials	19	s019_F191219	coSu6Ne	20		4	2517.455	2517.753
2523.8729999999996	0.900000000000091	trials	19	s019_F191219	grCe_grSu6Ne_PS	18	315.0	4	2524.173	2524.471
2524.4809999999998	0.900000000000091	trials	19	s019_F191219	grCe_grSu6CiNe_PS	19	90.0	4	2524.781	2525.08
2525.098	0.900000000000091	trials	19	s019_F191219	grCe_grSu12Mi	9	45.0	4	2525.398	2525.696
2525.7059999999997	0.900000000000091	trials	19	s019_F191219	grCe_grSu6Ne	7	45.0	4	2526.006	2526.305
2558.538	0.900000000000091	trials	19	s019_F191219	grCe_grSu1Ne	3	315.0	4	2558.838	2559.136
2559.754	0.900000000000091	trials	19	s019_F191219	coCe_grSu6Ne	17	0.0	4	2560.054	2560.353
2560.363	0.900000000000091	trials	19	s019_F191219	grCe_grSu6Ne_PS	18	225.0	4	2560.663	2560.961
2568.473	0.900000000000091	trials	19	s019_F191219	grCe	1	90.0	4	2568.773	2569.071
2569.6899999999996	0.900000000000091	trials	19	s019_F191219	grCe_grSu3Ne	5	135.0	4	2569.99	2570.288
2600.7369999999996	0.900000000000091	trials	19	s019_F191219	grCe_grSu3Ne	5	315.0	4	2601.037	2601.335
2601.9539999999997	0.900000000000091	trials	19	s019_F191219	grCe_grSu12SmCiNe	13	135.0	4	2602.254	2602.552
2607.0049999999997	0.900000000000091	trials	19	s019_F191219	coCe	16	135.0	4	2607.305	2607.603
2607.613	0.900000000000091	trials	19	s019_F191219	grCe_grSu6CiNe	15	45.0	4	2607.913	2608.212
2608.2219999999998	0.900000000000091	trials	19	s019_F191219	grCe_grSu6Ne_PS	18	45.0	4	2608.522	2608.82
2615.006	0.900000000000091	trials	19	s019_F191219	grCe_grSu1Ne	3	90.0	4	2615.306	2615.605
2615.615	0.900000000000091	trials	19	s019_F191219	grCe_grSu12SmCiNe_PS	21	90.0	4	2615.915	2616.213
2616.223	0.900000000000091	trials	19	s019_F191219	grCe_grSu6CiNe	15	315.0	4	2616.523	2616.822
2616.832	0.900000000000091	trials	19	s019_F191219	grCe_grSu6CiNe	15	135.0	4	2617.132	2617.43
2633.4179999999997	0.900000000000091	trials	19	s019_F191219	coCe	16	270.0	4	2633.718	2634.017
2637.394	0.900000000000091	trials	19	s019_F191219	grCe	1	270.0	4	2637.694	2637.992
2638.611	0.900000000000091	trials	19	s019_F191219	grCe_grSu6CiNe	15	90.0	4	2638.911	2639.209
2639.2279999999996	0.900000000000091	trials	19	s019_F191219	grCe_grSu12Mi	9	135.0	4	2639.528	2639.826
2679.9519999999998	0.900000000000091	trials	19	s019_F191219	grCe_grSu1Ne	3	0.0	4	2680.252	2680.55
2680.5769999999998	0.900000000000091	trials	19	s019_F191219	grCe_grSu18Fa	11	45.0	4	2680.877	2681.175
2681.185	0.900000000000091	trials	19	s019_F191219	grCe_grSu6CiNe_PS	19	180.0	4	2681.485	2681.784
2737.988	0.900000000000091	trials	19	s019_F191219	grCe	1	45.0	4	2738.288	2738.586
2738.596	0.900000000000091	trials	19	s019_F191219	grCe_grSu12SmCiNe_PS	21	270.0	4	2738.896	2739.194
2739.2039999999997	0.900000000000091	trials	19	s019_F191219	grCe_grSu6Ne	7	90.0	4	2739.504	2739.803
2739.8129999999996	0.900000000000091	trials	19	s019_F191219	grCe_grSu6CiNe_PS	19	315.0	4	2740.113	2740.411
2748.4649999999997	0.900000000000091	trials	19	s019_F191219	grCe_grSu12SmCiNe_PS	21	315.0	4	2748.765	2749.063
2749.0899999999997	0.900000000000091	trials	19	s019_F191219	grCe_grSu18Fa	11	0.0	4	2749.39	2749.688
2749.698	0.900000000000091	trials	19	s019_F191219	grCe_grSu3Ne	5	0.0	4	2749.998	2750.297
2762.042	0.900000000000091	trials	19	s019_F191219	coCe_grSu6Ne	17	270.0	4	2762.342	2762.64
2776.37	0.900000000000091	trials	19	s019_F191219	grCe_grSu1Ne	3	270.0	4	2776.67	2776.968
2776.995	0.900000000000091	trials	19	s019_F191219	grCe_grSu18Fa	11	270.0	4	2777.295	2777.593
2790.156	0.900000000000091	trials	19	s019_F191219	grCe_grSu12SmCiNe_PS	21	225.0	4	2790.456	2790.754
2791.3729999999996	0.900000000000091	trials	19	s019_F191219	grCe_grSu1Ne	3	225.0	4	2791.673	2791.971
2791.9809999999998	0.900000000000091	trials	19	s019_F191219	grCe_grSu1Ne	3	180.0	4	2792.281	2792.579
2850.542	0.900000000000091	trials	19	s019_F191219	grCe_grSu6CiNe_PS	19	225.0	4	2850.842	2851.14
2851.1499999999996	0.900000000000091	trials	19	s019_F191219	grSu6CiNe	14		4	2851.45	2851.749
2851.75	0.900000000000091	trials	19	s019_F191219	NoStim	0		4	2852.05	2852.349
2857.026	0.900000000000091	trials	19	s019_F191219	grCe_grSu12SmCiNe	13	0.0	4	2857.326	2857.625
2857.627	0.900000000000091	trials	19	s019_F191219	coCe	16	225.0	4	2857.927	2858.225
2858.2349999999997	0.900000000000091	trials	19	s019_F191219	grCe	1	135.0	4	2858.535	2858.833
2867.5699999999997	0.900000000000091	trials	19	s019_F191219	grCe_grSu12Mi	9	225.0	4	2867.87	2868.168
2868.787	0.900000000000091	trials	19	s019_F191219	grCe_grSu6Ne	7	270.0	4	2869.087	2869.385
2876.0719999999997	0.900000000000091	trials	19	s019_F191219	grCe_grSu6Ne	7	180.0	4	2876.372	2876.67
2877.2889999999998	0.900000000000091	trials	19	s019_F191219	coCe_grSu6Ne	17	135.0	4	2877.589	2877.887
2877.8889999999997	0.900000000000091	trials	19	s019_F191219	grCe	1	315.0	4	2878.189	2878.487
2886.107	0.900000000000091	trials	19	s019_F191219	coCe_grSu6Ne	17	225.0	4	2886.407	2886.705
2886.7149999999997	0.900000000000091	trials	19	s019_F191219	grCe_grSu12SmCiNe_PS	21	0.0	4	2887.015	2887.314
2894.125	0.900000000000091	trials	19	s019_F191219	grCe	1	0.0	4	2894.425	2894.723
2894.7419999999997	0.900000000000091	trials	19	s019_F191219	grCe_grSu12Mi	9	90.0	4	2895.042	2895.34
2895.35	0.900000000000091	trials	19	s019_F191219	grCe_grSu6Ne	7	135.0	4	2895.65	2895.949
2902.435	0.900000000000091	trials	19	s019_F191219	coCe	16	90.0	4	2902.735	2903.033
2903.0519999999997	0.900000000000091	trials	19	s019_F191219	grCe_grSu12Mi	9	180.0	4	2903.352	2903.65
2904.269	0.900000000000091	trials	19	s019_F191219	grCe_grSu12SmCiNe	13	45.0	4	2904.569	2904.867
2933.441	0.900000000000091	trials	19	s019_F191219	grCe_grSu3Ne	5	45.0	4	2933.741	2934.039
2934.049	0.900000000000091	trials	19	s019_F191219	grSu6Ne	6		4	2934.349	2934.648
2934.658	0.900000000000091	trials	19	s019_F191219	grCe_grSu6Ne_PS	18	135.0	4	2934.958	2935.256
2935.274	0.900000000000091	trials	19	s019_F191219	grSu18Fa	10		4	2935.574	2935.873
2942.026	0.900000000000091	trials	19	s019_F191219	grCe_grSu6CiNe_PS	19	270.0	4	2942.326	2942.624
2945.618	0.900000000000091	trials	19	s019_F191219	coCe	16	315.0	4	2945.918	2946.216
2946.2259999999997	0.900000000000091	trials	19	s019_F191219	grCe_grSu1Ne	3	45.0	4	2946.526	2946.825
2947.4429999999998	0.900000000000091	trials	19	s019_F191219	grCe_grSu12SmCiNe	13	180.0	4	2947.743	2948.042
2976.1319999999996	0.900000000000091	trials	19	s019_F191219	coCe_grSu6Ne	17	45.0	4	2976.432	2976.73
2979.924	0.900000000000091	trials	19	s019_F191219	grCe_grSu12SmCiNe_PS	21	45.0	4	2980.224	2980.523
2980.533	0.900000000000091	trials	19	s019_F191219	grCe_grSu6CiNe_PS	19	135.0	4	2980.833	2981.131
2981.1409999999996	0.900000000000091	trials	19	s019_F191219	grSu3Ne	4		4	2981.441	2981.74
2981.75	0.900000000000091	trials	19	s019_F191219	grCe_grSu6CiNe	15	0.0	4	2982.05	2982.348
2988.5679999999998	0.900000000000091	trials	19	s019_F191219	coCe_grSu6Ne	17	90.0	4	2988.868	2989.166
2997.703	0.900000000000091	trials	19	s019_F191219	grCe_grSu6Ne	7	0.0	4	2998.003	2998.301
2998.3109999999997	0.900000000000091	trials	19	s019_F191219	grCe_grSu12SmCiNe	13	270.0	4	2998.611	2998.91
2998.9199999999996	0.900000000000091	trials	19	s019_F191219	grSu1Ne	2		4	2999.22	2999.518
3005.7619999999997	0.900000000000091	trials	19	s019_F191219	grCe_grSu6CiNe_PS	19	0.0	4	3006.062	3006.361
3006.3709999999996	0.900000000000091	trials	19	s019_F191219	grCe_grSu3Ne	5	90.0	4	3006.671	3006.969
3006.979	0.900000000000091	trials	19	s019_F191219	grCe_grSu3Ne	5	270.0	4	3007.279	3007.578
3007.5789999999997	0.900000000000091	trials	19	s019_F191219	grCe	1	180.0	4	3007.879	3008.178
3014.622	0.900000000000091	trials	19	s019_F191219	grCe_grSu12SmCiNe_PS	21	180.0	4	3014.922	3015.221
3015.2309999999998	0.900000000000091	trials	19	s019_F191219	grCe_grSu12SmCiNe	13	315.0	4	3015.531	3015.829
3015.8559999999998	0.900000000000091	trials	19	s019_F191219	grCe_grSu18Fa	11	135.0	4	3016.156	3016.454
3016.464	0.900000000000091	trials	19	s019_F191219	coCe_grSu6Ne	17	180.0	4	3016.764	3017.063
3023.6659999999997	0.900000000000091	trials	19	s019_F191219	grCe_grSu18Fa	11	180.0	4	3023.966	3024.264
3052.738	0.900000000000091	trials	19	s019_F191219	coCe_grSu6Ne	17	315.0	4	3053.038	3053.336
3053.346	0.900000000000091	trials	19	s019_F191219	grCe_grSu6Ne	7	315.0	4	3053.646	3053.945
3057.172	0.900000000000091	trials	19	s019_F191219	grCe_grSu6Ne_PS	18	90.0	4	3057.472	3057.77
3057.7799999999997	0.900000000000091	trials	19	s019_F191219	grCe_grSu6CiNe	15	270.0	4	3058.08	3058.379
3058.397	0.900000000000091	trials	19	s019_F191219	grCe_grSu12Mi	9	0.0	4	3058.697	3058.996
3059.006	0.900000000000091	trials	19	s019_F191219	grCe_grSu12SmCiNe_PS	21	180.0	9	3059.306	3059.604
3078.7509999999997	0.900000000000091	trials	19	s019_F191219	grCe_grSu6CiNe	15	0.0	9	3079.051	3079.458
3079.468	0.900000000000091	trials	19	s019_F191219	grCe_grSu6CiNe_PS	19	0.0	9	3079.768	3080.066
3080.076	0.900000000000091	trials	19	s019_F191219	grCe_grSu3Ne	5	270.0	9	3080.376	3080.675
3080.701	0.900000000000091	trials	19	s019_F191219	grCe_grSu18Fa	11	45.0	9	3081.001	3081.3
3092.095	0.900000000000091	trials	19	s019_F191219	coCe	16	90.0	9	3092.395	3092.694
3092.7039999999997	0.900000000000091	trials	19	s019_F191219	coCe_grSu6Ne	17	225.0	9	3093.004	3093.302
3093.312	0.900000000000091	trials	19	s019_F191219	grCe_grSu6Ne_PS	18	225.0	9	3093.612	3093.911
3093.937	0.900000000000091	trials	19	s019_F191219	grCe_grSu18Fa	11	90.0	9	3094.237	3094.536
3110.865	0.900000000000091	trials	19	s019_F191219	grCe_grSu12SmCiNe	13	270.0	9	3111.165	3111.464
3112.091	0.900000000000091	trials	19	s019_F191219	grCe_grSu12Mi	9	0.0	9	3112.391	3112.689
3112.6989999999996	0.900000000000091	trials	19	s019_F191219	grCe_grSu6CiNe	15	270.0	9	3112.999	3113.297
3119.4249999999997	0.900000000000091	trials	19	s019_F191219	grCe	1	225.0	9	3119.725	3120.024
3120.0339999999997	0.900000000000091	trials	19	s019_F191219	grSu12SmCiNe	12		9	3120.334	3120.632
3120.634	0.900000000000091	trials	19	s019_F191219	grCe	1	315.0	9	3120.934	3121.232
3121.2419999999997	0.900000000000091	trials	19	s019_F191219	grCe_grSu6Ne	7	315.0	9	3121.542	3121.841
3128.6769999999997	0.900000000000091	trials	19	s019_F191219	coCe	16	315.0	9	3128.977	3129.275
3129.285	0.900000000000091	trials	19	s019_F191219	grCe_grSu6CiNe_PS	19	225.0	9	3129.585	3129.884
3129.894	0.900000000000091	trials	19	s019_F191219	grCe	1	90.0	9	3130.194	3130.492
3130.502	0.900000000000091	trials	19	s019_F191219	grCe_grSu1Ne	3	270.0	9	3130.802	3131.101
3139.4869999999996	0.900000000000091	trials	19	s019_F191219	grCe_grSu12SmCiNe	13	315.0	9	3139.787	3140.086
3143.1879999999996	0.900000000000091	trials	19	s019_F191219	grCe_grSu12SmCiNe_PS	21	45.0	9	3143.488	3143.786
3143.797	0.900000000000091	trials	19	s019_F191219	grCe_grSu12SmCiNe	13	225.0	9	3144.097	3144.395
3144.4049999999997	0.900000000000091	trials	19	s019_F191219	grCe_grSu6Ne_PS	18	180.0	9	3144.705	3145.003
3145.013	0.900000000000091	trials	19	s019_F191219	grCe_grSu6Ne_PS	18	0.0	9	3145.313	3145.612
3151.673	0.900000000000091	trials	19	s019_F191219	grCe	1	135.0	9	3151.973	3152.271
3152.298	0.900000000000091	trials	19	s019_F191219	grCe_grSu18Fa	11	225.0	9	3152.598	3152.897
3152.923	0.900000000000091	trials	19	s019_F191219	grCe_grSu18Fa	11	180.0	9	3153.223	3153.522
3160.4829999999997	0.900000000000091	trials	19	s019_F191219	grCe_grSu18Fa	11	135.0	9	3160.783	3161.081
3161.091	0.900000000000091	trials	19	s019_F191219	grCe_grSu12SmCiNe	13	45.0	9	3161.391	3161.69
3161.7	0.900000000000091	trials	19	s019_F191219	grCe_grSu6Ne	7	180.0	9	3162.0	3162.298
3170.727	0.900000000000091	trials	19	s019_F191219	grCe_grSu6CiNe	15	315.0	9	3171.027	3171.325
3171.343	0.900000000000091	trials	19	s019_F191219	grCe_grSu12Mi	9	45.0	9	3171.643	3171.942
3171.9519999999998	0.900000000000091	trials	19	s019_F191219	grCe_grSu6Ne	7	45.0	9	3172.252	3172.55
3180.6949999999997	0.900000000000091	trials	19	s019_F191219	grCe_grSu12Mi	9	225.0	9	3180.995	3181.293
3181.912	0.900000000000091	trials	19	s019_F191219	grCe_grSu3Ne	5	315.0	9	3182.212	3182.51
3188.605	0.900000000000091	trials	19	s019_F191219	NoStim	0		9	3188.905	3189.203
3189.2219999999998	0.900000000000091	trials	19	s019_F191219	grCe_grSu12Mi	9	315.0	9	3189.522	3189.82
3197.14	0.900000000000091	trials	19	s019_F191219	grCe_grSu6Ne	7	0.0	9	3197.44	3197.738
3197.7479999999996	0.900000000000091	trials	19	s019_F191219	coCe_grSu6Ne	17	315.0	9	3198.048	3198.347
3198.9649999999997	0.900000000000091	trials	19	s019_F191219	grCe_grSu6CiNe	15	180.0	9	3199.265	3199.564
3205.991	0.900000000000091	trials	19	s019_F191219	grCe_grSu6CiNe_PS	19	45.0	9	3206.291	3206.59
3206.6	0.900000000000091	trials	19	s019_F191219	grCe_grSu6Ne_PS	18	270.0	9	3206.9	3207.198
3207.2169999999996	0.900000000000091	trials	19	s019_F191219	grCe_grSu12Mi	9	270.0	9	3207.517	3207.815
3207.825	0.900000000000091	trials	19	s019_F191219	grCe_grSu12SmCiNe_PS	21	135.0	9	3208.125	3208.424
3225.428	0.900000000000091	trials	19	s019_F191219	grSu1Ne	2		9	3225.728	3226.027
3227.254	0.900000000000091	trials	19	s019_F191219	grCe_grSu6CiNe	15	225.0	9	3227.554	3227.852
3235.4719999999998	0.900000000000091	trials	19	s019_F191219	grCe	1	180.0	9	3235.772	3236.07
3236.08	0.900000000000091	trials	19	s019_F191219	grCe_grSu3Ne	5	0.0	9	3236.38	3236.679
3236.689	0.900000000000091	trials	19	s019_F191219	grCe_grSu1Ne	3	180.0	9	3236.989	3237.287
3244.0899999999997	0.900000000000091	trials	19	s019_F191219	grCe_grSu12SmCiNe_PS	21	90.0	9	3244.39	3244.689
3247.6079999999997	0.900000000000091	trials	19	s019_F191219	grCe_grSu12SmCiNe	13	180.0	9	3247.908	3248.206
3248.216	0.900000000000091	trials	19	s019_F191219	grCe_grSu3Ne	5	45.0	9	3248.516	3248.814
3248.8239999999996	0.900000000000091	trials	19	s019_F191219	grCe_grSu6CiNe_PS	19	180.0	9	3249.124	3249.423
3249.433	0.900000000000091	trials	19	s019_F191219	grCe_grSu6Ne	7	270.0	9	3249.733	3250.031
3256.1009999999997	0.900000000000091	trials	19	s019_F191219	grCe_grSu1Ne	3	0.0	9	3256.401	3256.699
3256.709	0.900000000000091	trials	19	s019_F191219	grCe_grSu12SmCiNe	13	135.0	9	3257.009	3257.308
3257.3179999999998	0.900000000000091	trials	19	s019_F191219	coCe_grSu6Ne	17	90.0	9	3257.618	3257.916
3257.926	0.900000000000091	trials	19	s019_F191219	grSu12Mi	8		9	3258.226	3258.525
3266.1859999999997	0.900000000000091	trials	19	s019_F191219	grCe_grSu1Ne	3	135.0	9	3266.486	3266.784
3266.794	0.900000000000091	trials	19	s019_F191219	grCe_grSu6CiNe_PS	19	90.0	9	3267.094	3267.393
3268.011	0.900000000000091	trials	19	s019_F191219	grCe_grSu6Ne_PS	18	45.0	9	3268.311	3268.61
3275.8379999999997	0.900000000000091	trials	19	s019_F191219	grCe_grSu6CiNe	15	135.0	9	3276.138	3276.436
3276.446	0.900000000000091	trials	19	s019_F191219	grCe_grSu12SmCiNe_PS	21	270.0	9	3276.746	3277.045
3277.055	0.900000000000091	trials	19	s019_F191219	grCe_grSu6CiNe_PS	19	315.0	9	3277.355	3277.653
3277.663	0.900000000000091	trials	19	s019_F191219	grCe_grSu12SmCiNe_PS	21	225.0	9	3277.963	3278.262
3299.2749999999996	0.900000000000091	trials	19	s019_F191219	grCe_grSu3Ne	5	135.0	9	3299.575	3299.874
3299.884	0.900000000000091	trials	19	s019_F191219	coCe_grSu6Ne	17	180.0	9	3300.184	3300.482
3301.1009999999997	0.900000000000091	trials	19	s019_F191219	grCe_grSu1Ne	3	315.0	9	3301.401	3301.699
3309.586	0.900000000000091	trials	19	s019_F191219	coCe	16	0.0	9	3309.886	3310.184
3316.5539999999996	0.900000000000091	trials	19	s019_F191219	grCe_grSu12Mi	9	90.0	9	3316.854	3317.152
3317.1789999999996	0.900000000000091	trials	19	s019_F191219	grCe_grSu18Fa	11	315.0	9	3317.479	3317.777
3317.787	0.900000000000091	trials	19	s019_F191219	grCe_grSu3Ne	5	180.0	9	3318.087	3318.386
3318.3959999999997	0.900000000000091	trials	19	s019_F191219	grCe_grSu6Ne_PS	18	315.0	9	3318.696	3318.994
3325.8219999999997	0.900000000000091	trials	19	s019_F191219	grCe_grSu6CiNe	15	90.0	9	3326.122	3326.421
3326.431	0.900000000000091	trials	19	s019_F191219	grSu6CiNe	14		9	3326.731	3327.029
3327.056	0.900000000000091	trials	19	s019_F191219	grCe_grSu18Fa	11	270.0	9	3327.356	3327.654
3327.656	0.900000000000091	trials	19	s019_F191219	coCe	16	270.0	9	3327.956	3328.254
3339.816	0.900000000000091	trials	19	s019_F191219	grCe_grSu6CiNe	15	45.0	9	3340.116	3340.415
3340.4249999999997	0.900000000000091	trials	19	s019_F191219	coSu6Ne	20		9	3340.725	3341.023
3344.951	0.900000000000091	trials	19	s019_F191219	coCe_grSu6Ne	17	45.0	9	3345.251	3345.549
3345.5589999999997	0.900000000000091	trials	19	s019_F191219	coCe_grSu6Ne	17	135.0	9	3345.859	3346.158
3346.1679999999997	0.900000000000091	trials	19	s019_F191219	grCe_grSu1Ne	3	45.0	9	3346.468	3346.766
3354.569	0.900000000000091	trials	19	s019_F191219	grSu3Ne	4		9	3354.869	3355.168
3355.169	0.900000000000091	trials	19	s019_F191219	grCe	1	0.0	9	3355.469	3355.768
3355.778	0.900000000000091	trials	19	s019_F191219	grCe_grSu6CiNe_PS	19	135.0	9	3356.078	3356.376
3356.3779999999997	0.900000000000091	trials	19	s019_F191219	grCe	1	270.0	9	3356.678	3356.976
3363.171	0.900000000000091	trials	19	s019_F191219	grCe_grSu12Mi	9	135.0	9	3363.471	3363.769
3364.379	0.900000000000091	trials	19	s019_F191219	coCe	16	225.0	9	3364.679	3364.978
3371.781	0.900000000000091	trials	19	s019_F191219	grCe	1	45.0	9	3372.081	3372.379
3372.3889999999997	0.900000000000091	trials	19	s019_F191219	coCe_grSu6Ne	17	0.0	9	3372.689	3372.988
3373.6059999999998	0.900000000000091	trials	19	s019_F191219	grCe_grSu12SmCiNe_PS	21	315.0	9	3373.906	3374.204
3380.5319999999997	0.900000000000091	trials	19	s019_F191219	coCe	16	180.0	9	3380.832	3381.131
3381.1409999999996	0.900000000000091	trials	19	s019_F191219	grCe_grSu12SmCiNe_PS	21	0.0	9	3381.441	3381.739
3381.758	0.900000000000091	trials	19	s019_F191219	grCe_grSu12Mi	9	180.0	9	3382.058	3382.356
3392.801	0.900000000000091	trials	19	s019_F191219	grCe_grSu6Ne	7	90.0	9	3393.101	3393.4
3393.41	0.900000000000091	trials	19	s019_F191219	grCe_grSu6CiNe_PS	19	270.0	9	3393.71	3394.008
3394.026	0.900000000000091	trials	19	s019_F191219	grSu18Fa	10		9	3394.326	3394.625
3394.6349999999998	0.900000000000091	trials	19	s019_F191219	coCe	16	45.0	9	3394.935	3395.233
3401.4779999999996	0.900000000000091	trials	19	s019_F191219	grCe_grSu6Ne	7	135.0	9	3401.778	3402.076
3402.086	0.900000000000091	trials	19	s019_F191219	grCe_grSu12SmCiNe	13	0.0	9	3402.386	3402.685
3402.6949999999997	0.900000000000091	trials	19	s019_F191219	grCe_grSu3Ne	5	90.0	9	3402.995	3403.293
3403.2949999999996	0.900000000000091	trials	19	s019_F191219	coCe	16	135.0	9	3403.595	3403.893
3410.1209999999996	0.900000000000091	trials	19	s019_F191219	coCe_grSu6Ne	17	270.0	9	3410.421	3410.72
3410.73	0.900000000000091	trials	19	s019_F191219	grCe_grSu12SmCiNe	13	90.0	9	3411.03	3411.328
3411.946	0.900000000000091	trials	19	s019_F191219	grCe_grSu3Ne	5	225.0	9	3412.246	3412.545
3418.823	0.900000000000091	trials	19	s019_F191219	grCe_grSu18Fa	11	0.0	9	3419.123	3419.421
3419.431	0.900000000000091	trials	19	s019_F191219	grCe_grSu6Ne	7	225.0	9	3419.731	3420.03
3420.04	0.900000000000091	trials	19	s019_F191219	grCe_grSu6Ne_PS	18	90.0	9	3420.34	3420.638
3420.6479999999997	0.900000000000091	trials	19	s019_F191219	grCe_grSu6Ne_PS	18	135.0	9	3420.948	3421.247
3427.8489999999997	0.900000000000091	trials	19	s019_F191219	grSu6Ne	6		9	3428.149	3428.448
3428.4579999999996	0.900000000000091	trials	19	s019_F191219	grCe_grSu1Ne	3	90.0	9	3428.758	3429.056
3429.066	0.900000000000091	trials	19	s019_F191219	grCe_grSu1Ne	3	225.0	9	3429.366	3429.665
3429.6749999999997	0.900000000000091	trials	19	s019_F191219	grCe_grSu3Ne	5	90.0	0	3429.975	3430.273
3436.5009999999997	0.900000000000091	trials	19	s019_F191219	grCe_grSu6Ne_PS	18	225.0	0	3436.801	3437.099
3440.3019999999997	0.900000000000091	trials	19	s019_F191219	coCe	16	45.0	0	3440.602	3440.9
3440.919	0.900000000000091	trials	19	s019_F191219	grCe_grSu12Mi	9	0.0	0	3441.219	3441.517
3442.1349999999998	0.900000000000091	trials	19	s019_F191219	grCe_grSu6CiNe_PS	19	135.0	0	3442.435	3442.734
3456.73	0.900000000000091	trials	19	s019_F191219	grCe_grSu12Mi	9	90.0	0	3457.03	3457.328
3457.3379999999997	0.900000000000091	trials	19	s019_F191219	grCe_grSu12SmCiNe	13	270.0	0	3457.638	3457.937
3457.9379999999996	0.900000000000091	trials	19	s019_F191219	coCe	16	315.0	0	3458.238	3458.537
3474.616	0.900000000000091	trials	19	s019_F191219	grCe	1	90.0	0	3474.916	3475.215
3475.225	0.900000000000091	trials	19	s019_F191219	grCe_grSu6Ne_PS	18	270.0	0	3475.525	3475.823
3475.8329999999996	0.900000000000091	trials	19	s019_F191219	grSu12SmCiNe	12		0	3476.133	3476.432
3476.442	0.900000000000091	trials	19	s019_F191219	grCe_grSu6Ne_PS	18	90.0	0	3476.742	3477.04
3483.21	0.900000000000091	trials	19	s019_F191219	grSu6CiNe	14		0	3483.51	3483.808
3483.8179999999998	0.900000000000091	trials	19	s019_F191219	grCe_grSu12SmCiNe_PS	21	270.0	0	3484.118	3484.417
3485.035	0.900000000000091	trials	19	s019_F191219	grCe_grSu3Ne	5	225.0	0	3485.335	3485.633
3492.361	0.900000000000091	trials	19	s019_F191219	grCe_grSu12Mi	9	315.0	0	3492.661	3492.96
3492.97	0.900000000000091	trials	19	s019_F191219	grCe_grSu6CiNe_PS	19	45.0	0	3493.27	3493.568
3493.5699999999997	0.900000000000091	trials	19	s019_F191219	grCe	1	225.0	0	3493.87	3494.168
3494.178	0.900000000000091	trials	19	s019_F191219	grCe_grSu12SmCiNe	13	315.0	0	3494.478	3494.777
3511.4069999999997	0.900000000000091	trials	19	s019_F191219	grCe_grSu6Ne	7	270.0	0	3511.707	3512.005
3512.015	0.900000000000091	trials	19	s019_F191219	grCe_grSu1Ne	3	90.0	0	3512.315	3512.614
3512.624	0.900000000000091	trials	19	s019_F191219	grCe	1	135.0	0	3512.924	3513.222
3531.0099999999998	0.900000000000091	trials	19	s019_F191219	coCe_grSu6Ne	17	90.0	0	3531.31	3531.609
3531.6189999999997	0.900000000000091	trials	19	s019_F191219	grCe_grSu6CiNe	15	45.0	0	3531.919	3532.217
3532.836	0.900000000000091	trials	19	s019_F191219	grCe_grSu3Ne	5	45.0	0	3533.136	3533.434
3541.046	0.900000000000091	trials	19	s019_F191219	grCe_grSu6CiNe_PS	19	270.0	0	3541.346	3541.644
3541.654	0.900000000000091	trials	19	s019_F191219	grCe_grSu6CiNe_PS	19	0.0	0	3541.954	3542.252
3542.2619999999997	0.900000000000091	trials	19	s019_F191219	grCe_grSu6Ne	7	135.0	0	3542.562	3542.861
3542.8709999999996	0.900000000000091	trials	19	s019_F191219	coCe_grSu6Ne	17	135.0	0	3543.171	3543.469
3562.9159999999997	0.900000000000091	trials	19	s019_F191219	coCe	16	225.0	0	3563.216	3563.515
3563.5249999999996	0.900000000000091	trials	19	s019_F191219	grCe_grSu3Ne	5	270.0	0	3563.825	3564.123
3567.3089999999997	0.900000000000091	trials	19	s019_F191219	grCe_grSu6Ne	7	225.0	0	3567.609	3567.907
3567.917	0.900000000000091	trials	19	s019_F191219	grCe_grSu1Ne	3	315.0	0	3568.217	3568.516
3568.526	0.900000000000091	trials	19	s019_F191219	grCe_grSu6CiNe	15	180.0	0	3568.826	3569.124
3576.727	0.900000000000091	trials	19	s019_F191219	coCe	16	135.0	0	3577.027	3577.326
3577.336	0.900000000000091	trials	19	s019_F191219	grCe	1	315.0	0	3577.636	3577.934
3577.9519999999998	0.900000000000091	trials	19	s019_F191219	grSu18Fa	10		0	3578.252	3578.551
3588.846	0.900000000000091	trials	19	s019_F191219	grCe_grSu6CiNe_PS	19	225.0	0	3589.146	3589.444
3589.455	0.900000000000091	trials	19	s019_F191219	grCe_grSu1Ne	3	135.0	0	3589.755	3590.053
3590.0629999999996	0.900000000000091	trials	19	s019_F191219	coCe_grSu6Ne	17	45.0	0	3590.363	3590.661
3596.656	0.900000000000091	trials	19	s019_F191219	grCe	1	45.0	0	3596.956	3597.254
3597.2639999999997	0.900000000000091	trials	19	s019_F191219	grCe_grSu6Ne	7	90.0	0	3597.564	3597.863
3597.8889999999997	0.900000000000091	trials	19	s019_F191219	grCe_grSu18Fa	11	315.0	0	3598.189	3598.488
3598.506	0.900000000000091	trials	19	s019_F191219	grCe_grSu12Mi	9	225.0	0	3598.806	3599.105
3605.207	0.900000000000091	trials	19	s019_F191219	grCe_grSu6Ne	7	180.0	0	3605.507	3605.806
3605.8239999999996	0.900000000000091	trials	19	s019_F191219	grCe_grSu12Mi	9	270.0	0	3606.124	3606.423
3606.433	0.900000000000091	trials	19	s019_F191219	grCe_grSu12SmCiNe	13	0.0	0	3606.733	3607.031
3614.109	0.900000000000091	trials	19	s019_F191219	grCe_grSu12SmCiNe_PS	21	135.0	0	3614.409	3614.708
3615.326	0.900000000000091	trials	19	s019_F191219	coCe	16	0.0	0	3615.626	3615.924
3615.951	0.900000000000091	trials	19	s019_F191219	grCe_grSu18Fa	11	90.0	0	3616.251	3616.55
3622.6189999999997	0.900000000000091	trials	19	s019_F191219	grCe_grSu6CiNe_PS	19	180.0	0	3622.919	3623.217
3623.227	0.900000000000091	trials	19	s019_F191219	grSu12Mi	8		0	3623.527	3623.826
3623.836	0.900000000000091	trials	19	s019_F191219	coCe_grSu6Ne	17	225.0	0	3624.136	3624.434
3624.444	0.900000000000091	trials	19	s019_F191219	grSu6Ne	6		0	3624.744	3625.043
3634.4379999999996	0.900000000000091	trials	19	s019_F191219	grCe	1	180.0	0	3634.738	3635.036
3635.0629999999996	0.900000000000091	trials	19	s019_F191219	grCe_grSu18Fa	11	0.0	0	3635.363	3635.661
3635.663	0.900000000000091	trials	19	s019_F191219	coCe	16	180.0	0	3635.963	3636.262
3643.048	0.900000000000091	trials	19	s019_F191219	grCe_grSu6Ne_PS	18	315.0	0	3643.348	3643.646
3643.656	0.900000000000091	trials	19	s019_F191219	grCe_grSu6CiNe	15	315.0	0	3643.956	3644.255
3644.281	0.900000000000091	trials	19	s019_F191219	grCe_grSu18Fa	11	45.0	0	3644.581	3644.88
3651.533	0.900000000000091	trials	19	s019_F191219	grCe_grSu6Ne	7	315.0	0	3651.833	3652.131
3652.1409999999996	0.900000000000091	trials	19	s019_F191219	grCe_grSu6CiNe	15	135.0	0	3652.441	3652.74
3652.75	0.900000000000091	trials	19	s019_F191219	grCe_grSu6CiNe	15	270.0	0	3653.05	3653.348
3653.3579999999997	0.900000000000091	trials	19	s019_F191219	grCe_grSu6CiNe_PS	19	315.0	0	3653.658	3653.957
3661.21	0.900000000000091	trials	19	s019_F191219	grCe_grSu1Ne	3	180.0	0	3661.51	3661.808
3661.8179999999998	0.900000000000091	trials	19	s019_F191219	grCe_grSu1Ne	3	45.0	0	3662.118	3662.416
3662.4179999999997	0.900000000000091	trials	19	s019_F191219	grCe	1	270.0	0	3662.718	3663.017
3663.027	0.900000000000091	trials	19	s019_F191219	grCe_grSu12SmCiNe_PS	21	180.0	0	3663.327	3663.625
3670.553	0.900000000000091	trials	19	s019_F191219	grCe_grSu6Ne	7	45.0	0	3670.853	3671.151
3671.1609999999996	0.900000000000091	trials	19	s019_F191219	coCe_grSu6Ne	17	270.0	0	3671.461	3671.76
3672.3779999999997	0.900000000000091	trials	19	s019_F191219	grCe_grSu12SmCiNe_PS	21	90.0	0	3672.678	3672.977
3684.2219999999998	0.900000000000091	trials	19	s019_F191219	grCe_grSu3Ne	5	135.0	0	3684.522	3684.821
3684.8309999999997	0.900000000000091	trials	19	s019_F191219	grSu3Ne	4		0	3685.131	3685.429
3685.439	0.900000000000091	trials	19	s019_F191219	grCe_grSu12SmCiNe_PS	21	225.0	0	3685.739	3686.037
3692.274	0.900000000000091	trials	19	s019_F191219	coCe	16	90.0	0	3692.574	3692.872
3692.8819999999996	0.900000000000091	trials	19	s019_F191219	grCe_grSu1Ne	3	225.0	0	3693.182	3693.481
3693.482	0.900000000000091	trials	19	s019_F191219	coCe	16	270.0	0	3693.782	3694.081
3700.975	0.900000000000091	trials	19	s019_F191219	NoStim	0		0	3701.275	3701.574
3701.584	0.900000000000091	trials	19	s019_F191219	grCe_grSu6Ne_PS	18	45.0	0	3701.884	3702.182
3702.209	0.900000000000091	trials	19	s019_F191219	grCe_grSu18Fa	11	270.0	0	3702.509	3702.807
3702.826	0.900000000000091	trials	19	s019_F191219	grCe_grSu12Mi	9	135.0	0	3703.126	3703.424
3713.328	0.900000000000091	trials	19	s019_F191219	grCe_grSu12SmCiNe	13	90.0	0	3713.628	3713.926
3714.544	0.900000000000091	trials	19	s019_F191219	grCe_grSu1Ne	3	270.0	0	3714.844	3715.143
3715.153	0.900000000000091	trials	19	s019_F191219	grCe_grSu3Ne	5	0.0	0	3715.453	3715.751
3722.2709999999997	0.900000000000091	trials	19	s019_F191219	grCe_grSu12SmCiNe_PS	21	0.0	0	3722.571	3722.869
3722.879	0.900000000000091	trials	19	s019_F191219	grCe_grSu12SmCiNe	13	225.0	0	3723.179	3723.478
3723.488	0.900000000000091	trials	19	s019_F191219	grCe_grSu6Ne_PS	18	0.0	0	3723.788	3724.086
3724.096	0.900000000000091	trials	19	s019_F191219	grSu1Ne	2		0	3724.396	3724.695
3731.4559999999997	0.900000000000091	trials	19	s019_F191219	grCe_grSu12SmCiNe	13	135.0	0	3731.756	3732.054
3732.064	0.900000000000091	trials	19	s019_F191219	grCe_grSu6CiNe_PS	19	90.0	0	3732.364	3732.663
3732.673	0.900000000000091	trials	19	s019_F191219	grCe_grSu6Ne	7	0.0	0	3732.973	3733.271
3733.281	0.900000000000091	trials	19	s019_F191219	coCe_grSu6Ne	17	180.0	0	3733.581	3733.88
3745.85	0.900000000000091	trials	19	s019_F191219	grCe_grSu18Fa	11	180.0	0	3746.15	3746.449
3747.067	0.900000000000091	trials	19	s019_F191219	grCe	1	0.0	0	3747.367	3747.666
3755.602	0.900000000000091	trials	19	s019_F191219	grCe_grSu3Ne	5	180.0	0	3755.902	3756.201
3756.211	0.900000000000091	trials	19	s019_F191219	grCe_grSu6CiNe	15	90.0	0	3756.511	3756.809
3756.819	0.900000000000091	trials	19	s019_F191219	coSu6Ne	20		0	3757.119	3757.417
3757.4269999999997	0.900000000000091	trials	19	s019_F191219	grCe_grSu12SmCiNe_PS	21	45.0	0	3757.727	3758.026
3765.0209999999997	0.900000000000091	trials	19	s019_F191219	grCe_grSu6Ne_PS	18	180.0	0	3765.321	3765.619
3769.971	0.900000000000091	trials	19	s019_F191219	grCe_grSu12SmCiNe	13	45.0	0	3770.271	3770.57
3775.714	0.900000000000091	trials	19	s019_F191219	grCe_grSu12Mi	9	180.0	0	3776.014	3776.313
3776.323	0.900000000000091	trials	19	s019_F191219	grCe_grSu12SmCiNe	13	180.0	0	3776.623	3776.921
3776.931	0.900000000000091	trials	19	s019_F191219	grCe_grSu6CiNe	15	225.0	0	3777.231	3777.53
3784.566	0.900000000000091	trials	19	s019_F191219	grCe_grSu12SmCiNe_PS	21	315.0	0	3784.866	3785.164
3789.183	0.900000000000091	trials	19	s019_F191219	grCe_grSu6CiNe	15	0.0	0	3789.483	3789.782
3789.7999999999997	0.900000000000091	trials	19	s019_F191219	grCe_grSu12Mi	9	45.0	0	3790.1	3790.399
3790.4089999999997	0.900000000000091	trials	19	s019_F191219	grCe_grSu1Ne	3	0.0	0	3790.709	3791.007
3802.261	0.900000000000091	trials	19	s019_F191219	grCe_grSu3Ne	5	315.0	0	3802.561	3802.859
3802.8689999999997	0.900000000000091	trials	19	s019_F191219	coCe_grSu6Ne	17	0.0	0	3803.169	3803.468
3803.4939999999997	0.900000000000091	trials	19	s019_F191219	grCe_grSu18Fa	11	225.0	0	3803.794	3804.093
3804.12	0.900000000000091	trials	19	s019_F191219	grCe_grSu18Fa	11	135.0	0	3804.42	3804.718
3834.8089999999997	0.900000000000091	trials	19	s019_F191219	coCe_grSu6Ne	17	315.0	0	3835.109	3835.407
3836.0249999999996	0.900000000000091	trials	19	s019_F191219	grCe_grSu6Ne_PS	18	135.0	0	3836.325	3836.624
