onset	duration	nwb_table	ses_ID	ses_Name	cond_Name	cond_ID	target_rot	rep_num	pdOn	pdOff
31.861	0.9000000000000021	trials	85	s085_J210526	grCe_grSu6Ne	7	90.0	7	32.161	32.46
35.328	0.8999999999999986	trials	85	s085_J210526	grCe_grSu1Ne	3	180.0	7	35.628	35.927
35.928000000000004	0.8999999999999986	trials	85	s085_J210526	grCe_grSu6CiNe	15	225.0	7	36.228	36.527
36.528000000000006	0.8999999999999986	trials	85	s085_J210526	grSu6CiNe	14		7	36.828	37.127
41.495000000000005	0.8999999999999986	trials	85	s085_J210526	grCe_grSu1Ne	3	270.0	7	41.795	42.095
42.095000000000006	0.8999999999999986	trials	85	s085_J210526	grCe_grSu6CiNe	15	135.0	7	42.395	42.695
42.695	0.8999999999999986	trials	85	s085_J210526	coCe	16	315.0	7	42.995	43.295
51.021	0.8999999999999986	trials	85	s085_J210526	coCe	16	0.0	7	51.321	51.621
51.63	0.8999999999999986	trials	85	s085_J210526	grCe_grSu18Fa	11	135.0	7	51.93	52.229
52.230000000000004	0.8999999999999986	trials	85	s085_J210526	grCe_grSu6CiNe_PS	19	315.0	7	52.53	52.829
57.139	0.8999999999999986	trials	85	s085_J210526	grCe	1	225.0	7	57.439	57.738
57.739000000000004	0.8999999999999986	trials	85	s085_J210526	coCe_grSu6Ne	17	180.0	7	58.039	58.338
58.347	0.8999999999999986	trials	85	s085_J210526	grCe_grSu12Mi	9	270.0	7	58.647	58.947
63.073	0.8999999999999986	trials	85	s085_J210526	grCe_grSu6Ne	7	0.0	7	63.373	63.673
63.673	0.8999999999999915	trials	85	s085_J210526	grSu12Mi	8		7	63.973	64.273
64.273	0.8999999999999915	trials	85	s085_J210526	grCe_grSu6Ne_PS	18	180.0	7	64.573	64.873
69.174	0.8999999999999915	trials	85	s085_J210526	grCe_grSu18Fa	11	45.0	7	69.474	69.773
69.774	0.8999999999999915	trials	85	s085_J210526	grCe_grSu6Ne_PS	18	270.0	7	70.074	70.373
75.266	0.8999999999999915	trials	85	s085_J210526	grCe_grSu12SmCiNe_PS	21	225.0	7	75.566	75.866
75.866	0.8999999999999915	trials	85	s085_J210526	grCe_grSu3Ne	5	135.0	7	76.166	76.466
76.46600000000001	0.8999999999999915	trials	85	s085_J210526	grCe_grSu3Ne	5	45.0	7	76.766	77.066
81.45	0.8999999999999915	trials	85	s085_J210526	grCe_grSu12SmCiNe_PS	21	45.0	7	81.75	82.05
82.059	0.8999999999999915	trials	85	s085_J210526	grCe_grSu12Mi	9	45.0	7	82.359	82.658
82.659	0.8999999999999915	trials	85	s085_J210526	grCe_grSu3Ne	5	180.0	7	82.959	83.258
87.584	0.8999999999999915	trials	85	s085_J210526	grCe	1	0.0	7	87.884	88.184
88.185	0.8999999999999915	trials	85	s085_J210526	grCe_grSu6Ne_PS	18	315.0	7	88.485	88.784
94.31	0.8999999999999915	trials	85	s085_J210526	coCe	16	135.0	7	94.61	94.91
94.919	0.8999999999999915	trials	85	s085_J210526	grCe_grSu18Fa	11	270.0	7	95.219	95.518
99.794	0.8999999999999915	trials	85	s085_J210526	grCe	1	180.0	7	100.094	100.394
100.394	0.8999999999999915	trials	85	s085_J210526	grCe_grSu12SmCiNe_PS	21	180.0	7	100.694	100.994
100.995	0.8999999999999915	trials	85	s085_J210526	grCe_grSu12SmCiNe	13	225.0	7	101.295	101.594
105.929	0.8999999999999915	trials	85	s085_J210526	coCe	16	90.0	7	106.229	106.528
106.529	0.8999999999999915	trials	85	s085_J210526	coCe_grSu6Ne	17	45.0	7	106.829	107.128
107.129	0.8999999999999915	trials	85	s085_J210526	grCe_grSu1Ne	3	0.0	7	107.429	107.728
112.029	0.8999999999999915	trials	85	s085_J210526	grCe_grSu6CiNe_PS	19	270.0	7	112.329	112.629
112.629	0.8999999999999915	trials	85	s085_J210526	grCe_grSu12SmCiNe_PS	21	90.0	7	112.929	113.229
113.229	0.8999999999999915	trials	85	s085_J210526	grCe_grSu12SmCiNe_PS	21	315.0	7	113.529	113.829
121.506	0.8999999999999915	trials	85	s085_J210526	grCe_grSu12Mi	9	0.0	7	121.806	122.105
122.10600000000001	0.8999999999999915	trials	85	s085_J210526	grCe_grSu6CiNe	15	45.0	7	122.406	122.705
122.706	0.8999999999999915	trials	85	s085_J210526	grCe_grSu6Ne_PS	18	135.0	7	123.006	123.305
130.59799999999998	0.9000000000000057	trials	85	s085_J210526	grCe_grSu12SmCiNe_PS	21	135.0	7	130.898	131.198
134.641	0.9000000000000057	trials	85	s085_J210526	grCe_grSu12SmCiNe_PS	21	0.0	7	134.941	135.24
135.84099999999998	0.9000000000000057	trials	85	s085_J210526	grCe_grSu6Ne	7	270.0	7	136.141	136.44
143.84199999999998	0.9000000000000057	trials	85	s085_J210526	grCe_grSu6CiNe_PS	19	180.0	7	144.142	144.441
144.44199999999998	0.9000000000000057	trials	85	s085_J210526	grCe_grSu1Ne	3	90.0	7	144.742	145.041
145.042	0.9000000000000057	trials	85	s085_J210526	coCe	16	180.0	7	145.342	145.641
149.90099999999998	0.9000000000000057	trials	85	s085_J210526	grCe_grSu6Ne_PS	18	0.0	7	150.201	150.5
150.50099999999998	0.9000000000000057	trials	85	s085_J210526	grCe_grSu6Ne	7	135.0	7	150.801	151.101
156.035	0.9000000000000057	trials	85	s085_J210526	grCe_grSu3Ne	5	270.0	7	156.335	156.635
156.635	0.9000000000000057	trials	85	s085_J210526	coCe	16	225.0	7	156.935	157.235
160.619	0.9000000000000057	trials	85	s085_J210526	NoStim	0		7	160.919	161.218
164.344	0.9000000000000057	trials	85	s085_J210526	grCe_grSu12Mi	9	135.0	7	164.644	164.944
165.545	0.9000000000000057	trials	85	s085_J210526	grCe_grSu6CiNe	15	0.0	7	165.845	166.144
170.22899999999998	0.9000000000000057	trials	85	s085_J210526	grCe_grSu12Mi	9	90.0	7	170.529	170.828
170.82899999999998	0.9000000000000057	trials	85	s085_J210526	grCe_grSu12SmCiNe	13	45.0	7	171.129	171.428
171.429	0.9000000000000057	trials	85	s085_J210526	grCe_grSu12SmCiNe	13	270.0	7	171.729	172.028
176.188	0.9000000000000057	trials	85	s085_J210526	coCe_grSu6Ne	17	315.0	7	176.488	176.787
176.78799999999998	0.9000000000000057	trials	85	s085_J210526	grCe_grSu6Ne_PS	18	90.0	7	177.088	177.387
177.38799999999998	0.9000000000000057	trials	85	s085_J210526	grCe_grSu6CiNe	15	180.0	7	177.688	177.987
182.488	0.9000000000000057	trials	85	s085_J210526	grCe_grSu12Mi	9	180.0	7	182.788	183.088
183.089	0.9000000000000057	trials	85	s085_J210526	grCe_grSu6CiNe_PS	19	225.0	7	183.389	183.688
183.689	0.9000000000000057	trials	85	s085_J210526	grCe_grSu1Ne	3	45.0	7	183.989	184.288
189.214	0.9000000000000057	trials	85	s085_J210526	grCe_grSu6Ne	7	180.0	7	189.514	189.814
189.82299999999998	0.9000000000000057	trials	85	s085_J210526	grCe_grSu18Fa	11	180.0	7	190.123	190.422
194.773	0.9000000000000057	trials	85	s085_J210526	grCe_grSu6Ne_PS	18	225.0	7	195.073	195.373
195.974	0.9000000000000057	trials	85	s085_J210526	grCe	1	45.0	7	196.274	196.573
200.82399999999998	0.9000000000000057	trials	85	s085_J210526	grCe_grSu3Ne	5	225.0	7	201.124	201.424
202.024	0.9000000000000057	trials	85	s085_J210526	grCe	1	270.0	7	202.324	202.624
206.95	0.9000000000000057	trials	85	s085_J210526	grCe_grSu1Ne	3	225.0	7	207.25	207.549
207.54999999999998	0.9000000000000057	trials	85	s085_J210526	grCe	1	135.0	7	207.85	208.15
213.017	0.9000000000000057	trials	85	s085_J210526	grCe_grSu6Ne	7	45.0	7	213.317	213.617
213.62599999999998	0.9000000000000057	trials	85	s085_J210526	grCe_grSu18Fa	11	0.0	7	213.926	214.225
214.226	0.9000000000000057	trials	85	s085_J210526	grCe	1	90.0	7	214.526	214.825
219.76	0.9000000000000057	trials	85	s085_J210526	grCe_grSu1Ne	3	315.0	7	220.06	220.359
220.35999999999999	0.9000000000000057	trials	85	s085_J210526	grSu6Ne	6		7	220.66	220.96
225.56099999999998	0.9000000000000057	trials	85	s085_J210526	coCe	16	270.0	7	225.861	226.16
228.97799999999998	0.9000000000000057	trials	85	s085_J210526	grCe_grSu3Ne	5	90.0	7	229.278	229.577
238.796	0.9000000000000057	trials	85	s085_J210526	grCe_grSu6CiNe	15	315.0	7	239.096	239.395
239.99599999999998	0.9000000000000057	trials	85	s085_J210526	grCe_grSu6CiNe_PS	19	90.0	7	240.296	240.595
246.05499999999998	0.9000000000000057	trials	85	s085_J210526	coSu6Ne	20		7	246.355	246.655
251.039	0.9000000000000057	trials	85	s085_J210526	grCe_grSu12SmCiNe	13	90.0	7	251.339	251.639
254.814	0.9000000000000057	trials	85	s085_J210526	grSu1Ne	2		7	255.114	255.414
256.02299999999997	0.9000000000000341	trials	85	s085_J210526	grCe_grSu18Fa	11	315.0	7	256.323	256.623
260.87399999999997	0.9000000000000341	trials	85	s085_J210526	grCe_grSu6Ne	7	315.0	7	261.174	261.473
264.299	0.9000000000000341	trials	85	s085_J210526	grCe	1	315.0	7	264.599	264.899
264.899	0.9000000000000341	trials	85	s085_J210526	coCe_grSu6Ne	17	0.0	7	265.199	265.499
265.508	0.9000000000000341	trials	85	s085_J210526	grSu18Fa	10		7	265.808	266.107
270.525	0.9000000000000341	trials	85	s085_J210526	grCe_grSu6Ne_PS	18	45.0	7	270.825	271.124
274.825	0.9000000000000341	trials	85	s085_J210526	coCe_grSu6Ne	17	90.0	7	275.125	275.425
275.425	0.9000000000000341	trials	85	s085_J210526	grCe_grSu12SmCiNe	13	0.0	7	275.725	276.025
280.351	0.9000000000000341	trials	85	s085_J210526	coCe_grSu6Ne	17	135.0	7	280.651	280.951
284.102	0.9000000000000341	trials	85	s085_J210526	grCe_grSu3Ne	5	0.0	7	284.402	284.701
284.702	0.9000000000000341	trials	85	s085_J210526	grCe_grSu12SmCiNe	13	135.0	7	285.002	285.301
285.31	0.9000000000000341	trials	85	s085_J210526	grCe_grSu18Fa	11	225.0	7	285.61	285.91
292.928	0.9000000000000341	trials	85	s085_J210526	grCe_grSu18Fa	11	90.0	7	293.228	293.527
293.52799999999996	0.9000000000000341	trials	85	s085_J210526	grCe_grSu12SmCiNe	13	315.0	7	293.828	294.127
299.62899999999996	0.9000000000000341	trials	85	s085_J210526	grCe_grSu12Mi	9	225.0	7	299.929	300.228
308.546	0.9000000000000341	trials	85	s085_J210526	grCe_grSu6Ne	7	225.0	7	308.846	309.146
309.147	0.9000000000000341	trials	85	s085_J210526	grSu12SmCiNe	12		7	309.447	309.746
309.747	0.9000000000000341	trials	85	s085_J210526	grCe_grSu12SmCiNe	13	180.0	7	310.047	310.346
314.847	0.9000000000000341	trials	85	s085_J210526	grCe_grSu6CiNe_PS	19	135.0	7	315.147	315.447
315.45599999999996	0.9000000000000341	trials	85	s085_J210526	grCe_grSu12Mi	9	315.0	7	315.756	316.055
323.99	0.9000000000000341	trials	85	s085_J210526	coCe_grSu6Ne	17	270.0	7	324.29	324.59
324.59	0.9000000000000341	trials	85	s085_J210526	grSu3Ne	4		7	324.89	325.19
325.19	0.9000000000000341	trials	85	s085_J210526	grCe_grSu6CiNe	15	270.0	7	325.49	325.79
330.099	0.9000000000000341	trials	85	s085_J210526	grCe_grSu6CiNe	15	90.0	7	330.399	330.699
330.699	0.9000000000000341	trials	85	s085_J210526	coCe	16	45.0	7	330.999	331.299
331.299	0.9000000000000341	trials	85	s085_J210526	grCe_grSu6CiNe_PS	19	45.0	7	331.599	331.899
336.067	0.9000000000000341	trials	85	s085_J210526	grCe_grSu12SmCiNe_PS	21	270.0	7	336.367	336.666
349.40999999999997	0.9000000000000341	trials	85	s085_J210526	coCe_grSu6Ne	17	225.0	7	349.71	350.01
350.01	0.9000000000000341	trials	85	s085_J210526	grCe_grSu1Ne	3	135.0	7	350.31	350.61
350.61	0.9000000000000341	trials	85	s085_J210526	grCe_grSu3Ne	5	315.0	7	350.91	351.21
355.319	0.9000000000000341	trials	85	s085_J210526	grCe_grSu6CiNe_PS	19	0.0	7	355.619	355.919
356.52799999999996	0.9000000000000341	trials	85	s085_J210526	grCe_grSu12Mi	9	270.0	4	356.828	357.127
367.812	0.9000000000000341	trials	85	s085_J210526	coCe	16	180.0	4	368.112	368.412
371.246	0.9000000000000341	trials	85	s085_J210526	grCe_grSu6Ne	7	180.0	4	371.546	371.846
377.505	0.9000000000000341	trials	85	s085_J210526	grSu18Fa	10		4	377.805	378.105
378.10499999999996	0.9000000000000341	trials	85	s085_J210526	grCe_grSu6Ne_PS	18	135.0	4	378.405	378.705
378.70599999999996	0.9000000000000341	trials	85	s085_J210526	grCe_grSu12SmCiNe	13	315.0	4	379.006	379.305
383.74	0.9000000000000341	trials	85	s085_J210526	grCe_grSu1Ne	3	90.0	4	384.04	384.339
384.34	0.9000000000000341	trials	85	s085_J210526	grCe	1	45.0	4	384.64	384.939
384.94	0.9000000000000341	trials	85	s085_J210526	coCe	16	225.0	4	385.24	385.539
390.507	0.9000000000000341	trials	85	s085_J210526	coCe_grSu6Ne	17	180.0	4	390.807	391.107
391.10699999999997	0.9000000000000341	trials	85	s085_J210526	grCe_grSu3Ne	5	225.0	4	391.407	391.707
396.058	0.9000000000000341	trials	85	s085_J210526	grCe_grSu6Ne_PS	18	225.0	4	396.358	396.657
399.692	0.9000000000000341	trials	85	s085_J210526	grCe_grSu6Ne	7	45.0	4	399.992	400.291
403.75	0.9000000000000341	trials	85	s085_J210526	grCe_grSu12SmCiNe	13	180.0	4	404.05	404.35
404.351	0.9000000000000341	trials	85	s085_J210526	grCe_grSu3Ne	5	315.0	4	404.651	404.95
412.377	0.9000000000000341	trials	85	s085_J210526	grSu12SmCiNe	12		4	412.677	412.976
412.977	0.9000000000000341	trials	85	s085_J210526	grCe_grSu6CiNe	15	270.0	4	413.277	413.576
413.585	0.9000000000000341	trials	85	s085_J210526	coCe	16	45.0	4	413.885	414.185
418.80199999999996	0.9000000000000341	trials	85	s085_J210526	grCe	1	180.0	4	419.102	419.402
419.402	0.9000000000000341	trials	85	s085_J210526	coCe_grSu6Ne	17	315.0	4	419.702	420.002
420.003	0.9000000000000341	trials	85	s085_J210526	grCe_grSu6Ne_PS	18	180.0	4	420.303	420.602
424.92	0.9000000000000341	trials	85	s085_J210526	grCe_grSu6CiNe_PS	19	225.0	4	425.22	425.519
425.52	0.9000000000000341	trials	85	s085_J210526	grCe_grSu12SmCiNe_PS	21	225.0	4	425.82	426.119
430.296	0.9000000000000341	trials	85	s085_J210526	grCe_grSu18Fa	11	225.0	4	430.596	430.895
431.496	0.9000000000000341	trials	85	s085_J210526	coCe_grSu6Ne	17	225.0	4	431.796	432.095
436.83799999999997	0.9000000000000341	trials	85	s085_J210526	grCe_grSu1Ne	3	180.0	4	437.138	437.438
437.438	0.9000000000000341	trials	85	s085_J210526	grCe_grSu6CiNe	15	0.0	4	437.738	438.038
440.947	0.9000000000000341	trials	85	s085_J210526	grCe_grSu12Mi	9	225.0	4	441.247	441.546
442.155	0.9000000000000341	trials	85	s085_J210526	grCe_grSu12Mi	9	135.0	4	442.455	442.755
447.181	0.9000000000000341	trials	85	s085_J210526	grCe_grSu3Ne	5	135.0	4	447.481	447.781
447.781	0.9000000000000341	trials	85	s085_J210526	grCe_grSu12SmCiNe_PS	21	45.0	4	448.081	448.381
448.381	0.9000000000000341	trials	85	s085_J210526	grCe_grSu3Ne	5	180.0	4	448.681	448.981
453.465	0.9000000000000341	trials	85	s085_J210526	grCe_grSu6Ne_PS	18	315.0	4	453.765	454.065
454.065	0.9000000000000341	trials	85	s085_J210526	grCe	1	90.0	4	454.365	454.665
454.674	0.9000000000000341	trials	85	s085_J210526	grCe_grSu12Mi	9	180.0	4	454.974	455.273
460.291	0.9000000000000341	trials	85	s085_J210526	grCe_grSu18Fa	11	270.0	4	460.591	460.891
460.9	0.9000000000000341	trials	85	s085_J210526	grCe_grSu18Fa	11	180.0	4	461.2	461.499
461.58299999999997	0.9000000000000341	trials	85	s085_J210526	grCe_grSu18Fa	11	45.0	4	461.883	462.183
467.234	0.9000000000000341	trials	85	s085_J210526	grCe_grSu12SmCiNe	13	0.0	4	467.534	467.833
467.834	0.9000000000000341	trials	85	s085_J210526	grCe_grSu12SmCiNe_PS	21	135.0	4	468.134	468.433
468.442	0.9000000000000341	trials	85	s085_J210526	grCe_grSu18Fa	11	135.0	4	468.742	469.042
473.34299999999996	0.9000000000000341	trials	85	s085_J210526	coCe_grSu6Ne	17	0.0	4	473.643	473.942
476.952	0.9000000000000341	trials	85	s085_J210526	grCe_grSu12SmCiNe	13	270.0	4	477.252	477.551
477.55199999999996	0.9000000000000341	trials	85	s085_J210526	grCe_grSu12SmCiNe	13	45.0	4	477.852	478.151
478.152	0.9000000000000341	trials	85	s085_J210526	grCe_grSu12SmCiNe	13	225.0	4	478.452	478.751
483.51099999999997	0.9000000000000341	trials	85	s085_J210526	grCe_grSu12Mi	9	90.0	4	483.811	484.11
484.111	0.9000000000000341	trials	85	s085_J210526	grCe_grSu12SmCiNe_PS	21	180.0	4	484.411	484.71
484.711	0.9000000000000341	trials	85	s085_J210526	grCe	1	135.0	4	485.011	485.311
503.613	0.9000000000000341	trials	85	s085_J210526	grSu6CiNe	14		4	503.913	504.213
504.21299999999997	0.9000000000000341	trials	85	s085_J210526	grCe_grSu12SmCiNe	13	135.0	4	504.513	504.813
504.81399999999996	0.9000000000000341	trials	85	s085_J210526	grCe_grSu3Ne	5	270.0	4	505.114	505.413
510.048	0.9000000000000341	trials	85	s085_J210526	grCe	1	0.0	4	510.348	510.647
510.64799999999997	0.9000000000000341	trials	85	s085_J210526	grCe_grSu6CiNe	15	135.0	4	510.948	511.247
511.256	0.8999999999999773	trials	85	s085_J210526	grCe_grSu12Mi	9	0.0	4	511.556	511.856
520.7410000000001	0.8999999999999773	trials	85	s085_J210526	coCe	16	90.0	4	521.041	521.34
521.341	0.8999999999999773	trials	85	s085_J210526	coCe	16	270.0	4	521.641	521.94
521.941	0.8999999999999773	trials	85	s085_J210526	grCe_grSu1Ne	3	0.0	4	522.241	522.54
530.4250000000001	0.8999999999999773	trials	85	s085_J210526	grCe_grSu18Fa	11	90.0	4	530.725	531.025
531.625	0.8999999999999773	trials	85	s085_J210526	grCe	1	270.0	4	531.925	532.225
536.551	0.8999999999999773	trials	85	s085_J210526	grCe_grSu6CiNe_PS	19	270.0	4	536.851	537.151
537.7510000000001	0.8999999999999773	trials	85	s085_J210526	grCe_grSu6Ne	7	225.0	4	538.051	538.351
542.7850000000001	0.8999999999999773	trials	85	s085_J210526	grCe_grSu6CiNe	15	225.0	4	543.085	543.385
543.385	0.8999999999999773	trials	85	s085_J210526	coCe_grSu6Ne	17	45.0	4	543.685	543.985
543.985	0.8999999999999773	trials	85	s085_J210526	coCe_grSu6Ne	17	270.0	4	544.285	544.585
552.6450000000001	0.8999999999999773	trials	85	s085_J210526	grCe_grSu6CiNe_PS	19	0.0	4	552.945	553.244
553.245	0.8999999999999773	trials	85	s085_J210526	grCe_grSu1Ne	3	315.0	4	553.545	553.844
553.845	0.8999999999999773	trials	85	s085_J210526	grCe_grSu6Ne	7	135.0	4	554.145	554.444
559.0790000000001	0.8999999999999773	trials	85	s085_J210526	NoStim	0		4	559.379	559.678
559.6790000000001	0.8999999999999773	trials	85	s085_J210526	grCe	1	315.0	4	559.979	560.279
560.279	0.8999999999999773	trials	85	s085_J210526	grSu12Mi	8		4	560.579	560.879
565.8960000000001	0.8999999999999773	trials	85	s085_J210526	grCe_grSu1Ne	3	45.0	4	566.196	566.496
566.4970000000001	0.8999999999999773	trials	85	s085_J210526	grCe_grSu6CiNe_PS	19	180.0	4	566.797	567.096
567.0970000000001	0.8999999999999773	trials	85	s085_J210526	grCe_grSu6Ne	7	90.0	4	567.397	567.696
572.081	0.8999999999999773	trials	85	s085_J210526	grCe	1	225.0	4	572.381	572.68
572.681	0.8999999999999773	trials	85	s085_J210526	grCe_grSu1Ne	3	135.0	4	572.981	573.28
573.2810000000001	0.8999999999999773	trials	85	s085_J210526	grSu1Ne	2		4	573.581	573.88
585.932	0.8999999999999773	trials	85	s085_J210526	grCe_grSu12Mi	9	315.0	4	586.232	586.532
589.725	0.8999999999999773	trials	85	s085_J210526	grCe_grSu6CiNe	15	180.0	4	590.025	590.324
590.9250000000001	0.8999999999999773	trials	85	s085_J210526	grCe_grSu1Ne	3	270.0	4	591.225	591.524
596.5920000000001	0.8999999999999773	trials	85	s085_J210526	grCe_grSu6CiNe_PS	19	315.0	4	596.892	597.192
597.192	0.8999999999999773	trials	85	s085_J210526	coCe	16	0.0	4	597.492	597.792
602.351	0.8999999999999773	trials	85	s085_J210526	grSu6Ne	6		4	602.651	602.951
602.951	0.8999999999999773	trials	85	s085_J210526	grCe_grSu6Ne	7	270.0	4	603.251	603.551
603.551	0.8999999999999773	trials	85	s085_J210526	grCe_grSu12SmCiNe	13	90.0	4	603.851	604.151
609.8520000000001	0.8999999999999773	trials	85	s085_J210526	coSu6Ne	20		4	610.152	610.452
618.412	0.8999999999999773	trials	85	s085_J210526	grCe_grSu6CiNe	15	45.0	4	618.712	619.011
619.0120000000001	0.8999999999999773	trials	85	s085_J210526	coCe_grSu6Ne	17	135.0	4	619.312	619.611
635.422	0.8999999999999773	trials	85	s085_J210526	grCe_grSu3Ne	5	0.0	4	635.722	636.022
636.022	0.8999999999999773	trials	85	s085_J210526	grCe_grSu12SmCiNe_PS	21	315.0	4	636.322	636.622
636.6220000000001	0.8999999999999773	trials	85	s085_J210526	grCe_grSu12SmCiNe_PS	21	90.0	4	636.922	637.222
642.215	0.8999999999999773	trials	85	s085_J210526	grCe_grSu6Ne	7	0.0	4	642.515	642.814
642.815	0.8999999999999773	trials	85	s085_J210526	grCe_grSu12SmCiNe_PS	21	270.0	4	643.115	643.414
654.966	0.8999999999999773	trials	85	s085_J210526	coCe_grSu6Ne	17	90.0	4	655.266	655.566
655.566	0.8999999999999773	trials	85	s085_J210526	grCe_grSu6Ne_PS	18	270.0	4	655.866	656.166
656.1750000000001	0.8999999999999773	trials	85	s085_J210526	grCe_grSu18Fa	11	315.0	4	656.475	656.774
661.976	0.8999999999999773	trials	85	s085_J210526	grCe_grSu6CiNe	15	90.0	4	662.276	662.575
668.101	0.8999999999999773	trials	85	s085_J210526	grCe_grSu6Ne	7	315.0	4	668.401	668.701
668.701	0.8999999999999773	trials	85	s085_J210526	grCe_grSu6Ne_PS	18	0.0	4	669.001	669.301
669.3100000000001	0.8999999999999773	trials	85	s085_J210526	grCe_grSu12Mi	9	45.0	4	669.61	669.909
675.469	0.8999999999999773	trials	85	s085_J210526	grCe_grSu18Fa	11	0.0	4	675.769	676.069
676.6690000000001	0.8999999999999773	trials	85	s085_J210526	grSu3Ne	4		4	676.969	677.269
682.9200000000001	0.8999999999999773	trials	85	s085_J210526	coCe	16	135.0	4	683.22	683.52
684.12	0.8999999999999773	trials	85	s085_J210526	grCe_grSu1Ne	3	225.0	4	684.42	684.72
689.5790000000001	0.8999999999999773	trials	85	s085_J210526	grCe_grSu3Ne	5	45.0	4	689.879	690.179
690.1790000000001	0.8999999999999773	trials	85	s085_J210526	coCe	16	315.0	4	690.479	690.779
690.888	0.8999999999999773	trials	85	s085_J210526	grCe_grSu6Ne_PS	18	90.0	4	691.188	691.487
701.7890000000001	0.8999999999999773	trials	85	s085_J210526	grCe_grSu6Ne_PS	18	45.0	4	702.089	702.389
702.389	0.8999999999999773	trials	85	s085_J210526	grCe_grSu3Ne	5	90.0	4	702.689	702.989
702.989	0.8999999999999773	trials	85	s085_J210526	grCe_grSu6CiNe_PS	19	90.0	4	703.289	703.589
713.1070000000001	0.8999999999999773	trials	85	s085_J210526	grCe_grSu6CiNe	15	315.0	4	713.407	713.707
713.707	0.8999999999999773	trials	85	s085_J210526	grCe_grSu6CiNe_PS	19	135.0	4	714.007	714.307
714.307	0.8999999999999773	trials	85	s085_J210526	grCe_grSu6CiNe_PS	19	45.0	4	714.607	714.907
722.9920000000001	0.8999999999999773	trials	85	s085_J210526	grCe_grSu12SmCiNe_PS	21	0.0	4	723.292	723.591
726.451	0.8999999999999773	trials	85	s085_J210526	grCe_grSu12Mi	9	90.0	0	726.751	727.05
727.0590000000001	0.8999999999999773	trials	85	s085_J210526	grCe_grSu18Fa	11	315.0	0	727.359	727.659
732.976	0.8999999999999773	trials	85	s085_J210526	coCe	16	315.0	0	733.276	733.576
733.577	0.8999999999999773	trials	85	s085_J210526	coCe_grSu6Ne	17	315.0	0	733.877	734.176
734.1850000000001	0.8999999999999773	trials	85	s085_J210526	grCe_grSu12Mi	9	225.0	0	734.485	734.785
740.236	0.8999999999999773	trials	85	s085_J210526	grCe_grSu12SmCiNe_PS	21	180.0	0	740.536	740.835
746.528	0.8999999999999773	trials	85	s085_J210526	grSu12SmCiNe	12		0	746.828	747.128
747.128	0.8999999999999773	trials	85	s085_J210526	grCe_grSu6CiNe	15	315.0	0	747.428	747.728
756.171	0.8999999999999773	trials	85	s085_J210526	grCe_grSu6CiNe_PS	19	225.0	0	756.471	756.771
769.931	0.8999999999999773	trials	85	s085_J210526	grCe_grSu1Ne	3	45.0	0	770.231	770.531
776.315	0.8999999999999773	trials	85	s085_J210526	grCe_grSu3Ne	5	0.0	0	776.615	776.915
776.916	0.8999999999999773	trials	85	s085_J210526	grCe_grSu6CiNe	15	225.0	0	777.216	777.515
777.5160000000001	0.8999999999999773	trials	85	s085_J210526	grCe_grSu1Ne	3	225.0	0	777.816	778.115
783.4910000000001	0.8999999999999773	trials	85	s085_J210526	coCe	16	225.0	0	783.791	784.091
784.1	0.8999999999999773	trials	85	s085_J210526	grCe_grSu12Mi	9	0.0	0	784.4	784.699
799.368	0.8999999999999773	trials	85	s085_J210526	grCe_grSu6CiNe	15	180.0	0	799.668	799.968
800.5690000000001	0.8999999999999773	trials	85	s085_J210526	grSu6CiNe	14		0	800.869	801.168
810.211	0.8999999999999773	trials	85	s085_J210526	NoStim	0		0	810.511	810.811
810.812	0.8999999999999773	trials	85	s085_J210526	grSu6Ne	6		0	811.112	811.411
811.412	0.8999999999999773	trials	85	s085_J210526	coCe_grSu6Ne	17	270.0	0	811.712	812.011
816.754	0.8999999999999773	trials	85	s085_J210526	grCe_grSu6Ne_PS	18	135.0	0	817.054	817.354
817.354	0.8999999999999773	trials	85	s085_J210526	grCe_grSu6Ne_PS	18	225.0	0	817.654	817.954
824.663	0.8999999999999773	trials	85	s085_J210526	grCe_grSu3Ne	5	90.0	0	824.963	825.263
825.263	0.8999999999999773	trials	85	s085_J210526	grCe_grSu1Ne	3	0.0	0	825.563	825.863
825.864	0.8999999999999773	trials	85	s085_J210526	coCe	16	135.0	0	826.164	826.463
838.715	0.8999999999999773	trials	85	s085_J210526	grCe_grSu18Fa	11	135.0	0	839.015	839.315
839.9240000000001	0.8999999999999773	trials	85	s085_J210526	grCe_grSu6Ne	7	315.0	0	840.224	840.523
844.633	0.8999999999999773	trials	85	s085_J210526	grCe_grSu6CiNe_PS	19	270.0	0	844.933	845.232
845.2330000000001	0.8999999999999773	trials	85	s085_J210526	grCe	1	45.0	0	845.533	845.832
845.8330000000001	0.8999999999999773	trials	85	s085_J210526	grCe_grSu6Ne	7	180.0	0	846.133	846.432
851.2330000000001	0.8999999999999773	trials	85	s085_J210526	grCe_grSu6CiNe	15	0.0	0	851.533	851.833
851.8340000000001	0.8999999999999773	trials	85	s085_J210526	grCe	1	315.0	0	852.134	852.433
858.9430000000001	0.8999999999999773	trials	85	s085_J210526	grCe_grSu3Ne	5	270.0	0	859.243	859.542
859.543	0.8999999999999773	trials	85	s085_J210526	grCe_grSu12SmCiNe	13	225.0	0	859.843	860.142
863.4350000000001	0.8999999999999773	trials	85	s085_J210526	grSu1Ne	2		0	863.735	864.035
869.611	0.8999999999999773	trials	85	s085_J210526	grCe_grSu6Ne	7	270.0	0	869.911	870.21
870.211	0.8999999999999773	trials	85	s085_J210526	grCe_grSu6Ne	7	135.0	0	870.511	870.81
870.811	0.8999999999999773	trials	85	s085_J210526	grCe_grSu3Ne	5	225.0	0	871.111	871.411
883.671	0.8999999999999773	trials	85	s085_J210526	grCe_grSu6CiNe	15	270.0	0	883.971	884.271
884.2710000000001	0.8999999999999773	trials	85	s085_J210526	coCe	16	180.0	0	884.571	884.871
890.3050000000001	0.8999999999999773	trials	85	s085_J210526	coCe	16	45.0	0	890.605	890.905
901.048	0.8999999999999773	trials	85	s085_J210526	coCe_grSu6Ne	17	135.0	0	901.348	901.648
902.248	0.8999999999999773	trials	85	s085_J210526	coCe_grSu6Ne	17	90.0	0	902.548	902.848
907.374	0.8999999999999773	trials	85	s085_J210526	grCe_grSu12SmCiNe	13	315.0	0	907.674	907.974
907.974	0.8999999999999773	trials	85	s085_J210526	grCe_grSu6CiNe_PS	19	45.0	0	908.274	908.574
908.5740000000001	0.8999999999999773	trials	85	s085_J210526	coCe	16	270.0	0	908.874	909.174
918.1840000000001	0.8999999999999773	trials	85	s085_J210526	coSu6Ne	20		0	918.484	918.783
922.701	0.8999999999999773	trials	85	s085_J210526	grCe_grSu6Ne_PS	18	270.0	0	923.001	923.301
923.301	0.8999999999999773	trials	85	s085_J210526	grCe_grSu12SmCiNe_PS	21	0.0	0	923.601	923.901
923.9100000000001	0.8999999999999773	trials	85	s085_J210526	grCe_grSu18Fa	11	225.0	0	924.21	924.509
929.6850000000001	0.8999999999999773	trials	85	s085_J210526	grCe_grSu6CiNe_PS	19	315.0	0	929.985	930.285
930.2850000000001	0.8999999999999773	trials	85	s085_J210526	grCe_grSu1Ne	3	270.0	0	930.585	930.885
930.885	0.8999999999999773	trials	85	s085_J210526	coCe	16	90.0	0	931.185	931.485
937.003	0.8999999999999773	trials	85	s085_J210526	grCe_grSu18Fa	11	180.0	0	937.303	937.602
937.6030000000001	0.8999999999999773	trials	85	s085_J210526	grCe_grSu3Ne	5	315.0	0	937.903	938.203
943.587	0.8999999999999773	trials	85	s085_J210526	grCe_grSu12SmCiNe_PS	21	45.0	0	943.887	944.187
948.029	0.8999999999999773	trials	85	s085_J210526	grCe_grSu6Ne_PS	18	45.0	0	948.329	948.629
948.638	0.8999999999999773	trials	85	s085_J210526	grCe_grSu12Mi	9	45.0	0	948.938	949.237
952.513	0.8999999999999773	trials	85	s085_J210526	grCe_grSu12Mi	9	270.0	0	952.813	953.113
953.113	0.8999999999999773	trials	85	s085_J210526	grCe_grSu12SmCiNe_PS	21	270.0	0	953.413	953.713
953.7130000000001	0.8999999999999773	trials	85	s085_J210526	grCe_grSu6Ne	7	90.0	0	954.013	954.313
958.697	0.8999999999999773	trials	85	s085_J210526	coCe_grSu6Ne	17	180.0	0	958.997	959.297
967.09	0.8999999999999773	trials	85	s085_J210526	grCe_grSu6Ne	7	45.0	0	967.39	967.69
967.69	0.8999999999999773	trials	85	s085_J210526	grCe	1	0.0	0	967.99	968.29
977.625	0.8999999999999773	trials	85	s085_J210526	coCe_grSu6Ne	17	0.0	0	977.925	978.224
978.2330000000001	0.8999999999999773	trials	85	s085_J210526	grCe_grSu12Mi	9	180.0	0	978.533	978.833
982.4000000000001	0.8999999999999773	trials	85	s085_J210526	grCe	1	270.0	0	982.7	983.0
983.0010000000001	0.8999999999999773	trials	85	s085_J210526	grCe_grSu1Ne	3	90.0	0	983.301	983.6
999.436	0.8999999999999773	trials	85	s085_J210526	grCe_grSu12SmCiNe	13	180.0	0	999.736	1000.036
1000.0360000000001	0.8999999999999773	trials	85	s085_J210526	grCe	1	225.0	0	1000.336	1000.636
1000.6450000000001	0.8999999999999773	trials	85	s085_J210526	grCe_grSu18Fa	11	90.0	0	1000.945	1001.244
1005.687	0.8999999999999773	trials	85	s085_J210526	grCe_grSu12Mi	9	315.0	0	1005.987	1006.286
1006.287	0.8999999999999773	trials	85	s085_J210526	grCe_grSu6Ne_PS	18	90.0	0	1006.587	1006.886
1006.8870000000001	0.8999999999999773	trials	85	s085_J210526	grCe_grSu6Ne_PS	18	315.0	0	1007.187	1007.487
1023.3470000000001	0.8999999999999773	trials	85	s085_J210526	grCe_grSu18Fa	11	270.0	0	1023.647	1023.947
1023.9480000000001	0.8999999999998636	trials	85	s085_J210526	grCe_grSu6Ne_PS	18	180.0	0	1024.248	1024.547
1033.457	0.8999999999998636	trials	85	s085_J210526	grCe_grSu3Ne	5	45.0	0	1033.757	1034.057
1034.057	0.8999999999998636	trials	85	s085_J210526	coCe_grSu6Ne	17	45.0	0	1034.357	1034.657
1037.758	0.8999999999998636	trials	85	s085_J210526	grCe_grSu1Ne	3	180.0	0	1038.058	1038.357
1038.358	0.8999999999998636	trials	85	s085_J210526	grCe_grSu6CiNe_PS	19	180.0	0	1038.658	1038.957
1043.95	0.8999999999998636	trials	85	s085_J210526	grCe_grSu12Mi	9	135.0	0	1044.25	1044.55
1044.55	0.8999999999998636	trials	85	s085_J210526	grSu12Mi	8		0	1044.85	1045.15
1045.15	0.8999999999998636	trials	85	s085_J210526	grCe_grSu12SmCiNe_PS	21	225.0	0	1045.45	1045.75
1050.1090000000002	0.8999999999998636	trials	85	s085_J210526	grCe_grSu3Ne	5	180.0	0	1050.409	1050.709
1054.126	0.8999999999998636	trials	85	s085_J210526	grCe_grSu6CiNe	15	45.0	0	1054.426	1054.726
1054.727	0.8999999999998636	trials	85	s085_J210526	grCe_grSu1Ne	3	315.0	0	1055.027	1055.326
1055.327	0.8999999999998636	trials	85	s085_J210526	grCe_grSu6Ne	7	0.0	0	1055.627	1055.926
1060.461	0.8999999999998636	trials	85	s085_J210526	grCe_grSu6CiNe_PS	19	90.0	0	1060.761	1061.06
1072.295	0.8999999999998636	trials	85	s085_J210526	grCe_grSu12SmCiNe_PS	21	135.0	0	1072.595	1072.895
1072.896	0.8999999999998636	trials	85	s085_J210526	grCe_grSu6Ne_PS	18	0.0	0	1073.196	1073.495
1078.28	0.8999999999998636	trials	85	s085_J210526	grCe_grSu12SmCiNe_PS	21	90.0	0	1078.58	1078.879
1084.38	0.8999999999998636	trials	85	s085_J210526	grCe_grSu6CiNe_PS	19	0.0	0	1084.68	1084.98
1084.98	0.8999999999998636	trials	85	s085_J210526	grCe_grSu3Ne	5	135.0	0	1085.28	1085.58
1085.589	0.8999999999998636	trials	85	s085_J210526	grSu18Fa	10		0	1085.889	1086.188
1090.673	0.8999999999998636	trials	85	s085_J210526	grCe_grSu12SmCiNe	13	135.0	0	1090.973	1091.272
1091.2730000000001	0.8999999999998636	trials	85	s085_J210526	grCe	1	90.0	0	1091.573	1091.872
1091.873	0.8999999999998636	trials	85	s085_J210526	grCe_grSu6CiNe	15	90.0	0	1092.173	1092.473
1097.682	0.8999999999998636	trials	85	s085_J210526	grCe	1	135.0	0	1097.982	1098.282
1098.291	0.8999999999998636	trials	85	s085_J210526	grCe_grSu18Fa	11	45.0	0	1098.591	1098.89
1102.599	0.8999999999998636	trials	85	s085_J210526	grCe_grSu12SmCiNe_PS	21	315.0	0	1102.899	1103.199
1103.199	0.8999999999998636	trials	85	s085_J210526	grCe_grSu12SmCiNe	13	45.0	0	1103.499	1103.799
1103.8	0.8999999999998636	trials	85	s085_J210526	coCe_grSu6Ne	17	225.0	0	1104.1	1104.399
1115.526	0.8999999999998636	trials	85	s085_J210526	grCe_grSu6CiNe_PS	19	135.0	0	1115.826	1116.126
1116.126	0.8999999999998636	trials	85	s085_J210526	grCe	1	180.0	0	1116.426	1116.726
1116.726	0.8999999999998636	trials	85	s085_J210526	grCe_grSu1Ne	3	135.0	0	1117.026	1117.326
1122.394	0.8999999999998636	trials	85	s085_J210526	grCe_grSu12SmCiNe	13	90.0	0	1122.694	1122.993
1122.9940000000001	0.8999999999998636	trials	85	s085_J210526	grCe_grSu12SmCiNe	13	0.0	0	1123.294	1123.593
1123.602	0.8999999999998636	trials	85	s085_J210526	grCe_grSu18Fa	11	0.0	0	1123.902	1124.202
1133.095	0.8999999999998636	trials	85	s085_J210526	grCe_grSu12SmCiNe	13	270.0	0	1133.395	1133.695
1133.695	0.8999999999998636	trials	85	s085_J210526	grCe_grSu6Ne	7	225.0	0	1133.995	1134.295
1134.295	0.8999999999998636	trials	85	s085_J210526	coCe	16	0.0	0	1134.595	1134.895
1143.5800000000002	0.8999999999998636	trials	85	s085_J210526	grCe_grSu6CiNe	15	135.0	0	1143.88	1144.179
1144.18	0.8999999999998636	trials	85	s085_J210526	grSu3Ne	4		0	1144.48	1144.779
1153.173	0.8999999999998636	trials	85	s085_J210526	grCe_grSu6Ne_PS	18	0.0	8	1153.473	1153.772
1153.7730000000001	0.8999999999998636	trials	85	s085_J210526	grCe_grSu6Ne_PS	18	225.0	8	1154.073	1154.372
1154.373	0.8999999999998636	trials	85	s085_J210526	coCe	16	135.0	8	1154.673	1154.972
1160.324	0.8999999999998636	trials	85	s085_J210526	grCe_grSu12Mi	9	90.0	8	1160.624	1160.923
1160.924	0.8999999999998636	trials	85	s085_J210526	grSu12SmCiNe	12		8	1161.224	1161.523
1167.5910000000001	0.8999999999998636	trials	85	s085_J210526	grCe_grSu6Ne	7	45.0	8	1167.891	1168.191
1168.191	0.8999999999998636	trials	85	s085_J210526	coCe_grSu6Ne	17	270.0	8	1168.491	1168.791
1172.258	0.8999999999998636	trials	85	s085_J210526	grSu1Ne	2		8	1172.558	1172.858
1184.468	0.8999999999998636	trials	85	s085_J210526	grCe_grSu3Ne	5	225.0	8	1184.768	1185.068
1185.068	0.8999999999998636	trials	85	s085_J210526	grCe_grSu12SmCiNe_PS	21	315.0	8	1185.368	1185.668
1194.295	0.8999999999998636	trials	85	s085_J210526	grCe_grSu6Ne	7	225.0	8	1194.595	1194.894
1198.8790000000001	0.8999999999998636	trials	85	s085_J210526	grCe_grSu18Fa	11	180.0	8	1199.179	1199.478
1199.479	0.8999999999998636	trials	85	s085_J210526	grCe	1	45.0	8	1199.779	1200.078
1200.079	0.8999999999998636	trials	85	s085_J210526	grCe_grSu12SmCiNe	13	90.0	8	1200.379	1200.678
1205.496	0.8999999999998636	trials	85	s085_J210526	coSu6Ne	20		8	1205.796	1206.096
1206.096	0.8999999999998636	trials	85	s085_J210526	grCe_grSu3Ne	5	45.0	8	1206.396	1206.696
1212.347	0.8999999999998636	trials	85	s085_J210526	coCe	16	225.0	8	1212.647	1212.947
1212.9550000000002	0.8999999999998636	trials	85	s085_J210526	grCe_grSu12Mi	9	315.0	8	1213.255	1213.555
1219.031	0.8999999999998636	trials	85	s085_J210526	grCe	1	90.0	8	1219.331	1219.631
1225.6570000000002	0.8999999999998636	trials	85	s085_J210526	grCe_grSu6CiNe_PS	19	270.0	8	1225.957	1226.257
1226.257	0.8999999999998636	trials	85	s085_J210526	grCe_grSu6CiNe_PS	19	315.0	8	1226.557	1226.857
1240.559	0.8999999999998636	trials	85	s085_J210526	grCe	1	135.0	8	1240.859	1241.159
1241.159	0.8999999999998636	trials	85	s085_J210526	grCe_grSu6Ne_PS	18	135.0	8	1241.459	1241.759
1241.759	0.8999999999998636	trials	85	s085_J210526	grCe_grSu12SmCiNe	13	0.0	8	1242.059	1242.359
1248.368	0.8999999999998636	trials	85	s085_J210526	grSu12Mi	8		8	1248.668	1248.968
1253.269	0.8999999999998636	trials	85	s085_J210526	grCe_grSu12SmCiNe	13	180.0	8	1253.569	1253.868
1253.8690000000001	0.8999999999998636	trials	85	s085_J210526	grCe_grSu1Ne	3	180.0	8	1254.169	1254.469
1268.113	0.8999999999998636	trials	85	s085_J210526	grCe_grSu12SmCiNe_PS	21	270.0	8	1268.413	1268.712
1272.23	0.8999999999998636	trials	85	s085_J210526	grCe_grSu12SmCiNe	13	135.0	8	1272.53	1272.829
1272.855	0.8999999999998636	trials	85	s085_J210526	grSu18Fa	10		8	1273.155	1273.454
1273.4550000000002	0.8999999999998636	trials	85	s085_J210526	grCe_grSu6Ne_PS	18	270.0	8	1273.755	1274.054
1292.166	0.8999999999998636	trials	85	s085_J210526	grCe_grSu12Mi	9	135.0	8	1292.466	1292.765
1292.766	0.8999999999998636	trials	85	s085_J210526	grCe_grSu3Ne	5	180.0	8	1293.066	1293.365
1293.366	0.8999999999998636	trials	85	s085_J210526	grCe_grSu6Ne	7	270.0	8	1293.666	1293.965
1299.108	0.8999999999998636	trials	85	s085_J210526	grSu3Ne	4		8	1299.408	1299.708
1299.708	0.8999999999998636	trials	85	s085_J210526	grCe_grSu12SmCiNe_PS	21	0.0	8	1300.008	1300.308
1304.659	0.8999999999998636	trials	85	s085_J210526	grCe_grSu18Fa	11	45.0	8	1304.959	1305.258
1305.259	0.8999999999998636	trials	85	s085_J210526	grCe_grSu6CiNe_PS	19	0.0	8	1305.559	1305.859
1305.8590000000002	0.8999999999998636	trials	85	s085_J210526	grCe_grSu12SmCiNe_PS	21	45.0	8	1306.159	1306.459
1316.56	0.8999999999998636	trials	85	s085_J210526	grCe_grSu18Fa	11	315.0	8	1316.86	1317.16
1317.161	0.8999999999998636	trials	85	s085_J210526	grCe_grSu1Ne	3	90.0	8	1317.461	1317.76
1317.761	0.8999999999998636	trials	85	s085_J210526	grCe_grSu3Ne	5	0.0	8	1318.061	1318.36
1323.1200000000001	0.8999999999998636	trials	85	s085_J210526	grSu6CiNe	14		8	1323.42	1323.719
1328.429	0.8999999999998636	trials	85	s085_J210526	grCe_grSu18Fa	11	225.0	8	1328.729	1329.028
1341.405	0.8999999999998636	trials	85	s085_J210526	coCe_grSu6Ne	17	45.0	8	1341.705	1342.005
1342.005	0.8999999999998636	trials	85	s085_J210526	grCe_grSu6Ne_PS	18	180.0	8	1342.305	1342.605
1342.606	0.8999999999998636	trials	85	s085_J210526	grCe_grSu1Ne	3	0.0	8	1342.906	1343.205
1356.141	0.8999999999998636	trials	85	s085_J210526	grCe_grSu12SmCiNe	13	45.0	8	1356.441	1356.74
1356.741	0.8999999999998636	trials	85	s085_J210526	grCe	1	270.0	8	1357.041	1357.34
1357.3410000000001	0.8999999999998636	trials	85	s085_J210526	grCe_grSu6CiNe	15	225.0	8	1357.641	1357.94
1362.4660000000001	0.8999999999998636	trials	85	s085_J210526	grCe	1	225.0	8	1362.766	1363.066
1363.6670000000001	0.8999999999998636	trials	85	s085_J210526	grCe_grSu6Ne_PS	18	45.0	8	1363.967	1364.266
1368.5510000000002	0.8999999999998636	trials	85	s085_J210526	coCe	16	315.0	8	1368.851	1369.15
1369.151	0.8999999999998636	trials	85	s085_J210526	coCe	16	180.0	8	1369.451	1369.75
1369.751	0.8999999999998636	trials	85	s085_J210526	grCe_grSu6Ne	7	315.0	8	1370.051	1370.35
1375.01	0.8999999999998636	trials	85	s085_J210526	grCe	1	0.0	8	1375.31	1375.609
1389.728	0.8999999999998636	trials	85	s085_J210526	grCe_grSu6CiNe	15	315.0	8	1390.028	1390.328
1390.328	0.8999999999998636	trials	85	s085_J210526	grCe_grSu6CiNe_PS	19	45.0	8	1390.628	1390.928
1390.928	0.8999999999998636	trials	85	s085_J210526	grCe_grSu12SmCiNe	13	225.0	8	1391.228	1391.528
1396.1960000000001	0.8999999999998636	trials	85	s085_J210526	grCe_grSu1Ne	3	270.0	8	1396.496	1396.795
1396.796	0.8999999999998636	trials	85	s085_J210526	grCe_grSu12SmCiNe_PS	21	180.0	8	1397.096	1397.395
1397.396	0.8999999999998636	trials	85	s085_J210526	grCe_grSu12SmCiNe_PS	21	90.0	8	1397.696	1397.996
1415.2730000000001	0.8999999999998636	trials	85	s085_J210526	grCe_grSu6CiNe_PS	19	90.0	8	1415.573	1415.873
1416.473	0.8999999999998636	trials	85	s085_J210526	coCe	16	45.0	8	1416.773	1417.073
1427.066	0.8999999999998636	trials	85	s085_J210526	grCe_grSu6Ne_PS	18	315.0	8	1427.366	1427.666
1427.6670000000001	0.8999999999998636	trials	85	s085_J210526	grCe_grSu3Ne	5	270.0	8	1427.967	1428.266
1437.593	0.8999999999998636	trials	85	s085_J210526	grCe_grSu6Ne	7	0.0	8	1437.893	1438.192
1438.193	0.8999999999998636	trials	85	s085_J210526	grCe_grSu6CiNe_PS	19	180.0	8	1438.493	1438.792
1438.8010000000002	0.8999999999998636	trials	85	s085_J210526	grCe_grSu12Mi	9	270.0	8	1439.101	1439.401
1456.695	0.8999999999998636	trials	85	s085_J210526	NoStim	0		8	1456.995	1457.295
1457.295	0.8999999999998636	trials	85	s085_J210526	grCe_grSu3Ne	5	90.0	8	1457.595	1457.895
1457.895	0.8999999999998636	trials	85	s085_J210526	grCe_grSu6Ne	7	180.0	8	1458.195	1458.495
1466.472	0.8999999999998636	trials	85	s085_J210526	coCe_grSu6Ne	17	135.0	8	1466.772	1467.071
1467.0720000000001	0.8999999999998636	trials	85	s085_J210526	grCe_grSu6CiNe_PS	19	225.0	8	1467.372	1467.671
1473.172	0.8999999999998636	trials	85	s085_J210526	coCe	16	90.0	8	1473.472	1473.772
1474.373	0.8999999999998636	trials	85	s085_J210526	grCe_grSu12SmCiNe	13	315.0	8	1474.673	1474.972
1489.516	0.8999999999998636	trials	85	s085_J210526	grCe_grSu12SmCiNe	13	270.0	8	1489.816	1490.116
1490.116	0.8999999999998636	trials	85	s085_J210526	grCe_grSu6CiNe	15	0.0	8	1490.416	1490.716
1498.826	0.8999999999998636	trials	85	s085_J210526	coCe	16	270.0	8	1499.126	1499.425
1499.4260000000002	0.8999999999998636	trials	85	s085_J210526	grCe_grSu1Ne	3	315.0	8	1499.726	1500.025
1500.026	0.8999999999998636	trials	85	s085_J210526	grCe_grSu6CiNe	15	135.0	8	1500.326	1500.625
1505.0430000000001	0.8999999999998636	trials	85	s085_J210526	coCe	16	0.0	8	1505.343	1505.643
1505.643	0.8999999999998636	trials	85	s085_J210526	coCe_grSu6Ne	17	90.0	8	1505.943	1506.243
1506.252	0.8999999999998636	trials	85	s085_J210526	grCe_grSu12Mi	9	225.0	8	1506.552	1506.851
1511.352	0.8999999999998636	trials	85	s085_J210526	coCe_grSu6Ne	17	180.0	8	1511.652	1511.952
1515.553	0.8999999999998636	trials	85	s085_J210526	grCe_grSu12SmCiNe_PS	21	135.0	8	1515.853	1516.152
1516.153	0.8999999999998636	trials	85	s085_J210526	grCe_grSu1Ne	3	45.0	8	1516.453	1516.753
1516.7530000000002	0.8999999999998636	trials	85	s085_J210526	grCe_grSu6Ne	7	90.0	8	1517.053	1517.353
1525.121	0.8999999999998636	trials	85	s085_J210526	grCe_grSu3Ne	5	315.0	8	1525.421	1525.72
1525.721	0.8999999999998636	trials	85	s085_J210526	coCe_grSu6Ne	17	315.0	8	1526.021	1526.32
1526.329	0.8999999999998636	trials	85	s085_J210526	grCe_grSu18Fa	11	135.0	8	1526.629	1526.929
1531.522	0.8999999999998636	trials	85	s085_J210526	grCe_grSu6CiNe	15	270.0	8	1531.822	1532.121
1532.122	0.8999999999998636	trials	85	s085_J210526	grCe	1	315.0	8	1532.422	1532.721
1532.722	0.8999999999998636	trials	85	s085_J210526	coCe_grSu6Ne	17	225.0	8	1533.022	1533.321
1538.7730000000001	0.8999999999998636	trials	85	s085_J210526	grCe_grSu12Mi	9	180.0	8	1539.073	1539.372
1544.265	0.8999999999998636	trials	85	s085_J210526	grCe_grSu18Fa	11	0.0	8	1544.565	1544.865
1544.865	0.8999999999998636	trials	85	s085_J210526	grCe_grSu1Ne	3	135.0	8	1545.165	1545.465
1556.9080000000001	0.8999999999998636	trials	85	s085_J210526	grCe_grSu3Ne	5	135.0	8	1557.208	1557.508
1557.508	0.8999999999998636	trials	85	s085_J210526	grCe_grSu6CiNe	15	45.0	8	1557.808	1558.108
1558.108	0.8999999999998636	trials	85	s085_J210526	grCe_grSu6Ne	7	135.0	8	1558.408	1558.708
1563.026	0.8999999999998636	trials	85	s085_J210526	grCe_grSu12Mi	9	0.0	8	1563.326	1563.625
1566.851	0.8999999999998636	trials	85	s085_J210526	grCe_grSu6CiNe	15	90.0	8	1567.151	1567.451
1582.97	0.8999999999998636	trials	85	s085_J210526	grCe_grSu6Ne_PS	18	90.0	8	1583.27	1583.57
1583.57	0.8999999999998636	trials	85	s085_J210526	grCe_grSu6CiNe	15	180.0	8	1583.87	1584.17
1584.17	0.8999999999998636	trials	85	s085_J210526	grCe	1	180.0	8	1584.47	1584.77
1589.404	0.8999999999998636	trials	85	s085_J210526	grCe_grSu12SmCiNe_PS	21	225.0	8	1589.704	1590.004
1590.0130000000001	0.8999999999998636	trials	85	s085_J210526	grCe_grSu18Fa	11	270.0	8	1590.313	1590.612
1590.613	0.8999999999998636	trials	85	s085_J210526	coCe_grSu6Ne	17	0.0	8	1590.913	1591.212
1597.314	0.8999999999998636	trials	85	s085_J210526	grCe_grSu1Ne	3	225.0	8	1597.614	1597.913
1603.606	0.8999999999998636	trials	85	s085_J210526	grCe_grSu12Mi	9	45.0	8	1603.906	1604.206
1611.9650000000001	0.8999999999998636	trials	85	s085_J210526	grSu6Ne	6		8	1612.265	1612.565
1612.566	0.8999999999998636	trials	85	s085_J210526	grCe_grSu6CiNe_PS	19	135.0	8	1612.866	1613.165
1616.3990000000001	0.8999999999998636	trials	85	s085_J210526	grCe_grSu18Fa	11	90.0	8	1616.699	1616.999
1617.008	0.8999999999998636	trials	85	s085_J210526	grCe_grSu12Mi	9	225.0	5	1617.308	1617.607
1617.616	0.8999999999998636	trials	85	s085_J210526	grSu18Fa	10		5	1617.916	1618.216
1622.867	0.8999999999998636	trials	85	s085_J210526	grCe_grSu6CiNe_PS	19	315.0	5	1623.167	1623.466
1627.442	0.8999999999998636	trials	85	s085_J210526	coCe	16	0.0	5	1627.742	1628.042
1628.0430000000001	0.8999999999998636	trials	85	s085_J210526	grCe_grSu6CiNe	15	225.0	5	1628.343	1628.642
1628.643	0.8999999999998636	trials	85	s085_J210526	coCe	16	180.0	5	1628.943	1629.242
1634.885	0.8999999999998636	trials	85	s085_J210526	grCe_grSu1Ne	3	225.0	5	1635.185	1635.485
1641.078	0.8999999999998636	trials	85	s085_J210526	grSu6Ne	6		5	1641.378	1641.677
1645.6280000000002	0.8999999999998636	trials	85	s085_J210526	coCe_grSu6Ne	17	315.0	5	1645.928	1646.228
1646.237	0.8999999999998636	trials	85	s085_J210526	grCe_grSu3Ne	5	225.0	5	1646.537	1646.836
1646.837	0.8999999999998636	trials	85	s085_J210526	grCe_grSu6CiNe_PS	19	45.0	5	1647.137	1647.436
1652.271	0.8999999999998636	trials	85	s085_J210526	coCe	16	315.0	5	1652.571	1652.87
1652.871	0.8999999999998636	trials	85	s085_J210526	grCe_grSu6Ne_PS	18	135.0	5	1653.171	1653.47
1658.7630000000001	0.8999999999998636	trials	85	s085_J210526	grCe_grSu12Mi	9	45.0	5	1659.063	1659.363
1659.363	0.8999999999998636	trials	85	s085_J210526	grCe_grSu3Ne	5	315.0	5	1659.663	1659.963
1659.963	0.8999999999998636	trials	85	s085_J210526	grCe_grSu6Ne	7	180.0	5	1660.263	1660.563
1665.364	0.8999999999998636	trials	85	s085_J210526	grCe_grSu12SmCiNe	13	270.0	5	1665.664	1665.964
1665.972	0.8999999999998636	trials	85	s085_J210526	grSu12Mi	8		5	1666.272	1666.572
1671.573	0.8999999999998636	trials	85	s085_J210526	coCe_grSu6Ne	17	180.0	5	1671.873	1672.173
1672.173	0.8999999999998636	trials	85	s085_J210526	grCe_grSu6CiNe_PS	19	0.0	5	1672.473	1672.773
1672.7730000000001	0.8999999999998636	trials	85	s085_J210526	grCe	1	270.0	5	1673.073	1673.373
1678.474	0.8999999999998636	trials	85	s085_J210526	grCe	1	315.0	5	1678.774	1679.074
1679.074	0.8999999999998636	trials	85	s085_J210526	grCe_grSu12SmCiNe_PS	21	45.0	5	1679.374	1679.674
1679.683	0.8999999999998636	trials	85	s085_J210526	grCe_grSu12Mi	9	90.0	5	1679.983	1680.282
1685.183	0.8999999999998636	trials	85	s085_J210526	grCe	1	225.0	5	1685.483	1685.783
1685.7830000000001	0.8999999999998636	trials	85	s085_J210526	grCe_grSu12SmCiNe_PS	21	135.0	5	1686.083	1686.383
1686.383	0.8999999999998636	trials	85	s085_J210526	grCe_grSu6CiNe	15	45.0	5	1686.683	1686.983
1692.2930000000001	0.8999999999998636	trials	85	s085_J210526	grCe_grSu1Ne	3	180.0	5	1692.593	1692.892
1696.635	0.8999999999998636	trials	85	s085_J210526	grCe_grSu18Fa	11	0.0	5	1696.935	1697.234
1706.103	0.8999999999998636	trials	85	s085_J210526	grCe_grSu12SmCiNe	13	135.0	5	1706.403	1706.702
1706.703	0.8999999999998636	trials	85	s085_J210526	coSu6Ne	20		5	1707.003	1707.302
1707.303	0.8999999999998636	trials	85	s085_J210526	grCe_grSu6Ne_PS	18	0.0	5	1707.603	1707.902
1718.979	0.8999999999998636	trials	85	s085_J210526	grCe_grSu12SmCiNe	13	45.0	5	1719.279	1719.579
1719.588	0.8999999999998636	trials	85	s085_J210526	grCe_grSu18Fa	11	90.0	5	1719.888	1720.187
1720.188	0.8999999999998636	trials	85	s085_J210526	grCe_grSu12SmCiNe_PS	21	90.0	5	1720.488	1720.787
1725.18	0.8999999999998636	trials	85	s085_J210526	grCe_grSu1Ne	3	315.0	5	1725.48	1725.78
1725.78	0.8999999999998636	trials	85	s085_J210526	grCe_grSu6CiNe_PS	19	225.0	5	1726.08	1726.38
1731.431	0.8999999999998636	trials	85	s085_J210526	coCe_grSu6Ne	17	135.0	5	1731.731	1732.03
1732.631	0.8999999999998636	trials	85	s085_J210526	grCe_grSu1Ne	3	90.0	5	1732.931	1733.231
1738.2730000000001	0.8999999999998636	trials	85	s085_J210526	grCe_grSu6CiNe	15	90.0	5	1738.573	1738.873
1738.874	0.8999999999998636	trials	85	s085_J210526	grCe_grSu6Ne_PS	18	225.0	5	1739.174	1739.473
1747.675	0.8999999999998636	trials	85	s085_J210526	grSu6CiNe	14		5	1747.975	1748.274
1748.2830000000001	0.8999999999998636	trials	85	s085_J210526	grCe_grSu12Mi	9	270.0	5	1748.583	1748.883
1755.867	0.8999999999998636	trials	85	s085_J210526	grCe_grSu12SmCiNe	13	225.0	5	1756.167	1756.467
1760.351	0.8999999999998636	trials	85	s085_J210526	grCe_grSu6CiNe	15	315.0	5	1760.651	1760.951
1760.951	0.8999999999998636	trials	85	s085_J210526	grCe_grSu6Ne_PS	18	180.0	5	1761.251	1761.551
1761.5520000000001	0.8999999999998636	trials	85	s085_J210526	grCe_grSu6Ne_PS	18	90.0	5	1761.852	1762.151
1766.585	0.8999999999998636	trials	85	s085_J210526	grCe_grSu3Ne	5	180.0	5	1766.885	1767.185
1770.394	0.8999999999998636	trials	85	s085_J210526	grCe_grSu6Ne	7	0.0	5	1770.694	1770.994
1771.594	0.8999999999998636	trials	85	s085_J210526	grCe_grSu6Ne	7	45.0	5	1771.894	1772.194
1776.645	0.8999999999998636	trials	85	s085_J210526	grCe_grSu6CiNe_PS	19	270.0	5	1776.945	1777.245
1777.845	0.8999999999998636	trials	85	s085_J210526	coCe	16	225.0	5	1778.145	1778.445
1783.088	0.8999999999998636	trials	85	s085_J210526	grCe_grSu3Ne	5	45.0	5	1783.388	1783.687
1783.6960000000001	0.8999999999998636	trials	85	s085_J210526	grCe_grSu18Fa	11	45.0	5	1783.996	1784.296
1792.9560000000001	0.8999999999998636	trials	85	s085_J210526	grCe_grSu18Fa	11	135.0	5	1793.256	1793.555
1796.864	0.8999999999998636	trials	85	s085_J210526	NoStim	0		5	1797.164	1797.464
1797.464	0.8999999999998636	trials	85	s085_J210526	grCe_grSu6Ne	7	135.0	5	1797.764	1798.064
1798.065	0.8999999999998636	trials	85	s085_J210526	coCe_grSu6Ne	17	0.0	5	1798.365	1798.664
1803.365	0.8999999999998636	trials	85	s085_J210526	grCe_grSu6CiNe	15	0.0	5	1803.665	1803.965
1803.9650000000001	0.8999999999998636	trials	85	s085_J210526	grCe_grSu12SmCiNe	13	315.0	5	1804.265	1804.565
1814.633	0.8999999999998636	trials	85	s085_J210526	grCe_grSu12SmCiNe_PS	21	270.0	5	1814.933	1815.233
1815.233	0.8999999999998636	trials	85	s085_J210526	grCe_grSu6CiNe_PS	19	180.0	5	1815.533	1815.833
1815.834	0.8999999999998636	trials	85	s085_J210526	grCe_grSu6Ne	7	225.0	5	1816.134	1816.433
1833.3690000000001	0.8999999999998636	trials	85	s085_J210526	grCe_grSu3Ne	5	135.0	5	1833.669	1833.969
1833.978	0.8999999999998636	trials	85	s085_J210526	grCe_grSu18Fa	11	270.0	5	1834.278	1834.577
1834.578	0.8999999999998636	trials	85	s085_J210526	coCe_grSu6Ne	17	90.0	5	1834.878	1835.177
1839.528	0.8999999999998636	trials	85	s085_J210526	grCe_grSu6Ne_PS	18	45.0	5	1839.828	1840.128
1840.1280000000002	0.8999999999998636	trials	85	s085_J210526	coCe	16	90.0	5	1840.428	1840.728
1840.737	0.8999999999998636	trials	85	s085_J210526	grCe_grSu12Mi	9	135.0	5	1841.037	1841.336
1846.054	0.8999999999998636	trials	85	s085_J210526	grCe_grSu12SmCiNe_PS	21	180.0	5	1846.354	1846.654
1850.063	0.8999999999998636	trials	85	s085_J210526	grCe_grSu6CiNe	15	180.0	5	1850.363	1850.663
1850.663	0.8999999999998636	trials	85	s085_J210526	grCe_grSu3Ne	5	90.0	5	1850.963	1851.263
1851.2630000000001	0.8999999999998636	trials	85	s085_J210526	grCe_grSu6CiNe_PS	19	135.0	5	1851.563	1851.863
1856.789	0.8999999999998636	trials	85	s085_J210526	grCe_grSu12SmCiNe	13	0.0	5	1857.089	1857.388
1863.365	0.8999999999998636	trials	85	s085_J210526	grCe_grSu6Ne	7	315.0	5	1863.665	1863.964
1863.9650000000001	0.8999999999998636	trials	85	s085_J210526	grCe	1	135.0	5	1864.265	1864.564
1864.565	0.8999999999998636	trials	85	s085_J210526	grCe	1	90.0	5	1864.865	1865.164
1875.083	0.8999999999998636	trials	85	s085_J210526	grCe	1	0.0	5	1875.383	1875.682
1886.443	0.8999999999998636	trials	85	s085_J210526	coCe	16	135.0	5	1886.743	1887.042
1887.0430000000001	0.8999999999998636	trials	85	s085_J210526	grCe_grSu1Ne	3	45.0	5	1887.343	1887.642
1887.651	0.8999999999998636	trials	85	s085_J210526	grCe_grSu12Mi	9	180.0	5	1887.951	1888.251
1892.627	0.8999999999998636	trials	85	s085_J210526	grCe	1	45.0	5	1892.927	1893.226
1893.827	0.8999999999998636	trials	85	s085_J210526	grCe_grSu12SmCiNe_PS	21	315.0	5	1894.127	1894.427
1903.645	0.8999999999998636	trials	85	s085_J210526	grCe_grSu6Ne_PS	18	315.0	5	1903.945	1904.244
1904.845	0.8999999999998636	trials	85	s085_J210526	grCe_grSu6Ne_PS	18	270.0	5	1905.145	1905.445
1912.7630000000001	0.8999999999998636	trials	85	s085_J210526	coCe	16	45.0	5	1913.063	1913.362
1923.564	0.8999999999998636	trials	85	s085_J210526	grCe_grSu12Mi	9	315.0	5	1923.864	1924.164
1924.164	0.8999999999998636	trials	85	s085_J210526	grSu12SmCiNe	12		5	1924.464	1924.764
1924.7640000000001	0.8999999999998636	trials	85	s085_J210526	coCe_grSu6Ne	17	270.0	5	1925.064	1925.364
1939.275	0.8999999999998636	trials	85	s085_J210526	grCe_grSu1Ne	3	270.0	5	1939.575	1939.874
1939.875	0.8999999999998636	trials	85	s085_J210526	coCe_grSu6Ne	17	225.0	5	1940.175	1940.474
1952.785	0.8999999999998636	trials	85	s085_J210526	grCe_grSu6Ne	7	270.0	5	1953.085	1953.384
1953.393	0.8999999999998636	trials	85	s085_J210526	grCe_grSu18Fa	11	225.0	5	1953.693	1953.993
1953.993	0.8999999999998636	trials	85	s085_J210526	grCe_grSu3Ne	5	270.0	5	1954.293	1954.593
1963.886	0.8999999999998636	trials	85	s085_J210526	coCe_grSu6Ne	17	45.0	5	1964.186	1964.486
1965.086	0.8999999999998636	trials	85	s085_J210526	grCe_grSu12SmCiNe_PS	21	225.0	5	1965.386	1965.686
1972.387	0.8999999999998636	trials	85	s085_J210526	grCe_grSu12SmCiNe_PS	21	0.0	5	1972.687	1972.987
1972.987	0.8999999999998636	trials	85	s085_J210526	grCe_grSu6Ne	7	90.0	5	1973.287	1973.587
1982.8220000000001	0.8999999999998636	trials	85	s085_J210526	grCe_grSu12SmCiNe	13	90.0	5	1983.122	1983.421
1983.422	0.8999999999998636	trials	85	s085_J210526	grCe_grSu6CiNe	15	270.0	5	1983.722	1984.021
1993.982	0.8999999999998636	trials	85	s085_J210526	grCe	1	180.0	5	1994.282	1994.581
1994.582	0.8999999999998636	trials	85	s085_J210526	grCe_grSu1Ne	3	0.0	5	1994.882	1995.181
1995.182	0.8999999999998636	trials	85	s085_J210526	grCe_grSu12SmCiNe	13	180.0	5	1995.482	1995.781
2004.075	0.8999999999998636	trials	85	s085_J210526	grSu3Ne	4		5	2004.375	2004.674
2008.517	0.8999999999998636	trials	85	s085_J210526	grCe_grSu12Mi	9	0.0	5	2008.817	2009.116
2019.185	0.8999999999998636	trials	85	s085_J210526	grCe_grSu18Fa	11	315.0	5	2019.485	2019.784
2019.785	0.8999999999998636	trials	85	s085_J210526	grSu1Ne	2		5	2020.085	2020.385
2020.385	0.8999999999998636	trials	85	s085_J210526	grCe_grSu3Ne	5	0.0	5	2020.685	2020.985
2025.827	0.8999999999998636	trials	85	s085_J210526	grCe_grSu6CiNe	15	135.0	5	2026.127	2026.427
2026.428	0.8999999999998636	trials	85	s085_J210526	grCe_grSu1Ne	3	135.0	5	2026.728	2027.027
2031.345	0.8999999999998636	trials	85	s085_J210526	grCe_grSu18Fa	11	180.0	5	2031.645	2031.944
2031.945	0.8999999999998636	trials	85	s085_J210526	coCe	16	270.0	5	2032.245	2032.544
2032.545	0.8999999999998636	trials	85	s085_J210526	grCe_grSu6CiNe_PS	19	90.0	5	2032.845	2033.145
2037.771	0.8999999999998636	trials	85	s085_J210526	grCe	1	0.0	1	2038.071	2038.37
2038.971	0.8999999999998636	trials	85	s085_J210526	coCe_grSu6Ne	17	270.0	1	2039.271	2039.57
2044.221	0.8999999999998636	trials	85	s085_J210526	grCe_grSu1Ne	3	315.0	1	2044.521	2044.821
2044.8220000000001	0.8999999999998636	trials	85	s085_J210526	grCe_grSu6CiNe_PS	19	90.0	1	2045.122	2045.421
2045.422	0.8999999999998636	trials	85	s085_J210526	coSu6Ne	20		1	2045.722	2046.021
2050.531	0.900000000000091	trials	85	s085_J210526	grCe_grSu1Ne	3	45.0	1	2050.831	2051.13
2051.131	0.900000000000091	trials	85	s085_J210526	grCe_grSu6CiNe	15	90.0	1	2051.431	2051.73
2056.8149999999996	0.900000000000091	trials	85	s085_J210526	grCe	1	270.0	1	2057.115	2057.414
2057.415	0.900000000000091	trials	85	s085_J210526	grCe_grSu6CiNe	15	45.0	1	2057.715	2058.014
2058.015	0.900000000000091	trials	85	s085_J210526	grCe_grSu6Ne_PS	18	315.0	1	2058.315	2058.614
2063.049	0.900000000000091	trials	85	s085_J210526	grCe_grSu12SmCiNe_PS	21	225.0	1	2063.349	2063.648
2083.527	0.900000000000091	trials	85	s085_J210526	grCe_grSu18Fa	11	90.0	1	2083.827	2084.126
2097.203	0.900000000000091	trials	85	s085_J210526	grCe_grSu3Ne	5	90.0	1	2097.503	2097.803
2097.803	0.900000000000091	trials	85	s085_J210526	grCe_grSu6CiNe	15	225.0	1	2098.103	2098.403
2098.412	0.900000000000091	trials	85	s085_J210526	grCe_grSu12Mi	9	270.0	1	2098.712	2099.011
2112.864	0.900000000000091	trials	85	s085_J210526	grCe_grSu18Fa	11	270.0	1	2113.164	2113.463
2117.281	0.900000000000091	trials	85	s085_J210526	grSu3Ne	4		1	2117.581	2117.881
2117.881	0.900000000000091	trials	85	s085_J210526	grCe_grSu6CiNe_PS	19	45.0	1	2118.181	2118.481
2118.4809999999998	0.900000000000091	trials	85	s085_J210526	grCe_grSu12SmCiNe_PS	21	90.0	1	2118.781	2119.081
2133.2909999999997	0.900000000000091	trials	85	s085_J210526	grCe_grSu12SmCiNe	13	225.0	1	2133.591	2133.891
2133.8909999999996	0.900000000000091	trials	85	s085_J210526	grCe_grSu12SmCiNe	13	90.0	1	2134.191	2134.491
2138.834	0.900000000000091	trials	85	s085_J210526	grCe	1	90.0	1	2139.134	2139.433
2139.4339999999997	0.900000000000091	trials	85	s085_J210526	grCe_grSu3Ne	5	135.0	1	2139.734	2140.033
2140.0339999999997	0.900000000000091	trials	85	s085_J210526	grCe_grSu12SmCiNe_PS	21	315.0	1	2140.334	2140.633
2145.268	0.900000000000091	trials	85	s085_J210526	grCe_grSu18Fa	11	315.0	1	2145.568	2145.867
2145.868	0.900000000000091	trials	85	s085_J210526	grCe_grSu12SmCiNe_PS	21	135.0	1	2146.168	2146.468
2146.468	0.900000000000091	trials	85	s085_J210526	coCe_grSu6Ne	17	0.0	1	2146.768	2147.068
2152.4689999999996	0.900000000000091	trials	85	s085_J210526	grCe_grSu12SmCiNe	13	135.0	1	2152.769	2153.068
2153.0769999999998	0.900000000000091	trials	85	s085_J210526	grCe_grSu18Fa	11	45.0	1	2153.377	2153.677
2153.6769999999997	0.900000000000091	trials	85	s085_J210526	coCe	16	0.0	1	2153.977	2154.277
2158.761	0.900000000000091	trials	85	s085_J210526	coCe	16	45.0	1	2159.061	2159.361
2159.361	0.900000000000091	trials	85	s085_J210526	coCe_grSu6Ne	17	225.0	1	2159.661	2159.961
2159.961	0.900000000000091	trials	85	s085_J210526	grCe_grSu6Ne_PS	18	270.0	1	2160.261	2160.561
2165.946	0.900000000000091	trials	85	s085_J210526	grSu12Mi	8		1	2166.246	2166.545
2166.546	0.900000000000091	trials	85	s085_J210526	grSu12SmCiNe	12		1	2166.846	2167.145
2172.163	0.900000000000091	trials	85	s085_J210526	grCe_grSu12Mi	9	45.0	1	2172.463	2172.763
2172.763	0.900000000000091	trials	85	s085_J210526	grCe_grSu6CiNe	15	180.0	1	2173.063	2173.363
2181.6059999999998	0.900000000000091	trials	85	s085_J210526	grCe_grSu12SmCiNe	13	180.0	1	2181.906	2182.206
2182.256	0.900000000000091	trials	85	s085_J210526	grCe_grSu6Ne_PS	18	135.0	1	2182.556	2182.856
2182.8559999999998	0.900000000000091	trials	85	s085_J210526	coCe_grSu6Ne	17	45.0	1	2183.156	2183.456
2190.765	0.900000000000091	trials	85	s085_J210526	grCe_grSu6CiNe	15	0.0	1	2191.065	2191.365
2191.366	0.900000000000091	trials	85	s085_J210526	grCe_grSu6Ne_PS	18	45.0	1	2191.666	2191.965
2191.9739999999997	0.900000000000091	trials	85	s085_J210526	grCe_grSu18Fa	11	225.0	1	2192.274	2192.574
2196.9249999999997	0.900000000000091	trials	85	s085_J210526	coCe	16	135.0	1	2197.225	2197.524
2197.533	0.900000000000091	trials	85	s085_J210526	grCe_grSu6Ne_PS	18	180.0	1	2197.833	2198.133
2198.133	0.900000000000091	trials	85	s085_J210526	grCe_grSu1Ne	3	270.0	1	2198.433	2198.733
2203.1169999999997	0.900000000000091	trials	85	s085_J210526	grCe_grSu12SmCiNe_PS	21	270.0	1	2203.417	2203.717
2203.7169999999996	0.900000000000091	trials	85	s085_J210526	grCe_grSu3Ne	5	45.0	1	2204.017	2204.317
2204.317	0.900000000000091	trials	85	s085_J210526	coCe	16	180.0	1	2204.617	2204.917
2210.1099999999997	0.900000000000091	trials	85	s085_J210526	grCe_grSu6CiNe_PS	19	270.0	1	2210.41	2210.709
2210.71	0.900000000000091	trials	85	s085_J210526	grCe_grSu6Ne	7	0.0	1	2211.01	2211.309
2211.31	0.900000000000091	trials	85	s085_J210526	grCe_grSu6CiNe_PS	19	180.0	1	2211.61	2211.909
2216.3439999999996	0.900000000000091	trials	85	s085_J210526	grCe	1	180.0	1	2216.644	2216.943
2216.944	0.900000000000091	trials	85	s085_J210526	grCe	1	135.0	1	2217.244	2217.543
2217.544	0.900000000000091	trials	85	s085_J210526	grCe_grSu12SmCiNe_PS	21	45.0	1	2217.844	2218.144
2223.395	0.900000000000091	trials	85	s085_J210526	grCe_grSu18Fa	11	0.0	1	2223.695	2223.994
2223.995	0.900000000000091	trials	85	s085_J210526	grCe_grSu12SmCiNe	13	0.0	1	2224.295	2224.594
2224.6029999999996	0.900000000000091	trials	85	s085_J210526	grCe_grSu12Mi	9	180.0	1	2224.903	2225.203
2231.0539999999996	0.900000000000091	trials	85	s085_J210526	grCe_grSu12SmCiNe_PS	21	0.0	1	2231.354	2231.654
2232.263	0.900000000000091	trials	85	s085_J210526	coCe	16	315.0	1	2232.563	2232.862
2240.422	0.900000000000091	trials	85	s085_J210526	grCe_grSu1Ne	3	180.0	1	2240.722	2241.021
2244.297	0.900000000000091	trials	85	s085_J210526	grCe_grSu1Ne	3	135.0	1	2244.597	2244.897
2244.8979999999997	0.900000000000091	trials	85	s085_J210526	grSu1Ne	2		1	2245.198	2245.497
2250.49	0.900000000000091	trials	85	s085_J210526	grCe_grSu12SmCiNe	13	45.0	1	2250.79	2251.089
2251.0899999999997	0.900000000000091	trials	85	s085_J210526	grCe_grSu6Ne_PS	18	225.0	1	2251.39	2251.69
2262.0499999999997	0.900000000000091	trials	85	s085_J210526	grCe_grSu6CiNe	15	135.0	1	2262.35	2262.649
2262.6499999999996	0.900000000000091	trials	85	s085_J210526	grCe	1	45.0	1	2262.95	2263.249
2263.25	0.900000000000091	trials	85	s085_J210526	coCe	16	225.0	1	2263.55	2263.849
2268.192	0.900000000000091	trials	85	s085_J210526	grCe_grSu12Mi	9	0.0	1	2268.492	2268.792
2268.792	0.900000000000091	trials	85	s085_J210526	grCe_grSu3Ne	5	180.0	1	2269.092	2269.392
2269.392	0.900000000000091	trials	85	s085_J210526	grCe_grSu6Ne	7	270.0	1	2269.692	2269.992
2274.768	0.900000000000091	trials	85	s085_J210526	grCe_grSu3Ne	5	0.0	1	2275.068	2275.368
2279.027	0.900000000000091	trials	85	s085_J210526	grCe_grSu6Ne	7	315.0	1	2279.327	2279.626
2279.627	0.900000000000091	trials	85	s085_J210526	coCe_grSu6Ne	17	180.0	1	2279.927	2280.227
2280.227	0.900000000000091	trials	85	s085_J210526	grCe_grSu6Ne	7	225.0	1	2280.527	2280.827
2285.7439999999997	0.900000000000091	trials	85	s085_J210526	grCe_grSu6CiNe_PS	19	225.0	1	2286.044	2286.344
2286.345	0.900000000000091	trials	85	s085_J210526	grCe_grSu6CiNe_PS	19	135.0	1	2286.645	2286.944
2286.9449999999997	0.900000000000091	trials	85	s085_J210526	grCe_grSu6CiNe	15	270.0	1	2287.245	2287.544
2297.363	0.900000000000091	trials	85	s085_J210526	grCe_grSu3Ne	5	225.0	1	2297.663	2297.962
2297.9629999999997	0.900000000000091	trials	85	s085_J210526	grCe_grSu6Ne	7	90.0	1	2298.263	2298.562
2298.5629999999996	0.900000000000091	trials	85	s085_J210526	grCe_grSu6CiNe_PS	19	0.0	1	2298.863	2299.162
2305.455	0.900000000000091	trials	85	s085_J210526	grCe_grSu6CiNe	15	315.0	1	2305.755	2306.055
2311.364	0.900000000000091	trials	85	s085_J210526	grSu6CiNe	14		1	2311.664	2311.964
2311.9649999999997	0.900000000000091	trials	85	s085_J210526	grCe_grSu1Ne	3	0.0	1	2312.265	2312.564
2312.573	0.900000000000091	trials	85	s085_J210526	grCe_grSu12Mi	9	135.0	1	2312.873	2313.172
2318.99	0.900000000000091	trials	85	s085_J210526	grCe_grSu1Ne	3	90.0	1	2319.29	2319.59
2323.783	0.900000000000091	trials	85	s085_J210526	grCe_grSu18Fa	11	135.0	1	2324.083	2324.382
2324.383	0.900000000000091	trials	85	s085_J210526	NoStim	0		1	2324.683	2324.982
2324.9829999999997	0.900000000000091	trials	85	s085_J210526	grCe_grSu6Ne	7	180.0	1	2325.283	2325.582
2331.325	0.900000000000091	trials	85	s085_J210526	grCe_grSu12SmCiNe	13	315.0	1	2331.625	2331.925
2336.118	0.900000000000091	trials	85	s085_J210526	grSu18Fa	10		1	2336.418	2336.717
2336.718	0.900000000000091	trials	85	s085_J210526	grCe_grSu12SmCiNe_PS	21	180.0	1	2337.018	2337.317
2337.3179999999998	0.900000000000091	trials	85	s085_J210526	grCe	1	225.0	1	2337.618	2337.917
2342.9519999999998	0.900000000000091	trials	85	s085_J210526	grCe	1	315.0	1	2343.252	2343.551
2354.595	0.900000000000091	trials	85	s085_J210526	grCe_grSu6CiNe_PS	19	315.0	1	2354.895	2355.195
2355.203	0.900000000000091	trials	85	s085_J210526	grCe_grSu12Mi	9	225.0	1	2355.503	2355.803
2372.9719999999998	0.900000000000091	trials	85	s085_J210526	grCe_grSu6Ne	7	45.0	1	2373.272	2373.572
2373.573	0.900000000000091	trials	85	s085_J210526	grSu6Ne	6		1	2373.873	2374.172
2388.549	0.900000000000091	trials	85	s085_J210526	coCe	16	270.0	1	2388.849	2389.149
2389.158	0.900000000000091	trials	85	s085_J210526	grCe_grSu12Mi	9	90.0	1	2389.458	2389.757
2389.7659999999996	0.900000000000091	trials	85	s085_J210526	grCe_grSu12Mi	9	315.0	1	2390.066	2390.366
2396.2	0.900000000000091	trials	85	s085_J210526	coCe_grSu6Ne	17	315.0	1	2396.5	2396.8
2402.085	0.900000000000091	trials	85	s085_J210526	coCe	16	90.0	1	2402.385	2402.684
2402.685	0.900000000000091	trials	85	s085_J210526	grCe_grSu3Ne	5	270.0	1	2402.985	2403.284
2409.511	0.900000000000091	trials	85	s085_J210526	grCe_grSu1Ne	3	225.0	1	2409.811	2410.11
2410.3109999999997	0.900000000000091	trials	85	s085_J210526	grCe_grSu6Ne_PS	18	90.0	1	2410.611	2410.91
2416.961	0.900000000000091	trials	85	s085_J210526	grCe_grSu12SmCiNe	13	270.0	1	2417.261	2417.561
2426.3379999999997	0.900000000000091	trials	85	s085_J210526	coCe_grSu6Ne	17	90.0	1	2426.638	2426.937
2426.9379999999996	0.900000000000091	trials	85	s085_J210526	grCe_grSu6Ne_PS	18	0.0	1	2427.238	2427.537
2427.538	0.900000000000091	trials	85	s085_J210526	grCe_grSu3Ne	5	315.0	1	2427.838	2428.137
2432.672	0.900000000000091	trials	85	s085_J210526	grCe_grSu18Fa	11	180.0	1	2432.972	2433.271
2433.272	0.900000000000091	trials	85	s085_J210526	coCe_grSu6Ne	17	135.0	1	2433.572	2433.871
2448.774	0.900000000000091	trials	85	s085_J210526	grCe_grSu6Ne	7	135.0	1	2449.074	2449.373
2449.3819999999996	0.900000000000091	trials	85	s085_J210526	grSu18Fa	10		2	2449.682	2449.982
2449.991	0.900000000000091	trials	85	s085_J210526	grCe_grSu12Mi	9	0.0	2	2450.291	2450.59
2455.8329999999996	0.900000000000091	trials	85	s085_J210526	coCe_grSu6Ne	17	225.0	2	2456.133	2456.433
2456.433	0.900000000000091	trials	85	s085_J210526	grCe_grSu6CiNe	15	135.0	2	2456.733	2457.033
2457.033	0.900000000000091	trials	85	s085_J210526	grCe_grSu6CiNe_PS	19	90.0	2	2457.333	2457.633
2462.759	0.900000000000091	trials	85	s085_J210526	grCe_grSu12SmCiNe_PS	21	135.0	2	2463.059	2463.359
2463.3669999999997	0.900000000000091	trials	85	s085_J210526	grCe_grSu18Fa	11	135.0	2	2463.667	2463.967
2467.268	0.900000000000091	trials	85	s085_J210526	grCe_grSu6CiNe_PS	19	270.0	2	2467.568	2467.868
2467.868	0.900000000000091	trials	85	s085_J210526	grCe_grSu6Ne	7	45.0	2	2468.168	2468.468
2468.468	0.900000000000091	trials	85	s085_J210526	grCe_grSu6CiNe	15	90.0	2	2468.768	2469.068
2478.028	0.900000000000091	trials	85	s085_J210526	grCe_grSu12Mi	9	180.0	2	2478.328	2478.627
2478.6279999999997	0.900000000000091	trials	85	s085_J210526	grCe_grSu6Ne	7	225.0	2	2478.928	2479.227
2497.564	0.900000000000091	trials	85	s085_J210526	grCe_grSu1Ne	3	45.0	2	2497.864	2498.163
2506.4399999999996	0.900000000000091	trials	85	s085_J210526	grCe	1	90.0	2	2506.74	2507.039
2507.04	0.900000000000091	trials	85	s085_J210526	grCe_grSu3Ne	5	180.0	2	2507.34	2507.639
2507.64	0.900000000000091	trials	85	s085_J210526	coCe	16	45.0	2	2507.94	2508.239
2518.216	0.900000000000091	trials	85	s085_J210526	grCe_grSu12Mi	9	45.0	2	2518.516	2518.816
2518.825	0.900000000000091	trials	85	s085_J210526	grCe_grSu18Fa	11	315.0	2	2519.125	2519.424
2522.584	0.900000000000091	trials	85	s085_J210526	grCe_grSu6Ne	7	180.0	2	2522.884	2523.183
2523.1839999999997	0.900000000000091	trials	85	s085_J210526	grSu12Mi	8		2	2523.484	2523.783
2523.7839999999997	0.900000000000091	trials	85	s085_J210526	coSu6Ne	20		2	2524.084	2524.383
2529.709	0.900000000000091	trials	85	s085_J210526	grSu12SmCiNe	12		2	2530.009	2530.309
2543.4109999999996	0.900000000000091	trials	85	s085_J210526	grCe_grSu1Ne	3	90.0	2	2543.711	2544.011
2544.011	0.900000000000091	trials	85	s085_J210526	grCe_grSu3Ne	5	225.0	2	2544.311	2544.611
2544.62	0.900000000000091	trials	85	s085_J210526	grCe_grSu18Fa	11	45.0	2	2544.92	2545.219
2563.305	0.900000000000091	trials	85	s085_J210526	grCe_grSu6Ne_PS	18	180.0	2	2563.605	2563.905
2563.906	0.900000000000091	trials	85	s085_J210526	grSu6Ne	6		2	2564.206	2564.505
2564.506	0.900000000000091	trials	85	s085_J210526	grCe_grSu3Ne	5	0.0	2	2564.806	2565.105
2589.3089999999997	0.900000000000091	trials	85	s085_J210526	grCe	1	0.0	2	2589.609	2589.908
2602.377	0.900000000000091	trials	85	s085_J210526	grCe_grSu12SmCiNe	13	135.0	2	2602.677	2602.977
2602.977	0.900000000000091	trials	85	s085_J210526	coCe_grSu6Ne	17	315.0	2	2603.277	2603.577
2603.5769999999998	0.900000000000091	trials	85	s085_J210526	grCe_grSu6CiNe_PS	19	225.0	2	2603.877	2604.177
2608.711	0.900000000000091	trials	85	s085_J210526	grCe_grSu6Ne	7	315.0	2	2609.011	2609.311
2609.3109999999997	0.900000000000091	trials	85	s085_J210526	grCe_grSu6Ne	7	90.0	2	2609.611	2609.911
2609.9109999999996	0.900000000000091	trials	85	s085_J210526	grCe_grSu1Ne	3	270.0	2	2610.211	2610.511
2618.2039999999997	0.900000000000091	trials	85	s085_J210526	grCe_grSu1Ne	3	180.0	2	2618.504	2618.804
2618.8039999999996	0.900000000000091	trials	85	s085_J210526	grCe_grSu1Ne	3	135.0	2	2619.104	2619.404
2627.922	0.900000000000091	trials	85	s085_J210526	grCe_grSu6CiNe_PS	19	315.0	2	2628.222	2628.522
2632.848	0.900000000000091	trials	85	s085_J210526	grCe_grSu6Ne_PS	18	0.0	2	2633.148	2633.447
2638.3819999999996	0.900000000000091	trials	85	s085_J210526	coCe_grSu6Ne	17	45.0	2	2638.682	2638.981
2638.99	0.900000000000091	trials	85	s085_J210526	grCe_grSu12Mi	9	225.0	2	2639.29	2639.59
2639.5899999999997	0.900000000000091	trials	85	s085_J210526	grCe_grSu3Ne	5	135.0	2	2639.89	2640.19
2656.076	0.900000000000091	trials	85	s085_J210526	grCe_grSu3Ne	5	45.0	2	2656.376	2656.675
2662.618	0.900000000000091	trials	85	s085_J210526	grCe	1	315.0	2	2662.918	2663.218
2663.218	0.900000000000091	trials	85	s085_J210526	grCe_grSu6CiNe	15	315.0	2	2663.518	2663.818
2663.8179999999998	0.900000000000091	trials	85	s085_J210526	grCe_grSu6Ne_PS	18	135.0	2	2664.118	2664.418
2669.544	0.900000000000091	trials	85	s085_J210526	grCe_grSu6Ne_PS	18	225.0	2	2669.844	2670.144
2670.144	0.900000000000091	trials	85	s085_J210526	grCe_grSu12SmCiNe_PS	21	45.0	2	2670.444	2670.744
2676.2619999999997	0.900000000000091	trials	85	s085_J210526	grCe_grSu12SmCiNe_PS	21	0.0	2	2676.562	2676.861
2676.8619999999996	0.900000000000091	trials	85	s085_J210526	grSu6CiNe	14		2	2677.162	2677.461
2677.462	0.900000000000091	trials	85	s085_J210526	grCe	1	180.0	2	2677.762	2678.061
2682.696	0.900000000000091	trials	85	s085_J210526	grCe_grSu3Ne	5	90.0	2	2682.996	2683.295
2683.3039999999996	0.900000000000091	trials	85	s085_J210526	grCe_grSu18Fa	11	0.0	2	2683.604	2683.904
2683.904	0.900000000000091	trials	85	s085_J210526	grCe_grSu1Ne	3	225.0	2	2684.204	2684.504
2689.647	0.900000000000091	trials	85	s085_J210526	grCe_grSu12SmCiNe	13	45.0	2	2689.947	2690.246
2690.247	0.900000000000091	trials	85	s085_J210526	grCe_grSu6CiNe_PS	19	135.0	2	2690.547	2690.846
2695.198	0.900000000000091	trials	85	s085_J210526	grCe_grSu1Ne	3	315.0	2	2695.498	2695.797
2696.3979999999997	0.900000000000091	trials	85	s085_J210526	grCe_grSu6Ne	7	270.0	2	2696.698	2696.997
2701.8979999999997	0.900000000000091	trials	85	s085_J210526	grCe_grSu12Mi	9	315.0	2	2702.198	2702.498
2702.4979999999996	0.900000000000091	trials	85	s085_J210526	coCe	16	180.0	2	2702.798	2703.098
2703.107	0.900000000000091	trials	85	s085_J210526	grCe_grSu12Mi	9	270.0	2	2703.407	2703.706
2708.716	0.900000000000091	trials	85	s085_J210526	grCe_grSu6Ne_PS	18	270.0	2	2709.016	2709.316
2709.3239999999996	0.900000000000091	trials	85	s085_J210526	grCe_grSu12Mi	9	90.0	2	2709.624	2709.924
2721.326	0.900000000000091	trials	85	s085_J210526	grCe	1	45.0	2	2721.626	2721.925
2725.06	0.900000000000091	trials	85	s085_J210526	NoStim	0		2	2725.36	2725.659
2725.66	0.900000000000091	trials	85	s085_J210526	grCe_grSu12SmCiNe	13	90.0	2	2725.96	2726.259
2731.777	0.900000000000091	trials	85	s085_J210526	coCe	16	225.0	2	2732.077	2732.377
2732.377	0.900000000000091	trials	85	s085_J210526	grSu1Ne	2		2	2732.677	2732.977
2737.861	0.900000000000091	trials	85	s085_J210526	coCe	16	90.0	2	2738.161	2738.461
2738.461	0.900000000000091	trials	85	s085_J210526	grCe_grSu6CiNe	15	225.0	2	2738.761	2739.061
2739.0699999999997	0.900000000000091	trials	85	s085_J210526	grCe_grSu18Fa	11	180.0	2	2739.37	2739.669
2744.0539999999996	0.900000000000091	trials	85	s085_J210526	grCe_grSu3Ne	5	315.0	2	2744.354	2744.653
2744.654	0.900000000000091	trials	85	s085_J210526	grSu3Ne	4		2	2744.954	2745.254
2745.446	0.900000000000091	trials	85	s085_J210526	grCe_grSu6Ne_PS	18	90.0	2	2745.746	2746.045
2751.105	0.900000000000091	trials	85	s085_J210526	grCe_grSu6CiNe	15	270.0	2	2751.405	2751.704
2751.705	0.900000000000091	trials	85	s085_J210526	grCe_grSu6Ne_PS	18	45.0	2	2752.005	2752.304
2756.6389999999997	0.900000000000091	trials	85	s085_J210526	grCe_grSu12SmCiNe	13	180.0	2	2756.939	2757.238
2757.239	0.900000000000091	trials	85	s085_J210526	coCe	16	315.0	2	2757.539	2757.838
2764.048	0.900000000000091	trials	85	s085_J210526	grCe_grSu12SmCiNe	13	315.0	2	2764.348	2764.648
2769.365	0.900000000000091	trials	85	s085_J210526	grCe_grSu6CiNe	15	45.0	2	2769.665	2769.965
2769.966	0.900000000000091	trials	85	s085_J210526	grCe	1	225.0	2	2770.266	2770.565
2770.566	0.900000000000091	trials	85	s085_J210526	coCe_grSu6Ne	17	90.0	2	2770.866	2771.165
2775.6	0.900000000000091	trials	85	s085_J210526	coCe_grSu6Ne	17	135.0	2	2775.9	2776.199
2776.2	0.900000000000091	trials	85	s085_J210526	grCe_grSu6CiNe	15	180.0	2	2776.5	2776.799
2776.7999999999997	0.900000000000091	trials	85	s085_J210526	grCe_grSu6Ne	7	0.0	2	2777.1	2777.399
2781.667	0.900000000000091	trials	85	s085_J210526	grCe_grSu6CiNe_PS	19	45.0	2	2781.967	2782.267
2782.8669999999997	0.900000000000091	trials	85	s085_J210526	grCe_grSu6Ne	7	135.0	2	2783.167	2783.467
2791.502	0.900000000000091	trials	85	s085_J210526	coCe_grSu6Ne	17	270.0	2	2791.802	2792.101
2795.294	0.900000000000091	trials	85	s085_J210526	grCe_grSu6CiNe_PS	19	0.0	2	2795.594	2795.893
2795.894	0.900000000000091	trials	85	s085_J210526	grCe_grSu12SmCiNe_PS	21	180.0	2	2796.194	2796.493
2796.502	0.900000000000091	trials	85	s085_J210526	grCe_grSu18Fa	11	225.0	2	2796.802	2797.102
2814.58	0.900000000000091	trials	85	s085_J210526	grCe_grSu3Ne	5	270.0	2	2814.88	2815.179
2815.7799999999997	0.900000000000091	trials	85	s085_J210526	coCe_grSu6Ne	17	180.0	2	2816.08	2816.379
2822.3559999999998	0.900000000000091	trials	85	s085_J210526	grCe_grSu12SmCiNe	13	225.0	2	2822.656	2822.955
2822.9559999999997	0.900000000000091	trials	85	s085_J210526	grCe_grSu12SmCiNe	13	0.0	2	2823.256	2823.555
2827.1479999999997	0.900000000000091	trials	85	s085_J210526	coCe	16	270.0	2	2827.448	2827.748
2827.756	0.900000000000091	trials	85	s085_J210526	grCe_grSu18Fa	11	90.0	2	2828.056	2828.356
2828.3559999999998	0.900000000000091	trials	85	s085_J210526	grCe_grSu12SmCiNe_PS	21	315.0	2	2828.656	2828.956
2833.732	0.900000000000091	trials	85	s085_J210526	grCe_grSu6Ne_PS	18	315.0	2	2834.032	2834.332
2834.332	0.900000000000091	trials	85	s085_J210526	grCe_grSu12SmCiNe_PS	21	270.0	2	2834.632	2834.932
2834.932	0.900000000000091	trials	85	s085_J210526	grCe_grSu6CiNe	15	0.0	2	2835.232	2835.532
2840.7999999999997	0.900000000000091	trials	85	s085_J210526	grCe_grSu12SmCiNe_PS	21	225.0	2	2841.1	2841.399
2841.3999999999996	0.900000000000091	trials	85	s085_J210526	grCe_grSu6CiNe_PS	19	180.0	2	2841.7	2841.999
2848.642	0.900000000000091	trials	85	s085_J210526	grCe_grSu12SmCiNe_PS	21	90.0	2	2848.942	2849.242
2849.243	0.900000000000091	trials	85	s085_J210526	grCe	1	270.0	2	2849.543	2849.842
2849.843	0.900000000000091	trials	85	s085_J210526	grCe	1	135.0	2	2850.143	2850.442
2856.4519999999998	0.900000000000091	trials	85	s085_J210526	grCe_grSu1Ne	3	0.0	2	2856.752	2857.051
2857.652	0.900000000000091	trials	85	s085_J210526	grCe_grSu12SmCiNe	13	270.0	2	2857.952	2858.251
2862.7189999999996	0.900000000000091	trials	85	s085_J210526	coCe_grSu6Ne	17	0.0	2	2863.019	2863.319
2863.319	0.900000000000091	trials	85	s085_J210526	coCe	16	0.0	2	2863.619	2863.919
2863.928	0.900000000000091	trials	85	s085_J210526	grCe_grSu12Mi	9	135.0	2	2864.228	2864.527
2872.9289999999996	0.900000000000091	trials	85	s085_J210526	coCe	16	135.0	2	2873.229	2873.528
2873.537	0.900000000000091	trials	85	s085_J210526	grCe_grSu18Fa	11	270.0	2	2873.837	2874.137
2878.196	0.900000000000091	trials	85	s085_J210526	coCe_grSu6Ne	17	315.0	6	2878.496	2878.796
2883.989	0.900000000000091	trials	85	s085_J210526	coCe	16	0.0	6	2884.289	2884.588
2884.589	0.900000000000091	trials	85	s085_J210526	grCe_grSu3Ne	5	90.0	6	2884.889	2885.188
2890.089	0.900000000000091	trials	85	s085_J210526	grCe_grSu12SmCiNe	13	225.0	6	2890.389	2890.689
2899.624	0.900000000000091	trials	85	s085_J210526	grCe_grSu12SmCiNe	13	135.0	6	2899.924	2900.224
2900.232	0.900000000000091	trials	85	s085_J210526	grCe_grSu18Fa	11	90.0	6	2900.532	2900.832
2900.8329999999996	0.900000000000091	trials	85	s085_J210526	grCe_grSu12SmCiNe	13	180.0	6	2901.133	2901.432
2905.908	0.900000000000091	trials	85	s085_J210526	grCe_grSu12Mi	9	135.0	6	2906.208	2906.508
2906.508	0.900000000000091	trials	85	s085_J210526	coCe	16	90.0	6	2906.808	2907.108
2907.1169999999997	0.900000000000091	trials	85	s085_J210526	grCe_grSu18Fa	11	315.0	6	2907.417	2907.716
2912.901	0.900000000000091	trials	85	s085_J210526	grCe	1	135.0	6	2913.201	2913.5
2913.5009999999997	0.900000000000091	trials	85	s085_J210526	coCe_grSu6Ne	17	270.0	6	2913.801	2914.1
2919.1349999999998	0.900000000000091	trials	85	s085_J210526	grCe_grSu12Mi	9	90.0	6	2919.435	2919.734
2919.7349999999997	0.900000000000091	trials	85	s085_J210526	grCe_grSu6CiNe	15	135.0	6	2920.035	2920.335
2925.261	0.900000000000091	trials	85	s085_J210526	grCe_grSu6CiNe	15	180.0	6	2925.561	2925.86
2925.8689999999997	0.900000000000091	trials	85	s085_J210526	grCe_grSu12Mi	9	270.0	6	2926.169	2926.469
2934.7039999999997	0.900000000000091	trials	85	s085_J210526	grCe_grSu6Ne	7	135.0	6	2935.004	2935.303
2935.3039999999996	0.900000000000091	trials	85	s085_J210526	grCe_grSu6Ne	7	225.0	6	2935.604	2935.903
2935.904	0.900000000000091	trials	85	s085_J210526	coCe	16	270.0	6	2936.204	2936.503
2940.7709999999997	0.900000000000091	trials	85	s085_J210526	grCe_grSu1Ne	3	225.0	6	2941.071	2941.371
2941.3709999999996	0.900000000000091	trials	85	s085_J210526	grCe_grSu6CiNe	15	315.0	6	2941.671	2941.971
2941.971	0.900000000000091	trials	85	s085_J210526	grSu1Ne	2		6	2942.271	2942.571
2947.5049999999997	0.900000000000091	trials	85	s085_J210526	grCe_grSu18Fa	11	45.0	6	2947.805	2948.105
2948.105	0.900000000000091	trials	85	s085_J210526	grCe	1	270.0	6	2948.405	2948.705
2948.705	0.900000000000091	trials	85	s085_J210526	grCe_grSu12SmCiNe	13	0.0	6	2949.005	2949.305
2957.515	0.900000000000091	trials	85	s085_J210526	grCe	1	225.0	6	2957.815	2958.114
2958.115	0.900000000000091	trials	85	s085_J210526	grCe_grSu6Ne	7	0.0	6	2958.415	2958.715
2958.723	0.900000000000091	trials	85	s085_J210526	grCe_grSu12Mi	9	180.0	6	2959.023	2959.323
2963.9739999999997	0.900000000000091	trials	85	s085_J210526	grCe_grSu6CiNe_PS	19	315.0	6	2964.274	2964.574
2964.5739999999996	0.900000000000091	trials	85	s085_J210526	grCe_grSu12SmCiNe	13	270.0	6	2964.874	2965.174
2965.174	0.900000000000091	trials	85	s085_J210526	grCe_grSu6Ne_PS	18	180.0	6	2965.474	2965.774
2970.142	0.900000000000091	trials	85	s085_J210526	grCe_grSu6CiNe	15	45.0	6	2970.442	2970.741
2970.75	0.900000000000091	trials	85	s085_J210526	grCe_grSu12Mi	9	45.0	6	2971.05	2971.35
2974.3089999999997	0.900000000000091	trials	85	s085_J210526	grCe_grSu6Ne_PS	18	90.0	6	2974.609	2974.908
2977.893	0.900000000000091	trials	85	s085_J210526	grCe_grSu3Ne	5	315.0	6	2978.193	2978.492
2978.493	0.900000000000091	trials	85	s085_J210526	grCe_grSu12SmCiNe_PS	21	315.0	6	2978.793	2979.092
2979.093	0.900000000000091	trials	85	s085_J210526	grSu12Mi	8		6	2979.393	2979.692
2984.91	0.900000000000091	trials	85	s085_J210526	grSu18Fa	10		6	2985.21	2985.51
2985.5099999999998	0.900000000000091	trials	85	s085_J210526	grCe_grSu1Ne	3	0.0	6	2985.81	2986.11
2991.053	0.900000000000091	trials	85	s085_J210526	grCe	1	180.0	6	2991.353	2991.652
3002.787	0.900000000000091	trials	85	s085_J210526	grCe	1	45.0	6	3003.087	3003.387
3003.388	0.900000000000091	trials	85	s085_J210526	grCe_grSu6Ne_PS	18	45.0	6	3003.688	3003.987
3003.988	0.900000000000091	trials	85	s085_J210526	grCe_grSu1Ne	3	315.0	6	3004.288	3004.587
3009.0049999999997	0.900000000000091	trials	85	s085_J210526	grCe_grSu1Ne	3	270.0	6	3009.305	3009.604
3009.605	0.900000000000091	trials	85	s085_J210526	coCe	16	315.0	6	3009.905	3010.205
3010.205	0.900000000000091	trials	85	s085_J210526	grCe_grSu6Ne_PS	18	135.0	6	3010.505	3010.805
3025.457	0.900000000000091	trials	85	s085_J210526	grCe_grSu3Ne	5	180.0	6	3025.757	3026.057
3026.057	0.900000000000091	trials	85	s085_J210526	grCe_grSu6CiNe	15	90.0	6	3026.357	3026.657
3034.517	0.900000000000091	trials	85	s085_J210526	grCe_grSu12SmCiNe_PS	21	0.0	6	3034.817	3035.116
3035.1169999999997	0.900000000000091	trials	85	s085_J210526	grSu12SmCiNe	12		6	3035.417	3035.716
3035.7169999999996	0.900000000000091	trials	85	s085_J210526	grSu6CiNe	14		6	3036.017	3036.316
3040.567	0.900000000000091	trials	85	s085_J210526	grCe_grSu18Fa	11	225.0	6	3040.867	3041.167
3047.468	0.900000000000091	trials	85	s085_J210526	grCe_grSu3Ne	5	270.0	6	3047.768	3048.068
3048.0679999999998	0.900000000000091	trials	85	s085_J210526	grCe_grSu6CiNe_PS	19	135.0	6	3048.368	3048.668
3048.6679999999997	0.900000000000091	trials	85	s085_J210526	grCe_grSu3Ne	5	135.0	6	3048.968	3049.268
3054.644	0.900000000000091	trials	85	s085_J210526	grCe_grSu18Fa	11	270.0	6	3054.944	3055.244
3055.2439999999997	0.900000000000091	trials	85	s085_J210526	grCe_grSu12SmCiNe_PS	21	225.0	6	3055.544	3055.844
3066.379	0.900000000000091	trials	85	s085_J210526	grCe_grSu6Ne_PS	18	270.0	6	3066.679	3066.979
3066.979	0.900000000000091	trials	85	s085_J210526	grCe_grSu12SmCiNe_PS	21	45.0	6	3067.279	3067.579
3067.5789999999997	0.900000000000091	trials	85	s085_J210526	coCe_grSu6Ne	17	180.0	6	3067.879	3068.179
3093.816	0.900000000000091	trials	85	s085_J210526	grCe_grSu6Ne_PS	18	315.0	6	3094.116	3094.415
3095.0159999999996	0.900000000000091	trials	85	s085_J210526	grCe_grSu6Ne	7	270.0	6	3095.316	3095.616
3099.975	0.900000000000091	trials	85	s085_J210526	grCe_grSu12SmCiNe	13	315.0	6	3100.275	3100.575
3100.575	0.900000000000091	trials	85	s085_J210526	grCe_grSu6CiNe	15	270.0	6	3100.875	3101.175
3101.1749999999997	0.900000000000091	trials	85	s085_J210526	coCe	16	45.0	6	3101.475	3101.775
3106.167	0.900000000000091	trials	85	s085_J210526	grCe_grSu1Ne	3	135.0	6	3106.467	3106.767
3107.368	0.900000000000091	trials	85	s085_J210526	grCe_grSu6Ne	7	180.0	6	3107.668	3107.967
3112.335	0.900000000000091	trials	85	s085_J210526	grCe	1	315.0	6	3112.635	3112.935
3112.935	0.900000000000091	trials	85	s085_J210526	grCe_grSu12SmCiNe_PS	21	270.0	6	3113.235	3113.535
3113.5429999999997	0.900000000000091	trials	85	s085_J210526	grCe_grSu12Mi	9	315.0	6	3113.843	3114.143
3118.5359999999996	0.900000000000091	trials	85	s085_J210526	grCe_grSu18Fa	11	0.0	6	3118.836	3119.135
3119.136	0.900000000000091	trials	85	s085_J210526	coCe_grSu6Ne	17	135.0	6	3119.436	3119.735
3119.736	0.900000000000091	trials	85	s085_J210526	grCe_grSu6CiNe_PS	19	45.0	6	3120.036	3120.335
3152.7	0.900000000000091	trials	85	s085_J210526	grCe_grSu3Ne	5	0.0	6	3153.0	3153.299
3153.8999999999996	0.900000000000091	trials	85	s085_J210526	grCe_grSu6CiNe_PS	19	225.0	6	3154.2	3154.499
3163.3759999999997	0.900000000000091	trials	85	s085_J210526	coSu6Ne	20		6	3163.676	3163.975
3164.576	0.900000000000091	trials	85	s085_J210526	grCe_grSu3Ne	5	225.0	6	3164.876	3165.176
3170.0099999999998	0.900000000000091	trials	85	s085_J210526	coCe_grSu6Ne	17	90.0	6	3170.31	3170.61
3170.6099999999997	0.900000000000091	trials	85	s085_J210526	coCe	16	225.0	6	3170.91	3171.21
3171.21	0.900000000000091	trials	85	s085_J210526	grCe	1	90.0	6	3171.51	3171.81
3176.5609999999997	0.900000000000091	trials	85	s085_J210526	grSu6Ne	6		6	3176.861	3177.161
3177.1609999999996	0.900000000000091	trials	85	s085_J210526	grCe_grSu6CiNe_PS	19	180.0	6	3177.461	3177.761
3177.761	0.900000000000091	trials	85	s085_J210526	grCe_grSu6Ne_PS	18	0.0	6	3178.061	3178.361
3183.9869999999996	0.900000000000091	trials	85	s085_J210526	grCe_grSu6Ne_PS	18	225.0	6	3184.287	3184.586
3184.587	0.900000000000091	trials	85	s085_J210526	grCe	1	0.0	6	3184.887	3185.187
3193.5299999999997	0.900000000000091	trials	85	s085_J210526	coCe_grSu6Ne	17	225.0	6	3193.83	3194.129
3194.1299999999997	0.900000000000091	trials	85	s085_J210526	grCe_grSu12SmCiNe	13	45.0	6	3194.43	3194.729
3194.73	0.900000000000091	trials	85	s085_J210526	grCe_grSu6Ne	7	45.0	6	3195.03	3195.33
3199.772	0.900000000000091	trials	85	s085_J210526	coCe	16	135.0	6	3200.072	3200.372
3200.372	0.900000000000091	trials	85	s085_J210526	coCe_grSu6Ne	17	45.0	6	3200.672	3200.972
3200.9719999999998	0.900000000000091	trials	85	s085_J210526	grCe_grSu6CiNe_PS	19	0.0	6	3201.272	3201.572
3209.29	0.900000000000091	trials	85	s085_J210526	grCe_grSu3Ne	5	45.0	6	3209.59	3209.89
3209.89	0.900000000000091	trials	85	s085_J210526	grCe_grSu12SmCiNe_PS	21	135.0	6	3210.19	3210.49
3221.558	0.900000000000091	trials	85	s085_J210526	grCe_grSu6Ne	7	90.0	6	3221.858	3222.158
3222.1589999999997	0.900000000000091	trials	85	s085_J210526	grCe_grSu6Ne	7	315.0	6	3222.459	3222.758
3222.759	0.900000000000091	trials	85	s085_J210526	grCe_grSu1Ne	3	90.0	6	3223.059	3223.358
3228.701	0.900000000000091	trials	85	s085_J210526	grCe_grSu18Fa	11	135.0	6	3229.001	3229.301
3229.301	0.900000000000091	trials	85	s085_J210526	grCe_grSu1Ne	3	180.0	6	3229.601	3229.901
3235.8849999999998	0.900000000000091	trials	85	s085_J210526	grCe_grSu1Ne	3	45.0	6	3236.185	3236.485
3236.4939999999997	0.900000000000091	trials	85	s085_J210526	grCe_grSu12Mi	9	0.0	6	3236.794	3237.093
3237.0939999999996	0.900000000000091	trials	85	s085_J210526	coCe_grSu6Ne	17	0.0	6	3237.394	3237.693
3242.028	0.900000000000091	trials	85	s085_J210526	grCe_grSu6CiNe	15	0.0	6	3242.328	3242.627
3242.6279999999997	0.900000000000091	trials	85	s085_J210526	grCe_grSu12SmCiNe_PS	21	180.0	6	3242.928	3243.227
3253.029	0.900000000000091	trials	85	s085_J210526	grCe_grSu6CiNe_PS	19	90.0	6	3253.329	3253.629
3253.629	0.900000000000091	trials	85	s085_J210526	grCe_grSu12SmCiNe	13	90.0	6	3253.929	3254.229
3254.229	0.900000000000091	trials	85	s085_J210526	grCe_grSu12SmCiNe_PS	21	90.0	6	3254.529	3254.829
3259.5879999999997	0.900000000000091	trials	85	s085_J210526	coCe	16	180.0	6	3259.888	3260.188
3266.823	0.900000000000091	trials	85	s085_J210526	grCe_grSu12Mi	9	225.0	6	3267.123	3267.422
3267.423	0.900000000000091	trials	85	s085_J210526	grSu3Ne	4		6	3267.723	3268.022
3272.8399999999997	0.900000000000091	trials	85	s085_J210526	grCe_grSu6CiNe_PS	19	270.0	6	3273.14	3273.44
3277.2239999999997	0.900000000000091	trials	85	s085_J210526	grCe_grSu18Fa	11	180.0	6	3277.524	3277.824
3277.8239999999996	0.900000000000091	trials	85	s085_J210526	grCe_grSu6CiNe	15	225.0	6	3278.124	3278.424
3283.3999999999996	0.900000000000091	trials	85	s085_J210526	NoStim	0		6	3283.7	3283.999
3284.0	0.900000000000091	trials	85	s085_J210526	grCe_grSu12SmCiNe_PS	21	135.0	9	3284.3	3284.599
3284.6	0.900000000000091	trials	85	s085_J210526	grSu6Ne	6		9	3284.9	3285.2
3291.192	0.900000000000091	trials	85	s085_J210526	coCe	16	135.0	9	3291.492	3291.792
3300.16	0.900000000000091	trials	85	s085_J210526	grCe_grSu12Mi	9	225.0	9	3300.46	3300.76
3300.7599999999998	0.900000000000091	trials	85	s085_J210526	grCe_grSu12SmCiNe	13	0.0	9	3301.06	3301.36
3304.2529999999997	0.900000000000091	trials	85	s085_J210526	grCe_grSu1Ne	3	180.0	9	3304.553	3304.852
3304.861	0.900000000000091	trials	85	s085_J210526	grCe_grSu18Fa	11	0.0	9	3305.161	3305.46
3305.461	0.900000000000091	trials	85	s085_J210526	grCe_grSu12SmCiNe_PS	21	270.0	9	3305.761	3306.061
3310.553	0.900000000000091	trials	85	s085_J210526	grCe_grSu12SmCiNe	13	315.0	9	3310.853	3311.153
3311.153	0.900000000000091	trials	85	s085_J210526	grCe_grSu6CiNe_PS	19	135.0	9	3311.453	3311.753
3311.7529999999997	0.900000000000091	trials	85	s085_J210526	coCe	16	180.0	9	3312.053	3312.353
3316.937	0.900000000000091	trials	85	s085_J210526	grCe_grSu6Ne	7	270.0	9	3317.237	3317.537
3317.538	0.900000000000091	trials	85	s085_J210526	grCe_grSu3Ne	5	135.0	9	3317.838	3318.137
3318.138	0.900000000000091	trials	85	s085_J210526	grCe_grSu6CiNe_PS	19	45.0	9	3318.438	3318.737
3327.1549999999997	0.900000000000091	trials	85	s085_J210526	coCe_grSu6Ne	17	45.0	9	3327.455	3327.755
3334.4399999999996	0.900000000000091	trials	85	s085_J210526	grCe_grSu6Ne_PS	18	45.0	9	3334.74	3335.039
3335.048	0.900000000000091	trials	85	s085_J210526	grCe_grSu18Fa	11	225.0	9	3335.348	3335.648
3335.6479999999997	0.900000000000091	trials	85	s085_J210526	grCe_grSu6CiNe	15	135.0	9	3335.948	3336.248
3340.966	0.900000000000091	trials	85	s085_J210526	grCe	1	135.0	9	3341.266	3341.565
3341.5739999999996	0.900000000000091	trials	85	s085_J210526	grCe_grSu18Fa	11	135.0	9	3341.874	3342.174
3342.174	0.900000000000091	trials	85	s085_J210526	grSu6CiNe	14		9	3342.474	3342.774
3360.151	0.900000000000091	trials	85	s085_J210526	grCe_grSu12SmCiNe_PS	21	315.0	9	3360.451	3360.751
3360.7509999999997	0.900000000000091	trials	85	s085_J210526	grCe_grSu1Ne	3	45.0	9	3361.051	3361.351
3361.352	0.900000000000091	trials	85	s085_J210526	grCe_grSu6CiNe	15	315.0	9	3361.652	3361.951
3366.652	0.900000000000091	trials	85	s085_J210526	grCe	1	225.0	9	3366.952	3367.252
3367.252	0.900000000000091	trials	85	s085_J210526	grCe	1	180.0	9	3367.552	3367.852
3367.852	0.900000000000091	trials	85	s085_J210526	grCe	1	45.0	9	3368.152	3368.452
3373.111	0.900000000000091	trials	85	s085_J210526	grCe_grSu6Ne_PS	18	180.0	9	3373.411	3373.711
3373.712	0.900000000000091	trials	85	s085_J210526	grCe_grSu6CiNe_PS	19	0.0	9	3374.012	3374.311
3374.312	0.900000000000091	trials	85	s085_J210526	coCe_grSu6Ne	17	315.0	9	3374.612	3374.911
3391.964	0.900000000000091	trials	85	s085_J210526	coCe_grSu6Ne	17	225.0	9	3392.264	3392.563
3392.564	0.900000000000091	trials	85	s085_J210526	grCe_grSu6Ne	7	180.0	9	3392.864	3393.164
3402.4739999999997	0.900000000000091	trials	85	s085_J210526	grCe_grSu12SmCiNe_PS	21	225.0	9	3402.774	3403.073
3403.0739999999996	0.900000000000091	trials	85	s085_J210526	grCe_grSu12SmCiNe_PS	21	0.0	9	3403.374	3403.673
3403.674	0.900000000000091	trials	85	s085_J210526	grCe_grSu1Ne	3	270.0	9	3403.974	3404.273
3408.774	0.900000000000091	trials	85	s085_J210526	grCe_grSu1Ne	3	315.0	9	3409.074	3409.374
3409.975	0.900000000000091	trials	85	s085_J210526	grCe_grSu6Ne_PS	18	270.0	9	3410.275	3410.574
3438.7369999999996	0.900000000000091	trials	85	s085_J210526	grCe_grSu12Mi	9	45.0	9	3439.037	3439.336
3442.3199999999997	0.900000000000091	trials	85	s085_J210526	grCe_grSu3Ne	5	270.0	9	3442.62	3442.92
3442.9199999999996	0.900000000000091	trials	85	s085_J210526	grCe_grSu1Ne	3	135.0	9	3443.22	3443.52
3443.5209999999997	0.900000000000091	trials	85	s085_J210526	grCe_grSu3Ne	5	315.0	9	3443.821	3444.12
3454.4469999999997	0.900000000000091	trials	85	s085_J210526	grCe_grSu6Ne	7	225.0	9	3454.747	3455.047
3455.047	0.900000000000091	trials	85	s085_J210526	grCe	1	270.0	9	3455.347	3455.647
3455.647	0.900000000000091	trials	85	s085_J210526	coCe_grSu6Ne	17	180.0	9	3455.947	3456.247
3461.1059999999998	0.900000000000091	trials	85	s085_J210526	coCe	16	315.0	9	3461.406	3461.706
3462.306	0.900000000000091	trials	85	s085_J210526	coCe	16	270.0	9	3462.606	3462.906
3468.924	0.900000000000091	trials	85	s085_J210526	grCe	1	0.0	9	3469.224	3469.523
3469.524	0.900000000000091	trials	85	s085_J210526	grCe_grSu6Ne_PS	18	0.0	9	3469.824	3470.123
3470.124	0.900000000000091	trials	85	s085_J210526	grCe_grSu6CiNe	15	45.0	9	3470.424	3470.724
3498.2279999999996	0.900000000000091	trials	85	s085_J210526	grCe_grSu3Ne	5	90.0	9	3498.528	3498.827
3498.828	0.900000000000091	trials	85	s085_J210526	coCe_grSu6Ne	17	0.0	9	3499.128	3499.427
3499.428	0.900000000000091	trials	85	s085_J210526	grSu1Ne	2		9	3499.728	3500.027
3508.3289999999997	0.900000000000091	trials	85	s085_J210526	grCe_grSu12SmCiNe_PS	21	45.0	9	3508.629	3508.929
3508.9289999999996	0.900000000000091	trials	85	s085_J210526	grCe_grSu1Ne	3	225.0	9	3509.229	3509.529
3515.763	0.900000000000091	trials	85	s085_J210526	grCe_grSu12Mi	9	315.0	9	3516.063	3516.363
3516.363	0.900000000000091	trials	85	s085_J210526	grCe_grSu3Ne	5	0.0	9	3516.663	3516.963
3516.9629999999997	0.900000000000091	trials	85	s085_J210526	grCe_grSu3Ne	5	45.0	9	3517.263	3517.563
3522.022	0.900000000000091	trials	85	s085_J210526	grCe_grSu1Ne	3	90.0	9	3522.322	3522.622
3526.765	0.900000000000091	trials	85	s085_J210526	grCe_grSu12SmCiNe	13	180.0	9	3527.065	3527.364
3527.365	0.900000000000091	trials	85	s085_J210526	grCe_grSu6CiNe_PS	19	315.0	9	3527.665	3527.964
3527.9649999999997	0.900000000000091	trials	85	s085_J210526	coCe	16	0.0	9	3528.265	3528.564
3534.549	0.900000000000091	trials	85	s085_J210526	grCe_grSu6Ne	7	90.0	9	3534.849	3535.149
3535.1569999999997	0.900000000000091	trials	85	s085_J210526	grCe_grSu12Mi	9	0.0	9	3535.457	3535.757
3544.1169999999997	0.900000000000091	trials	85	s085_J210526	grCe_grSu18Fa	11	270.0	9	3544.417	3544.716
3552.326	0.900000000000091	trials	85	s085_J210526	grSu18Fa	10		9	3552.626	3552.926
3552.926	0.900000000000091	trials	85	s085_J210526	grCe_grSu6Ne	7	315.0	9	3553.226	3553.526
3560.1769999999997	0.900000000000091	trials	85	s085_J210526	grCe_grSu12Mi	9	90.0	9	3560.477	3560.777
3561.3779999999997	0.900000000000091	trials	85	s085_J210526	grSu12SmCiNe	12		9	3561.678	3561.977
3571.27	0.900000000000091	trials	85	s085_J210526	grCe_grSu12SmCiNe	13	45.0	9	3571.57	3571.87
3571.879	0.900000000000091	trials	85	s085_J210526	grCe_grSu18Fa	11	45.0	9	3572.179	3572.478
3577.9379999999996	0.900000000000091	trials	85	s085_J210526	grCe_grSu18Fa	11	180.0	9	3578.238	3578.538
3582.2549999999997	0.900000000000091	trials	85	s085_J210526	NoStim	0		9	3582.555	3582.855
3582.864	0.900000000000091	trials	85	s085_J210526	grCe_grSu18Fa	11	90.0	9	3583.164	3583.463
3588.964	0.900000000000091	trials	85	s085_J210526	grCe_grSu12SmCiNe	13	225.0	9	3589.264	3589.564
3595.3149999999996	0.900000000000091	trials	85	s085_J210526	grCe_grSu6Ne_PS	18	315.0	9	3595.615	3595.915
3595.915	0.900000000000091	trials	85	s085_J210526	grCe_grSu6CiNe_PS	19	180.0	9	3596.215	3596.515
3596.515	0.900000000000091	trials	85	s085_J210526	grCe_grSu3Ne	5	225.0	9	3596.815	3597.115
3629.761	0.900000000000091	trials	85	s085_J210526	grCe	1	90.0	9	3630.061	3630.361
3643.421	0.900000000000091	trials	85	s085_J210526	coCe_grSu6Ne	17	135.0	9	3643.721	3644.021
3644.622	0.900000000000091	trials	85	s085_J210526	grCe_grSu6CiNe_PS	19	225.0	9	3644.922	3645.221
3649.614	0.900000000000091	trials	85	s085_J210526	grCe_grSu6CiNe	15	0.0	9	3649.914	3650.214
3650.214	0.900000000000091	trials	85	s085_J210526	grSu12Mi	8		9	3650.514	3650.814
3650.814	0.900000000000091	trials	85	s085_J210526	grCe_grSu12SmCiNe	13	135.0	9	3651.114	3651.414
3656.381	0.900000000000091	trials	85	s085_J210526	grCe_grSu6Ne	7	135.0	9	3656.681	3656.981
3656.982	0.900000000000091	trials	85	s085_J210526	grSu3Ne	4		9	3657.282	3657.581
3662.524	0.900000000000091	trials	85	s085_J210526	coCe	16	225.0	9	3662.824	3663.124
3663.124	0.900000000000091	trials	85	s085_J210526	grCe_grSu6CiNe	15	225.0	9	3663.424	3663.724
3663.7239999999997	0.900000000000091	trials	85	s085_J210526	grCe_grSu6CiNe_PS	19	270.0	9	3664.024	3664.324
3677.8759999999997	0.900000000000091	trials	85	s085_J210526	grCe_grSu6Ne	7	0.0	9	3678.176	3678.476
3678.4759999999997	0.900000000000091	trials	85	s085_J210526	coSu6Ne	20		9	3678.776	3679.076
3679.076	0.900000000000091	trials	85	s085_J210526	grCe_grSu6CiNe	15	180.0	9	3679.376	3679.676
3684.1929999999998	0.900000000000091	trials	85	s085_J210526	grCe_grSu6Ne_PS	18	90.0	9	3684.493	3684.793
3685.585	0.900000000000091	trials	85	s085_J210526	grCe_grSu18Fa	11	315.0	9	3685.885	3686.185
3691.453	0.900000000000091	trials	85	s085_J210526	grCe_grSu6CiNe_PS	19	90.0	9	3691.753	3692.052
3692.053	0.900000000000091	trials	85	s085_J210526	grCe_grSu6Ne_PS	18	135.0	9	3692.353	3692.652
3698.004	0.900000000000091	trials	85	s085_J210526	coCe	16	90.0	9	3698.304	3698.603
3699.212	0.900000000000091	trials	85	s085_J210526	grCe_grSu12SmCiNe	13	90.0	9	3699.512	3699.812
3710.547	0.900000000000091	trials	85	s085_J210526	grCe_grSu12SmCiNe_PS	21	180.0	9	3710.847	3711.146
3714.8309999999997	0.900000000000091	trials	85	s085_J210526	grCe_grSu3Ne	5	180.0	9	3715.131	3715.43
3715.431	0.900000000000091	trials	85	s085_J210526	coCe_grSu6Ne	17	90.0	9	3715.731	3716.03
3716.031	0.900000000000091	trials	85	s085_J210526	grCe_grSu1Ne	3	0.0	9	3716.331	3716.63
3726.707	0.900000000000091	trials	85	s085_J210526	grCe_grSu12Mi	9	135.0	9	3727.007	3727.307
3727.307	0.900000000000091	trials	85	s085_J210526	grCe	1	315.0	9	3727.607	3727.907
3734.042	0.900000000000091	trials	85	s085_J210526	grCe_grSu6Ne_PS	18	225.0	9	3734.342	3734.641
3734.642	0.900000000000091	trials	85	s085_J210526	grCe_grSu6Ne	7	45.0	9	3734.942	3735.241
3740.317	0.900000000000091	trials	85	s085_J210526	coCe_grSu6Ne	17	270.0	9	3740.617	3740.917
3741.518	0.900000000000091	trials	85	s085_J210526	grCe_grSu6CiNe	15	270.0	9	3741.818	3742.117
3746.435	0.900000000000091	trials	85	s085_J210526	grCe_grSu12SmCiNe	13	270.0	9	3746.735	3747.034
3750.4689999999996	0.900000000000091	trials	85	s085_J210526	grCe_grSu12Mi	9	180.0	9	3750.769	3751.068
3753.977	0.900000000000091	trials	85	s085_J210526	grCe_grSu12Mi	9	270.0	9	3754.277	3754.577
3754.578	0.900000000000091	trials	85	s085_J210526	coCe	16	45.0	9	3754.878	3755.177
3760.6369999999997	0.900000000000091	trials	85	s085_J210526	grCe_grSu12SmCiNe_PS	21	90.0	9	3760.937	3761.236
3761.2369999999996	0.900000000000091	trials	85	s085_J210526	grCe_grSu6CiNe	15	90.0	9	3761.537	3761.836
3761.837	0.900000000000091	trials	85	s085_J210526	grCe	1	135.0	3	3762.137	3762.436
3767.5209999999997	0.900000000000091	trials	85	s085_J210526	grCe_grSu6CiNe_PS	19	45.0	3	3767.821	3768.12
3768.1209999999996	0.900000000000091	trials	85	s085_J210526	grCe_grSu6Ne	7	315.0	3	3768.421	3768.721
3773.872	0.900000000000091	trials	85	s085_J210526	grCe_grSu12Mi	9	90.0	3	3774.172	3774.471
3774.4719999999998	0.900000000000091	trials	85	s085_J210526	grCe_grSu6Ne_PS	18	315.0	3	3774.772	3775.071
3778.864	0.900000000000091	trials	85	s085_J210526	coCe_grSu6Ne	17	0.0	3	3779.164	3779.464
3784.365	0.900000000000091	trials	85	s085_J210526	grCe_grSu1Ne	3	0.0	3	3784.665	3784.964
3788.5319999999997	0.900000000000091	trials	85	s085_J210526	grCe	1	180.0	3	3788.832	3789.132
3789.1319999999996	0.900000000000091	trials	85	s085_J210526	grCe_grSu6Ne_PS	18	0.0	3	3789.432	3789.732
3797.591	0.900000000000091	trials	85	s085_J210526	grCe_grSu18Fa	11	270.0	3	3797.891	3798.191
3798.192	0.900000000000091	trials	85	s085_J210526	grCe_grSu12SmCiNe_PS	21	225.0	3	3798.492	3798.791
3798.7999999999997	0.900000000000091	trials	85	s085_J210526	grCe_grSu18Fa	11	0.0	3	3799.1	3799.4
3804.259	0.900000000000091	trials	85	s085_J210526	grCe_grSu1Ne	3	90.0	3	3804.559	3804.859
3804.859	0.900000000000091	trials	85	s085_J210526	grCe_grSu3Ne	5	45.0	3	3805.159	3805.459
3805.459	0.900000000000091	trials	85	s085_J210526	grCe_grSu6Ne_PS	18	270.0	3	3805.759	3806.059
3810.426	0.900000000000091	trials	85	s085_J210526	grCe_grSu12Mi	9	315.0	3	3810.726	3811.026
3814.669	0.900000000000091	trials	85	s085_J210526	grCe_grSu12Mi	9	135.0	3	3814.969	3815.268
3815.269	0.900000000000091	trials	85	s085_J210526	grCe_grSu12SmCiNe_PS	21	135.0	3	3815.569	3815.868
3815.8689999999997	0.900000000000091	trials	85	s085_J210526	grCe_grSu1Ne	3	45.0	3	3816.169	3816.468
3820.678	0.900000000000091	trials	85	s085_J210526	grCe_grSu6Ne_PS	18	225.0	3	3820.978	3821.277
3824.653	0.900000000000091	trials	85	s085_J210526	grCe_grSu18Fa	11	45.0	3	3824.953	3825.253
3825.2529999999997	0.900000000000091	trials	85	s085_J210526	grCe_grSu1Ne	3	135.0	3	3825.553	3825.853
3825.8529999999996	0.900000000000091	trials	85	s085_J210526	grCe_grSu1Ne	3	315.0	3	3826.153	3826.453
3835.305	0.900000000000091	trials	85	s085_J210526	grCe_grSu6Ne_PS	18	90.0	3	3835.605	3835.904
3835.9049999999997	0.900000000000091	trials	85	s085_J210526	coCe_grSu6Ne	17	90.0	3	3836.205	3836.504
3843.314	0.900000000000091	trials	85	s085_J210526	grCe_grSu12SmCiNe_PS	21	0.0	3	3843.614	3843.914
3843.922	0.900000000000091	trials	85	s085_J210526	grCe_grSu6CiNe	15	180.0	3	3844.222	3844.522
3844.5229999999997	0.900000000000091	trials	85	s085_J210526	grCe_grSu3Ne	5	270.0	3	3844.823	3845.122
3853.4069999999997	0.900000000000091	trials	85	s085_J210526	coCe_grSu6Ne	17	270.0	3	3853.707	3854.007
3869.7169999999996	0.900000000000091	trials	85	s085_J210526	coCe	16	45.0	3	3870.017	3870.317
3876.9269999999997	0.900000000000091	trials	85	s085_J210526	grCe_grSu12Mi	9	180.0	3	3877.227	3877.526
3877.535	0.900000000000091	trials	85	s085_J210526	grSu12Mi	8		3	3877.835	3878.135
3878.144	0.900000000000091	trials	85	s085_J210526	grCe_grSu12Mi	9	45.0	3	3878.444	3878.743
3883.2189999999996	0.900000000000091	trials	85	s085_J210526	grCe_grSu12Mi	9	225.0	3	3883.519	3883.819
3890.187	0.900000000000091	trials	85	s085_J210526	grCe	1	315.0	3	3890.487	3890.786
3890.7949999999996	0.900000000000091	trials	85	s085_J210526	grCe_grSu12Mi	9	270.0	3	3891.095	3891.395
3891.395	0.900000000000091	trials	85	s085_J210526	grSu1Ne	2		3	3891.695	3891.995
3896.7129999999997	0.900000000000091	trials	85	s085_J210526	grCe_grSu12SmCiNe_PS	21	45.0	3	3897.013	3897.312
3897.3129999999996	0.900000000000091	trials	85	s085_J210526	grCe_grSu3Ne	5	315.0	3	3897.613	3897.912
3897.913	0.900000000000091	trials	85	s085_J210526	coCe_grSu6Ne	17	45.0	3	3898.213	3898.512
3903.422	0.900000000000091	trials	85	s085_J210526	coSu6Ne	20		3	3903.722	3904.021
3904.022	0.900000000000091	trials	85	s085_J210526	grCe_grSu3Ne	5	0.0	3	3904.322	3904.621
3909.598	0.900000000000091	trials	85	s085_J210526	grCe_grSu12SmCiNe	13	135.0	3	3909.898	3910.197
3915.7479999999996	0.900000000000091	trials	85	s085_J210526	grCe_grSu3Ne	5	90.0	3	3916.048	3916.348
3916.3489999999997	0.900000000000091	trials	85	s085_J210526	grCe_grSu6CiNe	15	270.0	3	3916.649	3916.948
3916.9489999999996	0.900000000000091	trials	85	s085_J210526	grSu12SmCiNe	12		3	3917.249	3917.548
3921.999	0.900000000000091	trials	85	s085_J210526	grCe_grSu6CiNe_PS	19	135.0	3	3922.299	3922.599
3923.2239999999997	0.900000000000091	trials	85	s085_J210526	grCe_grSu18Fa	11	225.0	3	3923.524	3923.824
3928.3419999999996	0.900000000000091	trials	85	s085_J210526	grCe_grSu6CiNe_PS	19	0.0	3	3928.642	3928.941
3929.542	0.900000000000091	trials	85	s085_J210526	grCe_grSu6Ne	7	0.0	3	3929.842	3930.141
3938.551	0.900000000000091	trials	85	s085_J210526	grCe_grSu12SmCiNe_PS	21	270.0	3	3938.851	3939.151
3939.151	0.900000000000091	trials	85	s085_J210526	grCe_grSu6Ne	7	135.0	3	3939.451	3939.751
3945.402	0.900000000000091	trials	85	s085_J210526	grCe	1	90.0	3	3945.702	3946.002
3946.002	0.900000000000091	trials	85	s085_J210526	grCe_grSu6Ne	7	270.0	3	3946.302	3946.602
3946.602	0.900000000000091	trials	85	s085_J210526	grCe_grSu12SmCiNe	13	180.0	3	3946.902	3947.202
3953.178	0.900000000000091	trials	85	s085_J210526	grCe_grSu6CiNe	15	315.0	3	3953.478	3953.778
3953.778	0.900000000000091	trials	85	s085_J210526	grCe_grSu12SmCiNe	13	45.0	3	3954.078	3954.378
3958.8959999999997	0.900000000000091	trials	85	s085_J210526	grCe_grSu12SmCiNe	13	0.0	3	3959.196	3959.495
3960.096	0.900000000000091	trials	85	s085_J210526	NoStim	0		3	3960.396	3960.695
3965.0299999999997	0.900000000000091	trials	85	s085_J210526	grCe_grSu18Fa	11	180.0	3	3965.33	3965.629
3965.6299999999997	0.900000000000091	trials	85	s085_J210526	grCe_grSu6CiNe	15	225.0	3	3965.93	3966.229
3966.23	0.900000000000091	trials	85	s085_J210526	coCe	16	270.0	3	3966.53	3966.83
3981.74	0.900000000000091	trials	85	s085_J210526	grCe_grSu6Ne_PS	18	135.0	3	3982.04	3982.34
3982.3399999999997	0.900000000000091	trials	85	s085_J210526	grCe_grSu6Ne	7	225.0	3	3982.64	3982.94
3982.941	0.900000000000091	trials	85	s085_J210526	grCe_grSu6CiNe	15	0.0	3	3983.241	3983.54
3988.5	0.900000000000091	trials	85	s085_J210526	grCe_grSu18Fa	11	315.0	3	3988.8	3989.099
3989.1	0.900000000000091	trials	85	s085_J210526	coCe	16	315.0	3	3989.4	3989.699
3989.7	0.900000000000091	trials	85	s085_J210526	coCe	16	135.0	3	3990.0	3990.299
3994.6749999999997	0.900000000000091	trials	85	s085_J210526	grCe_grSu12SmCiNe	13	270.0	3	3994.975	3995.275
4000.843	0.900000000000091	trials	85	s085_J210526	coCe	16	180.0	3	4001.143	4001.442
4005.027	0.900000000000091	trials	85	s085_J210526	grCe_grSu3Ne	5	225.0	3	4005.327	4005.626
4005.627	0.900000000000091	trials	85	s085_J210526	grCe_grSu1Ne	3	180.0	3	4005.927	4006.226
4011.528	0.900000000000091	trials	85	s085_J210526	grCe_grSu6CiNe	15	90.0	3	4011.828	4012.127
4012.1279999999997	0.900000000000091	trials	85	s085_J210526	grSu3Ne	4		3	4012.428	4012.727
4021.837	0.900000000000091	trials	85	s085_J210526	grCe_grSu1Ne	3	270.0	3	4022.137	4022.437
4022.437	0.900000000000091	trials	85	s085_J210526	grCe_grSu6Ne_PS	18	180.0	3	4022.737	4023.037
4027.763	0.900000000000091	trials	85	s085_J210526	grCe	1	225.0	3	4028.063	4028.363
4028.5299999999997	0.900000000000091	trials	85	s085_J210526	grSu6CiNe	14		3	4028.83	4029.129
4029.1299999999997	0.900000000000091	trials	85	s085_J210526	grCe_grSu6Ne	7	45.0	3	4029.43	4029.729
4034.1549999999997	0.900000000000091	trials	85	s085_J210526	grCe_grSu6CiNe_PS	19	315.0	3	4034.455	4034.755
4034.756	0.900000000000091	trials	85	s085_J210526	grCe_grSu12SmCiNe_PS	21	315.0	3	4035.056	4035.355
4035.3559999999998	0.900000000000091	trials	85	s085_J210526	grCe_grSu6CiNe_PS	19	225.0	3	4035.656	4035.955
4041.665	0.900000000000091	trials	85	s085_J210526	grCe	1	270.0	3	4041.965	4042.264
4054.691	0.900000000000091	trials	85	s085_J210526	grCe_grSu6CiNe_PS	19	90.0	3	4054.991	4055.291
4055.892	0.900000000000091	trials	85	s085_J210526	grCe_grSu12SmCiNe_PS	21	90.0	3	4056.192	4056.491
4060.817	0.900000000000091	trials	85	s085_J210526	grCe_grSu18Fa	11	135.0	3	4061.117	4061.417
4061.417	0.900000000000091	trials	85	s085_J210526	grCe_grSu6CiNe_PS	19	180.0	3	4061.717	4062.017
4062.017	0.900000000000091	trials	85	s085_J210526	grCe_grSu3Ne	5	135.0	3	4062.317	4062.617
4067.4429999999998	0.900000000000091	trials	85	s085_J210526	grCe_grSu12SmCiNe_PS	21	180.0	3	4067.743	4068.043
4068.0429999999997	0.900000000000091	trials	85	s085_J210526	coCe	16	0.0	3	4068.343	4068.643
4068.643	0.900000000000091	trials	85	s085_J210526	coCe	16	225.0	3	4068.943	4069.243
4076.9359999999997	0.900000000000091	trials	85	s085_J210526	grCe	1	45.0	3	4077.236	4077.536
4077.544	0.900000000000091	trials	85	s085_J210526	grCe_grSu12Mi	9	0.0	3	4077.844	4078.144
4093.605	0.900000000000091	trials	85	s085_J210526	grCe_grSu6CiNe	15	45.0	3	4093.905	4094.204
4094.205	0.900000000000091	trials	85	s085_J210526	coCe_grSu6Ne	17	180.0	3	4094.505	4094.804
4097.889	0.9000000000005457	trials	85	s085_J210526	grCe_grSu6Ne	7	90.0	3	4098.189	4098.488
4098.489	0.9000000000005457	trials	85	s085_J210526	grCe_grSu6Ne_PS	18	45.0	3	4098.789	4099.088
4099.097	0.9000000000005457	trials	85	s085_J210526	grCe_grSu18Fa	11	90.0	3	4099.397	4099.697
4104.130999999999	0.9000000000005457	trials	85	s085_J210526	coCe_grSu6Ne	17	315.0	3	4104.431	4104.731
4107.831999999999	0.9000000000005457	trials	85	s085_J210526	grCe_grSu6CiNe_PS	19	270.0	3	4108.132	4108.431
4108.432	0.9000000000005457	trials	85	s085_J210526	grCe_grSu6Ne	7	180.0	3	4108.732	4109.031
4109.032	0.9000000000005457	trials	85	s085_J210526	coCe_grSu6Ne	17	135.0	3	4109.332	4109.631
4126.001	0.9000000000005457	trials	85	s085_J210526	coCe_grSu6Ne	17	225.0	3	4126.301	4126.6
4126.601	0.9000000000005457	trials	85	s085_J210526	grCe_grSu12SmCiNe	13	90.0	3	4126.901	4127.2
4133.527	0.9000000000005457	trials	85	s085_J210526	coCe	16	90.0	3	4133.827	4134.126
4134.1269999999995	0.9000000000005457	trials	85	s085_J210526	grCe_grSu6CiNe	15	135.0	3	4134.427	4134.726
4142.903	0.9000000000005457	trials	85	s085_J210526	grSu6Ne	6		3	4143.203	4143.502
4143.503	0.9000000000005457	trials	85	s085_J210526	grCe	1	0.0	3	4143.803	4144.103
4144.103	0.9000000000005457	trials	85	s085_J210526	grCe_grSu12SmCiNe	13	225.0	3	4144.403	4144.703
4149.354	0.9000000000005457	trials	85	s085_J210526	grCe_grSu3Ne	5	180.0	3	4149.654	4149.953
4156.679999999999	0.9000000000005457	trials	85	s085_J210526	grCe_grSu1Ne	3	225.0	3	4156.98	4157.279
4157.288	0.9000000000005457	trials	85	s085_J210526	grSu18Fa	10		3	4157.588	4157.888
4157.888	0.9000000000005457	trials	85	s085_J210526	grCe_grSu12SmCiNe	13	315.0	3	4158.188	4158.488
