onset	duration	nwb_table	ses_ID	ses_Name	cond_Name	cond_ID	target_rot	rep_num	pdOn	pdOff
29.864	0.9000000000000021	trials	122	s122_J210701	coSu6Ne	20		6	30.164	30.464
30.473	0.9000000000000021	trials	122	s122_J210701	grCe_grSu12Mi	9	45.0	6	30.773	31.072
31.073	0.9000000000000021	trials	122	s122_J210701	coCe	16	135.0	6	31.373	31.672
39.149	0.8999999999999986	trials	122	s122_J210701	grCe_grSu1Ne	3	225.0	6	39.449	39.748
39.757000000000005	0.8999999999999986	trials	122	s122_J210701	grCe_grSu1Ne	3	0.0	6	40.057	40.357
40.374	0.8999999999999986	trials	122	s122_J210701	grCe_grSu18Fa	11	270.0	6	40.674	40.973
45.766000000000005	0.8999999999999986	trials	122	s122_J210701	grCe_grSu6Ne_PS	18	0.0	6	46.066	46.366
46.375	0.8999999999999986	trials	122	s122_J210701	grCe_grSu12Mi	9	315.0	6	46.675	46.974
46.983000000000004	0.8999999999999986	trials	122	s122_J210701	grCe_grSu6CiNe	15	45.0	6	47.283	47.583
55.101000000000006	0.8999999999999986	trials	122	s122_J210701	grCe_grSu6CiNe	15	270.0	6	55.401	55.7
62.177	0.8999999999999986	trials	122	s122_J210701	grCe_grSu12Mi	9	0.0	6	62.477	62.776
62.785000000000004	0.8999999999999986	trials	122	s122_J210701	grCe_grSu3Ne	5	0.0	6	63.085	63.385
63.402	0.8999999999999915	trials	122	s122_J210701	grCe_grSu18Fa	11	315.0	6	63.702	64.001
72.553	0.8999999999999915	trials	122	s122_J210701	grCe_grSu6CiNe	15	90.0	6	72.853	73.153
73.153	0.8999999999999915	trials	122	s122_J210701	grCe_grSu12SmCiNe_PS	21	0.0	6	73.453	73.753
84.946	0.8999999999999915	trials	122	s122_J210701	grCe_grSu6Ne	7	270.0	6	85.246	85.546
88.922	0.8999999999999915	trials	122	s122_J210701	grCe_grSu6CiNe	15	180.0	6	89.222	89.521
100.348	0.8999999999999915	trials	122	s122_J210701	grCe_grSu1Ne	3	180.0	6	100.648	100.948
100.94800000000001	0.8999999999999915	trials	122	s122_J210701	grCe_grSu6Ne_PS	18	270.0	6	101.248	101.548
101.549	0.8999999999999915	trials	122	s122_J210701	grCe_grSu6CiNe_PS	19	315.0	6	101.849	102.148
106.808	0.8999999999999915	trials	122	s122_J210701	grCe_grSu6Ne_PS	18	90.0	6	107.108	107.407
107.408	0.8999999999999915	trials	122	s122_J210701	grCe_grSu6Ne_PS	18	135.0	6	107.708	108.007
113.075	0.8999999999999915	trials	122	s122_J210701	grCe_grSu12SmCiNe	13	225.0	6	113.375	113.675
113.683	0.8999999999999915	trials	122	s122_J210701	grCe_grSu1Ne	3	135.0	6	113.983	114.283
117.292	0.8999999999999915	trials	122	s122_J210701	grCe_grSu6CiNe_PS	19	180.0	6	117.592	117.892
118.501	0.8999999999999915	trials	122	s122_J210701	grSu3Ne	4		6	118.801	119.1
124.16	0.8999999999999915	trials	122	s122_J210701	grCe_grSu6CiNe_PS	19	45.0	6	124.46	124.759
124.76	0.8999999999999915	trials	122	s122_J210701	coCe	16	180.0	6	125.06	125.359
130.39399999999998	0.9000000000000057	trials	122	s122_J210701	grCe_grSu18Fa	11	45.0	6	130.694	130.993
130.994	0.9000000000000057	trials	122	s122_J210701	grCe	1	90.0	6	131.294	131.594
136.636	0.9000000000000057	trials	122	s122_J210701	grCe	1	180.0	6	136.936	137.236
140.42	0.9000000000000057	trials	122	s122_J210701	grSu12Mi	8		6	140.72	141.02
141.66199999999998	0.9000000000000057	trials	122	s122_J210701	grCe_grSu12Mi	9	180.0	6	141.962	142.262
147.35399999999998	0.9000000000000057	trials	122	s122_J210701	grCe_grSu3Ne	5	135.0	6	147.654	147.954
147.963	0.9000000000000057	trials	122	s122_J210701	grCe_grSu6Ne	7	90.0	6	148.263	148.562
163.47299999999998	0.9000000000000057	trials	122	s122_J210701	grCe	1	225.0	6	163.773	164.073
167.04899999999998	0.9000000000000057	trials	122	s122_J210701	grCe_grSu6Ne	7	315.0	6	167.349	167.648
185.176	0.9000000000000057	trials	122	s122_J210701	grCe_grSu12Mi	9	90.0	6	185.476	185.776
191.16799999999998	0.9000000000000057	trials	122	s122_J210701	grCe_grSu6CiNe_PS	19	90.0	6	191.468	191.768
191.777	0.9000000000000057	trials	122	s122_J210701	grCe_grSu12SmCiNe	13	0.0	6	192.077	192.376
192.37699999999998	0.9000000000000057	trials	122	s122_J210701	grCe_grSu12SmCiNe_PS	21	45.0	6	192.677	192.977
200.45299999999997	0.9000000000000057	trials	122	s122_J210701	coCe	16	90.0	6	200.753	201.053
201.76999999999998	0.9000000000000057	trials	122	s122_J210701	grCe_grSu6Ne	7	225.0	6	202.07	202.369
207.646	0.9000000000000057	trials	122	s122_J210701	grCe_grSu6CiNe	15	225.0	6	207.946	208.245
208.254	0.9000000000000057	trials	122	s122_J210701	coCe_grSu6Ne	17	180.0	6	208.554	208.854
214.155	0.9000000000000057	trials	122	s122_J210701	coCe	16	45.0	6	214.455	214.754
215.37199999999999	0.9000000000000057	trials	122	s122_J210701	grCe_grSu6Ne	7	135.0	6	215.672	215.971
223.706	0.9000000000000057	trials	122	s122_J210701	coCe_grSu6Ne	17	135.0	6	224.006	224.306
224.30599999999998	0.9000000000000057	trials	122	s122_J210701	coCe	16	315.0	6	224.606	224.906
224.915	0.9000000000000057	trials	122	s122_J210701	grCe_grSu6Ne	7	0.0	6	225.215	225.514
230.23999999999998	0.9000000000000057	trials	122	s122_J210701	coCe_grSu6Ne	17	315.0	6	230.54	230.84
230.849	0.9000000000000057	trials	122	s122_J210701	grCe_grSu3Ne	5	270.0	6	231.149	231.448
231.46499999999997	0.9000000000000057	trials	122	s122_J210701	grCe_grSu18Fa	11	225.0	6	231.765	232.065
236.63299999999998	0.9000000000000057	trials	122	s122_J210701	grCe_grSu18Fa	11	180.0	6	236.933	237.232
237.23299999999998	0.9000000000000057	trials	122	s122_J210701	grSu6CiNe	14		6	237.533	237.832
243.017	0.9000000000000057	trials	122	s122_J210701	grCe_grSu3Ne	5	45.0	6	243.317	243.616
243.625	0.9000000000000057	trials	122	s122_J210701	grCe_grSu6CiNe	15	135.0	6	243.925	244.225
244.23399999999998	0.9000000000000057	trials	122	s122_J210701	grCe_grSu6Ne	7	45.0	6	244.534	244.833
249.75099999999998	0.9000000000000057	trials	122	s122_J210701	grCe_grSu6CiNe	15	315.0	6	250.051	250.351
250.35899999999998	0.9000000000000057	trials	122	s122_J210701	grCe_grSu1Ne	3	315.0	6	250.659	250.959
250.976	0.9000000000000057	trials	122	s122_J210701	grCe_grSu6CiNe_PS	19	225.0	6	251.276	251.576
259.444	0.9000000000000341	trials	122	s122_J210701	grCe_grSu3Ne	5	225.0	6	259.744	260.044
263.836	0.9000000000000341	trials	122	s122_J210701	grCe_grSu12Mi	9	225.0	6	264.136	264.436
273.37899999999996	0.9000000000000341	trials	122	s122_J210701	grCe_grSu12SmCiNe_PS	21	180.0	6	273.679	273.979
273.979	0.9000000000000341	trials	122	s122_J210701	grCe	1	0.0	6	274.279	274.579
284.231	0.9000000000000341	trials	122	s122_J210701	grCe_grSu3Ne	5	315.0	6	284.531	284.83
284.839	0.9000000000000341	trials	122	s122_J210701	grCe_grSu12Mi	9	270.0	6	285.139	285.438
285.43899999999996	0.9000000000000341	trials	122	s122_J210701	grCe_grSu6Ne_PS	18	315.0	6	285.739	286.039
290.306	0.9000000000000341	trials	122	s122_J210701	grCe_grSu12SmCiNe_PS	21	225.0	6	290.606	290.906
299.233	0.9000000000000341	trials	122	s122_J210701	grCe_grSu12SmCiNe_PS	21	90.0	6	299.533	299.832
299.841	0.9000000000000341	trials	122	s122_J210701	coCe_grSu6Ne	17	45.0	6	300.141	300.44
300.441	0.9000000000000341	trials	122	s122_J210701	grCe_grSu12SmCiNe_PS	21	135.0	6	300.741	301.041
308.609	0.9000000000000341	trials	122	s122_J210701	coCe	16	225.0	6	308.909	309.208
309.209	0.9000000000000341	trials	122	s122_J210701	grCe_grSu12SmCiNe_PS	21	315.0	6	309.509	309.808
309.817	0.9000000000000341	trials	122	s122_J210701	grCe_grSu6Ne	7	180.0	6	310.117	310.417
319.11	0.9000000000000341	trials	122	s122_J210701	grCe_grSu12SmCiNe_PS	21	270.0	6	319.41	319.71
319.71	0.9000000000000341	trials	122	s122_J210701	grSu6Ne	6		6	320.01	320.31
331.34499999999997	0.9000000000000341	trials	122	s122_J210701	grCe_grSu1Ne	3	45.0	6	331.645	331.945
335.204	0.9000000000000341	trials	122	s122_J210701	grCe_grSu18Fa	11	0.0	6	335.504	335.803
335.804	0.9000000000000341	trials	122	s122_J210701	grCe_grSu6CiNe_PS	19	270.0	6	336.104	336.403
336.412	0.9000000000000341	trials	122	s122_J210701	grCe_grSu12SmCiNe	13	90.0	6	336.712	337.012
352.131	0.9000000000000341	trials	122	s122_J210701	grCe_grSu6Ne_PS	18	225.0	6	352.431	352.731
352.739	0.9000000000000341	trials	122	s122_J210701	coCe_grSu6Ne	17	225.0	6	353.039	353.339
357.615	0.9000000000000341	trials	122	s122_J210701	grCe_grSu12SmCiNe	13	135.0	6	357.915	358.215
361.091	0.9000000000000341	trials	122	s122_J210701	grCe_grSu1Ne	3	90.0	6	361.391	361.69
361.691	0.9000000000000341	trials	122	s122_J210701	grCe_grSu6CiNe_PS	19	0.0	6	361.991	362.29
362.307	0.9000000000000341	trials	122	s122_J210701	grCe_grSu18Fa	11	90.0	6	362.607	362.907
371.675	0.9000000000000341	trials	122	s122_J210701	grCe_grSu12SmCiNe	13	270.0	6	371.975	372.275
376.676	0.9000000000000341	trials	122	s122_J210701	grCe	1	270.0	6	376.976	377.275
377.276	0.9000000000000341	trials	122	s122_J210701	grCe_grSu6Ne_PS	18	45.0	6	377.576	377.875
377.884	0.9000000000000341	trials	122	s122_J210701	grCe_grSu12Mi	9	135.0	6	378.184	378.484
382.96	0.9000000000000341	trials	122	s122_J210701	grCe_grSu6Ne_PS	18	180.0	6	383.26	383.56
383.56	0.9000000000000341	trials	122	s122_J210701	grCe	1	315.0	6	383.86	384.16
384.15999999999997	0.9000000000000341	trials	122	s122_J210701	NoStim	0		6	384.46	384.76
389.178	0.9000000000000341	trials	122	s122_J210701	coCe	16	0.0	6	389.478	389.777
389.77799999999996	0.9000000000000341	trials	122	s122_J210701	grSu1Ne	2		6	390.078	390.377
390.378	0.9000000000000341	trials	122	s122_J210701	coCe	16	270.0	6	390.678	390.977
395.40299999999996	0.9000000000000341	trials	122	s122_J210701	grCe_grSu6CiNe_PS	19	135.0	6	395.703	396.003
396.012	0.9000000000000341	trials	122	s122_J210701	coCe_grSu6Ne	17	270.0	6	396.312	396.611
396.62	0.9000000000000341	trials	122	s122_J210701	grCe_grSu12SmCiNe	13	45.0	6	396.92	397.22
405.313	0.9000000000000341	trials	122	s122_J210701	grCe_grSu1Ne	3	270.0	6	405.613	405.912
405.921	0.9000000000000341	trials	122	s122_J210701	grCe_grSu3Ne	5	90.0	6	406.221	406.521
413.772	0.9000000000000341	trials	122	s122_J210701	grCe	1	135.0	6	414.072	414.372
414.372	0.9000000000000341	trials	122	s122_J210701	grSu12SmCiNe	12		6	414.672	414.972
414.981	0.9000000000000341	trials	122	s122_J210701	coCe_grSu6Ne	17	90.0	6	415.281	415.58
422.924	0.9000000000000341	trials	122	s122_J210701	grCe	1	45.0	6	423.224	423.523
424.14	0.9000000000000341	trials	122	s122_J210701	grSu18Fa	10		6	424.44	424.74
432.366	0.9000000000000341	trials	122	s122_J210701	grCe_grSu12SmCiNe	13	315.0	6	432.666	432.966
436.442	0.9000000000000341	trials	122	s122_J210701	coCe_grSu6Ne	17	0.0	6	436.742	437.041
441.234	0.9000000000000341	trials	122	s122_J210701	grCe_grSu18Fa	11	135.0	6	441.534	441.834
441.84299999999996	0.9000000000000341	trials	122	s122_J210701	grCe_grSu6CiNe	15	0.0	6	442.143	442.442
446.985	0.9000000000000341	trials	122	s122_J210701	grCe_grSu12SmCiNe	13	180.0	6	447.285	447.585
450.735	0.9000000000000341	trials	122	s122_J210701	grCe_grSu3Ne	5	180.0	6	451.035	451.335
451.336	0.9000000000000341	trials	122	s122_J210701	grCe_grSu6Ne_PS	18	315.0	9	451.636	451.935
451.944	0.9000000000000341	trials	122	s122_J210701	grCe_grSu6CiNe	15	225.0	9	452.244	452.543
456.77	0.9000000000000341	trials	122	s122_J210701	coCe	16	180.0	9	457.07	457.369
460.762	0.9000000000000341	trials	122	s122_J210701	grCe_grSu3Ne	5	180.0	9	461.062	461.361
461.36199999999997	0.9000000000000341	trials	122	s122_J210701	grSu6CiNe	14		9	461.662	461.961
464.86199999999997	0.9000000000000341	trials	122	s122_J210701	grSu1Ne	2		9	465.162	465.462
465.471	0.9000000000000341	trials	122	s122_J210701	grCe_grSu6CiNe	15	315.0	9	465.771	466.07
466.07099999999997	0.9000000000000341	trials	122	s122_J210701	grSu3Ne	4		9	466.371	466.67
474.705	0.9000000000000341	trials	122	s122_J210701	coCe_grSu6Ne	17	90.0	9	475.005	475.305
475.31399999999996	0.9000000000000341	trials	122	s122_J210701	grCe_grSu1Ne	3	90.0	9	475.614	475.913
475.92199999999997	0.9000000000000341	trials	122	s122_J210701	grCe_grSu6Ne	7	270.0	9	476.222	476.522
480.848	0.9000000000000341	trials	122	s122_J210701	grCe	1	180.0	9	481.148	481.447
481.45599999999996	0.9000000000000341	trials	122	s122_J210701	grCe_grSu3Ne	5	315.0	9	481.756	482.056
487.599	0.9000000000000341	trials	122	s122_J210701	grCe_grSu6CiNe_PS	19	315.0	9	487.899	488.198
488.199	0.9000000000000341	trials	122	s122_J210701	grCe	1	0.0	9	488.499	488.798
493.058	0.9000000000000341	trials	122	s122_J210701	coCe_grSu6Ne	17	45.0	9	493.358	493.657
497.125	0.9000000000000341	trials	122	s122_J210701	grCe_grSu6Ne_PS	18	225.0	9	497.425	497.724
497.733	0.9000000000000341	trials	122	s122_J210701	grCe_grSu12SmCiNe	13	270.0	9	498.033	498.333
498.33299999999997	0.9000000000000341	trials	122	s122_J210701	grCe	1	270.0	9	498.633	498.933
503.301	0.9000000000000341	trials	122	s122_J210701	grCe_grSu18Fa	11	225.0	9	503.601	503.9
503.909	0.9000000000000341	trials	122	s122_J210701	grCe_grSu3Ne	5	45.0	9	504.209	504.509
509.601	0.9000000000000341	trials	122	s122_J210701	grCe_grSu3Ne	5	135.0	9	509.901	510.201
510.21	0.9000000000000341	trials	122	s122_J210701	coCe_grSu6Ne	17	315.0	9	510.51	510.809
513.61	0.8999999999999773	trials	122	s122_J210701	coSu6Ne	20		9	513.91	514.21
518.178	0.8999999999999773	trials	122	s122_J210701	coCe	16	45.0	9	518.478	518.777
518.778	0.8999999999999773	trials	122	s122_J210701	grCe_grSu6CiNe_PS	19	135.0	9	519.078	519.377
523.7620000000001	0.8999999999999773	trials	122	s122_J210701	grCe_grSu12Mi	9	225.0	9	524.062	524.361
524.37	0.8999999999999773	trials	122	s122_J210701	grCe_grSu12Mi	9	315.0	9	524.67	524.97
524.9780000000001	0.8999999999999773	trials	122	s122_J210701	grCe_grSu6CiNe	15	0.0	9	525.278	525.578
529.854	0.8999999999999773	trials	122	s122_J210701	coCe	16	315.0	9	530.154	530.454
530.4540000000001	0.8999999999999773	trials	122	s122_J210701	grCe_grSu6CiNe_PS	19	90.0	9	530.754	531.054
531.0630000000001	0.8999999999999773	trials	122	s122_J210701	grCe_grSu6Ne	7	0.0	9	531.363	531.662
536.0630000000001	0.8999999999999773	trials	122	s122_J210701	grCe_grSu18Fa	11	0.0	9	536.363	536.663
536.663	0.8999999999999773	trials	122	s122_J210701	grCe_grSu6CiNe_PS	19	0.0	9	536.963	537.263
542.2560000000001	0.8999999999999773	trials	122	s122_J210701	grCe_grSu18Fa	11	45.0	9	542.556	542.855
542.856	0.8999999999999773	trials	122	s122_J210701	grCe_grSu6CiNe_PS	19	225.0	9	543.156	543.455
546.4150000000001	0.8999999999999773	trials	122	s122_J210701	grCe_grSu12SmCiNe_PS	21	90.0	9	546.715	547.014
547.023	0.8999999999999773	trials	122	s122_J210701	grCe_grSu1Ne	3	315.0	9	547.323	547.622
547.623	0.8999999999999773	trials	122	s122_J210701	grCe	1	90.0	9	547.923	548.223
552.624	0.8999999999999773	trials	122	s122_J210701	grCe_grSu12Mi	9	45.0	9	552.924	553.223
553.832	0.8999999999999773	trials	122	s122_J210701	coCe	16	0.0	9	554.132	554.432
559.383	0.8999999999999773	trials	122	s122_J210701	grCe_grSu18Fa	11	135.0	9	559.683	559.982
565.6840000000001	0.8999999999999773	trials	122	s122_J210701	grCe_grSu6Ne_PS	18	0.0	9	565.984	566.283
571.3340000000001	0.8999999999999773	trials	122	s122_J210701	grCe_grSu6CiNe_PS	19	270.0	9	571.634	571.934
571.9430000000001	0.8999999999999773	trials	122	s122_J210701	grCe_grSu6CiNe	15	45.0	9	572.243	572.542
572.551	0.8999999999999773	trials	122	s122_J210701	grCe_grSu12Mi	9	90.0	9	572.851	573.151
577.8100000000001	0.8999999999999773	trials	122	s122_J210701	coCe	16	90.0	9	578.11	578.41
583.9530000000001	0.8999999999999773	trials	122	s122_J210701	grCe_grSu3Ne	5	270.0	9	584.253	584.552
585.1610000000001	0.8999999999999773	trials	122	s122_J210701	coCe_grSu6Ne	17	180.0	9	585.461	585.761
589.962	0.8999999999999773	trials	122	s122_J210701	grCe_grSu6CiNe_PS	19	180.0	9	590.262	590.561
590.57	0.8999999999999773	trials	122	s122_J210701	grCe_grSu12Mi	9	270.0	9	590.87	591.17
591.1790000000001	0.8999999999999773	trials	122	s122_J210701	grCe_grSu6Ne	7	90.0	9	591.479	591.778
595.979	0.8999999999999773	trials	122	s122_J210701	grCe_grSu12SmCiNe	13	315.0	9	596.279	596.579
597.1880000000001	0.8999999999999773	trials	122	s122_J210701	grCe_grSu12SmCiNe_PS	21	315.0	9	597.488	597.787
602.9720000000001	0.8999999999999773	trials	122	s122_J210701	grCe_grSu6Ne_PS	18	270.0	9	603.272	603.571
603.58	0.8999999999999773	trials	122	s122_J210701	grCe_grSu1Ne	3	180.0	9	603.88	604.18
608.581	0.8999999999999773	trials	122	s122_J210701	grCe_grSu1Ne	3	0.0	9	608.881	609.18
609.181	0.8999999999999773	trials	122	s122_J210701	grCe	1	315.0	9	609.481	609.781
609.7890000000001	0.8999999999999773	trials	122	s122_J210701	grCe_grSu12SmCiNe	13	90.0	9	610.089	610.389
615.182	0.8999999999999773	trials	122	s122_J210701	coCe_grSu6Ne	17	135.0	9	615.482	615.781
616.399	0.8999999999999773	trials	122	s122_J210701	coCe_grSu6Ne	17	270.0	9	616.699	616.998
624.941	0.8999999999999773	trials	122	s122_J210701	grCe_grSu18Fa	11	270.0	9	625.241	625.541
625.5500000000001	0.8999999999999773	trials	122	s122_J210701	grCe_grSu6Ne	7	45.0	9	625.85	626.149
626.158	0.8999999999999773	trials	122	s122_J210701	grCe_grSu3Ne	5	90.0	9	626.458	626.758
631.759	0.8999999999999773	trials	122	s122_J210701	grCe_grSu12SmCiNe	13	0.0	9	632.059	632.358
632.3670000000001	0.8999999999999773	trials	122	s122_J210701	grCe_grSu3Ne	5	0.0	9	632.667	632.967
638.5930000000001	0.8999999999999773	trials	122	s122_J210701	grCe_grSu6CiNe	15	180.0	9	638.893	639.193
639.1930000000001	0.8999999999999773	trials	122	s122_J210701	grCe_grSu12SmCiNe_PS	21	135.0	9	639.493	639.793
644.2940000000001	0.8999999999999773	trials	122	s122_J210701	grCe_grSu6Ne	7	315.0	9	644.594	644.893
644.902	0.8999999999999773	trials	122	s122_J210701	grCe_grSu12Mi	9	135.0	9	645.202	645.502
645.5020000000001	0.8999999999999773	trials	122	s122_J210701	grCe	1	45.0	9	645.802	646.102
650.753	0.8999999999999773	trials	122	s122_J210701	grCe_grSu6Ne_PS	18	135.0	9	651.053	651.353
651.3530000000001	0.8999999999999773	trials	122	s122_J210701	grCe_grSu12SmCiNe_PS	21	180.0	9	651.653	651.953
651.97	0.8999999999999773	trials	122	s122_J210701	grCe_grSu18Fa	11	90.0	9	652.27	652.569
666.73	0.8999999999999773	trials	122	s122_J210701	grSu6Ne	6		9	667.03	667.33
667.33	0.8999999999999773	trials	122	s122_J210701	coCe	16	135.0	9	667.63	667.93
673.3480000000001	0.8999999999999773	trials	122	s122_J210701	grCe_grSu6Ne_PS	18	90.0	9	673.648	673.947
676.956	0.8999999999999773	trials	122	s122_J210701	grCe_grSu6Ne	7	180.0	9	677.256	677.556
677.557	0.8999999999999773	trials	122	s122_J210701	coCe	16	270.0	9	677.857	678.156
678.1650000000001	0.8999999999999773	trials	122	s122_J210701	coCe_grSu6Ne	17	0.0	9	678.465	678.764
683.224	0.8999999999999773	trials	122	s122_J210701	grCe_grSu1Ne	3	270.0	9	683.524	683.823
683.832	0.8999999999999773	trials	122	s122_J210701	grCe_grSu3Ne	5	225.0	9	684.132	684.432
684.432	0.8999999999999773	trials	122	s122_J210701	grCe_grSu6Ne_PS	18	45.0	9	684.732	685.032
689.575	0.8999999999999773	trials	122	s122_J210701	grCe_grSu12SmCiNe_PS	21	270.0	9	689.875	690.174
690.192	0.8999999999999773	trials	122	s122_J210701	grCe_grSu18Fa	11	315.0	9	690.492	690.791
690.9830000000001	0.8999999999999773	trials	122	s122_J210701	NoStim	0		9	691.283	691.583
696.134	0.8999999999999773	trials	122	s122_J210701	grSu18Fa	10		9	696.434	696.733
696.734	0.8999999999999773	trials	122	s122_J210701	grCe_grSu12SmCiNe_PS	21	45.0	9	697.034	697.334
700.5930000000001	0.8999999999999773	trials	122	s122_J210701	grCe_grSu1Ne	3	135.0	9	700.893	701.192
708.394	0.8999999999999773	trials	122	s122_J210701	grCe_grSu12SmCiNe_PS	21	0.0	9	708.694	708.993
709.0020000000001	0.8999999999999773	trials	122	s122_J210701	grCe_grSu6CiNe	15	90.0	9	709.302	709.602
714.936	0.8999999999999773	trials	122	s122_J210701	grCe_grSu12SmCiNe	13	180.0	9	715.236	715.536
715.5360000000001	0.8999999999999773	trials	122	s122_J210701	grSu12SmCiNe	12		9	715.836	716.136
716.1450000000001	0.8999999999999773	trials	122	s122_J210701	grCe_grSu1Ne	3	45.0	9	716.445	716.744
721.504	0.8999999999999773	trials	122	s122_J210701	grCe_grSu6Ne	7	225.0	9	721.804	722.103
722.721	0.8999999999999773	trials	122	s122_J210701	grSu12Mi	8		9	723.021	723.32
727.571	0.8999999999999773	trials	122	s122_J210701	grCe_grSu12SmCiNe_PS	21	225.0	9	727.871	728.171
728.1800000000001	0.8999999999999773	trials	122	s122_J210701	grCe_grSu12Mi	9	0.0	9	728.48	728.779
728.788	0.8999999999999773	trials	122	s122_J210701	grCe_grSu6CiNe	15	270.0	9	729.088	729.388
734.3140000000001	0.8999999999999773	trials	122	s122_J210701	grCe_grSu6CiNe	15	135.0	9	734.614	734.913
739.148	0.8999999999999773	trials	122	s122_J210701	grCe	1	225.0	9	739.448	739.747
739.748	0.8999999999999773	trials	122	s122_J210701	grCe_grSu6CiNe_PS	19	45.0	9	740.048	740.347
740.356	0.8999999999999773	trials	122	s122_J210701	coCe_grSu6Ne	17	225.0	9	740.656	740.956
745.932	0.8999999999999773	trials	122	s122_J210701	grCe_grSu18Fa	11	180.0	9	746.232	746.532
746.532	0.8999999999999773	trials	122	s122_J210701	coCe	16	225.0	9	746.832	747.132
752.725	0.8999999999999773	trials	122	s122_J210701	grCe_grSu12SmCiNe	13	225.0	9	753.025	753.324
753.325	0.8999999999999773	trials	122	s122_J210701	grCe	1	135.0	9	753.625	753.924
753.933	0.8999999999999773	trials	122	s122_J210701	grCe_grSu6Ne	7	135.0	9	754.233	754.533
758.975	0.8999999999999773	trials	122	s122_J210701	grCe_grSu6Ne_PS	18	180.0	9	759.275	759.575
759.5840000000001	0.8999999999999773	trials	122	s122_J210701	grCe_grSu12Mi	9	180.0	9	759.884	760.183
760.192	0.8999999999999773	trials	122	s122_J210701	grCe_grSu12SmCiNe	13	45.0	9	760.492	760.792
765.418	0.8999999999999773	trials	122	s122_J210701	grCe_grSu1Ne	3	225.0	9	765.718	766.017
766.0260000000001	0.8999999999999773	trials	122	s122_J210701	grCe_grSu12SmCiNe	13	135.0	9	766.326	766.626
766.6260000000001	0.8999999999999773	trials	122	s122_J210701	coCe	16	225.0	7	766.926	767.226
771.6600000000001	0.8999999999999773	trials	122	s122_J210701	grCe_grSu6CiNe_PS	19	270.0	7	771.96	772.26
772.2610000000001	0.8999999999999773	trials	122	s122_J210701	grCe	1	225.0	7	772.561	772.86
772.869	0.8999999999999773	trials	122	s122_J210701	grCe_grSu6CiNe	15	180.0	7	773.169	773.468
778.6030000000001	0.8999999999999773	trials	122	s122_J210701	grCe_grSu12SmCiNe_PS	21	270.0	7	778.903	779.203
779.211	0.8999999999999773	trials	122	s122_J210701	grSu18Fa	10		7	779.511	779.811
784.854	0.8999999999999773	trials	122	s122_J210701	grCe_grSu6Ne_PS	18	270.0	7	785.154	785.453
785.462	0.8999999999999773	trials	122	s122_J210701	coCe_grSu6Ne	17	225.0	7	785.762	786.062
790.513	0.8999999999999773	trials	122	s122_J210701	grCe_grSu3Ne	5	135.0	7	790.813	791.112
791.1210000000001	0.8999999999999773	trials	122	s122_J210701	grCe_grSu6CiNe	15	90.0	7	791.421	791.721
791.73	0.8999999999999773	trials	122	s122_J210701	grCe_grSu1Ne	3	0.0	7	792.03	792.329
796.5640000000001	0.8999999999999773	trials	122	s122_J210701	grCe_grSu6CiNe	15	225.0	7	796.864	797.163
797.1640000000001	0.8999999999999773	trials	122	s122_J210701	coCe	16	270.0	7	797.464	797.763
797.764	0.8999999999999773	trials	122	s122_J210701	grCe_grSu12SmCiNe_PS	21	90.0	7	798.064	798.363
802.623	0.8999999999999773	trials	122	s122_J210701	grSu1Ne	2		7	802.923	803.222
803.84	0.8999999999999773	trials	122	s122_J210701	grCe_grSu1Ne	3	225.0	7	804.14	804.439
808.874	0.8999999999999773	trials	122	s122_J210701	grCe_grSu12SmCiNe_PS	21	45.0	7	809.174	809.473
815.649	0.8999999999999773	trials	122	s122_J210701	grCe_grSu6Ne_PS	18	0.0	7	815.949	816.249
816.25	0.8999999999999773	trials	122	s122_J210701	grCe_grSu6CiNe_PS	19	315.0	7	816.55	816.849
821.134	0.8999999999999773	trials	122	s122_J210701	grCe	1	135.0	7	821.434	821.733
821.734	0.8999999999999773	trials	122	s122_J210701	grCe_grSu6Ne_PS	18	90.0	7	822.034	822.333
822.35	0.8999999999999773	trials	122	s122_J210701	grCe_grSu18Fa	11	0.0	7	822.65	822.95
827.159	0.8999999999999773	trials	122	s122_J210701	coSu6Ne	20		7	827.459	827.759
827.768	0.8999999999999773	trials	122	s122_J210701	grCe_grSu1Ne	3	315.0	7	828.068	828.367
828.368	0.8999999999999773	trials	122	s122_J210701	grCe_grSu12SmCiNe_PS	21	135.0	7	828.668	828.967
833.3770000000001	0.8999999999999773	trials	122	s122_J210701	grCe_grSu18Fa	11	90.0	7	833.677	833.976
833.985	0.8999999999999773	trials	122	s122_J210701	grCe_grSu3Ne	5	315.0	7	834.285	834.585
834.594	0.8999999999999773	trials	122	s122_J210701	grCe_grSu12Mi	9	315.0	7	834.894	835.193
839.628	0.8999999999999773	trials	122	s122_J210701	grSu12SmCiNe	12		7	839.928	840.227
840.236	0.8999999999999773	trials	122	s122_J210701	grCe_grSu12SmCiNe	13	135.0	7	840.536	840.836
846.945	0.8999999999999773	trials	122	s122_J210701	grCe_grSu12SmCiNe	13	45.0	7	847.245	847.545
847.5450000000001	0.8999999999999773	trials	122	s122_J210701	grCe_grSu12SmCiNe_PS	21	225.0	7	847.845	848.145
854.2130000000001	0.8999999999999773	trials	122	s122_J210701	grCe	1	0.0	7	854.513	854.812
854.821	0.8999999999999773	trials	122	s122_J210701	grCe_grSu12SmCiNe	13	180.0	7	855.121	855.421
861.072	0.8999999999999773	trials	122	s122_J210701	grCe_grSu18Fa	11	135.0	7	861.372	861.672
866.7810000000001	0.8999999999999773	trials	122	s122_J210701	grCe_grSu3Ne	5	270.0	7	867.081	867.381
874.4240000000001	0.8999999999999773	trials	122	s122_J210701	grCe_grSu3Ne	5	45.0	7	874.724	875.023
875.649	0.8999999999999773	trials	122	s122_J210701	grSu3Ne	4		7	875.949	876.248
881.4580000000001	0.8999999999999773	trials	122	s122_J210701	grCe	1	315.0	7	881.758	882.058
882.058	0.8999999999999773	trials	122	s122_J210701	coCe	16	135.0	7	882.358	882.658
887.45	0.8999999999999773	trials	122	s122_J210701	grCe_grSu1Ne	3	45.0	7	887.75	888.05
890.893	0.8999999999999773	trials	122	s122_J210701	grCe_grSu12SmCiNe	13	90.0	7	891.193	891.492
891.5010000000001	0.8999999999999773	trials	122	s122_J210701	coCe_grSu6Ne	17	45.0	7	891.801	892.1
892.109	0.8999999999999773	trials	122	s122_J210701	grCe_grSu1Ne	3	90.0	7	892.409	892.709
897.268	0.8999999999999773	trials	122	s122_J210701	grCe_grSu3Ne	5	0.0	7	897.568	897.868
897.8770000000001	0.8999999999999773	trials	122	s122_J210701	grCe_grSu3Ne	5	180.0	7	898.177	898.476
898.485	0.8999999999999773	trials	122	s122_J210701	coCe_grSu6Ne	17	315.0	7	898.785	899.085
906.561	0.8999999999999773	trials	122	s122_J210701	grCe	1	270.0	7	906.861	907.161
907.1610000000001	0.8999999999999773	trials	122	s122_J210701	grCe_grSu12SmCiNe_PS	21	180.0	7	907.461	907.761
907.7610000000001	0.8999999999999773	trials	122	s122_J210701	NoStim	0		7	908.061	908.361
913.32	0.8999999999999773	trials	122	s122_J210701	coCe	16	90.0	7	913.62	913.92
913.9290000000001	0.8999999999999773	trials	122	s122_J210701	grCe_grSu6Ne	7	45.0	7	914.229	914.528
919.6550000000001	0.8999999999999773	trials	122	s122_J210701	coCe_grSu6Ne	17	90.0	7	919.955	920.254
920.2710000000001	0.8999999999999773	trials	122	s122_J210701	grCe_grSu18Fa	11	45.0	7	920.571	920.871
925.3470000000001	0.8999999999999773	trials	122	s122_J210701	coCe	16	0.0	7	925.647	925.947
925.955	0.8999999999999773	trials	122	s122_J210701	grCe_grSu12Mi	9	225.0	7	926.255	926.555
926.5640000000001	0.8999999999999773	trials	122	s122_J210701	grSu12Mi	8		7	926.864	927.163
931.731	0.8999999999999773	trials	122	s122_J210701	grCe_grSu6CiNe_PS	19	45.0	7	932.031	932.331
935.615	0.8999999999999773	trials	122	s122_J210701	grCe_grSu6Ne_PS	18	315.0	7	935.915	936.215
936.2320000000001	0.8999999999999773	trials	122	s122_J210701	grCe_grSu18Fa	11	270.0	7	936.532	936.831
936.832	0.8999999999999773	trials	122	s122_J210701	coCe	16	180.0	7	937.132	937.431
941.808	0.8999999999999773	trials	122	s122_J210701	grCe_grSu6Ne	7	270.0	7	942.108	942.407
942.416	0.8999999999999773	trials	122	s122_J210701	grCe_grSu6CiNe	15	0.0	7	942.716	943.015
943.024	0.8999999999999773	trials	122	s122_J210701	coCe_grSu6Ne	17	0.0	7	943.324	943.624
948.0	0.8999999999999773	trials	122	s122_J210701	grCe_grSu6CiNe_PS	19	0.0	7	948.3	948.599
955.009	0.8999999999999773	trials	122	s122_J210701	grCe_grSu12Mi	9	270.0	7	955.309	955.609
955.609	0.8999999999999773	trials	122	s122_J210701	grCe_grSu6CiNe_PS	19	225.0	7	955.909	956.209
956.2180000000001	0.8999999999999773	trials	122	s122_J210701	grCe_grSu6CiNe	15	135.0	7	956.518	956.817
961.335	0.8999999999999773	trials	122	s122_J210701	grCe_grSu12Mi	9	45.0	7	961.635	961.935
961.9350000000001	0.8999999999999773	trials	122	s122_J210701	grCe_grSu12SmCiNe_PS	21	0.0	7	962.235	962.535
965.6690000000001	0.8999999999999773	trials	122	s122_J210701	grCe	1	45.0	7	965.969	966.268
966.277	0.8999999999999773	trials	122	s122_J210701	grCe_grSu6Ne	7	225.0	7	966.577	966.877
971.8860000000001	0.8999999999999773	trials	122	s122_J210701	grCe_grSu6CiNe_PS	19	135.0	7	972.186	972.486
972.495	0.8999999999999773	trials	122	s122_J210701	grCe_grSu6Ne	7	315.0	7	972.795	973.094
976.0200000000001	0.8999999999999773	trials	122	s122_J210701	grCe_grSu12Mi	9	180.0	7	976.32	976.62
976.629	0.8999999999999773	trials	122	s122_J210701	coCe_grSu6Ne	17	180.0	7	976.929	977.228
977.2370000000001	0.8999999999999773	trials	122	s122_J210701	grCe_grSu6Ne	7	0.0	7	977.537	977.837
982.921	0.8999999999999773	trials	122	s122_J210701	grCe_grSu12SmCiNe	13	225.0	7	983.221	983.521
983.5300000000001	0.8999999999999773	trials	122	s122_J210701	grCe_grSu1Ne	3	180.0	7	983.83	984.129
988.48	0.8999999999999773	trials	122	s122_J210701	grCe_grSu18Fa	11	225.0	7	988.78	989.08
989.089	0.8999999999999773	trials	122	s122_J210701	grCe_grSu6CiNe	15	270.0	7	989.389	989.688
989.705	0.8999999999999773	trials	122	s122_J210701	grCe_grSu18Fa	11	180.0	7	990.005	990.305
995.364	0.8999999999999773	trials	122	s122_J210701	grCe_grSu12Mi	9	0.0	7	995.664	995.964
995.9730000000001	0.8999999999999773	trials	122	s122_J210701	grCe_grSu6Ne	7	90.0	7	996.273	996.572
1002.365	0.8999999999999773	trials	122	s122_J210701	coCe	16	315.0	7	1002.665	1002.965
1007.8330000000001	0.8999999999999773	trials	122	s122_J210701	grSu6CiNe	14		7	1008.133	1008.432
1008.441	0.8999999999999773	trials	122	s122_J210701	grCe_grSu6CiNe	15	315.0	7	1008.741	1009.041
1009.041	0.8999999999999773	trials	122	s122_J210701	grCe_grSu6CiNe_PS	19	180.0	7	1009.341	1009.641
1017.4340000000001	0.8999999999999773	trials	122	s122_J210701	coCe_grSu6Ne	17	135.0	7	1017.734	1018.033
1018.034	0.8999999999999773	trials	122	s122_J210701	grSu6Ne	6		7	1018.334	1018.634
1018.634	0.8999999999999773	trials	122	s122_J210701	coCe	16	45.0	7	1018.934	1019.234
1030.611	0.8999999999998636	trials	122	s122_J210701	grCe_grSu6Ne_PS	18	225.0	7	1030.911	1031.21
1031.211	0.8999999999998636	trials	122	s122_J210701	grCe_grSu6Ne_PS	18	135.0	7	1031.511	1031.81
1036.962	0.8999999999998636	trials	122	s122_J210701	grCe_grSu12Mi	9	90.0	7	1037.262	1037.561
1037.57	0.8999999999998636	trials	122	s122_J210701	grCe_grSu6Ne	7	135.0	7	1037.87	1038.169
1045.0710000000001	0.8999999999998636	trials	122	s122_J210701	grCe_grSu3Ne	5	90.0	7	1045.371	1045.67
1045.679	0.8999999999998636	trials	122	s122_J210701	coCe_grSu6Ne	17	270.0	7	1045.979	1046.279
1046.279	0.8999999999998636	trials	122	s122_J210701	grCe_grSu12SmCiNe_PS	21	315.0	7	1046.579	1046.879
1051.43	0.8999999999998636	trials	122	s122_J210701	grCe_grSu1Ne	3	270.0	7	1051.73	1052.03
1052.03	0.8999999999998636	trials	122	s122_J210701	grCe	1	180.0	7	1052.33	1052.63
1063.865	0.8999999999998636	trials	122	s122_J210701	grCe_grSu6Ne_PS	18	45.0	7	1064.165	1064.465
1065.115	0.8999999999998636	trials	122	s122_J210701	grCe_grSu12SmCiNe	13	0.0	7	1065.415	1065.715
1070.491	0.8999999999998636	trials	122	s122_J210701	grCe_grSu18Fa	11	315.0	7	1070.791	1071.09
1071.0910000000001	0.8999999999998636	trials	122	s122_J210701	grCe_grSu6Ne_PS	18	180.0	7	1071.391	1071.69
1071.699	0.8999999999998636	trials	122	s122_J210701	grCe_grSu12Mi	9	135.0	7	1071.999	1072.299
1076.8	0.8999999999998636	trials	122	s122_J210701	grCe_grSu12SmCiNe	13	270.0	7	1077.1	1077.4
1077.4080000000001	0.8999999999998636	trials	122	s122_J210701	grCe_grSu6Ne	7	180.0	7	1077.708	1078.008
1078.017	0.8999999999998636	trials	122	s122_J210701	grCe_grSu3Ne	5	225.0	7	1078.317	1078.616
1082.967	0.8999999999998636	trials	122	s122_J210701	grCe_grSu6CiNe_PS	19	90.0	7	1083.267	1083.567
1083.576	0.8999999999998636	trials	122	s122_J210701	grCe_grSu12SmCiNe	13	315.0	7	1083.876	1084.175
1089.385	0.8999999999998636	trials	122	s122_J210701	grCe_grSu6CiNe	15	45.0	7	1089.685	1089.984
1089.9850000000001	0.8999999999998636	trials	122	s122_J210701	grCe	1	90.0	7	1090.285	1090.585
1095.694	0.8999999999998636	trials	122	s122_J210701	grCe_grSu1Ne	3	135.0	7	1095.994	1096.294
1101.762	0.8999999999998636	trials	122	s122_J210701	grCe_grSu6CiNe	15	90.0	3	1102.062	1102.361
1102.3700000000001	0.8999999999998636	trials	122	s122_J210701	grCe_grSu12Mi	9	90.0	3	1102.67	1102.97
1102.97	0.8999999999998636	trials	122	s122_J210701	coCe	16	270.0	3	1103.27	1103.57
1108.8880000000001	0.8999999999998636	trials	122	s122_J210701	coCe_grSu6Ne	17	90.0	3	1109.188	1109.487
1112.73	0.8999999999998636	trials	122	s122_J210701	grCe_grSu12SmCiNe	13	0.0	3	1113.03	1113.329
1116.105	0.8999999999998636	trials	122	s122_J210701	coCe	16	135.0	3	1116.405	1116.705
1116.714	0.8999999999998636	trials	122	s122_J210701	grCe_grSu6CiNe	15	0.0	3	1117.014	1117.313
1117.314	0.8999999999998636	trials	122	s122_J210701	coCe	16	90.0	3	1117.614	1117.913
1123.506	0.8999999999998636	trials	122	s122_J210701	grCe_grSu6Ne	7	0.0	3	1123.806	1124.106
1124.114	0.8999999999998636	trials	122	s122_J210701	coCe_grSu6Ne	17	225.0	3	1124.414	1124.714
1129.765	0.8999999999998636	trials	122	s122_J210701	grCe_grSu3Ne	5	90.0	3	1130.065	1130.365
1130.365	0.8999999999998636	trials	122	s122_J210701	coCe	16	180.0	3	1130.665	1130.965
1130.9650000000001	0.8999999999998636	trials	122	s122_J210701	grCe_grSu6CiNe_PS	19	45.0	3	1131.265	1131.565
1135.741	0.8999999999998636	trials	122	s122_J210701	grCe_grSu12SmCiNe_PS	21	180.0	3	1136.041	1136.341
1139.208	0.8999999999998636	trials	122	s122_J210701	coCe_grSu6Ne	17	315.0	3	1139.508	1139.808
1139.8500000000001	0.8999999999998636	trials	122	s122_J210701	grCe_grSu6CiNe	15	135.0	3	1140.15	1140.449
1140.45	0.8999999999998636	trials	122	s122_J210701	grCe_grSu6CiNe_PS	19	180.0	3	1140.75	1141.049
1145.367	0.8999999999998636	trials	122	s122_J210701	grCe_grSu1Ne	3	135.0	3	1145.667	1145.967
1145.967	0.8999999999998636	trials	122	s122_J210701	grCe_grSu12SmCiNe_PS	21	270.0	3	1146.267	1146.567
1146.576	0.8999999999998636	trials	122	s122_J210701	grCe_grSu1Ne	3	0.0	3	1146.876	1147.175
1151.56	0.8999999999998636	trials	122	s122_J210701	grCe_grSu1Ne	3	45.0	3	1151.86	1152.159
1152.1680000000001	0.8999999999998636	trials	122	s122_J210701	grCe_grSu3Ne	5	180.0	3	1152.468	1152.768
1159.411	0.8999999999998636	trials	122	s122_J210701	grCe_grSu18Fa	11	315.0	3	1159.711	1160.01
1160.011	0.8999999999998636	trials	122	s122_J210701	coSu6Ne	20		3	1160.311	1160.61
1160.611	0.8999999999998636	trials	122	s122_J210701	grCe_grSu6Ne_PS	18	90.0	3	1160.911	1161.21
1165.653	0.8999999999998636	trials	122	s122_J210701	grCe_grSu6CiNe_PS	19	90.0	3	1165.953	1166.253
1166.2530000000002	0.8999999999998636	trials	122	s122_J210701	NoStim	0		3	1166.553	1166.853
1166.92	0.8999999999998636	trials	122	s122_J210701	grCe_grSu1Ne	3	270.0	3	1167.22	1167.52
1171.896	0.8999999999998636	trials	122	s122_J210701	coCe_grSu6Ne	17	270.0	3	1172.196	1172.495
1177.463	0.8999999999998636	trials	122	s122_J210701	grCe_grSu18Fa	11	90.0	3	1177.763	1178.063
1178.0710000000001	0.8999999999998636	trials	122	s122_J210701	grCe_grSu3Ne	5	135.0	3	1178.371	1178.671
1186.8890000000001	0.8999999999998636	trials	122	s122_J210701	grCe_grSu12Mi	9	315.0	3	1187.189	1187.489
1187.489	0.8999999999998636	trials	122	s122_J210701	grSu3Ne	4		3	1187.789	1188.089
1197.374	0.8999999999998636	trials	122	s122_J210701	grCe_grSu18Fa	11	225.0	3	1197.674	1197.973
1197.974	0.8999999999998636	trials	122	s122_J210701	grCe_grSu12SmCiNe_PS	21	0.0	3	1198.274	1198.574
1202.766	0.8999999999998636	trials	122	s122_J210701	grCe_grSu12Mi	9	135.0	3	1203.066	1203.366
1203.366	0.8999999999998636	trials	122	s122_J210701	grCe_grSu6CiNe_PS	19	225.0	3	1203.666	1203.966
1203.9750000000001	0.8999999999998636	trials	122	s122_J210701	grCe_grSu6Ne	7	45.0	3	1204.275	1204.574
1209.717	0.8999999999998636	trials	122	s122_J210701	grCe_grSu6Ne	7	90.0	3	1210.017	1210.317
1210.317	0.8999999999998636	trials	122	s122_J210701	grCe_grSu6CiNe_PS	19	0.0	3	1210.617	1210.917
1219.06	0.8999999999998636	trials	122	s122_J210701	grCe_grSu6Ne_PS	18	135.0	3	1219.36	1219.66
1219.66	0.8999999999998636	trials	122	s122_J210701	grCe_grSu6CiNe_PS	19	270.0	3	1219.96	1220.26
1225.444	0.8999999999998636	trials	122	s122_J210701	grCe_grSu12SmCiNe	13	225.0	3	1225.744	1226.044
1239.496	0.8999999999998636	trials	122	s122_J210701	grCe_grSu6CiNe	15	45.0	3	1239.796	1240.096
1240.105	0.8999999999998636	trials	122	s122_J210701	grCe_grSu12SmCiNe	13	90.0	3	1240.405	1240.704
1240.713	0.8999999999998636	trials	122	s122_J210701	coCe_grSu6Ne	17	45.0	3	1241.013	1241.312
1245.68	0.8999999999998636	trials	122	s122_J210701	grCe_grSu12SmCiNe_PS	21	45.0	3	1245.98	1246.28
1246.289	0.8999999999998636	trials	122	s122_J210701	grCe_grSu3Ne	5	315.0	3	1246.589	1246.888
1249.839	0.8999999999998636	trials	122	s122_J210701	grCe_grSu12SmCiNe	13	135.0	3	1250.139	1250.439
1250.448	0.8999999999998636	trials	122	s122_J210701	grCe_grSu12Mi	9	270.0	3	1250.748	1251.047
1251.064	0.8999999999998636	trials	122	s122_J210701	grCe_grSu18Fa	11	270.0	3	1251.364	1251.664
1256.0230000000001	0.8999999999998636	trials	122	s122_J210701	grCe_grSu6Ne_PS	18	270.0	3	1256.323	1256.623
1259.574	0.8999999999998636	trials	122	s122_J210701	grCe_grSu6Ne	7	315.0	3	1259.874	1260.173
1260.7740000000001	0.8999999999998636	trials	122	s122_J210701	grCe_grSu6CiNe_PS	19	135.0	3	1261.074	1261.373
1265.549	0.8999999999998636	trials	122	s122_J210701	grCe_grSu6Ne	7	180.0	3	1265.849	1266.149
1270.4170000000001	0.8999999999998636	trials	122	s122_J210701	grCe_grSu6Ne_PS	18	225.0	3	1270.717	1271.016
1276.568	0.8999999999998636	trials	122	s122_J210701	grCe_grSu18Fa	11	0.0	3	1276.868	1277.167
1277.784	0.8999999999998636	trials	122	s122_J210701	grCe_grSu6CiNe	15	315.0	3	1278.084	1278.384
1282.902	0.8999999999998636	trials	122	s122_J210701	grCe_grSu3Ne	5	270.0	3	1283.202	1283.501
1283.51	0.8999999999998636	trials	122	s122_J210701	grCe_grSu1Ne	3	90.0	3	1283.81	1284.11
1284.152	0.8999999999998636	trials	122	s122_J210701	grSu12SmCiNe	12		3	1284.452	1284.751
1292.578	0.8999999999998636	trials	122	s122_J210701	grCe_grSu6CiNe_PS	19	315.0	3	1292.878	1293.178
1293.1860000000001	0.8999999999998636	trials	122	s122_J210701	grCe_grSu12Mi	9	0.0	3	1293.486	1293.786
1293.795	0.8999999999998636	trials	122	s122_J210701	grCe_grSu12SmCiNe	13	315.0	3	1294.095	1294.394
1299.0620000000001	0.8999999999998636	trials	122	s122_J210701	grCe_grSu6CiNe	15	270.0	3	1299.362	1299.662
1299.662	0.8999999999998636	trials	122	s122_J210701	grCe_grSu12SmCiNe_PS	21	315.0	3	1299.962	1300.262
1300.262	0.8999999999998636	trials	122	s122_J210701	grCe	1	315.0	3	1300.562	1300.862
1305.438	0.8999999999998636	trials	122	s122_J210701	grSu18Fa	10		3	1305.738	1306.038
1306.655	0.8999999999998636	trials	122	s122_J210701	grCe_grSu12Mi	9	225.0	3	1306.955	1307.254
1312.297	0.8999999999998636	trials	122	s122_J210701	grCe_grSu3Ne	5	45.0	3	1312.597	1312.897
1313.497	0.8999999999998636	trials	122	s122_J210701	coCe	16	315.0	3	1313.797	1314.097
1319.156	0.8999999999998636	trials	122	s122_J210701	grCe_grSu6Ne	7	135.0	3	1319.456	1319.756
1319.765	0.8999999999998636	trials	122	s122_J210701	grCe_grSu12Mi	9	45.0	3	1320.065	1320.364
1320.373	0.8999999999998636	trials	122	s122_J210701	coCe_grSu6Ne	17	0.0	3	1320.673	1320.973
1326.0910000000001	0.8999999999998636	trials	122	s122_J210701	grCe_grSu18Fa	11	45.0	3	1326.391	1326.69
1326.691	0.8999999999998636	trials	122	s122_J210701	grCe_grSu6Ne_PS	18	315.0	3	1326.991	1327.29
1330.833	0.8999999999998636	trials	122	s122_J210701	coCe_grSu6Ne	17	135.0	3	1331.133	1331.432
1331.433	0.8999999999998636	trials	122	s122_J210701	coCe	16	45.0	3	1331.733	1332.033
1337.459	0.8999999999998636	trials	122	s122_J210701	grCe	1	225.0	3	1337.759	1338.058
1338.059	0.8999999999998636	trials	122	s122_J210701	grCe	1	45.0	3	1338.359	1338.658
1338.659	0.8999999999998636	trials	122	s122_J210701	grCe_grSu12SmCiNe_PS	21	90.0	3	1338.959	1339.258
1344.6100000000001	0.8999999999998636	trials	122	s122_J210701	grCe_grSu12SmCiNe	13	270.0	3	1344.91	1345.209
1345.226	0.8999999999998636	trials	122	s122_J210701	grCe_grSu18Fa	11	180.0	3	1345.526	1345.826
1350.527	0.8999999999998636	trials	122	s122_J210701	grCe_grSu6CiNe	15	180.0	3	1350.827	1351.127
1351.127	0.8999999999998636	trials	122	s122_J210701	grCe_grSu12SmCiNe_PS	21	225.0	3	1351.427	1351.727
1357.145	0.8999999999998636	trials	122	s122_J210701	grCe_grSu18Fa	11	135.0	3	1357.445	1357.744
1357.7450000000001	0.8999999999998636	trials	122	s122_J210701	grSu6CiNe	14		3	1358.045	1358.344
1358.345	0.8999999999998636	trials	122	s122_J210701	grCe	1	270.0	3	1358.645	1358.944
1363.904	0.8999999999998636	trials	122	s122_J210701	grSu12Mi	8		3	1364.204	1364.503
1364.5040000000001	0.8999999999998636	trials	122	s122_J210701	grCe	1	135.0	3	1364.804	1365.104
1365.112	0.8999999999998636	trials	122	s122_J210701	grCe_grSu12Mi	9	180.0	3	1365.412	1365.712
1377.897	0.8999999999998636	trials	122	s122_J210701	grSu1Ne	2		3	1378.197	1378.497
1378.497	0.8999999999998636	trials	122	s122_J210701	coCe	16	0.0	3	1378.797	1379.097
1379.173	0.8999999999998636	trials	122	s122_J210701	grCe_grSu6Ne	7	225.0	3	1379.473	1379.772
1391.941	0.8999999999998636	trials	122	s122_J210701	grCe_grSu6Ne_PS	18	45.0	3	1392.241	1392.54
1392.549	0.8999999999998636	trials	122	s122_J210701	grCe_grSu1Ne	3	315.0	3	1392.849	1393.149
1398.192	0.8999999999998636	trials	122	s122_J210701	grCe	1	90.0	3	1398.492	1398.791
1398.7920000000001	0.8999999999998636	trials	122	s122_J210701	grCe	1	0.0	3	1399.092	1399.391
1399.4	0.8999999999998636	trials	122	s122_J210701	grCe_grSu6Ne	7	270.0	3	1399.7	1400.0
1410.027	0.8999999999998636	trials	122	s122_J210701	coCe_grSu6Ne	17	180.0	3	1410.327	1410.626
1410.635	0.8999999999998636	trials	122	s122_J210701	grCe_grSu6CiNe	15	225.0	3	1410.935	1411.234
1416.769	0.8999999999998636	trials	122	s122_J210701	grCe_grSu12SmCiNe	13	45.0	3	1417.069	1417.369
1417.3780000000002	0.8999999999998636	trials	122	s122_J210701	grCe_grSu3Ne	5	225.0	3	1417.678	1417.977
1417.978	0.8999999999998636	trials	122	s122_J210701	grCe_grSu6Ne_PS	18	0.0	3	1418.278	1418.577
1423.02	0.8999999999998636	trials	122	s122_J210701	grCe_grSu6Ne_PS	18	180.0	3	1423.32	1423.619
1423.6280000000002	0.8999999999998636	trials	122	s122_J210701	grCe_grSu3Ne	5	0.0	3	1423.928	1424.228
1424.237	0.8999999999998636	trials	122	s122_J210701	grCe_grSu1Ne	3	225.0	3	1424.537	1424.836
1433.7630000000001	0.8999999999998636	trials	122	s122_J210701	grCe	1	180.0	3	1434.063	1434.362
1437.755	0.8999999999998636	trials	122	s122_J210701	grCe_grSu12SmCiNe_PS	21	135.0	3	1438.055	1438.355
1438.355	0.8999999999998636	trials	122	s122_J210701	grSu6Ne	6		3	1438.655	1438.955
1442.372	0.8999999999998636	trials	122	s122_J210701	coCe	16	225.0	3	1442.672	1442.972
1442.981	0.8999999999998636	trials	122	s122_J210701	grCe_grSu1Ne	3	180.0	3	1443.281	1443.58
1450.132	0.8999999999998636	trials	122	s122_J210701	grCe_grSu12SmCiNe	13	180.0	3	1450.432	1450.731
1450.732	0.8999999999998636	trials	122	s122_J210701	grCe_grSu12SmCiNe_PS	21	90.0	2	1451.032	1451.331
1451.332	0.8999999999998636	trials	122	s122_J210701	NoStim	0		2	1451.632	1451.931
1456.674	0.8999999999998636	trials	122	s122_J210701	grCe_grSu6Ne	7	0.0	2	1456.974	1457.274
1457.2740000000001	0.8999999999998636	trials	122	s122_J210701	grCe_grSu6CiNe_PS	19	135.0	2	1457.574	1457.874
1457.883	0.8999999999998636	trials	122	s122_J210701	grCe_grSu3Ne	5	315.0	2	1458.183	1458.482
1464.025	0.8999999999998636	trials	122	s122_J210701	grCe_grSu12Mi	9	225.0	2	1464.325	1464.625
1464.625	0.8999999999998636	trials	122	s122_J210701	coCe	16	270.0	2	1464.925	1465.225
1465.2250000000001	0.8999999999998636	trials	122	s122_J210701	coCe	16	45.0	2	1465.525	1465.825
1477.077	0.8999999999998636	trials	122	s122_J210701	grCe_grSu6CiNe	15	270.0	2	1477.377	1477.676
1481.019	0.8999999999998636	trials	122	s122_J210701	grCe	1	225.0	2	1481.319	1481.619
1487.2450000000001	0.8999999999998636	trials	122	s122_J210701	grCe_grSu6Ne	7	135.0	2	1487.545	1487.844
1487.912	0.8999999999998636	trials	122	s122_J210701	grCe_grSu6Ne_PS	18	45.0	2	1488.212	1488.511
1488.52	0.8999999999998636	trials	122	s122_J210701	grCe_grSu3Ne	5	270.0	2	1488.82	1489.12
1494.6960000000001	0.8999999999998636	trials	122	s122_J210701	grCe	1	90.0	2	1494.996	1495.295
1495.904	0.8999999999998636	trials	122	s122_J210701	coCe	16	135.0	2	1496.204	1496.504
1501.288	0.8999999999998636	trials	122	s122_J210701	grSu12SmCiNe	12		2	1501.588	1501.888
1501.8880000000001	0.8999999999998636	trials	122	s122_J210701	grCe	1	180.0	2	1502.188	1502.488
1502.497	0.8999999999998636	trials	122	s122_J210701	grCe_grSu6CiNe	15	0.0	2	1502.797	1503.096
1512.131	0.8999999999998636	trials	122	s122_J210701	grCe_grSu3Ne	5	180.0	2	1512.431	1512.731
1520.666	0.8999999999998636	trials	122	s122_J210701	grCe_grSu6Ne_PS	18	135.0	2	1520.966	1521.265
1521.266	0.8999999999998636	trials	122	s122_J210701	grCe_grSu12SmCiNe_PS	21	270.0	2	1521.566	1521.866
1526.217	0.8999999999998636	trials	122	s122_J210701	grCe_grSu12SmCiNe	13	180.0	2	1526.517	1526.816
1527.442	0.8999999999998636	trials	122	s122_J210701	grSu6CiNe	14		2	1527.742	1528.041
1532.4260000000002	0.8999999999998636	trials	122	s122_J210701	grCe_grSu18Fa	11	270.0	2	1532.726	1533.025
1533.026	0.8999999999998636	trials	122	s122_J210701	coSu6Ne	20		2	1533.326	1533.625
1538.643	0.8999999999998636	trials	122	s122_J210701	grCe	1	135.0	2	1538.943	1539.243
1539.252	0.8999999999998636	trials	122	s122_J210701	grCe_grSu6CiNe	15	180.0	2	1539.552	1539.851
1539.8600000000001	0.8999999999998636	trials	122	s122_J210701	grCe_grSu6Ne	7	225.0	2	1540.16	1540.46
1548.8110000000001	0.8999999999998636	trials	122	s122_J210701	grCe_grSu3Ne	5	225.0	2	1549.111	1549.411
1549.411	0.8999999999998636	trials	122	s122_J210701	grCe_grSu6Ne_PS	18	315.0	2	1549.711	1550.011
1550.028	0.8999999999998636	trials	122	s122_J210701	grCe_grSu18Fa	11	225.0	2	1550.328	1550.628
1555.079	0.8999999999998636	trials	122	s122_J210701	grCe_grSu18Fa	11	90.0	2	1555.379	1555.678
1555.6870000000001	0.8999999999998636	trials	122	s122_J210701	grCe_grSu12Mi	9	45.0	2	1555.987	1556.287
1556.296	0.8999999999998636	trials	122	s122_J210701	coCe_grSu6Ne	17	135.0	2	1556.596	1556.895
1561.988	0.8999999999998636	trials	122	s122_J210701	grCe_grSu12Mi	9	90.0	2	1562.288	1562.587
1562.588	0.8999999999998636	trials	122	s122_J210701	coCe	16	90.0	2	1562.888	1563.188
1567.664	0.8999999999998636	trials	122	s122_J210701	grCe_grSu12SmCiNe	13	135.0	2	1567.964	1568.263
1568.2640000000001	0.8999999999998636	trials	122	s122_J210701	grSu3Ne	4		2	1568.564	1568.863
1568.872	0.8999999999998636	trials	122	s122_J210701	grCe_grSu12SmCiNe	13	270.0	2	1569.172	1569.472
1577.365	0.8999999999998636	trials	122	s122_J210701	grCe	1	0.0	2	1577.665	1577.964
1577.973	0.8999999999998636	trials	122	s122_J210701	grCe_grSu1Ne	3	180.0	2	1578.273	1578.573
1583.449	0.8999999999998636	trials	122	s122_J210701	grCe	1	270.0	2	1583.749	1584.049
1591.067	0.8999999999998636	trials	122	s122_J210701	grCe_grSu12SmCiNe_PS	21	315.0	2	1591.367	1591.666
1591.675	0.8999999999998636	trials	122	s122_J210701	grCe_grSu6Ne	7	180.0	2	1591.975	1592.275
1592.284	0.8999999999998636	trials	122	s122_J210701	grCe_grSu1Ne	3	90.0	2	1592.584	1592.883
1597.3010000000002	0.8999999999998636	trials	122	s122_J210701	grCe_grSu6CiNe	15	315.0	2	1597.601	1597.9
1597.901	0.8999999999998636	trials	122	s122_J210701	grCe_grSu6CiNe_PS	19	225.0	2	1598.201	1598.5
1598.509	0.8999999999998636	trials	122	s122_J210701	grCe_grSu12Mi	9	315.0	2	1598.809	1599.109
1606.894	0.8999999999998636	trials	122	s122_J210701	grCe_grSu12SmCiNe_PS	21	135.0	2	1607.194	1607.493
1607.4940000000001	0.8999999999998636	trials	122	s122_J210701	grCe_grSu6CiNe_PS	19	45.0	2	1607.794	1608.093
1613.053	0.8999999999998636	trials	122	s122_J210701	coCe	16	180.0	2	1613.353	1613.652
1617.262	0.8999999999998636	trials	122	s122_J210701	grCe_grSu6Ne	7	90.0	2	1617.562	1617.861
1624.596	0.8999999999998636	trials	122	s122_J210701	grCe_grSu6CiNe_PS	19	90.0	2	1624.896	1625.196
1625.1960000000001	0.8999999999998636	trials	122	s122_J210701	grCe_grSu6Ne_PS	18	90.0	2	1625.496	1625.796
1625.796	0.8999999999998636	trials	122	s122_J210701	grCe_grSu6CiNe_PS	19	0.0	2	1626.096	1626.396
1634.431	0.8999999999998636	trials	122	s122_J210701	grCe_grSu12SmCiNe_PS	21	0.0	2	1634.731	1635.03
1635.039	0.8999999999998636	trials	122	s122_J210701	grSu12Mi	8		2	1635.339	1635.639
1646.691	0.8999999999998636	trials	122	s122_J210701	grCe	1	45.0	2	1646.991	1647.29
1647.291	0.8999999999998636	trials	122	s122_J210701	coCe	16	315.0	2	1647.591	1647.89
1656.242	0.8999999999998636	trials	122	s122_J210701	grCe	1	315.0	2	1656.542	1656.841
1656.842	0.8999999999998636	trials	122	s122_J210701	grCe_grSu12SmCiNe_PS	21	45.0	2	1657.142	1657.441
1657.45	0.8999999999998636	trials	122	s122_J210701	grCe_grSu12SmCiNe	13	45.0	2	1657.75	1658.05
1662.476	0.8999999999998636	trials	122	s122_J210701	grCe_grSu6CiNe_PS	19	180.0	2	1662.776	1663.075
1663.693	0.8999999999998636	trials	122	s122_J210701	grCe_grSu6CiNe	15	90.0	2	1663.993	1664.292
1668.627	0.8999999999998636	trials	122	s122_J210701	grCe_grSu6CiNe_PS	19	270.0	2	1668.927	1669.226
1669.2350000000001	0.8999999999998636	trials	122	s122_J210701	grCe_grSu3Ne	5	135.0	2	1669.535	1669.835
1669.835	0.8999999999998636	trials	122	s122_J210701	grCe_grSu6Ne_PS	18	270.0	2	1670.135	1670.435
1675.394	0.8999999999998636	trials	122	s122_J210701	grCe_grSu1Ne	3	225.0	2	1675.694	1675.994
1676.0030000000002	0.8999999999998636	trials	122	s122_J210701	grCe_grSu12SmCiNe	13	90.0	2	1676.303	1676.602
1684.154	0.8999999999998636	trials	122	s122_J210701	grCe_grSu12SmCiNe_PS	21	225.0	2	1684.454	1684.753
1684.762	0.8999999999998636	trials	122	s122_J210701	coCe_grSu6Ne	17	270.0	2	1685.062	1685.362
1685.371	0.8999999999998636	trials	122	s122_J210701	grCe_grSu12SmCiNe	13	0.0	2	1685.671	1685.97
1690.346	0.8999999999998636	trials	122	s122_J210701	grCe_grSu6CiNe_PS	19	315.0	2	1690.646	1690.946
1690.9550000000002	0.8999999999998636	trials	122	s122_J210701	grCe_grSu12Mi	9	0.0	2	1691.255	1691.554
1691.563	0.8999999999998636	trials	122	s122_J210701	coCe_grSu6Ne	17	45.0	2	1691.863	1692.163
1696.43	0.8999999999998636	trials	122	s122_J210701	grSu1Ne	2		2	1696.73	1697.03
1697.039	0.8999999999998636	trials	122	s122_J210701	grCe_grSu12Mi	9	180.0	2	1697.339	1697.638
1697.6390000000001	0.8999999999998636	trials	122	s122_J210701	grCe_grSu6Ne_PS	18	225.0	2	1697.939	1698.238
1702.615	0.8999999999998636	trials	122	s122_J210701	grCe_grSu6CiNe	15	45.0	2	1702.915	1703.214
1703.823	0.8999999999998636	trials	122	s122_J210701	grCe_grSu6Ne	7	45.0	2	1704.123	1704.423
1708.94	0.8999999999998636	trials	122	s122_J210701	grCe_grSu12SmCiNe	13	225.0	2	1709.24	1709.54
1709.549	0.8999999999998636	trials	122	s122_J210701	coCe_grSu6Ne	17	90.0	2	1709.849	1710.148
1710.207	0.8999999999998636	trials	122	s122_J210701	coCe_grSu6Ne	17	180.0	2	1710.507	1710.807
1715.358	0.8999999999998636	trials	122	s122_J210701	coCe	16	225.0	2	1715.658	1715.957
1715.9660000000001	0.8999999999998636	trials	122	s122_J210701	grCe_grSu12Mi	9	135.0	2	1716.266	1716.566
1722.2250000000001	0.8999999999998636	trials	122	s122_J210701	grCe_grSu6Ne_PS	18	0.0	2	1722.525	1722.825
1725.943	0.8999999999998636	trials	122	s122_J210701	grCe_grSu1Ne	3	315.0	2	1726.243	1726.542
1726.5510000000002	0.8999999999998636	trials	122	s122_J210701	grSu18Fa	10		2	1726.851	1727.15
1727.159	0.8999999999998636	trials	122	s122_J210701	grCe_grSu1Ne	3	135.0	2	1727.459	1727.759
1732.327	0.8999999999998636	trials	122	s122_J210701	grCe_grSu6Ne	7	315.0	2	1732.627	1732.926
1732.935	0.8999999999998636	trials	122	s122_J210701	coCe_grSu6Ne	17	0.0	2	1733.235	1733.535
1733.5520000000001	0.8999999999998636	trials	122	s122_J210701	grCe_grSu18Fa	11	180.0	2	1733.852	1734.151
1741.386	0.8999999999998636	trials	122	s122_J210701	grCe_grSu3Ne	5	45.0	2	1741.686	1741.986
1741.9950000000001	0.8999999999998636	trials	122	s122_J210701	coCe_grSu6Ne	17	225.0	2	1742.295	1742.594
1748.1200000000001	0.8999999999998636	trials	122	s122_J210701	grCe_grSu18Fa	11	315.0	2	1748.42	1748.72
1748.729	0.8999999999998636	trials	122	s122_J210701	grCe_grSu6CiNe	15	135.0	2	1749.029	1749.328
1760.23	0.8999999999998636	trials	122	s122_J210701	grCe_grSu1Ne	3	270.0	2	1760.53	1760.83
1760.839	0.8999999999998636	trials	122	s122_J210701	grCe_grSu12Mi	9	270.0	2	1761.139	1761.438
1761.4470000000001	0.8999999999998636	trials	122	s122_J210701	grCe_grSu6Ne	7	270.0	2	1761.747	1762.047
1770.7150000000001	0.8999999999998636	trials	122	s122_J210701	grCe_grSu6Ne_PS	18	180.0	2	1771.015	1771.315
1776.391	0.8999999999998636	trials	122	s122_J210701	grCe_grSu12SmCiNe	13	315.0	2	1776.691	1776.99
1776.999	0.8999999999998636	trials	122	s122_J210701	coCe_grSu6Ne	17	315.0	2	1777.299	1777.599
1777.599	0.8999999999998636	trials	122	s122_J210701	grSu6Ne	6		2	1777.899	1778.199
1783.0330000000001	0.8999999999998636	trials	122	s122_J210701	coCe	16	0.0	2	1783.333	1783.633
1783.65	0.8999999999998636	trials	122	s122_J210701	grCe_grSu18Fa	11	0.0	2	1783.95	1784.25
1784.258	0.8999999999998636	trials	122	s122_J210701	grCe_grSu3Ne	5	90.0	2	1784.558	1784.858
1789.309	0.8999999999998636	trials	122	s122_J210701	grCe_grSu18Fa	11	45.0	2	1789.609	1789.909
1789.9170000000001	0.8999999999998636	trials	122	s122_J210701	grCe_grSu6CiNe	15	225.0	2	1790.217	1790.517
1790.526	0.8999999999998636	trials	122	s122_J210701	grCe_grSu1Ne	3	45.0	2	1790.826	1791.125
1795.4850000000001	0.8999999999998636	trials	122	s122_J210701	grCe_grSu18Fa	11	135.0	2	1795.785	1796.084
1796.085	0.8999999999998636	trials	122	s122_J210701	grCe_grSu12SmCiNe_PS	21	180.0	2	1796.385	1796.684
1796.693	0.8999999999998636	trials	122	s122_J210701	grCe_grSu3Ne	5	0.0	2	1796.993	1797.293
1801.911	0.8999999999998636	trials	122	s122_J210701	grCe_grSu1Ne	3	0.0	2	1802.211	1802.51
1802.519	0.8999999999998636	trials	122	s122_J210701	coCe_grSu6Ne	17	90.0	8	1802.819	1803.119
1803.1190000000001	0.8999999999998636	trials	122	s122_J210701	grCe_grSu12SmCiNe_PS	21	225.0	8	1803.419	1803.719
1808.587	0.8999999999998636	trials	122	s122_J210701	coCe	16	45.0	8	1808.887	1809.186
1809.22	0.8999999999998636	trials	122	s122_J210701	grSu6CiNe	14		8	1809.52	1809.82
1818.346	0.8999999999998636	trials	122	s122_J210701	coCe_grSu6Ne	17	225.0	8	1818.646	1818.946
1818.9550000000002	0.8999999999998636	trials	122	s122_J210701	grCe_grSu1Ne	3	225.0	8	1819.255	1819.554
1823.9550000000002	0.8999999999998636	trials	122	s122_J210701	grCe_grSu6CiNe	15	225.0	8	1824.255	1824.555
1825.155	0.8999999999998636	trials	122	s122_J210701	coCe	16	180.0	8	1825.455	1825.755
1830.256	0.8999999999998636	trials	122	s122_J210701	grCe_grSu6Ne_PS	18	0.0	8	1830.556	1830.856
1834.54	0.8999999999998636	trials	122	s122_J210701	grCe_grSu1Ne	3	90.0	8	1834.84	1835.139
1835.1480000000001	0.8999999999998636	trials	122	s122_J210701	grCe_grSu3Ne	5	0.0	8	1835.448	1835.748
1839.957	0.8999999999998636	trials	122	s122_J210701	grCe_grSu12SmCiNe_PS	21	90.0	8	1840.257	1840.557
1843.474	0.8999999999998636	trials	122	s122_J210701	grCe_grSu12SmCiNe	13	0.0	8	1843.774	1844.074
1844.083	0.8999999999998636	trials	122	s122_J210701	grCe_grSu12Mi	9	180.0	8	1844.383	1844.682
1847.808	0.8999999999998636	trials	122	s122_J210701	grCe	1	45.0	8	1848.108	1848.408
1858.326	0.8999999999998636	trials	122	s122_J210701	coCe	16	225.0	8	1858.626	1858.926
1858.9260000000002	0.8999999999998636	trials	122	s122_J210701	grCe	1	270.0	8	1859.226	1859.526
1859.5430000000001	0.8999999999998636	trials	122	s122_J210701	grSu12Mi	8		8	1859.843	1860.143
1878.046	0.8999999999998636	trials	122	s122_J210701	grCe_grSu6Ne_PS	18	45.0	8	1878.346	1878.645
1878.646	0.8999999999998636	trials	122	s122_J210701	grCe_grSu6CiNe_PS	19	90.0	8	1878.946	1879.245
1879.246	0.8999999999998636	trials	122	s122_J210701	grCe_grSu12SmCiNe_PS	21	180.0	8	1879.546	1879.845
1884.213	0.8999999999998636	trials	122	s122_J210701	grSu3Ne	4		8	1884.513	1884.813
1884.8210000000001	0.8999999999998636	trials	122	s122_J210701	grCe_grSu12SmCiNe	13	270.0	8	1885.121	1885.421
1885.438	0.8999999999998636	trials	122	s122_J210701	grCe_grSu1Ne	3	135.0	8	1885.738	1886.038
1890.3890000000001	0.8999999999998636	trials	122	s122_J210701	grCe_grSu6CiNe_PS	19	315.0	8	1890.689	1890.988
1890.997	0.8999999999998636	trials	122	s122_J210701	grCe_grSu1Ne	3	270.0	8	1891.297	1891.597
1891.597	0.8999999999998636	trials	122	s122_J210701	NoStim	0		8	1891.897	1892.197
1899.732	0.8999999999998636	trials	122	s122_J210701	grCe_grSu6Ne	7	315.0	8	1900.032	1900.331
1900.348	0.8999999999998636	trials	122	s122_J210701	grCe_grSu18Fa	11	315.0	8	1900.648	1900.948
1905.983	0.8999999999998636	trials	122	s122_J210701	grCe_grSu6Ne	7	225.0	8	1906.283	1906.582
1906.5910000000001	0.8999999999998636	trials	122	s122_J210701	grCe_grSu6CiNe_PS	19	270.0	8	1906.891	1907.19
1907.199	0.8999999999998636	trials	122	s122_J210701	grCe_grSu12Mi	9	90.0	8	1907.499	1907.799
1911.958	0.8999999999998636	trials	122	s122_J210701	grCe_grSu6CiNe	15	180.0	8	1912.258	1912.558
1915.634	0.8999999999998636	trials	122	s122_J210701	grCe_grSu12Mi	9	315.0	8	1915.934	1916.233
1916.851	0.8999999999998636	trials	122	s122_J210701	grCe_grSu12Mi	9	270.0	8	1917.151	1917.45
1921.893	0.8999999999998636	trials	122	s122_J210701	grCe_grSu18Fa	11	45.0	8	1922.193	1922.492
1923.101	0.8999999999998636	trials	122	s122_J210701	grCe_grSu6CiNe_PS	19	45.0	8	1923.401	1923.701
1928.51	0.8999999999998636	trials	122	s122_J210701	coCe	16	135.0	8	1928.81	1929.11
1929.1190000000001	0.8999999999998636	trials	122	s122_J210701	coCe_grSu6Ne	17	180.0	8	1929.419	1929.718
1934.653	0.8999999999998636	trials	122	s122_J210701	grCe_grSu12SmCiNe	13	180.0	8	1934.953	1935.252
1935.2530000000002	0.8999999999998636	trials	122	s122_J210701	coSu6Ne	20		8	1935.553	1935.853
1940.154	0.8999999999998636	trials	122	s122_J210701	grCe_grSu6Ne_PS	18	225.0	8	1940.454	1940.753
1940.762	0.8999999999998636	trials	122	s122_J210701	grSu18Fa	10		8	1941.062	1941.362
1941.3700000000001	0.8999999999998636	trials	122	s122_J210701	grCe_grSu6Ne	7	270.0	8	1941.67	1941.97
1946.3880000000001	0.8999999999998636	trials	122	s122_J210701	grCe_grSu12SmCiNe_PS	21	270.0	8	1946.688	1946.987
1946.988	0.8999999999998636	trials	122	s122_J210701	grCe_grSu6Ne_PS	18	315.0	8	1947.288	1947.587
1947.596	0.8999999999998636	trials	122	s122_J210701	grCe_grSu6CiNe	15	135.0	8	1947.896	1948.196
1952.914	0.8999999999998636	trials	122	s122_J210701	coCe	16	90.0	8	1953.214	1953.513
1953.522	0.8999999999998636	trials	122	s122_J210701	grCe_grSu3Ne	5	225.0	8	1953.822	1954.122
1954.13	0.8999999999998636	trials	122	s122_J210701	coCe_grSu6Ne	17	0.0	8	1954.43	1954.73
1959.173	0.8999999999998636	trials	122	s122_J210701	grCe_grSu6Ne_PS	18	90.0	8	1959.473	1959.772
1959.7730000000001	0.8999999999998636	trials	122	s122_J210701	grCe_grSu12SmCiNe_PS	21	45.0	8	1960.073	1960.372
1960.373	0.8999999999998636	trials	122	s122_J210701	grCe_grSu12SmCiNe_PS	21	0.0	8	1960.673	1960.972
1965.365	0.8999999999998636	trials	122	s122_J210701	grCe	1	225.0	8	1965.665	1965.965
1966.5900000000001	0.8999999999998636	trials	122	s122_J210701	grCe_grSu18Fa	11	225.0	8	1966.89	1967.19
1971.849	0.8999999999998636	trials	122	s122_J210701	grCe_grSu18Fa	11	90.0	8	1972.149	1972.449
1972.458	0.8999999999998636	trials	122	s122_J210701	grCe_grSu12Mi	9	0.0	8	1972.758	1973.057
1973.058	0.8999999999998636	trials	122	s122_J210701	grCe_grSu6Ne_PS	18	270.0	8	1973.358	1973.657
1981.759	0.8999999999998636	trials	122	s122_J210701	grCe_grSu12SmCiNe	13	225.0	8	1982.059	1982.359
1982.367	0.8999999999998636	trials	122	s122_J210701	grCe_grSu6Ne	7	0.0	8	1982.667	1982.967
1982.9840000000002	0.8999999999998636	trials	122	s122_J210701	grCe_grSu18Fa	11	180.0	8	1983.284	1983.584
1988.077	0.8999999999998636	trials	122	s122_J210701	grCe_grSu12SmCiNe	13	90.0	8	1988.377	1988.676
1988.685	0.8999999999998636	trials	122	s122_J210701	grCe_grSu6CiNe	15	0.0	8	1988.985	1989.284
1989.2930000000001	0.8999999999998636	trials	122	s122_J210701	coCe_grSu6Ne	17	270.0	8	1989.593	1989.893
1994.344	0.8999999999998636	trials	122	s122_J210701	grCe_grSu18Fa	11	0.0	8	1994.644	1994.944
1994.952	0.8999999999998636	trials	122	s122_J210701	grCe_grSu3Ne	5	315.0	8	1995.252	1995.552
1995.5610000000001	0.8999999999998636	trials	122	s122_J210701	grCe_grSu6CiNe_PS	19	225.0	8	1995.861	1996.16
2000.486	0.8999999999998636	trials	122	s122_J210701	grCe_grSu1Ne	3	45.0	8	2000.786	2001.086
2001.095	0.8999999999998636	trials	122	s122_J210701	grCe_grSu12SmCiNe	13	135.0	8	2001.395	2001.694
2001.703	0.8999999999998636	trials	122	s122_J210701	grCe_grSu3Ne	5	135.0	8	2002.003	2002.303
2007.4370000000001	0.8999999999998636	trials	122	s122_J210701	grCe_grSu12Mi	9	225.0	8	2007.737	2008.037
2008.037	0.8999999999998636	trials	122	s122_J210701	grSu12SmCiNe	12		8	2008.337	2008.637
2013.021	0.8999999999998636	trials	122	s122_J210701	grCe_grSu6Ne	7	135.0	8	2013.321	2013.621
2013.63	0.8999999999998636	trials	122	s122_J210701	grCe_grSu6Ne	7	45.0	8	2013.93	2014.229
2014.238	0.8999999999998636	trials	122	s122_J210701	grCe_grSu12Mi	9	45.0	8	2014.538	2014.838
2019.047	0.8999999999998636	trials	122	s122_J210701	grCe_grSu6CiNe_PS	19	135.0	8	2019.347	2019.647
2023.439	0.8999999999998636	trials	122	s122_J210701	grCe_grSu1Ne	3	315.0	8	2023.739	2024.039
2029.065	0.8999999999998636	trials	122	s122_J210701	grCe_grSu3Ne	5	180.0	8	2029.365	2029.665
2029.674	0.8999999999998636	trials	122	s122_J210701	grCe_grSu12SmCiNe	13	315.0	8	2029.974	2030.273
2030.2740000000001	0.8999999999998636	trials	122	s122_J210701	grSu6Ne	6		8	2030.574	2030.873
2035.266	0.8999999999998636	trials	122	s122_J210701	coCe	16	270.0	8	2035.566	2035.865
2042.617	0.8999999999998636	trials	122	s122_J210701	grCe_grSu6Ne_PS	18	135.0	8	2042.917	2043.216
2043.2340000000002	0.8999999999998636	trials	122	s122_J210701	grCe_grSu18Fa	11	270.0	8	2043.534	2043.833
2048.768	0.900000000000091	trials	122	s122_J210701	coCe_grSu6Ne	17	45.0	8	2049.068	2049.367
2055.535	0.900000000000091	trials	122	s122_J210701	grCe_grSu12SmCiNe_PS	21	315.0	8	2055.835	2056.135
2061.178	0.900000000000091	trials	122	s122_J210701	coCe	16	0.0	8	2061.478	2061.777
2061.778	0.900000000000091	trials	122	s122_J210701	grCe_grSu6CiNe_PS	19	180.0	8	2062.078	2062.377
2062.47	0.900000000000091	trials	122	s122_J210701	grCe_grSu6Ne	7	180.0	8	2062.77	2063.069
2068.104	0.900000000000091	trials	122	s122_J210701	grCe_grSu6Ne_PS	18	180.0	8	2068.404	2068.703
2072.346	0.900000000000091	trials	122	s122_J210701	grCe	1	135.0	8	2072.646	2072.945
2086.689	0.900000000000091	trials	122	s122_J210701	grCe_grSu3Ne	5	45.0	8	2086.989	2087.289
2087.298	0.900000000000091	trials	122	s122_J210701	grCe_grSu6Ne	7	90.0	8	2087.598	2087.897
2087.8979999999997	0.900000000000091	trials	122	s122_J210701	grSu1Ne	2		8	2088.198	2088.497
2092.89	0.900000000000091	trials	122	s122_J210701	grCe_grSu1Ne	3	180.0	8	2093.19	2093.49
2093.499	0.900000000000091	trials	122	s122_J210701	grCe_grSu12SmCiNe	13	45.0	8	2093.799	2094.098
2094.107	0.900000000000091	trials	122	s122_J210701	grCe_grSu12Mi	9	135.0	8	2094.407	2094.706
2099.7909999999997	0.900000000000091	trials	122	s122_J210701	grCe_grSu18Fa	11	135.0	8	2100.091	2100.391
2100.3909999999996	0.900000000000091	trials	122	s122_J210701	grCe_grSu6CiNe_PS	19	0.0	8	2100.691	2100.991
2111.7839999999997	0.900000000000091	trials	122	s122_J210701	grCe_grSu3Ne	5	270.0	8	2112.084	2112.384
2112.384	0.900000000000091	trials	122	s122_J210701	grCe_grSu12SmCiNe_PS	21	135.0	8	2112.684	2112.984
2112.993	0.900000000000091	trials	122	s122_J210701	grCe_grSu6CiNe	15	270.0	8	2113.293	2113.592
2118.0519999999997	0.900000000000091	trials	122	s122_J210701	grCe	1	180.0	8	2118.352	2118.651
2119.285	0.900000000000091	trials	122	s122_J210701	coCe_grSu6Ne	17	315.0	8	2119.585	2119.885
2125.0939999999996	0.900000000000091	trials	122	s122_J210701	grCe	1	0.0	8	2125.394	2125.694
2125.703	0.900000000000091	trials	122	s122_J210701	grCe_grSu6CiNe	15	45.0	8	2126.003	2126.302
2130.6029999999996	0.900000000000091	trials	122	s122_J210701	grCe	1	315.0	8	2130.903	2131.203
2131.8199999999997	0.900000000000091	trials	122	s122_J210701	grCe_grSu1Ne	3	0.0	8	2132.12	2132.42
2136.946	0.900000000000091	trials	122	s122_J210701	grCe_grSu6CiNe	15	315.0	8	2137.246	2137.545
2140.955	0.900000000000091	trials	122	s122_J210701	grCe	1	90.0	8	2141.255	2141.554
2141.555	0.900000000000091	trials	122	s122_J210701	coCe	16	315.0	8	2141.855	2142.154
2142.163	0.900000000000091	trials	122	s122_J210701	coCe_grSu6Ne	17	135.0	8	2142.463	2142.763
2147.281	0.900000000000091	trials	122	s122_J210701	grCe_grSu3Ne	5	90.0	8	2147.581	2147.88
2152.1059999999998	0.900000000000091	trials	122	s122_J210701	grCe_grSu6CiNe	15	90.0	8	2152.406	2152.706
2152.7149999999997	0.900000000000091	trials	122	s122_J210701	grSu18Fa	10		0	2153.015	2153.314
2161.649	0.900000000000091	trials	122	s122_J210701	grCe_grSu12SmCiNe	13	0.0	0	2161.949	2162.249
2162.2569999999996	0.900000000000091	trials	122	s122_J210701	grCe_grSu3Ne	5	225.0	0	2162.557	2162.857
2170.1749999999997	0.900000000000091	trials	122	s122_J210701	grCe_grSu12SmCiNe_PS	21	180.0	0	2170.475	2170.775
2170.7839999999997	0.900000000000091	trials	122	s122_J210701	grCe_grSu12Mi	9	90.0	0	2171.084	2171.383
2171.392	0.900000000000091	trials	122	s122_J210701	grCe_grSu6CiNe	15	180.0	0	2171.692	2171.991
2176.343	0.900000000000091	trials	122	s122_J210701	coCe	16	135.0	0	2176.643	2176.942
2176.9429999999998	0.900000000000091	trials	122	s122_J210701	coCe	16	225.0	0	2177.243	2177.542
2177.5429999999997	0.900000000000091	trials	122	s122_J210701	grSu6CiNe	14		0	2177.843	2178.142
2182.5099999999998	0.900000000000091	trials	122	s122_J210701	coCe_grSu6Ne	17	45.0	0	2182.81	2183.11
2183.1099999999997	0.900000000000091	trials	122	s122_J210701	grSu6Ne	6		0	2183.41	2183.71
2183.7189999999996	0.900000000000091	trials	122	s122_J210701	coCe_grSu6Ne	17	0.0	0	2184.019	2184.318
2188.879	0.900000000000091	trials	122	s122_J210701	grCe_grSu6Ne_PS	18	90.0	0	2189.179	2189.478
2189.4869999999996	0.900000000000091	trials	122	s122_J210701	grCe_grSu6Ne	7	90.0	0	2189.787	2190.086
2195.138	0.900000000000091	trials	122	s122_J210701	coCe_grSu6Ne	17	270.0	0	2195.438	2195.737
2195.754	0.900000000000091	trials	122	s122_J210701	grCe_grSu18Fa	11	270.0	0	2196.054	2196.354
2196.355	0.900000000000091	trials	122	s122_J210701	coCe	16	270.0	0	2196.655	2196.954
2204.939	0.900000000000091	trials	122	s122_J210701	grCe_grSu1Ne	3	180.0	0	2205.239	2205.538
2205.556	0.900000000000091	trials	122	s122_J210701	grCe_grSu18Fa	11	0.0	0	2205.856	2206.155
2214.4489999999996	0.900000000000091	trials	122	s122_J210701	grCe_grSu3Ne	5	135.0	0	2214.749	2215.048
2215.0649999999996	0.900000000000091	trials	122	s122_J210701	grCe_grSu18Fa	11	135.0	0	2215.365	2215.665
2215.665	0.900000000000091	trials	122	s122_J210701	grCe_grSu6CiNe_PS	19	90.0	0	2215.965	2216.265
2221.241	0.900000000000091	trials	122	s122_J210701	grCe_grSu6CiNe	15	135.0	0	2221.541	2221.841
2221.85	0.900000000000091	trials	122	s122_J210701	grCe_grSu12Mi	9	135.0	0	2222.15	2222.449
2226.825	0.900000000000091	trials	122	s122_J210701	grCe_grSu6Ne_PS	18	180.0	0	2227.125	2227.425
2227.4249999999997	0.900000000000091	trials	122	s122_J210701	grCe_grSu6Ne_PS	18	315.0	0	2227.725	2228.025
2228.0249999999996	0.900000000000091	trials	122	s122_J210701	grCe_grSu6Ne_PS	18	0.0	0	2228.325	2228.625
2233.026	0.900000000000091	trials	122	s122_J210701	grCe_grSu12Mi	9	0.0	0	2233.326	2233.625
2233.6259999999997	0.900000000000091	trials	122	s122_J210701	grSu12SmCiNe	12		0	2233.926	2234.226
2234.2259999999997	0.900000000000091	trials	122	s122_J210701	grCe_grSu6CiNe_PS	19	180.0	0	2234.526	2234.826
2239.3179999999998	0.900000000000091	trials	122	s122_J210701	grCe_grSu6CiNe_PS	19	45.0	0	2239.618	2239.918
2239.9269999999997	0.900000000000091	trials	122	s122_J210701	grCe_grSu12SmCiNe	13	315.0	0	2240.227	2240.526
2240.535	0.900000000000091	trials	122	s122_J210701	grCe_grSu1Ne	3	90.0	0	2240.835	2241.135
2245.5609999999997	0.900000000000091	trials	122	s122_J210701	grCe_grSu3Ne	5	180.0	0	2245.861	2246.16
2249.028	0.900000000000091	trials	122	s122_J210701	grCe_grSu6CiNe_PS	19	315.0	0	2249.328	2249.628
2253.3289999999997	0.900000000000091	trials	122	s122_J210701	coCe	16	90.0	0	2253.629	2253.928
2265.4719999999998	0.900000000000091	trials	122	s122_J210701	grCe_grSu12SmCiNe	13	180.0	0	2265.772	2266.071
2266.68	0.900000000000091	trials	122	s122_J210701	grCe_grSu6Ne_PS	18	45.0	0	2266.98	2267.28
2272.7479999999996	0.900000000000091	trials	122	s122_J210701	grCe_grSu12SmCiNe	13	270.0	0	2273.048	2273.347
2277.64	0.900000000000091	trials	122	s122_J210701	grCe_grSu12SmCiNe_PS	21	315.0	0	2277.94	2278.24
2281.7819999999997	0.900000000000091	trials	122	s122_J210701	grCe_grSu12SmCiNe_PS	21	0.0	0	2282.082	2282.382
2282.4159999999997	0.900000000000091	trials	122	s122_J210701	grCe_grSu12SmCiNe	13	225.0	0	2282.716	2283.015
2283.0159999999996	0.900000000000091	trials	122	s122_J210701	grCe	1	315.0	0	2283.316	2283.615
2287.908	0.900000000000091	trials	122	s122_J210701	grCe_grSu6Ne	7	180.0	0	2288.208	2288.508
2288.5159999999996	0.900000000000091	trials	122	s122_J210701	grCe_grSu6Ne	7	45.0	0	2288.816	2289.116
2289.125	0.900000000000091	trials	122	s122_J210701	grCe_grSu1Ne	3	270.0	0	2289.425	2289.724
2297.509	0.900000000000091	trials	122	s122_J210701	grCe_grSu12SmCiNe_PS	21	90.0	0	2297.809	2298.109
2303.9179999999997	0.900000000000091	trials	122	s122_J210701	coCe_grSu6Ne	17	180.0	0	2304.218	2304.518
2304.519	0.900000000000091	trials	122	s122_J210701	grCe	1	90.0	0	2304.819	2305.118
2305.127	0.900000000000091	trials	122	s122_J210701	grCe_grSu6Ne	7	315.0	0	2305.427	2305.726
2310.328	0.900000000000091	trials	122	s122_J210701	grCe_grSu1Ne	3	45.0	0	2310.628	2310.927
2310.928	0.900000000000091	trials	122	s122_J210701	grCe_grSu6Ne_PS	18	225.0	0	2311.228	2311.527
2311.528	0.900000000000091	trials	122	s122_J210701	grCe_grSu6Ne_PS	18	135.0	0	2311.828	2312.127
2316.4199999999996	0.900000000000091	trials	122	s122_J210701	coCe_grSu6Ne	17	225.0	0	2316.72	2317.02
2317.029	0.900000000000091	trials	122	s122_J210701	grCe_grSu6CiNe	15	225.0	0	2317.329	2317.628
2327.68	0.900000000000091	trials	122	s122_J210701	grCe_grSu18Fa	11	315.0	0	2327.98	2328.279
2328.288	0.900000000000091	trials	122	s122_J210701	grSu12Mi	8		0	2328.588	2328.888
2328.897	0.900000000000091	trials	122	s122_J210701	grCe_grSu6CiNe	15	315.0	0	2329.197	2329.496
2333.881	0.900000000000091	trials	122	s122_J210701	grCe	1	135.0	0	2334.181	2334.48
2335.098	0.900000000000091	trials	122	s122_J210701	grCe_grSu1Ne	3	135.0	0	2335.398	2335.697
2340.832	0.900000000000091	trials	122	s122_J210701	grCe_grSu12SmCiNe	13	135.0	0	2341.132	2341.431
2346.424	0.900000000000091	trials	122	s122_J210701	grCe_grSu12Mi	9	315.0	0	2346.724	2347.024
2347.024	0.900000000000091	trials	122	s122_J210701	NoStim	0		0	2347.324	2347.624
2347.624	0.900000000000091	trials	122	s122_J210701	coCe	16	315.0	0	2347.924	2348.224
2352.7329999999997	0.900000000000091	trials	122	s122_J210701	grCe_grSu1Ne	3	225.0	0	2353.033	2353.333
2353.35	0.900000000000091	trials	122	s122_J210701	grCe_grSu18Fa	11	225.0	0	2353.65	2353.949
2353.9579999999996	0.900000000000091	trials	122	s122_J210701	coCe_grSu6Ne	17	315.0	0	2354.258	2354.558
2359.109	0.900000000000091	trials	122	s122_J210701	grCe	1	45.0	0	2359.409	2359.708
2359.7169999999996	0.900000000000091	trials	122	s122_J210701	coCe_grSu6Ne	17	90.0	0	2360.017	2360.317
2360.317	0.900000000000091	trials	122	s122_J210701	grCe_grSu12SmCiNe_PS	21	270.0	0	2360.617	2360.917
2365.3849999999998	0.900000000000091	trials	122	s122_J210701	grCe_grSu6CiNe_PS	19	270.0	0	2365.685	2365.984
2365.9849999999997	0.900000000000091	trials	122	s122_J210701	coCe	16	0.0	0	2366.285	2366.584
2371.919	0.900000000000091	trials	122	s122_J210701	grCe_grSu1Ne	3	315.0	0	2372.219	2372.518
2372.527	0.900000000000091	trials	122	s122_J210701	grCe_grSu6Ne	7	135.0	0	2372.827	2373.127
2373.144	0.900000000000091	trials	122	s122_J210701	grCe_grSu18Fa	11	90.0	0	2373.444	2373.744
2381.8039999999996	0.900000000000091	trials	122	s122_J210701	grCe_grSu6CiNe_PS	19	135.0	0	2382.104	2382.403
2382.412	0.900000000000091	trials	122	s122_J210701	grCe_grSu12Mi	9	180.0	0	2382.712	2383.012
2388.1879999999996	0.900000000000091	trials	122	s122_J210701	grCe_grSu6CiNe_PS	19	225.0	0	2388.488	2388.787
2388.83	0.900000000000091	trials	122	s122_J210701	grCe_grSu18Fa	11	45.0	0	2389.13	2389.429
2389.4379999999996	0.900000000000091	trials	122	s122_J210701	grCe_grSu3Ne	5	0.0	0	2389.738	2390.037
2394.564	0.900000000000091	trials	122	s122_J210701	grCe_grSu3Ne	5	315.0	0	2394.864	2395.163
2395.172	0.900000000000091	trials	122	s122_J210701	grCe_grSu6CiNe	15	45.0	0	2395.472	2395.771
2395.7889999999998	0.900000000000091	trials	122	s122_J210701	grCe_grSu1Ne	3	0.0	0	2396.089	2396.388
2401.0139999999997	0.900000000000091	trials	122	s122_J210701	grCe_grSu12SmCiNe	13	90.0	0	2401.314	2401.614
2401.614	0.900000000000091	trials	122	s122_J210701	grSu1Ne	2		0	2401.914	2402.214
2402.223	0.900000000000091	trials	122	s122_J210701	grCe_grSu12Mi	9	270.0	0	2402.523	2402.822
2407.999	0.900000000000091	trials	122	s122_J210701	grSu3Ne	4		0	2408.299	2408.598
2408.624	0.900000000000091	trials	122	s122_J210701	coCe_grSu6Ne	17	135.0	0	2408.924	2409.223
2413.883	0.900000000000091	trials	122	s122_J210701	grCe_grSu6CiNe_PS	19	0.0	0	2414.183	2414.482
2415.1	0.900000000000091	trials	122	s122_J210701	grCe_grSu6Ne	7	0.0	0	2415.4	2415.699
2420.45	0.900000000000091	trials	122	s122_J210701	coSu6Ne	20		0	2420.75	2421.05
2421.6589999999997	0.900000000000091	trials	122	s122_J210701	grCe	1	180.0	0	2421.959	2422.258
2426.8759999999997	0.900000000000091	trials	122	s122_J210701	grCe_grSu12SmCiNe	13	45.0	0	2427.176	2427.476
2427.4849999999997	0.900000000000091	trials	122	s122_J210701	grCe_grSu6Ne	7	270.0	0	2427.785	2428.084
2428.085	0.900000000000091	trials	122	s122_J210701	grCe_grSu6Ne_PS	18	270.0	0	2428.385	2428.684
2436.352	0.900000000000091	trials	122	s122_J210701	grCe_grSu6CiNe	15	90.0	0	2436.652	2436.952
2437.5609999999997	0.900000000000091	trials	122	s122_J210701	grCe_grSu6CiNe	15	270.0	0	2437.861	2438.16
2442.5699999999997	0.900000000000091	trials	122	s122_J210701	grCe_grSu3Ne	5	45.0	0	2442.87	2443.169
2443.178	0.900000000000091	trials	122	s122_J210701	grCe_grSu12Mi	9	225.0	0	2443.478	2443.778
2443.787	0.900000000000091	trials	122	s122_J210701	grCe_grSu6CiNe	15	0.0	0	2444.087	2444.386
2448.7619999999997	0.900000000000091	trials	122	s122_J210701	grCe_grSu3Ne	5	270.0	0	2449.062	2449.362
2449.3619999999996	0.900000000000091	trials	122	s122_J210701	grCe_grSu12SmCiNe_PS	21	135.0	0	2449.662	2449.962
2449.962	0.900000000000091	trials	122	s122_J210701	grCe	1	225.0	0	2450.262	2450.562
2455.7549999999997	0.900000000000091	trials	122	s122_J210701	grCe_grSu12SmCiNe_PS	21	45.0	0	2456.055	2456.354
2459.989	0.900000000000091	trials	122	s122_J210701	grCe_grSu3Ne	5	90.0	0	2460.289	2460.588
2460.589	0.900000000000091	trials	122	s122_J210701	grCe	1	270.0	0	2460.889	2461.188
2465.8559999999998	0.900000000000091	trials	122	s122_J210701	coCe	16	180.0	0	2466.156	2466.456
2466.473	0.900000000000091	trials	122	s122_J210701	grCe_grSu18Fa	11	180.0	0	2466.773	2467.072
2467.0809999999997	0.900000000000091	trials	122	s122_J210701	grCe_grSu12Mi	9	45.0	0	2467.381	2467.681
2472.5899999999997	0.900000000000091	trials	122	s122_J210701	grCe	1	0.0	0	2472.89	2473.19
2473.1899999999996	0.900000000000091	trials	122	s122_J210701	grCe_grSu12SmCiNe_PS	21	225.0	0	2473.49	2473.79
2478.408	0.900000000000091	trials	122	s122_J210701	grCe_grSu6Ne	7	225.0	0	2478.708	2479.007
2479.6079999999997	0.900000000000091	trials	122	s122_J210701	coCe	16	45.0	0	2479.908	2480.207
2488.392	0.900000000000091	trials	122	s122_J210701	grCe_grSu1Ne	3	180.0	4	2488.692	2488.992
2489.009	0.900000000000091	trials	122	s122_J210701	grCe_grSu18Fa	11	135.0	4	2489.309	2489.609
2489.618	0.900000000000091	trials	122	s122_J210701	grCe_grSu12SmCiNe	13	90.0	4	2489.918	2490.217
2494.585	0.900000000000091	trials	122	s122_J210701	coCe	16	90.0	4	2494.885	2495.184
2495.1929999999998	0.900000000000091	trials	122	s122_J210701	grCe_grSu6CiNe	15	90.0	4	2495.493	2495.793
2495.7929999999997	0.900000000000091	trials	122	s122_J210701	grCe	1	135.0	4	2496.093	2496.393
2500.877	0.900000000000091	trials	122	s122_J210701	coCe	16	0.0	4	2501.177	2501.477
2502.0939999999996	0.900000000000091	trials	122	s122_J210701	grCe_grSu6Ne	7	270.0	4	2502.394	2502.694
2507.0359999999996	0.900000000000091	trials	122	s122_J210701	grSu6CiNe	14		4	2507.336	2507.636
2507.645	0.900000000000091	trials	122	s122_J210701	coCe_grSu6Ne	17	45.0	4	2507.945	2508.244
2508.2619999999997	0.900000000000091	trials	122	s122_J210701	grCe_grSu18Fa	11	45.0	4	2508.562	2508.861
2513.3289999999997	0.900000000000091	trials	122	s122_J210701	grCe_grSu18Fa	11	270.0	4	2513.629	2513.928
2513.9289999999996	0.900000000000091	trials	122	s122_J210701	coCe	16	315.0	4	2514.229	2514.529
2514.529	0.900000000000091	trials	122	s122_J210701	grCe_grSu12SmCiNe_PS	21	315.0	4	2514.829	2515.129
2519.471	0.900000000000091	trials	122	s122_J210701	grCe_grSu6CiNe	15	0.0	4	2519.771	2520.071
2527.7309999999998	0.900000000000091	trials	122	s122_J210701	grCe_grSu6CiNe_PS	19	315.0	4	2528.031	2528.33
2533.357	0.900000000000091	trials	122	s122_J210701	grCe_grSu6Ne_PS	18	135.0	4	2533.657	2533.956
2539.2659999999996	0.900000000000091	trials	122	s122_J210701	grCe	1	180.0	4	2539.566	2539.865
2539.866	0.900000000000091	trials	122	s122_J210701	grCe_grSu6CiNe_PS	19	225.0	4	2540.166	2540.465
2543.491	0.900000000000091	trials	122	s122_J210701	grCe_grSu12SmCiNe_PS	21	0.0	4	2543.791	2544.091
2544.116	0.900000000000091	trials	122	s122_J210701	grCe	1	315.0	4	2544.416	2544.716
2544.716	0.900000000000091	trials	122	s122_J210701	grCe_grSu6Ne_PS	18	315.0	4	2545.016	2545.316
2549.634	0.900000000000091	trials	122	s122_J210701	grCe_grSu18Fa	11	315.0	4	2549.934	2550.233
2550.2419999999997	0.900000000000091	trials	122	s122_J210701	grCe_grSu3Ne	5	225.0	4	2550.542	2550.842
2556.16	0.900000000000091	trials	122	s122_J210701	grCe_grSu18Fa	11	225.0	4	2556.46	2556.759
2557.368	0.900000000000091	trials	122	s122_J210701	grCe_grSu6CiNe_PS	19	45.0	4	2557.668	2557.968
2566.1189999999997	0.900000000000091	trials	122	s122_J210701	coCe	16	45.0	4	2566.419	2566.719
2566.7189999999996	0.900000000000091	trials	122	s122_J210701	grCe_grSu12SmCiNe_PS	21	90.0	4	2567.019	2567.319
2571.7279999999996	0.900000000000091	trials	122	s122_J210701	coCe_grSu6Ne	17	225.0	4	2572.028	2572.328
2572.337	0.900000000000091	trials	122	s122_J210701	grCe_grSu3Ne	5	90.0	4	2572.637	2572.936
2572.9449999999997	0.900000000000091	trials	122	s122_J210701	grCe_grSu6CiNe	15	180.0	4	2573.245	2573.545
2578.2369999999996	0.900000000000091	trials	122	s122_J210701	grCe_grSu12SmCiNe_PS	21	225.0	4	2578.537	2578.837
2585.1549999999997	0.900000000000091	trials	122	s122_J210701	grCe	1	225.0	4	2585.455	2585.754
2585.763	0.900000000000091	trials	122	s122_J210701	grCe_grSu12Mi	9	315.0	4	2586.063	2586.363
2586.372	0.900000000000091	trials	122	s122_J210701	grCe_grSu6CiNe	15	45.0	4	2586.672	2586.971
2591.4139999999998	0.900000000000091	trials	122	s122_J210701	grCe_grSu6Ne_PS	18	0.0	4	2591.714	2592.014
2592.0229999999997	0.900000000000091	trials	122	s122_J210701	grCe_grSu12SmCiNe	13	270.0	4	2592.323	2592.622
2592.6639999999998	0.900000000000091	trials	122	s122_J210701	grCe_grSu6CiNe_PS	19	90.0	4	2592.964	2593.264
2607.8579999999997	0.900000000000091	trials	122	s122_J210701	grCe_grSu12SmCiNe	13	0.0	4	2608.158	2608.457
2608.466	0.900000000000091	trials	122	s122_J210701	coCe_grSu6Ne	17	315.0	4	2608.766	2609.066
2614.5919999999996	0.900000000000091	trials	122	s122_J210701	grCe_grSu12SmCiNe_PS	21	135.0	4	2614.892	2615.192
2615.192	0.900000000000091	trials	122	s122_J210701	grCe_grSu6CiNe_PS	19	270.0	4	2615.492	2615.792
2620.8179999999998	0.900000000000091	trials	122	s122_J210701	grCe	1	45.0	4	2621.118	2621.417
2626.1769999999997	0.900000000000091	trials	122	s122_J210701	grCe_grSu3Ne	5	180.0	4	2626.477	2626.776
2626.785	0.900000000000091	trials	122	s122_J210701	grCe_grSu12SmCiNe	13	45.0	4	2627.085	2627.385
2627.394	0.900000000000091	trials	122	s122_J210701	grCe_grSu3Ne	5	135.0	4	2627.694	2627.993
2633.861	0.900000000000091	trials	122	s122_J210701	grCe_grSu18Fa	11	90.0	4	2634.161	2634.461
2638.779	0.900000000000091	trials	122	s122_J210701	grCe_grSu3Ne	5	315.0	4	2639.079	2639.378
2645.9379999999996	0.900000000000091	trials	122	s122_J210701	grSu1Ne	2		4	2646.238	2646.537
2646.538	0.900000000000091	trials	122	s122_J210701	grCe_grSu6Ne_PS	18	90.0	4	2646.838	2647.137
2647.1459999999997	0.900000000000091	trials	122	s122_J210701	grCe_grSu12Mi	9	90.0	4	2647.446	2647.746
2652.48	0.900000000000091	trials	122	s122_J210701	grCe_grSu1Ne	3	270.0	4	2652.78	2653.08
2653.689	0.900000000000091	trials	122	s122_J210701	grCe_grSu1Ne	3	90.0	4	2653.989	2654.288
2658.698	0.900000000000091	trials	122	s122_J210701	grSu18Fa	10		4	2658.998	2659.297
2659.306	0.900000000000091	trials	122	s122_J210701	grCe_grSu1Ne	3	225.0	4	2659.606	2659.906
2659.915	0.900000000000091	trials	122	s122_J210701	grCe_grSu12Mi	9	0.0	4	2660.215	2660.514
2665.024	0.900000000000091	trials	122	s122_J210701	grCe_grSu12SmCiNe	13	180.0	4	2665.324	2665.623
2671.341	0.900000000000091	trials	122	s122_J210701	grCe_grSu12SmCiNe	13	315.0	4	2671.641	2671.941
2671.95	0.900000000000091	trials	122	s122_J210701	grCe_grSu12Mi	9	225.0	4	2672.25	2672.549
2672.558	0.900000000000091	trials	122	s122_J210701	grCe_grSu6Ne	7	180.0	4	2672.858	2673.157
2677.5499999999997	0.900000000000091	trials	122	s122_J210701	grCe_grSu6CiNe_PS	19	180.0	4	2677.85	2678.15
2678.767	0.900000000000091	trials	122	s122_J210701	grCe_grSu12Mi	9	180.0	4	2679.067	2679.367
2683.859	0.900000000000091	trials	122	s122_J210701	grCe_grSu12SmCiNe_PS	21	180.0	4	2684.159	2684.459
2684.46	0.900000000000091	trials	122	s122_J210701	grSu3Ne	4		4	2684.76	2685.059
2688.977	0.900000000000091	trials	122	s122_J210701	grCe_grSu6CiNe	15	135.0	4	2689.277	2689.576
2689.585	0.900000000000091	trials	122	s122_J210701	coCe_grSu6Ne	17	270.0	4	2689.885	2690.185
2694.819	0.900000000000091	trials	122	s122_J210701	coCe	16	225.0	4	2695.119	2695.419
2695.419	0.900000000000091	trials	122	s122_J210701	grCe	1	270.0	4	2695.719	2696.019
2699.2529999999997	0.900000000000091	trials	122	s122_J210701	coCe_grSu6Ne	17	0.0	4	2699.553	2699.853
2699.8529999999996	0.900000000000091	trials	122	s122_J210701	grCe_grSu6Ne_PS	18	270.0	4	2700.153	2700.453
2700.453	0.900000000000091	trials	122	s122_J210701	coCe	16	270.0	4	2700.753	2701.053
2705.354	0.900000000000091	trials	122	s122_J210701	grCe_grSu12Mi	9	135.0	4	2705.654	2705.953
2705.962	0.900000000000091	trials	122	s122_J210701	grCe_grSu3Ne	5	270.0	4	2706.262	2706.562
2706.571	0.900000000000091	trials	122	s122_J210701	grCe_grSu12SmCiNe	13	135.0	4	2706.871	2707.17
2711.596	0.900000000000091	trials	122	s122_J210701	coCe	16	135.0	4	2711.896	2712.196
2712.205	0.900000000000091	trials	122	s122_J210701	grCe_grSu6CiNe	15	225.0	4	2712.505	2712.804
2718.547	0.900000000000091	trials	122	s122_J210701	grCe_grSu6Ne_PS	18	225.0	4	2718.847	2719.147
2719.156	0.900000000000091	trials	122	s122_J210701	grCe_grSu6CiNe	15	315.0	4	2719.456	2719.755
2723.9809999999998	0.900000000000091	trials	122	s122_J210701	grCe	1	90.0	4	2724.281	2724.581
2727.948	0.900000000000091	trials	122	s122_J210701	grCe_grSu12SmCiNe_PS	21	45.0	4	2728.248	2728.548
2728.5649999999996	0.900000000000091	trials	122	s122_J210701	grCe_grSu18Fa	11	0.0	4	2728.865	2729.165
2729.174	0.900000000000091	trials	122	s122_J210701	grCe_grSu12Mi	9	45.0	4	2729.474	2729.773
2734.3239999999996	0.900000000000091	trials	122	s122_J210701	grCe_grSu6CiNe_PS	19	135.0	4	2734.624	2734.924
2734.924	0.900000000000091	trials	122	s122_J210701	grCe	1	0.0	4	2735.224	2735.524
2735.524	0.900000000000091	trials	122	s122_J210701	grCe_grSu6CiNe_PS	19	0.0	4	2735.824	2736.124
2740.517	0.900000000000091	trials	122	s122_J210701	grCe_grSu3Ne	5	0.0	4	2740.817	2741.116
2741.125	0.900000000000091	trials	122	s122_J210701	grCe_grSu6Ne	7	90.0	4	2741.425	2741.725
2741.734	0.900000000000091	trials	122	s122_J210701	grSu12Mi	8		4	2742.034	2742.333
2747.826	0.900000000000091	trials	122	s122_J210701	NoStim	0		4	2748.126	2748.426
2748.4339999999997	0.900000000000091	trials	122	s122_J210701	grCe_grSu6Ne	7	225.0	4	2748.734	2749.034
2753.3269999999998	0.900000000000091	trials	122	s122_J210701	grCe_grSu6Ne	7	135.0	4	2753.627	2753.926
2753.935	0.900000000000091	trials	122	s122_J210701	grCe_grSu6CiNe	15	270.0	4	2754.235	2754.535
2754.535	0.900000000000091	trials	122	s122_J210701	coCe	16	180.0	4	2754.835	2755.135
2759.586	0.900000000000091	trials	122	s122_J210701	grCe_grSu6Ne	7	0.0	4	2759.886	2760.185
2763.678	0.900000000000091	trials	122	s122_J210701	grCe_grSu12SmCiNe_PS	21	270.0	4	2763.978	2764.278
2764.8869999999997	0.900000000000091	trials	122	s122_J210701	grCe_grSu6Ne	7	45.0	4	2765.187	2765.486
2769.912	0.900000000000091	trials	122	s122_J210701	coCe_grSu6Ne	17	135.0	4	2770.212	2770.512
2773.1879999999996	0.900000000000091	trials	122	s122_J210701	coSu6Ne	20		4	2773.488	2773.787
2773.796	0.900000000000091	trials	122	s122_J210701	grCe_grSu1Ne	3	135.0	4	2774.096	2774.396
2774.4049999999997	0.900000000000091	trials	122	s122_J210701	coCe_grSu6Ne	17	180.0	4	2774.705	2775.004
2779.7219999999998	0.900000000000091	trials	122	s122_J210701	grCe_grSu3Ne	5	45.0	4	2780.022	2780.321
2780.33	0.900000000000091	trials	122	s122_J210701	grCe_grSu6Ne	7	315.0	4	2780.63	2780.93
2789.656	0.900000000000091	trials	122	s122_J210701	grCe_grSu1Ne	3	0.0	4	2789.956	2790.256
2790.265	0.900000000000091	trials	122	s122_J210701	grCe_grSu1Ne	3	315.0	4	2790.565	2790.864
2790.865	0.900000000000091	trials	122	s122_J210701	grCe_grSu6Ne_PS	18	45.0	4	2791.165	2791.464
2795.924	0.900000000000091	trials	122	s122_J210701	grSu6Ne	6		4	2796.224	2796.523
2796.5409999999997	0.900000000000091	trials	122	s122_J210701	grCe_grSu18Fa	11	180.0	4	2796.841	2797.14
2797.149	0.900000000000091	trials	122	s122_J210701	grCe_grSu1Ne	3	45.0	4	2797.449	2797.749
2803.017	0.900000000000091	trials	122	s122_J210701	coCe_grSu6Ne	17	90.0	4	2803.317	2803.616
2803.6169999999997	0.900000000000091	trials	122	s122_J210701	grCe_grSu6Ne_PS	18	180.0	4	2803.917	2804.216
2808.7169999999996	0.900000000000091	trials	122	s122_J210701	grSu12SmCiNe	12		4	2809.017	2809.317
2809.326	0.900000000000091	trials	122	s122_J210701	grCe_grSu12SmCiNe	13	225.0	4	2809.626	2809.925
2813.026	0.900000000000091	trials	122	s122_J210701	grCe_grSu12Mi	9	270.0	4	2813.326	2813.626
2813.6259999999997	0.900000000000091	trials	122	s122_J210701	grCe_grSu6Ne_PS	18	315.0	1	2813.926	2814.226
2814.2349999999997	0.900000000000091	trials	122	s122_J210701	grCe_grSu6Ne	7	135.0	1	2814.535	2814.834
2819.2439999999997	0.900000000000091	trials	122	s122_J210701	grCe_grSu6Ne	7	270.0	1	2819.544	2819.843
2819.8439999999996	0.900000000000091	trials	122	s122_J210701	grCe	1	315.0	1	2820.144	2820.443
2820.444	0.900000000000091	trials	122	s122_J210701	coCe	16	315.0	1	2820.744	2821.043
2828.9779999999996	0.900000000000091	trials	122	s122_J210701	grCe_grSu18Fa	11	225.0	1	2829.278	2829.578
2829.587	0.900000000000091	trials	122	s122_J210701	grCe_grSu6CiNe	15	315.0	1	2829.887	2830.186
2830.187	0.900000000000091	trials	122	s122_J210701	grCe_grSu6Ne_PS	18	135.0	1	2830.487	2830.786
2835.1119999999996	0.900000000000091	trials	122	s122_J210701	grCe_grSu6CiNe	15	0.0	1	2835.412	2835.712
2839.4379999999996	0.900000000000091	trials	122	s122_J210701	grCe_grSu12Mi	9	225.0	1	2839.738	2840.037
2843.705	0.900000000000091	trials	122	s122_J210701	grCe_grSu3Ne	5	270.0	1	2844.005	2844.305
2844.397	0.900000000000091	trials	122	s122_J210701	grCe_grSu6CiNe_PS	19	0.0	1	2844.697	2844.996
2844.997	0.900000000000091	trials	122	s122_J210701	grCe	1	90.0	1	2845.297	2845.596
2858.515	0.900000000000091	trials	122	s122_J210701	coCe	16	0.0	1	2858.815	2859.115
2863.999	0.900000000000091	trials	122	s122_J210701	grCe_grSu3Ne	5	225.0	1	2864.299	2864.599
2864.6	0.900000000000091	trials	122	s122_J210701	grCe_grSu6Ne_PS	18	225.0	1	2864.9	2865.199
2865.2	0.900000000000091	trials	122	s122_J210701	grCe_grSu6Ne_PS	18	90.0	1	2865.5	2865.799
2870.5249999999996	0.900000000000091	trials	122	s122_J210701	grCe_grSu6Ne	7	0.0	1	2870.825	2871.125
2874.1009999999997	0.900000000000091	trials	122	s122_J210701	grCe_grSu18Fa	11	270.0	1	2874.401	2874.7
2874.709	0.900000000000091	trials	122	s122_J210701	grCe_grSu6Ne	7	225.0	1	2875.009	2875.309
2875.3179999999998	0.900000000000091	trials	122	s122_J210701	grCe_grSu6Ne	7	45.0	1	2875.618	2875.917
2880.4849999999997	0.900000000000091	trials	122	s122_J210701	grCe_grSu12SmCiNe_PS	21	225.0	1	2880.785	2881.084
2881.093	0.900000000000091	trials	122	s122_J210701	grCe_grSu6Ne	7	90.0	1	2881.393	2881.693
2887.361	0.900000000000091	trials	122	s122_J210701	grCe	1	270.0	1	2887.661	2887.96
2887.961	0.900000000000091	trials	122	s122_J210701	grCe_grSu12SmCiNe_PS	21	90.0	1	2888.261	2888.56
2893.52	0.900000000000091	trials	122	s122_J210701	grCe_grSu18Fa	11	0.0	1	2893.82	2894.119
2894.1279999999997	0.900000000000091	trials	122	s122_J210701	grCe_grSu6CiNe	15	90.0	1	2894.428	2894.728
2894.745	0.900000000000091	trials	122	s122_J210701	grCe_grSu18Fa	11	315.0	1	2895.045	2895.345
2899.962	0.900000000000091	trials	122	s122_J210701	grCe_grSu6Ne_PS	18	270.0	1	2900.262	2900.562
2904.0299999999997	0.900000000000091	trials	122	s122_J210701	grCe_grSu6CiNe_PS	19	225.0	1	2904.33	2904.629
2905.2459999999996	0.900000000000091	trials	122	s122_J210701	grCe_grSu3Ne	5	315.0	1	2905.546	2905.846
2910.339	0.900000000000091	trials	122	s122_J210701	coCe	16	90.0	1	2910.639	2910.938
2910.9559999999997	0.900000000000091	trials	122	s122_J210701	grCe_grSu12Mi	9	135.0	1	2911.256	2911.555
2911.556	0.900000000000091	trials	122	s122_J210701	coCe	16	225.0	1	2911.856	2912.155
2916.6899999999996	0.900000000000091	trials	122	s122_J210701	grCe_grSu6CiNe_PS	19	315.0	1	2916.99	2917.289
2920.573	0.900000000000091	trials	122	s122_J210701	grCe_grSu12Mi	9	90.0	1	2920.873	2921.173
2921.7819999999997	0.900000000000091	trials	122	s122_J210701	grCe	1	45.0	1	2922.082	2922.381
2927.149	0.900000000000091	trials	122	s122_J210701	grCe_grSu12SmCiNe	13	45.0	1	2927.449	2927.749
2931.625	0.900000000000091	trials	122	s122_J210701	grCe_grSu3Ne	5	90.0	1	2931.925	2932.224
2932.2329999999997	0.900000000000091	trials	122	s122_J210701	grCe_grSu6CiNe	15	45.0	1	2932.533	2932.833
2937.484	0.900000000000091	trials	122	s122_J210701	coCe	16	180.0	1	2937.784	2938.083
2938.2259999999997	0.900000000000091	trials	122	s122_J210701	grCe_grSu12SmCiNe	13	135.0	1	2938.526	2938.825
2944.0769999999998	0.900000000000091	trials	122	s122_J210701	grCe_grSu6CiNe_PS	19	180.0	1	2944.377	2944.676
2945.277	0.900000000000091	trials	122	s122_J210701	coSu6Ne	20		1	2945.577	2945.876
2950.1859999999997	0.900000000000091	trials	122	s122_J210701	grCe	1	225.0	1	2950.486	2950.785
2950.794	0.900000000000091	trials	122	s122_J210701	grCe_grSu12Mi	9	0.0	1	2951.094	2951.394
2951.402	0.900000000000091	trials	122	s122_J210701	grCe_grSu1Ne	3	270.0	1	2951.702	2952.002
2957.053	0.900000000000091	trials	122	s122_J210701	grCe_grSu6CiNe	15	180.0	1	2957.353	2957.653
2957.653	0.900000000000091	trials	122	s122_J210701	grCe_grSu12SmCiNe_PS	21	135.0	1	2957.953	2958.253
2958.2529999999997	0.900000000000091	trials	122	s122_J210701	grCe_grSu12SmCiNe_PS	21	315.0	1	2958.553	2958.853
2964.0789999999997	0.900000000000091	trials	122	s122_J210701	grCe_grSu6Ne_PS	18	180.0	1	2964.379	2964.679
2964.6789999999996	0.900000000000091	trials	122	s122_J210701	grSu12SmCiNe	12		1	2964.979	2965.279
2970.513	0.900000000000091	trials	122	s122_J210701	grSu12Mi	8		1	2970.813	2971.113
2971.122	0.900000000000091	trials	122	s122_J210701	coCe_grSu6Ne	17	180.0	1	2971.422	2971.721
2976.122	0.900000000000091	trials	122	s122_J210701	grCe_grSu3Ne	5	180.0	1	2976.422	2976.722
2979.573	0.900000000000091	trials	122	s122_J210701	coCe_grSu6Ne	17	90.0	1	2979.873	2980.172
2980.181	0.900000000000091	trials	122	s122_J210701	grCe_grSu12SmCiNe	13	270.0	1	2980.481	2980.781
2986.057	0.900000000000091	trials	122	s122_J210701	grCe_grSu6Ne_PS	18	0.0	1	2986.357	2986.656
2986.665	0.900000000000091	trials	122	s122_J210701	coCe_grSu6Ne	17	225.0	1	2986.965	2987.265
2987.274	0.900000000000091	trials	122	s122_J210701	grSu18Fa	10		1	2987.574	2987.873
2992.9159999999997	0.900000000000091	trials	122	s122_J210701	grCe_grSu12Mi	9	45.0	1	2993.216	2993.516
2993.5159999999996	0.900000000000091	trials	122	s122_J210701	grSu6Ne	6		1	2993.816	2994.116
2998.725	0.900000000000091	trials	122	s122_J210701	grCe_grSu1Ne	3	45.0	1	2999.025	2999.325
2999.334	0.900000000000091	trials	122	s122_J210701	grCe_grSu12SmCiNe	13	225.0	1	2999.634	2999.933
2999.95	0.900000000000091	trials	122	s122_J210701	grCe_grSu18Fa	11	45.0	1	3000.25	3000.55
3005.0339999999997	0.900000000000091	trials	122	s122_J210701	grCe_grSu12SmCiNe_PS	21	45.0	1	3005.334	3005.634
3005.634	0.900000000000091	trials	122	s122_J210701	grCe_grSu6Ne_PS	18	45.0	1	3005.934	3006.234
3011.319	0.900000000000091	trials	122	s122_J210701	coCe	16	45.0	1	3011.619	3011.918
3011.9269999999997	0.900000000000091	trials	122	s122_J210701	grCe_grSu12Mi	9	180.0	1	3012.227	3012.526
3012.544	0.900000000000091	trials	122	s122_J210701	grCe_grSu18Fa	11	180.0	1	3012.844	3013.143
3017.7279999999996	0.900000000000091	trials	122	s122_J210701	grCe	1	135.0	1	3018.028	3018.327
3018.336	0.900000000000091	trials	122	s122_J210701	coCe_grSu6Ne	17	45.0	1	3018.636	3018.936
3018.9359999999997	0.900000000000091	trials	122	s122_J210701	grCe	1	180.0	1	3019.236	3019.536
3024.562	0.900000000000091	trials	122	s122_J210701	grCe_grSu1Ne	3	0.0	1	3024.862	3025.161
3025.187	0.900000000000091	trials	122	s122_J210701	grCe_grSu12SmCiNe_PS	21	0.0	1	3025.487	3025.787
3025.7949999999996	0.900000000000091	trials	122	s122_J210701	coCe_grSu6Ne	17	135.0	1	3026.095	3026.395
3034.105	0.900000000000091	trials	122	s122_J210701	grCe_grSu3Ne	5	0.0	1	3034.405	3034.704
3034.705	0.900000000000091	trials	122	s122_J210701	grCe_grSu12SmCiNe_PS	21	270.0	1	3035.005	3035.304
3040.489	0.900000000000091	trials	122	s122_J210701	grCe_grSu6CiNe	15	135.0	1	3040.789	3041.089
3041.0969999999998	0.900000000000091	trials	122	s122_J210701	grCe_grSu12SmCiNe	13	0.0	1	3041.397	3041.697
3041.7059999999997	0.900000000000091	trials	122	s122_J210701	grCe_grSu3Ne	5	45.0	1	3042.006	3042.305
3054.8489999999997	0.900000000000091	trials	122	s122_J210701	grCe_grSu3Ne	5	135.0	1	3055.149	3055.449
3059.7999999999997	0.900000000000091	trials	122	s122_J210701	grCe_grSu12Mi	9	315.0	1	3060.1	3060.399
3066.551	0.900000000000091	trials	122	s122_J210701	grSu3Ne	4		1	3066.851	3067.15
3067.1589999999997	0.900000000000091	trials	122	s122_J210701	coCe_grSu6Ne	17	0.0	1	3067.459	3067.759
3067.776	0.900000000000091	trials	122	s122_J210701	grCe_grSu18Fa	11	135.0	1	3068.076	3068.375
3080.5359999999996	0.900000000000091	trials	122	s122_J210701	grCe_grSu1Ne	3	135.0	1	3080.836	3081.135
3085.778	0.900000000000091	trials	122	s122_J210701	grCe_grSu6CiNe	15	270.0	1	3086.078	3086.378
3086.3869999999997	0.900000000000091	trials	122	s122_J210701	coCe_grSu6Ne	17	270.0	1	3086.687	3086.986
3090.3199999999997	0.900000000000091	trials	122	s122_J210701	grCe_grSu6Ne	7	315.0	1	3090.62	3090.92
3090.9289999999996	0.900000000000091	trials	122	s122_J210701	grCe_grSu1Ne	3	225.0	1	3091.229	3091.528
3091.529	0.900000000000091	trials	122	s122_J210701	grCe_grSu12SmCiNe_PS	21	180.0	1	3091.829	3092.128
3096.43	0.900000000000091	trials	122	s122_J210701	grCe_grSu18Fa	11	90.0	1	3096.73	3097.029
3097.038	0.900000000000091	trials	122	s122_J210701	grCe_grSu12SmCiNe	13	180.0	1	3097.338	3097.638
3097.6459999999997	0.900000000000091	trials	122	s122_J210701	grCe_grSu1Ne	3	90.0	1	3097.946	3098.246
3102.6299999999997	0.900000000000091	trials	122	s122_J210701	grSu1Ne	2		1	3102.93	3103.23
3103.23	0.900000000000091	trials	122	s122_J210701	grCe_grSu6CiNe_PS	19	90.0	1	3103.53	3103.83
3103.8309999999997	0.900000000000091	trials	122	s122_J210701	coCe	16	135.0	1	3104.131	3104.43
3108.881	0.900000000000091	trials	122	s122_J210701	coCe	16	270.0	1	3109.181	3109.481
3109.4809999999998	0.900000000000091	trials	122	s122_J210701	grCe_grSu6CiNe_PS	19	45.0	1	3109.781	3110.081
3110.0899999999997	0.900000000000091	trials	122	s122_J210701	grCe_grSu12SmCiNe	13	315.0	1	3110.39	3110.689
3115.14	0.900000000000091	trials	122	s122_J210701	grCe_grSu12SmCiNe	13	90.0	1	3115.44	3115.74
3115.749	0.900000000000091	trials	122	s122_J210701	grCe_grSu1Ne	3	180.0	1	3116.049	3116.348
3120.241	0.900000000000091	trials	122	s122_J210701	grCe_grSu1Ne	3	315.0	1	3120.541	3120.841
3126.433	0.900000000000091	trials	122	s122_J210701	grCe_grSu12Mi	9	270.0	1	3126.733	3127.033
3127.0339999999997	0.900000000000091	trials	122	s122_J210701	grSu6CiNe	14		1	3127.334	3127.633
3131.993	0.900000000000091	trials	122	s122_J210701	grCe_grSu6CiNe_PS	19	270.0	1	3132.293	3132.592
3132.6009999999997	0.900000000000091	trials	122	s122_J210701	grCe_grSu6Ne	7	180.0	1	3132.901	3133.2
3133.209	0.900000000000091	trials	122	s122_J210701	grCe_grSu6CiNe	15	225.0	1	3133.509	3133.809
3138.0099999999998	0.900000000000091	trials	122	s122_J210701	grCe	1	0.0	1	3138.31	3138.609
3138.618	0.900000000000091	trials	122	s122_J210701	coCe_grSu6Ne	17	315.0	1	3138.918	3139.218
3139.218	0.900000000000091	trials	122	s122_J210701	grCe_grSu6CiNe_PS	19	135.0	1	3139.518	3139.818
3144.7279999999996	0.900000000000091	trials	122	s122_J210701	NoStim	0		1	3145.028	3145.327
3150.27	0.900000000000091	trials	122	s122_J210701	grCe_grSu3Ne	5	135.0	5	3150.57	3150.869
3150.8869999999997	0.900000000000091	trials	122	s122_J210701	grCe_grSu18Fa	11	315.0	5	3151.187	3151.486
3151.495	0.900000000000091	trials	122	s122_J210701	grCe_grSu6CiNe	15	135.0	5	3151.795	3152.095
3156.529	0.900000000000091	trials	122	s122_J210701	grCe_grSu12SmCiNe	13	180.0	5	3156.829	3157.129
3160.913	0.900000000000091	trials	122	s122_J210701	grCe_grSu12SmCiNe	13	90.0	5	3161.213	3161.512
3164.497	0.900000000000091	trials	122	s122_J210701	coCe	16	135.0	5	3164.797	3165.096
3165.105	0.900000000000091	trials	122	s122_J210701	grCe_grSu3Ne	5	90.0	5	3165.405	3165.705
3165.705	0.900000000000091	trials	122	s122_J210701	grCe	1	45.0	5	3166.005	3166.305
3170.7889999999998	0.900000000000091	trials	122	s122_J210701	coSu6Ne	20		5	3171.089	3171.389
3171.3979999999997	0.900000000000091	trials	122	s122_J210701	grCe_grSu6CiNe	15	0.0	5	3171.698	3171.997
3172.0139999999997	0.900000000000091	trials	122	s122_J210701	grCe_grSu12SmCiNe	13	225.0	5	3172.314	3172.614
3176.973	0.900000000000091	trials	122	s122_J210701	grCe_grSu1Ne	3	180.0	5	3177.273	3177.573
3177.582	0.900000000000091	trials	122	s122_J210701	coCe_grSu6Ne	17	0.0	5	3177.882	3178.181
3178.182	0.900000000000091	trials	122	s122_J210701	grCe_grSu6CiNe_PS	19	180.0	5	3178.482	3178.781
3183.124	0.900000000000091	trials	122	s122_J210701	grCe_grSu12SmCiNe_PS	21	225.0	5	3183.424	3183.724
3189.683	0.900000000000091	trials	122	s122_J210701	coCe	16	90.0	5	3189.983	3190.283
3190.3579999999997	0.900000000000091	trials	122	s122_J210701	grCe_grSu6CiNe_PS	19	90.0	5	3190.658	3190.958
3191.1169999999997	0.900000000000091	trials	122	s122_J210701	grCe_grSu12SmCiNe	13	45.0	5	3191.417	3191.716
3199.268	0.900000000000091	trials	122	s122_J210701	grCe_grSu12Mi	9	45.0	5	3199.568	3199.867
3203.4519999999998	0.900000000000091	trials	122	s122_J210701	grCe_grSu3Ne	5	225.0	5	3203.752	3204.051
3204.06	0.900000000000091	trials	122	s122_J210701	grCe_grSu12Mi	9	180.0	5	3204.36	3204.66
3204.66	0.900000000000091	trials	122	s122_J210701	grCe_grSu6Ne_PS	18	180.0	5	3204.96	3205.26
3209.553	0.900000000000091	trials	122	s122_J210701	grCe_grSu18Fa	11	180.0	5	3209.853	3210.152
3210.1609999999996	0.900000000000091	trials	122	s122_J210701	grCe_grSu6Ne	7	180.0	5	3210.461	3210.761
3210.769	0.900000000000091	trials	122	s122_J210701	grCe_grSu12Mi	9	135.0	5	3211.069	3211.369
3215.7529999999997	0.900000000000091	trials	122	s122_J210701	coCe_grSu6Ne	17	180.0	5	3216.053	3216.353
3216.3529999999996	0.900000000000091	trials	122	s122_J210701	grCe_grSu6Ne_PS	18	270.0	5	3216.653	3216.953
3216.9539999999997	0.900000000000091	trials	122	s122_J210701	grCe	1	270.0	5	3217.254	3217.553
3222.5539999999996	0.900000000000091	trials	122	s122_J210701	grCe_grSu6Ne	7	90.0	5	3222.854	3223.154
3223.171	0.900000000000091	trials	122	s122_J210701	grCe_grSu18Fa	11	270.0	5	3223.471	3223.771
3228.5629999999996	0.900000000000091	trials	122	s122_J210701	grCe_grSu6Ne_PS	18	225.0	5	3228.863	3229.163
3232.9719999999998	0.900000000000091	trials	122	s122_J210701	grCe_grSu1Ne	3	270.0	5	3233.272	3233.572
3233.5809999999997	0.900000000000091	trials	122	s122_J210701	grCe_grSu12Mi	9	90.0	5	3233.881	3234.18
3252.008	0.900000000000091	trials	122	s122_J210701	coCe_grSu6Ne	17	225.0	5	3252.308	3252.608
3258.292	0.900000000000091	trials	122	s122_J210701	grCe_grSu18Fa	11	0.0	5	3258.592	3258.892
3258.901	0.900000000000091	trials	122	s122_J210701	grCe_grSu6CiNe	15	315.0	5	3259.201	3259.5
3264.6009999999997	0.900000000000091	trials	122	s122_J210701	grCe_grSu6Ne_PS	18	315.0	5	3264.901	3265.201
3265.21	0.900000000000091	trials	122	s122_J210701	coCe_grSu6Ne	17	90.0	5	3265.51	3265.809
3270.877	0.900000000000091	trials	122	s122_J210701	grCe	1	315.0	5	3271.177	3271.477
3277.953	0.900000000000091	trials	122	s122_J210701	grCe_grSu3Ne	5	180.0	5	3278.253	3278.553
3278.562	0.900000000000091	trials	122	s122_J210701	grCe_grSu12Mi	9	315.0	5	3278.862	3279.161
3284.846	0.900000000000091	trials	122	s122_J210701	coCe	16	45.0	5	3285.146	3285.445
3286.0539999999996	0.900000000000091	trials	122	s122_J210701	grCe_grSu12SmCiNe	13	270.0	5	3286.354	3286.654
3291.263	0.900000000000091	trials	122	s122_J210701	grCe_grSu12Mi	9	225.0	5	3291.563	3291.863
3291.872	0.900000000000091	trials	122	s122_J210701	grSu12Mi	8		5	3292.172	3292.471
3297.5719999999997	0.900000000000091	trials	122	s122_J210701	grCe_grSu6Ne	7	0.0	5	3297.872	3298.172
3298.7729999999997	0.900000000000091	trials	122	s122_J210701	grCe_grSu6CiNe_PS	19	0.0	5	3299.073	3299.372
3307.957	0.900000000000091	trials	122	s122_J210701	grCe_grSu1Ne	3	45.0	5	3308.257	3308.557
3308.557	0.900000000000091	trials	122	s122_J210701	coCe	16	180.0	5	3308.857	3309.157
3313.7239999999997	0.900000000000091	trials	122	s122_J210701	grCe_grSu6CiNe	15	270.0	5	3314.024	3314.324
3314.325	0.900000000000091	trials	122	s122_J210701	grCe_grSu12SmCiNe_PS	21	135.0	5	3314.625	3314.924
3314.941	0.900000000000091	trials	122	s122_J210701	grCe_grSu12SmCiNe_PS	21	90.0	5	3315.241	3315.541
3320.017	0.900000000000091	trials	122	s122_J210701	grCe	1	135.0	5	3320.317	3320.616
3321.2169999999996	0.900000000000091	trials	122	s122_J210701	grCe_grSu12SmCiNe_PS	21	0.0	5	3321.517	3321.817
3326.509	0.900000000000091	trials	122	s122_J210701	coCe	16	0.0	5	3326.809	3327.109
3327.16	0.900000000000091	trials	122	s122_J210701	grCe_grSu12SmCiNe_PS	21	315.0	5	3327.46	3327.759
3327.776	0.900000000000091	trials	122	s122_J210701	grCe_grSu18Fa	11	90.0	5	3328.076	3328.376
3339.769	0.900000000000091	trials	122	s122_J210701	grCe_grSu1Ne	3	90.0	5	3340.069	3340.369
3340.3779999999997	0.900000000000091	trials	122	s122_J210701	grCe_grSu1Ne	3	225.0	5	3340.678	3340.977
3340.9779999999996	0.900000000000091	trials	122	s122_J210701	grSu6CiNe	14		5	3341.278	3341.577
3345.779	0.900000000000091	trials	122	s122_J210701	grCe_grSu6CiNe_PS	19	270.0	5	3346.079	3346.378
3349.9539999999997	0.900000000000091	trials	122	s122_J210701	grSu1Ne	2		5	3350.254	3350.554
3350.571	0.900000000000091	trials	122	s122_J210701	grCe_grSu18Fa	11	225.0	5	3350.871	3351.17
3355.872	0.900000000000091	trials	122	s122_J210701	grSu12SmCiNe	12		5	3356.172	3356.471
3361.047	0.900000000000091	trials	122	s122_J210701	grCe_grSu6Ne_PS	18	45.0	5	3361.347	3361.647
3361.656	0.900000000000091	trials	122	s122_J210701	grCe_grSu6Ne	7	135.0	5	3361.956	3362.255
3362.256	0.900000000000091	trials	122	s122_J210701	grSu6Ne	6		5	3362.556	3362.855
3370.6319999999996	0.900000000000091	trials	122	s122_J210701	grCe	1	0.0	5	3370.932	3371.231
3371.232	0.900000000000091	trials	122	s122_J210701	grCe_grSu6CiNe_PS	19	135.0	5	3371.532	3371.831
3371.8489999999997	0.900000000000091	trials	122	s122_J210701	grCe_grSu18Fa	11	45.0	5	3372.149	3372.448
3377.008	0.900000000000091	trials	122	s122_J210701	grCe	1	90.0	5	3377.308	3377.607
3377.6079999999997	0.900000000000091	trials	122	s122_J210701	grCe	1	180.0	5	3377.908	3378.207
3378.2079999999996	0.900000000000091	trials	122	s122_J210701	grCe_grSu6CiNe_PS	19	315.0	5	3378.508	3378.807
3383.2999999999997	0.900000000000091	trials	122	s122_J210701	grCe_grSu6CiNe_PS	19	45.0	5	3383.6	3383.9
3390.151	0.900000000000091	trials	122	s122_J210701	grCe_grSu3Ne	5	45.0	5	3390.451	3390.751
3390.7509999999997	0.900000000000091	trials	122	s122_J210701	grSu3Ne	4		5	3391.051	3391.351
3391.3599999999997	0.900000000000091	trials	122	s122_J210701	grCe_grSu3Ne	5	315.0	5	3391.66	3391.959
3396.2599999999998	0.900000000000091	trials	122	s122_J210701	grSu18Fa	10		5	3396.56	3396.86
3397.46	0.900000000000091	trials	122	s122_J210701	coCe	16	315.0	5	3397.76	3398.06
3402.4779999999996	0.900000000000091	trials	122	s122_J210701	coCe	16	225.0	5	3402.778	3403.077
3403.703	0.900000000000091	trials	122	s122_J210701	grCe_grSu18Fa	11	135.0	5	3404.003	3404.302
3409.404	0.900000000000091	trials	122	s122_J210701	grCe_grSu6Ne	7	45.0	5	3409.704	3410.003
3410.0119999999997	0.900000000000091	trials	122	s122_J210701	coCe_grSu6Ne	17	315.0	5	3410.312	3410.611
3415.0629999999996	0.900000000000091	trials	122	s122_J210701	grCe_grSu12SmCiNe	13	315.0	5	3415.363	3415.662
3416.3039999999996	0.900000000000091	trials	122	s122_J210701	grCe_grSu6CiNe	15	180.0	5	3416.604	3416.904
3421.43	0.900000000000091	trials	122	s122_J210701	grCe_grSu1Ne	3	0.0	5	3421.73	3422.03
3422.038	0.900000000000091	trials	122	s122_J210701	coCe_grSu6Ne	17	45.0	5	3422.338	3422.638
3427.5809999999997	0.900000000000091	trials	122	s122_J210701	grCe_grSu12SmCiNe	13	0.0	5	3427.881	3428.18
3428.181	0.900000000000091	trials	122	s122_J210701	coCe	16	270.0	5	3428.481	3428.78
3428.781	0.900000000000091	trials	122	s122_J210701	grCe	1	225.0	5	3429.081	3429.381
3437.182	0.900000000000091	trials	122	s122_J210701	grCe_grSu12SmCiNe_PS	21	45.0	5	3437.482	3437.782
3437.7909999999997	0.900000000000091	trials	122	s122_J210701	coCe_grSu6Ne	17	270.0	5	3438.091	3438.39
3438.399	0.900000000000091	trials	122	s122_J210701	grCe_grSu6CiNe	15	225.0	5	3438.699	3438.998
3443.2909999999997	0.900000000000091	trials	122	s122_J210701	grCe_grSu6CiNe	15	90.0	5	3443.591	3443.891
3443.8909999999996	0.900000000000091	trials	122	s122_J210701	grCe_grSu6CiNe_PS	19	225.0	5	3444.191	3444.491
3444.5	0.900000000000091	trials	122	s122_J210701	grCe_grSu1Ne	3	135.0	5	3444.8	3445.099
3450.2999999999997	0.900000000000091	trials	122	s122_J210701	grCe_grSu6CiNe	15	45.0	5	3450.6	3450.9
3450.9089999999997	0.900000000000091	trials	122	s122_J210701	grCe_grSu12SmCiNe	13	135.0	5	3451.209	3451.508
3456.96	0.900000000000091	trials	122	s122_J210701	grCe_grSu12Mi	9	0.0	5	3457.26	3457.559
3457.5679999999998	0.900000000000091	trials	122	s122_J210701	grCe_grSu3Ne	5	270.0	5	3457.868	3458.168
3465.4689999999996	0.900000000000091	trials	122	s122_J210701	grCe_grSu6Ne	7	225.0	5	3465.769	3466.069
3466.078	0.900000000000091	trials	122	s122_J210701	grCe_grSu6Ne	7	315.0	5	3466.378	3466.677
3466.6859999999997	0.900000000000091	trials	122	s122_J210701	grCe_grSu1Ne	3	315.0	5	3466.986	3467.285
3471.6699999999996	0.900000000000091	trials	122	s122_J210701	grCe_grSu6Ne_PS	18	0.0	5	3471.97	3472.269
3472.27	0.900000000000091	trials	122	s122_J210701	grCe_grSu12SmCiNe_PS	21	270.0	5	3472.57	3472.87
3472.87	0.900000000000091	trials	122	s122_J210701	grCe_grSu6Ne_PS	18	90.0	5	3473.17	3473.47
3477.8709999999996	0.900000000000091	trials	122	s122_J210701	grCe_grSu12SmCiNe_PS	21	180.0	5	3478.171	3478.47
3478.479	0.900000000000091	trials	122	s122_J210701	grCe_grSu3Ne	5	0.0	5	3478.779	3479.079
3479.0879999999997	0.900000000000091	trials	122	s122_J210701	coCe_grSu6Ne	17	135.0	5	3479.388	3479.687
3490.6059999999998	0.900000000000091	trials	122	s122_J210701	NoStim	0		5	3490.906	3491.205
3491.239	0.900000000000091	trials	122	s122_J210701	grCe_grSu6Ne	7	270.0	5	3491.539	3491.839
3491.848	0.900000000000091	trials	122	s122_J210701	grCe_grSu12Mi	9	270.0	5	3492.148	3492.447
3496.923	0.900000000000091	trials	122	s122_J210701	grCe_grSu6Ne_PS	18	135.0	5	3497.223	3497.523
