onset	duration	nwb_table	ses_ID	ses_Name	cond_Name	cond_ID	target_rot	rep_num	pdOn	pdOff
26.261	0.9000000000000021	trials	119	s119_J210628	grSu6Ne	6		1	26.561	26.86
32.712	0.8999999999999986	trials	119	s119_J210628	grSu3Ne	4		1	33.012	33.311
33.312000000000005	0.8999999999999986	trials	119	s119_J210628	grCe	1	315.0	1	33.612	33.911
33.92	0.8999999999999986	trials	119	s119_J210628	grCe_grSu6Ne_PS	18	270.0	1	34.22	34.52
42.905	0.8999999999999986	trials	119	s119_J210628	grCe_grSu12SmCiNe_PS	21	315.0	1	43.205	43.504
43.513000000000005	0.8999999999999986	trials	119	s119_J210628	grCe_grSu12SmCiNe_PS	21	0.0	1	43.813	44.113
53.398	0.8999999999999986	trials	119	s119_J210628	grCe_grSu6Ne_PS	18	180.0	1	53.698	53.997
54.006	0.8999999999999986	trials	119	s119_J210628	grSu6CiNe	14		1	54.306	54.606
54.623000000000005	0.8999999999999986	trials	119	s119_J210628	grCe_grSu12Mi	9	0.0	1	54.923	55.222
59.807	0.8999999999999986	trials	119	s119_J210628	grCe_grSu1Ne	3	90.0	1	60.107	60.406
60.415000000000006	0.8999999999999986	trials	119	s119_J210628	grCe_grSu6CiNe_PS	19	270.0	1	60.715	61.015
61.024	0.8999999999999986	trials	119	s119_J210628	grCe_grSu3Ne	5	270.0	1	61.324	61.623
65.99900000000001	0.8999999999999915	trials	119	s119_J210628	grCe	1	225.0	1	66.299	66.599
66.625	0.8999999999999915	trials	119	s119_J210628	grCe_grSu18Fa	11	270.0	1	66.925	67.224
67.233	0.8999999999999915	trials	119	s119_J210628	grCe_grSu6CiNe_PS	19	180.0	1	67.533	67.832
72.117	0.8999999999999915	trials	119	s119_J210628	grCe_grSu3Ne	5	45.0	1	72.417	72.716
72.72500000000001	0.8999999999999915	trials	119	s119_J210628	grCe_grSu6Ne_PS	18	0.0	1	73.025	73.325
73.334	0.8999999999999915	trials	119	s119_J210628	grCe_grSu3Ne	5	135.0	1	73.634	73.933
78.418	0.8999999999999915	trials	119	s119_J210628	grCe_grSu6Ne_PS	18	225.0	1	78.718	79.017
79.043	0.8999999999999915	trials	119	s119_J210628	grCe_grSu12Mi	9	315.0	1	79.343	79.642
79.651	0.8999999999999915	trials	119	s119_J210628	coCe_grSu6Ne	17	270.0	1	79.951	80.251
85.36	0.8999999999999915	trials	119	s119_J210628	grCe_grSu6CiNe_PS	19	0.0	1	85.66	85.96
85.96900000000001	0.8999999999999915	trials	119	s119_J210628	grCe_grSu1Ne	3	270.0	1	86.269	86.568
94.13600000000001	0.8999999999999915	trials	119	s119_J210628	grCe_grSu3Ne	5	180.0	1	94.436	94.736
94.745	0.8999999999999915	trials	119	s119_J210628	grCe_grSu6CiNe_PS	19	45.0	1	95.045	95.344
95.35300000000001	0.8999999999999915	trials	119	s119_J210628	grCe_grSu6Ne	7	135.0	1	95.653	95.953
100.571	0.8999999999999915	trials	119	s119_J210628	grCe_grSu18Fa	11	90.0	1	100.871	101.17
104.921	0.8999999999999915	trials	119	s119_J210628	grCe	1	180.0	1	105.221	105.521
105.53	0.8999999999999915	trials	119	s119_J210628	grCe_grSu6CiNe	15	90.0	1	105.83	106.129
110.697	0.8999999999999915	trials	119	s119_J210628	grCe_grSu6CiNe	15	225.0	1	110.997	111.296
111.297	0.8999999999999915	trials	119	s119_J210628	coCe	16	135.0	1	111.597	111.896
111.905	0.8999999999999915	trials	119	s119_J210628	grCe_grSu12SmCiNe_PS	21	90.0	1	112.205	112.505
117.35600000000001	0.8999999999999915	trials	119	s119_J210628	grCe_grSu12Mi	9	270.0	1	117.656	117.956
117.965	0.8999999999999915	trials	119	s119_J210628	grCe_grSu12SmCiNe	13	225.0	1	118.265	118.564
118.565	0.8999999999999915	trials	119	s119_J210628	grCe	1	135.0	1	118.865	119.164
123.74000000000001	0.8999999999999915	trials	119	s119_J210628	grCe_grSu6CiNe_PS	19	90.0	1	124.04	124.34
124.39	0.8999999999999915	trials	119	s119_J210628	grCe_grSu1Ne	3	180.0	1	124.69	124.99
124.99000000000001	0.8999999999999915	trials	119	s119_J210628	coCe	16	180.0	1	125.29	125.59
130.124	0.9000000000000057	trials	119	s119_J210628	grCe_grSu1Ne	3	45.0	1	130.424	130.724
130.816	0.9000000000000057	trials	119	s119_J210628	coCe_grSu6Ne	17	225.0	1	131.116	131.416
136.409	0.9000000000000057	trials	119	s119_J210628	coCe	16	90.0	1	136.709	137.008
137.017	0.9000000000000057	trials	119	s119_J210628	grCe_grSu6CiNe	15	180.0	1	137.317	137.617
137.625	0.9000000000000057	trials	119	s119_J210628	coCe_grSu6Ne	17	45.0	1	137.925	138.225
142.784	0.9000000000000057	trials	119	s119_J210628	grCe_grSu6CiNe_PS	19	225.0	1	143.084	143.384
144.00099999999998	0.9000000000000057	trials	119	s119_J210628	grSu1Ne	2		1	144.301	144.601
149.01899999999998	0.9000000000000057	trials	119	s119_J210628	grCe_grSu12Mi	9	225.0	1	149.319	149.618
152.744	0.9000000000000057	trials	119	s119_J210628	grCe_grSu6Ne_PS	18	90.0	1	153.044	153.344
153.35199999999998	0.9000000000000057	trials	119	s119_J210628	grCe_grSu6CiNe_PS	19	135.0	1	153.652	153.952
162.39499999999998	0.9000000000000057	trials	119	s119_J210628	grCe_grSu3Ne	5	225.0	1	162.695	162.995
163.012	0.9000000000000057	trials	119	s119_J210628	grCe_grSu12Mi	9	45.0	1	163.312	163.612
176.664	0.9000000000000057	trials	119	s119_J210628	NoStim	0		1	176.964	177.263
180.648	0.9000000000000057	trials	119	s119_J210628	grCe_grSu6Ne	7	315.0	1	180.948	181.247
181.256	0.9000000000000057	trials	119	s119_J210628	grCe_grSu6Ne	7	0.0	1	181.556	181.856
181.881	0.9000000000000057	trials	119	s119_J210628	grCe_grSu6Ne	7	45.0	1	182.181	182.481
187.38199999999998	0.9000000000000057	trials	119	s119_J210628	grCe_grSu12SmCiNe	13	315.0	1	187.682	187.981
187.98999999999998	0.9000000000000057	trials	119	s119_J210628	grCe_grSu6CiNe	15	45.0	1	188.29	188.59
188.599	0.9000000000000057	trials	119	s119_J210628	grCe_grSu1Ne	3	225.0	1	188.899	189.198
194.60799999999998	0.9000000000000057	trials	119	s119_J210628	grCe_grSu12SmCiNe	13	135.0	1	194.908	195.207
195.21599999999998	0.9000000000000057	trials	119	s119_J210628	coCe_grSu6Ne	17	180.0	1	195.516	195.816
233.463	0.9000000000000057	trials	119	s119_J210628	grCe_grSu12SmCiNe	13	45.0	1	233.763	234.062
256.974	0.9000000000000341	trials	119	s119_J210628	grSu18Fa	10		1	257.274	257.574
265.267	0.9000000000000341	trials	119	s119_J210628	grCe_grSu6Ne_PS	18	45.0	1	265.567	265.866
269.009	0.9000000000000341	trials	119	s119_J210628	coCe	16	225.0	1	269.309	269.609
269.626	0.9000000000000341	trials	119	s119_J210628	grCe_grSu1Ne	3	0.0	1	269.926	270.225
270.234	0.9000000000000341	trials	119	s119_J210628	grCe_grSu6CiNe	15	135.0	1	270.534	270.834
279.42699999999996	0.9000000000000341	trials	119	s119_J210628	grCe_grSu18Fa	11	135.0	1	279.727	280.027
280.05199999999996	0.9000000000000341	trials	119	s119_J210628	grCe_grSu18Fa	11	0.0	1	280.352	280.652
280.652	0.9000000000000341	trials	119	s119_J210628	grCe	1	45.0	1	280.952	281.252
286.236	0.9000000000000341	trials	119	s119_J210628	coCe	16	315.0	1	286.536	286.836
290.054	0.9000000000000341	trials	119	s119_J210628	coCe	16	45.0	1	290.354	290.653
290.662	0.9000000000000341	trials	119	s119_J210628	grCe_grSu6Ne_PS	18	315.0	1	290.962	291.261
296.921	0.9000000000000341	trials	119	s119_J210628	grCe_grSu6Ne	7	180.0	1	297.221	297.521
303.114	0.9000000000000341	trials	119	s119_J210628	grCe_grSu6Ne	7	90.0	1	303.414	303.713
303.722	0.9000000000000341	trials	119	s119_J210628	grCe_grSu12SmCiNe	13	0.0	1	304.022	304.321
308.756	0.9000000000000341	trials	119	s119_J210628	grCe_grSu3Ne	5	0.0	1	309.056	309.355
309.364	0.9000000000000341	trials	119	s119_J210628	coSu6Ne	20		1	309.664	309.964
310.006	0.9000000000000341	trials	119	s119_J210628	grCe_grSu6CiNe	15	270.0	1	310.306	310.606
315.073	0.9000000000000341	trials	119	s119_J210628	grCe_grSu12Mi	9	135.0	1	315.373	315.673
315.707	0.9000000000000341	trials	119	s119_J210628	grCe_grSu12SmCiNe	13	270.0	1	316.007	316.306
316.332	0.9000000000000341	trials	119	s119_J210628	grCe_grSu12SmCiNe_PS	21	45.0	1	316.632	316.931
321.33299999999997	0.9000000000000341	trials	119	s119_J210628	grCe_grSu18Fa	11	180.0	1	321.633	321.932
325.358	0.9000000000000341	trials	119	s119_J210628	grCe_grSu6CiNe	15	0.0	1	325.658	325.958
325.967	0.9000000000000341	trials	119	s119_J210628	grSu12SmCiNe	12		1	326.267	326.566
326.592	0.9000000000000341	trials	119	s119_J210628	grCe_grSu18Fa	11	45.0	1	326.892	327.191
332.234	0.9000000000000341	trials	119	s119_J210628	grCe_grSu6CiNe_PS	19	315.0	1	332.534	332.834
332.859	0.9000000000000341	trials	119	s119_J210628	grCe_grSu18Fa	11	315.0	1	333.159	333.459
340.652	0.9000000000000341	trials	119	s119_J210628	grCe_grSu12SmCiNe	13	180.0	1	340.952	341.251
341.28499999999997	0.9000000000000341	trials	119	s119_J210628	grCe_grSu6Ne_PS	18	135.0	1	341.585	341.885
341.92699999999996	0.9000000000000341	trials	119	s119_J210628	coCe	16	270.0	1	342.227	342.526
346.928	0.9000000000000341	trials	119	s119_J210628	grCe	1	270.0	1	347.228	347.527
348.15299999999996	0.9000000000000341	trials	119	s119_J210628	grCe_grSu12SmCiNe_PS	21	225.0	1	348.453	348.752
353.17	0.9000000000000341	trials	119	s119_J210628	grCe_grSu12SmCiNe_PS	21	180.0	1	353.47	353.77
353.812	0.9000000000000341	trials	119	s119_J210628	grCe_grSu12SmCiNe_PS	21	135.0	1	354.112	354.411
354.42	0.9000000000000341	trials	119	s119_J210628	coCe_grSu6Ne	17	135.0	1	354.72	355.02
359.438	0.9000000000000341	trials	119	s119_J210628	grCe_grSu12SmCiNe	13	90.0	1	359.738	360.037
366.29699999999997	0.9000000000000341	trials	119	s119_J210628	grCe_grSu6CiNe	15	315.0	1	366.597	366.896
366.905	0.9000000000000341	trials	119	s119_J210628	coCe_grSu6Ne	17	0.0	1	367.205	367.505
371.914	0.9000000000000341	trials	119	s119_J210628	coCe_grSu6Ne	17	315.0	1	372.214	372.514
372.52299999999997	0.9000000000000341	trials	119	s119_J210628	grCe_grSu1Ne	3	135.0	1	372.823	373.122
373.131	0.9000000000000341	trials	119	s119_J210628	grCe_grSu12SmCiNe_PS	21	270.0	1	373.431	373.73
378.073	0.9000000000000341	trials	119	s119_J210628	grCe_grSu1Ne	3	315.0	1	378.373	378.673
378.682	0.9000000000000341	trials	119	s119_J210628	coCe_grSu6Ne	17	90.0	1	378.982	379.281
379.298	0.9000000000000341	trials	119	s119_J210628	grCe_grSu12Mi	9	90.0	1	379.598	379.898
388.166	0.9000000000000341	trials	119	s119_J210628	grSu12Mi	8		1	388.466	388.766
388.76599999999996	0.9000000000000341	trials	119	s119_J210628	grCe	1	0.0	1	389.066	389.366
397.993	0.9000000000000341	trials	119	s119_J210628	coCe	16	0.0	1	398.293	398.592
398.651	0.9000000000000341	trials	119	s119_J210628	grCe_grSu18Fa	11	225.0	1	398.951	399.25
403.918	0.9000000000000341	trials	119	s119_J210628	grCe	1	90.0	1	404.218	404.518
407.269	0.9000000000000341	trials	119	s119_J210628	grCe_grSu6Ne	7	270.0	1	407.569	407.868
407.88599999999997	0.9000000000000341	trials	119	s119_J210628	grCe_grSu12Mi	9	180.0	1	408.186	408.485
408.49399999999997	0.9000000000000341	trials	119	s119_J210628	grCe_grSu6Ne	7	225.0	1	408.794	409.093
414.253	0.9000000000000341	trials	119	s119_J210628	grCe_grSu3Ne	5	315.0	1	414.553	414.853
414.861	0.9000000000000341	trials	119	s119_J210628	grCe_grSu3Ne	5	90.0	1	415.161	415.461
423.929	0.9000000000000341	trials	119	s119_J210628	grCe_grSu1Ne	3	0.0	7	424.229	424.529
424.57099999999997	0.9000000000000341	trials	119	s119_J210628	grCe_grSu12SmCiNe_PS	21	45.0	7	424.871	425.171
425.179	0.9000000000000341	trials	119	s119_J210628	grCe_grSu3Ne	5	45.0	7	425.479	425.779
430.555	0.9000000000000341	trials	119	s119_J210628	grCe_grSu12SmCiNe_PS	21	135.0	7	430.855	431.155
431.164	0.9000000000000341	trials	119	s119_J210628	grCe_grSu6CiNe_PS	19	90.0	7	431.464	431.763
431.772	0.9000000000000341	trials	119	s119_J210628	coCe_grSu6Ne	17	45.0	7	432.072	432.371
437.06399999999996	0.9000000000000341	trials	119	s119_J210628	coCe_grSu6Ne	17	315.0	7	437.364	437.664
437.681	0.9000000000000341	trials	119	s119_J210628	coCe_grSu6Ne	17	225.0	7	437.981	438.281
438.289	0.9000000000000341	trials	119	s119_J210628	grCe_grSu6CiNe_PS	19	135.0	7	438.589	438.889
450.816	0.9000000000000341	trials	119	s119_J210628	grCe_grSu3Ne	5	270.0	7	451.116	451.416
451.51599999999996	0.9000000000000341	trials	119	s119_J210628	grCe	1	270.0	7	451.816	452.116
452.125	0.9000000000000341	trials	119	s119_J210628	grCe_grSu12SmCiNe_PS	21	180.0	7	452.425	452.724
457.942	0.9000000000000341	trials	119	s119_J210628	grCe_grSu6CiNe	15	315.0	7	458.242	458.542
458.55899999999997	0.9000000000000341	trials	119	s119_J210628	coCe	16	225.0	7	458.859	459.158
466.71	0.9000000000000341	trials	119	s119_J210628	grCe_grSu12SmCiNe_PS	21	315.0	7	467.01	467.309
467.318	0.9000000000000341	trials	119	s119_J210628	grCe_grSu12SmCiNe	13	315.0	7	467.618	467.918
467.935	0.9000000000000341	trials	119	s119_J210628	grCe_grSu12Mi	9	270.0	7	468.235	468.534
473.55199999999996	0.9000000000000341	trials	119	s119_J210628	grCe_grSu12SmCiNe	13	225.0	7	473.852	474.152
474.194	0.9000000000000341	trials	119	s119_J210628	grCe_grSu1Ne	3	270.0	7	474.494	474.794
481.945	0.9000000000000341	trials	119	s119_J210628	grSu6CiNe	14		7	482.245	482.545
485.937	0.9000000000000341	trials	119	s119_J210628	grSu12SmCiNe	12		7	486.237	486.537
486.579	0.9000000000000341	trials	119	s119_J210628	grCe_grSu18Fa	11	0.0	7	486.879	487.179
487.221	0.9000000000000341	trials	119	s119_J210628	grCe_grSu6CiNe_PS	19	315.0	7	487.521	487.82
492.313	0.9000000000000341	trials	119	s119_J210628	grCe_grSu3Ne	5	315.0	7	492.613	492.913
504.348	0.9000000000000341	trials	119	s119_J210628	grCe_grSu6Ne	7	180.0	7	504.648	504.948
505.573	0.9000000000000341	trials	119	s119_J210628	grCe_grSu12Mi	9	180.0	7	505.873	506.173
542.0450000000001	0.8999999999999773	trials	119	s119_J210628	grCe_grSu18Fa	11	225.0	7	542.345	542.644
542.6610000000001	0.8999999999999773	trials	119	s119_J210628	grCe_grSu12Mi	9	0.0	7	542.961	543.261
546.0200000000001	0.8999999999999773	trials	119	s119_J210628	grCe_grSu6CiNe	15	0.0	7	546.32	546.62
547.245	0.8999999999999773	trials	119	s119_J210628	grCe_grSu12Mi	9	90.0	7	547.545	547.845
555.98	0.8999999999999773	trials	119	s119_J210628	grCe_grSu1Ne	3	135.0	7	556.28	556.579
559.522	0.8999999999999773	trials	119	s119_J210628	grCe_grSu6Ne	7	0.0	7	559.822	560.121
560.139	0.8999999999999773	trials	119	s119_J210628	grCe_grSu12Mi	9	135.0	7	560.439	560.738
560.772	0.8999999999999773	trials	119	s119_J210628	grCe_grSu18Fa	11	90.0	7	561.072	561.372
575.932	0.8999999999999773	trials	119	s119_J210628	coSu6Ne	20		7	576.232	576.532
580.1	0.8999999999999773	trials	119	s119_J210628	grCe_grSu12SmCiNe_PS	21	90.0	7	580.4	580.699
580.7	0.8999999999999773	trials	119	s119_J210628	NoStim	0		7	581.0	581.299
581.3330000000001	0.8999999999999773	trials	119	s119_J210628	grSu12Mi	8		7	581.633	581.933
586.4250000000001	0.8999999999999773	trials	119	s119_J210628	grCe_grSu6CiNe	15	135.0	7	586.725	587.025
594.143	0.8999999999999773	trials	119	s119_J210628	grCe	1	225.0	7	594.443	594.743
594.768	0.8999999999999773	trials	119	s119_J210628	grCe_grSu6Ne_PS	18	270.0	7	595.068	595.368
595.3770000000001	0.8999999999999773	trials	119	s119_J210628	grCe_grSu6CiNe_PS	19	180.0	7	595.677	595.976
600.436	0.8999999999999773	trials	119	s119_J210628	grCe_grSu12SmCiNe_PS	21	270.0	7	600.736	601.035
601.0440000000001	0.8999999999999773	trials	119	s119_J210628	coCe_grSu6Ne	17	270.0	7	601.344	601.643
601.644	0.8999999999999773	trials	119	s119_J210628	grCe	1	45.0	7	601.944	602.244
606.8950000000001	0.8999999999999773	trials	119	s119_J210628	grCe_grSu6CiNe_PS	19	45.0	7	607.195	607.494
607.503	0.8999999999999773	trials	119	s119_J210628	grCe_grSu6Ne	7	45.0	7	607.803	608.103
608.1120000000001	0.8999999999999773	trials	119	s119_J210628	grCe_grSu6Ne	7	90.0	7	608.412	608.711
613.446	0.8999999999999773	trials	119	s119_J210628	grCe_grSu6CiNe	15	90.0	7	613.746	614.045
621.788	0.8999999999999773	trials	119	s119_J210628	grCe_grSu6CiNe	15	225.0	7	622.088	622.388
622.397	0.8999999999999773	trials	119	s119_J210628	grCe_grSu12SmCiNe_PS	21	0.0	7	622.697	622.996
626.3810000000001	0.8999999999999773	trials	119	s119_J210628	coCe	16	0.0	7	626.681	626.98
626.989	0.8999999999999773	trials	119	s119_J210628	grCe_grSu3Ne	5	0.0	7	627.289	627.588
627.5970000000001	0.8999999999999773	trials	119	s119_J210628	grCe_grSu6Ne_PS	18	135.0	7	627.897	628.197
633.331	0.8999999999999773	trials	119	s119_J210628	grCe_grSu6Ne_PS	18	0.0	7	633.631	633.931
633.998	0.8999999999999773	trials	119	s119_J210628	grCe_grSu18Fa	11	270.0	7	634.298	634.598
634.6070000000001	0.8999999999999773	trials	119	s119_J210628	grCe_grSu12SmCiNe	13	270.0	7	634.907	635.206
640.582	0.8999999999999773	trials	119	s119_J210628	grCe_grSu1Ne	3	315.0	7	640.882	641.182
644.341	0.8999999999999773	trials	119	s119_J210628	grCe	1	315.0	7	644.641	644.941
648.3000000000001	0.8999999999999773	trials	119	s119_J210628	coCe	16	180.0	7	648.6	648.9
648.908	0.8999999999999773	trials	119	s119_J210628	grCe_grSu6Ne	7	225.0	7	649.208	649.508
649.509	0.8999999999999773	trials	119	s119_J210628	coCe	16	135.0	7	649.809	650.108
662.144	0.8999999999999773	trials	119	s119_J210628	grCe	1	90.0	7	662.444	662.743
663.36	0.8999999999999773	trials	119	s119_J210628	grSu3Ne	4		7	663.66	663.96
700.69	0.8999999999999773	trials	119	s119_J210628	grCe	1	135.0	7	700.99	701.29
701.2990000000001	0.8999999999999773	trials	119	s119_J210628	grCe_grSu12SmCiNe	13	0.0	7	701.599	701.898
701.9150000000001	0.8999999999999773	trials	119	s119_J210628	grCe_grSu12Mi	9	45.0	7	702.215	702.515
707.066	0.8999999999999773	trials	119	s119_J210628	grSu1Ne	2		7	707.366	707.666
707.6740000000001	0.8999999999999773	trials	119	s119_J210628	grCe_grSu12SmCiNe_PS	21	225.0	7	707.974	708.274
713.509	0.8999999999999773	trials	119	s119_J210628	grSu18Fa	10		7	713.809	714.108
714.1170000000001	0.8999999999999773	trials	119	s119_J210628	grCe_grSu6CiNe_PS	19	0.0	7	714.417	714.716
714.759	0.8999999999999773	trials	119	s119_J210628	grCe_grSu6Ne	7	135.0	7	715.059	715.358
719.926	0.8999999999999773	trials	119	s119_J210628	coCe	16	315.0	7	720.226	720.526
720.534	0.8999999999999773	trials	119	s119_J210628	grCe_grSu6Ne_PS	18	180.0	7	720.834	721.134
721.143	0.8999999999999773	trials	119	s119_J210628	grCe_grSu1Ne	3	180.0	7	721.443	721.742
725.927	0.8999999999999773	trials	119	s119_J210628	grCe_grSu12SmCiNe	13	45.0	7	726.227	726.526
729.594	0.8999999999999773	trials	119	s119_J210628	grCe_grSu18Fa	11	45.0	7	729.894	730.193
734.778	0.8999999999999773	trials	119	s119_J210628	grCe_grSu18Fa	11	180.0	7	735.078	735.377
743.1460000000001	0.8999999999999773	trials	119	s119_J210628	grCe_grSu18Fa	11	135.0	7	743.446	743.745
743.7460000000001	0.8999999999999773	trials	119	s119_J210628	coCe	16	270.0	7	744.046	744.345
749.413	0.8999999999999773	trials	119	s119_J210628	grCe	1	0.0	7	749.713	750.013
750.022	0.8999999999999773	trials	119	s119_J210628	grCe_grSu6Ne_PS	18	315.0	7	750.322	750.621
750.63	0.8999999999999773	trials	119	s119_J210628	coCe_grSu6Ne	17	180.0	7	750.93	751.23
756.464	0.8999999999999773	trials	119	s119_J210628	grCe_grSu12SmCiNe	13	135.0	7	756.764	757.064
757.0730000000001	0.8999999999999773	trials	119	s119_J210628	grCe_grSu6Ne	7	270.0	7	757.373	757.672
762.423	0.8999999999999773	trials	119	s119_J210628	grSu6Ne	6		7	762.723	763.023
763.023	0.8999999999999773	trials	119	s119_J210628	coCe	16	45.0	7	763.323	763.623
769.9830000000001	0.8999999999999773	trials	119	s119_J210628	grCe_grSu6Ne_PS	18	225.0	7	770.283	770.582
783.909	0.8999999999999773	trials	119	s119_J210628	grCe_grSu3Ne	5	180.0	7	784.209	784.509
791.994	0.8999999999999773	trials	119	s119_J210628	grCe_grSu12Mi	9	225.0	7	792.294	792.593
792.6020000000001	0.8999999999999773	trials	119	s119_J210628	grCe_grSu6CiNe	15	270.0	7	792.902	793.202
793.211	0.8999999999999773	trials	119	s119_J210628	grCe_grSu6Ne_PS	18	45.0	7	793.511	793.81
841.008	0.8999999999999773	trials	119	s119_J210628	grCe_grSu3Ne	5	135.0	7	841.308	841.608
868.354	0.8999999999999773	trials	119	s119_J210628	coCe_grSu6Ne	17	90.0	7	868.654	868.953
872.1120000000001	0.8999999999999773	trials	119	s119_J210628	grCe_grSu12SmCiNe	13	180.0	7	872.412	872.712
872.721	0.8999999999999773	trials	119	s119_J210628	grCe_grSu12SmCiNe	13	90.0	7	873.021	873.32
873.3290000000001	0.8999999999999773	trials	119	s119_J210628	grCe_grSu3Ne	5	225.0	7	873.629	873.929
882.147	0.8999999999999773	trials	119	s119_J210628	grCe_grSu18Fa	11	315.0	7	882.447	882.747
882.7470000000001	0.8999999999999773	trials	119	s119_J210628	grCe	1	180.0	7	883.047	883.347
883.389	0.8999999999999773	trials	119	s119_J210628	grCe_grSu3Ne	5	90.0	7	883.689	883.988
888.6310000000001	0.8999999999999773	trials	119	s119_J210628	grCe_grSu6Ne	7	315.0	7	888.931	889.231
889.8480000000001	0.8999999999999773	trials	119	s119_J210628	grCe_grSu1Ne	3	225.0	7	890.148	890.448
894.94	0.8999999999999773	trials	119	s119_J210628	grCe_grSu1Ne	3	45.0	7	895.24	895.54
895.5490000000001	0.8999999999999773	trials	119	s119_J210628	grCe_grSu1Ne	3	90.0	7	895.849	896.148
896.157	0.8999999999999773	trials	119	s119_J210628	grCe_grSu6CiNe	15	45.0	7	896.457	896.757
901.183	0.8999999999999773	trials	119	s119_J210628	grCe_grSu6CiNe_PS	19	270.0	7	901.483	901.782
901.783	0.8999999999999773	trials	119	s119_J210628	coCe	16	90.0	7	902.083	902.383
910.701	0.8999999999999773	trials	119	s119_J210628	coCe_grSu6Ne	17	0.0	7	911.001	911.3
915.8770000000001	0.8999999999999773	trials	119	s119_J210628	grCe_grSu6CiNe_PS	19	225.0	7	916.177	916.476
921.027	0.8999999999999773	trials	119	s119_J210628	grCe_grSu6CiNe	15	180.0	7	921.327	921.627
921.6360000000001	0.8999999999999773	trials	119	s119_J210628	coCe_grSu6Ne	17	135.0	7	921.936	922.235
922.2520000000001	0.8999999999999773	trials	119	s119_J210628	grCe_grSu12Mi	9	315.0	7	922.552	922.852
927.361	0.8999999999999773	trials	119	s119_J210628	grCe_grSu6Ne_PS	18	90.0	7	927.661	927.961
928.586	0.8999999999999773	trials	119	s119_J210628	grCe_grSu12Mi	9	225.0	0	928.886	929.186
934.921	0.8999999999999773	trials	119	s119_J210628	grCe_grSu6Ne	7	315.0	0	935.221	935.52
935.529	0.8999999999999773	trials	119	s119_J210628	grCe_grSu6Ne_PS	18	225.0	0	935.829	936.129
936.1370000000001	0.8999999999999773	trials	119	s119_J210628	grCe_grSu6Ne	7	0.0	0	936.437	936.737
948.864	0.8999999999999773	trials	119	s119_J210628	grCe_grSu1Ne	3	45.0	0	949.164	949.464
1015.9150000000001	0.8999999999999773	trials	119	s119_J210628	grCe_grSu6CiNe	15	225.0	0	1016.215	1016.514
1020.865	0.8999999999999773	trials	119	s119_J210628	grCe_grSu3Ne	5	45.0	0	1021.165	1021.465
1022.115	0.8999999999999773	trials	119	s119_J210628	grCe_grSu12SmCiNe_PS	21	45.0	0	1022.415	1022.715
1027.641	0.8999999999998636	trials	119	s119_J210628	coCe_grSu6Ne	17	0.0	0	1027.941	1028.241
1028.249	0.8999999999998636	trials	119	s119_J210628	grCe_grSu6CiNe_PS	19	225.0	0	1028.549	1028.849
1028.891	0.8999999999998636	trials	119	s119_J210628	grCe_grSu3Ne	5	0.0	0	1029.191	1029.491
1034.4170000000001	0.8999999999998636	trials	119	s119_J210628	grCe_grSu12SmCiNe_PS	21	180.0	0	1034.717	1035.016
1035.025	0.8999999999998636	trials	119	s119_J210628	grCe_grSu6CiNe	15	0.0	0	1035.325	1035.625
1035.625	0.8999999999998636	trials	119	s119_J210628	grCe	1	180.0	0	1035.925	1036.225
1041.184	0.8999999999998636	trials	119	s119_J210628	grCe_grSu6CiNe	15	315.0	0	1041.484	1041.784
1042.41	0.8999999999998636	trials	119	s119_J210628	coCe	16	315.0	0	1042.71	1043.009
1047.669	0.8999999999998636	trials	119	s119_J210628	grCe_grSu12Mi	9	315.0	0	1047.969	1048.268
1048.885	0.8999999999998636	trials	119	s119_J210628	grCe_grSu6CiNe	15	180.0	0	1049.185	1049.485
1055.67	0.8999999999998636	trials	119	s119_J210628	grCe_grSu18Fa	11	225.0	0	1055.97	1056.269
1109.618	0.8999999999998636	trials	119	s119_J210628	grCe_grSu18Fa	11	270.0	0	1109.918	1110.218
1110.835	0.8999999999998636	trials	119	s119_J210628	grCe_grSu6Ne	7	45.0	0	1111.135	1111.435
1149.248	0.8999999999998636	trials	119	s119_J210628	NoStim	0		0	1149.548	1149.848
1149.857	0.8999999999998636	trials	119	s119_J210628	grCe_grSu3Ne	5	315.0	0	1150.157	1150.456
1150.474	0.8999999999998636	trials	119	s119_J210628	grSu12Mi	8		0	1150.774	1151.073
1182.886	0.8999999999998636	trials	119	s119_J210628	grCe_grSu12SmCiNe	13	45.0	0	1183.186	1183.486
1186.82	0.8999999999998636	trials	119	s119_J210628	grSu1Ne	2		0	1187.12	1187.42
1187.428	0.8999999999998636	trials	119	s119_J210628	grCe_grSu12SmCiNe_PS	21	0.0	0	1187.728	1188.028
1193.154	0.8999999999998636	trials	119	s119_J210628	grCe_grSu12Mi	9	90.0	0	1193.454	1193.754
1201.722	0.8999999999998636	trials	119	s119_J210628	grCe_grSu6Ne	7	180.0	0	1202.022	1202.321
1202.3300000000002	0.8999999999998636	trials	119	s119_J210628	coCe_grSu6Ne	17	45.0	0	1202.63	1202.93
1202.939	0.8999999999998636	trials	119	s119_J210628	grCe_grSu6Ne_PS	18	90.0	0	1203.239	1203.538
1211.332	0.8999999999998636	trials	119	s119_J210628	coCe	16	90.0	0	1211.632	1211.931
1215.074	0.8999999999998636	trials	119	s119_J210628	coCe_grSu6Ne	17	135.0	0	1215.374	1215.673
1215.69	0.8999999999998636	trials	119	s119_J210628	grCe	1	270.0	0	1215.99	1216.29
1222.3	0.8999999999998636	trials	119	s119_J210628	grCe_grSu12Mi	9	45.0	0	1222.6	1222.899
1226.592	0.8999999999998636	trials	119	s119_J210628	grCe_grSu12SmCiNe_PS	21	270.0	0	1226.892	1227.191
1227.2250000000001	0.8999999999998636	trials	119	s119_J210628	coCe	16	270.0	0	1227.525	1227.825
1227.834	0.8999999999998636	trials	119	s119_J210628	grCe_grSu3Ne	5	180.0	0	1228.134	1228.433
1250.8780000000002	0.8999999999998636	trials	119	s119_J210628	grCe_grSu6Ne_PS	18	270.0	0	1251.178	1251.478
1251.487	0.8999999999998636	trials	119	s119_J210628	grCe_grSu1Ne	3	0.0	0	1251.787	1252.086
1252.095	0.8999999999998636	trials	119	s119_J210628	grCe_grSu6Ne_PS	18	0.0	0	1252.395	1252.695
1257.088	0.8999999999998636	trials	119	s119_J210628	grCe_grSu6Ne_PS	18	180.0	0	1257.388	1257.687
1257.6960000000001	0.8999999999998636	trials	119	s119_J210628	coCe_grSu6Ne	17	225.0	0	1257.996	1258.295
1258.304	0.8999999999998636	trials	119	s119_J210628	grCe_grSu6CiNe_PS	19	90.0	0	1258.604	1258.904
1263.43	0.8999999999998636	trials	119	s119_J210628	grCe_grSu6CiNe_PS	19	315.0	0	1263.73	1264.03
1264.055	0.8999999999998636	trials	119	s119_J210628	grCe_grSu18Fa	11	180.0	0	1264.355	1264.655
1264.663	0.8999999999998636	trials	119	s119_J210628	grCe_grSu3Ne	5	135.0	0	1264.963	1265.263
1293.5510000000002	0.8999999999998636	trials	119	s119_J210628	grCe	1	315.0	0	1293.851	1294.15
1319.496	0.8999999999998636	trials	119	s119_J210628	grCe_grSu3Ne	5	90.0	0	1319.796	1320.095
1320.096	0.8999999999998636	trials	119	s119_J210628	coCe	16	45.0	0	1320.396	1320.695
1320.704	0.8999999999998636	trials	119	s119_J210628	grCe_grSu12SmCiNe	13	180.0	0	1321.004	1321.304
1325.863	0.8999999999998636	trials	119	s119_J210628	grCe_grSu6CiNe	15	45.0	0	1326.163	1326.463
1326.472	0.8999999999998636	trials	119	s119_J210628	grSu3Ne	4		0	1326.772	1327.071
1332.1970000000001	0.8999999999998636	trials	119	s119_J210628	grCe_grSu6CiNe_PS	19	270.0	0	1332.497	1332.797
1332.806	0.8999999999998636	trials	119	s119_J210628	grCe_grSu6CiNe	15	90.0	0	1333.106	1333.405
1333.422	0.8999999999998636	trials	119	s119_J210628	grCe_grSu12Mi	9	180.0	0	1333.722	1334.022
1339.29	0.8999999999998636	trials	119	s119_J210628	grCe_grSu12SmCiNe	13	225.0	0	1339.59	1339.889
1340.507	0.8999999999998636	trials	119	s119_J210628	grCe_grSu6Ne	7	135.0	0	1340.807	1341.106
1345.499	0.8999999999998636	trials	119	s119_J210628	grCe_grSu6CiNe_PS	19	180.0	0	1345.799	1346.098
1346.107	0.8999999999998636	trials	119	s119_J210628	coSu6Ne	20		0	1346.407	1346.707
1376.5030000000002	0.8999999999998636	trials	119	s119_J210628	grCe_grSu18Fa	11	90.0	0	1376.803	1377.103
1377.145	0.8999999999998636	trials	119	s119_J210628	grCe_grSu1Ne	3	315.0	0	1377.445	1377.744
1377.778	0.8999999999998636	trials	119	s119_J210628	grSu6CiNe	14		0	1378.078	1378.378
1446.962	0.8999999999998636	trials	119	s119_J210628	grCe_grSu6Ne	7	270.0	0	1447.262	1447.562
1451.729	0.8999999999998636	trials	119	s119_J210628	coCe_grSu6Ne	17	90.0	0	1452.029	1452.329
1494.1770000000001	0.8999999999998636	trials	119	s119_J210628	grCe_grSu12Mi	9	270.0	0	1494.477	1494.776
1494.777	0.8999999999998636	trials	119	s119_J210628	coCe	16	225.0	0	1495.077	1495.376
1495.385	0.8999999999998636	trials	119	s119_J210628	grCe_grSu6Ne_PS	18	135.0	0	1495.685	1495.985
1500.252	0.8999999999998636	trials	119	s119_J210628	coCe_grSu6Ne	17	315.0	0	1500.552	1500.852
1511.179	0.8999999999998636	trials	119	s119_J210628	grCe_grSu12SmCiNe	13	90.0	0	1511.479	1511.778
1511.796	0.8999999999998636	trials	119	s119_J210628	grCe_grSu12SmCiNe	13	315.0	0	1512.096	1512.395
1512.404	0.8999999999998636	trials	119	s119_J210628	grCe_grSu12SmCiNe	13	270.0	0	1512.704	1513.004
1517.23	0.8999999999998636	trials	119	s119_J210628	grCe_grSu1Ne	3	135.0	0	1517.53	1517.829
1517.846	0.8999999999998636	trials	119	s119_J210628	grCe_grSu12Mi	9	0.0	0	1518.146	1518.446
1518.4550000000002	0.8999999999998636	trials	119	s119_J210628	grCe_grSu12SmCiNe_PS	21	315.0	0	1518.755	1519.054
1523.605	0.8999999999998636	trials	119	s119_J210628	coCe_grSu6Ne	17	270.0	0	1523.905	1524.205
1527.189	0.8999999999998636	trials	119	s119_J210628	grCe_grSu6Ne	7	225.0	0	1527.489	1527.789
1527.798	0.8999999999998636	trials	119	s119_J210628	grCe_grSu12SmCiNe	13	0.0	0	1528.098	1528.397
1528.4560000000001	0.8999999999998636	trials	119	s119_J210628	grCe_grSu18Fa	11	45.0	0	1528.756	1529.056
1533.598	0.8999999999998636	trials	119	s119_J210628	grCe	1	45.0	0	1533.898	1534.198
1534.832	0.8999999999998636	trials	119	s119_J210628	grCe_grSu18Fa	11	315.0	0	1535.132	1535.431
1540.574	0.8999999999998636	trials	119	s119_J210628	grCe_grSu6Ne_PS	18	45.0	0	1540.874	1541.174
1544.483	0.8999999999998636	trials	119	s119_J210628	grSu18Fa	10		0	1544.783	1545.083
1545.092	0.8999999999998636	trials	119	s119_J210628	grCe_grSu6Ne_PS	18	315.0	0	1545.392	1545.691
1551.509	0.8999999999998636	trials	119	s119_J210628	grCe	1	0.0	0	1551.809	1552.109
1552.1090000000002	0.8999999999998636	trials	119	s119_J210628	coCe	16	135.0	0	1552.409	1552.709
1552.718	0.8999999999998636	trials	119	s119_J210628	grCe_grSu3Ne	5	270.0	0	1553.018	1553.317
1557.493	0.8999999999998636	trials	119	s119_J210628	grCe_grSu6Ne	7	90.0	0	1557.793	1558.093
1558.102	0.8999999999998636	trials	119	s119_J210628	grCe_grSu6CiNe	15	270.0	0	1558.402	1558.701
1558.71	0.8999999999998636	trials	119	s119_J210628	coCe_grSu6Ne	17	180.0	0	1559.01	1559.31
1567.661	0.8999999999998636	trials	119	s119_J210628	grCe_grSu12SmCiNe_PS	21	135.0	0	1567.961	1568.261
1573.362	0.8999999999998636	trials	119	s119_J210628	coCe	16	180.0	0	1573.662	1573.961
1573.987	0.8999999999998636	trials	119	s119_J210628	grCe_grSu18Fa	11	135.0	0	1574.287	1574.587
1574.595	0.8999999999998636	trials	119	s119_J210628	grCe_grSu1Ne	3	225.0	0	1574.895	1575.195
1579.771	0.8999999999998636	trials	119	s119_J210628	grCe_grSu6CiNe_PS	19	0.0	0	1580.071	1580.371
1580.371	0.8999999999998636	trials	119	s119_J210628	grCe	1	90.0	0	1580.671	1580.971
1584.113	0.8999999999998636	trials	119	s119_J210628	grSu12SmCiNe	12		0	1584.413	1584.713
1584.713	0.8999999999998636	trials	119	s119_J210628	coCe	16	0.0	0	1585.013	1585.313
1592.0810000000001	0.8999999999998636	trials	119	s119_J210628	grCe_grSu6CiNe_PS	19	45.0	0	1592.381	1592.681
1592.689	0.8999999999998636	trials	119	s119_J210628	grSu6Ne	6		0	1592.989	1593.289
1597.948	0.8999999999998636	trials	119	s119_J210628	grCe_grSu6CiNe	15	135.0	0	1598.248	1598.548
1598.607	0.8999999999998636	trials	119	s119_J210628	grCe_grSu18Fa	11	0.0	0	1598.907	1599.206
1599.2150000000001	0.8999999999998636	trials	119	s119_J210628	grCe_grSu1Ne	3	180.0	0	1599.515	1599.815
1605.224	0.8999999999998636	trials	119	s119_J210628	grCe_grSu6CiNe_PS	19	135.0	0	1605.524	1605.824
1614.076	0.8999999999998636	trials	119	s119_J210628	grCe_grSu12Mi	9	135.0	0	1614.376	1614.675
1614.684	0.8999999999998636	trials	119	s119_J210628	grCe_grSu3Ne	5	225.0	0	1614.984	1615.283
1615.451	0.8999999999998636	trials	119	s119_J210628	grCe	1	225.0	0	1615.751	1616.05
1621.843	0.8999999999998636	trials	119	s119_J210628	grCe_grSu12SmCiNe	13	135.0	0	1622.143	1622.443
1622.452	0.8999999999998636	trials	119	s119_J210628	grCe_grSu12SmCiNe_PS	21	90.0	0	1622.752	1623.051
1631.895	0.8999999999998636	trials	119	s119_J210628	grCe_grSu12SmCiNe_PS	21	225.0	0	1632.195	1632.494
1632.4950000000001	0.8999999999998636	trials	119	s119_J210628	grCe	1	135.0	0	1632.795	1633.094
1644.154	0.8999999999998636	trials	119	s119_J210628	grCe_grSu1Ne	3	270.0	0	1644.454	1644.754
1644.7630000000001	0.8999999999998636	trials	119	s119_J210628	grCe_grSu1Ne	3	90.0	0	1645.063	1645.362
1645.38	0.8999999999998636	trials	119	s119_J210628	grCe_grSu12Mi	9	315.0	2	1645.68	1645.979
1656.2640000000001	0.8999999999998636	trials	119	s119_J210628	grCe_grSu6CiNe	15	0.0	2	1656.564	1656.864
1660.14	0.8999999999998636	trials	119	s119_J210628	grCe_grSu18Fa	11	225.0	2	1660.44	1660.739
1667.582	0.8999999999998636	trials	119	s119_J210628	grCe_grSu1Ne	3	90.0	2	1667.882	1668.182
1668.183	0.8999999999998636	trials	119	s119_J210628	coCe	16	225.0	2	1668.483	1668.782
1673.6000000000001	0.8999999999998636	trials	119	s119_J210628	coCe_grSu6Ne	17	180.0	2	1673.9	1674.199
1674.208	0.8999999999998636	trials	119	s119_J210628	grCe_grSu6CiNe_PS	19	315.0	2	1674.508	1674.808
1760.895	0.8999999999998636	trials	119	s119_J210628	grCe_grSu6CiNe	15	135.0	2	1761.195	1761.494
1772.3210000000001	0.8999999999998636	trials	119	s119_J210628	grCe_grSu1Ne	3	45.0	2	1772.621	1772.921
1776.0800000000002	0.8999999999998636	trials	119	s119_J210628	grSu12Mi	8		2	1776.38	1776.679
1776.688	0.8999999999998636	trials	119	s119_J210628	grCe_grSu3Ne	5	90.0	2	1776.988	1777.288
1777.288	0.8999999999998636	trials	119	s119_J210628	grCe	1	315.0	2	1777.588	1777.888
1809.384	0.8999999999998636	trials	119	s119_J210628	grCe	1	270.0	2	1809.684	1809.984
1817.644	0.8999999999998636	trials	119	s119_J210628	grSu18Fa	10		2	1817.944	1818.243
1818.269	0.8999999999998636	trials	119	s119_J210628	grCe_grSu18Fa	11	45.0	2	1818.569	1818.868
1823.944	0.8999999999998636	trials	119	s119_J210628	grSu12SmCiNe	12		2	1824.244	1824.544
1835.063	0.8999999999998636	trials	119	s119_J210628	grCe_grSu6CiNe	15	45.0	2	1835.363	1835.662
1849.573	0.8999999999998636	trials	119	s119_J210628	NoStim	0		2	1849.873	1850.172
1858.857	0.8999999999998636	trials	119	s119_J210628	grCe_grSu3Ne	5	225.0	2	1859.157	1859.457
1859.4660000000001	0.8999999999998636	trials	119	s119_J210628	grCe_grSu12SmCiNe	13	315.0	2	1859.766	1860.065
1869.125	0.8999999999998636	trials	119	s119_J210628	grCe_grSu3Ne	5	45.0	2	1869.425	1869.725
1869.7340000000002	0.8999999999998636	trials	119	s119_J210628	grCe_grSu1Ne	3	0.0	2	1870.034	1870.333
1870.342	0.8999999999998636	trials	119	s119_J210628	coSu6Ne	20		2	1870.642	1870.942
1876.068	0.8999999999998636	trials	119	s119_J210628	grCe_grSu12Mi	9	0.0	2	1876.368	1876.667
1876.6760000000002	0.8999999999998636	trials	119	s119_J210628	grCe_grSu6Ne	7	225.0	2	1876.976	1877.276
1883.286	0.8999999999998636	trials	119	s119_J210628	coCe	16	45.0	2	1883.586	1883.885
1883.911	0.8999999999998636	trials	119	s119_J210628	grCe_grSu12SmCiNe	13	270.0	2	1884.211	1884.51
1884.519	0.8999999999998636	trials	119	s119_J210628	grCe_grSu3Ne	5	315.0	2	1884.819	1885.119
1924.049	0.8999999999998636	trials	119	s119_J210628	grCe_grSu12SmCiNe_PS	21	270.0	2	1924.349	1924.649
1924.6580000000001	0.8999999999998636	trials	119	s119_J210628	grCe_grSu12SmCiNe	13	90.0	2	1924.958	1925.257
1925.266	0.8999999999998636	trials	119	s119_J210628	coCe_grSu6Ne	17	90.0	2	1925.566	1925.865
1939.251	0.8999999999998636	trials	119	s119_J210628	coCe	16	270.0	2	1939.551	1939.851
1940.468	0.8999999999998636	trials	119	s119_J210628	grCe_grSu6Ne	7	45.0	2	1940.768	1941.067
1946.169	0.8999999999998636	trials	119	s119_J210628	coCe_grSu6Ne	17	135.0	2	1946.469	1946.768
1946.819	0.8999999999998636	trials	119	s119_J210628	grCe_grSu12SmCiNe	13	225.0	2	1947.119	1947.418
1952.511	0.8999999999998636	trials	119	s119_J210628	grCe_grSu1Ne	3	225.0	2	1952.811	1953.111
1953.1200000000001	0.8999999999998636	trials	119	s119_J210628	grCe_grSu6Ne	7	0.0	2	1953.42	1953.719
1953.728	0.8999999999998636	trials	119	s119_J210628	grCe_grSu6Ne_PS	18	225.0	2	1954.028	1954.328
1967.9470000000001	0.8999999999998636	trials	119	s119_J210628	grCe_grSu6Ne_PS	18	270.0	2	1968.247	1968.546
1971.864	0.8999999999998636	trials	119	s119_J210628	grCe_grSu6Ne_PS	18	180.0	2	1972.164	1972.463
1975.589	0.8999999999998636	trials	119	s119_J210628	grCe_grSu3Ne	5	0.0	2	1975.889	1976.189
1976.2060000000001	0.8999999999998636	trials	119	s119_J210628	grCe_grSu12Mi	9	135.0	2	1976.506	1976.805
1976.814	0.8999999999998636	trials	119	s119_J210628	grCe_grSu12SmCiNe_PS	21	45.0	2	1977.114	1977.414
1982.0230000000001	0.8999999999998636	trials	119	s119_J210628	grCe	1	180.0	2	1982.323	1982.623
1982.6480000000001	0.8999999999998636	trials	119	s119_J210628	grCe_grSu18Fa	11	180.0	2	1982.948	1983.248
1983.2740000000001	0.8999999999998636	trials	119	s119_J210628	grCe_grSu18Fa	11	135.0	2	1983.574	1983.873
1988.199	0.8999999999998636	trials	119	s119_J210628	grCe_grSu6CiNe_PS	19	270.0	2	1988.499	1988.799
1988.808	0.8999999999998636	trials	119	s119_J210628	grCe_grSu12SmCiNe_PS	21	225.0	2	1989.108	1989.407
1989.416	0.8999999999998636	trials	119	s119_J210628	grCe_grSu6CiNe_PS	19	0.0	2	1989.716	1990.015
1994.517	0.8999999999998636	trials	119	s119_J210628	grCe_grSu12SmCiNe_PS	21	0.0	2	1994.817	1995.116
1995.117	0.8999999999998636	trials	119	s119_J210628	grCe	1	90.0	2	1995.417	1995.716
1998.6760000000002	0.8999999999998636	trials	119	s119_J210628	grCe_grSu1Ne	3	315.0	2	1998.976	1999.275
1999.276	0.8999999999998636	trials	119	s119_J210628	coCe	16	0.0	2	1999.576	1999.875
2005.118	0.8999999999998636	trials	119	s119_J210628	coCe_grSu6Ne	17	225.0	2	2005.418	2005.718
2009.027	0.8999999999998636	trials	119	s119_J210628	grCe_grSu12SmCiNe_PS	21	135.0	2	2009.327	2009.626
2015.569	0.8999999999998636	trials	119	s119_J210628	grCe_grSu12SmCiNe_PS	21	180.0	2	2015.869	2016.169
2026.412	0.8999999999998636	trials	119	s119_J210628	coCe	16	315.0	2	2026.712	2027.012
2030.146	0.8999999999998636	trials	119	s119_J210628	grCe_grSu1Ne	3	270.0	2	2030.446	2030.746
2030.755	0.8999999999998636	trials	119	s119_J210628	grCe_grSu12SmCiNe_PS	21	90.0	2	2031.055	2031.354
2031.363	0.8999999999998636	trials	119	s119_J210628	coCe_grSu6Ne	17	45.0	2	2031.663	2031.963
2036.78	0.8999999999998636	trials	119	s119_J210628	grCe_grSu18Fa	11	315.0	2	2037.08	2037.38
2053.8239999999996	0.900000000000091	trials	119	s119_J210628	coCe_grSu6Ne	17	315.0	2	2054.124	2054.424
2054.441	0.900000000000091	trials	119	s119_J210628	grCe_grSu12Mi	9	225.0	2	2054.741	2055.041
2055.049	0.900000000000091	trials	119	s119_J210628	grCe_grSu6CiNe_PS	19	90.0	2	2055.349	2055.649
2068.0679999999998	0.900000000000091	trials	119	s119_J210628	grSu3Ne	4		2	2068.368	2068.667
2068.676	0.900000000000091	trials	119	s119_J210628	grCe_grSu6CiNe_PS	19	135.0	2	2068.976	2069.276
2069.285	0.900000000000091	trials	119	s119_J210628	grCe_grSu6Ne	7	90.0	2	2069.585	2069.884
2074.419	0.900000000000091	trials	119	s119_J210628	grCe_grSu18Fa	11	0.0	2	2074.719	2075.018
2078.794	0.900000000000091	trials	119	s119_J210628	grCe_grSu3Ne	5	180.0	2	2079.094	2079.394
2079.403	0.900000000000091	trials	119	s119_J210628	coCe_grSu6Ne	17	0.0	2	2079.703	2080.002
2086.254	0.900000000000091	trials	119	s119_J210628	grCe_grSu12SmCiNe	13	135.0	2	2086.554	2086.853
2086.8619999999996	0.900000000000091	trials	119	s119_J210628	grCe_grSu6CiNe_PS	19	180.0	2	2087.162	2087.461
2093.8129999999996	0.900000000000091	trials	119	s119_J210628	grCe_grSu1Ne	3	135.0	2	2094.113	2094.412
2095.038	0.900000000000091	trials	119	s119_J210628	grCe_grSu12SmCiNe	13	0.0	2	2095.338	2095.638
2121.9829999999997	0.900000000000091	trials	119	s119_J210628	grCe_grSu6Ne	7	270.0	2	2122.283	2122.583
2126.142	0.900000000000091	trials	119	s119_J210628	grSu1Ne	2		2	2126.442	2126.742
2134.1349999999998	0.900000000000091	trials	119	s119_J210628	grCe_grSu6Ne	7	135.0	2	2134.435	2134.734
2134.743	0.900000000000091	trials	119	s119_J210628	grCe_grSu3Ne	5	270.0	2	2135.043	2135.343
2135.352	0.900000000000091	trials	119	s119_J210628	grCe_grSu6CiNe	15	270.0	2	2135.652	2135.951
2144.011	0.900000000000091	trials	119	s119_J210628	grCe_grSu12Mi	9	180.0	2	2144.311	2144.611
2144.6189999999997	0.900000000000091	trials	119	s119_J210628	grCe_grSu6Ne_PS	18	315.0	2	2144.919	2145.219
2153.087	0.900000000000091	trials	119	s119_J210628	grCe_grSu1Ne	3	180.0	2	2153.387	2153.687
2153.696	0.900000000000091	trials	119	s119_J210628	grCe_grSu6Ne_PS	18	45.0	2	2153.996	2154.295
2154.296	0.900000000000091	trials	119	s119_J210628	coCe	16	180.0	2	2154.596	2154.895
2159.5049999999997	0.900000000000091	trials	119	s119_J210628	grCe_grSu12Mi	9	45.0	2	2159.805	2160.104
2160.113	0.900000000000091	trials	119	s119_J210628	coCe_grSu6Ne	17	270.0	2	2160.413	2160.713
2160.7219999999998	0.900000000000091	trials	119	s119_J210628	grCe_grSu6CiNe_PS	19	45.0	2	2161.022	2161.321
2165.897	0.900000000000091	trials	119	s119_J210628	grCe_grSu12SmCiNe	13	45.0	2	2166.197	2166.497
2166.689	0.900000000000091	trials	119	s119_J210628	grCe_grSu6CiNe_PS	19	225.0	2	2166.989	2167.289
2167.297	0.900000000000091	trials	119	s119_J210628	grCe_grSu6CiNe	15	315.0	2	2167.597	2167.897
2176.557	0.900000000000091	trials	119	s119_J210628	grCe_grSu6CiNe	15	180.0	2	2176.857	2177.156
2177.165	0.900000000000091	trials	119	s119_J210628	grCe_grSu6Ne	7	180.0	2	2177.465	2177.765
2177.79	0.900000000000091	trials	119	s119_J210628	grCe_grSu18Fa	11	270.0	2	2178.09	2178.39
2182.941	0.900000000000091	trials	119	s119_J210628	grCe_grSu6CiNe	15	90.0	2	2183.241	2183.541
2183.575	0.900000000000091	trials	119	s119_J210628	grCe	1	45.0	2	2183.875	2184.174
2184.2	0.900000000000091	trials	119	s119_J210628	grCe_grSu18Fa	11	90.0	2	2184.5	2184.799
2193.3509999999997	0.900000000000091	trials	119	s119_J210628	grCe_grSu6Ne_PS	18	135.0	2	2193.651	2193.95
2193.959	0.900000000000091	trials	119	s119_J210628	grCe_grSu3Ne	5	135.0	2	2194.259	2194.559
2197.993	0.900000000000091	trials	119	s119_J210628	grCe_grSu12Mi	9	90.0	2	2198.293	2198.593
2202.102	0.900000000000091	trials	119	s119_J210628	grCe_grSu12SmCiNe	13	180.0	2	2202.402	2202.701
2202.71	0.900000000000091	trials	119	s119_J210628	grCe_grSu12SmCiNe_PS	21	315.0	2	2203.01	2203.31
2208.886	0.900000000000091	trials	119	s119_J210628	grCe_grSu6Ne_PS	18	0.0	2	2209.186	2209.486
2209.486	0.900000000000091	trials	119	s119_J210628	grCe	1	135.0	2	2209.786	2210.086
2210.086	0.900000000000091	trials	119	s119_J210628	grCe	1	225.0	2	2210.386	2210.686
2216.5539999999996	0.900000000000091	trials	119	s119_J210628	grSu6CiNe	14		2	2216.854	2217.153
2217.162	0.900000000000091	trials	119	s119_J210628	grCe_grSu6CiNe	15	225.0	2	2217.462	2217.762
2223.805	0.900000000000091	trials	119	s119_J210628	grCe_grSu6Ne	7	315.0	2	2224.105	2224.404
2224.413	0.900000000000091	trials	119	s119_J210628	grCe_grSu6Ne_PS	18	90.0	2	2224.713	2225.013
2229.906	0.900000000000091	trials	119	s119_J210628	grCe	1	0.0	2	2230.206	2230.505
2233.531	0.900000000000091	trials	119	s119_J210628	coCe	16	90.0	2	2233.831	2234.131
2234.1479999999997	0.900000000000091	trials	119	s119_J210628	grCe_grSu12Mi	9	270.0	2	2234.448	2234.747
2234.756	0.900000000000091	trials	119	s119_J210628	grSu6Ne	6		2	2235.056	2235.356
2239.832	0.900000000000091	trials	119	s119_J210628	coCe	16	135.0	2	2240.132	2240.431
2244.941	0.900000000000091	trials	119	s119_J210628	grCe_grSu12Mi	9	135.0	9	2245.241	2245.54
2245.5409999999997	0.900000000000091	trials	119	s119_J210628	grCe	1	180.0	9	2245.841	2246.14
2251.0	0.900000000000091	trials	119	s119_J210628	coCe	16	180.0	9	2251.3	2251.599
2251.6169999999997	0.900000000000091	trials	119	s119_J210628	grCe_grSu12Mi	9	45.0	9	2251.917	2252.216
2252.225	0.900000000000091	trials	119	s119_J210628	coCe_grSu6Ne	17	315.0	9	2252.525	2252.825
2257.326	0.900000000000091	trials	119	s119_J210628	grCe_grSu12SmCiNe	13	315.0	9	2257.626	2257.925
2257.951	0.900000000000091	trials	119	s119_J210628	grCe_grSu18Fa	11	225.0	9	2258.251	2258.55
2258.5589999999997	0.900000000000091	trials	119	s119_J210628	grCe_grSu6Ne_PS	18	270.0	9	2258.859	2259.159
2264.027	0.900000000000091	trials	119	s119_J210628	grCe_grSu6Ne_PS	18	225.0	9	2264.327	2264.626
2267.5099999999998	0.900000000000091	trials	119	s119_J210628	grCe_grSu12SmCiNe_PS	21	135.0	9	2267.81	2268.11
2271.0609999999997	0.900000000000091	trials	119	s119_J210628	grCe_grSu12SmCiNe	13	270.0	9	2271.361	2271.66
2271.669	0.900000000000091	trials	119	s119_J210628	coCe_grSu6Ne	17	270.0	9	2271.969	2272.269
2272.2859999999996	0.900000000000091	trials	119	s119_J210628	grCe_grSu12Mi	9	315.0	9	2272.586	2272.886
2283.312	0.900000000000091	trials	119	s119_J210628	coCe_grSu6Ne	17	225.0	9	2283.612	2283.912
2287.263	0.900000000000091	trials	119	s119_J210628	grCe_grSu3Ne	5	45.0	9	2287.563	2287.863
2287.8709999999996	0.900000000000091	trials	119	s119_J210628	grCe_grSu6Ne_PS	18	135.0	9	2288.171	2288.471
2288.48	0.900000000000091	trials	119	s119_J210628	grCe_grSu12SmCiNe	13	45.0	9	2288.78	2289.079
2293.739	0.900000000000091	trials	119	s119_J210628	grCe_grSu12Mi	9	270.0	9	2294.039	2294.338
2294.3469999999998	0.900000000000091	trials	119	s119_J210628	grCe_grSu6CiNe_PS	19	90.0	9	2294.647	2294.947
2294.9559999999997	0.900000000000091	trials	119	s119_J210628	grCe_grSu12SmCiNe_PS	21	0.0	9	2295.256	2295.555
2300.1059999999998	0.900000000000091	trials	119	s119_J210628	coCe	16	45.0	9	2300.406	2300.706
2307.1659999999997	0.900000000000091	trials	119	s119_J210628	grCe_grSu6Ne	7	180.0	9	2307.466	2307.765
2312.7749999999996	0.900000000000091	trials	119	s119_J210628	grCe_grSu6Ne_PS	18	45.0	9	2313.075	2313.374
2313.408	0.900000000000091	trials	119	s119_J210628	coCe	16	135.0	9	2313.708	2314.008
2317.017	0.900000000000091	trials	119	s119_J210628	grCe_grSu12Mi	9	0.0	9	2317.317	2317.616
2317.6499999999996	0.900000000000091	trials	119	s119_J210628	grCe_grSu6CiNe_PS	19	270.0	9	2317.95	2318.25
2318.259	0.900000000000091	trials	119	s119_J210628	grCe_grSu6CiNe_PS	19	180.0	9	2318.559	2318.858
2323.1839999999997	0.900000000000091	trials	119	s119_J210628	grCe_grSu6CiNe_PS	19	315.0	9	2323.484	2323.784
2324.401	0.900000000000091	trials	119	s119_J210628	grCe_grSu6CiNe	15	180.0	9	2324.701	2325.001
2330.069	0.900000000000091	trials	119	s119_J210628	grCe_grSu1Ne	3	90.0	9	2330.369	2330.668
2334.377	0.900000000000091	trials	119	s119_J210628	grCe_grSu1Ne	3	270.0	9	2334.677	2334.977
2334.986	0.900000000000091	trials	119	s119_J210628	grCe_grSu12SmCiNe	13	225.0	9	2335.286	2335.585
2339.778	0.900000000000091	trials	119	s119_J210628	grCe_grSu6CiNe	15	135.0	9	2340.078	2340.378
2340.4199999999996	0.900000000000091	trials	119	s119_J210628	grCe	1	270.0	9	2340.72	2341.019
2341.02	0.900000000000091	trials	119	s119_J210628	NoStim	0		9	2341.32	2341.619
2347.1209999999996	0.900000000000091	trials	119	s119_J210628	coCe_grSu6Ne	17	90.0	9	2347.421	2347.72
2364.29	0.900000000000091	trials	119	s119_J210628	grCe_grSu6Ne_PS	18	180.0	9	2364.59	2364.889
2365.5069999999996	0.900000000000091	trials	119	s119_J210628	grCe_grSu6CiNe	15	225.0	9	2365.807	2366.106
2370.5069999999996	0.900000000000091	trials	119	s119_J210628	grCe	1	315.0	9	2370.807	2371.107
2376.7	0.900000000000091	trials	119	s119_J210628	grCe_grSu3Ne	5	270.0	9	2377.0	2377.299
2377.308	0.900000000000091	trials	119	s119_J210628	grCe_grSu12SmCiNe_PS	21	90.0	9	2377.608	2377.908
2385.9759999999997	0.900000000000091	trials	119	s119_J210628	grCe_grSu6CiNe	15	45.0	9	2386.276	2386.575
2386.584	0.900000000000091	trials	119	s119_J210628	grSu1Ne	2		9	2386.884	2387.184
2387.1929999999998	0.900000000000091	trials	119	s119_J210628	grCe_grSu6CiNe_PS	19	45.0	9	2387.493	2387.792
2392.218	0.900000000000091	trials	119	s119_J210628	coCe	16	270.0	9	2392.518	2392.818
2395.9519999999998	0.900000000000091	trials	119	s119_J210628	grCe_grSu6CiNe	15	270.0	9	2396.252	2396.552
2396.5609999999997	0.900000000000091	trials	119	s119_J210628	coCe_grSu6Ne	17	180.0	9	2396.861	2397.16
2397.169	0.900000000000091	trials	119	s119_J210628	grCe_grSu6CiNe	15	90.0	9	2397.469	2397.768
2402.261	0.900000000000091	trials	119	s119_J210628	grCe_grSu12SmCiNe_PS	21	270.0	9	2402.561	2402.861
2403.495	0.900000000000091	trials	119	s119_J210628	grCe_grSu6CiNe	15	315.0	9	2403.795	2404.094
2415.0209999999997	0.900000000000091	trials	119	s119_J210628	grCe_grSu6Ne	7	0.0	9	2415.321	2415.621
2415.6299999999997	0.900000000000091	trials	119	s119_J210628	grCe_grSu12SmCiNe_PS	21	225.0	9	2415.93	2416.229
2416.2459999999996	0.900000000000091	trials	119	s119_J210628	grCe	1	45.0	9	2416.546	2416.846
2421.205	0.900000000000091	trials	119	s119_J210628	grCe_grSu18Fa	11	90.0	9	2421.505	2421.805
2421.814	0.900000000000091	trials	119	s119_J210628	grCe_grSu6Ne	7	225.0	9	2422.114	2422.413
2422.422	0.900000000000091	trials	119	s119_J210628	coSu6Ne	20		9	2422.722	2423.022
2438.841	0.900000000000091	trials	119	s119_J210628	grCe_grSu3Ne	5	135.0	9	2439.141	2439.441
2439.533	0.900000000000091	trials	119	s119_J210628	grCe_grSu6Ne	7	270.0	9	2439.833	2440.132
2444.475	0.900000000000091	trials	119	s119_J210628	grCe_grSu18Fa	11	0.0	9	2444.775	2445.075
2445.084	0.900000000000091	trials	119	s119_J210628	grCe_grSu12SmCiNe_PS	21	180.0	9	2445.384	2445.683
2445.692	0.900000000000091	trials	119	s119_J210628	grCe_grSu12SmCiNe	13	90.0	9	2445.992	2446.291
2454.301	0.900000000000091	trials	119	s119_J210628	grCe	1	90.0	9	2454.601	2454.901
2454.91	0.900000000000091	trials	119	s119_J210628	grCe_grSu12SmCiNe	13	135.0	9	2455.21	2455.509
2455.535	0.900000000000091	trials	119	s119_J210628	grSu6CiNe	14		9	2455.835	2456.134
2460.477	0.900000000000091	trials	119	s119_J210628	coCe_grSu6Ne	17	45.0	9	2460.777	2461.077
2461.694	0.900000000000091	trials	119	s119_J210628	grCe_grSu3Ne	5	315.0	9	2461.994	2462.294
2466.6699999999996	0.900000000000091	trials	119	s119_J210628	grCe_grSu6Ne	7	90.0	9	2466.97	2467.269
2480.6549999999997	0.900000000000091	trials	119	s119_J210628	grCe_grSu18Fa	11	45.0	9	2480.955	2481.254
2481.2799999999997	0.900000000000091	trials	119	s119_J210628	grCe_grSu18Fa	11	135.0	9	2481.58	2481.879
2481.8799999999997	0.900000000000091	trials	119	s119_J210628	grCe	1	135.0	9	2482.18	2482.479
2486.897	0.900000000000091	trials	119	s119_J210628	coCe	16	315.0	9	2487.197	2487.497
2487.506	0.900000000000091	trials	119	s119_J210628	grCe_grSu6CiNe_PS	19	225.0	9	2487.806	2488.105
2488.122	0.900000000000091	trials	119	s119_J210628	grCe_grSu3Ne	5	180.0	9	2488.422	2488.722
2493.115	0.900000000000091	trials	119	s119_J210628	coCe_grSu6Ne	17	135.0	9	2493.415	2493.714
2493.723	0.900000000000091	trials	119	s119_J210628	grSu12SmCiNe	12		9	2494.023	2494.323
2499.432	0.900000000000091	trials	119	s119_J210628	grCe_grSu6Ne	7	135.0	9	2499.732	2500.032
2500.0409999999997	0.900000000000091	trials	119	s119_J210628	grCe_grSu1Ne	3	45.0	9	2500.341	2500.64
2500.6409999999996	0.900000000000091	trials	119	s119_J210628	grCe	1	0.0	9	2500.941	2501.24
2508.7749999999996	0.900000000000091	trials	119	s119_J210628	grCe_grSu6Ne	7	315.0	9	2509.075	2509.375
2509.4089999999997	0.900000000000091	trials	119	s119_J210628	grCe_grSu6CiNe	15	0.0	9	2509.709	2510.008
2510.067	0.900000000000091	trials	119	s119_J210628	grCe_grSu18Fa	11	180.0	9	2510.367	2510.666
2518.585	0.900000000000091	trials	119	s119_J210628	grSu3Ne	4		9	2518.885	2519.184
2524.836	0.900000000000091	trials	119	s119_J210628	coCe	16	90.0	9	2525.136	2525.435
2525.444	0.900000000000091	trials	119	s119_J210628	grCe_grSu12SmCiNe	13	180.0	9	2525.744	2526.043
2530.586	0.900000000000091	trials	119	s119_J210628	coCe	16	0.0	9	2530.886	2531.186
2534.653	0.900000000000091	trials	119	s119_J210628	grCe_grSu12Mi	9	225.0	9	2534.953	2535.253
2535.2619999999997	0.900000000000091	trials	119	s119_J210628	grCe_grSu6CiNe_PS	19	0.0	9	2535.562	2535.861
2540.1789999999996	0.900000000000091	trials	119	s119_J210628	grCe_grSu3Ne	5	225.0	9	2540.479	2540.779
2544.613	0.900000000000091	trials	119	s119_J210628	grCe_grSu12Mi	9	180.0	9	2544.913	2545.213
2545.23	0.900000000000091	trials	119	s119_J210628	grSu12Mi	8		9	2545.53	2545.829
2545.8379999999997	0.900000000000091	trials	119	s119_J210628	grCe_grSu1Ne	3	180.0	9	2546.138	2546.438
2554.339	0.900000000000091	trials	119	s119_J210628	grCe_grSu12SmCiNe_PS	21	45.0	9	2554.639	2554.939
2560.9739999999997	0.900000000000091	trials	119	s119_J210628	grCe_grSu18Fa	11	270.0	9	2561.274	2561.573
2561.582	0.900000000000091	trials	119	s119_J210628	grCe_grSu6Ne_PS	18	90.0	9	2561.882	2562.181
2562.207	0.900000000000091	trials	119	s119_J210628	grCe	1	225.0	9	2562.507	2562.807
2568.183	0.900000000000091	trials	119	s119_J210628	grCe_grSu3Ne	5	90.0	9	2568.483	2568.782
2572.075	0.900000000000091	trials	119	s119_J210628	grCe_grSu1Ne	3	0.0	9	2572.375	2572.675
2572.7	0.900000000000091	trials	119	s119_J210628	grCe_grSu18Fa	11	315.0	9	2573.0	2573.3
2573.2999999999997	0.900000000000091	trials	119	s119_J210628	coCe	16	225.0	9	2573.6	2573.9
2581.6609999999996	0.900000000000091	trials	119	s119_J210628	grCe_grSu6Ne	7	45.0	9	2581.961	2582.26
2582.269	0.900000000000091	trials	119	s119_J210628	grCe_grSu6CiNe_PS	19	135.0	9	2582.569	2582.869
2582.877	0.900000000000091	trials	119	s119_J210628	grCe_grSu12SmCiNe	13	0.0	9	2583.177	2583.477
2594.596	0.900000000000091	trials	119	s119_J210628	grCe_grSu6Ne_PS	18	0.0	9	2594.896	2595.195
2595.221	0.900000000000091	trials	119	s119_J210628	grSu18Fa	10		9	2595.521	2595.82
2595.8289999999997	0.900000000000091	trials	119	s119_J210628	grCe_grSu1Ne	3	135.0	9	2596.129	2596.429
2600.855	0.900000000000091	trials	119	s119_J210628	grCe_grSu1Ne	3	225.0	9	2601.155	2601.454
2601.4629999999997	0.900000000000091	trials	119	s119_J210628	grCe_grSu1Ne	3	315.0	9	2601.763	2602.063
2602.0719999999997	0.900000000000091	trials	119	s119_J210628	grCe_grSu12SmCiNe_PS	21	315.0	9	2602.372	2602.671
2607.7059999999997	0.900000000000091	trials	119	s119_J210628	grCe_grSu12Mi	9	90.0	9	2608.006	2608.305
2608.314	0.900000000000091	trials	119	s119_J210628	grSu6Ne	6		9	2608.614	2608.914
2613.265	0.900000000000091	trials	119	s119_J210628	grCe_grSu3Ne	5	0.0	9	2613.565	2613.864
2613.8729999999996	0.900000000000091	trials	119	s119_J210628	grCe_grSu6Ne_PS	18	315.0	9	2614.173	2614.473
2614.482	0.900000000000091	trials	119	s119_J210628	coCe_grSu6Ne	17	0.0	9	2614.782	2615.081
2626.6659999999997	0.900000000000091	trials	119	s119_J210628	coCe	16	270.0	8	2626.966	2627.266
2627.292	0.900000000000091	trials	119	s119_J210628	coCe_grSu6Ne	17	135.0	8	2627.592	2627.891
2632.334	0.900000000000091	trials	119	s119_J210628	grCe	1	135.0	8	2632.634	2632.933
2633.542	0.900000000000091	trials	119	s119_J210628	grCe	1	45.0	8	2633.842	2634.142
2638.551	0.900000000000091	trials	119	s119_J210628	grCe_grSu12SmCiNe	13	315.0	8	2638.851	2639.151
2639.151	0.900000000000091	trials	119	s119_J210628	NoStim	0		8	2639.451	2639.751
2639.7509999999997	0.900000000000091	trials	119	s119_J210628	grCe	1	315.0	8	2640.051	2640.351
2644.8599999999997	0.900000000000091	trials	119	s119_J210628	grCe_grSu18Fa	11	90.0	8	2645.16	2645.46
2645.4689999999996	0.900000000000091	trials	119	s119_J210628	coCe_grSu6Ne	17	0.0	8	2645.769	2646.068
2646.0769999999998	0.900000000000091	trials	119	s119_J210628	grCe_grSu12SmCiNe	13	0.0	8	2646.377	2646.677
2651.178	0.900000000000091	trials	119	s119_J210628	grCe_grSu3Ne	5	315.0	8	2651.478	2651.777
2651.7859999999996	0.900000000000091	trials	119	s119_J210628	grCe_grSu6CiNe_PS	19	270.0	8	2652.086	2652.386
2652.395	0.900000000000091	trials	119	s119_J210628	grCe_grSu6Ne_PS	18	315.0	8	2652.695	2652.994
2657.3619999999996	0.900000000000091	trials	119	s119_J210628	grCe_grSu18Fa	11	45.0	8	2657.662	2657.962
2657.962	0.900000000000091	trials	119	s119_J210628	coCe	16	0.0	8	2658.262	2658.562
2658.571	0.900000000000091	trials	119	s119_J210628	grCe_grSu1Ne	3	0.0	8	2658.871	2659.17
2664.013	0.900000000000091	trials	119	s119_J210628	grCe_grSu6Ne_PS	18	90.0	8	2664.313	2664.612
2664.6299999999997	0.900000000000091	trials	119	s119_J210628	grCe_grSu6Ne_PS	18	270.0	8	2664.93	2665.229
2665.23	0.900000000000091	trials	119	s119_J210628	coCe	16	225.0	8	2665.53	2665.829
2680.7729999999997	0.900000000000091	trials	119	s119_J210628	coCe	16	45.0	8	2681.073	2681.373
2681.3819999999996	0.900000000000091	trials	119	s119_J210628	grCe_grSu1Ne	3	135.0	8	2681.682	2681.981
2686.4579999999996	0.900000000000091	trials	119	s119_J210628	coCe	16	315.0	8	2686.758	2687.057
2687.066	0.900000000000091	trials	119	s119_J210628	grCe_grSu6CiNe_PS	19	315.0	8	2687.366	2687.665
2687.6659999999997	0.900000000000091	trials	119	s119_J210628	grCe	1	225.0	8	2687.966	2688.266
2692.7419999999997	0.900000000000091	trials	119	s119_J210628	grCe_grSu6Ne	7	45.0	8	2693.042	2693.341
2693.9669999999996	0.900000000000091	trials	119	s119_J210628	grCe_grSu12Mi	9	315.0	8	2694.267	2694.566
2698.9669999999996	0.900000000000091	trials	119	s119_J210628	grCe_grSu3Ne	5	0.0	8	2699.267	2699.567
2699.593	0.900000000000091	trials	119	s119_J210628	grCe_grSu18Fa	11	270.0	8	2699.893	2700.192
2700.201	0.900000000000091	trials	119	s119_J210628	grCe_grSu12SmCiNe	13	45.0	8	2700.501	2700.8
2705.852	0.900000000000091	trials	119	s119_J210628	grSu12SmCiNe	12		8	2706.152	2706.451
2706.46	0.900000000000091	trials	119	s119_J210628	grCe_grSu12SmCiNe_PS	21	225.0	8	2706.76	2707.06
2711.961	0.900000000000091	trials	119	s119_J210628	grCe_grSu6Ne_PS	18	225.0	8	2712.261	2712.56
2712.6029999999996	0.900000000000091	trials	119	s119_J210628	grCe_grSu6Ne_PS	18	135.0	8	2712.903	2713.202
2718.6029999999996	0.900000000000091	trials	119	s119_J210628	grCe_grSu6CiNe	15	180.0	8	2718.903	2719.203
2719.203	0.900000000000091	trials	119	s119_J210628	grCe	1	180.0	8	2719.503	2719.803
2719.812	0.900000000000091	trials	119	s119_J210628	grCe_grSu6Ne_PS	18	0.0	8	2720.112	2720.411
2725.513	0.900000000000091	trials	119	s119_J210628	grCe_grSu6CiNe_PS	19	135.0	8	2725.813	2726.112
2726.1209999999996	0.900000000000091	trials	119	s119_J210628	grCe_grSu6CiNe_PS	19	0.0	8	2726.421	2726.721
2740.39	0.900000000000091	trials	119	s119_J210628	grCe_grSu6Ne	7	180.0	8	2740.69	2740.989
2744.415	0.900000000000091	trials	119	s119_J210628	grCe_grSu18Fa	11	135.0	8	2744.715	2745.015
2745.0229999999997	0.900000000000091	trials	119	s119_J210628	grCe_grSu3Ne	5	45.0	8	2745.323	2745.623
2745.6319999999996	0.900000000000091	trials	119	s119_J210628	grSu6CiNe	14		8	2745.932	2746.231
2750.8909999999996	0.900000000000091	trials	119	s119_J210628	grSu12Mi	8		8	2751.191	2751.49
2754.8329999999996	0.900000000000091	trials	119	s119_J210628	grCe_grSu1Ne	3	270.0	8	2755.133	2755.433
2755.475	0.900000000000091	trials	119	s119_J210628	grCe_grSu6CiNe	15	135.0	8	2755.775	2756.074
2756.0829999999996	0.900000000000091	trials	119	s119_J210628	grCe_grSu1Ne	3	90.0	8	2756.383	2756.683
2765.468	0.900000000000091	trials	119	s119_J210628	coCe_grSu6Ne	17	45.0	8	2765.768	2766.067
2772.81	0.900000000000091	trials	119	s119_J210628	grCe_grSu1Ne	3	225.0	8	2773.11	2773.41
2773.4269999999997	0.900000000000091	trials	119	s119_J210628	grCe_grSu12Mi	9	135.0	8	2773.727	2774.027
2774.0359999999996	0.900000000000091	trials	119	s119_J210628	grCe_grSu1Ne	3	45.0	8	2774.336	2774.635
2779.028	0.900000000000091	trials	119	s119_J210628	coCe_grSu6Ne	17	270.0	8	2779.328	2779.627
2779.636	0.900000000000091	trials	119	s119_J210628	coCe_grSu6Ne	17	180.0	8	2779.936	2780.236
2780.236	0.900000000000091	trials	119	s119_J210628	coCe	16	90.0	8	2780.536	2780.836
2786.004	0.900000000000091	trials	119	s119_J210628	grCe_grSu12SmCiNe	13	270.0	8	2786.304	2786.603
2786.629	0.900000000000091	trials	119	s119_J210628	grCe_grSu18Fa	11	315.0	8	2786.929	2787.228
2791.68	0.900000000000091	trials	119	s119_J210628	coCe_grSu6Ne	17	90.0	8	2791.98	2792.279
2792.288	0.900000000000091	trials	119	s119_J210628	grCe_grSu6Ne	7	315.0	8	2792.588	2792.887
2792.8959999999997	0.900000000000091	trials	119	s119_J210628	grCe_grSu6Ne_PS	18	180.0	8	2793.196	2793.496
2798.089	0.900000000000091	trials	119	s119_J210628	grCe_grSu6Ne	7	270.0	8	2798.389	2798.688
2806.098	0.900000000000091	trials	119	s119_J210628	grCe_grSu12SmCiNe	13	180.0	8	2806.398	2806.698
2810.0989999999997	0.900000000000091	trials	119	s119_J210628	grCe_grSu12SmCiNe_PS	21	315.0	8	2810.399	2810.698
2810.707	0.900000000000091	trials	119	s119_J210628	grCe_grSu6Ne	7	225.0	8	2811.007	2811.307
2811.3149999999996	0.900000000000091	trials	119	s119_J210628	grCe_grSu12SmCiNe_PS	21	0.0	8	2811.615	2811.915
2817.475	0.900000000000091	trials	119	s119_J210628	grCe_grSu3Ne	5	90.0	8	2817.775	2818.074
2821.392	0.900000000000091	trials	119	s119_J210628	grCe_grSu6CiNe	15	315.0	8	2821.692	2821.991
2822.0	0.900000000000091	trials	119	s119_J210628	grCe_grSu1Ne	3	180.0	8	2822.3	2822.6
2842.97	0.900000000000091	trials	119	s119_J210628	grCe_grSu6Ne_PS	18	45.0	8	2843.27	2843.569
2851.279	0.900000000000091	trials	119	s119_J210628	grCe_grSu3Ne	5	270.0	8	2851.579	2851.878
2851.904	0.900000000000091	trials	119	s119_J210628	grCe_grSu18Fa	11	0.0	8	2852.204	2852.504
2852.5209999999997	0.900000000000091	trials	119	s119_J210628	grCe_grSu12Mi	9	90.0	8	2852.821	2853.12
2858.172	0.900000000000091	trials	119	s119_J210628	grCe_grSu6CiNe	15	45.0	8	2858.472	2858.771
2866.8559999999998	0.900000000000091	trials	119	s119_J210628	grCe	1	0.0	8	2867.156	2867.455
2867.464	0.900000000000091	trials	119	s119_J210628	grCe_grSu3Ne	5	135.0	8	2867.764	2868.064
2868.0809999999997	0.900000000000091	trials	119	s119_J210628	grCe_grSu12Mi	9	225.0	8	2868.381	2868.681
2873.1569999999997	0.900000000000091	trials	119	s119_J210628	grCe_grSu12SmCiNe_PS	21	45.0	8	2873.457	2873.756
2873.7569999999996	0.900000000000091	trials	119	s119_J210628	grCe	1	90.0	8	2874.057	2874.356
2879.4159999999997	0.900000000000091	trials	119	s119_J210628	grCe_grSu12SmCiNe_PS	21	90.0	8	2879.716	2880.015
2880.6409999999996	0.900000000000091	trials	119	s119_J210628	grCe_grSu12SmCiNe	13	135.0	8	2880.941	2881.241
2886.267	0.900000000000091	trials	119	s119_J210628	grSu6Ne	6		8	2886.567	2886.866
2886.875	0.900000000000091	trials	119	s119_J210628	grCe_grSu6CiNe_PS	19	225.0	8	2887.175	2887.475
2907.886	0.900000000000091	trials	119	s119_J210628	grCe_grSu12SmCiNe	13	90.0	8	2908.186	2908.486
2908.495	0.900000000000091	trials	119	s119_J210628	grCe_grSu6CiNe_PS	19	90.0	8	2908.795	2909.094
2909.111	0.900000000000091	trials	119	s119_J210628	grCe_grSu12Mi	9	270.0	8	2909.411	2909.711
2918.504	0.900000000000091	trials	119	s119_J210628	grCe_grSu12SmCiNe	13	225.0	8	2918.804	2919.104
2919.73	0.900000000000091	trials	119	s119_J210628	grCe_grSu12Mi	9	45.0	8	2920.03	2920.329
2924.7219999999998	0.900000000000091	trials	119	s119_J210628	coSu6Ne	20		8	2925.022	2925.321
2925.33	0.900000000000091	trials	119	s119_J210628	grSu3Ne	4		8	2925.63	2925.93
2931.098	0.900000000000091	trials	119	s119_J210628	grCe_grSu18Fa	11	180.0	8	2931.398	2931.697
2931.7059999999997	0.900000000000091	trials	119	s119_J210628	coCe_grSu6Ne	17	225.0	8	2932.006	2932.306
2932.364	0.900000000000091	trials	119	s119_J210628	grCe_grSu6CiNe	15	270.0	8	2932.664	2932.964
2940.857	0.900000000000091	trials	119	s119_J210628	coCe	16	135.0	8	2941.157	2941.457
2941.466	0.900000000000091	trials	119	s119_J210628	grCe_grSu6Ne	7	0.0	8	2941.766	2942.065
2946.258	0.900000000000091	trials	119	s119_J210628	grSu18Fa	10		8	2946.558	2946.857
2946.875	0.900000000000091	trials	119	s119_J210628	grCe_grSu12Mi	9	0.0	8	2947.175	2947.474
2947.4829999999997	0.900000000000091	trials	119	s119_J210628	grCe_grSu6CiNe_PS	19	45.0	8	2947.783	2948.083
2952.484	0.900000000000091	trials	119	s119_J210628	grCe_grSu6CiNe_PS	19	180.0	8	2952.784	2953.083
2953.0919999999996	0.900000000000091	trials	119	s119_J210628	grCe_grSu6Ne	7	135.0	8	2953.392	2953.692
2953.701	0.900000000000091	trials	119	s119_J210628	grCe_grSu6CiNe	15	225.0	8	2954.001	2954.3
2962.935	0.900000000000091	trials	119	s119_J210628	grCe_grSu3Ne	5	225.0	8	2963.235	2963.535
2963.535	0.900000000000091	trials	119	s119_J210628	grCe	1	270.0	8	2963.835	2964.135
2964.169	0.900000000000091	trials	119	s119_J210628	grCe_grSu12Mi	9	180.0	8	2964.469	2964.768
2969.1279999999997	0.900000000000091	trials	119	s119_J210628	grCe_grSu3Ne	5	180.0	8	2969.428	2969.727
2969.736	0.900000000000091	trials	119	s119_J210628	grCe_grSu12SmCiNe_PS	21	180.0	8	2970.036	2970.336
2970.336	0.900000000000091	trials	119	s119_J210628	coCe	16	180.0	8	2970.636	2970.936
2975.337	0.900000000000091	trials	119	s119_J210628	grCe_grSu6CiNe	15	90.0	8	2975.637	2975.936
2975.953	0.900000000000091	trials	119	s119_J210628	grCe_grSu12SmCiNe_PS	21	270.0	8	2976.253	2976.553
2981.788	0.900000000000091	trials	119	s119_J210628	grSu1Ne	2		8	2982.088	2982.387
2982.413	0.900000000000091	trials	119	s119_J210628	grCe_grSu18Fa	11	225.0	8	2982.713	2983.012
2983.0209999999997	0.900000000000091	trials	119	s119_J210628	grCe_grSu12SmCiNe_PS	21	135.0	8	2983.321	2983.621
2987.9469999999997	0.900000000000091	trials	119	s119_J210628	grCe_grSu6Ne	7	90.0	8	2988.247	2988.546
2988.555	0.900000000000091	trials	119	s119_J210628	grCe_grSu6CiNe	15	0.0	8	2988.855	2989.155
2989.1639999999998	0.900000000000091	trials	119	s119_J210628	coCe_grSu6Ne	17	315.0	8	2989.464	2989.763
2994.131	0.900000000000091	trials	119	s119_J210628	grCe_grSu1Ne	3	315.0	8	2994.431	2994.73
2995.348	0.900000000000091	trials	119	s119_J210628	grCe_grSu6Ne_PS	18	180.0	6	2995.648	2995.947
3000.265	0.900000000000091	trials	119	s119_J210628	grCe_grSu12SmCiNe	13	135.0	6	3000.565	3000.864
3000.8729999999996	0.900000000000091	trials	119	s119_J210628	coCe_grSu6Ne	17	225.0	6	3001.173	3001.473
3005.274	0.900000000000091	trials	119	s119_J210628	grCe_grSu18Fa	11	0.0	6	3005.574	3005.873
3005.8819999999996	0.900000000000091	trials	119	s119_J210628	grCe_grSu6Ne	7	225.0	6	3006.182	3006.482
3010.966	0.900000000000091	trials	119	s119_J210628	grCe_grSu6CiNe_PS	19	0.0	6	3011.266	3011.566
3011.575	0.900000000000091	trials	119	s119_J210628	grCe_grSu1Ne	3	315.0	6	3011.875	3012.174
3012.192	0.900000000000091	trials	119	s119_J210628	grCe_grSu12Mi	9	45.0	6	3012.492	3012.791
3017.067	0.900000000000091	trials	119	s119_J210628	grSu6Ne	6		6	3017.367	3017.667
3017.6839999999997	0.900000000000091	trials	119	s119_J210628	grCe_grSu12Mi	9	270.0	6	3017.984	3018.283
3018.292	0.900000000000091	trials	119	s119_J210628	grCe_grSu1Ne	3	270.0	6	3018.592	3018.892
3023.66	0.900000000000091	trials	119	s119_J210628	grCe_grSu6Ne	7	90.0	6	3023.96	3024.259
3028.152	0.900000000000091	trials	119	s119_J210628	grCe_grSu12Mi	9	90.0	6	3028.452	3028.751
3028.769	0.900000000000091	trials	119	s119_J210628	grCe_grSu12Mi	9	225.0	6	3029.069	3029.368
3029.377	0.900000000000091	trials	119	s119_J210628	coCe_grSu6Ne	17	135.0	6	3029.677	3029.977
3034.336	0.900000000000091	trials	119	s119_J210628	grSu18Fa	10		6	3034.636	3034.936
3035.553	0.900000000000091	trials	119	s119_J210628	grCe_grSu12SmCiNe	13	90.0	6	3035.853	3036.152
3043.7039999999997	0.900000000000091	trials	119	s119_J210628	grCe_grSu12SmCiNe_PS	21	315.0	6	3044.004	3044.303
3044.312	0.900000000000091	trials	119	s119_J210628	coCe_grSu6Ne	17	315.0	6	3044.612	3044.912
3052.7129999999997	0.900000000000091	trials	119	s119_J210628	grCe_grSu6Ne_PS	18	45.0	6	3053.013	3053.313
3053.339	0.900000000000091	trials	119	s119_J210628	grCe_grSu18Fa	11	315.0	6	3053.639	3053.938
3053.9469999999997	0.900000000000091	trials	119	s119_J210628	grCe_grSu6CiNe_PS	19	180.0	6	3054.247	3054.546
3058.989	0.900000000000091	trials	119	s119_J210628	grCe_grSu6CiNe_PS	19	45.0	6	3059.289	3059.589
3062.49	0.900000000000091	trials	119	s119_J210628	grCe_grSu3Ne	5	180.0	6	3062.79	3063.089
3063.098	0.900000000000091	trials	119	s119_J210628	grCe_grSu3Ne	5	90.0	6	3063.398	3063.698
3074.591	0.900000000000091	trials	119	s119_J210628	grCe	1	225.0	6	3074.891	3075.191
3081.951	0.900000000000091	trials	119	s119_J210628	coCe	16	0.0	6	3082.251	3082.55
3082.5589999999997	0.900000000000091	trials	119	s119_J210628	grCe_grSu6CiNe_PS	19	270.0	6	3082.859	3083.159
3083.1839999999997	0.900000000000091	trials	119	s119_J210628	grCe_grSu18Fa	11	45.0	6	3083.484	3083.784
3088.801	0.900000000000091	trials	119	s119_J210628	grCe_grSu6Ne_PS	18	0.0	6	3089.101	3089.401
3098.1189999999997	0.900000000000091	trials	119	s119_J210628	grCe_grSu6Ne_PS	18	225.0	6	3098.419	3098.719
3102.1949999999997	0.900000000000091	trials	119	s119_J210628	grCe_grSu6CiNe	15	0.0	6	3102.495	3102.794
3102.7949999999996	0.900000000000091	trials	119	s119_J210628	grCe	1	315.0	6	3103.095	3103.394
3103.4199999999996	0.900000000000091	trials	119	s119_J210628	grCe_grSu18Fa	11	270.0	6	3103.72	3104.02
3108.4539999999997	0.900000000000091	trials	119	s119_J210628	grCe_grSu12SmCiNe	13	270.0	6	3108.754	3109.054
3109.062	0.900000000000091	trials	119	s119_J210628	grCe_grSu1Ne	3	90.0	6	3109.362	3109.662
3109.671	0.900000000000091	trials	119	s119_J210628	grCe_grSu12SmCiNe_PS	21	45.0	6	3109.971	3110.27
3114.9379999999996	0.900000000000091	trials	119	s119_J210628	coCe_grSu6Ne	17	90.0	6	3115.238	3115.538
3115.547	0.900000000000091	trials	119	s119_J210628	grCe_grSu3Ne	5	225.0	6	3115.847	3116.146
3116.1549999999997	0.900000000000091	trials	119	s119_J210628	grCe_grSu3Ne	5	0.0	6	3116.455	3116.755
3121.114	0.900000000000091	trials	119	s119_J210628	grCe_grSu1Ne	3	45.0	6	3121.414	3121.714
3125.056	0.900000000000091	trials	119	s119_J210628	grSu12SmCiNe	12		6	3125.356	3125.656
3125.673	0.900000000000091	trials	119	s119_J210628	grCe_grSu12Mi	9	0.0	6	3125.973	3126.272
3126.298	0.900000000000091	trials	119	s119_J210628	grCe_grSu18Fa	11	180.0	6	3126.598	3126.898
3131.4069999999997	0.900000000000091	trials	119	s119_J210628	grCe_grSu12Mi	9	315.0	6	3131.707	3132.007
3132.0069999999996	0.900000000000091	trials	119	s119_J210628	grCe	1	45.0	6	3132.307	3132.607
3132.616	0.900000000000091	trials	119	s119_J210628	grSu3Ne	4		6	3132.916	3133.215
3137.433	0.900000000000091	trials	119	s119_J210628	grCe_grSu12SmCiNe	13	0.0	6	3137.733	3138.032
3141.533	0.900000000000091	trials	119	s119_J210628	grCe	1	135.0	6	3141.833	3142.133
3142.142	0.900000000000091	trials	119	s119_J210628	grCe_grSu6CiNe	15	225.0	6	3142.442	3142.741
3147.3419999999996	0.900000000000091	trials	119	s119_J210628	grCe_grSu6CiNe	15	90.0	6	3147.642	3147.942
3148.551	0.900000000000091	trials	119	s119_J210628	coCe	16	315.0	6	3148.851	3149.15
3153.6929999999998	0.900000000000091	trials	119	s119_J210628	grCe_grSu12SmCiNe_PS	21	90.0	6	3153.993	3154.293
3154.91	0.900000000000091	trials	119	s119_J210628	grCe_grSu6CiNe_PS	19	315.0	6	3155.21	3155.51
3163.895	0.900000000000091	trials	119	s119_J210628	coCe	16	225.0	6	3164.195	3164.494
3167.312	0.900000000000091	trials	119	s119_J210628	grCe_grSu3Ne	5	315.0	6	3167.612	3167.911
3167.937	0.900000000000091	trials	119	s119_J210628	grCe_grSu18Fa	11	135.0	6	3168.237	3168.536
3168.5449999999996	0.900000000000091	trials	119	s119_J210628	grCe_grSu6Ne	7	270.0	6	3168.845	3169.145
3173.654	0.900000000000091	trials	119	s119_J210628	coCe_grSu6Ne	17	0.0	6	3173.954	3174.254
3178.096	0.900000000000091	trials	119	s119_J210628	grCe_grSu6Ne_PS	18	315.0	6	3178.396	3178.696
3178.705	0.900000000000091	trials	119	s119_J210628	grSu1Ne	2		6	3179.005	3179.304
3179.3469999999998	0.900000000000091	trials	119	s119_J210628	grCe_grSu6CiNe_PS	19	90.0	6	3179.647	3179.946
3184.272	0.900000000000091	trials	119	s119_J210628	grCe_grSu3Ne	5	135.0	6	3184.572	3184.872
3188.406	0.900000000000091	trials	119	s119_J210628	grCe_grSu6CiNe	15	180.0	6	3188.706	3189.006
3189.006	0.900000000000091	trials	119	s119_J210628	grCe	1	0.0	6	3189.306	3189.606
3189.615	0.900000000000091	trials	119	s119_J210628	coCe_grSu6Ne	17	180.0	6	3189.915	3190.214
3194.74	0.900000000000091	trials	119	s119_J210628	coCe	16	180.0	6	3195.04	3195.34
3195.3399999999997	0.900000000000091	trials	119	s119_J210628	coCe	16	90.0	6	3195.64	3195.94
3195.9489999999996	0.900000000000091	trials	119	s119_J210628	grCe_grSu6CiNe	15	45.0	6	3196.249	3196.548
3201.024	0.900000000000091	trials	119	s119_J210628	grCe_grSu12Mi	9	135.0	6	3201.324	3201.624
3201.633	0.900000000000091	trials	119	s119_J210628	grCe_grSu12SmCiNe_PS	21	135.0	6	3201.933	3202.232
3205.7	0.900000000000091	trials	119	s119_J210628	grCe_grSu6CiNe	15	315.0	6	3206.0	3206.3
3215.801	0.900000000000091	trials	119	s119_J210628	coSu6Ne	20		6	3216.101	3216.401
3225.0939999999996	0.900000000000091	trials	119	s119_J210628	grCe_grSu6Ne_PS	18	270.0	6	3225.394	3225.694
3225.703	0.900000000000091	trials	119	s119_J210628	grCe_grSu1Ne	3	0.0	6	3226.003	3226.302
3226.3109999999997	0.900000000000091	trials	119	s119_J210628	grCe_grSu6CiNe_PS	19	135.0	6	3226.611	3226.911
3234.2949999999996	0.900000000000091	trials	119	s119_J210628	coCe_grSu6Ne	17	45.0	6	3234.595	3234.895
3238.113	0.900000000000091	trials	119	s119_J210628	NoStim	0		6	3238.413	3238.712
3238.721	0.900000000000091	trials	119	s119_J210628	grCe_grSu12SmCiNe	13	225.0	6	3239.021	3239.32
3239.3289999999997	0.900000000000091	trials	119	s119_J210628	grCe_grSu6Ne_PS	18	135.0	6	3239.629	3239.929
3248.506	0.900000000000091	trials	119	s119_J210628	grCe	1	270.0	6	3248.806	3249.105
3249.1389999999997	0.900000000000091	trials	119	s119_J210628	grCe_grSu18Fa	11	90.0	6	3249.439	3249.738
3254.423	0.900000000000091	trials	119	s119_J210628	grCe	1	90.0	6	3254.723	3255.023
3255.031	0.900000000000091	trials	119	s119_J210628	grCe_grSu6Ne	7	180.0	6	3255.331	3255.631
3255.673	0.900000000000091	trials	119	s119_J210628	grCe_grSu3Ne	5	45.0	6	3255.973	3256.273
3267.466	0.900000000000091	trials	119	s119_J210628	grCe_grSu1Ne	3	180.0	6	3267.766	3268.066
3268.683	0.900000000000091	trials	119	s119_J210628	grCe_grSu3Ne	5	270.0	6	3268.983	3269.283
3274.2509999999997	0.900000000000091	trials	119	s119_J210628	grCe_grSu6CiNe	15	135.0	6	3274.551	3274.85
3274.8509999999997	0.900000000000091	trials	119	s119_J210628	grCe	1	180.0	6	3275.151	3275.45
3279.91	0.900000000000091	trials	119	s119_J210628	grCe_grSu12SmCiNe_PS	21	0.0	6	3280.21	3280.509
3280.535	0.900000000000091	trials	119	s119_J210628	grCe_grSu18Fa	11	225.0	6	3280.835	3281.134
3281.143	0.900000000000091	trials	119	s119_J210628	grCe_grSu12SmCiNe_PS	21	180.0	6	3281.443	3281.743
3286.2349999999997	0.900000000000091	trials	119	s119_J210628	grCe_grSu6Ne	7	0.0	6	3286.535	3286.835
3290.2529999999997	0.900000000000091	trials	119	s119_J210628	grCe_grSu12SmCiNe	13	315.0	6	3290.553	3290.852
3296.937	0.900000000000091	trials	119	s119_J210628	grCe_grSu6CiNe	15	270.0	6	3297.237	3297.536
3298.154	0.900000000000091	trials	119	s119_J210628	grCe_grSu12SmCiNe_PS	21	270.0	6	3298.454	3298.753
3303.029	0.900000000000091	trials	119	s119_J210628	coCe	16	45.0	6	3303.329	3303.629
3303.6789999999996	0.900000000000091	trials	119	s119_J210628	grCe_grSu6Ne	7	45.0	6	3303.979	3304.279
3315.681	0.900000000000091	trials	119	s119_J210628	coCe_grSu6Ne	17	270.0	6	3315.981	3316.28
3316.906	0.900000000000091	trials	119	s119_J210628	grCe_grSu12Mi	9	180.0	6	3317.206	3317.506
3321.74	0.900000000000091	trials	119	s119_J210628	grSu6CiNe	14		6	3322.04	3322.34
3322.348	0.900000000000091	trials	119	s119_J210628	grCe_grSu6Ne_PS	18	90.0	6	3322.648	3322.948
3322.999	0.900000000000091	trials	119	s119_J210628	grCe_grSu6CiNe_PS	19	225.0	6	3323.299	3323.598
3331.225	0.900000000000091	trials	119	s119_J210628	grCe_grSu12SmCiNe	13	45.0	6	3331.525	3331.824
3332.6	0.900000000000091	trials	119	s119_J210628	coCe	16	270.0	6	3332.9	3333.199
3344.393	0.900000000000091	trials	119	s119_J210628	grSu12Mi	8		6	3344.693	3344.993
3347.9849999999997	0.900000000000091	trials	119	s119_J210628	grCe_grSu6Ne	7	315.0	6	3348.285	3348.585
3348.5939999999996	0.900000000000091	trials	119	s119_J210628	grCe_grSu1Ne	3	225.0	6	3348.894	3349.193
3349.2599999999998	0.900000000000091	trials	119	s119_J210628	grCe_grSu1Ne	3	135.0	6	3349.56	3349.86
3357.3199999999997	0.900000000000091	trials	119	s119_J210628	coCe	16	135.0	6	3357.62	3357.919
3361.104	0.900000000000091	trials	119	s119_J210628	grCe_grSu12SmCiNe	13	180.0	6	3361.404	3361.703
3361.712	0.900000000000091	trials	119	s119_J210628	grCe_grSu6Ne	7	135.0	6	3362.012	3362.311
3362.3199999999997	0.900000000000091	trials	119	s119_J210628	grCe_grSu12SmCiNe_PS	21	225.0	6	3362.62	3362.92
3367.229	0.900000000000091	trials	119	s119_J210628	coCe_grSu6Ne	17	270.0	4	3367.529	3367.829
3367.8709999999996	0.900000000000091	trials	119	s119_J210628	grCe_grSu6CiNe_PS	19	315.0	4	3368.171	3368.471
3368.479	0.900000000000091	trials	119	s119_J210628	grSu6CiNe	14		4	3368.779	3369.079
3373.522	0.900000000000091	trials	119	s119_J210628	grCe_grSu12SmCiNe_PS	21	90.0	4	3373.822	3374.121
3374.1299999999997	0.900000000000091	trials	119	s119_J210628	grCe_grSu1Ne	3	135.0	4	3374.43	3374.73
3374.739	0.900000000000091	trials	119	s119_J210628	grCe_grSu12SmCiNe	13	45.0	4	3375.039	3375.338
3383.348	0.900000000000091	trials	119	s119_J210628	grCe_grSu18Fa	11	45.0	4	3383.648	3383.948
3387.1989999999996	0.900000000000091	trials	119	s119_J210628	grCe_grSu18Fa	11	180.0	4	3387.499	3387.798
3388.415	0.900000000000091	trials	119	s119_J210628	grCe_grSu12SmCiNe	13	0.0	4	3388.715	3389.015
3393.433	0.900000000000091	trials	119	s119_J210628	coCe_grSu6Ne	17	180.0	4	3393.733	3394.032
3396.8669999999997	0.900000000000091	trials	119	s119_J210628	coCe	16	180.0	4	3397.167	3397.466
3406.5589999999997	0.900000000000091	trials	119	s119_J210628	grCe_grSu6Ne_PS	18	0.0	4	3406.859	3407.159
3413.7599999999998	0.900000000000091	trials	119	s119_J210628	coCe	16	225.0	4	3414.06	3414.36
3417.277	0.900000000000091	trials	119	s119_J210628	grCe_grSu1Ne	3	90.0	4	3417.577	3417.877
3417.886	0.900000000000091	trials	119	s119_J210628	grCe_grSu12SmCiNe	13	90.0	4	3418.186	3418.485
3418.4939999999997	0.900000000000091	trials	119	s119_J210628	grCe_grSu6Ne	7	180.0	4	3418.794	3419.094
3426.645	0.900000000000091	trials	119	s119_J210628	grCe_grSu18Fa	11	225.0	4	3426.945	3427.245
3427.254	0.900000000000091	trials	119	s119_J210628	grCe_grSu3Ne	5	90.0	4	3427.554	3427.853
3427.8709999999996	0.900000000000091	trials	119	s119_J210628	grCe_grSu6CiNe	15	270.0	4	3428.171	3428.47
3448.832	0.900000000000091	trials	119	s119_J210628	grCe_grSu3Ne	5	315.0	4	3449.132	3449.431
3449.4399999999996	0.900000000000091	trials	119	s119_J210628	grCe_grSu6CiNe	15	0.0	4	3449.74	3450.04
3455.116	0.900000000000091	trials	119	s119_J210628	coCe	16	135.0	4	3455.416	3455.715
3455.716	0.900000000000091	trials	119	s119_J210628	NoStim	0		4	3456.016	3456.315
3461.0829999999996	0.900000000000091	trials	119	s119_J210628	coCe	16	270.0	4	3461.383	3461.683
3464.7999999999997	0.900000000000091	trials	119	s119_J210628	grCe_grSu12Mi	9	180.0	4	3465.1	3465.4
3466.017	0.900000000000091	trials	119	s119_J210628	grCe_grSu6CiNe_PS	19	45.0	4	3466.317	3466.617
3471.718	0.900000000000091	trials	119	s119_J210628	grCe_grSu12Mi	9	135.0	4	3472.018	3472.317
3472.326	0.900000000000091	trials	119	s119_J210628	coCe_grSu6Ne	17	315.0	4	3472.626	3472.926
3477.277	0.900000000000091	trials	119	s119_J210628	grCe_grSu6CiNe_PS	19	0.0	4	3477.577	3477.876
3478.4939999999997	0.900000000000091	trials	119	s119_J210628	grCe_grSu1Ne	3	225.0	4	3478.794	3479.093
3486.3529999999996	0.900000000000091	trials	119	s119_J210628	grCe_grSu18Fa	11	315.0	4	3486.653	3486.953
3486.962	0.900000000000091	trials	119	s119_J210628	grCe_grSu12SmCiNe	13	315.0	4	3487.262	3487.561
3487.5699999999997	0.900000000000091	trials	119	s119_J210628	coSu6Ne	20		4	3487.87	3488.169
3495.613	0.900000000000091	trials	119	s119_J210628	grCe_grSu12Mi	9	315.0	4	3495.913	3496.212
3496.221	0.900000000000091	trials	119	s119_J210628	grCe_grSu6CiNe_PS	19	225.0	4	3496.521	3496.821
3496.8379999999997	0.900000000000091	trials	119	s119_J210628	grCe_grSu12Mi	9	90.0	4	3497.138	3497.437
3502.0969999999998	0.900000000000091	trials	119	s119_J210628	grSu12SmCiNe	12		4	3502.397	3502.696
3505.489	0.900000000000091	trials	119	s119_J210628	grCe	1	90.0	4	3505.789	3506.088
3506.131	0.900000000000091	trials	119	s119_J210628	coCe	16	0.0	4	3506.431	3506.73
3506.739	0.900000000000091	trials	119	s119_J210628	grCe_grSu6Ne_PS	18	45.0	4	3507.039	3507.339
3514.957	0.900000000000091	trials	119	s119_J210628	grCe_grSu3Ne	5	0.0	4	3515.257	3515.556
3515.5649999999996	0.900000000000091	trials	119	s119_J210628	grCe_grSu6CiNe	15	225.0	4	3515.865	3516.165
3516.182	0.900000000000091	trials	119	s119_J210628	grCe_grSu3Ne	5	135.0	4	3516.482	3516.782
3524.008	0.900000000000091	trials	119	s119_J210628	grCe_grSu18Fa	11	270.0	4	3524.308	3524.608
3524.616	0.900000000000091	trials	119	s119_J210628	grCe_grSu1Ne	3	270.0	4	3524.916	3525.216
3530.317	0.900000000000091	trials	119	s119_J210628	grSu3Ne	4		4	3530.617	3530.917
3530.9339999999997	0.900000000000091	trials	119	s119_J210628	grCe_grSu6Ne	7	135.0	4	3531.234	3531.533
3531.576	0.900000000000091	trials	119	s119_J210628	coCe_grSu6Ne	17	225.0	4	3531.876	3532.175
3536.66	0.900000000000091	trials	119	s119_J210628	grCe_grSu3Ne	5	270.0	4	3536.96	3537.259
3540.852	0.900000000000091	trials	119	s119_J210628	grCe_grSu1Ne	3	315.0	4	3541.152	3541.451
3544.569	0.900000000000091	trials	119	s119_J210628	grCe_grSu6CiNe	15	135.0	4	3544.869	3545.169
3545.319	0.900000000000091	trials	119	s119_J210628	coCe	16	45.0	4	3545.619	3545.919
3545.928	0.900000000000091	trials	119	s119_J210628	grCe_grSu12SmCiNe_PS	21	315.0	4	3546.228	3546.527
3561.855	0.900000000000091	trials	119	s119_J210628	grCe_grSu6Ne_PS	18	90.0	4	3562.155	3562.454
3576.056	0.900000000000091	trials	119	s119_J210628	grCe	1	315.0	4	3576.356	3576.656
3576.6569999999997	0.900000000000091	trials	119	s119_J210628	coCe	16	90.0	4	3576.957	3577.256
3577.265	0.900000000000091	trials	119	s119_J210628	coCe_grSu6Ne	17	90.0	4	3577.565	3577.864
3588.975	0.900000000000091	trials	119	s119_J210628	grCe_grSu12SmCiNe_PS	21	0.0	4	3589.275	3589.574
3589.5829999999996	0.900000000000091	trials	119	s119_J210628	grCe_grSu6Ne	7	0.0	4	3589.883	3590.183
3594.517	0.900000000000091	trials	119	s119_J210628	grCe	1	135.0	4	3594.817	3595.117
3598.1589999999997	0.900000000000091	trials	119	s119_J210628	grCe_grSu12Mi	9	0.0	4	3598.459	3598.759
3598.768	0.900000000000091	trials	119	s119_J210628	grCe_grSu1Ne	3	0.0	4	3599.068	3599.367
3602.618	0.900000000000091	trials	119	s119_J210628	coCe_grSu6Ne	17	0.0	4	3602.918	3603.218
3609.928	0.900000000000091	trials	119	s119_J210628	grSu18Fa	10		4	3610.228	3610.527
3615.3619999999996	0.900000000000091	trials	119	s119_J210628	grCe_grSu6CiNe_PS	19	180.0	4	3615.662	3615.961
3618.9199999999996	0.900000000000091	trials	119	s119_J210628	grCe_grSu6Ne	7	45.0	4	3619.22	3619.52
3628.872	0.900000000000091	trials	119	s119_J210628	grCe_grSu3Ne	5	225.0	4	3629.172	3629.471
3629.48	0.900000000000091	trials	119	s119_J210628	coCe_grSu6Ne	17	45.0	4	3629.78	3630.08
3630.0879999999997	0.900000000000091	trials	119	s119_J210628	grCe_grSu12SmCiNe_PS	21	180.0	4	3630.388	3630.688
3635.131	0.900000000000091	trials	119	s119_J210628	grCe_grSu12Mi	9	225.0	4	3635.431	3635.73
3635.739	0.900000000000091	trials	119	s119_J210628	grCe_grSu6CiNe_PS	19	135.0	4	3636.039	3636.339
3636.348	0.900000000000091	trials	119	s119_J210628	grCe_grSu6Ne_PS	18	225.0	4	3636.648	3636.947
3644.557	0.900000000000091	trials	119	s119_J210628	grCe_grSu6Ne	7	225.0	4	3644.857	3645.157
3645.165	0.900000000000091	trials	119	s119_J210628	grCe_grSu1Ne	3	180.0	4	3645.465	3645.765
3645.774	0.900000000000091	trials	119	s119_J210628	grCe_grSu12SmCiNe_PS	21	45.0	4	3646.074	3646.373
3650.7329999999997	0.900000000000091	trials	119	s119_J210628	grSu1Ne	2		4	3651.033	3651.332
3654.792	0.900000000000091	trials	119	s119_J210628	coCe_grSu6Ne	17	135.0	4	3655.092	3655.391
3658.4669999999996	0.900000000000091	trials	119	s119_J210628	grCe_grSu3Ne	5	45.0	4	3658.767	3659.067
3659.076	0.900000000000091	trials	119	s119_J210628	grCe_grSu12SmCiNe	13	135.0	4	3659.376	3659.675
3659.6839999999997	0.900000000000091	trials	119	s119_J210628	grCe_grSu12SmCiNe_PS	21	225.0	4	3659.984	3660.284
3665.993	0.900000000000091	trials	119	s119_J210628	grCe_grSu18Fa	11	90.0	4	3666.293	3666.593
3675.6859999999997	0.900000000000091	trials	119	s119_J210628	grSu12Mi	8		4	3675.986	3676.286
3684.3289999999997	0.900000000000091	trials	119	s119_J210628	grCe_grSu6Ne_PS	18	180.0	4	3684.629	3684.928
3684.9289999999996	0.900000000000091	trials	119	s119_J210628	grCe	1	0.0	4	3685.229	3685.528
3685.571	0.900000000000091	trials	119	s119_J210628	grCe_grSu6Ne	7	270.0	4	3685.871	3686.17
3690.48	0.900000000000091	trials	119	s119_J210628	grCe_grSu6Ne_PS	18	315.0	4	3690.78	3691.079
3694.772	0.900000000000091	trials	119	s119_J210628	coCe	16	315.0	4	3695.072	3695.371
3699.798	0.900000000000091	trials	119	s119_J210628	grCe_grSu6Ne	7	315.0	4	3700.098	3700.397
3704.9399999999996	0.900000000000091	trials	119	s119_J210628	grCe_grSu6CiNe_PS	19	90.0	4	3705.24	3705.539
3705.607	0.900000000000091	trials	119	s119_J210628	grCe_grSu18Fa	11	0.0	4	3705.907	3706.206
3706.2149999999997	0.900000000000091	trials	119	s119_J210628	grCe_grSu6CiNe	15	45.0	4	3706.515	3706.815
3711.191	0.900000000000091	trials	119	s119_J210628	grCe_grSu6CiNe_PS	19	270.0	4	3711.491	3711.79
3711.7909999999997	0.900000000000091	trials	119	s119_J210628	grCe	1	45.0	4	3712.091	3712.39
3712.424	0.900000000000091	trials	119	s119_J210628	grCe_grSu6Ne	7	90.0	4	3712.724	3713.024
3727.593	0.900000000000091	trials	119	s119_J210628	grCe	1	270.0	4	3727.893	3728.192
3731.027	0.900000000000091	trials	119	s119_J210628	grCe_grSu12SmCiNe_PS	21	135.0	4	3731.327	3731.626
3731.6349999999998	0.900000000000091	trials	119	s119_J210628	grCe_grSu6CiNe	15	315.0	4	3731.935	3732.235
3732.252	0.900000000000091	trials	119	s119_J210628	grCe	1	225.0	4	3732.552	3732.851
3737.2439999999997	0.900000000000091	trials	119	s119_J210628	grCe_grSu6Ne_PS	18	270.0	4	3737.544	3737.844
3737.8689999999997	0.900000000000091	trials	119	s119_J210628	grCe_grSu18Fa	11	135.0	4	3738.169	3738.469
3738.4779999999996	0.900000000000091	trials	119	s119_J210628	grCe_grSu12SmCiNe	13	225.0	4	3738.778	3739.077
3743.72	0.900000000000091	trials	119	s119_J210628	grCe_grSu6CiNe	15	180.0	4	3744.02	3744.319
3744.328	0.900000000000091	trials	119	s119_J210628	grSu6Ne	6		4	3744.628	3744.928
3744.937	0.900000000000091	trials	119	s119_J210628	grCe_grSu3Ne	5	180.0	4	3745.237	3745.536
3750.0539999999996	0.900000000000091	trials	119	s119_J210628	grCe_grSu6Ne_PS	18	135.0	4	3750.354	3750.654
3750.662	0.900000000000091	trials	119	s119_J210628	grCe_grSu6CiNe	15	90.0	4	3750.962	3751.262
3751.2709999999997	0.900000000000091	trials	119	s119_J210628	grCe_grSu1Ne	3	45.0	4	3751.571	3751.87
3759.48	0.900000000000091	trials	119	s119_J210628	grCe	1	180.0	4	3759.78	3760.08
3760.089	0.900000000000091	trials	119	s119_J210628	grCe_grSu12SmCiNe_PS	21	270.0	4	3760.389	3760.688
3760.797	0.900000000000091	trials	119	s119_J210628	grCe_grSu12SmCiNe	13	180.0	4	3761.097	3761.397
3770.2149999999997	0.900000000000091	trials	119	s119_J210628	grCe_grSu12Mi	9	270.0	4	3770.515	3770.815
3774.366	0.900000000000091	trials	119	s119_J210628	grCe_grSu12SmCiNe	13	270.0	4	3774.666	3774.965
3774.982	0.900000000000091	trials	119	s119_J210628	grCe_grSu12Mi	9	45.0	4	3775.282	3775.582
3781.475	0.900000000000091	trials	119	s119_J210628	grSu6CiNe	14		3	3781.775	3782.074
3785.1	0.900000000000091	trials	119	s119_J210628	grCe_grSu6CiNe	15	90.0	3	3785.4	3785.7
3786.3089999999997	0.900000000000091	trials	119	s119_J210628	grCe	1	225.0	3	3786.609	3786.908
3794.468	0.900000000000091	trials	119	s119_J210628	coCe_grSu6Ne	17	315.0	3	3794.768	3795.068
3795.0679999999998	0.900000000000091	trials	119	s119_J210628	grCe	1	135.0	3	3795.368	3795.668
3795.6769999999997	0.900000000000091	trials	119	s119_J210628	grCe_grSu6Ne	7	315.0	3	3795.977	3796.276
3800.569	0.900000000000091	trials	119	s119_J210628	grCe_grSu18Fa	11	90.0	3	3800.869	3801.168
3801.1859999999997	0.900000000000091	trials	119	s119_J210628	grSu12Mi	8		3	3801.486	3801.785
3801.7859999999996	0.900000000000091	trials	119	s119_J210628	coCe	16	315.0	3	3802.086	3802.385
3806.836	0.900000000000091	trials	119	s119_J210628	grCe_grSu6CiNe_PS	19	225.0	3	3807.136	3807.436
3807.437	0.900000000000091	trials	119	s119_J210628	coCe	16	0.0	3	3807.737	3808.036
3808.0449999999996	0.900000000000091	trials	119	s119_J210628	grCe_grSu6CiNe_PS	19	270.0	3	3808.345	3808.644
3812.8289999999997	0.900000000000091	trials	119	s119_J210628	grCe_grSu12SmCiNe	13	315.0	3	3813.129	3813.428
3813.471	0.900000000000091	trials	119	s119_J210628	grCe_grSu6Ne_PS	18	90.0	3	3813.771	3814.07
3814.071	0.900000000000091	trials	119	s119_J210628	grCe	1	315.0	3	3814.371	3814.67
3822.2549999999997	0.900000000000091	trials	119	s119_J210628	coCe	16	135.0	3	3822.555	3822.855
3822.864	0.900000000000091	trials	119	s119_J210628	grCe_grSu12SmCiNe	13	270.0	3	3823.164	3823.463
3826.647	0.900000000000091	trials	119	s119_J210628	grCe_grSu6CiNe	15	225.0	3	3826.947	3827.247
3830.2479999999996	0.900000000000091	trials	119	s119_J210628	grCe_grSu6Ne	7	45.0	3	3830.548	3830.847
3833.8399999999997	0.900000000000091	trials	119	s119_J210628	grCe_grSu12SmCiNe	13	180.0	3	3834.14	3834.439
3835.073	0.900000000000091	trials	119	s119_J210628	grCe_grSu3Ne	5	270.0	3	3835.373	3835.673
3840.3819999999996	0.900000000000091	trials	119	s119_J210628	grCe_grSu1Ne	3	180.0	3	3840.682	3840.982
3841.624	0.900000000000091	trials	119	s119_J210628	grCe_grSu3Ne	5	90.0	3	3841.924	3842.224
3847.325	0.900000000000091	trials	119	s119_J210628	grCe_grSu3Ne	5	45.0	3	3847.625	3847.925
3847.95	0.900000000000091	trials	119	s119_J210628	grCe_grSu1Ne	3	90.0	3	3848.25	3848.55
3852.9089999999997	0.900000000000091	trials	119	s119_J210628	grCe_grSu1Ne	3	135.0	3	3853.209	3853.509
3853.5429999999997	0.900000000000091	trials	119	s119_J210628	grCe_grSu6Ne_PS	18	45.0	3	3853.843	3854.142
3858.968	0.900000000000091	trials	119	s119_J210628	coCe	16	90.0	3	3859.268	3859.568
3859.5769999999998	0.900000000000091	trials	119	s119_J210628	coCe_grSu6Ne	17	225.0	3	3859.877	3860.176
3860.185	0.900000000000091	trials	119	s119_J210628	grCe_grSu6Ne_PS	18	0.0	3	3860.485	3860.785
3875.312	0.900000000000091	trials	119	s119_J210628	grCe_grSu1Ne	3	225.0	3	3875.612	3875.912
3883.1879999999996	0.900000000000091	trials	119	s119_J210628	grCe	1	180.0	3	3883.488	3883.788
3883.83	0.900000000000091	trials	119	s119_J210628	grCe_grSu18Fa	11	135.0	3	3884.13	3884.429
3884.4379999999996	0.900000000000091	trials	119	s119_J210628	grCe_grSu3Ne	5	225.0	3	3884.738	3885.038
3899.223	0.900000000000091	trials	119	s119_J210628	grCe_grSu12Mi	9	45.0	3	3899.523	3899.823
3899.832	0.900000000000091	trials	119	s119_J210628	grCe_grSu6Ne	7	270.0	3	3900.132	3900.431
3900.4739999999997	0.900000000000091	trials	119	s119_J210628	grCe	1	0.0	3	3900.774	3901.073
3905.399	0.900000000000091	trials	119	s119_J210628	grCe_grSu6Ne	7	90.0	3	3905.699	3905.999
3916.026	0.900000000000091	trials	119	s119_J210628	grCe_grSu12SmCiNe_PS	21	225.0	3	3916.326	3916.625
3916.642	0.900000000000091	trials	119	s119_J210628	grCe_grSu12Mi	9	90.0	3	3916.942	3917.242
3920.335	0.900000000000091	trials	119	s119_J210628	coCe_grSu6Ne	17	45.0	3	3920.635	3920.934
3921.585	0.900000000000091	trials	119	s119_J210628	grSu1Ne	2		3	3921.885	3922.184
3929.736	0.900000000000091	trials	119	s119_J210628	grCe_grSu6CiNe_PS	19	135.0	3	3930.036	3930.335
3930.3439999999996	0.900000000000091	trials	119	s119_J210628	grCe_grSu3Ne	5	180.0	3	3930.644	3930.944
3930.953	0.900000000000091	trials	119	s119_J210628	grCe_grSu12SmCiNe_PS	21	135.0	3	3931.253	3931.552
3935.97	0.900000000000091	trials	119	s119_J210628	grCe_grSu1Ne	3	45.0	3	3936.27	3936.569
3936.595	0.900000000000091	trials	119	s119_J210628	grCe_grSu12Mi	9	225.0	3	3936.895	3937.194
3937.1949999999997	0.900000000000091	trials	119	s119_J210628	grCe	1	90.0	3	3937.495	3937.795
3942.1789999999996	0.900000000000091	trials	119	s119_J210628	grCe_grSu6CiNe_PS	19	90.0	3	3942.479	3942.779
3942.796	0.900000000000091	trials	119	s119_J210628	grCe_grSu12Mi	9	0.0	3	3943.096	3943.395
3943.404	0.900000000000091	trials	119	s119_J210628	grCe_grSu12SmCiNe_PS	21	315.0	3	3943.704	3944.004
3951.33	0.900000000000091	trials	119	s119_J210628	grSu18Fa	10		3	3951.63	3951.93
3951.939	0.900000000000091	trials	119	s119_J210628	grCe_grSu12SmCiNe_PS	21	0.0	3	3952.239	3952.538
3952.547	0.900000000000091	trials	119	s119_J210628	grCe_grSu6CiNe_PS	19	45.0	3	3952.847	3953.147
3966.966	0.900000000000091	trials	119	s119_J210628	NoStim	0		3	3967.266	3967.565
3970.5409999999997	0.900000000000091	trials	119	s119_J210628	grCe_grSu12Mi	9	135.0	3	3970.841	3971.141
3971.149	0.900000000000091	trials	119	s119_J210628	grCe_grSu6CiNe_PS	19	180.0	3	3971.449	3971.749
3971.758	0.900000000000091	trials	119	s119_J210628	grSu12SmCiNe	12		3	3972.058	3972.357
3976.75	0.900000000000091	trials	119	s119_J210628	grCe_grSu6CiNe	15	270.0	3	3977.05	3977.35
3977.359	0.900000000000091	trials	119	s119_J210628	grCe_grSu12SmCiNe	13	45.0	3	3977.659	3977.958
3977.9669999999996	0.900000000000091	trials	119	s119_J210628	coCe_grSu6Ne	17	270.0	3	3978.267	3978.567
3986.085	0.900000000000091	trials	119	s119_J210628	grCe_grSu6CiNe	15	315.0	3	3986.385	3986.684
3986.6929999999998	0.900000000000091	trials	119	s119_J210628	grCe_grSu12SmCiNe	13	90.0	3	3986.993	3987.293
3987.3019999999997	0.900000000000091	trials	119	s119_J210628	grCe_grSu6Ne	7	0.0	3	3987.602	3987.901
3992.511	0.900000000000091	trials	119	s119_J210628	grCe_grSu18Fa	11	270.0	3	3992.811	3993.11
3999.211	0.900000000000091	trials	119	s119_J210628	grCe_grSu3Ne	5	0.0	3	3999.511	3999.811
3999.837	0.900000000000091	trials	119	s119_J210628	grCe_grSu18Fa	11	45.0	3	4000.137	4000.436
4005.379	0.900000000000091	trials	119	s119_J210628	grCe_grSu6Ne	7	180.0	3	4005.679	4005.978
4023.7729999999997	0.900000000000091	trials	119	s119_J210628	grCe	1	270.0	3	4024.073	4024.372
4024.381	0.900000000000091	trials	119	s119_J210628	grCe_grSu6Ne_PS	18	180.0	3	4024.681	4024.981
4024.99	0.900000000000091	trials	119	s119_J210628	grCe_grSu6Ne_PS	18	270.0	3	4025.29	4025.589
4033.441	0.900000000000091	trials	119	s119_J210628	grCe_grSu12SmCiNe	13	135.0	3	4033.741	4034.04
4037.1409999999996	0.900000000000091	trials	119	s119_J210628	grCe_grSu18Fa	11	225.0	3	4037.441	4037.741
4037.75	0.900000000000091	trials	119	s119_J210628	grCe_grSu6Ne	7	135.0	3	4038.05	4038.349
4038.35	0.900000000000091	trials	119	s119_J210628	coCe	16	225.0	3	4038.65	4038.949
4043.384	0.900000000000091	trials	119	s119_J210628	grCe_grSu6Ne_PS	18	315.0	3	4043.684	4043.983
4043.9919999999997	0.900000000000091	trials	119	s119_J210628	grCe_grSu6Ne	7	225.0	3	4044.292	4044.592
4044.6009999999997	0.900000000000091	trials	119	s119_J210628	grCe_grSu12SmCiNe_PS	21	180.0	3	4044.901	4045.2
4049.8599999999997	0.900000000000091	trials	119	s119_J210628	grCe_grSu6CiNe_PS	19	0.0	3	4050.16	4050.459
4050.468	0.900000000000091	trials	119	s119_J210628	coSu6Ne	20		3	4050.768	4051.068
4051.0769999999998	0.900000000000091	trials	119	s119_J210628	grCe_grSu3Ne	5	135.0	3	4051.377	4051.676
4056.352	0.900000000000091	trials	119	s119_J210628	grCe_grSu6Ne_PS	18	135.0	3	4056.652	4056.952
4057.5609999999997	0.900000000000091	trials	119	s119_J210628	grCe	1	45.0	3	4057.861	4058.16
4062.4109999999996	0.900000000000091	trials	119	s119_J210628	grCe_grSu12Mi	9	315.0	3	4062.711	4063.011
4066.854	0.900000000000091	trials	119	s119_J210628	coCe_grSu6Ne	17	0.0	3	4067.154	4067.453
4070.562	0.900000000000091	trials	119	s119_J210628	coCe	16	180.0	3	4070.862	4071.162
4076.805	0.900000000000091	trials	119	s119_J210628	grCe_grSu12Mi	9	180.0	3	4077.105	4077.404
4077.413	0.900000000000091	trials	119	s119_J210628	grCe_grSu6CiNe	15	0.0	3	4077.713	4078.013
4078.022	0.900000000000091	trials	119	s119_J210628	grCe_grSu6CiNe	15	45.0	3	4078.322	4078.621
4082.906	0.900000000000091	trials	119	s119_J210628	coCe_grSu6Ne	17	90.0	3	4083.206	4083.505
4083.531	0.900000000000091	trials	119	s119_J210628	grCe_grSu18Fa	11	315.0	3	4083.831	4084.13
4084.131	0.900000000000091	trials	119	s119_J210628	coCe	16	270.0	3	4084.431	4084.73
4089.5319999999997	0.900000000000091	trials	119	s119_J210628	grSu6Ne	6		3	4089.832	4090.131
4090.14	0.900000000000091	trials	119	s119_J210628	grCe_grSu12SmCiNe_PS	21	90.0	3	4090.44	4090.739
4095.124	0.9000000000005457	trials	119	s119_J210628	grCe_grSu12SmCiNe_PS	21	45.0	3	4095.424	4095.723
4095.732	0.9000000000005457	trials	119	s119_J210628	grCe_grSu12SmCiNe_PS	21	270.0	3	4096.032	4096.332
4096.340999999999	0.9000000000005457	trials	119	s119_J210628	grCe_grSu1Ne	3	270.0	3	4096.641	4096.94
4101.566	0.9000000000005457	trials	119	s119_J210628	grCe_grSu6CiNe_PS	19	315.0	3	4101.866	4102.166
4102.782999999999	0.9000000000005457	trials	119	s119_J210628	coCe_grSu6Ne	17	180.0	3	4103.083	4103.383
4108.1669999999995	0.9000000000005457	trials	119	s119_J210628	grCe_grSu18Fa	11	0.0	3	4108.467	4108.767
4108.784	0.9000000000005457	trials	119	s119_J210628	grCe_grSu3Ne	5	315.0	3	4109.084	4109.384
4109.392	0.9000000000005457	trials	119	s119_J210628	grCe_grSu1Ne	3	315.0	3	4109.692	4109.992
4114.668	0.9000000000005457	trials	119	s119_J210628	coCe	16	45.0	3	4114.968	4115.268
4115.277	0.9000000000005457	trials	119	s119_J210628	grCe_grSu12SmCiNe	13	0.0	3	4115.577	4115.876
4118.76	0.9000000000005457	trials	119	s119_J210628	grSu3Ne	4		3	4119.06	4119.36
4119.519	0.9000000000005457	trials	119	s119_J210628	grCe_grSu6CiNe	15	180.0	3	4119.819	4120.118
4120.1269999999995	0.9000000000005457	trials	119	s119_J210628	grCe_grSu12SmCiNe	13	225.0	3	4120.427	4120.727
4125.2029999999995	0.9000000000005457	trials	119	s119_J210628	coCe_grSu6Ne	17	135.0	3	4125.503	4125.802
4125.82	0.9000000000005457	trials	119	s119_J210628	grCe_grSu12Mi	9	270.0	3	4126.12	4126.419
4126.428	0.9000000000005457	trials	119	s119_J210628	grCe_grSu1Ne	3	0.0	3	4126.728	4127.027
4135.938	0.9000000000005457	trials	119	s119_J210628	grCe_grSu6Ne_PS	18	225.0	3	4136.238	4136.537
4137.188	0.9000000000005457	trials	119	s119_J210628	grCe_grSu18Fa	11	180.0	3	4137.488	4137.787
4142.054999999999	0.9000000000005457	trials	119	s119_J210628	grCe_grSu6CiNe	15	135.0	3	4142.355	4142.655
4143.304999999999	0.9000000000005457	trials	119	s119_J210628	coCe	16	0.0	5	4143.605	4143.905
4148.431	0.9000000000005457	trials	119	s119_J210628	grCe_grSu1Ne	3	0.0	5	4148.731	4149.03
4149.639	0.9000000000005457	trials	119	s119_J210628	grCe	1	90.0	5	4149.939	4150.239
4154.557	0.9000000000005457	trials	119	s119_J210628	grCe_grSu6CiNe_PS	19	135.0	5	4154.857	4155.156
4155.165	0.9000000000005457	trials	119	s119_J210628	grCe_grSu12SmCiNe	13	90.0	5	4155.465	4155.765
4158.724	0.9000000000005457	trials	119	s119_J210628	grCe_grSu12SmCiNe_PS	21	135.0	5	4159.024	4159.323
4159.331999999999	0.9000000000005457	trials	119	s119_J210628	grCe_grSu6Ne	7	315.0	5	4159.632	4159.932
4164.958	0.9000000000005457	trials	119	s119_J210628	grSu12Mi	8		5	4165.258	4165.557
4165.575	0.9000000000005457	trials	119	s119_J210628	coCe_grSu6Ne	17	270.0	5	4165.875	4166.174
4166.183	0.9000000000005457	trials	119	s119_J210628	grCe_grSu12SmCiNe	13	270.0	5	4166.483	4166.783
4171.876	0.9000000000005457	trials	119	s119_J210628	grCe_grSu12SmCiNe	13	0.0	5	4172.176	4172.475
4175.343	0.9000000000005457	trials	119	s119_J210628	grCe_grSu12SmCiNe_PS	21	0.0	5	4175.643	4175.942
4175.951	0.9000000000005457	trials	119	s119_J210628	grCe_grSu12SmCiNe_PS	21	270.0	5	4176.251	4176.551
4176.559	0.9000000000005457	trials	119	s119_J210628	grCe_grSu6CiNe	15	0.0	5	4176.859	4177.159
4181.727	0.9000000000005457	trials	119	s119_J210628	grCe	1	270.0	5	4182.027	4182.326
4182.327	0.9000000000005457	trials	119	s119_J210628	grCe	1	135.0	5	4182.627	4182.926
4182.9349999999995	0.9000000000005457	trials	119	s119_J210628	grCe_grSu3Ne	5	90.0	5	4183.235	4183.535
4187.8859999999995	0.9000000000005457	trials	119	s119_J210628	grCe_grSu12SmCiNe_PS	21	180.0	5	4188.186	4188.485
4189.128	0.9000000000005457	trials	119	s119_J210628	grCe_grSu18Fa	11	180.0	5	4189.428	4189.727
4194.2029999999995	0.9000000000005457	trials	119	s119_J210628	grCe	1	45.0	5	4194.503	4194.803
4195.437	0.9000000000005457	trials	119	s119_J210628	grCe_grSu18Fa	11	135.0	5	4195.737	4196.036
4200.446	0.9000000000005457	trials	119	s119_J210628	grCe_grSu12Mi	9	45.0	5	4200.746	4201.045
4201.704	0.9000000000005457	trials	119	s119_J210628	grCe_grSu3Ne	5	0.0	5	4202.004	4202.304
4207.038	0.9000000000005457	trials	119	s119_J210628	coCe_grSu6Ne	17	90.0	5	4207.338	4207.638
4207.647	0.9000000000005457	trials	119	s119_J210628	grCe_grSu6CiNe_PS	19	90.0	5	4207.947	4208.246
4208.272	0.9000000000005457	trials	119	s119_J210628	grSu18Fa	10		5	4208.572	4208.871
4216.447999999999	0.9000000000005457	trials	119	s119_J210628	grCe_grSu6CiNe	15	225.0	5	4216.748	4217.048
4217.056	0.9000000000005457	trials	119	s119_J210628	grCe_grSu6Ne_PS	18	0.0	5	4217.356	4217.656
4217.69	0.9000000000005457	trials	119	s119_J210628	grCe_grSu1Ne	3	270.0	5	4217.99	4218.289
4222.831999999999	0.9000000000005457	trials	119	s119_J210628	grCe_grSu1Ne	3	315.0	5	4223.132	4223.432
4223.441	0.9000000000005457	trials	119	s119_J210628	grCe_grSu1Ne	3	135.0	5	4223.741	4224.04
4229.166	0.9000000000005457	trials	119	s119_J210628	grCe	1	180.0	5	4229.466	4229.766
4229.775	0.9000000000005457	trials	119	s119_J210628	grCe_grSu6CiNe_PS	19	225.0	5	4230.075	4230.374
4236.709	0.9000000000005457	trials	119	s119_J210628	grCe_grSu6Ne	7	135.0	5	4237.009	4237.308
4237.942	0.9000000000005457	trials	119	s119_J210628	coCe	16	90.0	5	4238.242	4238.542
4242.9349999999995	0.9000000000005457	trials	119	s119_J210628	grCe_grSu1Ne	3	90.0	5	4243.235	4243.534
4243.543	0.9000000000005457	trials	119	s119_J210628	grCe_grSu6Ne	7	270.0	5	4243.843	4244.143
4244.152	0.9000000000005457	trials	119	s119_J210628	grCe_grSu12SmCiNe	13	180.0	5	4244.452	4244.751
4255.853	0.9000000000005457	trials	119	s119_J210628	grCe_grSu12Mi	9	90.0	5	4256.153	4256.453
4256.47	0.9000000000005457	trials	119	s119_J210628	grCe_grSu12Mi	9	315.0	5	4256.77	4257.069
4262.179	0.9000000000005457	trials	119	s119_J210628	grCe_grSu6Ne_PS	18	180.0	5	4262.479	4262.778
4262.787	0.9000000000005457	trials	119	s119_J210628	grCe_grSu6Ne_PS	18	90.0	5	4263.087	4263.387
4263.387	0.9000000000005457	trials	119	s119_J210628	coCe	16	45.0	5	4263.687	4263.987
4268.513	0.9000000000005457	trials	119	s119_J210628	grCe_grSu6Ne	7	90.0	5	4268.813	4269.113
4269.112999999999	0.9000000000005457	trials	119	s119_J210628	coCe	16	225.0	5	4269.413	4269.713
4269.737999999999	0.9000000000005457	trials	119	s119_J210628	grCe_grSu3Ne	5	270.0	5	4270.038	4270.338
4274.822	0.9000000000005457	trials	119	s119_J210628	coCe_grSu6Ne	17	180.0	5	4275.122	4275.422
4275.431	0.9000000000005457	trials	119	s119_J210628	grCe_grSu12SmCiNe_PS	21	45.0	5	4275.731	4276.03
4276.039	0.9000000000005457	trials	119	s119_J210628	grCe_grSu6Ne	7	225.0	5	4276.339	4276.639
4281.098	0.9000000000005457	trials	119	s119_J210628	grCe_grSu18Fa	11	90.0	5	4281.398	4281.698
4281.706	0.9000000000005457	trials	119	s119_J210628	grCe_grSu6Ne_PS	18	270.0	5	4282.006	4282.306
4282.34	0.9000000000005457	trials	119	s119_J210628	grCe_grSu12SmCiNe	13	45.0	5	4282.64	4282.939
4287.449	0.9000000000005457	trials	119	s119_J210628	grCe_grSu12SmCiNe	13	315.0	5	4287.749	4288.048
4288.057	0.9000000000005457	trials	119	s119_J210628	grCe_grSu12SmCiNe	13	135.0	5	4288.357	4288.657
4288.674	0.9000000000005457	trials	119	s119_J210628	grCe_grSu12SmCiNe_PS	21	225.0	5	4288.974	4289.274
4297.233	0.9000000000005457	trials	119	s119_J210628	coCe_grSu6Ne	17	45.0	5	4297.533	4297.833
4300.851	0.9000000000005457	trials	119	s119_J210628	NoStim	0		5	4301.151	4301.45
4301.459	0.9000000000005457	trials	119	s119_J210628	grCe_grSu6CiNe	15	45.0	5	4301.759	4302.059
4302.067	0.9000000000005457	trials	119	s119_J210628	grCe_grSu6Ne_PS	18	225.0	5	4302.367	4302.667
4307.585	0.9000000000005457	trials	119	s119_J210628	grCe_grSu18Fa	11	315.0	5	4307.885	4308.184
4308.193	0.9000000000005457	trials	119	s119_J210628	grCe_grSu1Ne	3	225.0	5	4308.493	4308.793
4313.286	0.9000000000005457	trials	119	s119_J210628	grCe_grSu1Ne	3	45.0	5	4313.586	4313.885
4313.894	0.9000000000005457	trials	119	s119_J210628	grCe_grSu6Ne_PS	18	135.0	5	4314.194	4314.494
4323.3949999999995	0.9000000000005457	trials	119	s119_J210628	coCe	16	315.0	5	4323.695	4323.995
4327.096	0.9000000000005457	trials	119	s119_J210628	grCe_grSu18Fa	11	45.0	5	4327.396	4327.695
4327.704	0.9000000000005457	trials	119	s119_J210628	grCe_grSu3Ne	5	225.0	5	4328.004	4328.304
4338.531	0.9000000000005457	trials	119	s119_J210628	grCe_grSu18Fa	11	0.0	5	4338.831	4339.13
4344.923	0.9000000000005457	trials	119	s119_J210628	grCe_grSu12Mi	9	270.0	5	4345.223	4345.523
4345.556	0.9000000000005457	trials	119	s119_J210628	grCe_grSu6Ne	7	0.0	5	4345.856	4346.156
4350.507	0.9000000000005457	trials	119	s119_J210628	grCe	1	0.0	5	4350.807	4351.107
4351.115	0.9000000000005457	trials	119	s119_J210628	coCe_grSu6Ne	17	225.0	5	4351.415	4351.715
4351.724	0.9000000000005457	trials	119	s119_J210628	coSu6Ne	20		5	4352.024	4352.323
4357.008	0.9000000000005457	trials	119	s119_J210628	grCe_grSu6CiNe	15	180.0	5	4357.308	4357.607
4358.224999999999	0.9000000000005457	trials	119	s119_J210628	grCe_grSu1Ne	3	180.0	5	4358.525	4358.824
4363.3	0.9000000000005457	trials	119	s119_J210628	grCe_grSu6Ne_PS	18	45.0	5	4363.6	4363.9
4363.909	0.9000000000005457	trials	119	s119_J210628	grCe_grSu6CiNe_PS	19	270.0	5	4364.209	4364.508
4364.534	0.9000000000005457	trials	119	s119_J210628	grCe_grSu18Fa	11	225.0	5	4364.834	4365.133
4369.968	0.9000000000005457	trials	119	s119_J210628	grCe_grSu12Mi	9	0.0	5	4370.268	4370.567
4373.468	0.9000000000005457	trials	119	s119_J210628	grCe_grSu3Ne	5	135.0	5	4373.768	4374.068
4374.085	0.9000000000005457	trials	119	s119_J210628	grCe_grSu12Mi	9	135.0	5	4374.385	4374.685
4381.653	0.9000000000005457	trials	119	s119_J210628	grSu6Ne	6		5	4381.953	4382.252
4385.503	0.9000000000005457	trials	119	s119_J210628	coCe_grSu6Ne	17	135.0	5	4385.803	4386.103
4386.112	0.9000000000005457	trials	119	s119_J210628	grCe_grSu6Ne	7	180.0	5	4386.412	4386.711
4386.72	0.9000000000005457	trials	119	s119_J210628	coCe_grSu6Ne	17	0.0	5	4387.02	4387.32
4391.670999999999	0.9000000000005457	trials	119	s119_J210628	grCe_grSu12SmCiNe	13	225.0	5	4391.971	4392.27
4392.271	0.9000000000005457	trials	119	s119_J210628	coCe	16	180.0	5	4392.571	4392.87
4397.905	0.9000000000005457	trials	119	s119_J210628	grCe_grSu12SmCiNe_PS	21	315.0	5	4398.205	4398.504
4402.014	0.9000000000005457	trials	119	s119_J210628	grSu6CiNe	14		5	4402.314	4402.613
4402.639	0.9000000000005457	trials	119	s119_J210628	grCe_grSu6CiNe	15	135.0	5	4402.939	4403.238
4408.29	0.9000000000005457	trials	119	s119_J210628	coCe_grSu6Ne	17	315.0	5	4408.59	4408.889
4409.505999999999	0.9000000000005457	trials	119	s119_J210628	grSu1Ne	2		5	4409.806	4410.106
4417.706999999999	0.9000000000005457	trials	119	s119_J210628	grCe	1	315.0	5	4418.007	4418.307
4418.324	0.9000000000005457	trials	119	s119_J210628	grCe_grSu12Mi	9	180.0	5	4418.624	4418.924
4418.933	0.9000000000005457	trials	119	s119_J210628	grCe_grSu6CiNe_PS	19	45.0	5	4419.233	4419.532
4430.834	0.9000000000005457	trials	119	s119_J210628	grCe_grSu3Ne	5	45.0	5	4431.134	4431.434
4431.443	0.9000000000005457	trials	119	s119_J210628	grCe_grSu6CiNe	15	315.0	5	4431.743	4432.042
4432.0509999999995	0.9000000000005457	trials	119	s119_J210628	grCe_grSu12SmCiNe_PS	21	90.0	5	4432.351	4432.651
4440.3189999999995	0.9000000000005457	trials	119	s119_J210628	grCe_grSu3Ne	5	315.0	5	4440.619	4440.918
4440.936	0.9000000000005457	trials	119	s119_J210628	coCe	16	135.0	5	4441.236	4441.535
4441.544	0.9000000000005457	trials	119	s119_J210628	grCe_grSu6CiNe_PS	19	180.0	5	4441.844	4442.143
4449.762	0.9000000000005457	trials	119	s119_J210628	grCe_grSu12Mi	9	225.0	5	4450.062	4450.361
4450.37	0.9000000000005457	trials	119	s119_J210628	grCe_grSu6CiNe	15	90.0	5	4450.67	4450.97
4450.978	0.9000000000005457	trials	119	s119_J210628	grCe_grSu6CiNe	15	270.0	5	4451.278	4451.578
4455.954	0.9000000000005457	trials	119	s119_J210628	grCe	1	225.0	5	4456.254	4456.554
4459.246	0.9000000000005457	trials	119	s119_J210628	grCe_grSu6Ne_PS	18	315.0	5	4459.546	4459.846
4459.855	0.9000000000005457	trials	119	s119_J210628	grCe_grSu6CiNe_PS	19	0.0	5	4460.155	4460.454
4466.214	0.9000000000005457	trials	119	s119_J210628	grCe_grSu3Ne	5	180.0	5	4466.514	4466.813
4466.813999999999	0.9000000000005457	trials	119	s119_J210628	coCe	16	270.0	5	4467.114	4467.413
4474.907	0.9000000000005457	trials	119	s119_J210628	grCe_grSu18Fa	11	270.0	5	4475.207	4475.506
4476.123	0.9000000000005457	trials	119	s119_J210628	grCe_grSu6CiNe_PS	19	315.0	5	4476.423	4476.723
4481.724	0.9000000000005457	trials	119	s119_J210628	grCe_grSu6Ne	7	45.0	5	4482.024	4482.324
4482.366	0.9000000000005457	trials	119	s119_J210628	grSu3Ne	4		5	4482.666	4482.965
4487.3	0.9000000000005457	trials	119	s119_J210628	grSu12SmCiNe	12		5	4487.6	4487.899
