onset	duration	nwb_table	ses_ID	ses_Name	cond_Name	cond_ID	target_rot	rep_num	pdOn	pdOff
25.256999999999998	0.9000000000000021	trials	123	s123_J210701	grCe_grSu6CiNe	15	0.0	4	25.557	25.856
31.840999999999998	0.9000000000000021	trials	123	s123_J210701	grCe_grSu1Ne	3	270.0	4	32.141	32.44
32.441	0.8999999999999986	trials	123	s123_J210701	grCe_grSu6Ne_PS	18	135.0	4	32.741	33.041
33.041000000000004	0.8999999999999986	trials	123	s123_J210701	grCe_grSu12SmCiNe_PS	21	0.0	4	33.341	33.641
37.892	0.8999999999999986	trials	123	s123_J210701	grCe_grSu1Ne	3	135.0	4	38.192	38.491
38.508	0.8999999999999986	trials	123	s123_J210701	coCe	16	225.0	4	38.808	39.108
39.109	0.8999999999999986	trials	123	s123_J210701	grCe_grSu1Ne	3	0.0	4	39.409	39.708
44.034000000000006	0.8999999999999986	trials	123	s123_J210701	grCe_grSu6CiNe_PS	19	90.0	4	44.334	44.634
45.243	0.8999999999999986	trials	123	s123_J210701	coCe_grSu6Ne	17	225.0	4	45.543	45.842
50.035000000000004	0.8999999999999986	trials	123	s123_J210701	grCe	1	180.0	4	50.335	50.634
50.643	0.8999999999999986	trials	123	s123_J210701	grCe_grSu12Mi	9	270.0	4	50.943	51.243
51.243	0.8999999999999986	trials	123	s123_J210701	grCe_grSu12SmCiNe_PS	21	270.0	4	51.543	51.843
56.261	0.8999999999999986	trials	123	s123_J210701	grCe_grSu6Ne	7	315.0	4	56.561	56.86
60.628	0.8999999999999986	trials	123	s123_J210701	grSu1Ne	2		4	60.928	61.227
61.228	0.8999999999999986	trials	123	s123_J210701	grCe_grSu12SmCiNe	13	225.0	4	61.528	61.828
61.828	0.8999999999999986	trials	123	s123_J210701	grCe	1	225.0	4	62.128	62.428
66.69500000000001	0.8999999999999915	trials	123	s123_J210701	coCe	16	180.0	4	66.995	67.295
67.304	0.8999999999999915	trials	123	s123_J210701	grSu12Mi	8		4	67.604	67.903
67.904	0.8999999999999915	trials	123	s123_J210701	grCe_grSu6Ne_PS	18	270.0	4	68.204	68.503
77.022	0.8999999999999915	trials	123	s123_J210701	grCe_grSu1Ne	3	225.0	4	77.322	77.621
77.622	0.8999999999999915	trials	123	s123_J210701	NoStim	0		4	77.922	78.221
82.539	0.8999999999999915	trials	123	s123_J210701	grCe_grSu3Ne	5	0.0	4	82.839	83.139
83.164	0.8999999999999915	trials	123	s123_J210701	coCe	16	45.0	4	83.464	83.764
89.532	0.8999999999999915	trials	123	s123_J210701	grCe_grSu18Fa	11	225.0	4	89.832	90.131
90.14	0.8999999999999915	trials	123	s123_J210701	grCe_grSu18Fa	11	135.0	4	90.44	90.74
95.658	0.8999999999999915	trials	123	s123_J210701	grCe	1	0.0	4	95.958	96.257
101.408	0.8999999999999915	trials	123	s123_J210701	grCe_grSu6Ne_PS	18	315.0	4	101.708	102.008
102.00800000000001	0.8999999999999915	trials	123	s123_J210701	grCe_grSu6CiNe_PS	19	225.0	4	102.308	102.608
102.617	0.8999999999999915	trials	123	s123_J210701	coCe_grSu6Ne	17	135.0	4	102.917	103.216
108.167	0.8999999999999915	trials	123	s123_J210701	grCe_grSu12SmCiNe	13	0.0	4	108.467	108.767
108.768	0.8999999999999915	trials	123	s123_J210701	grCe_grSu12SmCiNe_PS	21	180.0	4	109.068	109.367
114.202	0.8999999999999915	trials	123	s123_J210701	grCe_grSu12SmCiNe_PS	21	315.0	4	114.502	114.801
114.802	0.8999999999999915	trials	123	s123_J210701	grSu6Ne	6		4	115.102	115.401
115.418	0.8999999999999915	trials	123	s123_J210701	grCe_grSu12Mi	9	315.0	4	115.718	116.018
120.444	0.8999999999999915	trials	123	s123_J210701	grCe_grSu6Ne_PS	18	90.0	4	120.744	121.044
121.044	0.8999999999999915	trials	123	s123_J210701	coCe_grSu6Ne	17	90.0	4	121.344	121.644
121.644	0.8999999999999915	trials	123	s123_J210701	grCe_grSu6Ne	7	0.0	4	121.944	122.244
127.82799999999999	0.8999999999999915	trials	123	s123_J210701	grCe_grSu3Ne	5	135.0	4	128.128	128.428
132.91199999999998	0.9000000000000057	trials	123	s123_J210701	grCe_grSu18Fa	11	180.0	4	133.212	133.512
133.521	0.9000000000000057	trials	123	s123_J210701	grCe_grSu18Fa	11	0.0	4	133.821	134.12
134.129	0.9000000000000057	trials	123	s123_J210701	grCe_grSu18Fa	11	45.0	4	134.429	134.729
139.22199999999998	0.9000000000000057	trials	123	s123_J210701	grCe_grSu6Ne	7	270.0	4	139.522	139.821
142.905	0.9000000000000057	trials	123	s123_J210701	coCe_grSu6Ne	17	45.0	4	143.205	143.505
152.57299999999998	0.9000000000000057	trials	123	s123_J210701	coCe	16	135.0	4	152.873	153.173
153.182	0.9000000000000057	trials	123	s123_J210701	coSu6Ne	20		4	153.482	153.781
153.78199999999998	0.9000000000000057	trials	123	s123_J210701	grCe_grSu12SmCiNe_PS	21	45.0	4	154.082	154.381
158.816	0.9000000000000057	trials	123	s123_J210701	coCe_grSu6Ne	17	0.0	4	159.116	159.415
162.333	0.9000000000000057	trials	123	s123_J210701	coCe_grSu6Ne	17	270.0	4	162.633	162.932
162.933	0.9000000000000057	trials	123	s123_J210701	coCe_grSu6Ne	17	315.0	4	163.233	163.532
163.533	0.9000000000000057	trials	123	s123_J210701	grCe_grSu12SmCiNe	13	45.0	4	163.833	164.133
169.075	0.9000000000000057	trials	123	s123_J210701	coCe	16	270.0	4	169.375	169.675
169.884	0.9000000000000057	trials	123	s123_J210701	grCe_grSu6Ne	7	135.0	4	170.184	170.483
181.01899999999998	0.9000000000000057	trials	123	s123_J210701	grCe_grSu18Fa	11	270.0	4	181.319	181.618
181.619	0.9000000000000057	trials	123	s123_J210701	grCe_grSu3Ne	5	90.0	4	181.919	182.218
187.119	0.9000000000000057	trials	123	s123_J210701	grCe	1	315.0	4	187.419	187.719
187.719	0.9000000000000057	trials	123	s123_J210701	grCe_grSu6CiNe_PS	19	180.0	4	188.019	188.319
188.32	0.9000000000000057	trials	123	s123_J210701	grCe_grSu6CiNe_PS	19	0.0	4	188.62	188.919
193.295	0.9000000000000057	trials	123	s123_J210701	grCe_grSu6Ne_PS	18	45.0	4	193.595	193.895
194.512	0.9000000000000057	trials	123	s123_J210701	grCe_grSu12Mi	9	225.0	4	194.812	195.112
199.463	0.9000000000000057	trials	123	s123_J210701	grCe	1	135.0	4	199.763	200.062
200.063	0.9000000000000057	trials	123	s123_J210701	grCe_grSu3Ne	5	45.0	4	200.363	200.662
203.947	0.9000000000000057	trials	123	s123_J210701	grSu12SmCiNe	12		4	204.247	204.546
204.55499999999998	0.9000000000000057	trials	123	s123_J210701	grCe_grSu12Mi	9	180.0	4	204.855	205.154
205.16299999999998	0.9000000000000057	trials	123	s123_J210701	grCe_grSu12SmCiNe	13	180.0	4	205.463	205.763
210.064	0.9000000000000057	trials	123	s123_J210701	grCe_grSu6CiNe	15	135.0	4	210.364	210.664
211.273	0.9000000000000057	trials	123	s123_J210701	grCe_grSu12Mi	9	90.0	4	211.573	211.872
219.974	0.9000000000000057	trials	123	s123_J210701	grCe_grSu6Ne_PS	18	0.0	4	220.274	220.573
220.57399999999998	0.9000000000000057	trials	123	s123_J210701	grCe_grSu6CiNe_PS	19	45.0	4	220.874	221.173
227.34099999999998	0.9000000000000057	trials	123	s123_J210701	grCe_grSu12SmCiNe_PS	21	135.0	4	227.641	227.941
227.941	0.9000000000000057	trials	123	s123_J210701	grCe_grSu1Ne	3	180.0	4	228.241	228.541
228.541	0.9000000000000057	trials	123	s123_J210701	grCe_grSu6CiNe_PS	19	315.0	4	228.841	229.141
233.617	0.9000000000000057	trials	123	s123_J210701	grCe_grSu6CiNe_PS	19	270.0	4	233.917	234.217
237.29299999999998	0.9000000000000057	trials	123	s123_J210701	coCe	16	90.0	4	237.593	237.892
237.90099999999998	0.9000000000000057	trials	123	s123_J210701	grCe_grSu18Fa	11	90.0	4	238.201	238.5
238.509	0.9000000000000057	trials	123	s123_J210701	grCe_grSu6CiNe	15	90.0	4	238.809	239.109
243.468	0.9000000000000057	trials	123	s123_J210701	grCe_grSu12SmCiNe_PS	21	225.0	4	243.768	244.068
244.06799999999998	0.9000000000000057	trials	123	s123_J210701	grCe_grSu6CiNe	15	180.0	4	244.368	244.668
249.678	0.9000000000000057	trials	123	s123_J210701	grCe_grSu12Mi	9	135.0	4	249.978	250.277
250.29399999999998	0.9000000000000057	trials	123	s123_J210701	grCe_grSu6Ne_PS	18	180.0	4	250.594	250.894
253.82799999999997	0.9000000000000057	trials	123	s123_J210701	grCe_grSu3Ne	5	315.0	4	254.128	254.428
254.428	0.9000000000000057	trials	123	s123_J210701	grCe_grSu12SmCiNe	13	270.0	4	254.728	255.028
255.028	0.9000000000000057	trials	123	s123_J210701	grCe_grSu12SmCiNe_PS	21	90.0	4	255.328	255.628
260.00399999999996	0.9000000000000341	trials	123	s123_J210701	coCe	16	0.0	4	260.304	260.603
260.604	0.9000000000000341	trials	123	s123_J210701	grSu6CiNe	14		4	260.904	261.203
261.204	0.9000000000000341	trials	123	s123_J210701	grCe_grSu6Ne	7	90.0	4	261.504	261.804
270.514	0.9000000000000341	trials	123	s123_J210701	grCe_grSu12Mi	9	0.0	4	270.814	271.113
275.573	0.9000000000000341	trials	123	s123_J210701	coCe	16	315.0	4	275.873	276.172
276.173	0.9000000000000341	trials	123	s123_J210701	grCe_grSu6Ne_PS	18	225.0	4	276.473	276.772
281.615	0.9000000000000341	trials	123	s123_J210701	grCe_grSu6CiNe_PS	19	135.0	4	281.915	282.214
282.215	0.9000000000000341	trials	123	s123_J210701	grCe_grSu6CiNe	15	315.0	4	282.515	282.815
287.841	0.9000000000000341	trials	123	s123_J210701	grCe_grSu12Mi	9	45.0	4	288.141	288.44
289.041	0.9000000000000341	trials	123	s123_J210701	coCe_grSu6Ne	17	180.0	4	289.341	289.64
294.058	0.9000000000000341	trials	123	s123_J210701	grCe_grSu12SmCiNe	13	135.0	4	294.358	294.658
294.658	0.9000000000000341	trials	123	s123_J210701	grCe_grSu1Ne	3	315.0	4	294.958	295.258
295.258	0.9000000000000341	trials	123	s123_J210701	grCe_grSu6CiNe	15	270.0	4	295.558	295.858
304.301	0.9000000000000341	trials	123	s123_J210701	grCe_grSu3Ne	5	270.0	4	304.601	304.901
304.901	0.9000000000000341	trials	123	s123_J210701	grCe_grSu6CiNe	15	45.0	4	305.201	305.501
309.685	0.9000000000000341	trials	123	s123_J210701	grCe_grSu6Ne	7	45.0	4	309.985	310.285
316.90299999999996	0.9000000000000341	trials	123	s123_J210701	grCe	1	45.0	4	317.203	317.502
317.503	0.9000000000000341	trials	123	s123_J210701	grCe_grSu3Ne	5	225.0	4	317.803	318.102
318.111	0.9000000000000341	trials	123	s123_J210701	grCe_grSu6CiNe	15	225.0	4	318.411	318.711
326.512	0.9000000000000341	trials	123	s123_J210701	grCe_grSu3Ne	5	180.0	4	326.812	327.112
327.71299999999997	0.9000000000000341	trials	123	s123_J210701	grCe_grSu1Ne	3	90.0	4	328.013	328.312
332.563	0.9000000000000341	trials	123	s123_J210701	grCe_grSu18Fa	11	315.0	4	332.863	333.163
333.163	0.9000000000000341	trials	123	s123_J210701	grSu3Ne	4		4	333.463	333.763
338.772	0.9000000000000341	trials	123	s123_J210701	grCe_grSu12SmCiNe	13	315.0	4	339.072	339.372
339.372	0.9000000000000341	trials	123	s123_J210701	grCe	1	90.0	4	339.672	339.972
339.973	0.9000000000000341	trials	123	s123_J210701	grCe_grSu6Ne	7	225.0	4	340.273	340.572
344.873	0.9000000000000341	trials	123	s123_J210701	grSu18Fa	10		4	345.173	345.473
345.473	0.9000000000000341	trials	123	s123_J210701	grCe_grSu12SmCiNe	13	90.0	4	345.773	346.073
346.073	0.9000000000000341	trials	123	s123_J210701	grCe_grSu6Ne	7	180.0	4	346.373	346.673
351.032	0.9000000000000341	trials	123	s123_J210701	grCe	1	270.0	4	351.332	351.632
351.632	0.9000000000000341	trials	123	s123_J210701	grCe_grSu1Ne	3	45.0	4	351.932	352.232
352.241	0.9000000000000341	trials	123	s123_J210701	grCe_grSu6CiNe	15	0.0	8	352.541	352.84
357.291	0.9000000000000341	trials	123	s123_J210701	grCe_grSu6Ne_PS	18	225.0	8	357.591	357.891
357.9	0.9000000000000341	trials	123	s123_J210701	grCe_grSu18Fa	11	270.0	8	358.2	358.499
363.592	0.9000000000000341	trials	123	s123_J210701	grCe_grSu12SmCiNe_PS	21	135.0	8	363.892	364.192
367.818	0.9000000000000341	trials	123	s123_J210701	grCe_grSu12Mi	9	90.0	8	368.118	368.417
369.018	0.9000000000000341	trials	123	s123_J210701	coCe_grSu6Ne	17	225.0	8	369.318	369.617
374.627	0.9000000000000341	trials	123	s123_J210701	grCe	1	180.0	8	374.927	375.227
375.227	0.9000000000000341	trials	123	s123_J210701	grCe_grSu6CiNe	15	180.0	8	375.527	375.827
380.228	0.9000000000000341	trials	123	s123_J210701	grCe_grSu6Ne	7	135.0	8	380.528	380.827
380.828	0.9000000000000341	trials	123	s123_J210701	grCe_grSu6CiNe_PS	19	315.0	8	381.128	381.427
381.46999999999997	0.9000000000000341	trials	123	s123_J210701	grCe_grSu6Ne	7	0.0	8	381.77	382.069
386.454	0.9000000000000341	trials	123	s123_J210701	grCe_grSu12SmCiNe_PS	21	270.0	8	386.754	387.053
397.38	0.9000000000000341	trials	123	s123_J210701	grCe_grSu6Ne_PS	18	315.0	8	397.68	397.98
397.97999999999996	0.9000000000000341	trials	123	s123_J210701	coCe	16	90.0	8	398.28	398.58
406.95599999999996	0.9000000000000341	trials	123	s123_J210701	grCe_grSu1Ne	3	135.0	8	407.256	407.556
407.556	0.9000000000000341	trials	123	s123_J210701	grCe_grSu3Ne	5	90.0	8	407.856	408.156
408.156	0.9000000000000341	trials	123	s123_J210701	NoStim	0		8	408.456	408.756
412.94	0.9000000000000341	trials	123	s123_J210701	coCe	16	180.0	8	413.24	413.54
413.53999999999996	0.9000000000000341	trials	123	s123_J210701	grCe	1	90.0	8	413.84	414.14
414.149	0.9000000000000341	trials	123	s123_J210701	grCe_grSu12Mi	9	45.0	8	414.449	414.748
422.59999999999997	0.9000000000000341	trials	123	s123_J210701	coCe_grSu6Ne	17	135.0	8	422.9	423.199
423.20799999999997	0.9000000000000341	trials	123	s123_J210701	grCe_grSu18Fa	11	135.0	8	423.508	423.808
428.634	0.9000000000000341	trials	123	s123_J210701	grCe_grSu1Ne	3	0.0	8	428.934	429.234
429.24199999999996	0.9000000000000341	trials	123	s123_J210701	grCe_grSu12Mi	9	270.0	8	429.542	429.842
429.84299999999996	0.9000000000000341	trials	123	s123_J210701	grCe_grSu6CiNe	15	225.0	8	430.143	430.442
434.96	0.9000000000000341	trials	123	s123_J210701	grCe_grSu18Fa	11	0.0	8	435.26	435.559
435.568	0.9000000000000341	trials	123	s123_J210701	grCe_grSu18Fa	11	225.0	8	435.868	436.168
436.168	0.9000000000000341	trials	123	s123_J210701	grCe_grSu3Ne	5	315.0	8	436.468	436.768
441.26099999999997	0.9000000000000341	trials	123	s123_J210701	grCe_grSu12Mi	9	0.0	8	441.561	441.86
441.861	0.9000000000000341	trials	123	s123_J210701	grCe	1	270.0	8	442.161	442.46
442.461	0.9000000000000341	trials	123	s123_J210701	grCe	1	315.0	8	442.761	443.06
447.46999999999997	0.9000000000000341	trials	123	s123_J210701	grCe_grSu6CiNe_PS	19	180.0	8	447.77	448.069
448.67	0.9000000000000341	trials	123	s123_J210701	grCe_grSu12SmCiNe	13	90.0	8	448.97	449.269
456.871	0.9000000000000341	trials	123	s123_J210701	grSu12Mi	8		8	457.171	457.471
457.471	0.9000000000000341	trials	123	s123_J210701	grCe_grSu12SmCiNe	13	135.0	8	457.771	458.071
458.07099999999997	0.9000000000000341	trials	123	s123_J210701	grCe_grSu6Ne_PS	18	0.0	8	458.371	458.671
466.681	0.9000000000000341	trials	123	s123_J210701	grCe_grSu12SmCiNe_PS	21	225.0	8	466.981	467.28
470.948	0.9000000000000341	trials	123	s123_J210701	coCe_grSu6Ne	17	180.0	8	471.248	471.547
471.548	0.9000000000000341	trials	123	s123_J210701	grCe_grSu6Ne	7	315.0	8	471.848	472.147
472.14799999999997	0.9000000000000341	trials	123	s123_J210701	coCe_grSu6Ne	17	90.0	8	472.448	472.748
477.34	0.9000000000000341	trials	123	s123_J210701	grCe	1	45.0	8	477.64	477.94
478.015	0.9000000000000341	trials	123	s123_J210701	grSu6Ne	6		8	478.315	478.615
478.62399999999997	0.9000000000000341	trials	123	s123_J210701	grCe_grSu18Fa	11	45.0	8	478.924	479.223
484.133	0.9000000000000341	trials	123	s123_J210701	grCe_grSu12SmCiNe	13	0.0	8	484.433	484.732
484.733	0.9000000000000341	trials	123	s123_J210701	grCe_grSu6CiNe_PS	19	225.0	8	485.033	485.333
489.959	0.9000000000000341	trials	123	s123_J210701	grCe	1	0.0	8	490.259	490.558
490.55899999999997	0.9000000000000341	trials	123	s123_J210701	grCe_grSu6CiNe_PS	19	0.0	8	490.859	491.158
496.176	0.9000000000000341	trials	123	s123_J210701	grCe_grSu1Ne	3	180.0	8	496.476	496.776
497.393	0.9000000000000341	trials	123	s123_J210701	grCe_grSu12SmCiNe_PS	21	0.0	8	497.693	497.992
502.602	0.9000000000000341	trials	123	s123_J210701	grCe_grSu18Fa	11	180.0	8	502.902	503.201
503.21	0.9000000000000341	trials	123	s123_J210701	grCe_grSu12Mi	9	180.0	8	503.51	503.81
509.286	0.9000000000000341	trials	123	s123_J210701	grCe_grSu12SmCiNe	13	225.0	8	509.586	509.886
509.88599999999997	0.9000000000000341	trials	123	s123_J210701	grCe_grSu6CiNe_PS	19	135.0	8	510.186	510.486
514.8040000000001	0.8999999999999773	trials	123	s123_J210701	grCe_grSu12SmCiNe_PS	21	90.0	8	515.104	515.403
516.004	0.8999999999999773	trials	123	s123_J210701	coCe	16	45.0	8	516.304	516.603
520.738	0.8999999999999773	trials	123	s123_J210701	coCe	16	270.0	8	521.038	521.337
521.3380000000001	0.8999999999999773	trials	123	s123_J210701	grCe_grSu6CiNe_PS	19	45.0	8	521.638	521.937
521.946	0.8999999999999773	trials	123	s123_J210701	grCe_grSu18Fa	11	315.0	8	522.246	522.546
526.955	0.8999999999999773	trials	123	s123_J210701	grSu18Fa	10		8	527.255	527.555
527.5640000000001	0.8999999999999773	trials	123	s123_J210701	grCe_grSu12Mi	9	135.0	8	527.864	528.163
528.1640000000001	0.8999999999999773	trials	123	s123_J210701	coSu6Ne	20		8	528.464	528.763
533.398	0.8999999999999773	trials	123	s123_J210701	coCe	16	135.0	8	533.698	533.997
534.0060000000001	0.8999999999999773	trials	123	s123_J210701	grCe_grSu3Ne	5	225.0	8	534.306	534.606
534.606	0.8999999999999773	trials	123	s123_J210701	grCe_grSu12SmCiNe_PS	21	315.0	8	534.906	535.206
542.624	0.8999999999999773	trials	123	s123_J210701	coCe	16	0.0	8	542.924	543.223
552.142	0.8999999999999773	trials	123	s123_J210701	coCe_grSu6Ne	17	270.0	8	552.442	552.741
555.8420000000001	0.8999999999999773	trials	123	s123_J210701	grCe_grSu12SmCiNe	13	45.0	8	556.142	556.442
556.442	0.8999999999999773	trials	123	s123_J210701	grCe_grSu6CiNe	15	270.0	8	556.742	557.042
557.1840000000001	0.8999999999999773	trials	123	s123_J210701	grCe_grSu6CiNe_PS	19	270.0	8	557.484	557.784
562.268	0.8999999999999773	trials	123	s123_J210701	grCe_grSu3Ne	5	270.0	8	562.568	562.868
562.868	0.8999999999999773	trials	123	s123_J210701	grSu1Ne	2		8	563.168	563.468
563.4680000000001	0.8999999999999773	trials	123	s123_J210701	grSu3Ne	4		8	563.768	564.068
568.8190000000001	0.8999999999999773	trials	123	s123_J210701	grCe_grSu6CiNe	15	315.0	8	569.119	569.418
569.4190000000001	0.8999999999999773	trials	123	s123_J210701	grCe_grSu12SmCiNe	13	315.0	8	569.719	570.018
575.0200000000001	0.8999999999999773	trials	123	s123_J210701	grCe_grSu6CiNe	15	135.0	8	575.32	575.619
581.7710000000001	0.8999999999999773	trials	123	s123_J210701	grCe_grSu6Ne	7	90.0	8	582.071	582.37
585.4960000000001	0.8999999999999773	trials	123	s123_J210701	coCe	16	225.0	8	585.796	586.096
586.096	0.8999999999999773	trials	123	s123_J210701	grCe_grSu1Ne	3	45.0	8	586.396	586.696
591.589	0.8999999999999773	trials	123	s123_J210701	grCe	1	135.0	8	591.889	592.188
592.197	0.8999999999999773	trials	123	s123_J210701	grCe_grSu12Mi	9	225.0	8	592.497	592.796
592.797	0.8999999999999773	trials	123	s123_J210701	grCe_grSu12SmCiNe_PS	21	180.0	8	593.097	593.397
597.9140000000001	0.8999999999999773	trials	123	s123_J210701	grCe_grSu3Ne	5	135.0	8	598.214	598.514
598.514	0.8999999999999773	trials	123	s123_J210701	grCe_grSu6CiNe	15	90.0	8	598.814	599.114
599.114	0.8999999999999773	trials	123	s123_J210701	grSu6CiNe	14		8	599.414	599.714
604.123	0.8999999999999773	trials	123	s123_J210701	grCe_grSu3Ne	5	45.0	8	604.423	604.723
604.724	0.8999999999999773	trials	123	s123_J210701	grCe_grSu6Ne_PS	18	90.0	8	605.024	605.323
605.3240000000001	0.8999999999999773	trials	123	s123_J210701	grCe_grSu1Ne	3	225.0	8	605.624	605.923
613.725	0.8999999999999773	trials	123	s123_J210701	coCe_grSu6Ne	17	45.0	8	614.025	614.324
621.042	0.8999999999999773	trials	123	s123_J210701	grCe_grSu1Ne	3	315.0	8	621.342	621.642
621.642	0.8999999999999773	trials	123	s123_J210701	coCe_grSu6Ne	17	0.0	8	621.942	622.242
622.267	0.8999999999999773	trials	123	s123_J210701	grCe_grSu12SmCiNe	13	270.0	8	622.567	622.867
627.201	0.8999999999999773	trials	123	s123_J210701	grCe_grSu6Ne	7	180.0	8	627.501	627.801
627.802	0.8999999999999773	trials	123	s123_J210701	grCe_grSu6CiNe	15	45.0	8	628.102	628.401
628.402	0.8999999999999773	trials	123	s123_J210701	grCe_grSu6Ne_PS	18	45.0	8	628.702	629.001
633.336	0.8999999999999773	trials	123	s123_J210701	grCe_grSu6CiNe_PS	19	90.0	8	633.636	633.935
637.0690000000001	0.8999999999999773	trials	123	s123_J210701	grCe_grSu12SmCiNe	13	180.0	8	637.369	637.669
637.6690000000001	0.8999999999999773	trials	123	s123_J210701	grCe_grSu1Ne	3	270.0	8	637.969	638.269
638.278	0.8999999999999773	trials	123	s123_J210701	grCe_grSu18Fa	11	90.0	8	638.578	638.877
643.2700000000001	0.8999999999999773	trials	123	s123_J210701	grCe_grSu6Ne	7	45.0	8	643.57	643.87
643.87	0.8999999999999773	trials	123	s123_J210701	grCe_grSu1Ne	3	90.0	8	644.17	644.47
652.105	0.8999999999999773	trials	123	s123_J210701	coCe	16	315.0	8	652.405	652.704
653.3130000000001	0.8999999999999773	trials	123	s123_J210701	grCe_grSu12Mi	9	315.0	8	653.613	653.913
661.5390000000001	0.8999999999999773	trials	123	s123_J210701	grCe	1	225.0	8	661.839	662.139
662.148	0.8999999999999773	trials	123	s123_J210701	grCe_grSu6Ne	7	270.0	8	662.448	662.747
667.7320000000001	0.8999999999999773	trials	123	s123_J210701	grCe_grSu3Ne	5	180.0	8	668.032	668.331
668.332	0.8999999999999773	trials	123	s123_J210701	grCe_grSu6Ne_PS	18	180.0	8	668.632	668.931
673.9910000000001	0.8999999999999773	trials	123	s123_J210701	grCe_grSu12SmCiNe_PS	21	45.0	8	674.291	674.59
674.591	0.8999999999999773	trials	123	s123_J210701	grCe_grSu6Ne	7	225.0	8	674.891	675.19
675.191	0.8999999999999773	trials	123	s123_J210701	grCe_grSu6Ne_PS	18	270.0	8	675.491	675.791
680.142	0.8999999999999773	trials	123	s123_J210701	grCe_grSu3Ne	5	0.0	8	680.442	680.741
680.7420000000001	0.8999999999999773	trials	123	s123_J210701	grCe_grSu6Ne_PS	18	135.0	8	681.042	681.341
681.3420000000001	0.8999999999999773	trials	123	s123_J210701	grSu12SmCiNe	12		8	681.642	681.941
686.2510000000001	0.8999999999999773	trials	123	s123_J210701	coCe_grSu6Ne	17	315.0	8	686.551	686.85
690.868	0.8999999999999773	trials	123	s123_J210701	grCe_grSu12Mi	9	90.0	9	691.168	691.468
691.4680000000001	0.8999999999999773	trials	123	s123_J210701	grCe_grSu6Ne_PS	18	135.0	9	691.768	692.068
696.577	0.8999999999999773	trials	123	s123_J210701	coCe_grSu6Ne	17	0.0	9	696.877	697.177
697.186	0.8999999999999773	trials	123	s123_J210701	grSu12Mi	8		9	697.486	697.785
697.7940000000001	0.8999999999999773	trials	123	s123_J210701	grCe_grSu18Fa	11	180.0	9	698.094	698.393
702.8530000000001	0.8999999999999773	trials	123	s123_J210701	grCe_grSu12SmCiNe_PS	21	315.0	9	703.153	703.452
703.4530000000001	0.8999999999999773	trials	123	s123_J210701	grCe_grSu6CiNe_PS	19	135.0	9	703.753	704.053
704.061	0.8999999999999773	trials	123	s123_J210701	grCe_grSu6CiNe	15	270.0	9	704.361	704.661
709.0200000000001	0.8999999999999773	trials	123	s123_J210701	grCe_grSu6CiNe	15	45.0	9	709.32	709.62
710.2370000000001	0.8999999999999773	trials	123	s123_J210701	grCe_grSu6Ne	7	225.0	9	710.537	710.837
718.272	0.8999999999999773	trials	123	s123_J210701	coCe	16	135.0	9	718.572	718.871
718.8720000000001	0.8999999999999773	trials	123	s123_J210701	coCe_grSu6Ne	17	90.0	9	719.172	719.471
719.4720000000001	0.8999999999999773	trials	123	s123_J210701	grCe_grSu12SmCiNe_PS	21	45.0	9	719.772	720.071
728.215	0.8999999999999773	trials	123	s123_J210701	grCe	1	45.0	9	728.515	728.814
728.815	0.8999999999999773	trials	123	s123_J210701	coCe	16	45.0	9	729.115	729.414
733.8820000000001	0.8999999999999773	trials	123	s123_J210701	grCe_grSu6CiNe	15	180.0	9	734.182	734.481
735.082	0.8999999999999773	trials	123	s123_J210701	grCe_grSu6CiNe	15	90.0	9	735.382	735.682
740.725	0.8999999999999773	trials	123	s123_J210701	grCe_grSu12SmCiNe	13	270.0	9	741.025	741.324
741.325	0.8999999999999773	trials	123	s123_J210701	coCe	16	0.0	9	741.625	741.924
746.292	0.8999999999999773	trials	123	s123_J210701	grSu1Ne	2		9	746.592	746.891
746.892	0.8999999999999773	trials	123	s123_J210701	grCe_grSu6Ne	7	45.0	9	747.192	747.492
752.4430000000001	0.8999999999999773	trials	123	s123_J210701	grCe_grSu6Ne_PS	18	90.0	9	752.743	753.042
755.926	0.8999999999999773	trials	123	s123_J210701	grCe_grSu1Ne	3	135.0	9	756.226	756.526
759.9440000000001	0.8999999999999773	trials	123	s123_J210701	grCe_grSu12Mi	9	225.0	9	760.244	760.543
760.5440000000001	0.8999999999999773	trials	123	s123_J210701	grCe_grSu12SmCiNe_PS	21	225.0	9	760.844	761.143
761.152	0.8999999999999773	trials	123	s123_J210701	grCe_grSu3Ne	5	225.0	9	761.452	761.752
765.986	0.8999999999999773	trials	123	s123_J210701	grCe_grSu12Mi	9	315.0	9	766.286	766.586
766.586	0.8999999999999773	trials	123	s123_J210701	grCe_grSu6CiNe_PS	19	180.0	9	766.886	767.186
767.186	0.8999999999999773	trials	123	s123_J210701	grCe	1	0.0	9	767.486	767.786
772.779	0.8999999999999773	trials	123	s123_J210701	grCe_grSu18Fa	11	135.0	9	773.079	773.378
773.3870000000001	0.8999999999999773	trials	123	s123_J210701	grCe_grSu12Mi	9	135.0	9	773.687	773.987
778.363	0.8999999999999773	trials	123	s123_J210701	grCe	1	135.0	9	778.663	778.962
778.9630000000001	0.8999999999999773	trials	123	s123_J210701	grCe_grSu12SmCiNe_PS	21	0.0	9	779.263	779.562
779.755	0.8999999999999773	trials	123	s123_J210701	grCe_grSu6CiNe	15	135.0	9	780.055	780.354
784.822	0.8999999999999773	trials	123	s123_J210701	grCe_grSu3Ne	5	180.0	9	785.122	785.421
785.422	0.8999999999999773	trials	123	s123_J210701	grCe_grSu6CiNe_PS	19	45.0	9	785.722	786.022
786.022	0.8999999999999773	trials	123	s123_J210701	grCe	1	270.0	9	786.322	786.622
790.8810000000001	0.8999999999999773	trials	123	s123_J210701	grCe_grSu6Ne_PS	18	180.0	9	791.181	791.481
791.481	0.8999999999999773	trials	123	s123_J210701	grCe	1	180.0	9	791.781	792.081
798.315	0.8999999999999773	trials	123	s123_J210701	grCe_grSu12SmCiNe	13	225.0	9	798.615	798.915
803.2410000000001	0.8999999999999773	trials	123	s123_J210701	grCe_grSu1Ne	3	45.0	9	803.541	803.84
803.849	0.8999999999999773	trials	123	s123_J210701	grCe_grSu18Fa	11	315.0	9	804.149	804.449
812.7760000000001	0.8999999999999773	trials	123	s123_J210701	grCe_grSu12Mi	9	270.0	9	813.076	813.375
813.417	0.8999999999999773	trials	123	s123_J210701	grCe_grSu1Ne	3	270.0	9	813.717	814.017
814.017	0.8999999999999773	trials	123	s123_J210701	coCe_grSu6Ne	17	270.0	9	814.317	814.617
825.394	0.8999999999999773	trials	123	s123_J210701	coCe_grSu6Ne	17	180.0	9	825.694	825.993
825.994	0.8999999999999773	trials	123	s123_J210701	grCe_grSu1Ne	3	225.0	9	826.294	826.593
826.6020000000001	0.8999999999999773	trials	123	s123_J210701	grCe_grSu18Fa	11	0.0	9	826.902	827.202
831.72	0.8999999999999773	trials	123	s123_J210701	grCe_grSu12SmCiNe	13	0.0	9	832.02	832.319
835.47	0.8999999999999773	trials	123	s123_J210701	grCe_grSu6Ne	7	270.0	9	835.77	836.07
836.07	0.8999999999999773	trials	123	s123_J210701	grCe_grSu6Ne_PS	18	0.0	9	836.37	836.67
836.6700000000001	0.8999999999999773	trials	123	s123_J210701	grCe_grSu12SmCiNe_PS	21	90.0	9	836.97	837.27
845.038	0.8999999999999773	trials	123	s123_J210701	grCe_grSu12SmCiNe	13	315.0	9	845.338	845.638
846.2470000000001	0.8999999999999773	trials	123	s123_J210701	grCe_grSu18Fa	11	90.0	9	846.547	846.846
854.739	0.8999999999999773	trials	123	s123_J210701	grSu6Ne	6		9	855.039	855.339
855.3480000000001	0.8999999999999773	trials	123	s123_J210701	grCe_grSu6CiNe	15	225.0	9	855.648	855.947
860.865	0.8999999999999773	trials	123	s123_J210701	grSu18Fa	10		9	861.165	861.465
861.465	0.8999999999999773	trials	123	s123_J210701	grCe_grSu6Ne	7	0.0	9	861.765	862.065
862.065	0.8999999999999773	trials	123	s123_J210701	grCe	1	225.0	9	862.365	862.665
870.0500000000001	0.8999999999999773	trials	123	s123_J210701	grCe_grSu1Ne	3	0.0	9	870.35	870.649
870.6500000000001	0.8999999999999773	trials	123	s123_J210701	grCe_grSu6Ne_PS	18	225.0	9	870.95	871.249
871.25	0.8999999999999773	trials	123	s123_J210701	coCe_grSu6Ne	17	315.0	9	871.55	871.849
880.3760000000001	0.8999999999999773	trials	123	s123_J210701	grCe_grSu3Ne	5	315.0	9	880.676	880.975
880.976	0.8999999999999773	trials	123	s123_J210701	coCe	16	315.0	9	881.276	881.576
884.552	0.8999999999999773	trials	123	s123_J210701	coCe_grSu6Ne	17	45.0	9	884.852	885.151
885.152	0.8999999999999773	trials	123	s123_J210701	grCe	1	90.0	9	885.452	885.751
885.7520000000001	0.8999999999999773	trials	123	s123_J210701	grSu3Ne	4		9	886.052	886.351
890.6690000000001	0.8999999999999773	trials	123	s123_J210701	grCe_grSu6Ne	7	135.0	9	890.969	891.268
891.277	0.8999999999999773	trials	123	s123_J210701	grCe_grSu3Ne	5	0.0	9	891.577	891.877
900.6450000000001	0.8999999999999773	trials	123	s123_J210701	grCe_grSu3Ne	5	90.0	9	900.945	901.245
901.254	0.8999999999999773	trials	123	s123_J210701	grCe_grSu18Fa	11	45.0	9	901.554	901.853
901.8620000000001	0.8999999999999773	trials	123	s123_J210701	grCe_grSu12Mi	9	45.0	9	902.162	902.462
906.821	0.8999999999999773	trials	123	s123_J210701	grCe_grSu12SmCiNe_PS	21	270.0	9	907.121	907.421
907.4290000000001	0.8999999999999773	trials	123	s123_J210701	grCe_grSu12Mi	9	180.0	9	907.729	908.029
908.038	0.8999999999999773	trials	123	s123_J210701	grCe_grSu18Fa	11	225.0	9	908.338	908.637
913.047	0.8999999999999773	trials	123	s123_J210701	grCe_grSu6CiNe	15	315.0	9	913.347	913.646
913.6550000000001	0.8999999999999773	trials	123	s123_J210701	grCe_grSu18Fa	11	270.0	9	913.955	914.255
914.255	0.8999999999999773	trials	123	s123_J210701	grCe_grSu1Ne	3	315.0	9	914.555	914.855
919.806	0.8999999999999773	trials	123	s123_J210701	coCe	16	180.0	9	920.106	920.406
920.5400000000001	0.8999999999999773	trials	123	s123_J210701	grCe_grSu12SmCiNe	13	45.0	9	920.84	921.139
925.5070000000001	0.8999999999999773	trials	123	s123_J210701	grSu6CiNe	14		9	925.807	926.106
926.1070000000001	0.8999999999999773	trials	123	s123_J210701	grCe_grSu6Ne	7	180.0	9	926.407	926.706
926.707	0.8999999999999773	trials	123	s123_J210701	grCe_grSu12SmCiNe	13	180.0	9	927.007	927.307
931.591	0.8999999999999773	trials	123	s123_J210701	grCe	1	315.0	9	931.891	932.19
932.791	0.8999999999999773	trials	123	s123_J210701	grCe_grSu6CiNe_PS	19	0.0	9	933.091	933.391
941.009	0.8999999999999773	trials	123	s123_J210701	grCe_grSu6CiNe_PS	19	90.0	9	941.309	941.608
941.609	0.8999999999999773	trials	123	s123_J210701	grCe_grSu6Ne_PS	18	45.0	9	941.909	942.208
942.2090000000001	0.8999999999999773	trials	123	s123_J210701	coCe	16	90.0	9	942.509	942.809
947.168	0.8999999999999773	trials	123	s123_J210701	NoStim	0		9	947.468	947.767
947.768	0.8999999999999773	trials	123	s123_J210701	grCe_grSu1Ne	3	90.0	9	948.068	948.368
953.1940000000001	0.8999999999999773	trials	123	s123_J210701	grCe_grSu6Ne	7	90.0	9	953.494	953.793
953.7940000000001	0.8999999999999773	trials	123	s123_J210701	grCe_grSu12SmCiNe	13	90.0	9	954.094	954.393
954.394	0.8999999999999773	trials	123	s123_J210701	coSu6Ne	20		9	954.694	954.993
959.628	0.8999999999999773	trials	123	s123_J210701	grCe_grSu6Ne_PS	18	270.0	9	959.928	960.227
960.2280000000001	0.8999999999999773	trials	123	s123_J210701	grCe_grSu12SmCiNe_PS	21	180.0	9	960.528	960.828
960.8280000000001	0.8999999999999773	trials	123	s123_J210701	coCe	16	225.0	9	961.128	961.428
966.095	0.8999999999999773	trials	123	s123_J210701	coCe_grSu6Ne	17	135.0	9	966.395	966.695
970.7130000000001	0.8999999999999773	trials	123	s123_J210701	grCe_grSu3Ne	5	270.0	9	971.013	971.312
971.3130000000001	0.8999999999999773	trials	123	s123_J210701	grCe_grSu6Ne	7	315.0	9	971.613	971.912
979.589	0.8999999999999773	trials	123	s123_J210701	grCe_grSu3Ne	5	45.0	9	979.889	980.188
980.1890000000001	0.8999999999999773	trials	123	s123_J210701	grSu12SmCiNe	12		9	980.489	980.788
992.941	0.8999999999999773	trials	123	s123_J210701	coCe_grSu6Ne	17	225.0	9	993.241	993.54
997.85	0.8999999999999773	trials	123	s123_J210701	grCe_grSu12SmCiNe	13	135.0	9	998.15	998.449
998.4830000000001	0.8999999999999773	trials	123	s123_J210701	grCe_grSu6CiNe_PS	19	270.0	9	998.783	999.082
999.091	0.8999999999999773	trials	123	s123_J210701	grCe_grSu1Ne	3	180.0	9	999.391	999.691
1004.234	0.8999999999999773	trials	123	s123_J210701	grCe_grSu3Ne	5	135.0	9	1004.534	1004.833
1005.451	0.8999999999999773	trials	123	s123_J210701	grCe_grSu12Mi	9	0.0	9	1005.751	1006.05
1010.4350000000001	0.8999999999999773	trials	123	s123_J210701	grCe_grSu6CiNe	15	0.0	9	1010.735	1011.034
1011.0350000000001	0.8999999999999773	trials	123	s123_J210701	grCe_grSu6CiNe_PS	19	225.0	9	1011.335	1011.634
1011.635	0.8999999999999773	trials	123	s123_J210701	grCe_grSu6Ne_PS	18	315.0	9	1011.935	1012.234
1019.9110000000001	0.8999999999999773	trials	123	s123_J210701	grCe_grSu12SmCiNe_PS	21	135.0	9	1020.211	1020.51
1020.5110000000001	0.8999999999999773	trials	123	s123_J210701	coCe	16	270.0	9	1020.811	1021.11
1021.111	0.8999999999999773	trials	123	s123_J210701	grCe_grSu6CiNe_PS	19	315.0	9	1021.411	1021.71
1032.587	0.8999999999998636	trials	123	s123_J210701	coCe_grSu6Ne	17	45.0	3	1032.887	1033.187
1033.1870000000001	0.8999999999998636	trials	123	s123_J210701	grCe_grSu6CiNe_PS	19	0.0	3	1033.487	1033.787
1038.096	0.8999999999998636	trials	123	s123_J210701	grCe_grSu6CiNe	15	225.0	3	1038.396	1038.696
1038.6970000000001	0.8999999999998636	trials	123	s123_J210701	grCe_grSu6CiNe_PS	19	45.0	3	1038.997	1039.296
1039.297	0.8999999999998636	trials	123	s123_J210701	coCe	16	135.0	3	1039.597	1039.896
1044.247	0.8999999999998636	trials	123	s123_J210701	grSu6CiNe	14		3	1044.547	1044.847
1044.847	0.8999999999998636	trials	123	s123_J210701	grCe_grSu3Ne	5	90.0	3	1045.147	1045.447
1045.4560000000001	0.8999999999998636	trials	123	s123_J210701	grCe_grSu3Ne	5	45.0	3	1045.756	1046.055
1050.3980000000001	0.8999999999998636	trials	123	s123_J210701	grCe_grSu6CiNe_PS	19	270.0	3	1050.698	1050.998
1050.998	0.8999999999998636	trials	123	s123_J210701	grCe	1	0.0	3	1051.298	1051.598
1051.598	0.8999999999998636	trials	123	s123_J210701	coCe_grSu6Ne	17	0.0	3	1051.898	1052.198
1056.632	0.8999999999998636	trials	123	s123_J210701	grCe_grSu12SmCiNe_PS	21	0.0	3	1056.932	1057.232
1057.232	0.8999999999998636	trials	123	s123_J210701	grCe_grSu6CiNe	15	270.0	3	1057.532	1057.832
1060.9080000000001	0.8999999999998636	trials	123	s123_J210701	grCe	1	180.0	3	1061.208	1061.507
1061.516	0.8999999999998636	trials	123	s123_J210701	grCe_grSu12Mi	9	0.0	3	1061.816	1062.116
1067.692	0.8999999999998636	trials	123	s123_J210701	grCe_grSu6CiNe_PS	19	315.0	3	1067.992	1068.291
1068.2920000000001	0.8999999999998636	trials	123	s123_J210701	coCe	16	180.0	3	1068.592	1068.892
1073.326	0.8999999999998636	trials	123	s123_J210701	grCe	1	270.0	3	1073.626	1073.926
1073.934	0.8999999999998636	trials	123	s123_J210701	grCe_grSu3Ne	5	180.0	3	1074.234	1074.534
1074.534	0.8999999999998636	trials	123	s123_J210701	grCe_grSu12SmCiNe_PS	21	225.0	3	1074.834	1075.134
1079.51	0.8999999999998636	trials	123	s123_J210701	grCe_grSu6Ne_PS	18	180.0	3	1079.81	1080.11
1080.1190000000001	0.8999999999998636	trials	123	s123_J210701	grCe_grSu12SmCiNe	13	45.0	3	1080.419	1080.718
1080.719	0.8999999999998636	trials	123	s123_J210701	grCe_grSu3Ne	5	315.0	3	1081.019	1081.318
1085.661	0.8999999999998636	trials	123	s123_J210701	grCe_grSu6CiNe	15	180.0	3	1085.961	1086.26
1092.387	0.8999999999998636	trials	123	s123_J210701	grCe_grSu6Ne_PS	18	225.0	3	1092.687	1092.986
1095.8120000000001	0.8999999999998636	trials	123	s123_J210701	grCe_grSu6CiNe_PS	19	135.0	3	1096.112	1096.412
1096.421	0.8999999999998636	trials	123	s123_J210701	grCe_grSu18Fa	11	180.0	3	1096.721	1097.02
1097.029	0.8999999999998636	trials	123	s123_J210701	grCe_grSu12Mi	9	135.0	3	1097.329	1097.629
1102.063	0.8999999999998636	trials	123	s123_J210701	grCe_grSu18Fa	11	45.0	3	1102.363	1102.663
1102.663	0.8999999999998636	trials	123	s123_J210701	grCe	1	135.0	3	1102.963	1103.263
1103.272	0.8999999999998636	trials	123	s123_J210701	grCe_grSu12Mi	9	315.0	3	1103.572	1103.871
1108.172	0.8999999999998636	trials	123	s123_J210701	grCe_grSu6CiNe_PS	19	90.0	3	1108.472	1108.772
1108.772	0.8999999999998636	trials	123	s123_J210701	grCe	1	45.0	3	1109.072	1109.372
1115.848	0.8999999999998636	trials	123	s123_J210701	grCe_grSu12SmCiNe_PS	21	90.0	3	1116.148	1116.448
1116.448	0.8999999999998636	trials	123	s123_J210701	grCe_grSu6CiNe	15	135.0	3	1116.748	1117.048
1122.007	0.8999999999998636	trials	123	s123_J210701	grCe_grSu12SmCiNe	13	315.0	3	1122.307	1122.607
1130.833	0.8999999999998636	trials	123	s123_J210701	grCe_grSu12Mi	9	270.0	3	1131.133	1131.433
1131.442	0.8999999999998636	trials	123	s123_J210701	grCe_grSu6Ne	7	225.0	3	1131.742	1132.041
1132.0420000000001	0.8999999999998636	trials	123	s123_J210701	coCe_grSu6Ne	17	180.0	3	1132.342	1132.641
1137.059	0.8999999999998636	trials	123	s123_J210701	coCe_grSu6Ne	17	315.0	3	1137.359	1137.659
1138.259	0.8999999999998636	trials	123	s123_J210701	grCe_grSu6Ne_PS	18	315.0	3	1138.559	1138.859
1144.452	0.8999999999998636	trials	123	s123_J210701	grCe_grSu6Ne	7	315.0	3	1144.752	1145.051
1149.569	0.8999999999998636	trials	123	s123_J210701	coCe	16	45.0	3	1149.869	1150.169
1153.5030000000002	0.8999999999998636	trials	123	s123_J210701	coSu6Ne	20		3	1153.803	1154.103
1154.111	0.8999999999998636	trials	123	s123_J210701	grCe_grSu12Mi	9	45.0	3	1154.411	1154.711
1157.862	0.8999999999998636	trials	123	s123_J210701	coCe_grSu6Ne	17	90.0	3	1158.162	1158.461
1158.47	0.8999999999998636	trials	123	s123_J210701	grCe_grSu18Fa	11	270.0	3	1158.77	1159.07
1159.07	0.8999999999998636	trials	123	s123_J210701	grCe_grSu6Ne_PS	18	135.0	3	1159.37	1159.67
1165.48	0.8999999999998636	trials	123	s123_J210701	grCe_grSu6CiNe	15	315.0	3	1165.78	1166.079
1170.439	0.8999999999998636	trials	123	s123_J210701	grCe_grSu12SmCiNe	13	135.0	3	1170.739	1171.038
1171.0720000000001	0.8999999999998636	trials	123	s123_J210701	grCe_grSu12Mi	9	180.0	3	1171.372	1171.672
1171.68	0.8999999999998636	trials	123	s123_J210701	grCe_grSu18Fa	11	225.0	3	1171.98	1172.28
1176.573	0.8999999999998636	trials	123	s123_J210701	grCe_grSu12Mi	9	90.0	3	1176.873	1177.172
1179.981	0.8999999999998636	trials	123	s123_J210701	grCe_grSu12SmCiNe_PS	21	270.0	3	1180.281	1180.581
1180.582	0.8999999999998636	trials	123	s123_J210701	grCe	1	225.0	3	1180.882	1181.181
1181.182	0.8999999999998636	trials	123	s123_J210701	grCe_grSu6Ne	7	180.0	3	1181.482	1181.781
1189.991	0.8999999999998636	trials	123	s123_J210701	grCe_grSu18Fa	11	0.0	3	1190.291	1190.591
1191.266	0.8999999999998636	trials	123	s123_J210701	grCe_grSu6Ne_PS	18	0.0	3	1191.566	1191.866
1196.334	0.8999999999998636	trials	123	s123_J210701	grCe_grSu6Ne	7	135.0	3	1196.634	1196.933
1196.934	0.8999999999998636	trials	123	s123_J210701	grCe_grSu3Ne	5	270.0	3	1197.234	1197.533
1197.534	0.8999999999998636	trials	123	s123_J210701	grCe_grSu6Ne	7	45.0	3	1197.834	1198.133
1203.084	0.8999999999998636	trials	123	s123_J210701	grCe_grSu1Ne	3	270.0	3	1203.384	1203.684
1203.685	0.8999999999998636	trials	123	s123_J210701	grSu6Ne	6		3	1203.985	1204.284
1209.202	0.8999999999998636	trials	123	s123_J210701	grCe_grSu12SmCiNe	13	225.0	3	1209.502	1209.801
1209.8020000000001	0.8999999999998636	trials	123	s123_J210701	grCe_grSu12SmCiNe_PS	21	45.0	3	1210.102	1210.402
1214.803	0.8999999999998636	trials	123	s123_J210701	coCe	16	270.0	3	1215.103	1215.402
1215.411	0.8999999999998636	trials	123	s123_J210701	grCe_grSu18Fa	11	135.0	3	1215.711	1216.011
1216.036	0.8999999999998636	trials	123	s123_J210701	grSu1Ne	2		3	1216.336	1216.636
1221.27	0.8999999999998636	trials	123	s123_J210701	grCe_grSu6CiNe	15	45.0	3	1221.57	1221.87
1221.8700000000001	0.8999999999998636	trials	123	s123_J210701	grCe_grSu1Ne	3	225.0	3	1222.17	1222.47
1222.47	0.8999999999998636	trials	123	s123_J210701	grCe_grSu6Ne	7	90.0	3	1222.77	1223.07
1227.429	0.8999999999998636	trials	123	s123_J210701	grCe_grSu1Ne	3	315.0	3	1227.729	1228.029
1231.0800000000002	0.8999999999998636	trials	123	s123_J210701	grCe_grSu6Ne	7	0.0	3	1231.38	1231.679
1231.688	0.8999999999998636	trials	123	s123_J210701	grCe_grSu1Ne	3	45.0	3	1231.988	1232.288
1232.288	0.8999999999998636	trials	123	s123_J210701	grCe_grSu1Ne	3	135.0	3	1232.588	1232.888
1237.289	0.8999999999998636	trials	123	s123_J210701	grSu12Mi	8		3	1237.589	1237.888
1237.8890000000001	0.8999999999998636	trials	123	s123_J210701	grCe_grSu12SmCiNe_PS	21	135.0	3	1238.189	1238.489
1238.489	0.8999999999998636	trials	123	s123_J210701	grCe_grSu6CiNe_PS	19	225.0	3	1238.789	1239.089
1243.7150000000001	0.8999999999998636	trials	123	s123_J210701	grCe_grSu6Ne_PS	18	90.0	3	1244.015	1244.314
1244.315	0.8999999999998636	trials	123	s123_J210701	grCe_grSu1Ne	3	0.0	3	1244.615	1244.914
1244.915	0.8999999999998636	trials	123	s123_J210701	grCe	1	315.0	3	1245.215	1245.514
1249.949	0.8999999999998636	trials	123	s123_J210701	grCe_grSu3Ne	5	0.0	3	1250.249	1250.548
1250.549	0.8999999999998636	trials	123	s123_J210701	grCe_grSu12SmCiNe	13	0.0	3	1250.849	1251.149
1251.1490000000001	0.8999999999998636	trials	123	s123_J210701	grCe_grSu6Ne_PS	18	270.0	3	1251.449	1251.749
1256.166	0.8999999999998636	trials	123	s123_J210701	coCe_grSu6Ne	17	135.0	3	1256.466	1256.766
1256.766	0.8999999999998636	trials	123	s123_J210701	grSu12SmCiNe	12		3	1257.066	1257.366
1257.375	0.8999999999998636	trials	123	s123_J210701	grSu18Fa	10		3	1257.675	1257.974
1262.7920000000001	0.8999999999998636	trials	123	s123_J210701	coCe	16	90.0	3	1263.092	1263.392
1263.392	0.8999999999998636	trials	123	s123_J210701	grCe_grSu6CiNe_PS	19	180.0	3	1263.692	1263.992
1263.992	0.8999999999998636	trials	123	s123_J210701	grCe_grSu12SmCiNe_PS	21	315.0	3	1264.292	1264.592
1280.42	0.8999999999998636	trials	123	s123_J210701	grCe_grSu12SmCiNe	13	270.0	3	1280.72	1281.019
1281.02	0.8999999999998636	trials	123	s123_J210701	coCe	16	0.0	3	1281.32	1281.619
1281.6200000000001	0.8999999999998636	trials	123	s123_J210701	NoStim	0		3	1281.92	1282.219
1286.662	0.8999999999998636	trials	123	s123_J210701	grCe_grSu12SmCiNe	13	180.0	3	1286.962	1287.262
1287.262	0.8999999999998636	trials	123	s123_J210701	grCe_grSu6CiNe	15	0.0	3	1287.562	1287.862
1287.862	0.8999999999998636	trials	123	s123_J210701	grCe	1	90.0	3	1288.162	1288.462
1292.896	0.8999999999998636	trials	123	s123_J210701	grSu3Ne	4		3	1293.196	1293.496
1293.496	0.8999999999998636	trials	123	s123_J210701	coCe_grSu6Ne	17	270.0	3	1293.796	1294.096
1294.096	0.8999999999998636	trials	123	s123_J210701	coCe_grSu6Ne	17	225.0	3	1294.396	1294.696
1305.106	0.8999999999998636	trials	123	s123_J210701	grCe_grSu6Ne_PS	18	45.0	3	1305.406	1305.706
1305.7060000000001	0.8999999999998636	trials	123	s123_J210701	grCe_grSu12SmCiNe	13	90.0	3	1306.006	1306.306
1306.306	0.8999999999998636	trials	123	s123_J210701	coCe	16	225.0	3	1306.606	1306.906
1312.574	0.8999999999998636	trials	123	s123_J210701	grCe_grSu18Fa	11	315.0	3	1312.874	1313.173
1317.549	0.8999999999998636	trials	123	s123_J210701	grCe_grSu6CiNe	15	90.0	3	1317.849	1318.149
1318.749	0.8999999999998636	trials	123	s123_J210701	grCe_grSu1Ne	3	90.0	3	1319.049	1319.349
1323.625	0.8999999999998636	trials	123	s123_J210701	grCe_grSu3Ne	5	225.0	3	1323.925	1324.225
1324.825	0.8999999999998636	trials	123	s123_J210701	grCe_grSu6Ne	7	270.0	3	1325.125	1325.425
1339.21	0.8999999999998636	trials	123	s123_J210701	grCe_grSu3Ne	5	135.0	3	1339.51	1339.81
1339.819	0.8999999999998636	trials	123	s123_J210701	grCe_grSu1Ne	3	180.0	3	1340.119	1340.418
1340.4270000000001	0.8999999999998636	trials	123	s123_J210701	grCe_grSu18Fa	11	90.0	3	1340.727	1341.027
1345.42	0.8999999999998636	trials	123	s123_J210701	coCe	16	315.0	3	1345.72	1346.019
1346.02	0.8999999999998636	trials	123	s123_J210701	grCe_grSu12SmCiNe_PS	21	180.0	3	1346.32	1346.619
1346.6280000000002	0.8999999999998636	trials	123	s123_J210701	grCe_grSu12Mi	9	225.0	3	1346.928	1347.228
1352.1290000000001	0.8999999999998636	trials	123	s123_J210701	coCe_grSu6Ne	17	270.0	7	1352.429	1352.728
1355.8880000000001	0.8999999999998636	trials	123	s123_J210701	coCe	16	270.0	7	1356.188	1356.487
1362.105	0.8999999999998636	trials	123	s123_J210701	grCe_grSu12SmCiNe	13	0.0	7	1362.405	1362.705
1362.7050000000002	0.8999999999998636	trials	123	s123_J210701	grCe_grSu6Ne_PS	18	135.0	7	1363.005	1363.305
1363.314	0.8999999999998636	trials	123	s123_J210701	grCe_grSu1Ne	3	270.0	7	1363.614	1363.913
1377.4070000000002	0.8999999999998636	trials	123	s123_J210701	grCe_grSu1Ne	3	225.0	7	1377.707	1378.007
1378.016	0.8999999999998636	trials	123	s123_J210701	grCe_grSu12Mi	9	135.0	7	1378.316	1378.615
1386.517	0.8999999999998636	trials	123	s123_J210701	coCe	16	225.0	7	1386.817	1387.116
1387.717	0.8999999999998636	trials	123	s123_J210701	grCe_grSu6CiNe_PS	19	270.0	7	1388.017	1388.316
1392.809	0.8999999999998636	trials	123	s123_J210701	grCe_grSu6Ne_PS	18	225.0	7	1393.109	1393.409
1393.4180000000001	0.8999999999998636	trials	123	s123_J210701	coCe_grSu6Ne	17	225.0	7	1393.718	1394.017
1394.018	0.8999999999998636	trials	123	s123_J210701	grCe_grSu6CiNe	15	90.0	7	1394.318	1394.617
1398.993	0.8999999999998636	trials	123	s123_J210701	grCe_grSu12SmCiNe	13	135.0	7	1399.293	1399.593
1402.419	0.8999999999998636	trials	123	s123_J210701	grSu18Fa	10		7	1402.719	1403.018
1403.6190000000001	0.8999999999998636	trials	123	s123_J210701	grCe	1	0.0	7	1403.919	1404.218
1409.5610000000001	0.8999999999998636	trials	123	s123_J210701	grCe_grSu6Ne	7	90.0	7	1409.861	1410.161
1410.17	0.8999999999998636	trials	123	s123_J210701	grCe	1	135.0	7	1410.47	1410.769
1418.537	0.8999999999998636	trials	123	s123_J210701	grCe_grSu3Ne	5	315.0	7	1418.837	1419.137
1419.146	0.8999999999998636	trials	123	s123_J210701	grCe_grSu12SmCiNe	13	45.0	7	1419.446	1419.745
1419.7540000000001	0.8999999999998636	trials	123	s123_J210701	grCe_grSu18Fa	11	225.0	7	1420.054	1420.354
1427.897	0.8999999999998636	trials	123	s123_J210701	grCe_grSu3Ne	5	45.0	7	1428.197	1428.496
1428.505	0.8999999999998636	trials	123	s123_J210701	grCe_grSu12Mi	9	90.0	7	1428.805	1429.105
1429.114	0.8999999999998636	trials	123	s123_J210701	grCe_grSu6CiNe	15	225.0	7	1429.414	1429.713
1437.173	0.8999999999998636	trials	123	s123_J210701	grCe_grSu6Ne	7	0.0	7	1437.473	1437.773
1437.7730000000001	0.8999999999998636	trials	123	s123_J210701	grCe_grSu6CiNe	15	45.0	7	1438.073	1438.373
1438.373	0.8999999999998636	trials	123	s123_J210701	grCe	1	270.0	7	1438.673	1438.973
1443.691	0.8999999999998636	trials	123	s123_J210701	coCe_grSu6Ne	17	135.0	7	1443.991	1444.29
1444.291	0.8999999999998636	trials	123	s123_J210701	grCe_grSu6CiNe_PS	19	180.0	7	1444.591	1444.89
1444.891	0.8999999999998636	trials	123	s123_J210701	grSu6Ne	6		7	1445.191	1445.49
1449.942	0.8999999999998636	trials	123	s123_J210701	grCe_grSu6Ne_PS	18	90.0	7	1450.242	1450.541
1451.15	0.8999999999998636	trials	123	s123_J210701	NoStim	0		7	1451.45	1451.75
1459.584	0.8999999999998636	trials	123	s123_J210701	grCe_grSu18Fa	11	135.0	7	1459.884	1460.184
1460.185	0.8999999999998636	trials	123	s123_J210701	coCe	16	180.0	7	1460.485	1460.784
1466.7440000000001	0.8999999999998636	trials	123	s123_J210701	grCe_grSu1Ne	3	0.0	7	1467.044	1467.343
1467.344	0.8999999999998636	trials	123	s123_J210701	coCe	16	90.0	7	1467.644	1467.943
1476.5620000000001	0.8999999999998636	trials	123	s123_J210701	grCe_grSu12Mi	9	0.0	7	1476.862	1477.161
1482.162	0.8999999999998636	trials	123	s123_J210701	grCe_grSu6Ne_PS	18	270.0	7	1482.462	1482.762
1483.3790000000001	0.8999999999998636	trials	123	s123_J210701	grCe_grSu1Ne	3	180.0	7	1483.679	1483.979
1488.313	0.8999999999998636	trials	123	s123_J210701	grCe_grSu6Ne_PS	18	180.0	7	1488.613	1488.913
1489.5130000000001	0.8999999999998636	trials	123	s123_J210701	grSu3Ne	4		7	1489.813	1490.113
1494.647	0.8999999999998636	trials	123	s123_J210701	grCe_grSu1Ne	3	135.0	7	1494.947	1495.247
1495.247	0.8999999999998636	trials	123	s123_J210701	grCe_grSu12SmCiNe	13	180.0	7	1495.547	1495.847
1495.847	0.8999999999998636	trials	123	s123_J210701	grCe	1	45.0	7	1496.147	1496.447
1500.64	0.8999999999998636	trials	123	s123_J210701	grCe	1	180.0	7	1500.94	1501.239
1504.549	0.8999999999998636	trials	123	s123_J210701	grCe_grSu12SmCiNe_PS	21	270.0	7	1504.849	1505.148
1505.1570000000002	0.8999999999998636	trials	123	s123_J210701	grCe_grSu6Ne	7	270.0	7	1505.457	1505.757
1505.765	0.8999999999998636	trials	123	s123_J210701	grCe_grSu12Mi	9	270.0	7	1506.065	1506.365
1510.7160000000001	0.8999999999998636	trials	123	s123_J210701	coCe	16	135.0	7	1511.016	1511.316
1511.324	0.8999999999998636	trials	123	s123_J210701	grCe_grSu18Fa	11	45.0	7	1511.624	1511.924
1511.933	0.8999999999998636	trials	123	s123_J210701	coCe_grSu6Ne	17	0.0	7	1512.233	1512.532
1516.892	0.8999999999998636	trials	123	s123_J210701	grCe_grSu6Ne_PS	18	0.0	7	1517.192	1517.491
1517.492	0.8999999999998636	trials	123	s123_J210701	grCe	1	225.0	7	1517.792	1518.091
1518.2340000000002	0.8999999999998636	trials	123	s123_J210701	grCe_grSu18Fa	11	0.0	7	1518.534	1518.833
1523.2340000000002	0.8999999999998636	trials	123	s123_J210701	grCe_grSu6Ne	7	180.0	7	1523.534	1523.834
1523.843	0.8999999999998636	trials	123	s123_J210701	grCe_grSu18Fa	11	180.0	7	1524.143	1524.442
1524.443	0.8999999999998636	trials	123	s123_J210701	grCe_grSu6CiNe_PS	19	135.0	7	1524.743	1525.042
1529.4180000000001	0.8999999999998636	trials	123	s123_J210701	grCe_grSu3Ne	5	90.0	7	1529.718	1530.018
1530.019	0.8999999999998636	trials	123	s123_J210701	grCe_grSu6Ne_PS	18	45.0	7	1530.319	1530.618
1530.627	0.8999999999998636	trials	123	s123_J210701	coCe_grSu6Ne	17	180.0	7	1530.927	1531.226
1535.544	0.8999999999998636	trials	123	s123_J210701	grCe_grSu3Ne	5	180.0	7	1535.844	1536.144
1536.144	0.8999999999998636	trials	123	s123_J210701	grCe_grSu12SmCiNe_PS	21	225.0	7	1536.444	1536.744
1536.7530000000002	0.8999999999998636	trials	123	s123_J210701	grCe_grSu18Fa	11	90.0	7	1537.053	1537.352
1541.762	0.8999999999998636	trials	123	s123_J210701	grCe_grSu6Ne	7	315.0	7	1542.062	1542.361
1542.362	0.8999999999998636	trials	123	s123_J210701	grCe_grSu1Ne	3	90.0	7	1542.662	1542.961
1542.97	0.8999999999998636	trials	123	s123_J210701	grCe_grSu12SmCiNe	13	90.0	7	1543.27	1543.57
1548.579	0.8999999999998636	trials	123	s123_J210701	grCe_grSu6Ne	7	225.0	7	1548.879	1549.179
1549.179	0.8999999999998636	trials	123	s123_J210701	grCe_grSu6Ne	7	135.0	7	1549.479	1549.779
1554.063	0.8999999999998636	trials	123	s123_J210701	grCe_grSu6Ne_PS	18	315.0	7	1554.363	1554.663
1554.663	0.8999999999998636	trials	123	s123_J210701	coSu6Ne	20		7	1554.963	1555.263
1555.2640000000001	0.8999999999998636	trials	123	s123_J210701	grCe_grSu6CiNe_PS	19	0.0	7	1555.564	1555.863
1563.498	0.8999999999998636	trials	123	s123_J210701	grCe_grSu6CiNe_PS	19	225.0	7	1563.798	1564.097
1564.098	0.8999999999998636	trials	123	s123_J210701	grCe_grSu6CiNe_PS	19	315.0	7	1564.398	1564.697
1567.865	0.8999999999998636	trials	123	s123_J210701	grCe_grSu12SmCiNe_PS	21	315.0	7	1568.165	1568.465
1569.065	0.8999999999998636	trials	123	s123_J210701	grCe_grSu3Ne	5	225.0	7	1569.365	1569.665
1577.891	0.8999999999998636	trials	123	s123_J210701	grSu12Mi	8		7	1578.191	1578.491
1578.492	0.8999999999998636	trials	123	s123_J210701	coCe	16	0.0	7	1578.792	1579.091
1579.125	0.8999999999998636	trials	123	s123_J210701	grCe_grSu12SmCiNe_PS	21	45.0	7	1579.425	1579.724
1584.034	0.8999999999998636	trials	123	s123_J210701	coCe	16	45.0	7	1584.334	1584.633
1584.634	0.8999999999998636	trials	123	s123_J210701	grCe_grSu6CiNe	15	180.0	7	1584.934	1585.233
1585.242	0.8999999999998636	trials	123	s123_J210701	grCe_grSu12Mi	9	45.0	7	1585.542	1585.842
1593.51	0.8999999999998636	trials	123	s123_J210701	coCe	16	315.0	7	1593.81	1594.11
1594.1100000000001	0.8999999999998636	trials	123	s123_J210701	coCe_grSu6Ne	17	315.0	7	1594.41	1594.71
1594.71	0.8999999999998636	trials	123	s123_J210701	grCe_grSu3Ne	5	270.0	7	1595.01	1595.31
1599.653	0.8999999999998636	trials	123	s123_J210701	grCe_grSu6CiNe_PS	19	45.0	7	1599.953	1600.252
1600.2530000000002	0.8999999999998636	trials	123	s123_J210701	grSu1Ne	2		7	1600.553	1600.852
1600.853	0.8999999999998636	trials	123	s123_J210701	grCe_grSu12SmCiNe_PS	21	135.0	7	1601.153	1601.452
1605.695	0.8999999999998636	trials	123	s123_J210701	grCe_grSu1Ne	3	45.0	7	1605.995	1606.295
1606.295	0.8999999999998636	trials	123	s123_J210701	grCe_grSu6CiNe	15	315.0	7	1606.595	1606.895
1606.895	0.8999999999998636	trials	123	s123_J210701	grCe	1	90.0	7	1607.195	1607.495
1611.8880000000001	0.8999999999998636	trials	123	s123_J210701	grCe_grSu6CiNe	15	270.0	7	1612.188	1612.487
1616.213	0.8999999999998636	trials	123	s123_J210701	grCe_grSu12Mi	9	315.0	7	1616.513	1616.813
1616.813	0.8999999999998636	trials	123	s123_J210701	grCe_grSu3Ne	5	135.0	7	1617.113	1617.413
1622.439	0.8999999999998636	trials	123	s123_J210701	grCe_grSu12SmCiNe	13	315.0	7	1622.739	1623.038
1623.039	0.8999999999998636	trials	123	s123_J210701	grCe_grSu6CiNe	15	135.0	7	1623.339	1623.638
1623.6390000000001	0.8999999999998636	trials	123	s123_J210701	grCe_grSu12SmCiNe_PS	21	180.0	7	1623.939	1624.239
1631.515	0.8999999999998636	trials	123	s123_J210701	grCe_grSu6CiNe_PS	19	90.0	7	1631.815	1632.115
1632.7150000000001	0.8999999999998636	trials	123	s123_J210701	grCe	1	315.0	7	1633.015	1633.315
1643.992	0.8999999999998636	trials	123	s123_J210701	grCe_grSu12SmCiNe_PS	21	90.0	7	1644.292	1644.591
1644.592	0.8999999999998636	trials	123	s123_J210701	grCe_grSu12SmCiNe_PS	21	0.0	7	1644.892	1645.191
1645.2	0.8999999999998636	trials	123	s123_J210701	grCe_grSu12Mi	9	225.0	7	1645.5	1645.8
1650.126	0.8999999999998636	trials	123	s123_J210701	grCe_grSu12SmCiNe	13	270.0	7	1650.426	1650.725
1650.726	0.8999999999998636	trials	123	s123_J210701	coCe_grSu6Ne	17	45.0	7	1651.026	1651.325
1651.326	0.8999999999998636	trials	123	s123_J210701	grCe_grSu6Ne	7	45.0	7	1651.626	1651.925
1656.352	0.8999999999998636	trials	123	s123_J210701	grCe_grSu3Ne	5	0.0	7	1656.652	1656.951
1657.577	0.8999999999998636	trials	123	s123_J210701	grSu12SmCiNe	12		7	1657.877	1658.176
1662.611	0.8999999999998636	trials	123	s123_J210701	grCe_grSu18Fa	11	315.0	7	1662.911	1663.21
1663.211	0.8999999999998636	trials	123	s123_J210701	coCe_grSu6Ne	17	90.0	7	1663.511	1663.81
1663.819	0.8999999999998636	trials	123	s123_J210701	grCe_grSu18Fa	11	270.0	7	1664.119	1664.419
1668.8700000000001	0.8999999999998636	trials	123	s123_J210701	grSu6CiNe	14		7	1669.17	1669.469
1673.621	0.8999999999998636	trials	123	s123_J210701	grCe_grSu12Mi	9	180.0	7	1673.921	1674.22
1681.647	0.8999999999998636	trials	123	s123_J210701	grCe_grSu6CiNe	15	0.0	7	1681.947	1682.246
1682.847	0.8999999999998636	trials	123	s123_J210701	grCe_grSu12SmCiNe	13	225.0	7	1683.147	1683.446
1687.814	0.8999999999998636	trials	123	s123_J210701	grCe_grSu1Ne	3	315.0	7	1688.114	1688.414
1691.431	0.8999999999998636	trials	123	s123_J210701	grCe_grSu18Fa	11	180.0	0	1691.731	1692.031
1692.031	0.8999999999998636	trials	123	s123_J210701	grCe_grSu12SmCiNe	13	0.0	0	1692.331	1692.631
1698.165	0.8999999999998636	trials	123	s123_J210701	grCe_grSu12SmCiNe_PS	21	45.0	0	1698.465	1698.765
1698.765	0.8999999999998636	trials	123	s123_J210701	grCe	1	0.0	0	1699.065	1699.365
1699.366	0.8999999999998636	trials	123	s123_J210701	grCe	1	270.0	0	1699.666	1699.965
1704.316	0.8999999999998636	trials	123	s123_J210701	coCe_grSu6Ne	17	45.0	0	1704.616	1704.916
1704.916	0.8999999999998636	trials	123	s123_J210701	grCe_grSu3Ne	5	180.0	0	1705.216	1705.516
1705.516	0.8999999999998636	trials	123	s123_J210701	grCe_grSu6Ne_PS	18	45.0	0	1705.816	1706.116
1713.592	0.8999999999998636	trials	123	s123_J210701	grCe_grSu6Ne_PS	18	135.0	0	1713.892	1714.192
1714.201	0.8999999999998636	trials	123	s123_J210701	grCe_grSu1Ne	3	90.0	0	1714.501	1714.8
1714.8010000000002	0.8999999999998636	trials	123	s123_J210701	grCe_grSu6CiNe_PS	19	45.0	0	1715.101	1715.4
1719.935	0.8999999999998636	trials	123	s123_J210701	grCe_grSu3Ne	5	0.0	0	1720.235	1720.534
1720.535	0.8999999999998636	trials	123	s123_J210701	coCe_grSu6Ne	17	90.0	0	1720.835	1721.134
1721.135	0.8999999999998636	trials	123	s123_J210701	grCe_grSu12SmCiNe	13	135.0	0	1721.435	1721.735
1726.394	0.8999999999998636	trials	123	s123_J210701	grCe_grSu6CiNe	15	180.0	0	1726.694	1726.994
1732.72	0.8999999999998636	trials	123	s123_J210701	grCe_grSu1Ne	3	0.0	0	1733.02	1733.319
1733.32	0.8999999999998636	trials	123	s123_J210701	grCe_grSu12SmCiNe	13	225.0	0	1733.62	1733.919
1738.987	0.8999999999998636	trials	123	s123_J210701	grCe_grSu6CiNe_PS	19	225.0	0	1739.287	1739.587
1742.838	0.8999999999998636	trials	123	s123_J210701	grCe	1	90.0	0	1743.138	1743.437
1744.038	0.8999999999998636	trials	123	s123_J210701	grSu12SmCiNe	12		0	1744.338	1744.638
1748.922	0.8999999999998636	trials	123	s123_J210701	grCe_grSu6Ne	7	225.0	0	1749.222	1749.521
1749.522	0.8999999999998636	trials	123	s123_J210701	grCe_grSu6CiNe	15	135.0	0	1749.822	1750.122
1757.0810000000001	0.8999999999998636	trials	123	s123_J210701	coSu6Ne	20		0	1757.381	1757.681
1762.4650000000001	0.8999999999998636	trials	123	s123_J210701	grCe_grSu6CiNe_PS	19	90.0	0	1762.765	1763.065
1766.458	0.8999999999998636	trials	123	s123_J210701	grCe	1	135.0	0	1766.758	1767.057
1767.058	0.8999999999998636	trials	123	s123_J210701	coCe	16	270.0	0	1767.358	1767.657
1771.925	0.8999999999998636	trials	123	s123_J210701	grSu1Ne	2		0	1772.225	1772.524
1773.15	0.8999999999998636	trials	123	s123_J210701	grCe_grSu12Mi	9	45.0	0	1773.45	1773.75
1778.2340000000002	0.8999999999998636	trials	123	s123_J210701	grCe_grSu3Ne	5	135.0	0	1778.534	1778.834
1782.243	0.8999999999998636	trials	123	s123_J210701	grCe_grSu6Ne	7	135.0	0	1782.543	1782.842
1782.843	0.8999999999998636	trials	123	s123_J210701	grCe_grSu6CiNe	15	90.0	0	1783.143	1783.443
1788.452	0.8999999999998636	trials	123	s123_J210701	coCe_grSu6Ne	17	0.0	0	1788.752	1789.052
1789.06	0.8999999999998636	trials	123	s123_J210701	grCe_grSu18Fa	11	315.0	0	1789.36	1789.66
1789.661	0.8999999999998636	trials	123	s123_J210701	grCe_grSu12SmCiNe_PS	21	315.0	0	1789.961	1790.26
1797.6200000000001	0.8999999999998636	trials	123	s123_J210701	grCe_grSu12SmCiNe_PS	21	180.0	0	1797.92	1798.219
1798.228	0.8999999999998636	trials	123	s123_J210701	grCe_grSu12Mi	9	270.0	0	1798.528	1798.828
1798.828	0.8999999999998636	trials	123	s123_J210701	grCe_grSu12SmCiNe_PS	21	270.0	0	1799.128	1799.428
1804.362	0.8999999999998636	trials	123	s123_J210701	grCe_grSu12SmCiNe	13	90.0	0	1804.662	1804.962
1812.922	0.8999999999998636	trials	123	s123_J210701	grCe_grSu12SmCiNe	13	270.0	0	1813.222	1813.521
1813.522	0.8999999999998636	trials	123	s123_J210701	coCe_grSu6Ne	17	225.0	0	1813.822	1814.122
1814.122	0.8999999999998636	trials	123	s123_J210701	coCe	16	225.0	0	1814.422	1814.722
1822.265	0.8999999999998636	trials	123	s123_J210701	grCe_grSu6CiNe_PS	19	0.0	0	1822.565	1822.864
1823.4650000000001	0.8999999999998636	trials	123	s123_J210701	grCe	1	225.0	0	1823.765	1824.064
1828.4660000000001	0.8999999999998636	trials	123	s123_J210701	grCe_grSu6CiNe	15	0.0	0	1828.766	1829.065
1829.066	0.8999999999998636	trials	123	s123_J210701	grCe_grSu6CiNe_PS	19	270.0	0	1829.366	1829.665
1829.674	0.8999999999998636	trials	123	s123_J210701	grCe_grSu12Mi	9	225.0	0	1829.974	1830.274
1834.566	0.8999999999998636	trials	123	s123_J210701	grCe_grSu1Ne	3	135.0	0	1834.866	1835.166
1835.767	0.8999999999998636	trials	123	s123_J210701	grCe_grSu1Ne	3	225.0	0	1836.067	1836.366
1840.809	0.8999999999998636	trials	123	s123_J210701	grCe_grSu3Ne	5	90.0	0	1841.109	1841.408
1844.576	0.8999999999998636	trials	123	s123_J210701	grCe_grSu18Fa	11	90.0	0	1844.876	1845.176
1845.1760000000002	0.8999999999998636	trials	123	s123_J210701	grSu6CiNe	14		0	1845.476	1845.776
1845.785	0.8999999999998636	trials	123	s123_J210701	grCe_grSu18Fa	11	225.0	0	1846.085	1846.384
1850.752	0.8999999999998636	trials	123	s123_J210701	grSu6Ne	6		0	1851.052	1851.351
1854.477	0.8999999999998636	trials	123	s123_J210701	coCe	16	180.0	0	1854.777	1855.077
1858.219	0.8999999999998636	trials	123	s123_J210701	coCe	16	45.0	0	1858.519	1858.819
1859.428	0.8999999999998636	trials	123	s123_J210701	grCe_grSu12Mi	9	90.0	0	1859.728	1860.027
1864.6200000000001	0.8999999999998636	trials	123	s123_J210701	grCe_grSu6CiNe	15	315.0	0	1864.92	1865.22
1865.22	0.8999999999998636	trials	123	s123_J210701	grCe	1	45.0	0	1865.52	1865.82
1865.82	0.8999999999998636	trials	123	s123_J210701	grCe_grSu6Ne_PS	18	270.0	0	1866.12	1866.42
1870.588	0.8999999999998636	trials	123	s123_J210701	grCe_grSu18Fa	11	270.0	0	1870.888	1871.187
1871.805	0.8999999999998636	trials	123	s123_J210701	coCe_grSu6Ne	17	270.0	0	1872.105	1872.404
1876.755	0.8999999999998636	trials	123	s123_J210701	grCe_grSu12Mi	9	180.0	0	1877.055	1877.355
1877.964	0.8999999999998636	trials	123	s123_J210701	grCe_grSu12Mi	9	315.0	0	1878.264	1878.563
1886.2060000000001	0.8999999999998636	trials	123	s123_J210701	grCe_grSu12SmCiNe	13	45.0	0	1886.506	1886.806
1886.807	0.8999999999998636	trials	123	s123_J210701	grCe_grSu6CiNe	15	270.0	0	1887.107	1887.406
1887.4070000000002	0.8999999999998636	trials	123	s123_J210701	coCe	16	0.0	0	1887.707	1888.006
1892.316	0.8999999999998636	trials	123	s123_J210701	grCe	1	180.0	0	1892.616	1892.915
1892.924	0.8999999999998636	trials	123	s123_J210701	coCe_grSu6Ne	17	315.0	0	1893.224	1893.523
1893.5240000000001	0.8999999999998636	trials	123	s123_J210701	grCe_grSu6Ne_PS	18	315.0	0	1893.824	1894.124
1904.901	0.8999999999998636	trials	123	s123_J210701	NoStim	0		0	1905.201	1905.5
1906.1090000000002	0.8999999999998636	trials	123	s123_J210701	grCe_grSu18Fa	11	135.0	0	1906.409	1906.709
1911.135	0.8999999999998636	trials	123	s123_J210701	coCe_grSu6Ne	17	135.0	0	1911.435	1911.734
1911.7350000000001	0.8999999999998636	trials	123	s123_J210701	grCe_grSu6CiNe	15	45.0	0	1912.035	1912.334
1912.335	0.8999999999998636	trials	123	s123_J210701	grCe_grSu1Ne	3	315.0	0	1912.635	1912.934
1917.385	0.8999999999998636	trials	123	s123_J210701	coCe_grSu6Ne	17	180.0	0	1917.685	1917.985
1917.986	0.8999999999998636	trials	123	s123_J210701	grCe_grSu6CiNe_PS	19	180.0	0	1918.286	1918.585
1918.586	0.8999999999998636	trials	123	s123_J210701	grCe_grSu1Ne	3	180.0	0	1918.886	1919.185
1926.8120000000001	0.8999999999998636	trials	123	s123_J210701	grCe_grSu1Ne	3	270.0	0	1927.112	1927.411
1927.412	0.8999999999998636	trials	123	s123_J210701	grCe_grSu12SmCiNe_PS	21	90.0	0	1927.712	1928.011
1936.2630000000001	0.8999999999998636	trials	123	s123_J210701	grCe_grSu18Fa	11	0.0	0	1936.563	1936.862
1936.896	0.8999999999998636	trials	123	s123_J210701	grCe_grSu6CiNe_PS	19	135.0	0	1937.196	1937.496
1943.406	0.8999999999998636	trials	123	s123_J210701	grCe_grSu6Ne	7	315.0	0	1943.706	1944.005
1952.8980000000001	0.8999999999998636	trials	123	s123_J210701	grCe_grSu12SmCiNe	13	315.0	0	1953.198	1953.498
1958.549	0.8999999999998636	trials	123	s123_J210701	grCe_grSu12Mi	9	135.0	0	1958.849	1959.149
1959.1490000000001	0.8999999999998636	trials	123	s123_J210701	grCe_grSu6Ne	7	180.0	0	1959.449	1959.749
1964.2	0.8999999999998636	trials	123	s123_J210701	grCe_grSu6Ne	7	270.0	0	1964.5	1964.799
1964.808	0.8999999999998636	trials	123	s123_J210701	grCe_grSu6Ne	7	90.0	0	1965.108	1965.408
1965.4080000000001	0.8999999999998636	trials	123	s123_J210701	grCe_grSu12SmCiNe_PS	21	225.0	0	1965.708	1966.008
1970.334	0.8999999999998636	trials	123	s123_J210701	coCe	16	90.0	0	1970.634	1970.934
1974.368	0.8999999999998636	trials	123	s123_J210701	grCe	1	315.0	0	1974.668	1974.967
1974.968	0.8999999999998636	trials	123	s123_J210701	grCe_grSu3Ne	5	225.0	0	1975.268	1975.567
1979.977	0.8999999999998636	trials	123	s123_J210701	grCe_grSu6Ne_PS	18	225.0	0	1980.277	1980.576
1983.602	0.8999999999998636	trials	123	s123_J210701	grSu3Ne	4		0	1983.902	1984.202
1984.211	0.8999999999998636	trials	123	s123_J210701	grSu12Mi	8		0	1984.511	1984.81
1984.819	0.8999999999998636	trials	123	s123_J210701	grCe_grSu12Mi	9	0.0	0	1985.119	1985.419
1989.978	0.8999999999998636	trials	123	s123_J210701	grCe_grSu6Ne_PS	18	90.0	0	1990.278	1990.578
1990.578	0.8999999999998636	trials	123	s123_J210701	grCe_grSu3Ne	5	315.0	0	1990.878	1991.178
1991.178	0.8999999999998636	trials	123	s123_J210701	coCe	16	135.0	0	1991.478	1991.778
1996.279	0.8999999999998636	trials	123	s123_J210701	grCe_grSu6Ne	7	45.0	0	1996.579	1996.879
1997.479	0.8999999999998636	trials	123	s123_J210701	grCe_grSu12SmCiNe	13	180.0	0	1997.779	1998.079
2002.305	0.8999999999998636	trials	123	s123_J210701	grCe_grSu6Ne	7	0.0	0	2002.605	2002.904
2002.913	0.8999999999998636	trials	123	s123_J210701	grSu18Fa	10		0	2003.213	2003.513
2003.5130000000001	0.8999999999998636	trials	123	s123_J210701	coCe	16	315.0	0	2003.813	2004.113
2008.539	0.8999999999998636	trials	123	s123_J210701	grCe_grSu18Fa	11	45.0	0	2008.839	2009.138
2009.1390000000001	0.8999999999998636	trials	123	s123_J210701	grCe_grSu6CiNe_PS	19	315.0	0	2009.439	2009.739
2009.739	0.8999999999998636	trials	123	s123_J210701	grCe_grSu6Ne_PS	18	180.0	0	2010.039	2010.339
2014.69	0.8999999999998636	trials	123	s123_J210701	grCe_grSu1Ne	3	45.0	0	2014.99	2015.289
2015.29	0.8999999999998636	trials	123	s123_J210701	grCe_grSu12SmCiNe_PS	21	135.0	0	2015.59	2015.889
2023.8410000000001	0.8999999999998636	trials	123	s123_J210701	grCe_grSu3Ne	5	45.0	0	2024.141	2024.44
2024.441	0.8999999999998636	trials	123	s123_J210701	grCe_grSu12SmCiNe_PS	21	0.0	0	2024.741	2025.041
2025.083	0.8999999999998636	trials	123	s123_J210701	grCe_grSu6Ne_PS	18	0.0	0	2025.383	2025.682
2030.0330000000001	0.8999999999998636	trials	123	s123_J210701	grCe_grSu6CiNe	15	225.0	0	2030.333	2030.633
2030.633	0.8999999999998636	trials	123	s123_J210701	grCe_grSu3Ne	5	270.0	0	2030.933	2031.233
2031.2340000000002	0.8999999999998636	trials	123	s123_J210701	grCe_grSu6Ne_PS	18	90.0	6	2031.534	2031.833
2036.218	0.8999999999998636	trials	123	s123_J210701	grCe	1	45.0	6	2036.518	2036.817
2036.826	0.8999999999998636	trials	123	s123_J210701	grCe_grSu12Mi	9	315.0	6	2037.126	2037.425
2037.4260000000002	0.8999999999998636	trials	123	s123_J210701	grCe_grSu6CiNe_PS	19	270.0	6	2037.726	2038.026
2045.4850000000001	0.8999999999998636	trials	123	s123_J210701	coCe_grSu6Ne	17	315.0	6	2045.785	2046.085
2046.085	0.8999999999998636	trials	123	s123_J210701	grCe_grSu6CiNe	15	90.0	6	2046.385	2046.685
2046.6860000000001	0.8999999999998636	trials	123	s123_J210701	grCe_grSu6CiNe	15	45.0	6	2046.986	2047.285
2051.711	0.900000000000091	trials	123	s123_J210701	grCe_grSu6Ne	7	225.0	6	2052.011	2052.311
2052.9109999999996	0.900000000000091	trials	123	s123_J210701	grSu6CiNe	14		6	2053.211	2053.511
2057.962	0.900000000000091	trials	123	s123_J210701	grCe_grSu6CiNe	15	225.0	6	2058.262	2058.562
2058.562	0.900000000000091	trials	123	s123_J210701	grCe_grSu6CiNe_PS	19	0.0	6	2058.862	2059.162
2059.171	0.900000000000091	trials	123	s123_J210701	grCe_grSu18Fa	11	0.0	6	2059.471	2059.77
2064.1209999999996	0.900000000000091	trials	123	s123_J210701	grCe	1	270.0	6	2064.421	2064.721
2064.73	0.900000000000091	trials	123	s123_J210701	grCe_grSu12SmCiNe	13	135.0	6	2065.03	2065.329
2065.33	0.900000000000091	trials	123	s123_J210701	coCe	16	45.0	6	2065.63	2065.929
2070.4469999999997	0.900000000000091	trials	123	s123_J210701	grCe_grSu3Ne	5	90.0	6	2070.747	2071.047
2075.7729999999997	0.900000000000091	trials	123	s123_J210701	grCe	1	0.0	6	2076.073	2076.372
2080.865	0.900000000000091	trials	123	s123_J210701	grCe_grSu3Ne	5	270.0	6	2081.165	2081.465
2084.582	0.900000000000091	trials	123	s123_J210701	grCe_grSu12SmCiNe_PS	21	180.0	6	2084.882	2085.182
2085.182	0.900000000000091	trials	123	s123_J210701	grSu12SmCiNe	12		6	2085.482	2085.782
2085.7819999999997	0.900000000000091	trials	123	s123_J210701	coSu6Ne	20		6	2086.082	2086.382
2091.2329999999997	0.900000000000091	trials	123	s123_J210701	grCe_grSu6Ne	7	90.0	6	2091.533	2091.833
2091.8329999999996	0.900000000000091	trials	123	s123_J210701	grCe_grSu6Ne	7	180.0	6	2092.133	2092.433
2092.433	0.900000000000091	trials	123	s123_J210701	coCe	16	180.0	6	2092.733	2093.033
2097.5589999999997	0.900000000000091	trials	123	s123_J210701	grCe_grSu1Ne	3	270.0	6	2097.859	2098.158
2098.167	0.900000000000091	trials	123	s123_J210701	grCe_grSu18Fa	11	315.0	6	2098.467	2098.767
2098.767	0.900000000000091	trials	123	s123_J210701	grCe_grSu12SmCiNe	13	225.0	6	2099.067	2099.367
2104.243	0.900000000000091	trials	123	s123_J210701	grCe_grSu12SmCiNe	13	270.0	6	2104.543	2104.843
2104.843	0.900000000000091	trials	123	s123_J210701	grCe_grSu3Ne	5	225.0	6	2105.143	2105.443
2105.4429999999998	0.900000000000091	trials	123	s123_J210701	grSu1Ne	2		6	2105.743	2106.043
2111.6189999999997	0.900000000000091	trials	123	s123_J210701	grCe_grSu1Ne	3	315.0	6	2111.919	2112.219
2116.8959999999997	0.900000000000091	trials	123	s123_J210701	coCe_grSu6Ne	17	225.0	6	2117.196	2117.495
2117.4959999999996	0.900000000000091	trials	123	s123_J210701	grCe_grSu12SmCiNe_PS	21	45.0	6	2117.796	2118.095
2118.096	0.900000000000091	trials	123	s123_J210701	grCe_grSu6Ne	7	0.0	6	2118.396	2118.695
2123.1549999999997	0.900000000000091	trials	123	s123_J210701	grCe	1	315.0	6	2123.455	2123.754
2123.7549999999997	0.900000000000091	trials	123	s123_J210701	grCe_grSu12SmCiNe	13	0.0	6	2124.055	2124.354
2132.614	0.900000000000091	trials	123	s123_J210701	grCe_grSu6Ne_PS	18	225.0	6	2132.914	2133.214
2133.214	0.900000000000091	trials	123	s123_J210701	grCe_grSu6CiNe_PS	19	90.0	6	2133.514	2133.814
2136.723	0.900000000000091	trials	123	s123_J210701	coCe_grSu6Ne	17	90.0	6	2137.023	2137.323
2137.323	0.900000000000091	trials	123	s123_J210701	coCe_grSu6Ne	17	0.0	6	2137.623	2137.923
2137.932	0.900000000000091	trials	123	s123_J210701	grCe_grSu6Ne	7	45.0	6	2138.232	2138.531
2143.682	0.900000000000091	trials	123	s123_J210701	grCe_grSu1Ne	3	90.0	6	2143.982	2144.282
2144.2909999999997	0.900000000000091	trials	123	s123_J210701	grSu18Fa	10		6	2144.591	2144.89
2149.25	0.900000000000091	trials	123	s123_J210701	grCe_grSu6Ne_PS	18	270.0	6	2149.55	2149.849
2149.8579999999997	0.900000000000091	trials	123	s123_J210701	grCe_grSu12Mi	9	135.0	6	2150.158	2150.458
2162.127	0.900000000000091	trials	123	s123_J210701	grCe_grSu6Ne_PS	18	180.0	6	2162.427	2162.726
2162.727	0.900000000000091	trials	123	s123_J210701	grCe	1	90.0	6	2163.027	2163.326
2175.0119999999997	0.900000000000091	trials	123	s123_J210701	grCe_grSu12SmCiNe_PS	21	0.0	6	2175.312	2175.611
2176.2279999999996	0.900000000000091	trials	123	s123_J210701	grCe_grSu12SmCiNe	13	90.0	6	2176.528	2176.828
2181.3289999999997	0.900000000000091	trials	123	s123_J210701	coCe	16	225.0	6	2181.629	2181.929
2181.9289999999996	0.900000000000091	trials	123	s123_J210701	grCe_grSu12SmCiNe_PS	21	135.0	6	2182.229	2182.529
2182.538	0.900000000000091	trials	123	s123_J210701	grCe_grSu18Fa	11	180.0	6	2182.838	2183.137
2187.5719999999997	0.900000000000091	trials	123	s123_J210701	grCe_grSu6Ne	7	135.0	6	2187.872	2188.171
2188.7799999999997	0.900000000000091	trials	123	s123_J210701	grCe_grSu12Mi	9	0.0	6	2189.08	2189.38
2194.3219999999997	0.900000000000091	trials	123	s123_J210701	grCe_grSu6Ne_PS	18	135.0	6	2194.622	2194.922
2194.922	0.900000000000091	trials	123	s123_J210701	grCe_grSu12SmCiNe_PS	21	270.0	6	2195.222	2195.522
2199.806	0.900000000000091	trials	123	s123_J210701	grCe_grSu1Ne	3	45.0	6	2200.106	2200.406
2203.999	0.900000000000091	trials	123	s123_J210701	grCe_grSu6CiNe_PS	19	225.0	6	2204.299	2204.598
2204.682	0.900000000000091	trials	123	s123_J210701	grCe	1	225.0	6	2204.982	2205.282
2213.692	0.900000000000091	trials	123	s123_J210701	grCe_grSu6Ne	7	315.0	6	2213.992	2214.291
2214.308	0.900000000000091	trials	123	s123_J210701	grCe_grSu6Ne_PS	18	0.0	6	2214.608	2214.908
2214.908	0.900000000000091	trials	123	s123_J210701	grCe_grSu6Ne	7	270.0	6	2215.208	2215.508
2223.46	0.900000000000091	trials	123	s123_J210701	grCe_grSu18Fa	11	225.0	6	2223.76	2224.059
2224.06	0.900000000000091	trials	123	s123_J210701	coCe_grSu6Ne	17	135.0	6	2224.36	2224.659
2224.6679999999997	0.900000000000091	trials	123	s123_J210701	grCe_grSu12Mi	9	270.0	6	2224.968	2225.268
2233.903	0.900000000000091	trials	123	s123_J210701	grCe_grSu12SmCiNe	13	315.0	6	2234.203	2234.502
2234.5359999999996	0.900000000000091	trials	123	s123_J210701	grCe_grSu12Mi	9	90.0	6	2234.836	2235.135
2235.144	0.900000000000091	trials	123	s123_J210701	grCe_grSu12Mi	9	180.0	6	2235.444	2235.744
2244.2709999999997	0.900000000000091	trials	123	s123_J210701	grCe	1	135.0	6	2244.571	2244.87
2244.8709999999996	0.900000000000091	trials	123	s123_J210701	coCe	16	270.0	6	2245.171	2245.47
2245.471	0.900000000000091	trials	123	s123_J210701	coCe_grSu6Ne	17	270.0	6	2245.771	2246.07
2253.797	0.900000000000091	trials	123	s123_J210701	grSu6Ne	6		6	2254.097	2254.396
2254.4049999999997	0.900000000000091	trials	123	s123_J210701	coCe_grSu6Ne	17	180.0	6	2254.705	2255.005
2260.6229999999996	0.900000000000091	trials	123	s123_J210701	grCe_grSu6CiNe	15	0.0	6	2260.923	2261.222
2261.223	0.900000000000091	trials	123	s123_J210701	grCe_grSu1Ne	3	180.0	6	2261.523	2261.822
2266.2729999999997	0.900000000000091	trials	123	s123_J210701	NoStim	0		6	2266.573	2266.873
2266.8729999999996	0.900000000000091	trials	123	s123_J210701	grCe_grSu6Ne_PS	18	45.0	6	2267.173	2267.473
2267.482	0.900000000000091	trials	123	s123_J210701	grCe_grSu12Mi	9	225.0	6	2267.782	2268.081
2276.1659999999997	0.900000000000091	trials	123	s123_J210701	grCe_grSu3Ne	5	315.0	6	2276.466	2276.766
2276.7659999999996	0.900000000000091	trials	123	s123_J210701	grCe_grSu6CiNe_PS	19	45.0	6	2277.066	2277.366
2282.334	0.900000000000091	trials	123	s123_J210701	grCe_grSu6CiNe	15	180.0	6	2282.634	2282.933
2282.9339999999997	0.900000000000091	trials	123	s123_J210701	coCe	16	315.0	6	2283.234	2283.533
2288.585	0.900000000000091	trials	123	s123_J210701	grCe_grSu6CiNe	15	270.0	6	2288.885	2289.184
2289.1929999999998	0.900000000000091	trials	123	s123_J210701	grCe_grSu18Fa	11	45.0	6	2289.493	2289.793
2289.7929999999997	0.900000000000091	trials	123	s123_J210701	grCe_grSu12SmCiNe_PS	21	90.0	6	2290.093	2290.393
2295.4519999999998	0.900000000000091	trials	123	s123_J210701	coCe	16	135.0	6	2295.752	2296.052
2296.0519999999997	0.900000000000091	trials	123	s123_J210701	grCe_grSu12SmCiNe_PS	21	315.0	6	2296.352	2296.652
2301.895	0.900000000000091	trials	123	s123_J210701	grSu12Mi	8		6	2302.195	2302.494
2302.5029999999997	0.900000000000091	trials	123	s123_J210701	grCe_grSu12Mi	9	45.0	6	2302.803	2303.103
2308.4959999999996	0.900000000000091	trials	123	s123_J210701	grCe	1	180.0	6	2308.796	2309.095
2309.696	0.900000000000091	trials	123	s123_J210701	grCe_grSu6Ne_PS	18	315.0	6	2309.996	2310.295
2319.0719999999997	0.900000000000091	trials	123	s123_J210701	grCe_grSu6CiNe_PS	19	135.0	6	2319.372	2319.671
2319.68	0.900000000000091	trials	123	s123_J210701	grCe_grSu18Fa	11	90.0	6	2319.98	2320.28
2320.305	0.900000000000091	trials	123	s123_J210701	grCe_grSu6CiNe_PS	19	180.0	6	2320.605	2320.905
2326.915	0.900000000000091	trials	123	s123_J210701	grCe_grSu3Ne	5	180.0	6	2327.215	2327.514
2327.515	0.900000000000091	trials	123	s123_J210701	grCe_grSu1Ne	3	135.0	6	2327.815	2328.114
2331.198	0.900000000000091	trials	123	s123_J210701	grCe_grSu12SmCiNe_PS	21	225.0	6	2331.498	2331.798
2332.399	0.900000000000091	trials	123	s123_J210701	coCe_grSu6Ne	17	45.0	6	2332.699	2332.998
2349.468	0.900000000000091	trials	123	s123_J210701	grCe_grSu1Ne	3	0.0	6	2349.768	2350.067
2350.076	0.900000000000091	trials	123	s123_J210701	grCe_grSu18Fa	11	270.0	6	2350.376	2350.675
2350.6839999999997	0.900000000000091	trials	123	s123_J210701	grCe_grSu3Ne	5	45.0	6	2350.984	2351.284
2356.2019999999998	0.900000000000091	trials	123	s123_J210701	grCe_grSu18Fa	11	135.0	6	2356.502	2356.801
2356.81	0.900000000000091	trials	123	s123_J210701	grCe_grSu3Ne	5	0.0	6	2357.11	2357.41
2362.019	0.900000000000091	trials	123	s123_J210701	grCe_grSu6CiNe_PS	19	315.0	6	2362.319	2362.619
2362.6189999999997	0.900000000000091	trials	123	s123_J210701	grCe_grSu12SmCiNe	13	180.0	6	2362.919	2363.219
2369.5699999999997	0.900000000000091	trials	123	s123_J210701	grCe_grSu3Ne	5	135.0	6	2369.87	2370.17
2374.837	0.900000000000091	trials	123	s123_J210701	coCe	16	90.0	6	2375.137	2375.437
2378.305	0.900000000000091	trials	123	s123_J210701	grCe_grSu1Ne	3	225.0	6	2378.605	2378.904
2378.913	0.900000000000091	trials	123	s123_J210701	grCe_grSu12SmCiNe	13	45.0	6	2379.213	2379.513
2379.513	0.900000000000091	trials	123	s123_J210701	coCe	16	0.0	6	2379.813	2380.113
2384.355	0.900000000000091	trials	123	s123_J210701	grSu3Ne	4		6	2384.655	2384.955
2387.872	0.900000000000091	trials	123	s123_J210701	grCe_grSu6CiNe	15	135.0	6	2388.172	2388.472
2391.348	0.900000000000091	trials	123	s123_J210701	grCe_grSu6CiNe	15	315.0	6	2391.648	2391.947
2398.557	0.900000000000091	trials	123	s123_J210701	coCe_grSu6Ne	17	135.0	2	2398.857	2399.157
2402.941	0.900000000000091	trials	123	s123_J210701	grCe_grSu6Ne_PS	18	0.0	2	2403.241	2403.541
2403.5409999999997	0.900000000000091	trials	123	s123_J210701	grCe_grSu12SmCiNe	13	90.0	2	2403.841	2404.141
2408.5919999999996	0.900000000000091	trials	123	s123_J210701	grCe_grSu3Ne	5	315.0	2	2408.892	2409.191
2409.192	0.900000000000091	trials	123	s123_J210701	coCe_grSu6Ne	17	270.0	2	2409.492	2409.791
2409.792	0.900000000000091	trials	123	s123_J210701	grCe_grSu6CiNe_PS	19	315.0	2	2410.092	2410.392
2414.801	0.900000000000091	trials	123	s123_J210701	grCe_grSu6CiNe_PS	19	90.0	2	2415.101	2415.4
2415.401	0.900000000000091	trials	123	s123_J210701	grCe_grSu6CiNe	15	270.0	2	2415.701	2416.001
2416.0009999999997	0.900000000000091	trials	123	s123_J210701	grCe_grSu6CiNe_PS	19	270.0	2	2416.301	2416.601
2421.66	0.900000000000091	trials	123	s123_J210701	grCe_grSu12Mi	9	135.0	2	2421.96	2422.26
2422.2599999999998	0.900000000000091	trials	123	s123_J210701	grCe_grSu6Ne	7	135.0	2	2422.56	2422.86
2427.303	0.900000000000091	trials	123	s123_J210701	grCe_grSu1Ne	3	90.0	2	2427.603	2427.902
2427.903	0.900000000000091	trials	123	s123_J210701	coCe	16	90.0	2	2428.203	2428.502
2428.5029999999997	0.900000000000091	trials	123	s123_J210701	grCe_grSu6Ne	7	90.0	2	2428.803	2429.102
2433.462	0.900000000000091	trials	123	s123_J210701	NoStim	0		2	2433.762	2434.061
2434.0699999999997	0.900000000000091	trials	123	s123_J210701	grCe_grSu12Mi	9	270.0	2	2434.37	2434.67
2434.6699999999996	0.900000000000091	trials	123	s123_J210701	grCe_grSu3Ne	5	180.0	2	2434.97	2435.27
2439.613	0.900000000000091	trials	123	s123_J210701	grCe	1	0.0	2	2439.913	2440.212
2440.2129999999997	0.900000000000091	trials	123	s123_J210701	grCe_grSu6Ne	7	0.0	2	2440.513	2440.812
2440.8129999999996	0.900000000000091	trials	123	s123_J210701	grCe	1	225.0	2	2441.113	2441.412
2445.7549999999997	0.900000000000091	trials	123	s123_J210701	grCe_grSu6Ne	7	225.0	2	2446.055	2446.355
2449.397	0.900000000000091	trials	123	s123_J210701	grCe_grSu6Ne	7	270.0	2	2449.697	2449.997
2449.997	0.900000000000091	trials	123	s123_J210701	grCe_grSu12SmCiNe	13	270.0	2	2450.297	2450.597
2450.5969999999998	0.900000000000091	trials	123	s123_J210701	grCe_grSu6Ne	7	315.0	2	2450.897	2451.197
2455.49	0.900000000000091	trials	123	s123_J210701	grCe_grSu12SmCiNe	13	180.0	2	2455.79	2456.089
2462.582	0.900000000000091	trials	123	s123_J210701	grCe_grSu6Ne_PS	18	135.0	2	2462.882	2463.182
2463.182	0.900000000000091	trials	123	s123_J210701	grCe_grSu12SmCiNe_PS	21	135.0	2	2463.482	2463.782
2471.5829999999996	0.900000000000091	trials	123	s123_J210701	coCe	16	315.0	2	2471.883	2472.183
2472.183	0.900000000000091	trials	123	s123_J210701	grCe_grSu12SmCiNe_PS	21	90.0	2	2472.483	2472.783
2472.7839999999997	0.900000000000091	trials	123	s123_J210701	grCe_grSu6Ne	7	180.0	2	2473.084	2473.383
2477.651	0.900000000000091	trials	123	s123_J210701	grCe_grSu12SmCiNe	13	0.0	2	2477.951	2478.25
2478.2509999999997	0.900000000000091	trials	123	s123_J210701	grCe_grSu12SmCiNe	13	45.0	2	2478.551	2478.85
2478.8509999999997	0.900000000000091	trials	123	s123_J210701	coCe	16	45.0	2	2479.151	2479.45
2483.9519999999998	0.900000000000091	trials	123	s123_J210701	grCe_grSu1Ne	3	315.0	2	2484.252	2484.551
2484.5519999999997	0.900000000000091	trials	123	s123_J210701	grCe_grSu6Ne_PS	18	225.0	2	2484.852	2485.151
2485.152	0.900000000000091	trials	123	s123_J210701	grCe_grSu1Ne	3	180.0	2	2485.452	2485.751
2489.9939999999997	0.900000000000091	trials	123	s123_J210701	coCe_grSu6Ne	17	315.0	2	2490.294	2490.594
2490.5939999999996	0.900000000000091	trials	123	s123_J210701	grCe_grSu6CiNe	15	315.0	2	2490.894	2491.194
2494.0029999999997	0.900000000000091	trials	123	s123_J210701	grSu12Mi	8		2	2494.303	2494.602
2494.6029999999996	0.900000000000091	trials	123	s123_J210701	grCe_grSu12SmCiNe_PS	21	180.0	2	2494.903	2495.203
2495.203	0.900000000000091	trials	123	s123_J210701	grCe_grSu6CiNe_PS	19	180.0	2	2495.503	2495.803
2500.1699999999996	0.900000000000091	trials	123	s123_J210701	grCe_grSu3Ne	5	45.0	2	2500.47	2500.77
2500.779	0.900000000000091	trials	123	s123_J210701	grCe_grSu3Ne	5	135.0	2	2501.079	2501.378
2501.379	0.900000000000091	trials	123	s123_J210701	coCe	16	225.0	2	2501.679	2501.978
2506.388	0.900000000000091	trials	123	s123_J210701	grCe	1	90.0	2	2506.688	2506.987
2507.605	0.900000000000091	trials	123	s123_J210701	grCe	1	45.0	2	2507.905	2508.204
2512.455	0.900000000000091	trials	123	s123_J210701	grCe_grSu1Ne	3	45.0	2	2512.755	2513.055
2513.172	0.900000000000091	trials	123	s123_J210701	grCe_grSu3Ne	5	225.0	2	2513.472	2513.772
2513.772	0.900000000000091	trials	123	s123_J210701	grCe	1	315.0	2	2514.072	2514.372
2519.3399999999997	0.900000000000091	trials	123	s123_J210701	grCe_grSu12SmCiNe_PS	21	0.0	2	2519.64	2519.939
2524.982	0.900000000000091	trials	123	s123_J210701	coCe_grSu6Ne	17	45.0	2	2525.282	2525.581
2525.582	0.900000000000091	trials	123	s123_J210701	coCe	16	270.0	2	2525.882	2526.182
2526.1899999999996	0.900000000000091	trials	123	s123_J210701	grCe_grSu3Ne	5	90.0	2	2526.49	2526.79
2531.3579999999997	0.900000000000091	trials	123	s123_J210701	grCe_grSu12SmCiNe	13	225.0	2	2531.658	2531.957
2531.966	0.900000000000091	trials	123	s123_J210701	grCe_grSu12Mi	9	315.0	2	2532.266	2532.566
2532.566	0.900000000000091	trials	123	s123_J210701	grCe_grSu12SmCiNe_PS	21	270.0	2	2532.866	2533.166
2538.5919999999996	0.900000000000091	trials	123	s123_J210701	coCe	16	135.0	2	2538.892	2539.192
2547.618	0.900000000000091	trials	123	s123_J210701	grCe_grSu3Ne	5	270.0	2	2547.918	2548.218
2548.227	0.900000000000091	trials	123	s123_J210701	grCe_grSu12Mi	9	180.0	2	2548.527	2548.826
2548.8269999999998	0.900000000000091	trials	123	s123_J210701	grSu12SmCiNe	12		2	2549.127	2549.426
2553.8689999999997	0.900000000000091	trials	123	s123_J210701	grCe_grSu12SmCiNe_PS	21	225.0	2	2554.169	2554.469
2554.4939999999997	0.900000000000091	trials	123	s123_J210701	grCe_grSu6Ne	7	45.0	2	2554.794	2555.094
2555.0939999999996	0.900000000000091	trials	123	s123_J210701	grCe_grSu6CiNe_PS	19	135.0	2	2555.394	2555.694
2560.0029999999997	0.900000000000091	trials	123	s123_J210701	grCe_grSu6CiNe	15	90.0	2	2560.303	2560.603
2560.6119999999996	0.900000000000091	trials	123	s123_J210701	grCe_grSu18Fa	11	315.0	2	2560.912	2561.211
2561.212	0.900000000000091	trials	123	s123_J210701	grCe	1	180.0	2	2561.512	2561.811
2566.154	0.900000000000091	trials	123	s123_J210701	grCe_grSu12Mi	9	225.0	2	2566.454	2566.753
2566.7709999999997	0.900000000000091	trials	123	s123_J210701	grSu6Ne	6		2	2567.071	2567.37
2573.0879999999997	0.900000000000091	trials	123	s123_J210701	coCe_grSu6Ne	17	90.0	2	2573.388	2573.688
2573.6969999999997	0.900000000000091	trials	123	s123_J210701	grCe_grSu18Fa	11	270.0	2	2573.997	2574.296
2578.7639999999997	0.900000000000091	trials	123	s123_J210701	coCe_grSu6Ne	17	0.0	2	2579.064	2579.363
2579.964	0.900000000000091	trials	123	s123_J210701	coCe_grSu6Ne	17	225.0	2	2580.264	2580.564
2584.973	0.900000000000091	trials	123	s123_J210701	grCe	1	270.0	2	2585.273	2585.573
2586.173	0.900000000000091	trials	123	s123_J210701	grCe	1	135.0	2	2586.473	2586.773
2591.149	0.900000000000091	trials	123	s123_J210701	grCe_grSu6Ne_PS	18	90.0	2	2591.449	2591.748
2591.749	0.900000000000091	trials	123	s123_J210701	grCe_grSu1Ne	3	0.0	2	2592.049	2592.348
2592.3489999999997	0.900000000000091	trials	123	s123_J210701	grCe_grSu6Ne_PS	18	45.0	2	2592.649	2592.949
2597.341	0.900000000000091	trials	123	s123_J210701	coCe	16	0.0	2	2597.641	2597.941
2597.95	0.900000000000091	trials	123	s123_J210701	grCe_grSu6CiNe	15	0.0	2	2598.25	2598.549
2601.4249999999997	0.900000000000091	trials	123	s123_J210701	coCe	16	180.0	2	2601.725	2602.025
2602.634	0.900000000000091	trials	123	s123_J210701	grCe_grSu18Fa	11	0.0	2	2602.934	2603.233
2607.7839999999997	0.900000000000091	trials	123	s123_J210701	grCe_grSu6Ne_PS	18	180.0	2	2608.084	2608.384
2608.984	0.900000000000091	trials	123	s123_J210701	grCe_grSu12SmCiNe	13	315.0	2	2609.284	2609.584
2615.335	0.900000000000091	trials	123	s123_J210701	grCe_grSu18Fa	11	180.0	2	2615.635	2615.935
2620.4779999999996	0.900000000000091	trials	123	s123_J210701	grCe_grSu12SmCiNe	13	135.0	2	2620.778	2621.077
2621.086	0.900000000000091	trials	123	s123_J210701	grCe_grSu12Mi	9	90.0	2	2621.386	2621.686
2621.6859999999997	0.900000000000091	trials	123	s123_J210701	coCe_grSu6Ne	17	180.0	2	2621.986	2622.286
2626.72	0.900000000000091	trials	123	s123_J210701	grCe_grSu6CiNe	15	225.0	2	2627.02	2627.32
2630.212	0.900000000000091	trials	123	s123_J210701	grCe_grSu3Ne	5	0.0	2	2630.512	2630.812
2630.854	0.900000000000091	trials	123	s123_J210701	grCe_grSu18Fa	11	225.0	2	2631.154	2631.454
2636.971	0.900000000000091	trials	123	s123_J210701	grCe_grSu1Ne	3	270.0	2	2637.271	2637.571
2637.5719999999997	0.900000000000091	trials	123	s123_J210701	grCe_grSu6Ne_PS	18	315.0	2	2637.872	2638.171
2642.589	0.900000000000091	trials	123	s123_J210701	grCe_grSu12SmCiNe_PS	21	45.0	2	2642.889	2643.188
2646.214	0.900000000000091	trials	123	s123_J210701	coSu6Ne	20		2	2646.514	2646.814
2650.473	0.900000000000091	trials	123	s123_J210701	grCe_grSu6CiNe_PS	19	225.0	2	2650.773	2651.073
2651.073	0.900000000000091	trials	123	s123_J210701	grCe_grSu12SmCiNe_PS	21	315.0	2	2651.373	2651.673
2651.682	0.900000000000091	trials	123	s123_J210701	grCe_grSu12Mi	9	0.0	2	2651.982	2652.281
2656.6659999999997	0.900000000000091	trials	123	s123_J210701	grCe_grSu6CiNe	15	45.0	2	2656.966	2657.265
2669.267	0.900000000000091	trials	123	s123_J210701	grSu3Ne	4		2	2669.567	2669.867
2672.6929999999998	0.900000000000091	trials	123	s123_J210701	grCe_grSu6CiNe	15	135.0	2	2672.993	2673.292
2673.2929999999997	0.900000000000091	trials	123	s123_J210701	grCe_grSu1Ne	3	225.0	2	2673.593	2673.892
2673.901	0.900000000000091	trials	123	s123_J210701	grCe_grSu12Mi	9	45.0	2	2674.201	2674.501
2679.1099999999997	0.900000000000091	trials	123	s123_J210701	grSu6CiNe	14		2	2679.41	2679.71
2679.7439999999997	0.900000000000091	trials	123	s123_J210701	grSu18Fa	10		2	2680.044	2680.343
2680.3439999999996	0.900000000000091	trials	123	s123_J210701	grCe_grSu6CiNe	15	180.0	2	2680.644	2680.943
2685.5359999999996	0.900000000000091	trials	123	s123_J210701	grCe_grSu18Fa	11	45.0	2	2685.836	2686.136
2686.736	0.900000000000091	trials	123	s123_J210701	grSu1Ne	2		2	2687.036	2687.336
2691.745	0.900000000000091	trials	123	s123_J210701	grCe_grSu6Ne_PS	18	270.0	2	2692.045	2692.345
2692.9869999999996	0.900000000000091	trials	123	s123_J210701	grCe_grSu6CiNe_PS	19	45.0	2	2693.287	2693.587
2697.921	0.900000000000091	trials	123	s123_J210701	grCe_grSu6CiNe_PS	19	0.0	2	2698.221	2698.521
2698.529	0.900000000000091	trials	123	s123_J210701	grCe_grSu18Fa	11	90.0	2	2698.829	2699.129
2699.1549999999997	0.900000000000091	trials	123	s123_J210701	grCe_grSu18Fa	11	135.0	2	2699.455	2699.754
2704.0969999999998	0.900000000000091	trials	123	s123_J210701	grCe_grSu1Ne	3	135.0	2	2704.397	2704.696
2707.7309999999998	0.900000000000091	trials	123	s123_J210701	grCe_grSu12SmCiNe_PS	21	135.0	1	2708.031	2708.33
2708.3309999999997	0.900000000000091	trials	123	s123_J210701	coSu6Ne	20		1	2708.631	2708.93
2721.0319999999997	0.900000000000091	trials	123	s123_J210701	grCe_grSu12SmCiNe_PS	21	225.0	1	2721.332	2721.632
2725.1659999999997	0.900000000000091	trials	123	s123_J210701	grCe_grSu12Mi	9	180.0	1	2725.466	2725.766
2725.783	0.900000000000091	trials	123	s123_J210701	grCe_grSu6CiNe	15	180.0	1	2726.083	2726.382
2730.959	0.900000000000091	trials	123	s123_J210701	grCe_grSu18Fa	11	180.0	1	2731.259	2731.558
2731.567	0.900000000000091	trials	123	s123_J210701	grCe_grSu12Mi	9	270.0	1	2731.867	2732.167
2732.1749999999997	0.900000000000091	trials	123	s123_J210701	grCe_grSu3Ne	5	315.0	1	2732.475	2732.775
2737.451	0.900000000000091	trials	123	s123_J210701	grCe_grSu1Ne	3	315.0	1	2737.751	2738.051
2738.051	0.900000000000091	trials	123	s123_J210701	coCe	16	270.0	1	2738.351	2738.651
2742.1099999999997	0.900000000000091	trials	123	s123_J210701	grCe	1	135.0	1	2742.41	2742.71
2747.769	0.900000000000091	trials	123	s123_J210701	coCe_grSu6Ne	17	270.0	1	2748.069	2748.369
2751.745	0.900000000000091	trials	123	s123_J210701	grCe_grSu6Ne	7	0.0	1	2752.045	2752.344
2752.953	0.900000000000091	trials	123	s123_J210701	grCe_grSu12Mi	9	135.0	1	2753.253	2753.553
2758.071	0.900000000000091	trials	123	s123_J210701	grCe_grSu6Ne_PS	18	90.0	1	2758.371	2758.67
2761.546	0.900000000000091	trials	123	s123_J210701	coCe_grSu6Ne	17	90.0	1	2761.846	2762.145
2762.754	0.900000000000091	trials	123	s123_J210701	grCe_grSu12Mi	9	225.0	1	2763.054	2763.354
2767.872	0.900000000000091	trials	123	s123_J210701	grCe_grSu6CiNe_PS	19	270.0	1	2768.172	2768.471
2768.48	0.900000000000091	trials	123	s123_J210701	grCe_grSu12Mi	9	90.0	1	2768.78	2769.08
2769.089	0.900000000000091	trials	123	s123_J210701	grCe_grSu18Fa	11	90.0	1	2769.389	2769.688
2783.816	0.900000000000091	trials	123	s123_J210701	coCe	16	180.0	1	2784.116	2784.415
2784.4159999999997	0.900000000000091	trials	123	s123_J210701	grCe_grSu3Ne	5	225.0	1	2784.716	2785.015
2789.5829999999996	0.900000000000091	trials	123	s123_J210701	grCe_grSu18Fa	11	270.0	1	2789.883	2790.182
2790.183	0.900000000000091	trials	123	s123_J210701	coCe	16	225.0	1	2790.483	2790.783
2790.7909999999997	0.900000000000091	trials	123	s123_J210701	grCe_grSu12SmCiNe	13	225.0	1	2791.091	2791.391
2798.884	0.900000000000091	trials	123	s123_J210701	grSu6Ne	6		1	2799.184	2799.484
2799.493	0.900000000000091	trials	123	s123_J210701	grCe_grSu3Ne	5	180.0	1	2799.793	2800.092
2800.093	0.900000000000091	trials	123	s123_J210701	grCe_grSu1Ne	3	135.0	1	2800.393	2800.692
2805.127	0.900000000000091	trials	123	s123_J210701	grCe_grSu6Ne	7	270.0	1	2805.427	2805.726
2805.727	0.900000000000091	trials	123	s123_J210701	coCe_grSu6Ne	17	135.0	1	2806.027	2806.326
2806.3269999999998	0.900000000000091	trials	123	s123_J210701	grCe_grSu3Ne	5	90.0	1	2806.627	2806.926
2814.736	0.900000000000091	trials	123	s123_J210701	grCe_grSu12SmCiNe	13	270.0	1	2815.036	2815.336
2815.336	0.900000000000091	trials	123	s123_J210701	grCe_grSu6Ne	7	180.0	1	2815.636	2815.936
2820.9449999999997	0.900000000000091	trials	123	s123_J210701	grCe_grSu6Ne_PS	18	270.0	1	2821.245	2821.545
2821.5449999999996	0.900000000000091	trials	123	s123_J210701	grSu6CiNe	14		1	2821.845	2822.145
2822.145	0.900000000000091	trials	123	s123_J210701	coCe	16	45.0	1	2822.445	2822.745
2832.2799999999997	0.900000000000091	trials	123	s123_J210701	grCe	1	0.0	1	2832.58	2832.88
2832.8799999999997	0.900000000000091	trials	123	s123_J210701	grCe	1	90.0	1	2833.18	2833.48
2841.0809999999997	0.900000000000091	trials	123	s123_J210701	grCe_grSu6CiNe	15	225.0	1	2841.381	2841.681
2841.7149999999997	0.900000000000091	trials	123	s123_J210701	grCe_grSu6Ne	7	45.0	1	2842.015	2842.314
2842.3149999999996	0.900000000000091	trials	123	s123_J210701	grCe_grSu6CiNe_PS	19	180.0	1	2842.615	2842.914
2847.924	0.900000000000091	trials	123	s123_J210701	coCe_grSu6Ne	17	180.0	1	2848.224	2848.523
2848.549	0.900000000000091	trials	123	s123_J210701	grCe_grSu12SmCiNe_PS	21	0.0	1	2848.849	2849.148
2858.267	0.900000000000091	trials	123	s123_J210701	grCe_grSu3Ne	5	135.0	1	2858.567	2858.866
2858.8669999999997	0.900000000000091	trials	123	s123_J210701	grCe_grSu6CiNe_PS	19	225.0	1	2859.167	2859.466
2859.4669999999996	0.900000000000091	trials	123	s123_J210701	coCe_grSu6Ne	17	0.0	1	2859.767	2860.066
2864.526	0.900000000000091	trials	123	s123_J210701	grCe_grSu1Ne	3	90.0	1	2864.826	2865.125
2868.685	0.900000000000091	trials	123	s123_J210701	grCe_grSu12SmCiNe_PS	21	180.0	1	2868.985	2869.284
2869.285	0.900000000000091	trials	123	s123_J210701	grCe_grSu12SmCiNe	13	45.0	1	2869.585	2869.884
2874.361	0.900000000000091	trials	123	s123_J210701	grCe_grSu6CiNe	15	135.0	1	2874.661	2874.96
2874.961	0.900000000000091	trials	123	s123_J210701	grCe_grSu12SmCiNe_PS	21	45.0	1	2875.261	2875.56
2875.5609999999997	0.900000000000091	trials	123	s123_J210701	grCe_grSu6CiNe_PS	19	45.0	1	2875.861	2876.16
2880.595	0.900000000000091	trials	123	s123_J210701	coCe	16	0.0	1	2880.895	2881.194
2881.7949999999996	0.900000000000091	trials	123	s123_J210701	grCe_grSu12SmCiNe	13	315.0	1	2882.095	2882.394
2886.787	0.900000000000091	trials	123	s123_J210701	grCe_grSu12SmCiNe_PS	21	315.0	1	2887.087	2887.387
2887.3869999999997	0.900000000000091	trials	123	s123_J210701	grCe_grSu6Ne_PS	18	135.0	1	2887.687	2887.987
2887.9869999999996	0.900000000000091	trials	123	s123_J210701	grCe_grSu6Ne_PS	18	45.0	1	2888.287	2888.587
2892.988	0.900000000000091	trials	123	s123_J210701	grCe_grSu1Ne	3	270.0	1	2893.288	2893.588
2893.596	0.900000000000091	trials	123	s123_J210701	grCe_grSu6Ne	7	135.0	1	2893.896	2894.196
2899.355	0.900000000000091	trials	123	s123_J210701	grCe_grSu12Mi	9	315.0	1	2899.655	2899.955
2900.5719999999997	0.900000000000091	trials	123	s123_J210701	grCe_grSu1Ne	3	45.0	1	2900.872	2901.172
2905.5649999999996	0.900000000000091	trials	123	s123_J210701	grCe_grSu1Ne	3	0.0	1	2905.865	2906.164
2906.165	0.900000000000091	trials	123	s123_J210701	grCe_grSu12SmCiNe_PS	21	90.0	1	2906.465	2906.764
2911.64	0.900000000000091	trials	123	s123_J210701	grCe_grSu12SmCiNe	13	180.0	1	2911.94	2912.24
2912.24	0.900000000000091	trials	123	s123_J210701	grCe	1	45.0	1	2912.54	2912.84
2912.841	0.900000000000091	trials	123	s123_J210701	grCe_grSu12SmCiNe	13	135.0	1	2913.141	2913.44
2921.433	0.900000000000091	trials	123	s123_J210701	grCe_grSu18Fa	11	0.0	1	2921.733	2922.033
2922.033	0.900000000000091	trials	123	s123_J210701	grCe_grSu3Ne	5	270.0	1	2922.333	2922.633
2922.634	0.900000000000091	trials	123	s123_J210701	coCe	16	135.0	1	2922.934	2923.233
2928.484	0.900000000000091	trials	123	s123_J210701	grCe_grSu6Ne_PS	18	0.0	1	2928.784	2929.084
2929.084	0.900000000000091	trials	123	s123_J210701	grCe	1	180.0	1	2929.384	2929.684
2934.718	0.900000000000091	trials	123	s123_J210701	coCe	16	315.0	1	2935.018	2935.318
2938.6609999999996	0.900000000000091	trials	123	s123_J210701	grCe_grSu6Ne_PS	18	180.0	1	2938.961	2939.26
2939.261	0.900000000000091	trials	123	s123_J210701	grSu1Ne	2		1	2939.561	2939.86
2939.861	0.900000000000091	trials	123	s123_J210701	grCe_grSu6CiNe	15	90.0	1	2940.161	2940.46
2945.4779999999996	0.900000000000091	trials	123	s123_J210701	coCe_grSu6Ne	17	225.0	1	2945.778	2946.078
2946.078	0.900000000000091	trials	123	s123_J210701	grCe_grSu12SmCiNe_PS	21	270.0	1	2946.378	2946.678
2950.8959999999997	0.900000000000091	trials	123	s123_J210701	grCe_grSu12Mi	9	45.0	1	2951.196	2951.495
2958.2549999999997	0.900000000000091	trials	123	s123_J210701	grCe_grSu12Mi	9	0.0	1	2958.555	2958.854
2958.863	0.900000000000091	trials	123	s123_J210701	grSu12Mi	8		1	2959.163	2959.463
2976.165	0.900000000000091	trials	123	s123_J210701	grSu12SmCiNe	12		1	2976.465	2976.765
2980.1409999999996	0.900000000000091	trials	123	s123_J210701	grCe_grSu18Fa	11	45.0	1	2980.441	2980.74
2980.741	0.900000000000091	trials	123	s123_J210701	grCe_grSu6CiNe	15	0.0	1	2981.041	2981.341
2981.341	0.900000000000091	trials	123	s123_J210701	grCe_grSu12SmCiNe	13	90.0	1	2981.641	2981.941
2986.2999999999997	0.900000000000091	trials	123	s123_J210701	grCe_grSu6CiNe_PS	19	315.0	1	2986.6	2986.9
2986.8999999999996	0.900000000000091	trials	123	s123_J210701	grCe_grSu6CiNe_PS	19	135.0	1	2987.2	2987.5
2987.509	0.900000000000091	trials	123	s123_J210701	grCe_grSu18Fa	11	225.0	1	2987.809	2988.108
2993.084	0.900000000000091	trials	123	s123_J210701	grCe_grSu3Ne	5	0.0	1	2993.384	2993.684
2993.6839999999997	0.900000000000091	trials	123	s123_J210701	grCe_grSu6CiNe_PS	19	90.0	1	2993.984	2994.284
3005.236	0.900000000000091	trials	123	s123_J210701	grCe_grSu6CiNe	15	45.0	1	3005.536	3005.835
3005.836	0.900000000000091	trials	123	s123_J210701	coCe	16	90.0	1	3006.136	3006.435
3011.3779999999997	0.900000000000091	trials	123	s123_J210701	grCe_grSu3Ne	5	45.0	1	3011.678	3011.978
3012.02	0.900000000000091	trials	123	s123_J210701	grCe_grSu12SmCiNe	13	0.0	1	3012.32	3012.62
3012.62	0.900000000000091	trials	123	s123_J210701	grCe_grSu6CiNe	15	315.0	1	3012.92	3013.22
3017.437	0.900000000000091	trials	123	s123_J210701	grCe_grSu6CiNe	15	270.0	1	3017.737	3018.037
3018.046	0.900000000000091	trials	123	s123_J210701	coCe_grSu6Ne	17	315.0	1	3018.346	3018.645
3018.6459999999997	0.900000000000091	trials	123	s123_J210701	grCe_grSu6Ne_PS	18	315.0	1	3018.946	3019.245
3023.73	0.900000000000091	trials	123	s123_J210701	grCe_grSu6Ne	7	225.0	1	3024.03	3024.329
3024.3379999999997	0.900000000000091	trials	123	s123_J210701	grCe_grSu18Fa	11	135.0	1	3024.638	3024.938
3024.9379999999996	0.900000000000091	trials	123	s123_J210701	grCe	1	315.0	1	3025.238	3025.538
3029.897	0.900000000000091	trials	123	s123_J210701	grSu3Ne	4		1	3030.197	3030.497
3030.497	0.900000000000091	trials	123	s123_J210701	grCe	1	270.0	1	3030.797	3031.097
3036.2819999999997	0.900000000000091	trials	123	s123_J210701	grCe_grSu6Ne	7	315.0	1	3036.582	3036.881
3036.8819999999996	0.900000000000091	trials	123	s123_J210701	grCe_grSu1Ne	3	225.0	1	3037.182	3037.481
3037.482	0.900000000000091	trials	123	s123_J210701	grCe_grSu6CiNe_PS	19	0.0	1	3037.782	3038.081
3042.5069999999996	0.900000000000091	trials	123	s123_J210701	grSu18Fa	10		1	3042.807	3043.107
3043.107	0.900000000000091	trials	123	s123_J210701	grCe_grSu6Ne	7	90.0	1	3043.407	3043.707
3043.716	0.900000000000091	trials	123	s123_J210701	grCe_grSu18Fa	11	315.0	1	3044.016	3044.315
3048.5919999999996	0.900000000000091	trials	123	s123_J210701	grCe_grSu6Ne_PS	18	225.0	1	3048.892	3049.191
3058.2259999999997	0.900000000000091	trials	123	s123_J210701	grCe_grSu1Ne	3	180.0	1	3058.526	3058.826
3062.393	0.900000000000091	trials	123	s123_J210701	grCe	1	225.0	1	3062.693	3062.993
3062.993	0.900000000000091	trials	123	s123_J210701	coCe_grSu6Ne	17	45.0	1	3063.293	3063.593
3067.9359999999997	0.900000000000091	trials	123	s123_J210701	NoStim	0		1	3068.236	3068.535
3069.136	0.900000000000091	trials	123	s123_J210701	grCe_grSu6Ne	7	315.0	5	3069.436	3069.735
3076.962	0.900000000000091	trials	123	s123_J210701	grCe_grSu12SmCiNe	13	90.0	5	3077.262	3077.561
3077.5699999999997	0.900000000000091	trials	123	s123_J210701	grCe_grSu6Ne	7	90.0	5	3077.87	3078.17
3078.1699999999996	0.900000000000091	trials	123	s123_J210701	grCe_grSu3Ne	5	315.0	5	3078.47	3078.77
3083.1789999999996	0.900000000000091	trials	123	s123_J210701	grCe_grSu6CiNe	15	0.0	5	3083.479	3083.779
3083.779	0.900000000000091	trials	123	s123_J210701	grCe_grSu12SmCiNe_PS	21	225.0	5	3084.079	3084.379
3084.379	0.900000000000091	trials	123	s123_J210701	coCe_grSu6Ne	17	180.0	5	3084.679	3084.979
3089.964	0.900000000000091	trials	123	s123_J210701	grSu18Fa	10		5	3090.264	3090.563
3090.5719999999997	0.900000000000091	trials	123	s123_J210701	grCe_grSu12Mi	9	45.0	5	3090.872	3091.171
3095.6479999999997	0.900000000000091	trials	123	s123_J210701	grCe_grSu12SmCiNe_PS	21	0.0	5	3095.948	3096.247
3096.2479999999996	0.900000000000091	trials	123	s123_J210701	NoStim	0		5	3096.548	3096.847
3096.848	0.900000000000091	trials	123	s123_J210701	grCe_grSu6CiNe_PS	19	315.0	5	3097.148	3097.447
3105.4739999999997	0.900000000000091	trials	123	s123_J210701	grCe_grSu12SmCiNe	13	270.0	5	3105.774	3106.073
3106.0739999999996	0.900000000000091	trials	123	s123_J210701	grSu1Ne	2		5	3106.374	3106.673
3111.2999999999997	0.900000000000091	trials	123	s123_J210701	grCe_grSu3Ne	5	135.0	5	3111.6	3111.899
3111.908	0.900000000000091	trials	123	s123_J210701	grCe_grSu18Fa	11	225.0	5	3112.208	3112.508
3112.508	0.900000000000091	trials	123	s123_J210701	grCe_grSu6CiNe_PS	19	270.0	5	3112.808	3113.108
3117.4249999999997	0.900000000000091	trials	123	s123_J210701	grCe_grSu12SmCiNe_PS	21	315.0	5	3117.725	3118.025
3118.0339999999997	0.900000000000091	trials	123	s123_J210701	grCe_grSu18Fa	11	0.0	5	3118.334	3118.633
3118.634	0.900000000000091	trials	123	s123_J210701	grCe_grSu6CiNe	15	90.0	5	3118.934	3119.233
3123.426	0.900000000000091	trials	123	s123_J210701	grCe	1	315.0	5	3123.726	3124.026
3124.026	0.900000000000091	trials	123	s123_J210701	coCe	16	180.0	5	3124.326	3124.626
3124.6259999999997	0.900000000000091	trials	123	s123_J210701	grCe	1	180.0	5	3124.926	3125.226
3129.585	0.900000000000091	trials	123	s123_J210701	coCe	16	270.0	5	3129.885	3130.185
3130.185	0.900000000000091	trials	123	s123_J210701	grCe_grSu6CiNe_PS	19	225.0	5	3130.485	3130.785
3130.7859999999996	0.900000000000091	trials	123	s123_J210701	coCe_grSu6Ne	17	90.0	5	3131.086	3131.385
3135.761	0.900000000000091	trials	123	s123_J210701	grCe_grSu12Mi	9	0.0	5	3136.061	3136.361
3142.5789999999997	0.900000000000091	trials	123	s123_J210701	grCe_grSu6Ne_PS	18	270.0	5	3142.879	3143.178
3143.187	0.900000000000091	trials	123	s123_J210701	grCe_grSu18Fa	11	90.0	5	3143.487	3143.787
3149.355	0.900000000000091	trials	123	s123_J210701	grCe_grSu1Ne	3	270.0	5	3149.655	3149.954
3154.4139999999998	0.900000000000091	trials	123	s123_J210701	coSu6Ne	20		5	3154.714	3155.013
3155.0139999999997	0.900000000000091	trials	123	s123_J210701	grCe	1	0.0	5	3155.314	3155.613
3155.614	0.900000000000091	trials	123	s123_J210701	grCe	1	270.0	5	3155.914	3156.213
3164.232	0.900000000000091	trials	123	s123_J210701	grCe_grSu12Mi	9	225.0	5	3164.532	3164.831
3164.832	0.900000000000091	trials	123	s123_J210701	grSu6Ne	6		5	3165.132	3165.431
3165.4399999999996	0.900000000000091	trials	123	s123_J210701	grCe_grSu18Fa	11	45.0	5	3165.74	3166.04
3170.441	0.900000000000091	trials	123	s123_J210701	grCe_grSu6Ne	7	180.0	5	3170.741	3171.04
3174.0739999999996	0.900000000000091	trials	123	s123_J210701	grCe	1	45.0	5	3174.374	3174.674
3174.7909999999997	0.900000000000091	trials	123	s123_J210701	grCe_grSu6Ne_PS	18	315.0	5	3175.091	3175.391
3175.3909999999996	0.900000000000091	trials	123	s123_J210701	coCe	16	315.0	5	3175.691	3175.991
3180.475	0.900000000000091	trials	123	s123_J210701	grCe_grSu1Ne	3	0.0	5	3180.775	3181.075
3181.075	0.900000000000091	trials	123	s123_J210701	grCe_grSu3Ne	5	270.0	5	3181.375	3181.675
3181.6749999999997	0.900000000000091	trials	123	s123_J210701	coCe_grSu6Ne	17	135.0	5	3181.975	3182.275
3186.6009999999997	0.900000000000091	trials	123	s123_J210701	coCe	16	135.0	5	3186.901	3187.201
3192.685	0.900000000000091	trials	123	s123_J210701	grCe_grSu6CiNe	15	225.0	5	3192.985	3193.285
3193.285	0.900000000000091	trials	123	s123_J210701	coCe_grSu6Ne	17	0.0	5	3193.585	3193.885
3198.8529999999996	0.900000000000091	trials	123	s123_J210701	coCe	16	90.0	5	3199.153	3199.452
3199.461	0.900000000000091	trials	123	s123_J210701	grCe_grSu18Fa	11	180.0	5	3199.761	3200.061
3200.0609999999997	0.900000000000091	trials	123	s123_J210701	grCe_grSu6Ne	7	225.0	5	3200.361	3200.661
3205.587	0.900000000000091	trials	123	s123_J210701	grCe_grSu6Ne_PS	18	135.0	5	3205.887	3206.186
3209.7709999999997	0.900000000000091	trials	123	s123_J210701	grCe	1	225.0	5	3210.071	3210.37
3210.3709999999996	0.900000000000091	trials	123	s123_J210701	grCe_grSu6Ne_PS	18	90.0	5	3210.671	3210.97
3218.1969999999997	0.900000000000091	trials	123	s123_J210701	grCe_grSu6CiNe_PS	19	90.0	5	3218.497	3218.796
3218.83	0.900000000000091	trials	123	s123_J210701	grCe_grSu12SmCiNe	13	180.0	5	3219.13	3219.43
3224.4559999999997	0.900000000000091	trials	123	s123_J210701	grCe_grSu6CiNe_PS	19	45.0	5	3224.756	3225.055
3225.056	0.900000000000091	trials	123	s123_J210701	grSu3Ne	4		5	3225.356	3225.656
3225.656	0.900000000000091	trials	123	s123_J210701	grCe_grSu3Ne	5	90.0	5	3225.956	3226.256
3230.6319999999996	0.900000000000091	trials	123	s123_J210701	grCe_grSu3Ne	5	45.0	5	3230.932	3231.231
3231.24	0.900000000000091	trials	123	s123_J210701	grCe_grSu12Mi	9	135.0	5	3231.54	3231.84
3231.8489999999997	0.900000000000091	trials	123	s123_J210701	grCe_grSu12Mi	9	180.0	5	3232.149	3232.448
3236.7659999999996	0.900000000000091	trials	123	s123_J210701	grCe_grSu3Ne	5	0.0	5	3237.066	3237.365
3237.366	0.900000000000091	trials	123	s123_J210701	coCe_grSu6Ne	17	225.0	5	3237.666	3237.966
3237.966	0.900000000000091	trials	123	s123_J210701	grCe_grSu12SmCiNe_PS	21	45.0	5	3238.266	3238.566
3242.95	0.900000000000091	trials	123	s123_J210701	grCe_grSu6Ne	7	0.0	5	3243.25	3243.55
3243.558	0.900000000000091	trials	123	s123_J210701	grCe_grSu1Ne	3	135.0	5	3243.858	3244.158
3244.1589999999997	0.900000000000091	trials	123	s123_J210701	grCe_grSu12SmCiNe	13	45.0	5	3244.459	3244.758
3249.0679999999998	0.900000000000091	trials	123	s123_J210701	coCe_grSu6Ne	17	45.0	5	3249.368	3249.667
3249.676	0.900000000000091	trials	123	s123_J210701	grCe_grSu18Fa	11	135.0	5	3249.976	3250.275
3250.2839999999997	0.900000000000091	trials	123	s123_J210701	grCe_grSu18Fa	11	315.0	5	3250.584	3250.884
3261.086	0.900000000000091	trials	123	s123_J210701	grCe_grSu3Ne	5	225.0	5	3261.386	3261.685
3261.694	0.900000000000091	trials	123	s123_J210701	grCe_grSu12SmCiNe	13	315.0	5	3261.994	3262.294
3262.336	0.900000000000091	trials	123	s123_J210701	grCe	1	135.0	5	3262.636	3262.935
3267.303	0.900000000000091	trials	123	s123_J210701	grCe	1	90.0	5	3267.603	3267.903
3267.903	0.900000000000091	trials	123	s123_J210701	grSu12SmCiNe	12		5	3268.203	3268.503
3268.5029999999997	0.900000000000091	trials	123	s123_J210701	grCe_grSu6Ne	7	135.0	5	3268.803	3269.103
3273.9289999999996	0.900000000000091	trials	123	s123_J210701	grCe_grSu3Ne	5	180.0	5	3274.229	3274.529
3274.529	0.900000000000091	trials	123	s123_J210701	grCe_grSu12SmCiNe_PS	21	90.0	5	3274.829	3275.129
3279.546	0.900000000000091	trials	123	s123_J210701	grCe_grSu12SmCiNe_PS	21	270.0	5	3279.846	3280.146
3280.1549999999997	0.900000000000091	trials	123	s123_J210701	grCe_grSu18Fa	11	270.0	5	3280.455	3280.754
3285.772	0.900000000000091	trials	123	s123_J210701	grCe_grSu12SmCiNe_PS	21	135.0	5	3286.072	3286.372
3286.397	0.900000000000091	trials	123	s123_J210701	coCe	16	0.0	5	3286.697	3286.997
3291.8729999999996	0.900000000000091	trials	123	s123_J210701	grCe_grSu6CiNe_PS	19	180.0	5	3292.173	3292.473
3292.473	0.900000000000091	trials	123	s123_J210701	grCe_grSu1Ne	3	90.0	5	3292.773	3293.073
3293.073	0.900000000000091	trials	123	s123_J210701	grSu6CiNe	14		5	3293.373	3293.673
3297.941	0.900000000000091	trials	123	s123_J210701	grCe_grSu6CiNe	15	135.0	5	3298.241	3298.54
3298.5409999999997	0.900000000000091	trials	123	s123_J210701	grCe_grSu6CiNe_PS	19	0.0	5	3298.841	3299.14
3299.1409999999996	0.900000000000091	trials	123	s123_J210701	grCe_grSu1Ne	3	45.0	5	3299.441	3299.74
3304.058	0.900000000000091	trials	123	s123_J210701	grCe_grSu12Mi	9	315.0	5	3304.358	3304.657
3304.658	0.900000000000091	trials	123	s123_J210701	coCe_grSu6Ne	17	315.0	5	3304.958	3305.258
3305.2659999999996	0.900000000000091	trials	123	s123_J210701	grCe_grSu12Mi	9	270.0	5	3305.566	3305.866
3310.2169999999996	0.900000000000091	trials	123	s123_J210701	coCe	16	45.0	5	3310.517	3310.817
3310.817	0.900000000000091	trials	123	s123_J210701	grCe_grSu6CiNe	15	315.0	5	3311.117	3311.417
3319.41	0.900000000000091	trials	123	s123_J210701	grCe_grSu6Ne	7	45.0	5	3319.71	3320.009
3320.0099999999998	0.900000000000091	trials	123	s123_J210701	grCe_grSu12SmCiNe_PS	21	180.0	5	3320.31	3320.61
3324.069	0.900000000000091	trials	123	s123_J210701	grCe_grSu6Ne	7	270.0	5	3324.369	3324.668
3324.6859999999997	0.900000000000091	trials	123	s123_J210701	grCe_grSu6CiNe_PS	19	135.0	5	3324.986	3325.285
3329.7279999999996	0.900000000000091	trials	123	s123_J210701	grCe_grSu6CiNe	15	45.0	5	3330.028	3330.327
3330.328	0.900000000000091	trials	123	s123_J210701	grCe_grSu6Ne_PS	18	180.0	5	3330.628	3330.928
3330.9359999999997	0.900000000000091	trials	123	s123_J210701	coCe_grSu6Ne	17	270.0	5	3331.236	3331.536
3335.845	0.900000000000091	trials	123	s123_J210701	grCe_grSu6CiNe	15	180.0	5	3336.145	3336.445
3343.471	0.900000000000091	trials	123	s123_J210701	grSu12Mi	8		5	3343.771	3344.071
3344.0719999999997	0.900000000000091	trials	123	s123_J210701	grCe_grSu1Ne	3	180.0	5	3344.372	3344.671
3344.68	0.900000000000091	trials	123	s123_J210701	grCe_grSu12Mi	9	90.0	5	3344.98	3345.279
3349.4719999999998	0.900000000000091	trials	123	s123_J210701	grCe_grSu6Ne_PS	18	0.0	5	3349.772	3350.072
3350.0809999999997	0.900000000000091	trials	123	s123_J210701	grCe_grSu12SmCiNe	13	225.0	5	3350.381	3350.68
3350.681	0.900000000000091	trials	123	s123_J210701	grCe_grSu12SmCiNe	13	135.0	5	3350.981	3351.28
3355.698	0.900000000000091	trials	123	s123_J210701	grCe_grSu6Ne_PS	18	45.0	5	3355.998	3356.298
3356.298	0.900000000000091	trials	123	s123_J210701	coCe	16	225.0	5	3356.598	3356.898
3356.9069999999997	0.900000000000091	trials	123	s123_J210701	grCe_grSu1Ne	3	315.0	5	3357.207	3357.506
3362.524	0.900000000000091	trials	123	s123_J210701	grCe_grSu6CiNe	15	270.0	5	3362.824	3363.123
3363.124	0.900000000000091	trials	123	s123_J210701	grCe_grSu12SmCiNe	13	0.0	5	3363.424	3363.723
3369.125	0.900000000000091	trials	123	s123_J210701	grCe_grSu1Ne	3	225.0	5	3369.425	3369.724
3377.6009999999997	0.900000000000091	trials	123	s123_J210701	grCe_grSu6Ne_PS	18	225.0	5	3377.901	3378.2
