onset	duration	nwb_table	ses_ID	ses_Name	cond_Name	cond_ID	target_rot	rep_num	pdOn	pdOff
26.871	0.9000000000000021	trials	45	s045_F200625	grCe	1	90.0	9	27.171	27.47
27.503999999999998	0.9000000000000021	trials	45	s045_F200625	coCe_grSu6Ne	17	180.0	9	27.804	28.104
28.104	0.9000000000000021	trials	45	s045_F200625	grCe	1	135.0	9	28.404	28.704
28.704	0.9000000000000021	trials	45	s045_F200625	grCe_grSu6CiNe	15	225.0	9	29.004	29.304
29.304	0.9000000000000021	trials	45	s045_F200625	grSu6CiNe	14		9	29.604	29.904
35.547000000000004	0.8999999999999986	trials	45	s045_F200625	coCe	16	90.0	9	35.847	36.146
36.172000000000004	0.8999999999999986	trials	45	s045_F200625	coCe_grSu6Ne	17	0.0	9	36.472	36.771
36.772000000000006	0.8999999999999986	trials	45	s045_F200625	grCe_grSu6CiNe_PS	19	135.0	9	37.072	37.371
37.372	0.8999999999999986	trials	45	s045_F200625	grCe_grSu12SmCiNe	13	270.0	9	37.672	37.972
37.972	0.8999999999999986	trials	45	s045_F200625	grCe_grSu6CiNe	15	135.0	9	38.272	38.572
44.131	0.8999999999999986	trials	45	s045_F200625	grCe_grSu6Ne	7	0.0	9	44.431	44.731
44.731	0.8999999999999986	trials	45	s045_F200625	grCe_grSu6Ne_PS	18	135.0	9	45.031	45.331
45.373000000000005	0.8999999999999986	trials	45	s045_F200625	grCe	1	45.0	9	45.673	45.973
45.973000000000006	0.8999999999999986	trials	45	s045_F200625	grCe_grSu3Ne	5	0.0	9	46.273	46.573
46.573	0.8999999999999986	trials	45	s045_F200625	grCe_grSu12SmCiNe_PS	21	45.0	9	46.873	47.173
57.008	0.8999999999999986	trials	45	s045_F200625	grCe	1	270.0	9	57.308	57.607
57.608000000000004	0.8999999999999986	trials	45	s045_F200625	grCe_grSu12SmCiNe_PS	21	135.0	9	57.908	58.207
58.208000000000006	0.8999999999999986	trials	45	s045_F200625	grCe_grSu6Ne_PS	18	315.0	9	58.508	58.808
58.808	0.8999999999999986	trials	45	s045_F200625	grCe_grSu1Ne	3	180.0	9	59.108	59.408
59.408	0.8999999999999986	trials	45	s045_F200625	grCe_grSu6Ne	7	270.0	9	59.708	60.008
65.617	0.8999999999999915	trials	45	s045_F200625	coCe_grSu6Ne	17	315.0	9	65.917	66.217
66.217	0.8999999999999915	trials	45	s045_F200625	grCe_grSu3Ne	5	90.0	9	66.517	66.817
66.81700000000001	0.8999999999999915	trials	45	s045_F200625	grCe_grSu6Ne	7	135.0	9	67.117	67.417
67.417	0.8999999999999915	trials	45	s045_F200625	grCe_grSu6CiNe	15	90.0	9	67.717	68.017
68.051	0.8999999999999915	trials	45	s045_F200625	grCe_grSu3Ne	5	225.0	9	68.351	68.651
74.035	0.8999999999999915	trials	45	s045_F200625	grCe_grSu12SmCiNe_PS	21	225.0	9	74.335	74.635
74.635	0.8999999999999915	trials	45	s045_F200625	grCe_grSu12SmCiNe_PS	21	315.0	9	74.935	75.235
75.235	0.8999999999999915	trials	45	s045_F200625	grCe_grSu3Ne	5	315.0	9	75.535	75.835
75.83500000000001	0.8999999999999915	trials	45	s045_F200625	grCe_grSu12Mi	9	225.0	9	76.135	76.435
79.494	0.8999999999999915	trials	45	s045_F200625	grCe_grSu1Ne	3	225.0	9	79.794	80.094
80.102	0.8999999999999915	trials	45	s045_F200625	grCe_grSu12SmCiNe_PS	21	180.0	9	80.402	80.702
80.736	0.8999999999999915	trials	45	s045_F200625	coCe_grSu6Ne	17	270.0	9	81.036	81.335
81.336	0.8999999999999915	trials	45	s045_F200625	grCe_grSu6Ne	7	90.0	9	81.636	81.936
81.97800000000001	0.8999999999999915	trials	45	s045_F200625	coCe_grSu6Ne	17	90.0	9	82.278	82.577
88.045	0.8999999999999915	trials	45	s045_F200625	grCe_grSu6Ne_PS	18	45.0	9	88.345	88.645
88.645	0.8999999999999915	trials	45	s045_F200625	grCe_grSu12Mi	9	45.0	9	88.945	89.245
89.87	0.8999999999999915	trials	45	s045_F200625	grCe	1	180.0	9	90.17	90.47
90.47	0.8999999999999915	trials	45	s045_F200625	coCe_grSu6Ne	17	225.0	9	90.77	91.07
96.596	0.8999999999999915	trials	45	s045_F200625	grSu12SmCiNe	12		9	96.896	97.196
100.388	0.8999999999999915	trials	45	s045_F200625	grCe_grSu6CiNe_PS	19	0.0	9	100.688	100.988
100.988	0.8999999999999915	trials	45	s045_F200625	grCe_grSu6CiNe_PS	19	180.0	9	101.288	101.588
101.589	0.8999999999999915	trials	45	s045_F200625	grCe_grSu12SmCiNe_PS	21	0.0	9	101.889	102.188
102.789	0.8999999999999915	trials	45	s045_F200625	grCe_grSu12SmCiNe	13	45.0	9	103.089	103.388
108.998	0.8999999999999915	trials	45	s045_F200625	grCe_grSu12SmCiNe	13	180.0	9	109.298	109.597
109.598	0.8999999999999915	trials	45	s045_F200625	grCe_grSu3Ne	5	270.0	9	109.898	110.198
110.19800000000001	0.8999999999999915	trials	45	s045_F200625	grCe_grSu12Mi	9	0.0	9	110.498	110.798
110.798	0.8999999999999915	trials	45	s045_F200625	grCe_grSu12SmCiNe_PS	21	270.0	9	111.098	111.398
115.08200000000001	0.8999999999999915	trials	45	s045_F200625	grCe_grSu18Fa	11	225.0	9	115.382	115.682
115.69	0.8999999999999915	trials	45	s045_F200625	grCe_grSu18Fa	11	0.0	9	115.99	116.29
119.833	0.8999999999999915	trials	45	s045_F200625	grCe	1	225.0	9	120.133	120.432
120.441	0.8999999999999915	trials	45	s045_F200625	grCe_grSu18Fa	11	315.0	9	120.741	121.041
121.041	0.8999999999999915	trials	45	s045_F200625	grCe_grSu12SmCiNe_PS	21	90.0	9	121.341	121.641
140.077	0.9000000000000057	trials	45	s045_F200625	grCe_grSu12Mi	9	135.0	9	140.377	140.676
140.70999999999998	0.9000000000000057	trials	45	s045_F200625	grCe_grSu3Ne	5	45.0	9	141.01	141.31
142.535	0.9000000000000057	trials	45	s045_F200625	grCe_grSu12SmCiNe	13	315.0	9	142.835	143.135
148.678	0.9000000000000057	trials	45	s045_F200625	grCe	1	0.0	9	148.978	149.278
149.32	0.9000000000000057	trials	45	s045_F200625	grCe_grSu18Fa	11	45.0	9	149.62	149.919
150.51999999999998	0.9000000000000057	trials	45	s045_F200625	grCe_grSu6CiNe	15	45.0	9	150.82	151.12
151.128	0.9000000000000057	trials	45	s045_F200625	NoStim	0		9	151.428	151.728
157.72899999999998	0.9000000000000057	trials	45	s045_F200625	coCe	16	225.0	9	158.029	158.329
158.946	0.9000000000000057	trials	45	s045_F200625	grSu6Ne	6		9	159.246	159.546
159.571	0.9000000000000057	trials	45	s045_F200625	grCe_grSu6CiNe	15	180.0	9	159.871	160.171
160.171	0.9000000000000057	trials	45	s045_F200625	grCe_grSu12Mi	9	315.0	9	160.471	160.771
166.17999999999998	0.9000000000000057	trials	45	s045_F200625	grCe_grSu6Ne_PS	18	225.0	9	166.48	166.78
170.506	0.9000000000000057	trials	45	s045_F200625	grCe_grSu6Ne	7	225.0	9	170.806	171.105
172.32299999999998	0.9000000000000057	trials	45	s045_F200625	coCe	16	45.0	9	172.623	172.922
172.93099999999998	0.9000000000000057	trials	45	s045_F200625	grCe_grSu12SmCiNe	13	90.0	9	173.231	173.531
179.057	0.9000000000000057	trials	45	s045_F200625	grCe_grSu6CiNe	15	315.0	9	179.357	179.657
180.29899999999998	0.9000000000000057	trials	45	s045_F200625	grCe_grSu6CiNe_PS	19	225.0	9	180.599	180.898
184.09099999999998	0.9000000000000057	trials	45	s045_F200625	grCe_grSu6CiNe_PS	19	90.0	9	184.391	184.691
185.29899999999998	0.9000000000000057	trials	45	s045_F200625	coCe_grSu6Ne	17	135.0	9	185.599	185.899
185.899	0.9000000000000057	trials	45	s045_F200625	grCe_grSu1Ne	3	90.0	9	186.199	186.499
186.524	0.9000000000000057	trials	45	s045_F200625	grSu3Ne	4		9	186.824	187.124
196.23399999999998	0.9000000000000057	trials	45	s045_F200625	grCe_grSu1Ne	3	135.0	9	196.534	196.834
196.85899999999998	0.9000000000000057	trials	45	s045_F200625	grCe_grSu12Mi	9	180.0	9	197.159	197.459
198.059	0.9000000000000057	trials	45	s045_F200625	grCe_grSu12Mi	9	270.0	9	198.359	198.659
207.10199999999998	0.9000000000000057	trials	45	s045_F200625	grCe_grSu12SmCiNe	13	0.0	9	207.402	207.702
207.702	0.9000000000000057	trials	45	s045_F200625	coSu6Ne	20		9	208.002	208.302
208.33599999999998	0.9000000000000057	trials	45	s045_F200625	grCe_grSu6Ne	7	315.0	9	208.636	208.935
208.93599999999998	0.9000000000000057	trials	45	s045_F200625	grCe_grSu6Ne	7	45.0	9	209.236	209.535
209.536	0.9000000000000057	trials	45	s045_F200625	grSu18Fa	10		9	209.836	210.135
216.345	0.9000000000000057	trials	45	s045_F200625	grCe_grSu6CiNe	15	0.0	9	216.645	216.945
216.945	0.9000000000000057	trials	45	s045_F200625	grCe_grSu6Ne_PS	18	0.0	9	217.245	217.545
217.545	0.9000000000000057	trials	45	s045_F200625	grCe_grSu6Ne_PS	18	270.0	9	217.845	218.145
224.84599999999998	0.9000000000000057	trials	45	s045_F200625	grCe_grSu6CiNe	15	270.0	9	225.146	225.446
225.446	0.9000000000000057	trials	45	s045_F200625	grCe_grSu1Ne	3	270.0	9	225.746	226.046
226.046	0.9000000000000057	trials	45	s045_F200625	grCe_grSu6Ne_PS	18	180.0	9	226.346	226.646
226.646	0.9000000000000057	trials	45	s045_F200625	grCe_grSu1Ne	3	0.0	9	226.946	227.246
237.873	0.9000000000000057	trials	45	s045_F200625	coCe_grSu6Ne	17	45.0	9	238.173	238.472
238.47299999999998	0.9000000000000057	trials	45	s045_F200625	coCe	16	270.0	9	238.773	239.073
239.07299999999998	0.9000000000000057	trials	45	s045_F200625	grCe_grSu6Ne	7	180.0	9	239.373	239.673
239.673	0.9000000000000057	trials	45	s045_F200625	grCe_grSu3Ne	5	180.0	9	239.973	240.273
246.015	0.9000000000000057	trials	45	s045_F200625	grCe_grSu6CiNe_PS	19	45.0	9	246.315	246.615
246.624	0.9000000000000057	trials	45	s045_F200625	grCe_grSu18Fa	11	270.0	9	246.924	247.224
247.224	0.9000000000000057	trials	45	s045_F200625	grCe_grSu6Ne_PS	18	90.0	9	247.524	247.824
247.82399999999998	0.9000000000000057	trials	45	s045_F200625	grCe_grSu1Ne	3	45.0	9	248.124	248.424
248.432	0.9000000000000057	trials	45	s045_F200625	grCe_grSu18Fa	11	90.0	9	248.732	249.032
255.59199999999998	0.9000000000000341	trials	45	s045_F200625	grCe_grSu3Ne	5	135.0	9	255.892	256.191
256.20799999999997	0.9000000000000341	trials	45	s045_F200625	coCe	16	315.0	9	256.508	256.808
256.817	0.9000000000000341	trials	45	s045_F200625	grSu1Ne	2		9	257.117	257.417
257.417	0.9000000000000341	trials	45	s045_F200625	coCe	16	135.0	9	257.717	258.017
264.101	0.9000000000000341	trials	45	s045_F200625	grCe_grSu18Fa	11	135.0	9	264.401	264.701
264.735	0.9000000000000341	trials	45	s045_F200625	grCe_grSu12SmCiNe	13	135.0	9	265.035	265.334
265.335	0.9000000000000341	trials	45	s045_F200625	grCe_grSu6CiNe_PS	19	270.0	9	265.635	265.934
265.935	0.9000000000000341	trials	45	s045_F200625	coCe	16	180.0	9	266.235	266.534
272.169	0.9000000000000341	trials	45	s045_F200625	grCe	1	315.0	9	272.469	272.769
273.36899999999997	0.9000000000000341	trials	45	s045_F200625	grCe_grSu1Ne	3	315.0	9	273.669	273.969
273.969	0.9000000000000341	trials	45	s045_F200625	grCe_grSu12SmCiNe	13	225.0	9	274.269	274.569
274.569	0.9000000000000341	trials	45	s045_F200625	coCe	16	0.0	9	274.869	275.169
280.895	0.9000000000000341	trials	45	s045_F200625	grCe_grSu6CiNe_PS	19	315.0	9	281.195	281.495
281.537	0.9000000000000341	trials	45	s045_F200625	grCe_grSu18Fa	11	180.0	9	281.837	282.136
282.137	0.9000000000000341	trials	45	s045_F200625	grSu12Mi	8		9	282.437	282.737
282.73699999999997	0.9000000000000341	trials	45	s045_F200625	grCe_grSu12Mi	9	90.0	9	283.037	283.337
289.621	0.9000000000000341	trials	45	s045_F200625	grCe_grSu6CiNe_PS	19	180.0	8	289.921	290.221
290.85499999999996	0.9000000000000341	trials	45	s045_F200625	grCe_grSu3Ne	5	0.0	8	291.155	291.454
291.46299999999997	0.9000000000000341	trials	45	s045_F200625	grCe_grSu6Ne_PS	18	0.0	8	291.763	292.063
292.063	0.9000000000000341	trials	45	s045_F200625	coCe_grSu6Ne	17	180.0	8	292.363	292.663
298.897	0.9000000000000341	trials	45	s045_F200625	coCe	16	315.0	8	299.197	299.497
303.373	0.9000000000000341	trials	45	s045_F200625	coCe	16	180.0	8	303.673	303.973
303.973	0.9000000000000341	trials	45	s045_F200625	grCe_grSu6Ne_PS	18	270.0	8	304.273	304.573
304.58099999999996	0.9000000000000341	trials	45	s045_F200625	grSu6CiNe	14		8	304.881	305.181
305.198	0.9000000000000341	trials	45	s045_F200625	grCe_grSu3Ne	5	90.0	8	305.498	305.798
311.457	0.9000000000000341	trials	45	s045_F200625	grSu18Fa	10		8	311.757	312.057
312.057	0.9000000000000341	trials	45	s045_F200625	grCe_grSu6CiNe	15	225.0	8	312.357	312.657
312.657	0.9000000000000341	trials	45	s045_F200625	grCe_grSu6Ne_PS	18	135.0	8	312.957	313.257
320.08299999999997	0.9000000000000341	trials	45	s045_F200625	coCe_grSu6Ne	17	270.0	8	320.383	320.683
323.99199999999996	0.9000000000000341	trials	45	s045_F200625	grCe	1	90.0	8	324.292	324.592
324.592	0.9000000000000341	trials	45	s045_F200625	grCe_grSu6Ne_PS	18	180.0	8	324.892	325.192
325.82599999999996	0.9000000000000341	trials	45	s045_F200625	grCe_grSu18Fa	11	45.0	8	326.126	326.425
326.43399999999997	0.9000000000000341	trials	45	s045_F200625	grCe_grSu6Ne	7	180.0	8	326.734	327.034
332.485	0.9000000000000341	trials	45	s045_F200625	grCe_grSu12SmCiNe_PS	21	270.0	8	332.785	333.085
333.085	0.9000000000000341	trials	45	s045_F200625	grCe_grSu12SmCiNe_PS	21	180.0	8	333.385	333.685
333.685	0.9000000000000341	trials	45	s045_F200625	grCe_grSu6CiNe_PS	19	135.0	8	333.985	334.285
334.28499999999997	0.9000000000000341	trials	45	s045_F200625	grCe_grSu3Ne	5	225.0	8	334.585	334.885
334.885	0.9000000000000341	trials	45	s045_F200625	grCe_grSu3Ne	5	135.0	8	335.185	335.485
340.961	0.9000000000000341	trials	45	s045_F200625	grCe_grSu6CiNe	15	315.0	8	341.261	341.561
342.161	0.9000000000000341	trials	45	s045_F200625	grCe_grSu12Mi	9	45.0	8	342.461	342.761
342.76099999999997	0.9000000000000341	trials	45	s045_F200625	grCe_grSu12Mi	9	225.0	8	343.061	343.361
343.361	0.9000000000000341	trials	45	s045_F200625	grCe_grSu6Ne_PS	18	225.0	8	343.661	343.961
349.596	0.9000000000000341	trials	45	s045_F200625	grCe_grSu6Ne	7	90.0	8	349.896	350.195
356.263	0.9000000000000341	trials	45	s045_F200625	coCe	16	270.0	8	356.563	356.863
356.88	0.9000000000000341	trials	45	s045_F200625	grCe_grSu18Fa	11	315.0	8	357.18	357.479
364.789	0.9000000000000341	trials	45	s045_F200625	grCe_grSu6Ne	7	135.0	8	365.089	365.389
365.389	0.9000000000000341	trials	45	s045_F200625	grCe_grSu6Ne_PS	18	45.0	8	365.689	365.989
365.989	0.9000000000000341	trials	45	s045_F200625	grCe_grSu6CiNe_PS	19	45.0	8	366.289	366.589
366.589	0.9000000000000341	trials	45	s045_F200625	grCe_grSu1Ne	3	135.0	8	366.889	367.189
373.324	0.9000000000000341	trials	45	s045_F200625	grCe_grSu18Fa	11	0.0	8	373.624	373.923
374.524	0.9000000000000341	trials	45	s045_F200625	grCe_grSu1Ne	3	180.0	8	374.824	375.123
375.12399999999997	0.9000000000000341	trials	45	s045_F200625	grCe_grSu12SmCiNe	13	315.0	8	375.424	375.724
375.74899999999997	0.9000000000000341	trials	45	s045_F200625	grCe_grSu6CiNe	15	0.0	8	376.049	376.349
381.75	0.9000000000000341	trials	45	s045_F200625	NoStim	0		8	382.05	382.349
382.358	0.9000000000000341	trials	45	s045_F200625	coCe_grSu6Ne	17	90.0	8	382.658	382.958
382.95799999999997	0.9000000000000341	trials	45	s045_F200625	grCe_grSu12Mi	9	315.0	8	383.258	383.558
383.558	0.9000000000000341	trials	45	s045_F200625	grCe_grSu6Ne	7	45.0	8	383.858	384.158
384.158	0.9000000000000341	trials	45	s045_F200625	grCe_grSu6CiNe_PS	19	270.0	8	384.458	384.758
390.884	0.9000000000000341	trials	45	s045_F200625	grCe	1	0.0	8	391.184	391.484
391.484	0.9000000000000341	trials	45	s045_F200625	grCe_grSu12SmCiNe_PS	21	0.0	8	391.784	392.084
396.102	0.9000000000000341	trials	45	s045_F200625	grCe_grSu6Ne_PS	18	90.0	8	396.402	396.701
396.71799999999996	0.9000000000000341	trials	45	s045_F200625	grCe_grSu6CiNe_PS	19	225.0	8	397.018	397.318
397.327	0.9000000000000341	trials	45	s045_F200625	grCe_grSu18Fa	11	135.0	8	397.627	397.926
397.92699999999996	0.9000000000000341	trials	45	s045_F200625	grCe_grSu6CiNe	15	45.0	8	398.227	398.526
404.13599999999997	0.9000000000000341	trials	45	s045_F200625	grCe_grSu6Ne_PS	18	315.0	8	404.436	404.736
404.736	0.9000000000000341	trials	45	s045_F200625	coCe_grSu6Ne	17	45.0	8	405.036	405.336
405.336	0.9000000000000341	trials	45	s045_F200625	grCe_grSu12Mi	9	270.0	8	405.636	405.936
405.944	0.9000000000000341	trials	45	s045_F200625	grCe	1	135.0	8	406.244	406.544
406.553	0.9000000000000341	trials	45	s045_F200625	grCe_grSu1Ne	3	225.0	8	406.853	407.153
418.271	0.9000000000000341	trials	45	s045_F200625	grCe_grSu6CiNe	15	180.0	8	418.571	418.871
424.305	0.9000000000000341	trials	45	s045_F200625	grCe_grSu12SmCiNe	13	45.0	8	424.605	424.905
424.905	0.9000000000000341	trials	45	s045_F200625	grSu1Ne	2		8	425.205	425.505
434.465	0.9000000000000341	trials	45	s045_F200625	grCe	1	45.0	8	434.765	435.065
435.065	0.9000000000000341	trials	45	s045_F200625	grCe_grSu12Mi	9	180.0	8	435.365	435.665
435.66499999999996	0.9000000000000341	trials	45	s045_F200625	grCe_grSu12Mi	9	0.0	8	435.965	436.265
436.265	0.9000000000000341	trials	45	s045_F200625	grCe	1	315.0	8	436.565	436.865
436.865	0.9000000000000341	trials	45	s045_F200625	grCe_grSu6CiNe_PS	19	90.0	8	437.165	437.465
443.049	0.9000000000000341	trials	45	s045_F200625	coCe	16	225.0	8	443.349	443.649
443.691	0.9000000000000341	trials	45	s045_F200625	grCe_grSu6Ne	7	225.0	8	443.991	444.291
444.291	0.9000000000000341	trials	45	s045_F200625	grCe_grSu3Ne	5	315.0	8	444.591	444.891
444.933	0.9000000000000341	trials	45	s045_F200625	grCe	1	180.0	8	445.233	445.533
477.62	0.9000000000000341	trials	45	s045_F200625	coCe_grSu6Ne	17	135.0	8	477.92	478.22
478.21999999999997	0.9000000000000341	trials	45	s045_F200625	grCe_grSu3Ne	5	270.0	8	478.52	478.82
478.82099999999997	0.9000000000000341	trials	45	s045_F200625	grCe_grSu12SmCiNe	13	90.0	8	479.121	479.42
484.43	0.9000000000000341	trials	45	s045_F200625	coCe	16	45.0	8	484.73	485.029
485.07099999999997	0.9000000000000341	trials	45	s045_F200625	grCe_grSu12SmCiNe_PS	21	315.0	8	485.371	485.671
485.705	0.9000000000000341	trials	45	s045_F200625	grCe_grSu12SmCiNe	13	0.0	8	486.005	486.304
486.322	0.9000000000000341	trials	45	s045_F200625	grCe_grSu18Fa	11	225.0	8	486.622	486.921
493.464	0.9000000000000341	trials	45	s045_F200625	grCe_grSu6Ne	7	0.0	8	493.764	494.064
494.06399999999996	0.9000000000000341	trials	45	s045_F200625	grCe_grSu12SmCiNe_PS	21	225.0	8	494.364	494.664
494.664	0.9000000000000341	trials	45	s045_F200625	grCe_grSu6CiNe_PS	19	315.0	8	494.964	495.264
495.264	0.9000000000000341	trials	45	s045_F200625	grCe	1	225.0	8	495.564	495.864
495.864	0.9000000000000341	trials	45	s045_F200625	grSu6Ne	6		8	496.164	496.464
501.94	0.9000000000000341	trials	45	s045_F200625	grCe_grSu1Ne	3	45.0	8	502.24	502.54
503.14	0.9000000000000341	trials	45	s045_F200625	grCe_grSu12SmCiNe_PS	21	45.0	8	503.44	503.74
503.74	0.9000000000000341	trials	45	s045_F200625	grCe_grSu12SmCiNe	13	180.0	8	504.04	504.34
504.341	0.9000000000000341	trials	45	s045_F200625	grCe_grSu1Ne	3	270.0	8	504.641	504.94
510.658	0.9000000000000341	trials	45	s045_F200625	grCe_grSu6CiNe	15	90.0	8	510.958	511.258
511.258	0.9000000000000341	trials	45	s045_F200625	coSu6Ne	20		8	511.558	511.858
511.858	0.9000000000000341	trials	45	s045_F200625	coCe_grSu6Ne	17	0.0	8	512.158	512.458
519.3760000000001	0.8999999999999773	trials	45	s045_F200625	coCe_grSu6Ne	17	315.0	8	519.676	519.975
523.0680000000001	0.8999999999999773	trials	45	s045_F200625	coCe	16	90.0	8	523.368	523.668
523.668	0.8999999999999773	trials	45	s045_F200625	grCe	1	270.0	8	523.968	524.268
524.2850000000001	0.8999999999999773	trials	45	s045_F200625	grCe_grSu6Ne	7	270.0	8	524.585	524.884
524.885	0.8999999999999773	trials	45	s045_F200625	coCe	16	135.0	8	525.185	525.485
525.485	0.8999999999999773	trials	45	s045_F200625	grCe_grSu6CiNe	15	270.0	8	525.785	526.085
544.821	0.8999999999999773	trials	45	s045_F200625	grCe_grSu18Fa	11	180.0	8	545.121	545.42
545.421	0.8999999999999773	trials	45	s045_F200625	grCe_grSu6CiNe_PS	19	0.0	8	545.721	546.02
546.0210000000001	0.8999999999999773	trials	45	s045_F200625	grCe_grSu12SmCiNe	13	135.0	8	546.321	546.621
546.6210000000001	0.8999999999999773	trials	45	s045_F200625	grCe_grSu1Ne	3	0.0	8	546.921	547.221
554.7890000000001	0.8999999999999773	trials	45	s045_F200625	grCe_grSu12SmCiNe	13	225.0	8	555.089	555.388
555.4140000000001	0.8999999999999773	trials	45	s045_F200625	grCe_grSu12Mi	9	90.0	8	555.714	556.013
556.022	0.8999999999999773	trials	45	s045_F200625	grCe_grSu18Fa	11	90.0	8	556.322	556.622
556.6220000000001	0.8999999999999773	trials	45	s045_F200625	coCe_grSu6Ne	17	225.0	8	556.922	557.222
557.2220000000001	0.8999999999999773	trials	45	s045_F200625	grCe_grSu12SmCiNe_PS	21	135.0	8	557.522	557.822
563.431	0.8999999999999773	trials	45	s045_F200625	grCe_grSu12SmCiNe_PS	21	90.0	8	563.731	564.031
564.032	0.8999999999999773	trials	45	s045_F200625	grCe_grSu3Ne	5	45.0	8	564.332	564.631
567.849	0.8999999999999773	trials	45	s045_F200625	grSu3Ne	4		8	568.149	568.448
568.4490000000001	0.8999999999999773	trials	45	s045_F200625	grCe_grSu12SmCiNe	13	270.0	8	568.749	569.048
569.082	0.8999999999999773	trials	45	s045_F200625	grCe_grSu6Ne	7	315.0	8	569.382	569.682
569.6990000000001	0.8999999999999773	trials	45	s045_F200625	grCe_grSu12Mi	9	135.0	8	569.999	570.299
570.2990000000001	0.8999999999999773	trials	45	s045_F200625	coCe	16	0.0	8	570.599	570.899
577.258	0.8999999999999773	trials	45	s045_F200625	grCe_grSu3Ne	5	180.0	8	577.558	577.858
577.8580000000001	0.8999999999999773	trials	45	s045_F200625	grCe_grSu1Ne	3	315.0	8	578.158	578.458
578.4670000000001	0.8999999999999773	trials	45	s045_F200625	grSu12Mi	8		8	578.767	579.066
579.067	0.8999999999999773	trials	45	s045_F200625	grCe_grSu6CiNe	15	135.0	8	579.367	579.667
579.667	0.8999999999999773	trials	45	s045_F200625	grSu12SmCiNe	12		8	579.967	580.267
585.9590000000001	0.8999999999999773	trials	45	s045_F200625	grCe_grSu1Ne	3	90.0	8	586.259	586.559
586.5680000000001	0.8999999999999773	trials	45	s045_F200625	grCe_grSu18Fa	11	270.0	8	586.868	587.167
587.168	0.8999999999999773	trials	45	s045_F200625	coCe_grSu6Ne	17	180.0	1	587.468	587.768
587.768	0.8999999999999773	trials	45	s045_F200625	grCe_grSu1Ne	3	180.0	1	588.068	588.368
588.368	0.8999999999999773	trials	45	s045_F200625	grCe	1	270.0	1	588.668	588.968
594.6690000000001	0.8999999999999773	trials	45	s045_F200625	coCe	16	225.0	1	594.969	595.269
595.2860000000001	0.8999999999999773	trials	45	s045_F200625	grCe_grSu18Fa	11	225.0	1	595.586	595.885
596.5110000000001	0.8999999999999773	trials	45	s045_F200625	grCe_grSu12Mi	9	270.0	1	596.811	597.11
597.111	0.8999999999999773	trials	45	s045_F200625	grCe_grSu12SmCiNe_PS	21	45.0	1	597.411	597.711
603.8950000000001	0.8999999999999773	trials	45	s045_F200625	grCe_grSu6Ne	7	135.0	1	604.195	604.495
604.495	0.8999999999999773	trials	45	s045_F200625	grCe_grSu6Ne	7	180.0	1	604.795	605.095
605.1120000000001	0.8999999999999773	trials	45	s045_F200625	grSu3Ne	4		1	605.412	605.712
605.745	0.8999999999999773	trials	45	s045_F200625	grCe_grSu6Ne_PS	18	315.0	1	606.045	606.345
606.345	0.8999999999999773	trials	45	s045_F200625	grCe_grSu6CiNe	15	315.0	1	606.645	606.945
618.58	0.8999999999999773	trials	45	s045_F200625	grCe_grSu6CiNe	15	45.0	1	618.88	619.18
619.1800000000001	0.8999999999999773	trials	45	s045_F200625	grCe_grSu3Ne	5	0.0	1	619.48	619.78
620.3810000000001	0.8999999999999773	trials	45	s045_F200625	grCe_grSu6CiNe_PS	19	135.0	1	620.681	620.98
626.606	0.8999999999999773	trials	45	s045_F200625	grCe_grSu6Ne	7	315.0	1	626.906	627.206
627.24	0.8999999999999773	trials	45	s045_F200625	grCe_grSu18Fa	11	180.0	1	627.54	627.839
628.44	0.8999999999999773	trials	45	s045_F200625	grSu6Ne	6		1	628.74	629.04
629.0400000000001	0.8999999999999773	trials	45	s045_F200625	grCe_grSu6Ne	7	0.0	1	629.34	629.64
635.1410000000001	0.8999999999999773	trials	45	s045_F200625	grCe_grSu6Ne_PS	18	225.0	1	635.441	635.74
635.7660000000001	0.8999999999999773	trials	45	s045_F200625	grCe	1	135.0	1	636.066	636.366
636.3660000000001	0.8999999999999773	trials	45	s045_F200625	grCe_grSu12SmCiNe_PS	21	270.0	1	636.666	636.966
636.9910000000001	0.8999999999999773	trials	45	s045_F200625	grCe	1	0.0	1	637.291	637.591
637.599	0.8999999999999773	trials	45	s045_F200625	grCe_grSu12Mi	9	0.0	1	637.899	638.199
643.975	0.8999999999999773	trials	45	s045_F200625	grSu12Mi	8		1	644.275	644.575
645.1750000000001	0.8999999999999773	trials	45	s045_F200625	coCe_grSu6Ne	17	90.0	1	645.475	645.775
645.7750000000001	0.8999999999999773	trials	45	s045_F200625	grCe_grSu6Ne	7	90.0	1	646.075	646.375
646.409	0.8999999999999773	trials	45	s045_F200625	coCe_grSu6Ne	17	270.0	1	646.709	647.009
652.86	0.8999999999999773	trials	45	s045_F200625	grCe_grSu12Mi	9	135.0	1	653.16	653.459
653.4680000000001	0.8999999999999773	trials	45	s045_F200625	grCe_grSu18Fa	11	270.0	1	653.768	654.068
654.0680000000001	0.8999999999999773	trials	45	s045_F200625	grCe	1	225.0	1	654.368	654.668
654.668	0.8999999999999773	trials	45	s045_F200625	grCe_grSu3Ne	5	45.0	1	654.968	655.268
655.277	0.8999999999999773	trials	45	s045_F200625	grCe_grSu18Fa	11	135.0	1	655.577	655.876
661.369	0.8999999999999773	trials	45	s045_F200625	grCe_grSu1Ne	3	45.0	1	661.669	661.969
661.969	0.8999999999999773	trials	45	s045_F200625	grCe_grSu6CiNe	15	135.0	1	662.269	662.569
662.5690000000001	0.8999999999999773	trials	45	s045_F200625	grCe_grSu12SmCiNe	13	315.0	1	662.869	663.169
663.1690000000001	0.8999999999999773	trials	45	s045_F200625	grCe_grSu6CiNe	15	180.0	1	663.469	663.769
663.769	0.8999999999999773	trials	45	s045_F200625	coCe_grSu6Ne	17	135.0	1	664.069	664.369
670.6790000000001	0.8999999999999773	trials	45	s045_F200625	grCe_grSu6CiNe_PS	19	45.0	1	670.979	671.278
672.479	0.8999999999999773	trials	45	s045_F200625	grCe_grSu6CiNe	15	90.0	1	672.779	673.079
678.988	0.8999999999999773	trials	45	s045_F200625	grCe_grSu1Ne	3	270.0	1	679.288	679.588
679.5880000000001	0.8999999999999773	trials	45	s045_F200625	grCe_grSu12SmCiNe	13	0.0	1	679.888	680.188
680.1880000000001	0.8999999999999773	trials	45	s045_F200625	grCe_grSu3Ne	5	135.0	1	680.488	680.788
680.788	0.8999999999999773	trials	45	s045_F200625	grCe_grSu12SmCiNe_PS	21	180.0	1	681.088	681.388
681.413	0.8999999999999773	trials	45	s045_F200625	grCe_grSu3Ne	5	270.0	1	681.713	682.013
688.548	0.8999999999999773	trials	45	s045_F200625	grCe	1	180.0	1	688.848	689.147
689.148	0.8999999999999773	trials	45	s045_F200625	grCe_grSu12SmCiNe_PS	21	0.0	1	689.448	689.747
689.748	0.8999999999999773	trials	45	s045_F200625	grCe_grSu6CiNe_PS	19	315.0	1	690.048	690.347
690.3480000000001	0.8999999999999773	trials	45	s045_F200625	coCe_grSu6Ne	17	225.0	1	690.648	690.948
696.5070000000001	0.8999999999999773	trials	45	s045_F200625	grCe_grSu6Ne_PS	18	45.0	1	696.807	697.107
697.1400000000001	0.8999999999999773	trials	45	s045_F200625	grCe_grSu3Ne	5	225.0	1	697.44	697.74
698.341	0.8999999999999773	trials	45	s045_F200625	grCe	1	45.0	1	698.641	698.94
698.941	0.8999999999999773	trials	45	s045_F200625	coCe	16	315.0	1	699.241	699.54
711.4340000000001	0.8999999999999773	trials	45	s045_F200625	grCe	1	90.0	1	711.734	712.034
712.034	0.8999999999999773	trials	45	s045_F200625	coCe	16	45.0	1	712.334	712.634
712.634	0.8999999999999773	trials	45	s045_F200625	grCe_grSu3Ne	5	315.0	1	712.934	713.234
713.8430000000001	0.8999999999999773	trials	45	s045_F200625	grCe_grSu6CiNe_PS	19	90.0	1	714.143	714.442
720.21	0.8999999999999773	trials	45	s045_F200625	grCe_grSu1Ne	3	225.0	1	720.51	720.81
722.027	0.8999999999999773	trials	45	s045_F200625	coCe	16	135.0	1	722.327	722.627
722.8190000000001	0.8999999999999773	trials	45	s045_F200625	grCe_grSu18Fa	11	45.0	1	723.119	723.418
729.803	0.8999999999999773	trials	45	s045_F200625	grCe_grSu12SmCiNe_PS	21	225.0	1	730.103	730.403
731.003	0.8999999999999773	trials	45	s045_F200625	grCe_grSu12Mi	9	315.0	1	731.303	731.603
731.628	0.8999999999999773	trials	45	s045_F200625	coCe_grSu6Ne	17	45.0	1	731.928	732.228
738.1790000000001	0.8999999999999773	trials	45	s045_F200625	grCe_grSu1Ne	3	90.0	1	738.479	738.779
739.379	0.8999999999999773	trials	45	s045_F200625	grCe_grSu12SmCiNe	13	180.0	1	739.679	739.979
739.979	0.8999999999999773	trials	45	s045_F200625	grCe	1	315.0	1	740.279	740.579
740.5790000000001	0.8999999999999773	trials	45	s045_F200625	grCe_grSu12Mi	9	45.0	1	740.879	741.179
747.08	0.8999999999999773	trials	45	s045_F200625	grCe_grSu6CiNe_PS	19	180.0	1	747.38	747.68
747.6800000000001	0.8999999999999773	trials	45	s045_F200625	grCe_grSu12SmCiNe_PS	21	90.0	1	747.98	748.28
748.2800000000001	0.8999999999999773	trials	45	s045_F200625	grCe_grSu6Ne_PS	18	0.0	1	748.58	748.88
748.88	0.8999999999999773	trials	45	s045_F200625	grCe_grSu6CiNe	15	0.0	1	749.18	749.48
749.481	0.8999999999999773	trials	45	s045_F200625	coCe_grSu6Ne	17	0.0	1	749.781	750.08
756.148	0.8999999999999773	trials	45	s045_F200625	grSu1Ne	2		1	756.448	756.748
757.3820000000001	0.8999999999999773	trials	45	s045_F200625	grCe_grSu6CiNe_PS	19	270.0	1	757.682	757.981
757.9820000000001	0.8999999999999773	trials	45	s045_F200625	coCe	16	270.0	1	758.282	758.581
764.341	0.8999999999999773	trials	45	s045_F200625	grCe_grSu1Ne	3	135.0	1	764.641	764.94
764.941	0.8999999999999773	trials	45	s045_F200625	grCe_grSu12SmCiNe	13	135.0	1	765.241	765.541
765.5830000000001	0.8999999999999773	trials	45	s045_F200625	grCe_grSu18Fa	11	90.0	1	765.883	766.182
766.183	0.8999999999999773	trials	45	s045_F200625	grCe_grSu6CiNe_PS	19	225.0	1	766.483	766.782
766.808	0.8999999999999773	trials	45	s045_F200625	NoStim	0		1	767.108	767.407
781.21	0.8999999999999773	trials	45	s045_F200625	grCe_grSu12SmCiNe	13	270.0	1	781.51	781.809
788.9440000000001	0.8999999999999773	trials	45	s045_F200625	coCe	16	90.0	1	789.244	789.544
789.561	0.8999999999999773	trials	45	s045_F200625	grCe_grSu18Fa	11	0.0	1	789.861	790.16
790.1610000000001	0.8999999999999773	trials	45	s045_F200625	coCe_grSu6Ne	17	315.0	1	790.461	790.76
790.7610000000001	0.8999999999999773	trials	45	s045_F200625	grCe_grSu6CiNe_PS	19	0.0	1	791.061	791.361
797.712	0.8999999999999773	trials	45	s045_F200625	grCe_grSu6Ne_PS	18	135.0	1	798.012	798.311
798.3290000000001	0.8999999999999773	trials	45	s045_F200625	grCe_grSu12Mi	9	225.0	1	798.629	798.928
798.9290000000001	0.8999999999999773	trials	45	s045_F200625	grCe_grSu6Ne	7	45.0	1	799.229	799.528
799.5540000000001	0.8999999999999773	trials	45	s045_F200625	grCe_grSu6Ne_PS	18	180.0	1	799.854	800.153
800.154	0.8999999999999773	trials	45	s045_F200625	grCe_grSu6Ne_PS	18	270.0	1	800.454	800.753
806.3050000000001	0.8999999999999773	trials	45	s045_F200625	grCe_grSu6Ne_PS	18	90.0	1	806.605	806.904
807.513	0.8999999999999773	trials	45	s045_F200625	grCe_grSu18Fa	11	315.0	1	807.813	808.113
808.113	0.8999999999999773	trials	45	s045_F200625	grCe_grSu12SmCiNe_PS	21	315.0	1	808.413	808.713
808.7130000000001	0.8999999999999773	trials	45	s045_F200625	grSu12SmCiNe	12		1	809.013	809.313
814.964	0.8999999999999773	trials	45	s045_F200625	grCe_grSu1Ne	3	0.0	1	815.264	815.564
818.806	0.8999999999999773	trials	45	s045_F200625	grCe_grSu3Ne	5	180.0	1	819.106	819.406
819.4060000000001	0.8999999999999773	trials	45	s045_F200625	grCe_grSu3Ne	5	90.0	1	819.706	820.006
820.048	0.8999999999999773	trials	45	s045_F200625	grCe_grSu12SmCiNe_PS	21	135.0	1	820.348	820.648
820.648	0.8999999999999773	trials	45	s045_F200625	coSu6Ne	20		1	820.948	821.248
827.6740000000001	0.8999999999999773	trials	45	s045_F200625	coCe	16	0.0	1	827.974	828.274
828.874	0.8999999999999773	trials	45	s045_F200625	grCe_grSu12SmCiNe	13	90.0	1	829.174	829.474
829.474	0.8999999999999773	trials	45	s045_F200625	grCe_grSu6CiNe	15	270.0	1	829.774	830.074
836.3580000000001	0.8999999999999773	trials	45	s045_F200625	grCe_grSu12Mi	9	90.0	1	836.658	836.958
837.0	0.8999999999999773	trials	45	s045_F200625	grSu18Fa	10		1	837.3	837.6
837.6	0.8999999999999773	trials	45	s045_F200625	grCe_grSu1Ne	3	315.0	1	837.9	838.2
838.2	0.8999999999999773	trials	45	s045_F200625	grCe_grSu12SmCiNe	13	225.0	1	838.5	838.8
838.8000000000001	0.8999999999999773	trials	45	s045_F200625	coCe	16	180.0	1	839.1	839.4
850.1270000000001	0.8999999999999773	trials	45	s045_F200625	grCe_grSu6Ne	7	225.0	1	850.427	850.727
850.7520000000001	0.8999999999999773	trials	45	s045_F200625	grCe_grSu12SmCiNe	13	45.0	1	851.052	851.352
859.153	0.8999999999999773	trials	45	s045_F200625	grCe_grSu12Mi	9	180.0	1	859.453	859.753
859.753	0.8999999999999773	trials	45	s045_F200625	grCe_grSu6CiNe	15	225.0	1	860.053	860.353
861.0200000000001	0.8999999999999773	trials	45	s045_F200625	grSu6CiNe	14		1	861.32	861.62
861.62	0.8999999999999773	trials	45	s045_F200625	grCe_grSu6Ne	7	270.0	1	861.92	862.22
867.912	0.8999999999999773	trials	45	s045_F200625	grCe_grSu6CiNe_PS	19	225.0	3	868.212	868.512
868.513	0.8999999999999773	trials	45	s045_F200625	grCe_grSu12SmCiNe_PS	21	180.0	3	868.813	869.112
869.1460000000001	0.8999999999999773	trials	45	s045_F200625	grCe_grSu3Ne	5	90.0	3	869.446	869.746
869.7460000000001	0.8999999999999773	trials	45	s045_F200625	grCe_grSu6CiNe_PS	19	270.0	3	870.046	870.346
870.346	0.8999999999999773	trials	45	s045_F200625	grCe_grSu12SmCiNe	13	45.0	3	870.646	870.946
877.1640000000001	0.8999999999999773	trials	45	s045_F200625	grCe_grSu12Mi	9	90.0	3	877.464	877.763
877.764	0.8999999999999773	trials	45	s045_F200625	grCe_grSu6Ne	7	45.0	3	878.064	878.363
878.3720000000001	0.8999999999999773	trials	45	s045_F200625	grCe_grSu18Fa	11	315.0	3	878.672	878.972
879.5970000000001	0.8999999999999773	trials	45	s045_F200625	coCe	16	225.0	3	879.897	880.197
889.807	0.8999999999999773	trials	45	s045_F200625	grCe_grSu12SmCiNe	13	0.0	3	890.107	890.407
890.407	0.8999999999999773	trials	45	s045_F200625	grCe_grSu12SmCiNe	13	90.0	3	890.707	891.007
891.0070000000001	0.8999999999999773	trials	45	s045_F200625	grSu3Ne	4		3	891.307	891.607
892.2410000000001	0.8999999999999773	trials	45	s045_F200625	coCe_grSu6Ne	17	90.0	3	892.541	892.84
898.8000000000001	0.8999999999999773	trials	45	s045_F200625	grCe_grSu6Ne_PS	18	135.0	3	899.1	899.399
899.442	0.8999999999999773	trials	45	s045_F200625	coCe	16	180.0	3	899.742	900.041
900.042	0.8999999999999773	trials	45	s045_F200625	grCe_grSu1Ne	3	45.0	3	900.342	900.641
900.642	0.8999999999999773	trials	45	s045_F200625	coCe	16	315.0	3	900.942	901.241
901.2420000000001	0.8999999999999773	trials	45	s045_F200625	grCe_grSu12Mi	9	315.0	3	901.542	901.841
908.8090000000001	0.8999999999999773	trials	45	s045_F200625	grCe_grSu12Mi	9	45.0	3	909.109	909.409
909.4430000000001	0.8999999999999773	trials	45	s045_F200625	grCe_grSu1Ne	3	135.0	3	909.743	910.043
910.043	0.8999999999999773	trials	45	s045_F200625	grCe_grSu12Mi	9	0.0	3	910.343	910.643
910.643	0.8999999999999773	trials	45	s045_F200625	grCe_grSu3Ne	5	0.0	3	910.943	911.243
916.827	0.8999999999999773	trials	45	s045_F200625	coCe	16	0.0	3	917.127	917.427
917.427	0.8999999999999773	trials	45	s045_F200625	coCe	16	90.0	3	917.727	918.027
918.027	0.8999999999999773	trials	45	s045_F200625	grCe_grSu6Ne	7	315.0	3	918.327	918.627
918.6360000000001	0.8999999999999773	trials	45	s045_F200625	grCe_grSu3Ne	5	135.0	3	918.936	919.235
919.236	0.8999999999999773	trials	45	s045_F200625	grSu6CiNe	14		3	919.536	919.835
925.4200000000001	0.8999999999999773	trials	45	s045_F200625	grCe_grSu12SmCiNe	13	180.0	3	925.72	926.02
926.0200000000001	0.8999999999999773	trials	45	s045_F200625	grCe_grSu6CiNe	15	90.0	3	926.32	926.62
926.628	0.8999999999999773	trials	45	s045_F200625	grCe_grSu18Fa	11	225.0	3	926.928	927.228
927.2620000000001	0.8999999999999773	trials	45	s045_F200625	grCe_grSu6Ne_PS	18	270.0	3	927.562	927.861
927.8620000000001	0.8999999999999773	trials	45	s045_F200625	coSu6Ne	20		3	928.162	928.462
934.071	0.8999999999999773	trials	45	s045_F200625	grCe_grSu6CiNe	15	225.0	3	934.371	934.671
934.671	0.8999999999999773	trials	45	s045_F200625	grCe_grSu12Mi	9	225.0	3	934.971	935.271
935.2800000000001	0.8999999999999773	trials	45	s045_F200625	grCe_grSu18Fa	11	0.0	3	935.58	935.879
936.505	0.8999999999999773	trials	45	s045_F200625	grCe_grSu18Fa	11	135.0	3	936.805	937.104
942.5300000000001	0.8999999999999773	trials	45	s045_F200625	grCe_grSu6CiNe_PS	19	90.0	3	942.83	943.13
943.1310000000001	0.8999999999999773	trials	45	s045_F200625	grCe_grSu6Ne_PS	18	45.0	3	943.431	943.73
943.731	0.8999999999999773	trials	45	s045_F200625	grCe_grSu3Ne	5	45.0	3	944.031	944.33
944.364	0.8999999999999773	trials	45	s045_F200625	grSu18Fa	10		3	944.664	944.964
944.964	0.8999999999999773	trials	45	s045_F200625	coCe_grSu6Ne	17	315.0	3	945.264	945.564
954.624	0.8999999999999773	trials	45	s045_F200625	grCe_grSu12SmCiNe_PS	21	135.0	3	954.924	955.223
955.224	0.8999999999999773	trials	45	s045_F200625	grCe	1	270.0	3	955.524	955.823
956.466	0.8999999999999773	trials	45	s045_F200625	grCe_grSu12Mi	9	270.0	3	956.766	957.065
963.2410000000001	0.8999999999999773	trials	45	s045_F200625	coCe_grSu6Ne	17	135.0	3	963.541	963.841
963.85	0.8999999999999773	trials	45	s045_F200625	grCe_grSu18Fa	11	270.0	3	964.15	964.45
965.0500000000001	0.8999999999999773	trials	45	s045_F200625	grCe_grSu1Ne	3	180.0	3	965.35	965.65
965.6500000000001	0.8999999999999773	trials	45	s045_F200625	grSu12Mi	8		3	965.95	966.25
971.7180000000001	0.8999999999999773	trials	45	s045_F200625	grCe_grSu12SmCiNe	13	270.0	3	972.018	972.317
972.3180000000001	0.8999999999999773	trials	45	s045_F200625	grCe_grSu3Ne	5	270.0	3	972.618	972.917
972.951	0.8999999999999773	trials	45	s045_F200625	grCe_grSu1Ne	3	0.0	3	973.251	973.551
973.5930000000001	0.8999999999999773	trials	45	s045_F200625	grCe_grSu12SmCiNe_PS	21	0.0	3	973.893	974.192
974.1930000000001	0.8999999999999773	trials	45	s045_F200625	grCe_grSu12SmCiNe_PS	21	45.0	3	974.493	974.793
980.9770000000001	0.8999999999999773	trials	45	s045_F200625	grCe_grSu3Ne	5	225.0	3	981.277	981.577
981.577	0.8999999999999773	trials	45	s045_F200625	grCe_grSu12SmCiNe	13	315.0	3	981.877	982.177
985.0780000000001	0.8999999999999773	trials	45	s045_F200625	coCe_grSu6Ne	17	45.0	3	985.378	985.677
985.678	0.8999999999999773	trials	45	s045_F200625	grCe_grSu12Mi	9	180.0	3	985.978	986.277
986.3190000000001	0.8999999999999773	trials	45	s045_F200625	grCe_grSu6CiNe	15	0.0	3	986.619	986.919
987.5200000000001	0.8999999999999773	trials	45	s045_F200625	grCe_grSu12SmCiNe_PS	21	90.0	3	987.82	988.119
1003.172	0.8999999999999773	trials	45	s045_F200625	grCe_grSu12SmCiNe_PS	21	225.0	3	1003.472	1003.771
1003.772	0.8999999999999773	trials	45	s045_F200625	grCe_grSu1Ne	3	90.0	3	1004.072	1004.371
1004.3720000000001	0.8999999999999773	trials	45	s045_F200625	grCe_grSu6Ne_PS	18	180.0	3	1004.672	1004.971
1005.572	0.8999999999999773	trials	45	s045_F200625	grCe_grSu6CiNe_PS	19	0.0	3	1005.872	1006.172
1020.907	0.8999999999999773	trials	45	s045_F200625	grCe_grSu6Ne_PS	18	315.0	3	1021.207	1021.507
1021.5070000000001	0.8999999999999773	trials	45	s045_F200625	grCe_grSu6CiNe	15	315.0	3	1021.807	1022.107
1030.108	0.8999999999998636	trials	45	s045_F200625	grCe_grSu6CiNe	15	270.0	3	1030.408	1030.708
1030.7250000000001	0.8999999999998636	trials	45	s045_F200625	coCe	16	270.0	3	1031.025	1031.325
1031.325	0.8999999999998636	trials	45	s045_F200625	grCe_grSu6Ne	7	225.0	3	1031.625	1031.925
1031.925	0.8999999999998636	trials	45	s045_F200625	grCe_grSu6CiNe_PS	19	315.0	3	1032.225	1032.525
1032.559	0.8999999999998636	trials	45	s045_F200625	grCe_grSu6Ne_PS	18	225.0	3	1032.859	1033.158
1038.7930000000001	0.8999999999998636	trials	45	s045_F200625	grCe_grSu6Ne	7	270.0	3	1039.093	1039.393
1039.435	0.8999999999998636	trials	45	s045_F200625	grCe_grSu1Ne	3	315.0	3	1039.735	1040.034
1040.035	0.8999999999998636	trials	45	s045_F200625	grCe_grSu12SmCiNe	13	135.0	3	1040.335	1040.634
1041.2350000000001	0.8999999999998636	trials	45	s045_F200625	grCe_grSu1Ne	3	270.0	3	1041.535	1041.835
1047.352	0.8999999999998636	trials	45	s045_F200625	grCe_grSu18Fa	11	90.0	3	1047.652	1047.952
1047.952	0.8999999999998636	trials	45	s045_F200625	grCe_grSu12SmCiNe	13	225.0	3	1048.252	1048.552
1048.5520000000001	0.8999999999998636	trials	45	s045_F200625	grCe_grSu6Ne	7	135.0	3	1048.852	1049.152
1049.153	0.8999999999998636	trials	45	s045_F200625	grCe_grSu6Ne	7	180.0	3	1049.453	1049.752
1056.6200000000001	0.8999999999998636	trials	45	s045_F200625	grCe_grSu6CiNe	15	135.0	3	1056.92	1057.22
1057.22	0.8999999999998636	trials	45	s045_F200625	grCe_grSu6Ne	7	0.0	3	1057.52	1057.82
1058.42	0.8999999999998636	trials	45	s045_F200625	grCe_grSu6CiNe	15	45.0	3	1058.72	1059.02
1071.047	0.8999999999998636	trials	45	s045_F200625	grCe	1	225.0	3	1071.347	1071.647
1071.647	0.8999999999998636	trials	45	s045_F200625	grCe_grSu12SmCiNe_PS	21	315.0	3	1071.947	1072.247
1072.247	0.8999999999998636	trials	45	s045_F200625	grCe_grSu6CiNe_PS	19	180.0	3	1072.547	1072.847
1072.847	0.8999999999998636	trials	45	s045_F200625	grCe_grSu6CiNe_PS	19	135.0	3	1073.147	1073.447
1079.94	0.8999999999998636	trials	45	s045_F200625	grSu6Ne	6		3	1080.24	1080.54
1080.54	0.8999999999998636	trials	45	s045_F200625	grCe	1	0.0	3	1080.84	1081.14
1081.1480000000001	0.8999999999998636	trials	45	s045_F200625	coCe_grSu6Ne	17	180.0	3	1081.448	1081.748
1082.349	0.8999999999998636	trials	45	s045_F200625	NoStim	0		3	1082.649	1082.948
1092.3500000000001	0.8999999999998636	trials	45	s045_F200625	coCe_grSu6Ne	17	0.0	3	1092.65	1092.949
1092.95	0.8999999999998636	trials	45	s045_F200625	grCe	1	180.0	3	1093.25	1093.55
1093.55	0.8999999999998636	trials	45	s045_F200625	grCe_grSu1Ne	3	225.0	3	1093.85	1094.15
1094.15	0.8999999999998636	trials	45	s045_F200625	grCe_grSu6Ne	7	90.0	3	1094.45	1094.75
1094.775	0.8999999999998636	trials	45	s045_F200625	grCe	1	315.0	3	1095.075	1095.375
1101.1090000000002	0.8999999999998636	trials	45	s045_F200625	coCe	16	45.0	3	1101.409	1101.709
1102.96	0.8999999999998636	trials	45	s045_F200625	grCe_grSu12SmCiNe_PS	21	270.0	3	1103.26	1103.559
1109.66	0.8999999999998636	trials	45	s045_F200625	coCe	16	135.0	3	1109.96	1110.26
1110.3020000000001	0.8999999999998636	trials	45	s045_F200625	grCe	1	135.0	3	1110.602	1110.902
1110.902	0.8999999999998636	trials	45	s045_F200625	grCe_grSu3Ne	5	315.0	3	1111.202	1111.502
1111.502	0.8999999999998636	trials	45	s045_F200625	grCe_grSu12Mi	9	135.0	3	1111.802	1112.102
1115.4940000000001	0.8999999999998636	trials	45	s045_F200625	grCe	1	90.0	3	1115.794	1116.094
1116.095	0.8999999999998636	trials	45	s045_F200625	grSu1Ne	2		3	1116.395	1116.694
1116.695	0.8999999999998636	trials	45	s045_F200625	grCe_grSu6CiNe	15	180.0	3	1116.995	1117.294
1117.303	0.8999999999998636	trials	45	s045_F200625	grCe_grSu18Fa	11	45.0	3	1117.603	1117.903
1124.237	0.8999999999998636	trials	45	s045_F200625	grCe	1	45.0	3	1124.537	1124.837
1125.4370000000001	0.8999999999998636	trials	45	s045_F200625	grCe_grSu6CiNe_PS	19	45.0	3	1125.737	1126.037
1126.079	0.8999999999998636	trials	45	s045_F200625	grCe_grSu6Ne_PS	18	90.0	3	1126.379	1126.679
1126.679	0.8999999999998636	trials	45	s045_F200625	grSu12SmCiNe	12		3	1126.979	1127.279
1154.691	0.8999999999998636	trials	45	s045_F200625	grCe_grSu6Ne_PS	18	0.0	3	1154.991	1155.291
1155.291	0.8999999999998636	trials	45	s045_F200625	grCe_grSu3Ne	5	180.0	3	1155.591	1155.891
1155.9	0.8999999999998636	trials	45	s045_F200625	grCe_grSu18Fa	11	180.0	3	1156.2	1156.499
1156.525	0.8999999999998636	trials	45	s045_F200625	coCe_grSu6Ne	17	225.0	3	1156.825	1157.124
1163.5420000000001	0.8999999999998636	trials	45	s045_F200625	coCe_grSu6Ne	17	270.0	3	1163.842	1164.142
1164.759	0.8999999999998636	trials	45	s045_F200625	coCe	16	180.0	2	1165.059	1165.359
1165.384	0.8999999999998636	trials	45	s045_F200625	grCe_grSu18Fa	11	135.0	2	1165.684	1165.984
1169.118	0.8999999999998636	trials	45	s045_F200625	grCe	1	270.0	2	1169.418	1169.718
1169.718	0.8999999999998636	trials	45	s045_F200625	grSu12SmCiNe	12		2	1170.018	1170.318
1170.9270000000001	0.8999999999998636	trials	45	s045_F200625	grCe_grSu1Ne	3	135.0	2	1171.227	1171.526
1171.527	0.8999999999998636	trials	45	s045_F200625	grCe_grSu12SmCiNe	13	90.0	2	1171.827	1172.126
1177.794	0.8999999999998636	trials	45	s045_F200625	grCe_grSu1Ne	3	315.0	2	1178.094	1178.394
1178.394	0.8999999999998636	trials	45	s045_F200625	grCe_grSu12Mi	9	90.0	2	1178.694	1178.994
1179.019	0.8999999999998636	trials	45	s045_F200625	grCe	1	315.0	2	1179.319	1179.619
1179.6190000000001	0.8999999999998636	trials	45	s045_F200625	grCe_grSu6CiNe	15	225.0	2	1179.919	1180.219
1180.228	0.8999999999998636	trials	45	s045_F200625	grCe_grSu18Fa	11	270.0	2	1180.528	1180.828
1186.3700000000001	0.8999999999998636	trials	45	s045_F200625	grCe_grSu12SmCiNe	13	135.0	2	1186.67	1186.97
1186.987	0.8999999999998636	trials	45	s045_F200625	grCe_grSu12Mi	9	225.0	2	1187.287	1187.587
1190.979	0.8999999999998636	trials	45	s045_F200625	grCe_grSu12SmCiNe	13	0.0	2	1191.279	1191.579
1192.179	0.8999999999998636	trials	45	s045_F200625	grSu6Ne	6		2	1192.479	1192.779
1200.405	0.8999999999998636	trials	45	s045_F200625	coCe	16	270.0	2	1200.705	1201.005
1208.565	0.8999999999998636	trials	45	s045_F200625	grCe	1	45.0	2	1208.865	1209.164
1209.165	0.8999999999998636	trials	45	s045_F200625	grCe_grSu12SmCiNe	13	225.0	2	1209.465	1209.765
1209.798	0.8999999999998636	trials	45	s045_F200625	coCe	16	90.0	2	1210.098	1210.398
1210.3980000000001	0.8999999999998636	trials	45	s045_F200625	grCe_grSu6CiNe	15	0.0	2	1210.698	1210.998
1211.007	0.8999999999998636	trials	45	s045_F200625	grCe_grSu18Fa	11	45.0	2	1211.307	1211.606
1220.708	0.8999999999998636	trials	45	s045_F200625	grCe_grSu6Ne_PS	18	225.0	2	1221.008	1221.308
1225.4750000000001	0.8999999999998636	trials	45	s045_F200625	coCe_grSu6Ne	17	270.0	2	1225.775	1226.075
1226.675	0.8999999999998636	trials	45	s045_F200625	grCe_grSu1Ne	3	180.0	2	1226.975	1227.275
1227.2920000000001	0.8999999999998636	trials	45	s045_F200625	coCe_grSu6Ne	17	225.0	2	1227.592	1227.892
1231.376	0.8999999999998636	trials	45	s045_F200625	grCe_grSu12SmCiNe_PS	21	315.0	2	1231.676	1231.976
1232.001	0.8999999999998636	trials	45	s045_F200625	grCe_grSu6Ne_PS	18	135.0	2	1232.301	1232.601
1232.601	0.8999999999998636	trials	45	s045_F200625	grCe_grSu12SmCiNe_PS	21	270.0	2	1232.901	1233.201
1233.226	0.8999999999998636	trials	45	s045_F200625	grCe_grSu12SmCiNe	13	270.0	2	1233.526	1233.826
1240.252	0.8999999999998636	trials	45	s045_F200625	grSu18Fa	10		2	1240.552	1240.852
1240.852	0.8999999999998636	trials	45	s045_F200625	grCe_grSu1Ne	3	270.0	2	1241.152	1241.452
1241.452	0.8999999999998636	trials	45	s045_F200625	coCe_grSu6Ne	17	90.0	2	1241.752	1242.052
1242.0610000000001	0.8999999999998636	trials	45	s045_F200625	grCe_grSu18Fa	11	90.0	2	1242.361	1242.66
1242.661	0.8999999999998636	trials	45	s045_F200625	grCe_grSu6Ne_PS	18	90.0	2	1242.961	1243.261
1251.795	0.8999999999998636	trials	45	s045_F200625	coCe	16	135.0	2	1252.095	1252.395
1252.42	0.8999999999998636	trials	45	s045_F200625	grCe_grSu6Ne	7	0.0	2	1252.72	1253.02
1253.021	0.8999999999998636	trials	45	s045_F200625	grCe	1	180.0	2	1253.321	1253.62
1253.621	0.8999999999998636	trials	45	s045_F200625	grCe_grSu6CiNe_PS	19	225.0	2	1253.921	1254.22
1260.847	0.8999999999998636	trials	45	s045_F200625	grCe	1	225.0	2	1261.147	1261.446
1261.463	0.8999999999998636	trials	45	s045_F200625	grCe_grSu3Ne	5	225.0	2	1261.763	1262.063
1265.247	0.8999999999998636	trials	45	s045_F200625	grCe_grSu1Ne	3	45.0	2	1265.547	1265.847
1265.847	0.8999999999998636	trials	45	s045_F200625	grCe_grSu6CiNe	15	180.0	2	1266.147	1266.447
1267.047	0.8999999999998636	trials	45	s045_F200625	grCe_grSu6CiNe_PS	19	90.0	2	1267.347	1267.647
1278.507	0.8999999999998636	trials	45	s045_F200625	coSu6Ne	20		2	1278.807	1279.107
1279.107	0.8999999999998636	trials	45	s045_F200625	grCe_grSu12SmCiNe	13	180.0	2	1279.407	1279.707
1279.707	0.8999999999998636	trials	45	s045_F200625	grCe_grSu3Ne	5	315.0	2	1280.007	1280.307
1280.307	0.8999999999998636	trials	45	s045_F200625	grCe_grSu12SmCiNe_PS	21	180.0	2	1280.607	1280.907
1280.9070000000002	0.8999999999998636	trials	45	s045_F200625	grCe_grSu12Mi	9	45.0	2	1281.207	1281.507
1287.258	0.8999999999998636	trials	45	s045_F200625	grCe_grSu6CiNe_PS	19	45.0	2	1287.558	1287.858
1287.867	0.8999999999998636	trials	45	s045_F200625	grCe_grSu12Mi	9	0.0	2	1288.167	1288.466
1288.467	0.8999999999998636	trials	45	s045_F200625	grCe_grSu1Ne	3	90.0	2	1288.767	1289.066
1289.067	0.8999999999998636	trials	45	s045_F200625	grCe_grSu6Ne_PS	18	270.0	2	1289.367	1289.667
1296.3010000000002	0.8999999999998636	trials	45	s045_F200625	grSu12Mi	8		2	1296.601	1296.901
1296.901	0.8999999999998636	trials	45	s045_F200625	grCe_grSu6Ne	7	180.0	2	1297.201	1297.501
1297.501	0.8999999999998636	trials	45	s045_F200625	grSu1Ne	2		2	1297.801	1298.101
1298.126	0.8999999999998636	trials	45	s045_F200625	grCe_grSu6Ne_PS	18	315.0	2	1298.426	1298.726
1304.344	0.8999999999998636	trials	45	s045_F200625	grCe_grSu12SmCiNe	13	45.0	2	1304.644	1304.944
1304.969	0.8999999999998636	trials	45	s045_F200625	grCe_grSu6CiNe	15	135.0	2	1305.269	1305.569
1305.594	0.8999999999998636	trials	45	s045_F200625	grCe_grSu18Fa	11	315.0	2	1305.894	1306.194
1306.227	0.8999999999998636	trials	45	s045_F200625	grSu6CiNe	14		2	1306.527	1306.827
1306.844	0.8999999999998636	trials	45	s045_F200625	grCe_grSu12SmCiNe_PS	21	45.0	2	1307.144	1307.444
1313.037	0.8999999999998636	trials	45	s045_F200625	grCe_grSu18Fa	11	180.0	2	1313.337	1313.636
1314.27	0.8999999999998636	trials	45	s045_F200625	grCe_grSu6CiNe_PS	19	270.0	2	1314.57	1314.87
1314.8790000000001	0.8999999999998636	trials	45	s045_F200625	grCe_grSu6CiNe_PS	19	315.0	2	1315.179	1315.478
1315.479	0.8999999999998636	trials	45	s045_F200625	grCe_grSu12SmCiNe	13	315.0	2	1315.779	1316.078
1322.2050000000002	0.8999999999998636	trials	45	s045_F200625	grCe_grSu12SmCiNe_PS	21	90.0	2	1322.505	1322.804
1322.805	0.8999999999998636	trials	45	s045_F200625	grCe_grSu3Ne	5	135.0	2	1323.105	1323.404
1323.405	0.8999999999998636	trials	45	s045_F200625	grCe_grSu6Ne_PS	18	180.0	2	1323.705	1324.004
1324.005	0.8999999999998636	trials	45	s045_F200625	grCe_grSu3Ne	5	45.0	2	1324.305	1324.604
1330.231	0.8999999999998636	trials	45	s045_F200625	grCe_grSu6CiNe_PS	19	135.0	2	1330.531	1330.83
1335.54	0.8999999999998636	trials	45	s045_F200625	coCe	16	0.0	2	1335.84	1336.139
1336.765	0.8999999999998636	trials	45	s045_F200625	coCe	16	315.0	2	1337.065	1337.364
1337.365	0.8999999999998636	trials	45	s045_F200625	grCe_grSu12Mi	9	315.0	2	1337.665	1337.964
1344.049	0.8999999999998636	trials	45	s045_F200625	grCe_grSu6CiNe_PS	19	0.0	2	1344.349	1344.649
1356.909	0.8999999999998636	trials	45	s045_F200625	coCe_grSu6Ne	17	0.0	2	1357.209	1357.509
1357.509	0.8999999999998636	trials	45	s045_F200625	coCe	16	45.0	2	1357.809	1358.109
1362.01	0.8999999999998636	trials	45	s045_F200625	grCe_grSu12Mi	9	270.0	2	1362.31	1362.609
1362.618	0.8999999999998636	trials	45	s045_F200625	grCe_grSu18Fa	11	225.0	2	1362.918	1363.218
1363.243	0.8999999999998636	trials	45	s045_F200625	grCe_grSu12Mi	9	135.0	2	1363.543	1363.843
1367.419	0.8999999999998636	trials	45	s045_F200625	coCe	16	225.0	2	1367.719	1368.018
1368.019	0.8999999999998636	trials	45	s045_F200625	grCe_grSu12Mi	9	180.0	2	1368.319	1368.618
1368.661	0.8999999999998636	trials	45	s045_F200625	grSu3Ne	4		2	1368.961	1369.26
1369.261	0.8999999999998636	trials	45	s045_F200625	coCe_grSu6Ne	17	180.0	2	1369.561	1369.86
1369.861	0.8999999999998636	trials	45	s045_F200625	grCe_grSu6CiNe	15	270.0	2	1370.161	1370.46
1375.97	0.8999999999998636	trials	45	s045_F200625	grCe_grSu6CiNe_PS	19	180.0	2	1376.27	1376.569
1376.57	0.8999999999998636	trials	45	s045_F200625	grCe_grSu1Ne	3	225.0	2	1376.87	1377.17
1377.17	0.8999999999998636	trials	45	s045_F200625	grCe_grSu6Ne	7	315.0	2	1377.47	1377.77
1377.77	0.8999999999998636	trials	45	s045_F200625	grCe_grSu12SmCiNe_PS	21	0.0	2	1378.07	1378.37
1378.3700000000001	0.8999999999998636	trials	45	s045_F200625	grCe_grSu6CiNe	15	315.0	2	1378.67	1378.97
1389.155	0.8999999999998636	trials	45	s045_F200625	grCe	1	0.0	2	1389.455	1389.754
1389.78	0.8999999999998636	trials	45	s045_F200625	grCe_grSu12SmCiNe_PS	21	225.0	2	1390.08	1390.38
1390.38	0.8999999999998636	trials	45	s045_F200625	grCe_grSu6Ne_PS	18	45.0	2	1390.68	1390.98
1390.98	0.8999999999998636	trials	45	s045_F200625	grCe_grSu12SmCiNe_PS	21	135.0	2	1391.28	1391.58
1401.7060000000001	0.8999999999998636	trials	45	s045_F200625	grCe_grSu3Ne	5	270.0	2	1402.006	1402.306
1402.315	0.8999999999998636	trials	45	s045_F200625	grCe_grSu6CiNe	15	90.0	2	1402.615	1402.915
1402.915	0.8999999999998636	trials	45	s045_F200625	grCe_grSu6Ne	7	135.0	2	1403.215	1403.515
1404.123	0.8999999999998636	trials	45	s045_F200625	grCe_grSu6Ne	7	270.0	2	1404.423	1404.723
1412.124	0.8999999999998636	trials	45	s045_F200625	grCe_grSu3Ne	5	0.0	2	1412.424	1412.724
1412.7250000000001	0.8999999999998636	trials	45	s045_F200625	grCe_grSu6Ne	7	225.0	2	1413.025	1413.324
1413.325	0.8999999999998636	trials	45	s045_F200625	grCe_grSu3Ne	5	180.0	2	1413.625	1413.924
1413.925	0.8999999999998636	trials	45	s045_F200625	grCe_grSu6Ne	7	90.0	2	1414.225	1414.524
1414.566	0.8999999999998636	trials	45	s045_F200625	NoStim	0		2	1414.866	1415.166
1421.526	0.8999999999998636	trials	45	s045_F200625	grCe	1	90.0	2	1421.826	1422.125
1422.1670000000001	0.8999999999998636	trials	45	s045_F200625	coCe_grSu6Ne	17	45.0	2	1422.467	1422.767
1422.767	0.8999999999998636	trials	45	s045_F200625	grCe_grSu3Ne	5	90.0	2	1423.067	1423.367
1423.368	0.8999999999998636	trials	45	s045_F200625	grCe_grSu1Ne	3	0.0	2	1423.668	1423.967
1430.068	0.8999999999998636	trials	45	s045_F200625	grCe_grSu18Fa	11	0.0	2	1430.368	1430.668
1431.269	0.8999999999998636	trials	45	s045_F200625	grCe	1	135.0	2	1431.569	1431.868
1432.51	0.8999999999998636	trials	45	s045_F200625	coCe_grSu6Ne	17	135.0	2	1432.81	1433.11
1439.1280000000002	0.8999999999998636	trials	45	s045_F200625	coCe_grSu6Ne	17	315.0	2	1439.428	1439.728
1439.728	0.8999999999998636	trials	45	s045_F200625	grCe_grSu6CiNe	15	45.0	2	1440.028	1440.328
1440.336	0.8999999999998636	trials	45	s045_F200625	grCe_grSu6Ne_PS	18	0.0	2	1440.636	1440.936
1440.9370000000001	0.8999999999998636	trials	45	s045_F200625	grCe_grSu6Ne	7	45.0	2	1441.237	1441.536
1441.545	0.8999999999998636	trials	45	s045_F200625	grCe_grSu18Fa	11	180.0	0	1441.845	1442.145
1447.721	0.8999999999998636	trials	45	s045_F200625	grCe_grSu18Fa	11	270.0	0	1448.021	1448.32
1448.337	0.8999999999998636	trials	45	s045_F200625	grCe_grSu18Fa	11	0.0	0	1448.637	1448.937
1448.938	0.8999999999998636	trials	45	s045_F200625	grCe_grSu12SmCiNe	13	225.0	0	1449.238	1449.537
1449.554	0.8999999999998636	trials	45	s045_F200625	grCe_grSu6CiNe_PS	19	135.0	0	1449.854	1450.154
1456.864	0.8999999999998636	trials	45	s045_F200625	grCe_grSu1Ne	3	180.0	0	1457.164	1457.463
1457.464	0.8999999999998636	trials	45	s045_F200625	coSu6Ne	20		0	1457.764	1458.063
1458.064	0.8999999999998636	trials	45	s045_F200625	grCe_grSu12SmCiNe_PS	21	135.0	0	1458.364	1458.663
1458.664	0.8999999999998636	trials	45	s045_F200625	grCe_grSu6CiNe	15	180.0	0	1458.964	1459.263
1467.373	0.8999999999998636	trials	45	s045_F200625	grCe_grSu3Ne	5	135.0	0	1467.673	1467.973
1467.973	0.8999999999998636	trials	45	s045_F200625	grCe_grSu1Ne	3	315.0	0	1468.273	1468.573
1474.749	0.8999999999998636	trials	45	s045_F200625	grSu12SmCiNe	12		0	1475.049	1475.349
1475.358	0.8999999999998636	trials	45	s045_F200625	grCe_grSu12SmCiNe_PS	21	0.0	0	1475.658	1475.957
1475.999	0.8999999999998636	trials	45	s045_F200625	grCe_grSu3Ne	5	0.0	0	1476.299	1476.599
1476.599	0.8999999999998636	trials	45	s045_F200625	coCe_grSu6Ne	17	180.0	0	1476.899	1477.199
1483.284	0.8999999999998636	trials	45	s045_F200625	grCe_grSu6Ne_PS	18	225.0	0	1483.584	1483.883
1483.884	0.8999999999998636	trials	45	s045_F200625	grCe_grSu6CiNe	15	0.0	0	1484.184	1484.483
1484.4840000000002	0.8999999999998636	trials	45	s045_F200625	coCe_grSu6Ne	17	90.0	0	1484.784	1485.083
1485.084	0.8999999999998636	trials	45	s045_F200625	grCe_grSu12SmCiNe	13	90.0	0	1485.384	1485.684
1488.634	0.8999999999998636	trials	45	s045_F200625	grCe_grSu1Ne	3	45.0	0	1488.934	1489.234
1489.2340000000002	0.8999999999998636	trials	45	s045_F200625	grCe_grSu12SmCiNe	13	135.0	0	1489.534	1489.834
1489.843	0.8999999999998636	trials	45	s045_F200625	grCe_grSu12SmCiNe_PS	21	45.0	0	1490.143	1490.442
1490.443	0.8999999999998636	trials	45	s045_F200625	grCe_grSu12Mi	9	180.0	0	1490.743	1491.043
1491.0430000000001	0.8999999999998636	trials	45	s045_F200625	grCe_grSu12SmCiNe	13	180.0	0	1491.343	1491.643
1497.2440000000001	0.8999999999998636	trials	45	s045_F200625	grCe_grSu1Ne	3	270.0	0	1497.544	1497.843
1497.877	0.8999999999998636	trials	45	s045_F200625	grCe_grSu18Fa	11	315.0	0	1498.177	1498.477
1498.4940000000001	0.8999999999998636	trials	45	s045_F200625	coCe	16	0.0	0	1498.794	1499.094
1499.094	0.8999999999998636	trials	45	s045_F200625	grCe_grSu12SmCiNe	13	0.0	0	1499.394	1499.694
1499.702	0.8999999999998636	trials	45	s045_F200625	coCe	16	270.0	0	1500.002	1500.302
1506.703	0.8999999999998636	trials	45	s045_F200625	grSu3Ne	4		0	1507.003	1507.303
1507.303	0.8999999999998636	trials	45	s045_F200625	grSu6Ne	6		0	1507.603	1507.903
1507.903	0.8999999999998636	trials	45	s045_F200625	grCe_grSu1Ne	3	0.0	0	1508.203	1508.503
1508.5040000000001	0.8999999999998636	trials	45	s045_F200625	grCe_grSu12SmCiNe	13	315.0	0	1508.804	1509.103
1514.846	0.8999999999998636	trials	45	s045_F200625	grCe_grSu6CiNe	15	45.0	0	1515.146	1515.446
1515.4460000000001	0.8999999999998636	trials	45	s045_F200625	grCe_grSu6Ne	7	90.0	0	1515.746	1516.046
1516.046	0.8999999999998636	trials	45	s045_F200625	coCe_grSu6Ne	17	225.0	0	1516.346	1516.646
1516.68	0.8999999999998636	trials	45	s045_F200625	grCe	1	90.0	0	1516.98	1517.279
1523.864	0.8999999999998636	trials	45	s045_F200625	grSu18Fa	10		0	1524.164	1524.464
1524.464	0.8999999999998636	trials	45	s045_F200625	grCe_grSu12Mi	9	315.0	0	1524.764	1525.064
1525.064	0.8999999999998636	trials	45	s045_F200625	coCe_grSu6Ne	17	135.0	0	1525.364	1525.664
1525.664	0.8999999999998636	trials	45	s045_F200625	grCe_grSu6Ne	7	270.0	0	1525.964	1526.264
1526.2640000000001	0.8999999999998636	trials	45	s045_F200625	grCe_grSu6Ne	7	135.0	0	1526.564	1526.864
1532.457	0.8999999999998636	trials	45	s045_F200625	grCe_grSu12SmCiNe	13	45.0	0	1532.757	1533.056
1533.057	0.8999999999998636	trials	45	s045_F200625	grCe_grSu6Ne_PS	18	180.0	0	1533.357	1533.656
1533.6570000000002	0.8999999999998636	trials	45	s045_F200625	grCe_grSu12Mi	9	135.0	0	1533.957	1534.256
1540.9080000000001	0.8999999999998636	trials	45	s045_F200625	grCe_grSu12Mi	9	45.0	0	1541.208	1541.507
1541.508	0.8999999999998636	trials	45	s045_F200625	grCe	1	45.0	0	1541.808	1542.107
1542.108	0.8999999999998636	trials	45	s045_F200625	grCe_grSu3Ne	5	270.0	0	1542.408	1542.708
1542.741	0.8999999999998636	trials	45	s045_F200625	coCe_grSu6Ne	17	270.0	0	1543.041	1543.341
1543.358	0.8999999999998636	trials	45	s045_F200625	grCe	1	225.0	0	1543.658	1543.958
1550.309	0.8999999999998636	trials	45	s045_F200625	grCe_grSu3Ne	5	315.0	0	1550.609	1550.909
1550.951	0.8999999999998636	trials	45	s045_F200625	grCe_grSu18Fa	11	225.0	0	1551.251	1551.55
1555.451	0.8999999999998636	trials	45	s045_F200625	grSu1Ne	2		0	1555.751	1556.051
1556.0510000000002	0.8999999999998636	trials	45	s045_F200625	grCe	1	180.0	0	1556.351	1556.651
1556.6760000000002	0.8999999999998636	trials	45	s045_F200625	coCe	16	225.0	0	1556.976	1557.276
1557.877	0.8999999999998636	trials	45	s045_F200625	grCe_grSu3Ne	5	45.0	0	1558.177	1558.476
1565.219	0.8999999999998636	trials	45	s045_F200625	grCe_grSu12SmCiNe_PS	21	270.0	0	1565.519	1565.819
1565.819	0.8999999999998636	trials	45	s045_F200625	grCe_grSu6Ne_PS	18	0.0	0	1566.119	1566.419
1576.496	0.8999999999998636	trials	45	s045_F200625	grCe_grSu6CiNe_PS	19	90.0	0	1576.796	1577.095
1577.096	0.8999999999998636	trials	45	s045_F200625	grCe_grSu6Ne_PS	18	270.0	0	1577.396	1577.695
1577.721	0.8999999999998636	trials	45	s045_F200625	grCe_grSu6CiNe	15	315.0	0	1578.021	1578.321
1578.3210000000001	0.8999999999998636	trials	45	s045_F200625	grCe_grSu6Ne_PS	18	90.0	0	1578.621	1578.921
1578.921	0.8999999999998636	trials	45	s045_F200625	grCe_grSu12Mi	9	0.0	0	1579.221	1579.521
1586.005	0.8999999999998636	trials	45	s045_F200625	grCe_grSu6Ne	7	0.0	0	1586.305	1586.605
1586.605	0.8999999999998636	trials	45	s045_F200625	grCe_grSu3Ne	5	180.0	0	1586.905	1587.205
1587.2050000000002	0.8999999999998636	trials	45	s045_F200625	coCe_grSu6Ne	17	315.0	0	1587.505	1587.805
1587.805	0.8999999999998636	trials	45	s045_F200625	grCe_grSu6Ne	7	315.0	0	1588.105	1588.405
1593.94	0.8999999999998636	trials	45	s045_F200625	grCe_grSu1Ne	3	135.0	0	1594.24	1594.539
1594.573	0.8999999999998636	trials	45	s045_F200625	grCe_grSu12Mi	9	270.0	0	1594.873	1595.173
1595.7730000000001	0.8999999999998636	trials	45	s045_F200625	grCe_grSu6CiNe_PS	19	270.0	0	1596.073	1596.373
1596.373	0.8999999999998636	trials	45	s045_F200625	grCe_grSu6CiNe	15	135.0	0	1596.673	1596.973
1602.8410000000001	0.8999999999998636	trials	45	s045_F200625	grCe_grSu6Ne	7	180.0	0	1603.141	1603.44
1603.441	0.8999999999998636	trials	45	s045_F200625	grCe_grSu6CiNe_PS	19	180.0	0	1603.741	1604.04
1604.674	0.8999999999998636	trials	45	s045_F200625	grCe_grSu3Ne	5	225.0	0	1604.974	1605.274
1605.291	0.8999999999998636	trials	45	s045_F200625	grCe	1	315.0	0	1605.591	1605.891
1611.6000000000001	0.8999999999998636	trials	45	s045_F200625	grSu6CiNe	14		0	1611.9	1612.2
1615.409	0.8999999999998636	trials	45	s045_F200625	coCe	16	90.0	0	1615.709	1616.009
1616.026	0.8999999999998636	trials	45	s045_F200625	grCe_grSu12SmCiNe_PS	21	90.0	0	1616.326	1616.625
1616.626	0.8999999999998636	trials	45	s045_F200625	grCe_grSu6CiNe_PS	19	45.0	0	1616.926	1617.226
1617.268	0.8999999999998636	trials	45	s045_F200625	grCe_grSu12SmCiNe_PS	21	225.0	0	1617.568	1617.867
1617.884	0.8999999999998636	trials	45	s045_F200625	NoStim	0		0	1618.184	1618.484
1624.035	0.8999999999998636	trials	45	s045_F200625	grCe_grSu6CiNe	15	270.0	0	1624.335	1624.635
1625.294	0.8999999999998636	trials	45	s045_F200625	grCe_grSu18Fa	11	90.0	0	1625.594	1625.893
1629.486	0.8999999999998636	trials	45	s045_F200625	grCe_grSu18Fa	11	135.0	0	1629.786	1630.086
1630.086	0.8999999999998636	trials	45	s045_F200625	grCe_grSu12Mi	9	90.0	0	1630.386	1630.686
1630.703	0.8999999999998636	trials	45	s045_F200625	coCe_grSu6Ne	17	0.0	0	1631.003	1631.302
1631.303	0.8999999999998636	trials	45	s045_F200625	coCe_grSu6Ne	17	45.0	0	1631.603	1631.902
1631.903	0.8999999999998636	trials	45	s045_F200625	grCe_grSu6Ne_PS	18	135.0	0	1632.203	1632.503
1638.112	0.8999999999998636	trials	45	s045_F200625	coCe	16	180.0	0	1638.412	1638.712
1638.7450000000001	0.8999999999998636	trials	45	s045_F200625	grCe_grSu3Ne	5	90.0	0	1639.045	1639.345
1639.345	0.8999999999998636	trials	45	s045_F200625	coCe	16	315.0	0	1639.645	1639.945
1639.962	0.8999999999998636	trials	45	s045_F200625	grCe_grSu12SmCiNe	13	270.0	0	1640.262	1640.562
1640.579	0.8999999999998636	trials	45	s045_F200625	grCe_grSu6Ne_PS	18	315.0	0	1640.879	1641.179
1646.805	0.8999999999998636	trials	45	s045_F200625	grCe_grSu6Ne	7	45.0	0	1647.105	1647.404
1647.405	0.8999999999998636	trials	45	s045_F200625	grCe_grSu1Ne	3	90.0	0	1647.705	1648.005
1651.489	0.8999999999998636	trials	45	s045_F200625	grCe	1	0.0	0	1651.789	1652.088
1652.089	0.8999999999998636	trials	45	s045_F200625	grCe	1	135.0	0	1652.389	1652.688
1652.689	0.8999999999998636	trials	45	s045_F200625	grSu12Mi	8		0	1652.989	1653.289
1653.289	0.8999999999998636	trials	45	s045_F200625	grCe_grSu6CiNe	15	90.0	0	1653.589	1653.889
1653.8890000000001	0.8999999999998636	trials	45	s045_F200625	grCe_grSu6CiNe_PS	19	0.0	0	1654.189	1654.489
1664.957	0.8999999999998636	trials	45	s045_F200625	grCe_grSu12Mi	9	225.0	0	1665.257	1665.557
1665.566	0.8999999999998636	trials	45	s045_F200625	grCe_grSu18Fa	11	45.0	0	1665.866	1666.165
1666.174	0.8999999999998636	trials	45	s045_F200625	grCe_grSu12SmCiNe_PS	21	315.0	0	1666.474	1666.774
1666.7740000000001	0.8999999999998636	trials	45	s045_F200625	grCe_grSu6Ne_PS	18	45.0	0	1667.074	1667.374
1674.767	0.8999999999998636	trials	45	s045_F200625	grCe_grSu6CiNe_PS	19	315.0	0	1675.067	1675.366
1675.367	0.8999999999998636	trials	45	s045_F200625	coCe	16	45.0	0	1675.667	1675.966
1679.784	0.8999999999998636	trials	45	s045_F200625	grCe	1	270.0	0	1680.084	1680.384
1680.384	0.8999999999998636	trials	45	s045_F200625	grCe_grSu12SmCiNe_PS	21	180.0	0	1680.684	1680.984
1681.584	0.8999999999998636	trials	45	s045_F200625	coCe	16	135.0	0	1681.884	1682.184
1682.184	0.8999999999998636	trials	45	s045_F200625	grCe_grSu1Ne	3	225.0	0	1682.484	1682.784
1728.79	0.8999999999998636	trials	45	s045_F200625	grCe_grSu6CiNe_PS	19	225.0	0	1729.09	1729.39
1730.191	0.8999999999998636	trials	45	s045_F200625	grCe_grSu6Ne	7	225.0	0	1730.491	1730.79
1730.791	0.8999999999998636	trials	45	s045_F200625	grCe_grSu6CiNe	15	225.0	0	1731.091	1731.39
1755.085	0.8999999999998636	trials	45	s045_F200625	coCe	16	45.0	7	1755.385	1755.685
1755.836	0.8999999999998636	trials	45	s045_F200625	grCe_grSu1Ne	3	90.0	7	1756.136	1756.435
1756.4360000000001	0.8999999999998636	trials	45	s045_F200625	grCe_grSu6Ne_PS	18	45.0	7	1756.736	1757.035
1762.711	0.8999999999998636	trials	45	s045_F200625	grSu18Fa	10		7	1763.011	1763.311
1764.537	0.8999999999998636	trials	45	s045_F200625	grCe_grSu6CiNe_PS	19	45.0	7	1764.837	1765.136
1765.137	0.8999999999998636	trials	45	s045_F200625	grCe	1	270.0	7	1765.437	1765.736
1771.346	0.8999999999998636	trials	45	s045_F200625	coCe	16	180.0	7	1771.646	1771.946
1771.9460000000001	0.8999999999998636	trials	45	s045_F200625	grCe_grSu6CiNe_PS	19	90.0	7	1772.246	1772.546
1772.546	0.8999999999998636	trials	45	s045_F200625	grCe_grSu3Ne	5	135.0	7	1772.846	1773.146
1781.097	0.8999999999998636	trials	45	s045_F200625	grSu12Mi	8		7	1781.397	1781.697
1781.6970000000001	0.8999999999998636	trials	45	s045_F200625	grCe_grSu3Ne	5	225.0	7	1781.997	1782.297
1782.297	0.8999999999998636	trials	45	s045_F200625	grCe_grSu6CiNe_PS	19	315.0	7	1782.597	1782.897
1782.897	0.8999999999998636	trials	45	s045_F200625	grCe_grSu3Ne	5	90.0	7	1783.197	1783.497
1783.497	0.8999999999998636	trials	45	s045_F200625	coCe_grSu6Ne	17	225.0	7	1783.797	1784.097
1789.882	0.8999999999998636	trials	45	s045_F200625	grCe_grSu12SmCiNe	13	0.0	7	1790.182	1790.481
1790.49	0.8999999999998636	trials	45	s045_F200625	coCe_grSu6Ne	17	90.0	7	1790.79	1791.09
1791.19	0.8999999999998636	trials	45	s045_F200625	coCe	16	315.0	7	1791.49	1791.79
1791.79	0.8999999999998636	trials	45	s045_F200625	grCe_grSu12Mi	9	135.0	7	1792.09	1792.39
1800.358	0.8999999999998636	trials	45	s045_F200625	coCe_grSu6Ne	17	0.0	7	1800.658	1800.958
1941.826	0.8999999999998636	trials	45	s045_F200625	grSu1Ne	2		7	1942.126	1942.426
1942.468	0.8999999999998636	trials	45	s045_F200625	grCe_grSu18Fa	11	270.0	7	1942.768	1943.068
1943.068	0.8999999999998636	trials	45	s045_F200625	grCe_grSu6CiNe_PS	19	135.0	7	1943.368	1943.668
1943.6680000000001	0.8999999999998636	trials	45	s045_F200625	coCe	16	270.0	7	1943.968	1944.268
1947.51	0.8999999999998636	trials	45	s045_F200625	NoStim	0		7	1947.81	1948.11
1955.978	0.8999999999998636	trials	45	s045_F200625	grCe_grSu6Ne	7	225.0	7	1956.278	1956.578
1956.578	0.8999999999998636	trials	45	s045_F200625	grCe_grSu1Ne	3	180.0	7	1956.878	1957.178
1972.347	0.8999999999998636	trials	45	s045_F200625	grCe_grSu6Ne_PS	18	270.0	7	1972.647	1972.946
1994.108	0.8999999999998636	trials	45	s045_F200625	grCe_grSu12Mi	9	180.0	7	1994.408	1994.708
1994.708	0.8999999999998636	trials	45	s045_F200625	grCe_grSu6Ne_PS	18	225.0	7	1995.008	1995.308
1995.308	0.8999999999998636	trials	45	s045_F200625	grCe_grSu6Ne	7	90.0	7	1995.608	1995.908
1996.5420000000001	0.8999999999998636	trials	45	s045_F200625	grCe_grSu6Ne_PS	18	135.0	7	1996.842	1997.141
2002.851	0.8999999999998636	trials	45	s045_F200625	coCe_grSu6Ne	17	45.0	7	2003.151	2003.45
2003.451	0.8999999999998636	trials	45	s045_F200625	grCe_grSu12Mi	9	90.0	7	2003.751	2004.05
2004.084	0.8999999999998636	trials	45	s045_F200625	grCe_grSu12SmCiNe_PS	21	90.0	7	2004.384	2004.684
2004.684	0.8999999999998636	trials	45	s045_F200625	grCe_grSu1Ne	3	225.0	7	2004.984	2005.284
2005.3010000000002	0.8999999999998636	trials	45	s045_F200625	grCe_grSu3Ne	5	270.0	7	2005.601	2005.901
2011.544	0.8999999999998636	trials	45	s045_F200625	grCe_grSu6CiNe_PS	19	180.0	7	2011.844	2012.143
2012.144	0.8999999999998636	trials	45	s045_F200625	grCe_grSu1Ne	3	315.0	7	2012.444	2012.743
2012.7440000000001	0.8999999999998636	trials	45	s045_F200625	grCe_grSu6Ne	7	0.0	7	2013.044	2013.343
2013.352	0.8999999999998636	trials	45	s045_F200625	grCe_grSu18Fa	11	90.0	7	2013.652	2013.952
2065.701	0.900000000000091	trials	45	s045_F200625	coCe_grSu6Ne	17	180.0	7	2066.001	2066.3
2066.301	0.900000000000091	trials	45	s045_F200625	grCe_grSu6CiNe	15	315.0	7	2066.601	2066.9
2066.901	0.900000000000091	trials	45	s045_F200625	grCe_grSu12SmCiNe	13	180.0	7	2067.201	2067.5
2067.5009999999997	0.900000000000091	trials	45	s045_F200625	grCe_grSu1Ne	3	0.0	7	2067.801	2068.1
2073.9519999999998	0.900000000000091	trials	45	s045_F200625	coCe	16	225.0	7	2074.252	2074.551
2074.5519999999997	0.900000000000091	trials	45	s045_F200625	grCe_grSu6CiNe	15	180.0	7	2074.852	2075.151
2075.16	0.900000000000091	trials	45	s045_F200625	grCe_grSu18Fa	11	45.0	7	2075.46	2075.76
2190.3579999999997	0.900000000000091	trials	45	s045_F200625	grCe_grSu12SmCiNe	13	270.0	7	2190.658	2190.958
2190.9829999999997	0.900000000000091	trials	45	s045_F200625	grCe_grSu18Fa	11	315.0	7	2191.283	2191.583
2191.5829999999996	0.900000000000091	trials	45	s045_F200625	coCe_grSu6Ne	17	135.0	7	2191.883	2192.183
2192.7839999999997	0.900000000000091	trials	45	s045_F200625	grCe_grSu1Ne	3	135.0	7	2193.084	2193.383
2230.0299999999997	0.900000000000091	trials	45	s045_F200625	grCe_grSu12Mi	9	0.0	7	2230.33	2230.63
2230.638	0.900000000000091	trials	45	s045_F200625	grCe_grSu6Ne	7	135.0	7	2230.938	2231.238
2231.239	0.900000000000091	trials	45	s045_F200625	coCe_grSu6Ne	17	270.0	7	2231.539	2231.838
2231.8469999999998	0.900000000000091	trials	45	s045_F200625	grCe	1	135.0	7	2232.147	2232.447
2232.4469999999997	0.900000000000091	trials	45	s045_F200625	grCe_grSu12SmCiNe_PS	21	180.0	7	2232.747	2233.047
2239.1229999999996	0.900000000000091	trials	45	s045_F200625	grCe_grSu1Ne	3	270.0	7	2239.423	2239.723
2239.723	0.900000000000091	trials	45	s045_F200625	grCe_grSu6CiNe_PS	19	0.0	7	2240.023	2240.323
2240.941	0.900000000000091	trials	45	s045_F200625	grCe_grSu6CiNe_PS	19	270.0	7	2241.241	2241.54
2241.5409999999997	0.900000000000091	trials	45	s045_F200625	grCe_grSu6CiNe	15	270.0	7	2241.841	2242.141
2248.183	0.900000000000091	trials	45	s045_F200625	coCe	16	90.0	7	2248.483	2248.783
2249.384	0.900000000000091	trials	45	s045_F200625	grCe_grSu6CiNe_PS	19	225.0	7	2249.684	2249.983
2264.9519999999998	0.900000000000091	trials	45	s045_F200625	grCe_grSu1Ne	3	45.0	7	2265.252	2265.552
2265.5519999999997	0.900000000000091	trials	45	s045_F200625	grCe	1	0.0	7	2265.852	2266.152
2266.152	0.900000000000091	trials	45	s045_F200625	grCe_grSu6Ne	7	45.0	7	2266.452	2266.752
2266.7529999999997	0.900000000000091	trials	45	s045_F200625	grCe_grSu12Mi	9	225.0	7	2267.053	2267.352
2272.9869999999996	0.900000000000091	trials	45	s045_F200625	grCe_grSu6Ne	7	270.0	7	2273.287	2273.586
2273.62	0.900000000000091	trials	45	s045_F200625	grCe_grSu6Ne_PS	18	180.0	7	2273.92	2274.22
2274.245	0.900000000000091	trials	45	s045_F200625	grCe_grSu12Mi	9	270.0	7	2274.545	2274.845
2274.845	0.900000000000091	trials	45	s045_F200625	grCe_grSu12SmCiNe_PS	21	225.0	7	2275.145	2275.445
2281.7129999999997	0.900000000000091	trials	45	s045_F200625	grCe	1	225.0	7	2282.013	2282.312
2282.3129999999996	0.900000000000091	trials	45	s045_F200625	grCe_grSu6CiNe	15	135.0	7	2282.613	2282.913
2282.955	0.900000000000091	trials	45	s045_F200625	grCe_grSu12SmCiNe	13	315.0	7	2283.255	2283.554
2304.2819999999997	0.900000000000091	trials	45	s045_F200625	grCe_grSu12Mi	9	315.0	7	2304.582	2304.882
2304.8819999999996	0.900000000000091	trials	45	s045_F200625	grCe_grSu12SmCiNe	13	135.0	7	2305.182	2305.482
2305.491	0.900000000000091	trials	45	s045_F200625	grCe_grSu12SmCiNe_PS	21	0.0	7	2305.791	2306.091
2306.091	0.900000000000091	trials	45	s045_F200625	grCe_grSu3Ne	5	45.0	7	2306.391	2306.691
2306.691	0.900000000000091	trials	45	s045_F200625	grCe_grSu12SmCiNe_PS	21	315.0	7	2306.991	2307.291
2313.4339999999997	0.900000000000091	trials	45	s045_F200625	grCe	1	90.0	7	2313.734	2314.033
2314.042	0.900000000000091	trials	45	s045_F200625	grCe_grSu18Fa	11	0.0	7	2314.342	2314.642
2368.8819999999996	0.900000000000091	trials	45	s045_F200625	grCe_grSu12SmCiNe_PS	21	135.0	7	2369.182	2369.482
2369.482	0.900000000000091	trials	45	s045_F200625	grCe_grSu12SmCiNe	13	225.0	7	2369.782	2370.082
2370.124	0.900000000000091	trials	45	s045_F200625	grCe_grSu18Fa	11	135.0	7	2370.424	2370.724
2375.5	0.900000000000091	trials	45	s045_F200625	grCe_grSu18Fa	11	180.0	7	2375.8	2376.1
2376.1	0.900000000000091	trials	45	s045_F200625	grCe_grSu12Mi	9	45.0	7	2376.4	2376.7
2377.35	0.900000000000091	trials	45	s045_F200625	coSu6Ne	20		7	2377.65	2377.95
2383.8509999999997	0.900000000000091	trials	45	s045_F200625	grCe_grSu6CiNe	15	90.0	7	2384.151	2384.451
2384.451	0.900000000000091	trials	45	s045_F200625	grSu12SmCiNe	12		7	2384.751	2385.051
2385.051	0.900000000000091	trials	45	s045_F200625	grCe_grSu6Ne_PS	18	90.0	7	2385.351	2385.651
2399.345	0.900000000000091	trials	45	s045_F200625	coCe	16	135.0	7	2399.645	2399.944
2399.9779999999996	0.900000000000091	trials	45	s045_F200625	grCe_grSu6Ne	7	315.0	7	2400.278	2400.578
2400.578	0.900000000000091	trials	45	s045_F200625	grCe_grSu12SmCiNe	13	90.0	7	2400.878	2401.178
2416.672	0.900000000000091	trials	45	s045_F200625	grCe_grSu6CiNe	15	45.0	7	2416.972	2417.272
2417.272	0.900000000000091	trials	45	s045_F200625	grCe_grSu3Ne	5	180.0	7	2417.572	2417.872
2417.872	0.900000000000091	trials	45	s045_F200625	grCe_grSu12SmCiNe_PS	21	270.0	7	2418.172	2418.472
2418.5049999999997	0.900000000000091	trials	45	s045_F200625	grCe_grSu12SmCiNe	13	45.0	7	2418.805	2419.105
2419.1059999999998	0.900000000000091	trials	45	s045_F200625	grCe_grSu3Ne	5	315.0	7	2419.406	2419.705
2436.0989999999997	0.900000000000091	trials	45	s045_F200625	coCe	16	0.0	7	2436.399	2436.699
2436.6989999999996	0.900000000000091	trials	45	s045_F200625	grCe_grSu6Ne_PS	18	0.0	7	2436.999	2437.299
2441.633	0.900000000000091	trials	45	s045_F200625	grCe_grSu6Ne_PS	18	315.0	7	2441.933	2442.233
2442.2419999999997	0.900000000000091	trials	45	s045_F200625	grCe	1	45.0	7	2442.542	2442.842
2442.8419999999996	0.900000000000091	trials	45	s045_F200625	grCe_grSu12SmCiNe_PS	21	45.0	7	2443.142	2443.442
2443.442	0.900000000000091	trials	45	s045_F200625	grCe_grSu6Ne	7	180.0	7	2443.742	2444.042
2450.185	0.900000000000091	trials	45	s045_F200625	grCe_grSu6CiNe	15	0.0	7	2450.485	2450.784
2450.81	0.900000000000091	trials	45	s045_F200625	grCe	1	180.0	7	2451.11	2451.409
2451.41	0.900000000000091	trials	45	s045_F200625	grSu6Ne	6		7	2451.71	2452.009
2459.902	0.900000000000091	trials	45	s045_F200625	coCe_grSu6Ne	17	315.0	7	2460.202	2460.502
2460.544	0.900000000000091	trials	45	s045_F200625	grCe	1	315.0	7	2460.844	2461.144
2461.144	0.900000000000091	trials	45	s045_F200625	grSu6CiNe	14		7	2461.444	2461.744
2461.769	0.900000000000091	trials	45	s045_F200625	grSu3Ne	4		7	2462.069	2462.369
2465.3779999999997	0.900000000000091	trials	45	s045_F200625	grCe_grSu6CiNe	15	225.0	7	2465.678	2465.978
2466.0029999999997	0.900000000000091	trials	45	s045_F200625	grCe_grSu18Fa	11	225.0	7	2466.303	2466.603
2467.203	0.900000000000091	trials	45	s045_F200625	grCe_grSu3Ne	5	0.0	7	2467.503	2467.803
2467.8199999999997	0.900000000000091	trials	45	s045_F200625	grCe_grSu18Fa	11	180.0	5	2468.12	2468.42
2473.8379999999997	0.900000000000091	trials	45	s045_F200625	grCe_grSu12SmCiNe	13	180.0	5	2474.138	2474.437
2474.446	0.900000000000091	trials	45	s045_F200625	grCe_grSu6CiNe	15	45.0	5	2474.746	2475.046
2475.046	0.900000000000091	trials	45	s045_F200625	grCe	1	225.0	5	2475.346	2475.646
2475.671	0.900000000000091	trials	45	s045_F200625	grCe_grSu12SmCiNe	13	45.0	5	2475.971	2476.271
2482.5389999999998	0.900000000000091	trials	45	s045_F200625	grCe_grSu18Fa	11	225.0	5	2482.839	2483.138
2483.756	0.900000000000091	trials	45	s045_F200625	grCe_grSu6CiNe	15	225.0	5	2484.056	2484.355
2484.3889999999997	0.900000000000091	trials	45	s045_F200625	coCe	16	225.0	5	2484.689	2484.989
2484.989	0.900000000000091	trials	45	s045_F200625	grCe_grSu1Ne	3	135.0	5	2485.289	2485.589
2492.5319999999997	0.900000000000091	trials	45	s045_F200625	grCe_grSu12Mi	9	45.0	5	2492.832	2493.131
2493.1319999999996	0.900000000000091	trials	45	s045_F200625	grCe_grSu12SmCiNe	13	225.0	5	2493.432	2493.731
2493.732	0.900000000000091	trials	45	s045_F200625	grCe_grSu3Ne	5	225.0	5	2494.032	2494.331
2494.3489999999997	0.900000000000091	trials	45	s045_F200625	grCe_grSu6CiNe_PS	19	45.0	5	2494.649	2494.948
2494.9739999999997	0.900000000000091	trials	45	s045_F200625	grCe_grSu3Ne	5	270.0	5	2495.274	2495.573
2501.558	0.900000000000091	trials	45	s045_F200625	coCe	16	0.0	5	2501.858	2502.157
2502.158	0.900000000000091	trials	45	s045_F200625	grSu3Ne	4		5	2502.458	2502.758
2502.758	0.900000000000091	trials	45	s045_F200625	grCe_grSu12SmCiNe_PS	21	135.0	5	2503.058	2503.358
2503.3579999999997	0.900000000000091	trials	45	s045_F200625	grCe	1	90.0	5	2503.658	2503.958
2503.991	0.900000000000091	trials	45	s045_F200625	grCe	1	270.0	5	2504.291	2504.591
2512.459	0.900000000000091	trials	45	s045_F200625	grCe_grSu12SmCiNe_PS	21	315.0	5	2512.759	2513.059
2513.0589999999997	0.900000000000091	trials	45	s045_F200625	coCe	16	315.0	5	2513.359	2513.659
2518.16	0.900000000000091	trials	45	s045_F200625	grCe_grSu12Mi	9	270.0	5	2518.46	2518.76
2518.7929999999997	0.900000000000091	trials	45	s045_F200625	grCe_grSu6CiNe	15	270.0	5	2519.093	2519.393
2519.393	0.900000000000091	trials	45	s045_F200625	grCe_grSu6CiNe_PS	19	90.0	5	2519.693	2519.993
2525.4779999999996	0.900000000000091	trials	45	s045_F200625	grCe_grSu18Fa	11	135.0	5	2525.778	2526.077
2526.086	0.900000000000091	trials	45	s045_F200625	grCe_grSu18Fa	11	270.0	5	2526.386	2526.686
2527.319	0.900000000000091	trials	45	s045_F200625	grCe_grSu6Ne	7	225.0	5	2527.619	2527.919
2527.9199999999996	0.900000000000091	trials	45	s045_F200625	grSu1Ne	2		5	2528.22	2528.519
2539.3129999999996	0.900000000000091	trials	45	s045_F200625	coCe_grSu6Ne	17	90.0	5	2539.613	2539.912
2540.5209999999997	0.900000000000091	trials	45	s045_F200625	grCe_grSu6Ne	7	45.0	5	2540.821	2541.121
2541.1209999999996	0.900000000000091	trials	45	s045_F200625	grCe	1	45.0	5	2541.421	2541.721
2541.721	0.900000000000091	trials	45	s045_F200625	grCe_grSu12SmCiNe	13	90.0	5	2542.021	2542.321
2548.439	0.900000000000091	trials	45	s045_F200625	grCe_grSu6CiNe_PS	19	180.0	5	2548.739	2549.039
2549.064	0.900000000000091	trials	45	s045_F200625	grCe_grSu12SmCiNe_PS	21	225.0	5	2549.364	2549.664
2549.672	0.900000000000091	trials	45	s045_F200625	grCe_grSu12SmCiNe	13	135.0	5	2549.972	2550.272
2550.272	0.900000000000091	trials	45	s045_F200625	grCe_grSu12Mi	9	180.0	5	2550.572	2550.872
2550.8729999999996	0.900000000000091	trials	45	s045_F200625	grCe_grSu6Ne	7	90.0	5	2551.173	2551.472
2557.265	0.900000000000091	trials	45	s045_F200625	grCe_grSu1Ne	3	270.0	5	2557.565	2557.865
2557.865	0.900000000000091	trials	45	s045_F200625	grCe_grSu6CiNe	15	315.0	5	2558.165	2558.465
2558.4649999999997	0.900000000000091	trials	45	s045_F200625	grCe	1	180.0	5	2558.765	2559.065
2559.0739999999996	0.900000000000091	trials	45	s045_F200625	grCe_grSu18Fa	11	315.0	5	2559.374	2559.673
2562.9069999999997	0.900000000000091	trials	45	s045_F200625	grCe_grSu6Ne	7	0.0	5	2563.207	2563.507
2563.5069999999996	0.900000000000091	trials	45	s045_F200625	grCe_grSu6CiNe_PS	19	315.0	5	2563.807	2564.107
2564.7079999999996	0.900000000000091	trials	45	s045_F200625	grCe_grSu6CiNe_PS	19	135.0	5	2565.008	2565.307
2565.308	0.900000000000091	trials	45	s045_F200625	grCe_grSu12Mi	9	0.0	5	2565.608	2565.907
2571.5339999999997	0.900000000000091	trials	45	s045_F200625	grCe_grSu12Mi	9	225.0	5	2571.834	2572.133
2572.134	0.900000000000091	trials	45	s045_F200625	grSu6Ne	6		5	2572.434	2572.733
2572.75	0.900000000000091	trials	45	s045_F200625	grCe_grSu6Ne	7	180.0	5	2573.05	2573.35
2573.575	0.900000000000091	trials	45	s045_F200625	grCe_grSu12SmCiNe	13	270.0	5	2573.875	2574.175
2574.176	0.900000000000091	trials	45	s045_F200625	grCe_grSu3Ne	5	45.0	5	2574.476	2574.775
2584.352	0.900000000000091	trials	45	s045_F200625	grCe_grSu18Fa	11	0.0	5	2584.652	2584.952
2584.9519999999998	0.900000000000091	trials	45	s045_F200625	coCe_grSu6Ne	17	0.0	5	2585.252	2585.552
2585.585	0.900000000000091	trials	45	s045_F200625	grCe_grSu1Ne	3	0.0	5	2585.885	2586.185
2586.185	0.900000000000091	trials	45	s045_F200625	grCe_grSu3Ne	5	0.0	5	2586.485	2586.785
2586.7859999999996	0.900000000000091	trials	45	s045_F200625	grCe_grSu3Ne	5	315.0	5	2587.086	2587.385
2594.153	0.900000000000091	trials	45	s045_F200625	coCe_grSu6Ne	17	135.0	5	2594.453	2594.753
2594.7529999999997	0.900000000000091	trials	45	s045_F200625	coCe_grSu6Ne	17	315.0	5	2595.053	2595.353
2595.3529999999996	0.900000000000091	trials	45	s045_F200625	grCe_grSu12Mi	9	90.0	5	2595.653	2595.953
2599.5789999999997	0.900000000000091	trials	45	s045_F200625	grCe_grSu3Ne	5	180.0	5	2599.879	2600.178
2600.779	0.900000000000091	trials	45	s045_F200625	grCe_grSu6Ne_PS	18	90.0	5	2601.079	2601.379
2602.004	0.900000000000091	trials	45	s045_F200625	grCe_grSu12SmCiNe_PS	21	0.0	5	2602.304	2602.604
2618.2729999999997	0.900000000000091	trials	45	s045_F200625	grSu6CiNe	14		5	2618.573	2618.873
2618.906	0.900000000000091	trials	45	s045_F200625	NoStim	0		5	2619.206	2619.506
2620.115	0.900000000000091	trials	45	s045_F200625	grCe	1	0.0	5	2620.415	2620.714
2634.808	0.900000000000091	trials	45	s045_F200625	coCe	16	90.0	5	2635.108	2635.408
2635.408	0.900000000000091	trials	45	s045_F200625	coCe	16	135.0	5	2635.708	2636.008
2636.009	0.900000000000091	trials	45	s045_F200625	grCe	1	135.0	5	2636.309	2636.608
2636.609	0.900000000000091	trials	45	s045_F200625	grCe_grSu6CiNe_PS	19	270.0	5	2636.909	2637.208
2637.3089999999997	0.900000000000091	trials	45	s045_F200625	grCe_grSu6Ne_PS	18	315.0	5	2637.609	2637.908
2644.093	0.900000000000091	trials	45	s045_F200625	grCe_grSu12SmCiNe	13	315.0	5	2644.393	2644.693
2644.6929999999998	0.900000000000091	trials	45	s045_F200625	grCe_grSu1Ne	3	180.0	5	2644.993	2645.293
2645.2929999999997	0.900000000000091	trials	45	s045_F200625	grCe_grSu12SmCiNe_PS	21	270.0	5	2645.593	2645.893
2645.901	0.900000000000091	trials	45	s045_F200625	grCe_grSu18Fa	11	90.0	5	2646.201	2646.501
2661.52	0.900000000000091	trials	45	s045_F200625	coCe	16	45.0	5	2661.82	2662.12
2662.7619999999997	0.900000000000091	trials	45	s045_F200625	coSu6Ne	20		5	2663.062	2663.362
2663.37	0.900000000000091	trials	45	s045_F200625	grCe_grSu6Ne_PS	18	225.0	5	2663.67	2663.97
2670.238	0.900000000000091	trials	45	s045_F200625	coCe_grSu6Ne	17	180.0	5	2670.538	2670.838
2670.8379999999997	0.900000000000091	trials	45	s045_F200625	grCe_grSu6Ne_PS	18	180.0	5	2671.138	2671.438
2671.446	0.900000000000091	trials	45	s045_F200625	grCe_grSu6Ne	7	135.0	5	2671.746	2672.046
2672.055	0.900000000000091	trials	45	s045_F200625	grCe_grSu18Fa	11	45.0	5	2672.355	2672.655
2672.6549999999997	0.900000000000091	trials	45	s045_F200625	grCe_grSu12SmCiNe_PS	21	90.0	5	2672.955	2673.255
2680.089	0.900000000000091	trials	45	s045_F200625	grCe_grSu1Ne	3	225.0	5	2680.389	2680.689
2680.689	0.900000000000091	trials	45	s045_F200625	grCe	1	315.0	5	2680.989	2681.289
2681.2889999999998	0.900000000000091	trials	45	s045_F200625	grCe_grSu6CiNe_PS	19	0.0	5	2681.589	2681.889
2687.515	0.900000000000091	trials	45	s045_F200625	grCe_grSu6Ne	7	270.0	5	2687.815	2688.115
2688.115	0.900000000000091	trials	45	s045_F200625	grCe_grSu6CiNe	15	90.0	5	2688.415	2688.715
2688.7149999999997	0.900000000000091	trials	45	s045_F200625	grCe_grSu1Ne	3	45.0	5	2689.015	2689.315
2689.9399999999996	0.900000000000091	trials	45	s045_F200625	coCe_grSu6Ne	17	270.0	5	2690.24	2690.54
2696.7659999999996	0.900000000000091	trials	45	s045_F200625	grCe_grSu6CiNe	15	0.0	5	2697.066	2697.366
2697.366	0.900000000000091	trials	45	s045_F200625	coCe_grSu6Ne	17	45.0	5	2697.666	2697.966
2698.5919999999996	0.900000000000091	trials	45	s045_F200625	grCe_grSu1Ne	3	90.0	5	2698.892	2699.191
2699.2169999999996	0.900000000000091	trials	45	s045_F200625	grSu12SmCiNe	12		5	2699.517	2699.816
2718.5029999999997	0.900000000000091	trials	45	s045_F200625	grCe_grSu3Ne	5	135.0	5	2718.803	2719.102
2719.1029999999996	0.900000000000091	trials	45	s045_F200625	grCe_grSu6Ne_PS	18	135.0	5	2719.403	2719.702
2719.703	0.900000000000091	trials	45	s045_F200625	grCe_grSu12Mi	9	135.0	5	2720.003	2720.302
2720.303	0.900000000000091	trials	45	s045_F200625	grCe_grSu12SmCiNe_PS	21	180.0	5	2720.603	2720.902
2727.229	0.900000000000091	trials	45	s045_F200625	grCe_grSu1Ne	3	315.0	5	2727.529	2727.828
2727.8289999999997	0.900000000000091	trials	45	s045_F200625	grCe_grSu6Ne_PS	18	0.0	5	2728.129	2728.428
2728.4289999999996	0.900000000000091	trials	45	s045_F200625	grCe_grSu12SmCiNe_PS	21	45.0	5	2728.729	2729.028
2729.029	0.900000000000091	trials	45	s045_F200625	coCe	16	180.0	5	2729.329	2729.629
2729.629	0.900000000000091	trials	45	s045_F200625	grCe_grSu6CiNe	15	135.0	5	2729.929	2730.229
2735.921	0.900000000000091	trials	45	s045_F200625	grCe_grSu12SmCiNe	13	0.0	5	2736.221	2736.521
2737.163	0.900000000000091	trials	45	s045_F200625	grCe_grSu6CiNe_PS	19	225.0	5	2737.463	2737.763
2737.763	0.900000000000091	trials	45	s045_F200625	grCe_grSu6Ne_PS	18	45.0	5	2738.063	2738.363
2744.473	0.900000000000091	trials	45	s045_F200625	grCe_grSu6Ne	7	315.0	5	2744.773	2745.072
2745.073	0.900000000000091	trials	45	s045_F200625	grCe_grSu3Ne	5	90.0	5	2745.373	2745.672
2746.915	0.900000000000091	trials	45	s045_F200625	grSu18Fa	10		5	2747.215	2747.514
2757.5829999999996	0.900000000000091	trials	45	s045_F200625	grCe_grSu12Mi	9	315.0	5	2757.883	2758.182
2758.183	0.900000000000091	trials	45	s045_F200625	grCe_grSu6Ne_PS	18	270.0	5	2758.483	2758.782
2758.783	0.900000000000091	trials	45	s045_F200625	coCe	16	270.0	5	2759.083	2759.382
2759.383	0.900000000000091	trials	45	s045_F200625	grCe_grSu6CiNe	15	180.0	5	2759.683	2759.982
2759.9829999999997	0.900000000000091	trials	45	s045_F200625	coCe_grSu6Ne	17	225.0	5	2760.283	2760.583
2789.5449999999996	0.900000000000091	trials	45	s045_F200625	grSu12Mi	8		5	2789.845	2790.145
2790.145	0.900000000000091	trials	45	s045_F200625	grCe_grSu3Ne	5	225.0	6	2790.445	2790.745
2790.745	0.900000000000091	trials	45	s045_F200625	coCe	16	315.0	6	2791.045	2791.345
2791.345	0.900000000000091	trials	45	s045_F200625	grCe_grSu1Ne	3	0.0	6	2791.645	2791.945
2791.9449999999997	0.900000000000091	trials	45	s045_F200625	grCe_grSu3Ne	5	135.0	6	2792.245	2792.545
2798.071	0.900000000000091	trials	45	s045_F200625	grCe_grSu1Ne	3	180.0	6	2798.371	2798.671
2798.68	0.900000000000091	trials	45	s045_F200625	grCe_grSu1Ne	3	270.0	6	2798.98	2799.279
2799.3129999999996	0.900000000000091	trials	45	s045_F200625	coCe_grSu6Ne	17	270.0	6	2799.613	2799.913
2799.913	0.900000000000091	trials	45	s045_F200625	grCe_grSu12SmCiNe	13	135.0	6	2800.213	2800.513
2800.513	0.900000000000091	trials	45	s045_F200625	grCe_grSu12SmCiNe_PS	21	270.0	6	2800.813	2801.113
2806.922	0.900000000000091	trials	45	s045_F200625	coCe_grSu6Ne	17	90.0	6	2807.222	2807.522
2816.223	0.900000000000091	trials	45	s045_F200625	grCe_grSu12SmCiNe_PS	21	90.0	6	2816.523	2816.823
2816.865	0.900000000000091	trials	45	s045_F200625	grCe_grSu12Mi	9	0.0	6	2817.165	2817.465
2817.4649999999997	0.900000000000091	trials	45	s045_F200625	grCe_grSu12Mi	9	180.0	6	2817.765	2818.065
2818.0739999999996	0.900000000000091	trials	45	s045_F200625	grCe_grSu18Fa	11	135.0	6	2818.374	2818.673
2826.6659999999997	0.900000000000091	trials	45	s045_F200625	grCe_grSu18Fa	11	45.0	6	2826.966	2827.266
2827.2749999999996	0.900000000000091	trials	45	s045_F200625	grCe_grSu6Ne_PS	18	45.0	6	2827.575	2827.875
2827.9669999999996	0.900000000000091	trials	45	s045_F200625	grCe_grSu6Ne_PS	18	270.0	6	2828.267	2828.566
2828.567	0.900000000000091	trials	45	s045_F200625	grCe	1	90.0	6	2828.867	2829.166
2829.167	0.900000000000091	trials	45	s045_F200625	grCe_grSu6Ne	7	0.0	6	2829.467	2829.766
2836.0429999999997	0.900000000000091	trials	45	s045_F200625	grCe_grSu6CiNe	15	135.0	6	2836.343	2836.642
2836.6839999999997	0.900000000000091	trials	45	s045_F200625	grSu1Ne	2		6	2836.984	2837.284
2837.3179999999998	0.900000000000091	trials	45	s045_F200625	coCe_grSu6Ne	17	0.0	6	2837.618	2837.918
2850.845	0.900000000000091	trials	45	s045_F200625	grCe_grSu6CiNe	15	315.0	6	2851.145	2851.444
2852.086	0.900000000000091	trials	45	s045_F200625	grCe_grSu12SmCiNe	13	315.0	6	2852.386	2852.686
2852.687	0.900000000000091	trials	45	s045_F200625	grCe_grSu6CiNe_PS	19	315.0	6	2852.987	2853.286
2859.729	0.900000000000091	trials	45	s045_F200625	grCe_grSu12SmCiNe	13	225.0	6	2860.029	2860.329
2860.346	0.900000000000091	trials	45	s045_F200625	grCe_grSu6CiNe	15	270.0	6	2860.646	2860.946
2860.946	0.900000000000091	trials	45	s045_F200625	grSu12Mi	8		6	2861.246	2861.546
2861.5879999999997	0.900000000000091	trials	45	s045_F200625	grCe_grSu18Fa	11	0.0	6	2861.888	2862.187
2862.2039999999997	0.900000000000091	trials	45	s045_F200625	grCe_grSu12SmCiNe	13	45.0	6	2862.504	2862.804
2868.589	0.900000000000091	trials	45	s045_F200625	grSu3Ne	4		6	2868.889	2869.188
2869.8219999999997	0.900000000000091	trials	45	s045_F200625	grCe_grSu6Ne_PS	18	225.0	6	2870.122	2870.422
2870.4469999999997	0.900000000000091	trials	45	s045_F200625	grSu18Fa	10		6	2870.747	2871.047
2877.115	0.900000000000091	trials	45	s045_F200625	coCe	16	135.0	6	2877.415	2877.714
2877.7149999999997	0.900000000000091	trials	45	s045_F200625	grCe	1	0.0	6	2878.015	2878.314
2878.3149999999996	0.900000000000091	trials	45	s045_F200625	grCe_grSu6CiNe_PS	19	225.0	6	2878.615	2878.915
2878.915	0.900000000000091	trials	45	s045_F200625	grCe_grSu6CiNe	15	0.0	6	2879.215	2879.515
2879.54	0.900000000000091	trials	45	s045_F200625	grCe_grSu12Mi	9	270.0	6	2879.84	2880.14
2885.674	0.900000000000091	trials	45	s045_F200625	coCe	16	180.0	6	2885.974	2886.274
2886.283	0.900000000000091	trials	45	s045_F200625	grCe_grSu18Fa	11	225.0	6	2886.583	2886.882
2886.883	0.900000000000091	trials	45	s045_F200625	grCe_grSu3Ne	5	0.0	6	2887.183	2887.482
2887.4829999999997	0.900000000000091	trials	45	s045_F200625	grCe_grSu12SmCiNe_PS	21	225.0	6	2887.783	2888.082
2888.0829999999996	0.900000000000091	trials	45	s045_F200625	grCe_grSu1Ne	3	45.0	6	2888.383	2888.682
2894.509	0.900000000000091	trials	45	s045_F200625	grCe	1	270.0	6	2894.809	2895.108
2895.109	0.900000000000091	trials	45	s045_F200625	coCe	16	225.0	6	2895.409	2895.708
2898.6259999999997	0.900000000000091	trials	45	s045_F200625	coCe_grSu6Ne	17	225.0	6	2898.926	2899.225
2899.268	0.900000000000091	trials	45	s045_F200625	grCe_grSu12Mi	9	135.0	6	2899.568	2899.867
2900.468	0.900000000000091	trials	45	s045_F200625	grCe_grSu3Ne	5	315.0	6	2900.768	2901.067
2901.0679999999998	0.900000000000091	trials	45	s045_F200625	coCe	16	0.0	6	2901.368	2901.667
2912.2439999999997	0.900000000000091	trials	45	s045_F200625	grCe	1	45.0	6	2912.544	2912.844
2912.886	0.900000000000091	trials	45	s045_F200625	grCe_grSu6Ne_PS	18	315.0	6	2913.186	2913.486
2913.486	0.900000000000091	trials	45	s045_F200625	grCe_grSu12SmCiNe	13	180.0	6	2913.786	2914.086
2914.086	0.900000000000091	trials	45	s045_F200625	grCe_grSu12Mi	9	90.0	6	2914.386	2914.686
2944.9979999999996	0.900000000000091	trials	45	s045_F200625	grCe_grSu18Fa	11	180.0	6	2945.298	2945.598
2945.5989999999997	0.900000000000091	trials	45	s045_F200625	grCe_grSu6CiNe_PS	19	45.0	6	2945.899	2946.198
2946.1989999999996	0.900000000000091	trials	45	s045_F200625	grCe_grSu6Ne_PS	18	90.0	6	2946.499	2946.798
2946.799	0.900000000000091	trials	45	s045_F200625	coSu6Ne	20		6	2947.099	2947.398
2961.901	0.900000000000091	trials	45	s045_F200625	coCe_grSu6Ne	17	180.0	6	2962.201	2962.5
2963.1009999999997	0.900000000000091	trials	45	s045_F200625	grCe	1	180.0	6	2963.401	2963.7
2971.9689999999996	0.900000000000091	trials	45	s045_F200625	grSu6Ne	6		6	2972.269	2972.568
2972.569	0.900000000000091	trials	45	s045_F200625	grCe_grSu12SmCiNe_PS	21	180.0	6	2972.869	2973.168
2986.6369999999997	0.900000000000091	trials	45	s045_F200625	grCe_grSu6CiNe	15	180.0	6	2986.937	2987.237
2987.254	0.900000000000091	trials	45	s045_F200625	grCe_grSu6Ne	7	180.0	6	2987.554	2987.854
2987.854	0.900000000000091	trials	45	s045_F200625	grCe_grSu6CiNe_PS	19	270.0	6	2988.154	2988.454
2988.479	0.900000000000091	trials	45	s045_F200625	coCe	16	270.0	6	2988.779	2989.079
2989.0789999999997	0.900000000000091	trials	45	s045_F200625	grCe	1	315.0	6	2989.379	2989.679
2995.23	0.900000000000091	trials	45	s045_F200625	grCe_grSu6CiNe_PS	19	90.0	6	2995.53	2995.83
2995.83	0.900000000000091	trials	45	s045_F200625	grCe	1	225.0	6	2996.13	2996.43
2996.4719999999998	0.900000000000091	trials	45	s045_F200625	grCe_grSu12Mi	9	225.0	6	2996.772	2997.071
2999.964	0.900000000000091	trials	45	s045_F200625	grCe_grSu6Ne	7	270.0	6	3000.264	3000.564
3004.5139999999997	0.900000000000091	trials	45	s045_F200625	grCe_grSu6Ne_PS	18	180.0	6	3004.814	3005.114
3005.1229999999996	0.900000000000091	trials	45	s045_F200625	coCe_grSu6Ne	17	45.0	6	3005.423	3005.723
3005.7309999999998	0.900000000000091	trials	45	s045_F200625	grCe_grSu18Fa	11	270.0	6	3006.031	3006.331
3006.3309999999997	0.900000000000091	trials	45	s045_F200625	grCe_grSu12SmCiNe_PS	21	0.0	6	3006.631	3006.931
3013.0159999999996	0.900000000000091	trials	45	s045_F200625	grCe_grSu1Ne	3	135.0	6	3013.316	3013.615
3014.216	0.900000000000091	trials	45	s045_F200625	grCe_grSu6Ne	7	90.0	6	3014.516	3014.815
3014.816	0.900000000000091	trials	45	s045_F200625	grCe_grSu12Mi	9	315.0	6	3015.116	3015.415
3015.4159999999997	0.900000000000091	trials	45	s045_F200625	coCe	16	90.0	6	3015.716	3016.016
3022.267	0.900000000000091	trials	45	s045_F200625	coCe_grSu6Ne	17	135.0	6	3022.567	3022.866
3022.8669999999997	0.900000000000091	trials	45	s045_F200625	grCe_grSu12SmCiNe	13	90.0	6	3023.167	3023.466
3023.4669999999996	0.900000000000091	trials	45	s045_F200625	grCe_grSu3Ne	5	180.0	6	3023.767	3024.067
3024.075	0.900000000000091	trials	45	s045_F200625	grCe_grSu12Mi	9	45.0	6	3024.375	3024.675
3030.326	0.900000000000091	trials	45	s045_F200625	coCe	16	45.0	6	3030.626	3030.926
3030.96	0.900000000000091	trials	45	s045_F200625	grCe_grSu6CiNe	15	90.0	6	3031.26	3031.559
3044.495	0.900000000000091	trials	45	s045_F200625	grCe_grSu3Ne	5	270.0	6	3044.795	3045.094
3045.095	0.900000000000091	trials	45	s045_F200625	grCe_grSu3Ne	5	45.0	6	3045.395	3045.694
3045.72	0.900000000000091	trials	45	s045_F200625	grCe_grSu6CiNe_PS	19	180.0	6	3046.02	3046.319
3046.962	0.900000000000091	trials	45	s045_F200625	grCe_grSu6Ne_PS	18	0.0	6	3047.262	3047.561
3053.479	0.900000000000091	trials	45	s045_F200625	NoStim	0		6	3053.779	3054.079
3054.7129999999997	0.900000000000091	trials	45	s045_F200625	grCe_grSu6Ne	7	225.0	6	3055.013	3055.312
3059.08	0.900000000000091	trials	45	s045_F200625	grSu6CiNe	14		6	3059.38	3059.68
3060.288	0.900000000000091	trials	45	s045_F200625	coCe_grSu6Ne	17	315.0	6	3060.588	3060.888
3109.595	0.900000000000091	trials	45	s045_F200625	grCe_grSu1Ne	3	90.0	6	3109.895	3110.194
3110.203	0.900000000000091	trials	45	s045_F200625	grCe_grSu18Fa	11	315.0	6	3110.503	3110.803
3112.037	0.900000000000091	trials	45	s045_F200625	grCe	1	135.0	6	3112.337	3112.636
3121.9379999999996	0.900000000000091	trials	45	s045_F200625	grCe_grSu6CiNe_PS	19	0.0	6	3122.238	3122.538
3122.58	0.900000000000091	trials	45	s045_F200625	grCe_grSu1Ne	3	315.0	6	3122.88	3123.179
3126.214	0.900000000000091	trials	45	s045_F200625	grCe_grSu6CiNe	15	225.0	6	3126.514	3126.813
3126.814	0.900000000000091	trials	45	s045_F200625	grCe_grSu6Ne_PS	18	135.0	6	3127.114	3127.413
3127.422	0.900000000000091	trials	45	s045_F200625	grCe_grSu6Ne	7	135.0	6	3127.722	3128.022
3128.022	0.900000000000091	trials	45	s045_F200625	grCe_grSu6CiNe	15	45.0	6	3128.322	3128.622
3134.806	0.900000000000091	trials	45	s045_F200625	grCe_grSu12SmCiNe_PS	21	135.0	6	3135.106	3135.406
3135.406	0.900000000000091	trials	45	s045_F200625	grCe_grSu12SmCiNe	13	270.0	6	3135.706	3136.006
3136.006	0.900000000000091	trials	45	s045_F200625	grSu12SmCiNe	12		6	3136.306	3136.606
3136.607	0.900000000000091	trials	45	s045_F200625	grCe_grSu12SmCiNe_PS	21	315.0	6	3136.907	3137.206
3137.207	0.900000000000091	trials	45	s045_F200625	grCe_grSu12SmCiNe	13	0.0	6	3137.507	3137.806
3143.249	0.900000000000091	trials	45	s045_F200625	grCe_grSu6Ne	7	315.0	6	3143.549	3143.849
3143.8489999999997	0.900000000000091	trials	45	s045_F200625	grCe_grSu1Ne	3	225.0	6	3144.149	3144.449
3144.4489999999996	0.900000000000091	trials	45	s045_F200625	grCe_grSu6CiNe_PS	19	135.0	6	3144.749	3145.049
3145.049	0.900000000000091	trials	45	s045_F200625	grCe_grSu6Ne	7	45.0	6	3145.349	3145.649
3145.691	0.900000000000091	trials	45	s045_F200625	grCe_grSu12SmCiNe_PS	21	45.0	6	3145.991	3146.291
3151.767	0.900000000000091	trials	45	s045_F200625	grCe_grSu18Fa	11	90.0	6	3152.067	3152.366
3152.3669999999997	0.900000000000091	trials	45	s045_F200625	grCe_grSu3Ne	5	90.0	6	3152.667	3152.967
3156.1009999999997	0.900000000000091	trials	45	s045_F200625	grCe_grSu1Ne	3	135.0	4	3156.401	3156.7
3156.7259999999997	0.900000000000091	trials	45	s045_F200625	grCe_grSu12Mi	9	225.0	4	3157.026	3157.325
3157.326	0.900000000000091	trials	45	s045_F200625	grCe_grSu6Ne	7	90.0	4	3157.626	3157.926
3157.926	0.900000000000091	trials	45	s045_F200625	grCe_grSu6CiNe	15	90.0	4	3158.226	3158.526
3158.5339999999997	0.900000000000091	trials	45	s045_F200625	grCe_grSu3Ne	5	90.0	4	3158.834	3159.134
3164.593	0.900000000000091	trials	45	s045_F200625	grCe_grSu3Ne	5	225.0	4	3164.893	3165.193
3165.194	0.900000000000091	trials	45	s045_F200625	grCe_grSu12Mi	9	180.0	4	3165.494	3165.793
3165.8019999999997	0.900000000000091	trials	45	s045_F200625	grCe_grSu18Fa	11	180.0	4	3166.102	3166.402
3167.019	0.900000000000091	trials	45	s045_F200625	grCe_grSu3Ne	5	45.0	4	3167.319	3167.618
3173.136	0.900000000000091	trials	45	s045_F200625	grCe_grSu6CiNe_PS	19	270.0	4	3173.436	3173.736
3180.3039999999996	0.900000000000091	trials	45	s045_F200625	grCe_grSu6CiNe	15	135.0	4	3180.604	3180.904
3181.504	0.900000000000091	trials	45	s045_F200625	grCe_grSu6Ne_PS	18	180.0	4	3181.804	3182.104
3182.104	0.900000000000091	trials	45	s045_F200625	grCe_grSu6CiNe	15	180.0	4	3182.404	3182.704
3192.872	0.900000000000091	trials	45	s045_F200625	grCe_grSu12SmCiNe	13	180.0	4	3193.172	3193.472
3193.4809999999998	0.900000000000091	trials	45	s045_F200625	coCe	16	270.0	4	3193.781	3194.08
3194.0809999999997	0.900000000000091	trials	45	s045_F200625	grCe_grSu6Ne_PS	18	0.0	4	3194.381	3194.68
3194.7059999999997	0.900000000000091	trials	45	s045_F200625	grCe_grSu12Mi	9	315.0	4	3195.006	3195.305
3199.656	0.900000000000091	trials	45	s045_F200625	grCe	1	225.0	4	3199.956	3200.256
3200.256	0.900000000000091	trials	45	s045_F200625	coCe	16	180.0	4	3200.556	3200.856
3200.8559999999998	0.900000000000091	trials	45	s045_F200625	grCe_grSu12Mi	9	270.0	4	3201.156	3201.456
3201.457	0.900000000000091	trials	45	s045_F200625	coCe	16	90.0	4	3201.757	3202.056
3207.674	0.900000000000091	trials	45	s045_F200625	grCe_grSu3Ne	5	270.0	4	3207.974	3208.274
3212.258	0.900000000000091	trials	45	s045_F200625	grCe	1	135.0	4	3212.558	3212.858
3213.4579999999996	0.900000000000091	trials	45	s045_F200625	grCe_grSu1Ne	3	180.0	4	3213.758	3214.058
3214.058	0.900000000000091	trials	45	s045_F200625	grCe	1	315.0	4	3214.358	3214.658
3214.7	0.900000000000091	trials	45	s045_F200625	grCe_grSu3Ne	5	135.0	4	3215.0	3215.3
3222.051	0.900000000000091	trials	45	s045_F200625	grCe_grSu12SmCiNe_PS	21	315.0	4	3222.351	3222.651
3223.884	0.900000000000091	trials	45	s045_F200625	coCe_grSu6Ne	17	270.0	4	3224.184	3224.484
3224.6679999999997	0.900000000000091	trials	45	s045_F200625	grCe_grSu6Ne	7	135.0	4	3224.968	3225.268
3231.6769999999997	0.900000000000091	trials	45	s045_F200625	grCe	1	90.0	4	3231.977	3232.277
3232.277	0.900000000000091	trials	45	s045_F200625	grCe_grSu3Ne	5	180.0	4	3232.577	3232.877
3232.877	0.900000000000091	trials	45	s045_F200625	grCe_grSu6CiNe_PS	19	0.0	4	3233.177	3233.477
3233.477	0.900000000000091	trials	45	s045_F200625	grCe	1	180.0	4	3233.777	3234.077
3234.0769999999998	0.900000000000091	trials	45	s045_F200625	grCe_grSu6CiNe	15	225.0	4	3234.377	3234.677
3244.654	0.900000000000091	trials	45	s045_F200625	coCe_grSu6Ne	17	0.0	4	3244.954	3245.253
3245.254	0.900000000000091	trials	45	s045_F200625	grCe_grSu6Ne_PS	18	45.0	4	3245.554	3245.854
3246.4539999999997	0.900000000000091	trials	45	s045_F200625	grCe_grSu6Ne_PS	18	270.0	4	3246.754	3247.054
3250.196	0.900000000000091	trials	45	s045_F200625	grCe_grSu12Mi	9	45.0	4	3250.496	3250.796
3252.0209999999997	0.900000000000091	trials	45	s045_F200625	grCe_grSu6CiNe_PS	19	45.0	4	3252.321	3252.621
3252.6209999999996	0.900000000000091	trials	45	s045_F200625	coSu6Ne	20		4	3252.921	3253.221
3259.089	0.900000000000091	trials	45	s045_F200625	grSu1Ne	2		4	3259.389	3259.689
3259.6969999999997	0.900000000000091	trials	45	s045_F200625	grCe_grSu18Fa	11	135.0	4	3259.997	3260.297
3260.297	0.900000000000091	trials	45	s045_F200625	coCe	16	0.0	4	3260.597	3260.897
3260.8979999999997	0.900000000000091	trials	45	s045_F200625	grCe_grSu6Ne	7	180.0	4	3261.198	3261.497
3269.865	0.900000000000091	trials	45	s045_F200625	coCe_grSu6Ne	17	225.0	4	3270.165	3270.465
3270.5069999999996	0.900000000000091	trials	45	s045_F200625	grCe_grSu18Fa	11	270.0	4	3270.807	3271.107
3271.149	0.900000000000091	trials	45	s045_F200625	grCe_grSu12SmCiNe_PS	21	270.0	4	3271.449	3271.749
3271.7569999999996	0.900000000000091	trials	45	s045_F200625	grCe_grSu18Fa	11	45.0	4	3272.057	3272.357
3272.399	0.900000000000091	trials	45	s045_F200625	grCe_grSu12SmCiNe	13	90.0	4	3272.699	3272.999
3279.7419999999997	0.900000000000091	trials	45	s045_F200625	coCe	16	315.0	4	3280.042	3280.341
3280.3419999999996	0.900000000000091	trials	45	s045_F200625	grCe_grSu3Ne	5	0.0	4	3280.642	3280.941
3280.9829999999997	0.900000000000091	trials	45	s045_F200625	grCe_grSu6Ne_PS	18	315.0	4	3281.283	3281.583
3281.584	0.900000000000091	trials	45	s045_F200625	grCe_grSu6CiNe	15	315.0	4	3281.884	3282.183
3288.2509999999997	0.900000000000091	trials	45	s045_F200625	grSu3Ne	4		4	3288.551	3288.851
3288.8509999999997	0.900000000000091	trials	45	s045_F200625	grCe_grSu12SmCiNe	13	225.0	4	3289.151	3289.451
3289.451	0.900000000000091	trials	45	s045_F200625	grSu12SmCiNe	12		4	3289.751	3290.051
3290.051	0.900000000000091	trials	45	s045_F200625	grCe_grSu6Ne	7	270.0	4	3290.351	3290.651
3290.676	0.900000000000091	trials	45	s045_F200625	grCe_grSu6CiNe_PS	19	90.0	4	3290.976	3291.276
3298.0609999999997	0.900000000000091	trials	45	s045_F200625	coCe_grSu6Ne	17	45.0	4	3298.361	3298.66
3298.6769999999997	0.900000000000091	trials	45	s045_F200625	grCe_grSu12SmCiNe_PS	21	180.0	4	3298.977	3299.277
3299.278	0.900000000000091	trials	45	s045_F200625	NoStim	0		4	3299.578	3299.877
3300.4779999999996	0.900000000000091	trials	45	s045_F200625	coCe_grSu6Ne	17	135.0	4	3300.778	3301.077
3306.703	0.900000000000091	trials	45	s045_F200625	grCe_grSu1Ne	3	270.0	4	3307.003	3307.303
3307.3039999999996	0.900000000000091	trials	45	s045_F200625	grCe_grSu6Ne	7	0.0	4	3307.604	3307.903
3307.904	0.900000000000091	trials	45	s045_F200625	grSu12Mi	8		4	3308.204	3308.503
3308.5449999999996	0.900000000000091	trials	45	s045_F200625	coCe_grSu6Ne	17	315.0	4	3308.845	3309.145
3309.1789999999996	0.900000000000091	trials	45	s045_F200625	grCe_grSu1Ne	3	315.0	4	3309.479	3309.778
3315.5879999999997	0.900000000000091	trials	45	s045_F200625	grCe_grSu6Ne_PS	18	225.0	4	3315.888	3316.188
3316.788	0.900000000000091	trials	45	s045_F200625	grCe_grSu12SmCiNe_PS	21	135.0	4	3317.088	3317.388
3317.388	0.900000000000091	trials	45	s045_F200625	grCe	1	270.0	4	3317.688	3317.988
3317.988	0.900000000000091	trials	45	s045_F200625	grCe_grSu6Ne	7	225.0	4	3318.288	3318.588
3331.8149999999996	0.900000000000091	trials	45	s045_F200625	coCe	16	45.0	4	3332.115	3332.415
3333.615	0.900000000000091	trials	45	s045_F200625	grCe_grSu6CiNe	15	0.0	4	3333.915	3334.215
3334.2239999999997	0.900000000000091	trials	45	s045_F200625	grSu18Fa	10		4	3334.524	3334.823
3340.6659999999997	0.900000000000091	trials	45	s045_F200625	grSu6CiNe	14		4	3340.966	3341.266
3341.2659999999996	0.900000000000091	trials	45	s045_F200625	grCe_grSu12SmCiNe	13	45.0	4	3341.566	3341.866
3341.866	0.900000000000091	trials	45	s045_F200625	coCe	16	225.0	4	3342.166	3342.466
3342.466	0.900000000000091	trials	45	s045_F200625	grCe_grSu1Ne	3	0.0	4	3342.766	3343.066
3343.0919999999996	0.900000000000091	trials	45	s045_F200625	grCe_grSu12Mi	9	0.0	4	3343.392	3343.691
3349.7509999999997	0.900000000000091	trials	45	s045_F200625	grCe_grSu18Fa	11	225.0	4	3350.051	3350.35
3350.3759999999997	0.900000000000091	trials	45	s045_F200625	grCe_grSu12SmCiNe_PS	21	0.0	4	3350.676	3350.975
3350.984	0.900000000000091	trials	45	s045_F200625	grCe_grSu18Fa	11	315.0	4	3351.284	3351.584
3351.584	0.900000000000091	trials	45	s045_F200625	coCe_grSu6Ne	17	180.0	4	3351.884	3352.184
3352.1839999999997	0.900000000000091	trials	45	s045_F200625	grCe_grSu6Ne_PS	18	135.0	4	3352.484	3352.784
3362.9939999999997	0.900000000000091	trials	45	s045_F200625	grCe_grSu12SmCiNe	13	135.0	4	3363.294	3363.594
3363.6029999999996	0.900000000000091	trials	45	s045_F200625	grCe_grSu12SmCiNe	13	0.0	4	3363.903	3364.202
3364.203	0.900000000000091	trials	45	s045_F200625	grCe_grSu12SmCiNe	13	270.0	4	3364.503	3364.802
3364.803	0.900000000000091	trials	45	s045_F200625	grCe	1	45.0	4	3365.103	3365.402
3365.403	0.900000000000091	trials	45	s045_F200625	grCe_grSu6CiNe_PS	19	225.0	4	3365.703	3366.002
3377.1879999999996	0.900000000000091	trials	45	s045_F200625	coCe_grSu6Ne	17	90.0	4	3377.488	3377.787
3377.788	0.900000000000091	trials	45	s045_F200625	grCe_grSu6Ne	7	315.0	4	3378.088	3378.387
3378.988	0.900000000000091	trials	45	s045_F200625	grCe_grSu12SmCiNe_PS	21	225.0	4	3379.288	3379.587
3379.5879999999997	0.900000000000091	trials	45	s045_F200625	grCe_grSu12SmCiNe_PS	21	90.0	4	3379.888	3380.188
3387.689	0.900000000000091	trials	45	s045_F200625	grCe_grSu6CiNe	15	270.0	4	3387.989	3388.289
3388.2889999999998	0.900000000000091	trials	45	s045_F200625	grCe_grSu12SmCiNe_PS	21	45.0	4	3388.589	3388.889
3388.8889999999997	0.900000000000091	trials	45	s045_F200625	grSu6Ne	6		4	3389.189	3389.489
3400.332	0.900000000000091	trials	45	s045_F200625	grCe	1	0.0	4	3400.632	3400.932
3400.932	0.900000000000091	trials	45	s045_F200625	grCe_grSu1Ne	3	225.0	4	3401.232	3401.532
3401.5319999999997	0.900000000000091	trials	45	s045_F200625	grCe_grSu12Mi	9	135.0	4	3401.832	3402.132
3402.1319999999996	0.900000000000091	trials	45	s045_F200625	grCe_grSu6CiNe_PS	19	180.0	4	3402.432	3402.732
3402.758	0.900000000000091	trials	45	s045_F200625	grCe_grSu6CiNe_PS	19	315.0	4	3403.058	3403.357
3418.3759999999997	0.900000000000091	trials	45	s045_F200625	grCe_grSu6Ne_PS	18	90.0	4	3418.676	3418.976
3419.576	0.900000000000091	trials	45	s045_F200625	grCe_grSu12Mi	9	90.0	4	3419.876	3420.176
3423.6189999999997	0.900000000000091	trials	45	s045_F200625	grCe_grSu3Ne	5	315.0	4	3423.919	3424.218
3424.2189999999996	0.900000000000091	trials	45	s045_F200625	grCe_grSu6Ne	7	45.0	4	3424.519	3424.818
3424.8599999999997	0.900000000000091	trials	45	s045_F200625	grCe_grSu18Fa	11	90.0	4	3425.16	3425.46
3426.086	0.900000000000091	trials	45	s045_F200625	grCe_grSu6CiNe_PS	19	135.0	4	3426.386	3426.685
3432.745	0.900000000000091	trials	45	s045_F200625	grCe_grSu12SmCiNe	13	315.0	4	3433.045	3433.344
3433.3529999999996	0.900000000000091	trials	45	s045_F200625	grCe_grSu18Fa	11	0.0	4	3433.653	3433.953
3433.953	0.900000000000091	trials	45	s045_F200625	grCe_grSu6CiNe	15	45.0	4	3434.253	3434.553
3434.553	0.900000000000091	trials	45	s045_F200625	grCe_grSu1Ne	3	45.0	4	3434.853	3435.153
3441.1789999999996	0.900000000000091	trials	45	s045_F200625	coCe	16	135.0	4	3441.479	3441.779
3441.779	0.900000000000091	trials	45	s045_F200625	grCe_grSu1Ne	3	90.0	4	3442.079	3442.379
