onset	duration	nwb_table	ses_ID	ses_Name	cond_Name	cond_ID	target_rot	rep_num	pdOn	pdOff
27.505	0.9000000000000021	trials	106	s106_J210615	grCe_grSu6CiNe_PS	19	45.0	8	27.805	28.105
28.105	0.9000000000000021	trials	106	s106_J210615	grCe	1	0.0	8	28.405	28.705
28.714	0.9000000000000021	trials	106	s106_J210615	grCe_grSu6Ne	7	270.0	8	29.014	29.313
33.739000000000004	0.8999999999999986	trials	106	s106_J210615	grCe_grSu6Ne	7	45.0	8	34.039	34.339
34.348000000000006	0.8999999999999986	trials	106	s106_J210615	grCe_grSu3Ne	5	90.0	8	34.648	34.947
34.948	0.8999999999999986	trials	106	s106_J210615	coCe_grSu6Ne	17	315.0	8	35.248	35.548
43.466	0.8999999999999986	trials	106	s106_J210615	grCe	1	315.0	8	43.766	44.065
44.066	0.8999999999999986	trials	106	s106_J210615	grCe_grSu6Ne_PS	18	180.0	8	44.366	44.665
49.083000000000006	0.8999999999999986	trials	106	s106_J210615	NoStim	0		8	49.383	49.683
49.683	0.8999999999999986	trials	106	s106_J210615	grCe_grSu6Ne	7	315.0	8	49.983	50.283
55.426	0.8999999999999986	trials	106	s106_J210615	coCe	16	270.0	8	55.726	56.025
56.026	0.8999999999999986	trials	106	s106_J210615	grCe	1	180.0	8	56.326	56.625
56.626000000000005	0.8999999999999986	trials	106	s106_J210615	coCe	16	135.0	8	56.926	57.225
61.593	0.8999999999999986	trials	106	s106_J210615	grCe_grSu3Ne	5	0.0	8	61.893	62.193
62.193000000000005	0.8999999999999986	trials	106	s106_J210615	coCe_grSu6Ne	17	270.0	8	62.493	62.793
62.793000000000006	0.8999999999999986	trials	106	s106_J210615	grCe_grSu3Ne	5	180.0	8	63.093	63.393
67.819	0.8999999999999915	trials	106	s106_J210615	grCe_grSu1Ne	3	180.0	8	68.119	68.418
68.427	0.8999999999999915	trials	106	s106_J210615	grCe_grSu18Fa	11	0.0	8	68.727	69.027
69.036	0.8999999999999915	trials	106	s106_J210615	grCe_grSu12SmCiNe	13	90.0	8	69.336	69.635
73.953	0.8999999999999915	trials	106	s106_J210615	grCe_grSu6Ne	7	90.0	8	74.253	74.553
77.495	0.8999999999999915	trials	106	s106_J210615	grCe_grSu6CiNe	15	315.0	8	77.795	78.095
78.104	0.8999999999999915	trials	106	s106_J210615	grCe_grSu18Fa	11	225.0	8	78.404	78.703
78.70400000000001	0.8999999999999915	trials	106	s106_J210615	coCe_grSu6Ne	17	45.0	8	79.004	79.303
83.479	0.8999999999999915	trials	106	s106_J210615	grCe_grSu12SmCiNe	13	225.0	8	83.779	84.079
84.07900000000001	0.8999999999999915	trials	106	s106_J210615	grCe	1	135.0	8	84.379	84.679
84.679	0.8999999999999915	trials	106	s106_J210615	grCe_grSu1Ne	3	45.0	8	84.979	85.279
89.663	0.8999999999999915	trials	106	s106_J210615	grSu1Ne	2		8	89.963	90.263
95.906	0.8999999999999915	trials	106	s106_J210615	grCe	1	270.0	8	96.206	96.505
97.114	0.8999999999999915	trials	106	s106_J210615	grCe_grSu3Ne	5	225.0	8	97.414	97.714
102.173	0.8999999999999915	trials	106	s106_J210615	grCe_grSu1Ne	3	270.0	8	102.473	102.773
102.782	0.8999999999999915	trials	106	s106_J210615	grCe_grSu18Fa	11	270.0	8	103.082	103.381
103.382	0.8999999999999915	trials	106	s106_J210615	coCe	16	315.0	8	103.682	103.981
108.33200000000001	0.8999999999999915	trials	106	s106_J210615	coCe	16	0.0	8	108.632	108.932
109.533	0.8999999999999915	trials	106	s106_J210615	grCe_grSu6CiNe	15	225.0	8	109.833	110.132
114.575	0.8999999999999915	trials	106	s106_J210615	grCe_grSu12Mi	9	315.0	8	114.875	115.175
115.783	0.8999999999999915	trials	106	s106_J210615	grCe_grSu6CiNe_PS	19	0.0	8	116.083	116.383
121.534	0.8999999999999915	trials	106	s106_J210615	grCe_grSu12SmCiNe	13	315.0	8	121.834	122.134
130.527	0.9000000000000057	trials	106	s106_J210615	grCe_grSu18Fa	11	180.0	8	130.827	131.127
131.12699999999998	0.9000000000000057	trials	106	s106_J210615	coCe_grSu6Ne	17	225.0	8	131.427	131.727
136.736	0.9000000000000057	trials	106	s106_J210615	grCe_grSu6Ne_PS	18	270.0	8	137.036	137.336
141.22	0.9000000000000057	trials	106	s106_J210615	grCe_grSu6CiNe_PS	19	270.0	8	141.52	141.82
141.82	0.9000000000000057	trials	106	s106_J210615	grCe_grSu12SmCiNe_PS	21	180.0	8	142.12	142.42
147.321	0.9000000000000057	trials	106	s106_J210615	grCe_grSu6Ne	7	225.0	8	147.621	147.92
147.921	0.9000000000000057	trials	106	s106_J210615	grCe_grSu6Ne_PS	18	0.0	8	148.221	148.521
156.57999999999998	0.9000000000000057	trials	106	s106_J210615	grCe_grSu6Ne_PS	18	315.0	8	156.88	157.18
157.189	0.9000000000000057	trials	106	s106_J210615	grCe_grSu18Fa	11	45.0	8	157.489	157.788
157.947	0.9000000000000057	trials	106	s106_J210615	grCe_grSu12SmCiNe	13	180.0	8	158.247	158.547
166.315	0.9000000000000057	trials	106	s106_J210615	grCe_grSu6CiNe	15	135.0	8	166.615	166.915
166.915	0.9000000000000057	trials	106	s106_J210615	coSu6Ne	20		8	167.215	167.515
167.515	0.9000000000000057	trials	106	s106_J210615	grSu6Ne	6		8	167.815	168.115
172.557	0.9000000000000057	trials	106	s106_J210615	grCe_grSu12Mi	9	270.0	8	172.857	173.157
173.158	0.9000000000000057	trials	106	s106_J210615	coCe_grSu6Ne	17	180.0	8	173.458	173.757
173.766	0.9000000000000057	trials	106	s106_J210615	grCe_grSu12Mi	9	225.0	8	174.066	174.366
178.79999999999998	0.9000000000000057	trials	106	s106_J210615	grCe_grSu6CiNe_PS	19	90.0	8	179.1	179.399
179.408	0.9000000000000057	trials	106	s106_J210615	grSu12Mi	8		8	179.708	180.008
180.00799999999998	0.9000000000000057	trials	106	s106_J210615	grCe_grSu6Ne	7	135.0	8	180.308	180.608
187.926	0.9000000000000057	trials	106	s106_J210615	grCe_grSu3Ne	5	135.0	8	188.226	188.526
188.535	0.9000000000000057	trials	106	s106_J210615	grCe_grSu3Ne	5	45.0	8	188.835	189.134
189.135	0.9000000000000057	trials	106	s106_J210615	grCe_grSu6CiNe	15	180.0	8	189.435	189.734
194.12699999999998	0.9000000000000057	trials	106	s106_J210615	grCe_grSu12SmCiNe	13	270.0	8	194.427	194.726
194.73499999999999	0.9000000000000057	trials	106	s106_J210615	grCe_grSu18Fa	11	315.0	8	195.035	195.335
203.587	0.9000000000000057	trials	106	s106_J210615	grCe_grSu12SmCiNe	13	0.0	8	203.887	204.186
204.803	0.9000000000000057	trials	106	s106_J210615	coCe_grSu6Ne	17	135.0	8	205.103	205.403
209.81199999999998	0.9000000000000057	trials	106	s106_J210615	grCe	1	90.0	8	210.112	210.412
210.41199999999998	0.9000000000000057	trials	106	s106_J210615	grCe_grSu1Ne	3	90.0	8	210.712	211.012
211.012	0.9000000000000057	trials	106	s106_J210615	grCe_grSu6CiNe_PS	19	315.0	8	211.312	211.612
226.648	0.9000000000000057	trials	106	s106_J210615	grCe_grSu12Mi	9	90.0	8	226.948	227.247
227.415	0.9000000000000057	trials	106	s106_J210615	grCe_grSu12SmCiNe	13	45.0	8	227.715	228.014
228.015	0.9000000000000057	trials	106	s106_J210615	grCe_grSu12SmCiNe_PS	21	45.0	8	228.315	228.614
232.915	0.9000000000000057	trials	106	s106_J210615	grCe_grSu6Ne	7	180.0	8	233.215	233.515
233.515	0.9000000000000057	trials	106	s106_J210615	grCe_grSu12SmCiNe_PS	21	0.0	8	233.815	234.115
242.59199999999998	0.9000000000000057	trials	106	s106_J210615	grCe_grSu6Ne	7	0.0	8	242.892	243.191
243.2	0.9000000000000057	trials	106	s106_J210615	grCe_grSu1Ne	3	315.0	8	243.5	243.8
243.79999999999998	0.9000000000000057	trials	106	s106_J210615	grCe_grSu6CiNe_PS	19	180.0	8	244.1	244.4
248.73399999999998	0.9000000000000057	trials	106	s106_J210615	grCe_grSu12SmCiNe	13	135.0	8	249.034	249.334
249.33399999999997	0.9000000000000057	trials	106	s106_J210615	grCe_grSu6CiNe_PS	19	225.0	8	249.634	249.934
249.934	0.9000000000000057	trials	106	s106_J210615	grCe	1	45.0	8	250.234	250.534
254.951	0.9000000000000057	trials	106	s106_J210615	coCe_grSu6Ne	17	0.0	8	255.251	255.551
255.552	0.9000000000000057	trials	106	s106_J210615	grCe_grSu6Ne_PS	18	225.0	8	255.852	256.151
256.152	0.9000000000000341	trials	106	s106_J210615	coCe_grSu6Ne	17	90.0	8	256.452	256.751
261.169	0.9000000000000341	trials	106	s106_J210615	grCe_grSu12Mi	9	45.0	8	261.469	261.769
261.777	0.9000000000000341	trials	106	s106_J210615	grSu18Fa	10		8	262.077	262.377
262.38599999999997	0.9000000000000341	trials	106	s106_J210615	grCe_grSu18Fa	11	90.0	8	262.686	262.985
267.395	0.9000000000000341	trials	106	s106_J210615	grCe_grSu12SmCiNe_PS	21	315.0	8	267.695	267.994
268.11199999999997	0.9000000000000341	trials	106	s106_J210615	grCe_grSu6Ne_PS	18	135.0	8	268.412	268.711
268.71999999999997	0.9000000000000341	trials	106	s106_J210615	grCe_grSu6CiNe	15	45.0	8	269.02	269.319
274.087	0.9000000000000341	trials	106	s106_J210615	grCe_grSu1Ne	3	135.0	8	274.387	274.687
280.288	0.9000000000000341	trials	106	s106_J210615	grCe_grSu12SmCiNe_PS	21	270.0	8	280.588	280.888
280.888	0.9000000000000341	trials	106	s106_J210615	coCe	16	90.0	8	281.188	281.488
285.88	0.9000000000000341	trials	106	s106_J210615	grCe_grSu6CiNe_PS	19	135.0	8	286.18	286.48
289.931	0.9000000000000341	trials	106	s106_J210615	grCe_grSu12Mi	9	135.0	8	290.231	290.531
290.531	0.9000000000000341	trials	106	s106_J210615	grCe_grSu6CiNe	15	0.0	8	290.831	291.131
296.19	0.9000000000000341	trials	106	s106_J210615	grCe	1	225.0	8	296.49	296.79
297.39	0.9000000000000341	trials	106	s106_J210615	grCe_grSu6Ne_PS	18	45.0	8	297.69	297.99
305.408	0.9000000000000341	trials	106	s106_J210615	grCe_grSu12SmCiNe_PS	21	225.0	8	305.708	306.008
306.61699999999996	0.9000000000000341	trials	106	s106_J210615	grCe_grSu12Mi	9	180.0	8	306.917	307.216
321.252	0.9000000000000341	trials	106	s106_J210615	grCe_grSu12SmCiNe_PS	21	135.0	8	321.552	321.851
325.227	0.9000000000000341	trials	106	s106_J210615	coCe	16	225.0	8	325.527	325.827
325.827	0.9000000000000341	trials	106	s106_J210615	grSu3Ne	4		8	326.127	326.427
326.42699999999996	0.9000000000000341	trials	106	s106_J210615	grCe_grSu1Ne	3	225.0	8	326.727	327.027
331.353	0.9000000000000341	trials	106	s106_J210615	grCe_grSu6CiNe	15	270.0	8	331.653	331.953
331.953	0.9000000000000341	trials	106	s106_J210615	grCe_grSu6Ne_PS	18	90.0	8	332.253	332.553
332.562	0.9000000000000341	trials	106	s106_J210615	grCe_grSu12Mi	9	0.0	8	332.862	333.161
337.621	0.9000000000000341	trials	106	s106_J210615	grCe_grSu6CiNe	15	90.0	8	337.921	338.22
346.68	0.9000000000000341	trials	106	s106_J210615	coCe	16	45.0	8	346.98	347.28
347.28	0.9000000000000341	trials	106	s106_J210615	grCe_grSu1Ne	3	0.0	8	347.58	347.88
352.914	0.9000000000000341	trials	106	s106_J210615	grCe_grSu18Fa	11	135.0	8	353.214	353.514
353.514	0.9000000000000341	trials	106	s106_J210615	grCe_grSu3Ne	5	270.0	8	353.814	354.114
354.114	0.9000000000000341	trials	106	s106_J210615	coCe	16	180.0	8	354.414	354.714
358.873	0.9000000000000341	trials	106	s106_J210615	grCe_grSu3Ne	5	315.0	8	359.173	359.473
362.41499999999996	0.9000000000000341	trials	106	s106_J210615	grSu12SmCiNe	12		8	362.715	363.015
363.015	0.9000000000000341	trials	106	s106_J210615	grCe_grSu12SmCiNe_PS	21	90.0	8	363.315	363.615
363.616	0.9000000000000341	trials	106	s106_J210615	grSu6CiNe	14		8	363.916	364.215
372.175	0.9000000000000341	trials	106	s106_J210615	grCe_grSu6CiNe	15	45.0	6	372.475	372.775
376.067	0.9000000000000341	trials	106	s106_J210615	coCe_grSu6Ne	17	45.0	6	376.367	376.667
376.676	0.9000000000000341	trials	106	s106_J210615	grCe_grSu18Fa	11	0.0	6	376.976	377.275
377.276	0.9000000000000341	trials	106	s106_J210615	coCe_grSu6Ne	17	180.0	6	377.576	377.875
382.368	0.9000000000000341	trials	106	s106_J210615	grCe_grSu6Ne_PS	18	180.0	6	382.668	382.968
382.96799999999996	0.9000000000000341	trials	106	s106_J210615	grCe_grSu6Ne_PS	18	90.0	6	383.268	383.568
383.57599999999996	0.9000000000000341	trials	106	s106_J210615	grCe_grSu12Mi	9	315.0	6	383.876	384.176
388.519	0.9000000000000341	trials	106	s106_J210615	grCe	1	0.0	6	388.819	389.118
389.11899999999997	0.9000000000000341	trials	106	s106_J210615	coCe_grSu6Ne	17	90.0	6	389.419	389.718
389.719	0.9000000000000341	trials	106	s106_J210615	grCe_grSu1Ne	3	45.0	6	390.019	390.318
394.545	0.9000000000000341	trials	106	s106_J210615	grSu6CiNe	14		6	394.845	395.144
398.728	0.9000000000000341	trials	106	s106_J210615	grCe_grSu12SmCiNe_PS	21	90.0	6	399.028	399.328
402.462	0.9000000000000341	trials	106	s106_J210615	grCe_grSu18Fa	11	135.0	6	402.762	403.062
403.062	0.9000000000000341	trials	106	s106_J210615	coCe_grSu6Ne	17	135.0	6	403.362	403.662
408.688	0.9000000000000341	trials	106	s106_J210615	grCe_grSu12SmCiNe_PS	21	135.0	6	408.988	409.288
409.288	0.9000000000000341	trials	106	s106_J210615	coCe	16	135.0	6	409.588	409.888
409.888	0.9000000000000341	trials	106	s106_J210615	grCe_grSu12SmCiNe_PS	21	315.0	6	410.188	410.488
414.664	0.9000000000000341	trials	106	s106_J210615	grCe_grSu12SmCiNe	13	90.0	6	414.964	415.263
415.264	0.9000000000000341	trials	106	s106_J210615	grCe_grSu6Ne_PS	18	270.0	6	415.564	415.863
415.864	0.9000000000000341	trials	106	s106_J210615	grCe_grSu12SmCiNe_PS	21	0.0	6	416.164	416.464
421.556	0.9000000000000341	trials	106	s106_J210615	coSu6Ne	20		6	421.856	422.156
422.16499999999996	0.9000000000000341	trials	106	s106_J210615	grCe_grSu3Ne	5	270.0	6	422.465	422.764
427.741	0.9000000000000341	trials	106	s106_J210615	grCe_grSu18Fa	11	225.0	6	428.041	428.34
433.34999999999997	0.9000000000000341	trials	106	s106_J210615	grCe_grSu1Ne	3	0.0	6	433.65	433.949
433.95799999999997	0.9000000000000341	trials	106	s106_J210615	grCe_grSu12Mi	9	45.0	6	434.258	434.558
434.566	0.9000000000000341	trials	106	s106_J210615	grCe_grSu18Fa	11	180.0	6	434.866	435.166
439.525	0.9000000000000341	trials	106	s106_J210615	grCe_grSu6CiNe	15	180.0	6	439.825	440.125
440.726	0.9000000000000341	trials	106	s106_J210615	grCe_grSu6CiNe_PS	19	315.0	6	441.026	441.325
445.95099999999996	0.9000000000000341	trials	106	s106_J210615	grCe_grSu3Ne	5	225.0	6	446.251	446.551
446.56	0.9000000000000341	trials	106	s106_J210615	grCe_grSu12Mi	9	0.0	6	446.86	447.159
447.15999999999997	0.9000000000000341	trials	106	s106_J210615	grCe	1	315.0	6	447.46	447.759
451.96	0.9000000000000341	trials	106	s106_J210615	grCe_grSu12SmCiNe	13	270.0	6	452.26	452.56
458.236	0.9000000000000341	trials	106	s106_J210615	coCe	16	45.0	6	458.536	458.836
458.836	0.9000000000000341	trials	106	s106_J210615	grCe_grSu6CiNe_PS	19	135.0	6	459.136	459.436
459.445	0.9000000000000341	trials	106	s106_J210615	grCe_grSu18Fa	11	315.0	6	459.745	460.044
464.404	0.9000000000000341	trials	106	s106_J210615	grCe_grSu12Mi	9	135.0	6	464.704	465.003
465.012	0.9000000000000341	trials	106	s106_J210615	grCe_grSu12SmCiNe	13	180.0	6	465.312	465.612
471.538	0.9000000000000341	trials	106	s106_J210615	grCe_grSu18Fa	11	45.0	6	471.838	472.137
472.738	0.9000000000000341	trials	106	s106_J210615	grCe_grSu6CiNe_PS	19	270.0	6	473.038	473.338
478.155	0.9000000000000341	trials	106	s106_J210615	grCe_grSu6Ne_PS	18	0.0	6	478.455	478.755
483.823	0.9000000000000341	trials	106	s106_J210615	NoStim	0		6	484.123	484.422
484.423	0.9000000000000341	trials	106	s106_J210615	grSu1Ne	2		6	484.723	485.022
485.031	0.9000000000000341	trials	106	s106_J210615	grCe_grSu12SmCiNe	13	0.0	6	485.331	485.631
490.074	0.9000000000000341	trials	106	s106_J210615	grSu12Mi	8		6	490.374	490.673
493.832	0.9000000000000341	trials	106	s106_J210615	grCe_grSu3Ne	5	0.0	6	494.132	494.432
494.433	0.9000000000000341	trials	106	s106_J210615	grCe_grSu6Ne	7	90.0	6	494.733	495.032
495.033	0.9000000000000341	trials	106	s106_J210615	coCe	16	0.0	6	495.333	495.632
500.167	0.9000000000000341	trials	106	s106_J210615	grCe_grSu6Ne	7	135.0	6	500.467	500.766
500.767	0.9000000000000341	trials	106	s106_J210615	grCe_grSu6Ne	7	315.0	6	501.067	501.366
501.36699999999996	0.9000000000000341	trials	106	s106_J210615	grCe	1	45.0	6	501.667	501.966
507.134	0.9000000000000341	trials	106	s106_J210615	grSu12SmCiNe	12		6	507.434	507.734
507.759	0.9000000000000341	trials	106	s106_J210615	grCe_grSu12Mi	9	270.0	6	508.059	508.359
512.7270000000001	0.8999999999999773	trials	106	s106_J210615	grCe_grSu6Ne	7	180.0	6	513.027	513.326
513.327	0.8999999999999773	trials	106	s106_J210615	grSu6Ne	6		6	513.627	513.926
518.986	0.8999999999999773	trials	106	s106_J210615	grCe_grSu6CiNe	15	315.0	6	519.286	519.585
519.586	0.8999999999999773	trials	106	s106_J210615	grCe_grSu6Ne_PS	18	315.0	6	519.886	520.185
520.186	0.8999999999999773	trials	106	s106_J210615	grCe_grSu12SmCiNe	13	315.0	6	520.486	520.785
525.1120000000001	0.8999999999999773	trials	106	s106_J210615	grCe_grSu1Ne	3	270.0	6	525.412	525.711
525.7280000000001	0.8999999999999773	trials	106	s106_J210615	grCe_grSu6Ne_PS	18	135.0	6	526.028	526.328
526.3280000000001	0.8999999999999773	trials	106	s106_J210615	coCe_grSu6Ne	17	270.0	6	526.628	526.928
531.3710000000001	0.8999999999999773	trials	106	s106_J210615	grCe_grSu6Ne	7	0.0	6	531.671	531.97
532.571	0.8999999999999773	trials	106	s106_J210615	coCe_grSu6Ne	17	0.0	6	532.871	533.17
541.48	0.8999999999999773	trials	106	s106_J210615	coCe	16	225.0	6	541.78	542.08
542.6800000000001	0.8999999999999773	trials	106	s106_J210615	grCe	1	225.0	6	542.98	543.28
554.0740000000001	0.8999999999999773	trials	106	s106_J210615	coCe	16	90.0	6	554.374	554.673
554.682	0.8999999999999773	trials	106	s106_J210615	grCe_grSu18Fa	11	270.0	6	554.982	555.282
560.216	0.8999999999999773	trials	106	s106_J210615	coCe	16	315.0	6	560.516	560.816
560.816	0.8999999999999773	trials	106	s106_J210615	grCe_grSu12SmCiNe_PS	21	45.0	6	561.116	561.416
561.416	0.8999999999999773	trials	106	s106_J210615	grCe_grSu1Ne	3	315.0	6	561.716	562.016
566.5840000000001	0.8999999999999773	trials	106	s106_J210615	grCe_grSu3Ne	5	135.0	6	566.884	567.183
567.1840000000001	0.8999999999999773	trials	106	s106_J210615	grCe_grSu3Ne	5	90.0	6	567.484	567.783
573.926	0.8999999999999773	trials	106	s106_J210615	grCe_grSu6Ne_PS	18	45.0	6	574.226	574.526
579.61	0.8999999999999773	trials	106	s106_J210615	coCe	16	180.0	6	579.91	580.21
580.21	0.8999999999999773	trials	106	s106_J210615	grCe_grSu3Ne	5	180.0	6	580.51	580.81
585.403	0.8999999999999773	trials	106	s106_J210615	grCe_grSu3Ne	5	45.0	6	585.703	586.002
586.003	0.8999999999999773	trials	106	s106_J210615	grCe_grSu12SmCiNe_PS	21	270.0	6	586.303	586.602
591.6120000000001	0.8999999999999773	trials	106	s106_J210615	grCe_grSu18Fa	11	90.0	6	591.912	592.211
592.812	0.8999999999999773	trials	106	s106_J210615	grCe_grSu1Ne	3	135.0	6	593.112	593.411
597.7710000000001	0.8999999999999773	trials	106	s106_J210615	grCe_grSu6Ne	7	270.0	6	598.071	598.37
598.3710000000001	0.8999999999999773	trials	106	s106_J210615	grCe	1	180.0	6	598.671	598.971
601.821	0.8999999999999773	trials	106	s106_J210615	grCe_grSu6CiNe	15	270.0	6	602.121	602.421
602.422	0.8999999999999773	trials	106	s106_J210615	grCe_grSu1Ne	3	90.0	6	602.722	603.021
603.022	0.8999999999999773	trials	106	s106_J210615	grCe_grSu6Ne	7	45.0	6	603.322	603.621
608.0310000000001	0.8999999999999773	trials	106	s106_J210615	grSu3Ne	4		6	608.331	608.63
608.6310000000001	0.8999999999999773	trials	106	s106_J210615	grCe_grSu6CiNe_PS	19	45.0	6	608.931	609.23
609.231	0.8999999999999773	trials	106	s106_J210615	grCe_grSu6CiNe	15	90.0	6	609.531	609.83
614.1980000000001	0.8999999999999773	trials	106	s106_J210615	grCe_grSu3Ne	5	315.0	6	614.498	614.798
614.798	0.8999999999999773	trials	106	s106_J210615	grCe_grSu6Ne	7	225.0	6	615.098	615.398
615.407	0.8999999999999773	trials	106	s106_J210615	grCe_grSu12Mi	9	90.0	6	615.707	616.006
620.5740000000001	0.8999999999999773	trials	106	s106_J210615	grCe	1	135.0	6	620.874	621.173
624.0490000000001	0.8999999999999773	trials	106	s106_J210615	grCe_grSu12SmCiNe	13	45.0	6	624.349	624.649
624.649	0.8999999999999773	trials	106	s106_J210615	grCe_grSu1Ne	3	180.0	6	624.949	625.249
625.249	0.8999999999999773	trials	106	s106_J210615	grCe_grSu1Ne	3	225.0	6	625.549	625.849
630.258	0.8999999999999773	trials	106	s106_J210615	grCe_grSu6Ne_PS	18	225.0	6	630.558	630.858
630.9000000000001	0.8999999999999773	trials	106	s106_J210615	grCe_grSu6CiNe	15	0.0	6	631.2	631.5
638.201	0.8999999999999773	trials	106	s106_J210615	grCe_grSu6CiNe_PS	19	90.0	6	638.501	638.801
638.801	0.8999999999999773	trials	106	s106_J210615	grCe_grSu12SmCiNe	13	225.0	6	639.101	639.401
639.4010000000001	0.8999999999999773	trials	106	s106_J210615	grCe_grSu6CiNe	15	225.0	6	639.701	640.001
644.4100000000001	0.8999999999999773	trials	106	s106_J210615	coCe_grSu6Ne	17	315.0	6	644.71	645.01
645.01	0.8999999999999773	trials	106	s106_J210615	grCe_grSu6CiNe_PS	19	180.0	6	645.31	645.61
645.61	0.8999999999999773	trials	106	s106_J210615	grCe_grSu12SmCiNe	13	135.0	6	645.91	646.21
650.6360000000001	0.8999999999999773	trials	106	s106_J210615	grCe_grSu12SmCiNe_PS	21	180.0	6	650.936	651.236
651.836	0.8999999999999773	trials	106	s106_J210615	grCe	1	90.0	6	652.136	652.436
657.462	0.8999999999999773	trials	106	s106_J210615	grCe_grSu6CiNe_PS	19	0.0	6	657.762	658.062
658.07	0.8999999999999773	trials	106	s106_J210615	coCe_grSu6Ne	17	225.0	6	658.37	658.67
658.6700000000001	0.8999999999999773	trials	106	s106_J210615	grCe_grSu6CiNe	15	135.0	6	658.97	659.27
663.671	0.8999999999999773	trials	106	s106_J210615	grCe	1	270.0	6	663.971	664.271
664.2800000000001	0.8999999999999773	trials	106	s106_J210615	grCe_grSu12Mi	9	225.0	6	664.58	664.879
668.3380000000001	0.8999999999999773	trials	106	s106_J210615	grCe_grSu12Mi	9	180.0	6	668.638	668.938
668.9380000000001	0.8999999999999773	trials	106	s106_J210615	grCe_grSu6CiNe_PS	19	225.0	6	669.238	669.538
673.964	0.8999999999999773	trials	106	s106_J210615	grCe_grSu12SmCiNe_PS	21	225.0	6	674.264	674.564
678.181	0.8999999999999773	trials	106	s106_J210615	grSu18Fa	10		6	678.481	678.781
678.7810000000001	0.8999999999999773	trials	106	s106_J210615	coCe	16	270.0	6	679.081	679.381
683.749	0.8999999999999773	trials	106	s106_J210615	grCe_grSu6Ne_PS	18	180.0	7	684.049	684.348
684.349	0.8999999999999773	trials	106	s106_J210615	grCe_grSu1Ne	3	225.0	7	684.649	684.948
691.258	0.8999999999999773	trials	106	s106_J210615	coCe	16	180.0	7	691.558	691.858
692.4580000000001	0.8999999999999773	trials	106	s106_J210615	grCe_grSu12SmCiNe_PS	21	135.0	7	692.758	693.058
697.484	0.8999999999999773	trials	106	s106_J210615	grCe_grSu6CiNe_PS	19	180.0	7	697.784	698.083
701.109	0.8999999999999773	trials	106	s106_J210615	grCe_grSu3Ne	5	45.0	7	701.409	701.709
701.7180000000001	0.8999999999999773	trials	106	s106_J210615	grCe_grSu6Ne	7	225.0	7	702.018	702.317
702.3340000000001	0.8999999999999773	trials	106	s106_J210615	grCe_grSu6Ne	7	135.0	7	702.634	702.934
707.635	0.8999999999999773	trials	106	s106_J210615	grCe_grSu1Ne	3	180.0	7	707.935	708.235
708.235	0.8999999999999773	trials	106	s106_J210615	grCe_grSu6Ne_PS	18	45.0	7	708.535	708.835
712.019	0.8999999999999773	trials	106	s106_J210615	grCe_grSu1Ne	3	45.0	7	712.319	712.619
712.619	0.8999999999999773	trials	106	s106_J210615	coCe_grSu6Ne	17	225.0	7	712.919	713.219
713.219	0.8999999999999773	trials	106	s106_J210615	coCe	16	90.0	7	713.519	713.819
718.2030000000001	0.8999999999999773	trials	106	s106_J210615	grCe_grSu3Ne	5	180.0	7	718.503	718.803
718.8280000000001	0.8999999999999773	trials	106	s106_J210615	grSu6CiNe	14		7	719.128	719.428
719.437	0.8999999999999773	trials	106	s106_J210615	grCe_grSu12Mi	9	0.0	7	719.737	720.036
727.946	0.8999999999999773	trials	106	s106_J210615	grCe_grSu12SmCiNe	13	315.0	7	728.246	728.546
728.5550000000001	0.8999999999999773	trials	106	s106_J210615	grCe_grSu12Mi	9	315.0	7	728.855	729.154
729.1550000000001	0.8999999999999773	trials	106	s106_J210615	grCe_grSu6CiNe	15	45.0	7	729.455	729.754
734.48	0.8999999999999773	trials	106	s106_J210615	grCe_grSu6Ne_PS	18	225.0	7	734.78	735.08
739.181	0.8999999999999773	trials	106	s106_J210615	grCe_grSu18Fa	11	270.0	7	739.481	739.78
739.7890000000001	0.8999999999999773	trials	106	s106_J210615	grCe_grSu12Mi	9	135.0	7	740.089	740.389
740.389	0.8999999999999773	trials	106	s106_J210615	coCe_grSu6Ne	17	180.0	7	740.689	740.989
746.148	0.8999999999999773	trials	106	s106_J210615	grCe_grSu6Ne	7	90.0	7	746.448	746.748
752.3330000000001	0.8999999999999773	trials	106	s106_J210615	coCe	16	135.0	7	752.633	752.932
752.933	0.8999999999999773	trials	106	s106_J210615	grCe_grSu6CiNe	15	0.0	7	753.233	753.532
753.533	0.8999999999999773	trials	106	s106_J210615	grCe	1	135.0	7	753.833	754.132
758.5830000000001	0.8999999999999773	trials	106	s106_J210615	grCe_grSu3Ne	5	90.0	7	758.883	759.183
759.1840000000001	0.8999999999999773	trials	106	s106_J210615	grSu1Ne	2		7	759.484	759.783
759.784	0.8999999999999773	trials	106	s106_J210615	grCe_grSu6Ne	7	270.0	7	760.084	760.383
764.884	0.8999999999999773	trials	106	s106_J210615	grCe_grSu3Ne	5	135.0	7	765.184	765.484
774.027	0.8999999999999773	trials	106	s106_J210615	coCe	16	270.0	7	774.327	774.627
774.6270000000001	0.8999999999999773	trials	106	s106_J210615	coCe	16	315.0	7	774.927	775.227
775.2270000000001	0.8999999999999773	trials	106	s106_J210615	grCe	1	180.0	7	775.527	775.827
780.37	0.8999999999999773	trials	106	s106_J210615	grCe_grSu12Mi	9	45.0	7	780.67	780.969
781.5780000000001	0.8999999999999773	trials	106	s106_J210615	grCe_grSu3Ne	5	315.0	7	781.878	782.178
786.479	0.8999999999999773	trials	106	s106_J210615	grCe_grSu12SmCiNe_PS	21	180.0	7	786.779	787.078
793.98	0.8999999999999773	trials	106	s106_J210615	coCe_grSu6Ne	17	0.0	7	794.28	794.579
795.197	0.8999999999999773	trials	106	s106_J210615	grCe_grSu18Fa	11	180.0	7	795.497	795.796
800.7220000000001	0.8999999999999773	trials	106	s106_J210615	coSu6Ne	20		7	801.022	801.322
801.322	0.8999999999999773	trials	106	s106_J210615	grCe_grSu6Ne_PS	18	0.0	7	801.622	801.922
801.922	0.8999999999999773	trials	106	s106_J210615	grSu6Ne	6		7	802.222	802.522
810.0980000000001	0.8999999999999773	trials	106	s106_J210615	grCe_grSu6Ne_PS	18	90.0	7	810.398	810.698
813.8570000000001	0.8999999999999773	trials	106	s106_J210615	grCe_grSu1Ne	3	135.0	7	814.157	814.457
817.291	0.8999999999999773	trials	106	s106_J210615	grCe_grSu18Fa	11	315.0	7	817.591	817.891
817.8910000000001	0.8999999999999773	trials	106	s106_J210615	grCe	1	225.0	7	818.191	818.491
818.4910000000001	0.8999999999999773	trials	106	s106_J210615	grCe_grSu6CiNe_PS	19	135.0	7	818.791	819.091
824.609	0.8999999999999773	trials	106	s106_J210615	grCe_grSu12SmCiNe	13	225.0	7	824.909	825.208
829.668	0.8999999999999773	trials	106	s106_J210615	grCe_grSu6Ne	7	0.0	7	829.968	830.267
830.268	0.8999999999999773	trials	106	s106_J210615	grCe_grSu6Ne_PS	18	315.0	7	830.568	830.867
830.8760000000001	0.8999999999999773	trials	106	s106_J210615	grCe_grSu18Fa	11	0.0	7	831.176	831.476
842.3280000000001	0.8999999999999773	trials	106	s106_J210615	grCe_grSu12Mi	9	225.0	7	842.628	842.927
846.1030000000001	0.8999999999999773	trials	106	s106_J210615	grSu18Fa	10		7	846.403	846.703
846.712	0.8999999999999773	trials	106	s106_J210615	grSu12Mi	8		7	847.012	847.311
847.337	0.8999999999999773	trials	106	s106_J210615	grCe_grSu6CiNe	15	315.0	7	847.637	847.936
852.471	0.8999999999999773	trials	106	s106_J210615	coCe_grSu6Ne	17	45.0	7	852.771	853.07
857.1800000000001	0.8999999999999773	trials	106	s106_J210615	grCe_grSu12SmCiNe	13	45.0	7	857.48	857.779
862.6800000000001	0.8999999999999773	trials	106	s106_J210615	grCe_grSu6CiNe_PS	19	315.0	7	862.98	863.28
866.081	0.8999999999999773	trials	106	s106_J210615	grCe_grSu1Ne	3	90.0	7	866.381	866.68
866.681	0.8999999999999773	trials	106	s106_J210615	coCe	16	225.0	7	866.981	867.28
867.2810000000001	0.8999999999999773	trials	106	s106_J210615	grCe_grSu12SmCiNe_PS	21	315.0	7	867.581	867.88
872.148	0.8999999999999773	trials	106	s106_J210615	grCe_grSu6CiNe_PS	19	45.0	7	872.448	872.748
872.748	0.8999999999999773	trials	106	s106_J210615	grCe_grSu6CiNe_PS	19	90.0	7	873.048	873.348
873.3480000000001	0.8999999999999773	trials	106	s106_J210615	grCe	1	270.0	7	873.648	873.948
878.2660000000001	0.8999999999999773	trials	106	s106_J210615	grSu3Ne	4		7	878.566	878.865
878.8660000000001	0.8999999999999773	trials	106	s106_J210615	grCe	1	45.0	7	879.166	879.465
879.474	0.8999999999999773	trials	106	s106_J210615	grCe_grSu6CiNe	15	180.0	7	879.774	880.074
885.875	0.8999999999999773	trials	106	s106_J210615	coCe_grSu6Ne	17	90.0	7	886.175	886.474
891.542	0.8999999999999773	trials	106	s106_J210615	grCe_grSu3Ne	5	0.0	7	891.842	892.142
892.142	0.8999999999999773	trials	106	s106_J210615	grCe_grSu12SmCiNe	13	270.0	7	892.442	892.742
897.2850000000001	0.8999999999999773	trials	106	s106_J210615	grCe_grSu18Fa	11	90.0	7	897.585	897.884
897.893	0.8999999999999773	trials	106	s106_J210615	grCe_grSu18Fa	11	135.0	7	898.193	898.493
898.5020000000001	0.8999999999999773	trials	106	s106_J210615	grCe_grSu12Mi	9	180.0	7	898.802	899.101
903.436	0.8999999999999773	trials	106	s106_J210615	grCe_grSu6Ne	7	315.0	7	903.736	904.035
906.8190000000001	0.8999999999999773	trials	106	s106_J210615	grCe_grSu3Ne	5	225.0	7	907.119	907.419
908.019	0.8999999999999773	trials	106	s106_J210615	grCe_grSu12SmCiNe_PS	21	45.0	7	908.319	908.619
912.9780000000001	0.8999999999999773	trials	106	s106_J210615	grCe_grSu12SmCiNe	13	0.0	7	913.278	913.578
916.837	0.8999999999999773	trials	106	s106_J210615	grCe_grSu6CiNe_PS	19	270.0	7	917.137	917.437
917.4870000000001	0.8999999999999773	trials	106	s106_J210615	grCe_grSu6Ne_PS	18	270.0	7	917.787	918.087
918.087	0.8999999999999773	trials	106	s106_J210615	coCe	16	0.0	7	918.387	918.687
923.171	0.8999999999999773	trials	106	s106_J210615	grCe_grSu6CiNe	15	270.0	7	923.471	923.771
924.3720000000001	0.8999999999999773	trials	106	s106_J210615	grCe	1	315.0	7	924.672	924.971
929.3470000000001	0.8999999999999773	trials	106	s106_J210615	grCe_grSu6CiNe	15	90.0	7	929.647	929.947
935.5730000000001	0.8999999999999773	trials	106	s106_J210615	coCe_grSu6Ne	17	315.0	7	935.873	936.173
939.215	0.8999999999999773	trials	106	s106_J210615	grCe_grSu6Ne	7	180.0	7	939.515	939.815
939.815	0.8999999999999773	trials	106	s106_J210615	grCe_grSu6CiNe	15	135.0	7	940.115	940.415
940.4150000000001	0.8999999999999773	trials	106	s106_J210615	grCe	1	90.0	7	940.715	941.015
945.383	0.8999999999999773	trials	106	s106_J210615	grCe_grSu6CiNe_PS	19	0.0	7	945.683	945.982
946.5830000000001	0.8999999999999773	trials	106	s106_J210615	grCe_grSu12SmCiNe_PS	21	90.0	7	946.883	947.182
952.192	0.8999999999999773	trials	106	s106_J210615	grCe_grSu12SmCiNe_PS	21	270.0	7	952.492	952.791
952.792	0.8999999999999773	trials	106	s106_J210615	grCe_grSu6Ne_PS	18	135.0	7	953.092	953.391
957.7510000000001	0.8999999999999773	trials	106	s106_J210615	grCe_grSu6CiNe	15	225.0	7	958.051	958.35
958.351	0.8999999999999773	trials	106	s106_J210615	grSu12SmCiNe	12		7	958.651	958.951
958.951	0.8999999999999773	trials	106	s106_J210615	grCe_grSu1Ne	3	315.0	7	959.251	959.551
964.043	0.8999999999999773	trials	106	s106_J210615	grCe_grSu12SmCiNe	13	90.0	7	964.343	964.643
968.2940000000001	0.8999999999999773	trials	106	s106_J210615	grCe	1	0.0	7	968.594	968.893
968.894	0.8999999999999773	trials	106	s106_J210615	NoStim	0		7	969.194	969.494
973.7700000000001	0.8999999999999773	trials	106	s106_J210615	grCe_grSu1Ne	3	0.0	7	974.07	974.369
977.2370000000001	0.8999999999999773	trials	106	s106_J210615	grCe_grSu12Mi	9	90.0	7	977.537	977.836
977.837	0.8999999999999773	trials	106	s106_J210615	grCe_grSu6CiNe_PS	19	225.0	7	978.137	978.436
978.445	0.8999999999999773	trials	106	s106_J210615	grCe_grSu6Ne	7	45.0	7	978.745	979.045
983.5540000000001	0.8999999999999773	trials	106	s106_J210615	coCe_grSu6Ne	17	135.0	7	983.854	984.154
984.754	0.8999999999999773	trials	106	s106_J210615	grCe_grSu12SmCiNe	13	180.0	7	985.054	985.354
989.8470000000001	0.8999999999999773	trials	106	s106_J210615	grCe_grSu12SmCiNe	13	135.0	7	990.147	990.446
990.447	0.8999999999999773	trials	106	s106_J210615	grCe_grSu12SmCiNe_PS	21	225.0	7	990.747	991.046
991.0550000000001	0.8999999999999773	trials	106	s106_J210615	grCe_grSu18Fa	11	225.0	7	991.355	991.655
996.3140000000001	0.8999999999999773	trials	106	s106_J210615	grCe_grSu18Fa	11	45.0	7	996.614	996.914
996.956	0.8999999999999773	trials	106	s106_J210615	coCe_grSu6Ne	17	270.0	7	997.256	997.556
997.556	0.8999999999999773	trials	106	s106_J210615	grCe_grSu12SmCiNe_PS	21	0.0	7	997.856	998.156
1003.19	0.8999999999999773	trials	106	s106_J210615	grCe_grSu1Ne	3	270.0	7	1003.49	1003.79
1007.0490000000001	0.8999999999999773	trials	106	s106_J210615	grCe_grSu3Ne	5	270.0	7	1007.349	1007.649
1008.2570000000001	0.8999999999999773	trials	106	s106_J210615	grCe_grSu12Mi	9	270.0	7	1008.557	1008.857
1013.291	0.8999999999999773	trials	106	s106_J210615	coCe	16	45.0	7	1013.591	1013.891
1017.167	0.8999999999999773	trials	106	s106_J210615	grSu12SmCiNe	12		2	1017.467	1017.766
1017.8090000000001	0.8999999999999773	trials	106	s106_J210615	coCe	16	315.0	2	1018.109	1018.408
1021.768	0.8999999999999773	trials	106	s106_J210615	grCe_grSu1Ne	3	90.0	2	1022.068	1022.367
1022.368	0.8999999999999773	trials	106	s106_J210615	coCe	16	0.0	2	1022.668	1022.967
1022.9680000000001	0.8999999999999773	trials	106	s106_J210615	grCe_grSu6CiNe_PS	19	270.0	2	1023.268	1023.567
1028.227	0.8999999999998636	trials	106	s106_J210615	grCe_grSu18Fa	11	90.0	2	1028.527	1028.826
1028.827	0.8999999999998636	trials	106	s106_J210615	grCe_grSu6Ne_PS	18	180.0	2	1029.127	1029.426
1029.435	0.8999999999998636	trials	106	s106_J210615	grCe_grSu18Fa	11	315.0	2	1029.735	1030.035
1044.621	0.8999999999998636	trials	106	s106_J210615	grCe_grSu6Ne_PS	18	0.0	2	1044.921	1045.22
1045.221	0.8999999999998636	trials	106	s106_J210615	grCe_grSu1Ne	3	45.0	2	1045.521	1045.82
1050.246	0.8999999999998636	trials	106	s106_J210615	grCe_grSu3Ne	5	180.0	2	1050.546	1050.846
1050.855	0.8999999999998636	trials	106	s106_J210615	grCe_grSu18Fa	11	45.0	2	1051.155	1051.454
1051.4550000000002	0.8999999999998636	trials	106	s106_J210615	grCe_grSu6CiNe	15	0.0	2	1051.755	1052.054
1056.497	0.8999999999998636	trials	106	s106_J210615	grCe_grSu6Ne	7	90.0	2	1056.797	1057.097
1060.1480000000001	0.8999999999998636	trials	106	s106_J210615	grCe_grSu6Ne_PS	18	45.0	2	1060.448	1060.747
1060.748	0.8999999999998636	trials	106	s106_J210615	grCe_grSu12SmCiNe	13	180.0	2	1061.048	1061.347
1066.29	0.8999999999998636	trials	106	s106_J210615	grCe	1	315.0	2	1066.59	1066.89
1066.89	0.8999999999998636	trials	106	s106_J210615	grCe_grSu12SmCiNe_PS	21	45.0	2	1067.19	1067.49
1067.49	0.8999999999998636	trials	106	s106_J210615	grCe_grSu6CiNe_PS	19	90.0	2	1067.79	1068.09
1072.2740000000001	0.8999999999998636	trials	106	s106_J210615	grCe_grSu6CiNe_PS	19	315.0	2	1072.574	1072.874
1073.508	0.8999999999998636	trials	106	s106_J210615	coCe_grSu6Ne	17	180.0	2	1073.808	1074.107
1078.367	0.8999999999998636	trials	106	s106_J210615	grCe_grSu1Ne	3	315.0	2	1078.667	1078.966
1085.684	0.8999999999998636	trials	106	s106_J210615	grCe_grSu6Ne	7	225.0	2	1085.984	1086.284
1086.284	0.8999999999998636	trials	106	s106_J210615	grCe_grSu12SmCiNe_PS	21	0.0	2	1086.584	1086.884
1094.702	0.8999999999998636	trials	106	s106_J210615	grCe_grSu12Mi	9	315.0	2	1095.002	1095.302
1098.444	0.8999999999998636	trials	106	s106_J210615	grSu18Fa	10		2	1098.744	1099.044
1099.644	0.8999999999998636	trials	106	s106_J210615	grCe_grSu6Ne	7	0.0	2	1099.944	1100.244
1104.67	0.8999999999998636	trials	106	s106_J210615	grCe	1	45.0	2	1104.97	1105.27
1105.27	0.8999999999998636	trials	106	s106_J210615	grCe_grSu3Ne	5	225.0	2	1105.57	1105.87
1105.8700000000001	0.8999999999998636	trials	106	s106_J210615	coCe_grSu6Ne	17	270.0	2	1106.17	1106.47
1111.021	0.8999999999998636	trials	106	s106_J210615	coCe_grSu6Ne	17	45.0	2	1111.321	1111.62
1115.688	0.8999999999998636	trials	106	s106_J210615	grCe_grSu6Ne	7	135.0	2	1115.988	1116.288
1120.6390000000001	0.8999999999998636	trials	106	s106_J210615	grCe_grSu12Mi	9	90.0	2	1120.939	1121.238
1121.239	0.8999999999998636	trials	106	s106_J210615	grCe_grSu6Ne_PS	18	90.0	2	1121.539	1121.838
1126.906	0.8999999999998636	trials	106	s106_J210615	grCe_grSu6Ne_PS	18	315.0	2	1127.206	1127.506
1127.506	0.8999999999998636	trials	106	s106_J210615	grCe	1	180.0	2	1127.806	1128.106
1131.182	0.8999999999998636	trials	106	s106_J210615	grSu12Mi	8		2	1131.482	1131.781
1138.1490000000001	0.8999999999998636	trials	106	s106_J210615	grCe_grSu12Mi	9	270.0	2	1138.449	1138.749
1141.7830000000001	0.8999999999998636	trials	106	s106_J210615	grCe	1	135.0	2	1142.083	1142.383
1142.383	0.8999999999998636	trials	106	s106_J210615	grCe_grSu6CiNe_PS	19	225.0	2	1142.683	1142.983
1147.901	0.8999999999998636	trials	106	s106_J210615	grCe_grSu3Ne	5	90.0	2	1148.201	1148.5
1148.501	0.8999999999998636	trials	106	s106_J210615	grCe_grSu3Ne	5	135.0	2	1148.801	1149.1
1149.1090000000002	0.8999999999998636	trials	106	s106_J210615	grCe_grSu18Fa	11	135.0	2	1149.409	1149.709
1154.126	0.8999999999998636	trials	106	s106_J210615	grSu6Ne	6		2	1154.426	1154.726
1154.726	0.8999999999998636	trials	106	s106_J210615	grCe_grSu12SmCiNe	13	225.0	2	1155.026	1155.326
1155.327	0.8999999999998636	trials	106	s106_J210615	grCe_grSu1Ne	3	270.0	2	1155.627	1155.926
1160.727	0.8999999999998636	trials	106	s106_J210615	grSu6CiNe	14		2	1161.027	1161.327
1161.336	0.8999999999998636	trials	106	s106_J210615	grCe_grSu12Mi	9	180.0	2	1161.636	1161.935
1161.944	0.8999999999998636	trials	106	s106_J210615	grCe_grSu12Mi	9	135.0	2	1162.244	1162.544
1167.278	0.8999999999998636	trials	106	s106_J210615	grCe_grSu12Mi	9	0.0	2	1167.578	1167.878
1173.979	0.8999999999998636	trials	106	s106_J210615	grCe_grSu6CiNe	15	270.0	2	1174.279	1174.578
1185.047	0.8999999999998636	trials	106	s106_J210615	grCe_grSu1Ne	3	180.0	2	1185.347	1185.647
1185.689	0.8999999999998636	trials	106	s106_J210615	grCe_grSu1Ne	3	225.0	2	1185.989	1186.288
1186.289	0.8999999999998636	trials	106	s106_J210615	coCe	16	45.0	2	1186.589	1186.888
1197.357	0.8999999999998636	trials	106	s106_J210615	grCe_grSu6CiNe	15	180.0	2	1197.657	1197.957
1197.957	0.8999999999998636	trials	106	s106_J210615	grCe_grSu12SmCiNe	13	45.0	2	1198.257	1198.557
1198.557	0.8999999999998636	trials	106	s106_J210615	grCe_grSu6CiNe_PS	19	180.0	2	1198.857	1199.157
1226.036	0.8999999999998636	trials	106	s106_J210615	grCe_grSu12Mi	9	45.0	2	1226.336	1226.635
1229.8780000000002	0.8999999999998636	trials	106	s106_J210615	grCe_grSu18Fa	11	0.0	2	1230.178	1230.477
1230.478	0.8999999999998636	trials	106	s106_J210615	grCe_grSu1Ne	3	135.0	2	1230.778	1231.077
1236.887	0.8999999999998636	trials	106	s106_J210615	grCe_grSu6Ne	7	270.0	2	1237.187	1237.487
1237.487	0.8999999999998636	trials	106	s106_J210615	grCe_grSu6CiNe	15	135.0	2	1237.787	1238.087
1238.087	0.8999999999998636	trials	106	s106_J210615	grCe_grSu12SmCiNe_PS	21	135.0	2	1238.387	1238.687
1243.8210000000001	0.8999999999998636	trials	106	s106_J210615	grCe_grSu6Ne_PS	18	270.0	2	1244.121	1244.421
1244.421	0.8999999999998636	trials	106	s106_J210615	grCe_grSu12SmCiNe	13	90.0	2	1244.721	1245.021
1252.781	0.8999999999998636	trials	106	s106_J210615	grCe_grSu12SmCiNe_PS	21	270.0	2	1253.081	1253.38
1253.381	0.8999999999998636	trials	106	s106_J210615	grCe	1	225.0	2	1253.681	1253.98
1253.981	0.8999999999998636	trials	106	s106_J210615	grCe_grSu6CiNe_PS	19	45.0	2	1254.281	1254.581
1259.057	0.8999999999998636	trials	106	s106_J210615	grCe	1	270.0	2	1259.357	1259.656
1259.6570000000002	0.8999999999998636	trials	106	s106_J210615	grCe_grSu6CiNe	15	45.0	2	1259.957	1260.256
1260.257	0.8999999999998636	trials	106	s106_J210615	grCe_grSu3Ne	5	270.0	2	1260.557	1260.856
1265.241	0.8999999999998636	trials	106	s106_J210615	grCe_grSu1Ne	3	0.0	2	1265.541	1265.84
1265.858	0.8999999999998636	trials	106	s106_J210615	grCe_grSu6Ne	7	315.0	2	1266.158	1266.457
1266.458	0.8999999999998636	trials	106	s106_J210615	grCe_grSu6CiNe	15	315.0	2	1266.758	1267.057
1271.375	0.8999999999998636	trials	106	s106_J210615	grCe_grSu6CiNe_PS	19	135.0	2	1271.675	1271.974
1275.059	0.8999999999998636	trials	106	s106_J210615	grCe_grSu12Mi	9	225.0	2	1275.359	1275.658
1275.659	0.8999999999998636	trials	106	s106_J210615	grCe_grSu12SmCiNe_PS	21	90.0	2	1275.959	1276.258
1276.259	0.8999999999998636	trials	106	s106_J210615	coCe	16	90.0	2	1276.559	1276.858
1281.31	0.8999999999998636	trials	106	s106_J210615	grCe_grSu18Fa	11	180.0	2	1281.61	1281.909
1282.51	0.8999999999998636	trials	106	s106_J210615	coCe_grSu6Ne	17	225.0	2	1282.81	1283.109
1288.335	0.8999999999998636	trials	106	s106_J210615	grCe_grSu3Ne	5	315.0	2	1288.635	1288.935
1288.977	0.8999999999998636	trials	106	s106_J210615	grCe_grSu6Ne_PS	18	225.0	2	1289.277	1289.577
1294.036	0.8999999999998636	trials	106	s106_J210615	grCe_grSu6CiNe	15	90.0	2	1294.336	1294.636
1298.303	0.8999999999998636	trials	106	s106_J210615	grCe_grSu12SmCiNe	13	315.0	2	1298.603	1298.903
1298.903	0.8999999999998636	trials	106	s106_J210615	coCe	16	270.0	2	1299.203	1299.503
1307.546	0.8999999999998636	trials	106	s106_J210615	coCe	16	135.0	2	1307.846	1308.146
1314.172	0.8999999999998636	trials	106	s106_J210615	grCe_grSu12SmCiNe	13	270.0	2	1314.472	1314.772
1323.015	0.8999999999998636	trials	106	s106_J210615	grCe_grSu3Ne	5	0.0	2	1323.315	1323.614
1330.349	0.8999999999998636	trials	106	s106_J210615	grCe_grSu6Ne_PS	18	135.0	2	1330.649	1330.949
1334.442	0.8999999999998636	trials	106	s106_J210615	grCe_grSu12SmCiNe_PS	21	180.0	2	1334.742	1335.042
1335.0420000000001	0.8999999999998636	trials	106	s106_J210615	coCe	16	225.0	2	1335.342	1335.642
1340.71	0.8999999999998636	trials	106	s106_J210615	grCe_grSu12SmCiNe_PS	21	315.0	2	1341.01	1341.309
1341.31	0.8999999999998636	trials	106	s106_J210615	coCe_grSu6Ne	17	90.0	2	1341.61	1341.91
1341.91	0.8999999999998636	trials	106	s106_J210615	coSu6Ne	20		2	1342.21	1342.51
1347.0520000000001	0.8999999999998636	trials	106	s106_J210615	coCe_grSu6Ne	17	135.0	2	1347.352	1347.652
1347.652	0.8999999999998636	trials	106	s106_J210615	grCe_grSu3Ne	5	45.0	2	1347.952	1348.252
1348.2530000000002	0.8999999999998636	trials	106	s106_J210615	coCe_grSu6Ne	17	315.0	2	1348.553	1348.852
1353.178	0.8999999999998636	trials	106	s106_J210615	NoStim	0		2	1353.478	1353.778
1353.778	0.8999999999998636	trials	106	s106_J210615	grSu3Ne	4		2	1354.078	1354.378
1357.545	0.8999999999998636	trials	106	s106_J210615	grCe_grSu12SmCiNe	13	135.0	2	1357.845	1358.145
1361.063	0.8999999999998636	trials	106	s106_J210615	grCe_grSu6Ne	7	180.0	2	1361.363	1361.662
1372.214	0.8999999999998636	trials	106	s106_J210615	grCe_grSu6Ne	7	45.0	2	1372.514	1372.814
1372.8220000000001	0.8999999999998636	trials	106	s106_J210615	grCe_grSu18Fa	11	225.0	2	1373.122	1373.422
1378.4650000000001	0.8999999999998636	trials	106	s106_J210615	grCe_grSu6CiNe	15	225.0	2	1378.765	1379.064
1379.065	0.8999999999998636	trials	106	s106_J210615	grCe_grSu12SmCiNe_PS	21	225.0	2	1379.365	1379.664
1382.674	0.8999999999998636	trials	106	s106_J210615	grCe_grSu18Fa	11	270.0	2	1382.974	1383.273
1383.2740000000001	0.8999999999998636	trials	106	s106_J210615	grCe	1	90.0	2	1383.574	1383.873
1383.874	0.8999999999998636	trials	106	s106_J210615	grCe_grSu6CiNe_PS	19	0.0	2	1384.174	1384.473
1396.034	0.8999999999998636	trials	106	s106_J210615	grCe	1	0.0	2	1396.334	1396.633
1396.634	0.8999999999998636	trials	106	s106_J210615	coCe	16	180.0	2	1396.934	1397.233
1400.126	0.8999999999998636	trials	106	s106_J210615	coCe_grSu6Ne	17	0.0	2	1400.426	1400.725
1407.102	0.8999999999998636	trials	106	s106_J210615	grSu1Ne	2		2	1407.402	1407.701
1407.702	0.8999999999998636	trials	106	s106_J210615	grCe_grSu12SmCiNe	13	0.0	2	1408.002	1408.301
1408.327	0.8999999999998636	trials	106	s106_J210615	grSu6Ne	6		4	1408.627	1408.927
1417.086	0.8999999999998636	trials	106	s106_J210615	coCe	16	135.0	4	1417.386	1417.686
1423.396	0.8999999999998636	trials	106	s106_J210615	grCe_grSu6Ne_PS	18	0.0	4	1423.696	1423.995
1424.0040000000001	0.8999999999998636	trials	106	s106_J210615	grCe_grSu12SmCiNe	13	225.0	4	1424.304	1424.604
1424.604	0.8999999999998636	trials	106	s106_J210615	grCe_grSu12SmCiNe	13	90.0	4	1424.904	1425.204
1429.63	0.8999999999998636	trials	106	s106_J210615	grCe_grSu12SmCiNe	13	180.0	4	1429.93	1430.229
1433.747	0.8999999999998636	trials	106	s106_J210615	grCe_grSu6Ne	7	270.0	4	1434.047	1434.346
1437.064	0.8999999999998636	trials	106	s106_J210615	grCe_grSu12Mi	9	45.0	4	1437.364	1437.664
1437.664	0.8999999999998636	trials	106	s106_J210615	coCe	16	270.0	4	1437.964	1438.264
1438.2640000000001	0.8999999999998636	trials	106	s106_J210615	grCe_grSu6Ne	7	225.0	4	1438.564	1438.864
1447.1570000000002	0.8999999999998636	trials	106	s106_J210615	grCe_grSu12Mi	9	270.0	4	1447.457	1447.757
1447.757	0.8999999999998636	trials	106	s106_J210615	grCe_grSu3Ne	5	90.0	4	1448.057	1448.357
1448.366	0.8999999999998636	trials	106	s106_J210615	grCe_grSu12SmCiNe	13	135.0	4	1448.666	1448.965
1453.2740000000001	0.8999999999998636	trials	106	s106_J210615	grCe_grSu12SmCiNe_PS	21	90.0	4	1453.574	1453.874
1453.883	0.8999999999998636	trials	106	s106_J210615	grCe_grSu18Fa	11	180.0	4	1454.183	1454.482
1454.516	0.8999999999998636	trials	106	s106_J210615	grCe_grSu12SmCiNe	13	270.0	4	1454.816	1455.116
1459.634	0.8999999999998636	trials	106	s106_J210615	grSu3Ne	4		4	1459.934	1460.233
1460.2340000000002	0.8999999999998636	trials	106	s106_J210615	grSu6CiNe	14		4	1460.534	1460.833
1464.026	0.8999999999998636	trials	106	s106_J210615	grCe_grSu3Ne	5	270.0	4	1464.326	1464.625
1464.626	0.8999999999998636	trials	106	s106_J210615	grCe_grSu6CiNe	15	180.0	4	1464.926	1465.226
1465.226	0.8999999999998636	trials	106	s106_J210615	NoStim	0		4	1465.526	1465.826
1470.21	0.8999999999998636	trials	106	s106_J210615	grCe_grSu12Mi	9	180.0	4	1470.51	1470.81
1471.41	0.8999999999998636	trials	106	s106_J210615	grCe_grSu12SmCiNe_PS	21	0.0	4	1471.71	1472.01
1476.5610000000001	0.8999999999998636	trials	106	s106_J210615	coCe	16	90.0	4	1476.861	1477.16
1477.161	0.8999999999998636	trials	106	s106_J210615	grCe_grSu6CiNe	15	0.0	4	1477.461	1477.76
1482.695	0.8999999999998636	trials	106	s106_J210615	grCe_grSu6Ne	7	90.0	4	1482.995	1483.295
1483.303	0.8999999999998636	trials	106	s106_J210615	coCe_grSu6Ne	17	225.0	4	1483.603	1483.903
1488.6960000000001	0.8999999999998636	trials	106	s106_J210615	grCe_grSu18Fa	11	45.0	4	1488.996	1489.295
1489.296	0.8999999999998636	trials	106	s106_J210615	grCe_grSu6CiNe_PS	19	45.0	4	1489.596	1489.895
1489.896	0.8999999999998636	trials	106	s106_J210615	grSu12SmCiNe	12		4	1490.196	1490.495
1494.922	0.8999999999998636	trials	106	s106_J210615	grCe_grSu6CiNe	15	90.0	4	1495.222	1495.521
1496.122	0.8999999999998636	trials	106	s106_J210615	coCe	16	45.0	4	1496.422	1496.721
1501.156	0.8999999999998636	trials	106	s106_J210615	coCe	16	315.0	4	1501.456	1501.755
1504.798	0.8999999999998636	trials	106	s106_J210615	coCe_grSu6Ne	17	180.0	4	1505.098	1505.397
1505.44	0.8999999999998636	trials	106	s106_J210615	grCe_grSu6Ne_PS	18	90.0	4	1505.74	1506.039
1506.04	0.8999999999998636	trials	106	s106_J210615	grCe	1	0.0	4	1506.34	1506.639
1511.082	0.8999999999998636	trials	106	s106_J210615	grCe_grSu12SmCiNe_PS	21	135.0	4	1511.382	1511.682
1511.682	0.8999999999998636	trials	106	s106_J210615	grCe_grSu6CiNe_PS	19	270.0	4	1511.982	1512.282
1512.2820000000002	0.8999999999998636	trials	106	s106_J210615	grCe_grSu1Ne	3	225.0	4	1512.582	1512.882
1516.991	0.8999999999998636	trials	106	s106_J210615	grCe_grSu12SmCiNe	13	0.0	4	1517.291	1517.591
1520.492	0.8999999999998636	trials	106	s106_J210615	grCe	1	180.0	4	1520.792	1521.091
1521.1000000000001	0.8999999999998636	trials	106	s106_J210615	grCe_grSu12Mi	9	0.0	4	1521.4	1521.699
1530.951	0.8999999999998636	trials	106	s106_J210615	grCe_grSu12Mi	9	315.0	4	1531.251	1531.551
1531.5510000000002	0.8999999999998636	trials	106	s106_J210615	coCe_grSu6Ne	17	270.0	4	1531.851	1532.151
1532.151	0.8999999999998636	trials	106	s106_J210615	grCe_grSu3Ne	5	225.0	4	1532.451	1532.751
1540.2440000000001	0.8999999999998636	trials	106	s106_J210615	grCe_grSu3Ne	5	0.0	4	1540.544	1540.844
1541.453	0.8999999999998636	trials	106	s106_J210615	grCe_grSu6CiNe	15	135.0	4	1541.753	1542.052
1546.3780000000002	0.8999999999998636	trials	106	s106_J210615	coCe_grSu6Ne	17	315.0	4	1546.678	1546.978
1547.612	0.8999999999998636	trials	106	s106_J210615	grCe_grSu3Ne	5	135.0	4	1547.912	1548.211
1555.538	0.8999999999998636	trials	106	s106_J210615	grCe_grSu6Ne	7	180.0	4	1555.838	1556.137
1556.1380000000001	0.8999999999998636	trials	106	s106_J210615	grCe_grSu6CiNe	15	315.0	4	1556.438	1556.737
1556.738	0.8999999999998636	trials	106	s106_J210615	grCe_grSu3Ne	5	315.0	4	1557.038	1557.337
1561.664	0.8999999999998636	trials	106	s106_J210615	grCe_grSu3Ne	5	180.0	4	1561.964	1562.263
1562.2640000000001	0.8999999999998636	trials	106	s106_J210615	coCe	16	0.0	4	1562.564	1562.863
1562.864	0.8999999999998636	trials	106	s106_J210615	coCe	16	180.0	4	1563.164	1563.463
1571.0810000000001	0.8999999999998636	trials	106	s106_J210615	coSu6Ne	20		4	1571.381	1571.681
1571.681	0.8999999999998636	trials	106	s106_J210615	grCe_grSu6Ne	7	315.0	4	1571.981	1572.281
1579.049	0.8999999999998636	trials	106	s106_J210615	grCe_grSu12SmCiNe_PS	21	315.0	4	1579.349	1579.649
1579.6490000000001	0.8999999999998636	trials	106	s106_J210615	grCe	1	90.0	4	1579.949	1580.249
1584.925	0.8999999999998636	trials	106	s106_J210615	grCe_grSu12SmCiNe	13	315.0	4	1585.225	1585.524
1592.443	0.8999999999998636	trials	106	s106_J210615	grCe	1	315.0	4	1592.743	1593.042
1593.0430000000001	0.8999999999998636	trials	106	s106_J210615	grCe_grSu6CiNe_PS	19	0.0	4	1593.343	1593.642
1593.651	0.8999999999998636	trials	106	s106_J210615	grSu18Fa	10		4	1593.951	1594.251
1598.7350000000001	0.8999999999998636	trials	106	s106_J210615	grCe_grSu6Ne_PS	18	270.0	4	1599.035	1599.335
1599.343	0.8999999999998636	trials	106	s106_J210615	grCe_grSu12Mi	9	225.0	4	1599.643	1599.943
1606.1860000000001	0.8999999999998636	trials	106	s106_J210615	grCe_grSu18Fa	11	90.0	4	1606.486	1606.785
1611.195	0.8999999999998636	trials	106	s106_J210615	grCe_grSu6CiNe_PS	19	225.0	4	1611.495	1611.794
1611.803	0.8999999999998636	trials	106	s106_J210615	grCe_grSu18Fa	11	315.0	4	1612.103	1612.403
1612.403	0.8999999999998636	trials	106	s106_J210615	grCe_grSu12SmCiNe_PS	21	45.0	4	1612.703	1613.003
1620.5040000000001	0.8999999999998636	trials	106	s106_J210615	grSu12Mi	8		4	1620.804	1621.104
1621.105	0.8999999999998636	trials	106	s106_J210615	grCe	1	270.0	4	1621.405	1621.704
1621.7050000000002	0.8999999999998636	trials	106	s106_J210615	grCe_grSu12SmCiNe_PS	21	180.0	4	1622.005	1622.304
1627.805	0.8999999999998636	trials	106	s106_J210615	grCe_grSu6Ne_PS	18	45.0	4	1628.105	1628.405
1628.406	0.8999999999998636	trials	106	s106_J210615	grCe_grSu6CiNe	15	270.0	4	1628.706	1629.005
1633.506	0.8999999999998636	trials	106	s106_J210615	grCe_grSu18Fa	11	225.0	4	1633.806	1634.106
1634.106	0.8999999999998636	trials	106	s106_J210615	grCe	1	45.0	4	1634.406	1634.706
1634.7060000000001	0.8999999999998636	trials	106	s106_J210615	grCe_grSu12SmCiNe_PS	21	225.0	4	1635.006	1635.306
1640.007	0.8999999999998636	trials	106	s106_J210615	grCe_grSu6CiNe	15	225.0	4	1640.307	1640.607
1644.6490000000001	0.8999999999998636	trials	106	s106_J210615	grSu1Ne	2		4	1644.949	1645.249
1645.249	0.8999999999998636	trials	106	s106_J210615	grCe_grSu1Ne	3	270.0	4	1645.549	1645.849
1650.3	0.8999999999998636	trials	106	s106_J210615	grCe_grSu6Ne_PS	18	180.0	4	1650.6	1650.9
1654.076	0.8999999999998636	trials	106	s106_J210615	grCe_grSu6CiNe_PS	19	90.0	4	1654.376	1654.675
1654.6760000000002	0.8999999999998636	trials	106	s106_J210615	grCe_grSu3Ne	5	45.0	4	1654.976	1655.275
1655.276	0.8999999999998636	trials	106	s106_J210615	grCe_grSu6Ne	7	135.0	4	1655.576	1655.875
1660.268	0.8999999999998636	trials	106	s106_J210615	grCe_grSu1Ne	3	135.0	4	1660.568	1660.868
1661.468	0.8999999999998636	trials	106	s106_J210615	coCe	16	225.0	4	1661.768	1662.068
1666.46	0.8999999999998636	trials	106	s106_J210615	coCe_grSu6Ne	17	45.0	4	1666.76	1667.06
1667.0610000000001	0.8999999999998636	trials	106	s106_J210615	grCe_grSu6Ne	7	45.0	4	1667.361	1667.66
1667.661	0.8999999999998636	trials	106	s106_J210615	coCe_grSu6Ne	17	90.0	4	1667.961	1668.26
1672.57	0.8999999999998636	trials	106	s106_J210615	grCe_grSu12Mi	9	90.0	4	1672.87	1673.169
1673.17	0.8999999999998636	trials	106	s106_J210615	grCe_grSu6Ne_PS	18	135.0	4	1673.47	1673.769
1673.77	0.8999999999998636	trials	106	s106_J210615	grCe_grSu6CiNe	15	45.0	4	1674.07	1674.369
1678.787	0.8999999999998636	trials	106	s106_J210615	grCe_grSu12SmCiNe	13	45.0	4	1679.087	1679.387
1679.395	0.8999999999998636	trials	106	s106_J210615	grCe_grSu18Fa	11	135.0	4	1679.695	1679.995
1679.996	0.8999999999998636	trials	106	s106_J210615	grCe_grSu6CiNe_PS	19	315.0	4	1680.296	1680.595
1688.847	0.8999999999998636	trials	106	s106_J210615	grCe_grSu1Ne	3	45.0	4	1689.147	1689.446
1698.3400000000001	0.8999999999998636	trials	106	s106_J210615	coCe_grSu6Ne	17	135.0	4	1698.64	1698.939
1702.5900000000001	0.8999999999998636	trials	106	s106_J210615	grCe_grSu18Fa	11	0.0	4	1702.89	1703.19
1703.24	0.8999999999998636	trials	106	s106_J210615	grCe_grSu6CiNe_PS	19	135.0	4	1703.54	1703.84
1703.8400000000001	0.8999999999998636	trials	106	s106_J210615	grCe_grSu6Ne_PS	18	315.0	4	1704.14	1704.44
1711.95	0.8999999999998636	trials	106	s106_J210615	grCe_grSu18Fa	11	270.0	4	1712.25	1712.549
1713.15	0.8999999999998636	trials	106	s106_J210615	grCe_grSu6Ne	7	0.0	4	1713.45	1713.749
1718.1670000000001	0.8999999999998636	trials	106	s106_J210615	grCe_grSu1Ne	3	90.0	4	1718.467	1718.767
1718.767	0.8999999999998636	trials	106	s106_J210615	grCe_grSu6CiNe_PS	19	180.0	4	1719.067	1719.367
1724.326	0.8999999999998636	trials	106	s106_J210615	grCe_grSu6Ne_PS	18	225.0	4	1724.626	1724.926
1730.452	0.8999999999998636	trials	106	s106_J210615	grCe_grSu1Ne	3	315.0	4	1730.752	1731.052
1731.0520000000001	0.8999999999998636	trials	106	s106_J210615	coCe_grSu6Ne	17	0.0	4	1731.352	1731.652
1731.652	0.8999999999998636	trials	106	s106_J210615	grCe_grSu1Ne	3	0.0	4	1731.952	1732.252
1737.195	0.8999999999998636	trials	106	s106_J210615	grCe_grSu1Ne	3	180.0	4	1737.495	1737.794
1737.803	0.8999999999998636	trials	106	s106_J210615	grCe_grSu12Mi	9	135.0	4	1738.103	1738.403
1745.9370000000001	0.8999999999998636	trials	106	s106_J210615	grCe_grSu12SmCiNe_PS	21	270.0	4	1746.237	1746.537
1746.537	0.8999999999998636	trials	106	s106_J210615	grCe	1	135.0	4	1746.837	1747.137
1747.1380000000001	0.8999999999998636	trials	106	s106_J210615	grCe	1	225.0	4	1747.438	1747.737
1753.005	0.8999999999998636	trials	106	s106_J210615	grCe_grSu6Ne_PS	18	135.0	1	1753.305	1753.605
1753.613	0.8999999999998636	trials	106	s106_J210615	grCe_grSu6Ne	7	315.0	1	1753.913	1754.213
1758.681	0.8999999999998636	trials	106	s106_J210615	coCe_grSu6Ne	17	270.0	1	1758.981	1759.28
1759.289	0.8999999999998636	trials	106	s106_J210615	grCe_grSu12Mi	9	315.0	1	1759.589	1759.889
1764.9650000000001	0.8999999999998636	trials	106	s106_J210615	grCe_grSu3Ne	5	90.0	1	1765.265	1765.564
1768.632	0.8999999999998636	trials	106	s106_J210615	grCe_grSu12SmCiNe_PS	21	270.0	1	1768.932	1769.232
1769.8410000000001	0.8999999999998636	trials	106	s106_J210615	grCe_grSu6CiNe	15	180.0	1	1770.141	1770.44
1781.3590000000002	0.8999999999998636	trials	106	s106_J210615	grCe_grSu6Ne_PS	18	90.0	1	1781.659	1781.958
1781.959	0.8999999999998636	trials	106	s106_J210615	grCe_grSu12SmCiNe	13	315.0	1	1782.259	1782.558
1787.618	0.8999999999998636	trials	106	s106_J210615	grCe_grSu12SmCiNe	13	45.0	1	1787.918	1788.217
1788.218	0.8999999999998636	trials	106	s106_J210615	grCe_grSu12SmCiNe_PS	21	90.0	1	1788.518	1788.817
1794.777	0.8999999999998636	trials	106	s106_J210615	grCe_grSu1Ne	3	225.0	1	1795.077	1795.377
1795.385	0.8999999999998636	trials	106	s106_J210615	grCe_grSu12Mi	9	180.0	1	1795.685	1795.985
1795.986	0.8999999999998636	trials	106	s106_J210615	grCe_grSu12SmCiNe_PS	21	315.0	1	1796.286	1796.585
1804.137	0.8999999999998636	trials	106	s106_J210615	grCe_grSu6CiNe	15	90.0	1	1804.437	1804.736
1804.737	0.8999999999998636	trials	106	s106_J210615	grCe	1	270.0	1	1805.037	1805.336
1805.362	0.8999999999998636	trials	106	s106_J210615	grCe_grSu6Ne	7	135.0	1	1805.662	1805.961
1810.246	0.8999999999998636	trials	106	s106_J210615	grCe_grSu3Ne	5	0.0	1	1810.546	1810.845
1810.854	0.8999999999998636	trials	106	s106_J210615	grCe_grSu18Fa	11	270.0	1	1811.154	1811.454
1811.454	0.8999999999998636	trials	106	s106_J210615	coSu6Ne	20		1	1811.754	1812.054
1816.497	0.8999999999998636	trials	106	s106_J210615	grCe	1	90.0	1	1816.797	1817.096
1820.0720000000001	0.8999999999998636	trials	106	s106_J210615	coCe_grSu6Ne	17	0.0	1	1820.372	1820.672
1820.672	0.8999999999998636	trials	106	s106_J210615	grCe	1	135.0	1	1820.972	1821.272
1821.272	0.8999999999998636	trials	106	s106_J210615	grCe_grSu3Ne	5	180.0	1	1821.572	1821.872
1826.2640000000001	0.8999999999998636	trials	106	s106_J210615	grCe_grSu6Ne	7	225.0	1	1826.564	1826.864
1826.873	0.8999999999998636	trials	106	s106_J210615	grCe_grSu6CiNe	15	315.0	1	1827.173	1827.472
1827.481	0.8999999999998636	trials	106	s106_J210615	grSu12Mi	8		1	1827.781	1828.081
1838.608	0.8999999999998636	trials	106	s106_J210615	grCe_grSu3Ne	5	315.0	1	1838.908	1839.207
1839.208	0.8999999999998636	trials	106	s106_J210615	coCe	16	315.0	1	1839.508	1839.807
1839.808	0.8999999999998636	trials	106	s106_J210615	grCe_grSu6Ne	7	45.0	1	1840.108	1840.407
1844.7920000000001	0.8999999999998636	trials	106	s106_J210615	grCe_grSu6CiNe_PS	19	0.0	1	1845.092	1845.391
1845.392	0.8999999999998636	trials	106	s106_J210615	grCe	1	45.0	1	1845.692	1845.992
1848.892	0.8999999999998636	trials	106	s106_J210615	grCe_grSu6CiNe_PS	19	315.0	1	1849.192	1849.492
1849.493	0.8999999999998636	trials	106	s106_J210615	grCe_grSu12SmCiNe_PS	21	45.0	1	1849.793	1850.092
1855.277	0.8999999999998636	trials	106	s106_J210615	grCe_grSu18Fa	11	135.0	1	1855.577	1855.876
1855.877	0.8999999999998636	trials	106	s106_J210615	grSu12SmCiNe	12		1	1856.177	1856.476
1861.511	0.8999999999998636	trials	106	s106_J210615	grCe_grSu12Mi	9	90.0	1	1861.811	1862.11
1862.111	0.8999999999998636	trials	106	s106_J210615	coCe_grSu6Ne	17	45.0	1	1862.411	1862.71
1862.711	0.8999999999998636	trials	106	s106_J210615	grCe_grSu1Ne	3	135.0	1	1863.011	1863.31
1867.962	0.8999999999998636	trials	106	s106_J210615	grCe_grSu18Fa	11	45.0	1	1868.262	1868.561
1868.5620000000001	0.8999999999998636	trials	106	s106_J210615	grSu6CiNe	14		1	1868.862	1869.161
1872.195	0.8999999999998636	trials	106	s106_J210615	grCe	1	225.0	1	1872.495	1872.795
1875.896	0.8999999999998636	trials	106	s106_J210615	grCe_grSu1Ne	3	270.0	1	1876.196	1876.495
1879.488	0.8999999999998636	trials	106	s106_J210615	grSu6Ne	6		1	1879.788	1880.088
1880.088	0.8999999999998636	trials	106	s106_J210615	grCe_grSu3Ne	5	45.0	1	1880.388	1880.688
1880.6970000000001	0.8999999999998636	trials	106	s106_J210615	grCe_grSu18Fa	11	180.0	1	1880.997	1881.296
1889.748	0.8999999999998636	trials	106	s106_J210615	grCe_grSu6CiNe_PS	19	270.0	1	1890.048	1890.347
1893.682	0.8999999999998636	trials	106	s106_J210615	grCe_grSu6CiNe	15	270.0	1	1893.982	1894.281
1894.29	0.8999999999998636	trials	106	s106_J210615	coCe_grSu6Ne	17	135.0	1	1894.59	1894.89
1900.357	0.8999999999998636	trials	106	s106_J210615	grCe_grSu6Ne_PS	18	225.0	1	1900.657	1900.957
1900.9660000000001	0.8999999999998636	trials	106	s106_J210615	grCe_grSu6CiNe	15	135.0	1	1901.266	1901.565
1906.433	0.8999999999998636	trials	106	s106_J210615	coCe	16	270.0	1	1906.733	1907.033
1907.0330000000001	0.8999999999998636	trials	106	s106_J210615	grCe_grSu12SmCiNe	13	180.0	1	1907.333	1907.633
1907.633	0.8999999999998636	trials	106	s106_J210615	grCe_grSu12SmCiNe_PS	21	135.0	1	1907.933	1908.233
1917.0510000000002	0.8999999999998636	trials	106	s106_J210615	grCe_grSu12SmCiNe	13	225.0	1	1917.351	1917.651
1926.0610000000001	0.8999999999998636	trials	106	s106_J210615	grCe_grSu6Ne_PS	18	45.0	1	1926.361	1926.66
1926.661	0.8999999999998636	trials	106	s106_J210615	grCe_grSu12SmCiNe_PS	21	0.0	1	1926.961	1927.26
1927.261	0.8999999999998636	trials	106	s106_J210615	coCe_grSu6Ne	17	90.0	1	1927.561	1927.86
1932.07	0.8999999999998636	trials	106	s106_J210615	coCe	16	225.0	1	1932.37	1932.669
1932.67	0.8999999999998636	trials	106	s106_J210615	grCe_grSu3Ne	5	270.0	1	1932.97	1933.269
1933.27	0.8999999999998636	trials	106	s106_J210615	coCe_grSu6Ne	17	180.0	1	1933.57	1933.87
1944.647	0.8999999999998636	trials	106	s106_J210615	coCe	16	180.0	1	1944.947	1945.246
1945.247	0.8999999999998636	trials	106	s106_J210615	grCe_grSu6Ne_PS	18	180.0	1	1945.547	1945.846
1945.847	0.8999999999998636	trials	106	s106_J210615	grCe_grSu1Ne	3	0.0	1	1946.147	1946.446
1951.114	0.8999999999998636	trials	106	s106_J210615	grCe_grSu12Mi	9	135.0	1	1951.414	1951.714
1957.29	0.8999999999998636	trials	106	s106_J210615	NoStim	0		1	1957.59	1957.889
1957.8980000000001	0.8999999999998636	trials	106	s106_J210615	grCe_grSu12Mi	9	270.0	1	1958.198	1958.498
1958.498	0.8999999999998636	trials	106	s106_J210615	grCe_grSu6CiNe	15	225.0	1	1958.798	1959.098
1963.449	0.8999999999998636	trials	106	s106_J210615	grCe_grSu12SmCiNe_PS	21	225.0	1	1963.749	1964.048
1964.666	0.8999999999998636	trials	106	s106_J210615	grCe_grSu18Fa	11	225.0	1	1964.966	1965.265
1972.909	0.8999999999998636	trials	106	s106_J210615	grCe_grSu12SmCiNe	13	135.0	1	1973.209	1973.508
1973.509	0.8999999999998636	trials	106	s106_J210615	coCe_grSu6Ne	17	315.0	1	1973.809	1974.108
1974.1090000000002	0.8999999999998636	trials	106	s106_J210615	grCe_grSu12SmCiNe_PS	21	180.0	1	1974.409	1974.708
1982.193	0.8999999999998636	trials	106	s106_J210615	grCe_grSu18Fa	11	0.0	1	1982.493	1982.793
1982.7930000000001	0.8999999999998636	trials	106	s106_J210615	grSu1Ne	2		1	1983.093	1983.393
1983.393	0.8999999999998636	trials	106	s106_J210615	grCe_grSu12SmCiNe	13	270.0	1	1983.693	1983.993
1988.361	0.8999999999998636	trials	106	s106_J210615	grCe_grSu6CiNe	15	0.0	1	1988.661	1988.96
1988.961	0.8999999999998636	trials	106	s106_J210615	grCe_grSu6CiNe	15	45.0	1	1989.261	1989.56
1989.5610000000001	0.8999999999998636	trials	106	s106_J210615	grCe_grSu6Ne_PS	18	270.0	1	1989.861	1990.16
1994.595	0.8999999999998636	trials	106	s106_J210615	grCe_grSu12SmCiNe	13	0.0	1	1994.895	1995.194
1995.795	0.8999999999998636	trials	106	s106_J210615	coCe	16	0.0	1	1996.095	1996.394
2000.77	0.8999999999998636	trials	106	s106_J210615	grCe_grSu18Fa	11	90.0	1	2001.07	2001.37
2005.563	0.8999999999998636	trials	106	s106_J210615	grCe_grSu6CiNe_PS	19	45.0	1	2005.863	2006.162
2006.7630000000001	0.8999999999998636	trials	106	s106_J210615	grCe	1	180.0	1	2007.063	2007.362
2011.739	0.8999999999998636	trials	106	s106_J210615	grCe_grSu6Ne_PS	18	315.0	1	2012.039	2012.338
2012.339	0.8999999999998636	trials	106	s106_J210615	grCe_grSu6Ne	7	90.0	1	2012.639	2012.938
2012.9470000000001	0.8999999999998636	trials	106	s106_J210615	grCe_grSu12Mi	9	0.0	1	2013.247	2013.547
2017.964	0.8999999999998636	trials	106	s106_J210615	grCe_grSu6CiNe_PS	19	90.0	1	2018.264	2018.564
2018.573	0.8999999999998636	trials	106	s106_J210615	grSu18Fa	10		1	2018.873	2019.172
2019.173	0.8999999999998636	trials	106	s106_J210615	grCe	1	315.0	1	2019.473	2019.772
2031.5240000000001	0.8999999999998636	trials	106	s106_J210615	grCe_grSu6Ne	7	270.0	1	2031.824	2032.124
2032.125	0.8999999999998636	trials	106	s106_J210615	grCe_grSu6CiNe_PS	19	225.0	1	2032.425	2032.724
2044.226	0.8999999999998636	trials	106	s106_J210615	grCe_grSu6CiNe_PS	19	135.0	1	2044.526	2044.826
2048.185	0.900000000000091	trials	106	s106_J210615	grCe_grSu6CiNe_PS	19	180.0	1	2048.485	2048.784
2048.785	0.900000000000091	trials	106	s106_J210615	grSu3Ne	4		1	2049.085	2049.385
2049.393	0.900000000000091	trials	106	s106_J210615	grCe_grSu6Ne	7	180.0	1	2049.693	2049.993
2057.9449999999997	0.900000000000091	trials	106	s106_J210615	grCe_grSu1Ne	3	45.0	1	2058.245	2058.544
2058.5449999999996	0.900000000000091	trials	106	s106_J210615	grCe_grSu6Ne_PS	18	0.0	1	2058.845	2059.144
2059.145	0.900000000000091	trials	106	s106_J210615	grCe_grSu3Ne	5	225.0	1	2059.445	2059.744
2067.479	0.900000000000091	trials	106	s106_J210615	grCe_grSu3Ne	5	135.0	1	2067.779	2068.079
2071.046	0.900000000000091	trials	106	s106_J210615	coCe	16	135.0	1	2071.346	2071.646
2077.2889999999998	0.900000000000091	trials	106	s106_J210615	grCe_grSu1Ne	3	90.0	1	2077.589	2077.888
2083.4809999999998	0.900000000000091	trials	106	s106_J210615	grCe_grSu12SmCiNe	13	90.0	1	2083.781	2084.081
2084.0809999999997	0.900000000000091	trials	106	s106_J210615	coCe	16	45.0	1	2084.381	2084.681
2089.807	0.900000000000091	trials	106	s106_J210615	grCe_grSu18Fa	11	315.0	1	2090.107	2090.407
2090.4069999999997	0.900000000000091	trials	106	s106_J210615	coCe	16	90.0	1	2090.707	2091.007
2091.0069999999996	0.900000000000091	trials	106	s106_J210615	grCe_grSu6Ne	7	0.0	1	2091.307	2091.607
2096.158	0.900000000000091	trials	106	s106_J210615	coCe_grSu6Ne	17	225.0	1	2096.458	2096.757
2096.7659999999996	0.900000000000091	trials	106	s106_J210615	grCe_grSu12Mi	9	225.0	1	2097.066	2097.366
2102.3669999999997	0.900000000000091	trials	106	s106_J210615	grCe_grSu12Mi	9	45.0	1	2102.667	2102.966
2102.9669999999996	0.900000000000091	trials	106	s106_J210615	grCe	1	0.0	1	2103.267	2103.567
2106.6259999999997	0.900000000000091	trials	106	s106_J210615	grCe_grSu1Ne	3	180.0	1	2106.926	2107.225
2107.2259999999997	0.900000000000091	trials	106	s106_J210615	grCe_grSu1Ne	3	315.0	1	2107.526	2107.825
2107.826	0.900000000000091	trials	106	s106_J210615	grCe	1	90.0	9	2108.126	2108.426
2119.6189999999997	0.900000000000091	trials	106	s106_J210615	grCe_grSu3Ne	5	315.0	9	2119.919	2120.219
2120.819	0.900000000000091	trials	106	s106_J210615	grCe	1	45.0	9	2121.119	2121.419
2126.0119999999997	0.900000000000091	trials	106	s106_J210615	grCe_grSu12SmCiNe	13	225.0	9	2126.312	2126.611
2126.6119999999996	0.900000000000091	trials	106	s106_J210615	grCe_grSu12SmCiNe_PS	21	0.0	9	2126.912	2127.211
2132.1209999999996	0.900000000000091	trials	106	s106_J210615	coCe	16	270.0	9	2132.421	2132.72
2132.721	0.900000000000091	trials	106	s106_J210615	coCe	16	225.0	9	2133.021	2133.32
2133.3289999999997	0.900000000000091	trials	106	s106_J210615	grCe_grSu18Fa	11	180.0	9	2133.629	2133.929
2138.288	0.900000000000091	trials	106	s106_J210615	grCe_grSu12Mi	9	45.0	9	2138.588	2138.888
2138.888	0.900000000000091	trials	106	s106_J210615	coCe_grSu6Ne	17	315.0	9	2139.188	2139.488
2144.281	0.900000000000091	trials	106	s106_J210615	grCe_grSu12SmCiNe	13	0.0	9	2144.581	2144.88
2144.881	0.900000000000091	trials	106	s106_J210615	grCe_grSu6Ne_PS	18	0.0	9	2145.181	2145.48
2150.482	0.900000000000091	trials	106	s106_J210615	grCe_grSu18Fa	11	315.0	9	2150.782	2151.081
2158.0159999999996	0.900000000000091	trials	106	s106_J210615	grCe_grSu3Ne	5	180.0	9	2158.316	2158.615
2159.216	0.900000000000091	trials	106	s106_J210615	grCe	1	270.0	9	2159.516	2159.816
2164.192	0.900000000000091	trials	106	s106_J210615	grCe_grSu6Ne_PS	18	45.0	9	2164.492	2164.791
2164.792	0.900000000000091	trials	106	s106_J210615	grCe_grSu6CiNe_PS	19	315.0	9	2165.092	2165.391
2165.392	0.900000000000091	trials	106	s106_J210615	coCe	16	0.0	9	2165.692	2165.991
2170.301	0.900000000000091	trials	106	s106_J210615	grSu12SmCiNe	12		9	2170.601	2170.9
2170.901	0.900000000000091	trials	106	s106_J210615	grCe_grSu12SmCiNe_PS	21	225.0	9	2171.201	2171.5
2171.5339999999997	0.900000000000091	trials	106	s106_J210615	coCe	16	135.0	9	2171.834	2172.134
2177.16	0.900000000000091	trials	106	s106_J210615	grCe_grSu1Ne	3	135.0	9	2177.46	2177.76
2177.7599999999998	0.900000000000091	trials	106	s106_J210615	grCe_grSu1Ne	3	315.0	9	2178.06	2178.36
2182.769	0.900000000000091	trials	106	s106_J210615	grCe_grSu12SmCiNe_PS	21	270.0	9	2183.069	2183.369
2186.4779999999996	0.900000000000091	trials	106	s106_J210615	grCe_grSu6Ne_PS	18	90.0	9	2186.778	2187.077
2187.078	0.900000000000091	trials	106	s106_J210615	coCe_grSu6Ne	17	135.0	9	2187.378	2187.677
2187.678	0.900000000000091	trials	106	s106_J210615	grCe_grSu6CiNe_PS	19	0.0	9	2187.978	2188.278
2195.7459999999996	0.900000000000091	trials	106	s106_J210615	grCe_grSu1Ne	3	45.0	9	2196.046	2196.345
2196.354	0.900000000000091	trials	106	s106_J210615	grSu12Mi	8		9	2196.654	2196.954
2196.9539999999997	0.900000000000091	trials	106	s106_J210615	grCe_grSu6CiNe	15	225.0	9	2197.254	2197.554
2201.7549999999997	0.900000000000091	trials	106	s106_J210615	grCe_grSu6CiNe	15	315.0	9	2202.055	2202.354
2202.355	0.900000000000091	trials	106	s106_J210615	NoStim	0		9	2202.655	2202.954
2202.955	0.900000000000091	trials	106	s106_J210615	coCe	16	315.0	9	2203.255	2203.555
2207.922	0.900000000000091	trials	106	s106_J210615	coCe	16	180.0	9	2208.222	2208.522
2208.522	0.900000000000091	trials	106	s106_J210615	grSu6CiNe	14		9	2208.822	2209.122
2209.1389999999997	0.900000000000091	trials	106	s106_J210615	grCe_grSu1Ne	3	90.0	9	2209.439	2209.739
2217.0069999999996	0.900000000000091	trials	106	s106_J210615	grCe_grSu12SmCiNe	13	135.0	9	2217.307	2217.606
2217.607	0.900000000000091	trials	106	s106_J210615	grCe_grSu12SmCiNe	13	180.0	9	2217.907	2218.206
2218.207	0.900000000000091	trials	106	s106_J210615	grCe_grSu6CiNe_PS	19	135.0	9	2218.507	2218.807
2223.174	0.900000000000091	trials	106	s106_J210615	grCe_grSu6CiNe_PS	19	45.0	9	2223.474	2223.774
2223.783	0.900000000000091	trials	106	s106_J210615	grCe_grSu18Fa	11	45.0	9	2224.083	2224.382
2224.383	0.900000000000091	trials	106	s106_J210615	grCe_grSu3Ne	5	270.0	9	2224.683	2224.982
2229.433	0.900000000000091	trials	106	s106_J210615	coCe_grSu6Ne	17	270.0	9	2229.733	2230.033
2230.033	0.900000000000091	trials	106	s106_J210615	grCe_grSu12SmCiNe_PS	21	90.0	9	2230.333	2230.633
2230.634	0.900000000000091	trials	106	s106_J210615	grCe_grSu6Ne_PS	18	225.0	9	2230.934	2231.233
2243.002	0.900000000000091	trials	106	s106_J210615	grCe_grSu12Mi	9	90.0	9	2243.302	2243.601
2246.761	0.900000000000091	trials	106	s106_J210615	grCe_grSu18Fa	11	90.0	9	2247.061	2247.36
2254.0029999999997	0.900000000000091	trials	106	s106_J210615	grCe_grSu12SmCiNe	13	270.0	9	2254.303	2254.603
2258.1699999999996	0.900000000000091	trials	106	s106_J210615	coCe	16	45.0	9	2258.47	2258.77
2258.7709999999997	0.900000000000091	trials	106	s106_J210615	coCe_grSu6Ne	17	45.0	9	2259.071	2259.37
2263.9379999999996	0.900000000000091	trials	106	s106_J210615	coCe_grSu6Ne	17	0.0	9	2264.238	2264.537
2268.605	0.900000000000091	trials	106	s106_J210615	grCe_grSu6Ne	7	135.0	9	2268.905	2269.205
2273.672	0.900000000000091	trials	106	s106_J210615	grCe_grSu18Fa	11	270.0	9	2273.972	2274.272
2274.2729999999997	0.900000000000091	trials	106	s106_J210615	grCe_grSu6CiNe_PS	19	180.0	9	2274.573	2274.872
2280.1319999999996	0.900000000000091	trials	106	s106_J210615	grCe_grSu18Fa	11	135.0	9	2280.432	2280.731
2286.658	0.900000000000091	trials	106	s106_J210615	grCe_grSu12Mi	9	180.0	9	2286.958	2287.257
2287.2659999999996	0.900000000000091	trials	106	s106_J210615	grCe_grSu3Ne	5	135.0	9	2287.566	2287.865
2287.866	0.900000000000091	trials	106	s106_J210615	grCe_grSu1Ne	3	225.0	9	2288.166	2288.466
2292.917	0.900000000000091	trials	106	s106_J210615	grCe_grSu6CiNe	15	180.0	9	2293.217	2293.516
2293.517	0.900000000000091	trials	106	s106_J210615	grCe_grSu6Ne_PS	18	135.0	9	2293.817	2294.116
2294.1169999999997	0.900000000000091	trials	106	s106_J210615	grCe_grSu3Ne	5	90.0	9	2294.417	2294.716
2299.151	0.900000000000091	trials	106	s106_J210615	grCe_grSu12SmCiNe_PS	21	45.0	9	2299.451	2299.75
2303.776	0.900000000000091	trials	106	s106_J210615	grCe_grSu6Ne	7	225.0	9	2304.076	2304.376
2308.019	0.900000000000091	trials	106	s106_J210615	grCe_grSu6Ne_PS	18	270.0	9	2308.319	2308.618
2308.6189999999997	0.900000000000091	trials	106	s106_J210615	grCe_grSu6Ne_PS	18	180.0	9	2308.919	2309.218
2313.636	0.900000000000091	trials	106	s106_J210615	coCe_grSu6Ne	17	90.0	9	2313.936	2314.236
2314.836	0.900000000000091	trials	106	s106_J210615	grCe_grSu6Ne	7	180.0	9	2315.136	2315.436
2320.412	0.900000000000091	trials	106	s106_J210615	grCe_grSu6CiNe	15	45.0	9	2320.712	2321.011
2321.02	0.900000000000091	trials	106	s106_J210615	grCe_grSu18Fa	11	225.0	9	2321.32	2321.62
2329.5049999999997	0.900000000000091	trials	106	s106_J210615	grCe_grSu3Ne	5	45.0	9	2329.805	2330.104
2330.863	0.900000000000091	trials	106	s106_J210615	grCe_grSu12Mi	9	0.0	9	2331.163	2331.463
2335.8219999999997	0.900000000000091	trials	106	s106_J210615	grCe_grSu6CiNe_PS	19	90.0	9	2336.122	2336.422
2336.5389999999998	0.900000000000091	trials	106	s106_J210615	grCe_grSu12SmCiNe	13	315.0	9	2336.839	2337.139
2337.1389999999997	0.900000000000091	trials	106	s106_J210615	grSu6Ne	6		9	2337.439	2337.739
2342.2149999999997	0.900000000000091	trials	106	s106_J210615	grSu3Ne	4		9	2342.515	2342.814
2346.0649999999996	0.900000000000091	trials	106	s106_J210615	grCe	1	0.0	9	2346.365	2346.665
2346.665	0.900000000000091	trials	106	s106_J210615	grCe_grSu12SmCiNe_PS	21	135.0	9	2346.965	2347.265
2347.265	0.900000000000091	trials	106	s106_J210615	grCe	1	180.0	9	2347.565	2347.865
2355.716	0.900000000000091	trials	106	s106_J210615	coCe_grSu6Ne	17	180.0	9	2356.016	2356.316
2356.317	0.900000000000091	trials	106	s106_J210615	grCe_grSu3Ne	5	0.0	9	2356.617	2356.916
2356.917	0.900000000000091	trials	106	s106_J210615	grCe_grSu6Ne	7	270.0	9	2357.217	2357.516
2361.9759999999997	0.900000000000091	trials	106	s106_J210615	grCe	1	225.0	9	2362.276	2362.575
2372.71	0.900000000000091	trials	106	s106_J210615	grCe_grSu3Ne	5	225.0	9	2373.01	2373.31
2379.5449999999996	0.900000000000091	trials	106	s106_J210615	grCe_grSu6CiNe_PS	19	225.0	9	2379.845	2380.144
2380.145	0.900000000000091	trials	106	s106_J210615	grCe_grSu6Ne_PS	18	315.0	9	2380.445	2380.744
2380.745	0.900000000000091	trials	106	s106_J210615	coCe	16	90.0	9	2381.045	2381.344
2385.7949999999996	0.900000000000091	trials	106	s106_J210615	grCe_grSu1Ne	3	0.0	9	2386.095	2386.395
2386.395	0.900000000000091	trials	106	s106_J210615	grCe_grSu12SmCiNe_PS	21	180.0	9	2386.695	2386.995
2386.9959999999996	0.900000000000091	trials	106	s106_J210615	coCe_grSu6Ne	17	225.0	9	2387.296	2387.595
2391.863	0.900000000000091	trials	106	s106_J210615	grCe_grSu12SmCiNe_PS	21	315.0	9	2392.163	2392.462
2392.4629999999997	0.900000000000091	trials	106	s106_J210615	grCe_grSu6CiNe	15	270.0	9	2392.763	2393.062
2398.022	0.900000000000091	trials	106	s106_J210615	grCe_grSu6Ne	7	0.0	9	2398.322	2398.621
2398.622	0.900000000000091	trials	106	s106_J210615	grCe	1	135.0	9	2398.922	2399.222
2399.2219999999998	0.900000000000091	trials	106	s106_J210615	grCe	1	315.0	9	2399.522	2399.822
2404.2729999999997	0.900000000000091	trials	106	s106_J210615	grSu18Fa	10		9	2404.573	2404.872
2405.473	0.900000000000091	trials	106	s106_J210615	grCe_grSu6Ne	7	90.0	9	2405.773	2406.072
2416.616	0.900000000000091	trials	106	s106_J210615	grCe_grSu12Mi	9	270.0	9	2416.916	2417.216
2417.2239999999997	0.900000000000091	trials	106	s106_J210615	grCe_grSu6CiNe	15	135.0	9	2417.524	2417.824
2417.825	0.900000000000091	trials	106	s106_J210615	grCe_grSu1Ne	3	270.0	9	2418.125	2418.424
2423.384	0.900000000000091	trials	106	s106_J210615	grCe_grSu6CiNe	15	90.0	9	2423.684	2423.983
2428.9759999999997	0.900000000000091	trials	106	s106_J210615	grCe_grSu12Mi	9	135.0	9	2429.276	2429.575
2429.576	0.900000000000091	trials	106	s106_J210615	coSu6Ne	20		9	2429.876	2430.176
2441.8109999999997	0.900000000000091	trials	106	s106_J210615	grCe_grSu18Fa	11	0.0	9	2442.111	2442.41
2442.419	0.900000000000091	trials	106	s106_J210615	grCe_grSu12Mi	9	225.0	9	2442.719	2443.019
2443.019	0.900000000000091	trials	106	s106_J210615	grCe_grSu1Ne	3	180.0	9	2443.319	2443.619
2447.9869999999996	0.900000000000091	trials	106	s106_J210615	grSu1Ne	2		9	2448.287	2448.586
2448.587	0.900000000000091	trials	106	s106_J210615	grCe_grSu6CiNe_PS	19	270.0	9	2448.887	2449.186
2449.1949999999997	0.900000000000091	trials	106	s106_J210615	grCe_grSu12Mi	9	315.0	9	2449.495	2449.795
2454.879	0.900000000000091	trials	106	s106_J210615	grCe_grSu6Ne	7	315.0	9	2455.179	2455.479
2455.479	0.900000000000091	trials	106	s106_J210615	grCe_grSu6Ne	7	45.0	9	2455.779	2456.079
2460.605	0.900000000000091	trials	106	s106_J210615	grCe_grSu12SmCiNe	13	90.0	9	2460.905	2461.205
2461.2219999999998	0.900000000000091	trials	106	s106_J210615	grCe_grSu6CiNe	15	0.0	9	2461.522	2461.821
2461.8219999999997	0.900000000000091	trials	106	s106_J210615	grCe_grSu12SmCiNe	13	45.0	9	2462.122	2462.421
2469.7479999999996	0.900000000000091	trials	106	s106_J210615	grCe_grSu6Ne_PS	18	180.0	3	2470.048	2470.347
2470.348	0.900000000000091	trials	106	s106_J210615	grCe_grSu6Ne_PS	18	90.0	3	2470.648	2470.948
2476.557	0.900000000000091	trials	106	s106_J210615	grCe	1	180.0	3	2476.857	2477.157
2477.1569999999997	0.900000000000091	trials	106	s106_J210615	grCe	1	225.0	3	2477.457	2477.757
2482.25	0.900000000000091	trials	106	s106_J210615	grCe_grSu3Ne	5	135.0	3	2482.55	2482.849
2482.85	0.900000000000091	trials	106	s106_J210615	grSu6CiNe	14		3	2483.15	2483.449
2488.4089999999997	0.900000000000091	trials	106	s106_J210615	grCe_grSu12SmCiNe_PS	21	135.0	3	2488.709	2489.008
2492.1259999999997	0.900000000000091	trials	106	s106_J210615	grCe_grSu12Mi	9	45.0	3	2492.426	2492.725
2493.326	0.900000000000091	trials	106	s106_J210615	grCe_grSu6CiNe_PS	19	135.0	3	2493.626	2493.926
2499.018	0.900000000000091	trials	106	s106_J210615	coCe	16	270.0	3	2499.318	2499.618
2499.618	0.900000000000091	trials	106	s106_J210615	grCe_grSu6CiNe_PS	19	0.0	3	2499.918	2500.218
2504.611	0.900000000000091	trials	106	s106_J210615	grCe_grSu3Ne	5	315.0	3	2504.911	2505.21
2508.403	0.900000000000091	trials	106	s106_J210615	grCe_grSu18Fa	11	135.0	3	2508.703	2509.002
2509.0029999999997	0.900000000000091	trials	106	s106_J210615	grCe_grSu1Ne	3	225.0	3	2509.303	2509.603
2509.6029999999996	0.900000000000091	trials	106	s106_J210615	coCe_grSu6Ne	17	315.0	3	2509.903	2510.203
2514.595	0.900000000000091	trials	106	s106_J210615	grCe_grSu12SmCiNe_PS	21	90.0	3	2514.895	2515.195
2515.1949999999997	0.900000000000091	trials	106	s106_J210615	grCe_grSu12SmCiNe	13	180.0	3	2515.495	2515.795
2515.796	0.900000000000091	trials	106	s106_J210615	grCe_grSu6CiNe_PS	19	90.0	3	2516.096	2516.395
2520.93	0.900000000000091	trials	106	s106_J210615	grCe_grSu18Fa	11	315.0	3	2521.23	2521.529
2522.1299999999997	0.900000000000091	trials	106	s106_J210615	grCe_grSu6CiNe_PS	19	180.0	3	2522.43	2522.729
2527.297	0.900000000000091	trials	106	s106_J210615	coSu6Ne	20		3	2527.597	2527.897
2527.939	0.900000000000091	trials	106	s106_J210615	grCe_grSu6CiNe_PS	19	315.0	3	2528.239	2528.538
2533.6059999999998	0.900000000000091	trials	106	s106_J210615	grCe_grSu1Ne	3	270.0	3	2533.906	2534.206
2537.432	0.900000000000091	trials	106	s106_J210615	grCe_grSu6CiNe	15	0.0	3	2537.732	2538.031
2540.865	0.900000000000091	trials	106	s106_J210615	grCe_grSu12Mi	9	270.0	3	2541.165	2541.465
2541.466	0.900000000000091	trials	106	s106_J210615	grCe_grSu6CiNe	15	90.0	3	2541.766	2542.065
2542.066	0.900000000000091	trials	106	s106_J210615	grCe_grSu6CiNe_PS	19	270.0	3	2542.366	2542.665
2547.116	0.900000000000091	trials	106	s106_J210615	grCe_grSu12Mi	9	90.0	3	2547.416	2547.716
2547.716	0.900000000000091	trials	106	s106_J210615	grCe_grSu12SmCiNe	13	270.0	3	2548.016	2548.316
2553.2749999999996	0.900000000000091	trials	106	s106_J210615	coCe_grSu6Ne	17	90.0	3	2553.575	2553.875
2553.875	0.900000000000091	trials	106	s106_J210615	grCe_grSu1Ne	3	135.0	3	2554.175	2554.475
2554.4759999999997	0.900000000000091	trials	106	s106_J210615	grCe_grSu12SmCiNe	13	315.0	3	2554.776	2555.075
2559.8509999999997	0.900000000000091	trials	106	s106_J210615	grCe_grSu6CiNe_PS	19	225.0	3	2560.151	2560.451
2560.451	0.900000000000091	trials	106	s106_J210615	coCe_grSu6Ne	17	45.0	3	2560.751	2561.051
2561.051	0.900000000000091	trials	106	s106_J210615	coCe_grSu6Ne	17	180.0	3	2561.351	2561.651
2566.16	0.900000000000091	trials	106	s106_J210615	grCe_grSu6Ne	7	0.0	3	2566.46	2566.76
2567.361	0.900000000000091	trials	106	s106_J210615	coCe	16	0.0	3	2567.661	2567.96
2572.37	0.900000000000091	trials	106	s106_J210615	grCe_grSu6Ne	7	45.0	3	2572.67	2572.969
2573.5699999999997	0.900000000000091	trials	106	s106_J210615	grSu3Ne	4		3	2573.87	2574.169
2581.9869999999996	0.900000000000091	trials	106	s106_J210615	grCe_grSu1Ne	3	0.0	3	2582.287	2582.587
2582.596	0.900000000000091	trials	106	s106_J210615	grCe_grSu12Mi	9	315.0	3	2582.896	2583.195
2583.2039999999997	0.900000000000091	trials	106	s106_J210615	grCe_grSu12Mi	9	180.0	3	2583.504	2583.804
2588.297	0.900000000000091	trials	106	s106_J210615	grCe_grSu6CiNe	15	180.0	3	2588.597	2588.896
2592.964	0.900000000000091	trials	106	s106_J210615	grCe_grSu1Ne	3	90.0	3	2593.264	2593.563
2598.131	0.900000000000091	trials	106	s106_J210615	coCe_grSu6Ne	17	225.0	3	2598.431	2598.731
2602.482	0.900000000000091	trials	106	s106_J210615	grCe_grSu3Ne	5	90.0	3	2602.782	2603.081
2603.0899999999997	0.900000000000091	trials	106	s106_J210615	grCe_grSu12Mi	9	0.0	3	2603.39	2603.69
2603.6899999999996	0.900000000000091	trials	106	s106_J210615	grCe_grSu12SmCiNe_PS	21	225.0	3	2603.99	2604.29
2608.7329999999997	0.900000000000091	trials	106	s106_J210615	grCe_grSu12SmCiNe_PS	21	0.0	3	2609.033	2609.332
2609.3329999999996	0.900000000000091	trials	106	s106_J210615	grCe_grSu1Ne	3	45.0	3	2609.633	2609.932
2609.933	0.900000000000091	trials	106	s106_J210615	grCe_grSu6CiNe_PS	19	45.0	3	2610.233	2610.532
2614.9579999999996	0.900000000000091	trials	106	s106_J210615	grCe_grSu12SmCiNe_PS	21	270.0	3	2615.258	2615.558
2618.9759999999997	0.900000000000091	trials	106	s106_J210615	coCe	16	135.0	3	2619.276	2619.575
2626.743	0.900000000000091	trials	106	s106_J210615	grCe_grSu3Ne	5	270.0	3	2627.043	2627.343
2627.343	0.900000000000091	trials	106	s106_J210615	grCe	1	315.0	3	2627.643	2627.943
2636.1029999999996	0.900000000000091	trials	106	s106_J210615	coCe	16	315.0	3	2636.403	2636.702
2636.703	0.900000000000091	trials	106	s106_J210615	grSu6Ne	6		3	2637.003	2637.302
2641.645	0.900000000000091	trials	106	s106_J210615	grCe_grSu3Ne	5	180.0	3	2641.945	2642.245
2646.7129999999997	0.900000000000091	trials	106	s106_J210615	grCe_grSu18Fa	11	45.0	3	2647.013	2647.312
2647.3129999999996	0.900000000000091	trials	106	s106_J210615	grCe_grSu12SmCiNe	13	225.0	3	2647.613	2647.912
2656.6969999999997	0.900000000000091	trials	106	s106_J210615	grCe_grSu12SmCiNe	13	0.0	3	2656.997	2657.297
2657.297	0.900000000000091	trials	106	s106_J210615	grCe_grSu6Ne_PS	18	0.0	3	2657.597	2657.897
2657.897	0.900000000000091	trials	106	s106_J210615	grCe_grSu6Ne	7	270.0	3	2658.197	2658.497
2662.923	0.900000000000091	trials	106	s106_J210615	grCe_grSu1Ne	3	180.0	3	2663.223	2663.522
2663.5229999999997	0.900000000000091	trials	106	s106_J210615	grCe_grSu6CiNe	15	135.0	3	2663.823	2664.123
2664.1229999999996	0.900000000000091	trials	106	s106_J210615	grCe	1	0.0	3	2664.423	2664.723
2672.8579999999997	0.900000000000091	trials	106	s106_J210615	grSu12SmCiNe	12		3	2673.158	2673.457
2676.95	0.900000000000091	trials	106	s106_J210615	grCe_grSu6Ne	7	180.0	3	2677.25	2677.549
2677.5499999999997	0.900000000000091	trials	106	s106_J210615	coCe	16	90.0	3	2677.85	2678.149
2682.667	0.900000000000091	trials	106	s106_J210615	grCe_grSu12SmCiNe_PS	21	45.0	3	2682.967	2683.267
2686.7509999999997	0.900000000000091	trials	106	s106_J210615	grCe_grSu6CiNe	15	225.0	3	2687.051	2687.351
2687.359	0.900000000000091	trials	106	s106_J210615	grCe_grSu18Fa	11	270.0	3	2687.659	2687.959
2692.352	0.900000000000091	trials	106	s106_J210615	grCe_grSu3Ne	5	45.0	3	2692.652	2692.951
2692.96	0.900000000000091	trials	106	s106_J210615	grSu18Fa	10		3	2693.26	2693.56
2693.569	0.900000000000091	trials	106	s106_J210615	grCe_grSu12Mi	9	135.0	3	2693.869	2694.168
2701.6029999999996	0.900000000000091	trials	106	s106_J210615	grCe_grSu18Fa	11	180.0	3	2701.903	2702.202
2702.203	0.900000000000091	trials	106	s106_J210615	grCe_grSu6Ne_PS	18	225.0	3	2702.503	2702.803
2702.803	0.900000000000091	trials	106	s106_J210615	grCe	1	270.0	3	2703.103	2703.403
2707.9289999999996	0.900000000000091	trials	106	s106_J210615	grCe_grSu3Ne	5	225.0	3	2708.229	2708.528
2708.529	0.900000000000091	trials	106	s106_J210615	grCe	1	45.0	3	2708.829	2709.128
2709.129	0.900000000000091	trials	106	s106_J210615	coCe_grSu6Ne	17	270.0	3	2709.429	2709.728
2717.372	0.900000000000091	trials	106	s106_J210615	grCe_grSu12SmCiNe	13	135.0	3	2717.672	2717.971
2724.189	0.900000000000091	trials	106	s106_J210615	grCe_grSu6Ne_PS	18	135.0	3	2724.489	2724.789
2728.0809999999997	0.900000000000091	trials	106	s106_J210615	grSu1Ne	2		3	2728.381	2728.681
2729.2819999999997	0.900000000000091	trials	106	s106_J210615	grCe_grSu6Ne	7	135.0	3	2729.582	2729.881
2734.249	0.900000000000091	trials	106	s106_J210615	grCe_grSu6Ne_PS	18	270.0	3	2734.549	2734.848
2734.8489999999997	0.900000000000091	trials	106	s106_J210615	coCe_grSu6Ne	17	0.0	3	2735.149	2735.448
2735.482	0.900000000000091	trials	106	s106_J210615	grCe_grSu12Mi	9	225.0	3	2735.782	2736.082
2740.575	0.900000000000091	trials	106	s106_J210615	grCe_grSu6Ne_PS	18	315.0	3	2740.875	2741.174
2744.2329999999997	0.900000000000091	trials	106	s106_J210615	grCe_grSu18Fa	11	225.0	3	2744.533	2744.833
2745.4339999999997	0.900000000000091	trials	106	s106_J210615	grCe_grSu6Ne	7	225.0	3	2745.734	2746.033
2750.593	0.900000000000091	trials	106	s106_J210615	grCe	1	135.0	3	2750.893	2751.192
2754.1009999999997	0.900000000000091	trials	106	s106_J210615	grCe_grSu6Ne_PS	18	45.0	3	2754.401	2754.701
2760.9519999999998	0.900000000000091	trials	106	s106_J210615	grCe_grSu12SmCiNe_PS	21	315.0	3	2761.252	2761.552
2761.5519999999997	0.900000000000091	trials	106	s106_J210615	grCe_grSu12SmCiNe_PS	21	180.0	3	2761.852	2762.152
2767.053	0.900000000000091	trials	106	s106_J210615	NoStim	0		3	2767.353	2767.653
2767.653	0.900000000000091	trials	106	s106_J210615	grCe	1	90.0	3	2767.953	2768.253
2768.2529999999997	0.900000000000091	trials	106	s106_J210615	grCe_grSu12SmCiNe	13	45.0	3	2768.553	2768.853
2773.2709999999997	0.900000000000091	trials	106	s106_J210615	grCe_grSu18Fa	11	90.0	3	2773.571	2773.87
2773.8709999999996	0.900000000000091	trials	106	s106_J210615	grCe_grSu12SmCiNe	13	90.0	3	2774.171	2774.47
2774.479	0.900000000000091	trials	106	s106_J210615	grSu12Mi	8		3	2774.779	2775.079
2779.6209999999996	0.900000000000091	trials	106	s106_J210615	grCe_grSu18Fa	11	0.0	3	2779.921	2780.221
2780.221	0.900000000000091	trials	106	s106_J210615	coCe	16	225.0	3	2780.521	2780.821
2780.8219999999997	0.900000000000091	trials	106	s106_J210615	grCe_grSu6Ne	7	90.0	3	2781.122	2781.421
2788.923	0.900000000000091	trials	106	s106_J210615	coCe	16	180.0	3	2789.223	2789.522
2789.5229999999997	0.900000000000091	trials	106	s106_J210615	grCe_grSu3Ne	5	0.0	3	2789.823	2790.122
2790.1229999999996	0.900000000000091	trials	106	s106_J210615	grCe_grSu1Ne	3	315.0	3	2790.423	2790.722
2795.073	0.900000000000091	trials	106	s106_J210615	grCe_grSu6Ne	7	315.0	3	2795.373	2795.673
2802.2079999999996	0.900000000000091	trials	106	s106_J210615	coCe	16	45.0	3	2802.508	2802.807
2803.408	0.900000000000091	trials	106	s106_J210615	grCe_grSu6CiNe	15	270.0	3	2803.708	2804.007
2808.508	0.900000000000091	trials	106	s106_J210615	coCe_grSu6Ne	17	135.0	3	2808.808	2809.108
2809.109	0.900000000000091	trials	106	s106_J210615	grCe_grSu6CiNe	15	315.0	3	2809.409	2809.708
2809.709	0.900000000000091	trials	106	s106_J210615	grCe_grSu6CiNe	15	45.0	3	2810.009	2810.308
2821.0429999999997	0.900000000000091	trials	106	s106_J210615	grSu18Fa	10		5	2821.343	2821.643
2821.644	0.900000000000091	trials	106	s106_J210615	grCe_grSu12SmCiNe_PS	21	270.0	5	2821.944	2822.243
2822.2439999999997	0.900000000000091	trials	106	s106_J210615	grCe	1	315.0	5	2822.544	2822.843
2827.386	0.900000000000091	trials	106	s106_J210615	coCe	16	180.0	5	2827.686	2827.985
2827.9939999999997	0.900000000000091	trials	106	s106_J210615	coCe_grSu6Ne	17	45.0	5	2828.294	2828.594
2828.5939999999996	0.900000000000091	trials	106	s106_J210615	grCe_grSu1Ne	3	0.0	5	2828.894	2829.194
2833.5699999999997	0.900000000000091	trials	106	s106_J210615	grCe	1	0.0	5	2833.87	2834.17
2839.738	0.900000000000091	trials	106	s106_J210615	grCe_grSu12SmCiNe_PS	21	225.0	5	2840.038	2840.337
2840.3379999999997	0.900000000000091	trials	106	s106_J210615	grCe_grSu3Ne	5	180.0	5	2840.638	2840.937
2840.9539999999997	0.900000000000091	trials	106	s106_J210615	coSu6Ne	20		5	2841.254	2841.554
2849.772	0.900000000000091	trials	106	s106_J210615	grCe	1	180.0	5	2850.072	2850.372
2850.3889999999997	0.900000000000091	trials	106	s106_J210615	grCe_grSu12Mi	9	270.0	5	2850.689	2850.988
2855.6059999999998	0.900000000000091	trials	106	s106_J210615	grCe_grSu6CiNe	15	135.0	5	2855.906	2856.206
2856.2059999999997	0.900000000000091	trials	106	s106_J210615	coCe	16	135.0	5	2856.506	2856.806
2856.806	0.900000000000091	trials	106	s106_J210615	grCe_grSu1Ne	3	45.0	5	2857.106	2857.406
2861.615	0.900000000000091	trials	106	s106_J210615	grCe_grSu6CiNe	15	315.0	5	2861.915	2862.215
2862.2239999999997	0.900000000000091	trials	106	s106_J210615	grCe_grSu18Fa	11	135.0	5	2862.524	2862.823
2862.832	0.900000000000091	trials	106	s106_J210615	grCe_grSu18Fa	11	270.0	5	2863.132	2863.432
2867.9249999999997	0.900000000000091	trials	106	s106_J210615	grCe_grSu6CiNe_PS	19	270.0	5	2868.225	2868.524
2868.533	0.900000000000091	trials	106	s106_J210615	grCe_grSu18Fa	11	225.0	5	2868.833	2869.132
2869.133	0.900000000000091	trials	106	s106_J210615	grCe_grSu6Ne	7	0.0	5	2869.433	2869.733
2874.234	0.900000000000091	trials	106	s106_J210615	NoStim	0		5	2874.534	2874.833
2877.926	0.900000000000091	trials	106	s106_J210615	grCe_grSu6Ne_PS	18	0.0	5	2878.226	2878.525
2878.526	0.900000000000091	trials	106	s106_J210615	grCe_grSu12SmCiNe_PS	21	0.0	5	2878.826	2879.125
2885.8689999999997	0.900000000000091	trials	106	s106_J210615	coCe	16	225.0	5	2886.169	2886.468
2886.4689999999996	0.900000000000091	trials	106	s106_J210615	coCe	16	0.0	5	2886.769	2887.068
2887.0769999999998	0.900000000000091	trials	106	s106_J210615	grCe_grSu18Fa	11	180.0	5	2887.377	2887.677
2892.444	0.900000000000091	trials	106	s106_J210615	grCe_grSu3Ne	5	135.0	5	2892.744	2893.044
2893.044	0.900000000000091	trials	106	s106_J210615	grCe_grSu6CiNe_PS	19	315.0	5	2893.344	2893.644
2899.37	0.900000000000091	trials	106	s106_J210615	grCe_grSu3Ne	5	90.0	5	2899.67	2899.97
2899.97	0.900000000000091	trials	106	s106_J210615	grSu3Ne	4		5	2900.27	2900.57
2900.5789999999997	0.900000000000091	trials	106	s106_J210615	grCe_grSu12Mi	9	0.0	5	2900.879	2901.178
2905.9539999999997	0.900000000000091	trials	106	s106_J210615	grCe_grSu12SmCiNe	13	225.0	5	2906.254	2906.554
2913.6549999999997	0.900000000000091	trials	106	s106_J210615	coCe_grSu6Ne	17	315.0	5	2913.955	2914.255
2914.256	0.900000000000091	trials	106	s106_J210615	grCe_grSu6CiNe_PS	19	180.0	5	2914.556	2914.855
2914.864	0.900000000000091	trials	106	s106_J210615	grCe_grSu3Ne	5	45.0	5	2915.164	2915.463
2920.006	0.900000000000091	trials	106	s106_J210615	grCe_grSu6Ne	7	135.0	5	2920.306	2920.606
2920.6059999999998	0.900000000000091	trials	106	s106_J210615	grCe_grSu6CiNe	15	180.0	5	2920.906	2921.206
2921.2059999999997	0.900000000000091	trials	106	s106_J210615	grCe_grSu6CiNe_PS	19	90.0	5	2921.506	2921.806
2926.1899999999996	0.900000000000091	trials	106	s106_J210615	grCe_grSu3Ne	5	0.0	5	2926.49	2926.79
2936.817	0.900000000000091	trials	106	s106_J210615	grCe_grSu1Ne	3	315.0	5	2937.117	2937.416
2940.792	0.900000000000091	trials	106	s106_J210615	grCe_grSu12SmCiNe_PS	21	315.0	5	2941.092	2941.392
2941.426	0.900000000000091	trials	106	s106_J210615	grCe_grSu6Ne_PS	18	45.0	5	2941.726	2942.025
2942.026	0.900000000000091	trials	106	s106_J210615	grCe_grSu12SmCiNe_PS	21	45.0	5	2942.326	2942.625
2947.035	0.900000000000091	trials	106	s106_J210615	grCe_grSu6CiNe	15	225.0	5	2947.335	2947.634
2951.019	0.900000000000091	trials	106	s106_J210615	grCe_grSu6Ne	7	270.0	5	2951.319	2951.618
2952.2349999999997	0.900000000000091	trials	106	s106_J210615	grCe_grSu6Ne_PS	18	135.0	5	2952.535	2952.835
2957.261	0.900000000000091	trials	106	s106_J210615	grCe_grSu6Ne_PS	18	180.0	5	2957.561	2957.861
2957.861	0.900000000000091	trials	106	s106_J210615	grCe_grSu6CiNe_PS	19	0.0	5	2958.161	2958.461
2958.461	0.900000000000091	trials	106	s106_J210615	grCe_grSu6Ne	7	315.0	5	2958.761	2959.061
2963.595	0.900000000000091	trials	106	s106_J210615	coCe	16	45.0	5	2963.895	2964.195
2964.1949999999997	0.900000000000091	trials	106	s106_J210615	grCe_grSu12SmCiNe_PS	21	180.0	5	2964.495	2964.795
2969.913	0.900000000000091	trials	106	s106_J210615	grCe_grSu12SmCiNe	13	0.0	5	2970.213	2970.512
2970.513	0.900000000000091	trials	106	s106_J210615	coCe	16	90.0	5	2970.813	2971.112
2971.113	0.900000000000091	trials	106	s106_J210615	grCe_grSu6Ne	7	90.0	5	2971.413	2971.712
2992.816	0.900000000000091	trials	106	s106_J210615	coCe	16	270.0	5	2993.116	2993.415
2996.5409999999997	0.900000000000091	trials	106	s106_J210615	grCe_grSu18Fa	11	315.0	5	2996.841	2997.141
2997.1409999999996	0.900000000000091	trials	106	s106_J210615	grCe	1	225.0	5	2997.441	2997.741
2997.741	0.900000000000091	trials	106	s106_J210615	coCe_grSu6Ne	17	270.0	5	2998.041	2998.341
3006.4919999999997	0.900000000000091	trials	106	s106_J210615	grCe_grSu6CiNe_PS	19	225.0	5	3006.792	3007.092
3007.1009999999997	0.900000000000091	trials	106	s106_J210615	grCe_grSu12Mi	9	315.0	5	3007.401	3007.7
3012.1929999999998	0.900000000000091	trials	106	s106_J210615	grCe_grSu6Ne	7	45.0	5	3012.493	3012.793
3016.444	0.900000000000091	trials	106	s106_J210615	grCe_grSu12Mi	9	45.0	5	3016.744	3017.043
3017.044	0.900000000000091	trials	106	s106_J210615	coCe_grSu6Ne	17	180.0	5	3017.344	3017.643
3017.644	0.900000000000091	trials	106	s106_J210615	grCe_grSu12SmCiNe_PS	21	135.0	5	3017.944	3018.243
3023.086	0.900000000000091	trials	106	s106_J210615	grCe_grSu6Ne	7	180.0	5	3023.386	3023.686
3029.4199999999996	0.900000000000091	trials	106	s106_J210615	grCe_grSu12Mi	9	90.0	5	3029.72	3030.02
3030.0209999999997	0.900000000000091	trials	106	s106_J210615	grSu12SmCiNe	12		5	3030.321	3030.62
3030.6209999999996	0.900000000000091	trials	106	s106_J210615	grCe_grSu3Ne	5	270.0	5	3030.921	3031.22
3037.3379999999997	0.900000000000091	trials	106	s106_J210615	grCe_grSu12SmCiNe	13	270.0	5	3037.638	3037.938
3037.9379999999996	0.900000000000091	trials	106	s106_J210615	grCe_grSu12SmCiNe	13	90.0	5	3038.238	3038.538
3042.989	0.900000000000091	trials	106	s106_J210615	grCe	1	135.0	5	3043.289	3043.588
3043.589	0.900000000000091	trials	106	s106_J210615	coCe_grSu6Ne	17	225.0	5	3043.889	3044.188
3044.189	0.900000000000091	trials	106	s106_J210615	coCe_grSu6Ne	17	135.0	5	3044.489	3044.789
3049.656	0.900000000000091	trials	106	s106_J210615	grCe_grSu18Fa	11	90.0	5	3049.956	3050.256
3053.7149999999997	0.900000000000091	trials	106	s106_J210615	grSu6Ne	6		5	3054.015	3054.315
3054.3149999999996	0.900000000000091	trials	106	s106_J210615	grSu1Ne	2		5	3054.615	3054.915
3054.924	0.900000000000091	trials	106	s106_J210615	grCe_grSu18Fa	11	45.0	5	3055.224	3055.523
3059.874	0.900000000000091	trials	106	s106_J210615	grCe_grSu6Ne_PS	18	225.0	5	3060.174	3060.474
3060.4739999999997	0.900000000000091	trials	106	s106_J210615	grSu6CiNe	14		5	3060.774	3061.074
3061.0829999999996	0.900000000000091	trials	106	s106_J210615	grCe_grSu12SmCiNe	13	180.0	5	3061.383	3061.682
3087.745	0.900000000000091	trials	106	s106_J210615	grCe_grSu12SmCiNe	13	45.0	5	3088.045	3088.344
3088.345	0.900000000000091	trials	106	s106_J210615	grCe_grSu12SmCiNe	13	315.0	5	3088.645	3088.944
3093.395	0.900000000000091	trials	106	s106_J210615	grCe_grSu1Ne	3	135.0	5	3093.695	3093.995
3097.0789999999997	0.900000000000091	trials	106	s106_J210615	grCe_grSu6Ne	7	225.0	5	3097.379	3097.679
3097.6789999999996	0.900000000000091	trials	106	s106_J210615	grCe	1	45.0	5	3097.979	3098.279
3098.288	0.900000000000091	trials	106	s106_J210615	grCe_grSu12Mi	9	135.0	5	3098.588	3098.887
3103.555	0.900000000000091	trials	106	s106_J210615	grCe_grSu12Mi	9	225.0	5	3103.855	3104.155
3104.163	0.900000000000091	trials	106	s106_J210615	grCe_grSu6CiNe	15	45.0	5	3104.463	3104.763
3104.7639999999997	0.900000000000091	trials	106	s106_J210615	grCe_grSu6CiNe	15	0.0	5	3105.064	3105.363
3112.806	0.900000000000091	trials	106	s106_J210615	grCe_grSu3Ne	5	315.0	5	3113.106	3113.406
3114.048	0.900000000000091	trials	106	s106_J210615	grCe_grSu12SmCiNe	13	135.0	5	3114.348	3114.648
3122.4489999999996	0.900000000000091	trials	106	s106_J210615	coCe_grSu6Ne	17	90.0	5	3122.749	3123.049
3123.049	0.900000000000091	trials	106	s106_J210615	grCe_grSu3Ne	5	225.0	5	3123.349	3123.649
3123.658	0.900000000000091	trials	106	s106_J210615	grCe_grSu18Fa	11	0.0	5	3123.958	3124.257
3129.533	0.900000000000091	trials	106	s106_J210615	grCe_grSu6Ne_PS	18	270.0	5	3129.833	3130.133
3136.6839999999997	0.900000000000091	trials	106	s106_J210615	grCe_grSu1Ne	3	270.0	5	3136.984	3137.284
3137.8849999999998	0.900000000000091	trials	106	s106_J210615	grCe_grSu6CiNe_PS	19	45.0	5	3138.185	3138.484
3148.961	0.900000000000091	trials	106	s106_J210615	grCe_grSu1Ne	3	225.0	5	3149.261	3149.56
3154.553	0.900000000000091	trials	106	s106_J210615	grCe_grSu12SmCiNe_PS	21	90.0	5	3154.853	3155.153
3159.6209999999996	0.900000000000091	trials	106	s106_J210615	grCe_grSu1Ne	3	90.0	5	3159.921	3160.22
3160.821	0.900000000000091	trials	106	s106_J210615	grCe_grSu6Ne_PS	18	90.0	5	3161.121	3161.42
3165.913	0.900000000000091	trials	106	s106_J210615	coCe_grSu6Ne	17	0.0	5	3166.213	3166.513
3166.513	0.900000000000091	trials	106	s106_J210615	grCe_grSu6CiNe_PS	19	135.0	5	3166.813	3167.113
3167.122	0.900000000000091	trials	106	s106_J210615	grSu12Mi	8		5	3167.422	3167.721
3172.0719999999997	0.900000000000091	trials	106	s106_J210615	grCe	1	270.0	5	3172.372	3172.672
3172.672	0.900000000000091	trials	106	s106_J210615	grCe_grSu6Ne_PS	18	315.0	5	3172.972	3173.272
3173.272	0.900000000000091	trials	106	s106_J210615	grCe	1	90.0	5	3173.572	3173.872
3181.79	0.900000000000091	trials	106	s106_J210615	grCe_grSu12Mi	9	180.0	5	3182.09	3182.39
3188.7659999999996	0.900000000000091	trials	106	s106_J210615	coCe	16	315.0	5	3189.066	3189.366
3189.375	0.900000000000091	trials	106	s106_J210615	grCe_grSu6CiNe	15	90.0	5	3189.675	3189.974
3192.917	0.900000000000091	trials	106	s106_J210615	grCe_grSu1Ne	3	180.0	5	3193.217	3193.516
3196.4339999999997	0.900000000000091	trials	106	s106_J210615	grCe_grSu6CiNe	15	270.0	5	3196.734	3197.033
3197.0339999999997	0.900000000000091	trials	106	s106_J210615	grCe_grSu12SmCiNe	13	180.0	0	3197.334	3197.633
3197.634	0.900000000000091	trials	106	s106_J210615	grCe_grSu1Ne	3	135.0	0	3197.934	3198.233
3202.593	0.900000000000091	trials	106	s106_J210615	grCe_grSu6Ne	7	270.0	0	3202.893	3203.192
3203.1929999999998	0.900000000000091	trials	106	s106_J210615	grCe	1	225.0	0	3203.493	3203.793
3203.801	0.900000000000091	trials	106	s106_J210615	coCe_grSu6Ne	17	45.0	0	3204.101	3204.401
3208.8689999999997	0.900000000000091	trials	106	s106_J210615	grCe_grSu12Mi	9	270.0	0	3209.169	3209.468
3212.9109999999996	0.900000000000091	trials	106	s106_J210615	grCe_grSu12SmCiNe	13	90.0	0	3213.211	3213.51
3213.511	0.900000000000091	trials	106	s106_J210615	grCe_grSu6Ne	7	0.0	0	3213.811	3214.111
3214.111	0.900000000000091	trials	106	s106_J210615	grCe_grSu6Ne_PS	18	270.0	0	3214.411	3214.711
3219.178	0.900000000000091	trials	106	s106_J210615	grCe_grSu6Ne_PS	18	135.0	0	3219.478	3219.778
3219.778	0.900000000000091	trials	106	s106_J210615	grCe_grSu1Ne	3	0.0	0	3220.078	3220.378
3220.4199999999996	0.900000000000091	trials	106	s106_J210615	coCe	16	45.0	0	3220.72	3221.02
3225.6789999999996	0.900000000000091	trials	106	s106_J210615	coCe_grSu6Ne	17	90.0	0	3225.979	3226.279
3236.756	0.900000000000091	trials	106	s106_J210615	grCe_grSu3Ne	5	180.0	0	3237.056	3237.355
3240.79	0.900000000000091	trials	106	s106_J210615	grCe_grSu6CiNe	15	135.0	0	3241.09	3241.389
3244.548	0.900000000000091	trials	106	s106_J210615	grCe_grSu12SmCiNe_PS	21	90.0	0	3244.848	3245.148
3245.1569999999997	0.900000000000091	trials	106	s106_J210615	grCe_grSu12Mi	9	45.0	0	3245.457	3245.756
3245.7569999999996	0.900000000000091	trials	106	s106_J210615	grCe_grSu6CiNe_PS	19	0.0	0	3246.057	3246.356
3250.749	0.900000000000091	trials	106	s106_J210615	grCe_grSu3Ne	5	270.0	0	3251.049	3251.349
3251.3579999999997	0.900000000000091	trials	106	s106_J210615	grCe_grSu18Fa	11	315.0	0	3251.658	3251.957
3251.9579999999996	0.900000000000091	trials	106	s106_J210615	grCe	1	315.0	0	3252.258	3252.557
3256.7329999999997	0.900000000000091	trials	106	s106_J210615	grCe_grSu3Ne	5	135.0	0	3257.033	3257.333
3257.3329999999996	0.900000000000091	trials	106	s106_J210615	grCe_grSu12SmCiNe	13	315.0	0	3257.633	3257.933
3257.933	0.900000000000091	trials	106	s106_J210615	grCe_grSu6Ne_PS	18	90.0	0	3258.233	3258.533
3262.801	0.900000000000091	trials	106	s106_J210615	grSu1Ne	2		0	3263.101	3263.4
3264.0009999999997	0.900000000000091	trials	106	s106_J210615	NoStim	0		0	3264.301	3264.6
3271.894	0.900000000000091	trials	106	s106_J210615	grCe_grSu6Ne	7	180.0	0	3272.194	3272.493
3272.4939999999997	0.900000000000091	trials	106	s106_J210615	coCe_grSu6Ne	17	225.0	0	3272.794	3273.093
3273.0939999999996	0.900000000000091	trials	106	s106_J210615	grCe	1	45.0	0	3273.394	3273.693
3281.903	0.900000000000091	trials	106	s106_J210615	grCe_grSu6CiNe	15	315.0	0	3282.203	3282.503
3282.5029999999997	0.900000000000091	trials	106	s106_J210615	grCe_grSu6CiNe	15	45.0	0	3282.803	3283.103
3283.1119999999996	0.900000000000091	trials	106	s106_J210615	coCe_grSu6Ne	17	315.0	0	3283.412	3283.711
3294.3709999999996	0.900000000000091	trials	106	s106_J210615	grCe_grSu3Ne	5	45.0	0	3294.671	3294.971
3298.5139999999997	0.900000000000091	trials	106	s106_J210615	grCe_grSu6CiNe_PS	19	135.0	0	3298.814	3299.113
3299.114	0.900000000000091	trials	106	s106_J210615	grCe	1	135.0	0	3299.414	3299.713
3304.931	0.900000000000091	trials	106	s106_J210615	grCe_grSu6CiNe_PS	19	180.0	0	3305.231	3305.531
3305.54	0.900000000000091	trials	106	s106_J210615	grCe_grSu1Ne	3	180.0	0	3305.84	3306.139
3306.14	0.900000000000091	trials	106	s106_J210615	grCe_grSu12SmCiNe_PS	21	0.0	0	3306.44	3306.739
3314.5409999999997	0.900000000000091	trials	106	s106_J210615	grSu12SmCiNe	12		0	3314.841	3315.14
3315.1409999999996	0.900000000000091	trials	106	s106_J210615	coCe_grSu6Ne	17	135.0	0	3315.441	3315.74
3315.7659999999996	0.900000000000091	trials	106	s106_J210615	grCe_grSu1Ne	3	225.0	0	3316.066	3316.365
3320.7169999999996	0.900000000000091	trials	106	s106_J210615	grCe_grSu6CiNe_PS	19	90.0	0	3321.017	3321.316
3321.3329999999996	0.900000000000091	trials	106	s106_J210615	coCe_grSu6Ne	17	0.0	0	3321.633	3321.933
3321.933	0.900000000000091	trials	106	s106_J210615	coCe	16	180.0	0	3322.233	3322.533
3327.176	0.900000000000091	trials	106	s106_J210615	coCe	16	0.0	0	3327.476	3327.775
3334.268	0.900000000000091	trials	106	s106_J210615	grCe_grSu6Ne	7	225.0	0	3334.568	3334.868
3339.794	0.900000000000091	trials	106	s106_J210615	grCe_grSu18Fa	11	180.0	0	3340.094	3340.394
3344.7529999999997	0.900000000000091	trials	106	s106_J210615	grCe_grSu3Ne	5	90.0	0	3345.053	3345.353
3345.3529999999996	0.900000000000091	trials	106	s106_J210615	coCe	16	225.0	0	3345.653	3345.953
3350.337	0.900000000000091	trials	106	s106_J210615	grCe_grSu6CiNe	15	0.0	0	3350.637	3350.937
3350.9449999999997	0.900000000000091	trials	106	s106_J210615	grCe_grSu18Fa	11	90.0	0	3351.245	3351.545
3351.5539999999996	0.900000000000091	trials	106	s106_J210615	grCe_grSu12Mi	9	90.0	0	3351.854	3352.153
3356.7459999999996	0.900000000000091	trials	106	s106_J210615	grCe_grSu18Fa	11	0.0	0	3357.046	3357.346
3357.346	0.900000000000091	trials	106	s106_J210615	grCe_grSu1Ne	3	315.0	0	3357.646	3357.946
3357.946	0.900000000000091	trials	106	s106_J210615	grCe_grSu6CiNe_PS	19	315.0	0	3358.246	3358.546
3362.997	0.900000000000091	trials	106	s106_J210615	grCe_grSu12SmCiNe	13	225.0	0	3363.297	3363.597
3363.5969999999998	0.900000000000091	trials	106	s106_J210615	grCe	1	180.0	0	3363.897	3364.197
3364.247	0.900000000000091	trials	106	s106_J210615	grCe_grSu12Mi	9	135.0	0	3364.547	3364.847
3372.3399999999997	0.900000000000091	trials	106	s106_J210615	grCe_grSu6Ne_PS	18	225.0	0	3372.64	3372.939
3372.9399999999996	0.900000000000091	trials	106	s106_J210615	grCe_grSu1Ne	3	270.0	0	3373.24	3373.54
3373.548	0.900000000000091	trials	106	s106_J210615	grCe_grSu12Mi	9	225.0	0	3373.848	3374.148
3378.524	0.900000000000091	trials	106	s106_J210615	grCe_grSu3Ne	5	315.0	0	3378.824	3379.124
3379.1319999999996	0.900000000000091	trials	106	s106_J210615	grCe_grSu18Fa	11	270.0	0	3379.432	3379.732
3379.741	0.900000000000091	trials	106	s106_J210615	grCe_grSu6Ne	7	45.0	0	3380.041	3380.34
3384.792	0.900000000000091	trials	106	s106_J210615	coCe	16	270.0	0	3385.092	3385.391
3385.392	0.900000000000091	trials	106	s106_J210615	grCe_grSu1Ne	3	45.0	0	3385.692	3385.991
3386.033	0.900000000000091	trials	106	s106_J210615	grCe_grSu12SmCiNe_PS	21	180.0	0	3386.333	3386.633
3393.959	0.900000000000091	trials	106	s106_J210615	grCe_grSu6CiNe	15	270.0	0	3394.259	3394.559
3394.5589999999997	0.900000000000091	trials	106	s106_J210615	grCe_grSu6CiNe	15	180.0	0	3394.859	3395.159
3395.16	0.900000000000091	trials	106	s106_J210615	grCe_grSu6Ne_PS	18	45.0	0	3395.46	3395.759
3400.3439999999996	0.900000000000091	trials	106	s106_J210615	grCe_grSu6CiNe_PS	19	225.0	0	3400.644	3400.943
3400.944	0.900000000000091	trials	106	s106_J210615	grCe	1	90.0	0	3401.244	3401.543
3406.6189999999997	0.900000000000091	trials	106	s106_J210615	grCe_grSu12SmCiNe_PS	21	45.0	0	3406.919	3407.219
3407.2189999999996	0.900000000000091	trials	106	s106_J210615	grCe_grSu6Ne	7	90.0	0	3407.519	3407.819
3407.828	0.900000000000091	trials	106	s106_J210615	grCe_grSu18Fa	11	225.0	0	3408.128	3408.427
3412.8779999999997	0.900000000000091	trials	106	s106_J210615	grCe_grSu6Ne	7	135.0	0	3413.178	3413.478
3413.479	0.900000000000091	trials	106	s106_J210615	coCe	16	315.0	0	3413.779	3414.078
3414.0789999999997	0.900000000000091	trials	106	s106_J210615	grCe	1	270.0	0	3414.379	3414.678
3429.7059999999997	0.900000000000091	trials	106	s106_J210615	grCe_grSu12SmCiNe	13	270.0	0	3430.006	3430.305
3430.9139999999998	0.900000000000091	trials	106	s106_J210615	grCe_grSu12SmCiNe_PS	21	315.0	0	3431.214	3431.514
3442.4159999999997	0.900000000000091	trials	106	s106_J210615	grCe_grSu1Ne	3	90.0	0	3442.716	3443.015
3446.024	0.900000000000091	trials	106	s106_J210615	grCe_grSu12SmCiNe	13	135.0	0	3446.324	3446.624
3446.625	0.900000000000091	trials	106	s106_J210615	grSu3Ne	4		0	3446.925	3447.224
3447.2329999999997	0.900000000000091	trials	106	s106_J210615	grCe_grSu12Mi	9	180.0	0	3447.533	3447.832
3452.192	0.900000000000091	trials	106	s106_J210615	grCe_grSu6Ne_PS	18	315.0	0	3452.492	3452.791
3452.7999999999997	0.900000000000091	trials	106	s106_J210615	grCe_grSu18Fa	11	135.0	0	3453.1	3453.4
3453.3999999999996	0.900000000000091	trials	106	s106_J210615	grCe	1	0.0	0	3453.7	3454.0
3459.118	0.900000000000091	trials	106	s106_J210615	grCe_grSu12SmCiNe	13	0.0	0	3459.418	3459.717
3459.7259999999997	0.900000000000091	trials	106	s106_J210615	grCe_grSu6Ne	7	315.0	0	3460.026	3460.326
3467.652	0.900000000000091	trials	106	s106_J210615	grCe_grSu3Ne	5	0.0	0	3467.952	3468.252
3468.252	0.900000000000091	trials	106	s106_J210615	grCe_grSu12SmCiNe_PS	21	270.0	0	3468.552	3468.852
3468.852	0.900000000000091	trials	106	s106_J210615	coCe_grSu6Ne	17	270.0	0	3469.152	3469.452
3473.9359999999997	0.900000000000091	trials	106	s106_J210615	coCe	16	90.0	0	3474.236	3474.536
3474.5449999999996	0.900000000000091	trials	106	s106_J210615	grCe_grSu18Fa	11	45.0	0	3474.845	3475.144
3475.328	0.900000000000091	trials	106	s106_J210615	grCe_grSu12Mi	9	0.0	0	3475.628	3475.928
3483.504	0.900000000000091	trials	106	s106_J210615	grCe_grSu12SmCiNe_PS	21	135.0	0	3483.804	3484.104
3484.104	0.900000000000091	trials	106	s106_J210615	grCe_grSu6Ne_PS	18	0.0	0	3484.404	3484.704
3484.7129999999997	0.900000000000091	trials	106	s106_J210615	grSu18Fa	10		0	3485.013	3485.312
3496.9559999999997	0.900000000000091	trials	106	s106_J210615	grCe_grSu6CiNe	15	225.0	0	3497.256	3497.556
3501.173	0.900000000000091	trials	106	s106_J210615	grCe_grSu6CiNe_PS	19	45.0	0	3501.473	3501.773
3509.0739999999996	0.900000000000091	trials	106	s106_J210615	grCe_grSu12Mi	9	315.0	0	3509.374	3509.674
3509.674	0.900000000000091	trials	106	s106_J210615	coCe_grSu6Ne	17	180.0	0	3509.974	3510.274
3510.274	0.900000000000091	trials	106	s106_J210615	grCe_grSu12SmCiNe	13	45.0	0	3510.574	3510.874
3515.6	0.900000000000091	trials	106	s106_J210615	grCe_grSu3Ne	5	225.0	0	3515.9	3516.2
3516.2	0.900000000000091	trials	106	s106_J210615	coCe	16	135.0	0	3516.5	3516.8
3516.7999999999997	0.900000000000091	trials	106	s106_J210615	grCe_grSu12SmCiNe_PS	21	225.0	0	3517.1	3517.4
3523.0589999999997	0.900000000000091	trials	106	s106_J210615	grSu6CiNe	14		0	3523.359	3523.659
3529.252	0.900000000000091	trials	106	s106_J210615	grCe_grSu6CiNe_PS	19	270.0	0	3529.552	3529.851
3533.0939999999996	0.900000000000091	trials	106	s106_J210615	grSu12Mi	8		0	3533.394	3533.694
3534.303	0.900000000000091	trials	106	s106_J210615	grCe_grSu6CiNe	15	90.0	0	3534.603	3534.902
3542.9449999999997	0.900000000000091	trials	106	s106_J210615	grCe_grSu6Ne_PS	18	180.0	0	3543.245	3543.545
3544.145	0.900000000000091	trials	106	s106_J210615	coSu6Ne	20		0	3544.445	3544.745
3550.2799999999997	0.900000000000091	trials	106	s106_J210615	grSu6Ne	6		0	3550.58	3550.879
