onset	duration	nwb_table	ses_ID	ses_Name	cond_Name	cond_ID	target_rot	rep_num	pdOn	pdOff
25.258	0.9000000000000021	trials	120	s120_J210628	grCe_grSu6CiNe	15	225.0	5	25.558	25.857
25.866	0.9000000000000021	trials	120	s120_J210628	coCe_grSu6Ne	17	180.0	5	26.166	26.466
26.474999999999998	0.9000000000000021	trials	120	s120_J210628	grCe_grSu6Ne_PS	18	135.0	5	26.775	27.074
31.259	0.8999999999999986	trials	120	s120_J210628	grCe_grSu6CiNe	15	0.0	5	31.559	31.858
35.151	0.8999999999999986	trials	120	s120_J210628	grCe_grSu3Ne	5	135.0	5	35.451	35.75
35.759	0.8999999999999986	trials	120	s120_J210628	grCe	1	135.0	5	36.059	36.359
36.368	0.8999999999999986	trials	120	s120_J210628	grCe_grSu6Ne_PS	18	45.0	5	36.668	36.967
44.944	0.8999999999999986	trials	120	s120_J210628	grCe_grSu6CiNe_PS	19	180.0	5	45.244	45.543
46.194	0.8999999999999986	trials	120	s120_J210628	grCe_grSu12SmCiNe_PS	21	0.0	5	46.494	46.794
51.245000000000005	0.8999999999999986	trials	120	s120_J210628	grCe_grSu6Ne	7	225.0	5	51.545	51.844
54.812000000000005	0.8999999999999986	trials	120	s120_J210628	grSu12Mi	8		5	55.112	55.411
56.029	0.8999999999999986	trials	120	s120_J210628	grCe_grSu6Ne_PS	18	315.0	5	56.329	56.628
60.971000000000004	0.8999999999999986	trials	120	s120_J210628	grCe_grSu1Ne	3	180.0	5	61.271	61.57
61.571000000000005	0.8999999999999986	trials	120	s120_J210628	coCe	16	225.0	5	61.871	62.171
62.171	0.8999999999999986	trials	120	s120_J210628	NoStim	0		5	62.471	62.771
67.138	0.8999999999999915	trials	120	s120_J210628	grCe_grSu6Ne	7	0.0	5	67.438	67.738
67.747	0.8999999999999915	trials	120	s120_J210628	grCe_grSu6CiNe	15	45.0	5	68.047	68.346
73.35600000000001	0.8999999999999915	trials	120	s120_J210628	coCe	16	90.0	5	73.656	73.955
73.964	0.8999999999999915	trials	120	s120_J210628	grSu6Ne	6		5	74.264	74.58
83.357	0.8999999999999915	trials	120	s120_J210628	grCe_grSu3Ne	5	315.0	5	83.657	83.957
83.96600000000001	0.8999999999999915	trials	120	s120_J210628	coCe_grSu6Ne	17	225.0	5	84.266	84.565
84.599	0.8999999999999915	trials	120	s120_J210628	coCe_grSu6Ne	17	0.0	5	84.899	85.199
89.575	0.8999999999999915	trials	120	s120_J210628	grCe_grSu12SmCiNe	13	135.0	5	89.875	90.174
90.183	0.8999999999999915	trials	120	s120_J210628	grCe_grSu6CiNe_PS	19	0.0	5	90.483	90.783
90.791	0.8999999999999915	trials	120	s120_J210628	grCe_grSu6Ne_PS	18	0.0	5	91.091	91.391
96.492	0.8999999999999915	trials	120	s120_J210628	coCe_grSu6Ne	17	45.0	5	96.792	97.092
97.092	0.8999999999999915	trials	120	s120_J210628	coCe	16	270.0	5	97.392	97.692
105.793	0.8999999999999915	trials	120	s120_J210628	coCe	16	135.0	5	106.093	106.393
106.402	0.8999999999999915	trials	120	s120_J210628	grCe_grSu12SmCiNe	13	315.0	5	106.702	107.001
110.602	0.8999999999999915	trials	120	s120_J210628	grCe_grSu6CiNe	15	90.0	5	110.902	111.202
111.211	0.8999999999999915	trials	120	s120_J210628	grCe	1	0.0	5	111.511	111.81
114.67	0.8999999999999915	trials	120	s120_J210628	grCe	1	45.0	5	114.97	115.269
121.437	0.8999999999999915	trials	120	s120_J210628	grCe_grSu3Ne	5	0.0	5	121.737	122.037
122.062	0.8999999999999915	trials	120	s120_J210628	grCe_grSu12SmCiNe	13	90.0	5	122.362	122.662
122.687	0.8999999999999915	trials	120	s120_J210628	grCe_grSu6CiNe_PS	19	270.0	5	122.987	123.287
130.897	0.9000000000000057	trials	120	s120_J210628	grSu6CiNe	14		5	131.197	131.496
132.105	0.9000000000000057	trials	120	s120_J210628	coCe	16	180.0	5	132.405	132.705
137.40599999999998	0.9000000000000057	trials	120	s120_J210628	grCe_grSu12SmCiNe_PS	21	45.0	5	137.706	138.005
138.623	0.9000000000000057	trials	120	s120_J210628	grCe_grSu1Ne	3	45.0	5	138.923	139.222
143.79	0.9000000000000057	trials	120	s120_J210628	grCe_grSu3Ne	5	90.0	5	144.09	144.39
145.04	0.9000000000000057	trials	120	s120_J210628	grCe_grSu12Mi	9	135.0	5	145.34	145.64
149.974	0.9000000000000057	trials	120	s120_J210628	grCe_grSu6CiNe_PS	19	135.0	5	150.274	150.574
150.583	0.9000000000000057	trials	120	s120_J210628	grSu12SmCiNe	12		5	150.883	151.182
151.19899999999998	0.9000000000000057	trials	120	s120_J210628	grCe_grSu12Mi	9	315.0	5	151.499	151.799
156.25	0.9000000000000057	trials	120	s120_J210628	grCe_grSu6CiNe_PS	19	90.0	5	156.55	156.849
157.517	0.9000000000000057	trials	120	s120_J210628	grCe_grSu18Fa	11	90.0	5	157.817	158.116
166.076	0.9000000000000057	trials	120	s120_J210628	grCe_grSu18Fa	11	225.0	5	166.376	166.676
166.685	0.9000000000000057	trials	120	s120_J210628	grCe_grSu12SmCiNe_PS	21	180.0	5	166.985	167.284
167.285	0.9000000000000057	trials	120	s120_J210628	grCe	1	315.0	5	167.585	167.884
172.16	0.9000000000000057	trials	120	s120_J210628	grCe_grSu12SmCiNe_PS	21	135.0	5	172.46	172.76
172.76899999999998	0.9000000000000057	trials	120	s120_J210628	grCe_grSu3Ne	5	180.0	5	173.069	173.368
173.39399999999998	0.9000000000000057	trials	120	s120_J210628	grCe_grSu18Fa	11	270.0	5	173.694	173.993
181.72799999999998	0.9000000000000057	trials	120	s120_J210628	grCe_grSu6Ne	7	270.0	5	182.028	182.328
182.337	0.9000000000000057	trials	120	s120_J210628	grCe_grSu12SmCiNe	13	225.0	5	182.637	182.936
182.945	0.9000000000000057	trials	120	s120_J210628	grCe_grSu12SmCiNe_PS	21	315.0	5	183.245	183.545
187.821	0.9000000000000057	trials	120	s120_J210628	coCe	16	45.0	5	188.121	188.42
188.429	0.9000000000000057	trials	120	s120_J210628	grCe_grSu6Ne_PS	18	270.0	5	188.729	189.029
189.063	0.9000000000000057	trials	120	s120_J210628	grCe_grSu12Mi	9	270.0	5	189.363	189.662
194.13	0.9000000000000057	trials	120	s120_J210628	grCe	1	90.0	5	194.43	194.729
197.51399999999998	0.9000000000000057	trials	120	s120_J210628	grCe_grSu1Ne	3	0.0	5	197.814	198.113
198.155	0.9000000000000057	trials	120	s120_J210628	coCe_grSu6Ne	17	135.0	5	198.455	198.755
207.04	0.9000000000000057	trials	120	s120_J210628	grCe_grSu6Ne	7	135.0	5	207.34	207.639
207.648	0.9000000000000057	trials	120	s120_J210628	grCe_grSu6Ne_PS	18	180.0	5	207.948	208.248
211.54899999999998	0.9000000000000057	trials	120	s120_J210628	grCe_grSu18Fa	11	45.0	5	211.849	212.148
217.125	0.9000000000000057	trials	120	s120_J210628	coCe_grSu6Ne	17	90.0	5	217.425	217.724
218.35	0.9000000000000057	trials	120	s120_J210628	grCe_grSu12Mi	9	90.0	5	218.65	218.949
223.48399999999998	0.9000000000000057	trials	120	s120_J210628	grCe_grSu18Fa	11	0.0	5	223.784	224.083
224.117	0.9000000000000057	trials	120	s120_J210628	grCe_grSu12SmCiNe	13	270.0	5	224.417	224.717
224.73399999999998	0.9000000000000057	trials	120	s120_J210628	grCe_grSu6Ne_PS	18	225.0	5	225.034	225.333
237.31099999999998	0.9000000000000057	trials	120	s120_J210628	grCe_grSu3Ne	5	45.0	5	237.611	237.91
241.16899999999998	0.9000000000000057	trials	120	s120_J210628	grCe_grSu3Ne	5	225.0	5	241.469	241.769
244.92	0.9000000000000057	trials	120	s120_J210628	coCe	16	315.0	5	245.22	245.519
245.51999999999998	0.9000000000000057	trials	120	s120_J210628	grCe	1	180.0	5	245.82	246.119
246.128	0.9000000000000057	trials	120	s120_J210628	grCe_grSu6Ne	7	315.0	5	246.428	246.728
251.296	0.9000000000000057	trials	120	s120_J210628	grSu18Fa	10		5	251.596	251.895
251.904	0.9000000000000057	trials	120	s120_J210628	grCe_grSu1Ne	3	135.0	5	252.204	252.504
252.504	0.9000000000000057	trials	120	s120_J210628	grCe	1	225.0	5	252.804	253.104
257.53	0.9000000000000341	trials	120	s120_J210628	coCe	16	0.0	5	257.83	258.129
258.155	0.9000000000000341	trials	120	s120_J210628	grCe_grSu18Fa	11	135.0	5	258.455	258.754
258.763	0.9000000000000341	trials	120	s120_J210628	grCe_grSu12SmCiNe_PS	21	225.0	5	259.063	259.363
264.397	0.9000000000000341	trials	120	s120_J210628	grCe_grSu6CiNe_PS	19	45.0	5	264.697	264.997
265.014	0.9000000000000341	trials	120	s120_J210628	grCe_grSu1Ne	3	90.0	5	265.314	265.614
270.14799999999997	0.9000000000000341	trials	120	s120_J210628	grCe_grSu6CiNe	15	315.0	5	270.448	270.748
270.77299999999997	0.9000000000000341	trials	120	s120_J210628	grCe_grSu18Fa	11	180.0	5	271.073	271.373
271.382	0.9000000000000341	trials	120	s120_J210628	grCe_grSu6CiNe	15	135.0	5	271.682	271.981
276.507	0.9000000000000341	trials	120	s120_J210628	grCe_grSu6Ne	7	45.0	5	276.807	277.107
277.116	0.9000000000000341	trials	120	s120_J210628	grCe_grSu12SmCiNe	13	0.0	5	277.416	277.715
286.008	0.9000000000000341	trials	120	s120_J210628	grCe_grSu6CiNe	15	270.0	5	286.308	286.608
286.625	0.9000000000000341	trials	120	s120_J210628	grCe_grSu12Mi	9	225.0	5	286.925	287.225
287.234	0.9000000000000341	trials	120	s120_J210628	grCe_grSu3Ne	5	270.0	5	287.534	287.833
292.693	0.9000000000000341	trials	120	s120_J210628	grCe_grSu6Ne_PS	18	90.0	5	292.993	293.292
298.135	0.9000000000000341	trials	120	s120_J210628	grCe_grSu1Ne	3	270.0	5	298.435	298.735
298.743	0.9000000000000341	trials	120	s120_J210628	grCe_grSu6CiNe_PS	19	315.0	5	299.043	299.343
299.352	0.9000000000000341	trials	120	s120_J210628	grCe_grSu6CiNe	15	180.0	5	299.652	299.951
314.11199999999997	0.9000000000000341	trials	120	s120_J210628	grSu1Ne	2		5	314.412	314.712
314.721	0.9000000000000341	trials	120	s120_J210628	coCe_grSu6Ne	17	270.0	5	315.021	315.32
315.329	0.9000000000000341	trials	120	s120_J210628	grCe_grSu6CiNe_PS	19	225.0	5	315.629	315.928
320.188	0.9000000000000341	trials	120	s120_J210628	grCe_grSu12SmCiNe_PS	21	90.0	5	320.488	320.787
320.805	0.9000000000000341	trials	120	s120_J210628	grCe_grSu12Mi	9	45.0	5	321.105	321.404
321.413	0.9000000000000341	trials	120	s120_J210628	coCe_grSu6Ne	17	315.0	5	321.713	322.013
326.472	0.9000000000000341	trials	120	s120_J210628	grCe_grSu1Ne	3	225.0	5	326.772	327.072
327.089	0.9000000000000341	trials	120	s120_J210628	grCe_grSu12Mi	9	0.0	5	327.389	327.688
330.414	0.9000000000000341	trials	120	s120_J210628	grCe_grSu6Ne	7	180.0	5	330.714	331.014
331.02299999999997	0.9000000000000341	trials	120	s120_J210628	grCe_grSu12SmCiNe	13	180.0	5	331.323	331.622
331.639	0.9000000000000341	trials	120	s120_J210628	grCe_grSu12Mi	9	180.0	5	331.939	332.239
341.23199999999997	0.9000000000000341	trials	120	s120_J210628	grCe_grSu6Ne	7	90.0	5	341.532	341.832
341.841	0.9000000000000341	trials	120	s120_J210628	grCe_grSu1Ne	3	315.0	5	342.141	342.44
350.0	0.9000000000000341	trials	120	s120_J210628	coSu6Ne	20		5	350.3	350.6
360.31	0.9000000000000341	trials	120	s120_J210628	grSu3Ne	4		5	360.61	360.909
360.935	0.9000000000000341	trials	120	s120_J210628	grCe_grSu18Fa	11	315.0	5	361.235	361.534
361.55199999999996	0.9000000000000341	trials	120	s120_J210628	grCe_grSu12SmCiNe	13	45.0	5	361.852	362.151
366.61899999999997	0.9000000000000341	trials	120	s120_J210628	grCe	1	270.0	5	366.919	367.218
367.227	0.9000000000000341	trials	120	s120_J210628	grCe_grSu12SmCiNe_PS	21	270.0	5	367.527	367.827
380.546	0.9000000000000341	trials	120	s120_J210628	grCe_grSu1Ne	3	0.0	0	380.846	381.145
381.154	0.9000000000000341	trials	120	s120_J210628	grCe_grSu12SmCiNe_PS	21	315.0	0	381.454	381.754
381.87899999999996	0.9000000000000341	trials	120	s120_J210628	grCe	1	225.0	0	382.179	382.479
390.63	0.9000000000000341	trials	120	s120_J210628	grCe_grSu12Mi	9	225.0	0	390.93	391.23
391.256	0.9000000000000341	trials	120	s120_J210628	grCe_grSu6CiNe_PS	19	45.0	0	391.556	391.855
395.239	0.9000000000000341	trials	120	s120_J210628	grCe_grSu6CiNe_PS	19	0.0	0	395.539	395.839
399.257	0.9000000000000341	trials	120	s120_J210628	grCe_grSu12SmCiNe_PS	21	135.0	0	399.557	399.856
399.873	0.9000000000000341	trials	120	s120_J210628	grCe_grSu6CiNe	15	45.0	0	400.173	400.473
400.49	0.9000000000000341	trials	120	s120_J210628	grCe_grSu12Mi	9	90.0	0	400.79	401.09
406.166	0.9000000000000341	trials	120	s120_J210628	coCe_grSu6Ne	17	270.0	0	406.466	406.765
406.791	0.9000000000000341	trials	120	s120_J210628	grCe_grSu18Fa	11	135.0	0	407.091	407.39
407.399	0.9000000000000341	trials	120	s120_J210628	grCe_grSu6Ne	7	90.0	0	407.699	407.999
412.4	0.9000000000000341	trials	120	s120_J210628	grCe_grSu12SmCiNe	13	180.0	0	412.7	412.999
416.334	0.9000000000000341	trials	120	s120_J210628	grCe_grSu12Mi	9	45.0	0	416.634	416.933
416.942	0.9000000000000341	trials	120	s120_J210628	grCe_grSu6CiNe_PS	19	270.0	0	417.242	417.542
417.551	0.9000000000000341	trials	120	s120_J210628	grCe_grSu6Ne_PS	18	135.0	0	417.851	418.15
423.135	0.9000000000000341	trials	120	s120_J210628	grCe_grSu3Ne	5	45.0	0	423.435	423.734
423.735	0.9000000000000341	trials	120	s120_J210628	grCe	1	270.0	0	424.035	424.334
428.769	0.9000000000000341	trials	120	s120_J210628	grCe_grSu6Ne_PS	18	315.0	0	429.069	429.368
429.40999999999997	0.9000000000000341	trials	120	s120_J210628	grCe_grSu12Mi	9	0.0	0	429.71	430.01
433.144	0.9000000000000341	trials	120	s120_J210628	grCe_grSu3Ne	5	0.0	0	433.444	433.744
433.753	0.9000000000000341	trials	120	s120_J210628	grCe_grSu12SmCiNe_PS	21	225.0	0	434.053	434.352
438.12	0.9000000000000341	trials	120	s120_J210628	grCe_grSu6CiNe	15	315.0	0	438.42	438.719
438.728	0.9000000000000341	trials	120	s120_J210628	grCe_grSu6Ne	7	0.0	0	439.028	439.328
447.44599999999997	0.9000000000000341	trials	120	s120_J210628	grCe_grSu12SmCiNe	13	315.0	0	447.746	448.046
451.738	0.9000000000000341	trials	120	s120_J210628	grCe_grSu12SmCiNe_PS	21	45.0	0	452.038	452.338
452.35499999999996	0.9000000000000341	trials	120	s120_J210628	grCe_grSu12Mi	9	180.0	0	452.655	452.955
452.964	0.9000000000000341	trials	120	s120_J210628	grCe_grSu6Ne_PS	18	180.0	0	453.264	453.563
458.014	0.9000000000000341	trials	120	s120_J210628	grCe_grSu12SmCiNe	13	0.0	0	458.314	458.614
458.623	0.9000000000000341	trials	120	s120_J210628	grCe_grSu6CiNe	15	180.0	0	458.923	459.222
464.298	0.9000000000000341	trials	120	s120_J210628	coCe_grSu6Ne	17	45.0	0	464.598	464.898
464.907	0.9000000000000341	trials	120	s120_J210628	grCe_grSu6Ne	7	270.0	0	465.207	465.506
465.515	0.9000000000000341	trials	120	s120_J210628	grCe_grSu3Ne	5	135.0	0	465.815	466.115
471.091	0.9000000000000341	trials	120	s120_J210628	grCe_grSu12SmCiNe	13	90.0	0	471.391	471.69
471.699	0.9000000000000341	trials	120	s120_J210628	grCe_grSu6CiNe	15	90.0	0	471.999	472.299
477.375	0.9000000000000341	trials	120	s120_J210628	grCe_grSu1Ne	3	225.0	0	477.675	477.975
481.24199999999996	0.9000000000000341	trials	120	s120_J210628	coCe_grSu6Ne	17	0.0	0	481.542	481.842
482.49199999999996	0.9000000000000341	trials	120	s120_J210628	grCe_grSu12SmCiNe	13	45.0	0	482.792	483.092
488.26	0.9000000000000341	trials	120	s120_J210628	grCe_grSu6Ne	7	225.0	0	488.56	488.859
488.868	0.9000000000000341	trials	120	s120_J210628	grCe_grSu3Ne	5	90.0	0	489.168	489.468
492.719	0.9000000000000341	trials	120	s120_J210628	grSu18Fa	10		0	493.019	493.318
493.469	0.9000000000000341	trials	120	s120_J210628	coCe	16	135.0	0	493.769	494.068
494.077	0.9000000000000341	trials	120	s120_J210628	grCe_grSu1Ne	3	315.0	0	494.377	494.677
499.611	0.9000000000000341	trials	120	s120_J210628	coCe	16	315.0	0	499.911	500.211
500.211	0.9000000000000341	trials	120	s120_J210628	coCe	16	90.0	0	500.511	500.811
500.82	0.9000000000000341	trials	120	s120_J210628	grCe_grSu6CiNe_PS	19	180.0	0	501.12	501.419
506.012	0.9000000000000341	trials	120	s120_J210628	coSu6Ne	20		0	506.312	506.612
506.712	0.9000000000000341	trials	120	s120_J210628	grCe_grSu6CiNe_PS	19	225.0	0	507.012	507.312
507.337	0.9000000000000341	trials	120	s120_J210628	grCe_grSu18Fa	11	180.0	0	507.637	507.937
512.4300000000001	0.8999999999999773	trials	120	s120_J210628	grCe_grSu6Ne_PS	18	270.0	0	512.73	513.029
516.922	0.8999999999999773	trials	120	s120_J210628	grCe_grSu18Fa	11	45.0	0	517.222	517.521
517.547	0.8999999999999773	trials	120	s120_J210628	coCe_grSu6Ne	17	225.0	0	517.847	518.146
523.7890000000001	0.8999999999999773	trials	120	s120_J210628	grCe_grSu12SmCiNe_PS	21	270.0	0	524.089	524.389
524.398	0.8999999999999773	trials	120	s120_J210628	coCe_grSu6Ne	17	180.0	0	524.698	524.997
525.0400000000001	0.8999999999999773	trials	120	s120_J210628	grCe_grSu12Mi	9	270.0	0	525.34	525.639
530.374	0.8999999999999773	trials	120	s120_J210628	grCe_grSu12SmCiNe_PS	21	0.0	0	530.674	530.973
538.658	0.8999999999999773	trials	120	s120_J210628	grCe_grSu3Ne	5	225.0	0	538.958	539.258
539.3000000000001	0.8999999999999773	trials	120	s120_J210628	grCe_grSu6Ne_PS	18	225.0	0	539.6	539.899
539.908	0.8999999999999773	trials	120	s120_J210628	grCe_grSu12SmCiNe_PS	21	180.0	0	540.208	540.508
545.7510000000001	0.8999999999999773	trials	120	s120_J210628	grCe	1	180.0	0	546.051	546.35
550.4100000000001	0.8999999999999773	trials	120	s120_J210628	NoStim	0		0	550.71	551.009
551.018	0.8999999999999773	trials	120	s120_J210628	grCe_grSu6Ne_PS	18	0.0	0	551.318	551.617
559.111	0.8999999999999773	trials	120	s120_J210628	grCe_grSu6CiNe_PS	19	90.0	0	559.411	559.71
563.0440000000001	0.8999999999999773	trials	120	s120_J210628	grCe_grSu1Ne	3	270.0	0	563.344	563.644
563.6700000000001	0.8999999999999773	trials	120	s120_J210628	grCe_grSu18Fa	11	225.0	0	563.97	564.269
564.2700000000001	0.8999999999999773	trials	120	s120_J210628	grCe	1	0.0	0	564.57	564.869
569.787	0.8999999999999773	trials	120	s120_J210628	grCe_grSu12Mi	9	315.0	0	570.087	570.387
573.6460000000001	0.8999999999999773	trials	120	s120_J210628	coCe_grSu6Ne	17	315.0	0	573.946	574.245
574.321	0.8999999999999773	trials	120	s120_J210628	coCe_grSu6Ne	17	90.0	0	574.621	574.92
579.922	0.8999999999999773	trials	120	s120_J210628	grCe_grSu18Fa	11	270.0	0	580.222	580.521
593.0070000000001	0.8999999999999773	trials	120	s120_J210628	grCe_grSu12SmCiNe_PS	21	90.0	0	593.307	593.606
593.615	0.8999999999999773	trials	120	s120_J210628	grCe_grSu1Ne	3	90.0	0	593.915	594.215
594.224	0.8999999999999773	trials	120	s120_J210628	grCe_grSu3Ne	5	270.0	0	594.524	594.823
599.349	0.8999999999999773	trials	120	s120_J210628	grCe_grSu6Ne	7	45.0	0	599.649	599.949
599.974	0.8999999999999773	trials	120	s120_J210628	coCe	16	0.0	0	600.274	600.574
600.599	0.8999999999999773	trials	120	s120_J210628	grCe_grSu6Ne	7	135.0	0	600.899	601.199
605.792	0.8999999999999773	trials	120	s120_J210628	grCe_grSu12SmCiNe	13	270.0	0	606.092	606.391
609.8670000000001	0.8999999999999773	trials	120	s120_J210628	coCe	16	270.0	0	610.167	610.467
611.1170000000001	0.8999999999999773	trials	120	s120_J210628	grCe	1	90.0	0	611.417	611.717
628.1610000000001	0.8999999999999773	trials	120	s120_J210628	grCe_grSu1Ne	3	135.0	0	628.461	628.761
628.7700000000001	0.8999999999999773	trials	120	s120_J210628	grCe_grSu6CiNe_PS	19	315.0	0	629.07	629.369
633.787	0.8999999999999773	trials	120	s120_J210628	grCe_grSu6Ne_PS	18	90.0	0	634.087	634.387
634.4200000000001	0.8999999999999773	trials	120	s120_J210628	grCe	1	135.0	0	634.72	635.02
635.029	0.8999999999999773	trials	120	s120_J210628	grSu3Ne	4		0	635.329	635.628
640.255	0.8999999999999773	trials	120	s120_J210628	grCe_grSu6CiNe	15	135.0	0	640.555	640.854
644.73	0.8999999999999773	trials	120	s120_J210628	grCe_grSu18Fa	11	0.0	0	645.03	645.33
645.3720000000001	0.8999999999999773	trials	120	s120_J210628	grCe_grSu3Ne	5	315.0	0	645.672	645.971
651.023	0.8999999999999773	trials	120	s120_J210628	grCe_grSu12Mi	9	135.0	0	651.323	651.622
651.6310000000001	0.8999999999999773	trials	120	s120_J210628	grSu6Ne	6		0	651.931	652.231
652.239	0.8999999999999773	trials	120	s120_J210628	grCe_grSu1Ne	3	180.0	0	652.539	652.839
657.6070000000001	0.8999999999999773	trials	120	s120_J210628	grCe_grSu6Ne	7	180.0	0	657.907	658.206
658.215	0.8999999999999773	trials	120	s120_J210628	grSu12Mi	8		0	658.515	658.815
668.041	0.8999999999999773	trials	120	s120_J210628	grCe_grSu12SmCiNe	13	135.0	0	668.341	668.641
673.7760000000001	0.8999999999999773	trials	120	s120_J210628	grCe_grSu6Ne_PS	18	45.0	0	674.076	674.375
674.3760000000001	0.8999999999999773	trials	120	s120_J210628	grCe	1	45.0	0	674.676	674.975
674.984	0.8999999999999773	trials	120	s120_J210628	grCe_grSu6CiNe	15	270.0	0	675.284	675.584
680.601	0.8999999999999773	trials	120	s120_J210628	grSu1Ne	2		0	680.901	681.201
681.21	0.8999999999999773	trials	120	s120_J210628	grCe_grSu6CiNe	15	225.0	0	681.51	681.809
686.0690000000001	0.8999999999999773	trials	120	s120_J210628	coCe	16	45.0	0	686.369	686.668
686.677	0.8999999999999773	trials	120	s120_J210628	grCe	1	315.0	0	686.977	687.277
687.302	0.8999999999999773	trials	120	s120_J210628	coCe_grSu6Ne	17	135.0	0	687.602	687.902
692.336	0.8999999999999773	trials	120	s120_J210628	grCe_grSu3Ne	5	180.0	0	692.636	692.936
693.561	0.8999999999999773	trials	120	s120_J210628	grSu6CiNe	14		0	693.861	694.161
705.855	0.8999999999999773	trials	120	s120_J210628	grCe_grSu18Fa	11	90.0	0	706.155	706.454
706.4630000000001	0.8999999999999773	trials	120	s120_J210628	grCe_grSu12SmCiNe	13	225.0	0	706.763	707.063
707.0630000000001	0.8999999999999773	trials	120	s120_J210628	coCe	16	180.0	0	707.363	707.663
715.7890000000001	0.8999999999999773	trials	120	s120_J210628	grCe_grSu18Fa	11	315.0	0	716.089	716.389
716.398	0.8999999999999773	trials	120	s120_J210628	grCe_grSu6Ne	7	315.0	0	716.698	716.997
717.0060000000001	0.8999999999999773	trials	120	s120_J210628	grCe_grSu6CiNe	15	0.0	0	717.306	717.606
723.024	0.8999999999999773	trials	120	s120_J210628	grCe_grSu6CiNe_PS	19	135.0	0	723.324	723.623
726.6740000000001	0.8999999999999773	trials	120	s120_J210628	grSu12SmCiNe	12		0	726.974	727.274
727.899	0.8999999999999773	trials	120	s120_J210628	grCe_grSu1Ne	3	45.0	0	728.199	728.499
732.85	0.8999999999999773	trials	120	s120_J210628	coCe	16	225.0	0	733.15	733.449
733.45	0.8999999999999773	trials	120	s120_J210628	coCe	16	0.0	3	733.75	734.049
740.301	0.8999999999999773	trials	120	s120_J210628	grCe_grSu12SmCiNe	13	270.0	3	740.601	740.9
740.926	0.8999999999999773	trials	120	s120_J210628	grCe_grSu12Mi	9	270.0	3	741.226	741.525
745.927	0.8999999999999773	trials	120	s120_J210628	grCe_grSu6CiNe	15	315.0	3	746.227	746.526
747.143	0.8999999999999773	trials	120	s120_J210628	coSu6Ne	20		3	747.443	747.743
752.7860000000001	0.8999999999999773	trials	120	s120_J210628	grSu3Ne	4		3	753.086	753.385
753.4110000000001	0.8999999999999773	trials	120	s120_J210628	grCe_grSu6Ne_PS	18	0.0	3	753.711	754.01
754.0110000000001	0.8999999999999773	trials	120	s120_J210628	coCe	16	270.0	3	754.311	754.61
763.1700000000001	0.8999999999999773	trials	120	s120_J210628	coCe	16	135.0	3	763.47	763.77
763.779	0.8999999999999773	trials	120	s120_J210628	grCe_grSu1Ne	3	0.0	3	764.079	764.378
764.3870000000001	0.8999999999999773	trials	120	s120_J210628	grCe_grSu6Ne	7	90.0	3	764.687	764.987
769.3710000000001	0.8999999999999773	trials	120	s120_J210628	grCe_grSu3Ne	5	135.0	3	769.671	769.971
770.1210000000001	0.8999999999999773	trials	120	s120_J210628	grCe_grSu3Ne	5	90.0	3	770.421	770.721
770.73	0.8999999999999773	trials	120	s120_J210628	grCe_grSu6CiNe	15	135.0	3	771.03	771.329
776.1800000000001	0.8999999999999773	trials	120	s120_J210628	grCe_grSu6Ne	7	180.0	3	776.48	776.78
776.822	0.8999999999999773	trials	120	s120_J210628	coCe_grSu6Ne	17	225.0	3	777.122	777.422
782.0730000000001	0.8999999999999773	trials	120	s120_J210628	grCe_grSu6Ne_PS	18	180.0	3	782.373	782.672
792.399	0.8999999999999773	trials	120	s120_J210628	grCe_grSu6Ne_PS	18	225.0	3	792.699	792.999
800.1500000000001	0.8999999999999773	trials	120	s120_J210628	coCe_grSu6Ne	17	0.0	3	800.45	800.75
800.759	0.8999999999999773	trials	120	s120_J210628	grCe_grSu6CiNe	15	225.0	3	801.059	801.358
801.3670000000001	0.8999999999999773	trials	120	s120_J210628	grCe_grSu1Ne	3	315.0	3	801.667	801.967
806.418	0.8999999999999773	trials	120	s120_J210628	grCe_grSu6Ne_PS	18	45.0	3	806.718	807.017
807.0600000000001	0.8999999999999773	trials	120	s120_J210628	grCe_grSu12SmCiNe	13	90.0	3	807.36	807.659
807.676	0.8999999999999773	trials	120	s120_J210628	grCe_grSu12Mi	9	315.0	3	807.976	808.276
816.094	0.8999999999999773	trials	120	s120_J210628	grCe	1	90.0	3	816.394	816.694
822.1360000000001	0.8999999999999773	trials	120	s120_J210628	grCe_grSu1Ne	3	90.0	3	822.436	822.736
822.778	0.8999999999999773	trials	120	s120_J210628	grCe_grSu12SmCiNe	13	225.0	3	823.078	823.378
828.037	0.8999999999999773	trials	120	s120_J210628	grCe_grSu18Fa	11	135.0	3	828.337	828.637
832.7710000000001	0.8999999999999773	trials	120	s120_J210628	grCe	1	225.0	3	833.071	833.371
833.388	0.8999999999999773	trials	120	s120_J210628	grSu12Mi	8		3	833.688	833.987
838.464	0.8999999999999773	trials	120	s120_J210628	coCe	16	180.0	3	838.764	839.063
839.08	0.8999999999999773	trials	120	s120_J210628	grCe_grSu12Mi	9	0.0	3	839.38	839.68
839.697	0.8999999999999773	trials	120	s120_J210628	grCe_grSu12Mi	9	180.0	3	839.997	840.297
844.773	0.8999999999999773	trials	120	s120_J210628	grCe_grSu6CiNe_PS	19	180.0	3	845.073	845.372
845.3810000000001	0.8999999999999773	trials	120	s120_J210628	grCe_grSu12SmCiNe	13	315.0	3	845.681	845.981
849.0730000000001	0.8999999999999773	trials	120	s120_J210628	grCe_grSu6Ne	7	270.0	3	849.373	849.673
849.682	0.8999999999999773	trials	120	s120_J210628	grCe_grSu1Ne	3	45.0	3	849.982	850.281
850.2900000000001	0.8999999999999773	trials	120	s120_J210628	coCe_grSu6Ne	17	315.0	3	850.59	850.89
855.407	0.8999999999999773	trials	120	s120_J210628	grCe_grSu6Ne	7	315.0	3	855.707	856.007
856.033	0.8999999999999773	trials	120	s120_J210628	grCe_grSu18Fa	11	45.0	3	856.333	856.632
864.7420000000001	0.8999999999999773	trials	120	s120_J210628	grSu12SmCiNe	12		3	865.042	865.342
868.926	0.8999999999999773	trials	120	s120_J210628	grCe_grSu6Ne_PS	18	90.0	3	869.226	869.525
869.551	0.8999999999999773	trials	120	s120_J210628	grCe_grSu6CiNe_PS	19	0.0	3	869.851	870.15
870.159	0.8999999999999773	trials	120	s120_J210628	grSu1Ne	2		3	870.459	870.759
875.243	0.8999999999999773	trials	120	s120_J210628	grCe_grSu6Ne	7	45.0	3	875.543	875.843
875.885	0.8999999999999773	trials	120	s120_J210628	grCe_grSu3Ne	5	270.0	3	876.185	876.485
879.361	0.8999999999999773	trials	120	s120_J210628	grCe_grSu12SmCiNe_PS	21	135.0	3	879.661	879.96
880.594	0.8999999999999773	trials	120	s120_J210628	grCe_grSu6CiNe	15	180.0	3	880.894	881.194
888.878	0.8999999999999773	trials	120	s120_J210628	grCe_grSu12Mi	9	45.0	3	889.178	889.478
893.529	0.8999999999999773	trials	120	s120_J210628	grCe_grSu12Mi	9	90.0	3	893.829	894.129
899.138	0.8999999999999773	trials	120	s120_J210628	grCe_grSu12SmCiNe_PS	21	0.0	3	899.438	899.738
903.7890000000001	0.8999999999999773	trials	120	s120_J210628	grCe_grSu18Fa	11	225.0	3	904.089	904.388
904.397	0.8999999999999773	trials	120	s120_J210628	grCe_grSu6CiNe_PS	19	135.0	3	904.697	904.997
912.557	0.8999999999999773	trials	120	s120_J210628	grCe_grSu3Ne	5	315.0	3	912.857	913.156
916.7320000000001	0.8999999999999773	trials	120	s120_J210628	grCe_grSu6CiNe	15	0.0	3	917.032	917.332
923.8580000000001	0.8999999999999773	trials	120	s120_J210628	grCe_grSu3Ne	5	45.0	3	924.158	924.458
924.475	0.8999999999999773	trials	120	s120_J210628	grCe_grSu12Mi	9	135.0	3	924.775	925.074
929.1170000000001	0.8999999999999773	trials	120	s120_J210628	grCe_grSu12SmCiNe_PS	21	180.0	3	929.417	929.717
929.725	0.8999999999999773	trials	120	s120_J210628	grCe_grSu6CiNe	15	90.0	3	930.025	930.325
934.8090000000001	0.8999999999999773	trials	120	s120_J210628	grCe_grSu12Mi	9	225.0	3	935.109	935.409
941.1270000000001	0.8999999999999773	trials	120	s120_J210628	grCe_grSu18Fa	11	180.0	3	941.427	941.726
941.735	0.8999999999999773	trials	120	s120_J210628	grCe_grSu12SmCiNe_PS	21	315.0	3	942.035	942.335
942.344	0.8999999999999773	trials	120	s120_J210628	grCe_grSu6Ne_PS	18	315.0	3	942.644	942.943
947.4780000000001	0.8999999999999773	trials	120	s120_J210628	grCe	1	270.0	3	947.778	948.077
948.12	0.8999999999999773	trials	120	s120_J210628	grCe_grSu6Ne_PS	18	270.0	3	948.42	948.719
948.753	0.8999999999999773	trials	120	s120_J210628	grCe_grSu12SmCiNe_PS	21	270.0	3	949.053	949.352
954.0540000000001	0.8999999999999773	trials	120	s120_J210628	coCe	16	225.0	3	954.354	954.653
954.662	0.8999999999999773	trials	120	s120_J210628	grCe_grSu6CiNe_PS	19	270.0	3	954.962	955.262
961.763	0.8999999999999773	trials	120	s120_J210628	coCe	16	315.0	3	962.063	962.362
962.3710000000001	0.8999999999999773	trials	120	s120_J210628	coCe_grSu6Ne	17	45.0	3	962.671	962.971
967.9720000000001	0.8999999999999773	trials	120	s120_J210628	NoStim	0		3	968.272	968.572
968.58	0.8999999999999773	trials	120	s120_J210628	grCe_grSu12SmCiNe_PS	21	90.0	3	968.88	969.18
969.1890000000001	0.8999999999999773	trials	120	s120_J210628	grCe_grSu12SmCiNe	13	135.0	3	969.489	969.788
974.298	0.8999999999999773	trials	120	s120_J210628	grCe	1	315.0	3	974.598	974.897
974.898	0.8999999999999773	trials	120	s120_J210628	grCe	1	0.0	3	975.198	975.498
978.3900000000001	0.8999999999999773	trials	120	s120_J210628	grCe_grSu6Ne	7	225.0	3	978.69	978.99
982.9240000000001	0.8999999999999773	trials	120	s120_J210628	grCe_grSu3Ne	5	180.0	3	983.224	983.524
986.9250000000001	0.8999999999999773	trials	120	s120_J210628	grCe_grSu12SmCiNe	13	180.0	3	987.225	987.524
987.5250000000001	0.8999999999999773	trials	120	s120_J210628	coCe	16	45.0	3	987.825	988.124
988.133	0.8999999999999773	trials	120	s120_J210628	coCe_grSu6Ne	17	90.0	3	988.433	988.733
993.1170000000001	0.8999999999999773	trials	120	s120_J210628	grCe_grSu3Ne	5	225.0	3	993.417	993.717
994.351	0.8999999999999773	trials	120	s120_J210628	grCe_grSu12SmCiNe_PS	21	225.0	3	994.651	994.95
999.418	0.8999999999999773	trials	120	s120_J210628	grSu18Fa	10		3	999.718	1000.017
1000.0260000000001	0.8999999999999773	trials	120	s120_J210628	coCe_grSu6Ne	17	180.0	3	1000.326	1000.626
1005.6850000000001	0.8999999999999773	trials	120	s120_J210628	grCe_grSu6CiNe	15	270.0	3	1005.985	1006.285
1006.2850000000001	0.8999999999999773	trials	120	s120_J210628	coCe	16	90.0	3	1006.585	1006.885
1006.894	0.8999999999999773	trials	120	s120_J210628	grSu6Ne	6		3	1007.194	1007.493
1013.128	0.8999999999999773	trials	120	s120_J210628	grCe_grSu6CiNe	15	45.0	3	1013.428	1013.727
1018.212	0.8999999999999773	trials	120	s120_J210628	grCe_grSu18Fa	11	90.0	3	1018.512	1018.811
1018.82	0.8999999999999773	trials	120	s120_J210628	grCe	1	135.0	3	1019.12	1019.42
1019.4290000000001	0.8999999999999773	trials	120	s120_J210628	grCe_grSu1Ne	3	225.0	3	1019.729	1020.028
1024.3790000000001	0.8999999999998636	trials	120	s120_J210628	grCe	1	45.0	3	1024.679	1024.979
1024.988	0.8999999999998636	trials	120	s120_J210628	grCe_grSu1Ne	3	180.0	3	1025.288	1025.587
1025.613	0.8999999999998636	trials	120	s120_J210628	grCe_grSu18Fa	11	315.0	3	1025.913	1026.212
1032.0800000000002	0.8999999999998636	trials	120	s120_J210628	grCe_grSu18Fa	11	0.0	3	1032.38	1032.68
1033.3310000000001	0.8999999999998636	trials	120	s120_J210628	grCe_grSu1Ne	3	135.0	3	1033.631	1033.93
1039.448	0.8999999999998636	trials	120	s120_J210628	grCe_grSu6CiNe_PS	19	45.0	3	1039.748	1040.048
1040.056	0.8999999999998636	trials	120	s120_J210628	grCe_grSu6Ne	7	0.0	3	1040.356	1040.656
1050.0240000000001	0.8999999999998636	trials	120	s120_J210628	grCe_grSu3Ne	5	0.0	3	1050.324	1050.624
1050.633	0.8999999999998636	trials	120	s120_J210628	grSu6CiNe	14		3	1050.933	1051.232
1051.241	0.8999999999998636	trials	120	s120_J210628	grCe_grSu6CiNe_PS	19	225.0	3	1051.541	1051.841
1056.217	0.8999999999998636	trials	120	s120_J210628	grCe_grSu6CiNe_PS	19	315.0	3	1056.517	1056.816
1056.825	0.8999999999998636	trials	120	s120_J210628	grCe_grSu12SmCiNe	13	0.0	3	1057.125	1057.425
1057.434	0.8999999999998636	trials	120	s120_J210628	grCe_grSu6CiNe_PS	19	90.0	3	1057.734	1058.033
1062.501	0.8999999999998636	trials	120	s120_J210628	grCe_grSu6Ne	7	135.0	3	1062.801	1063.101
1067.318	0.8999999999998636	trials	120	s120_J210628	grCe	1	180.0	3	1067.618	1067.918
1067.9270000000001	0.8999999999998636	trials	120	s120_J210628	grCe_grSu12SmCiNe	13	45.0	3	1068.227	1068.526
1073.627	0.8999999999998636	trials	120	s120_J210628	grCe_grSu12SmCiNe_PS	21	45.0	3	1073.927	1074.227
1074.236	0.8999999999998636	trials	120	s120_J210628	grCe_grSu1Ne	3	270.0	3	1074.536	1074.835
1074.844	0.8999999999998636	trials	120	s120_J210628	grCe_grSu6Ne_PS	18	135.0	3	1075.144	1075.444
1084.162	0.8999999999998636	trials	120	s120_J210628	grCe_grSu18Fa	11	270.0	3	1084.462	1084.762
1084.771	0.8999999999998636	trials	120	s120_J210628	coCe_grSu6Ne	17	270.0	3	1085.071	1085.37
1085.3790000000001	0.8999999999998636	trials	120	s120_J210628	coCe_grSu6Ne	17	135.0	3	1085.679	1085.979
1091.188	0.8999999999998636	trials	120	s120_J210628	grCe_grSu6Ne	7	0.0	1	1091.488	1091.788
1091.813	0.8999999999998636	trials	120	s120_J210628	grCe_grSu18Fa	11	135.0	1	1092.113	1092.413
1092.422	0.8999999999998636	trials	120	s120_J210628	grCe_grSu6Ne	7	270.0	1	1092.722	1093.021
1102.74	0.8999999999998636	trials	120	s120_J210628	grCe_grSu6Ne_PS	18	270.0	1	1103.04	1103.339
1103.948	0.8999999999998636	trials	120	s120_J210628	grCe	1	270.0	1	1104.248	1104.548
1109.007	0.8999999999998636	trials	120	s120_J210628	grCe	1	225.0	1	1109.307	1109.607
1112.6580000000001	0.8999999999998636	trials	120	s120_J210628	grCe_grSu18Fa	11	225.0	1	1112.958	1113.257
1113.866	0.8999999999998636	trials	120	s120_J210628	coCe	16	90.0	1	1114.166	1114.466
1122.075	0.8999999999998636	trials	120	s120_J210628	grCe_grSu1Ne	3	90.0	1	1122.375	1122.675
1123.3010000000002	0.8999999999998636	trials	120	s120_J210628	grCe_grSu12Mi	9	180.0	1	1123.601	1123.9
1128.901	0.8999999999998636	trials	120	s120_J210628	coCe	16	0.0	1	1129.201	1129.501
1129.526	0.8999999999998636	trials	120	s120_J210628	coCe_grSu6Ne	17	180.0	1	1129.826	1130.126
1134.71	0.8999999999998636	trials	120	s120_J210628	grCe_grSu6Ne	7	90.0	1	1135.01	1135.31
1138.928	0.8999999999998636	trials	120	s120_J210628	grCe_grSu6CiNe_PS	19	90.0	1	1139.228	1139.527
1139.5610000000001	0.8999999999998636	trials	120	s120_J210628	grCe_grSu6CiNe_PS	19	45.0	1	1139.861	1140.161
1140.169	0.8999999999998636	trials	120	s120_J210628	grCe_grSu12SmCiNe	13	135.0	1	1140.469	1140.769
1145.212	0.8999999999998636	trials	120	s120_J210628	grCe_grSu6CiNe	15	315.0	1	1145.512	1145.811
1146.429	0.8999999999998636	trials	120	s120_J210628	grCe_grSu1Ne	3	225.0	1	1146.729	1147.028
1156.53	0.8999999999998636	trials	120	s120_J210628	grCe_grSu6Ne	7	135.0	1	1156.83	1157.129
1157.13	0.8999999999998636	trials	120	s120_J210628	grCe	1	45.0	1	1157.43	1157.729
1162.422	0.8999999999998636	trials	120	s120_J210628	grCe_grSu18Fa	11	270.0	1	1162.722	1163.022
1163.031	0.8999999999998636	trials	120	s120_J210628	grCe_grSu12SmCiNe	13	315.0	1	1163.331	1163.63
1163.6390000000001	0.8999999999998636	trials	120	s120_J210628	coCe_grSu6Ne	17	90.0	1	1163.939	1164.239
1172.2820000000002	0.8999999999998636	trials	120	s120_J210628	grCe_grSu12SmCiNe	13	0.0	1	1172.582	1172.881
1172.9070000000002	0.8999999999998636	trials	120	s120_J210628	grCe_grSu12SmCiNe_PS	21	270.0	1	1173.207	1173.507
1176.457	0.8999999999998636	trials	120	s120_J210628	grCe_grSu6Ne_PS	18	225.0	1	1176.757	1177.057
1177.066	0.8999999999998636	trials	120	s120_J210628	grCe_grSu6CiNe_PS	19	135.0	1	1177.366	1177.665
1177.674	0.8999999999998636	trials	120	s120_J210628	coCe_grSu6Ne	17	315.0	1	1177.974	1178.274
1182.6000000000001	0.8999999999998636	trials	120	s120_J210628	coCe	16	225.0	1	1182.9	1183.199
1183.208	0.8999999999998636	trials	120	s120_J210628	grCe_grSu1Ne	3	270.0	1	1183.508	1183.808
1183.825	0.8999999999998636	trials	120	s120_J210628	grCe_grSu12Mi	9	135.0	1	1184.125	1184.425
1192.226	0.8999999999998636	trials	120	s120_J210628	grCe_grSu3Ne	5	0.0	1	1192.526	1192.826
1192.843	0.8999999999998636	trials	120	s120_J210628	grCe_grSu12Mi	9	225.0	1	1193.143	1193.442
1193.46	0.8999999999998636	trials	120	s120_J210628	grSu1Ne	2		1	1193.76	1194.059
1198.844	0.8999999999998636	trials	120	s120_J210628	grCe_grSu6CiNe	15	90.0	1	1199.144	1199.443
1199.469	0.8999999999998636	trials	120	s120_J210628	grCe_grSu18Fa	11	45.0	1	1199.769	1200.068
1200.069	0.8999999999998636	trials	120	s120_J210628	grCe	1	135.0	1	1200.369	1200.668
1206.103	0.8999999999998636	trials	120	s120_J210628	grCe	1	90.0	1	1206.403	1206.703
1206.736	0.8999999999998636	trials	120	s120_J210628	grCe_grSu12SmCiNe_PS	21	225.0	1	1207.036	1207.336
1222.755	0.8999999999998636	trials	120	s120_J210628	grCe_grSu3Ne	5	45.0	1	1223.055	1223.355
1223.364	0.8999999999998636	trials	120	s120_J210628	grCe_grSu1Ne	3	135.0	1	1223.664	1223.963
1228.573	0.8999999999998636	trials	120	s120_J210628	grCe_grSu6Ne	7	225.0	1	1228.873	1229.172
1229.2060000000001	0.8999999999998636	trials	120	s120_J210628	grCe_grSu12SmCiNe	13	225.0	1	1229.506	1229.806
1234.79	0.8999999999998636	trials	120	s120_J210628	grSu6CiNe	14		1	1235.09	1235.39
1235.415	0.8999999999998636	trials	120	s120_J210628	grCe_grSu18Fa	11	90.0	1	1235.715	1236.015
1236.0240000000001	0.8999999999998636	trials	120	s120_J210628	grCe_grSu6Ne_PS	18	90.0	1	1236.324	1236.623
1241.516	0.8999999999998636	trials	120	s120_J210628	grCe_grSu18Fa	11	180.0	1	1241.816	1242.115
1242.758	0.8999999999998636	trials	120	s120_J210628	grCe_grSu12Mi	9	270.0	1	1243.058	1243.357
1247.883	0.8999999999998636	trials	120	s120_J210628	coSu6Ne	20		1	1248.183	1248.483
1252.834	0.8999999999998636	trials	120	s120_J210628	grCe_grSu6CiNe	15	270.0	1	1253.134	1253.434
1253.442	0.8999999999998636	trials	120	s120_J210628	grCe_grSu3Ne	5	135.0	1	1253.742	1254.042
1254.059	0.8999999999998636	trials	120	s120_J210628	grCe_grSu3Ne	5	270.0	1	1254.359	1254.659
1259.0520000000001	0.8999999999998636	trials	120	s120_J210628	grCe_grSu1Ne	3	0.0	1	1259.352	1259.651
1259.66	0.8999999999998636	trials	120	s120_J210628	grCe_grSu3Ne	5	225.0	1	1259.96	1260.259
1260.268	0.8999999999998636	trials	120	s120_J210628	grCe_grSu12SmCiNe_PS	21	0.0	1	1260.568	1260.868
1269.361	0.8999999999998636	trials	120	s120_J210628	grCe_grSu1Ne	3	180.0	1	1269.661	1269.961
1269.978	0.8999999999998636	trials	120	s120_J210628	coCe_grSu6Ne	17	0.0	1	1270.278	1270.577
1270.586	0.8999999999998636	trials	120	s120_J210628	grCe_grSu12SmCiNe	13	180.0	1	1270.886	1271.186
1275.6290000000001	0.8999999999998636	trials	120	s120_J210628	grCe_grSu6CiNe_PS	19	315.0	1	1275.929	1276.228
1276.237	0.8999999999998636	trials	120	s120_J210628	grSu3Ne	4		1	1276.537	1276.837
1276.846	0.8999999999998636	trials	120	s120_J210628	grCe_grSu12SmCiNe	13	270.0	1	1277.146	1277.445
1281.88	0.8999999999998636	trials	120	s120_J210628	coCe_grSu6Ne	17	45.0	1	1282.18	1282.479
1282.505	0.8999999999998636	trials	120	s120_J210628	grCe_grSu12SmCiNe_PS	21	90.0	1	1282.805	1283.104
1283.113	0.8999999999998636	trials	120	s120_J210628	coCe_grSu6Ne	17	135.0	1	1283.413	1283.713
1291.8220000000001	0.8999999999998636	trials	120	s120_J210628	grCe_grSu12SmCiNe_PS	21	135.0	1	1292.122	1292.422
1292.431	0.8999999999998636	trials	120	s120_J210628	grCe_grSu6Ne	7	45.0	1	1292.731	1293.03
1296.131	0.8999999999998636	trials	120	s120_J210628	NoStim	0		1	1296.431	1296.731
1296.748	0.8999999999998636	trials	120	s120_J210628	grCe_grSu12Mi	9	45.0	1	1297.048	1297.348
1297.348	0.8999999999998636	trials	120	s120_J210628	grCe	1	180.0	1	1297.648	1297.948
1302.366	0.8999999999998636	trials	120	s120_J210628	coCe_grSu6Ne	17	225.0	1	1302.666	1302.965
1303.607	0.8999999999998636	trials	120	s120_J210628	grCe_grSu6CiNe	15	225.0	1	1303.907	1304.207
1313.3	0.8999999999998636	trials	120	s120_J210628	grCe_grSu6Ne_PS	18	180.0	1	1313.6	1313.9
1313.909	0.8999999999998636	trials	120	s120_J210628	grCe_grSu6Ne	7	315.0	1	1314.209	1314.508
1314.5420000000001	0.8999999999998636	trials	120	s120_J210628	grCe_grSu18Fa	11	315.0	1	1314.842	1315.142
1320.193	0.8999999999998636	trials	120	s120_J210628	grCe_grSu3Ne	5	315.0	1	1320.493	1320.792
1320.8010000000002	0.8999999999998636	trials	120	s120_J210628	grCe_grSu12SmCiNe	13	90.0	1	1321.101	1321.401
1325.852	0.8999999999998636	trials	120	s120_J210628	grCe_grSu6CiNe_PS	19	270.0	1	1326.152	1326.451
1326.469	0.8999999999998636	trials	120	s120_J210628	grCe_grSu12SmCiNe_PS	21	45.0	1	1326.769	1327.068
1327.069	0.8999999999998636	trials	120	s120_J210628	coCe	16	180.0	1	1327.369	1327.668
1332.453	0.8999999999998636	trials	120	s120_J210628	coCe	16	270.0	1	1332.753	1333.052
1333.678	0.8999999999998636	trials	120	s120_J210628	grSu18Fa	10		1	1333.978	1334.277
1338.92	0.8999999999998636	trials	120	s120_J210628	grCe_grSu12Mi	9	0.0	1	1339.22	1339.52
1339.529	0.8999999999998636	trials	120	s120_J210628	grCe_grSu6Ne_PS	18	0.0	1	1339.829	1340.128
1340.137	0.8999999999998636	trials	120	s120_J210628	grCe_grSu6Ne_PS	18	135.0	1	1340.437	1340.737
1345.229	0.8999999999998636	trials	120	s120_J210628	grSu6Ne	6		1	1345.529	1345.829
1345.854	0.8999999999998636	trials	120	s120_J210628	coCe_grSu6Ne	17	270.0	1	1346.154	1346.454
1355.314	0.8999999999998636	trials	120	s120_J210628	grCe_grSu6CiNe	15	45.0	1	1355.614	1355.914
1359.406	0.8999999999998636	trials	120	s120_J210628	grCe_grSu1Ne	3	45.0	1	1359.706	1360.006
1360.015	0.8999999999998636	trials	120	s120_J210628	grCe	1	0.0	1	1360.315	1360.614
1365.6490000000001	0.8999999999998636	trials	120	s120_J210628	coCe	16	135.0	1	1365.949	1366.248
1374.4	0.8999999999998636	trials	120	s120_J210628	grCe_grSu12SmCiNe	13	45.0	1	1374.7	1374.999
1375.008	0.8999999999998636	trials	120	s120_J210628	grSu12SmCiNe	12		1	1375.308	1375.608
1380.026	0.8999999999998636	trials	120	s120_J210628	grCe_grSu6CiNe_PS	19	180.0	1	1380.326	1380.625
1381.2340000000002	0.8999999999998636	trials	120	s120_J210628	coCe	16	315.0	1	1381.534	1381.834
1386.185	0.8999999999998636	trials	120	s120_J210628	grCe_grSu12Mi	9	315.0	1	1386.485	1386.784
1386.8010000000002	0.8999999999998636	trials	120	s120_J210628	grCe_grSu6CiNe	15	0.0	1	1387.101	1387.401
1387.4180000000001	0.8999999999998636	trials	120	s120_J210628	grCe_grSu12Mi	9	90.0	1	1387.718	1388.018
1392.519	0.8999999999998636	trials	120	s120_J210628	grCe	1	315.0	1	1392.819	1393.118
1393.127	0.8999999999998636	trials	120	s120_J210628	grCe_grSu6Ne_PS	18	45.0	1	1393.427	1393.727
1393.752	0.8999999999998636	trials	120	s120_J210628	grCe_grSu18Fa	11	0.0	1	1394.052	1394.352
1398.886	0.8999999999998636	trials	120	s120_J210628	grCe_grSu3Ne	5	180.0	1	1399.186	1399.486
1399.4950000000001	0.8999999999998636	trials	120	s120_J210628	grCe_grSu6CiNe_PS	19	0.0	1	1399.795	1400.094
1405.3790000000001	0.8999999999998636	trials	120	s120_J210628	grCe_grSu6Ne_PS	18	315.0	1	1405.679	1405.978
1409.2540000000001	0.8999999999998636	trials	120	s120_J210628	grCe_grSu6Ne	7	180.0	1	1409.554	1409.854
1409.863	0.8999999999998636	trials	120	s120_J210628	grCe_grSu3Ne	5	90.0	1	1410.163	1410.462
1410.471	0.8999999999998636	trials	120	s120_J210628	grSu12Mi	8		1	1410.771	1411.071
1419.789	0.8999999999998636	trials	120	s120_J210628	coCe	16	45.0	1	1420.089	1420.389
1420.397	0.8999999999998636	trials	120	s120_J210628	grCe_grSu1Ne	3	315.0	1	1420.697	1420.997
1426.115	0.8999999999998636	trials	120	s120_J210628	grCe_grSu6CiNe	15	135.0	1	1426.415	1426.714
1426.723	0.8999999999998636	trials	120	s120_J210628	grCe_grSu6CiNe_PS	19	225.0	1	1427.023	1427.323
1427.332	0.8999999999998636	trials	120	s120_J210628	grCe_grSu12SmCiNe_PS	21	315.0	1	1427.632	1427.931
1432.257	0.8999999999998636	trials	120	s120_J210628	grCe_grSu6CiNe	15	180.0	1	1432.557	1432.857
1432.866	0.8999999999998636	trials	120	s120_J210628	grCe_grSu12SmCiNe_PS	21	180.0	1	1433.166	1433.465
1433.508	0.8999999999998636	trials	120	s120_J210628	grCe	1	0.0	9	1433.808	1434.107
1441.617	0.8999999999998636	trials	120	s120_J210628	coCe	16	225.0	9	1441.917	1442.216
1445.567	0.8999999999998636	trials	120	s120_J210628	grCe_grSu6Ne_PS	18	180.0	9	1445.867	1446.167
1446.193	0.8999999999998636	trials	120	s120_J210628	coCe_grSu6Ne	17	225.0	9	1446.493	1446.792
1446.809	0.8999999999998636	trials	120	s120_J210628	grCe	1	225.0	9	1447.109	1447.409
1454.727	0.8999999999998636	trials	120	s120_J210628	grCe_grSu6CiNe	15	180.0	9	1455.027	1455.326
1455.335	0.8999999999998636	trials	120	s120_J210628	grCe_grSu1Ne	3	225.0	9	1455.635	1455.935
1460.986	0.8999999999998636	trials	120	s120_J210628	grCe	1	270.0	9	1461.286	1461.586
1461.595	0.8999999999998636	trials	120	s120_J210628	grCe_grSu3Ne	5	45.0	9	1461.895	1462.194
1467.212	0.8999999999998636	trials	120	s120_J210628	coCe	16	270.0	9	1467.512	1467.811
1468.454	0.8999999999998636	trials	120	s120_J210628	coCe_grSu6Ne	17	45.0	9	1468.754	1469.053
1473.538	0.8999999999998636	trials	120	s120_J210628	coSu6Ne	20		9	1473.838	1474.137
1474.755	0.8999999999998636	trials	120	s120_J210628	grCe_grSu6CiNe_PS	19	45.0	9	1475.055	1475.354
1483.356	0.8999999999998636	trials	120	s120_J210628	grSu6Ne	6		9	1483.656	1483.955
1483.964	0.8999999999998636	trials	120	s120_J210628	grCe_grSu3Ne	5	315.0	9	1484.264	1484.564
1484.5810000000001	0.8999999999998636	trials	120	s120_J210628	grCe_grSu12Mi	9	0.0	9	1484.881	1485.18
1492.9070000000002	0.8999999999998636	trials	120	s120_J210628	grCe_grSu6CiNe	15	45.0	9	1493.207	1493.506
1496.391	0.8999999999998636	trials	120	s120_J210628	grCe_grSu18Fa	11	225.0	9	1496.691	1496.99
1497.608	0.8999999999998636	trials	120	s120_J210628	grCe_grSu6Ne_PS	18	45.0	9	1497.908	1498.207
1502.608	0.8999999999998636	trials	120	s120_J210628	grCe_grSu18Fa	11	270.0	9	1502.908	1503.208
1503.208	0.8999999999998636	trials	120	s120_J210628	grCe	1	45.0	9	1503.508	1503.808
1503.833	0.8999999999998636	trials	120	s120_J210628	grCe_grSu18Fa	11	45.0	9	1504.133	1504.433
1512.084	0.8999999999998636	trials	120	s120_J210628	grCe_grSu6Ne	7	270.0	9	1512.384	1512.684
1513.2930000000001	0.8999999999998636	trials	120	s120_J210628	coCe	16	315.0	9	1513.593	1513.892
1518.344	0.8999999999998636	trials	120	s120_J210628	grCe_grSu6CiNe_PS	19	180.0	9	1518.644	1518.943
1522.0520000000001	0.8999999999998636	trials	120	s120_J210628	grCe_grSu1Ne	3	90.0	9	1522.352	1522.652
1522.661	0.8999999999998636	trials	120	s120_J210628	grCe_grSu12SmCiNe_PS	21	270.0	9	1522.961	1523.26
1528.32	0.8999999999998636	trials	120	s120_J210628	grCe_grSu6CiNe_PS	19	0.0	9	1528.62	1528.919
1528.9370000000001	0.8999999999998636	trials	120	s120_J210628	grCe_grSu6CiNe	15	315.0	9	1529.237	1529.536
1529.545	0.8999999999998636	trials	120	s120_J210628	grSu3Ne	4		9	1529.845	1530.145
1534.521	0.8999999999998636	trials	120	s120_J210628	grCe_grSu12SmCiNe	13	90.0	9	1534.821	1535.12
1535.1290000000001	0.8999999999998636	trials	120	s120_J210628	grCe_grSu6CiNe	15	0.0	9	1535.429	1535.729
1535.729	0.8999999999998636	trials	120	s120_J210628	grCe	1	180.0	9	1536.029	1536.329
1546.839	0.8999999999998636	trials	120	s120_J210628	grCe_grSu18Fa	11	0.0	9	1547.139	1547.438
1547.439	0.8999999999998636	trials	120	s120_J210628	coCe	16	45.0	9	1547.739	1548.039
1548.0720000000001	0.8999999999998636	trials	120	s120_J210628	grCe_grSu18Fa	11	180.0	9	1548.372	1548.672
1553.4650000000001	0.8999999999998636	trials	120	s120_J210628	grCe_grSu12SmCiNe_PS	21	180.0	9	1553.765	1554.064
1560.8410000000001	0.8999999999998636	trials	120	s120_J210628	grCe_grSu18Fa	11	135.0	9	1561.141	1561.44
1565.775	0.8999999999998636	trials	120	s120_J210628	grCe_grSu6Ne	7	135.0	9	1566.075	1566.374
1566.383	0.8999999999998636	trials	120	s120_J210628	grCe_grSu6CiNe_PS	19	90.0	9	1566.683	1566.983
1567.008	0.8999999999998636	trials	120	s120_J210628	grCe_grSu18Fa	11	315.0	9	1567.308	1567.608
1572.442	0.8999999999998636	trials	120	s120_J210628	grCe_grSu6Ne	7	225.0	9	1572.742	1573.042
1573.0510000000002	0.8999999999998636	trials	120	s120_J210628	grSu12Mi	8		9	1573.351	1573.65
1578.66	0.8999999999998636	trials	120	s120_J210628	grCe_grSu12SmCiNe_PS	21	315.0	9	1578.96	1579.259
1579.268	0.8999999999998636	trials	120	s120_J210628	grCe_grSu3Ne	5	135.0	9	1579.568	1579.868
1579.877	0.8999999999998636	trials	120	s120_J210628	grCe_grSu6CiNe_PS	19	315.0	9	1580.177	1580.476
1585.486	0.8999999999998636	trials	120	s120_J210628	grCe_grSu6CiNe_PS	19	225.0	9	1585.786	1586.085
1586.102	0.8999999999998636	trials	120	s120_J210628	grCe_grSu6Ne_PS	18	90.0	9	1586.402	1586.702
1586.719	0.8999999999998636	trials	120	s120_J210628	grCe_grSu12Mi	9	180.0	9	1587.019	1587.319
1591.803	0.8999999999998636	trials	120	s120_J210628	grCe_grSu6Ne_PS	18	270.0	9	1592.103	1592.403
1592.4370000000001	0.8999999999998636	trials	120	s120_J210628	grCe	1	315.0	9	1592.737	1593.036
1593.045	0.8999999999998636	trials	120	s120_J210628	coCe_grSu6Ne	17	270.0	9	1593.345	1593.644
1598.221	0.8999999999998636	trials	120	s120_J210628	coCe	16	135.0	9	1598.521	1598.82
1601.671	0.8999999999998636	trials	120	s120_J210628	grCe_grSu6CiNe_PS	19	270.0	9	1601.971	1602.271
1602.296	0.8999999999998636	trials	120	s120_J210628	grCe_grSu18Fa	11	90.0	9	1602.596	1602.896
1602.905	0.8999999999998636	trials	120	s120_J210628	grCe_grSu1Ne	3	135.0	9	1603.205	1603.504
1610.8310000000001	0.8999999999998636	trials	120	s120_J210628	grCe_grSu6CiNe	15	270.0	9	1611.131	1611.43
1611.439	0.8999999999998636	trials	120	s120_J210628	grCe_grSu6Ne	7	90.0	9	1611.739	1612.038
1617.173	0.8999999999998636	trials	120	s120_J210628	grCe	1	90.0	9	1617.473	1617.773
1617.781	0.8999999999998636	trials	120	s120_J210628	grCe_grSu12SmCiNe	13	315.0	9	1618.081	1618.381
1618.39	0.8999999999998636	trials	120	s120_J210628	grSu12SmCiNe	12		9	1618.69	1618.989
1623.324	0.8999999999998636	trials	120	s120_J210628	grCe_grSu6CiNe	15	225.0	9	1623.624	1623.923
1623.9660000000001	0.8999999999998636	trials	120	s120_J210628	grCe_grSu12SmCiNe	13	135.0	9	1624.266	1624.565
1624.766	0.8999999999998636	trials	120	s120_J210628	grCe_grSu3Ne	5	225.0	9	1625.066	1625.365
1629.7	0.8999999999998636	trials	120	s120_J210628	grCe_grSu12SmCiNe_PS	21	90.0	9	1630.0	1630.299
1630.308	0.8999999999998636	trials	120	s120_J210628	grCe_grSu12SmCiNe	13	270.0	9	1630.608	1630.908
1630.9170000000001	0.8999999999998636	trials	120	s120_J210628	grCe_grSu3Ne	5	90.0	9	1631.217	1631.516
1635.9170000000001	0.8999999999998636	trials	120	s120_J210628	grCe	1	135.0	9	1636.217	1636.517
1636.517	0.8999999999998636	trials	120	s120_J210628	coCe	16	0.0	9	1636.817	1637.117
1637.126	0.8999999999998636	trials	120	s120_J210628	grCe_grSu12SmCiNe_PS	21	0.0	9	1637.426	1637.725
1642.126	0.8999999999998636	trials	120	s120_J210628	grCe_grSu6Ne_PS	18	315.0	9	1642.426	1642.726
1642.7350000000001	0.8999999999998636	trials	120	s120_J210628	grCe_grSu12SmCiNe_PS	21	45.0	9	1643.035	1643.334
1643.343	0.8999999999998636	trials	120	s120_J210628	grCe_grSu6CiNe_PS	19	135.0	9	1643.643	1643.943
1648.185	0.8999999999998636	trials	120	s120_J210628	grCe_grSu12SmCiNe	13	180.0	9	1648.485	1648.785
1652.219	0.8999999999998636	trials	120	s120_J210628	coCe_grSu6Ne	17	0.0	9	1652.519	1652.819
1652.828	0.8999999999998636	trials	120	s120_J210628	grCe_grSu1Ne	3	180.0	9	1653.128	1653.427
1653.428	0.8999999999998636	trials	120	s120_J210628	coCe	16	90.0	9	1653.728	1654.027
1658.537	0.8999999999998636	trials	120	s120_J210628	grCe_grSu1Ne	3	45.0	9	1658.837	1659.136
1662.621	0.8999999999998636	trials	120	s120_J210628	grCe_grSu3Ne	5	180.0	9	1662.921	1663.22
1667.438	0.8999999999998636	trials	120	s120_J210628	grCe_grSu6CiNe	15	90.0	9	1667.738	1668.037
1673.539	0.8999999999998636	trials	120	s120_J210628	grCe_grSu6Ne_PS	18	0.0	9	1673.839	1674.138
1674.147	0.8999999999998636	trials	120	s120_J210628	coCe_grSu6Ne	17	90.0	9	1674.447	1674.747
1679.439	0.8999999999998636	trials	120	s120_J210628	grCe_grSu1Ne	3	0.0	9	1679.739	1680.039
1680.073	0.8999999999998636	trials	120	s120_J210628	grCe_grSu12SmCiNe	13	45.0	9	1680.373	1680.672
1680.748	0.8999999999998636	trials	120	s120_J210628	coCe_grSu6Ne	17	135.0	9	1681.048	1681.348
1685.799	0.8999999999998636	trials	120	s120_J210628	grCe_grSu12SmCiNe	13	0.0	9	1686.099	1686.398
1686.4070000000002	0.8999999999998636	trials	120	s120_J210628	coCe_grSu6Ne	17	180.0	9	1686.707	1687.007
1687.015	0.8999999999998636	trials	120	s120_J210628	grCe_grSu6Ne	7	315.0	9	1687.315	1687.615
1692.049	0.8999999999998636	trials	120	s120_J210628	grCe_grSu6CiNe	15	135.0	9	1692.349	1692.649
1696.275	0.8999999999998636	trials	120	s120_J210628	grCe_grSu6Ne	7	180.0	9	1696.575	1696.875
1696.892	0.8999999999998636	trials	120	s120_J210628	grCe_grSu12Mi	9	315.0	9	1697.192	1697.491
1697.5	0.8999999999998636	trials	120	s120_J210628	grCe_grSu6Ne_PS	18	225.0	9	1697.8	1698.1
1702.334	0.8999999999998636	trials	120	s120_J210628	grSu18Fa	10		9	1702.634	1702.934
1702.943	0.8999999999998636	trials	120	s120_J210628	grCe_grSu12SmCiNe_PS	21	135.0	9	1703.243	1703.542
1703.5510000000002	0.8999999999998636	trials	120	s120_J210628	grCe_grSu6Ne	7	0.0	9	1703.851	1704.15
1708.6100000000001	0.8999999999998636	trials	120	s120_J210628	NoStim	0		9	1708.91	1709.209
1709.218	0.8999999999998636	trials	120	s120_J210628	grCe_grSu6Ne	7	45.0	9	1709.518	1709.818
1709.835	0.8999999999998636	trials	120	s120_J210628	grCe_grSu12Mi	9	45.0	9	1710.135	1710.435
1722.353	0.8999999999998636	trials	120	s120_J210628	grCe_grSu3Ne	5	0.0	9	1722.653	1722.953
1722.962	0.8999999999998636	trials	120	s120_J210628	grSu1Ne	2		9	1723.262	1723.561
1723.579	0.8999999999998636	trials	120	s120_J210628	grCe_grSu12Mi	9	270.0	9	1723.879	1724.178
1732.338	0.8999999999998636	trials	120	s120_J210628	grCe_grSu1Ne	3	315.0	9	1732.638	1732.938
1737.9550000000002	0.8999999999998636	trials	120	s120_J210628	grCe_grSu6Ne_PS	18	135.0	9	1738.255	1738.555
1738.589	0.8999999999998636	trials	120	s120_J210628	grCe_grSu12SmCiNe_PS	21	225.0	9	1738.889	1739.188
1744.748	0.8999999999998636	trials	120	s120_J210628	grCe_grSu12Mi	9	135.0	9	1745.048	1745.347
1745.365	0.8999999999998636	trials	120	s120_J210628	grCe_grSu12Mi	9	90.0	9	1745.665	1745.964
1745.973	0.8999999999998636	trials	120	s120_J210628	grCe_grSu3Ne	5	270.0	9	1746.273	1746.573
1750.849	0.8999999999998636	trials	120	s120_J210628	grSu6CiNe	14		9	1751.149	1751.448
1751.449	0.8999999999998636	trials	120	s120_J210628	coCe	16	180.0	9	1751.749	1752.048
1752.066	0.8999999999998636	trials	120	s120_J210628	grCe_grSu12Mi	9	225.0	9	1752.366	1752.665
1757.733	0.8999999999998636	trials	120	s120_J210628	grCe_grSu12SmCiNe	13	225.0	9	1758.033	1758.332
1758.3410000000001	0.8999999999998636	trials	120	s120_J210628	coCe_grSu6Ne	17	315.0	9	1758.641	1758.941
1763.1670000000001	0.8999999999998636	trials	120	s120_J210628	grCe_grSu1Ne	3	270.0	9	1763.467	1763.767
1763.775	0.8999999999998636	trials	120	s120_J210628	grSu12SmCiNe	12		4	1764.075	1764.375
1764.384	0.8999999999998636	trials	120	s120_J210628	grSu6Ne	6		4	1764.684	1764.983
1769.209	0.8999999999998636	trials	120	s120_J210628	coCe	16	315.0	4	1769.509	1769.809
1770.443	0.8999999999998636	trials	120	s120_J210628	grCe_grSu18Fa	11	45.0	4	1770.743	1771.042
1779.211	0.8999999999998636	trials	120	s120_J210628	grCe_grSu12SmCiNe	13	0.0	4	1779.511	1779.81
1785.853	0.8999999999998636	trials	120	s120_J210628	grCe_grSu6Ne	7	225.0	4	1786.153	1786.453
1786.5030000000002	0.8999999999998636	trials	120	s120_J210628	grCe_grSu12SmCiNe_PS	21	0.0	4	1786.803	1787.103
1787.112	0.8999999999998636	trials	120	s120_J210628	coCe_grSu6Ne	17	315.0	4	1787.412	1787.711
1792.179	0.8999999999998636	trials	120	s120_J210628	grCe_grSu12SmCiNe	13	180.0	4	1792.479	1792.779
1795.871	0.8999999999998636	trials	120	s120_J210628	grCe_grSu18Fa	11	315.0	4	1796.171	1796.471
1797.088	0.8999999999998636	trials	120	s120_J210628	grCe_grSu6Ne_PS	18	315.0	4	1797.388	1797.688
1802.097	0.8999999999998636	trials	120	s120_J210628	grCe	1	135.0	4	1802.397	1802.697
1812.19	0.8999999999998636	trials	120	s120_J210628	grCe_grSu6CiNe	15	180.0	4	1812.49	1812.79
1812.807	0.8999999999998636	trials	120	s120_J210628	grCe_grSu12Mi	9	315.0	4	1813.107	1813.406
1813.4070000000002	0.8999999999998636	trials	120	s120_J210628	grCe	1	45.0	4	1813.707	1814.006
1818.3990000000001	0.8999999999998636	trials	120	s120_J210628	grCe_grSu6Ne_PS	18	180.0	4	1818.699	1818.999
1818.999	0.8999999999998636	trials	120	s120_J210628	coCe	16	45.0	4	1819.299	1819.599
1819.641	0.8999999999998636	trials	120	s120_J210628	grCe_grSu6Ne	7	0.0	4	1819.941	1820.241
1824.7	0.8999999999998636	trials	120	s120_J210628	grCe_grSu6Ne_PS	18	90.0	4	1825.0	1825.3
1825.308	0.8999999999998636	trials	120	s120_J210628	grCe_grSu6Ne_PS	18	0.0	4	1825.608	1825.908
1825.925	0.8999999999998636	trials	120	s120_J210628	grCe_grSu6CiNe	15	135.0	4	1826.225	1826.525
1831.034	0.8999999999998636	trials	120	s120_J210628	grCe_grSu12Mi	9	0.0	4	1831.334	1831.634
1831.643	0.8999999999998636	trials	120	s120_J210628	grCe_grSu12SmCiNe	13	135.0	4	1831.943	1832.242
1832.251	0.8999999999998636	trials	120	s120_J210628	grCe_grSu1Ne	3	315.0	4	1832.551	1832.851
1841.1190000000001	0.8999999999998636	trials	120	s120_J210628	grCe_grSu6Ne_PS	18	225.0	4	1841.419	1841.718
1841.736	0.8999999999998636	trials	120	s120_J210628	grCe_grSu12SmCiNe_PS	21	225.0	4	1842.036	1842.335
1842.344	0.8999999999998636	trials	120	s120_J210628	coCe_grSu6Ne	17	270.0	4	1842.644	1842.943
1850.787	0.8999999999998636	trials	120	s120_J210628	coSu6Ne	20		4	1851.087	1851.386
1851.395	0.8999999999998636	trials	120	s120_J210628	grCe_grSu6CiNe	15	225.0	4	1851.695	1851.995
1852.02	0.8999999999998636	trials	120	s120_J210628	grCe_grSu18Fa	11	180.0	4	1852.32	1852.62
1857.721	0.8999999999998636	trials	120	s120_J210628	grCe_grSu18Fa	11	135.0	4	1858.021	1858.32
1858.3210000000001	0.8999999999998636	trials	120	s120_J210628	coCe	16	135.0	4	1858.621	1858.921
1863.305	0.8999999999998636	trials	120	s120_J210628	grCe_grSu12SmCiNe_PS	21	180.0	4	1863.605	1863.905
1864.564	0.8999999999998636	trials	120	s120_J210628	grCe_grSu18Fa	11	0.0	4	1864.864	1865.163
1869.739	0.8999999999998636	trials	120	s120_J210628	grCe_grSu6Ne_PS	18	45.0	4	1870.039	1870.339
1870.348	0.8999999999998636	trials	120	s120_J210628	grCe_grSu12SmCiNe_PS	21	45.0	4	1870.648	1870.947
1870.9560000000001	0.8999999999998636	trials	120	s120_J210628	grSu1Ne	2		4	1871.256	1871.556
1875.848	0.8999999999998636	trials	120	s120_J210628	grCe_grSu3Ne	5	45.0	4	1876.148	1876.448
1876.457	0.8999999999998636	trials	120	s120_J210628	grSu12Mi	8		4	1876.757	1877.056
1881.949	0.8999999999998636	trials	120	s120_J210628	grCe_grSu6CiNe_PS	19	0.0	4	1882.249	1882.549
1882.558	0.8999999999998636	trials	120	s120_J210628	grCe_grSu6Ne	7	270.0	4	1882.858	1883.157
1883.166	0.8999999999998636	trials	120	s120_J210628	grSu3Ne	4		4	1883.466	1883.765
1888.25	0.8999999999998636	trials	120	s120_J210628	grCe_grSu12SmCiNe	13	90.0	4	1888.55	1888.849
1895.134	0.8999999999998636	trials	120	s120_J210628	grCe_grSu6CiNe_PS	19	45.0	4	1895.434	1895.734
1895.751	0.8999999999998636	trials	120	s120_J210628	grCe_grSu12Mi	9	90.0	4	1896.051	1896.35
1901.102	0.8999999999998636	trials	120	s120_J210628	grCe_grSu1Ne	3	90.0	4	1901.402	1901.701
1906.461	0.8999999999998636	trials	120	s120_J210628	grCe_grSu3Ne	5	180.0	4	1906.761	1907.06
1907.086	0.8999999999998636	trials	120	s120_J210628	NoStim	0		4	1907.386	1907.685
1912.103	0.8999999999998636	trials	120	s120_J210628	grCe_grSu6CiNe	15	315.0	4	1912.403	1912.703
1912.703	0.8999999999998636	trials	120	s120_J210628	coCe	16	90.0	4	1913.003	1913.303
1913.3120000000001	0.8999999999998636	trials	120	s120_J210628	grCe_grSu6Ne_PS	18	270.0	4	1913.612	1913.911
1921.971	0.8999999999998636	trials	120	s120_J210628	coCe_grSu6Ne	17	90.0	4	1922.271	1922.57
1932.289	0.8999999999998636	trials	120	s120_J210628	grCe_grSu6Ne	7	135.0	4	1932.589	1932.889
1933.5810000000001	0.8999999999998636	trials	120	s120_J210628	coCe_grSu6Ne	17	135.0	4	1933.881	1934.18
1938.7730000000001	0.8999999999998636	trials	120	s120_J210628	grCe	1	270.0	4	1939.073	1939.373
1943.815	0.8999999999998636	trials	120	s120_J210628	grCe_grSu12SmCiNe_PS	21	135.0	4	1944.115	1944.415
1944.449	0.8999999999998636	trials	120	s120_J210628	grCe_grSu18Fa	11	270.0	4	1944.749	1945.048
1949.458	0.8999999999998636	trials	120	s120_J210628	coCe_grSu6Ne	17	225.0	4	1949.758	1950.057
1950.066	0.8999999999998636	trials	120	s120_J210628	grCe_grSu6CiNe_PS	19	225.0	4	1950.366	1950.666
1950.666	0.8999999999998636	trials	120	s120_J210628	grCe	1	315.0	4	1950.966	1951.266
1955.9170000000001	0.8999999999998636	trials	120	s120_J210628	grCe_grSu6Ne	7	180.0	4	1956.217	1956.517
1956.517	0.8999999999998636	trials	120	s120_J210628	coCe	16	270.0	4	1956.817	1957.117
1957.126	0.8999999999998636	trials	120	s120_J210628	grCe_grSu1Ne	3	0.0	4	1957.426	1957.725
1966.01	0.8999999999998636	trials	120	s120_J210628	grCe_grSu12SmCiNe	13	270.0	4	1966.31	1966.61
1973.886	0.8999999999998636	trials	120	s120_J210628	grCe_grSu6Ne_PS	18	135.0	4	1974.186	1974.486
1975.121	0.8999999999998636	trials	120	s120_J210628	grCe_grSu12Mi	9	225.0	4	1975.421	1975.72
1980.2050000000002	0.8999999999998636	trials	120	s120_J210628	grCe	1	0.0	4	1980.505	1980.804
1980.813	0.8999999999998636	trials	120	s120_J210628	coCe_grSu6Ne	17	180.0	4	1981.113	1981.412
1981.421	0.8999999999998636	trials	120	s120_J210628	grCe_grSu6Ne	7	315.0	4	1981.721	1982.021
1986.439	0.8999999999998636	trials	120	s120_J210628	grCe_grSu1Ne	3	225.0	4	1986.739	1987.038
1997.365	0.8999999999998636	trials	120	s120_J210628	grCe_grSu3Ne	5	225.0	4	1997.665	1997.965
1997.974	0.8999999999998636	trials	120	s120_J210628	grCe_grSu6CiNe	15	45.0	4	1998.274	1998.573
2002.174	0.8999999999998636	trials	120	s120_J210628	grCe	1	180.0	4	2002.474	2002.774
2002.7820000000002	0.8999999999998636	trials	120	s120_J210628	grCe_grSu12SmCiNe_PS	21	315.0	4	2003.082	2003.382
2003.391	0.8999999999998636	trials	120	s120_J210628	grCe_grSu1Ne	3	135.0	4	2003.691	2003.99
2008.933	0.8999999999998636	trials	120	s120_J210628	coCe_grSu6Ne	17	0.0	4	2009.233	2009.533
2009.5330000000001	0.8999999999998636	trials	120	s120_J210628	coCe	16	225.0	4	2009.833	2010.133
2010.175	0.8999999999998636	trials	120	s120_J210628	grCe_grSu12Mi	9	45.0	4	2010.475	2010.775
2016.501	0.8999999999998636	trials	120	s120_J210628	grCe_grSu1Ne	3	270.0	4	2016.801	2017.1
2017.1090000000002	0.8999999999998636	trials	120	s120_J210628	grCe_grSu1Ne	3	45.0	4	2017.409	2017.709
2017.718	0.8999999999998636	trials	120	s120_J210628	grCe_grSu6CiNe_PS	19	180.0	4	2018.018	2018.317
2023.46	0.8999999999998636	trials	120	s120_J210628	grCe_grSu6CiNe	15	270.0	4	2023.76	2024.06
2024.102	0.8999999999998636	trials	120	s120_J210628	grCe_grSu12Mi	9	135.0	4	2024.402	2024.701
2024.71	0.8999999999998636	trials	120	s120_J210628	grCe_grSu6Ne	7	45.0	4	2025.01	2025.31
2030.344	0.8999999999998636	trials	120	s120_J210628	grCe	1	225.0	4	2030.644	2030.944
2030.953	0.8999999999998636	trials	120	s120_J210628	grCe_grSu3Ne	5	0.0	4	2031.253	2031.552
2031.5610000000001	0.8999999999998636	trials	120	s120_J210628	grCe_grSu12SmCiNe_PS	21	90.0	4	2031.861	2032.161
2041.054	0.8999999999998636	trials	120	s120_J210628	grSu6CiNe	14		4	2041.354	2041.654
2041.679	0.8999999999998636	trials	120	s120_J210628	grCe_grSu18Fa	11	225.0	4	2041.979	2042.279
2042.288	0.8999999999998636	trials	120	s120_J210628	grCe_grSu3Ne	5	90.0	4	2042.588	2042.887
2051.872	0.900000000000091	trials	120	s120_J210628	grCe_grSu12SmCiNe	13	225.0	4	2052.172	2052.472
2052.4809999999998	0.900000000000091	trials	120	s120_J210628	grCe_grSu6CiNe	15	90.0	4	2052.781	2053.08
2053.122	0.900000000000091	trials	120	s120_J210628	grCe_grSu6Ne	7	90.0	4	2053.422	2053.722
2070.7	0.900000000000091	trials	120	s120_J210628	grCe_grSu3Ne	5	315.0	4	2071.0	2071.299
2071.933	0.900000000000091	trials	120	s120_J210628	grCe_grSu18Fa	11	90.0	4	2072.233	2072.533
2076.942	0.900000000000091	trials	120	s120_J210628	coCe_grSu6Ne	17	45.0	4	2077.242	2077.542
2077.542	0.900000000000091	trials	120	s120_J210628	grCe	1	90.0	4	2077.842	2078.142
2078.142	0.900000000000091	trials	120	s120_J210628	coCe	16	180.0	4	2078.442	2078.742
2083.335	0.900000000000091	trials	120	s120_J210628	grCe_grSu12Mi	9	180.0	4	2083.635	2083.934
2083.9429999999998	0.900000000000091	trials	120	s120_J210628	grCe_grSu3Ne	5	135.0	4	2084.243	2084.543
2087.9939999999997	0.900000000000091	trials	120	s120_J210628	grCe_grSu6CiNe_PS	19	135.0	4	2088.294	2088.593
2092.711	0.900000000000091	trials	120	s120_J210628	grCe_grSu12SmCiNe	13	45.0	4	2093.011	2093.31
2093.319	0.900000000000091	trials	120	s120_J210628	grCe_grSu12SmCiNe_PS	21	270.0	4	2093.619	2093.919
2099.5699999999997	0.900000000000091	trials	120	s120_J210628	grCe_grSu6CiNe_PS	19	90.0	4	2099.87	2100.17
2100.203	0.900000000000091	trials	120	s120_J210628	grCe_grSu6CiNe_PS	19	270.0	4	2100.503	2100.803
2100.8199999999997	0.900000000000091	trials	120	s120_J210628	grCe_grSu12Mi	9	270.0	4	2101.12	2101.42
2106.096	0.900000000000091	trials	120	s120_J210628	grCe_grSu12SmCiNe	13	315.0	4	2106.396	2106.695
2106.7129999999997	0.900000000000091	trials	120	s120_J210628	grCe_grSu3Ne	5	270.0	4	2107.013	2107.312
2107.363	0.900000000000091	trials	120	s120_J210628	grSu18Fa	10		4	2107.663	2107.962
2112.805	0.900000000000091	trials	120	s120_J210628	grCe_grSu6CiNe_PS	19	315.0	4	2113.105	2113.405
2113.4139999999998	0.900000000000091	trials	120	s120_J210628	grCe_grSu1Ne	3	180.0	4	2113.714	2114.013
2114.0139999999997	0.900000000000091	trials	120	s120_J210628	coCe	16	0.0	4	2114.314	2114.613
2119.073	0.900000000000091	trials	120	s120_J210628	grCe_grSu6CiNe	15	0.0	4	2119.373	2119.672
2119.681	0.900000000000091	trials	120	s120_J210628	grCe_grSu6Ne_PS	18	0.0	7	2119.981	2120.281
2120.298	0.900000000000091	trials	120	s120_J210628	grCe_grSu12Mi	9	0.0	7	2120.598	2120.897
2125.665	0.900000000000091	trials	120	s120_J210628	grCe_grSu12SmCiNe_PS	21	225.0	7	2125.965	2126.265
2126.29	0.900000000000091	trials	120	s120_J210628	grCe_grSu18Fa	11	90.0	7	2126.59	2126.89
2142.1589999999997	0.900000000000091	trials	120	s120_J210628	grCe_grSu6Ne	7	90.0	7	2142.459	2142.758
2147.16	0.900000000000091	trials	120	s120_J210628	grCe_grSu6CiNe_PS	19	180.0	7	2147.46	2147.759
2153.669	0.900000000000091	trials	120	s120_J210628	grCe_grSu12SmCiNe_PS	21	45.0	7	2153.969	2154.268
2154.277	0.900000000000091	trials	120	s120_J210628	grCe_grSu1Ne	3	135.0	7	2154.577	2154.877
2154.886	0.900000000000091	trials	120	s120_J210628	grCe_grSu1Ne	3	225.0	7	2155.186	2155.485
2159.995	0.900000000000091	trials	120	s120_J210628	coCe	16	180.0	7	2160.295	2160.594
2164.087	0.900000000000091	trials	120	s120_J210628	grCe_grSu3Ne	5	0.0	7	2164.387	2164.686
2164.7039999999997	0.900000000000091	trials	120	s120_J210628	grCe_grSu12Mi	9	180.0	7	2165.004	2165.303
2165.312	0.900000000000091	trials	120	s120_J210628	grCe_grSu6Ne_PS	18	180.0	7	2165.612	2165.911
2174.1879999999996	0.900000000000091	trials	120	s120_J210628	grCe_grSu12SmCiNe	13	135.0	7	2174.488	2174.788
2174.83	0.900000000000091	trials	120	s120_J210628	grCe_grSu3Ne	5	135.0	7	2175.13	2175.429
2175.4379999999996	0.900000000000091	trials	120	s120_J210628	grCe_grSu6Ne	7	45.0	7	2175.738	2176.038
2180.6639999999998	0.900000000000091	trials	120	s120_J210628	grCe_grSu6Ne_PS	18	270.0	7	2180.964	2181.263
2181.872	0.900000000000091	trials	120	s120_J210628	NoStim	0		7	2182.172	2182.472
2187.5649999999996	0.900000000000091	trials	120	s120_J210628	grCe_grSu12SmCiNe	13	180.0	7	2187.865	2188.164
2193.2239999999997	0.900000000000091	trials	120	s120_J210628	grCe_grSu18Fa	11	180.0	7	2193.524	2193.823
2193.832	0.900000000000091	trials	120	s120_J210628	grCe_grSu3Ne	5	225.0	7	2194.132	2194.432
2194.441	0.900000000000091	trials	120	s120_J210628	grCe_grSu12SmCiNe_PS	21	270.0	7	2194.741	2195.04
2199.45	0.900000000000091	trials	120	s120_J210628	grCe_grSu6CiNe	15	180.0	7	2199.75	2200.049
2200.066	0.900000000000091	trials	120	s120_J210628	grCe_grSu12SmCiNe_PS	21	180.0	7	2200.366	2200.666
2200.683	0.900000000000091	trials	120	s120_J210628	grCe_grSu12Mi	9	225.0	7	2200.983	2201.283
2205.759	0.900000000000091	trials	120	s120_J210628	grCe_grSu3Ne	5	90.0	7	2206.059	2206.358
2206.359	0.900000000000091	trials	120	s120_J210628	grCe	1	90.0	7	2206.659	2206.958
2206.9669999999996	0.900000000000091	trials	120	s120_J210628	grCe_grSu6Ne_PS	18	315.0	7	2207.267	2207.567
2211.968	0.900000000000091	trials	120	s120_J210628	coCe	16	0.0	7	2212.268	2212.567
2212.576	0.900000000000091	trials	120	s120_J210628	grCe_grSu12SmCiNe_PS	21	315.0	7	2212.876	2213.176
2213.176	0.900000000000091	trials	120	s120_J210628	coCe	16	225.0	7	2213.476	2213.776
2218.986	0.900000000000091	trials	120	s120_J210628	grSu6CiNe	14		7	2219.286	2219.585
2219.586	0.900000000000091	trials	120	s120_J210628	coCe	16	315.0	7	2219.886	2220.185
2225.328	0.900000000000091	trials	120	s120_J210628	grCe_grSu6Ne	7	270.0	7	2225.628	2225.928
2234.5879999999997	0.900000000000091	trials	120	s120_J210628	coCe	16	45.0	7	2234.888	2235.187
2235.196	0.900000000000091	trials	120	s120_J210628	grCe_grSu6Ne_PS	18	225.0	7	2235.496	2235.796
2235.821	0.900000000000091	trials	120	s120_J210628	grCe_grSu6Ne	7	0.0	7	2236.121	2236.421
2244.689	0.900000000000091	trials	120	s120_J210628	grSu3Ne	4		7	2244.989	2245.288
2245.314	0.900000000000091	trials	120	s120_J210628	grCe_grSu18Fa	11	0.0	7	2245.614	2245.914
2245.922	0.900000000000091	trials	120	s120_J210628	grCe_grSu3Ne	5	180.0	7	2246.222	2246.522
2251.1479999999997	0.900000000000091	trials	120	s120_J210628	grCe_grSu12SmCiNe_PS	21	135.0	7	2251.448	2251.748
2254.9739999999997	0.900000000000091	trials	120	s120_J210628	grCe_grSu6Ne_PS	18	135.0	7	2255.274	2255.573
2255.582	0.900000000000091	trials	120	s120_J210628	grCe_grSu6CiNe	15	225.0	7	2255.882	2256.181
2259.441	0.900000000000091	trials	120	s120_J210628	grCe_grSu6Ne	7	180.0	7	2259.741	2260.04
2260.658	0.900000000000091	trials	120	s120_J210628	grCe_grSu6Ne_PS	18	90.0	7	2260.958	2261.257
2265.567	0.900000000000091	trials	120	s120_J210628	grCe	1	180.0	7	2265.867	2266.166
2266.183	0.900000000000091	trials	120	s120_J210628	grCe_grSu12SmCiNe	13	225.0	7	2266.483	2266.783
2269.8759999999997	0.900000000000091	trials	120	s120_J210628	grCe_grSu18Fa	11	135.0	7	2270.176	2270.475
2270.484	0.900000000000091	trials	120	s120_J210628	grCe_grSu6CiNe	15	270.0	7	2270.784	2271.083
2271.0919999999996	0.900000000000091	trials	120	s120_J210628	grCe_grSu1Ne	3	45.0	7	2271.392	2271.692
2276.076	0.900000000000091	trials	120	s120_J210628	grCe_grSu12Mi	9	315.0	7	2276.376	2276.676
2276.685	0.900000000000091	trials	120	s120_J210628	coCe_grSu6Ne	17	135.0	7	2276.985	2277.284
2277.3179999999998	0.900000000000091	trials	120	s120_J210628	coCe_grSu6Ne	17	225.0	7	2277.618	2277.918
2282.319	0.900000000000091	trials	120	s120_J210628	grCe_grSu1Ne	3	270.0	7	2282.619	2282.918
2282.9269999999997	0.900000000000091	trials	120	s120_J210628	coCe_grSu6Ne	17	45.0	7	2283.227	2283.527
2283.5519999999997	0.900000000000091	trials	120	s120_J210628	grCe_grSu18Fa	11	225.0	7	2283.852	2284.152
2288.6699999999996	0.900000000000091	trials	120	s120_J210628	coCe_grSu6Ne	17	0.0	7	2288.97	2289.269
2292.4779999999996	0.900000000000091	trials	120	s120_J210628	grCe_grSu6Ne	7	315.0	7	2292.778	2293.078
2293.087	0.900000000000091	trials	120	s120_J210628	grCe_grSu6CiNe_PS	19	0.0	7	2293.387	2293.686
2293.712	0.900000000000091	trials	120	s120_J210628	coCe	16	135.0	7	2294.012	2294.311
2304.9629999999997	0.900000000000091	trials	120	s120_J210628	grCe_grSu3Ne	5	45.0	7	2305.263	2305.563
2305.5719999999997	0.900000000000091	trials	120	s120_J210628	grCe_grSu12SmCiNe_PS	21	0.0	7	2305.872	2306.171
2306.189	0.900000000000091	trials	120	s120_J210628	grCe_grSu12Mi	9	90.0	7	2306.489	2306.788
2311.214	0.900000000000091	trials	120	s120_J210628	grCe_grSu6Ne	7	135.0	7	2311.514	2311.814
2311.823	0.900000000000091	trials	120	s120_J210628	grCe_grSu12SmCiNe	13	0.0	7	2312.123	2312.422
2312.431	0.900000000000091	trials	120	s120_J210628	grCe_grSu6CiNe_PS	19	270.0	7	2312.731	2313.031
2318.0649999999996	0.900000000000091	trials	120	s120_J210628	coSu6Ne	20		7	2318.365	2318.665
2318.6899999999996	0.900000000000091	trials	120	s120_J210628	grCe_grSu18Fa	11	270.0	7	2318.99	2319.29
2323.9159999999997	0.900000000000091	trials	120	s120_J210628	grCe_grSu12SmCiNe	13	90.0	7	2324.216	2324.515
2324.5409999999997	0.900000000000091	trials	120	s120_J210628	grCe_grSu12Mi	9	45.0	7	2324.841	2325.14
2325.1659999999997	0.900000000000091	trials	120	s120_J210628	grCe_grSu18Fa	11	315.0	7	2325.466	2325.766
2329.933	0.900000000000091	trials	120	s120_J210628	grCe_grSu3Ne	5	270.0	7	2330.233	2330.533
2330.542	0.900000000000091	trials	120	s120_J210628	grCe_grSu6CiNe	15	45.0	7	2330.842	2331.141
2331.1499999999996	0.900000000000091	trials	120	s120_J210628	grSu6Ne	6		7	2331.45	2331.75
2340.5429999999997	0.900000000000091	trials	120	s120_J210628	grSu1Ne	2		7	2340.843	2341.143
2341.151	0.900000000000091	trials	120	s120_J210628	coCe_grSu6Ne	17	270.0	7	2341.451	2341.751
2346.16	0.900000000000091	trials	120	s120_J210628	grCe	1	45.0	7	2346.46	2346.76
2346.769	0.900000000000091	trials	120	s120_J210628	grCe_grSu6CiNe_PS	19	135.0	7	2347.069	2347.368
2347.377	0.900000000000091	trials	120	s120_J210628	grCe_grSu6CiNe_PS	19	315.0	7	2347.677	2347.977
2353.145	0.900000000000091	trials	120	s120_J210628	grCe	1	0.0	7	2353.445	2353.744
2353.745	0.900000000000091	trials	120	s120_J210628	grCe	1	135.0	7	2354.045	2354.344
2358.52	0.900000000000091	trials	120	s120_J210628	coCe	16	90.0	7	2358.82	2359.12
2359.145	0.900000000000091	trials	120	s120_J210628	grSu18Fa	10		7	2359.445	2359.745
2359.7619999999997	0.900000000000091	trials	120	s120_J210628	grCe_grSu12Mi	9	270.0	7	2360.062	2360.362
2364.9379999999996	0.900000000000091	trials	120	s120_J210628	grCe_grSu6CiNe	15	315.0	7	2365.238	2365.537
2365.546	0.900000000000091	trials	120	s120_J210628	grSu12SmCiNe	12		7	2365.846	2366.146
2374.756	0.900000000000091	trials	120	s120_J210628	grCe_grSu6CiNe	15	0.0	7	2375.056	2375.355
2375.364	0.900000000000091	trials	120	s120_J210628	coCe_grSu6Ne	17	90.0	7	2375.664	2375.964
2375.973	0.900000000000091	trials	120	s120_J210628	grCe_grSu6CiNe	15	135.0	7	2376.273	2376.572
2384.2149999999997	0.900000000000091	trials	120	s120_J210628	grCe	1	270.0	7	2384.515	2384.815
2390.441	0.900000000000091	trials	120	s120_J210628	coCe_grSu6Ne	17	315.0	7	2390.741	2391.041
2391.0499999999997	0.900000000000091	trials	120	s120_J210628	grCe_grSu6Ne	7	225.0	7	2391.35	2391.649
2396.6499999999996	0.900000000000091	trials	120	s120_J210628	grCe_grSu12SmCiNe	13	315.0	7	2396.95	2397.25
2400.209	0.900000000000091	trials	120	s120_J210628	grCe_grSu6Ne_PS	18	45.0	7	2400.509	2400.809
2400.8089999999997	0.900000000000091	trials	120	s120_J210628	grCe	1	225.0	7	2401.109	2401.409
2401.4429999999998	0.900000000000091	trials	120	s120_J210628	grCe_grSu6CiNe_PS	19	45.0	7	2401.743	2402.042
2406.502	0.900000000000091	trials	120	s120_J210628	grCe_grSu12SmCiNe	13	45.0	7	2406.802	2407.101
2407.1099999999997	0.900000000000091	trials	120	s120_J210628	grCe_grSu1Ne	3	90.0	7	2407.41	2407.71
2407.71	0.900000000000091	trials	120	s120_J210628	coCe	16	270.0	7	2408.01	2408.31
2412.877	0.900000000000091	trials	120	s120_J210628	grCe_grSu1Ne	3	180.0	7	2413.177	2413.477
2417.1609999999996	0.900000000000091	trials	120	s120_J210628	grCe_grSu3Ne	5	315.0	7	2417.461	2417.761
2417.7949999999996	0.900000000000091	trials	120	s120_J210628	grCe_grSu1Ne	3	0.0	7	2418.095	2418.394
2418.403	0.900000000000091	trials	120	s120_J210628	grCe_grSu6CiNe	15	90.0	7	2418.703	2419.003
2423.4449999999997	0.900000000000091	trials	120	s120_J210628	grCe_grSu1Ne	3	315.0	7	2423.745	2424.045
2424.7039999999997	0.900000000000091	trials	120	s120_J210628	grCe_grSu12Mi	9	135.0	7	2425.004	2425.303
2429.705	0.900000000000091	trials	120	s120_J210628	grCe_grSu18Fa	11	45.0	7	2430.005	2430.304
2430.3129999999996	0.900000000000091	trials	120	s120_J210628	grCe_grSu12SmCiNe_PS	21	90.0	7	2430.613	2430.913
2430.921	0.900000000000091	trials	120	s120_J210628	grSu12Mi	8		7	2431.221	2431.521
2437.147	0.900000000000091	trials	120	s120_J210628	grCe	1	315.0	7	2437.447	2437.747
2445.448	0.900000000000091	trials	120	s120_J210628	grCe_grSu12SmCiNe	13	270.0	7	2445.748	2446.048
2446.057	0.900000000000091	trials	120	s120_J210628	grCe_grSu6CiNe_PS	19	225.0	7	2446.357	2446.656
2446.665	0.900000000000091	trials	120	s120_J210628	coCe_grSu6Ne	17	180.0	7	2446.965	2447.265
2455.0409999999997	0.900000000000091	trials	120	s120_J210628	grCe_grSu6CiNe_PS	19	90.0	7	2455.341	2455.641
2455.6499999999996	0.900000000000091	trials	120	s120_J210628	coSu6Ne	20		8	2455.95	2456.249
2456.258	0.900000000000091	trials	120	s120_J210628	grCe_grSu6Ne_PS	18	135.0	8	2456.558	2456.858
2461.5499999999997	0.900000000000091	trials	120	s120_J210628	grCe_grSu1Ne	3	270.0	8	2461.85	2462.15
2468.7599999999998	0.900000000000091	trials	120	s120_J210628	grCe_grSu6CiNe_PS	19	0.0	8	2469.06	2469.359
2469.368	0.900000000000091	trials	120	s120_J210628	grCe_grSu6Ne_PS	18	90.0	8	2469.668	2469.968
2475.611	0.900000000000091	trials	120	s120_J210628	coCe	16	135.0	8	2475.911	2476.21
2476.252	0.900000000000091	trials	120	s120_J210628	grCe_grSu6Ne	7	45.0	8	2476.552	2476.852
2481.2279999999996	0.900000000000091	trials	120	s120_J210628	grCe_grSu18Fa	11	135.0	8	2481.528	2481.827
2482.461	0.900000000000091	trials	120	s120_J210628	grCe_grSu18Fa	11	45.0	8	2482.761	2483.061
2487.4449999999997	0.900000000000091	trials	120	s120_J210628	grCe	1	180.0	8	2487.745	2488.045
2491.388	0.900000000000091	trials	120	s120_J210628	grCe_grSu6Ne_PS	18	0.0	8	2491.688	2491.987
2498.1879999999996	0.900000000000091	trials	120	s120_J210628	grCe_grSu6Ne	7	225.0	8	2498.488	2498.788
2499.4469999999997	0.900000000000091	trials	120	s120_J210628	grCe_grSu6CiNe_PS	19	270.0	8	2499.747	2500.047
2504.473	0.900000000000091	trials	120	s120_J210628	grSu3Ne	4		8	2504.773	2505.072
2505.0809999999997	0.900000000000091	trials	120	s120_J210628	grCe_grSu3Ne	5	180.0	8	2505.381	2505.681
2505.723	0.900000000000091	trials	120	s120_J210628	grCe_grSu6Ne	7	270.0	8	2506.023	2506.322
2510.8149999999996	0.900000000000091	trials	120	s120_J210628	coCe	16	270.0	8	2511.115	2511.415
2511.424	0.900000000000091	trials	120	s120_J210628	grSu6Ne	6		8	2511.724	2512.023
2517.274	0.900000000000091	trials	120	s120_J210628	grCe_grSu3Ne	5	225.0	8	2517.574	2517.874
2517.883	0.900000000000091	trials	120	s120_J210628	grCe_grSu12SmCiNe	13	0.0	8	2518.183	2518.482
2518.508	0.900000000000091	trials	120	s120_J210628	grCe_grSu6Ne	7	180.0	8	2518.808	2519.107
2523.792	0.900000000000091	trials	120	s120_J210628	grCe_grSu3Ne	5	45.0	8	2524.092	2524.391
2524.3999999999996	0.900000000000091	trials	120	s120_J210628	coCe_grSu6Ne	17	90.0	8	2524.7	2525.0
2525.009	0.900000000000091	trials	120	s120_J210628	grCe_grSu12SmCiNe_PS	21	180.0	8	2525.309	2525.608
2533.5009999999997	0.900000000000091	trials	120	s120_J210628	grCe_grSu12Mi	9	180.0	8	2533.801	2534.101
2534.727	0.900000000000091	trials	120	s120_J210628	grSu1Ne	2		8	2535.027	2535.326
2539.669	0.900000000000091	trials	120	s120_J210628	grCe_grSu12SmCiNe	13	135.0	8	2539.969	2540.268
2540.294	0.900000000000091	trials	120	s120_J210628	grCe_grSu12Mi	9	315.0	8	2540.594	2540.893
2540.902	0.900000000000091	trials	120	s120_J210628	coCe_grSu6Ne	17	315.0	8	2541.202	2541.502
2546.495	0.900000000000091	trials	120	s120_J210628	grCe_grSu12SmCiNe_PS	21	90.0	8	2546.795	2547.094
2549.995	0.900000000000091	trials	120	s120_J210628	grCe_grSu6Ne	7	135.0	8	2550.295	2550.595
2550.645	0.900000000000091	trials	120	s120_J210628	grCe_grSu1Ne	3	135.0	8	2550.945	2551.245
2551.2949999999996	0.900000000000091	trials	120	s120_J210628	grCe_grSu18Fa	11	270.0	8	2551.595	2551.895
2556.379	0.900000000000091	trials	120	s120_J210628	grCe_grSu1Ne	3	45.0	8	2556.679	2556.979
2560.4469999999997	0.900000000000091	trials	120	s120_J210628	grCe_grSu3Ne	5	270.0	8	2560.747	2561.046
2561.6879999999996	0.900000000000091	trials	120	s120_J210628	grCe_grSu6Ne_PS	18	225.0	8	2561.988	2562.288
2566.739	0.900000000000091	trials	120	s120_J210628	grCe_grSu18Fa	11	225.0	8	2567.039	2567.339
2567.381	0.900000000000091	trials	120	s120_J210628	grCe_grSu6Ne_PS	18	180.0	8	2567.681	2567.98
2567.989	0.900000000000091	trials	120	s120_J210628	grCe_grSu6Ne	7	90.0	8	2568.289	2568.589
2576.54	0.900000000000091	trials	120	s120_J210628	grCe_grSu6Ne	7	315.0	8	2576.84	2577.14
2577.149	0.900000000000091	trials	120	s120_J210628	grCe_grSu6CiNe	15	135.0	8	2577.449	2577.748
2577.7569999999996	0.900000000000091	trials	120	s120_J210628	grCe_grSu6CiNe_PS	19	135.0	8	2578.057	2578.357
2582.774	0.900000000000091	trials	120	s120_J210628	grCe	1	90.0	8	2583.074	2583.374
2583.383	0.900000000000091	trials	120	s120_J210628	grCe_grSu12SmCiNe_PS	21	315.0	8	2583.683	2583.982
2589.0339999999997	0.900000000000091	trials	120	s120_J210628	coCe	16	225.0	8	2589.334	2589.633
2589.6589999999997	0.900000000000091	trials	120	s120_J210628	grCe_grSu12SmCiNe_PS	21	45.0	8	2589.959	2590.258
2590.267	0.900000000000091	trials	120	s120_J210628	coCe_grSu6Ne	17	180.0	8	2590.567	2590.867
2595.359	0.900000000000091	trials	120	s120_J210628	grCe_grSu12Mi	9	225.0	8	2595.659	2595.959
2595.968	0.900000000000091	trials	120	s120_J210628	grCe_grSu12SmCiNe_PS	21	0.0	8	2596.268	2596.567
2596.576	0.900000000000091	trials	120	s120_J210628	grCe_grSu1Ne	3	180.0	8	2596.876	2597.176
2601.769	0.900000000000091	trials	120	s120_J210628	grCe_grSu12Mi	9	45.0	8	2602.069	2602.368
2602.3849999999998	0.900000000000091	trials	120	s120_J210628	grCe_grSu3Ne	5	90.0	8	2602.685	2602.985
2603.1769999999997	0.900000000000091	trials	120	s120_J210628	grCe_grSu3Ne	5	135.0	8	2603.477	2603.777
2608.211	0.900000000000091	trials	120	s120_J210628	coCe_grSu6Ne	17	45.0	8	2608.511	2608.811
2608.8199999999997	0.900000000000091	trials	120	s120_J210628	grCe_grSu12SmCiNe	13	90.0	8	2609.12	2609.419
2609.4359999999997	0.900000000000091	trials	120	s120_J210628	grCe_grSu12Mi	9	135.0	8	2609.736	2610.036
2618.8959999999997	0.900000000000091	trials	120	s120_J210628	coCe	16	45.0	8	2619.196	2619.495
2624.1299999999997	0.900000000000091	trials	120	s120_J210628	grCe_grSu1Ne	3	90.0	8	2624.43	2624.729
2624.747	0.900000000000091	trials	120	s120_J210628	grCe_grSu12Mi	9	0.0	8	2625.047	2625.346
2625.372	0.900000000000091	trials	120	s120_J210628	grCe_grSu18Fa	11	90.0	8	2625.672	2625.971
2630.739	0.900000000000091	trials	120	s120_J210628	grCe_grSu6CiNe_PS	19	315.0	8	2631.039	2631.339
2631.948	0.900000000000091	trials	120	s120_J210628	coCe	16	180.0	8	2632.248	2632.547
2637.39	0.900000000000091	trials	120	s120_J210628	grCe_grSu18Fa	11	315.0	8	2637.69	2637.989
2637.9979999999996	0.900000000000091	trials	120	s120_J210628	grCe_grSu6CiNe	15	225.0	8	2638.298	2638.598
2638.607	0.900000000000091	trials	120	s120_J210628	grCe_grSu6Ne_PS	18	270.0	8	2638.907	2639.206
2644.1409999999996	0.900000000000091	trials	120	s120_J210628	coCe	16	90.0	8	2644.441	2644.74
2644.749	0.900000000000091	trials	120	s120_J210628	grCe_grSu6CiNe	15	315.0	8	2645.049	2645.349
2645.3489999999997	0.900000000000091	trials	120	s120_J210628	grCe	1	225.0	8	2645.649	2645.949
2651.158	0.900000000000091	trials	120	s120_J210628	grSu12SmCiNe	12		8	2651.458	2651.758
2655.292	0.900000000000091	trials	120	s120_J210628	grCe_grSu12Mi	9	90.0	8	2655.592	2655.892
2655.901	0.900000000000091	trials	120	s120_J210628	grCe_grSu6CiNe	15	45.0	8	2656.201	2656.5
2661.5099999999998	0.900000000000091	trials	120	s120_J210628	grCe_grSu6CiNe_PS	19	225.0	8	2661.81	2662.109
2662.143	0.900000000000091	trials	120	s120_J210628	coCe_grSu6Ne	17	225.0	8	2662.443	2662.743
2662.752	0.900000000000091	trials	120	s120_J210628	grCe_grSu12SmCiNe	13	270.0	8	2663.052	2663.351
2668.0359999999996	0.900000000000091	trials	120	s120_J210628	grCe_grSu12SmCiNe_PS	21	225.0	8	2668.336	2668.635
2668.644	0.900000000000091	trials	120	s120_J210628	grCe_grSu3Ne	5	0.0	8	2668.944	2669.243
2669.2439999999997	0.900000000000091	trials	120	s120_J210628	coCe	16	315.0	8	2669.544	2669.844
2674.7859999999996	0.900000000000091	trials	120	s120_J210628	grCe_grSu6Ne	7	0.0	8	2675.086	2675.386
2675.395	0.900000000000091	trials	120	s120_J210628	coCe_grSu6Ne	17	0.0	8	2675.695	2675.994
2681.287	0.900000000000091	trials	120	s120_J210628	grCe	1	45.0	8	2681.587	2681.887
2682.529	0.900000000000091	trials	120	s120_J210628	grSu12Mi	8		8	2682.829	2683.129
2688.263	0.900000000000091	trials	120	s120_J210628	grSu18Fa	10		8	2688.563	2688.863
2688.872	0.900000000000091	trials	120	s120_J210628	grCe_grSu1Ne	3	315.0	8	2689.172	2689.471
2694.5139999999997	0.900000000000091	trials	120	s120_J210628	grCe	1	315.0	8	2694.814	2695.114
2695.114	0.900000000000091	trials	120	s120_J210628	grCe	1	0.0	8	2695.414	2695.714
2700.7309999999998	0.900000000000091	trials	120	s120_J210628	grCe_grSu12SmCiNe	13	180.0	8	2701.031	2701.331
2704.49	0.900000000000091	trials	120	s120_J210628	grCe	1	270.0	8	2704.79	2705.09
2705.707	0.900000000000091	trials	120	s120_J210628	grCe_grSu6CiNe_PS	19	90.0	8	2706.007	2706.307
2710.7329999999997	0.900000000000091	trials	120	s120_J210628	grCe_grSu6Ne_PS	18	45.0	8	2711.033	2711.332
2711.3329999999996	0.900000000000091	trials	120	s120_J210628	grCe	1	135.0	8	2711.633	2711.932
2711.966	0.900000000000091	trials	120	s120_J210628	grCe_grSu3Ne	5	315.0	8	2712.266	2712.566
2717.134	0.900000000000091	trials	120	s120_J210628	coCe	16	0.0	8	2717.434	2717.733
2717.7419999999997	0.900000000000091	trials	120	s120_J210628	grCe_grSu6CiNe	15	270.0	8	2718.042	2718.342
2718.375	0.900000000000091	trials	120	s120_J210628	grCe_grSu6CiNe_PS	19	45.0	8	2718.675	2718.975
2723.393	0.900000000000091	trials	120	s120_J210628	grCe_grSu12SmCiNe	13	315.0	8	2723.693	2723.992
2724.0009999999997	0.900000000000091	trials	120	s120_J210628	grCe_grSu6Ne_PS	18	315.0	8	2724.301	2724.601
2729.777	0.900000000000091	trials	120	s120_J210628	grCe_grSu18Fa	11	180.0	8	2730.077	2730.376
2730.3849999999998	0.900000000000091	trials	120	s120_J210628	grCe_grSu1Ne	3	225.0	8	2730.685	2730.985
2731.002	0.900000000000091	trials	120	s120_J210628	grCe_grSu12Mi	9	270.0	8	2731.302	2731.602
2736.0029999999997	0.900000000000091	trials	120	s120_J210628	coCe_grSu6Ne	17	270.0	8	2736.303	2736.602
2739.4199999999996	0.900000000000091	trials	120	s120_J210628	grCe_grSu12SmCiNe_PS	21	135.0	8	2739.72	2740.019
2740.028	0.900000000000091	trials	120	s120_J210628	grSu6CiNe	14		8	2740.328	2740.628
2745.587	0.900000000000091	trials	120	s120_J210628	grCe_grSu12SmCiNe	13	225.0	8	2745.887	2746.187
2746.2039999999997	0.900000000000091	trials	120	s120_J210628	grCe_grSu6CiNe_PS	19	180.0	8	2746.504	2746.804
2749.9629999999997	0.900000000000091	trials	120	s120_J210628	grCe_grSu12SmCiNe	13	45.0	8	2750.263	2750.562
2750.571	0.900000000000091	trials	120	s120_J210628	grCe_grSu6CiNe	15	0.0	8	2750.871	2751.171
2751.18	0.900000000000091	trials	120	s120_J210628	grCe_grSu6CiNe	15	90.0	8	2751.48	2751.779
2756.2219999999998	0.900000000000091	trials	120	s120_J210628	grCe_grSu18Fa	11	0.0	8	2756.522	2756.822
2756.83	0.900000000000091	trials	120	s120_J210628	grCe_grSu6CiNe	15	180.0	8	2757.13	2757.43
2762.631	0.900000000000091	trials	120	s120_J210628	coCe_grSu6Ne	17	135.0	8	2762.931	2763.231
2763.24	0.900000000000091	trials	120	s120_J210628	grCe_grSu1Ne	3	0.0	8	2763.54	2763.839
2763.8399999999997	0.900000000000091	trials	120	s120_J210628	NoStim	0		8	2764.14	2764.439
2769.524	0.900000000000091	trials	120	s120_J210628	grCe_grSu12SmCiNe_PS	21	270.0	8	2769.824	2770.123
2770.149	0.900000000000091	trials	120	s120_J210628	grCe_grSu3Ne	5	135.0	6	2770.449	2770.748
2775.249	0.900000000000091	trials	120	s120_J210628	grSu18Fa	10		6	2775.549	2775.849
2775.85	0.900000000000091	trials	120	s120_J210628	grCe	1	225.0	6	2776.15	2776.449
2776.4579999999996	0.900000000000091	trials	120	s120_J210628	grCe_grSu1Ne	3	90.0	6	2776.758	2777.057
2781.584	0.900000000000091	trials	120	s120_J210628	grCe_grSu6CiNe_PS	19	0.0	6	2781.884	2782.183
2782.192	0.900000000000091	trials	120	s120_J210628	grCe_grSu6CiNe	15	225.0	6	2782.492	2782.792
2782.792	0.900000000000091	trials	120	s120_J210628	grCe	1	180.0	6	2783.092	2783.392
2787.8179999999998	0.900000000000091	trials	120	s120_J210628	grCe_grSu6CiNe	15	135.0	6	2788.118	2788.417
2788.4179999999997	0.900000000000091	trials	120	s120_J210628	grCe	1	0.0	6	2788.718	2789.017
2789.026	0.900000000000091	trials	120	s120_J210628	grCe_grSu6CiNe	15	270.0	6	2789.326	2789.626
2794.1349999999998	0.900000000000091	trials	120	s120_J210628	grCe_grSu18Fa	11	90.0	6	2794.435	2794.735
2794.7439999999997	0.900000000000091	trials	120	s120_J210628	coCe_grSu6Ne	17	0.0	6	2795.044	2795.343
2795.3439999999996	0.900000000000091	trials	120	s120_J210628	coCe	16	270.0	6	2795.644	2795.943
2803.5029999999997	0.900000000000091	trials	120	s120_J210628	coCe	16	90.0	6	2803.803	2804.103
2807.3619999999996	0.900000000000091	trials	120	s120_J210628	NoStim	0		6	2807.662	2807.962
2808.5699999999997	0.900000000000091	trials	120	s120_J210628	grCe	1	90.0	6	2808.87	2809.17
2814.08	0.900000000000091	trials	120	s120_J210628	coCe	16	135.0	6	2814.38	2814.679
2814.696	0.900000000000091	trials	120	s120_J210628	grCe_grSu12Mi	9	315.0	6	2814.996	2815.296
2815.305	0.900000000000091	trials	120	s120_J210628	coSu6Ne	20		6	2815.605	2815.904
2824.2639999999997	0.900000000000091	trials	120	s120_J210628	grCe_grSu6Ne	7	135.0	6	2824.564	2824.864
2824.8729999999996	0.900000000000091	trials	120	s120_J210628	grCe_grSu12SmCiNe_PS	21	270.0	6	2825.173	2825.472
2828.7309999999998	0.900000000000091	trials	120	s120_J210628	grCe_grSu6Ne	7	270.0	6	2829.031	2829.331
2829.332	0.900000000000091	trials	120	s120_J210628	coCe	16	45.0	6	2829.632	2829.931
2829.9399999999996	0.900000000000091	trials	120	s120_J210628	grCe_grSu12SmCiNe_PS	21	90.0	6	2830.24	2830.539
2835.741	0.900000000000091	trials	120	s120_J210628	grCe_grSu12SmCiNe	13	225.0	6	2836.041	2836.34
2836.3489999999997	0.900000000000091	trials	120	s120_J210628	grCe_grSu6CiNe_PS	19	180.0	6	2836.649	2836.949
2836.9579999999996	0.900000000000091	trials	120	s120_J210628	grCe_grSu12SmCiNe_PS	21	45.0	6	2837.258	2837.557
2843.2749999999996	0.900000000000091	trials	120	s120_J210628	grCe_grSu6Ne_PS	18	135.0	6	2843.575	2843.875
2847.009	0.900000000000091	trials	120	s120_J210628	coCe_grSu6Ne	17	45.0	6	2847.309	2847.608
2847.6169999999997	0.900000000000091	trials	120	s120_J210628	grCe_grSu12SmCiNe_PS	21	180.0	6	2847.917	2848.217
2848.2259999999997	0.900000000000091	trials	120	s120_J210628	grCe_grSu12SmCiNe	13	45.0	6	2848.526	2848.825
2853.2599999999998	0.900000000000091	trials	120	s120_J210628	coCe	16	225.0	6	2853.56	2853.859
2853.868	0.900000000000091	trials	120	s120_J210628	grCe_grSu6Ne	7	315.0	6	2854.168	2854.468
2854.4759999999997	0.900000000000091	trials	120	s120_J210628	grCe_grSu6Ne_PS	18	225.0	6	2854.776	2855.076
2859.7439999999997	0.900000000000091	trials	120	s120_J210628	grCe_grSu1Ne	3	270.0	6	2860.044	2860.343
2860.3689999999997	0.900000000000091	trials	120	s120_J210628	grCe_grSu18Fa	11	225.0	6	2860.669	2860.968
2860.977	0.900000000000091	trials	120	s120_J210628	grCe_grSu3Ne	5	315.0	6	2861.277	2861.577
2866.461	0.900000000000091	trials	120	s120_J210628	grCe_grSu18Fa	11	315.0	6	2866.761	2867.061
2867.078	0.900000000000091	trials	120	s120_J210628	grCe_grSu12Mi	9	270.0	6	2867.378	2867.678
2872.104	0.900000000000091	trials	120	s120_J210628	grCe_grSu6CiNe	15	0.0	6	2872.404	2872.703
2872.712	0.900000000000091	trials	120	s120_J210628	grCe_grSu12SmCiNe	13	135.0	6	2873.012	2873.312
2873.321	0.900000000000091	trials	120	s120_J210628	coCe_grSu6Ne	17	315.0	6	2873.621	2873.92
2879.788	0.900000000000091	trials	120	s120_J210628	grCe	1	135.0	6	2880.088	2880.388
2884.58	0.900000000000091	trials	120	s120_J210628	grCe_grSu6Ne	7	45.0	6	2884.88	2885.18
2885.189	0.900000000000091	trials	120	s120_J210628	grCe_grSu6Ne	7	180.0	6	2885.489	2885.788
2885.797	0.900000000000091	trials	120	s120_J210628	grCe_grSu6Ne_PS	18	0.0	6	2886.097	2886.397
2894.073	0.900000000000091	trials	120	s120_J210628	grCe_grSu6Ne	7	0.0	6	2894.373	2894.673
2904.125	0.900000000000091	trials	120	s120_J210628	grCe_grSu6CiNe_PS	19	270.0	6	2904.425	2904.724
2905.35	0.900000000000091	trials	120	s120_J210628	grCe_grSu12SmCiNe	13	180.0	6	2905.65	2905.949
2910.442	0.900000000000091	trials	120	s120_J210628	grCe_grSu12Mi	9	225.0	6	2910.742	2911.042
2911.067	0.900000000000091	trials	120	s120_J210628	grCe_grSu18Fa	11	135.0	6	2911.367	2911.667
2911.676	0.900000000000091	trials	120	s120_J210628	grCe_grSu12SmCiNe	13	270.0	6	2911.976	2912.275
2916.826	0.900000000000091	trials	120	s120_J210628	grCe_grSu6CiNe_PS	19	315.0	6	2917.126	2917.426
2917.435	0.900000000000091	trials	120	s120_J210628	grCe_grSu6CiNe_PS	19	225.0	6	2917.735	2918.034
2918.0429999999997	0.900000000000091	trials	120	s120_J210628	grCe_grSu6CiNe	15	90.0	6	2918.343	2918.643
2923.1189999999997	0.900000000000091	trials	120	s120_J210628	grCe_grSu12Mi	9	135.0	6	2923.419	2923.718
2923.727	0.900000000000091	trials	120	s120_J210628	grCe_grSu6Ne_PS	18	270.0	6	2924.027	2924.327
2924.3439999999996	0.900000000000091	trials	120	s120_J210628	grCe_grSu12Mi	9	45.0	6	2924.644	2924.943
2929.553	0.900000000000091	trials	120	s120_J210628	grCe_grSu1Ne	3	135.0	6	2929.853	2930.152
2930.1609999999996	0.900000000000091	trials	120	s120_J210628	grCe_grSu3Ne	5	270.0	6	2930.461	2930.761
2934.2369999999996	0.900000000000091	trials	120	s120_J210628	grCe_grSu6CiNe	15	45.0	6	2934.537	2934.836
2934.845	0.900000000000091	trials	120	s120_J210628	grCe_grSu3Ne	5	0.0	6	2935.145	2935.445
2940.421	0.900000000000091	trials	120	s120_J210628	grCe_grSu6Ne_PS	18	90.0	6	2940.721	2941.02
2941.029	0.900000000000091	trials	120	s120_J210628	grCe_grSu12SmCiNe	13	0.0	6	2941.329	2941.629
2945.288	0.900000000000091	trials	120	s120_J210628	grCe_grSu6CiNe_PS	19	135.0	6	2945.588	2945.888
2946.055	0.900000000000091	trials	120	s120_J210628	grCe_grSu6Ne	7	225.0	6	2946.355	2946.655
2954.323	0.900000000000091	trials	120	s120_J210628	grSu3Ne	4		6	2954.623	2954.922
2954.9649999999997	0.900000000000091	trials	120	s120_J210628	grSu12Mi	8		6	2955.265	2955.564
2955.573	0.900000000000091	trials	120	s120_J210628	grSu1Ne	2		6	2955.873	2956.172
2960.665	0.900000000000091	trials	120	s120_J210628	grCe_grSu12SmCiNe	13	90.0	6	2960.965	2961.265
2961.274	0.900000000000091	trials	120	s120_J210628	grCe_grSu1Ne	3	45.0	6	2961.574	2961.873
2961.89	0.900000000000091	trials	120	s120_J210628	grCe_grSu3Ne	5	45.0	6	2962.19	2962.49
2971.1	0.900000000000091	trials	120	s120_J210628	grCe_grSu1Ne	3	315.0	6	2971.4	2971.699
2971.7079999999996	0.900000000000091	trials	120	s120_J210628	grCe_grSu3Ne	5	180.0	6	2972.008	2972.308
2975.325	0.900000000000091	trials	120	s120_J210628	grSu12SmCiNe	12		6	2975.625	2975.925
2975.9339999999997	0.900000000000091	trials	120	s120_J210628	grCe_grSu6CiNe_PS	19	45.0	6	2976.234	2976.533
2976.542	0.900000000000091	trials	120	s120_J210628	coCe_grSu6Ne	17	135.0	6	2976.842	2977.142
2982.218	0.900000000000091	trials	120	s120_J210628	grCe	1	45.0	6	2982.518	2982.818
2982.826	0.900000000000091	trials	120	s120_J210628	grCe_grSu12SmCiNe_PS	21	225.0	6	2983.126	2983.426
2987.785	0.900000000000091	trials	120	s120_J210628	grCe_grSu18Fa	11	270.0	6	2988.085	2988.385
2988.394	0.900000000000091	trials	120	s120_J210628	grCe_grSu6Ne_PS	18	315.0	6	2988.694	2988.993
2989.002	0.900000000000091	trials	120	s120_J210628	grSu6CiNe	14		6	2989.302	2989.602
2994.02	0.900000000000091	trials	120	s120_J210628	coCe	16	180.0	6	2994.32	2994.619
2994.645	0.900000000000091	trials	120	s120_J210628	grCe_grSu18Fa	11	45.0	6	2994.945	2995.244
3000.962	0.900000000000091	trials	120	s120_J210628	grCe_grSu6CiNe	15	315.0	6	3001.262	3001.562
3006.596	0.900000000000091	trials	120	s120_J210628	coCe	16	315.0	6	3006.896	3007.196
3010.23	0.900000000000091	trials	120	s120_J210628	grCe_grSu3Ne	5	225.0	6	3010.53	3010.83
3010.8379999999997	0.900000000000091	trials	120	s120_J210628	grCe_grSu3Ne	5	90.0	6	3011.138	3011.438
3011.4469999999997	0.900000000000091	trials	120	s120_J210628	grCe_grSu6Ne_PS	18	45.0	6	3011.747	3012.046
3018.0229999999997	0.900000000000091	trials	120	s120_J210628	grCe_grSu12SmCiNe	13	315.0	6	3018.323	3018.622
3022.932	0.900000000000091	trials	120	s120_J210628	grCe	1	270.0	6	3023.232	3023.531
3023.54	0.900000000000091	trials	120	s120_J210628	grCe_grSu12SmCiNe_PS	21	135.0	6	3023.84	3024.14
3027.616	0.900000000000091	trials	120	s120_J210628	grCe_grSu12SmCiNe_PS	21	0.0	6	3027.916	3028.215
3028.2239999999997	0.900000000000091	trials	120	s120_J210628	coCe_grSu6Ne	17	270.0	6	3028.524	3028.824
3033.225	0.900000000000091	trials	120	s120_J210628	grCe_grSu6Ne_PS	18	180.0	6	3033.525	3033.824
3033.85	0.900000000000091	trials	120	s120_J210628	grCe_grSu18Fa	11	0.0	6	3034.15	3034.449
3039.575	0.900000000000091	trials	120	s120_J210628	grSu6Ne	6		6	3039.875	3040.175
3040.2259999999997	0.900000000000091	trials	120	s120_J210628	grCe_grSu1Ne	3	0.0	6	3040.526	3040.825
3040.8419999999996	0.900000000000091	trials	120	s120_J210628	grCe_grSu6CiNe	15	180.0	6	3041.142	3041.442
3045.7349999999997	0.900000000000091	trials	120	s120_J210628	coCe	16	0.0	6	3046.035	3046.334
3046.41	0.900000000000091	trials	120	s120_J210628	grCe_grSu6CiNe_PS	19	90.0	6	3046.71	3047.009
3052.2019999999998	0.900000000000091	trials	120	s120_J210628	grCe_grSu12SmCiNe_PS	21	315.0	6	3052.502	3052.802
3052.819	0.900000000000091	trials	120	s120_J210628	grCe_grSu12Mi	9	0.0	6	3053.119	3053.418
3053.4269999999997	0.900000000000091	trials	120	s120_J210628	coCe_grSu6Ne	17	90.0	6	3053.727	3054.027
3058.511	0.900000000000091	trials	120	s120_J210628	coCe_grSu6Ne	17	180.0	6	3058.811	3059.111
3059.72	0.900000000000091	trials	120	s120_J210628	grCe	1	315.0	6	3060.02	3060.319
3069.288	0.900000000000091	trials	120	s120_J210628	grCe_grSu12Mi	9	90.0	6	3069.588	3069.887
3074.3379999999997	0.900000000000091	trials	120	s120_J210628	coCe_grSu6Ne	17	225.0	6	3074.638	3074.938
3074.9469999999997	0.900000000000091	trials	120	s120_J210628	grCe_grSu6Ne	7	90.0	6	3075.247	3075.546
3075.555	0.900000000000091	trials	120	s120_J210628	grCe_grSu1Ne	3	180.0	6	3075.855	3076.155
3082.114	0.900000000000091	trials	120	s120_J210628	grCe_grSu1Ne	3	225.0	6	3082.414	3082.714
3087.04	0.900000000000091	trials	120	s120_J210628	grCe_grSu18Fa	11	180.0	6	3087.34	3087.639
3087.6899999999996	0.900000000000091	trials	120	s120_J210628	grCe_grSu12Mi	9	180.0	6	3087.99	3088.29
3088.298	0.900000000000091	trials	120	s120_J210628	grCe_grSu6Ne	7	180.0	2	3088.598	3088.898
3093.3489999999997	0.900000000000091	trials	120	s120_J210628	grCe_grSu1Ne	3	90.0	2	3093.649	3093.949
3094.558	0.900000000000091	trials	120	s120_J210628	coCe	16	225.0	2	3094.858	3095.157
3103.4669999999996	0.900000000000091	trials	120	s120_J210628	grCe_grSu6CiNe	15	135.0	2	3103.767	3104.067
3104.076	0.900000000000091	trials	120	s120_J210628	grCe_grSu3Ne	5	135.0	2	3104.376	3104.675
3104.6839999999997	0.900000000000091	trials	120	s120_J210628	grCe_grSu6CiNe	15	0.0	2	3104.984	3105.283
3110.451	0.900000000000091	trials	120	s120_J210628	grCe_grSu6CiNe_PS	19	270.0	2	3110.751	3111.051
3111.06	0.900000000000091	trials	120	s120_J210628	grCe_grSu12SmCiNe_PS	21	90.0	2	3111.36	3111.659
3116.736	0.900000000000091	trials	120	s120_J210628	grCe_grSu6CiNe	15	225.0	2	3117.036	3117.335
3117.3439999999996	0.900000000000091	trials	120	s120_J210628	grCe_grSu1Ne	3	135.0	2	3117.644	3117.943
3123.011	0.900000000000091	trials	120	s120_J210628	grCe_grSu12SmCiNe_PS	21	180.0	2	3123.311	3123.611
3129.345	0.900000000000091	trials	120	s120_J210628	grCe_grSu12Mi	9	225.0	2	3129.645	3129.945
3133.321	0.900000000000091	trials	120	s120_J210628	grCe_grSu6Ne_PS	18	0.0	2	3133.621	3133.921
3133.9289999999996	0.900000000000091	trials	120	s120_J210628	grCe_grSu1Ne	3	45.0	2	3134.229	3134.529
3134.538	0.900000000000091	trials	120	s120_J210628	coCe_grSu6Ne	17	315.0	2	3134.838	3135.137
3139.48	0.900000000000091	trials	120	s120_J210628	coCe	16	270.0	2	3139.78	3140.08
3140.105	0.900000000000091	trials	120	s120_J210628	grCe_grSu18Fa	11	90.0	2	3140.405	3140.705
3144.122	0.900000000000091	trials	120	s120_J210628	grCe_grSu18Fa	11	0.0	2	3144.422	3144.722
3144.7309999999998	0.900000000000091	trials	120	s120_J210628	grCe_grSu12SmCiNe_PS	21	315.0	2	3145.031	3145.33
3145.3559999999998	0.900000000000091	trials	120	s120_J210628	grSu12SmCiNe	12		2	3145.656	3145.955
3153.607	0.900000000000091	trials	120	s120_J210628	grCe_grSu12Mi	9	45.0	2	3153.907	3154.206
3154.232	0.900000000000091	trials	120	s120_J210628	grSu6CiNe	14		2	3154.532	3154.832
3154.857	0.900000000000091	trials	120	s120_J210628	grCe_grSu12Mi	9	0.0	2	3155.157	3155.457
3159.933	0.900000000000091	trials	120	s120_J210628	grCe_grSu6Ne_PS	18	180.0	2	3160.233	3160.532
3164.1079999999997	0.900000000000091	trials	120	s120_J210628	grCe_grSu6CiNe	15	45.0	2	3164.408	3164.708
3164.7169999999996	0.900000000000091	trials	120	s120_J210628	grCe_grSu6CiNe	15	270.0	2	3165.017	3165.316
3165.325	0.900000000000091	trials	120	s120_J210628	grCe_grSu6Ne_PS	18	315.0	2	3165.625	3165.925
3170.392	0.900000000000091	trials	120	s120_J210628	grCe_grSu6CiNe	15	180.0	2	3170.692	3170.992
3173.868	0.900000000000091	trials	120	s120_J210628	coCe_grSu6Ne	17	180.0	2	3174.168	3174.467
3174.468	0.900000000000091	trials	120	s120_J210628	grCe	1	270.0	2	3174.768	3175.068
3175.1259999999997	0.900000000000091	trials	120	s120_J210628	grCe_grSu18Fa	11	180.0	2	3175.426	3175.726
3184.694	0.900000000000091	trials	120	s120_J210628	grCe_grSu6Ne	7	90.0	2	3184.994	3185.294
3185.303	0.900000000000091	trials	120	s120_J210628	grCe_grSu3Ne	5	315.0	2	3185.603	3185.902
3185.919	0.900000000000091	trials	120	s120_J210628	grCe_grSu6Ne_PS	18	135.0	2	3186.219	3186.519
3194.5209999999997	0.900000000000091	trials	120	s120_J210628	grCe_grSu3Ne	5	90.0	2	3194.821	3195.12
3195.7369999999996	0.900000000000091	trials	120	s120_J210628	grSu1Ne	2		2	3196.037	3196.337
3200.796	0.900000000000091	trials	120	s120_J210628	grCe_grSu12Mi	9	90.0	2	3201.096	3201.396
3201.4049999999997	0.900000000000091	trials	120	s120_J210628	grCe_grSu6Ne	7	225.0	2	3201.705	3202.004
3202.0299999999997	0.900000000000091	trials	120	s120_J210628	grCe_grSu18Fa	11	270.0	2	3202.33	3202.629
3206.9559999999997	0.900000000000091	trials	120	s120_J210628	grCe_grSu6CiNe	15	315.0	2	3207.256	3207.555
3207.5809999999997	0.900000000000091	trials	120	s120_J210628	grCe_grSu18Fa	11	135.0	2	3207.881	3208.18
3208.181	0.900000000000091	trials	120	s120_J210628	grCe	1	315.0	2	3208.481	3208.78
3213.506	0.900000000000091	trials	120	s120_J210628	grCe_grSu12SmCiNe	13	0.0	2	3213.806	3214.106
3214.115	0.900000000000091	trials	120	s120_J210628	grCe_grSu6Ne	7	0.0	2	3214.415	3214.714
3214.723	0.900000000000091	trials	120	s120_J210628	grCe_grSu6CiNe_PS	19	180.0	2	3215.023	3215.323
3219.6989999999996	0.900000000000091	trials	120	s120_J210628	coCe	16	315.0	2	3219.999	3220.298
3220.9159999999997	0.900000000000091	trials	120	s120_J210628	grCe_grSu12SmCiNe	13	45.0	2	3221.216	3221.515
3225.975	0.900000000000091	trials	120	s120_J210628	grCe_grSu12SmCiNe	13	225.0	2	3226.275	3226.574
3227.192	0.900000000000091	trials	120	s120_J210628	grCe_grSu1Ne	3	225.0	2	3227.492	3227.791
3235.451	0.900000000000091	trials	120	s120_J210628	grSu6Ne	6		2	3235.751	3236.05
3236.1009999999997	0.900000000000091	trials	120	s120_J210628	grCe_grSu18Fa	11	45.0	2	3236.401	3236.701
3241.6679999999997	0.900000000000091	trials	120	s120_J210628	grCe_grSu12SmCiNe_PS	21	135.0	2	3241.968	3242.268
3242.277	0.900000000000091	trials	120	s120_J210628	grCe_grSu6CiNe_PS	19	315.0	2	3242.577	3242.876
3242.894	0.900000000000091	trials	120	s120_J210628	grSu3Ne	4		2	3243.194	3243.493
3247.986	0.900000000000091	trials	120	s120_J210628	grCe_grSu1Ne	3	315.0	2	3248.286	3248.585
3248.5939999999996	0.900000000000091	trials	120	s120_J210628	grCe_grSu12SmCiNe	13	180.0	2	3248.894	3249.194
3249.203	0.900000000000091	trials	120	s120_J210628	coCe_grSu6Ne	17	45.0	2	3249.503	3249.802
3254.27	0.900000000000091	trials	120	s120_J210628	grCe_grSu12SmCiNe	13	315.0	2	3254.57	3254.87
3255.495	0.900000000000091	trials	120	s120_J210628	grCe_grSu12Mi	9	135.0	2	3255.795	3256.095
3268.089	0.900000000000091	trials	120	s120_J210628	grCe_grSu3Ne	5	225.0	2	3268.389	3268.688
3268.6969999999997	0.900000000000091	trials	120	s120_J210628	coCe_grSu6Ne	17	0.0	2	3268.997	3269.296
3269.305	0.900000000000091	trials	120	s120_J210628	grCe_grSu1Ne	3	180.0	2	3269.605	3269.905
3274.1059999999998	0.900000000000091	trials	120	s120_J210628	grCe	1	90.0	2	3274.406	3274.705
3277.4809999999998	0.900000000000091	trials	120	s120_J210628	grCe_grSu6Ne	7	135.0	2	3277.781	3278.081
3278.0809999999997	0.900000000000091	trials	120	s120_J210628	NoStim	0		2	3278.381	3278.681
3278.6899999999996	0.900000000000091	trials	120	s120_J210628	grCe_grSu3Ne	5	180.0	2	3278.99	3279.289
3284.691	0.900000000000091	trials	120	s120_J210628	grCe_grSu12SmCiNe	13	270.0	2	3284.991	3285.29
3285.2909999999997	0.900000000000091	trials	120	s120_J210628	coCe	16	90.0	2	3285.591	3285.89
3290.316	0.900000000000091	trials	120	s120_J210628	grCe_grSu6Ne	7	45.0	2	3290.616	3290.916
3290.9249999999997	0.900000000000091	trials	120	s120_J210628	grCe_grSu12SmCiNe_PS	21	225.0	2	3291.225	3291.524
3296.642	0.900000000000091	trials	120	s120_J210628	grCe	1	0.0	2	3296.942	3297.242
3297.2509999999997	0.900000000000091	trials	120	s120_J210628	grCe_grSu6Ne_PS	18	270.0	2	3297.551	3297.85
3297.859	0.900000000000091	trials	120	s120_J210628	grCe_grSu6CiNe_PS	19	45.0	2	3298.159	3298.459
3304.243	0.900000000000091	trials	120	s120_J210628	coCe	16	180.0	2	3304.543	3304.843
3313.428	0.900000000000091	trials	120	s120_J210628	coCe_grSu6Ne	17	270.0	2	3313.728	3314.027
3317.6119999999996	0.900000000000091	trials	120	s120_J210628	grCe	1	45.0	2	3317.912	3318.211
3318.828	0.900000000000091	trials	120	s120_J210628	grCe_grSu6CiNe_PS	19	90.0	2	3319.128	3319.428
3323.5789999999997	0.900000000000091	trials	120	s120_J210628	coCe	16	0.0	2	3323.879	3324.179
3324.321	0.900000000000091	trials	120	s120_J210628	grCe_grSu1Ne	3	270.0	2	3324.621	3324.92
3324.9289999999996	0.900000000000091	trials	120	s120_J210628	grCe_grSu6Ne_PS	18	225.0	2	3325.229	3325.529
3330.513	0.900000000000091	trials	120	s120_J210628	grCe_grSu3Ne	5	270.0	2	3330.813	3331.113
3337.689	0.900000000000091	trials	120	s120_J210628	grCe_grSu12SmCiNe	13	135.0	2	3337.989	3338.289
3341.64	0.900000000000091	trials	120	s120_J210628	grCe_grSu12SmCiNe_PS	21	0.0	2	3341.94	3342.239
3342.24	0.900000000000091	trials	120	s120_J210628	grCe	1	135.0	2	3342.54	3342.839
3342.848	0.900000000000091	trials	120	s120_J210628	grSu12Mi	8		2	3343.148	3343.448
3347.932	0.900000000000091	trials	120	s120_J210628	grCe_grSu12Mi	9	180.0	2	3348.232	3348.532
3348.549	0.900000000000091	trials	120	s120_J210628	grCe_grSu12Mi	9	315.0	2	3348.849	3349.148
3351.991	0.900000000000091	trials	120	s120_J210628	coCe	16	45.0	2	3352.291	3352.591
3352.5989999999997	0.900000000000091	trials	120	s120_J210628	grCe_grSu6CiNe_PS	19	0.0	2	3352.899	3353.199
3353.2079999999996	0.900000000000091	trials	120	s120_J210628	grCe_grSu12SmCiNe_PS	21	45.0	2	3353.508	3353.807
3358.192	0.900000000000091	trials	120	s120_J210628	coCe_grSu6Ne	17	90.0	2	3358.492	3358.791
3358.817	0.900000000000091	trials	120	s120_J210628	grCe_grSu18Fa	11	315.0	2	3359.117	3359.416
3359.4669999999996	0.900000000000091	trials	120	s120_J210628	grCe_grSu6Ne	7	270.0	2	3359.767	3360.067
3375.6189999999997	0.900000000000091	trials	120	s120_J210628	grCe_grSu12Mi	9	270.0	2	3375.919	3376.219
3380.7859999999996	0.900000000000091	trials	120	s120_J210628	coCe_grSu6Ne	17	135.0	2	3381.086	3381.386
3384.154	0.900000000000091	trials	120	s120_J210628	grCe_grSu6CiNe_PS	19	225.0	2	3384.454	3384.753
3393.738	0.900000000000091	trials	120	s120_J210628	grCe_grSu6Ne	7	315.0	2	3394.038	3394.338
3394.3469999999998	0.900000000000091	trials	120	s120_J210628	grCe_grSu6CiNe	15	90.0	2	3394.647	3394.946
3394.955	0.900000000000091	trials	120	s120_J210628	grCe_grSu3Ne	5	0.0	2	3395.255	3395.554
3400.1059999999998	0.900000000000091	trials	120	s120_J210628	grCe_grSu18Fa	11	225.0	2	3400.406	3400.705
3400.714	0.900000000000091	trials	120	s120_J210628	grCe_grSu6CiNe_PS	19	135.0	2	3401.014	3401.314
3406.265	0.900000000000091	trials	120	s120_J210628	grCe	1	180.0	2	3406.565	3406.864
3406.8729999999996	0.900000000000091	trials	120	s120_J210628	grCe_grSu12SmCiNe	13	90.0	2	3407.173	3407.473
3407.482	0.900000000000091	trials	120	s120_J210628	grCe_grSu3Ne	5	45.0	2	3407.782	3408.081
3413.307	0.900000000000091	trials	120	s120_J210628	grCe_grSu6Ne_PS	18	45.0	2	3413.607	3413.907
3413.941	0.900000000000091	trials	120	s120_J210628	coCe_grSu6Ne	17	225.0	2	3414.241	3414.54
3419.0409999999997	0.900000000000091	trials	120	s120_J210628	grSu18Fa	10		2	3419.341	3419.641
3420.258	0.900000000000091	trials	120	s120_J210628	grCe_grSu1Ne	3	0.0	2	3420.558	3420.858
3425.151	0.900000000000091	trials	120	s120_J210628	grCe	1	225.0	2	3425.451	3425.75
3425.767	0.900000000000091	trials	120	s120_J210628	grCe_grSu12SmCiNe_PS	21	270.0	2	3426.067	3426.367
3426.3669999999997	0.900000000000091	trials	120	s120_J210628	coCe	16	135.0	2	3426.667	3426.967
3431.335	0.900000000000091	trials	120	s120_J210628	coSu6Ne	20		2	3431.635	3431.934
3431.9429999999998	0.900000000000091	trials	120	s120_J210628	grCe_grSu6Ne_PS	18	90.0	2	3432.243	3432.543
