onset	duration	nwb_table	ses_ID	ses_Name	cond_Name	cond_ID	target_rot	rep_num	pdOn	pdOff
62.537000000000006	0.8999999999999986	trials	28	s028_F200324	grCe_grSu12SmCiNe_PS	21	315.0	8	62.837	63.136
63.146	0.8999999999999915	trials	28	s028_F200324	grCe_grSu3Ne	5	0.0	7	63.446	63.744
66.68	0.8999999999999915	trials	28	s028_F200324	grCe_grSu3Ne	5	90.0	7	66.98	67.278
68.50500000000001	0.8999999999999915	trials	28	s028_F200324	grCe_grSu6CiNe_PS	19	180.0	8	68.805	69.103
69.114	0.8999999999999915	trials	28	s028_F200324	grCe_grSu1Ne	3	135.0	8	69.414	69.712
74.281	0.8999999999999915	trials	28	s028_F200324	grCe_grSu12SmCiNe	13	45.0	8	74.581	74.879
76.11500000000001	0.8999999999999915	trials	28	s028_F200324	grCe_grSu12Mi	9	180.0	8	76.415	76.713
76.723	0.8999999999999915	trials	28	s028_F200324	grCe_grSu12SmCiNe	13	225.0	8	77.023	77.322
81.71600000000001	0.8999999999999915	trials	28	s028_F200324	grSu3Ne	4		8	82.016	82.314
82.34100000000001	0.8999999999999915	trials	28	s028_F200324	grCe_grSu18Fa	11	270.0	8	82.641	82.939
82.95	0.8999999999999915	trials	28	s028_F200324	grCe_grSu1Ne	3	0.0	8	83.25	83.548
83.566	0.8999999999999915	trials	28	s028_F200324	grSu18Fa	10		8	83.866	84.164
84.175	0.8999999999999915	trials	28	s028_F200324	grCe_grSu1Ne	3	180.0	7	84.475	84.773
89.259	0.8999999999999915	trials	28	s028_F200324	grCe_grSu6Ne	7	0.0	8	89.559	89.857
89.867	0.8999999999999915	trials	28	s028_F200324	grCe_grSu6CiNe_PS	19	0.0	8	90.167	90.466
90.476	0.8999999999999915	trials	28	s028_F200324	grCe_grSu6CiNe_PS	19	315.0	8	90.776	91.074
91.693	0.8999999999999915	trials	28	s028_F200324	grCe_grSu6Ne_PS	18	90.0	8	91.993	92.291
96.985	0.8999999999999915	trials	28	s028_F200324	coCe_grSu6Ne	17	45.0	8	97.285	97.584
97.59400000000001	0.8999999999999915	trials	28	s028_F200324	grCe_grSu1Ne	3	270.0	8	97.894	98.192
98.811	0.8999999999999915	trials	28	s028_F200324	coCe_grSu6Ne	17	315.0	8	99.111	99.409
104.70400000000001	0.8999999999999915	trials	28	s028_F200324	coCe	16	180.0	7	105.004	105.302
105.312	0.8999999999999915	trials	28	s028_F200324	grCe_grSu3Ne	5	225.0	8	105.612	105.91
106.546	0.8999999999999915	trials	28	s028_F200324	grCe_grSu18Fa	11	45.0	8	106.846	107.144
112.263	0.8999999999999915	trials	28	s028_F200324	grCe_grSu6CiNe	15	180.0	8	112.563	112.861
112.872	0.8999999999999915	trials	28	s028_F200324	grCe	1	90.0	8	113.172	113.47
113.47200000000001	0.8999999999999915	trials	28	s028_F200324	grCe	1	315.0	8	113.772	114.07
114.072	0.8999999999999915	trials	28	s028_F200324	coCe	16	135.0	7	114.372	114.67
114.68900000000001	0.8999999999999915	trials	28	s028_F200324	grCe_grSu12Mi	9	0.0	8	114.989	115.287
119.79	0.8999999999999915	trials	28	s028_F200324	grSu6CiNe	14		8	120.09	120.388
121.007	0.8999999999999915	trials	28	s028_F200324	coCe	16	270.0	7	121.307	121.605
121.61500000000001	0.8999999999999915	trials	28	s028_F200324	grCe_grSu6Ne	7	225.0	7	121.915	122.213
122.215	0.8999999999999915	trials	28	s028_F200324	grCe	1	225.0	8	122.515	122.813
127.324	0.8999999999999915	trials	28	s028_F200324	grCe_grSu12Mi	9	225.0	7	127.624	127.923
127.933	0.8999999999999915	trials	28	s028_F200324	grCe_grSu6CiNe_PS	19	90.0	8	128.233	128.531
128.533	0.9000000000000057	trials	28	s028_F200324	grCe	1	270.0	8	128.833	129.131
129.141	0.9000000000000057	trials	28	s028_F200324	grSu12Mi	8		8	129.441	129.74
129.742	0.9000000000000057	trials	28	s028_F200324	grCe	1	135.0	7	130.042	130.34
135.451	0.9000000000000057	trials	28	s028_F200324	grCe_grSu6CiNe	15	0.0	7	135.751	136.049
136.059	0.9000000000000057	trials	28	s028_F200324	grCe_grSu12SmCiNe	13	135.0	8	136.359	136.658
137.27599999999998	0.9000000000000057	trials	28	s028_F200324	grCe_grSu6CiNe	15	270.0	8	137.576	137.874
142.369	0.9000000000000057	trials	28	s028_F200324	grCe_grSu6Ne_PS	18	180.0	7	142.669	142.967
142.97699999999998	0.9000000000000057	trials	28	s028_F200324	grCe_grSu6Ne_PS	18	270.0	7	143.277	143.576
143.58599999999998	0.9000000000000057	trials	28	s028_F200324	grCe_grSu3Ne	5	135.0	8	143.886	144.184
144.194	0.9000000000000057	trials	28	s028_F200324	grCe_grSu6Ne_PS	18	45.0	7	144.494	144.792
144.803	0.9000000000000057	trials	28	s028_F200324	grCe_grSu3Ne	5	315.0	8	145.103	145.401
150.529	0.9000000000000057	trials	28	s028_F200324	grCe_grSu18Fa	11	135.0	8	150.829	151.127
151.146	0.9000000000000057	trials	28	s028_F200324	grCe_grSu12Mi	9	135.0	7	151.446	151.744
151.754	0.9000000000000057	trials	28	s028_F200324	grCe_grSu1Ne	3	45.0	7	152.054	152.352
158.105	0.9000000000000057	trials	28	s028_F200324	grCe_grSu6Ne	7	90.0	7	158.405	158.703
158.714	0.9000000000000057	trials	28	s028_F200324	grCe_grSu6CiNe_PS	19	225.0	8	159.014	159.312
159.322	0.9000000000000057	trials	28	s028_F200324	grCe_grSu6Ne	7	180.0	8	159.622	159.92
169.899	0.9000000000000057	trials	28	s028_F200324	coCe_grSu6Ne	17	0.0	8	170.199	170.497
170.50699999999998	0.9000000000000057	trials	28	s028_F200324	grCe_grSu6CiNe	15	90.0	8	170.807	171.106
171.11599999999999	0.9000000000000057	trials	28	s028_F200324	coCe_grSu6Ne	17	135.0	7	171.416	171.714
171.73299999999998	0.9000000000000057	trials	28	s028_F200324	grCe_grSu12Mi	9	45.0	8	172.033	172.331
172.34099999999998	0.9000000000000057	trials	28	s028_F200324	grCe_grSu12SmCiNe_PS	21	180.0	7	172.641	172.939
177.417	0.9000000000000057	trials	28	s028_F200324	grCe	1	0.0	8	177.717	178.015
178.017	0.9000000000000057	trials	28	s028_F200324	coCe	16	45.0	8	178.317	178.615
178.62599999999998	0.9000000000000057	trials	28	s028_F200324	grCe_grSu1Ne	3	225.0	8	178.926	179.224
179.23399999999998	0.9000000000000057	trials	28	s028_F200324	grCe_grSu6CiNe_PS	19	45.0	8	179.534	179.832
179.83399999999997	0.9000000000000057	trials	28	s028_F200324	coCe	16	315.0	7	180.134	180.432
184.85999999999999	0.9000000000000057	trials	28	s028_F200324	NoStim	0		7	185.16	185.458
188.494	0.9000000000000057	trials	28	s028_F200324	grCe_grSu1Ne	3	90.0	8	188.794	189.092
189.71099999999998	0.9000000000000057	trials	28	s028_F200324	grCe_grSu12SmCiNe_PS	21	135.0	7	190.011	190.309
190.32	0.9000000000000057	trials	28	s028_F200324	grCe_grSu6Ne	7	315.0	8	190.62	190.918
190.928	0.9000000000000057	trials	28	s028_F200324	coCe_grSu6Ne	17	90.0	8	191.228	191.526
195.97899999999998	0.9000000000000057	trials	28	s028_F200324	grCe_grSu12SmCiNe_PS	21	225.0	7	196.279	196.577
196.587	0.9000000000000057	trials	28	s028_F200324	grCe_grSu6CiNe	15	45.0	8	196.887	197.186
197.821	0.9000000000000057	trials	28	s028_F200324	grCe_grSu18Fa	11	90.0	8	198.121	198.419
198.429	0.9000000000000057	trials	28	s028_F200324	grCe_grSu6CiNe_PS	19	270.0	8	198.729	199.028
203.59699999999998	0.9000000000000057	trials	28	s028_F200324	grCe_grSu18Fa	11	225.0	8	203.897	204.195
204.20499999999998	0.9000000000000057	trials	28	s028_F200324	grCe_grSu6Ne_PS	18	135.0	7	204.505	204.804
204.814	0.9000000000000057	trials	28	s028_F200324	coCe	16	0.0	8	205.114	205.412
205.422	0.9000000000000057	trials	28	s028_F200324	coSu6Ne	20		8	205.722	206.02
206.047	0.9000000000000057	trials	28	s028_F200324	grCe_grSu18Fa	11	180.0	8	206.347	206.646
211.04	0.9000000000000057	trials	28	s028_F200324	grCe_grSu3Ne	5	270.0	8	211.34	211.638
211.648	0.9000000000000057	trials	28	s028_F200324	grCe_grSu12SmCiNe_PS	21	45.0	7	211.948	212.247
212.25699999999998	0.9000000000000057	trials	28	s028_F200324	coCe	16	225.0	8	212.557	212.855
215.749	0.9000000000000057	trials	28	s028_F200324	grCe	1	45.0	7	216.049	216.347
216.35799999999998	0.9000000000000057	trials	28	s028_F200324	grCe_grSu12SmCiNe	13	315.0	8	216.658	216.956
216.96599999999998	0.9000000000000057	trials	28	s028_F200324	grCe_grSu6Ne	7	45.0	7	217.266	217.564
217.575	0.9000000000000057	trials	28	s028_F200324	coCe_grSu6Ne	17	225.0	8	217.875	218.173
223.25099999999998	0.9000000000000057	trials	28	s028_F200324	coCe_grSu6Ne	17	180.0	7	223.551	223.849
223.85899999999998	0.9000000000000057	trials	28	s028_F200324	grCe_grSu12SmCiNe	13	90.0	7	224.159	224.457
224.468	0.9000000000000057	trials	28	s028_F200324	coCe_grSu6Ne	17	270.0	8	224.768	225.066
225.684	0.9000000000000057	trials	28	s028_F200324	grCe_grSu3Ne	5	180.0	8	225.984	226.283
230.744	0.9000000000000057	trials	28	s028_F200324	grCe_grSu1Ne	3	315.0	7	231.044	231.342
231.35199999999998	0.9000000000000057	trials	28	s028_F200324	grCe_grSu6CiNe	15	225.0	7	231.652	231.95
231.96099999999998	0.9000000000000057	trials	28	s028_F200324	grCe_grSu6Ne_PS	18	0.0	8	232.261	232.559
232.569	0.9000000000000057	trials	28	s028_F200324	grCe_grSu6Ne_PS	18	315.0	8	232.869	233.167
233.18599999999998	0.9000000000000057	trials	28	s028_F200324	grCe_grSu12Mi	9	270.0	7	233.486	233.784
238.22799999999998	0.9000000000000057	trials	28	s028_F200324	grCe_grSu12SmCiNe_PS	21	90.0	7	238.528	238.827
238.837	0.9000000000000057	trials	28	s028_F200324	grCe_grSu12SmCiNe	13	0.0	8	239.137	239.435
239.45399999999998	0.9000000000000057	trials	28	s028_F200324	grCe_grSu12Mi	9	90.0	8	239.754	240.052
240.06199999999998	0.9000000000000057	trials	28	s028_F200324	grCe_grSu6CiNe	15	135.0	8	240.362	240.66
240.68699999999998	0.9000000000000057	trials	28	s028_F200324	grCe_grSu18Fa	11	0.0	8	240.987	241.285
245.813	0.9000000000000057	trials	28	s028_F200324	grCe_grSu6CiNe	15	315.0	7	246.113	246.411
246.422	0.9000000000000057	trials	28	s028_F200324	grSu12SmCiNe	12		8	246.722	247.02
247.63	0.9000000000000057	trials	28	s028_F200324	coCe	16	90.0	8	247.93	248.228
253.265	0.9000000000000057	trials	28	s028_F200324	grCe_grSu18Fa	11	315.0	7	253.565	253.863
253.873	0.9000000000000057	trials	28	s028_F200324	grCe_grSu12SmCiNe_PS	21	0.0	7	254.173	254.471
254.481	0.9000000000000057	trials	28	s028_F200324	grCe_grSu6Ne	7	135.0	7	254.781	255.08
255.08999999999997	0.9000000000000057	trials	28	s028_F200324	grSu1Ne	2		8	255.39	255.688
255.69799999999998	0.9000000000000341	trials	28	s028_F200324	grCe_grSu12SmCiNe	13	180.0	8	255.998	256.297
260.699	0.9000000000000341	trials	28	s028_F200324	grCe_grSu6Ne_PS	18	225.0	7	260.999	261.297
261.308	0.9000000000000341	trials	28	s028_F200324	grCe_grSu12SmCiNe_PS	21	270.0	8	261.608	261.906
261.916	0.9000000000000341	trials	28	s028_F200324	grCe_grSu3Ne	5	45.0	7	262.216	262.514
263.125	0.9000000000000341	trials	28	s028_F200324	grCe	1	180.0	8	263.425	263.723
268.301	0.9000000000000341	trials	28	s028_F200324	grCe_grSu12SmCiNe	13	270.0	7	268.601	268.899
268.909	0.9000000000000341	trials	28	s028_F200324	grSu6Ne	6		8	269.209	269.507
270.126	0.9000000000000341	trials	28	s028_F200324	grCe_grSu6Ne	7	270.0	7	270.426	270.724
270.734	0.9000000000000341	trials	28	s028_F200324	grCe_grSu6CiNe_PS	19	135.0	7	271.034	271.333
275.852	0.9000000000000341	trials	28	s028_F200324	grCe_grSu12Mi	9	315.0	7	276.152	276.45
276.477	0.9000000000000341	trials	28	s028_F200324	grCe_grSu18Fa	11	315.0	6	276.777	277.075
277.086	0.9000000000000341	trials	28	s028_F200324	grCe_grSu6Ne_PS	18	315.0	7	277.386	277.684
277.694	0.9000000000000341	trials	28	s028_F200324	coCe	16	90.0	7	277.994	278.292
278.303	0.9000000000000341	trials	28	s028_F200324	grCe_grSu12SmCiNe_PS	21	225.0	6	278.603	278.901
287.188	0.9000000000000341	trials	28	s028_F200324	grCe_grSu12SmCiNe_PS	21	270.0	7	287.488	287.786
287.796	0.9000000000000341	trials	28	s028_F200324	coCe_grSu6Ne	17	90.0	7	288.096	288.394
288.404	0.9000000000000341	trials	28	s028_F200324	coCe	16	45.0	7	288.704	289.003
294.697	0.9000000000000341	trials	28	s028_F200324	grCe_grSu6Ne_PS	18	135.0	6	294.997	295.295
295.306	0.9000000000000341	trials	28	s028_F200324	grCe_grSu12SmCiNe	13	315.0	7	295.606	295.904
296.52299999999997	0.9000000000000341	trials	28	s028_F200324	grCe_grSu6Ne	7	45.0	6	296.823	297.121
297.131	0.9000000000000341	trials	28	s028_F200324	grCe_grSu6CiNe_PS	19	0.0	7	297.431	297.729
302.774	0.9000000000000341	trials	28	s028_F200324	coCe_grSu6Ne	17	135.0	6	303.074	303.372
303.39099999999996	0.9000000000000341	trials	28	s028_F200324	grCe_grSu12Mi	9	135.0	6	303.691	303.989
303.99899999999997	0.9000000000000341	trials	28	s028_F200324	grCe	1	90.0	7	304.299	304.597
304.60699999999997	0.9000000000000341	trials	28	s028_F200324	grCe	1	270.0	7	304.907	305.206
309.658	0.9000000000000341	trials	28	s028_F200324	grCe_grSu3Ne	5	270.0	7	309.958	310.257
310.267	0.9000000000000341	trials	28	s028_F200324	coCe_grSu6Ne	17	0.0	7	310.567	310.865
310.875	0.9000000000000341	trials	28	s028_F200324	coCe_grSu6Ne	17	225.0	7	311.175	311.473
311.484	0.9000000000000341	trials	28	s028_F200324	grCe_grSu12SmCiNe	13	45.0	7	311.784	312.082
312.101	0.9000000000000341	trials	28	s028_F200324	grCe_grSu12Mi	9	315.0	6	312.401	312.699
317.185	0.9000000000000341	trials	28	s028_F200324	grSu12Mi	8		7	317.485	317.783
317.793	0.9000000000000341	trials	28	s028_F200324	grCe_grSu3Ne	5	45.0	6	318.093	318.391
318.40999999999997	0.9000000000000341	trials	28	s028_F200324	grCe_grSu12Mi	9	270.0	6	318.71	319.008
319.018	0.9000000000000341	trials	28	s028_F200324	grCe	1	180.0	7	319.318	319.617
319.627	0.9000000000000341	trials	28	s028_F200324	grCe_grSu1Ne	3	270.0	7	319.927	320.225
324.76099999999997	0.9000000000000341	trials	28	s028_F200324	coCe_grSu6Ne	17	270.0	7	325.061	325.359
325.37	0.9000000000000341	trials	28	s028_F200324	grCe_grSu6Ne_PS	18	45.0	6	325.67	325.968
325.978	0.9000000000000341	trials	28	s028_F200324	grCe_grSu6Ne	7	225.0	6	326.278	326.576
326.59499999999997	0.9000000000000341	trials	28	s028_F200324	grCe_grSu12Mi	9	90.0	7	326.895	327.193
327.21999999999997	0.9000000000000341	trials	28	s028_F200324	grCe_grSu18Fa	11	270.0	7	327.52	327.818
332.304	0.9000000000000341	trials	28	s028_F200324	grSu18Fa	10		7	332.604	332.902
332.913	0.9000000000000341	trials	28	s028_F200324	grCe_grSu6Ne	7	180.0	7	333.213	333.511
333.521	0.9000000000000341	trials	28	s028_F200324	coCe_grSu6Ne	17	315.0	7	333.821	334.119
340.464	0.9000000000000341	trials	28	s028_F200324	grCe_grSu6Ne_PS	18	0.0	7	340.764	341.062
341.073	0.9000000000000341	trials	28	s028_F200324	coCe	16	0.0	7	341.373	341.671
341.681	0.9000000000000341	trials	28	s028_F200324	grCe	1	0.0	7	341.981	342.279
342.289	0.9000000000000341	trials	28	s028_F200324	grCe_grSu12SmCiNe	13	0.0	7	342.589	342.888
347.349	0.9000000000000341	trials	28	s028_F200324	coSu6Ne	20		7	347.649	347.947
347.966	0.9000000000000341	trials	28	s028_F200324	grCe_grSu12Mi	9	180.0	7	348.266	348.564
348.574	0.9000000000000341	trials	28	s028_F200324	coCe_grSu6Ne	17	45.0	7	348.874	349.172
349.182	0.9000000000000341	trials	28	s028_F200324	grCe_grSu6CiNe	15	270.0	7	349.482	349.781
349.791	0.9000000000000341	trials	28	s028_F200324	grCe_grSu6CiNe_PS	19	225.0	7	350.091	350.389
355.0	0.9000000000000341	trials	28	s028_F200324	grCe_grSu18Fa	11	225.0	7	355.3	355.598
355.609	0.9000000000000341	trials	28	s028_F200324	grCe_grSu12SmCiNe_PS	21	135.0	6	355.909	356.207
356.82599999999996	0.9000000000000341	trials	28	s028_F200324	grCe_grSu12SmCiNe_PS	21	45.0	6	357.126	357.424
357.43399999999997	0.9000000000000341	trials	28	s028_F200324	grCe_grSu6Ne_PS	18	180.0	6	357.734	358.032
362.55199999999996	0.9000000000000341	trials	28	s028_F200324	grCe_grSu6CiNe_PS	19	180.0	7	362.852	363.15
363.769	0.9000000000000341	trials	28	s028_F200324	grCe_grSu3Ne	5	315.0	7	364.069	364.367
364.377	0.9000000000000341	trials	28	s028_F200324	grCe_grSu1Ne	3	90.0	7	364.677	364.975
364.977	0.9000000000000341	trials	28	s028_F200324	grCe	1	315.0	7	365.277	365.575
370.26099999999997	0.9000000000000341	trials	28	s028_F200324	grCe_grSu1Ne	3	45.0	6	370.561	370.86
373.837	0.9000000000000341	trials	28	s028_F200324	grCe_grSu6CiNe	15	45.0	7	374.137	374.435
374.445	0.9000000000000341	trials	28	s028_F200324	grCe_grSu1Ne	3	0.0	7	374.745	375.044
375.662	0.9000000000000341	trials	28	s028_F200324	grSu3Ne	4		7	375.962	376.261
376.262	0.9000000000000341	trials	28	s028_F200324	NoStim	0		6	376.562	376.861
381.347	0.9000000000000341	trials	28	s028_F200324	grCe_grSu6CiNe_PS	19	315.0	7	381.647	381.945
382.56399999999996	0.9000000000000341	trials	28	s028_F200324	grCe_grSu6CiNe	15	135.0	7	382.864	383.162
383.17199999999997	0.9000000000000341	trials	28	s028_F200324	grCe_grSu12SmCiNe_PS	21	180.0	6	383.472	383.77
383.781	0.9000000000000341	trials	28	s028_F200324	grCe_grSu1Ne	3	180.0	6	384.081	384.379
388.806	0.9000000000000341	trials	28	s028_F200324	grCe_grSu12Mi	9	45.0	7	389.106	389.405
389.41499999999996	0.9000000000000341	trials	28	s028_F200324	grSu12SmCiNe	12		7	389.715	390.013
390.02299999999997	0.9000000000000341	trials	28	s028_F200324	grCe_grSu3Ne	5	90.0	6	390.323	390.622
396.341	0.9000000000000341	trials	28	s028_F200324	grCe_grSu12SmCiNe	13	90.0	6	396.641	396.939
396.95	0.9000000000000341	trials	28	s028_F200324	grCe_grSu6Ne	7	90.0	6	397.25	397.548
397.558	0.9000000000000341	trials	28	s028_F200324	grCe_grSu1Ne	3	225.0	7	397.858	398.156
398.167	0.9000000000000341	trials	28	s028_F200324	grCe_grSu1Ne	3	135.0	7	398.467	398.765
398.792	0.9000000000000341	trials	28	s028_F200324	grCe_grSu18Fa	11	45.0	7	399.092	399.39
403.80899999999997	0.9000000000000341	trials	28	s028_F200324	grCe_grSu3Ne	5	180.0	7	404.109	404.407
404.418	0.9000000000000341	trials	28	s028_F200324	grCe_grSu6Ne_PS	18	225.0	6	404.718	405.016
405.026	0.9000000000000341	trials	28	s028_F200324	grCe_grSu3Ne	5	0.0	6	405.326	405.624
406.243	0.9000000000000341	trials	28	s028_F200324	grCe_grSu6CiNe	15	315.0	6	406.543	406.841
411.402	0.9000000000000341	trials	28	s028_F200324	grCe_grSu6CiNe_PS	19	135.0	6	411.702	412.001
412.002	0.9000000000000341	trials	28	s028_F200324	coCe	16	315.0	6	412.302	412.601
412.603	0.9000000000000341	trials	28	s028_F200324	grCe	1	45.0	6	412.903	413.201
413.211	0.9000000000000341	trials	28	s028_F200324	coCe	16	135.0	6	413.511	413.809
413.836	0.9000000000000341	trials	28	s028_F200324	grCe_grSu18Fa	11	135.0	7	414.136	414.434
418.904	0.9000000000000341	trials	28	s028_F200324	grCe_grSu6CiNe	15	90.0	7	419.204	419.502
420.137	0.9000000000000341	trials	28	s028_F200324	grCe_grSu18Fa	11	0.0	7	420.437	420.735
420.75399999999996	0.9000000000000341	trials	28	s028_F200324	grCe_grSu12Mi	9	0.0	7	421.054	421.352
421.363	0.9000000000000341	trials	28	s028_F200324	grCe_grSu3Ne	5	135.0	7	421.663	421.961
426.572	0.9000000000000341	trials	28	s028_F200324	grCe_grSu6CiNe_PS	19	90.0	7	426.872	427.17
427.789	0.9000000000000341	trials	28	s028_F200324	grCe_grSu6CiNe_PS	19	45.0	7	428.089	428.387
428.389	0.9000000000000341	trials	28	s028_F200324	coCe	16	270.0	6	428.689	428.987
428.997	0.9000000000000341	trials	28	s028_F200324	coCe_grSu6Ne	17	180.0	6	429.297	429.595
434.09	0.9000000000000341	trials	28	s028_F200324	grSu6CiNe	14		7	434.39	434.688
434.715	0.9000000000000341	trials	28	s028_F200324	grCe_grSu18Fa	11	90.0	7	435.015	435.313
435.323	0.9000000000000341	trials	28	s028_F200324	grSu1Ne	2		7	435.623	435.922
435.94	0.9000000000000341	trials	28	s028_F200324	grCe_grSu12Mi	9	225.0	6	436.24	436.538
436.549	0.9000000000000341	trials	28	s028_F200324	grCe_grSu6CiNe	15	0.0	6	436.849	437.147
441.70799999999997	0.9000000000000341	trials	28	s028_F200324	grCe_grSu12SmCiNe_PS	21	90.0	6	442.008	442.306
442.316	0.9000000000000341	trials	28	s028_F200324	grCe_grSu1Ne	3	315.0	6	442.616	442.915
442.925	0.9000000000000341	trials	28	s028_F200324	grCe_grSu6CiNe	15	180.0	7	443.225	443.523
443.55	0.9000000000000341	trials	28	s028_F200324	grCe_grSu18Fa	11	180.0	7	443.85	444.148
444.158	0.9000000000000341	trials	28	s028_F200324	grCe_grSu6Ne	7	315.0	7	444.458	444.757
452.86	0.9000000000000341	trials	28	s028_F200324	grSu6Ne	6		7	453.16	453.458
453.46	0.9000000000000341	trials	28	s028_F200324	grCe	1	225.0	7	453.76	454.058
454.069	0.9000000000000341	trials	28	s028_F200324	grCe_grSu12SmCiNe	13	135.0	7	454.369	454.667
460.495	0.9000000000000341	trials	28	s028_F200324	grCe_grSu6Ne	7	270.0	6	460.795	461.093
461.103	0.9000000000000341	trials	28	s028_F200324	grCe_grSu12SmCiNe_PS	21	315.0	7	461.403	461.701
464.654	0.9000000000000341	trials	28	s028_F200324	coCe	16	180.0	6	464.954	465.252
465.871	0.9000000000000341	trials	28	s028_F200324	grCe_grSu6Ne	7	135.0	6	466.171	466.469
467.08799999999997	0.9000000000000341	trials	28	s028_F200324	grCe_grSu12SmCiNe_PS	21	0.0	6	467.388	467.686
472.18899999999996	0.9000000000000341	trials	28	s028_F200324	grCe_grSu3Ne	5	225.0	7	472.489	472.787
472.79699999999997	0.9000000000000341	trials	28	s028_F200324	grCe_grSu12SmCiNe	13	225.0	7	473.097	473.395
473.406	0.9000000000000341	trials	28	s028_F200324	grCe_grSu6CiNe	15	225.0	6	473.706	474.004
474.014	0.9000000000000341	trials	28	s028_F200324	grCe_grSu6Ne_PS	18	270.0	6	474.314	474.612
480.307	0.9000000000000341	trials	28	s028_F200324	grCe	1	135.0	6	480.607	480.905
481.524	0.9000000000000341	trials	28	s028_F200324	grCe_grSu6CiNe_PS	19	270.0	7	481.824	482.122
482.132	0.9000000000000341	trials	28	s028_F200324	grCe_grSu12SmCiNe	13	180.0	7	482.432	482.73
487.20799999999997	0.9000000000000341	trials	28	s028_F200324	grCe_grSu6Ne_PS	18	90.0	7	487.508	487.806
487.808	0.9000000000000341	trials	28	s028_F200324	coCe	16	225.0	7	488.108	488.406
488.417	0.9000000000000341	trials	28	s028_F200324	grCe_grSu12SmCiNe	13	270.0	6	488.717	489.015
489.025	0.9000000000000341	trials	28	s028_F200324	grCe_grSu6Ne	7	0.0	7	489.325	489.623
495.293	0.9000000000000341	trials	28	s028_F200324	coCe	16	315.0	8	495.593	495.891
495.901	0.9000000000000341	trials	28	s028_F200324	coCe_grSu6Ne	17	0.0	9	496.201	496.5
496.502	0.9000000000000341	trials	28	s028_F200324	coCe	16	270.0	8	496.802	497.1
497.11	0.9000000000000341	trials	28	s028_F200324	grCe_grSu1Ne	3	0.0	9	497.41	497.708
502.161	0.9000000000000341	trials	28	s028_F200324	grCe_grSu12Mi	9	270.0	8	502.461	502.759
502.769	0.9000000000000341	trials	28	s028_F200324	grCe_grSu3Ne	5	90.0	8	503.069	503.368
503.378	0.9000000000000341	trials	28	s028_F200324	grCe_grSu12SmCiNe_PS	21	270.0	9	503.678	503.976
503.978	0.9000000000000341	trials	28	s028_F200324	grCe	1	225.0	9	504.278	504.576
504.586	0.9000000000000341	trials	28	s028_F200324	grSu6Ne	6		9	504.886	505.185
509.662	0.9000000000000341	trials	28	s028_F200324	grCe_grSu12Mi	9	315.0	8	509.962	510.261
510.271	0.9000000000000341	trials	28	s028_F200324	grCe_grSu3Ne	5	180.0	9	510.571	510.869
510.87899999999996	0.9000000000000341	trials	28	s028_F200324	grCe_grSu12SmCiNe_PS	21	315.0	9	511.179	511.477
511.496	0.8999999999999773	trials	28	s028_F200324	grCe_grSu12Mi	9	180.0	9	511.796	512.094
512.104	0.8999999999999773	trials	28	s028_F200324	grCe_grSu6CiNe	15	90.0	9	512.404	512.703
517.13	0.8999999999999773	trials	28	s028_F200324	grCe_grSu12Mi	9	135.0	8	517.43	517.729
517.7470000000001	0.8999999999999773	trials	28	s028_F200324	grCe_grSu12Mi	9	90.0	9	518.047	518.345
518.356	0.8999999999999773	trials	28	s028_F200324	grCe_grSu12SmCiNe	13	225.0	9	518.656	518.954
518.964	0.8999999999999773	trials	28	s028_F200324	grCe_grSu6CiNe	15	270.0	9	519.264	519.562
519.5730000000001	0.8999999999999773	trials	28	s028_F200324	grCe_grSu6CiNe	15	225.0	8	519.873	520.171
525.215	0.8999999999999773	trials	28	s028_F200324	grCe_grSu1Ne	3	45.0	8	525.515	525.813
525.815	0.8999999999999773	trials	28	s028_F200324	coCe	16	90.0	9	526.115	526.414
527.032	0.8999999999999773	trials	28	s028_F200324	grCe_grSu6CiNe_PS	19	270.0	9	527.332	527.63
532.067	0.8999999999999773	trials	28	s028_F200324	grSu1Ne	2		9	532.367	532.665
533.892	0.8999999999999773	trials	28	s028_F200324	grCe	1	45.0	8	534.192	534.49
534.5	0.8999999999999773	trials	28	s028_F200324	grCe_grSu1Ne	3	180.0	8	534.8	535.098
541.385	0.8999999999999773	trials	28	s028_F200324	grCe_grSu6CiNe	15	315.0	8	541.685	541.983
547.086	0.8999999999999773	trials	28	s028_F200324	grCe_grSu6Ne_PS	18	180.0	8	547.386	547.684
547.6940000000001	0.8999999999999773	trials	28	s028_F200324	grCe_grSu12SmCiNe	13	315.0	9	547.994	548.293
548.9110000000001	0.8999999999999773	trials	28	s028_F200324	coCe_grSu6Ne	17	135.0	8	549.211	549.509
549.5200000000001	0.8999999999999773	trials	28	s028_F200324	grCe_grSu12SmCiNe	13	270.0	8	549.82	550.118
555.413	0.8999999999999773	trials	28	s028_F200324	grCe_grSu3Ne	5	225.0	9	555.713	556.011
556.0210000000001	0.8999999999999773	trials	28	s028_F200324	grSu6CiNe	14		9	556.321	556.619
556.629	0.8999999999999773	trials	28	s028_F200324	grCe_grSu12SmCiNe	13	135.0	9	556.929	557.228
557.238	0.8999999999999773	trials	28	s028_F200324	grCe	1	90.0	9	557.538	557.836
562.489	0.8999999999999773	trials	28	s028_F200324	grSu18Fa	10		9	562.789	563.087
563.0970000000001	0.8999999999999773	trials	28	s028_F200324	grCe_grSu6CiNe_PS	19	225.0	9	563.397	563.695
564.3140000000001	0.8999999999999773	trials	28	s028_F200324	coSu6Ne	20		9	564.614	564.912
574.566	0.8999999999999773	trials	28	s028_F200324	coCe_grSu6Ne	17	90.0	9	574.866	575.164
575.1750000000001	0.8999999999999773	trials	28	s028_F200324	grCe_grSu6CiNe	15	135.0	9	575.475	575.773
575.783	0.8999999999999773	trials	28	s028_F200324	grCe_grSu3Ne	5	270.0	9	576.083	576.381
581.4340000000001	0.8999999999999773	trials	28	s028_F200324	grCe_grSu12SmCiNe_PS	21	180.0	8	581.734	582.032
582.043	0.8999999999999773	trials	28	s028_F200324	coCe_grSu6Ne	17	45.0	9	582.343	582.641
582.668	0.8999999999999773	trials	28	s028_F200324	grCe_grSu18Fa	11	270.0	9	582.968	583.266
588.652	0.8999999999999773	trials	28	s028_F200324	grCe_grSu1Ne	3	135.0	9	588.952	589.25
589.2610000000001	0.8999999999999773	trials	28	s028_F200324	grCe_grSu3Ne	5	135.0	9	589.561	589.859
589.869	0.8999999999999773	trials	28	s028_F200324	coCe	16	225.0	9	590.169	590.467
590.4770000000001	0.8999999999999773	trials	28	s028_F200324	grCe_grSu12SmCiNe_PS	21	135.0	8	590.777	591.076
591.086	0.8999999999999773	trials	28	s028_F200324	grCe_grSu12SmCiNe	13	180.0	9	591.386	591.684
600.138	0.8999999999999773	trials	28	s028_F200324	grCe_grSu18Fa	11	315.0	8	600.438	600.736
600.7460000000001	0.8999999999999773	trials	28	s028_F200324	grSu12Mi	8		9	601.046	601.344
601.354	0.8999999999999773	trials	28	s028_F200324	coCe	16	0.0	9	601.654	601.953
601.9630000000001	0.8999999999999773	trials	28	s028_F200324	grCe_grSu6Ne_PS	18	270.0	8	602.263	602.561
602.571	0.8999999999999773	trials	28	s028_F200324	grCe_grSu12SmCiNe	13	0.0	9	602.871	603.169
607.6890000000001	0.8999999999999773	trials	28	s028_F200324	grCe_grSu6CiNe	15	180.0	9	607.989	608.287
608.297	0.8999999999999773	trials	28	s028_F200324	grCe_grSu12SmCiNe_PS	21	0.0	8	608.597	608.896
608.9060000000001	0.8999999999999773	trials	28	s028_F200324	coCe_grSu6Ne	17	270.0	9	609.206	609.504
609.5060000000001	0.8999999999999773	trials	28	s028_F200324	grCe	1	270.0	9	609.806	610.104
610.1310000000001	0.8999999999999773	trials	28	s028_F200324	grCe_grSu18Fa	11	90.0	9	610.431	610.729
615.249	0.8999999999999773	trials	28	s028_F200324	grCe_grSu6CiNe_PS	19	90.0	9	615.549	615.847
615.8570000000001	0.8999999999999773	trials	28	s028_F200324	grCe_grSu6Ne	7	180.0	9	616.157	616.455
616.457	0.8999999999999773	trials	28	s028_F200324	coCe	16	45.0	9	616.757	617.055
617.066	0.8999999999999773	trials	28	s028_F200324	grCe_grSu12SmCiNe_PS	21	225.0	8	617.366	617.664
617.682	0.8999999999999773	trials	28	s028_F200324	grCe_grSu12Mi	9	225.0	8	617.982	618.281
622.725	0.8999999999999773	trials	28	s028_F200324	grCe_grSu6Ne_PS	18	0.0	9	623.025	623.323
623.3340000000001	0.8999999999999773	trials	28	s028_F200324	grCe_grSu1Ne	3	270.0	9	623.634	623.932
624.5500000000001	0.8999999999999773	trials	28	s028_F200324	grCe_grSu3Ne	5	45.0	8	624.85	625.149
625.159	0.8999999999999773	trials	28	s028_F200324	grCe_grSu3Ne	5	0.0	8	625.459	625.757
630.3520000000001	0.8999999999999773	trials	28	s028_F200324	coCe	16	135.0	8	630.652	630.95
630.96	0.8999999999999773	trials	28	s028_F200324	grCe_grSu3Ne	5	315.0	9	631.26	631.558
632.177	0.8999999999999773	trials	28	s028_F200324	grCe_grSu6Ne	7	225.0	8	632.477	632.775
632.802	0.8999999999999773	trials	28	s028_F200324	grCe_grSu18Fa	11	0.0	9	633.102	633.4
637.861	0.8999999999999773	trials	28	s028_F200324	grCe	1	135.0	8	638.161	638.459
638.47	0.8999999999999773	trials	28	s028_F200324	grCe_grSu6CiNe	15	45.0	9	638.77	639.068
639.0780000000001	0.8999999999999773	trials	28	s028_F200324	grCe_grSu6Ne	7	90.0	8	639.378	639.676
639.687	0.8999999999999773	trials	28	s028_F200324	grCe_grSu6Ne	7	315.0	9	639.987	640.285
645.4960000000001	0.8999999999999773	trials	28	s028_F200324	grCe_grSu6Ne_PS	18	45.0	8	645.796	646.094
646.104	0.8999999999999773	trials	28	s028_F200324	grCe_grSu12SmCiNe_PS	21	45.0	8	646.404	646.703
647.3380000000001	0.8999999999999773	trials	28	s028_F200324	grCe_grSu18Fa	11	225.0	9	647.638	647.936
647.9630000000001	0.8999999999999773	trials	28	s028_F200324	grCe_grSu18Fa	11	135.0	9	648.263	648.561
653.706	0.8999999999999773	trials	28	s028_F200324	grCe_grSu12Mi	9	0.0	9	654.006	654.304
654.3140000000001	0.8999999999999773	trials	28	s028_F200324	grCe_grSu6Ne	7	45.0	8	654.614	654.912
654.9140000000001	0.8999999999999773	trials	28	s028_F200324	NoStim	0		8	655.214	655.513
655.523	0.8999999999999773	trials	28	s028_F200324	grCe_grSu6CiNe_PS	19	0.0	9	655.823	656.121
660.8910000000001	0.8999999999999773	trials	28	s028_F200324	grCe_grSu12SmCiNe	13	45.0	9	661.191	661.489
661.499	0.8999999999999773	trials	28	s028_F200324	grCe_grSu6Ne_PS	18	90.0	9	661.799	662.097
662.1070000000001	0.8999999999999773	trials	28	s028_F200324	grCe_grSu1Ne	3	225.0	9	662.407	662.706
662.716	0.8999999999999773	trials	28	s028_F200324	grCe_grSu6Ne	7	135.0	8	663.016	663.314
663.3240000000001	0.8999999999999773	trials	28	s028_F200324	grCe_grSu6CiNe_PS	19	315.0	9	663.624	663.922
669.017	0.8999999999999773	trials	28	s028_F200324	coCe_grSu6Ne	17	315.0	9	669.317	669.615
669.625	0.8999999999999773	trials	28	s028_F200324	grCe_grSu6Ne_PS	18	135.0	8	669.925	670.224
670.234	0.8999999999999773	trials	28	s028_F200324	grCe_grSu6Ne	7	0.0	9	670.534	670.832
670.8420000000001	0.8999999999999773	trials	28	s028_F200324	grCe_grSu1Ne	3	90.0	9	671.142	671.441
675.918	0.8999999999999773	trials	28	s028_F200324	grCe_grSu1Ne	3	315.0	8	676.218	676.516
676.527	0.8999999999999773	trials	28	s028_F200324	grCe_grSu6CiNe_PS	19	135.0	8	676.827	677.125
677.135	0.8999999999999773	trials	28	s028_F200324	grCe_grSu6CiNe_PS	19	45.0	9	677.435	677.733
678.3520000000001	0.8999999999999773	trials	28	s028_F200324	grCe_grSu6Ne_PS	18	315.0	9	678.652	678.95
683.4530000000001	0.8999999999999773	trials	28	s028_F200324	coCe_grSu6Ne	17	225.0	9	683.753	684.051
684.062	0.8999999999999773	trials	28	s028_F200324	coCe_grSu6Ne	17	180.0	8	684.362	684.66
684.678	0.8999999999999773	trials	28	s028_F200324	grCe_grSu12Mi	9	45.0	9	684.978	685.276
685.287	0.8999999999999773	trials	28	s028_F200324	grSu12SmCiNe	12		9	685.587	685.885
690.946	0.8999999999999773	trials	28	s028_F200324	grCe_grSu18Fa	11	180.0	9	691.246	691.544
691.546	0.8999999999999773	trials	28	s028_F200324	coCe	16	180.0	8	691.846	692.144
692.1550000000001	0.8999999999999773	trials	28	s028_F200324	grCe_grSu12SmCiNe	13	90.0	8	692.455	692.753
692.755	0.8999999999999773	trials	28	s028_F200324	grCe	1	315.0	9	693.055	693.353
693.363	0.8999999999999773	trials	28	s028_F200324	grCe	1	180.0	9	693.663	693.961
698.364	0.8999999999999773	trials	28	s028_F200324	grCe_grSu18Fa	11	45.0	9	698.664	698.962
698.9730000000001	0.8999999999999773	trials	28	s028_F200324	grCe_grSu12SmCiNe_PS	21	90.0	8	699.273	699.571
699.581	0.8999999999999773	trials	28	s028_F200324	grCe_grSu6Ne	7	270.0	8	699.881	700.179
700.181	0.8999999999999773	trials	28	s028_F200324	grCe	1	0.0	9	700.481	700.779
700.7900000000001	0.8999999999999773	trials	28	s028_F200324	grCe_grSu6CiNe	15	0.0	8	701.09	701.388
705.832	0.8999999999999773	trials	28	s028_F200324	grCe_grSu6Ne_PS	18	225.0	8	706.132	706.43
706.441	0.8999999999999773	trials	28	s028_F200324	grSu3Ne	4		9	706.741	707.039
707.0490000000001	0.8999999999999773	trials	28	s028_F200324	grCe_grSu6CiNe_PS	19	180.0	9	707.349	707.647
707.658	0.8999999999999773	trials	28	s028_F200324	grCe_grSu12SmCiNe	13	135.0	2	707.958	708.256
708.258	0.8999999999999773	trials	28	s028_F200324	grCe	1	315.0	2	708.558	708.856
713.859	0.8999999999999773	trials	28	s028_F200324	coCe_grSu6Ne	17	315.0	2	714.159	714.457
717.618	0.8999999999999773	trials	28	s028_F200324	grCe_grSu12SmCiNe	13	45.0	2	717.918	718.216
719.4430000000001	0.8999999999999773	trials	28	s028_F200324	grCe_grSu12SmCiNe_PS	21	0.0	2	719.743	720.041
720.052	0.8999999999999773	trials	28	s028_F200324	grCe_grSu3Ne	5	90.0	2	720.352	720.65
726.378	0.8999999999999773	trials	28	s028_F200324	grCe_grSu12Mi	9	315.0	2	726.678	726.976
727.595	0.8999999999999773	trials	28	s028_F200324	grCe_grSu6Ne	7	135.0	2	727.895	728.193
732.8040000000001	0.8999999999999773	trials	28	s028_F200324	grCe_grSu6Ne	7	45.0	2	733.104	733.402
733.412	0.8999999999999773	trials	28	s028_F200324	grCe_grSu12SmCiNe_PS	21	180.0	2	733.712	734.011
734.0210000000001	0.8999999999999773	trials	28	s028_F200324	grCe_grSu6Ne_PS	18	0.0	2	734.321	734.619
734.629	0.8999999999999773	trials	28	s028_F200324	grCe_grSu6CiNe_PS	19	90.0	2	734.929	735.227
740.739	0.8999999999999773	trials	28	s028_F200324	grCe	1	225.0	2	741.039	741.337
741.3470000000001	0.8999999999999773	trials	28	s028_F200324	grSu12SmCiNe	12		2	741.647	741.945
741.956	0.8999999999999773	trials	28	s028_F200324	grCe	1	180.0	2	742.256	742.554
742.5640000000001	0.8999999999999773	trials	28	s028_F200324	grCe_grSu1Ne	3	90.0	2	742.864	743.162
748.2230000000001	0.8999999999999773	trials	28	s028_F200324	coCe_grSu6Ne	17	270.0	2	748.523	748.822
748.832	0.8999999999999773	trials	28	s028_F200324	grCe_grSu12SmCiNe	13	0.0	2	749.132	749.43
749.44	0.8999999999999773	trials	28	s028_F200324	grCe_grSu6CiNe	15	90.0	2	749.74	750.039
750.065	0.8999999999999773	trials	28	s028_F200324	grCe_grSu18Fa	11	315.0	2	750.365	750.664
750.6740000000001	0.8999999999999773	trials	28	s028_F200324	grCe_grSu6CiNe	15	180.0	2	750.974	751.272
755.917	0.8999999999999773	trials	28	s028_F200324	grSu3Ne	4		2	756.217	756.515
756.5250000000001	0.8999999999999773	trials	28	s028_F200324	grCe_grSu6Ne_PS	18	135.0	2	756.825	757.123
757.133	0.8999999999999773	trials	28	s028_F200324	grCe_grSu12SmCiNe_PS	21	135.0	2	757.433	757.732
758.35	0.8999999999999773	trials	28	s028_F200324	grCe	1	0.0	2	758.65	758.949
763.51	0.8999999999999773	trials	28	s028_F200324	grCe_grSu18Fa	11	45.0	2	763.81	764.108
764.118	0.8999999999999773	trials	28	s028_F200324	grCe_grSu3Ne	5	315.0	2	764.418	764.716
764.7180000000001	0.8999999999999773	trials	28	s028_F200324	grCe	1	135.0	2	765.018	765.316
765.327	0.8999999999999773	trials	28	s028_F200324	grCe_grSu6CiNe	15	135.0	2	765.627	765.925
765.9350000000001	0.8999999999999773	trials	28	s028_F200324	coCe	16	45.0	2	766.235	766.533
771.0690000000001	0.8999999999999773	trials	28	s028_F200324	grCe_grSu6CiNe_PS	19	225.0	2	771.369	771.668
771.678	0.8999999999999773	trials	28	s028_F200324	grCe_grSu12SmCiNe	13	180.0	2	771.978	772.276
772.2860000000001	0.8999999999999773	trials	28	s028_F200324	grCe_grSu6CiNe	15	270.0	2	772.586	772.884
772.8950000000001	0.8999999999999773	trials	28	s028_F200324	grCe_grSu3Ne	5	225.0	2	773.195	773.493
773.503	0.8999999999999773	trials	28	s028_F200324	grCe_grSu6Ne	7	225.0	2	773.803	774.101
778.7710000000001	0.8999999999999773	trials	28	s028_F200324	grCe_grSu6Ne_PS	18	270.0	2	779.071	779.369
780.5880000000001	0.8999999999999773	trials	28	s028_F200324	coCe	16	225.0	2	780.888	781.186
781.1880000000001	0.8999999999999773	trials	28	s028_F200324	coCe	16	135.0	2	781.488	781.786
789.7230000000001	0.8999999999999773	trials	28	s028_F200324	grCe_grSu6Ne	7	0.0	2	790.023	790.321
790.331	0.8999999999999773	trials	28	s028_F200324	grCe_grSu12SmCiNe_PS	21	225.0	2	790.631	790.929
790.931	0.8999999999999773	trials	28	s028_F200324	coCe	16	270.0	2	791.231	791.53
791.5400000000001	0.8999999999999773	trials	28	s028_F200324	grCe_grSu12SmCiNe_PS	21	90.0	2	791.84	792.138
797.191	0.8999999999999773	trials	28	s028_F200324	grCe_grSu12SmCiNe	13	225.0	2	797.491	797.789
797.808	0.8999999999999773	trials	28	s028_F200324	grCe_grSu12Mi	9	45.0	2	798.108	798.406
798.416	0.8999999999999773	trials	28	s028_F200324	grCe_grSu3Ne	5	0.0	2	798.716	799.014
799.0250000000001	0.8999999999999773	trials	28	s028_F200324	grCe_grSu6CiNe	15	45.0	2	799.325	799.623
799.633	0.8999999999999773	trials	28	s028_F200324	coCe_grSu6Ne	17	0.0	2	799.933	800.231
804.676	0.8999999999999773	trials	28	s028_F200324	grCe_grSu6Ne	7	180.0	2	804.976	805.274
805.2760000000001	0.8999999999999773	trials	28	s028_F200324	coCe	16	180.0	2	805.576	805.874
805.884	0.8999999999999773	trials	28	s028_F200324	grCe_grSu1Ne	3	315.0	2	806.184	806.482
806.493	0.8999999999999773	trials	28	s028_F200324	coCe_grSu6Ne	17	180.0	2	806.793	807.091
807.101	0.8999999999999773	trials	28	s028_F200324	grCe_grSu6Ne_PS	18	180.0	2	807.401	807.699
812.269	0.8999999999999773	trials	28	s028_F200324	grCe_grSu18Fa	11	135.0	2	812.569	812.867
813.486	0.8999999999999773	trials	28	s028_F200324	grCe_grSu12SmCiNe	13	270.0	2	813.786	814.084
814.094	0.8999999999999773	trials	28	s028_F200324	grCe_grSu6Ne_PS	18	315.0	2	814.394	814.692
814.7030000000001	0.8999999999999773	trials	28	s028_F200324	grCe_grSu6CiNe	15	225.0	2	815.003	815.301
822.9960000000001	0.8999999999999773	trials	28	s028_F200324	grCe_grSu3Ne	5	180.0	2	823.296	823.594
823.604	0.8999999999999773	trials	28	s028_F200324	grCe_grSu6CiNe_PS	19	270.0	2	823.904	824.202
824.2130000000001	0.8999999999999773	trials	28	s028_F200324	grCe_grSu6CiNe	15	315.0	2	824.513	824.811
824.821	0.8999999999999773	trials	28	s028_F200324	grCe_grSu6CiNe_PS	19	180.0	2	825.121	825.419
825.4300000000001	0.8999999999999773	trials	28	s028_F200324	grCe_grSu1Ne	3	180.0	2	825.73	826.028
830.58	0.8999999999999773	trials	28	s028_F200324	grCe_grSu18Fa	11	225.0	2	830.88	831.179
831.206	0.8999999999999773	trials	28	s028_F200324	grCe_grSu18Fa	11	180.0	2	831.506	831.804
831.8140000000001	0.8999999999999773	trials	28	s028_F200324	grCe_grSu12SmCiNe	13	90.0	2	832.114	832.412
833.0310000000001	0.8999999999999773	trials	28	s028_F200324	grCe_grSu1Ne	3	135.0	2	833.331	833.629
838.024	0.8999999999999773	trials	28	s028_F200324	grSu18Fa	10		2	838.324	838.622
838.6320000000001	0.8999999999999773	trials	28	s028_F200324	grCe_grSu6Ne	7	270.0	2	838.932	839.23
839.24	0.8999999999999773	trials	28	s028_F200324	grCe_grSu1Ne	3	225.0	2	839.54	839.839
839.849	0.8999999999999773	trials	28	s028_F200324	grCe_grSu3Ne	5	135.0	2	840.149	840.447
840.457	0.8999999999999773	trials	28	s028_F200324	grCe_grSu6Ne	7	90.0	2	840.757	841.055
845.725	0.8999999999999773	trials	28	s028_F200324	NoStim	0		2	846.025	846.323
846.3330000000001	0.8999999999999773	trials	28	s028_F200324	grCe_grSu6CiNe_PS	19	0.0	2	846.633	846.932
850.284	0.8999999999999773	trials	28	s028_F200324	coCe	16	315.0	2	850.584	850.882
850.893	0.8999999999999773	trials	28	s028_F200324	coCe_grSu6Ne	17	45.0	2	851.193	851.491
852.109	0.8999999999999773	trials	28	s028_F200324	grCe_grSu3Ne	5	270.0	2	852.409	852.708
852.7180000000001	0.8999999999999773	trials	28	s028_F200324	grCe_grSu6Ne	7	315.0	2	853.018	853.316
858.427	0.8999999999999773	trials	28	s028_F200324	grCe_grSu6CiNe	15	0.0	2	858.727	859.025
859.0440000000001	0.8999999999999773	trials	28	s028_F200324	grCe_grSu12Mi	9	270.0	2	859.344	859.642
859.653	0.8999999999999773	trials	28	s028_F200324	grCe_grSu12SmCiNe	13	315.0	2	859.953	860.251
860.2610000000001	0.8999999999999773	trials	28	s028_F200324	coCe	16	90.0	2	860.561	860.859
865.345	0.8999999999999773	trials	28	s028_F200324	grCe_grSu6Ne_PS	18	90.0	2	865.645	865.943
865.9540000000001	0.8999999999999773	trials	28	s028_F200324	grSu12Mi	8		2	866.254	866.552
866.562	0.8999999999999773	trials	28	s028_F200324	grCe_grSu1Ne	3	270.0	2	866.862	867.16
867.171	0.8999999999999773	trials	28	s028_F200324	grCe	1	45.0	2	867.471	867.769
867.779	0.8999999999999773	trials	28	s028_F200324	coCe_grSu6Ne	17	135.0	2	868.079	868.377
876.0640000000001	0.8999999999999773	trials	28	s028_F200324	grCe_grSu6CiNe_PS	19	315.0	2	876.364	876.662
876.672	0.8999999999999773	trials	28	s028_F200324	grCe_grSu6CiNe_PS	19	45.0	2	876.972	877.271
877.2810000000001	0.8999999999999773	trials	28	s028_F200324	grCe_grSu6CiNe_PS	19	135.0	2	877.581	877.879
878.514	0.8999999999999773	trials	28	s028_F200324	grCe_grSu18Fa	11	270.0	2	878.814	879.113
884.24	0.8999999999999773	trials	28	s028_F200324	grCe_grSu12SmCiNe_PS	21	45.0	2	884.54	884.839
884.849	0.8999999999999773	trials	28	s028_F200324	grCe_grSu6Ne_PS	18	45.0	2	885.149	885.447
885.457	0.8999999999999773	trials	28	s028_F200324	grCe_grSu1Ne	3	45.0	2	885.757	886.056
891.383	0.8999999999999773	trials	28	s028_F200324	grCe_grSu12SmCiNe_PS	21	315.0	2	891.683	891.982
892.0	0.8999999999999773	trials	28	s028_F200324	grCe_grSu12Mi	9	225.0	2	892.3	892.598
892.6170000000001	0.8999999999999773	trials	28	s028_F200324	grCe_grSu12Mi	9	0.0	2	892.917	893.215
893.2420000000001	0.8999999999999773	trials	28	s028_F200324	grCe_grSu18Fa	11	90.0	2	893.542	893.84
893.851	0.8999999999999773	trials	28	s028_F200324	grSu6Ne	6		2	894.151	894.449
899.5600000000001	0.8999999999999773	trials	28	s028_F200324	grCe_grSu3Ne	5	45.0	2	899.86	900.158
900.7940000000001	0.8999999999999773	trials	28	s028_F200324	grCe_grSu18Fa	11	0.0	2	901.094	901.392
901.402	0.8999999999999773	trials	28	s028_F200324	grCe_grSu6Ne_PS	18	225.0	2	901.702	902.0
910.6450000000001	0.8999999999999773	trials	28	s028_F200324	grCe	1	90.0	2	910.945	911.244
911.2460000000001	0.8999999999999773	trials	28	s028_F200324	grCe	1	270.0	2	911.546	911.844
916.855	0.8999999999999773	trials	28	s028_F200324	coSu6Ne	20		2	917.155	917.453
918.072	0.8999999999999773	trials	28	s028_F200324	grCe_grSu1Ne	3	0.0	2	918.372	918.67
918.6890000000001	0.8999999999999773	trials	28	s028_F200324	grCe_grSu12Mi	9	180.0	2	918.989	919.287
919.297	0.8999999999999773	trials	28	s028_F200324	grSu6CiNe	14		2	919.597	919.895
924.373	0.8999999999999773	trials	28	s028_F200324	grSu1Ne	2		2	924.673	924.971
924.99	0.8999999999999773	trials	28	s028_F200324	grCe_grSu12Mi	9	90.0	2	925.29	925.588
925.5980000000001	0.8999999999999773	trials	28	s028_F200324	coCe_grSu6Ne	17	90.0	2	925.898	926.196
926.215	0.8999999999999773	trials	28	s028_F200324	grCe_grSu12Mi	9	135.0	2	926.515	926.813
926.815	0.8999999999999773	trials	28	s028_F200324	coCe	16	0.0	2	927.115	927.413
932.1410000000001	0.8999999999999773	trials	28	s028_F200324	grCe_grSu12SmCiNe_PS	21	270.0	2	932.441	932.739
932.75	0.8999999999999773	trials	28	s028_F200324	coCe_grSu6Ne	17	225.0	2	933.05	933.348
933.3580000000001	0.8999999999999773	trials	28	s028_F200324	grCe_grSu12SmCiNe	13	90.0	1	933.658	933.956
933.975	0.8999999999999773	trials	28	s028_F200324	grCe_grSu12Mi	9	270.0	1	934.275	934.573
939.734	0.8999999999999773	trials	28	s028_F200324	grCe_grSu6CiNe_PS	19	90.0	1	940.034	940.332
940.3430000000001	0.8999999999999773	trials	28	s028_F200324	grCe_grSu6CiNe	15	315.0	1	940.643	940.941
940.951	0.8999999999999773	trials	28	s028_F200324	grCe_grSu12SmCiNe_PS	21	45.0	1	941.251	941.549
947.211	0.8999999999999773	trials	28	s028_F200324	grCe_grSu12SmCiNe	13	180.0	1	947.511	947.809
947.836	0.8999999999999773	trials	28	s028_F200324	grCe_grSu18Fa	11	225.0	1	948.136	948.434
948.4440000000001	0.8999999999999773	trials	28	s028_F200324	grCe_grSu6CiNe	15	270.0	1	948.744	949.042
949.053	0.8999999999999773	trials	28	s028_F200324	coCe_grSu6Ne	17	90.0	1	949.353	949.651
949.6610000000001	0.8999999999999773	trials	28	s028_F200324	grCe_grSu12SmCiNe	13	315.0	1	949.961	950.259
954.7950000000001	0.8999999999999773	trials	28	s028_F200324	grCe_grSu6Ne	7	315.0	1	955.095	955.393
955.4200000000001	0.8999999999999773	trials	28	s028_F200324	grCe_grSu18Fa	11	45.0	1	955.72	956.019
956.029	0.8999999999999773	trials	28	s028_F200324	grCe_grSu6Ne_PS	18	270.0	1	956.329	956.627
957.2460000000001	0.8999999999999773	trials	28	s028_F200324	coCe_grSu6Ne	17	135.0	1	957.546	957.844
963.73	0.8999999999999773	trials	28	s028_F200324	coSu6Ne	20		1	964.03	964.328
964.339	0.8999999999999773	trials	28	s028_F200324	grCe_grSu6Ne_PS	18	315.0	1	964.639	964.937
964.947	0.8999999999999773	trials	28	s028_F200324	grCe_grSu12SmCiNe	13	0.0	1	965.247	965.545
970.206	0.8999999999999773	trials	28	s028_F200324	grCe_grSu6CiNe	15	0.0	1	970.506	970.805
970.8230000000001	0.8999999999999773	trials	28	s028_F200324	grCe_grSu12Mi	9	225.0	1	971.123	971.421
971.432	0.8999999999999773	trials	28	s028_F200324	grCe_grSu1Ne	3	135.0	1	971.732	972.03
972.0400000000001	0.8999999999999773	trials	28	s028_F200324	coCe_grSu6Ne	17	315.0	1	972.34	972.638
972.657	0.8999999999999773	trials	28	s028_F200324	grCe_grSu12Mi	9	315.0	1	972.957	973.255
977.7	0.8999999999999773	trials	28	s028_F200324	grCe_grSu12SmCiNe_PS	21	135.0	1	978.0	978.298
978.308	0.8999999999999773	trials	28	s028_F200324	grCe	1	225.0	1	978.608	978.906
978.908	0.8999999999999773	trials	28	s028_F200324	grCe	1	45.0	1	979.208	979.506
979.5250000000001	0.8999999999999773	trials	28	s028_F200324	grCe_grSu12Mi	9	90.0	1	979.825	980.123
980.133	0.8999999999999773	trials	28	s028_F200324	grCe_grSu3Ne	5	315.0	1	980.433	980.731
985.3340000000001	0.8999999999999773	trials	28	s028_F200324	grCe_grSu3Ne	5	270.0	1	985.634	985.932
985.9430000000001	0.8999999999999773	trials	28	s028_F200324	grCe_grSu6CiNe_PS	19	180.0	1	986.243	986.541
986.551	0.8999999999999773	trials	28	s028_F200324	grCe_grSu6Ne_PS	18	90.0	1	986.851	987.149
987.168	0.8999999999999773	trials	28	s028_F200324	grCe_grSu12Mi	9	0.0	1	987.468	987.766
990.869	0.8999999999999773	trials	28	s028_F200324	grCe_grSu18Fa	11	180.0	1	991.169	991.467
991.4770000000001	0.8999999999999773	trials	28	s028_F200324	coCe	16	270.0	1	991.777	992.075
992.086	0.8999999999999773	trials	28	s028_F200324	grCe_grSu12SmCiNe_PS	21	0.0	1	992.386	992.684
992.6940000000001	0.8999999999999773	trials	28	s028_F200324	grCe_grSu3Ne	5	225.0	1	992.994	993.292
993.302	0.8999999999999773	trials	28	s028_F200324	grCe_grSu6Ne_PS	18	0.0	1	993.602	993.901
999.129	0.8999999999999773	trials	28	s028_F200324	grCe	1	0.0	1	999.429	999.727
999.7370000000001	0.8999999999999773	trials	28	s028_F200324	coCe_grSu6Ne	17	225.0	1	1000.037	1000.335
1000.9540000000001	0.8999999999999773	trials	28	s028_F200324	grCe_grSu6CiNe_PS	19	45.0	1	1001.254	1001.552
1006.613	0.8999999999999773	trials	28	s028_F200324	NoStim	0		1	1006.913	1007.211
1007.2220000000001	0.8999999999999773	trials	28	s028_F200324	grCe_grSu6CiNe	15	45.0	1	1007.522	1007.82
1007.83	0.8999999999999773	trials	28	s028_F200324	grCe_grSu12SmCiNe_PS	21	180.0	1	1008.13	1008.428
1008.455	0.8999999999999773	trials	28	s028_F200324	grCe_grSu18Fa	11	270.0	1	1008.755	1009.053
1013.465	0.8999999999999773	trials	28	s028_F200324	grSu6CiNe	14		1	1013.765	1014.063
1014.0730000000001	0.8999999999999773	trials	28	s028_F200324	grSu12Mi	8		1	1014.373	1014.671
1014.681	0.8999999999999773	trials	28	s028_F200324	grCe_grSu12SmCiNe_PS	21	90.0	1	1014.981	1015.28
1015.2900000000001	0.8999999999999773	trials	28	s028_F200324	grCe_grSu12SmCiNe	13	270.0	1	1015.59	1015.888
1015.898	0.8999999999999773	trials	28	s028_F200324	grSu12SmCiNe	12		1	1016.198	1016.496
1021.183	0.8999999999999773	trials	28	s028_F200324	grCe_grSu6CiNe	15	135.0	1	1021.483	1021.781
1021.791	0.8999999999999773	trials	28	s028_F200324	grCe_grSu12SmCiNe	13	225.0	1	1022.091	1022.389
1022.4000000000001	0.8999999999999773	trials	28	s028_F200324	grCe_grSu6Ne	7	270.0	1	1022.7	1022.998
1023.008	0.8999999999999773	trials	28	s028_F200324	grCe_grSu12SmCiNe	13	45.0	1	1023.308	1023.606
1028.692	0.8999999999998636	trials	28	s028_F200324	coCe_grSu6Ne	17	270.0	1	1028.992	1029.291
1029.2920000000001	0.8999999999998636	trials	28	s028_F200324	coCe	16	225.0	1	1029.592	1029.891
1029.893	0.8999999999998636	trials	28	s028_F200324	coCe	16	45.0	1	1030.193	1030.491
1030.509	0.8999999999998636	trials	28	s028_F200324	grCe_grSu12Mi	9	135.0	1	1030.809	1031.108
1031.1100000000001	0.8999999999998636	trials	28	s028_F200324	coCe	16	315.0	1	1031.41	1031.708
1036.752	0.8999999999998636	trials	28	s028_F200324	grCe_grSu6Ne	7	225.0	1	1037.052	1037.35
1037.361	0.8999999999998636	trials	28	s028_F200324	grCe_grSu1Ne	3	0.0	1	1037.661	1037.959
1038.578	0.8999999999998636	trials	28	s028_F200324	grCe	1	90.0	1	1038.878	1039.176
1043.587	0.8999999999998636	trials	28	s028_F200324	coCe	16	0.0	1	1043.887	1044.185
1044.212	0.8999999999998636	trials	28	s028_F200324	grCe_grSu18Fa	11	90.0	1	1044.512	1044.81
1044.8120000000001	0.8999999999998636	trials	28	s028_F200324	grCe	1	180.0	1	1045.112	1045.41
1045.421	0.8999999999998636	trials	28	s028_F200324	grCe_grSu3Ne	5	135.0	1	1045.721	1046.019
1046.029	0.8999999999998636	trials	28	s028_F200324	grCe_grSu6Ne	7	90.0	1	1046.329	1046.627
1051.155	0.8999999999998636	trials	28	s028_F200324	grCe_grSu6Ne_PS	18	45.0	1	1051.455	1051.753
1052.98	0.8999999999998636	trials	28	s028_F200324	coCe_grSu6Ne	17	180.0	1	1053.28	1053.578
1053.589	0.8999999999998636	trials	28	s028_F200324	coCe_grSu6Ne	17	0.0	1	1053.889	1054.187
1058.606	0.8999999999998636	trials	28	s028_F200324	grCe_grSu6CiNe_PS	19	315.0	1	1058.906	1059.204
1060.432	0.8999999999998636	trials	28	s028_F200324	grCe	1	135.0	1	1060.732	1061.03
1061.04	0.8999999999998636	trials	28	s028_F200324	grCe_grSu6Ne	7	0.0	1	1061.34	1061.638
1066.191	0.8999999999998636	trials	28	s028_F200324	coCe	16	135.0	1	1066.491	1066.789
1067.4080000000001	0.8999999999998636	trials	28	s028_F200324	grCe_grSu1Ne	3	180.0	1	1067.708	1068.006
1068.016	0.8999999999998636	trials	28	s028_F200324	grCe_grSu6CiNe_PS	19	135.0	1	1068.316	1068.615
1068.625	0.8999999999998636	trials	28	s028_F200324	grCe_grSu6CiNe	15	180.0	1	1068.925	1069.223
1073.651	0.8999999999998636	trials	28	s028_F200324	grCe_grSu3Ne	5	0.0	1	1073.951	1074.249
1074.276	0.8999999999998636	trials	28	s028_F200324	grCe_grSu18Fa	11	315.0	1	1074.576	1074.874
1074.884	0.8999999999998636	trials	28	s028_F200324	grSu3Ne	4		1	1075.184	1075.482
1075.493	0.8999999999998636	trials	28	s028_F200324	grCe_grSu6Ne_PS	18	135.0	1	1075.793	1076.091
1076.101	0.8999999999998636	trials	28	s028_F200324	grCe_grSu12SmCiNe_PS	21	270.0	1	1076.401	1076.699
1082.394	0.8999999999998636	trials	28	s028_F200324	grCe_grSu12SmCiNe	13	135.0	1	1082.694	1082.992
1083.0030000000002	0.8999999999998636	trials	28	s028_F200324	grCe_grSu6CiNe_PS	19	270.0	1	1083.303	1083.601
1083.611	0.8999999999998636	trials	28	s028_F200324	grCe_grSu6CiNe	15	90.0	1	1083.911	1084.209
1089.645	0.8999999999998636	trials	28	s028_F200324	coCe	16	180.0	1	1089.945	1090.244
1093.746	0.8999999999998636	trials	28	s028_F200324	grCe_grSu3Ne	5	45.0	1	1094.046	1094.344
1094.963	0.8999999999998636	trials	28	s028_F200324	grCe_grSu6Ne	7	180.0	1	1095.263	1095.561
1096.18	0.8999999999998636	trials	28	s028_F200324	grCe_grSu1Ne	3	45.0	1	1096.48	1096.778
1101.189	0.8999999999998636	trials	28	s028_F200324	grCe_grSu1Ne	3	270.0	1	1101.489	1101.787
1101.798	0.8999999999998636	trials	28	s028_F200324	grCe_grSu1Ne	3	90.0	1	1102.098	1102.396
1103.015	0.8999999999998636	trials	28	s028_F200324	grCe_grSu1Ne	3	225.0	1	1103.315	1103.613
1103.623	0.8999999999998636	trials	28	s028_F200324	grCe_grSu6CiNe_PS	19	225.0	1	1103.923	1104.221
1108.6570000000002	0.8999999999998636	trials	28	s028_F200324	coCe_grSu6Ne	17	45.0	1	1108.957	1109.255
1109.883	0.8999999999998636	trials	28	s028_F200324	grCe_grSu12Mi	9	45.0	1	1110.183	1110.481
1110.491	0.8999999999998636	trials	28	s028_F200324	grCe_grSu6Ne_PS	18	225.0	1	1110.791	1111.089
1111.116	0.8999999999998636	trials	28	s028_F200324	grCe_grSu18Fa	11	135.0	1	1111.416	1111.714
1116.384	0.8999999999998636	trials	28	s028_F200324	grCe_grSu1Ne	3	315.0	1	1116.684	1116.982
1116.992	0.8999999999998636	trials	28	s028_F200324	grCe_grSu3Ne	5	180.0	1	1117.292	1117.59
1117.6090000000002	0.8999999999998636	trials	28	s028_F200324	grCe_grSu12Mi	9	180.0	1	1117.909	1118.207
1118.209	0.8999999999998636	trials	28	s028_F200324	coCe	16	90.0	1	1118.509	1118.807
1118.818	0.8999999999998636	trials	28	s028_F200324	grCe_grSu12SmCiNe_PS	21	315.0	1	1119.118	1119.416
1123.9180000000001	0.8999999999998636	trials	28	s028_F200324	grCe_grSu6Ne	7	45.0	1	1124.218	1124.517
1124.527	0.8999999999998636	trials	28	s028_F200324	grCe_grSu6Ne	7	135.0	1	1124.827	1125.125
1125.135	0.8999999999998636	trials	28	s028_F200324	grCe_grSu3Ne	5	90.0	1	1125.435	1125.734
1125.752	0.8999999999998636	trials	28	s028_F200324	grSu18Fa	10		1	1126.052	1126.35
1126.361	0.8999999999998636	trials	28	s028_F200324	grCe_grSu6CiNe	15	225.0	1	1126.661	1126.959
1135.3120000000001	0.8999999999998636	trials	28	s028_F200324	grCe	1	270.0	1	1135.612	1135.91
1135.921	0.8999999999998636	trials	28	s028_F200324	grSu6Ne	6		1	1136.221	1136.519
1136.529	0.8999999999998636	trials	28	s028_F200324	grCe_grSu6Ne_PS	18	180.0	1	1136.829	1137.127
1137.154	0.8999999999998636	trials	28	s028_F200324	grCe_grSu18Fa	11	0.0	1	1137.454	1137.752
1137.7630000000001	0.8999999999998636	trials	28	s028_F200324	grCe_grSu6CiNe_PS	19	0.0	1	1138.063	1138.361
1143.355	0.8999999999998636	trials	28	s028_F200324	grCe_grSu12SmCiNe_PS	21	225.0	1	1143.655	1143.954
1143.964	0.8999999999998636	trials	28	s028_F200324	grCe	1	315.0	1	1144.264	1144.562
1144.5720000000001	0.8999999999998636	trials	28	s028_F200324	grSu1Ne	2		1	1144.872	1145.17
1145.181	0.8999999999998636	trials	28	s028_F200324	grCe_grSu12SmCiNe_PS	21	135.0	3	1145.481	1145.779
1150.8980000000001	0.8999999999998636	trials	28	s028_F200324	coCe_grSu6Ne	17	225.0	4	1151.198	1151.497
1151.507	0.8999999999998636	trials	28	s028_F200324	grCe_grSu12SmCiNe	13	270.0	3	1151.807	1152.105
1152.115	0.8999999999998636	trials	28	s028_F200324	grCe_grSu6Ne	7	180.0	4	1152.415	1152.714
1152.724	0.8999999999998636	trials	28	s028_F200324	grCe_grSu12SmCiNe	13	45.0	4	1153.024	1153.322
1153.332	0.8999999999998636	trials	28	s028_F200324	grCe_grSu6CiNe	15	0.0	3	1153.632	1153.93
1158.6580000000001	0.8999999999998636	trials	28	s028_F200324	grCe_grSu6Ne_PS	18	270.0	3	1158.958	1159.256
1159.267	0.8999999999998636	trials	28	s028_F200324	grCe_grSu3Ne	5	45.0	3	1159.567	1159.865
1160.4840000000002	0.8999999999998636	trials	28	s028_F200324	grCe_grSu12SmCiNe_PS	21	180.0	3	1160.784	1161.082
1161.092	0.8999999999998636	trials	28	s028_F200324	grCe_grSu6CiNe_PS	19	45.0	4	1161.392	1161.69
1166.51	0.8999999999998636	trials	28	s028_F200324	grCe	1	270.0	4	1166.81	1167.108
1167.118	0.8999999999998636	trials	28	s028_F200324	grCe_grSu6Ne_PS	18	135.0	3	1167.418	1167.716
1167.727	0.8999999999998636	trials	28	s028_F200324	grCe_grSu6Ne	7	45.0	3	1168.027	1168.325
1173.978	0.8999999999998636	trials	28	s028_F200324	grCe_grSu12SmCiNe_PS	21	0.0	3	1174.278	1174.576
1174.586	0.8999999999998636	trials	28	s028_F200324	grCe_grSu6Ne	7	135.0	3	1174.886	1175.184
1175.203	0.8999999999998636	trials	28	s028_F200324	grCe_grSu12Mi	9	135.0	3	1175.503	1175.801
1175.8110000000001	0.8999999999998636	trials	28	s028_F200324	grCe_grSu6CiNe_PS	19	135.0	3	1176.111	1176.41
1176.42	0.8999999999998636	trials	28	s028_F200324	grSu3Ne	4		4	1176.72	1177.018
1181.563	0.8999999999998636	trials	28	s028_F200324	grSu18Fa	10		4	1181.863	1182.161
1182.171	0.8999999999998636	trials	28	s028_F200324	coCe	16	180.0	3	1182.471	1182.769
1182.779	0.8999999999998636	trials	28	s028_F200324	coCe_grSu6Ne	17	0.0	4	1183.079	1183.378
1183.405	0.8999999999998636	trials	28	s028_F200324	grCe_grSu18Fa	11	225.0	4	1183.705	1184.003
1184.0130000000001	0.8999999999998636	trials	28	s028_F200324	grCe_grSu12SmCiNe	13	135.0	4	1184.313	1184.611
1189.397	0.8999999999998636	trials	28	s028_F200324	grCe_grSu6Ne_PS	18	180.0	3	1189.697	1189.995
1190.006	0.8999999999998636	trials	28	s028_F200324	coCe_grSu6Ne	17	180.0	3	1190.306	1190.604
1190.614	0.8999999999998636	trials	28	s028_F200324	grCe_grSu3Ne	5	135.0	4	1190.914	1191.212
1191.223	0.8999999999998636	trials	28	s028_F200324	grCe_grSu6Ne_PS	18	90.0	4	1191.523	1191.821
1191.839	0.8999999999998636	trials	28	s028_F200324	grCe_grSu12Mi	9	315.0	3	1192.139	1192.438
1196.9070000000002	0.8999999999998636	trials	28	s028_F200324	coCe_grSu6Ne	17	90.0	4	1197.207	1197.505
1197.516	0.8999999999998636	trials	28	s028_F200324	grCe_grSu6CiNe	15	225.0	3	1197.816	1198.114
1198.141	0.8999999999998636	trials	28	s028_F200324	grCe_grSu18Fa	11	315.0	3	1198.441	1198.739
1198.749	0.8999999999998636	trials	28	s028_F200324	grCe_grSu6CiNe_PS	19	180.0	4	1199.049	1199.347
1199.358	0.8999999999998636	trials	28	s028_F200324	grCe_grSu12SmCiNe	13	90.0	3	1199.658	1199.956
1205.134	0.8999999999998636	trials	28	s028_F200324	grCe_grSu6CiNe	15	180.0	4	1205.434	1205.732
1205.742	0.8999999999998636	trials	28	s028_F200324	coCe	16	90.0	4	1206.042	1206.34
1206.367	0.8999999999998636	trials	28	s028_F200324	grCe_grSu18Fa	11	180.0	4	1206.667	1206.965
1206.976	0.8999999999998636	trials	28	s028_F200324	coCe_grSu6Ne	17	270.0	4	1207.276	1207.574
1212.027	0.8999999999998636	trials	28	s028_F200324	grCe_grSu12SmCiNe	13	180.0	4	1212.327	1212.625
1212.652	0.8999999999998636	trials	28	s028_F200324	grCe_grSu18Fa	11	270.0	4	1212.952	1213.25
1213.26	0.8999999999998636	trials	28	s028_F200324	grCe_grSu12SmCiNe_PS	21	90.0	3	1213.56	1213.858
1213.8690000000001	0.8999999999998636	trials	28	s028_F200324	grCe	1	45.0	3	1214.169	1214.467
1214.4850000000001	0.8999999999998636	trials	28	s028_F200324	grCe_grSu12Mi	9	90.0	4	1214.785	1215.083
1219.8110000000001	0.8999999999998636	trials	28	s028_F200324	grCe_grSu6CiNe	15	315.0	3	1220.111	1220.409
1220.42	0.8999999999998636	trials	28	s028_F200324	grCe	1	0.0	4	1220.72	1221.018
1221.028	0.8999999999998636	trials	28	s028_F200324	grSu6Ne	6		4	1221.328	1221.626
1221.637	0.8999999999998636	trials	28	s028_F200324	coCe_grSu6Ne	17	45.0	4	1221.937	1222.235
1222.2450000000001	0.8999999999998636	trials	28	s028_F200324	grCe_grSu6CiNe_PS	19	225.0	4	1222.545	1222.843
1227.971	0.8999999999998636	trials	28	s028_F200324	coCe_grSu6Ne	17	315.0	4	1228.271	1228.569
1228.5800000000002	0.8999999999998636	trials	28	s028_F200324	grCe_grSu6Ne_PS	18	0.0	4	1228.88	1229.178
1234.8310000000001	0.8999999999998636	trials	28	s028_F200324	grCe_grSu18Fa	11	90.0	4	1235.131	1235.429
1236.039	0.8999999999998636	trials	28	s028_F200324	coCe	16	45.0	4	1236.339	1236.638
1236.6480000000001	0.8999999999998636	trials	28	s028_F200324	grCe_grSu6Ne_PS	18	315.0	4	1236.948	1237.246
1237.265	0.8999999999998636	trials	28	s028_F200324	grCe_grSu12Mi	9	45.0	4	1237.565	1237.863
1243.207	0.8999999999998636	trials	28	s028_F200324	grCe	1	225.0	4	1243.507	1243.806
1243.832	0.8999999999998636	trials	28	s028_F200324	grCe_grSu18Fa	11	45.0	4	1244.132	1244.431
1245.049	0.8999999999998636	trials	28	s028_F200324	grCe_grSu12SmCiNe_PS	21	270.0	4	1245.349	1245.648
1251.117	0.8999999999998636	trials	28	s028_F200324	grCe_grSu12SmCiNe	13	315.0	4	1251.417	1251.715
1252.334	0.8999999999998636	trials	28	s028_F200324	grCe_grSu1Ne	3	90.0	4	1252.634	1252.932
1258.352	0.8999999999998636	trials	28	s028_F200324	grCe_grSu6Ne_PS	18	225.0	3	1258.652	1258.95
1258.977	0.8999999999998636	trials	28	s028_F200324	grCe_grSu18Fa	11	135.0	4	1259.277	1259.575
1259.585	0.8999999999998636	trials	28	s028_F200324	grCe_grSu6Ne	7	315.0	4	1259.885	1260.184
1260.194	0.8999999999998636	trials	28	s028_F200324	grCe_grSu6CiNe_PS	19	315.0	4	1260.494	1260.792
1260.8020000000001	0.8999999999998636	trials	28	s028_F200324	grCe_grSu3Ne	5	90.0	3	1261.102	1261.4
1265.9370000000001	0.8999999999998636	trials	28	s028_F200324	grCe_grSu12SmCiNe	13	225.0	4	1266.237	1266.535
1267.153	0.8999999999998636	trials	28	s028_F200324	grCe_grSu12SmCiNe_PS	21	315.0	4	1267.453	1267.752
1271.246	0.8999999999998636	trials	28	s028_F200324	grCe_grSu1Ne	3	225.0	4	1271.546	1271.844
1271.854	0.8999999999998636	trials	28	s028_F200324	grCe_grSu12SmCiNe_PS	21	225.0	3	1272.154	1272.453
1272.454	0.8999999999998636	trials	28	s028_F200324	coCe	16	135.0	3	1272.754	1273.053
1273.0710000000001	0.8999999999998636	trials	28	s028_F200324	grCe_grSu12Mi	9	225.0	3	1273.371	1273.669
1278.306	0.8999999999998636	trials	28	s028_F200324	grCe_grSu6CiNe	15	135.0	4	1278.606	1278.904
1278.922	0.8999999999998636	trials	28	s028_F200324	grCe_grSu12Mi	9	270.0	3	1279.222	1279.52
1279.531	0.8999999999998636	trials	28	s028_F200324	grSu1Ne	2		4	1279.831	1280.129
1280.131	0.8999999999998636	trials	28	s028_F200324	grCe	1	315.0	4	1280.431	1280.729
1280.739	0.8999999999998636	trials	28	s028_F200324	grCe_grSu3Ne	5	225.0	4	1281.039	1281.337
1286.432	0.8999999999998636	trials	28	s028_F200324	grCe_grSu6CiNe_PS	19	90.0	4	1286.732	1287.03
1287.041	0.8999999999998636	trials	28	s028_F200324	grCe_grSu6Ne	7	0.0	4	1287.341	1287.639
1287.6490000000001	0.8999999999998636	trials	28	s028_F200324	coCe	16	225.0	4	1287.949	1288.247
1293.3	0.8999999999998636	trials	28	s028_F200324	grSu12SmCiNe	12		4	1293.6	1293.898
1293.9080000000001	0.8999999999998636	trials	28	s028_F200324	grCe_grSu6Ne_PS	18	45.0	3	1294.208	1294.507
1294.517	0.8999999999998636	trials	28	s028_F200324	grCe_grSu6Ne	7	270.0	3	1294.817	1295.115
1295.125	0.8999999999998636	trials	28	s028_F200324	grCe_grSu1Ne	3	315.0	3	1295.425	1295.724
1295.7250000000001	0.8999999999998636	trials	28	s028_F200324	grCe	1	180.0	4	1296.025	1296.324
1303.819	0.8999999999998636	trials	28	s028_F200324	grCe_grSu3Ne	5	180.0	4	1304.119	1304.417
1305.644	0.8999999999998636	trials	28	s028_F200324	grCe_grSu6CiNe	15	270.0	4	1305.944	1306.242
1306.252	0.8999999999998636	trials	28	s028_F200324	coCe_grSu6Ne	17	135.0	3	1306.552	1306.851
1311.303	0.8999999999998636	trials	28	s028_F200324	grCe_grSu6Ne	7	90.0	3	1311.603	1311.902
1311.912	0.8999999999998636	trials	28	s028_F200324	grCe_grSu6CiNe_PS	19	0.0	4	1312.212	1312.51
1312.52	0.8999999999998636	trials	28	s028_F200324	grCe_grSu1Ne	3	0.0	4	1312.82	1313.118
1313.1290000000001	0.8999999999998636	trials	28	s028_F200324	grCe_grSu6CiNe_PS	19	270.0	4	1313.429	1313.727
1313.737	0.8999999999998636	trials	28	s028_F200324	coCe	16	315.0	3	1314.037	1314.335
1318.8210000000001	0.8999999999998636	trials	28	s028_F200324	grCe_grSu18Fa	11	0.0	4	1319.121	1319.42
1319.43	0.8999999999998636	trials	28	s028_F200324	grSu6CiNe	14		4	1319.73	1320.028
1320.038	0.8999999999998636	trials	28	s028_F200324	grCe_grSu6CiNe	15	45.0	4	1320.338	1320.636
1321.255	0.8999999999998636	trials	28	s028_F200324	grCe_grSu6Ne	7	225.0	3	1321.555	1321.853
1326.448	0.8999999999998636	trials	28	s028_F200324	coCe	16	0.0	4	1326.748	1327.046
1327.048	0.8999999999998636	trials	28	s028_F200324	grCe	1	90.0	4	1327.348	1327.646
1327.656	0.8999999999998636	trials	28	s028_F200324	grSu12Mi	8		4	1327.956	1328.255
1328.873	0.8999999999998636	trials	28	s028_F200324	grCe_grSu3Ne	5	0.0	3	1329.173	1329.471
1334.0910000000001	0.8999999999998636	trials	28	s028_F200324	grCe_grSu1Ne	3	270.0	4	1334.391	1334.689
1335.308	0.8999999999998636	trials	28	s028_F200324	coSu6Ne	20		4	1335.608	1335.906
1335.9080000000001	0.8999999999998636	trials	28	s028_F200324	NoStim	0		3	1336.208	1336.506
1339.8590000000002	0.8999999999998636	trials	28	s028_F200324	grCe_grSu1Ne	3	135.0	4	1340.159	1340.457
1340.467	0.8999999999998636	trials	28	s028_F200324	grCe_grSu12SmCiNe	13	0.0	4	1340.767	1341.065
1341.684	0.8999999999998636	trials	28	s028_F200324	grCe_grSu1Ne	3	180.0	3	1341.984	1342.282
1342.2920000000001	0.8999999999998636	trials	28	s028_F200324	grCe_grSu6CiNe	15	90.0	4	1342.592	1342.891
1347.318	0.8999999999998636	trials	28	s028_F200324	grCe_grSu3Ne	5	315.0	4	1347.618	1347.917
1348.535	0.8999999999998636	trials	28	s028_F200324	coCe	16	270.0	3	1348.835	1349.133
1349.152	0.8999999999998636	trials	28	s028_F200324	grCe_grSu12Mi	9	0.0	4	1349.452	1349.75
1349.761	0.8999999999998636	trials	28	s028_F200324	grCe_grSu1Ne	3	45.0	3	1350.061	1350.359
1355.487	0.8999999999998636	trials	28	s028_F200324	grCe_grSu12Mi	9	180.0	4	1355.787	1356.085
1358.987	0.8999999999998636	trials	28	s028_F200324	grCe_grSu12SmCiNe_PS	21	45.0	3	1359.287	1359.585
1359.596	0.8999999999998636	trials	28	s028_F200324	grCe	1	135.0	3	1359.896	1360.194
1360.813	0.8999999999998636	trials	28	s028_F200324	grCe_grSu3Ne	5	270.0	4	1361.113	1361.411
1361.421	0.8999999999998636	trials	28	s028_F200324	grCe_grSu12SmCiNe	13	270.0	0	1361.721	1362.019
1366.422	0.8999999999998636	trials	28	s028_F200324	grCe	1	135.0	0	1366.722	1367.02
1371.098	0.8999999999998636	trials	28	s028_F200324	grCe	1	0.0	0	1371.398	1371.696
1372.315	0.8999999999998636	trials	28	s028_F200324	coCe_grSu6Ne	17	225.0	0	1372.615	1372.913
1372.923	0.8999999999998636	trials	28	s028_F200324	grCe_grSu6Ne	7	270.0	0	1373.223	1373.521
1378.0240000000001	0.8999999999998636	trials	28	s028_F200324	grCe	1	315.0	0	1378.324	1378.622
1378.633	0.8999999999998636	trials	28	s028_F200324	grCe_grSu1Ne	3	0.0	0	1378.933	1379.231
1380.458	0.8999999999998636	trials	28	s028_F200324	grCe_grSu6CiNe_PS	19	0.0	0	1380.758	1381.056
1385.592	0.8999999999998636	trials	28	s028_F200324	grCe_grSu12Mi	9	270.0	0	1385.892	1386.19
1386.201	0.8999999999998636	trials	28	s028_F200324	grCe_grSu12SmCiNe	13	180.0	0	1386.501	1386.799
1386.809	0.8999999999998636	trials	28	s028_F200324	grCe_grSu6Ne_PS	18	180.0	0	1387.109	1387.407
1387.4180000000001	0.8999999999998636	trials	28	s028_F200324	grCe_grSu3Ne	5	270.0	0	1387.718	1388.016
1388.0430000000001	0.8999999999998636	trials	28	s028_F200324	grCe_grSu18Fa	11	90.0	0	1388.343	1388.641
1393.394	0.8999999999998636	trials	28	s028_F200324	grCe_grSu12SmCiNe_PS	21	45.0	0	1393.694	1393.992
1393.9940000000001	0.8999999999998636	trials	28	s028_F200324	grCe	1	90.0	0	1394.294	1394.592
1395.211	0.8999999999998636	trials	28	s028_F200324	grCe_grSu6CiNe	15	180.0	0	1395.511	1395.809
1395.819	0.8999999999998636	trials	28	s028_F200324	grCe_grSu6CiNe	15	225.0	0	1396.119	1396.417
1401.078	0.8999999999998636	trials	28	s028_F200324	grCe_grSu6CiNe_PS	19	180.0	0	1401.378	1401.677
1401.6870000000001	0.8999999999998636	trials	28	s028_F200324	coCe_grSu6Ne	17	180.0	0	1401.987	1402.285
1402.295	0.8999999999998636	trials	28	s028_F200324	grCe_grSu6CiNe_PS	19	270.0	0	1402.595	1402.893
1402.904	0.8999999999998636	trials	28	s028_F200324	grCe_grSu6CiNe	15	90.0	0	1403.204	1403.502
1409.23	0.8999999999998636	trials	28	s028_F200324	grCe_grSu3Ne	5	315.0	0	1409.53	1409.828
1409.838	0.8999999999998636	trials	28	s028_F200324	grCe_grSu6Ne	7	315.0	0	1410.138	1410.437
1411.055	0.8999999999998636	trials	28	s028_F200324	coCe_grSu6Ne	17	270.0	0	1411.355	1411.653
1416.298	0.8999999999998636	trials	28	s028_F200324	grCe_grSu6Ne	7	135.0	0	1416.598	1416.896
1416.8980000000001	0.8999999999998636	trials	28	s028_F200324	coCe	16	315.0	0	1417.198	1417.496
1417.507	0.8999999999998636	trials	28	s028_F200324	grCe_grSu6Ne_PS	18	90.0	0	1417.807	1418.105
1418.115	0.8999999999998636	trials	28	s028_F200324	grCe_grSu12SmCiNe_PS	21	225.0	0	1418.415	1418.713
1418.732	0.8999999999998636	trials	28	s028_F200324	grCe_grSu12Mi	9	90.0	0	1419.032	1419.33
1423.958	0.8999999999998636	trials	28	s028_F200324	grCe_grSu1Ne	3	270.0	0	1424.258	1424.556
1425.7830000000001	0.8999999999998636	trials	28	s028_F200324	grCe_grSu1Ne	3	90.0	0	1426.083	1426.381
1426.391	0.8999999999998636	trials	28	s028_F200324	grCe_grSu12SmCiNe_PS	21	0.0	0	1426.691	1426.99
1431.409	0.8999999999998636	trials	28	s028_F200324	grCe_grSu18Fa	11	180.0	0	1431.709	1432.007
1432.018	0.8999999999998636	trials	28	s028_F200324	grCe_grSu6CiNe_PS	19	225.0	0	1432.318	1432.616
1432.626	0.8999999999998636	trials	28	s028_F200324	coCe_grSu6Ne	17	45.0	0	1432.926	1433.224
1433.251	0.8999999999998636	trials	28	s028_F200324	grCe_grSu18Fa	11	315.0	0	1433.551	1433.849
1433.851	0.8999999999998636	trials	28	s028_F200324	coCe	16	135.0	0	1434.151	1434.449
1439.069	0.8999999999998636	trials	28	s028_F200324	grCe_grSu6Ne_PS	18	45.0	0	1439.369	1439.667
1439.6770000000001	0.8999999999998636	trials	28	s028_F200324	grCe_grSu6CiNe	15	45.0	0	1439.977	1440.275
1440.894	0.8999999999998636	trials	28	s028_F200324	grCe_grSu12SmCiNe_PS	21	180.0	0	1441.194	1441.492
1441.4940000000001	0.8999999999998636	trials	28	s028_F200324	coCe	16	180.0	0	1441.794	1442.092
1446.8700000000001	0.8999999999998636	trials	28	s028_F200324	grCe_grSu3Ne	5	0.0	0	1447.17	1447.468
1448.087	0.8999999999998636	trials	28	s028_F200324	grCe_grSu6Ne	7	225.0	0	1448.387	1448.685
1448.6960000000001	0.8999999999998636	trials	28	s028_F200324	grCe_grSu3Ne	5	135.0	0	1448.996	1449.294
1449.3210000000001	0.8999999999998636	trials	28	s028_F200324	grCe_grSu18Fa	11	135.0	0	1449.621	1449.919
1455.422	0.8999999999998636	trials	28	s028_F200324	grCe_grSu1Ne	3	180.0	0	1455.722	1456.02
1456.03	0.8999999999998636	trials	28	s028_F200324	coCe_grSu6Ne	17	315.0	0	1456.33	1456.628
1456.655	0.8999999999998636	trials	28	s028_F200324	grCe_grSu18Fa	11	225.0	0	1456.955	1457.254
1457.2640000000001	0.8999999999998636	trials	28	s028_F200324	grCe_grSu12SmCiNe	13	135.0	0	1457.564	1457.862
1462.3400000000001	0.8999999999998636	trials	28	s028_F200324	coSu6Ne	20		0	1462.64	1462.938
1462.957	0.8999999999998636	trials	28	s028_F200324	grCe_grSu12Mi	9	225.0	0	1463.257	1463.555
1463.565	0.8999999999998636	trials	28	s028_F200324	grCe_grSu6Ne_PS	18	270.0	0	1463.865	1464.163
1464.174	0.8999999999998636	trials	28	s028_F200324	grCe_grSu12SmCiNe_PS	21	90.0	0	1464.474	1464.772
1464.7740000000001	0.8999999999998636	trials	28	s028_F200324	NoStim	0		0	1465.074	1465.372
1469.9660000000001	0.8999999999998636	trials	28	s028_F200324	grCe_grSu12SmCiNe	13	315.0	0	1470.266	1470.564
1470.575	0.8999999999998636	trials	28	s028_F200324	grCe_grSu6CiNe_PS	19	90.0	0	1470.875	1471.173
1471.183	0.8999999999998636	trials	28	s028_F200324	grCe_grSu6CiNe	15	270.0	0	1471.483	1471.781
1471.7920000000001	0.8999999999998636	trials	28	s028_F200324	grCe_grSu6Ne	7	0.0	0	1472.092	1472.39
1472.4	0.8999999999998636	trials	28	s028_F200324	grCe_grSu6CiNe	15	315.0	0	1472.7	1472.998
1478.751	0.8999999999998636	trials	28	s028_F200324	grCe_grSu12Mi	9	45.0	0	1479.051	1479.349
1479.368	0.8999999999998636	trials	28	s028_F200324	grCe_grSu12Mi	9	180.0	0	1479.668	1479.966
1479.976	0.8999999999998636	trials	28	s028_F200324	grCe_grSu3Ne	5	90.0	0	1480.276	1480.575
1480.585	0.8999999999998636	trials	28	s028_F200324	grSu6Ne	6		0	1480.885	1481.183
1481.193	0.8999999999998636	trials	28	s028_F200324	grSu12SmCiNe	12		0	1481.493	1481.792
1486.836	0.8999999999998636	trials	28	s028_F200324	grCe	1	225.0	0	1487.136	1487.434
1487.445	0.8999999999998636	trials	28	s028_F200324	grCe_grSu1Ne	3	135.0	0	1487.745	1488.043
1488.045	0.8999999999998636	trials	28	s028_F200324	coCe	16	90.0	0	1488.345	1488.643
1488.653	0.8999999999998636	trials	28	s028_F200324	grCe_grSu12SmCiNe	13	90.0	0	1488.953	1489.251
1494.996	0.8999999999998636	trials	28	s028_F200324	grCe_grSu6Ne_PS	18	0.0	0	1495.296	1495.594
1495.604	0.8999999999998636	trials	28	s028_F200324	grCe_grSu3Ne	5	180.0	0	1495.904	1496.203
1500.364	0.8999999999998636	trials	28	s028_F200324	coCe	16	225.0	0	1500.664	1500.962
1500.972	0.8999999999998636	trials	28	s028_F200324	grCe_grSu6CiNe	15	135.0	0	1501.272	1501.57
1501.5720000000001	0.8999999999998636	trials	28	s028_F200324	grCe	1	45.0	0	1501.872	1502.17
1506.748	0.8999999999998636	trials	28	s028_F200324	grCe_grSu12Mi	9	135.0	0	1507.048	1507.346
1507.357	0.8999999999998636	trials	28	s028_F200324	coCe_grSu6Ne	17	135.0	0	1507.657	1507.955
1507.9650000000001	0.8999999999998636	trials	28	s028_F200324	grCe_grSu6Ne	7	180.0	0	1508.265	1508.563
1509.174	0.8999999999998636	trials	28	s028_F200324	grCe	1	270.0	0	1509.474	1509.772
1515.0	0.8999999999998636	trials	28	s028_F200324	grCe_grSu18Fa	11	270.0	0	1515.3	1515.598
1515.616	0.8999999999998636	trials	28	s028_F200324	grSu18Fa	10		0	1515.916	1516.215
1516.2250000000001	0.8999999999998636	trials	28	s028_F200324	grCe_grSu6Ne	7	45.0	0	1516.525	1516.823
1516.833	0.8999999999998636	trials	28	s028_F200324	grSu12Mi	8		0	1517.133	1517.431
1517.442	0.8999999999998636	trials	28	s028_F200324	grCe_grSu6CiNe_PS	19	45.0	0	1517.742	1518.04
1523.135	0.8999999999998636	trials	28	s028_F200324	grCe_grSu6CiNe_PS	19	315.0	0	1523.435	1523.733
1523.743	0.8999999999998636	trials	28	s028_F200324	grCe_grSu12SmCiNe	13	225.0	0	1524.043	1524.341
1524.351	0.8999999999998636	trials	28	s028_F200324	grCe_grSu3Ne	5	225.0	0	1524.651	1524.95
1524.96	0.8999999999998636	trials	28	s028_F200324	coCe_grSu6Ne	17	90.0	0	1525.26	1525.558
1530.102	0.8999999999998636	trials	28	s028_F200324	grCe_grSu6CiNe_PS	19	135.0	0	1530.402	1530.701
1534.3120000000001	0.8999999999998636	trials	28	s028_F200324	grSu1Ne	2		0	1534.612	1534.91
1535.528	0.8999999999998636	trials	28	s028_F200324	grCe_grSu3Ne	5	45.0	0	1535.828	1536.127
1536.137	0.8999999999998636	trials	28	s028_F200324	grCe_grSu12SmCiNe_PS	21	270.0	0	1536.437	1536.735
1536.7450000000001	0.8999999999998636	trials	28	s028_F200324	grCe_grSu1Ne	3	225.0	0	1537.045	1537.344
1542.3210000000001	0.8999999999998636	trials	28	s028_F200324	grSu6CiNe	14		0	1542.621	1542.92
1542.93	0.8999999999998636	trials	28	s028_F200324	grCe_grSu1Ne	3	315.0	0	1543.23	1543.528
1543.555	0.8999999999998636	trials	28	s028_F200324	grCe_grSu18Fa	11	45.0	0	1543.855	1544.153
1544.163	0.8999999999998636	trials	28	s028_F200324	grCe_grSu12SmCiNe	13	45.0	0	1544.463	1544.762
1550.39	0.8999999999998636	trials	28	s028_F200324	coCe	16	45.0	0	1550.69	1550.988
1550.998	0.8999999999998636	trials	28	s028_F200324	coCe_grSu6Ne	17	0.0	0	1551.298	1551.596
1551.606	0.8999999999998636	trials	28	s028_F200324	coCe	16	270.0	0	1551.906	1552.205
1552.2150000000001	0.8999999999998636	trials	28	s028_F200324	grCe_grSu6Ne	7	90.0	0	1552.515	1552.813
1552.832	0.8999999999998636	trials	28	s028_F200324	grCe_grSu12Mi	9	0.0	0	1553.132	1553.43
1558.549	0.8999999999998636	trials	28	s028_F200324	grCe_grSu12SmCiNe_PS	21	315.0	0	1558.849	1559.148
1559.766	0.8999999999998636	trials	28	s028_F200324	grCe_grSu12SmCiNe	13	0.0	0	1560.066	1560.364
1560.375	0.8999999999998636	trials	28	s028_F200324	grSu3Ne	4		0	1560.675	1560.973
1561.0	0.8999999999998636	trials	28	s028_F200324	grCe_grSu18Fa	11	0.0	0	1561.3	1561.598
1566.6760000000002	0.8999999999998636	trials	28	s028_F200324	grCe_grSu6Ne_PS	18	135.0	0	1566.976	1567.274
1567.276	0.8999999999998636	trials	28	s028_F200324	grCe	1	180.0	0	1567.576	1567.874
1567.885	0.8999999999998636	trials	28	s028_F200324	grCe_grSu1Ne	3	45.0	0	1568.185	1568.483
1579.278	0.8999999999998636	trials	28	s028_F200324	grCe_grSu6CiNe	15	0.0	0	1579.578	1579.876
1580.4950000000001	0.8999999999998636	trials	28	s028_F200324	grCe_grSu6Ne_PS	18	225.0	0	1580.795	1581.093
1581.104	0.8999999999998636	trials	28	s028_F200324	grCe_grSu12SmCiNe_PS	21	135.0	0	1581.404	1581.702
1581.72	0.8999999999998636	trials	28	s028_F200324	grCe_grSu12Mi	9	315.0	0	1582.02	1582.319
1587.28	0.8999999999998636	trials	28	s028_F200324	coCe	16	0.0	0	1587.58	1587.878
1588.497	0.8999999999998636	trials	28	s028_F200324	grCe_grSu6Ne_PS	18	315.0	0	1588.797	1589.095
1589.105	0.8999999999998636	trials	28	s028_F200324	grCe_grSu3Ne	5	0.0	5	1589.405	1589.703
1589.714	0.8999999999998636	trials	28	s028_F200324	coCe	16	135.0	5	1590.014	1590.312
1595.256	0.8999999999998636	trials	28	s028_F200324	grCe_grSu1Ne	3	315.0	5	1595.556	1595.854
1595.865	0.8999999999998636	trials	28	s028_F200324	grCe_grSu1Ne	3	270.0	6	1596.165	1596.463
1596.473	0.8999999999998636	trials	28	s028_F200324	grCe_grSu12SmCiNe_PS	21	315.0	6	1596.773	1597.071
1597.073	0.8999999999998636	trials	28	s028_F200324	coCe	16	315.0	5	1597.373	1597.671
1603.258	0.8999999999998636	trials	28	s028_F200324	grCe_grSu18Fa	11	270.0	6	1603.558	1603.856
1607.4	0.8999999999998636	trials	28	s028_F200324	grCe_grSu12SmCiNe_PS	21	135.0	5	1607.7	1607.998
1608.009	0.8999999999998636	trials	28	s028_F200324	grSu12Mi	8		6	1608.309	1608.607
1608.625	0.8999999999998636	trials	28	s028_F200324	grSu18Fa	10		6	1608.925	1609.224
1609.2340000000002	0.8999999999998636	trials	28	s028_F200324	grCe_grSu3Ne	5	225.0	6	1609.534	1609.832
1614.835	0.8999999999998636	trials	28	s028_F200324	grCe_grSu18Fa	11	0.0	6	1615.135	1615.433
1616.0520000000001	0.8999999999998636	trials	28	s028_F200324	coCe_grSu6Ne	17	180.0	5	1616.352	1616.65
1616.66	0.8999999999998636	trials	28	s028_F200324	grCe_grSu6Ne	7	45.0	5	1616.96	1617.258
1617.26	0.8999999999998636	trials	28	s028_F200324	coCe	16	90.0	6	1617.56	1617.859
1622.8700000000001	0.8999999999998636	trials	28	s028_F200324	coCe	16	225.0	6	1623.17	1623.468
1623.487	0.8999999999998636	trials	28	s028_F200324	grCe_grSu12Mi	9	315.0	5	1623.787	1624.085
1624.095	0.8999999999998636	trials	28	s028_F200324	grCe_grSu6CiNe_PS	19	270.0	6	1624.395	1624.693
1624.703	0.8999999999998636	trials	28	s028_F200324	grCe_grSu1Ne	3	225.0	6	1625.003	1625.302
1625.3120000000001	0.8999999999998636	trials	28	s028_F200324	coCe_grSu6Ne	17	0.0	6	1625.612	1625.91
1630.996	0.8999999999998636	trials	28	s028_F200324	grCe_grSu6CiNe_PS	19	225.0	6	1631.296	1631.594
1632.221	0.8999999999998636	trials	28	s028_F200324	grCe_grSu12Mi	9	135.0	5	1632.521	1632.82
1632.8300000000002	0.8999999999998636	trials	28	s028_F200324	grCe_grSu12SmCiNe	13	180.0	6	1633.13	1633.428
1633.438	0.8999999999998636	trials	28	s028_F200324	grCe_grSu6CiNe_PS	19	0.0	6	1633.738	1634.037
1639.0230000000001	0.8999999999998636	trials	28	s028_F200324	grCe	1	225.0	6	1639.323	1639.621
1639.631	0.8999999999998636	trials	28	s028_F200324	grCe_grSu6Ne	7	135.0	5	1639.931	1640.229
1640.256	0.8999999999998636	trials	28	s028_F200324	grCe_grSu18Fa	11	315.0	5	1640.556	1640.854
1640.881	0.8999999999998636	trials	28	s028_F200324	grCe_grSu18Fa	11	90.0	6	1641.181	1641.48
1641.49	0.8999999999998636	trials	28	s028_F200324	coCe_grSu6Ne	17	45.0	6	1641.79	1642.088
1647.058	0.8999999999998636	trials	28	s028_F200324	grCe_grSu6CiNe	15	45.0	6	1647.358	1647.656
1647.666	0.8999999999998636	trials	28	s028_F200324	grCe_grSu6Ne_PS	18	180.0	5	1647.966	1648.264
1648.2740000000001	0.8999999999998636	trials	28	s028_F200324	grCe_grSu3Ne	5	45.0	5	1648.574	1648.873
1648.883	0.8999999999998636	trials	28	s028_F200324	grCe_grSu6CiNe	15	315.0	5	1649.183	1649.481
1655.126	0.8999999999998636	trials	28	s028_F200324	grCe_grSu12SmCiNe	13	90.0	5	1655.426	1655.724
1655.7340000000002	0.8999999999998636	trials	28	s028_F200324	grCe_grSu6Ne_PS	18	0.0	6	1656.034	1656.332
1656.334	0.8999999999998636	trials	28	s028_F200324	grCe	1	45.0	5	1656.634	1656.932
1656.943	0.8999999999998636	trials	28	s028_F200324	coCe_grSu6Ne	17	315.0	6	1657.243	1657.541
1657.5510000000002	0.8999999999998636	trials	28	s028_F200324	grCe_grSu12SmCiNe	13	270.0	5	1657.851	1658.149
1663.1190000000001	0.8999999999998636	trials	28	s028_F200324	grCe_grSu3Ne	5	270.0	6	1663.419	1663.717
1663.727	0.8999999999998636	trials	28	s028_F200324	grSu6Ne	6		6	1664.027	1664.326
1664.336	0.8999999999998636	trials	28	s028_F200324	grCe_grSu6Ne_PS	18	90.0	6	1664.636	1664.934
1664.944	0.8999999999998636	trials	28	s028_F200324	grCe_grSu6CiNe	15	135.0	6	1665.244	1665.542
1671.195	0.8999999999998636	trials	28	s028_F200324	grCe_grSu6Ne_PS	18	225.0	5	1671.495	1671.794
1672.412	0.8999999999998636	trials	28	s028_F200324	grCe_grSu6Ne	7	180.0	6	1672.712	1673.01
1673.021	0.8999999999998636	trials	28	s028_F200324	grCe_grSu6CiNe	15	180.0	6	1673.321	1673.619
1673.6290000000001	0.8999999999998636	trials	28	s028_F200324	coSu6Ne	20		6	1673.929	1674.227
1680.505	0.8999999999998636	trials	28	s028_F200324	grCe_grSu12SmCiNe_PS	21	90.0	5	1680.805	1681.104
1681.114	0.8999999999998636	trials	28	s028_F200324	grCe_grSu3Ne	5	135.0	6	1681.414	1681.712
1681.731	0.8999999999998636	trials	28	s028_F200324	grCe_grSu12Mi	9	0.0	6	1682.031	1682.329
1687.24	0.8999999999998636	trials	28	s028_F200324	grCe_grSu6Ne_PS	18	270.0	5	1687.54	1687.838
1687.849	0.8999999999998636	trials	28	s028_F200324	grCe_grSu6Ne	7	225.0	5	1688.149	1688.447
1688.449	0.8999999999998636	trials	28	s028_F200324	grCe	1	0.0	6	1688.749	1689.047
1689.666	0.8999999999998636	trials	28	s028_F200324	grCe_grSu12SmCiNe	13	225.0	6	1689.966	1690.264
1695.2920000000001	0.8999999999998636	trials	28	s028_F200324	grCe_grSu6Ne_PS	18	315.0	6	1695.592	1695.89
1703.268	0.8999999999998636	trials	28	s028_F200324	grCe	1	180.0	6	1703.568	1703.866
1704.493	0.8999999999998636	trials	28	s028_F200324	grCe_grSu12Mi	9	90.0	6	1704.793	1705.091
1705.102	0.8999999999998636	trials	28	s028_F200324	coCe_grSu6Ne	17	225.0	6	1705.402	1705.7
1711.286	0.8999999999998636	trials	28	s028_F200324	grCe_grSu1Ne	3	180.0	5	1711.586	1711.884
1711.895	0.8999999999998636	trials	28	s028_F200324	grCe_grSu12SmCiNe_PS	21	225.0	5	1712.195	1712.493
1712.4950000000001	0.8999999999998636	trials	28	s028_F200324	coCe	16	270.0	5	1712.795	1713.093
1713.103	0.8999999999998636	trials	28	s028_F200324	grCe_grSu1Ne	3	0.0	6	1713.403	1713.701
1713.712	0.8999999999998636	trials	28	s028_F200324	grCe_grSu12SmCiNe_PS	21	45.0	5	1714.012	1714.31
1719.8880000000001	0.8999999999998636	trials	28	s028_F200324	grCe_grSu6CiNe_PS	19	90.0	6	1720.188	1720.486
1720.496	0.8999999999998636	trials	28	s028_F200324	grCe_grSu6Ne_PS	18	45.0	5	1720.796	1721.094
1721.096	0.8999999999998636	trials	28	s028_F200324	grCe	1	315.0	6	1721.396	1721.695
1721.7050000000002	0.8999999999998636	trials	28	s028_F200324	grCe	1	90.0	6	1722.005	1722.303
1727.931	0.8999999999998636	trials	28	s028_F200324	grCe_grSu6CiNe_PS	19	180.0	6	1728.231	1728.529
1728.556	0.8999999999998636	trials	28	s028_F200324	grCe_grSu18Fa	11	180.0	6	1728.856	1729.154
1729.165	0.8999999999998636	trials	28	s028_F200324	grCe_grSu6Ne	7	90.0	5	1729.465	1729.763
1729.7730000000001	0.8999999999998636	trials	28	s028_F200324	grSu1Ne	2		6	1730.073	1730.371
1735.391	0.8999999999998636	trials	28	s028_F200324	grCe	1	270.0	6	1735.691	1735.989
1735.999	0.8999999999998636	trials	28	s028_F200324	coCe_grSu6Ne	17	270.0	6	1736.299	1736.597
1736.616	0.8999999999998636	trials	28	s028_F200324	grCe_grSu12Mi	9	270.0	5	1736.916	1737.214
1737.224	0.8999999999998636	trials	28	s028_F200324	grCe_grSu12SmCiNe	13	315.0	6	1737.524	1737.823
1737.833	0.8999999999998636	trials	28	s028_F200324	grCe_grSu12SmCiNe_PS	21	180.0	5	1738.133	1738.431
1743.492	0.8999999999998636	trials	28	s028_F200324	grCe_grSu12SmCiNe	13	0.0	6	1743.792	1744.09
1744.117	0.8999999999998636	trials	28	s028_F200324	grCe_grSu18Fa	11	45.0	6	1744.417	1744.716
1744.726	0.8999999999998636	trials	28	s028_F200324	grCe_grSu3Ne	5	90.0	5	1745.026	1745.324
1745.326	0.8999999999998636	trials	28	s028_F200324	grCe	1	135.0	5	1745.626	1745.924
1745.934	0.8999999999998636	trials	28	s028_F200324	grCe_grSu3Ne	5	180.0	6	1746.234	1746.533
1751.702	0.8999999999998636	trials	28	s028_F200324	grCe_grSu12Mi	9	180.0	6	1752.002	1752.3
1752.3110000000001	0.8999999999998636	trials	28	s028_F200324	grCe_grSu6CiNe_PS	19	135.0	5	1752.611	1752.909
1752.919	0.8999999999998636	trials	28	s028_F200324	coCe_grSu6Ne	17	135.0	5	1753.219	1753.517
1753.527	0.8999999999998636	trials	28	s028_F200324	grCe_grSu1Ne	3	45.0	5	1753.827	1754.126
1759.712	0.8999999999998636	trials	28	s028_F200324	coCe	16	180.0	5	1760.012	1760.31
1760.32	0.8999999999998636	trials	28	s028_F200324	grCe_grSu6CiNe_PS	19	315.0	6	1760.62	1760.919
1761.537	0.8999999999998636	trials	28	s028_F200324	grCe_grSu12SmCiNe_PS	21	0.0	5	1761.837	1762.135
1762.154	0.8999999999998636	trials	28	s028_F200324	grCe_grSu12Mi	9	225.0	5	1762.454	1762.752
1767.747	0.8999999999998636	trials	28	s028_F200324	grCe_grSu6Ne	7	0.0	6	1768.047	1768.345
1768.347	0.8999999999998636	trials	28	s028_F200324	NoStim	0		5	1768.647	1768.945
1768.9550000000002	0.8999999999998636	trials	28	s028_F200324	grCe_grSu12SmCiNe	13	45.0	6	1769.255	1769.553
1769.5720000000001	0.8999999999998636	trials	28	s028_F200324	grCe_grSu12Mi	9	45.0	6	1769.872	1770.17
1770.181	0.8999999999998636	trials	28	s028_F200324	grCe_grSu12SmCiNe	13	135.0	6	1770.481	1770.779
1776.415	0.8999999999998636	trials	28	s028_F200324	grCe_grSu6CiNe	15	90.0	6	1776.715	1777.013
1777.0230000000001	0.8999999999998636	trials	28	s028_F200324	grCe_grSu6Ne	7	315.0	6	1777.323	1777.622
1777.632	0.8999999999998636	trials	28	s028_F200324	grCe_grSu6Ne	7	270.0	5	1777.932	1778.23
1778.24	0.8999999999998636	trials	28	s028_F200324	coCe	16	45.0	6	1778.54	1778.839
1783.791	0.8999999999998636	trials	28	s028_F200324	grSu12SmCiNe	12		6	1784.091	1784.39
1784.4	0.8999999999998636	trials	28	s028_F200324	grCe_grSu1Ne	3	90.0	6	1784.7	1784.998
1785.617	0.8999999999998636	trials	28	s028_F200324	grCe_grSu6Ne_PS	18	135.0	5	1785.917	1786.215
1786.2250000000001	0.8999999999998636	trials	28	s028_F200324	grSu6CiNe	14		6	1786.525	1786.823
1792.318	0.8999999999998636	trials	28	s028_F200324	grCe_grSu6CiNe	15	225.0	5	1792.618	1792.916
1793.535	0.8999999999998636	trials	28	s028_F200324	grCe_grSu6CiNe	15	0.0	5	1793.835	1794.133
1794.143	0.8999999999998636	trials	28	s028_F200324	grCe_grSu1Ne	3	135.0	6	1794.443	1794.741
1794.76	0.8999999999998636	trials	28	s028_F200324	grCe_grSu12SmCiNe_PS	21	270.0	6	1795.06	1795.358
1800.461	0.8999999999998636	trials	28	s028_F200324	grCe_grSu6CiNe	15	270.0	6	1800.761	1801.059
1801.07	0.8999999999998636	trials	28	s028_F200324	grCe_grSu6CiNe_PS	19	45.0	6	1801.37	1801.668
1802.303	0.8999999999998636	trials	28	s028_F200324	grCe_grSu18Fa	11	135.0	6	1802.603	1802.901
1802.928	0.8999999999998636	trials	28	s028_F200324	grCe_grSu18Fa	11	225.0	6	1803.228	1803.526
1809.046	0.8999999999998636	trials	28	s028_F200324	coCe	16	0.0	6	1809.346	1809.644
1809.655	0.8999999999998636	trials	28	s028_F200324	grCe_grSu3Ne	5	315.0	6	1809.955	1810.253
1810.871	0.8999999999998636	trials	28	s028_F200324	coCe_grSu6Ne	17	90.0	6	1811.171	1811.47
1811.48	0.8999999999998636	trials	28	s028_F200324	grSu3Ne	4		6	1811.78	1812.078
1817.723	0.8999999999998636	trials	28	s028_F200324	grCe_grSu12SmCiNe	13	315.0	5	1818.023	1818.321
1818.3310000000001	0.8999999999998636	trials	28	s028_F200324	grCe_grSu6CiNe_PS	19	90.0	5	1818.631	1818.929
1818.94	0.8999999999998636	trials	28	s028_F200324	coCe_grSu6Ne	17	315.0	5	1819.24	1819.538
1819.548	0.8999999999998636	trials	28	s028_F200324	grCe_grSu6Ne	7	135.0	4	1819.848	1820.146
1825.516	0.8999999999998636	trials	28	s028_F200324	grCe_grSu6CiNe_PS	19	0.0	5	1825.816	1826.114
1826.124	0.8999999999998636	trials	28	s028_F200324	coCe_grSu6Ne	17	270.0	5	1826.424	1826.722
1826.741	0.8999999999998636	trials	28	s028_F200324	grCe_grSu12Mi	9	90.0	5	1827.041	1827.339
1827.3500000000001	0.8999999999998636	trials	28	s028_F200324	coCe	16	225.0	5	1827.65	1827.948
1827.958	0.8999999999998636	trials	28	s028_F200324	grCe_grSu6Ne_PS	18	270.0	4	1828.258	1828.556
1833.451	0.8999999999998636	trials	28	s028_F200324	grSu1Ne	2		5	1833.751	1834.049
1835.901	0.8999999999998636	trials	28	s028_F200324	grCe_grSu18Fa	11	90.0	5	1836.201	1836.499
1841.477	0.8999999999998636	trials	28	s028_F200324	grCe_grSu3Ne	5	225.0	5	1841.777	1842.075
1842.102	0.8999999999998636	trials	28	s028_F200324	grCe_grSu18Fa	11	270.0	5	1842.402	1842.7
1842.727	0.8999999999998636	trials	28	s028_F200324	grCe_grSu18Fa	11	315.0	4	1843.027	1843.326
1843.336	0.8999999999998636	trials	28	s028_F200324	grCe_grSu1Ne	3	0.0	5	1843.636	1843.934
1849.545	0.8999999999998636	trials	28	s028_F200324	grCe_grSu12SmCiNe	13	0.0	5	1849.845	1850.143
1850.762	0.8999999999998636	trials	28	s028_F200324	grCe_grSu6CiNe	15	315.0	4	1851.062	1851.36
1857.497	0.8999999999998636	trials	28	s028_F200324	grCe_grSu6CiNe	15	135.0	5	1857.797	1858.095
1858.097	0.8999999999998636	trials	28	s028_F200324	NoStim	0		4	1858.397	1858.695
1858.7050000000002	0.8999999999998636	trials	28	s028_F200324	grCe_grSu12SmCiNe_PS	21	180.0	4	1859.005	1859.304
1859.314	0.8999999999998636	trials	28	s028_F200324	grCe_grSu6CiNe	15	45.0	5	1859.614	1859.912
1859.922	0.8999999999998636	trials	28	s028_F200324	coCe	16	0.0	5	1860.222	1860.52
1865.623	0.8999999999998636	trials	28	s028_F200324	coCe	16	315.0	4	1865.923	1866.221
1866.232	0.8999999999998636	trials	28	s028_F200324	coCe_grSu6Ne	17	45.0	5	1866.532	1866.83
1866.8400000000001	0.8999999999998636	trials	28	s028_F200324	coCe_grSu6Ne	17	180.0	4	1867.14	1867.438
1868.057	0.8999999999998636	trials	28	s028_F200324	grCe_grSu6CiNe	15	270.0	5	1868.357	1868.655
1873.7830000000001	0.8999999999998636	trials	28	s028_F200324	grCe	1	90.0	5	1874.083	1874.381
1874.4080000000001	0.8999999999998636	trials	28	s028_F200324	grCe_grSu18Fa	11	225.0	5	1874.708	1875.006
1875.008	0.8999999999998636	trials	28	s028_F200324	coCe	16	90.0	5	1875.308	1875.607
1875.617	0.8999999999998636	trials	28	s028_F200324	grCe_grSu12SmCiNe_PS	21	0.0	4	1875.917	1876.215
1876.2250000000001	0.8999999999998636	trials	28	s028_F200324	grCe_grSu3Ne	5	270.0	5	1876.525	1876.823
1881.935	0.8999999999998636	trials	28	s028_F200324	grCe	1	180.0	5	1882.235	1882.533
1883.76	0.8999999999998636	trials	28	s028_F200324	grCe	1	135.0	4	1884.06	1884.359
1884.386	0.8999999999998636	trials	28	s028_F200324	grCe_grSu18Fa	11	135.0	5	1884.686	1884.984
1889.987	0.8999999999998636	trials	28	s028_F200324	coCe_grSu6Ne	17	90.0	5	1890.287	1890.585
1891.204	0.8999999999998636	trials	28	s028_F200324	grCe_grSu3Ne	5	135.0	5	1891.504	1891.802
1891.8210000000001	0.8999999999998636	trials	28	s028_F200324	grCe_grSu12Mi	9	0.0	5	1892.121	1892.419
1892.429	0.8999999999998636	trials	28	s028_F200324	grCe_grSu1Ne	3	135.0	5	1892.729	1893.027
1898.064	0.8999999999998636	trials	28	s028_F200324	grCe_grSu3Ne	5	45.0	4	1898.364	1898.662
1898.68	0.8999999999998636	trials	28	s028_F200324	grSu18Fa	10		5	1898.98	1899.279
1899.306	0.8999999999998636	trials	28	s028_F200324	grCe_grSu18Fa	11	0.0	5	1899.606	1899.904
1899.914	0.8999999999998636	trials	28	s028_F200324	coCe	16	180.0	4	1900.214	1900.512
1900.522	0.8999999999998636	trials	28	s028_F200324	grCe_grSu6Ne	7	180.0	5	1900.822	1901.121
1907.015	0.8999999999998636	trials	28	s028_F200324	grCe	1	270.0	5	1907.315	1907.614
1907.624	0.8999999999998636	trials	28	s028_F200324	grCe_grSu3Ne	5	315.0	5	1907.924	1908.222
1908.232	0.8999999999998636	trials	28	s028_F200324	grCe_grSu6CiNe	15	0.0	4	1908.532	1908.83
1909.449	0.8999999999998636	trials	28	s028_F200324	grSu12SmCiNe	12		5	1909.749	1910.047
1915.575	0.8999999999998636	trials	28	s028_F200324	grCe_grSu12SmCiNe_PS	21	90.0	4	1915.875	1916.173
1916.184	0.8999999999998636	trials	28	s028_F200324	grCe_grSu12SmCiNe	13	270.0	4	1916.484	1916.782
1916.7920000000001	0.8999999999998636	trials	28	s028_F200324	grCe_grSu12SmCiNe_PS	21	135.0	4	1917.092	1917.39
1918.009	0.8999999999998636	trials	28	s028_F200324	grCe_grSu6Ne	7	90.0	4	1918.309	1918.607
1923.6680000000001	0.8999999999998636	trials	28	s028_F200324	coCe_grSu6Ne	17	225.0	5	1923.968	1924.267
1924.277	0.8999999999998636	trials	28	s028_F200324	grCe_grSu12SmCiNe	13	45.0	5	1924.577	1924.875
1928.094	0.8999999999998636	trials	28	s028_F200324	grCe	1	0.0	5	1928.394	1928.692
1928.703	0.8999999999998636	trials	28	s028_F200324	grCe_grSu6CiNe_PS	19	315.0	5	1929.003	1929.301
1929.32	0.8999999999998636	trials	28	s028_F200324	grCe_grSu12Mi	9	180.0	5	1929.62	1929.918
1929.928	0.8999999999998636	trials	28	s028_F200324	grCe_grSu6CiNe_PS	19	135.0	4	1930.228	1930.526
1930.536	0.8999999999998636	trials	28	s028_F200324	coSu6Ne	20		5	1930.836	1931.135
1936.3880000000001	0.8999999999998636	trials	28	s028_F200324	grCe_grSu1Ne	3	45.0	4	1936.688	1936.986
1936.996	0.8999999999998636	trials	28	s028_F200324	grCe_grSu12SmCiNe_PS	21	225.0	4	1937.296	1937.594
1937.613	0.8999999999998636	trials	28	s028_F200324	grCe_grSu12Mi	9	45.0	5	1937.913	1938.211
1938.221	0.8999999999998636	trials	28	s028_F200324	grCe_grSu6Ne	7	45.0	4	1938.521	1938.819
1938.8300000000002	0.8999999999998636	trials	28	s028_F200324	grCe_grSu1Ne	3	315.0	4	1939.13	1939.428
1944.356	0.8999999999998636	trials	28	s028_F200324	coCe	16	270.0	4	1944.656	1944.954
1944.964	0.8999999999998636	trials	28	s028_F200324	grCe_grSu12SmCiNe_PS	21	315.0	5	1945.264	1945.562
1945.573	0.8999999999998636	trials	28	s028_F200324	grCe	1	45.0	4	1945.873	1946.171
1946.181	0.8999999999998636	trials	28	s028_F200324	grSu12Mi	8		5	1946.481	1946.779
1946.789	0.8999999999998636	trials	28	s028_F200324	grSu3Ne	4		5	1947.089	1947.388
1960.15	0.8999999999998636	trials	28	s028_F200324	grCe_grSu6CiNe	15	225.0	4	1960.45	1960.748
1960.759	0.8999999999998636	trials	28	s028_F200324	grCe_grSu6CiNe_PS	19	225.0	5	1961.059	1961.357
1961.367	0.8999999999998636	trials	28	s028_F200324	grCe_grSu6Ne	7	270.0	4	1961.667	1961.965
1961.967	0.8999999999998636	trials	28	s028_F200324	coCe	16	135.0	4	1962.267	1962.565
1962.576	0.8999999999998636	trials	28	s028_F200324	grCe_grSu3Ne	5	0.0	4	1962.876	1963.174
1968.327	0.8999999999998636	trials	28	s028_F200324	grCe_grSu6Ne_PS	18	90.0	5	1968.627	1968.925
1970.152	0.8999999999998636	trials	28	s028_F200324	grCe_grSu6CiNe	15	180.0	5	1970.452	1970.75
1976.57	0.8999999999998636	trials	28	s028_F200324	grCe_grSu12Mi	9	135.0	4	1976.87	1977.168
1977.1870000000001	0.8999999999998636	trials	28	s028_F200324	grCe_grSu12Mi	9	315.0	4	1977.487	1977.785
1977.795	0.8999999999998636	trials	28	s028_F200324	grCe_grSu3Ne	5	90.0	4	1978.095	1978.393
1978.404	0.8999999999998636	trials	28	s028_F200324	grCe_grSu3Ne	5	180.0	5	1978.704	1979.002
1979.012	0.8999999999998636	trials	28	s028_F200324	coCe_grSu6Ne	17	0.0	5	1979.312	1979.61
1984.997	0.8999999999998636	trials	28	s028_F200324	grCe_grSu12SmCiNe_PS	21	270.0	5	1985.297	1985.595
1985.605	0.8999999999998636	trials	28	s028_F200324	grCe_grSu1Ne	3	90.0	5	1985.905	1986.203
1986.213	0.8999999999998636	trials	28	s028_F200324	coCe_grSu6Ne	17	135.0	4	1986.513	1986.812
1986.8220000000001	0.8999999999998636	trials	28	s028_F200324	grCe_grSu6Ne_PS	18	45.0	4	1987.122	1987.42
1987.439	0.8999999999998636	trials	28	s028_F200324	grCe_grSu12Mi	9	225.0	4	1987.739	1988.037
1993.056	0.8999999999998636	trials	28	s028_F200324	grCe_grSu1Ne	3	225.0	5	1993.356	1993.655
1993.665	0.8999999999998636	trials	28	s028_F200324	grSu6Ne	6		5	1993.965	1994.263
1994.882	0.8999999999998636	trials	28	s028_F200324	grCe_grSu12SmCiNe	13	90.0	4	1995.182	1995.48
1999.166	0.8999999999998636	trials	28	s028_F200324	grCe_grSu12Mi	9	270.0	4	1999.466	1999.764
1999.7740000000001	0.8999999999998636	trials	28	s028_F200324	grCe_grSu6Ne_PS	18	180.0	4	2000.074	2000.372
2000.383	0.8999999999998636	trials	28	s028_F200324	grCe	1	315.0	5	2000.683	2000.981
2000.991	0.8999999999998636	trials	28	s028_F200324	grCe_grSu6CiNe_PS	19	45.0	5	2001.291	2001.589
2006.6090000000002	0.8999999999998636	trials	28	s028_F200324	grCe_grSu1Ne	3	270.0	5	2006.909	2007.207
2007.217	0.8999999999998636	trials	28	s028_F200324	grSu6CiNe	14		5	2007.517	2007.816
2007.826	0.8999999999998636	trials	28	s028_F200324	grCe_grSu12SmCiNe	13	135.0	5	2008.126	2008.424
2008.434	0.8999999999998636	trials	28	s028_F200324	grCe_grSu6Ne_PS	18	0.0	5	2008.734	2009.032
2009.0430000000001	0.8999999999998636	trials	28	s028_F200324	grCe_grSu6Ne_PS	18	135.0	4	2009.343	2009.641
2015.3690000000001	0.8999999999998636	trials	28	s028_F200324	grCe	1	225.0	5	2015.669	2015.967
2015.9940000000001	0.8999999999998636	trials	28	s028_F200324	grCe_grSu18Fa	11	180.0	5	2016.294	2016.592
2017.211	0.8999999999998636	trials	28	s028_F200324	grCe_grSu6Ne	7	315.0	5	2017.511	2017.809
2023.4370000000001	0.8999999999998636	trials	28	s028_F200324	grCe_grSu12SmCiNe	13	180.0	5	2023.737	2024.035
2024.0620000000001	0.8999999999998636	trials	28	s028_F200324	grCe_grSu18Fa	11	45.0	5	2024.362	2024.66
2024.671	0.8999999999998636	trials	28	s028_F200324	grCe_grSu12SmCiNe_PS	21	45.0	4	2024.971	2025.269
2030.897	0.8999999999998636	trials	28	s028_F200324	grCe_grSu6CiNe_PS	19	270.0	5	2031.197	2031.495
2032.114	0.8999999999998636	trials	28	s028_F200324	grCe_grSu6Ne_PS	18	225.0	4	2032.414	2032.712
2032.722	0.8999999999998636	trials	28	s028_F200324	grCe_grSu6Ne	7	225.0	4	2033.022	2033.32
2033.3310000000001	0.8999999999998636	trials	28	s028_F200324	grCe_grSu6Ne_PS	18	315.0	5	2033.631	2033.929
2039.098	0.8999999999998636	trials	28	s028_F200324	grCe_grSu12SmCiNe	13	225.0	5	2039.398	2039.696
2039.707	0.8999999999998636	trials	28	s028_F200324	grCe_grSu6CiNe	15	90.0	5	2040.007	2040.305
2040.315	0.8999999999998636	trials	28	s028_F200324	grCe_grSu1Ne	3	180.0	4	2040.615	2040.913
2040.924	0.8999999999998636	trials	28	s028_F200324	coCe	16	45.0	5	2041.224	2041.522
2047.358	0.8999999999998636	trials	28	s028_F200324	grCe_grSu6CiNe_PS	19	180.0	5	2047.658	2047.956
2047.9669999999999	0.8999999999998636	trials	28	s028_F200324	grCe_grSu6Ne	7	0.0	5	2048.267	2048.565
2048.575	0.900000000000091	trials	28	s028_F200324	grCe_grSu6CiNe_PS	19	90.0	3	2048.875	2049.173
2049.1839999999997	0.900000000000091	trials	28	s028_F200324	grSu6Ne	6		3	2049.484	2049.782
2049.792	0.900000000000091	trials	28	s028_F200324	grCe_grSu3Ne	5	270.0	3	2050.092	2050.39
2055.4759999999997	0.900000000000091	trials	28	s028_F200324	grCe	1	315.0	3	2055.776	2056.075
2056.085	0.900000000000091	trials	28	s028_F200324	coCe_grSu6Ne	17	90.0	3	2056.385	2056.683
2056.71	0.900000000000091	trials	28	s028_F200324	grCe_grSu18Fa	11	45.0	3	2057.01	2057.308
2057.3179999999998	0.900000000000091	trials	28	s028_F200324	coCe_grSu6Ne	17	315.0	3	2057.618	2057.917
2057.9269999999997	0.900000000000091	trials	28	s028_F200324	grSu6CiNe	14		3	2058.227	2058.525
2063.4449999999997	0.900000000000091	trials	28	s028_F200324	grCe_grSu6CiNe_PS	19	225.0	3	2063.745	2064.043
2064.0449999999996	0.900000000000091	trials	28	s028_F200324	coCe	16	225.0	3	2064.345	2064.643
2064.6609999999996	0.900000000000091	trials	28	s028_F200324	grCe_grSu12Mi	9	0.0	3	2064.961	2065.26
2065.278	0.900000000000091	trials	28	s028_F200324	grCe_grSu12Mi	9	90.0	3	2065.578	2065.876
2065.8869999999997	0.900000000000091	trials	28	s028_F200324	grCe_grSu12SmCiNe	13	135.0	3	2066.187	2066.485
2071.3709999999996	0.900000000000091	trials	28	s028_F200324	grCe_grSu1Ne	3	135.0	3	2071.671	2071.969
2071.979	0.900000000000091	trials	28	s028_F200324	coCe_grSu6Ne	17	225.0	3	2072.279	2072.578
2072.5879999999997	0.900000000000091	trials	28	s028_F200324	coCe_grSu6Ne	17	0.0	3	2072.888	2073.186
2073.196	0.900000000000091	trials	28	s028_F200324	grCe_grSu6CiNe	15	180.0	3	2073.496	2073.794
2073.805	0.900000000000091	trials	28	s028_F200324	grCe_grSu6CiNe	15	270.0	3	2074.105	2074.403
2084.1569999999997	0.900000000000091	trials	28	s028_F200324	grCe_grSu6CiNe_PS	19	45.0	3	2084.457	2084.755
2085.374	0.900000000000091	trials	28	s028_F200324	grCe_grSu3Ne	5	315.0	3	2085.674	2085.972
2085.999	0.900000000000091	trials	28	s028_F200324	grCe_grSu18Fa	11	0.0	3	2086.299	2086.597
2086.607	0.900000000000091	trials	28	s028_F200324	grCe_grSu6CiNe_PS	19	0.0	3	2086.907	2087.205
2092.5829999999996	0.900000000000091	trials	28	s028_F200324	grCe_grSu6CiNe	15	135.0	3	2092.883	2093.181
2098.468	0.900000000000091	trials	28	s028_F200324	grCe_grSu18Fa	11	135.0	3	2098.768	2099.066
2099.0679999999998	0.900000000000091	trials	28	s028_F200324	grCe	1	180.0	3	2099.368	2099.666
2104.669	0.900000000000091	trials	28	s028_F200324	grCe_grSu6Ne	7	315.0	3	2104.969	2105.267
2105.886	0.900000000000091	trials	28	s028_F200324	grCe_grSu6Ne_PS	18	0.0	3	2106.186	2106.484
2107.1029999999996	0.900000000000091	trials	28	s028_F200324	grSu3Ne	4		3	2107.403	2107.701
2112.754	0.900000000000091	trials	28	s028_F200324	grSu1Ne	2		3	2113.054	2113.352
2113.3619999999996	0.900000000000091	trials	28	s028_F200324	grCe_grSu6CiNe_PS	19	315.0	3	2113.662	2113.96
2113.962	0.900000000000091	trials	28	s028_F200324	coCe	16	0.0	3	2114.262	2114.56
2114.571	0.900000000000091	trials	28	s028_F200324	grCe_grSu6CiNe_PS	19	180.0	3	2114.871	2115.169
2115.196	0.900000000000091	trials	28	s028_F200324	grCe_grSu18Fa	11	90.0	3	2115.496	2115.794
2126.015	0.900000000000091	trials	28	s028_F200324	grCe_grSu18Fa	11	225.0	3	2126.315	2126.613
2126.6229999999996	0.900000000000091	trials	28	s028_F200324	coCe	16	90.0	3	2126.923	2127.221
2127.2309999999998	0.900000000000091	trials	28	s028_F200324	grCe_grSu3Ne	5	135.0	3	2127.531	2127.83
2127.848	0.900000000000091	trials	28	s028_F200324	grSu18Fa	10		3	2128.148	2128.446
2128.457	0.900000000000091	trials	28	s028_F200324	grCe_grSu12SmCiNe_PS	21	270.0	3	2128.757	2129.055
2134.0829999999996	0.900000000000091	trials	28	s028_F200324	grSu12SmCiNe	12		3	2134.383	2134.681
2134.691	0.900000000000091	trials	28	s028_F200324	grCe_grSu12SmCiNe	13	315.0	3	2134.991	2135.289
2135.2999999999997	0.900000000000091	trials	28	s028_F200324	grCe_grSu6CiNe_PS	19	270.0	3	2135.6	2135.898
2135.908	0.900000000000091	trials	28	s028_F200324	grCe_grSu1Ne	3	225.0	3	2136.208	2136.506
2136.5249999999996	0.900000000000091	trials	28	s028_F200324	grCe_grSu12Mi	9	180.0	3	2136.825	2137.123
2144.935	0.900000000000091	trials	28	s028_F200324	grCe_grSu3Ne	5	225.0	3	2145.235	2145.533
2145.5429999999997	0.900000000000091	trials	28	s028_F200324	grSu12Mi	8		3	2145.843	2146.141
2146.143	0.900000000000091	trials	28	s028_F200324	grCe	1	270.0	3	2146.443	2146.741
2146.752	0.900000000000091	trials	28	s028_F200324	grCe_grSu6Ne	7	0.0	3	2147.052	2147.35
2147.3599999999997	0.900000000000091	trials	28	s028_F200324	coCe_grSu6Ne	17	45.0	3	2147.66	2147.958
2153.011	0.900000000000091	trials	28	s028_F200324	grCe_grSu12Mi	9	45.0	3	2153.311	2153.609
2153.611	0.900000000000091	trials	28	s028_F200324	grCe	1	225.0	3	2153.911	2154.209
2154.22	0.900000000000091	trials	28	s028_F200324	grCe_grSu1Ne	3	270.0	3	2154.52	2154.818
2154.828	0.900000000000091	trials	28	s028_F200324	coCe_grSu6Ne	17	270.0	3	2155.128	2155.426
2155.437	0.900000000000091	trials	28	s028_F200324	grCe_grSu6Ne_PS	18	315.0	3	2155.737	2156.035
2169.9809999999998	0.900000000000091	trials	28	s028_F200324	grCe	1	0.0	3	2170.281	2170.579
2170.589	0.900000000000091	trials	28	s028_F200324	grCe_grSu12SmCiNe	13	180.0	3	2170.889	2171.188
2175.357	0.900000000000091	trials	28	s028_F200324	grCe_grSu6CiNe	15	45.0	3	2175.657	2175.955
2175.9649999999997	0.900000000000091	trials	28	s028_F200324	grCe_grSu3Ne	5	180.0	3	2176.265	2176.564
2176.591	0.900000000000091	trials	28	s028_F200324	grCe_grSu18Fa	11	270.0	3	2176.891	2177.189
2180.816	0.900000000000091	trials	28	s028_F200324	coCe	16	45.0	3	2181.116	2181.415
2181.4249999999997	0.900000000000091	trials	28	s028_F200324	grCe_grSu6CiNe	15	90.0	3	2181.725	2182.023
2182.033	0.900000000000091	trials	28	s028_F200324	grCe_grSu12SmCiNe	13	225.0	3	2182.333	2182.631
2182.642	0.900000000000091	trials	28	s028_F200324	grCe_grSu6Ne_PS	18	90.0	3	2182.942	2183.24
2183.25	0.900000000000091	trials	28	s028_F200324	grCe_grSu12SmCiNe_PS	21	315.0	3	2183.55	2183.848
2190.31	0.900000000000091	trials	28	s028_F200324	grCe_grSu12SmCiNe	13	45.0	3	2190.61	2190.908
2190.935	0.900000000000091	trials	28	s028_F200324	grCe_grSu18Fa	11	180.0	3	2191.235	2191.533
2203.846	0.900000000000091	trials	28	s028_F200324	coSu6Ne	20		3	2204.146	2204.444
2204.4539999999997	0.900000000000091	trials	28	s028_F200324	grCe_grSu12SmCiNe	13	0.0	3	2204.754	2205.052
2205.671	0.900000000000091	trials	28	s028_F200324	grCe_grSu1Ne	3	0.0	3	2205.971	2206.269
2206.279	0.900000000000091	trials	28	s028_F200324	grCe_grSu6Ne	7	180.0	3	2206.579	2206.878
2213.047	0.900000000000091	trials	28	s028_F200324	grCe	1	90.0	3	2213.347	2213.646
2213.656	0.900000000000091	trials	28	s028_F200324	grCe_grSu1Ne	3	90.0	3	2213.956	2214.254
