onset	duration	nwb_table	ses_ID	ses_Name	cond_Name	cond_ID	target_rot	rep_num	pdOn	pdOff
33.279	0.8999999999999986	trials	127	s127_J210711	grCe_grSu3Ne	5	180.0	1	33.579	33.878
43.205000000000005	0.8999999999999986	trials	127	s127_J210711	grCe_grSu6Ne_PS	18	135.0	1	43.505	43.805
43.813	0.8999999999999986	trials	127	s127_J210711	grCe_grSu12Mi	9	90.0	1	44.113	44.413
44.422000000000004	0.8999999999999986	trials	127	s127_J210711	grCe_grSu12Mi	9	135.0	1	44.722	45.021
50.056000000000004	0.8999999999999986	trials	127	s127_J210711	grCe_grSu18Fa	11	225.0	1	50.356	50.655
51.256	0.8999999999999986	trials	127	s127_J210711	coCe	16	270.0	1	51.556	51.856
56.232	0.8999999999999986	trials	127	s127_J210711	grCe_grSu3Ne	5	225.0	1	56.532	56.831
56.832	0.8999999999999986	trials	127	s127_J210711	grCe_grSu12SmCiNe_PS	21	135.0	1	57.132	57.431
66.21600000000001	0.8999999999999915	trials	127	s127_J210711	grCe_grSu12SmCiNe	13	135.0	1	66.516	66.816
66.825	0.8999999999999915	trials	127	s127_J210711	grCe_grSu18Fa	11	270.0	1	67.125	67.424
67.467	0.8999999999999915	trials	127	s127_J210711	coCe	16	135.0	1	67.767	68.066
72.542	0.8999999999999915	trials	127	s127_J210711	grCe_grSu6CiNe	15	180.0	1	72.842	73.142
73.767	0.8999999999999915	trials	127	s127_J210711	grSu18Fa	10		1	74.067	74.367
79.21000000000001	0.8999999999999915	trials	127	s127_J210711	grCe	1	315.0	1	79.51	79.809
85.352	0.8999999999999915	trials	127	s127_J210711	grCe_grSu6Ne_PS	18	90.0	1	85.652	85.952
85.952	0.8999999999999915	trials	127	s127_J210711	grCe_grSu12SmCiNe_PS	21	90.0	1	86.252	86.552
86.552	0.8999999999999915	trials	127	s127_J210711	coCe	16	45.0	1	86.852	87.152
91.52	0.8999999999999915	trials	127	s127_J210711	grCe_grSu6CiNe_PS	19	135.0	1	91.82	92.119
92.72800000000001	0.8999999999999915	trials	127	s127_J210711	coCe_grSu6Ne	17	45.0	1	93.028	93.328
97.804	0.8999999999999915	trials	127	s127_J210711	grCe_grSu12SmCiNe_PS	21	315.0	1	98.104	98.403
98.412	0.8999999999999915	trials	127	s127_J210711	coCe_grSu6Ne	17	225.0	1	98.712	99.012
99.012	0.8999999999999915	trials	127	s127_J210711	grCe_grSu12SmCiNe_PS	21	45.0	1	99.312	99.612
104.038	0.8999999999999915	trials	127	s127_J210711	grCe_grSu6CiNe	15	0.0	1	104.338	104.637
104.638	0.8999999999999915	trials	127	s127_J210711	grCe_grSu3Ne	5	270.0	1	104.938	105.238
114.473	0.8999999999999915	trials	127	s127_J210711	grCe_grSu1Ne	3	225.0	1	114.773	115.072
115.081	0.8999999999999915	trials	127	s127_J210711	grCe_grSu6Ne	7	135.0	1	115.381	115.681
115.68900000000001	0.8999999999999915	trials	127	s127_J210711	grCe_grSu18Fa	11	0.0	1	115.989	116.289
121.95700000000001	0.8999999999999915	trials	127	s127_J210711	grCe_grSu18Fa	11	315.0	1	122.257	122.556
127.158	0.8999999999999915	trials	127	s127_J210711	grCe_grSu6CiNe	15	225.0	1	127.458	127.757
127.808	0.8999999999999915	trials	127	s127_J210711	grCe_grSu6Ne_PS	18	180.0	1	128.108	128.407
128.416	0.9000000000000057	trials	127	s127_J210711	grCe_grSu12Mi	9	315.0	1	128.716	129.016
136.551	0.9000000000000057	trials	127	s127_J210711	grCe_grSu6Ne_PS	18	0.0	1	136.851	137.15
137.159	0.9000000000000057	trials	127	s127_J210711	grCe_grSu12SmCiNe	13	315.0	1	137.459	137.758
137.759	0.9000000000000057	trials	127	s127_J210711	grSu3Ne	4		1	138.059	138.359
142.56799999999998	0.9000000000000057	trials	127	s127_J210711	grCe	1	270.0	1	142.868	143.167
143.176	0.9000000000000057	trials	127	s127_J210711	grCe_grSu12Mi	9	270.0	1	143.476	143.776
143.77599999999998	0.9000000000000057	trials	127	s127_J210711	grCe_grSu12SmCiNe	13	270.0	1	144.076	144.376
149.35199999999998	0.9000000000000057	trials	127	s127_J210711	grCe_grSu6Ne_PS	18	225.0	1	149.652	149.952
153.161	0.9000000000000057	trials	127	s127_J210711	grSu1Ne	2		1	153.461	153.761
153.761	0.9000000000000057	trials	127	s127_J210711	grCe_grSu1Ne	3	270.0	1	154.061	154.361
154.361	0.9000000000000057	trials	127	s127_J210711	grCe	1	45.0	1	154.661	154.961
159.51999999999998	0.9000000000000057	trials	127	s127_J210711	grCe_grSu6Ne_PS	18	270.0	1	159.82	160.12
166.16299999999998	0.9000000000000057	trials	127	s127_J210711	coCe	16	0.0	1	166.463	166.762
169.84699999999998	0.9000000000000057	trials	127	s127_J210711	grCe_grSu6CiNe	15	135.0	1	170.147	170.446
170.447	0.9000000000000057	trials	127	s127_J210711	NoStim	0		1	170.747	171.046
171.047	0.9000000000000057	trials	127	s127_J210711	coCe	16	225.0	1	171.347	171.646
177.09699999999998	0.9000000000000057	trials	127	s127_J210711	grCe_grSu6Ne	7	90.0	1	177.397	177.697
177.69799999999998	0.9000000000000057	trials	127	s127_J210711	grCe_grSu3Ne	5	90.0	1	177.998	178.297
182.815	0.9000000000000057	trials	127	s127_J210711	grCe	1	135.0	1	183.115	183.414
183.423	0.9000000000000057	trials	127	s127_J210711	grCe_grSu12Mi	9	45.0	1	183.723	184.023
189.71599999999998	0.9000000000000057	trials	127	s127_J210711	grCe_grSu12Mi	9	180.0	1	190.016	190.315
190.32399999999998	0.9000000000000057	trials	127	s127_J210711	grCe_grSu6CiNe	15	270.0	1	190.624	190.924
195.38299999999998	0.9000000000000057	trials	127	s127_J210711	coCe_grSu6Ne	17	90.0	1	195.683	195.983
195.98299999999998	0.9000000000000057	trials	127	s127_J210711	grCe_grSu12SmCiNe	13	180.0	1	196.283	196.583
196.583	0.9000000000000057	trials	127	s127_J210711	grCe_grSu6Ne_PS	18	315.0	1	196.883	197.183
201.601	0.9000000000000057	trials	127	s127_J210711	grCe_grSu12Mi	9	0.0	1	201.901	202.2
202.226	0.9000000000000057	trials	127	s127_J210711	coCe_grSu6Ne	17	180.0	1	202.526	202.825
202.84199999999998	0.9000000000000057	trials	127	s127_J210711	grCe_grSu18Fa	11	90.0	1	203.142	203.442
208.093	0.9000000000000057	trials	127	s127_J210711	grCe_grSu6CiNe_PS	19	315.0	1	208.393	208.693
209.31799999999998	0.9000000000000057	trials	127	s127_J210711	grCe_grSu18Fa	11	45.0	1	209.618	209.918
214.261	0.9000000000000057	trials	127	s127_J210711	grCe_grSu6Ne	7	225.0	1	214.561	214.86
214.861	0.9000000000000057	trials	127	s127_J210711	coSu6Ne	20		1	215.161	215.46
215.46099999999998	0.9000000000000057	trials	127	s127_J210711	grCe_grSu6Ne	7	45.0	1	215.761	216.06
220.57799999999997	0.9000000000000057	trials	127	s127_J210711	grCe_grSu6Ne_PS	18	45.0	1	220.878	221.178
221.178	0.9000000000000057	trials	127	s127_J210711	coCe_grSu6Ne	17	270.0	1	221.478	221.778
221.78699999999998	0.9000000000000057	trials	127	s127_J210711	grCe_grSu6CiNe	15	45.0	1	222.087	222.386
226.737	0.9000000000000057	trials	127	s127_J210711	grCe	1	180.0	1	227.037	227.337
227.34599999999998	0.9000000000000057	trials	127	s127_J210711	grCe_grSu1Ne	3	315.0	1	227.646	227.945
227.95399999999998	0.9000000000000057	trials	127	s127_J210711	coCe_grSu6Ne	17	135.0	1	228.254	228.554
232.905	0.9000000000000057	trials	127	s127_J210711	grCe_grSu6CiNe	15	315.0	1	233.205	233.504
233.505	0.9000000000000057	trials	127	s127_J210711	grCe_grSu12SmCiNe	13	0.0	1	233.805	234.104
234.105	0.9000000000000057	trials	127	s127_J210711	grCe_grSu12SmCiNe_PS	21	270.0	1	234.405	234.704
239.72199999999998	0.9000000000000057	trials	127	s127_J210711	grCe_grSu12SmCiNe_PS	21	0.0	1	240.022	240.322
245.631	0.9000000000000057	trials	127	s127_J210711	grSu12SmCiNe	12		1	245.931	246.231
246.231	0.9000000000000057	trials	127	s127_J210711	coCe	16	180.0	1	246.531	246.831
254.75799999999998	0.9000000000000057	trials	127	s127_J210711	grCe_grSu6CiNe_PS	19	0.0	1	255.058	255.357
255.35799999999998	0.9000000000000057	trials	127	s127_J210711	grSu6Ne	6		1	255.658	255.957
255.95799999999997	0.9000000000000341	trials	127	s127_J210711	grSu6CiNe	14		1	256.258	256.557
260.817	0.9000000000000341	trials	127	s127_J210711	grCe	1	90.0	1	261.117	261.416
262.2	0.9000000000000341	trials	127	s127_J210711	grCe_grSu12SmCiNe_PS	21	180.0	1	262.5	262.8
267.292	0.9000000000000341	trials	127	s127_J210711	coCe_grSu6Ne	17	0.0	1	267.592	267.892
267.893	0.9000000000000341	trials	127	s127_J210711	grCe_grSu1Ne	3	90.0	1	268.193	268.492
268.493	0.9000000000000341	trials	127	s127_J210711	grCe_grSu6CiNe	15	90.0	1	268.793	269.092
273.777	0.9000000000000341	trials	127	s127_J210711	coCe	16	315.0	1	274.077	274.376
274.402	0.9000000000000341	trials	127	s127_J210711	grCe_grSu3Ne	5	315.0	1	274.702	275.001
275.002	0.9000000000000341	trials	127	s127_J210711	grCe_grSu6CiNe_PS	19	225.0	1	275.302	275.601
280.269	0.9000000000000341	trials	127	s127_J210711	grCe_grSu1Ne	3	0.0	1	280.569	280.869
280.86899999999997	0.9000000000000341	trials	127	s127_J210711	coCe_grSu6Ne	17	315.0	1	281.169	281.469
281.469	0.9000000000000341	trials	127	s127_J210711	grCe_grSu3Ne	5	135.0	1	281.769	282.069
286.645	0.9000000000000341	trials	127	s127_J210711	grCe_grSu6CiNe_PS	19	90.0	1	286.945	287.244
292.137	0.9000000000000341	trials	127	s127_J210711	grCe_grSu6CiNe_PS	19	270.0	1	292.437	292.737
297.46299999999997	0.9000000000000341	trials	127	s127_J210711	grCe_grSu12SmCiNe	13	225.0	1	297.763	298.063
301.747	0.9000000000000341	trials	127	s127_J210711	grCe_grSu1Ne	3	180.0	1	302.047	302.346
302.347	0.9000000000000341	trials	127	s127_J210711	coCe	16	90.0	1	302.647	302.947
308.823	0.9000000000000341	trials	127	s127_J210711	grCe_grSu3Ne	5	0.0	1	309.123	309.422
309.448	0.9000000000000341	trials	127	s127_J210711	grCe_grSu6CiNe_PS	19	180.0	1	309.748	310.047
317.782	0.9000000000000341	trials	127	s127_J210711	grCe_grSu1Ne	3	135.0	1	318.082	318.382
318.382	0.9000000000000341	trials	127	s127_J210711	grCe_grSu6Ne	7	180.0	1	318.682	318.982
319.01599999999996	0.9000000000000341	trials	127	s127_J210711	grCe_grSu6Ne	7	0.0	1	319.316	319.615
324.192	0.9000000000000341	trials	127	s127_J210711	grCe_grSu12SmCiNe	13	45.0	1	324.492	324.791
324.792	0.9000000000000341	trials	127	s127_J210711	grCe_grSu6CiNe_PS	19	45.0	1	325.092	325.391
325.392	0.9000000000000341	trials	127	s127_J210711	grCe_grSu12SmCiNe	13	90.0	1	325.692	325.991
330.659	0.9000000000000341	trials	127	s127_J210711	grCe	1	225.0	1	330.959	331.259
338.502	0.9000000000000341	trials	127	s127_J210711	grSu12Mi	8		1	338.802	339.101
339.102	0.9000000000000341	trials	127	s127_J210711	grCe_grSu6Ne	7	270.0	1	339.402	339.701
339.735	0.9000000000000341	trials	127	s127_J210711	grCe_grSu12Mi	9	225.0	1	340.035	340.335
344.769	0.9000000000000341	trials	127	s127_J210711	grCe	1	0.0	1	345.069	345.369
345.36899999999997	0.9000000000000341	trials	127	s127_J210711	grCe_grSu12SmCiNe_PS	21	225.0	1	345.669	345.969
345.986	0.9000000000000341	trials	127	s127_J210711	grCe_grSu18Fa	11	135.0	1	346.286	346.586
351.187	0.9000000000000341	trials	127	s127_J210711	grCe_grSu6Ne	7	315.0	1	351.487	351.786
351.795	0.9000000000000341	trials	127	s127_J210711	grCe_grSu1Ne	3	45.0	1	352.095	352.395
352.395	0.9000000000000341	trials	127	s127_J210711	grCe_grSu3Ne	5	45.0	1	352.695	352.995
357.529	0.9000000000000341	trials	127	s127_J210711	grCe_grSu18Fa	11	180.0	1	357.829	358.129
358.171	0.9000000000000341	trials	127	s127_J210711	coCe_grSu6Ne	17	90.0	4	358.471	358.77
363.96299999999997	0.9000000000000341	trials	127	s127_J210711	coCe	16	315.0	4	364.263	364.563
364.563	0.9000000000000341	trials	127	s127_J210711	grCe_grSu3Ne	5	315.0	4	364.863	365.163
365.197	0.9000000000000341	trials	127	s127_J210711	grCe_grSu6Ne	7	90.0	4	365.497	365.796
370.64799999999997	0.9000000000000341	trials	127	s127_J210711	grCe_grSu12SmCiNe_PS	21	0.0	4	370.948	371.247
375.407	0.9000000000000341	trials	127	s127_J210711	grCe_grSu6CiNe	15	270.0	4	375.707	376.006
376.007	0.9000000000000341	trials	127	s127_J210711	grCe_grSu3Ne	5	90.0	4	376.307	376.606
381.157	0.9000000000000341	trials	127	s127_J210711	grCe_grSu1Ne	3	0.0	4	381.457	381.757
381.76599999999996	0.9000000000000341	trials	127	s127_J210711	grCe_grSu12Mi	9	270.0	4	382.066	382.365
387.5	0.9000000000000341	trials	127	s127_J210711	grCe_grSu12SmCiNe	13	45.0	4	387.8	388.099
388.7	0.9000000000000341	trials	127	s127_J210711	coCe	16	270.0	4	389.0	389.299
394.109	0.9000000000000341	trials	127	s127_J210711	coCe_grSu6Ne	17	225.0	4	394.409	394.708
394.709	0.9000000000000341	trials	127	s127_J210711	grCe_grSu3Ne	5	180.0	4	395.009	395.309
400.518	0.9000000000000341	trials	127	s127_J210711	coCe_grSu6Ne	17	180.0	4	400.818	401.118
401.118	0.9000000000000341	trials	127	s127_J210711	grSu6CiNe	14		4	401.418	401.718
401.727	0.9000000000000341	trials	127	s127_J210711	grCe_grSu18Fa	11	45.0	4	402.027	402.326
407.336	0.9000000000000341	trials	127	s127_J210711	grCe_grSu3Ne	5	270.0	4	407.636	407.935
407.936	0.9000000000000341	trials	127	s127_J210711	coSu6Ne	20		4	408.236	408.535
408.536	0.9000000000000341	trials	127	s127_J210711	grSu3Ne	4		4	408.836	409.135
413.736	0.9000000000000341	trials	127	s127_J210711	grCe_grSu6Ne_PS	18	0.0	4	414.036	414.336
414.96999999999997	0.9000000000000341	trials	127	s127_J210711	grCe_grSu18Fa	11	225.0	4	415.27	415.569
420.087	0.9000000000000341	trials	127	s127_J210711	grCe_grSu1Ne	3	315.0	4	420.387	420.687
420.721	0.9000000000000341	trials	127	s127_J210711	grCe_grSu12SmCiNe	13	315.0	4	421.021	421.32
421.32099999999997	0.9000000000000341	trials	127	s127_J210711	grSu12SmCiNe	12		4	421.621	421.92
426.471	0.9000000000000341	trials	127	s127_J210711	grCe_grSu6CiNe_PS	19	225.0	4	426.771	427.071
427.08	0.9000000000000341	trials	127	s127_J210711	grCe_grSu12Mi	9	90.0	4	427.38	427.679
427.688	0.9000000000000341	trials	127	s127_J210711	grSu18Fa	10		4	427.988	428.288
432.947	0.9000000000000341	trials	127	s127_J210711	grCe_grSu12SmCiNe_PS	21	225.0	4	433.247	433.547
433.54699999999997	0.9000000000000341	trials	127	s127_J210711	grCe_grSu6Ne	7	0.0	4	433.847	434.147
434.147	0.9000000000000341	trials	127	s127_J210711	grCe_grSu6CiNe_PS	19	0.0	4	434.447	434.747
442.48199999999997	0.9000000000000341	trials	127	s127_J210711	grSu12Mi	8		4	442.782	443.081
443.69	0.9000000000000341	trials	127	s127_J210711	grCe_grSu12SmCiNe_PS	21	315.0	4	443.99	444.29
448.774	0.9000000000000341	trials	127	s127_J210711	grCe_grSu6CiNe	15	0.0	4	449.074	449.374
449.399	0.9000000000000341	trials	127	s127_J210711	grCe_grSu18Fa	11	270.0	4	449.699	449.999
450.008	0.9000000000000341	trials	127	s127_J210711	grCe_grSu12Mi	9	225.0	4	450.308	450.607
455.017	0.9000000000000341	trials	127	s127_J210711	grCe_grSu6Ne_PS	18	315.0	4	455.317	455.616
455.625	0.9000000000000341	trials	127	s127_J210711	grCe_grSu6CiNe	15	45.0	4	455.925	456.225
459.842	0.9000000000000341	trials	127	s127_J210711	grCe	1	135.0	4	460.142	460.442
460.443	0.9000000000000341	trials	127	s127_J210711	grSu1Ne	2		4	460.743	461.042
465.59299999999996	0.9000000000000341	trials	127	s127_J210711	grCe_grSu3Ne	5	0.0	4	465.893	466.193
469.80199999999996	0.9000000000000341	trials	127	s127_J210711	grCe	1	270.0	4	470.102	470.402
470.402	0.9000000000000341	trials	127	s127_J210711	grCe_grSu6Ne_PS	18	225.0	4	470.702	471.002
471.002	0.9000000000000341	trials	127	s127_J210711	grCe_grSu3Ne	5	225.0	4	471.302	471.602
476.27	0.9000000000000341	trials	127	s127_J210711	grCe_grSu12SmCiNe_PS	21	90.0	4	476.57	476.869
477.478	0.9000000000000341	trials	127	s127_J210711	grCe_grSu12SmCiNe	13	225.0	4	477.778	478.078
482.587	0.9000000000000341	trials	127	s127_J210711	grCe_grSu12SmCiNe	13	90.0	4	482.887	483.187
483.187	0.9000000000000341	trials	127	s127_J210711	grCe_grSu6Ne_PS	18	90.0	4	483.487	483.787
483.787	0.9000000000000341	trials	127	s127_J210711	grCe_grSu6Ne_PS	18	270.0	4	484.087	484.387
489.47999999999996	0.9000000000000341	trials	127	s127_J210711	grCe_grSu12Mi	9	315.0	4	489.78	490.079
490.08	0.9000000000000341	trials	127	s127_J210711	grCe	1	90.0	4	490.38	490.679
495.205	0.9000000000000341	trials	127	s127_J210711	grCe_grSu6CiNe_PS	19	45.0	4	495.505	495.805
495.805	0.9000000000000341	trials	127	s127_J210711	grCe_grSu6CiNe_PS	19	270.0	4	496.105	496.405
496.414	0.9000000000000341	trials	127	s127_J210711	grCe_grSu1Ne	3	225.0	4	496.714	497.013
501.423	0.9000000000000341	trials	127	s127_J210711	grCe_grSu6CiNe_PS	19	180.0	4	501.723	502.022
502.02299999999997	0.9000000000000341	trials	127	s127_J210711	grCe_grSu6Ne	7	315.0	4	502.323	502.622
502.623	0.9000000000000341	trials	127	s127_J210711	grCe_grSu6CiNe_PS	19	135.0	4	502.923	503.223
508.324	0.9000000000000341	trials	127	s127_J210711	grSu6Ne	6		4	508.624	508.923
508.924	0.9000000000000341	trials	127	s127_J210711	grCe_grSu12SmCiNe_PS	21	270.0	4	509.224	509.523
514.9250000000001	0.8999999999999773	trials	127	s127_J210711	grCe_grSu6Ne_PS	18	180.0	4	515.225	515.524
515.533	0.8999999999999773	trials	127	s127_J210711	grCe_grSu6CiNe	15	315.0	4	515.833	516.133
523.801	0.8999999999999773	trials	127	s127_J210711	coCe_grSu6Ne	17	45.0	4	524.101	524.4
524.4010000000001	0.8999999999999773	trials	127	s127_J210711	coCe	16	90.0	4	524.701	525.0
525.009	0.8999999999999773	trials	127	s127_J210711	grCe_grSu12Mi	9	180.0	4	525.309	525.609
529.9100000000001	0.8999999999999773	trials	127	s127_J210711	grCe_grSu6CiNe	15	225.0	4	530.21	530.509
531.118	0.8999999999999773	trials	127	s127_J210711	grCe_grSu12Mi	9	0.0	4	531.418	531.718
536.6610000000001	0.8999999999999773	trials	127	s127_J210711	grCe_grSu18Fa	11	315.0	4	536.961	537.26
537.2610000000001	0.8999999999999773	trials	127	s127_J210711	coCe_grSu6Ne	17	315.0	4	537.561	537.86
537.861	0.8999999999999773	trials	127	s127_J210711	NoStim	0		4	538.161	538.46
543.07	0.8999999999999773	trials	127	s127_J210711	coCe	16	45.0	4	543.37	543.669
544.2700000000001	0.8999999999999773	trials	127	s127_J210711	grCe_grSu6Ne_PS	18	45.0	4	544.57	544.87
552.3960000000001	0.8999999999999773	trials	127	s127_J210711	grCe_grSu6Ne_PS	18	135.0	4	552.696	552.996
553.605	0.8999999999999773	trials	127	s127_J210711	grCe	1	225.0	4	553.905	554.204
558.822	0.8999999999999773	trials	127	s127_J210711	grCe_grSu18Fa	11	180.0	4	559.122	559.421
559.4300000000001	0.8999999999999773	trials	127	s127_J210711	grCe_grSu12Mi	9	135.0	4	559.73	560.03
563.0980000000001	0.8999999999999773	trials	127	s127_J210711	grCe_grSu6Ne	7	225.0	4	563.398	563.697
563.6980000000001	0.8999999999999773	trials	127	s127_J210711	grCe_grSu1Ne	3	270.0	4	563.998	564.297
569.373	0.8999999999999773	trials	127	s127_J210711	grCe_grSu6CiNe	15	90.0	4	569.673	569.973
569.9730000000001	0.8999999999999773	trials	127	s127_J210711	grCe_grSu3Ne	5	45.0	4	570.273	570.573
570.5730000000001	0.8999999999999773	trials	127	s127_J210711	grCe	1	0.0	4	570.873	571.173
579.058	0.8999999999999773	trials	127	s127_J210711	grCe	1	180.0	4	579.358	579.657
579.658	0.8999999999999773	trials	127	s127_J210711	coCe	16	225.0	4	579.958	580.258
585.542	0.8999999999999773	trials	127	s127_J210711	grCe_grSu12SmCiNe_PS	21	45.0	4	585.842	586.142
586.142	0.8999999999999773	trials	127	s127_J210711	grCe_grSu12SmCiNe	13	270.0	4	586.442	586.742
586.7420000000001	0.8999999999999773	trials	127	s127_J210711	grCe_grSu6CiNe	15	180.0	4	587.042	587.342
591.8760000000001	0.8999999999999773	trials	127	s127_J210711	coCe_grSu6Ne	17	135.0	4	592.176	592.476
592.476	0.8999999999999773	trials	127	s127_J210711	grCe	1	315.0	4	592.776	593.076
593.085	0.8999999999999773	trials	127	s127_J210711	grCe_grSu12SmCiNe	13	180.0	4	593.385	593.684
598.3190000000001	0.8999999999999773	trials	127	s127_J210711	grCe_grSu6Ne	7	270.0	4	598.619	598.918
599.1020000000001	0.8999999999999773	trials	127	s127_J210711	grCe_grSu6CiNe	15	135.0	4	599.402	599.702
604.745	0.8999999999999773	trials	127	s127_J210711	grCe_grSu6Ne	7	135.0	4	605.045	605.344
605.3530000000001	0.8999999999999773	trials	127	s127_J210711	grCe_grSu1Ne	3	90.0	4	605.653	605.953
605.9530000000001	0.8999999999999773	trials	127	s127_J210711	grCe_grSu6Ne	7	180.0	4	606.253	606.553
610.995	0.8999999999999773	trials	127	s127_J210711	grCe_grSu1Ne	3	180.0	4	611.295	611.595
614.513	0.8999999999999773	trials	127	s127_J210711	grCe_grSu6Ne	7	45.0	4	614.813	615.112
615.1210000000001	0.8999999999999773	trials	127	s127_J210711	grCe_grSu12Mi	9	45.0	4	615.421	615.72
615.763	0.8999999999999773	trials	127	s127_J210711	grCe_grSu18Fa	11	135.0	4	616.063	616.362
624.706	0.8999999999999773	trials	127	s127_J210711	grCe_grSu12SmCiNe_PS	21	180.0	4	625.006	625.305
625.322	0.8999999999999773	trials	127	s127_J210711	grCe_grSu18Fa	11	0.0	4	625.622	625.922
630.5980000000001	0.8999999999999773	trials	127	s127_J210711	grCe_grSu12SmCiNe_PS	21	135.0	4	630.898	631.197
631.1980000000001	0.8999999999999773	trials	127	s127_J210711	coCe	16	180.0	4	631.498	631.798
636.94	0.8999999999999773	trials	127	s127_J210711	grCe_grSu12SmCiNe	13	0.0	4	637.24	637.54
637.541	0.8999999999999773	trials	127	s127_J210711	grCe_grSu6CiNe_PS	19	90.0	4	637.841	638.14
650.817	0.8999999999999773	trials	127	s127_J210711	grCe_grSu3Ne	5	135.0	4	651.117	651.417
654.5260000000001	0.8999999999999773	trials	127	s127_J210711	grCe_grSu6CiNe_PS	19	315.0	4	654.826	655.126
655.7510000000001	0.8999999999999773	trials	127	s127_J210711	coCe	16	0.0	4	656.051	656.351
660.769	0.8999999999999773	trials	127	s127_J210711	grCe_grSu12SmCiNe	13	135.0	4	661.069	661.368
664.0440000000001	0.8999999999999773	trials	127	s127_J210711	grCe_grSu1Ne	3	135.0	4	664.344	664.643
664.644	0.8999999999999773	trials	127	s127_J210711	grCe_grSu1Ne	3	45.0	4	664.944	665.244
665.244	0.8999999999999773	trials	127	s127_J210711	coCe	16	135.0	4	665.544	665.844
670.37	0.8999999999999773	trials	127	s127_J210711	grCe_grSu18Fa	11	90.0	4	670.67	670.969
671.5780000000001	0.8999999999999773	trials	127	s127_J210711	coCe_grSu6Ne	17	0.0	4	671.878	672.178
677.2460000000001	0.8999999999999773	trials	127	s127_J210711	grCe	1	45.0	4	677.546	677.845
677.854	0.8999999999999773	trials	127	s127_J210711	coCe_grSu6Ne	17	270.0	4	678.154	678.454
682.7800000000001	0.8999999999999773	trials	127	s127_J210711	coCe	16	225.0	8	683.08	683.379
683.38	0.8999999999999773	trials	127	s127_J210711	grCe_grSu6CiNe	15	45.0	8	683.68	683.979
683.98	0.8999999999999773	trials	127	s127_J210711	grCe_grSu6CiNe_PS	19	0.0	8	684.28	684.579
689.0640000000001	0.8999999999999773	trials	127	s127_J210711	grCe_grSu12SmCiNe_PS	21	270.0	8	689.364	689.663
689.681	0.8999999999999773	trials	127	s127_J210711	grCe_grSu1Ne	3	90.0	8	689.981	690.28
690.2890000000001	0.8999999999999773	trials	127	s127_J210711	grCe_grSu12Mi	9	90.0	8	690.589	690.889
695.7230000000001	0.8999999999999773	trials	127	s127_J210711	coCe	16	90.0	8	696.023	696.323
696.3230000000001	0.8999999999999773	trials	127	s127_J210711	coSu6Ne	20		8	696.623	696.923
701.8240000000001	0.8999999999999773	trials	127	s127_J210711	coCe	16	135.0	8	702.124	702.423
702.4240000000001	0.8999999999999773	trials	127	s127_J210711	grSu1Ne	2		8	702.724	703.023
708.6750000000001	0.8999999999999773	trials	127	s127_J210711	grCe_grSu6Ne_PS	18	225.0	8	708.975	709.274
709.2750000000001	0.8999999999999773	trials	127	s127_J210711	grCe_grSu6CiNe_PS	19	135.0	8	709.575	709.874
715.0010000000001	0.8999999999999773	trials	127	s127_J210711	coCe	16	270.0	8	715.301	715.6
715.609	0.8999999999999773	trials	127	s127_J210711	coCe_grSu6Ne	17	225.0	8	715.909	716.208
716.2090000000001	0.8999999999999773	trials	127	s127_J210711	grCe_grSu12SmCiNe	13	0.0	8	716.509	716.809
721.3760000000001	0.8999999999999773	trials	127	s127_J210711	grCe_grSu18Fa	11	0.0	8	721.676	721.976
721.976	0.8999999999999773	trials	127	s127_J210711	grCe_grSu6CiNe_PS	19	225.0	8	722.276	722.576
722.585	0.8999999999999773	trials	127	s127_J210711	grCe_grSu12SmCiNe	13	45.0	8	722.885	723.184
727.686	0.8999999999999773	trials	127	s127_J210711	grCe_grSu6Ne	7	90.0	8	727.986	728.285
728.2860000000001	0.8999999999999773	trials	127	s127_J210711	grCe_grSu6Ne	7	225.0	8	728.586	728.885
741.046	0.8999999999999773	trials	127	s127_J210711	grCe_grSu6CiNe	15	225.0	8	741.346	741.645
744.546	0.8999999999999773	trials	127	s127_J210711	grCe_grSu6Ne_PS	18	0.0	8	744.846	745.146
745.1460000000001	0.8999999999999773	trials	127	s127_J210711	grCe_grSu12SmCiNe_PS	21	90.0	8	745.446	745.746
749.5880000000001	0.8999999999999773	trials	127	s127_J210711	grSu12Mi	8		8	749.888	750.188
755.614	0.8999999999999773	trials	127	s127_J210711	coCe	16	180.0	8	755.914	756.214
756.2230000000001	0.8999999999999773	trials	127	s127_J210711	grCe_grSu6CiNe	15	135.0	8	756.523	756.822
756.831	0.8999999999999773	trials	127	s127_J210711	grCe_grSu6Ne	7	0.0	8	757.131	757.43
762.0150000000001	0.8999999999999773	trials	127	s127_J210711	grCe_grSu1Ne	3	135.0	8	762.315	762.614
762.648	0.8999999999999773	trials	127	s127_J210711	grCe_grSu12SmCiNe	13	270.0	8	762.948	763.248
768.2660000000001	0.8999999999999773	trials	127	s127_J210711	grCe_grSu12SmCiNe	13	90.0	8	768.566	768.865
768.874	0.8999999999999773	trials	127	s127_J210711	grCe_grSu12Mi	9	315.0	8	769.174	769.474
769.4830000000001	0.8999999999999773	trials	127	s127_J210711	grCe_grSu18Fa	11	180.0	8	769.783	770.082
784.976	0.8999999999999773	trials	127	s127_J210711	grCe_grSu12SmCiNe	13	180.0	8	785.276	785.576
785.585	0.8999999999999773	trials	127	s127_J210711	grCe_grSu12Mi	9	135.0	8	785.885	786.184
786.1930000000001	0.8999999999999773	trials	127	s127_J210711	grCe_grSu18Fa	11	135.0	8	786.493	786.793
792.436	0.8999999999999773	trials	127	s127_J210711	grCe_grSu6CiNe_PS	19	45.0	8	792.736	793.035
797.5200000000001	0.8999999999999773	trials	127	s127_J210711	grSu18Fa	10		8	797.82	798.119
798.12	0.8999999999999773	trials	127	s127_J210711	grCe_grSu12SmCiNe_PS	21	315.0	8	798.42	798.719
798.72	0.8999999999999773	trials	127	s127_J210711	grCe	1	225.0	8	799.02	799.319
804.245	0.8999999999999773	trials	127	s127_J210711	coCe_grSu6Ne	17	90.0	8	804.545	804.845
804.846	0.8999999999999773	trials	127	s127_J210711	grCe_grSu12SmCiNe_PS	21	180.0	8	805.146	805.445
805.446	0.8999999999999773	trials	127	s127_J210711	grCe_grSu12SmCiNe_PS	21	225.0	8	805.746	806.045
810.3960000000001	0.8999999999999773	trials	127	s127_J210711	grCe_grSu6Ne	7	135.0	8	810.696	810.996
814.605	0.8999999999999773	trials	127	s127_J210711	grCe_grSu1Ne	3	315.0	8	814.905	815.205
815.205	0.8999999999999773	trials	127	s127_J210711	grCe_grSu6CiNe_PS	19	180.0	8	815.505	815.805
819.8470000000001	0.8999999999999773	trials	127	s127_J210711	grCe_grSu12SmCiNe	13	315.0	8	820.147	820.447
820.4730000000001	0.8999999999999773	trials	127	s127_J210711	grCe_grSu6CiNe_PS	19	315.0	8	820.773	821.072
825.49	0.8999999999999773	trials	127	s127_J210711	grSu12SmCiNe	12		8	825.79	826.089
826.1070000000001	0.8999999999999773	trials	127	s127_J210711	grCe_grSu18Fa	11	225.0	8	826.407	826.706
831.807	0.8999999999999773	trials	127	s127_J210711	grCe	1	315.0	8	832.107	832.407
833.008	0.8999999999999773	trials	127	s127_J210711	grCe_grSu6CiNe_PS	19	90.0	8	833.308	833.607
838.075	0.8999999999999773	trials	127	s127_J210711	grCe_grSu6CiNe	15	90.0	8	838.375	838.674
838.683	0.8999999999999773	trials	127	s127_J210711	grCe_grSu3Ne	5	45.0	8	838.983	839.283
839.283	0.8999999999999773	trials	127	s127_J210711	grCe_grSu12SmCiNe_PS	21	0.0	8	839.583	839.883
844.551	0.8999999999999773	trials	127	s127_J210711	grCe_grSu6CiNe	15	315.0	8	844.851	845.15
845.1510000000001	0.8999999999999773	trials	127	s127_J210711	grCe	1	270.0	8	845.451	845.75
845.7510000000001	0.8999999999999773	trials	127	s127_J210711	grCe	1	90.0	8	846.051	846.35
851.4350000000001	0.8999999999999773	trials	127	s127_J210711	grCe_grSu6Ne	7	45.0	8	851.735	852.034
858.344	0.8999999999999773	trials	127	s127_J210711	coCe_grSu6Ne	17	45.0	8	858.644	858.944
864.4780000000001	0.8999999999999773	trials	127	s127_J210711	grCe_grSu6Ne_PS	18	315.0	8	864.778	865.078
865.0780000000001	0.8999999999999773	trials	127	s127_J210711	grCe	1	0.0	8	865.378	865.678
865.678	0.8999999999999773	trials	127	s127_J210711	grCe_grSu6Ne_PS	18	135.0	8	865.978	866.278
870.571	0.8999999999999773	trials	127	s127_J210711	grCe_grSu6Ne_PS	18	180.0	8	870.871	871.17
871.1790000000001	0.8999999999999773	trials	127	s127_J210711	grCe_grSu1Ne	3	0.0	8	871.479	871.779
871.779	0.8999999999999773	trials	127	s127_J210711	grCe_grSu6CiNe	15	270.0	8	872.079	872.379
876.8130000000001	0.8999999999999773	trials	127	s127_J210711	grCe_grSu12SmCiNe_PS	21	45.0	8	877.113	877.413
877.413	0.8999999999999773	trials	127	s127_J210711	grCe_grSu3Ne	5	180.0	8	877.713	878.013
883.022	0.8999999999999773	trials	127	s127_J210711	grCe_grSu6Ne_PS	18	270.0	8	883.322	883.622
883.6220000000001	0.8999999999999773	trials	127	s127_J210711	coCe	16	315.0	8	883.922	884.222
884.231	0.8999999999999773	trials	127	s127_J210711	grCe_grSu12Mi	9	0.0	8	884.531	884.83
889.273	0.8999999999999773	trials	127	s127_J210711	grCe_grSu3Ne	5	315.0	8	889.573	889.873
889.8820000000001	0.8999999999999773	trials	127	s127_J210711	grCe_grSu1Ne	3	45.0	8	890.182	890.481
890.4820000000001	0.8999999999999773	trials	127	s127_J210711	grCe_grSu1Ne	3	270.0	8	890.782	891.081
895.6070000000001	0.8999999999999773	trials	127	s127_J210711	grCe_grSu3Ne	5	135.0	8	895.907	896.207
896.207	0.8999999999999773	trials	127	s127_J210711	grCe_grSu6Ne_PS	18	45.0	8	896.507	896.807
896.816	0.8999999999999773	trials	127	s127_J210711	grCe_grSu6Ne	7	180.0	8	897.116	897.415
901.8660000000001	0.8999999999999773	trials	127	s127_J210711	grCe_grSu18Fa	11	90.0	8	902.166	902.466
902.475	0.8999999999999773	trials	127	s127_J210711	grCe_grSu6CiNe	15	0.0	8	902.775	903.074
903.075	0.8999999999999773	trials	127	s127_J210711	grSu3Ne	4		8	903.375	903.674
908.7090000000001	0.8999999999999773	trials	127	s127_J210711	grCe_grSu3Ne	5	90.0	8	909.009	909.309
909.317	0.8999999999999773	trials	127	s127_J210711	coCe_grSu6Ne	17	135.0	8	909.617	909.917
914.4680000000001	0.8999999999999773	trials	127	s127_J210711	grCe_grSu12Mi	9	270.0	8	914.768	915.068
915.085	0.8999999999999773	trials	127	s127_J210711	grCe_grSu18Fa	11	315.0	8	915.385	915.684
923.053	0.8999999999999773	trials	127	s127_J210711	coCe_grSu6Ne	17	180.0	8	923.353	923.652
923.653	0.8999999999999773	trials	127	s127_J210711	grCe_grSu12SmCiNe	13	225.0	8	923.953	924.252
924.253	0.8999999999999773	trials	127	s127_J210711	grCe_grSu6CiNe	15	180.0	8	924.553	924.852
933.629	0.8999999999999773	trials	127	s127_J210711	grCe_grSu12Mi	9	225.0	8	933.929	934.228
934.2370000000001	0.8999999999999773	trials	127	s127_J210711	grCe_grSu18Fa	11	270.0	8	934.537	934.837
934.837	0.8999999999999773	trials	127	s127_J210711	coCe	16	0.0	8	935.137	935.437
939.7130000000001	0.8999999999999773	trials	127	s127_J210711	grCe_grSu6Ne_PS	18	90.0	8	940.013	940.313
940.3130000000001	0.8999999999999773	trials	127	s127_J210711	grCe_grSu12SmCiNe_PS	21	135.0	8	940.613	940.913
940.922	0.8999999999999773	trials	127	s127_J210711	grCe_grSu3Ne	5	270.0	8	941.222	941.521
946.0310000000001	0.8999999999999773	trials	127	s127_J210711	grSu6Ne	6		8	946.331	946.63
946.6310000000001	0.8999999999999773	trials	127	s127_J210711	coCe_grSu6Ne	17	315.0	8	946.931	947.23
947.231	0.8999999999999773	trials	127	s127_J210711	grCe	1	180.0	8	947.531	947.83
952.956	0.8999999999999773	trials	127	s127_J210711	coCe_grSu6Ne	17	0.0	8	953.256	953.556
958.1400000000001	0.8999999999999773	trials	127	s127_J210711	grCe_grSu12Mi	9	180.0	8	958.44	958.74
963.249	0.8999999999999773	trials	127	s127_J210711	grCe	1	135.0	8	963.549	963.849
964.4830000000001	0.8999999999999773	trials	127	s127_J210711	grCe_grSu6CiNe_PS	19	270.0	8	964.783	965.082
969.9590000000001	0.8999999999999773	trials	127	s127_J210711	grCe_grSu12Mi	9	45.0	8	970.259	970.558
970.5590000000001	0.8999999999999773	trials	127	s127_J210711	grCe_grSu1Ne	3	225.0	8	970.859	971.158
976.643	0.8999999999999773	trials	127	s127_J210711	NoStim	0		8	976.943	977.242
977.2510000000001	0.8999999999999773	trials	127	s127_J210711	grCe_grSu3Ne	5	225.0	8	977.551	977.851
978.051	0.8999999999999773	trials	127	s127_J210711	grCe_grSu3Ne	5	0.0	8	978.351	978.651
983.5690000000001	0.8999999999999773	trials	127	s127_J210711	grCe_grSu6Ne	7	270.0	8	983.869	984.168
984.1690000000001	0.8999999999999773	trials	127	s127_J210711	grSu6CiNe	14		8	984.469	984.768
984.777	0.8999999999999773	trials	127	s127_J210711	grCe_grSu12SmCiNe	13	135.0	8	985.077	985.377
989.861	0.8999999999999773	trials	127	s127_J210711	coCe_grSu6Ne	17	270.0	8	990.161	990.461
990.461	0.8999999999999773	trials	127	s127_J210711	coCe	16	45.0	8	990.761	991.061
991.07	0.8999999999999773	trials	127	s127_J210711	grCe_grSu6Ne	7	315.0	8	991.37	991.669
996.1700000000001	0.8999999999999773	trials	127	s127_J210711	grCe_grSu1Ne	3	180.0	8	996.47	996.77
1000.363	0.8999999999999773	trials	127	s127_J210711	grCe	1	45.0	8	1000.663	1000.962
1000.971	0.8999999999999773	trials	127	s127_J210711	grCe_grSu18Fa	11	45.0	8	1001.271	1001.57
1005.9050000000001	0.8999999999999773	trials	127	s127_J210711	grCe_grSu12Mi	9	90.0	5	1006.205	1006.504
1006.505	0.8999999999999773	trials	127	s127_J210711	grSu12SmCiNe	12		5	1006.805	1007.105
1007.105	0.8999999999999773	trials	127	s127_J210711	grCe	1	315.0	5	1007.405	1007.705
1012.056	0.8999999999999773	trials	127	s127_J210711	grSu12Mi	8		5	1012.356	1012.655
1012.6560000000001	0.8999999999999773	trials	127	s127_J210711	coCe	16	45.0	5	1012.956	1013.255
1013.2560000000001	0.8999999999999773	trials	127	s127_J210711	grCe_grSu6Ne_PS	18	90.0	5	1013.556	1013.855
1018.5730000000001	0.8999999999999773	trials	127	s127_J210711	grSu6Ne	6		5	1018.873	1019.173
1019.173	0.8999999999999773	trials	127	s127_J210711	coCe	16	135.0	5	1019.473	1019.773
1019.773	0.8999999999999773	trials	127	s127_J210711	coCe	16	225.0	5	1020.073	1020.373
1025.2740000000001	0.8999999999998636	trials	127	s127_J210711	grCe	1	180.0	5	1025.574	1025.874
1025.883	0.8999999999998636	trials	127	s127_J210711	grCe_grSu18Fa	11	225.0	5	1026.183	1026.482
1031.4	0.8999999999998636	trials	127	s127_J210711	grCe_grSu6CiNe	15	180.0	5	1031.7	1031.999
1032.608	0.8999999999998636	trials	127	s127_J210711	grCe_grSu6CiNe	15	90.0	5	1032.908	1033.208
1037.742	0.8999999999998636	trials	127	s127_J210711	grCe	1	90.0	5	1038.042	1038.342
1045.1680000000001	0.8999999999998636	trials	127	s127_J210711	grCe_grSu12SmCiNe_PS	21	270.0	5	1045.468	1045.768
1045.768	0.8999999999998636	trials	127	s127_J210711	grCe_grSu3Ne	5	45.0	5	1046.068	1046.368
1046.377	0.8999999999998636	trials	127	s127_J210711	coCe_grSu6Ne	17	0.0	5	1046.677	1046.976
1051.7440000000001	0.8999999999998636	trials	127	s127_J210711	grCe_grSu12Mi	9	135.0	5	1052.044	1052.344
1055.778	0.8999999999998636	trials	127	s127_J210711	grCe_grSu18Fa	11	45.0	5	1056.078	1056.378
1062.029	0.8999999999998636	trials	127	s127_J210711	grCe_grSu6CiNe_PS	19	270.0	5	1062.329	1062.628
1062.6290000000001	0.8999999999998636	trials	127	s127_J210711	NoStim	0		5	1062.929	1063.228
1063.246	0.8999999999998636	trials	127	s127_J210711	coCe	16	270.0	5	1063.546	1063.845
1068.5800000000002	0.8999999999998636	trials	127	s127_J210711	grCe_grSu18Fa	11	180.0	5	1068.88	1069.179
1069.788	0.8999999999998636	trials	127	s127_J210711	grCe_grSu12SmCiNe	13	270.0	5	1070.088	1070.388
1075.0140000000001	0.8999999999998636	trials	127	s127_J210711	grCe_grSu12Mi	9	45.0	5	1075.314	1075.613
1075.6390000000001	0.8999999999998636	trials	127	s127_J210711	grCe_grSu18Fa	11	135.0	5	1075.939	1076.239
1076.256	0.8999999999998636	trials	127	s127_J210711	grCe_grSu6Ne_PS	18	315.0	5	1076.556	1076.855
1081.4650000000001	0.8999999999998636	trials	127	s127_J210711	grCe_grSu6Ne	7	45.0	5	1081.765	1082.064
1085.707	0.8999999999998636	trials	127	s127_J210711	grCe_grSu6Ne	7	135.0	5	1086.007	1086.306
1086.307	0.8999999999998636	trials	127	s127_J210711	coCe_grSu6Ne	17	225.0	5	1086.607	1086.907
1086.9070000000002	0.8999999999998636	trials	127	s127_J210711	grCe_grSu6CiNe	15	315.0	5	1087.207	1087.507
1091.941	0.8999999999998636	trials	127	s127_J210711	grCe_grSu6CiNe	15	135.0	5	1092.241	1092.541
1092.541	0.8999999999998636	trials	127	s127_J210711	grCe_grSu12SmCiNe_PS	21	0.0	5	1092.841	1093.141
1093.15	0.8999999999998636	trials	127	s127_J210711	grCe_grSu6CiNe	15	270.0	5	1093.45	1093.749
1099.059	0.8999999999998636	trials	127	s127_J210711	grCe_grSu12SmCiNe	13	0.0	5	1099.359	1099.658
1099.659	0.8999999999998636	trials	127	s127_J210711	grCe_grSu3Ne	5	135.0	5	1099.959	1100.258
1105.385	0.8999999999998636	trials	127	s127_J210711	grCe_grSu6CiNe	15	225.0	5	1105.685	1105.984
1105.993	0.8999999999998636	trials	127	s127_J210711	grCe_grSu1Ne	3	90.0	5	1106.293	1106.592
1110.919	0.8999999999998636	trials	127	s127_J210711	grCe	1	45.0	5	1111.219	1111.518
1111.519	0.8999999999998636	trials	127	s127_J210711	grCe_grSu6Ne_PS	18	180.0	5	1111.819	1112.118
1117.053	0.8999999999998636	trials	127	s127_J210711	grCe_grSu1Ne	3	135.0	5	1117.353	1117.652
1117.653	0.8999999999998636	trials	127	s127_J210711	grCe_grSu12SmCiNe	13	135.0	5	1117.953	1118.252
1118.27	0.8999999999998636	trials	127	s127_J210711	grCe_grSu18Fa	11	315.0	5	1118.57	1118.869
1127.346	0.8999999999998636	trials	127	s127_J210711	grCe_grSu12Mi	9	0.0	5	1127.646	1127.945
1127.954	0.8999999999998636	trials	127	s127_J210711	grCe_grSu3Ne	5	0.0	5	1128.254	1128.554
1133.088	0.8999999999998636	trials	127	s127_J210711	coCe	16	315.0	5	1133.388	1133.688
1134.288	0.8999999999998636	trials	127	s127_J210711	grCe_grSu6Ne	7	180.0	5	1134.588	1134.888
1147.79	0.8999999999998636	trials	127	s127_J210711	grCe_grSu12SmCiNe	13	225.0	5	1148.09	1148.39
1152.624	0.8999999999998636	trials	127	s127_J210711	grCe_grSu6Ne_PS	18	225.0	5	1152.924	1153.223
1160.242	0.8999999999998636	trials	127	s127_J210711	grCe_grSu12SmCiNe	13	315.0	5	1160.542	1160.841
1160.842	0.8999999999998636	trials	127	s127_J210711	coCe_grSu6Ne	17	90.0	5	1161.142	1161.441
1161.442	0.8999999999998636	trials	127	s127_J210711	grCe_grSu3Ne	5	180.0	5	1161.742	1162.041
1166.534	0.8999999999998636	trials	127	s127_J210711	grCe_grSu6CiNe_PS	19	180.0	5	1166.834	1167.134
1167.134	0.8999999999998636	trials	127	s127_J210711	grCe	1	270.0	5	1167.434	1167.734
1167.7340000000002	0.8999999999998636	trials	127	s127_J210711	grCe_grSu6CiNe_PS	19	45.0	5	1168.034	1168.334
1173.243	0.8999999999998636	trials	127	s127_J210711	coCe	16	0.0	5	1173.543	1173.843
1174.452	0.8999999999998636	trials	127	s127_J210711	grCe_grSu1Ne	3	270.0	5	1174.752	1175.051
1180.1280000000002	0.8999999999998636	trials	127	s127_J210711	grCe	1	0.0	5	1180.428	1180.727
1184.17	0.8999999999998636	trials	127	s127_J210711	grCe_grSu6CiNe	15	0.0	5	1184.47	1184.769
1184.77	0.8999999999998636	trials	127	s127_J210711	grCe_grSu12SmCiNe_PS	21	45.0	5	1185.07	1185.369
1189.862	0.8999999999998636	trials	127	s127_J210711	grCe_grSu12SmCiNe_PS	21	135.0	5	1190.162	1190.462
1190.462	0.8999999999998636	trials	127	s127_J210711	grCe_grSu12SmCiNe_PS	21	225.0	5	1190.762	1191.062
1191.0710000000001	0.8999999999998636	trials	127	s127_J210711	grCe_grSu3Ne	5	90.0	5	1191.371	1191.67
1196.288	0.8999999999998636	trials	127	s127_J210711	grCe_grSu6Ne	7	0.0	5	1196.588	1196.887
1196.8880000000001	0.8999999999998636	trials	127	s127_J210711	grCe_grSu6CiNe_PS	19	225.0	5	1197.188	1197.488
1197.488	0.8999999999998636	trials	127	s127_J210711	grCe_grSu6Ne_PS	18	45.0	5	1197.788	1198.088
1206.381	0.8999999999998636	trials	127	s127_J210711	grCe_grSu6CiNe_PS	19	0.0	5	1206.681	1206.98
1206.989	0.8999999999998636	trials	127	s127_J210711	grCe_grSu3Ne	5	225.0	5	1207.289	1207.589
1207.614	0.8999999999998636	trials	127	s127_J210711	grCe_grSu18Fa	11	0.0	5	1207.914	1208.214
1212.957	0.8999999999998636	trials	127	s127_J210711	grCe_grSu1Ne	3	0.0	5	1213.257	1213.556
1213.565	0.8999999999998636	trials	127	s127_J210711	coCe_grSu6Ne	17	180.0	5	1213.865	1214.165
1214.174	0.8999999999998636	trials	127	s127_J210711	grCe_grSu12Mi	9	270.0	5	1214.474	1214.773
1219.199	0.8999999999998636	trials	127	s127_J210711	grCe_grSu3Ne	5	270.0	5	1219.499	1219.799
1219.799	0.8999999999998636	trials	127	s127_J210711	grCe_grSu6Ne_PS	18	0.0	5	1220.099	1220.399
1220.3990000000001	0.8999999999998636	trials	127	s127_J210711	grCe_grSu12SmCiNe	13	90.0	5	1220.699	1220.999
1228.717	0.8999999999998636	trials	127	s127_J210711	grCe_grSu6CiNe_PS	19	90.0	5	1229.017	1229.317
1229.9260000000002	0.8999999999998636	trials	127	s127_J210711	grCe_grSu1Ne	3	315.0	5	1230.226	1230.525
1238.8690000000001	0.8999999999998636	trials	127	s127_J210711	grCe_grSu12SmCiNe_PS	21	180.0	5	1239.169	1239.468
1239.469	0.8999999999998636	trials	127	s127_J210711	coCe	16	180.0	5	1239.769	1240.068
1240.069	0.8999999999998636	trials	127	s127_J210711	grCe	1	135.0	5	1240.369	1240.668
1245.4360000000001	0.8999999999998636	trials	127	s127_J210711	grSu18Fa	10		5	1245.736	1246.036
1246.044	0.8999999999998636	trials	127	s127_J210711	grCe_grSu12Mi	9	225.0	5	1246.344	1246.644
1249.612	0.8999999999998636	trials	127	s127_J210711	grCe_grSu12Mi	9	315.0	5	1249.912	1250.211
1250.22	0.8999999999998636	trials	127	s127_J210711	coCe_grSu6Ne	17	45.0	5	1250.52	1250.819
1250.828	0.8999999999998636	trials	127	s127_J210711	grCe_grSu18Fa	11	90.0	5	1251.128	1251.428
1257.171	0.8999999999998636	trials	127	s127_J210711	grCe_grSu6Ne	7	315.0	5	1257.471	1257.77
1281.074	0.8999999999998636	trials	127	s127_J210711	coCe_grSu6Ne	17	270.0	5	1281.374	1281.673
1282.2820000000002	0.8999999999998636	trials	127	s127_J210711	grCe_grSu6Ne	7	225.0	5	1282.582	1282.882
1291.834	0.8999999999998636	trials	127	s127_J210711	grCe_grSu6Ne_PS	18	270.0	5	1292.134	1292.433
1293.067	0.8999999999998636	trials	127	s127_J210711	grCe_grSu12Mi	9	180.0	5	1293.367	1293.667
1299.01	0.8999999999998636	trials	127	s127_J210711	coCe	16	90.0	5	1299.31	1299.609
1317.9950000000001	0.8999999999998636	trials	127	s127_J210711	grCe_grSu1Ne	3	225.0	5	1318.295	1318.595
1318.637	0.8999999999998636	trials	127	s127_J210711	grCe_grSu6CiNe_PS	19	315.0	5	1318.937	1319.237
1325.4550000000002	0.8999999999998636	trials	127	s127_J210711	grCe_grSu1Ne	3	180.0	5	1325.755	1326.054
1326.055	0.8999999999998636	trials	127	s127_J210711	grSu3Ne	4		5	1326.355	1326.654
1343.507	0.8999999999998636	trials	127	s127_J210711	grCe	1	225.0	5	1343.807	1344.107
1344.707	0.8999999999998636	trials	127	s127_J210711	grCe_grSu1Ne	3	45.0	5	1345.007	1345.307
1349.925	0.8999999999998636	trials	127	s127_J210711	grCe_grSu6CiNe	15	45.0	5	1350.225	1350.524
1350.541	0.8999999999998636	trials	127	s127_J210711	grCe_grSu18Fa	11	270.0	5	1350.841	1351.141
1351.141	0.8999999999998636	trials	127	s127_J210711	grCe_grSu6CiNe_PS	19	135.0	5	1351.441	1351.741
1357.026	0.8999999999998636	trials	127	s127_J210711	coCe_grSu6Ne	17	315.0	5	1357.326	1357.625
1357.626	0.8999999999998636	trials	127	s127_J210711	coSu6Ne	20		5	1357.926	1358.225
1391.897	0.8999999999998636	trials	127	s127_J210711	grCe_grSu3Ne	5	315.0	5	1392.197	1392.496
1392.497	0.8999999999998636	trials	127	s127_J210711	grCe_grSu12SmCiNe_PS	21	315.0	5	1392.797	1393.096
1397.681	0.8999999999998636	trials	127	s127_J210711	coCe_grSu6Ne	17	135.0	5	1397.981	1398.28
1398.281	0.8999999999998636	trials	127	s127_J210711	grCe_grSu12SmCiNe	13	180.0	5	1398.581	1398.88
1398.881	0.8999999999998636	trials	127	s127_J210711	grCe_grSu12SmCiNe	13	45.0	5	1399.181	1399.48
1403.89	0.8999999999998636	trials	127	s127_J210711	grSu6CiNe	14		5	1404.19	1404.489
1404.49	0.8999999999998636	trials	127	s127_J210711	grCe_grSu12SmCiNe_PS	21	90.0	5	1404.79	1405.089
1405.0900000000001	0.8999999999998636	trials	127	s127_J210711	grSu1Ne	2		5	1405.39	1405.69
1410.124	0.8999999999998636	trials	127	s127_J210711	grCe_grSu6Ne	7	90.0	5	1410.424	1410.724
1410.757	0.8999999999998636	trials	127	s127_J210711	grCe_grSu6Ne	7	270.0	5	1411.057	1411.357
1411.358	0.8999999999998636	trials	127	s127_J210711	grCe_grSu6Ne_PS	18	135.0	5	1411.658	1411.957
1429.81	0.8999999999998636	trials	127	s127_J210711	grCe_grSu12SmCiNe_PS	21	180.0	3	1430.11	1430.409
1430.41	0.8999999999998636	trials	127	s127_J210711	coSu6Ne	20		3	1430.71	1431.01
1436.703	0.8999999999998636	trials	127	s127_J210711	grCe_grSu12SmCiNe	13	180.0	3	1437.003	1437.302
1437.3110000000001	0.8999999999998636	trials	127	s127_J210711	grCe_grSu12Mi	9	315.0	3	1437.611	1437.91
1442.303	0.8999999999998636	trials	127	s127_J210711	grSu12Mi	8		3	1442.603	1442.903
1442.903	0.8999999999998636	trials	127	s127_J210711	coCe_grSu6Ne	17	180.0	3	1443.203	1443.503
1446.637	0.8999999999998636	trials	127	s127_J210711	grCe_grSu6CiNe_PS	19	270.0	3	1446.937	1447.237
1447.237	0.8999999999998636	trials	127	s127_J210711	grCe_grSu6Ne	7	45.0	3	1447.537	1447.837
1447.846	0.8999999999998636	trials	127	s127_J210711	grCe_grSu18Fa	11	180.0	3	1448.146	1448.445
1453.463	0.8999999999998636	trials	127	s127_J210711	grCe_grSu6Ne	7	0.0	3	1453.763	1454.063
1454.0710000000001	0.8999999999998636	trials	127	s127_J210711	grCe_grSu18Fa	11	135.0	3	1454.371	1454.671
1459.005	0.8999999999998636	trials	127	s127_J210711	coCe	16	180.0	3	1459.305	1459.605
1459.605	0.8999999999998636	trials	127	s127_J210711	grCe_grSu12SmCiNe_PS	21	135.0	3	1459.905	1460.205
1463.3310000000001	0.8999999999998636	trials	127	s127_J210711	grCe_grSu3Ne	5	180.0	3	1463.631	1463.93
1464.531	0.8999999999998636	trials	127	s127_J210711	grCe_grSu6Ne_PS	18	270.0	3	1464.831	1465.131
1470.19	0.8999999999998636	trials	127	s127_J210711	grCe_grSu6CiNe_PS	19	135.0	3	1470.49	1470.79
1473.674	0.8999999999998636	trials	127	s127_J210711	grCe_grSu6Ne_PS	18	315.0	3	1473.974	1474.273
1474.874	0.8999999999998636	trials	127	s127_J210711	grCe_grSu3Ne	5	90.0	3	1475.174	1475.474
1479.941	0.8999999999998636	trials	127	s127_J210711	NoStim	0		3	1480.241	1480.541
1480.5420000000001	0.8999999999998636	trials	127	s127_J210711	grCe_grSu6CiNe_PS	19	225.0	3	1480.842	1481.141
1481.15	0.8999999999998636	trials	127	s127_J210711	grCe_grSu6Ne	7	225.0	3	1481.45	1481.749
1486.584	0.8999999999998636	trials	127	s127_J210711	grCe_grSu12Mi	9	225.0	3	1486.884	1487.183
1487.201	0.8999999999998636	trials	127	s127_J210711	grCe_grSu18Fa	11	0.0	3	1487.501	1487.8
1487.8010000000002	0.8999999999998636	trials	127	s127_J210711	grCe_grSu12SmCiNe	13	0.0	3	1488.101	1488.4
1492.901	0.8999999999998636	trials	127	s127_J210711	grCe_grSu6CiNe_PS	19	315.0	3	1493.201	1493.501
1493.502	0.8999999999998636	trials	127	s127_J210711	grCe_grSu6Ne_PS	18	45.0	3	1493.802	1494.101
1494.1100000000001	0.8999999999998636	trials	127	s127_J210711	grCe_grSu3Ne	5	45.0	3	1494.41	1494.709
1499.3690000000001	0.8999999999998636	trials	127	s127_J210711	grCe	1	225.0	3	1499.669	1499.968
1500.611	0.8999999999998636	trials	127	s127_J210711	grCe_grSu6Ne_PS	18	135.0	3	1500.911	1501.21
1505.703	0.8999999999998636	trials	127	s127_J210711	coCe	16	135.0	3	1506.003	1506.303
1506.303	0.8999999999998636	trials	127	s127_J210711	grSu3Ne	4		3	1506.603	1506.903
1506.912	0.8999999999998636	trials	127	s127_J210711	grCe_grSu12Mi	9	45.0	3	1507.212	1507.511
1520.613	0.8999999999998636	trials	127	s127_J210711	grCe_grSu18Fa	11	45.0	3	1520.913	1521.213
1521.23	0.8999999999998636	trials	127	s127_J210711	grCe_grSu6Ne	7	90.0	3	1521.53	1521.83
1526.3310000000001	0.8999999999998636	trials	127	s127_J210711	grCe_grSu6Ne	7	315.0	3	1526.631	1526.93
1526.948	0.8999999999998636	trials	127	s127_J210711	grCe_grSu18Fa	11	270.0	3	1527.248	1527.547
1527.556	0.8999999999998636	trials	127	s127_J210711	grCe_grSu1Ne	3	315.0	3	1527.856	1528.155
1532.673	0.8999999999998636	trials	127	s127_J210711	grCe_grSu12Mi	9	270.0	3	1532.973	1533.273
1533.2730000000001	0.8999999999998636	trials	127	s127_J210711	grCe_grSu1Ne	3	90.0	3	1533.573	1533.873
1539.232	0.8999999999998636	trials	127	s127_J210711	grCe_grSu12SmCiNe	13	225.0	3	1539.532	1539.832
1539.8410000000001	0.8999999999998636	trials	127	s127_J210711	grCe_grSu3Ne	5	315.0	3	1540.141	1540.44
1540.441	0.8999999999998636	trials	127	s127_J210711	grCe_grSu6Ne	7	270.0	3	1540.741	1541.04
1546.4080000000001	0.8999999999998636	trials	127	s127_J210711	grSu6Ne	6		3	1546.708	1547.008
1547.025	0.8999999999998636	trials	127	s127_J210711	coCe_grSu6Ne	17	270.0	3	1547.325	1547.625
1547.634	0.8999999999998636	trials	127	s127_J210711	grCe_grSu18Fa	11	90.0	3	1547.934	1548.233
1552.8590000000002	0.8999999999998636	trials	127	s127_J210711	grCe_grSu12SmCiNe	13	315.0	3	1553.159	1553.459
1556.693	0.8999999999998636	trials	127	s127_J210711	grCe_grSu6CiNe	15	90.0	3	1556.993	1557.293
1557.31	0.8999999999998636	trials	127	s127_J210711	coCe_grSu6Ne	17	90.0	3	1557.61	1557.909
1563.411	0.8999999999998636	trials	127	s127_J210711	grCe_grSu12SmCiNe_PS	21	270.0	3	1563.711	1564.01
1567.411	0.8999999999998636	trials	127	s127_J210711	grCe_grSu6CiNe_PS	19	0.0	3	1567.711	1568.011
1572.703	0.8999999999998636	trials	127	s127_J210711	grCe_grSu6Ne	7	180.0	3	1573.003	1573.303
1573.304	0.8999999999998636	trials	127	s127_J210711	grCe	1	45.0	3	1573.604	1573.903
1582.105	0.8999999999998636	trials	127	s127_J210711	grCe_grSu3Ne	5	135.0	3	1582.405	1582.704
1583.363	0.8999999999998636	trials	127	s127_J210711	grSu12SmCiNe	12		3	1583.663	1583.963
1588.406	0.8999999999998636	trials	127	s127_J210711	grCe_grSu6Ne_PS	18	180.0	3	1588.706	1589.005
1589.022	0.8999999999998636	trials	127	s127_J210711	grCe_grSu1Ne	3	45.0	3	1589.322	1589.622
1593.665	0.8999999999998636	trials	127	s127_J210711	grCe_grSu6Ne	7	135.0	3	1593.965	1594.264
1594.2730000000001	0.8999999999998636	trials	127	s127_J210711	grCe_grSu18Fa	11	315.0	3	1594.573	1594.872
1603.974	0.8999999999998636	trials	127	s127_J210711	grCe_grSu6CiNe	15	270.0	3	1604.274	1604.574
1604.574	0.8999999999998636	trials	127	s127_J210711	grCe_grSu6CiNe	15	45.0	3	1604.874	1605.174
1611.2250000000001	0.8999999999998636	trials	127	s127_J210711	coCe	16	270.0	3	1611.525	1611.825
1611.8500000000001	0.8999999999998636	trials	127	s127_J210711	grCe_grSu3Ne	5	225.0	3	1612.15	1612.45
1612.459	0.8999999999998636	trials	127	s127_J210711	coCe_grSu6Ne	17	0.0	3	1612.759	1613.058
1617.909	0.8999999999998636	trials	127	s127_J210711	grCe	1	90.0	3	1618.209	1618.509
1618.509	0.8999999999998636	trials	127	s127_J210711	grCe_grSu6Ne_PS	18	90.0	3	1618.809	1619.109
1619.1090000000002	0.8999999999998636	trials	127	s127_J210711	grCe	1	270.0	3	1619.409	1619.709
1624.068	0.8999999999998636	trials	127	s127_J210711	grCe_grSu12SmCiNe	13	270.0	3	1624.368	1624.668
1625.285	0.8999999999998636	trials	127	s127_J210711	grCe_grSu12Mi	9	135.0	3	1625.585	1625.885
1630.3110000000001	0.8999999999998636	trials	127	s127_J210711	grCe_grSu12SmCiNe_PS	21	225.0	3	1630.611	1630.91
1630.919	0.8999999999998636	trials	127	s127_J210711	grCe_grSu1Ne	3	135.0	3	1631.219	1631.519
1631.519	0.8999999999998636	trials	127	s127_J210711	grCe_grSu12SmCiNe	13	45.0	3	1631.819	1632.119
1636.428	0.8999999999998636	trials	127	s127_J210711	grCe_grSu12SmCiNe_PS	21	0.0	3	1636.728	1637.028
1640.904	0.8999999999998636	trials	127	s127_J210711	grCe_grSu12SmCiNe_PS	21	45.0	3	1641.204	1641.503
1650.2640000000001	0.8999999999998636	trials	127	s127_J210711	coCe_grSu6Ne	17	225.0	3	1650.564	1650.863
1650.864	0.8999999999998636	trials	127	s127_J210711	grCe_grSu6CiNe_PS	19	45.0	3	1651.164	1651.463
1651.464	0.8999999999998636	trials	127	s127_J210711	grSu6CiNe	14		3	1651.764	1652.063
1656.714	0.8999999999998636	trials	127	s127_J210711	grCe_grSu6CiNe	15	315.0	3	1657.014	1657.314
1657.314	0.8999999999998636	trials	127	s127_J210711	grCe_grSu12SmCiNe_PS	21	315.0	3	1657.614	1657.914
1657.915	0.8999999999998636	trials	127	s127_J210711	grCe_grSu12SmCiNe	13	90.0	3	1658.215	1658.514
1663.049	0.8999999999998636	trials	127	s127_J210711	grSu18Fa	10		3	1663.349	1663.648
1663.6490000000001	0.8999999999998636	trials	127	s127_J210711	grCe_grSu3Ne	5	270.0	3	1663.949	1664.248
1667.874	0.8999999999998636	trials	127	s127_J210711	coCe_grSu6Ne	17	45.0	3	1668.174	1668.474
1668.474	0.8999999999998636	trials	127	s127_J210711	grCe	1	180.0	3	1668.774	1669.074
1669.083	0.8999999999998636	trials	127	s127_J210711	grCe_grSu18Fa	11	225.0	3	1669.383	1669.682
1674.133	0.8999999999998636	trials	127	s127_J210711	grCe	1	135.0	3	1674.433	1674.733
1674.733	0.8999999999998636	trials	127	s127_J210711	grCe_grSu1Ne	3	0.0	3	1675.033	1675.333
1675.333	0.8999999999998636	trials	127	s127_J210711	coCe	16	225.0	3	1675.633	1675.933
1680.392	0.8999999999998636	trials	127	s127_J210711	coCe_grSu6Ne	17	135.0	3	1680.692	1680.992
1680.993	0.8999999999998636	trials	127	s127_J210711	grCe	1	0.0	3	1681.293	1681.592
1681.593	0.8999999999998636	trials	127	s127_J210711	coCe_grSu6Ne	17	315.0	3	1681.893	1682.192
1686.652	0.8999999999998636	trials	127	s127_J210711	coCe	16	90.0	3	1686.952	1687.251
1693.102	0.8999999999998636	trials	127	s127_J210711	grCe_grSu6CiNe_PS	19	90.0	3	1693.402	1693.702
1694.303	0.8999999999998636	trials	127	s127_J210711	grCe_grSu1Ne	3	225.0	3	1694.603	1694.902
1699.395	0.8999999999998636	trials	127	s127_J210711	grCe	1	315.0	3	1699.695	1699.994
1704.137	0.8999999999998636	trials	127	s127_J210711	grCe_grSu6CiNe	15	0.0	3	1704.437	1704.737
1711.146	0.8999999999998636	trials	127	s127_J210711	grCe_grSu6Ne_PS	18	0.0	3	1711.446	1711.746
1711.747	0.8999999999998636	trials	127	s127_J210711	grCe_grSu6CiNe	15	135.0	3	1712.047	1712.346
1712.355	0.8999999999998636	trials	127	s127_J210711	grCe_grSu1Ne	3	180.0	3	1712.655	1712.954
1728.307	0.8999999999998636	trials	127	s127_J210711	grCe_grSu6CiNe	15	225.0	3	1728.607	1728.906
1729.507	0.8999999999998636	trials	127	s127_J210711	grCe_grSu6Ne_PS	18	225.0	3	1729.807	1730.107
1734.608	0.8999999999998636	trials	127	s127_J210711	grCe_grSu12Mi	9	180.0	3	1734.908	1735.207
1735.208	0.8999999999998636	trials	127	s127_J210711	coCe	16	0.0	3	1735.508	1735.807
1735.808	0.8999999999998636	trials	127	s127_J210711	grSu1Ne	2		3	1736.108	1736.407
1740.842	0.8999999999998636	trials	127	s127_J210711	coCe	16	315.0	3	1741.142	1741.441
1741.442	0.8999999999998636	trials	127	s127_J210711	grCe_grSu12SmCiNe_PS	21	90.0	3	1741.742	1742.042
1742.0420000000001	0.8999999999998636	trials	127	s127_J210711	grCe_grSu12SmCiNe	13	135.0	3	1742.342	1742.642
1747.084	0.8999999999998636	trials	127	s127_J210711	grCe_grSu6CiNe	15	180.0	3	1747.384	1747.684
1747.685	0.8999999999998636	trials	127	s127_J210711	grCe_grSu1Ne	3	270.0	3	1747.985	1748.284
1748.2930000000001	0.8999999999998636	trials	127	s127_J210711	grCe_grSu12Mi	9	90.0	3	1748.593	1748.892
1753.269	0.8999999999998636	trials	127	s127_J210711	grCe_grSu12Mi	9	0.0	3	1753.569	1753.868
1753.8690000000001	0.8999999999998636	trials	127	s127_J210711	grCe_grSu6CiNe_PS	19	180.0	3	1754.169	1754.468
1754.469	0.8999999999998636	trials	127	s127_J210711	grCe_grSu3Ne	5	0.0	3	1754.769	1755.068
1760.278	0.8999999999998636	trials	127	s127_J210711	coCe	16	45.0	3	1760.578	1760.877
1760.8780000000002	0.8999999999998636	trials	127	s127_J210711	grCe_grSu6Ne_PS	18	180.0	2	1761.178	1761.477
1761.478	0.8999999999998636	trials	127	s127_J210711	grCe	1	180.0	2	1761.778	1762.077
1770.296	0.8999999999998636	trials	127	s127_J210711	grCe_grSu12SmCiNe	13	180.0	2	1770.596	1770.895
1774.546	0.8999999999998636	trials	127	s127_J210711	grSu6Ne	6		2	1774.846	1775.146
1775.93	0.8999999999998636	trials	127	s127_J210711	grCe_grSu18Fa	11	225.0	2	1776.23	1776.529
1781.431	0.8999999999998636	trials	127	s127_J210711	grCe_grSu6Ne	7	0.0	2	1781.731	1782.03
1782.031	0.8999999999998636	trials	127	s127_J210711	coCe	16	315.0	2	1782.331	1782.63
1782.631	0.8999999999998636	trials	127	s127_J210711	grCe_grSu3Ne	5	225.0	2	1782.931	1783.23
1789.2730000000001	0.8999999999998636	trials	127	s127_J210711	grCe	1	135.0	2	1789.573	1789.873
1789.882	0.8999999999998636	trials	127	s127_J210711	grCe_grSu6CiNe	15	90.0	2	1790.182	1790.481
1790.482	0.8999999999998636	trials	127	s127_J210711	coCe	16	135.0	2	1790.782	1791.081
1796.433	0.8999999999998636	trials	127	s127_J210711	grCe_grSu6CiNe_PS	19	270.0	2	1796.733	1797.032
1797.0330000000001	0.8999999999998636	trials	127	s127_J210711	coCe_grSu6Ne	17	225.0	2	1797.333	1797.632
1797.641	0.8999999999998636	trials	127	s127_J210711	grCe_grSu1Ne	3	225.0	2	1797.941	1798.24
1803.217	0.8999999999998636	trials	127	s127_J210711	grCe_grSu12SmCiNe_PS	21	270.0	2	1803.517	1803.816
1803.825	0.8999999999998636	trials	127	s127_J210711	grCe_grSu3Ne	5	135.0	2	1804.125	1804.425
1804.425	0.8999999999998636	trials	127	s127_J210711	grSu3Ne	4		2	1804.725	1805.025
1812.76	0.8999999999998636	trials	127	s127_J210711	coCe	16	180.0	2	1813.06	1813.359
1813.96	0.8999999999998636	trials	127	s127_J210711	grCe_grSu12SmCiNe_PS	21	225.0	2	1814.26	1814.559
1818.9270000000001	0.8999999999998636	trials	127	s127_J210711	grCe_grSu1Ne	3	270.0	2	1819.227	1819.527
1819.527	0.8999999999998636	trials	127	s127_J210711	grCe_grSu6CiNe	15	270.0	2	1819.827	1820.127
1820.127	0.8999999999998636	trials	127	s127_J210711	grSu6CiNe	14		2	1820.427	1820.727
1825.195	0.8999999999998636	trials	127	s127_J210711	grSu18Fa	10		2	1825.495	1825.794
1825.8110000000001	0.8999999999998636	trials	127	s127_J210711	grCe_grSu12SmCiNe	13	45.0	2	1826.111	1826.411
1830.3120000000001	0.8999999999998636	trials	127	s127_J210711	grCe_grSu12SmCiNe_PS	21	45.0	2	1830.612	1830.911
1830.912	0.8999999999998636	trials	127	s127_J210711	grCe_grSu6CiNe_PS	19	135.0	2	1831.212	1831.511
1836.5710000000001	0.8999999999998636	trials	127	s127_J210711	grCe_grSu6Ne	7	225.0	2	1836.871	1837.171
1843.4470000000001	0.8999999999998636	trials	127	s127_J210711	grCe	1	270.0	2	1843.747	1844.046
1849.2640000000001	0.8999999999998636	trials	127	s127_J210711	grSu1Ne	2		2	1849.564	1849.864
1849.881	0.8999999999998636	trials	127	s127_J210711	grCe_grSu18Fa	11	0.0	2	1850.181	1850.481
1850.49	0.8999999999998636	trials	127	s127_J210711	grCe_grSu12Mi	9	270.0	2	1850.79	1851.089
1856.265	0.8999999999998636	trials	127	s127_J210711	grCe_grSu12SmCiNe_PS	21	90.0	2	1856.565	1856.865
1856.865	0.8999999999998636	trials	127	s127_J210711	grCe	1	315.0	2	1857.165	1857.465
1861.791	0.8999999999998636	trials	127	s127_J210711	grCe_grSu6CiNe	15	225.0	2	1862.091	1862.39
1865.3	0.8999999999998636	trials	127	s127_J210711	coCe	16	90.0	2	1865.6	1865.899
1865.9	0.8999999999998636	trials	127	s127_J210711	grCe_grSu1Ne	3	90.0	2	1866.2	1866.499
1866.5	0.8999999999998636	trials	127	s127_J210711	grCe_grSu12SmCiNe_PS	21	135.0	2	1866.8	1867.099
1872.4170000000001	0.8999999999998636	trials	127	s127_J210711	coCe_grSu6Ne	17	0.0	2	1872.717	1873.017
1873.0420000000001	0.8999999999998636	trials	127	s127_J210711	grCe_grSu12Mi	9	315.0	2	1873.342	1873.642
1878.3600000000001	0.8999999999998636	trials	127	s127_J210711	grCe_grSu12SmCiNe	13	315.0	2	1878.66	1878.959
1886.219	0.8999999999998636	trials	127	s127_J210711	grCe_grSu1Ne	3	135.0	2	1886.519	1886.819
1886.819	0.8999999999998636	trials	127	s127_J210711	grCe_grSu6CiNe_PS	19	90.0	2	1887.119	1887.419
1892.387	0.8999999999998636	trials	127	s127_J210711	grCe_grSu12SmCiNe	13	135.0	2	1892.687	1892.986
1892.987	0.8999999999998636	trials	127	s127_J210711	NoStim	0		2	1893.287	1893.586
1893.595	0.8999999999998636	trials	127	s127_J210711	coCe_grSu6Ne	17	45.0	2	1893.895	1894.195
1901.7630000000001	0.8999999999998636	trials	127	s127_J210711	grCe_grSu12Mi	9	225.0	2	1902.063	1902.362
1902.396	0.8999999999998636	trials	127	s127_J210711	grCe_grSu6Ne	7	90.0	2	1902.696	1902.996
1902.996	0.8999999999998636	trials	127	s127_J210711	grCe_grSu12SmCiNe	13	90.0	2	1903.296	1903.596
1911.222	0.8999999999998636	trials	127	s127_J210711	grCe_grSu6CiNe_PS	19	0.0	2	1911.522	1911.822
1911.8310000000001	0.8999999999998636	trials	127	s127_J210711	coCe_grSu6Ne	17	180.0	2	1912.131	1912.43
1919.0320000000002	0.8999999999998636	trials	127	s127_J210711	coCe_grSu6Ne	17	90.0	2	1919.332	1919.631
1919.6480000000001	0.8999999999998636	trials	127	s127_J210711	grCe_grSu18Fa	11	135.0	2	1919.948	1920.248
1920.249	0.8999999999998636	trials	127	s127_J210711	grCe_grSu6CiNe_PS	19	180.0	2	1920.549	1920.848
1940.018	0.8999999999998636	trials	127	s127_J210711	grCe_grSu6Ne_PS	18	270.0	2	1940.318	1940.617
1940.643	0.8999999999998636	trials	127	s127_J210711	grCe_grSu6Ne	7	180.0	2	1940.943	1941.242
1941.276	0.8999999999998636	trials	127	s127_J210711	coCe	16	45.0	2	1941.576	1941.876
1969.3880000000001	0.8999999999998636	trials	127	s127_J210711	grCe_grSu12Mi	9	135.0	2	1969.688	1969.988
1969.988	0.8999999999998636	trials	127	s127_J210711	grCe_grSu12SmCiNe	13	270.0	2	1970.288	1970.588
1970.588	0.8999999999998636	trials	127	s127_J210711	grCe	1	225.0	2	1970.888	1971.188
1976.214	0.8999999999998636	trials	127	s127_J210711	grCe_grSu12Mi	9	0.0	2	1976.514	1976.814
1976.814	0.8999999999998636	trials	127	s127_J210711	coSu6Ne	20		2	1977.114	1977.414
1981.94	0.8999999999998636	trials	127	s127_J210711	grCe_grSu18Fa	11	180.0	2	1982.24	1982.539
1982.548	0.8999999999998636	trials	127	s127_J210711	grCe_grSu6CiNe	15	315.0	2	1982.848	1983.148
1983.1480000000001	0.8999999999998636	trials	127	s127_J210711	grCe_grSu3Ne	5	90.0	2	1983.448	1983.748
1990.191	0.8999999999998636	trials	127	s127_J210711	grCe_grSu6Ne_PS	18	45.0	2	1990.491	1990.79
1990.791	0.8999999999998636	trials	127	s127_J210711	grCe_grSu3Ne	5	315.0	2	1991.091	1991.391
2024.487	0.8999999999998636	trials	127	s127_J210711	grCe_grSu18Fa	11	270.0	2	2024.787	2025.087
2025.087	0.8999999999998636	trials	127	s127_J210711	grCe_grSu6Ne_PS	18	135.0	2	2025.387	2025.687
2029.954	0.8999999999998636	trials	127	s127_J210711	grCe_grSu6Ne_PS	18	225.0	2	2030.254	2030.554
2031.163	0.8999999999998636	trials	127	s127_J210711	grCe_grSu12SmCiNe_PS	21	0.0	2	2031.463	2031.762
2036.114	0.8999999999998636	trials	127	s127_J210711	coCe	16	270.0	2	2036.414	2036.713
2036.714	0.8999999999998636	trials	127	s127_J210711	grCe_grSu1Ne	3	180.0	2	2037.014	2037.313
2042.339	0.8999999999998636	trials	127	s127_J210711	grCe_grSu3Ne	5	270.0	2	2042.639	2042.939
2042.948	0.8999999999998636	trials	127	s127_J210711	grCe_grSu12Mi	9	180.0	2	2043.248	2043.547
2043.548	0.8999999999998636	trials	127	s127_J210711	coCe_grSu6Ne	17	270.0	2	2043.848	2044.147
2048.79	0.900000000000091	trials	127	s127_J210711	grCe	1	90.0	2	2049.09	2049.39
2049.39	0.900000000000091	trials	127	s127_J210711	grSu12SmCiNe	12		2	2049.69	2049.99
2049.99	0.900000000000091	trials	127	s127_J210711	grCe_grSu6CiNe	15	180.0	2	2050.29	2050.59
2055.649	0.900000000000091	trials	127	s127_J210711	grCe_grSu6CiNe	15	0.0	2	2055.949	2056.249
2056.258	0.900000000000091	trials	127	s127_J210711	grCe_grSu18Fa	11	90.0	2	2056.558	2056.857
2056.866	0.900000000000091	trials	127	s127_J210711	grCe_grSu6CiNe	15	135.0	2	2057.166	2057.466
2063.4249999999997	0.900000000000091	trials	127	s127_J210711	grCe_grSu12SmCiNe_PS	21	315.0	2	2063.725	2064.025
2068.3179999999998	0.900000000000091	trials	127	s127_J210711	grCe_grSu6Ne	7	135.0	2	2068.618	2068.917
2068.926	0.900000000000091	trials	127	s127_J210711	grCe_grSu6Ne	7	315.0	2	2069.226	2069.526
2069.535	0.900000000000091	trials	127	s127_J210711	grCe_grSu12Mi	9	90.0	2	2069.835	2070.134
2083.0449999999996	0.900000000000091	trials	127	s127_J210711	grCe	1	45.0	2	2083.345	2083.644
2083.6609999999996	0.900000000000091	trials	127	s127_J210711	grCe_grSu3Ne	5	45.0	2	2083.961	2084.261
2089.104	0.900000000000091	trials	127	s127_J210711	grCe_grSu12SmCiNe	13	0.0	2	2089.404	2089.703
2089.712	0.900000000000091	trials	127	s127_J210711	grCe_grSu1Ne	3	315.0	2	2090.012	2090.312
2095.913	0.900000000000091	trials	127	s127_J210711	grCe_grSu1Ne	3	45.0	2	2096.213	2096.513
2096.5209999999997	0.900000000000091	trials	127	s127_J210711	grCe_grSu18Fa	11	45.0	2	2096.821	2097.121
2101.797	0.900000000000091	trials	127	s127_J210711	grCe_grSu6CiNe_PS	19	225.0	2	2102.097	2102.397
2105.473	0.900000000000091	trials	127	s127_J210711	grCe_grSu1Ne	3	0.0	2	2105.773	2106.072
2106.073	0.900000000000091	trials	127	s127_J210711	grCe_grSu6Ne	7	45.0	2	2106.373	2106.672
2106.673	0.900000000000091	trials	127	s127_J210711	grCe_grSu6CiNe	15	45.0	2	2106.973	2107.272
2112.198	0.900000000000091	trials	127	s127_J210711	coCe	16	0.0	2	2112.498	2112.798
2119.4739999999997	0.900000000000091	trials	127	s127_J210711	grCe_grSu6CiNe_PS	19	45.0	2	2119.774	2120.074
2120.0739999999996	0.900000000000091	trials	127	s127_J210711	coCe_grSu6Ne	17	135.0	2	2120.374	2120.674
2120.6749999999997	0.900000000000091	trials	127	s127_J210711	grCe_grSu3Ne	5	0.0	2	2120.975	2121.274
2129.234	0.900000000000091	trials	127	s127_J210711	grCe_grSu6Ne_PS	18	315.0	2	2129.534	2129.834
2129.8419999999996	0.900000000000091	trials	127	s127_J210711	grSu12Mi	8		2	2130.142	2130.442
2130.451	0.900000000000091	trials	127	s127_J210711	coCe_grSu6Ne	17	315.0	2	2130.751	2131.05
2135.493	0.900000000000091	trials	127	s127_J210711	grCe_grSu18Fa	11	315.0	2	2135.793	2136.093
2136.102	0.900000000000091	trials	127	s127_J210711	grCe_grSu6Ne	7	270.0	2	2136.402	2136.701
2136.7019999999998	0.900000000000091	trials	127	s127_J210711	grCe_grSu12SmCiNe	13	225.0	2	2137.002	2137.301
2141.9939999999997	0.900000000000091	trials	127	s127_J210711	grCe_grSu12Mi	9	45.0	2	2142.294	2142.593
2142.5939999999996	0.900000000000091	trials	127	s127_J210711	coCe	16	225.0	2	2142.894	2143.194
2143.194	0.900000000000091	trials	127	s127_J210711	grCe_grSu12SmCiNe_PS	21	180.0	2	2143.494	2143.794
2149.4199999999996	0.900000000000091	trials	127	s127_J210711	grCe_grSu6CiNe_PS	19	315.0	2	2149.72	2150.019
2150.645	0.900000000000091	trials	127	s127_J210711	grCe	1	0.0	2	2150.945	2151.245
2155.962	0.900000000000091	trials	127	s127_J210711	grCe_grSu3Ne	5	180.0	2	2156.262	2156.562
2156.5629999999996	0.900000000000091	trials	127	s127_J210711	grCe_grSu6Ne_PS	18	0.0	2	2156.863	2157.162
2166.022	0.900000000000091	trials	127	s127_J210711	grCe_grSu6Ne_PS	18	90.0	2	2166.322	2166.622
2166.622	0.900000000000091	trials	127	s127_J210711	coCe	16	315.0	9	2166.922	2167.222
2167.2219999999998	0.900000000000091	trials	127	s127_J210711	grCe_grSu1Ne	3	225.0	9	2167.522	2167.822
2173.0899999999997	0.900000000000091	trials	127	s127_J210711	coCe	16	180.0	9	2173.39	2173.689
2173.6899999999996	0.900000000000091	trials	127	s127_J210711	grCe_grSu12SmCiNe_PS	21	0.0	9	2173.99	2174.289
2174.332	0.900000000000091	trials	127	s127_J210711	coCe_grSu6Ne	17	45.0	9	2174.632	2174.931
2179.7659999999996	0.900000000000091	trials	127	s127_J210711	grCe_grSu12Mi	9	225.0	9	2180.066	2180.365
2180.374	0.900000000000091	trials	127	s127_J210711	grCe_grSu12Mi	9	135.0	9	2180.674	2180.973
2180.982	0.900000000000091	trials	127	s127_J210711	grCe_grSu1Ne	3	0.0	9	2181.282	2181.582
2189.767	0.900000000000091	trials	127	s127_J210711	grCe_grSu6CiNe	15	270.0	9	2190.067	2190.366
2194.834	0.900000000000091	trials	127	s127_J210711	grCe_grSu18Fa	11	225.0	9	2195.134	2195.434
2195.4429999999998	0.900000000000091	trials	127	s127_J210711	grSu12Mi	8		9	2195.743	2196.042
2196.051	0.900000000000091	trials	127	s127_J210711	grCe_grSu12SmCiNe	13	270.0	9	2196.351	2196.651
2204.435	0.900000000000091	trials	127	s127_J210711	grCe_grSu3Ne	5	45.0	9	2204.735	2205.035
2205.044	0.900000000000091	trials	127	s127_J210711	grCe_grSu6Ne	7	45.0	9	2205.344	2205.643
2205.644	0.900000000000091	trials	127	s127_J210711	grCe_grSu6Ne_PS	18	180.0	9	2205.944	2206.243
2211.2949999999996	0.900000000000091	trials	127	s127_J210711	grCe_grSu3Ne	5	180.0	9	2211.595	2211.894
2211.903	0.900000000000091	trials	127	s127_J210711	grCe_grSu18Fa	11	90.0	9	2212.203	2212.503
2216.962	0.900000000000091	trials	127	s127_J210711	grCe_grSu18Fa	11	135.0	9	2217.262	2217.562
2217.5699999999997	0.900000000000091	trials	127	s127_J210711	grCe_grSu12SmCiNe	13	45.0	9	2217.87	2218.17
2218.171	0.900000000000091	trials	127	s127_J210711	grCe_grSu6CiNe_PS	19	315.0	9	2218.471	2218.77
2223.98	0.900000000000091	trials	127	s127_J210711	grCe_grSu3Ne	5	315.0	9	2224.28	2224.579
2224.58	0.900000000000091	trials	127	s127_J210711	grCe_grSu12SmCiNe_PS	21	90.0	9	2224.88	2225.179
2229.647	0.900000000000091	trials	127	s127_J210711	grSu18Fa	10		9	2229.947	2230.247
2233.598	0.900000000000091	trials	127	s127_J210711	grCe_grSu1Ne	3	270.0	9	2233.898	2234.197
2237.3729999999996	0.900000000000091	trials	127	s127_J210711	coCe	16	45.0	9	2237.673	2237.973
2238.181	0.900000000000091	trials	127	s127_J210711	grCe_grSu6Ne	7	180.0	9	2238.481	2238.781
2238.7819999999997	0.900000000000091	trials	127	s127_J210711	grCe_grSu6CiNe	15	225.0	9	2239.082	2239.381
2244.0409999999997	0.900000000000091	trials	127	s127_J210711	coCe	16	135.0	9	2244.341	2244.64
2244.649	0.900000000000091	trials	127	s127_J210711	grCe_grSu18Fa	11	270.0	9	2244.949	2245.248
2245.2569999999996	0.900000000000091	trials	127	s127_J210711	grCe_grSu1Ne	3	90.0	9	2245.557	2245.857
2253.8999999999996	0.900000000000091	trials	127	s127_J210711	grCe_grSu12SmCiNe_PS	21	180.0	9	2254.2	2254.5
2254.5	0.900000000000091	trials	127	s127_J210711	grCe_grSu6CiNe	15	45.0	9	2254.8	2255.1
2255.109	0.900000000000091	trials	127	s127_J210711	grCe_grSu18Fa	11	180.0	9	2255.409	2255.708
2260.3509999999997	0.900000000000091	trials	127	s127_J210711	grCe_grSu6CiNe	15	90.0	9	2260.651	2260.951
2260.959	0.900000000000091	trials	127	s127_J210711	coCe_grSu6Ne	17	270.0	9	2261.259	2261.559
2261.56	0.900000000000091	trials	127	s127_J210711	grCe_grSu6Ne_PS	18	90.0	9	2261.86	2262.159
2266.535	0.900000000000091	trials	127	s127_J210711	grCe_grSu6Ne	7	315.0	9	2266.835	2267.135
2267.1349999999998	0.900000000000091	trials	127	s127_J210711	grCe_grSu6CiNe	15	135.0	9	2267.435	2267.735
2267.7349999999997	0.900000000000091	trials	127	s127_J210711	grCe_grSu1Ne	3	315.0	9	2268.035	2268.335
2273.3109999999997	0.900000000000091	trials	127	s127_J210711	grCe_grSu6Ne	7	225.0	9	2273.611	2273.911
2273.9109999999996	0.900000000000091	trials	127	s127_J210711	coCe_grSu6Ne	17	315.0	9	2274.211	2274.511
2281.97	0.900000000000091	trials	127	s127_J210711	grCe_grSu6Ne_PS	18	315.0	9	2282.27	2282.57
2282.571	0.900000000000091	trials	127	s127_J210711	grCe	1	225.0	9	2282.871	2283.17
2289.555	0.900000000000091	trials	127	s127_J210711	grSu6CiNe	14		9	2289.855	2290.154
2290.163	0.900000000000091	trials	127	s127_J210711	grCe_grSu12Mi	9	180.0	9	2290.463	2290.763
2290.763	0.900000000000091	trials	127	s127_J210711	coCe_grSu6Ne	17	225.0	9	2291.063	2291.363
2296.006	0.900000000000091	trials	127	s127_J210711	grCe_grSu12SmCiNe	13	135.0	9	2296.306	2296.605
2296.614	0.900000000000091	trials	127	s127_J210711	grCe_grSu3Ne	5	0.0	9	2296.914	2297.214
2297.214	0.900000000000091	trials	127	s127_J210711	coCe_grSu6Ne	17	0.0	9	2297.514	2297.814
2309.999	0.900000000000091	trials	127	s127_J210711	grCe_grSu12Mi	9	45.0	9	2310.299	2310.599
2310.5989999999997	0.900000000000091	trials	127	s127_J210711	grSu1Ne	2		9	2310.899	2311.199
2311.1989999999996	0.900000000000091	trials	127	s127_J210711	grCe	1	135.0	9	2311.499	2311.799
2317.567	0.900000000000091	trials	127	s127_J210711	grCe_grSu12SmCiNe	13	90.0	9	2317.867	2318.166
2318.792	0.900000000000091	trials	127	s127_J210711	grCe_grSu6Ne_PS	18	45.0	9	2319.092	2319.391
2323.709	0.900000000000091	trials	127	s127_J210711	grCe_grSu3Ne	5	270.0	9	2324.009	2324.309
2324.3089999999997	0.900000000000091	trials	127	s127_J210711	grCe_grSu12SmCiNe_PS	21	270.0	9	2324.609	2324.909
2329.9429999999998	0.900000000000091	trials	127	s127_J210711	grCe_grSu6CiNe_PS	19	45.0	9	2330.243	2330.543
2330.5429999999997	0.900000000000091	trials	127	s127_J210711	grSu6Ne	6		9	2330.843	2331.143
2331.144	0.900000000000091	trials	127	s127_J210711	grCe_grSu12SmCiNe_PS	21	45.0	9	2331.444	2331.743
2336.428	0.900000000000091	trials	127	s127_J210711	grCe_grSu6Ne_PS	18	270.0	9	2336.728	2337.027
2337.636	0.900000000000091	trials	127	s127_J210711	grCe_grSu12Mi	9	315.0	9	2337.936	2338.236
2342.703	0.900000000000091	trials	127	s127_J210711	grCe_grSu3Ne	5	225.0	9	2343.003	2343.303
2343.912	0.900000000000091	trials	127	s127_J210711	grCe_grSu18Fa	11	0.0	9	2344.212	2344.511
2352.1459999999997	0.900000000000091	trials	127	s127_J210711	grCe_grSu6CiNe	15	315.0	9	2352.446	2352.746
2352.7549999999997	0.900000000000091	trials	127	s127_J210711	grCe_grSu18Fa	11	45.0	9	2353.055	2353.354
2359.122	0.900000000000091	trials	127	s127_J210711	grCe_grSu6CiNe_PS	19	90.0	9	2359.422	2359.722
2359.7219999999998	0.900000000000091	trials	127	s127_J210711	coCe	16	0.0	9	2360.022	2360.322
2365.3309999999997	0.900000000000091	trials	127	s127_J210711	coCe_grSu6Ne	17	135.0	9	2365.631	2365.931
2365.931	0.900000000000091	trials	127	s127_J210711	coCe	16	225.0	9	2366.231	2366.531
2371.0649999999996	0.900000000000091	trials	127	s127_J210711	grCe_grSu6CiNe	15	0.0	9	2371.365	2371.665
2371.665	0.900000000000091	trials	127	s127_J210711	grCe_grSu6CiNe_PS	19	270.0	9	2371.965	2372.265
2372.2659999999996	0.900000000000091	trials	127	s127_J210711	grCe_grSu12SmCiNe_PS	21	135.0	9	2372.566	2372.865
2377.3579999999997	0.900000000000091	trials	127	s127_J210711	grCe_grSu12Mi	9	270.0	9	2377.658	2377.957
2378.558	0.900000000000091	trials	127	s127_J210711	coSu6Ne	20		9	2378.858	2379.158
2383.6499999999996	0.900000000000091	trials	127	s127_J210711	grCe	1	45.0	9	2383.95	2384.25
2384.25	0.900000000000091	trials	127	s127_J210711	grCe_grSu6CiNe_PS	19	225.0	9	2384.55	2384.85
2396.1189999999997	0.900000000000091	trials	127	s127_J210711	grCe_grSu12Mi	9	0.0	9	2396.419	2396.718
2396.7189999999996	0.900000000000091	trials	127	s127_J210711	NoStim	0		9	2397.019	2397.318
2397.319	0.900000000000091	trials	127	s127_J210711	grCe_grSu12SmCiNe	13	315.0	9	2397.619	2397.918
2402.953	0.900000000000091	trials	127	s127_J210711	grCe_grSu12SmCiNe_PS	21	225.0	9	2403.253	2403.552
2403.553	0.900000000000091	trials	127	s127_J210711	grCe_grSu6Ne_PS	18	135.0	9	2403.853	2404.152
2408.6789999999996	0.900000000000091	trials	127	s127_J210711	grCe_grSu18Fa	11	315.0	9	2408.979	2409.278
2409.287	0.900000000000091	trials	127	s127_J210711	grCe_grSu6Ne	7	0.0	9	2409.587	2409.887
2416.305	0.900000000000091	trials	127	s127_J210711	grCe	1	270.0	9	2416.605	2416.904
2424.689	0.900000000000091	trials	127	s127_J210711	grCe_grSu12Mi	9	90.0	9	2424.989	2425.288
2448.5499999999997	0.900000000000091	trials	127	s127_J210711	grCe_grSu12SmCiNe	13	225.0	9	2448.85	2449.15
2449.151	0.900000000000091	trials	127	s127_J210711	grCe	1	315.0	9	2449.451	2449.75
2449.7509999999997	0.900000000000091	trials	127	s127_J210711	grCe_grSu12SmCiNe	13	0.0	9	2450.051	2450.35
2455.5009999999997	0.900000000000091	trials	127	s127_J210711	grCe_grSu1Ne	3	135.0	9	2455.801	2456.101
2456.1009999999997	0.900000000000091	trials	127	s127_J210711	grSu12SmCiNe	12		9	2456.401	2456.701
2462.9689999999996	0.900000000000091	trials	127	s127_J210711	grCe_grSu1Ne	3	180.0	9	2463.269	2463.568
2468.961	0.900000000000091	trials	127	s127_J210711	grCe_grSu12SmCiNe_PS	21	315.0	9	2469.261	2469.561
2474.604	0.900000000000091	trials	127	s127_J210711	grCe	1	180.0	9	2474.904	2475.203
2475.2039999999997	0.900000000000091	trials	127	s127_J210711	coCe	16	270.0	9	2475.504	2475.803
2475.8039999999996	0.900000000000091	trials	127	s127_J210711	grCe_grSu6Ne	7	135.0	9	2476.104	2476.403
2481.4049999999997	0.900000000000091	trials	127	s127_J210711	grCe	1	0.0	9	2481.705	2482.004
2482.0049999999997	0.900000000000091	trials	127	s127_J210711	grCe_grSu6CiNe	15	180.0	9	2482.305	2482.604
2482.605	0.900000000000091	trials	127	s127_J210711	grCe_grSu6CiNe_PS	19	180.0	9	2482.905	2483.204
2491.131	0.900000000000091	trials	127	s127_J210711	grCe_grSu12SmCiNe	13	180.0	9	2491.431	2491.73
2495.2059999999997	0.900000000000091	trials	127	s127_J210711	grCe_grSu6Ne_PS	18	225.0	9	2495.506	2495.806
2495.807	0.900000000000091	trials	127	s127_J210711	coCe_grSu6Ne	17	90.0	9	2496.107	2496.406
2496.4069999999997	0.900000000000091	trials	127	s127_J210711	grCe_grSu3Ne	5	90.0	9	2496.707	2497.006
2501.7819999999997	0.900000000000091	trials	127	s127_J210711	coCe_grSu6Ne	17	180.0	9	2502.082	2502.382
2502.3909999999996	0.900000000000091	trials	127	s127_J210711	grCe_grSu6Ne	7	90.0	9	2502.691	2502.99
2508.1079999999997	0.900000000000091	trials	127	s127_J210711	grSu3Ne	4		9	2508.408	2508.708
2508.7169999999996	0.900000000000091	trials	127	s127_J210711	grCe_grSu3Ne	5	135.0	9	2509.017	2509.316
2509.317	0.900000000000091	trials	127	s127_J210711	grCe_grSu6Ne	7	270.0	9	2509.617	2509.916
2514.9089999999997	0.900000000000091	trials	127	s127_J210711	grCe_grSu6CiNe_PS	19	135.0	9	2515.209	2515.509
2515.517	0.900000000000091	trials	127	s127_J210711	grCe_grSu1Ne	3	45.0	9	2515.817	2516.117
2520.6009999999997	0.900000000000091	trials	127	s127_J210711	coCe	16	90.0	9	2520.901	2521.201
2521.2019999999998	0.900000000000091	trials	127	s127_J210711	grCe_grSu6CiNe_PS	19	0.0	9	2521.502	2521.801
2521.8269999999998	0.900000000000091	trials	127	s127_J210711	grCe_grSu6Ne_PS	18	0.0	9	2522.127	2522.426
2526.961	0.900000000000091	trials	127	s127_J210711	grCe	1	90.0	9	2527.261	2527.56
2528.169	0.900000000000091	trials	127	s127_J210711	grSu12Mi	8		7	2528.469	2528.769
2533.136	0.900000000000091	trials	127	s127_J210711	grCe_grSu12SmCiNe_PS	21	90.0	7	2533.436	2533.736
2533.745	0.900000000000091	trials	127	s127_J210711	grSu18Fa	10		7	2534.045	2534.344
2539.3619999999996	0.900000000000091	trials	127	s127_J210711	grCe_grSu6Ne	7	270.0	7	2539.662	2539.962
2546.238	0.900000000000091	trials	127	s127_J210711	grCe_grSu12SmCiNe_PS	21	180.0	7	2546.538	2546.838
2546.8379999999997	0.900000000000091	trials	127	s127_J210711	grCe	1	315.0	7	2547.138	2547.438
2552.1059999999998	0.900000000000091	trials	127	s127_J210711	grCe_grSu1Ne	3	135.0	7	2552.406	2552.705
2552.714	0.900000000000091	trials	127	s127_J210711	grCe_grSu6Ne	7	90.0	7	2553.014	2553.313
2553.3219999999997	0.900000000000091	trials	127	s127_J210711	grCe_grSu1Ne	3	315.0	7	2553.622	2553.922
2558.531	0.900000000000091	trials	127	s127_J210711	grCe_grSu12Mi	9	90.0	7	2558.831	2559.131
2562.29	0.900000000000091	trials	127	s127_J210711	grCe	1	180.0	7	2562.59	2562.89
2562.957	0.900000000000091	trials	127	s127_J210711	grCe_grSu18Fa	11	0.0	7	2563.257	2563.556
2563.5899999999997	0.900000000000091	trials	127	s127_J210711	coCe	16	135.0	7	2563.89	2564.19
2569.533	0.900000000000091	trials	127	s127_J210711	grCe_grSu12SmCiNe	13	135.0	7	2569.833	2570.132
2570.1409999999996	0.900000000000091	trials	127	s127_J210711	grCe_grSu3Ne	5	225.0	7	2570.441	2570.741
2607.229	0.900000000000091	trials	127	s127_J210711	grCe_grSu12Mi	9	315.0	7	2607.529	2607.829
2608.4379999999996	0.900000000000091	trials	127	s127_J210711	coCe_grSu6Ne	17	45.0	7	2608.738	2609.037
2626.765	0.900000000000091	trials	127	s127_J210711	grCe_grSu6Ne	7	45.0	7	2627.065	2627.365
2627.374	0.900000000000091	trials	127	s127_J210711	grCe_grSu6CiNe	15	135.0	7	2627.674	2627.973
2627.9739999999997	0.900000000000091	trials	127	s127_J210711	coCe	16	225.0	7	2628.274	2628.573
2633.1409999999996	0.900000000000091	trials	127	s127_J210711	coSu6Ne	20		7	2633.441	2633.741
2633.749	0.900000000000091	trials	127	s127_J210711	grCe_grSu12Mi	9	225.0	7	2634.049	2634.349
2634.35	0.900000000000091	trials	127	s127_J210711	grCe_grSu6CiNe_PS	19	45.0	7	2634.65	2634.949
2639.7169999999996	0.900000000000091	trials	127	s127_J210711	grCe_grSu6CiNe_PS	19	135.0	7	2640.017	2640.316
2640.917	0.900000000000091	trials	127	s127_J210711	grCe_grSu3Ne	5	135.0	7	2641.217	2641.517
2646.5009999999997	0.900000000000091	trials	127	s127_J210711	grCe_grSu12Mi	9	180.0	7	2646.801	2647.101
2647.1099999999997	0.900000000000091	trials	127	s127_J210711	grCe_grSu18Fa	11	315.0	7	2647.41	2647.709
2647.718	0.900000000000091	trials	127	s127_J210711	grCe_grSu1Ne	3	180.0	7	2648.018	2648.317
2653.444	0.900000000000091	trials	127	s127_J210711	grCe	1	135.0	7	2653.744	2654.043
2654.044	0.900000000000091	trials	127	s127_J210711	grCe	1	225.0	7	2654.344	2654.643
2660.4109999999996	0.900000000000091	trials	127	s127_J210711	grCe_grSu12SmCiNe_PS	21	135.0	7	2660.711	2661.011
2661.011	0.900000000000091	trials	127	s127_J210711	grCe_grSu6CiNe	15	0.0	7	2661.311	2661.611
2661.611	0.900000000000091	trials	127	s127_J210711	grCe_grSu3Ne	5	180.0	7	2661.911	2662.211
2667.7039999999997	0.900000000000091	trials	127	s127_J210711	grCe_grSu3Ne	5	270.0	7	2668.004	2668.303
2668.312	0.900000000000091	trials	127	s127_J210711	grCe_grSu6CiNe	15	180.0	7	2668.612	2668.912
2673.8959999999997	0.900000000000091	trials	127	s127_J210711	coCe	16	45.0	7	2674.196	2674.496
2674.546	0.900000000000091	trials	127	s127_J210711	grCe_grSu12SmCiNe	13	90.0	7	2674.846	2675.146
2675.1549999999997	0.900000000000091	trials	127	s127_J210711	coCe_grSu6Ne	17	315.0	7	2675.455	2675.754
2680.147	0.900000000000091	trials	127	s127_J210711	coCe_grSu6Ne	17	225.0	7	2680.447	2680.747
2680.747	0.900000000000091	trials	127	s127_J210711	grCe_grSu6CiNe	15	45.0	7	2681.047	2681.347
2681.3559999999998	0.900000000000091	trials	127	s127_J210711	grCe_grSu3Ne	5	90.0	7	2681.656	2681.955
2686.3309999999997	0.900000000000091	trials	127	s127_J210711	grCe_grSu6Ne_PS	18	135.0	7	2686.631	2686.931
2686.931	0.900000000000091	trials	127	s127_J210711	grCe_grSu6Ne_PS	18	270.0	7	2687.231	2687.531
2687.5649999999996	0.900000000000091	trials	127	s127_J210711	grCe_grSu6CiNe_PS	19	315.0	7	2687.865	2688.164
2692.807	0.900000000000091	trials	127	s127_J210711	grCe_grSu1Ne	3	0.0	7	2693.107	2693.407
2699.783	0.900000000000091	trials	127	s127_J210711	grCe_grSu12Mi	9	270.0	7	2700.083	2700.383
2701.0	0.900000000000091	trials	127	s127_J210711	grCe_grSu18Fa	11	180.0	7	2701.3	2701.599
2706.1	0.900000000000091	trials	127	s127_J210711	grSu6Ne	6		7	2706.4	2706.7
2710.576	0.900000000000091	trials	127	s127_J210711	coCe_grSu6Ne	17	270.0	7	2710.876	2711.176
2714.143	0.900000000000091	trials	127	s127_J210711	grCe_grSu3Ne	5	315.0	7	2714.443	2714.743
2714.768	0.900000000000091	trials	127	s127_J210711	grCe_grSu6Ne	7	0.0	7	2715.068	2715.368
2715.377	0.900000000000091	trials	127	s127_J210711	coCe	16	0.0	7	2715.677	2715.976
2721.1609999999996	0.900000000000091	trials	127	s127_J210711	grCe_grSu12SmCiNe	13	45.0	7	2721.461	2721.76
2721.7859999999996	0.900000000000091	trials	127	s127_J210711	grCe_grSu12SmCiNe_PS	21	270.0	7	2722.086	2722.385
2727.8869999999997	0.900000000000091	trials	127	s127_J210711	grCe_grSu12SmCiNe_PS	21	225.0	7	2728.187	2728.486
2731.37	0.900000000000091	trials	127	s127_J210711	grCe_grSu6CiNe	15	270.0	7	2731.67	2731.97
2731.979	0.900000000000091	trials	127	s127_J210711	grCe_grSu18Fa	11	45.0	7	2732.279	2732.578
2732.5789999999997	0.900000000000091	trials	127	s127_J210711	grCe_grSu12SmCiNe_PS	21	45.0	7	2732.879	2733.178
2738.355	0.900000000000091	trials	127	s127_J210711	grCe_grSu6CiNe_PS	19	180.0	7	2738.655	2738.954
2738.9629999999997	0.900000000000091	trials	127	s127_J210711	grCe_grSu12SmCiNe	13	315.0	7	2739.263	2739.563
2744.339	0.900000000000091	trials	127	s127_J210711	grCe_grSu6CiNe_PS	19	225.0	7	2744.639	2744.938
2744.939	0.900000000000091	trials	127	s127_J210711	grCe_grSu6Ne_PS	18	90.0	7	2745.239	2745.538
2745.5389999999998	0.900000000000091	trials	127	s127_J210711	coCe_grSu6Ne	17	135.0	7	2745.839	2746.138
2751.1659999999997	0.900000000000091	trials	127	s127_J210711	grCe_grSu18Fa	11	90.0	7	2751.466	2751.765
2757.316	0.900000000000091	trials	127	s127_J210711	grCe_grSu6CiNe	15	225.0	7	2757.616	2757.916
2757.917	0.900000000000091	trials	127	s127_J210711	grCe_grSu6Ne_PS	18	315.0	7	2758.217	2758.516
2763.509	0.900000000000091	trials	127	s127_J210711	coCe_grSu6Ne	17	0.0	7	2763.809	2764.108
2764.109	0.900000000000091	trials	127	s127_J210711	grCe_grSu6CiNe_PS	19	0.0	7	2764.409	2764.709
2764.709	0.900000000000091	trials	127	s127_J210711	grCe_grSu1Ne	3	45.0	7	2765.009	2765.309
2769.526	0.900000000000091	trials	127	s127_J210711	grCe_grSu1Ne	3	225.0	7	2769.826	2770.126
2770.1259999999997	0.900000000000091	trials	127	s127_J210711	grCe_grSu12SmCiNe_PS	21	315.0	7	2770.426	2770.726
2770.727	0.900000000000091	trials	127	s127_J210711	grSu1Ne	2		7	2771.027	2771.326
2775.8439999999996	0.900000000000091	trials	127	s127_J210711	coCe	16	270.0	7	2776.144	2776.443
2776.444	0.900000000000091	trials	127	s127_J210711	grCe_grSu6CiNe	15	90.0	7	2776.744	2777.043
2782.7859999999996	0.900000000000091	trials	127	s127_J210711	grSu6CiNe	14		7	2783.086	2783.386
2783.3869999999997	0.900000000000091	trials	127	s127_J210711	grCe_grSu6CiNe_PS	19	90.0	7	2783.687	2783.986
2783.9869999999996	0.900000000000091	trials	127	s127_J210711	NoStim	0		7	2784.287	2784.586
2789.412	0.900000000000091	trials	127	s127_J210711	grCe_grSu6Ne_PS	18	180.0	7	2789.712	2790.012
2790.0539999999996	0.900000000000091	trials	127	s127_J210711	coCe_grSu6Ne	17	90.0	7	2790.354	2790.654
2790.662	0.900000000000091	trials	127	s127_J210711	grCe_grSu6Ne	7	315.0	7	2790.962	2791.262
2796.08	0.900000000000091	trials	127	s127_J210711	grCe	1	45.0	7	2796.38	2796.679
2796.68	0.900000000000091	trials	127	s127_J210711	grCe_grSu12SmCiNe	13	270.0	7	2796.98	2797.279
2797.288	0.900000000000091	trials	127	s127_J210711	grCe_grSu12SmCiNe	13	225.0	7	2797.588	2797.888
2802.3559999999998	0.900000000000091	trials	127	s127_J210711	grCe_grSu12SmCiNe	13	180.0	7	2802.656	2802.955
2803.6969999999997	0.900000000000091	trials	127	s127_J210711	grCe_grSu12SmCiNe	13	0.0	7	2803.997	2804.297
2812.6899999999996	0.900000000000091	trials	127	s127_J210711	grCe_grSu1Ne	3	90.0	7	2812.99	2813.29
2813.29	0.900000000000091	trials	127	s127_J210711	grCe_grSu6CiNe	15	315.0	7	2813.59	2813.89
2818.466	0.900000000000091	trials	127	s127_J210711	grCe_grSu3Ne	5	0.0	7	2818.766	2819.066
2821.9829999999997	0.900000000000091	trials	127	s127_J210711	grCe_grSu3Ne	5	45.0	7	2822.283	2822.583
2828.1839999999997	0.900000000000091	trials	127	s127_J210711	grCe	1	0.0	7	2828.484	2828.784
2828.826	0.900000000000091	trials	127	s127_J210711	grCe_grSu18Fa	11	225.0	7	2829.126	2829.425
2834.5099999999998	0.900000000000091	trials	127	s127_J210711	coCe	16	315.0	7	2834.81	2835.109
2835.1099999999997	0.900000000000091	trials	127	s127_J210711	grCe_grSu12SmCiNe_PS	21	0.0	7	2835.41	2835.709
2835.71	0.900000000000091	trials	127	s127_J210711	coCe	16	180.0	7	2836.01	2836.309
2840.919	0.900000000000091	trials	127	s127_J210711	grCe_grSu6Ne_PS	18	0.0	7	2841.219	2841.518
2841.527	0.900000000000091	trials	127	s127_J210711	grCe_grSu12Mi	9	135.0	7	2841.827	2842.127
2847.437	0.900000000000091	trials	127	s127_J210711	grCe_grSu6Ne_PS	18	225.0	7	2847.737	2848.036
2848.037	0.900000000000091	trials	127	s127_J210711	grSu3Ne	4		7	2848.337	2848.636
2848.678	0.900000000000091	trials	127	s127_J210711	grCe	1	90.0	7	2848.978	2849.278
2853.696	0.900000000000091	trials	127	s127_J210711	grCe_grSu18Fa	11	270.0	7	2853.996	2854.295
2854.8959999999997	0.900000000000091	trials	127	s127_J210711	grCe_grSu6Ne_PS	18	45.0	7	2855.196	2855.495
2860.221	0.900000000000091	trials	127	s127_J210711	grCe_grSu12Mi	9	0.0	7	2860.521	2860.821
2860.8379999999997	0.900000000000091	trials	127	s127_J210711	grCe_grSu18Fa	11	135.0	7	2861.138	2861.438
2861.4379999999996	0.900000000000091	trials	127	s127_J210711	coCe	16	90.0	7	2861.738	2862.038
2873.0229999999997	0.900000000000091	trials	127	s127_J210711	grCe_grSu12Mi	9	45.0	7	2873.323	2873.623
2873.6319999999996	0.900000000000091	trials	127	s127_J210711	grCe_grSu6Ne	7	225.0	7	2873.932	2874.231
2874.415	0.900000000000091	trials	127	s127_J210711	grCe_grSu6Ne	7	135.0	7	2874.715	2875.015
2879.149	0.900000000000091	trials	127	s127_J210711	grCe	1	270.0	7	2879.449	2879.748
2879.749	0.900000000000091	trials	127	s127_J210711	grSu12SmCiNe	12		7	2880.049	2880.349
2885.8579999999997	0.900000000000091	trials	127	s127_J210711	grCe_grSu1Ne	3	270.0	7	2886.158	2886.458
2886.4579999999996	0.900000000000091	trials	127	s127_J210711	grCe_grSu6CiNe_PS	19	270.0	7	2886.758	2887.058
2887.058	0.900000000000091	trials	127	s127_J210711	grCe_grSu6Ne	7	180.0	7	2887.358	2887.658
2892.676	0.900000000000091	trials	127	s127_J210711	coCe_grSu6Ne	17	180.0	7	2892.976	2893.275
2893.951	0.900000000000091	trials	127	s127_J210711	grCe_grSu18Fa	11	225.0	0	2894.251	2894.55
2899.152	0.900000000000091	trials	127	s127_J210711	grCe_grSu12SmCiNe	13	270.0	0	2899.452	2899.751
2899.7599999999998	0.900000000000091	trials	127	s127_J210711	coCe_grSu6Ne	17	270.0	0	2900.06	2900.359
2900.3599999999997	0.900000000000091	trials	127	s127_J210711	grCe_grSu12SmCiNe_PS	21	225.0	0	2900.66	2900.96
2905.6859999999997	0.900000000000091	trials	127	s127_J210711	grCe_grSu1Ne	3	315.0	0	2905.986	2906.285
2906.2859999999996	0.900000000000091	trials	127	s127_J210711	coCe_grSu6Ne	17	90.0	0	2906.586	2906.885
2906.894	0.900000000000091	trials	127	s127_J210711	grCe_grSu3Ne	5	90.0	0	2907.194	2907.494
2912.2369999999996	0.900000000000091	trials	127	s127_J210711	grCe_grSu6Ne_PS	18	225.0	0	2912.537	2912.836
2919.879	0.900000000000091	trials	127	s127_J210711	grCe_grSu6Ne	7	0.0	0	2920.179	2920.479
2928.68	0.900000000000091	trials	127	s127_J210711	grCe_grSu12SmCiNe	13	90.0	0	2928.98	2929.28
2929.2799999999997	0.900000000000091	trials	127	s127_J210711	grSu12SmCiNe	12		0	2929.58	2929.88
2934.548	0.900000000000091	trials	127	s127_J210711	grCe_grSu6CiNe_PS	19	0.0	0	2934.848	2935.147
2935.756	0.900000000000091	trials	127	s127_J210711	grCe	1	225.0	0	2936.056	2936.356
2940.7569999999996	0.900000000000091	trials	127	s127_J210711	grCe_grSu6CiNe	15	180.0	0	2941.057	2941.356
2941.957	0.900000000000091	trials	127	s127_J210711	grCe_grSu6CiNe_PS	19	90.0	0	2942.257	2942.557
2947.0409999999997	0.900000000000091	trials	127	s127_J210711	grCe_grSu12SmCiNe_PS	21	270.0	0	2947.341	2947.641
2947.6409999999996	0.900000000000091	trials	127	s127_J210711	grCe_grSu12SmCiNe_PS	21	180.0	0	2947.941	2948.241
2948.241	0.900000000000091	trials	127	s127_J210711	grCe_grSu6CiNe	15	90.0	0	2948.541	2948.841
2953.567	0.900000000000091	trials	127	s127_J210711	grCe_grSu6Ne_PS	18	180.0	0	2953.867	2954.166
2954.1749999999997	0.900000000000091	trials	127	s127_J210711	grCe_grSu12Mi	9	315.0	0	2954.475	2954.775
2958.9759999999997	0.900000000000091	trials	127	s127_J210711	grCe	1	315.0	0	2959.276	2959.575
2959.584	0.900000000000091	trials	127	s127_J210711	grCe_grSu6Ne	7	90.0	0	2959.884	2960.184
2960.1929999999998	0.900000000000091	trials	127	s127_J210711	grCe_grSu6CiNe	15	0.0	0	2960.493	2960.792
2968.027	0.900000000000091	trials	127	s127_J210711	grCe_grSu3Ne	5	225.0	0	2968.327	2968.627
2968.636	0.900000000000091	trials	127	s127_J210711	grCe_grSu1Ne	3	180.0	0	2968.936	2969.235
2969.236	0.900000000000091	trials	127	s127_J210711	grCe_grSu12SmCiNe_PS	21	135.0	0	2969.536	2969.835
2974.236	0.900000000000091	trials	127	s127_J210711	grCe_grSu3Ne	5	0.0	0	2974.536	2974.836
2974.836	0.900000000000091	trials	127	s127_J210711	grCe_grSu12SmCiNe_PS	21	315.0	0	2975.136	2975.436
2975.4449999999997	0.900000000000091	trials	127	s127_J210711	grCe_grSu18Fa	11	270.0	0	2975.745	2976.044
2980.845	0.900000000000091	trials	127	s127_J210711	grCe_grSu6Ne	7	315.0	0	2981.145	2981.445
2981.4539999999997	0.900000000000091	trials	127	s127_J210711	grSu12Mi	8		0	2981.754	2982.053
2985.5879999999997	0.900000000000091	trials	127	s127_J210711	coCe_grSu6Ne	17	315.0	0	2985.888	2986.187
2986.196	0.900000000000091	trials	127	s127_J210711	grSu18Fa	10		0	2986.496	2986.796
2991.814	0.900000000000091	trials	127	s127_J210711	coCe	16	90.0	0	2992.114	2992.413
2992.4139999999998	0.900000000000091	trials	127	s127_J210711	NoStim	0		0	2992.714	2993.013
2993.0139999999997	0.900000000000091	trials	127	s127_J210711	grCe_grSu6CiNe_PS	19	225.0	0	2993.314	2993.613
2998.1639999999998	0.900000000000091	trials	127	s127_J210711	grCe_grSu12Mi	9	90.0	0	2998.464	2998.764
2998.7639999999997	0.900000000000091	trials	127	s127_J210711	grSu1Ne	2		0	2999.064	2999.364
2999.365	0.900000000000091	trials	127	s127_J210711	grCe_grSu1Ne	3	90.0	0	2999.665	2999.964
3007.232	0.900000000000091	trials	127	s127_J210711	grCe_grSu18Fa	11	180.0	0	3007.532	3007.832
3007.832	0.900000000000091	trials	127	s127_J210711	coCe	16	270.0	0	3008.132	3008.432
3008.432	0.900000000000091	trials	127	s127_J210711	grCe_grSu12SmCiNe	13	45.0	0	3008.732	3009.032
3013.7659999999996	0.900000000000091	trials	127	s127_J210711	grCe	1	270.0	0	3014.066	3014.366
3014.9669999999996	0.900000000000091	trials	127	s127_J210711	grCe_grSu6Ne_PS	18	90.0	0	3015.267	3015.566
3020.234	0.900000000000091	trials	127	s127_J210711	grSu6CiNe	14		0	3020.534	3020.833
3020.834	0.900000000000091	trials	127	s127_J210711	grCe_grSu6CiNe_PS	19	45.0	0	3021.134	3021.433
3021.4339999999997	0.900000000000091	trials	127	s127_J210711	grCe_grSu12SmCiNe	13	180.0	0	3021.734	3022.034
3026.451	0.900000000000091	trials	127	s127_J210711	grCe_grSu12SmCiNe_PS	21	45.0	0	3026.751	3027.051
3027.051	0.900000000000091	trials	127	s127_J210711	grCe	1	45.0	0	3027.351	3027.651
3027.652	0.900000000000091	trials	127	s127_J210711	grCe_grSu6Ne_PS	18	45.0	0	3027.952	3028.251
3032.777	0.900000000000091	trials	127	s127_J210711	grCe_grSu6Ne_PS	18	135.0	0	3033.077	3033.377
3039.9359999999997	0.900000000000091	trials	127	s127_J210711	grCe_grSu12SmCiNe_PS	21	90.0	0	3040.236	3040.536
3040.537	0.900000000000091	trials	127	s127_J210711	grCe_grSu12SmCiNe_PS	21	0.0	0	3040.837	3041.136
3050.004	0.900000000000091	trials	127	s127_J210711	grCe_grSu18Fa	11	315.0	0	3050.304	3050.604
3050.6549999999997	0.900000000000091	trials	127	s127_J210711	grCe_grSu6CiNe_PS	19	270.0	0	3050.955	3051.254
3059.922	0.900000000000091	trials	127	s127_J210711	grCe_grSu6Ne	7	270.0	0	3060.222	3060.522
3060.522	0.900000000000091	trials	127	s127_J210711	grCe_grSu6CiNe	15	45.0	0	3060.822	3061.122
3061.1229999999996	0.900000000000091	trials	127	s127_J210711	coCe	16	45.0	0	3061.423	3061.722
3069.4069999999997	0.900000000000091	trials	127	s127_J210711	coCe	16	180.0	0	3069.707	3070.006
3070.0069999999996	0.900000000000091	trials	127	s127_J210711	coCe_grSu6Ne	17	225.0	0	3070.307	3070.607
3070.607	0.900000000000091	trials	127	s127_J210711	grCe_grSu1Ne	3	270.0	0	3070.907	3071.207
3075.674	0.900000000000091	trials	127	s127_J210711	grCe	1	90.0	0	3075.974	3076.274
3076.283	0.900000000000091	trials	127	s127_J210711	grCe_grSu3Ne	5	180.0	0	3076.583	3076.882
3076.883	0.900000000000091	trials	127	s127_J210711	grCe_grSu3Ne	5	270.0	0	3077.183	3077.482
3082.1839999999997	0.900000000000091	trials	127	s127_J210711	grCe_grSu12Mi	9	45.0	0	3082.484	3082.783
3083.384	0.900000000000091	trials	127	s127_J210711	grCe_grSu1Ne	3	225.0	0	3083.684	3083.983
3089.6929999999998	0.900000000000091	trials	127	s127_J210711	grCe_grSu6Ne	7	225.0	0	3089.993	3090.292
3090.2929999999997	0.900000000000091	trials	127	s127_J210711	grCe_grSu6Ne_PS	18	315.0	0	3090.593	3090.893
3090.893	0.900000000000091	trials	127	s127_J210711	coCe	16	0.0	0	3091.193	3091.493
3100.8689999999997	0.900000000000091	trials	127	s127_J210711	grCe_grSu3Ne	5	315.0	0	3101.169	3101.469
3101.4689999999996	0.900000000000091	trials	127	s127_J210711	grCe_grSu1Ne	3	45.0	0	3101.769	3102.069
3107.162	0.900000000000091	trials	127	s127_J210711	grCe_grSu12SmCiNe	13	225.0	0	3107.462	3107.761
3107.7619999999997	0.900000000000091	trials	127	s127_J210711	coCe	16	315.0	0	3108.062	3108.361
3108.37	0.900000000000091	trials	127	s127_J210711	grCe_grSu12Mi	9	180.0	0	3108.67	3108.97
3113.8289999999997	0.900000000000091	trials	127	s127_J210711	grCe_grSu18Fa	11	90.0	0	3114.129	3114.429
3114.4379999999996	0.900000000000091	trials	127	s127_J210711	grCe_grSu12Mi	9	135.0	0	3114.738	3115.037
3115.046	0.900000000000091	trials	127	s127_J210711	grCe_grSu6Ne	7	45.0	0	3115.346	3115.646
3123.372	0.900000000000091	trials	127	s127_J210711	grCe_grSu6CiNe	15	315.0	0	3123.672	3123.972
3124.781	0.900000000000091	trials	127	s127_J210711	grCe_grSu12Mi	9	270.0	0	3125.081	3125.38
3133.365	0.900000000000091	trials	127	s127_J210711	grCe	1	0.0	0	3133.665	3133.965
3134.5649999999996	0.900000000000091	trials	127	s127_J210711	grCe_grSu6CiNe	15	270.0	0	3134.865	3135.165
3139.6079999999997	0.900000000000091	trials	127	s127_J210711	grCe_grSu6Ne	7	180.0	0	3139.908	3140.207
3140.216	0.900000000000091	trials	127	s127_J210711	grCe_grSu18Fa	11	0.0	0	3140.516	3140.816
3140.816	0.900000000000091	trials	127	s127_J210711	grCe	1	135.0	0	3141.116	3141.416
3145.9339999999997	0.900000000000091	trials	127	s127_J210711	grCe_grSu6Ne_PS	18	270.0	0	3146.234	3146.533
3146.5339999999997	0.900000000000091	trials	127	s127_J210711	grCe_grSu12SmCiNe	13	0.0	0	3146.834	3147.133
3147.142	0.900000000000091	trials	127	s127_J210711	grCe_grSu18Fa	11	135.0	0	3147.442	3147.742
3152.9179999999997	0.900000000000091	trials	127	s127_J210711	coCe_grSu6Ne	17	45.0	0	3153.218	3153.517
3153.518	0.900000000000091	trials	127	s127_J210711	grCe_grSu6CiNe_PS	19	315.0	0	3153.818	3154.117
3162.652	0.900000000000091	trials	127	s127_J210711	grCe_grSu18Fa	11	45.0	0	3162.952	3163.252
3163.261	0.900000000000091	trials	127	s127_J210711	grCe_grSu12Mi	9	0.0	0	3163.561	3163.86
3163.861	0.900000000000091	trials	127	s127_J210711	coCe_grSu6Ne	17	0.0	0	3164.161	3164.46
3169.312	0.900000000000091	trials	127	s127_J210711	grCe_grSu6CiNe_PS	19	180.0	0	3169.612	3169.911
3176.5629999999996	0.900000000000091	trials	127	s127_J210711	grCe_grSu6Ne	7	135.0	0	3176.863	3177.162
3180.73	0.900000000000091	trials	127	s127_J210711	grCe_grSu12Mi	9	225.0	0	3181.03	3181.329
3181.955	0.900000000000091	trials	127	s127_J210711	grCe_grSu1Ne	3	135.0	0	3182.255	3182.554
3190.3889999999997	0.900000000000091	trials	127	s127_J210711	grCe_grSu6CiNe	15	135.0	0	3190.689	3190.989
3190.989	0.900000000000091	trials	127	s127_J210711	grSu6Ne	6		0	3191.289	3191.589
3196.7479999999996	0.900000000000091	trials	127	s127_J210711	grCe_grSu6Ne_PS	18	0.0	0	3197.048	3197.348
3197.3489999999997	0.900000000000091	trials	127	s127_J210711	coCe_grSu6Ne	17	180.0	0	3197.649	3197.948
3209.767	0.900000000000091	trials	127	s127_J210711	coCe	16	225.0	0	3210.067	3210.366
3210.3669999999997	0.900000000000091	trials	127	s127_J210711	grCe_grSu12SmCiNe	13	135.0	0	3210.667	3210.966
3218.785	0.900000000000091	trials	127	s127_J210711	grCe_grSu12SmCiNe	13	315.0	0	3219.085	3219.384
3224.102	0.900000000000091	trials	127	s127_J210711	coCe_grSu6Ne	17	135.0	0	3224.402	3224.702
3229.5029999999997	0.900000000000091	trials	127	s127_J210711	coSu6Ne	20		0	3229.803	3230.102
3230.111	0.900000000000091	trials	127	s127_J210711	grCe_grSu1Ne	3	0.0	0	3230.411	3230.711
3230.711	0.900000000000091	trials	127	s127_J210711	grSu3Ne	4		0	3231.011	3231.311
3235.8289999999997	0.900000000000091	trials	127	s127_J210711	grCe_grSu3Ne	5	135.0	0	3236.129	3236.428
3236.4289999999996	0.900000000000091	trials	127	s127_J210711	grCe	1	180.0	0	3236.729	3237.028
3237.029	0.900000000000091	trials	127	s127_J210711	grCe_grSu6CiNe_PS	19	135.0	0	3237.329	3237.628
3242.4379999999996	0.900000000000091	trials	127	s127_J210711	grCe_grSu3Ne	5	45.0	0	3242.738	3243.037
3243.038	0.900000000000091	trials	127	s127_J210711	grCe_grSu6CiNe	15	225.0	0	3243.338	3243.637
3243.638	0.900000000000091	trials	127	s127_J210711	coCe	16	135.0	0	3243.938	3244.237
3248.7889999999998	0.900000000000091	trials	127	s127_J210711	coCe	16	90.0	6	3249.089	3249.388
3256.281	0.900000000000091	trials	127	s127_J210711	grCe_grSu12SmCiNe	13	135.0	6	3256.581	3256.881
3256.89	0.900000000000091	trials	127	s127_J210711	grCe_grSu1Ne	3	135.0	6	3257.19	3257.489
3257.4979999999996	0.900000000000091	trials	127	s127_J210711	grCe_grSu6CiNe	15	90.0	6	3257.798	3258.098
3262.549	0.900000000000091	trials	127	s127_J210711	grSu6Ne	6		6	3262.849	3263.148
3266.5829999999996	0.900000000000091	trials	127	s127_J210711	coCe	16	180.0	6	3266.883	3267.182
3267.191	0.900000000000091	trials	127	s127_J210711	grCe_grSu3Ne	5	45.0	6	3267.491	3267.79
3267.7909999999997	0.900000000000091	trials	127	s127_J210711	grCe	1	225.0	6	3268.091	3268.391
3272.9669999999996	0.900000000000091	trials	127	s127_J210711	grCe_grSu6CiNe_PS	19	45.0	6	3273.267	3273.566
3273.575	0.900000000000091	trials	127	s127_J210711	grCe_grSu12Mi	9	225.0	6	3273.875	3274.175
3274.1839999999997	0.900000000000091	trials	127	s127_J210711	grCe_grSu12SmCiNe	13	225.0	6	3274.484	3274.783
3279.609	0.900000000000091	trials	127	s127_J210711	grCe_grSu6Ne_PS	18	225.0	6	3279.909	3280.209
3280.218	0.900000000000091	trials	127	s127_J210711	grCe_grSu1Ne	3	0.0	6	3280.518	3280.817
3280.8179999999998	0.900000000000091	trials	127	s127_J210711	coCe	16	270.0	6	3281.118	3281.417
3290.6769999999997	0.900000000000091	trials	127	s127_J210711	grCe	1	315.0	6	3290.977	3291.277
3291.886	0.900000000000091	trials	127	s127_J210711	grCe_grSu12Mi	9	180.0	6	3292.186	3292.485
3300.7949999999996	0.900000000000091	trials	127	s127_J210711	grCe_grSu6CiNe	15	45.0	6	3301.095	3301.395
3301.395	0.900000000000091	trials	127	s127_J210711	grCe_grSu12SmCiNe	13	270.0	6	3301.695	3301.995
3320.306	0.900000000000091	trials	127	s127_J210711	grCe	1	0.0	6	3320.606	3320.906
3320.915	0.900000000000091	trials	127	s127_J210711	grCe_grSu12Mi	9	270.0	6	3321.215	3321.514
3321.5229999999997	0.900000000000091	trials	127	s127_J210711	grCe_grSu12Mi	9	90.0	6	3321.823	3322.123
3327.482	0.900000000000091	trials	127	s127_J210711	grCe_grSu6Ne	7	135.0	6	3327.782	3328.082
3333.158	0.900000000000091	trials	127	s127_J210711	coCe_grSu6Ne	17	225.0	6	3333.458	3333.757
3338.167	0.900000000000091	trials	127	s127_J210711	grCe_grSu12Mi	9	45.0	6	3338.467	3338.766
3338.767	0.900000000000091	trials	127	s127_J210711	coCe	16	45.0	6	3339.067	3339.366
3339.3669999999997	0.900000000000091	trials	127	s127_J210711	grCe_grSu6CiNe_PS	19	0.0	6	3339.667	3339.966
3345.9089999999997	0.900000000000091	trials	127	s127_J210711	grCe_grSu6Ne_PS	18	180.0	6	3346.209	3346.509
3346.5099999999998	0.900000000000091	trials	127	s127_J210711	NoStim	0		6	3346.81	3347.109
3347.118	0.900000000000091	trials	127	s127_J210711	grCe_grSu6Ne	7	45.0	6	3347.418	3347.717
3357.1609999999996	0.900000000000091	trials	127	s127_J210711	grCe_grSu6CiNe_PS	19	180.0	6	3357.461	3357.76
3357.769	0.900000000000091	trials	127	s127_J210711	grCe_grSu6CiNe	15	180.0	6	3358.069	3358.369
3358.3689999999997	0.900000000000091	trials	127	s127_J210711	grCe_grSu6Ne	7	225.0	6	3358.669	3358.969
3377.1299999999997	0.900000000000091	trials	127	s127_J210711	coCe_grSu6Ne	17	180.0	6	3377.43	3377.73
3377.73	0.900000000000091	trials	127	s127_J210711	grCe_grSu12SmCiNe	13	90.0	6	3378.03	3378.33
3378.33	0.900000000000091	trials	127	s127_J210711	grCe_grSu12SmCiNe_PS	21	45.0	6	3378.63	3378.93
3384.2479999999996	0.900000000000091	trials	127	s127_J210711	grCe_grSu12SmCiNe_PS	21	135.0	6	3384.548	3384.847
3389.9399999999996	0.900000000000091	trials	127	s127_J210711	grCe_grSu6CiNe	15	270.0	6	3390.24	3390.54
3391.14	0.900000000000091	trials	127	s127_J210711	grCe_grSu6CiNe	15	0.0	6	3391.44	3391.74
3397.433	0.900000000000091	trials	127	s127_J210711	grCe_grSu6Ne_PS	18	270.0	6	3397.733	3398.032
3398.0409999999997	0.900000000000091	trials	127	s127_J210711	grCe_grSu6Ne	7	315.0	6	3398.341	3398.641
3402.075	0.900000000000091	trials	127	s127_J210711	grSu18Fa	10		6	3402.375	3402.675
3418.944	0.900000000000091	trials	127	s127_J210711	coCe_grSu6Ne	17	0.0	6	3419.244	3419.543
3419.544	0.900000000000091	trials	127	s127_J210711	coCe	16	0.0	6	3419.844	3420.144
3420.144	0.900000000000091	trials	127	s127_J210711	grCe_grSu3Ne	5	90.0	6	3420.444	3420.744
3425.27	0.900000000000091	trials	127	s127_J210711	grCe	1	90.0	6	3425.57	3425.869
3425.87	0.900000000000091	trials	127	s127_J210711	grCe_grSu1Ne	3	180.0	6	3426.17	3426.469
3426.4779999999996	0.900000000000091	trials	127	s127_J210711	grCe_grSu12Mi	9	0.0	6	3426.778	3427.078
3431.629	0.900000000000091	trials	127	s127_J210711	grSu6CiNe	14		6	3431.929	3432.228
3432.8289999999997	0.900000000000091	trials	127	s127_J210711	grCe_grSu3Ne	5	135.0	6	3433.129	3433.429
3442.455	0.900000000000091	trials	127	s127_J210711	grCe_grSu12Mi	9	315.0	6	3442.755	3443.055
3448.1229999999996	0.900000000000091	trials	127	s127_J210711	grCe_grSu6Ne_PS	18	135.0	6	3448.423	3448.722
3448.7639999999997	0.900000000000091	trials	127	s127_J210711	grCe_grSu3Ne	5	0.0	6	3449.064	3449.364
3449.3729999999996	0.900000000000091	trials	127	s127_J210711	grCe_grSu3Ne	5	180.0	6	3449.673	3449.972
3455.357	0.900000000000091	trials	127	s127_J210711	grCe_grSu12SmCiNe_PS	21	0.0	6	3455.657	3455.957
3455.957	0.900000000000091	trials	127	s127_J210711	grCe_grSu6CiNe_PS	19	225.0	6	3456.257	3456.557
3456.566	0.900000000000091	trials	127	s127_J210711	grCe_grSu12Mi	9	135.0	6	3456.866	3457.165
3462.3329999999996	0.900000000000091	trials	127	s127_J210711	coSu6Ne	20		6	3462.633	3462.932
3463.558	0.900000000000091	trials	127	s127_J210711	grSu3Ne	4		6	3463.858	3464.158
3469.634	0.900000000000091	trials	127	s127_J210711	coCe	16	315.0	6	3469.934	3470.233
3474.435	0.900000000000091	trials	127	s127_J210711	grSu1Ne	2		6	3474.735	3475.034
3475.035	0.900000000000091	trials	127	s127_J210711	grCe_grSu6CiNe_PS	19	315.0	6	3475.335	3475.634
3475.6679999999997	0.900000000000091	trials	127	s127_J210711	coCe_grSu6Ne	17	270.0	6	3475.968	3476.267
3481.535	0.900000000000091	trials	127	s127_J210711	grCe_grSu12SmCiNe_PS	21	315.0	6	3481.835	3482.135
3490.7279999999996	0.900000000000091	trials	127	s127_J210711	grCe_grSu18Fa	11	270.0	6	3491.028	3491.328
3491.328	0.900000000000091	trials	127	s127_J210711	grCe_grSu6Ne_PS	18	315.0	6	3491.628	3491.928
3491.928	0.900000000000091	trials	127	s127_J210711	grCe_grSu12SmCiNe	13	315.0	6	3492.228	3492.528
3502.355	0.900000000000091	trials	127	s127_J210711	coCe_grSu6Ne	17	135.0	6	3502.655	3502.954
3502.955	0.900000000000091	trials	127	s127_J210711	grCe_grSu6Ne_PS	18	90.0	6	3503.255	3503.554
3508.022	0.900000000000091	trials	127	s127_J210711	grCe_grSu12SmCiNe_PS	21	90.0	6	3508.322	3508.622
3508.622	0.900000000000091	trials	127	s127_J210711	grCe_grSu1Ne	3	270.0	6	3508.922	3509.222
3509.281	0.900000000000091	trials	127	s127_J210711	grCe_grSu3Ne	5	315.0	6	3509.581	3509.88
3515.548	0.900000000000091	trials	127	s127_J210711	grCe_grSu1Ne	3	90.0	6	3515.848	3516.148
3527.0409999999997	0.900000000000091	trials	127	s127_J210711	grCe_grSu12SmCiNe	13	180.0	6	3527.341	3527.641
3527.658	0.900000000000091	trials	127	s127_J210711	grCe_grSu18Fa	11	315.0	6	3527.958	3528.258
3528.258	0.900000000000091	trials	127	s127_J210711	coCe_grSu6Ne	17	315.0	6	3528.558	3528.858
3534.884	0.900000000000091	trials	127	s127_J210711	grCe_grSu18Fa	11	90.0	6	3535.184	3535.484
3535.484	0.900000000000091	trials	127	s127_J210711	grSu12SmCiNe	12		6	3535.784	3536.084
3545.627	0.900000000000091	trials	127	s127_J210711	grCe_grSu18Fa	11	0.0	6	3545.927	3546.227
3546.2349999999997	0.900000000000091	trials	127	s127_J210711	grCe_grSu18Fa	11	225.0	6	3546.535	3546.835
3546.8439999999996	0.900000000000091	trials	127	s127_J210711	grCe_grSu6CiNe	15	225.0	6	3547.144	3547.443
3551.803	0.900000000000091	trials	127	s127_J210711	grCe_grSu12SmCiNe_PS	21	180.0	6	3552.103	3552.402
3552.428	0.900000000000091	trials	127	s127_J210711	grCe_grSu1Ne	3	45.0	6	3552.728	3553.027
3553.028	0.900000000000091	trials	127	s127_J210711	coCe	16	135.0	6	3553.328	3553.628
3558.154	0.900000000000091	trials	127	s127_J210711	grCe_grSu12SmCiNe	13	0.0	6	3558.454	3558.753
3558.754	0.900000000000091	trials	127	s127_J210711	grCe_grSu12SmCiNe_PS	21	225.0	6	3559.054	3559.353
3559.3959999999997	0.900000000000091	trials	127	s127_J210711	grCe_grSu6Ne_PS	18	45.0	6	3559.696	3559.995
3564.4049999999997	0.900000000000091	trials	127	s127_J210711	grCe_grSu12SmCiNe_PS	21	270.0	6	3564.705	3565.004
3573.122	0.900000000000091	trials	127	s127_J210711	grCe	1	270.0	6	3573.422	3573.722
3573.7219999999998	0.900000000000091	trials	127	s127_J210711	grCe	1	180.0	6	3574.022	3574.322
3580.415	0.900000000000091	trials	127	s127_J210711	grCe_grSu6Ne	7	180.0	6	3580.715	3581.014
3581.0229999999997	0.900000000000091	trials	127	s127_J210711	grCe_grSu6CiNe	15	135.0	6	3581.323	3581.623
3585.9739999999997	0.900000000000091	trials	127	s127_J210711	grCe_grSu6CiNe_PS	19	270.0	6	3586.274	3586.573
3586.5739999999996	0.900000000000091	trials	127	s127_J210711	coCe	16	225.0	6	3586.874	3587.174
3587.174	0.900000000000091	trials	127	s127_J210711	grCe_grSu6Ne	7	90.0	6	3587.474	3587.774
3592.5159999999996	0.900000000000091	trials	127	s127_J210711	grCe_grSu6CiNe_PS	19	90.0	6	3592.816	3593.116
3593.1169999999997	0.900000000000091	trials	127	s127_J210711	grCe_grSu3Ne	5	270.0	6	3593.417	3593.716
3593.725	0.900000000000091	trials	127	s127_J210711	grCe_grSu18Fa	11	135.0	6	3594.025	3594.324
3599.7509999999997	0.900000000000091	trials	127	s127_J210711	grCe	1	135.0	6	3600.051	3600.35
3600.359	0.900000000000091	trials	127	s127_J210711	grCe_grSu1Ne	3	315.0	6	3600.659	3600.959
3605.627	0.900000000000091	trials	127	s127_J210711	grCe_grSu3Ne	5	225.0	6	3605.927	3606.226
3614.1859999999997	0.900000000000091	trials	127	s127_J210711	grCe	1	45.0	6	3614.486	3614.785
3614.794	0.900000000000091	trials	127	s127_J210711	grSu12Mi	8		6	3615.094	3615.394
3632.5879999999997	0.900000000000091	trials	127	s127_J210711	grCe_grSu18Fa	11	180.0	6	3632.888	3633.188
3633.1879999999996	0.900000000000091	trials	127	s127_J210711	grCe_grSu6Ne_PS	18	0.0	6	3633.488	3633.788
3633.797	0.900000000000091	trials	127	s127_J210711	grCe_grSu6Ne	7	0.0	6	3634.097	3634.396
3638.7889999999998	0.900000000000091	trials	127	s127_J210711	grCe_grSu18Fa	11	45.0	6	3639.089	3639.389
3639.3979999999997	0.900000000000091	trials	127	s127_J210711	grCe_grSu1Ne	3	225.0	6	3639.698	3639.997
3639.9979999999996	0.900000000000091	trials	127	s127_J210711	grCe_grSu6CiNe_PS	19	135.0	6	3640.298	3640.597
3645.54	0.900000000000091	trials	127	s127_J210711	grCe_grSu12SmCiNe	13	45.0	6	3645.84	3646.14
3652.399	0.900000000000091	trials	127	s127_J210711	grCe_grSu6CiNe	15	315.0	6	3652.699	3652.999
3653.008	0.900000000000091	trials	127	s127_J210711	coCe_grSu6Ne	17	45.0	6	3653.308	3653.607
3660.142	0.900000000000091	trials	127	s127_J210711	coCe_grSu6Ne	17	90.0	6	3660.442	3660.741
3660.7419999999997	0.900000000000091	trials	127	s127_J210711	grCe_grSu6Ne	7	270.0	6	3661.042	3661.342
