onset	duration	nwb_table	ses_ID	ses_Name	cond_Name	cond_ID	target_rot	rep_num	pdOn	pdOff
28.570999999999998	0.9000000000000021	trials	86	s086_J210526	grCe_grSu12Mi	9	180.0	7	28.871	29.171
29.779999999999998	0.9000000000000021	trials	86	s086_J210526	grCe_grSu6Ne_PS	18	180.0	7	30.08	30.379
38.848000000000006	0.8999999999999986	trials	86	s086_J210526	grCe_grSu18Fa	11	90.0	7	39.148	39.447
39.456	0.8999999999999986	trials	86	s086_J210526	grCe_grSu1Ne	3	45.0	7	39.756	40.056
40.064	0.8999999999999986	trials	86	s086_J210526	coCe_grSu6Ne	17	45.0	7	40.364	40.664
45.115	0.8999999999999986	trials	86	s086_J210526	grCe_grSu6CiNe	15	90.0	7	45.415	45.715
45.723000000000006	0.8999999999999986	trials	86	s086_J210526	grCe_grSu6Ne	7	0.0	7	46.023	46.323
49.491	0.8999999999999986	trials	86	s086_J210526	grCe_grSu12SmCiNe_PS	21	45.0	7	49.791	50.09
56.892	0.8999999999999986	trials	86	s086_J210526	grCe_grSu12SmCiNe_PS	21	180.0	7	57.192	57.491
57.492000000000004	0.8999999999999986	trials	86	s086_J210526	grCe	1	225.0	7	57.792	58.091
58.092000000000006	0.8999999999999986	trials	86	s086_J210526	grCe_grSu6Ne_PS	18	0.0	7	58.392	58.691
67.168	0.8999999999999915	trials	86	s086_J210526	grCe_grSu12SmCiNe_PS	21	135.0	7	67.468	67.767
67.776	0.8999999999999915	trials	86	s086_J210526	grCe_grSu6CiNe	15	270.0	7	68.076	68.376
72.702	0.8999999999999915	trials	86	s086_J210526	grCe_grSu6CiNe_PS	19	0.0	7	73.002	73.301
73.31	0.8999999999999915	trials	86	s086_J210526	grCe_grSu6CiNe	15	180.0	7	73.61	73.91
80.12	0.8999999999999915	trials	86	s086_J210526	grCe_grSu18Fa	11	135.0	7	80.42	80.719
81.328	0.8999999999999915	trials	86	s086_J210526	coCe	16	270.0	7	81.628	81.928
86.32000000000001	0.8999999999999915	trials	86	s086_J210526	grCe_grSu6CiNe	15	315.0	7	86.62	86.92
86.929	0.8999999999999915	trials	86	s086_J210526	grCe_grSu12Mi	9	315.0	7	87.229	87.528
87.529	0.8999999999999915	trials	86	s086_J210526	grCe_grSu12SmCiNe_PS	21	0.0	7	87.829	88.128
92.404	0.8999999999999915	trials	86	s086_J210526	grCe_grSu12Mi	9	225.0	7	92.704	93.004
96.48	0.8999999999999915	trials	86	s086_J210526	coCe	16	45.0	7	96.78	97.08
100.514	0.8999999999999915	trials	86	s086_J210526	grCe_grSu12SmCiNe_PS	21	270.0	7	100.814	101.113
101.122	0.8999999999999915	trials	86	s086_J210526	coCe_grSu6Ne	17	135.0	7	101.422	101.722
101.73100000000001	0.8999999999999915	trials	86	s086_J210526	grCe_grSu1Ne	3	315.0	7	102.031	102.33
106.631	0.8999999999999915	trials	86	s086_J210526	grCe_grSu6CiNe_PS	19	135.0	7	106.931	107.231
107.24000000000001	0.8999999999999915	trials	86	s086_J210526	grCe_grSu12SmCiNe	13	90.0	7	107.54	107.839
111.032	0.8999999999999915	trials	86	s086_J210526	grCe_grSu12Mi	9	135.0	7	111.332	111.631
111.632	0.8999999999999915	trials	86	s086_J210526	grCe_grSu6Ne_PS	18	315.0	7	111.932	112.232
112.232	0.8999999999999915	trials	86	s086_J210526	coCe	16	180.0	7	112.532	112.832
116.991	0.8999999999999915	trials	86	s086_J210526	grCe_grSu6Ne	7	45.0	7	117.291	117.591
120.925	0.8999999999999915	trials	86	s086_J210526	coCe_grSu6Ne	17	180.0	7	121.225	121.524
124.617	0.8999999999999915	trials	86	s086_J210526	grCe_grSu12Mi	9	45.0	7	124.917	125.217
128.309	0.9000000000000057	trials	86	s086_J210526	grCe_grSu3Ne	5	225.0	7	128.609	128.909
128.909	0.9000000000000057	trials	86	s086_J210526	grSu12SmCiNe	12		7	129.209	129.509
129.509	0.9000000000000057	trials	86	s086_J210526	grCe	1	315.0	7	129.809	130.109
134.47699999999998	0.9000000000000057	trials	86	s086_J210526	grCe_grSu6CiNe	15	135.0	7	134.777	135.076
135.08499999999998	0.9000000000000057	trials	86	s086_J210526	grCe_grSu6Ne	7	315.0	7	135.385	135.685
135.702	0.9000000000000057	trials	86	s086_J210526	grCe_grSu18Fa	11	0.0	7	136.002	136.301
140.569	0.9000000000000057	trials	86	s086_J210526	grCe_grSu18Fa	11	225.0	7	140.869	141.169
141.16899999999998	0.9000000000000057	trials	86	s086_J210526	coCe	16	315.0	7	141.469	141.769
141.778	0.9000000000000057	trials	86	s086_J210526	coCe_grSu6Ne	17	315.0	7	142.078	142.377
146.67	0.9000000000000057	trials	86	s086_J210526	NoStim	0		7	146.97	147.269
147.28699999999998	0.9000000000000057	trials	86	s086_J210526	grCe_grSu18Fa	11	45.0	7	147.587	147.886
147.887	0.9000000000000057	trials	86	s086_J210526	coCe	16	225.0	7	148.187	148.486
152.72099999999998	0.9000000000000057	trials	86	s086_J210526	grSu3Ne	4		7	153.021	153.32
153.321	0.9000000000000057	trials	86	s086_J210526	grCe_grSu6Ne	7	180.0	7	153.621	153.92
153.921	0.9000000000000057	trials	86	s086_J210526	grCe	1	45.0	7	154.221	154.52
158.796	0.9000000000000057	trials	86	s086_J210526	grCe_grSu18Fa	11	315.0	7	159.096	159.396
159.397	0.9000000000000057	trials	86	s086_J210526	grCe	1	0.0	7	159.697	159.996
159.99699999999999	0.9000000000000057	trials	86	s086_J210526	grCe_grSu6CiNe	15	45.0	7	160.297	160.596
164.964	0.9000000000000057	trials	86	s086_J210526	grCe_grSu1Ne	3	0.0	7	165.264	165.563
165.564	0.9000000000000057	trials	86	s086_J210526	coCe	16	135.0	7	165.864	166.164
172.69799999999998	0.9000000000000057	trials	86	s086_J210526	grCe_grSu12SmCiNe	13	180.0	7	172.998	173.298
173.298	0.9000000000000057	trials	86	s086_J210526	grCe_grSu1Ne	3	135.0	7	173.598	173.898
178.266	0.9000000000000057	trials	86	s086_J210526	grCe_grSu1Ne	3	180.0	7	178.566	178.865
179.46599999999998	0.9000000000000057	trials	86	s086_J210526	grSu6Ne	6		7	179.766	180.065
184.416	0.9000000000000057	trials	86	s086_J210526	grCe_grSu6Ne	7	225.0	7	184.716	185.016
185.016	0.9000000000000057	trials	86	s086_J210526	grCe_grSu6Ne_PS	18	135.0	7	185.316	185.616
191.159	0.9000000000000057	trials	86	s086_J210526	grCe_grSu6Ne_PS	18	270.0	7	191.459	191.759
191.759	0.9000000000000057	trials	86	s086_J210526	grCe_grSu12SmCiNe	13	270.0	7	192.059	192.359
196.926	0.9000000000000057	trials	86	s086_J210526	grCe_grSu3Ne	5	45.0	7	197.226	197.526
197.535	0.9000000000000057	trials	86	s086_J210526	grCe_grSu1Ne	3	90.0	7	197.835	198.134
201.10199999999998	0.9000000000000057	trials	86	s086_J210526	grSu12Mi	8		7	201.402	201.701
201.702	0.9000000000000057	trials	86	s086_J210526	grCe_grSu6Ne_PS	18	225.0	7	202.002	202.302
202.302	0.9000000000000057	trials	86	s086_J210526	grCe_grSu12SmCiNe_PS	21	315.0	7	202.602	202.902
207.194	0.9000000000000057	trials	86	s086_J210526	grSu18Fa	10		7	207.494	207.794
207.803	0.9000000000000057	trials	86	s086_J210526	coCe_grSu6Ne	17	90.0	7	208.103	208.402
208.403	0.9000000000000057	trials	86	s086_J210526	grCe_grSu6Ne	7	270.0	7	208.703	209.002
214.01999999999998	0.9000000000000057	trials	86	s086_J210526	grCe_grSu6CiNe_PS	19	225.0	7	214.32	214.62
214.61999999999998	0.9000000000000057	trials	86	s086_J210526	grCe_grSu6CiNe_PS	19	90.0	7	214.92	215.22
219.47099999999998	0.9000000000000057	trials	86	s086_J210526	coCe	16	90.0	7	219.771	220.071
223.071	0.9000000000000057	trials	86	s086_J210526	grCe_grSu6CiNe_PS	19	45.0	7	223.371	223.671
230.414	0.9000000000000057	trials	86	s086_J210526	grCe_grSu3Ne	5	315.0	7	230.714	231.014
234.08999999999997	0.9000000000000057	trials	86	s086_J210526	grSu6CiNe	14		7	234.39	234.689
238.123	0.9000000000000057	trials	86	s086_J210526	grCe_grSu6CiNe	15	225.0	7	238.423	238.723
244.34099999999998	0.9000000000000057	trials	86	s086_J210526	grCe_grSu18Fa	11	180.0	7	244.641	244.94
244.94899999999998	0.9000000000000057	trials	86	s086_J210526	grCe_grSu12SmCiNe	13	45.0	7	245.249	245.549
248.99099999999999	0.9000000000000057	trials	86	s086_J210526	coCe_grSu6Ne	17	270.0	7	249.291	249.591
249.59199999999998	0.9000000000000057	trials	86	s086_J210526	grCe_grSu12SmCiNe_PS	21	90.0	7	249.892	250.191
254.94199999999998	0.9000000000000057	trials	86	s086_J210526	grCe_grSu12SmCiNe	13	225.0	7	255.242	255.542
255.542	0.9000000000000057	trials	86	s086_J210526	grCe	1	180.0	7	255.842	256.142
263.26	0.9000000000000341	trials	86	s086_J210526	grCe_grSu3Ne	5	180.0	7	263.56	263.86
263.868	0.9000000000000341	trials	86	s086_J210526	grCe_grSu1Ne	3	270.0	7	264.168	264.468
264.46799999999996	0.9000000000000341	trials	86	s086_J210526	grSu1Ne	2		7	264.768	265.068
270.561	0.9000000000000341	trials	86	s086_J210526	grCe_grSu12SmCiNe	13	0.0	7	270.861	271.16
275.562	0.9000000000000341	trials	86	s086_J210526	grCe_grSu6Ne_PS	18	45.0	7	275.862	276.161
279.804	0.9000000000000341	trials	86	s086_J210526	grCe	1	270.0	7	280.104	280.403
283.521	0.9000000000000341	trials	86	s086_J210526	grCe	1	90.0	7	283.821	284.12
284.121	0.9000000000000341	trials	86	s086_J210526	grCe_grSu6CiNe_PS	19	315.0	7	284.421	284.721
289.438	0.9000000000000341	trials	86	s086_J210526	coCe_grSu6Ne	17	225.0	7	289.738	290.038
293.03	0.9000000000000341	trials	86	s086_J210526	grCe_grSu1Ne	3	225.0	7	293.33	293.63
297.073	0.9000000000000341	trials	86	s086_J210526	grCe_grSu12Mi	9	90.0	7	297.373	297.672
297.673	0.9000000000000341	trials	86	s086_J210526	grCe	1	135.0	7	297.973	298.272
306.757	0.9000000000000341	trials	86	s086_J210526	coCe_grSu6Ne	17	0.0	7	307.057	307.357
307.966	0.9000000000000341	trials	86	s086_J210526	grCe_grSu3Ne	5	90.0	7	308.266	308.565
313.0	0.9000000000000341	trials	86	s086_J210526	grCe_grSu12Mi	9	270.0	7	313.3	313.599
313.59999999999997	0.9000000000000341	trials	86	s086_J210526	grCe_grSu6Ne	7	135.0	7	313.9	314.199
314.2	0.9000000000000341	trials	86	s086_J210526	coSu6Ne	20		7	314.5	314.799
322.868	0.9000000000000341	trials	86	s086_J210526	grCe_grSu12SmCiNe	13	315.0	7	323.168	323.467
323.46799999999996	0.9000000000000341	trials	86	s086_J210526	grCe_grSu6Ne_PS	18	90.0	7	323.768	324.067
332.30199999999996	0.9000000000000341	trials	86	s086_J210526	grCe_grSu3Ne	5	135.0	7	332.602	332.902
332.902	0.9000000000000341	trials	86	s086_J210526	grCe_grSu6CiNe_PS	19	180.0	7	333.202	333.502
338.045	0.9000000000000341	trials	86	s086_J210526	grCe_grSu3Ne	5	0.0	7	338.345	338.644
338.645	0.9000000000000341	trials	86	s086_J210526	grCe_grSu6CiNe_PS	19	270.0	7	338.945	339.244
339.253	0.9000000000000341	trials	86	s086_J210526	grCe_grSu6CiNe	15	0.0	7	339.553	339.853
344.204	0.9000000000000341	trials	86	s086_J210526	grCe_grSu12Mi	9	0.0	7	344.504	344.803
344.812	0.9000000000000341	trials	86	s086_J210526	grCe_grSu3Ne	5	270.0	7	345.112	345.412
345.429	0.9000000000000341	trials	86	s086_J210526	grCe_grSu12SmCiNe	13	135.0	7	345.729	346.029
350.22999999999996	0.9000000000000341	trials	86	s086_J210526	grCe_grSu6Ne	7	90.0	7	350.53	350.829
350.83799999999997	0.9000000000000341	trials	86	s086_J210526	grCe_grSu18Fa	11	270.0	7	351.138	351.438
351.438	0.9000000000000341	trials	86	s086_J210526	grCe_grSu12SmCiNe_PS	21	225.0	7	351.738	352.038
359.17199999999997	0.9000000000000341	trials	86	s086_J210526	coCe	16	0.0	7	359.472	359.772
359.772	0.9000000000000341	trials	86	s086_J210526	grCe_grSu3Ne	5	180.0	4	360.072	360.372
363.27299999999997	0.9000000000000341	trials	86	s086_J210526	grSu6Ne	6		4	363.573	363.872
363.873	0.9000000000000341	trials	86	s086_J210526	coCe_grSu6Ne	17	135.0	4	364.173	364.473
364.481	0.9000000000000341	trials	86	s086_J210526	grCe_grSu6CiNe	15	180.0	4	364.781	365.081
369.465	0.9000000000000341	trials	86	s086_J210526	grCe_grSu3Ne	5	90.0	4	369.765	370.065
370.065	0.9000000000000341	trials	86	s086_J210526	grCe_grSu6CiNe_PS	19	315.0	4	370.365	370.665
370.674	0.9000000000000341	trials	86	s086_J210526	grCe_grSu6CiNe	15	270.0	4	370.974	371.273
375.683	0.9000000000000341	trials	86	s086_J210526	grCe_grSu12SmCiNe_PS	21	90.0	4	375.983	376.282
379.25	0.9000000000000341	trials	86	s086_J210526	grCe_grSu12SmCiNe	13	90.0	4	379.55	379.85
383.084	0.9000000000000341	trials	86	s086_J210526	grCe	1	135.0	4	383.384	383.683
383.68399999999997	0.9000000000000341	trials	86	s086_J210526	grCe_grSu12SmCiNe	13	225.0	4	383.984	384.283
384.284	0.9000000000000341	trials	86	s086_J210526	grSu1Ne	2		4	384.584	384.884
389.21	0.9000000000000341	trials	86	s086_J210526	grCe_grSu12SmCiNe	13	45.0	4	389.51	389.809
389.81	0.9000000000000341	trials	86	s086_J210526	grCe	1	180.0	4	390.11	390.409
390.40999999999997	0.9000000000000341	trials	86	s086_J210526	grCe_grSu12SmCiNe_PS	21	180.0	4	390.71	391.009
395.252	0.9000000000000341	trials	86	s086_J210526	grCe_grSu6Ne_PS	18	90.0	4	395.552	395.852
401.578	0.9000000000000341	trials	86	s086_J210526	grCe_grSu6Ne	7	0.0	4	401.878	402.177
402.178	0.9000000000000341	trials	86	s086_J210526	coCe_grSu6Ne	17	45.0	4	402.478	402.778
407.654	0.9000000000000341	trials	86	s086_J210526	coCe	16	135.0	4	407.954	408.253
408.854	0.9000000000000341	trials	86	s086_J210526	grCe_grSu12SmCiNe_PS	21	45.0	4	409.154	409.453
413.71299999999997	0.9000000000000341	trials	86	s086_J210526	coCe_grSu6Ne	17	0.0	4	414.013	414.312
417.238	0.9000000000000341	trials	86	s086_J210526	grCe_grSu6Ne_PS	18	225.0	4	417.538	417.838
417.83799999999997	0.9000000000000341	trials	86	s086_J210526	grCe_grSu6CiNe_PS	19	135.0	4	418.138	418.438
423.281	0.9000000000000341	trials	86	s086_J210526	grCe_grSu6CiNe_PS	19	90.0	4	423.581	423.88
423.881	0.9000000000000341	trials	86	s086_J210526	grCe_grSu1Ne	3	180.0	4	424.181	424.48
427.66499999999996	0.9000000000000341	trials	86	s086_J210526	coCe_grSu6Ne	17	180.0	4	427.965	428.264
428.39	0.9000000000000341	trials	86	s086_J210526	grCe_grSu1Ne	3	135.0	4	428.69	428.989
433.974	0.9000000000000341	trials	86	s086_J210526	grCe_grSu18Fa	11	90.0	4	434.274	434.573
434.574	0.9000000000000341	trials	86	s086_J210526	coCe	16	0.0	4	434.874	435.173
440.008	0.9000000000000341	trials	86	s086_J210526	coCe	16	270.0	4	440.308	440.607
440.625	0.9000000000000341	trials	86	s086_J210526	grCe_grSu18Fa	11	45.0	4	440.925	441.224
441.233	0.9000000000000341	trials	86	s086_J210526	grCe_grSu12Mi	9	180.0	4	441.533	441.833
446.8	0.9000000000000341	trials	86	s086_J210526	grCe_grSu3Ne	5	45.0	4	447.1	447.4
452.43399999999997	0.9000000000000341	trials	86	s086_J210526	grCe_grSu12Mi	9	0.0	4	452.734	453.034
462.61899999999997	0.9000000000000341	trials	86	s086_J210526	grCe_grSu12Mi	9	225.0	4	462.919	463.219
463.219	0.9000000000000341	trials	86	s086_J210526	grCe_grSu6CiNe	15	90.0	4	463.519	463.819
468.71999999999997	0.9000000000000341	trials	86	s086_J210526	grCe	1	0.0	4	469.02	469.319
469.32	0.9000000000000341	trials	86	s086_J210526	grCe_grSu6CiNe_PS	19	180.0	4	469.62	469.92
473.00399999999996	0.9000000000000341	trials	86	s086_J210526	coCe_grSu6Ne	17	270.0	4	473.304	473.603
477.063	0.9000000000000341	trials	86	s086_J210526	grCe_grSu6Ne	7	180.0	4	477.363	477.662
480.646	0.9000000000000341	trials	86	s086_J210526	coCe	16	90.0	4	480.946	481.246
484.114	0.9000000000000341	trials	86	s086_J210526	grCe_grSu6Ne	7	90.0	4	484.414	484.713
485.33	0.9000000000000341	trials	86	s086_J210526	grCe_grSu18Fa	11	0.0	4	485.63	485.93
490.31399999999996	0.9000000000000341	trials	86	s086_J210526	grCe_grSu1Ne	3	315.0	4	490.614	490.914
490.923	0.9000000000000341	trials	86	s086_J210526	grCe_grSu12SmCiNe	13	135.0	4	491.223	491.522
491.556	0.9000000000000341	trials	86	s086_J210526	grCe_grSu12SmCiNe_PS	21	225.0	4	491.856	492.156
496.474	0.9000000000000341	trials	86	s086_J210526	grCe_grSu1Ne	3	270.0	4	496.774	497.073
497.074	0.9000000000000341	trials	86	s086_J210526	coSu6Ne	20		4	497.374	497.673
504.14099999999996	0.9000000000000341	trials	86	s086_J210526	coCe	16	315.0	4	504.441	504.741
507.61699999999996	0.9000000000000341	trials	86	s086_J210526	grCe_grSu6CiNe_PS	19	225.0	4	507.917	508.216
508.217	0.9000000000000341	trials	86	s086_J210526	grCe_grSu6Ne	7	315.0	4	508.517	508.816
508.817	0.9000000000000341	trials	86	s086_J210526	grCe_grSu12SmCiNe_PS	21	135.0	4	509.117	509.416
513.7510000000001	0.8999999999999773	trials	86	s086_J210526	grCe_grSu6CiNe	15	135.0	4	514.051	514.35
514.351	0.8999999999999773	trials	86	s086_J210526	grCe_grSu3Ne	5	270.0	4	514.651	514.95
514.951	0.8999999999999773	trials	86	s086_J210526	grCe_grSu6Ne_PS	18	135.0	4	515.251	515.55
519.777	0.8999999999999773	trials	86	s086_J210526	grCe_grSu12Mi	9	135.0	4	520.077	520.376
520.385	0.8999999999999773	trials	86	s086_J210526	grCe_grSu12Mi	9	270.0	4	520.685	520.984
526.111	0.8999999999999773	trials	86	s086_J210526	coCe	16	45.0	4	526.411	526.71
526.711	0.8999999999999773	trials	86	s086_J210526	grCe_grSu6CiNe	15	315.0	4	527.011	527.31
532.1610000000001	0.8999999999999773	trials	86	s086_J210526	NoStim	0		4	532.461	532.761
538.596	0.8999999999999773	trials	86	s086_J210526	grCe_grSu12SmCiNe_PS	21	315.0	4	538.896	539.195
544.613	0.8999999999999773	trials	86	s086_J210526	grCe_grSu6Ne_PS	18	45.0	4	544.913	545.213
545.221	0.8999999999999773	trials	86	s086_J210526	grCe_grSu6Ne	7	225.0	4	545.521	545.821
550.6640000000001	0.8999999999999773	trials	86	s086_J210526	grCe_grSu6Ne	7	270.0	4	550.964	551.263
551.272	0.8999999999999773	trials	86	s086_J210526	coCe_grSu6Ne	17	225.0	4	551.572	551.872
551.8720000000001	0.8999999999999773	trials	86	s086_J210526	grSu12SmCiNe	12		4	552.172	552.472
556.673	0.8999999999999773	trials	86	s086_J210526	grCe_grSu18Fa	11	180.0	4	556.973	557.273
557.2810000000001	0.8999999999999773	trials	86	s086_J210526	grSu12Mi	8		4	557.581	557.881
557.8810000000001	0.8999999999999773	trials	86	s086_J210526	grCe	1	90.0	4	558.181	558.481
562.6990000000001	0.8999999999999773	trials	86	s086_J210526	grCe_grSu12SmCiNe	13	180.0	4	562.999	563.298
563.316	0.8999999999999773	trials	86	s086_J210526	grCe_grSu18Fa	11	135.0	4	563.616	563.915
570.558	0.8999999999999773	trials	86	s086_J210526	grCe_grSu6Ne_PS	18	315.0	4	570.858	571.158
571.1750000000001	0.8999999999999773	trials	86	s086_J210526	grCe_grSu18Fa	11	270.0	4	571.475	571.774
576.5010000000001	0.8999999999999773	trials	86	s086_J210526	grCe_grSu6Ne_PS	18	270.0	4	576.801	577.1
577.109	0.8999999999999773	trials	86	s086_J210526	grCe_grSu3Ne	5	135.0	4	577.409	577.709
583.0680000000001	0.8999999999999773	trials	86	s086_J210526	grCe_grSu6CiNe	15	0.0	4	583.368	583.668
583.668	0.8999999999999773	trials	86	s086_J210526	grCe_grSu6Ne_PS	18	0.0	4	583.968	584.268
584.2850000000001	0.8999999999999773	trials	86	s086_J210526	grCe_grSu18Fa	11	315.0	4	584.585	584.884
590.144	0.8999999999999773	trials	86	s086_J210526	grCe_grSu6Ne	7	45.0	4	590.444	590.744
594.9530000000001	0.8999999999999773	trials	86	s086_J210526	grCe_grSu12Mi	9	45.0	4	595.253	595.552
595.553	0.8999999999999773	trials	86	s086_J210526	grCe_grSu1Ne	3	90.0	4	595.853	596.153
600.62	0.8999999999999773	trials	86	s086_J210526	grCe_grSu1Ne	3	225.0	4	600.92	601.22
601.22	0.8999999999999773	trials	86	s086_J210526	coCe	16	180.0	4	601.52	601.82
601.8620000000001	0.8999999999999773	trials	86	s086_J210526	grCe	1	225.0	4	602.162	602.462
606.846	0.8999999999999773	trials	86	s086_J210526	grCe_grSu3Ne	5	315.0	4	607.146	607.446
608.0550000000001	0.8999999999999773	trials	86	s086_J210526	grCe_grSu1Ne	3	45.0	4	608.355	608.654
613.855	0.8999999999999773	trials	86	s086_J210526	grCe	1	315.0	4	614.155	614.455
617.5390000000001	0.8999999999999773	trials	86	s086_J210526	grCe_grSu12SmCiNe	13	315.0	4	617.839	618.139
627.932	0.8999999999999773	trials	86	s086_J210526	grCe_grSu18Fa	11	225.0	4	628.232	628.532
628.532	0.8999999999999773	trials	86	s086_J210526	grCe_grSu6CiNe	15	225.0	4	628.832	629.132
629.1410000000001	0.8999999999999773	trials	86	s086_J210526	grCe_grSu12Mi	9	90.0	4	629.441	629.74
634.191	0.8999999999999773	trials	86	s086_J210526	grSu6CiNe	14		4	634.491	634.791
634.8000000000001	0.8999999999999773	trials	86	s086_J210526	grCe_grSu1Ne	3	0.0	4	635.1	635.399
640.259	0.8999999999999773	trials	86	s086_J210526	grCe_grSu12SmCiNe_PS	21	270.0	4	640.559	640.858
640.859	0.8999999999999773	trials	86	s086_J210526	grCe_grSu6CiNe_PS	19	0.0	4	641.159	641.458
641.4590000000001	0.8999999999999773	trials	86	s086_J210526	grCe_grSu6Ne_PS	18	180.0	4	641.759	642.059
652.652	0.8999999999999773	trials	86	s086_J210526	grCe_grSu6CiNe	15	45.0	4	652.952	653.252
653.2520000000001	0.8999999999999773	trials	86	s086_J210526	coCe	16	225.0	4	653.552	653.852
653.861	0.8999999999999773	trials	86	s086_J210526	grCe_grSu12Mi	9	315.0	4	654.161	654.46
659.4110000000001	0.8999999999999773	trials	86	s086_J210526	grSu3Ne	4		4	659.711	660.011
660.0110000000001	0.8999999999999773	trials	86	s086_J210526	grCe_grSu12SmCiNe	13	0.0	4	660.311	660.611
667.946	0.8999999999999773	trials	86	s086_J210526	grCe	1	45.0	4	668.246	668.545
669.1460000000001	0.8999999999999773	trials	86	s086_J210526	grCe_grSu6Ne	7	135.0	4	669.446	669.745
674.4630000000001	0.8999999999999773	trials	86	s086_J210526	grCe_grSu6CiNe_PS	19	270.0	4	674.763	675.063
680.8720000000001	0.8999999999999773	trials	86	s086_J210526	grCe_grSu3Ne	5	225.0	4	681.172	681.472
681.481	0.8999999999999773	trials	86	s086_J210526	grCe_grSu12SmCiNe	13	270.0	4	681.781	682.08
682.081	0.8999999999999773	trials	86	s086_J210526	grCe_grSu3Ne	5	0.0	4	682.381	682.68
687.282	0.8999999999999773	trials	86	s086_J210526	grCe	1	270.0	4	687.582	687.881
687.8820000000001	0.8999999999999773	trials	86	s086_J210526	coCe_grSu6Ne	17	315.0	4	688.182	688.481
688.4820000000001	0.8999999999999773	trials	86	s086_J210526	grCe_grSu12SmCiNe_PS	21	0.0	4	688.782	689.081
696.408	0.8999999999999773	trials	86	s086_J210526	grSu18Fa	10		4	696.708	697.007
697.0160000000001	0.8999999999999773	trials	86	s086_J210526	coCe_grSu6Ne	17	90.0	4	697.316	697.616
697.6160000000001	0.8999999999999773	trials	86	s086_J210526	grCe_grSu6CiNe_PS	19	45.0	4	697.916	698.216
706.3670000000001	0.8999999999999773	trials	86	s086_J210526	grCe_grSu12SmCiNe	13	270.0	3	706.667	706.967
706.9670000000001	0.8999999999999773	trials	86	s086_J210526	grCe_grSu6Ne_PS	18	135.0	3	707.267	707.567
707.5680000000001	0.8999999999999773	trials	86	s086_J210526	grCe_grSu6CiNe_PS	19	270.0	3	707.868	708.167
712.4100000000001	0.8999999999999773	trials	86	s086_J210526	grCe_grSu12SmCiNe	13	90.0	3	712.71	713.009
717.0690000000001	0.8999999999999773	trials	86	s086_J210526	grCe_grSu12Mi	9	45.0	3	717.369	717.668
717.677	0.8999999999999773	trials	86	s086_J210526	grCe_grSu12SmCiNe	13	45.0	3	717.977	718.277
722.528	0.8999999999999773	trials	86	s086_J210526	grCe_grSu12SmCiNe_PS	21	0.0	3	722.828	723.127
723.1360000000001	0.8999999999999773	trials	86	s086_J210526	grCe_grSu6Ne	7	45.0	3	723.436	723.736
723.736	0.8999999999999773	trials	86	s086_J210526	grCe_grSu12SmCiNe_PS	21	225.0	3	724.036	724.336
728.629	0.8999999999999773	trials	86	s086_J210526	grSu6CiNe	14		3	728.929	729.228
729.229	0.8999999999999773	trials	86	s086_J210526	grCe_grSu12SmCiNe_PS	21	45.0	3	729.529	729.828
729.837	0.8999999999999773	trials	86	s086_J210526	coCe_grSu6Ne	17	135.0	3	730.137	730.437
735.0210000000001	0.8999999999999773	trials	86	s086_J210526	grCe_grSu6CiNe	15	315.0	3	735.321	735.621
735.6210000000001	0.8999999999999773	trials	86	s086_J210526	grCe_grSu6CiNe_PS	19	180.0	3	735.921	736.221
736.23	0.8999999999999773	trials	86	s086_J210526	coCe_grSu6Ne	17	270.0	3	736.53	736.829
744.714	0.8999999999999773	trials	86	s086_J210526	grCe_grSu12Mi	9	90.0	3	745.014	745.314
745.322	0.8999999999999773	trials	86	s086_J210526	grCe_grSu12SmCiNe	13	135.0	3	745.622	745.922
745.931	0.8999999999999773	trials	86	s086_J210526	grCe_grSu6Ne	7	270.0	3	746.231	746.53
750.806	0.8999999999999773	trials	86	s086_J210526	grCe_grSu1Ne	3	135.0	3	751.106	751.406
751.407	0.8999999999999773	trials	86	s086_J210526	grCe_grSu6Ne_PS	18	180.0	3	751.707	752.006
752.0150000000001	0.8999999999999773	trials	86	s086_J210526	grCe_grSu6Ne	7	0.0	3	752.315	752.614
756.782	0.8999999999999773	trials	86	s086_J210526	grCe_grSu3Ne	5	270.0	3	757.082	757.382
757.3820000000001	0.8999999999999773	trials	86	s086_J210526	grCe	1	270.0	3	757.682	757.982
765.058	0.8999999999999773	trials	86	s086_J210526	grCe_grSu1Ne	3	45.0	3	765.358	765.658
765.658	0.8999999999999773	trials	86	s086_J210526	grCe	1	0.0	3	765.958	766.258
769.567	0.8999999999999773	trials	86	s086_J210526	grCe_grSu12Mi	9	135.0	3	769.867	770.167
770.784	0.8999999999999773	trials	86	s086_J210526	grCe_grSu18Fa	11	180.0	3	771.084	771.384
775.926	0.8999999999999773	trials	86	s086_J210526	grCe_grSu3Ne	5	135.0	3	776.226	776.526
777.1270000000001	0.8999999999999773	trials	86	s086_J210526	grSu1Ne	2		3	777.427	777.726
782.019	0.8999999999999773	trials	86	s086_J210526	grCe_grSu6Ne_PS	18	315.0	3	782.319	782.618
782.6270000000001	0.8999999999999773	trials	86	s086_J210526	grCe_grSu12Mi	9	0.0	3	782.927	783.227
786.361	0.8999999999999773	trials	86	s086_J210526	coCe	16	180.0	3	786.661	786.961
792.879	0.8999999999999773	trials	86	s086_J210526	grCe	1	180.0	3	793.179	793.478
793.479	0.8999999999999773	trials	86	s086_J210526	coSu6Ne	20		3	793.779	794.078
797.538	0.8999999999999773	trials	86	s086_J210526	coCe_grSu6Ne	17	0.0	3	797.838	798.137
798.138	0.8999999999999773	trials	86	s086_J210526	grCe_grSu6Ne_PS	18	90.0	3	798.438	798.737
803.005	0.8999999999999773	trials	86	s086_J210526	coCe_grSu6Ne	17	225.0	3	803.305	803.604
804.205	0.8999999999999773	trials	86	s086_J210526	grCe_grSu6Ne_PS	18	270.0	3	804.505	804.805
815.557	0.8999999999999773	trials	86	s086_J210526	grCe_grSu6CiNe	15	225.0	3	815.857	816.156
816.173	0.8999999999999773	trials	86	s086_J210526	grCe_grSu18Fa	11	315.0	3	816.473	816.773
816.782	0.8999999999999773	trials	86	s086_J210526	grCe_grSu12Mi	9	225.0	3	817.082	817.381
821.599	0.8999999999999773	trials	86	s086_J210526	grCe_grSu12SmCiNe_PS	21	135.0	3	821.899	822.199
822.1990000000001	0.8999999999999773	trials	86	s086_J210526	grCe_grSu6Ne_PS	18	225.0	3	822.499	822.799
822.7990000000001	0.8999999999999773	trials	86	s086_J210526	coCe	16	225.0	3	823.099	823.399
827.725	0.8999999999999773	trials	86	s086_J210526	grCe_grSu6CiNe_PS	19	90.0	3	828.025	828.324
828.325	0.8999999999999773	trials	86	s086_J210526	coCe	16	0.0	3	828.625	828.924
828.933	0.8999999999999773	trials	86	s086_J210526	grCe_grSu12Mi	9	315.0	3	829.233	829.533
834.4590000000001	0.8999999999999773	trials	86	s086_J210526	grCe_grSu3Ne	5	45.0	3	834.759	835.059
842.8430000000001	0.8999999999999773	trials	86	s086_J210526	grCe_grSu18Fa	11	0.0	3	843.143	843.443
843.452	0.8999999999999773	trials	86	s086_J210526	grCe_grSu18Fa	11	90.0	3	843.752	844.051
844.0690000000001	0.8999999999999773	trials	86	s086_J210526	grCe_grSu18Fa	11	135.0	3	844.369	844.668
848.7610000000001	0.8999999999999773	trials	86	s086_J210526	grCe_grSu1Ne	3	0.0	3	849.061	849.36
849.361	0.8999999999999773	trials	86	s086_J210526	coCe	16	270.0	3	849.661	849.96
849.961	0.8999999999999773	trials	86	s086_J210526	grCe	1	135.0	3	850.261	850.561
854.8620000000001	0.8999999999999773	trials	86	s086_J210526	grSu12Mi	8		3	855.162	855.461
855.462	0.8999999999999773	trials	86	s086_J210526	coCe	16	135.0	3	855.762	856.061
856.07	0.8999999999999773	trials	86	s086_J210526	grCe_grSu3Ne	5	0.0	3	856.37	856.67
861.1120000000001	0.8999999999999773	trials	86	s086_J210526	grCe_grSu1Ne	3	270.0	3	861.412	861.712
862.3130000000001	0.8999999999999773	trials	86	s086_J210526	grCe_grSu3Ne	5	315.0	3	862.613	862.912
867.9050000000001	0.8999999999999773	trials	86	s086_J210526	grCe_grSu6CiNe_PS	19	315.0	3	868.205	868.505
868.513	0.8999999999999773	trials	86	s086_J210526	grCe_grSu12Mi	9	270.0	3	868.813	869.113
873.4060000000001	0.8999999999999773	trials	86	s086_J210526	coCe	16	90.0	3	873.706	874.005
874.0060000000001	0.8999999999999773	trials	86	s086_J210526	grCe_grSu12SmCiNe_PS	21	90.0	3	874.306	874.605
877.5730000000001	0.8999999999999773	trials	86	s086_J210526	grCe	1	225.0	3	877.873	878.172
884.4240000000001	0.8999999999999773	trials	86	s086_J210526	grCe_grSu6Ne	7	135.0	3	884.724	885.023
885.024	0.8999999999999773	trials	86	s086_J210526	grCe_grSu6CiNe_PS	19	45.0	3	885.324	885.623
885.624	0.8999999999999773	trials	86	s086_J210526	grCe_grSu6CiNe	15	90.0	3	885.924	886.223
890.5160000000001	0.8999999999999773	trials	86	s086_J210526	grCe_grSu12Mi	9	180.0	3	890.816	891.116
894.892	0.8999999999999773	trials	86	s086_J210526	grCe_grSu6CiNe_PS	19	0.0	3	895.192	895.491
900.3760000000001	0.8999999999999773	trials	86	s086_J210526	grCe_grSu3Ne	5	180.0	3	900.676	900.975
900.984	0.8999999999999773	trials	86	s086_J210526	grCe_grSu12SmCiNe	13	180.0	3	901.284	901.584
901.5840000000001	0.8999999999999773	trials	86	s086_J210526	coCe_grSu6Ne	17	180.0	3	901.884	902.184
910.0020000000001	0.8999999999999773	trials	86	s086_J210526	grCe_grSu6Ne	7	180.0	3	910.302	910.602
911.211	0.8999999999999773	trials	86	s086_J210526	grCe_grSu1Ne	3	180.0	3	911.511	911.81
916.0450000000001	0.8999999999999773	trials	86	s086_J210526	grSu3Ne	4		3	916.345	916.644
917.245	0.8999999999999773	trials	86	s086_J210526	grCe_grSu1Ne	3	90.0	3	917.545	917.844
922.7620000000001	0.8999999999999773	trials	86	s086_J210526	grCe_grSu12SmCiNe	13	315.0	3	923.062	923.362
923.379	0.8999999999999773	trials	86	s086_J210526	grCe_grSu18Fa	11	270.0	3	923.679	923.978
928.613	0.8999999999999773	trials	86	s086_J210526	grCe_grSu6CiNe_PS	19	135.0	3	928.913	929.212
929.2130000000001	0.8999999999999773	trials	86	s086_J210526	grCe_grSu12SmCiNe_PS	21	270.0	3	929.513	929.812
934.8720000000001	0.8999999999999773	trials	86	s086_J210526	grCe	1	90.0	3	935.172	935.472
935.6640000000001	0.8999999999999773	trials	86	s086_J210526	grCe_grSu3Ne	5	225.0	3	935.964	936.263
936.264	0.8999999999999773	trials	86	s086_J210526	grSu6Ne	6		3	936.564	936.863
947.3820000000001	0.8999999999999773	trials	86	s086_J210526	grCe_grSu6CiNe	15	45.0	3	947.682	947.981
947.9820000000001	0.8999999999999773	trials	86	s086_J210526	grCe	1	45.0	3	948.282	948.582
948.582	0.8999999999999773	trials	86	s086_J210526	grCe_grSu6Ne	7	90.0	3	948.882	949.182
953.441	0.8999999999999773	trials	86	s086_J210526	NoStim	0		3	953.741	954.041
954.0490000000001	0.8999999999999773	trials	86	s086_J210526	grSu18Fa	10		3	954.349	954.649
954.658	0.8999999999999773	trials	86	s086_J210526	grCe_grSu6Ne	7	315.0	3	954.958	955.257
959.6840000000001	0.8999999999999773	trials	86	s086_J210526	grCe_grSu3Ne	5	90.0	3	959.984	960.283
963.4010000000001	0.8999999999999773	trials	86	s086_J210526	grCe_grSu12SmCiNe_PS	21	180.0	3	963.701	964.0
964.0010000000001	0.8999999999999773	trials	86	s086_J210526	grCe_grSu12SmCiNe_PS	21	315.0	3	964.301	964.6
964.601	0.8999999999999773	trials	86	s086_J210526	grCe_grSu6Ne_PS	18	45.0	3	964.901	965.2
969.485	0.8999999999999773	trials	86	s086_J210526	grCe_grSu6CiNe	15	135.0	3	969.785	970.084
970.085	0.8999999999999773	trials	86	s086_J210526	grCe_grSu12SmCiNe	13	225.0	3	970.385	970.684
970.6850000000001	0.8999999999999773	trials	86	s086_J210526	grCe_grSu6CiNe_PS	19	225.0	3	970.985	971.285
975.7860000000001	0.8999999999999773	trials	86	s086_J210526	grCe_grSu1Ne	3	315.0	3	976.086	976.385
976.3860000000001	0.8999999999999773	trials	86	s086_J210526	grCe_grSu6CiNe	15	0.0	3	976.686	976.985
976.986	0.8999999999999773	trials	86	s086_J210526	grCe	1	315.0	3	977.286	977.585
981.861	0.8999999999999773	trials	86	s086_J210526	grSu12SmCiNe	12		3	982.161	982.461
982.486	0.8999999999999773	trials	86	s086_J210526	coCe	16	315.0	3	982.786	983.086
983.095	0.8999999999999773	trials	86	s086_J210526	coCe_grSu6Ne	17	90.0	3	983.395	983.694
988.5540000000001	0.8999999999999773	trials	86	s086_J210526	grCe_grSu6CiNe	15	180.0	3	988.854	989.153
989.162	0.8999999999999773	trials	86	s086_J210526	grCe_grSu6CiNe	15	270.0	3	989.462	989.762
989.7620000000001	0.8999999999999773	trials	86	s086_J210526	grCe_grSu1Ne	3	225.0	3	990.062	990.362
994.663	0.8999999999999773	trials	86	s086_J210526	grCe_grSu18Fa	11	45.0	3	994.963	995.263
995.2710000000001	0.8999999999999773	trials	86	s086_J210526	grCe_grSu12SmCiNe	13	0.0	3	995.571	995.871
995.8720000000001	0.8999999999999773	trials	86	s086_J210526	grCe_grSu6Ne_PS	18	0.0	3	996.172	996.471
1000.856	0.8999999999999773	trials	86	s086_J210526	coCe	16	45.0	3	1001.156	1001.455
1007.356	0.8999999999999773	trials	86	s086_J210526	grCe_grSu6Ne	7	225.0	3	1007.656	1007.956
1007.965	0.8999999999999773	trials	86	s086_J210526	coCe_grSu6Ne	17	315.0	3	1008.265	1008.564
1008.5730000000001	0.8999999999999773	trials	86	s086_J210526	coCe_grSu6Ne	17	45.0	3	1008.873	1009.173
1013.691	0.8999999999999773	trials	86	s086_J210526	grCe_grSu18Fa	11	225.0	3	1013.991	1014.29
1014.8910000000001	0.8999999999999773	trials	86	s086_J210526	grCe_grSu1Ne	3	270.0	6	1015.191	1015.49
1019.816	0.8999999999999773	trials	86	s086_J210526	grCe_grSu12Mi	9	90.0	6	1020.116	1020.416
1020.416	0.8999999999999773	trials	86	s086_J210526	grCe_grSu6Ne_PS	18	90.0	6	1020.716	1021.016
1021.033	0.8999999999999773	trials	86	s086_J210526	grCe_grSu18Fa	11	45.0	6	1021.333	1021.633
1026.617	0.8999999999998636	trials	86	s086_J210526	coCe	16	0.0	6	1026.917	1027.217
1027.226	0.8999999999998636	trials	86	s086_J210526	grCe_grSu12Mi	9	45.0	6	1027.526	1027.825
1032.0510000000002	0.8999999999998636	trials	86	s086_J210526	grCe_grSu6Ne_PS	18	180.0	6	1032.351	1032.651
1032.693	0.8999999999998636	trials	86	s086_J210526	grCe_grSu1Ne	3	180.0	6	1032.993	1033.293
1038.8020000000001	0.8999999999998636	trials	86	s086_J210526	grCe	1	225.0	6	1039.102	1039.402
1039.411	0.8999999999998636	trials	86	s086_J210526	coCe_grSu6Ne	17	180.0	6	1039.711	1040.01
1044.344	0.8999999999998636	trials	86	s086_J210526	grCe_grSu3Ne	5	180.0	6	1044.644	1044.944
1044.953	0.8999999999998636	trials	86	s086_J210526	grCe_grSu6Ne	7	45.0	6	1045.253	1045.552
1045.553	0.8999999999998636	trials	86	s086_J210526	grCe_grSu6CiNe_PS	19	0.0	6	1045.853	1046.153
1050.445	0.8999999999998636	trials	86	s086_J210526	grCe_grSu12Mi	9	315.0	6	1050.745	1051.045
1051.654	0.8999999999998636	trials	86	s086_J210526	grCe_grSu6Ne	7	225.0	6	1051.954	1052.253
1056.538	0.8999999999998636	trials	86	s086_J210526	grCe_grSu6CiNe_PS	19	315.0	6	1056.838	1057.137
1057.1380000000001	0.8999999999998636	trials	86	s086_J210526	grCe_grSu6CiNe_PS	19	135.0	6	1057.438	1057.737
1057.738	0.8999999999998636	trials	86	s086_J210526	grCe_grSu6Ne_PS	18	315.0	6	1058.038	1058.337
1063.672	0.8999999999998636	trials	86	s086_J210526	grCe_grSu6CiNe	15	180.0	6	1063.972	1064.272
1069.156	0.8999999999998636	trials	86	s086_J210526	grCe	1	45.0	6	1069.456	1069.756
1072.5230000000001	0.8999999999998636	trials	86	s086_J210526	grCe_grSu12SmCiNe	13	315.0	6	1072.823	1073.123
1073.132	0.8999999999998636	trials	86	s086_J210526	grCe_grSu6CiNe	15	270.0	6	1073.432	1073.731
1078.5910000000001	0.8999999999998636	trials	86	s086_J210526	grCe_grSu6Ne_PS	18	135.0	6	1078.891	1079.19
1082.741	0.8999999999998636	trials	86	s086_J210526	grSu6CiNe	14		6	1083.041	1083.341
1083.3500000000001	0.8999999999998636	trials	86	s086_J210526	grCe_grSu1Ne	3	225.0	6	1083.65	1083.949
1083.958	0.8999999999998636	trials	86	s086_J210526	grCe_grSu6CiNe	15	225.0	6	1084.258	1084.558
1088.8500000000001	0.8999999999998636	trials	86	s086_J210526	coCe_grSu6Ne	17	315.0	6	1089.15	1089.45
1089.459	0.8999999999998636	trials	86	s086_J210526	grCe_grSu1Ne	3	90.0	6	1089.759	1090.058
1090.059	0.8999999999998636	trials	86	s086_J210526	grCe_grSu3Ne	5	45.0	6	1090.359	1090.658
1101.71	0.8999999999998636	trials	86	s086_J210526	grCe_grSu12SmCiNe_PS	21	45.0	6	1102.01	1102.31
1102.31	0.8999999999998636	trials	86	s086_J210526	coCe_grSu6Ne	17	90.0	6	1102.61	1102.91
1107.286	0.8999999999998636	trials	86	s086_J210526	grCe_grSu12SmCiNe	13	0.0	6	1107.586	1107.886
1110.845	0.8999999999998636	trials	86	s086_J210526	grCe	1	180.0	6	1111.145	1111.444
1111.453	0.8999999999998636	trials	86	s086_J210526	grCe_grSu6CiNe	15	90.0	6	1111.753	1112.053
1119.871	0.8999999999998636	trials	86	s086_J210526	grCe_grSu6CiNe_PS	19	270.0	6	1120.171	1120.471
1120.479	0.8999999999998636	trials	86	s086_J210526	grCe_grSu6Ne	7	0.0	6	1120.779	1121.079
1121.079	0.8999999999998636	trials	86	s086_J210526	grCe_grSu6CiNe_PS	19	180.0	6	1121.379	1121.679
1126.03	0.8999999999998636	trials	86	s086_J210526	grCe_grSu6CiNe	15	45.0	6	1126.33	1126.63
1129.506	0.8999999999998636	trials	86	s086_J210526	coCe_grSu6Ne	17	135.0	6	1129.806	1130.105
1130.106	0.8999999999998636	trials	86	s086_J210526	coCe	16	315.0	6	1130.406	1130.705
1133.673	0.8999999999998636	trials	86	s086_J210526	grCe_grSu1Ne	3	45.0	6	1133.973	1134.272
1134.2730000000001	0.8999999999998636	trials	86	s086_J210526	coCe	16	45.0	6	1134.573	1134.872
1134.89	0.8999999999998636	trials	86	s086_J210526	grCe_grSu6CiNe	15	0.0	6	1135.19	1135.489
1140.382	0.8999999999998636	trials	86	s086_J210526	grCe_grSu12SmCiNe	13	135.0	6	1140.682	1140.981
1140.982	0.8999999999998636	trials	86	s086_J210526	grCe_grSu12SmCiNe	13	270.0	6	1141.282	1141.582
1145.808	0.8999999999998636	trials	86	s086_J210526	grCe_grSu18Fa	11	225.0	6	1146.108	1146.407
1146.416	0.8999999999998636	trials	86	s086_J210526	grCe_grSu12Mi	9	135.0	6	1146.716	1147.016
1147.016	0.8999999999998636	trials	86	s086_J210526	grCe_grSu6Ne	7	135.0	6	1147.316	1147.616
1158.409	0.8999999999998636	trials	86	s086_J210526	grCe	1	135.0	6	1158.709	1159.009
1159.018	0.8999999999998636	trials	86	s086_J210526	grSu18Fa	10		6	1159.318	1159.617
1159.618	0.8999999999998636	trials	86	s086_J210526	coSu6Ne	20		6	1159.918	1160.217
1164.51	0.8999999999998636	trials	86	s086_J210526	grCe_grSu12SmCiNe_PS	21	180.0	6	1164.81	1165.11
1165.118	0.8999999999998636	trials	86	s086_J210526	grCe_grSu12Mi	9	225.0	6	1165.418	1165.718
1165.877	0.8999999999998636	trials	86	s086_J210526	coCe	16	90.0	6	1166.177	1166.476
1170.703	0.8999999999998636	trials	86	s086_J210526	grCe_grSu6Ne_PS	18	0.0	6	1171.003	1171.302
1171.344	0.8999999999998636	trials	86	s086_J210526	grCe_grSu3Ne	5	315.0	6	1171.644	1171.944
1171.961	0.8999999999998636	trials	86	s086_J210526	grCe_grSu18Fa	11	0.0	6	1172.261	1172.561
1176.97	0.8999999999998636	trials	86	s086_J210526	grCe_grSu18Fa	11	135.0	6	1177.27	1177.57
1183.963	0.8999999999998636	trials	86	s086_J210526	grCe	1	90.0	6	1184.263	1184.562
1189.847	0.8999999999998636	trials	86	s086_J210526	grCe_grSu18Fa	11	270.0	6	1190.147	1190.446
1190.4470000000001	0.8999999999998636	trials	86	s086_J210526	NoStim	0		6	1190.747	1191.046
1191.047	0.8999999999998636	trials	86	s086_J210526	grCe_grSu12SmCiNe_PS	21	0.0	6	1191.347	1191.646
1196.114	0.8999999999998636	trials	86	s086_J210526	grCe_grSu12Mi	9	180.0	6	1196.414	1196.714
1196.714	0.8999999999998636	trials	86	s086_J210526	grCe_grSu12SmCiNe	13	90.0	6	1197.014	1197.314
1197.323	0.8999999999998636	trials	86	s086_J210526	coCe_grSu6Ne	17	270.0	6	1197.623	1197.922
1202.123	0.8999999999998636	trials	86	s086_J210526	grCe_grSu12SmCiNe	13	45.0	6	1202.423	1202.723
1212.4660000000001	0.8999999999998636	trials	86	s086_J210526	grCe_grSu18Fa	11	90.0	6	1212.766	1213.066
1213.066	0.8999999999998636	trials	86	s086_J210526	grCe	1	0.0	6	1213.366	1213.666
1217.967	0.8999999999998636	trials	86	s086_J210526	grCe_grSu6Ne	7	315.0	6	1218.267	1218.567
1221.6670000000001	0.8999999999998636	trials	86	s086_J210526	grCe_grSu12SmCiNe_PS	21	90.0	6	1221.967	1222.267
1222.268	0.8999999999998636	trials	86	s086_J210526	grCe_grSu6Ne_PS	18	270.0	6	1222.568	1222.867
1222.876	0.8999999999998636	trials	86	s086_J210526	grCe_grSu3Ne	5	90.0	6	1223.176	1223.476
1227.81	0.8999999999998636	trials	86	s086_J210526	grCe_grSu18Fa	11	180.0	6	1228.11	1228.409
1228.41	0.8999999999998636	trials	86	s086_J210526	grCe_grSu6Ne_PS	18	225.0	6	1228.71	1229.01
1229.085	0.8999999999998636	trials	86	s086_J210526	grCe_grSu3Ne	5	225.0	6	1229.385	1229.685
1236.944	0.8999999999998636	trials	86	s086_J210526	grCe_grSu1Ne	3	135.0	6	1237.244	1237.544
1240.237	0.8999999999998636	trials	86	s086_J210526	grCe_grSu6Ne	7	270.0	6	1240.537	1240.836
1240.845	0.8999999999998636	trials	86	s086_J210526	grCe_grSu3Ne	5	135.0	6	1241.145	1241.445
1246.3790000000001	0.8999999999998636	trials	86	s086_J210526	grCe_grSu6CiNe	15	135.0	6	1246.679	1246.979
1256.472	0.8999999999998636	trials	86	s086_J210526	grCe	1	315.0	6	1256.772	1257.072
1257.0720000000001	0.8999999999998636	trials	86	s086_J210526	grCe_grSu12SmCiNe	13	180.0	6	1257.372	1257.672
1260.864	0.8999999999998636	trials	86	s086_J210526	grCe_grSu3Ne	5	0.0	6	1261.164	1261.464
1261.473	0.8999999999998636	trials	86	s086_J210526	grCe_grSu6Ne	7	180.0	6	1261.773	1262.072
1262.073	0.8999999999998636	trials	86	s086_J210526	coCe	16	135.0	6	1262.373	1262.672
1266.973	0.8999999999998636	trials	86	s086_J210526	grCe_grSu12SmCiNe_PS	21	315.0	6	1267.273	1267.573
1268.19	0.8999999999998636	trials	86	s086_J210526	coCe_grSu6Ne	17	225.0	6	1268.49	1268.79
1273.8990000000001	0.8999999999998636	trials	86	s086_J210526	coCe	16	180.0	6	1274.199	1274.499
1274.508	0.8999999999998636	trials	86	s086_J210526	grCe_grSu12SmCiNe	13	225.0	6	1274.808	1275.107
1279.458	0.8999999999998636	trials	86	s086_J210526	grSu1Ne	2		6	1279.758	1280.058
1280.058	0.8999999999998636	trials	86	s086_J210526	grCe	1	270.0	6	1280.358	1280.658
1285.592	0.8999999999998636	trials	86	s086_J210526	grCe_grSu6Ne_PS	18	45.0	6	1285.892	1286.192
1289.276	0.8999999999998636	trials	86	s086_J210526	grCe_grSu12SmCiNe_PS	21	270.0	6	1289.576	1289.876
1289.876	0.8999999999998636	trials	86	s086_J210526	grCe_grSu12SmCiNe_PS	21	225.0	6	1290.176	1290.476
1290.476	0.8999999999998636	trials	86	s086_J210526	grCe_grSu3Ne	5	270.0	6	1290.776	1291.076
1295.335	0.8999999999998636	trials	86	s086_J210526	grCe_grSu6CiNe_PS	19	45.0	6	1295.635	1295.935
1299.544	0.8999999999998636	trials	86	s086_J210526	grSu6Ne	6		6	1299.844	1300.144
1300.144	0.8999999999998636	trials	86	s086_J210526	grSu3Ne	4		6	1300.444	1300.744
1305.195	0.8999999999998636	trials	86	s086_J210526	grCe_grSu1Ne	3	0.0	6	1305.495	1305.795
1306.395	0.8999999999998636	trials	86	s086_J210526	grSu12SmCiNe	12		6	1306.695	1306.995
1311.0710000000001	0.8999999999998636	trials	86	s086_J210526	grSu12Mi	8		6	1311.371	1311.67
1311.671	0.8999999999998636	trials	86	s086_J210526	grCe_grSu12SmCiNe_PS	21	135.0	6	1311.971	1312.27
1320.3890000000001	0.8999999999998636	trials	86	s086_J210526	coCe	16	270.0	6	1320.689	1320.988
1320.997	0.8999999999998636	trials	86	s086_J210526	grCe_grSu12Mi	9	0.0	6	1321.297	1321.597
1321.605	0.8999999999998636	trials	86	s086_J210526	coCe_grSu6Ne	17	0.0	6	1321.905	1322.205
1326.414	0.8999999999998636	trials	86	s086_J210526	grCe_grSu18Fa	11	315.0	6	1326.714	1327.014
1330.765	0.8999999999998636	trials	86	s086_J210526	grCe_grSu1Ne	3	315.0	6	1331.065	1331.364
1331.365	0.8999999999998636	trials	86	s086_J210526	grCe_grSu6CiNe	15	315.0	6	1331.665	1331.965
1331.973	0.8999999999998636	trials	86	s086_J210526	coCe_grSu6Ne	17	45.0	6	1332.273	1332.573
1340.708	0.8999999999998636	trials	86	s086_J210526	grCe_grSu12Mi	9	270.0	6	1341.008	1341.307
1341.308	0.8999999999998636	trials	86	s086_J210526	coCe	16	225.0	6	1341.608	1341.908
1346.217	0.8999999999998636	trials	86	s086_J210526	grCe_grSu6Ne	7	90.0	6	1346.517	1346.816
1346.817	0.8999999999998636	trials	86	s086_J210526	grCe_grSu6CiNe_PS	19	90.0	6	1347.117	1347.417
1347.4170000000001	0.8999999999998636	trials	86	s086_J210526	grCe_grSu6CiNe_PS	19	225.0	6	1347.717	1348.017
1352.434	0.8999999999998636	trials	86	s086_J210526	coCe_grSu6Ne	17	45.0	0	1352.734	1353.034
1353.0430000000001	0.8999999999998636	trials	86	s086_J210526	grCe_grSu3Ne	5	225.0	0	1353.343	1353.642
1359.277	0.8999999999998636	trials	86	s086_J210526	grCe_grSu6CiNe	15	45.0	0	1359.577	1359.877
1366.7530000000002	0.8999999999998636	trials	86	s086_J210526	grCe_grSu6Ne	7	270.0	0	1367.053	1367.352
1367.353	0.8999999999998636	trials	86	s086_J210526	grCe	1	0.0	0	1367.653	1367.953
1367.953	0.8999999999998636	trials	86	s086_J210526	coSu6Ne	20		0	1368.253	1368.553
1372.929	0.8999999999998636	trials	86	s086_J210526	grCe_grSu1Ne	3	45.0	0	1373.229	1373.528
1373.529	0.8999999999998636	trials	86	s086_J210526	grCe_grSu6Ne_PS	18	270.0	0	1373.829	1374.128
1374.137	0.8999999999998636	trials	86	s086_J210526	grCe_grSu12Mi	9	0.0	0	1374.437	1374.737
1379.1380000000001	0.8999999999998636	trials	86	s086_J210526	grSu18Fa	10		0	1379.438	1379.737
1379.746	0.8999999999998636	trials	86	s086_J210526	grCe_grSu18Fa	11	225.0	0	1380.046	1380.346
1380.346	0.8999999999998636	trials	86	s086_J210526	grCe_grSu3Ne	5	90.0	0	1380.646	1380.946
1385.922	0.8999999999998636	trials	86	s086_J210526	grCe_grSu18Fa	11	0.0	0	1386.222	1386.522
1395.223	0.8999999999998636	trials	86	s086_J210526	grCe_grSu12SmCiNe	13	90.0	0	1395.523	1395.823
1395.823	0.8999999999998636	trials	86	s086_J210526	coCe	16	270.0	0	1396.123	1396.423
1401.991	0.8999999999998636	trials	86	s086_J210526	grCe_grSu6Ne	7	0.0	0	1402.291	1402.59
1405.7	0.8999999999998636	trials	86	s086_J210526	grCe_grSu6Ne	7	90.0	0	1406.0	1406.299
1406.3	0.8999999999998636	trials	86	s086_J210526	coCe	16	180.0	0	1406.6	1406.899
1411.675	0.8999999999998636	trials	86	s086_J210526	grCe_grSu12Mi	9	135.0	0	1411.975	1412.275
1412.275	0.8999999999998636	trials	86	s086_J210526	grCe_grSu12SmCiNe	13	315.0	0	1412.575	1412.875
1412.876	0.8999999999998636	trials	86	s086_J210526	grCe_grSu3Ne	5	0.0	0	1413.176	1413.475
1421.2350000000001	0.8999999999998636	trials	86	s086_J210526	grCe_grSu6Ne_PS	18	225.0	0	1421.535	1421.835
1421.835	0.8999999999998636	trials	86	s086_J210526	grCe_grSu6Ne_PS	18	45.0	0	1422.135	1422.435
1422.435	0.8999999999998636	trials	86	s086_J210526	grCe	1	225.0	0	1422.735	1423.035
1430.395	0.8999999999998636	trials	86	s086_J210526	grCe_grSu6Ne	7	135.0	0	1430.695	1430.994
1436.529	0.8999999999998636	trials	86	s086_J210526	grCe	1	180.0	0	1436.829	1437.128
1437.262	0.8999999999998636	trials	86	s086_J210526	grCe_grSu6CiNe	15	180.0	0	1437.562	1437.862
1437.8700000000001	0.8999999999998636	trials	86	s086_J210526	grCe_grSu12Mi	9	90.0	0	1438.17	1438.47
1443.163	0.8999999999998636	trials	86	s086_J210526	grCe_grSu18Fa	11	45.0	0	1443.463	1443.762
1443.963	0.8999999999998636	trials	86	s086_J210526	grCe_grSu12SmCiNe	13	45.0	0	1444.263	1444.562
1449.522	0.8999999999998636	trials	86	s086_J210526	grCe_grSu18Fa	11	315.0	0	1449.822	1450.122
1450.122	0.8999999999998636	trials	86	s086_J210526	grCe_grSu12SmCiNe_PS	21	0.0	0	1450.422	1450.722
1450.722	0.8999999999998636	trials	86	s086_J210526	grCe_grSu12SmCiNe	13	0.0	0	1451.022	1451.322
1455.689	0.8999999999998636	trials	86	s086_J210526	grCe_grSu1Ne	3	0.0	0	1455.989	1456.289
1456.29	0.8999999999998636	trials	86	s086_J210526	grCe_grSu6CiNe	15	270.0	0	1456.59	1456.889
1460.048	0.8999999999998636	trials	86	s086_J210526	grCe_grSu12SmCiNe_PS	21	135.0	0	1460.348	1460.648
1460.6570000000002	0.8999999999998636	trials	86	s086_J210526	coCe_grSu6Ne	17	270.0	0	1460.957	1461.256
1466.299	0.8999999999998636	trials	86	s086_J210526	grCe	1	45.0	0	1466.599	1466.899
1467.508	0.8999999999998636	trials	86	s086_J210526	grCe_grSu6CiNe_PS	19	135.0	0	1467.808	1468.107
1472.6580000000001	0.8999999999998636	trials	86	s086_J210526	grCe_grSu18Fa	11	90.0	0	1472.958	1473.258
1473.267	0.8999999999998636	trials	86	s086_J210526	grCe_grSu12Mi	9	225.0	0	1473.567	1473.866
1479.059	0.8999999999998636	trials	86	s086_J210526	grCe_grSu12Mi	9	270.0	0	1479.359	1479.659
1479.6680000000001	0.8999999999998636	trials	86	s086_J210526	grCe_grSu12SmCiNe	13	270.0	0	1479.968	1480.267
1480.268	0.8999999999998636	trials	86	s086_J210526	grCe_grSu1Ne	3	270.0	0	1480.568	1480.867
1485.627	0.8999999999998636	trials	86	s086_J210526	coCe	16	315.0	0	1485.927	1486.226
1492.903	0.8999999999998636	trials	86	s086_J210526	grCe_grSu12SmCiNe_PS	21	90.0	0	1493.203	1493.502
1493.5030000000002	0.8999999999998636	trials	86	s086_J210526	grCe_grSu3Ne	5	45.0	0	1493.803	1494.102
1498.412	0.8999999999998636	trials	86	s086_J210526	grCe_grSu3Ne	5	180.0	0	1498.712	1499.011
1502.479	0.8999999999998636	trials	86	s086_J210526	grCe_grSu12SmCiNe	13	135.0	0	1502.779	1503.078
1503.087	0.8999999999998636	trials	86	s086_J210526	grCe_grSu6CiNe	15	0.0	0	1503.387	1503.687
1503.6870000000001	0.8999999999998636	trials	86	s086_J210526	grCe_grSu6CiNe_PS	19	0.0	0	1503.987	1504.287
1508.663	0.8999999999998636	trials	86	s086_J210526	grCe_grSu12Mi	9	315.0	0	1508.963	1509.263
1513.155	0.8999999999998636	trials	86	s086_J210526	grCe_grSu18Fa	11	180.0	0	1513.455	1513.755
1513.755	0.8999999999998636	trials	86	s086_J210526	coCe_grSu6Ne	17	0.0	0	1514.055	1514.355
1522.24	0.8999999999998636	trials	86	s086_J210526	grCe_grSu1Ne	3	315.0	0	1522.54	1522.839
1522.8400000000001	0.8999999999998636	trials	86	s086_J210526	grCe	1	135.0	0	1523.14	1523.439
1523.44	0.8999999999998636	trials	86	s086_J210526	grCe_grSu6CiNe_PS	19	180.0	0	1523.74	1524.039
1528.432	0.8999999999998636	trials	86	s086_J210526	coCe_grSu6Ne	17	225.0	0	1528.732	1529.032
1529.041	0.8999999999998636	trials	86	s086_J210526	grSu12Mi	8		0	1529.341	1529.64
1533.116	0.8999999999998636	trials	86	s086_J210526	coCe_grSu6Ne	17	90.0	0	1533.416	1533.716
1536.7830000000001	0.8999999999998636	trials	86	s086_J210526	grCe_grSu12SmCiNe_PS	21	270.0	0	1537.083	1537.383
1537.992	0.8999999999998636	trials	86	s086_J210526	grCe_grSu6CiNe	15	225.0	0	1538.292	1538.591
1542.8590000000002	0.8999999999998636	trials	86	s086_J210526	grCe_grSu12SmCiNe_PS	21	225.0	0	1543.159	1543.459
1543.459	0.8999999999998636	trials	86	s086_J210526	grCe_grSu6Ne_PS	18	315.0	0	1543.759	1544.059
1544.068	0.8999999999998636	trials	86	s086_J210526	grCe_grSu3Ne	5	270.0	0	1544.368	1544.667
1548.893	0.8999999999998636	trials	86	s086_J210526	grSu12SmCiNe	12		0	1549.193	1549.493
1549.493	0.8999999999998636	trials	86	s086_J210526	grSu6CiNe	14		0	1549.793	1550.093
1554.977	0.8999999999998636	trials	86	s086_J210526	coCe_grSu6Ne	17	180.0	0	1555.277	1555.577
1558.544	0.8999999999998636	trials	86	s086_J210526	grCe_grSu12SmCiNe_PS	21	45.0	0	1558.844	1559.144
1562.795	0.8999999999998636	trials	86	s086_J210526	grCe_grSu1Ne	3	135.0	0	1563.095	1563.395
1563.395	0.8999999999998636	trials	86	s086_J210526	coCe	16	135.0	0	1563.695	1563.995
1568.212	0.8999999999998636	trials	86	s086_J210526	grCe	1	315.0	0	1568.512	1568.812
1568.8120000000001	0.8999999999998636	trials	86	s086_J210526	grCe	1	270.0	0	1569.112	1569.412
1569.413	0.8999999999998636	trials	86	s086_J210526	grSu3Ne	4		0	1569.713	1570.012
1574.163	0.8999999999998636	trials	86	s086_J210526	grCe_grSu6Ne	7	180.0	0	1574.463	1574.763
1574.78	0.8999999999998636	trials	86	s086_J210526	grCe_grSu18Fa	11	270.0	0	1575.08	1575.379
1575.3880000000001	0.8999999999998636	trials	86	s086_J210526	grCe_grSu6Ne	7	315.0	0	1575.688	1575.988
1580.4560000000001	0.8999999999998636	trials	86	s086_J210526	coCe	16	90.0	0	1580.756	1581.055
1584.131	0.8999999999998636	trials	86	s086_J210526	grCe_grSu6CiNe_PS	19	90.0	0	1584.431	1584.731
1584.731	0.8999999999998636	trials	86	s086_J210526	NoStim	0		0	1585.031	1585.331
1585.3400000000001	0.8999999999998636	trials	86	s086_J210526	coCe_grSu6Ne	17	135.0	0	1585.64	1585.939
1590.815	0.8999999999998636	trials	86	s086_J210526	grCe_grSu6Ne_PS	18	90.0	0	1591.115	1591.415
1591.415	0.8999999999998636	trials	86	s086_J210526	grCe	1	90.0	0	1591.715	1592.015
1596.316	0.8999999999998636	trials	86	s086_J210526	grCe_grSu12Mi	9	180.0	0	1596.616	1596.916
1597.5240000000001	0.8999999999998636	trials	86	s086_J210526	grCe_grSu12SmCiNe	13	180.0	0	1597.824	1598.124
1602.4	0.8999999999998636	trials	86	s086_J210526	grCe_grSu6Ne_PS	18	135.0	0	1602.7	1603.0
1603.009	0.8999999999998636	trials	86	s086_J210526	grCe_grSu6CiNe	15	135.0	0	1603.309	1603.608
1603.6090000000002	0.8999999999998636	trials	86	s086_J210526	grCe_grSu6CiNe_PS	19	225.0	0	1603.909	1604.208
1608.351	0.8999999999998636	trials	86	s086_J210526	grCe_grSu12SmCiNe_PS	21	180.0	0	1608.651	1608.95
1608.959	0.8999999999998636	trials	86	s086_J210526	grCe_grSu6Ne	7	45.0	0	1609.259	1609.559
1609.559	0.8999999999998636	trials	86	s086_J210526	grCe_grSu6CiNe_PS	19	45.0	0	1609.859	1610.159
1614.435	0.8999999999998636	trials	86	s086_J210526	grCe_grSu1Ne	3	225.0	0	1614.735	1615.035
1615.635	0.8999999999998636	trials	86	s086_J210526	grCe_grSu6Ne_PS	18	0.0	0	1615.935	1616.235
1621.094	0.8999999999998636	trials	86	s086_J210526	grCe_grSu18Fa	11	135.0	0	1621.394	1621.694
1621.694	0.8999999999998636	trials	86	s086_J210526	coCe	16	225.0	0	1621.994	1622.294
1626.6280000000002	0.8999999999998636	trials	86	s086_J210526	grCe_grSu6CiNe_PS	19	315.0	0	1626.928	1627.228
1627.237	0.8999999999998636	trials	86	s086_J210526	grCe_grSu12Mi	9	45.0	0	1627.537	1627.836
1627.8780000000002	0.8999999999998636	trials	86	s086_J210526	grSu6Ne	6		0	1628.178	1628.478
1632.7540000000001	0.8999999999998636	trials	86	s086_J210526	grCe_grSu6CiNe	15	90.0	0	1633.054	1633.354
1633.954	0.8999999999998636	trials	86	s086_J210526	coCe	16	45.0	0	1634.254	1634.554
1642.0140000000001	0.8999999999998636	trials	86	s086_J210526	grCe_grSu6Ne_PS	18	180.0	0	1642.314	1642.613
1642.614	0.8999999999998636	trials	86	s086_J210526	grCe_grSu12SmCiNe	13	225.0	0	1642.914	1643.213
1643.222	0.8999999999998636	trials	86	s086_J210526	grCe_grSu6Ne	7	225.0	0	1643.522	1643.822
1651.106	0.8999999999998636	trials	86	s086_J210526	grCe_grSu1Ne	3	180.0	0	1651.406	1651.706
1651.707	0.8999999999998636	trials	86	s086_J210526	grCe_grSu12SmCiNe_PS	21	315.0	0	1652.007	1652.306
1652.315	0.8999999999998636	trials	86	s086_J210526	coCe_grSu6Ne	17	315.0	0	1652.615	1652.914
1657.9070000000002	0.8999999999998636	trials	86	s086_J210526	grCe_grSu3Ne	5	315.0	0	1658.207	1658.507
1658.507	0.8999999999998636	trials	86	s086_J210526	grCe_grSu3Ne	5	135.0	0	1658.807	1659.107
1659.107	0.8999999999998636	trials	86	s086_J210526	grCe_grSu6CiNe	15	315.0	0	1659.407	1659.707
1664.442	0.8999999999998636	trials	86	s086_J210526	grSu1Ne	2		0	1664.742	1665.041
1665.0420000000001	0.8999999999998636	trials	86	s086_J210526	grCe_grSu1Ne	3	90.0	0	1665.342	1665.641
1671.184	0.8999999999998636	trials	86	s086_J210526	grCe_grSu6CiNe_PS	19	270.0	0	1671.484	1671.784
1671.784	0.8999999999998636	trials	86	s086_J210526	coCe	16	0.0	0	1672.084	1672.384
1672.401	0.8999999999998636	trials	86	s086_J210526	grCe_grSu18Fa	11	135.0	9	1672.701	1673.0
1677.885	0.8999999999998636	trials	86	s086_J210526	grCe_grSu3Ne	5	135.0	9	1678.185	1678.484
1678.4850000000001	0.8999999999998636	trials	86	s086_J210526	grCe_grSu12SmCiNe_PS	21	45.0	9	1678.785	1679.085
1679.085	0.8999999999998636	trials	86	s086_J210526	grCe	1	180.0	9	1679.385	1679.685
1683.986	0.8999999999998636	trials	86	s086_J210526	grCe_grSu12SmCiNe_PS	21	90.0	9	1684.286	1684.585
1688.5610000000001	0.8999999999998636	trials	86	s086_J210526	grCe_grSu12Mi	9	225.0	9	1688.861	1689.161
1689.161	0.8999999999998636	trials	86	s086_J210526	grSu6Ne	6		9	1689.461	1689.761
1689.761	0.8999999999998636	trials	86	s086_J210526	coCe_grSu6Ne	17	90.0	9	1690.061	1690.361
1698.488	0.8999999999998636	trials	86	s086_J210526	coCe	16	270.0	9	1698.788	1699.087
1699.096	0.8999999999998636	trials	86	s086_J210526	grCe_grSu6Ne	7	270.0	9	1699.396	1699.696
1704.38	0.8999999999998636	trials	86	s086_J210526	grSu1Ne	2		9	1704.68	1704.98
1704.98	0.8999999999998636	trials	86	s086_J210526	grCe_grSu3Ne	5	0.0	9	1705.28	1705.58
1711.214	0.8999999999998636	trials	86	s086_J210526	grCe_grSu6Ne_PS	18	0.0	9	1711.514	1711.814
1711.814	0.8999999999998636	trials	86	s086_J210526	coSu6Ne	20		9	1712.114	1712.414
1712.423	0.8999999999998636	trials	86	s086_J210526	grCe_grSu12Mi	9	315.0	9	1712.723	1713.022
1717.4070000000002	0.8999999999998636	trials	86	s086_J210526	grCe_grSu6Ne	7	315.0	9	1717.707	1718.006
1718.615	0.8999999999998636	trials	86	s086_J210526	grCe_grSu6CiNe	15	45.0	9	1718.915	1719.215
1723.6580000000001	0.8999999999998636	trials	86	s086_J210526	grCe_grSu12SmCiNe	13	315.0	9	1723.958	1724.257
1728.025	0.8999999999998636	trials	86	s086_J210526	grCe_grSu12SmCiNe_PS	21	225.0	9	1728.325	1728.624
1728.625	0.8999999999998636	trials	86	s086_J210526	grCe_grSu12SmCiNe_PS	21	180.0	9	1728.925	1729.224
1729.2250000000001	0.8999999999998636	trials	86	s086_J210526	grCe_grSu6CiNe_PS	19	270.0	9	1729.525	1729.824
1738.3590000000002	0.8999999999998636	trials	86	s086_J210526	grCe_grSu6CiNe	15	180.0	9	1738.659	1738.959
1738.959	0.8999999999998636	trials	86	s086_J210526	grCe	1	45.0	9	1739.259	1739.559
1744.4850000000001	0.8999999999998636	trials	86	s086_J210526	coCe	16	225.0	9	1744.785	1745.085
1748.336	0.8999999999998636	trials	86	s086_J210526	grCe	1	90.0	9	1748.636	1748.935
1748.944	0.8999999999998636	trials	86	s086_J210526	grCe_grSu12Mi	9	180.0	9	1749.244	1749.544
1749.553	0.8999999999998636	trials	86	s086_J210526	grCe_grSu3Ne	5	225.0	9	1749.853	1750.152
1754.3780000000002	0.8999999999998636	trials	86	s086_J210526	coCe_grSu6Ne	17	135.0	9	1754.678	1754.978
1758.3790000000001	0.8999999999998636	trials	86	s086_J210526	grCe_grSu6CiNe_PS	19	315.0	9	1758.679	1758.978
1758.979	0.8999999999998636	trials	86	s086_J210526	grCe_grSu6CiNe	15	315.0	9	1759.279	1759.578
1759.587	0.8999999999998636	trials	86	s086_J210526	grCe_grSu12Mi	9	45.0	9	1759.887	1760.187
1764.563	0.8999999999998636	trials	86	s086_J210526	grCe_grSu12SmCiNe_PS	21	270.0	9	1764.863	1765.162
1765.163	0.8999999999998636	trials	86	s086_J210526	grCe_grSu12SmCiNe_PS	21	135.0	9	1765.463	1765.762
1765.7630000000001	0.8999999999998636	trials	86	s086_J210526	coCe	16	45.0	9	1766.063	1766.363
1770.655	0.8999999999998636	trials	86	s086_J210526	coCe_grSu6Ne	17	0.0	9	1770.955	1771.255
1774.4560000000001	0.8999999999998636	trials	86	s086_J210526	grCe_grSu6CiNe_PS	19	225.0	9	1774.756	1775.055
1792.691	0.8999999999998636	trials	86	s086_J210526	grCe_grSu12Mi	9	270.0	9	1792.991	1793.291
1793.2920000000001	0.8999999999998636	trials	86	s086_J210526	grCe	1	315.0	9	1793.592	1793.891
1796.709	0.8999999999998636	trials	86	s086_J210526	grCe_grSu6Ne	7	45.0	9	1797.009	1797.308
1800.1760000000002	0.8999999999998636	trials	86	s086_J210526	grCe	1	270.0	9	1800.476	1800.775
1804.268	0.8999999999998636	trials	86	s086_J210526	grSu12Mi	8		9	1804.568	1804.868
1805.468	0.8999999999998636	trials	86	s086_J210526	grCe_grSu6Ne	7	135.0	9	1805.768	1806.068
1810.477	0.8999999999998636	trials	86	s086_J210526	grCe_grSu6CiNe	15	0.0	9	1810.777	1811.077
1811.094	0.8999999999998636	trials	86	s086_J210526	grCe_grSu18Fa	11	90.0	9	1811.394	1811.693
1811.694	0.8999999999998636	trials	86	s086_J210526	grCe_grSu12SmCiNe	13	90.0	9	1811.994	1812.293
1816.57	0.8999999999998636	trials	86	s086_J210526	grCe_grSu3Ne	5	45.0	9	1816.87	1817.169
1817.178	0.8999999999998636	trials	86	s086_J210526	grCe_grSu1Ne	3	0.0	9	1817.478	1817.778
1817.795	0.8999999999998636	trials	86	s086_J210526	grCe_grSu18Fa	11	180.0	9	1818.095	1818.394
1822.67	0.8999999999998636	trials	86	s086_J210526	grCe_grSu18Fa	11	225.0	9	1822.97	1823.27
1823.279	0.8999999999998636	trials	86	s086_J210526	grCe_grSu1Ne	3	225.0	9	1823.579	1823.878
1823.887	0.8999999999998636	trials	86	s086_J210526	grCe_grSu12SmCiNe	13	45.0	9	1824.187	1824.487
1828.8210000000001	0.8999999999998636	trials	86	s086_J210526	grCe_grSu6CiNe_PS	19	90.0	9	1829.121	1829.421
1832.463	0.8999999999998636	trials	86	s086_J210526	grCe_grSu1Ne	3	90.0	9	1832.763	1833.063
1841.198	0.8999999999998636	trials	86	s086_J210526	grCe_grSu12SmCiNe	13	135.0	9	1841.498	1841.797
1841.798	0.8999999999998636	trials	86	s086_J210526	coCe	16	135.0	9	1842.098	1842.397
1846.698	0.8999999999998636	trials	86	s086_J210526	grCe_grSu12Mi	9	0.0	9	1846.998	1847.298
1850.857	0.8999999999998636	trials	86	s086_J210526	grCe_grSu6Ne_PS	18	225.0	9	1851.157	1851.457
1851.5240000000001	0.8999999999998636	trials	86	s086_J210526	grCe_grSu6CiNe	15	225.0	9	1851.824	1852.124
1856.425	0.8999999999998636	trials	86	s086_J210526	grCe_grSu18Fa	11	0.0	9	1856.725	1857.024
1862.659	0.8999999999998636	trials	86	s086_J210526	grCe_grSu6Ne	7	225.0	9	1862.959	1863.258
1863.259	0.8999999999998636	trials	86	s086_J210526	grCe_grSu12SmCiNe_PS	21	315.0	9	1863.559	1863.858
1863.867	0.8999999999998636	trials	86	s086_J210526	grCe_grSu3Ne	5	270.0	9	1864.167	1864.467
1869.351	0.8999999999998636	trials	86	s086_J210526	grCe_grSu12SmCiNe_PS	21	0.0	9	1869.651	1869.951
1869.968	0.8999999999998636	trials	86	s086_J210526	grCe_grSu18Fa	11	45.0	9	1870.268	1870.568
1870.568	0.8999999999998636	trials	86	s086_J210526	grCe	1	135.0	9	1870.868	1871.168
1875.452	0.8999999999998636	trials	86	s086_J210526	coCe	16	315.0	9	1875.752	1876.052
1876.0610000000001	0.8999999999998636	trials	86	s086_J210526	grCe_grSu1Ne	3	135.0	9	1876.361	1876.66
1876.661	0.8999999999998636	trials	86	s086_J210526	grCe_grSu6Ne	7	90.0	9	1876.961	1877.26
1881.578	0.8999999999998636	trials	86	s086_J210526	grCe_grSu6Ne_PS	18	180.0	9	1881.878	1882.178
1882.178	0.8999999999998636	trials	86	s086_J210526	coCe_grSu6Ne	17	45.0	9	1882.478	1882.778
1882.786	0.8999999999998636	trials	86	s086_J210526	grCe_grSu6CiNe	15	90.0	9	1883.086	1883.386
1887.645	0.8999999999998636	trials	86	s086_J210526	grCe_grSu1Ne	3	270.0	9	1887.945	1888.245
1888.2450000000001	0.8999999999998636	trials	86	s086_J210526	grCe_grSu6CiNe_PS	19	0.0	9	1888.545	1888.845
1888.887	0.8999999999998636	trials	86	s086_J210526	grCe_grSu6Ne_PS	18	45.0	9	1889.187	1889.487
1900.064	0.8999999999998636	trials	86	s086_J210526	grCe_grSu18Fa	11	270.0	9	1900.364	1900.663
1900.7050000000002	0.8999999999998636	trials	86	s086_J210526	coCe_grSu6Ne	17	270.0	9	1901.005	1901.305
1906.306	0.8999999999998636	trials	86	s086_J210526	grCe_grSu6Ne	7	0.0	9	1906.606	1906.906
1907.506	0.8999999999998636	trials	86	s086_J210526	grCe_grSu6Ne_PS	18	315.0	9	1907.806	1908.106
1912.349	0.8999999999998636	trials	86	s086_J210526	coCe	16	90.0	9	1912.649	1912.948
1912.949	0.8999999999998636	trials	86	s086_J210526	grCe_grSu6CiNe_PS	19	45.0	9	1913.249	1913.548
1913.549	0.8999999999998636	trials	86	s086_J210526	grSu6CiNe	14		9	1913.849	1914.148
1918.608	0.8999999999998636	trials	86	s086_J210526	grCe_grSu6CiNe	15	270.0	9	1918.908	1919.207
1919.325	0.8999999999998636	trials	86	s086_J210526	grCe_grSu1Ne	3	315.0	9	1919.625	1919.924
1919.933	0.8999999999998636	trials	86	s086_J210526	grCe_grSu1Ne	3	45.0	9	1920.233	1920.532
1932.035	0.8999999999998636	trials	86	s086_J210526	grCe_grSu12SmCiNe	13	225.0	9	1932.335	1932.634
1932.643	0.8999999999998636	trials	86	s086_J210526	grCe_grSu12SmCiNe	13	0.0	9	1932.943	1933.242
1933.243	0.8999999999998636	trials	86	s086_J210526	grCe_grSu12SmCiNe	13	270.0	9	1933.543	1933.843
1938.194	0.8999999999998636	trials	86	s086_J210526	coCe_grSu6Ne	17	180.0	9	1938.494	1938.793
1938.794	0.8999999999998636	trials	86	s086_J210526	grCe_grSu6Ne	7	180.0	9	1939.094	1939.393
1944.2440000000001	0.8999999999998636	trials	86	s086_J210526	grCe	1	0.0	9	1944.544	1944.844
1945.461	0.8999999999998636	trials	86	s086_J210526	grCe_grSu18Fa	11	315.0	9	1945.761	1946.061
1956.738	0.8999999999998636	trials	86	s086_J210526	coCe	16	0.0	9	1957.038	1957.337
1960.18	0.8999999999998636	trials	86	s086_J210526	grCe_grSu6CiNe	15	135.0	9	1960.48	1960.779
1960.78	0.8999999999998636	trials	86	s086_J210526	coCe_grSu6Ne	17	315.0	9	1961.08	1961.379
1961.38	0.8999999999998636	trials	86	s086_J210526	NoStim	0		9	1961.68	1961.98
1966.297	0.8999999999998636	trials	86	s086_J210526	grCe_grSu6Ne_PS	18	90.0	9	1966.597	1966.897
1966.897	0.8999999999998636	trials	86	s086_J210526	grCe_grSu6CiNe_PS	19	180.0	9	1967.197	1967.497
1967.497	0.8999999999998636	trials	86	s086_J210526	coCe	16	180.0	9	1967.797	1968.097
1973.0230000000001	0.8999999999998636	trials	86	s086_J210526	grCe_grSu3Ne	5	315.0	9	1973.323	1973.623
1978.4660000000001	0.8999999999998636	trials	86	s086_J210526	grCe_grSu6Ne_PS	18	135.0	9	1978.766	1979.065
1979.066	0.8999999999998636	trials	86	s086_J210526	coCe_grSu6Ne	17	225.0	9	1979.366	1979.665
1988.15	0.8999999999998636	trials	86	s086_J210526	grCe	1	225.0	9	1988.45	1988.75
1988.767	0.8999999999998636	trials	86	s086_J210526	grCe_grSu3Ne	5	90.0	9	1989.067	1989.366
1989.375	0.8999999999998636	trials	86	s086_J210526	grCe_grSu12Mi	9	90.0	9	1989.675	1989.975
1998.1100000000001	0.8999999999998636	trials	86	s086_J210526	grSu18Fa	10		9	1998.41	1998.709
2001.56	0.8999999999998636	trials	86	s086_J210526	grCe_grSu3Ne	5	180.0	9	2001.86	2002.16
2002.16	0.8999999999998636	trials	86	s086_J210526	grCe_grSu6Ne_PS	18	270.0	9	2002.46	2002.76
2011.2450000000001	0.8999999999998636	trials	86	s086_J210526	grSu12SmCiNe	12		9	2011.545	2011.844
2011.845	0.8999999999998636	trials	86	s086_J210526	grCe_grSu1Ne	3	180.0	9	2012.145	2012.444
2012.445	0.8999999999998636	trials	86	s086_J210526	grSu3Ne	4		9	2012.745	2013.044
2017.354	0.8999999999998636	trials	86	s086_J210526	grCe_grSu6CiNe_PS	19	135.0	9	2017.654	2017.953
2017.954	0.8999999999998636	trials	86	s086_J210526	grCe_grSu12SmCiNe	13	180.0	9	2018.254	2018.554
2026.855	0.8999999999998636	trials	86	s086_J210526	grCe_grSu12Mi	9	135.0	9	2027.155	2027.455
2027.4550000000002	0.8999999999998636	trials	86	s086_J210526	grCe_grSu3Ne	5	0.0	1	2027.755	2028.055
2032.939	0.8999999999998636	trials	86	s086_J210526	grCe_grSu1Ne	3	90.0	1	2033.239	2033.539
2036.8310000000001	0.8999999999998636	trials	86	s086_J210526	grCe_grSu12Mi	9	45.0	1	2037.131	2037.431
2038.04	0.8999999999998636	trials	86	s086_J210526	grCe_grSu1Ne	3	225.0	1	2038.34	2038.639
2043.132	0.8999999999998636	trials	86	s086_J210526	grCe_grSu1Ne	3	0.0	1	2043.432	2043.732
2043.732	0.8999999999998636	trials	86	s086_J210526	grCe_grSu6CiNe_PS	19	180.0	1	2044.032	2044.332
2044.3410000000001	0.8999999999998636	trials	86	s086_J210526	grCe_grSu6Ne	7	180.0	1	2044.641	2044.94
2049.0499999999997	0.900000000000091	trials	86	s086_J210526	grSu6Ne	6		1	2049.35	2049.649
2049.6499999999996	0.900000000000091	trials	86	s086_J210526	grCe_grSu1Ne	3	45.0	1	2049.95	2050.249
2050.25	0.900000000000091	trials	86	s086_J210526	grCe_grSu12SmCiNe_PS	21	270.0	1	2050.55	2050.849
2055.634	0.900000000000091	trials	86	s086_J210526	grCe_grSu6Ne_PS	18	90.0	1	2055.934	2056.233
2056.2509999999997	0.900000000000091	trials	86	s086_J210526	grCe_grSu18Fa	11	0.0	1	2056.551	2056.85
2056.8509999999997	0.900000000000091	trials	86	s086_J210526	grSu6CiNe	14		1	2057.151	2057.45
2063.0009999999997	0.900000000000091	trials	86	s086_J210526	grCe_grSu3Ne	5	180.0	1	2063.301	2063.601
2067.835	0.900000000000091	trials	86	s086_J210526	grCe_grSu6Ne	7	315.0	1	2068.135	2068.435
2073.9449999999997	0.900000000000091	trials	86	s086_J210526	grCe	1	90.0	1	2074.245	2074.544
2074.553	0.900000000000091	trials	86	s086_J210526	grCe_grSu1Ne	3	270.0	1	2074.853	2075.153
2075.153	0.900000000000091	trials	86	s086_J210526	grCe	1	0.0	1	2075.453	2075.753
2083.162	0.900000000000091	trials	86	s086_J210526	grCe_grSu12SmCiNe	13	135.0	1	2083.462	2083.762
2083.7619999999997	0.900000000000091	trials	86	s086_J210526	grCe_grSu6CiNe_PS	19	270.0	1	2084.062	2084.362
2092.455	0.900000000000091	trials	86	s086_J210526	grCe_grSu12Mi	9	135.0	1	2092.755	2093.055
2093.055	0.900000000000091	trials	86	s086_J210526	coCe_grSu6Ne	17	90.0	1	2093.355	2093.655
2093.6639999999998	0.900000000000091	trials	86	s086_J210526	grCe_grSu12Mi	9	0.0	1	2093.964	2094.263
2098.6389999999997	0.900000000000091	trials	86	s086_J210526	coCe_grSu6Ne	17	0.0	1	2098.939	2099.239
2099.865	0.900000000000091	trials	86	s086_J210526	grCe_grSu18Fa	11	45.0	1	2100.165	2100.464
2105.374	0.900000000000091	trials	86	s086_J210526	grCe_grSu6CiNe_PS	19	45.0	1	2105.674	2105.973
2106.582	0.900000000000091	trials	86	s086_J210526	grCe_grSu12SmCiNe	13	315.0	1	2106.882	2107.182
2112.091	0.900000000000091	trials	86	s086_J210526	grCe_grSu6Ne	7	45.0	1	2112.391	2112.691
2112.691	0.900000000000091	trials	86	s086_J210526	grCe_grSu6CiNe	15	225.0	1	2112.991	2113.291
2117.642	0.900000000000091	trials	86	s086_J210526	coCe_grSu6Ne	17	270.0	1	2117.942	2118.241
2125.743	0.900000000000091	trials	86	s086_J210526	coCe_grSu6Ne	17	45.0	1	2126.043	2126.343
2129.3269999999998	0.900000000000091	trials	86	s086_J210526	grCe_grSu12SmCiNe	13	0.0	1	2129.627	2129.926
2129.9269999999997	0.900000000000091	trials	86	s086_J210526	grSu1Ne	2		1	2130.227	2130.526
2130.527	0.900000000000091	trials	86	s086_J210526	grCe_grSu6Ne_PS	18	270.0	1	2130.827	2131.126
2135.361	0.900000000000091	trials	86	s086_J210526	grCe_grSu18Fa	11	270.0	1	2135.661	2135.96
2135.961	0.900000000000091	trials	86	s086_J210526	coCe	16	90.0	1	2136.261	2136.56
2136.5609999999997	0.900000000000091	trials	86	s086_J210526	grCe_grSu6CiNe	15	135.0	1	2136.861	2137.161
2141.4779999999996	0.900000000000091	trials	86	s086_J210526	grCe_grSu1Ne	3	315.0	1	2141.778	2142.078
2142.078	0.900000000000091	trials	86	s086_J210526	coCe	16	315.0	1	2142.378	2142.678
2142.678	0.900000000000091	trials	86	s086_J210526	coCe	16	270.0	1	2142.978	2143.278
2147.879	0.900000000000091	trials	86	s086_J210526	grCe_grSu6Ne	7	270.0	1	2148.179	2148.479
2152.355	0.900000000000091	trials	86	s086_J210526	grCe	1	315.0	1	2152.655	2152.954
2152.955	0.900000000000091	trials	86	s086_J210526	grCe_grSu3Ne	5	135.0	1	2153.255	2153.554
2153.555	0.900000000000091	trials	86	s086_J210526	grCe_grSu6Ne_PS	18	135.0	1	2153.855	2154.154
2158.6639999999998	0.900000000000091	trials	86	s086_J210526	grCe_grSu6Ne_PS	18	0.0	1	2158.964	2159.263
2159.281	0.900000000000091	trials	86	s086_J210526	grCe_grSu18Fa	11	135.0	1	2159.581	2159.88
2168.223	0.900000000000091	trials	86	s086_J210526	grCe_grSu1Ne	3	180.0	1	2168.523	2168.823
2168.8239999999996	0.900000000000091	trials	86	s086_J210526	grCe_grSu3Ne	5	270.0	1	2169.124	2169.423
2169.424	0.900000000000091	trials	86	s086_J210526	grCe_grSu6CiNe_PS	19	135.0	1	2169.724	2170.023
2174.2909999999997	0.900000000000091	trials	86	s086_J210526	grCe_grSu1Ne	3	135.0	1	2174.591	2174.89
2174.8909999999996	0.900000000000091	trials	86	s086_J210526	grCe_grSu12SmCiNe_PS	21	225.0	1	2175.191	2175.491
2175.491	0.900000000000091	trials	86	s086_J210526	coCe	16	135.0	1	2175.791	2176.091
2180.45	0.900000000000091	trials	86	s086_J210526	grSu3Ne	4		1	2180.75	2181.05
2181.0499999999997	0.900000000000091	trials	86	s086_J210526	grCe_grSu6CiNe	15	45.0	1	2181.35	2181.65
2188.7259999999997	0.900000000000091	trials	86	s086_J210526	coCe_grSu6Ne	17	180.0	1	2189.026	2189.326
2189.335	0.900000000000091	trials	86	s086_J210526	grCe_grSu12SmCiNe	13	90.0	1	2189.635	2189.934
2194.2929999999997	0.900000000000091	trials	86	s086_J210526	grCe_grSu3Ne	5	90.0	1	2194.593	2194.893
2194.894	0.900000000000091	trials	86	s086_J210526	grCe_grSu6CiNe_PS	19	0.0	1	2195.194	2195.493
2195.5099999999998	0.900000000000091	trials	86	s086_J210526	grCe_grSu18Fa	11	90.0	1	2195.81	2196.11
2206.345	0.900000000000091	trials	86	s086_J210526	grCe_grSu6Ne	7	135.0	1	2206.645	2206.945
2210.5789999999997	0.900000000000091	trials	86	s086_J210526	grCe_grSu6Ne	7	90.0	1	2210.879	2211.178
2211.779	0.900000000000091	trials	86	s086_J210526	grCe_grSu12SmCiNe	13	270.0	1	2212.079	2212.379
2216.671	0.900000000000091	trials	86	s086_J210526	grCe_grSu6Ne_PS	18	180.0	1	2216.971	2217.271
2217.288	0.900000000000091	trials	86	s086_J210526	grCe_grSu18Fa	11	180.0	1	2217.588	2217.888
2217.93	0.900000000000091	trials	86	s086_J210526	grCe_grSu18Fa	11	225.0	1	2218.23	2218.529
2226.156	0.900000000000091	trials	86	s086_J210526	grCe_grSu12Mi	9	225.0	1	2226.456	2226.756
2226.756	0.900000000000091	trials	86	s086_J210526	grCe_grSu6CiNe	15	90.0	1	2227.056	2227.356
2227.3559999999998	0.900000000000091	trials	86	s086_J210526	grCe_grSu12SmCiNe_PS	21	45.0	1	2227.656	2227.956
2232.3149999999996	0.900000000000091	trials	86	s086_J210526	coCe_grSu6Ne	17	225.0	1	2232.615	2232.915
2232.932	0.900000000000091	trials	86	s086_J210526	grCe_grSu18Fa	11	315.0	1	2233.232	2233.531
2233.5319999999997	0.900000000000091	trials	86	s086_J210526	grCe_grSu12SmCiNe_PS	21	0.0	1	2233.832	2234.131
2238.4739999999997	0.900000000000091	trials	86	s086_J210526	grCe	1	135.0	1	2238.774	2239.074
2239.0829999999996	0.900000000000091	trials	86	s086_J210526	grCe_grSu12SmCiNe	13	225.0	1	2239.383	2239.682
2239.683	0.900000000000091	trials	86	s086_J210526	grCe_grSu12SmCiNe_PS	21	180.0	1	2239.983	2240.282
2247.9669999999996	0.900000000000091	trials	86	s086_J210526	grCe_grSu6CiNe_PS	19	315.0	1	2248.267	2248.567
2251.5679999999998	0.900000000000091	trials	86	s086_J210526	grSu18Fa	10		1	2251.868	2252.167
2252.768	0.900000000000091	trials	86	s086_J210526	coSu6Ne	20		1	2253.068	2253.367
2257.527	0.900000000000091	trials	86	s086_J210526	grCe_grSu3Ne	5	45.0	1	2257.827	2258.126
2258.127	0.900000000000091	trials	86	s086_J210526	coCe	16	225.0	1	2258.427	2258.726
2258.7349999999997	0.900000000000091	trials	86	s086_J210526	grCe_grSu6CiNe	15	270.0	1	2259.035	2259.335
2264.386	0.900000000000091	trials	86	s086_J210526	grCe	1	180.0	1	2264.686	2264.985
2264.986	0.900000000000091	trials	86	s086_J210526	grCe_grSu6Ne_PS	18	315.0	1	2265.286	2265.586
2269.8619999999996	0.900000000000091	trials	86	s086_J210526	grCe_grSu3Ne	5	225.0	1	2270.162	2270.461
2270.462	0.900000000000091	trials	86	s086_J210526	grCe_grSu12SmCiNe_PS	21	90.0	1	2270.762	2271.061
2271.062	0.900000000000091	trials	86	s086_J210526	grCe_grSu6CiNe_PS	19	225.0	1	2271.362	2271.661
2276.0539999999996	0.900000000000091	trials	86	s086_J210526	NoStim	0		1	2276.354	2276.654
2276.662	0.900000000000091	trials	86	s086_J210526	grCe_grSu12Mi	9	270.0	1	2276.962	2277.262
2280.138	0.900000000000091	trials	86	s086_J210526	grCe	1	45.0	1	2280.438	2280.738
2280.7709999999997	0.900000000000091	trials	86	s086_J210526	grCe_grSu12SmCiNe_PS	21	315.0	1	2281.071	2281.371
2281.3709999999996	0.900000000000091	trials	86	s086_J210526	grCe_grSu6Ne_PS	18	225.0	1	2281.671	2281.971
2286.3889999999997	0.900000000000091	trials	86	s086_J210526	grCe_grSu3Ne	5	315.0	1	2286.689	2286.988
2286.989	0.900000000000091	trials	86	s086_J210526	coCe	16	0.0	1	2287.289	2287.588
2287.589	0.900000000000091	trials	86	s086_J210526	coCe_grSu6Ne	17	315.0	1	2287.889	2288.188
2295.6569999999997	0.900000000000091	trials	86	s086_J210526	grCe_grSu6CiNe	15	315.0	1	2295.957	2296.256
2299.674	0.900000000000091	trials	86	s086_J210526	grCe_grSu12Mi	9	180.0	1	2299.974	2300.273
2300.2819999999997	0.900000000000091	trials	86	s086_J210526	grSu12Mi	8		1	2300.582	2300.882
2305.7749999999996	0.900000000000091	trials	86	s086_J210526	grCe_grSu6Ne	7	0.0	1	2306.075	2306.374
2309.725	0.900000000000091	trials	86	s086_J210526	grCe	1	270.0	1	2310.025	2310.325
2313.892	0.900000000000091	trials	86	s086_J210526	grCe_grSu12Mi	9	315.0	1	2314.192	2314.492
2317.551	0.900000000000091	trials	86	s086_J210526	grCe_grSu6CiNe	15	0.0	1	2317.851	2318.151
2318.151	0.900000000000091	trials	86	s086_J210526	grCe	1	225.0	1	2318.451	2318.751
2334.037	0.900000000000091	trials	86	s086_J210526	grSu12SmCiNe	12		1	2334.337	2334.636
2334.6369999999997	0.900000000000091	trials	86	s086_J210526	grCe_grSu12SmCiNe	13	45.0	1	2334.937	2335.236
2339.912	0.900000000000091	trials	86	s086_J210526	coCe_grSu6Ne	17	135.0	1	2340.212	2340.512
2340.5209999999997	0.900000000000091	trials	86	s086_J210526	grCe_grSu12Mi	9	90.0	1	2340.821	2341.12
2341.1209999999996	0.900000000000091	trials	86	s086_J210526	grCe_grSu6CiNe	15	180.0	1	2341.421	2341.72
2345.9629999999997	0.900000000000091	trials	86	s086_J210526	grCe_grSu6Ne	7	225.0	1	2346.263	2346.563
2346.5629999999996	0.900000000000091	trials	86	s086_J210526	grCe_grSu6CiNe_PS	19	90.0	1	2346.863	2347.163
2347.163	0.900000000000091	trials	86	s086_J210526	grCe_grSu12SmCiNe_PS	21	135.0	1	2347.463	2347.763
2352.131	0.900000000000091	trials	86	s086_J210526	coCe	16	180.0	1	2352.431	2352.73
2352.7309999999998	0.900000000000091	trials	86	s086_J210526	grCe_grSu6Ne_PS	18	45.0	1	2353.031	2353.33
2353.3309999999997	0.900000000000091	trials	86	s086_J210526	coCe	16	45.0	1	2353.631	2353.93
2358.3399999999997	0.900000000000091	trials	86	s086_J210526	grCe_grSu12SmCiNe	13	180.0	1	2358.64	2358.939
2365.5069999999996	0.900000000000091	trials	86	s086_J210526	grCe_grSu12Mi	9	270.0	5	2365.807	2366.107
2366.107	0.900000000000091	trials	86	s086_J210526	grSu1Ne	2		5	2366.407	2366.707
2366.707	0.900000000000091	trials	86	s086_J210526	grCe_grSu3Ne	5	90.0	5	2367.007	2367.307
2371.616	0.900000000000091	trials	86	s086_J210526	grCe_grSu12Mi	9	135.0	5	2371.916	2372.216
2372.2169999999996	0.900000000000091	trials	86	s086_J210526	grCe	1	180.0	5	2372.517	2372.816
2372.817	0.900000000000091	trials	86	s086_J210526	coCe_grSu6Ne	17	135.0	5	2373.117	2373.416
2377.5919999999996	0.900000000000091	trials	86	s086_J210526	grCe_grSu6Ne	7	0.0	5	2377.892	2378.192
2381.8089999999997	0.900000000000091	trials	86	s086_J210526	grSu12Mi	8		5	2382.109	2382.409
2383.018	0.900000000000091	trials	86	s086_J210526	coCe_grSu6Ne	17	225.0	5	2383.318	2383.617
2388.544	0.900000000000091	trials	86	s086_J210526	grCe_grSu12SmCiNe_PS	21	90.0	5	2388.844	2389.143
2389.16	0.900000000000091	trials	86	s086_J210526	grCe_grSu18Fa	11	315.0	5	2389.46	2389.76
2393.9779999999996	0.900000000000091	trials	86	s086_J210526	grCe_grSu12SmCiNe_PS	21	270.0	5	2394.278	2394.577
2394.5939999999996	0.900000000000091	trials	86	s086_J210526	grCe_grSu6Ne_PS	18	0.0	5	2394.894	2395.194
2395.1949999999997	0.900000000000091	trials	86	s086_J210526	NoStim	0		5	2395.495	2395.794
2400.037	0.900000000000091	trials	86	s086_J210526	grCe_grSu12SmCiNe	13	0.0	5	2400.337	2400.636
2401.254	0.900000000000091	trials	86	s086_J210526	grCe_grSu18Fa	11	180.0	5	2401.554	2401.853
2406.154	0.900000000000091	trials	86	s086_J210526	grCe_grSu18Fa	11	270.0	5	2406.454	2406.754
2407.363	0.900000000000091	trials	86	s086_J210526	grCe_grSu1Ne	3	135.0	5	2407.663	2407.962
2412.888	0.900000000000091	trials	86	s086_J210526	grSu6CiNe	14		5	2413.188	2413.488
2413.489	0.900000000000091	trials	86	s086_J210526	grCe_grSu12SmCiNe_PS	21	315.0	5	2413.789	2414.088
2422.098	0.900000000000091	trials	86	s086_J210526	grCe_grSu6Ne_PS	18	315.0	5	2422.398	2422.698
2422.698	0.900000000000091	trials	86	s086_J210526	grCe	1	45.0	5	2422.998	2423.298
2429.366	0.900000000000091	trials	86	s086_J210526	grCe_grSu1Ne	3	45.0	5	2429.666	2429.965
2434.0409999999997	0.900000000000091	trials	86	s086_J210526	grCe_grSu6CiNe_PS	19	180.0	5	2434.341	2434.641
2434.6499999999996	0.900000000000091	trials	86	s086_J210526	grCe_grSu1Ne	3	90.0	5	2434.95	2435.249
2440.084	0.900000000000091	trials	86	s086_J210526	grCe_grSu12SmCiNe	13	270.0	5	2440.384	2440.683
2441.2839999999997	0.900000000000091	trials	86	s086_J210526	grCe_grSu6Ne_PS	18	135.0	5	2441.584	2441.883
2446.218	0.900000000000091	trials	86	s086_J210526	coCe_grSu6Ne	17	90.0	5	2446.518	2446.817
2450.377	0.900000000000091	trials	86	s086_J210526	grCe_grSu6CiNe	15	180.0	5	2450.677	2450.976
2450.977	0.900000000000091	trials	86	s086_J210526	grCe_grSu6Ne_PS	18	45.0	5	2451.277	2451.576
2459.0939999999996	0.900000000000091	trials	86	s086_J210526	grCe_grSu6CiNe	15	315.0	5	2459.394	2459.694
2459.6949999999997	0.900000000000091	trials	86	s086_J210526	grCe_grSu1Ne	3	0.0	5	2459.995	2460.294
2460.2949999999996	0.900000000000091	trials	86	s086_J210526	grCe_grSu3Ne	5	45.0	5	2460.595	2460.894
2465.145	0.900000000000091	trials	86	s086_J210526	grCe	1	225.0	5	2465.445	2465.745
2465.754	0.900000000000091	trials	86	s086_J210526	grSu18Fa	10		5	2466.054	2466.353
2481.622	0.900000000000091	trials	86	s086_J210526	grCe_grSu12Mi	9	90.0	5	2481.922	2482.222
2482.2309999999998	0.900000000000091	trials	86	s086_J210526	grCe_grSu12Mi	9	45.0	5	2482.531	2482.83
2482.8309999999997	0.900000000000091	trials	86	s086_J210526	grCe_grSu6CiNe_PS	19	270.0	5	2483.131	2483.43
2487.7569999999996	0.900000000000091	trials	86	s086_J210526	coCe	16	90.0	5	2488.057	2488.356
2488.4399999999996	0.900000000000091	trials	86	s086_J210526	grCe_grSu6Ne_PS	18	225.0	5	2488.74	2489.039
2489.04	0.900000000000091	trials	86	s086_J210526	grCe_grSu6CiNe	15	270.0	5	2489.34	2489.64
2493.9489999999996	0.900000000000091	trials	86	s086_J210526	grCe_grSu6Ne_PS	18	270.0	5	2494.249	2494.549
2494.549	0.900000000000091	trials	86	s086_J210526	grCe_grSu1Ne	3	180.0	5	2494.849	2495.149
2495.149	0.900000000000091	trials	86	s086_J210526	coCe_grSu6Ne	17	315.0	5	2495.449	2495.749
2500.7	0.900000000000091	trials	86	s086_J210526	grCe_grSu12SmCiNe	13	315.0	5	2501.0	2501.299
2501.2999999999997	0.900000000000091	trials	86	s086_J210526	grSu12SmCiNe	12		5	2501.6	2501.899
2507.3669999999997	0.900000000000091	trials	86	s086_J210526	coCe	16	270.0	5	2507.667	2507.967
2512.31	0.900000000000091	trials	86	s086_J210526	coCe_grSu6Ne	17	45.0	5	2512.61	2512.909
2513.518	0.900000000000091	trials	86	s086_J210526	grCe_grSu6CiNe	15	225.0	5	2513.818	2514.118
2518.5609999999997	0.900000000000091	trials	86	s086_J210526	grCe_grSu3Ne	5	0.0	5	2518.861	2519.16
2519.1609999999996	0.900000000000091	trials	86	s086_J210526	grCe	1	135.0	5	2519.461	2519.76
2519.761	0.900000000000091	trials	86	s086_J210526	grCe_grSu3Ne	5	135.0	5	2520.061	2520.36
2525.27	0.900000000000091	trials	86	s086_J210526	grCe_grSu6CiNe	15	135.0	5	2525.57	2525.869
2532.23	0.900000000000091	trials	86	s086_J210526	grCe_grSu3Ne	5	225.0	5	2532.53	2532.829
2532.8379999999997	0.900000000000091	trials	86	s086_J210526	grCe_grSu6CiNe	15	90.0	5	2533.138	2533.438
2542.906	0.900000000000091	trials	86	s086_J210526	grCe_grSu6CiNe	15	45.0	5	2543.206	2543.506
2543.506	0.900000000000091	trials	86	s086_J210526	grCe	1	0.0	5	2543.806	2544.106
2544.1059999999998	0.900000000000091	trials	86	s086_J210526	grCe	1	315.0	5	2544.406	2544.706
2548.999	0.900000000000091	trials	86	s086_J210526	grCe_grSu6Ne	7	135.0	5	2549.299	2549.598
2553.008	0.900000000000091	trials	86	s086_J210526	grCe_grSu12SmCiNe_PS	21	45.0	5	2553.308	2553.607
2553.616	0.900000000000091	trials	86	s086_J210526	grCe_grSu18Fa	11	45.0	5	2553.916	2554.216
2554.216	0.900000000000091	trials	86	s086_J210526	coCe	16	45.0	5	2554.516	2554.816
2559.158	0.900000000000091	trials	86	s086_J210526	grSu6Ne	6		5	2559.458	2559.758
2559.759	0.900000000000091	trials	86	s086_J210526	coSu6Ne	20		5	2560.059	2560.358
2565.893	0.900000000000091	trials	86	s086_J210526	grCe_grSu12Mi	9	315.0	5	2566.193	2566.492
2566.493	0.900000000000091	trials	86	s086_J210526	grCe_grSu12SmCiNe_PS	21	225.0	5	2566.793	2567.092
2572.585	0.900000000000091	trials	86	s086_J210526	grCe_grSu12SmCiNe_PS	21	135.0	5	2572.885	2573.185
2577.5939999999996	0.900000000000091	trials	86	s086_J210526	grCe_grSu6CiNe	15	0.0	5	2577.894	2578.194
2581.1699999999996	0.900000000000091	trials	86	s086_J210526	coCe	16	135.0	5	2581.47	2581.769
2581.77	0.900000000000091	trials	86	s086_J210526	coCe	16	180.0	5	2582.07	2582.369
2582.3779999999997	0.900000000000091	trials	86	s086_J210526	grCe_grSu6Ne	7	90.0	5	2582.678	2582.978
2587.3039999999996	0.900000000000091	trials	86	s086_J210526	grCe_grSu18Fa	11	225.0	5	2587.604	2587.903
2588.504	0.900000000000091	trials	86	s086_J210526	grSu3Ne	4		5	2588.804	2589.103
2593.48	0.900000000000091	trials	86	s086_J210526	grCe	1	270.0	5	2593.78	2594.079
2597.122	0.900000000000091	trials	86	s086_J210526	grCe_grSu18Fa	11	135.0	5	2597.422	2597.721
2597.73	0.900000000000091	trials	86	s086_J210526	grCe_grSu12Mi	9	180.0	5	2598.03	2598.33
2598.33	0.900000000000091	trials	86	s086_J210526	coCe_grSu6Ne	17	180.0	5	2598.63	2598.93
2603.2639999999997	0.900000000000091	trials	86	s086_J210526	grCe_grSu6Ne	7	45.0	5	2603.564	2603.864
2603.864	0.900000000000091	trials	86	s086_J210526	grCe_grSu12SmCiNe	13	45.0	5	2604.164	2604.464
2604.473	0.900000000000091	trials	86	s086_J210526	grCe_grSu1Ne	3	315.0	5	2604.773	2605.072
2610.107	0.900000000000091	trials	86	s086_J210526	grCe_grSu6CiNe_PS	19	45.0	5	2610.407	2610.706
2610.7149999999997	0.900000000000091	trials	86	s086_J210526	grCe_grSu6Ne	7	180.0	5	2611.015	2611.315
2615.6659999999997	0.900000000000091	trials	86	s086_J210526	grCe_grSu3Ne	5	180.0	5	2615.966	2616.265
2616.2659999999996	0.900000000000091	trials	86	s086_J210526	grCe_grSu12SmCiNe	13	180.0	5	2616.566	2616.865
2616.866	0.900000000000091	trials	86	s086_J210526	grCe_grSu6CiNe_PS	19	135.0	5	2617.166	2617.465
2621.917	0.900000000000091	trials	86	s086_J210526	grCe	1	90.0	5	2622.217	2622.516
2622.5249999999996	0.900000000000091	trials	86	s086_J210526	grCe_grSu1Ne	3	270.0	5	2622.825	2623.125
2623.142	0.900000000000091	trials	86	s086_J210526	grCe_grSu18Fa	11	0.0	5	2623.442	2623.741
2631.526	0.900000000000091	trials	86	s086_J210526	grCe_grSu6Ne	7	270.0	5	2631.826	2632.126
2632.1259999999997	0.900000000000091	trials	86	s086_J210526	grCe_grSu6Ne	7	315.0	5	2632.426	2632.726
2632.7349999999997	0.900000000000091	trials	86	s086_J210526	grCe_grSu1Ne	3	225.0	5	2633.035	2633.334
2638.0939999999996	0.900000000000091	trials	86	s086_J210526	grCe_grSu6CiNe_PS	19	90.0	5	2638.394	2638.693
2638.694	0.900000000000091	trials	86	s086_J210526	grCe_grSu3Ne	5	315.0	5	2638.994	2639.293
2639.294	0.900000000000091	trials	86	s086_J210526	grCe_grSu12SmCiNe	13	90.0	5	2639.594	2639.893
2643.944	0.900000000000091	trials	86	s086_J210526	grCe_grSu6CiNe_PS	19	0.0	5	2644.244	2644.544
2644.544	0.900000000000091	trials	86	s086_J210526	grCe_grSu3Ne	5	270.0	5	2644.844	2645.144
2645.1609999999996	0.900000000000091	trials	86	s086_J210526	coCe_grSu6Ne	17	0.0	5	2645.461	2645.761
2650.9869999999996	0.900000000000091	trials	86	s086_J210526	grCe_grSu12SmCiNe	13	135.0	5	2651.287	2651.587
2651.595	0.900000000000091	trials	86	s086_J210526	grCe_grSu12Mi	9	0.0	5	2651.895	2652.195
2652.1949999999997	0.900000000000091	trials	86	s086_J210526	grCe_grSu12SmCiNe_PS	21	180.0	5	2652.495	2652.795
2660.855	0.900000000000091	trials	86	s086_J210526	coCe	16	0.0	5	2661.155	2661.454
2661.455	0.900000000000091	trials	86	s086_J210526	coCe	16	315.0	5	2661.755	2662.055
2662.055	0.900000000000091	trials	86	s086_J210526	grCe_grSu12SmCiNe_PS	21	0.0	5	2662.355	2662.655
2681.149	0.900000000000091	trials	86	s086_J210526	grCe_grSu6Ne	7	225.0	5	2681.449	2681.749
2682.366	0.900000000000091	trials	86	s086_J210526	grCe_grSu18Fa	11	90.0	5	2682.666	2682.966
2687.25	0.900000000000091	trials	86	s086_J210526	grCe_grSu6CiNe_PS	19	225.0	5	2687.55	2687.85
2687.8579999999997	0.900000000000091	trials	86	s086_J210526	grCe_grSu12Mi	9	225.0	5	2688.158	2688.458
2688.4669999999996	0.900000000000091	trials	86	s086_J210526	grCe_grSu12SmCiNe	13	225.0	5	2688.767	2689.066
2693.3509999999997	0.900000000000091	trials	86	s086_J210526	coCe	16	225.0	5	2693.651	2693.95
2693.951	0.900000000000091	trials	86	s086_J210526	grCe_grSu6Ne_PS	18	90.0	5	2694.251	2694.55
2694.551	0.900000000000091	trials	86	s086_J210526	coCe_grSu6Ne	17	270.0	5	2694.851	2695.151
2699.493	0.900000000000091	trials	86	s086_J210526	grCe_grSu6CiNe_PS	19	315.0	5	2699.793	2700.093
2700.093	0.900000000000091	trials	86	s086_J210526	grCe_grSu6Ne_PS	18	180.0	5	2700.393	2700.693
2700.7019999999998	0.900000000000091	trials	86	s086_J210526	grCe_grSu3Ne	5	315.0	8	2701.002	2701.301
2705.527	0.900000000000091	trials	86	s086_J210526	grCe_grSu6CiNe_PS	19	135.0	8	2705.827	2706.127
2706.127	0.900000000000091	trials	86	s086_J210526	grSu6CiNe	14		8	2706.427	2706.727
2710.086	0.900000000000091	trials	86	s086_J210526	grCe_grSu6Ne_PS	18	0.0	8	2710.386	2710.686
2710.6859999999997	0.900000000000091	trials	86	s086_J210526	grCe_grSu6CiNe	15	225.0	8	2710.986	2711.286
2716.345	0.900000000000091	trials	86	s086_J210526	grCe_grSu12Mi	9	315.0	8	2716.645	2716.945
2716.946	0.900000000000091	trials	86	s086_J210526	grCe_grSu6CiNe_PS	19	225.0	8	2717.246	2717.545
2717.546	0.900000000000091	trials	86	s086_J210526	grCe_grSu1Ne	3	315.0	8	2717.846	2718.145
2725.647	0.900000000000091	trials	86	s086_J210526	coCe_grSu6Ne	17	180.0	8	2725.947	2726.246
2728.964	0.900000000000091	trials	86	s086_J210526	grCe_grSu6Ne_PS	18	135.0	8	2729.264	2729.563
2729.564	0.900000000000091	trials	86	s086_J210526	coCe_grSu6Ne	17	270.0	8	2729.864	2730.163
2730.189	0.900000000000091	trials	86	s086_J210526	coCe	16	0.0	8	2730.489	2730.788
2735.1479999999997	0.900000000000091	trials	86	s086_J210526	coCe	16	315.0	8	2735.448	2735.747
2745.3909999999996	0.900000000000091	trials	86	s086_J210526	grCe_grSu12SmCiNe_PS	21	225.0	8	2745.691	2745.99
2745.991	0.900000000000091	trials	86	s086_J210526	grCe_grSu12SmCiNe_PS	21	135.0	8	2746.291	2746.591
2746.591	0.900000000000091	trials	86	s086_J210526	grCe_grSu6CiNe_PS	19	90.0	8	2746.891	2747.191
2751.5249999999996	0.900000000000091	trials	86	s086_J210526	grCe_grSu12SmCiNe	13	270.0	8	2751.825	2752.125
2752.725	0.900000000000091	trials	86	s086_J210526	grCe_grSu12SmCiNe	13	135.0	8	2753.025	2753.325
2757.759	0.900000000000091	trials	86	s086_J210526	grCe_grSu6CiNe_PS	19	180.0	8	2758.059	2758.359
2764.2019999999998	0.900000000000091	trials	86	s086_J210526	grCe_grSu6CiNe_PS	19	0.0	8	2764.502	2764.801
2764.8179999999998	0.900000000000091	trials	86	s086_J210526	grCe_grSu18Fa	11	90.0	8	2765.118	2765.418
2765.4179999999997	0.900000000000091	trials	86	s086_J210526	grCe_grSu1Ne	3	180.0	8	2765.718	2766.018
2770.361	0.900000000000091	trials	86	s086_J210526	coCe	16	270.0	8	2770.661	2770.96
2770.9689999999996	0.900000000000091	trials	86	s086_J210526	coCe_grSu6Ne	17	0.0	8	2771.269	2771.569
2771.569	0.900000000000091	trials	86	s086_J210526	grCe	1	270.0	8	2771.869	2772.169
2776.537	0.900000000000091	trials	86	s086_J210526	grCe_grSu3Ne	5	45.0	8	2776.837	2777.136
2777.145	0.900000000000091	trials	86	s086_J210526	grCe_grSu6Ne	7	180.0	8	2777.445	2777.745
2777.745	0.900000000000091	trials	86	s086_J210526	grCe_grSu6Ne_PS	18	225.0	8	2778.045	2778.345
2782.6789999999996	0.900000000000091	trials	86	s086_J210526	coCe	16	135.0	8	2782.979	2783.279
2783.287	0.900000000000091	trials	86	s086_J210526	grCe_grSu12Mi	9	225.0	8	2783.587	2783.887
2786.696	0.900000000000091	trials	86	s086_J210526	grCe_grSu6Ne	7	0.0	8	2786.996	2787.296
2787.9049999999997	0.900000000000091	trials	86	s086_J210526	grCe	1	45.0	8	2788.205	2788.504
2792.8799999999997	0.900000000000091	trials	86	s086_J210526	grCe	1	135.0	8	2793.18	2793.48
2793.489	0.900000000000091	trials	86	s086_J210526	coCe_grSu6Ne	17	225.0	8	2793.789	2794.088
2798.9979999999996	0.900000000000091	trials	86	s086_J210526	grCe_grSu1Ne	3	45.0	8	2799.298	2799.597
2799.598	0.900000000000091	trials	86	s086_J210526	grCe_grSu12SmCiNe_PS	21	0.0	8	2799.898	2800.197
2800.198	0.900000000000091	trials	86	s086_J210526	grCe_grSu1Ne	3	225.0	8	2800.498	2800.798
2808.274	0.900000000000091	trials	86	s086_J210526	grCe_grSu12Mi	9	270.0	8	2808.574	2808.874
2812.25	0.900000000000091	trials	86	s086_J210526	grCe_grSu18Fa	11	135.0	8	2812.55	2812.849
2826.0099999999998	0.900000000000091	trials	86	s086_J210526	grCe_grSu6CiNe	15	90.0	8	2826.31	2826.609
2826.6099999999997	0.900000000000091	trials	86	s086_J210526	grCe_grSu6CiNe	15	270.0	8	2826.91	2827.209
2827.243	0.900000000000091	trials	86	s086_J210526	grCe_grSu1Ne	3	0.0	8	2827.543	2827.843
2832.1099999999997	0.900000000000091	trials	86	s086_J210526	grCe_grSu1Ne	3	270.0	8	2832.41	2832.71
2840.0699999999997	0.900000000000091	trials	86	s086_J210526	grCe_grSu3Ne	5	225.0	8	2840.37	2840.669
2840.678	0.900000000000091	trials	86	s086_J210526	grCe_grSu12Mi	9	180.0	8	2840.978	2841.278
2845.571	0.900000000000091	trials	86	s086_J210526	grCe_grSu6Ne	7	90.0	8	2845.871	2846.17
2846.171	0.900000000000091	trials	86	s086_J210526	coCe	16	225.0	8	2846.471	2846.77
2846.7709999999997	0.900000000000091	trials	86	s086_J210526	grCe	1	0.0	8	2847.071	2847.37
2852.221	0.900000000000091	trials	86	s086_J210526	coCe	16	90.0	8	2852.521	2852.821
2852.821	0.900000000000091	trials	86	s086_J210526	grCe_grSu6Ne_PS	18	45.0	8	2853.121	2853.421
2857.9049999999997	0.900000000000091	trials	86	s086_J210526	grCe_grSu6CiNe	15	180.0	8	2858.205	2858.505
2858.506	0.900000000000091	trials	86	s086_J210526	grCe_grSu6CiNe_PS	19	270.0	8	2858.806	2859.105
2862.2729999999997	0.900000000000091	trials	86	s086_J210526	grCe_grSu12Mi	9	45.0	8	2862.573	2862.872
2865.89	0.900000000000091	trials	86	s086_J210526	grSu12Mi	8		8	2866.19	2866.489
2866.49	0.900000000000091	trials	86	s086_J210526	NoStim	0		8	2866.79	2867.089
2871.999	0.900000000000091	trials	86	s086_J210526	grCe_grSu12Mi	9	0.0	8	2872.299	2872.599
2872.616	0.900000000000091	trials	86	s086_J210526	grCe_grSu18Fa	11	45.0	8	2872.916	2873.215
2873.232	0.900000000000091	trials	86	s086_J210526	grCe_grSu12SmCiNe_PS	21	45.0	8	2873.532	2873.832
2878.225	0.900000000000091	trials	86	s086_J210526	grCe	1	90.0	8	2878.525	2878.824
2878.825	0.900000000000091	trials	86	s086_J210526	grCe_grSu6CiNe	15	135.0	8	2879.125	2879.424
2879.4249999999997	0.900000000000091	trials	86	s086_J210526	grSu3Ne	4		8	2879.725	2880.024
2888.151	0.900000000000091	trials	86	s086_J210526	grCe_grSu3Ne	5	90.0	8	2888.451	2888.751
2888.7509999999997	0.900000000000091	trials	86	s086_J210526	grCe_grSu3Ne	5	270.0	8	2889.051	2889.351
2893.652	0.900000000000091	trials	86	s086_J210526	coCe_grSu6Ne	17	315.0	8	2893.952	2894.251
2900.553	0.900000000000091	trials	86	s086_J210526	grCe_grSu6CiNe	15	45.0	8	2900.853	2901.152
2901.153	0.900000000000091	trials	86	s086_J210526	grSu12SmCiNe	12		8	2901.453	2901.752
2906.662	0.900000000000091	trials	86	s086_J210526	grCe_grSu12SmCiNe_PS	21	270.0	8	2906.962	2907.261
2907.2619999999997	0.900000000000091	trials	86	s086_J210526	grCe_grSu12SmCiNe	13	225.0	8	2907.562	2907.861
2907.8619999999996	0.900000000000091	trials	86	s086_J210526	grCe_grSu6Ne_PS	18	180.0	8	2908.162	2908.461
2912.7039999999997	0.900000000000091	trials	86	s086_J210526	grCe	1	315.0	8	2913.004	2913.304
2913.3129999999996	0.900000000000091	trials	86	s086_J210526	grCe_grSu3Ne	5	135.0	8	2913.613	2913.912
2919.522	0.900000000000091	trials	86	s086_J210526	grCe_grSu1Ne	3	90.0	8	2919.822	2920.121
2920.122	0.900000000000091	trials	86	s086_J210526	grCe	1	225.0	8	2920.422	2920.721
2924.939	0.900000000000091	trials	86	s086_J210526	grCe_grSu1Ne	3	135.0	8	2925.239	2925.539
2925.556	0.900000000000091	trials	86	s086_J210526	grCe_grSu18Fa	11	270.0	8	2925.856	2926.155
2926.1639999999998	0.900000000000091	trials	86	s086_J210526	grCe_grSu6Ne	7	315.0	8	2926.464	2926.764
2930.857	0.900000000000091	trials	86	s086_J210526	grCe_grSu6CiNe_PS	19	315.0	8	2931.157	2931.456
2931.457	0.900000000000091	trials	86	s086_J210526	coCe_grSu6Ne	17	135.0	8	2931.757	2932.056
2932.057	0.900000000000091	trials	86	s086_J210526	coCe	16	180.0	8	2932.357	2932.656
2937.299	0.900000000000091	trials	86	s086_J210526	coCe	16	45.0	8	2937.599	2937.899
2937.899	0.900000000000091	trials	86	s086_J210526	grCe	1	180.0	8	2938.199	2938.499
2938.499	0.900000000000091	trials	86	s086_J210526	grCe_grSu3Ne	5	180.0	8	2938.799	2939.099
2943.6499999999996	0.900000000000091	trials	86	s086_J210526	grCe_grSu18Fa	11	315.0	8	2943.95	2944.249
2944.25	0.900000000000091	trials	86	s086_J210526	grCe_grSu12SmCiNe_PS	21	315.0	8	2944.55	2944.85
2949.926	0.900000000000091	trials	86	s086_J210526	grCe_grSu6Ne_PS	18	315.0	8	2950.226	2950.525
2950.526	0.900000000000091	trials	86	s086_J210526	grCe_grSu12SmCiNe_PS	21	90.0	8	2950.826	2951.125
2951.134	0.900000000000091	trials	86	s086_J210526	grCe_grSu3Ne	5	0.0	8	2951.434	2951.734
2956.2019999999998	0.900000000000091	trials	86	s086_J210526	grCe_grSu18Fa	11	0.0	8	2956.502	2956.801
2963.6609999999996	0.900000000000091	trials	86	s086_J210526	grCe_grSu6Ne_PS	18	90.0	8	2963.961	2964.26
2964.261	0.900000000000091	trials	86	s086_J210526	coCe_grSu6Ne	17	90.0	8	2964.561	2964.86
2969.1279999999997	0.900000000000091	trials	86	s086_J210526	grSu1Ne	2		8	2969.428	2969.728
2974.779	0.900000000000091	trials	86	s086_J210526	grCe_grSu6Ne	7	225.0	8	2975.079	2975.379
2978.9629999999997	0.900000000000091	trials	86	s086_J210526	grCe_grSu6CiNe	15	315.0	8	2979.263	2979.562
2979.5629999999996	0.900000000000091	trials	86	s086_J210526	grCe_grSu6Ne_PS	18	270.0	8	2979.863	2980.162
2984.6639999999998	0.900000000000091	trials	86	s086_J210526	grSu6Ne	6		8	2984.964	2985.263
2992.7149999999997	0.900000000000091	trials	86	s086_J210526	grCe_grSu12Mi	9	90.0	8	2993.015	2993.314
3002.7239999999997	0.900000000000091	trials	86	s086_J210526	grCe_grSu12SmCiNe	13	315.0	8	3003.024	3003.324
3003.933	0.900000000000091	trials	86	s086_J210526	coSu6Ne	20		8	3004.233	3004.532
3009.442	0.900000000000091	trials	86	s086_J210526	grCe_grSu6CiNe	15	0.0	8	3009.742	3010.041
3010.042	0.900000000000091	trials	86	s086_J210526	grCe_grSu6CiNe_PS	19	45.0	8	3010.342	3010.641
3015.026	0.900000000000091	trials	86	s086_J210526	grCe_grSu18Fa	11	225.0	8	3015.326	3015.625
3015.6679999999997	0.900000000000091	trials	86	s086_J210526	grCe_grSu12SmCiNe	13	180.0	8	3015.968	3016.267
3016.268	0.900000000000091	trials	86	s086_J210526	grCe_grSu6Ne	7	270.0	8	3016.568	3016.867
3021.3849999999998	0.900000000000091	trials	86	s086_J210526	grCe_grSu6Ne	7	45.0	8	3021.685	3021.985
3021.993	0.900000000000091	trials	86	s086_J210526	grSu18Fa	10		8	3022.293	3022.593
3022.593	0.900000000000091	trials	86	s086_J210526	grCe_grSu12SmCiNe	13	45.0	8	3022.893	3023.193
3030.578	0.900000000000091	trials	86	s086_J210526	coCe_grSu6Ne	17	45.0	8	3030.878	3031.177
3031.1859999999997	0.900000000000091	trials	86	s086_J210526	grCe_grSu12SmCiNe	13	90.0	8	3031.486	3031.786
3031.7859999999996	0.900000000000091	trials	86	s086_J210526	grCe_grSu12SmCiNe_PS	21	180.0	8	3032.086	3032.386
3036.7949999999996	0.900000000000091	trials	86	s086_J210526	grCe_grSu18Fa	11	180.0	8	3037.095	3037.395
3037.395	0.900000000000091	trials	86	s086_J210526	grCe_grSu12SmCiNe	13	0.0	8	3037.695	3037.995
3037.995	0.900000000000091	trials	86	s086_J210526	grCe_grSu6Ne	7	135.0	8	3038.295	3038.595
3042.8709999999996	0.900000000000091	trials	86	s086_J210526	grCe_grSu12Mi	9	135.0	8	3043.171	3043.471
3043.48	0.900000000000091	trials	86	s086_J210526	grCe_grSu12SmCiNe	13	90.0	2	3043.78	3044.079
3048.9469999999997	0.900000000000091	trials	86	s086_J210526	grCe_grSu12Mi	9	270.0	2	3049.247	3049.546
3049.547	0.900000000000091	trials	86	s086_J210526	grCe_grSu6CiNe	15	315.0	2	3049.847	3050.147
3050.1549999999997	0.900000000000091	trials	86	s086_J210526	grCe_grSu3Ne	5	135.0	2	3050.455	3050.755
3054.931	0.900000000000091	trials	86	s086_J210526	grCe	1	45.0	2	3055.231	3055.531
3055.531	0.900000000000091	trials	86	s086_J210526	coCe_grSu6Ne	17	225.0	2	3055.831	3056.131
3061.924	0.900000000000091	trials	86	s086_J210526	grCe	1	135.0	2	3062.224	3062.523
3071.366	0.900000000000091	trials	86	s086_J210526	coCe	16	45.0	2	3071.666	3071.966
3071.975	0.900000000000091	trials	86	s086_J210526	grCe_grSu6CiNe	15	45.0	2	3072.275	3072.574
3072.5829999999996	0.900000000000091	trials	86	s086_J210526	grCe_grSu6CiNe	15	90.0	2	3072.883	3073.183
3083.743	0.900000000000091	trials	86	s086_J210526	grCe_grSu12Mi	9	135.0	2	3084.043	3084.343
3084.343	0.900000000000091	trials	86	s086_J210526	NoStim	0		2	3084.643	3084.943
3084.9519999999998	0.900000000000091	trials	86	s086_J210526	coCe_grSu6Ne	17	315.0	2	3085.252	3085.551
3091.086	0.900000000000091	trials	86	s086_J210526	grCe_grSu6CiNe_PS	19	315.0	2	3091.386	3091.685
3102.7709999999997	0.900000000000091	trials	86	s086_J210526	coCe	16	225.0	2	3103.071	3103.37
3103.3709999999996	0.900000000000091	trials	86	s086_J210526	grCe_grSu6Ne	7	180.0	2	3103.671	3103.97
3103.971	0.900000000000091	trials	86	s086_J210526	grCe_grSu12SmCiNe_PS	21	0.0	2	3104.271	3104.57
3108.7459999999996	0.900000000000091	trials	86	s086_J210526	grCe_grSu6Ne	7	135.0	2	3109.046	3109.346
3109.355	0.900000000000091	trials	86	s086_J210526	grCe_grSu12Mi	9	90.0	2	3109.655	3109.954
3109.955	0.900000000000091	trials	86	s086_J210526	grCe_grSu12SmCiNe_PS	21	90.0	2	3110.255	3110.554
3118.489	0.900000000000091	trials	86	s086_J210526	coCe	16	0.0	2	3118.789	3119.089
3119.1389999999997	0.900000000000091	trials	86	s086_J210526	grCe	1	315.0	2	3119.439	3119.739
3119.739	0.900000000000091	trials	86	s086_J210526	grCe_grSu6Ne_PS	18	135.0	2	3120.039	3120.339
3125.082	0.900000000000091	trials	86	s086_J210526	grCe_grSu1Ne	3	315.0	2	3125.382	3125.681
3125.6989999999996	0.900000000000091	trials	86	s086_J210526	grCe_grSu18Fa	11	225.0	2	3125.999	3126.298
3126.299	0.900000000000091	trials	86	s086_J210526	grCe_grSu6Ne_PS	18	315.0	2	3126.599	3126.898
3131.241	0.900000000000091	trials	86	s086_J210526	grSu6Ne	6		2	3131.541	3131.84
3132.4489999999996	0.900000000000091	trials	86	s086_J210526	grCe_grSu12SmCiNe	13	180.0	2	3132.749	3133.049
3138.317	0.900000000000091	trials	86	s086_J210526	grCe_grSu18Fa	11	315.0	2	3138.617	3138.916
3138.917	0.900000000000091	trials	86	s086_J210526	coCe_grSu6Ne	17	0.0	2	3139.217	3139.516
3143.859	0.900000000000091	trials	86	s086_J210526	grCe_grSu12SmCiNe_PS	21	180.0	2	3144.159	3144.459
3144.459	0.900000000000091	trials	86	s086_J210526	grCe	1	180.0	2	3144.759	3145.059
3145.0679999999998	0.900000000000091	trials	86	s086_J210526	grCe_grSu12Mi	9	180.0	2	3145.368	3145.667
3149.9849999999997	0.900000000000091	trials	86	s086_J210526	coSu6Ne	20		2	3150.285	3150.585
3156.578	0.900000000000091	trials	86	s086_J210526	grCe_grSu12Mi	9	315.0	2	3156.878	3157.177
3166.962	0.900000000000091	trials	86	s086_J210526	coCe_grSu6Ne	17	270.0	2	3167.262	3167.562
3167.571	0.900000000000091	trials	86	s086_J210526	grCe_grSu1Ne	3	270.0	2	3167.871	3168.17
3168.171	0.900000000000091	trials	86	s086_J210526	grCe_grSu6Ne	7	0.0	2	3168.471	3168.77
3173.105	0.900000000000091	trials	86	s086_J210526	grCe_grSu18Fa	11	90.0	2	3173.405	3173.704
3174.321	0.900000000000091	trials	86	s086_J210526	grCe_grSu1Ne	3	45.0	2	3174.621	3174.921
3179.297	0.900000000000091	trials	86	s086_J210526	grCe_grSu1Ne	3	225.0	2	3179.597	3179.897
3179.897	0.900000000000091	trials	86	s086_J210526	grCe_grSu6CiNe_PS	19	225.0	2	3180.197	3180.497
3185.6229999999996	0.900000000000091	trials	86	s086_J210526	grCe_grSu6Ne_PS	18	90.0	2	3185.923	3186.222
3186.2479999999996	0.900000000000091	trials	86	s086_J210526	grCe_grSu6Ne_PS	18	270.0	2	3186.548	3186.848
3186.848	0.900000000000091	trials	86	s086_J210526	grCe_grSu6CiNe_PS	19	90.0	2	3187.148	3187.448
3195.5159999999996	0.900000000000091	trials	86	s086_J210526	coCe	16	180.0	2	3195.816	3196.115
3196.124	0.900000000000091	trials	86	s086_J210526	grCe_grSu6CiNe	15	135.0	2	3196.424	3196.724
3196.7239999999997	0.900000000000091	trials	86	s086_J210526	grCe_grSu6Ne_PS	18	225.0	2	3197.024	3197.324
3201.508	0.900000000000091	trials	86	s086_J210526	grCe_grSu3Ne	5	0.0	2	3201.808	3202.108
3202.1169999999997	0.900000000000091	trials	86	s086_J210526	grCe_grSu12Mi	9	0.0	2	3202.417	3202.716
3202.7169999999996	0.900000000000091	trials	86	s086_J210526	grCe_grSu12SmCiNe	13	45.0	2	3203.017	3203.316
3207.4919999999997	0.900000000000091	trials	86	s086_J210526	grCe_grSu12SmCiNe	13	0.0	2	3207.792	3208.092
3208.1009999999997	0.900000000000091	trials	86	s086_J210526	grCe_grSu12Mi	9	45.0	2	3208.401	3208.7
3208.709	0.900000000000091	trials	86	s086_J210526	coCe_grSu6Ne	17	45.0	2	3209.009	3209.309
3213.627	0.900000000000091	trials	86	s086_J210526	grCe_grSu3Ne	5	45.0	2	3213.927	3214.226
3214.227	0.900000000000091	trials	86	s086_J210526	grCe_grSu6Ne	7	315.0	2	3214.527	3214.826
3214.8269999999998	0.900000000000091	trials	86	s086_J210526	coCe	16	135.0	2	3215.127	3215.426
3220.002	0.900000000000091	trials	86	s086_J210526	grCe_grSu6CiNe_PS	19	135.0	2	3220.302	3220.602
3220.602	0.900000000000091	trials	86	s086_J210526	grCe_grSu6CiNe	15	0.0	2	3220.902	3221.202
3221.203	0.900000000000091	trials	86	s086_J210526	grCe_grSu6Ne	7	225.0	2	3221.503	3221.802
3226.1279999999997	0.900000000000091	trials	86	s086_J210526	grCe_grSu12SmCiNe_PS	21	225.0	2	3226.428	3226.728
3227.328	0.900000000000091	trials	86	s086_J210526	grCe	1	270.0	2	3227.628	3227.928
3232.0789999999997	0.900000000000091	trials	86	s086_J210526	coCe	16	270.0	2	3232.379	3232.679
3232.6789999999996	0.900000000000091	trials	86	s086_J210526	grCe_grSu12SmCiNe	13	315.0	2	3232.979	3233.279
3233.279	0.900000000000091	trials	86	s086_J210526	grSu1Ne	2		2	3233.579	3233.879
3238.221	0.900000000000091	trials	86	s086_J210526	grCe_grSu12Mi	9	225.0	2	3238.521	3238.821
3238.83	0.900000000000091	trials	86	s086_J210526	grCe_grSu12SmCiNe	13	225.0	2	3239.13	3239.429
3239.43	0.900000000000091	trials	86	s086_J210526	coCe	16	90.0	2	3239.73	3240.029
3244.5139999999997	0.900000000000091	trials	86	s086_J210526	coCe	16	315.0	2	3244.814	3245.113
3245.114	0.900000000000091	trials	86	s086_J210526	grCe_grSu3Ne	5	180.0	2	3245.414	3245.714
3245.714	0.900000000000091	trials	86	s086_J210526	grCe_grSu6Ne	7	90.0	2	3246.014	3246.314
3250.54	0.900000000000091	trials	86	s086_J210526	grCe_grSu18Fa	11	270.0	2	3250.84	3251.139
3251.1479999999997	0.900000000000091	trials	86	s086_J210526	grCe_grSu6CiNe	15	270.0	2	3251.448	3251.748
3251.7479999999996	0.900000000000091	trials	86	s086_J210526	grSu12SmCiNe	12		2	3252.048	3252.348
3256.682	0.900000000000091	trials	86	s086_J210526	grSu12Mi	8		2	3256.982	3257.282
3257.3239999999996	0.900000000000091	trials	86	s086_J210526	grSu18Fa	10		2	3257.624	3257.923
3264.0249999999996	0.900000000000091	trials	86	s086_J210526	grSu6CiNe	14		2	3264.325	3264.624
3269.6169999999997	0.900000000000091	trials	86	s086_J210526	grCe_grSu18Fa	11	180.0	2	3269.917	3270.217
3270.2259999999997	0.900000000000091	trials	86	s086_J210526	grCe_grSu6Ne	7	45.0	2	3270.526	3270.825
3270.826	0.900000000000091	trials	86	s086_J210526	grCe_grSu6CiNe_PS	19	180.0	2	3271.126	3271.425
3275.8509999999997	0.900000000000091	trials	86	s086_J210526	coCe_grSu6Ne	17	135.0	2	3276.151	3276.451
3276.451	0.900000000000091	trials	86	s086_J210526	grCe_grSu3Ne	5	315.0	2	3276.751	3277.051
3277.051	0.900000000000091	trials	86	s086_J210526	grCe	1	0.0	2	3277.351	3277.651
3281.8599999999997	0.900000000000091	trials	86	s086_J210526	grCe_grSu12SmCiNe	13	135.0	2	3282.16	3282.46
3282.46	0.900000000000091	trials	86	s086_J210526	grCe_grSu6CiNe_PS	19	45.0	2	3282.76	3283.06
3283.0609999999997	0.900000000000091	trials	86	s086_J210526	grCe_grSu6CiNe	15	225.0	2	3283.361	3283.66
3288.0029999999997	0.900000000000091	trials	86	s086_J210526	grCe_grSu6Ne_PS	18	180.0	2	3288.303	3288.602
3297.988	0.900000000000091	trials	86	s086_J210526	grSu3Ne	4		2	3298.288	3298.587
3298.5879999999997	0.900000000000091	trials	86	s086_J210526	grCe_grSu3Ne	5	90.0	2	3298.888	3299.187
3299.2039999999997	0.900000000000091	trials	86	s086_J210526	grCe_grSu18Fa	11	45.0	2	3299.504	3299.804
3304.0629999999996	0.900000000000091	trials	86	s086_J210526	grCe_grSu1Ne	3	180.0	2	3304.363	3304.663
3304.663	0.900000000000091	trials	86	s086_J210526	grCe_grSu1Ne	3	0.0	2	3304.963	3305.263
3305.263	0.900000000000091	trials	86	s086_J210526	grCe_grSu3Ne	5	225.0	2	3305.563	3305.863
3310.156	0.900000000000091	trials	86	s086_J210526	grCe_grSu3Ne	5	270.0	2	3310.456	3310.755
3316.2149999999997	0.900000000000091	trials	86	s086_J210526	grCe_grSu18Fa	11	135.0	2	3316.515	3316.814
3316.8149999999996	0.900000000000091	trials	86	s086_J210526	grCe_grSu6Ne_PS	18	45.0	2	3317.115	3317.414
3322.932	0.900000000000091	trials	86	s086_J210526	grCe_grSu12SmCiNe_PS	21	135.0	2	3323.232	3323.532
3324.1409999999996	0.900000000000091	trials	86	s086_J210526	grCe_grSu1Ne	3	90.0	2	3324.441	3324.74
3329.6	0.900000000000091	trials	86	s086_J210526	grCe_grSu1Ne	3	135.0	2	3329.9	3330.199
3330.7999999999997	0.900000000000091	trials	86	s086_J210526	grCe_grSu12SmCiNe	13	270.0	2	3331.1	3331.4
3336.3089999999997	0.900000000000091	trials	86	s086_J210526	coCe_grSu6Ne	17	90.0	2	3336.609	3336.909
3336.9089999999997	0.900000000000091	trials	86	s086_J210526	grCe_grSu6Ne	7	270.0	2	3337.209	3337.509
3342.91	0.900000000000091	trials	86	s086_J210526	grCe_grSu6CiNe_PS	19	270.0	2	3343.21	3343.51
3343.5099999999998	0.900000000000091	trials	86	s086_J210526	grCe_grSu6CiNe	15	180.0	2	3343.81	3344.11
3344.1099999999997	0.900000000000091	trials	86	s086_J210526	grCe	1	90.0	2	3344.41	3344.71
3349.144	0.900000000000091	trials	86	s086_J210526	grCe_grSu6CiNe_PS	19	0.0	2	3349.444	3349.744
3349.7439999999997	0.900000000000091	trials	86	s086_J210526	grCe	1	225.0	2	3350.044	3350.344
3350.3439999999996	0.900000000000091	trials	86	s086_J210526	grCe_grSu12SmCiNe_PS	21	270.0	2	3350.644	3350.944
3359.145	0.900000000000091	trials	86	s086_J210526	grCe_grSu18Fa	11	0.0	2	3359.445	3359.745
3359.7459999999996	0.900000000000091	trials	86	s086_J210526	grCe_grSu12SmCiNe_PS	21	315.0	2	3360.046	3360.345
3365.888	0.900000000000091	trials	86	s086_J210526	coCe_grSu6Ne	17	180.0	2	3366.188	3366.488
3370.172	0.900000000000091	trials	86	s086_J210526	grCe_grSu12SmCiNe_PS	21	45.0	2	3370.472	3370.771
3370.772	0.900000000000091	trials	86	s086_J210526	grCe_grSu6Ne_PS	18	0.0	2	3371.072	3371.371
