onset	duration	nwb_table	ses_ID	ses_Name	cond_Name	cond_ID	target_rot	rep_num	pdOn	pdOff
48.296	0.8999999999999986	trials	29	s029_F200516	grCe_grSu6CiNe	15	45.0	6	48.596	48.896
48.979000000000006	0.8999999999999986	trials	29	s029_F200516	grCe_grSu6Ne_PS	18	180.0	6	49.279	49.579
49.579	0.8999999999999986	trials	29	s029_F200516	coCe_grSu6Ne	17	225.0	6	49.879	50.179
56.272000000000006	0.8999999999999986	trials	29	s029_F200516	grCe_grSu12SmCiNe_PS	21	315.0	6	56.572	56.872
56.905	0.8999999999999986	trials	29	s029_F200516	grCe_grSu3Ne	5	0.0	6	57.205	57.505
60.614000000000004	0.8999999999999986	trials	29	s029_F200516	grCe_grSu18Fa	11	180.0	6	60.914	61.214
61.214000000000006	0.8999999999999986	trials	29	s029_F200516	grCe_grSu6Ne	7	225.0	6	61.514	61.814
64.665	0.8999999999999915	trials	29	s029_F200516	grCe_grSu12Mi	9	0.0	6	64.965	65.264
68.29	0.8999999999999915	trials	29	s029_F200516	grCe_grSu12SmCiNe	13	315.0	6	68.59	68.89
68.915	0.8999999999999915	trials	29	s029_F200516	grCe	1	180.0	6	69.215	69.515
69.524	0.8999999999999915	trials	29	s029_F200516	grCe_grSu6Ne	7	45.0	6	69.824	70.123
70.12400000000001	0.8999999999999915	trials	29	s029_F200516	coCe_grSu6Ne	17	315.0	6	70.424	70.723
70.724	0.8999999999999915	trials	29	s029_F200516	grCe_grSu1Ne	3	135.0	6	71.024	71.323
77.333	0.8999999999999915	trials	29	s029_F200516	grCe_grSu6Ne	7	315.0	6	77.633	77.933
77.933	0.8999999999999915	trials	29	s029_F200516	grCe_grSu1Ne	3	0.0	6	78.233	78.533
79.183	0.8999999999999915	trials	29	s029_F200516	grCe_grSu6CiNe_PS	19	270.0	6	79.483	79.783
79.783	0.8999999999999915	trials	29	s029_F200516	grCe_grSu6Ne_PS	18	90.0	6	80.083	80.383
87.026	0.8999999999999915	trials	29	s029_F200516	coCe	16	270.0	6	87.326	87.626
93.918	0.8999999999999915	trials	29	s029_F200516	grCe_grSu12SmCiNe_PS	21	225.0	6	94.218	94.518
95.152	0.8999999999999915	trials	29	s029_F200516	grCe_grSu12SmCiNe_PS	21	0.0	6	95.452	95.752
95.794	0.8999999999999915	trials	29	s029_F200516	grCe_grSu12SmCiNe	13	0.0	6	96.094	96.393
96.394	0.8999999999999915	trials	29	s029_F200516	grCe_grSu6CiNe_PS	19	90.0	6	96.694	96.993
103.37	0.8999999999999915	trials	29	s029_F200516	grCe_grSu18Fa	11	315.0	6	103.67	103.969
107.37	0.8999999999999915	trials	29	s029_F200516	grCe_grSu12SmCiNe_PS	21	135.0	6	107.67	107.97
108.012	0.8999999999999915	trials	29	s029_F200516	grCe	1	315.0	6	108.312	108.612
111.504	0.8999999999999915	trials	29	s029_F200516	grCe_grSu12Mi	9	315.0	6	111.804	112.104
112.104	0.8999999999999915	trials	29	s029_F200516	grCe	1	135.0	6	112.404	112.704
112.721	0.8999999999999915	trials	29	s029_F200516	grCe_grSu6CiNe_PS	19	0.0	6	113.021	113.321
113.354	0.8999999999999915	trials	29	s029_F200516	grCe_grSu6CiNe_PS	19	135.0	6	113.654	113.954
113.95400000000001	0.8999999999999915	trials	29	s029_F200516	grSu6Ne	6		6	114.254	114.554
120.655	0.8999999999999915	trials	29	s029_F200516	grCe_grSu12Mi	9	180.0	6	120.955	121.255
121.864	0.8999999999999915	trials	29	s029_F200516	coCe_grSu6Ne	17	180.0	6	122.164	122.463
122.464	0.8999999999999915	trials	29	s029_F200516	coCe	16	45.0	6	122.764	123.063
123.072	0.8999999999999915	trials	29	s029_F200516	grCe_grSu12Mi	9	45.0	6	123.372	123.672
132.857	0.9000000000000057	trials	29	s029_F200516	grCe_grSu6CiNe	15	0.0	6	133.157	133.456
137.40699999999998	0.9000000000000057	trials	29	s029_F200516	grCe_grSu12SmCiNe	13	90.0	6	137.707	138.007
142.941	0.9000000000000057	trials	29	s029_F200516	grCe_grSu6CiNe_PS	19	315.0	6	143.241	143.541
143.558	0.9000000000000057	trials	29	s029_F200516	grCe_grSu6CiNe	15	135.0	6	143.858	144.158
144.167	0.9000000000000057	trials	29	s029_F200516	grCe_grSu18Fa	11	135.0	6	144.467	144.766
151.384	0.9000000000000057	trials	29	s029_F200516	grCe_grSu6Ne	7	135.0	6	151.684	151.984
151.98399999999998	0.9000000000000057	trials	29	s029_F200516	grSu6CiNe	14		6	152.284	152.584
152.58399999999997	0.9000000000000057	trials	29	s029_F200516	grCe_grSu1Ne	3	45.0	6	152.884	153.184
153.184	0.9000000000000057	trials	29	s029_F200516	grCe_grSu12SmCiNe_PS	21	180.0	6	153.484	153.784
153.784	0.9000000000000057	trials	29	s029_F200516	grSu1Ne	2		6	154.084	154.384
160.427	0.9000000000000057	trials	29	s029_F200516	grCe_grSu18Fa	11	270.0	6	160.727	161.027
161.027	0.9000000000000057	trials	29	s029_F200516	coCe	16	225.0	6	161.327	161.627
161.62699999999998	0.9000000000000057	trials	29	s029_F200516	grCe_grSu12SmCiNe	13	270.0	6	161.927	162.227
162.22699999999998	0.9000000000000057	trials	29	s029_F200516	grCe_grSu1Ne	3	270.0	6	162.527	162.827
162.83599999999998	0.9000000000000057	trials	29	s029_F200516	grSu18Fa	10		6	163.136	163.435
169.712	0.9000000000000057	trials	29	s029_F200516	grCe_grSu3Ne	5	315.0	6	170.012	170.311
170.928	0.9000000000000057	trials	29	s029_F200516	grCe_grSu3Ne	5	270.0	6	171.228	171.528
171.545	0.9000000000000057	trials	29	s029_F200516	grSu12Mi	8		6	171.845	172.145
172.14499999999998	0.9000000000000057	trials	29	s029_F200516	grCe_grSu6CiNe_PS	19	180.0	6	172.445	172.745
179.063	0.9000000000000057	trials	29	s029_F200516	grCe_grSu18Fa	11	45.0	6	179.363	179.662
179.66299999999998	0.9000000000000057	trials	29	s029_F200516	grCe_grSu3Ne	5	225.0	6	179.963	180.262
180.26299999999998	0.9000000000000057	trials	29	s029_F200516	grCe_grSu6Ne_PS	18	135.0	6	180.563	180.863
180.905	0.9000000000000057	trials	29	s029_F200516	grCe_grSu6CiNe	15	90.0	6	181.205	181.504
181.51299999999998	0.9000000000000057	trials	29	s029_F200516	grCe_grSu1Ne	3	315.0	6	181.813	182.113
191.631	0.9000000000000057	trials	29	s029_F200516	coCe_grSu6Ne	17	90.0	6	191.931	192.231
192.231	0.9000000000000057	trials	29	s029_F200516	grCe_grSu6Ne_PS	18	45.0	6	192.531	192.831
192.831	0.9000000000000057	trials	29	s029_F200516	grCe_grSu6Ne_PS	18	0.0	6	193.131	193.431
196.332	0.9000000000000057	trials	29	s029_F200516	grCe_grSu1Ne	3	180.0	6	196.632	196.931
196.932	0.9000000000000057	trials	29	s029_F200516	grSu3Ne	4		6	197.232	197.531
197.53199999999998	0.9000000000000057	trials	29	s029_F200516	grCe_grSu6Ne_PS	18	225.0	6	197.832	198.131
198.14	0.9000000000000057	trials	29	s029_F200516	grCe_grSu12SmCiNe	13	135.0	6	198.44	198.74
198.73999999999998	0.9000000000000057	trials	29	s029_F200516	grCe	1	270.0	6	199.04	199.34
217.551	0.9000000000000057	trials	29	s029_F200516	coCe_grSu6Ne	17	45.0	6	217.851	218.151
218.15099999999998	0.9000000000000057	trials	29	s029_F200516	grSu12SmCiNe	12		6	218.451	218.751
218.75099999999998	0.9000000000000057	trials	29	s029_F200516	grCe_grSu3Ne	5	90.0	6	219.051	219.351
228.652	0.9000000000000057	trials	29	s029_F200516	coCe	16	135.0	6	228.952	229.252
229.253	0.9000000000000057	trials	29	s029_F200516	grCe_grSu6Ne	7	270.0	6	229.553	229.852
231.06099999999998	0.9000000000000057	trials	29	s029_F200516	grCe_grSu12Mi	9	225.0	6	231.361	231.661
237.68699999999998	0.9000000000000057	trials	29	s029_F200516	grCe_grSu6Ne_PS	18	270.0	6	237.987	238.287
238.304	0.9000000000000057	trials	29	s029_F200516	grCe_grSu12SmCiNe_PS	21	45.0	6	238.604	238.903
238.904	0.9000000000000057	trials	29	s029_F200516	grCe_grSu6Ne	7	0.0	6	239.204	239.503
240.146	0.9000000000000057	trials	29	s029_F200516	coCe	16	0.0	6	240.446	240.745
251.397	0.9000000000000057	trials	29	s029_F200516	grCe_grSu1Ne	3	225.0	6	251.697	251.997
252.63899999999998	0.9000000000000057	trials	29	s029_F200516	grCe	1	225.0	6	252.939	253.239
253.26399999999998	0.9000000000000057	trials	29	s029_F200516	coCe_grSu6Ne	17	135.0	6	253.564	253.864
253.86399999999998	0.9000000000000057	trials	29	s029_F200516	grCe_grSu12SmCiNe	13	45.0	6	254.164	254.464
260.448	0.9000000000000341	trials	29	s029_F200516	grCe_grSu6CiNe_PS	19	45.0	6	260.748	261.048
261.082	0.9000000000000341	trials	29	s029_F200516	grCe_grSu6CiNe	15	180.0	6	261.382	261.681
261.69	0.9000000000000341	trials	29	s029_F200516	grCe_grSu18Fa	11	90.0	6	261.99	262.29
262.298	0.9000000000000341	trials	29	s029_F200516	grCe_grSu18Fa	11	225.0	6	262.598	262.898
262.924	0.9000000000000341	trials	29	s029_F200516	grCe_grSu12Mi	9	270.0	6	263.224	263.523
269.383	0.9000000000000341	trials	29	s029_F200516	grCe	1	0.0	6	269.683	269.982
269.991	0.9000000000000341	trials	29	s029_F200516	grCe_grSu12Mi	9	135.0	6	270.291	270.591
270.591	0.9000000000000341	trials	29	s029_F200516	grCe_grSu3Ne	5	135.0	6	270.891	271.191
271.191	0.9000000000000341	trials	29	s029_F200516	coCe	16	315.0	6	271.491	271.791
271.808	0.9000000000000341	trials	29	s029_F200516	grCe	1	90.0	6	272.108	272.408
279.092	0.9000000000000341	trials	29	s029_F200516	grCe_grSu6CiNe_PS	19	225.0	6	279.392	279.692
279.726	0.9000000000000341	trials	29	s029_F200516	grCe_grSu6Ne_PS	18	315.0	6	280.026	280.325
280.32599999999996	0.9000000000000341	trials	29	s029_F200516	grCe_grSu6CiNe	15	270.0	6	280.626	280.925
287.443	0.9000000000000341	trials	29	s029_F200516	grCe_grSu6Ne	7	90.0	6	287.743	288.043
289.252	0.9000000000000341	trials	29	s029_F200516	grCe_grSu3Ne	5	45.0	6	289.552	289.852
297.361	0.9000000000000341	trials	29	s029_F200516	grCe	1	45.0	6	297.661	297.961
301.554	0.9000000000000341	trials	29	s029_F200516	grCe_grSu12SmCiNe	13	225.0	6	301.854	302.153
302.779	0.9000000000000341	trials	29	s029_F200516	coCe	16	180.0	6	303.079	303.378
303.37899999999996	0.9000000000000341	trials	29	s029_F200516	grCe_grSu6CiNe	15	315.0	6	303.679	303.978
304.11199999999997	0.9000000000000341	trials	29	s029_F200516	coCe	16	90.0	6	304.412	304.712
315.039	0.9000000000000341	trials	29	s029_F200516	NoStim	0		6	315.339	315.638
315.639	0.9000000000000341	trials	29	s029_F200516	coCe_grSu6Ne	17	270.0	6	315.939	316.238
316.239	0.9000000000000341	trials	29	s029_F200516	grCe_grSu6CiNe	15	225.0	6	316.539	316.838
316.847	0.9000000000000341	trials	29	s029_F200516	grCe_grSu12Mi	9	90.0	6	317.147	317.447
324.265	0.9000000000000341	trials	29	s029_F200516	grCe_grSu6Ne	7	180.0	6	324.565	324.865
325.498	0.9000000000000341	trials	29	s029_F200516	grCe_grSu1Ne	3	90.0	6	325.798	326.098
326.098	0.9000000000000341	trials	29	s029_F200516	grCe_grSu3Ne	5	180.0	6	326.398	326.698
326.698	0.9000000000000341	trials	29	s029_F200516	coSu6Ne	20		6	326.998	327.298
333.39099999999996	0.9000000000000341	trials	29	s029_F200516	grCe_grSu12SmCiNe	13	180.0	6	333.691	333.991
334.008	0.9000000000000341	trials	29	s029_F200516	grCe_grSu12SmCiNe_PS	21	90.0	6	334.308	334.607
334.64099999999996	0.9000000000000341	trials	29	s029_F200516	grCe_grSu12SmCiNe_PS	21	270.0	6	334.941	335.241
335.241	0.9000000000000341	trials	29	s029_F200516	coCe_grSu6Ne	17	0.0	6	335.541	335.841
335.883	0.9000000000000341	trials	29	s029_F200516	grCe_grSu18Fa	11	0.0	6	336.183	336.483
347.043	0.9000000000000341	trials	29	s029_F200516	grCe_grSu6Ne_PS	18	45.0	9	347.343	347.642
347.651	0.9000000000000341	trials	29	s029_F200516	grCe_grSu18Fa	11	315.0	9	347.951	348.251
348.885	0.9000000000000341	trials	29	s029_F200516	grSu6Ne	6		9	349.185	349.484
349.493	0.9000000000000341	trials	29	s029_F200516	grSu12Mi	8		9	349.793	350.093
356.094	0.9000000000000341	trials	29	s029_F200516	grCe_grSu18Fa	11	225.0	9	356.394	356.694
356.711	0.9000000000000341	trials	29	s029_F200516	coCe	16	270.0	9	357.011	357.31
357.961	0.9000000000000341	trials	29	s029_F200516	grCe_grSu12Mi	9	270.0	9	358.261	358.561
358.561	0.9000000000000341	trials	29	s029_F200516	coCe_grSu6Ne	17	315.0	9	358.861	359.161
368.537	0.9000000000000341	trials	29	s029_F200516	grCe_grSu1Ne	3	135.0	9	368.837	369.137
369.146	0.9000000000000341	trials	29	s029_F200516	grCe_grSu18Fa	11	180.0	9	369.446	369.745
369.75399999999996	0.9000000000000341	trials	29	s029_F200516	grCe_grSu1Ne	3	90.0	9	370.054	370.354
370.354	0.9000000000000341	trials	29	s029_F200516	grCe_grSu1Ne	3	0.0	9	370.654	370.954
376.955	0.9000000000000341	trials	29	s029_F200516	grSu6CiNe	14		9	377.255	377.555
377.563	0.9000000000000341	trials	29	s029_F200516	grCe_grSu12SmCiNe	13	315.0	9	377.863	378.163
378.163	0.9000000000000341	trials	29	s029_F200516	coCe_grSu6Ne	17	0.0	9	378.463	378.763
378.764	0.9000000000000341	trials	29	s029_F200516	coCe	16	225.0	9	379.064	379.363
379.405	0.9000000000000341	trials	29	s029_F200516	grCe_grSu12SmCiNe	13	225.0	9	379.705	380.005
386.198	0.9000000000000341	trials	29	s029_F200516	grCe_grSu6Ne_PS	18	135.0	9	386.498	386.798
390.257	0.9000000000000341	trials	29	s029_F200516	grSu12SmCiNe	12		9	390.557	390.856
390.882	0.9000000000000341	trials	29	s029_F200516	grCe_grSu12Mi	9	225.0	9	391.182	391.481
391.49	0.9000000000000341	trials	29	s029_F200516	grCe_grSu12SmCiNe	13	0.0	9	391.79	392.09
392.09	0.9000000000000341	trials	29	s029_F200516	coCe_grSu6Ne	17	225.0	9	392.39	392.69
392.699	0.9000000000000341	trials	29	s029_F200516	grCe_grSu12Mi	9	135.0	9	392.999	393.298
407.967	0.9000000000000341	trials	29	s029_F200516	grCe_grSu6CiNe	15	225.0	9	408.267	408.567
408.61699999999996	0.9000000000000341	trials	29	s029_F200516	grCe_grSu18Fa	11	45.0	9	408.917	409.217
409.217	0.9000000000000341	trials	29	s029_F200516	grCe	1	225.0	9	409.517	409.817
409.818	0.9000000000000341	trials	29	s029_F200516	grCe_grSu6Ne	7	45.0	9	410.118	410.417
410.418	0.9000000000000341	trials	29	s029_F200516	grCe_grSu12SmCiNe_PS	21	90.0	9	410.718	411.017
417.277	0.9000000000000341	trials	29	s029_F200516	grCe_grSu6CiNe	15	315.0	9	417.577	417.877
418.49399999999997	0.9000000000000341	trials	29	s029_F200516	grCe_grSu6Ne	7	90.0	9	418.794	419.093
419.102	0.9000000000000341	trials	29	s029_F200516	grCe_grSu18Fa	11	90.0	9	419.402	419.702
426.42	0.9000000000000341	trials	29	s029_F200516	grCe_grSu12SmCiNe_PS	21	45.0	9	426.72	427.019
427.02799999999996	0.9000000000000341	trials	29	s029_F200516	coCe_grSu6Ne	17	90.0	9	427.328	427.628
431.912	0.9000000000000341	trials	29	s029_F200516	grCe_grSu12SmCiNe_PS	21	270.0	9	432.212	432.512
432.52	0.9000000000000341	trials	29	s029_F200516	grCe_grSu18Fa	11	135.0	9	432.82	433.12
433.121	0.9000000000000341	trials	29	s029_F200516	coCe	16	90.0	9	433.421	433.72
433.721	0.9000000000000341	trials	29	s029_F200516	coCe	16	0.0	9	434.021	434.32
434.32099999999997	0.9000000000000341	trials	29	s029_F200516	coCe_grSu6Ne	17	270.0	9	434.621	434.92
445.83099999999996	0.9000000000000341	trials	29	s029_F200516	grCe	1	180.0	9	446.131	446.43
446.45599999999996	0.9000000000000341	trials	29	s029_F200516	grCe_grSu3Ne	5	45.0	9	446.756	447.055
447.056	0.9000000000000341	trials	29	s029_F200516	grCe	1	270.0	9	447.356	447.655
447.656	0.9000000000000341	trials	29	s029_F200516	grCe_grSu6Ne	7	0.0	9	447.956	448.255
448.256	0.9000000000000341	trials	29	s029_F200516	grCe_grSu6CiNe_PS	19	180.0	9	448.556	448.856
455.28999999999996	0.9000000000000341	trials	29	s029_F200516	coCe_grSu6Ne	17	45.0	9	455.59	455.89
455.89	0.9000000000000341	trials	29	s029_F200516	grCe_grSu3Ne	5	0.0	9	456.19	456.49
456.49	0.9000000000000341	trials	29	s029_F200516	grCe_grSu6Ne_PS	18	90.0	9	456.79	457.09
457.132	0.9000000000000341	trials	29	s029_F200516	grCe_grSu6CiNe	15	135.0	9	457.432	457.732
457.74	0.9000000000000341	trials	29	s029_F200516	grCe_grSu18Fa	11	0.0	9	458.04	458.34
464.541	0.9000000000000341	trials	29	s029_F200516	grCe_grSu6CiNe_PS	19	315.0	9	464.841	465.141
465.183	0.9000000000000341	trials	29	s029_F200516	grCe_grSu6Ne	7	315.0	9	465.483	465.783
465.783	0.9000000000000341	trials	29	s029_F200516	grCe_grSu6CiNe	15	90.0	9	466.083	466.383
466.383	0.9000000000000341	trials	29	s029_F200516	grCe	1	315.0	9	466.683	466.983
466.99199999999996	0.9000000000000341	trials	29	s029_F200516	grCe_grSu3Ne	5	180.0	9	467.292	467.591
474.368	0.9000000000000341	trials	29	s029_F200516	grCe_grSu12SmCiNe_PS	21	180.0	9	474.668	474.967
474.976	0.9000000000000341	trials	29	s029_F200516	grSu1Ne	2		9	475.276	475.576
475.59299999999996	0.9000000000000341	trials	29	s029_F200516	grCe_grSu6CiNe_PS	19	45.0	9	475.893	476.192
476.193	0.9000000000000341	trials	29	s029_F200516	grCe_grSu12SmCiNe	13	135.0	9	476.493	476.792
483.53499999999997	0.9000000000000341	trials	29	s029_F200516	grCe_grSu12Mi	9	315.0	9	483.835	484.135
484.135	0.9000000000000341	trials	29	s029_F200516	grCe_grSu3Ne	5	135.0	9	484.435	484.735
484.777	0.9000000000000341	trials	29	s029_F200516	grCe	1	135.0	9	485.077	485.377
485.42699999999996	0.9000000000000341	trials	29	s029_F200516	grCe_grSu12SmCiNe_PS	21	315.0	9	485.727	486.027
492.053	0.9000000000000341	trials	29	s029_F200516	grCe_grSu6Ne	7	135.0	9	492.353	492.653
496.812	0.9000000000000341	trials	29	s029_F200516	grCe_grSu1Ne	3	180.0	9	497.112	497.412
498.029	0.9000000000000341	trials	29	s029_F200516	grCe_grSu1Ne	3	315.0	9	498.329	498.629
504.671	0.9000000000000341	trials	29	s029_F200516	coCe_grSu6Ne	17	135.0	9	504.971	505.271
505.28	0.9000000000000341	trials	29	s029_F200516	grCe_grSu12SmCiNe	13	270.0	9	505.58	505.88
507.08799999999997	0.9000000000000341	trials	29	s029_F200516	grCe_grSu12SmCiNe_PS	21	135.0	9	507.388	507.688
513.7230000000001	0.8999999999999773	trials	29	s029_F200516	NoStim	0		9	514.023	514.322
514.3230000000001	0.8999999999999773	trials	29	s029_F200516	grCe_grSu12SmCiNe_PS	21	225.0	9	514.623	514.922
514.923	0.8999999999999773	trials	29	s029_F200516	coCe	16	180.0	9	515.223	515.522
515.5400000000001	0.8999999999999773	trials	29	s029_F200516	grCe_grSu6Ne	7	180.0	9	515.84	516.139
516.1400000000001	0.8999999999999773	trials	29	s029_F200516	grCe_grSu3Ne	5	225.0	9	516.44	516.739
523.332	0.8999999999999773	trials	29	s029_F200516	grCe_grSu1Ne	3	45.0	9	523.632	523.932
523.941	0.8999999999999773	trials	29	s029_F200516	grCe_grSu6CiNe_PS	19	270.0	9	524.241	524.54
524.541	0.8999999999999773	trials	29	s029_F200516	grCe_grSu6CiNe	15	270.0	9	524.841	525.14
525.149	0.8999999999999773	trials	29	s029_F200516	grCe_grSu12SmCiNe	13	180.0	9	525.449	525.749
536.317	0.8999999999999773	trials	29	s029_F200516	grCe_grSu1Ne	3	225.0	9	536.617	536.917
536.917	0.8999999999999773	trials	29	s029_F200516	grCe_grSu12SmCiNe_PS	21	0.0	9	537.217	537.517
537.517	0.8999999999999773	trials	29	s029_F200516	grCe_grSu6Ne	7	270.0	9	537.817	538.117
538.1170000000001	0.8999999999999773	trials	29	s029_F200516	grCe	1	45.0	9	538.417	538.717
545.46	0.8999999999999773	trials	29	s029_F200516	grCe_grSu3Ne	5	270.0	9	545.76	546.06
546.0600000000001	0.8999999999999773	trials	29	s029_F200516	coCe	16	45.0	9	546.36	546.66
546.6600000000001	0.8999999999999773	trials	29	s029_F200516	grCe_grSu3Ne	5	315.0	9	546.96	547.26
547.894	0.8999999999999773	trials	29	s029_F200516	grCe_grSu12SmCiNe	13	90.0	9	548.194	548.493
554.6030000000001	0.8999999999999773	trials	29	s029_F200516	grCe_grSu6CiNe	15	180.0	9	554.903	555.203
558.3620000000001	0.8999999999999773	trials	29	s029_F200516	grCe_grSu1Ne	3	270.0	9	558.662	558.961
558.97	0.8999999999999773	trials	29	s029_F200516	grCe	1	0.0	9	559.27	559.57
559.6120000000001	0.8999999999999773	trials	29	s029_F200516	grSu3Ne	4		9	559.912	560.212
560.22	0.8999999999999773	trials	29	s029_F200516	grSu18Fa	10		9	560.52	560.82
560.8290000000001	0.8999999999999773	trials	29	s029_F200516	grCe_grSu6CiNe	15	0.0	9	561.129	561.428
567.455	0.8999999999999773	trials	29	s029_F200516	grCe_grSu12SmCiNe	13	45.0	9	567.755	568.054
568.0880000000001	0.8999999999999773	trials	29	s029_F200516	coCe	16	135.0	9	568.388	568.688
568.6880000000001	0.8999999999999773	trials	29	s029_F200516	coCe	16	315.0	9	568.988	569.288
569.321	0.8999999999999773	trials	29	s029_F200516	grCe_grSu12Mi	9	90.0	9	569.621	569.921
573.272	0.8999999999999773	trials	29	s029_F200516	coSu6Ne	20		9	573.572	573.872
573.9140000000001	0.8999999999999773	trials	29	s029_F200516	grCe_grSu3Ne	5	90.0	9	574.214	574.513
574.522	0.8999999999999773	trials	29	s029_F200516	grCe_grSu12Mi	9	0.0	9	574.822	575.122
575.7560000000001	0.8999999999999773	trials	29	s029_F200516	grCe_grSu18Fa	11	270.0	9	576.056	576.355
582.298	0.8999999999999773	trials	29	s029_F200516	grCe_grSu6Ne_PS	18	180.0	9	582.598	582.898
582.898	0.8999999999999773	trials	29	s029_F200516	grCe_grSu6Ne_PS	18	0.0	9	583.198	583.498
583.5070000000001	0.8999999999999773	trials	29	s029_F200516	grCe_grSu6Ne	7	225.0	9	583.807	584.106
584.715	0.8999999999999773	trials	29	s029_F200516	grCe_grSu6Ne_PS	18	225.0	9	585.015	585.315
591.724	0.8999999999999773	trials	29	s029_F200516	coCe_grSu6Ne	17	180.0	9	592.024	592.324
592.941	0.8999999999999773	trials	29	s029_F200516	grCe	1	90.0	9	593.241	593.541
593.5500000000001	0.8999999999999773	trials	29	s029_F200516	grCe_grSu12Mi	9	180.0	9	593.85	594.149
594.166	0.8999999999999773	trials	29	s029_F200516	grCe_grSu6Ne_PS	18	315.0	9	594.466	594.766
601.851	0.8999999999999773	trials	29	s029_F200516	grCe_grSu6CiNe_PS	19	135.0	9	602.151	602.45
603.051	0.8999999999999773	trials	29	s029_F200516	grCe_grSu6CiNe_PS	19	90.0	9	603.351	603.651
603.6510000000001	0.8999999999999773	trials	29	s029_F200516	grCe_grSu6CiNe_PS	19	225.0	9	603.951	604.251
604.2510000000001	0.8999999999999773	trials	29	s029_F200516	grCe_grSu6CiNe	15	45.0	9	604.551	604.851
615.5110000000001	0.8999999999999773	trials	29	s029_F200516	grCe_grSu6Ne_PS	18	270.0	9	615.811	616.11
616.111	0.8999999999999773	trials	29	s029_F200516	grCe_grSu6CiNe_PS	19	0.0	9	616.411	616.711
616.719	0.8999999999999773	trials	29	s029_F200516	grCe_grSu12Mi	9	45.0	9	617.019	617.319
630.038	0.8999999999999773	trials	29	s029_F200516	grCe_grSu3Ne	5	90.0	1	630.338	630.637
630.638	0.8999999999999773	trials	29	s029_F200516	grCe_grSu6CiNe_PS	19	315.0	1	630.938	631.237
637.5550000000001	0.8999999999999773	trials	29	s029_F200516	grCe_grSu1Ne	3	0.0	1	637.855	638.155
638.1550000000001	0.8999999999999773	trials	29	s029_F200516	grCe_grSu6Ne	7	135.0	1	638.455	638.755
638.764	0.8999999999999773	trials	29	s029_F200516	grCe_grSu18Fa	11	135.0	1	639.064	639.363
639.3720000000001	0.8999999999999773	trials	29	s029_F200516	grCe_grSu18Fa	11	180.0	1	639.672	639.972
639.9720000000001	0.8999999999999773	trials	29	s029_F200516	grCe_grSu12SmCiNe_PS	21	180.0	1	640.272	640.572
649.707	0.8999999999999773	trials	29	s029_F200516	grCe_grSu3Ne	5	315.0	1	650.007	650.307
650.307	0.8999999999999773	trials	29	s029_F200516	grCe_grSu6CiNe_PS	19	270.0	1	650.607	650.907
650.907	0.8999999999999773	trials	29	s029_F200516	coCe	16	45.0	1	651.207	651.507
666.0590000000001	0.8999999999999773	trials	29	s029_F200516	grCe_grSu1Ne	3	225.0	1	666.359	666.659
666.659	0.8999999999999773	trials	29	s029_F200516	grCe_grSu3Ne	5	225.0	1	666.959	667.259
667.301	0.8999999999999773	trials	29	s029_F200516	grCe_grSu6CiNe	15	45.0	1	667.601	667.9
674.768	0.8999999999999773	trials	29	s029_F200516	grCe_grSu12Mi	9	135.0	1	675.068	675.368
675.368	0.8999999999999773	trials	29	s029_F200516	grCe_grSu6Ne_PS	18	180.0	1	675.668	675.968
676.594	0.8999999999999773	trials	29	s029_F200516	grCe_grSu3Ne	5	0.0	1	676.894	677.193
677.1940000000001	0.8999999999999773	trials	29	s029_F200516	grCe_grSu6CiNe_PS	19	90.0	1	677.494	677.793
684.1700000000001	0.8999999999999773	trials	29	s029_F200516	grSu3Ne	4		1	684.47	684.769
685.403	0.8999999999999773	trials	29	s029_F200516	grCe_grSu6Ne	7	0.0	1	685.703	686.003
686.0120000000001	0.8999999999999773	trials	29	s029_F200516	grCe_grSu12Mi	9	225.0	1	686.312	686.611
693.2710000000001	0.8999999999999773	trials	29	s029_F200516	coCe_grSu6Ne	17	180.0	1	693.571	693.871
693.879	0.8999999999999773	trials	29	s029_F200516	grCe_grSu18Fa	11	315.0	1	694.179	694.479
695.096	0.8999999999999773	trials	29	s029_F200516	grSu18Fa	10		1	695.396	695.696
695.696	0.8999999999999773	trials	29	s029_F200516	grCe_grSu6CiNe_PS	19	225.0	1	695.996	696.296
703.005	0.8999999999999773	trials	29	s029_F200516	grSu6Ne	6		1	703.305	703.605
703.63	0.8999999999999773	trials	29	s029_F200516	coCe_grSu6Ne	17	225.0	1	703.93	704.23
704.231	0.8999999999999773	trials	29	s029_F200516	grSu6CiNe	14		1	704.531	704.83
704.956	0.8999999999999773	trials	29	s029_F200516	grCe_grSu6CiNe_PS	19	0.0	1	705.256	705.555
711.6400000000001	0.8999999999999773	trials	29	s029_F200516	grCe_grSu6Ne	7	225.0	1	711.94	712.24
712.273	0.8999999999999773	trials	29	s029_F200516	grCe_grSu6Ne_PS	18	135.0	1	712.573	712.873
712.873	0.8999999999999773	trials	29	s029_F200516	grCe_grSu6CiNe	15	0.0	1	713.173	713.473
720.666	0.8999999999999773	trials	29	s029_F200516	grCe_grSu6CiNe_PS	19	180.0	1	720.966	721.266
721.908	0.8999999999999773	trials	29	s029_F200516	coCe_grSu6Ne	17	315.0	1	722.208	722.508
722.508	0.8999999999999773	trials	29	s029_F200516	grCe_grSu6CiNe	15	225.0	1	722.808	723.108
723.1160000000001	0.8999999999999773	trials	29	s029_F200516	grCe_grSu6Ne	7	180.0	1	723.416	723.716
729.767	0.8999999999999773	trials	29	s029_F200516	grCe_grSu6Ne_PS	18	225.0	1	730.067	730.367
734.484	0.8999999999999773	trials	29	s029_F200516	grCe	1	45.0	1	734.784	735.084
752.462	0.8999999999999773	trials	29	s029_F200516	grCe_grSu6CiNe	15	90.0	1	752.762	753.061
759.6210000000001	0.8999999999999773	trials	29	s029_F200516	coCe	16	180.0	1	759.921	760.221
760.254	0.8999999999999773	trials	29	s029_F200516	grCe_grSu6Ne_PS	18	0.0	1	760.554	760.854
764.23	0.8999999999999773	trials	29	s029_F200516	grCe_grSu6CiNe_PS	19	135.0	1	764.53	764.83
764.8470000000001	0.8999999999999773	trials	29	s029_F200516	grCe_grSu6Ne_PS	18	90.0	1	765.147	765.446
768.589	0.8999999999999773	trials	29	s029_F200516	grCe_grSu6Ne	7	315.0	1	768.889	769.189
769.806	0.8999999999999773	trials	29	s029_F200516	grSu12Mi	8		1	770.106	770.405
770.4140000000001	0.8999999999999773	trials	29	s029_F200516	grCe_grSu18Fa	11	225.0	1	770.714	771.014
771.014	0.8999999999999773	trials	29	s029_F200516	grCe_grSu6Ne	7	45.0	1	771.314	771.614
777.807	0.8999999999999773	trials	29	s029_F200516	grCe_grSu6Ne_PS	18	45.0	1	778.107	778.406
778.4480000000001	0.8999999999999773	trials	29	s029_F200516	grCe_grSu12Mi	9	315.0	1	778.748	779.048
779.057	0.8999999999999773	trials	29	s029_F200516	grCe_grSu12SmCiNe	13	315.0	1	779.357	779.657
780.2990000000001	0.8999999999999773	trials	29	s029_F200516	grCe_grSu12SmCiNe	13	45.0	1	780.599	780.898
787.8000000000001	0.8999999999999773	trials	29	s029_F200516	coCe_grSu6Ne	17	0.0	1	788.1	788.399
788.4000000000001	0.8999999999999773	trials	29	s029_F200516	grCe	1	135.0	1	788.7	788.999
789.6170000000001	0.8999999999999773	trials	29	s029_F200516	grCe_grSu12Mi	9	270.0	1	789.917	790.216
801.768	0.8999999999999773	trials	29	s029_F200516	grCe_grSu12SmCiNe_PS	21	315.0	1	802.068	802.368
805.7270000000001	0.8999999999999773	trials	29	s029_F200516	grCe_grSu6Ne	7	270.0	1	806.027	806.327
806.9440000000001	0.8999999999999773	trials	29	s029_F200516	grCe_grSu12SmCiNe_PS	21	135.0	1	807.244	807.544
807.5440000000001	0.8999999999999773	trials	29	s029_F200516	grCe_grSu6Ne_PS	18	270.0	1	807.844	808.144
808.144	0.8999999999999773	trials	29	s029_F200516	grCe_grSu12SmCiNe	13	90.0	1	808.444	808.744
825.113	0.8999999999999773	trials	29	s029_F200516	coCe	16	135.0	1	825.413	825.713
825.7130000000001	0.8999999999999773	trials	29	s029_F200516	grCe_grSu12SmCiNe_PS	21	270.0	1	826.013	826.313
826.321	0.8999999999999773	trials	29	s029_F200516	grCe_grSu18Fa	11	0.0	1	826.621	826.921
826.946	0.8999999999999773	trials	29	s029_F200516	coCe	16	0.0	1	827.246	827.546
827.546	0.8999999999999773	trials	29	s029_F200516	grCe_grSu12SmCiNe	13	270.0	1	827.846	828.146
834.456	0.8999999999999773	trials	29	s029_F200516	grCe_grSu3Ne	5	45.0	1	834.756	835.055
835.056	0.8999999999999773	trials	29	s029_F200516	grCe	1	315.0	1	835.356	835.655
835.6560000000001	0.8999999999999773	trials	29	s029_F200516	grCe	1	0.0	1	835.956	836.256
836.898	0.8999999999999773	trials	29	s029_F200516	grCe_grSu12SmCiNe_PS	21	90.0	1	837.198	837.497
843.832	0.8999999999999773	trials	29	s029_F200516	grCe_grSu12SmCiNe	13	225.0	1	844.132	844.432
844.432	0.8999999999999773	trials	29	s029_F200516	grCe	1	90.0	1	844.732	845.032
845.6990000000001	0.8999999999999773	trials	29	s029_F200516	coCe	16	90.0	1	845.999	846.299
846.2990000000001	0.8999999999999773	trials	29	s029_F200516	coCe	16	315.0	1	846.599	846.899
889.796	0.8999999999999773	trials	29	s029_F200516	grCe_grSu12SmCiNe_PS	21	45.0	1	890.096	890.396
890.3960000000001	0.8999999999999773	trials	29	s029_F200516	coCe_grSu6Ne	17	90.0	1	890.696	890.996
890.9960000000001	0.8999999999999773	trials	29	s029_F200516	grCe_grSu6CiNe	15	135.0	1	891.296	891.596
891.596	0.8999999999999773	trials	29	s029_F200516	grCe_grSu6CiNe_PS	19	45.0	1	891.896	892.196
892.205	0.8999999999999773	trials	29	s029_F200516	coCe_grSu6Ne	17	45.0	1	892.505	892.805
917.633	0.8999999999999773	trials	29	s029_F200516	grCe_grSu6Ne_PS	18	315.0	1	917.933	918.233
918.2330000000001	0.8999999999999773	trials	29	s029_F200516	grCe	1	225.0	1	918.533	918.833
918.8420000000001	0.8999999999999773	trials	29	s029_F200516	grCe_grSu18Fa	11	90.0	1	919.142	919.441
919.442	0.8999999999999773	trials	29	s029_F200516	grCe_grSu12SmCiNe_PS	21	0.0	1	919.742	920.041
920.075	0.8999999999999773	trials	29	s029_F200516	grCe_grSu12Mi	9	180.0	1	920.375	920.675
931.8430000000001	0.8999999999999773	trials	29	s029_F200516	coSu6Ne	20		1	932.143	932.443
932.4430000000001	0.8999999999999773	trials	29	s029_F200516	coCe_grSu6Ne	17	135.0	1	932.743	933.043
933.052	0.8999999999999773	trials	29	s029_F200516	grCe_grSu18Fa	11	45.0	1	933.352	933.651
933.652	0.8999999999999773	trials	29	s029_F200516	coCe	16	225.0	1	933.952	934.252
938.219	0.8999999999999773	trials	29	s029_F200516	coCe	16	270.0	1	938.519	938.819
938.8190000000001	0.8999999999999773	trials	29	s029_F200516	grCe_grSu1Ne	3	135.0	1	939.119	939.419
939.428	0.8999999999999773	trials	29	s029_F200516	grCe_grSu12Mi	9	45.0	1	939.728	940.027
940.0360000000001	0.8999999999999773	trials	29	s029_F200516	grSu1Ne	2		1	940.336	940.636
960.264	0.8999999999999773	trials	29	s029_F200516	grCe	1	270.0	1	960.564	960.863
964.7560000000001	0.8999999999999773	trials	29	s029_F200516	NoStim	0		1	965.056	965.356
965.356	0.8999999999999773	trials	29	s029_F200516	grCe_grSu3Ne	5	180.0	1	965.656	965.956
965.964	0.8999999999999773	trials	29	s029_F200516	grCe_grSu12SmCiNe_PS	21	225.0	1	966.264	966.564
967.1980000000001	0.8999999999999773	trials	29	s029_F200516	grCe_grSu3Ne	5	135.0	1	967.498	967.798
975.024	0.8999999999999773	trials	29	s029_F200516	grCe_grSu3Ne	5	270.0	1	975.324	975.624
975.624	0.8999999999999773	trials	29	s029_F200516	grCe_grSu1Ne	3	270.0	1	975.924	976.224
976.249	0.8999999999999773	trials	29	s029_F200516	grCe_grSu18Fa	11	270.0	1	976.549	976.849
976.849	0.8999999999999773	trials	29	s029_F200516	grCe_grSu1Ne	3	180.0	1	977.149	977.449
985.167	0.8999999999999773	trials	29	s029_F200516	grCe	1	180.0	1	985.467	985.767
985.767	0.8999999999999773	trials	29	s029_F200516	grCe_grSu6CiNe	15	180.0	1	986.067	986.367
986.4000000000001	0.8999999999999773	trials	29	s029_F200516	grCe_grSu12SmCiNe	13	180.0	1	986.7	987.0
987.009	0.8999999999999773	trials	29	s029_F200516	grCe_grSu12SmCiNe	13	0.0	1	987.309	987.608
994.96	0.8999999999999773	trials	29	s029_F200516	grCe_grSu12Mi	9	0.0	1	995.26	995.559
995.5600000000001	0.8999999999999773	trials	29	s029_F200516	grCe_grSu1Ne	3	90.0	1	995.86	996.16
996.168	0.8999999999999773	trials	29	s029_F200516	grCe_grSu6CiNe	15	315.0	1	996.468	996.768
996.777	0.8999999999999773	trials	29	s029_F200516	grCe_grSu12Mi	9	90.0	1	997.077	997.376
997.3770000000001	0.8999999999999773	trials	29	s029_F200516	grCe_grSu6CiNe	15	270.0	1	997.677	997.976
1005.494	0.8999999999999773	trials	29	s029_F200516	grSu12SmCiNe	12		1	1005.794	1006.094
1006.095	0.8999999999999773	trials	29	s029_F200516	coCe_grSu6Ne	17	270.0	1	1006.395	1006.694
1006.695	0.8999999999999773	trials	29	s029_F200516	grCe_grSu1Ne	3	315.0	1	1006.995	1007.294
1007.336	0.8999999999999773	trials	29	s029_F200516	grCe_grSu12SmCiNe	13	135.0	1	1007.636	1007.936
1007.936	0.8999999999999773	trials	29	s029_F200516	grCe_grSu1Ne	3	45.0	1	1008.236	1008.536
1016.0540000000001	0.8999999999999773	trials	29	s029_F200516	grCe_grSu6Ne	7	90.0	1	1016.354	1016.654
1016.654	0.8999999999999773	trials	29	s029_F200516	coSu6Ne	20		4	1016.954	1017.254
1017.254	0.8999999999999773	trials	29	s029_F200516	coCe_grSu6Ne	17	315.0	4	1017.554	1017.854
1017.854	0.8999999999999773	trials	29	s029_F200516	grCe_grSu6Ne	7	180.0	4	1018.154	1018.454
1018.4630000000001	0.8999999999999773	trials	29	s029_F200516	grCe_grSu12Mi	9	90.0	4	1018.763	1019.063
1026.0140000000001	0.8999999999998636	trials	29	s029_F200516	grCe_grSu12Mi	9	0.0	4	1026.314	1026.613
1026.631	0.8999999999998636	trials	29	s029_F200516	grCe_grSu3Ne	5	90.0	4	1026.931	1027.23
1027.231	0.8999999999998636	trials	29	s029_F200516	grCe_grSu6CiNe_PS	19	90.0	4	1027.531	1027.83
1027.847	0.8999999999998636	trials	29	s029_F200516	grCe_grSu6Ne	7	270.0	4	1028.147	1028.447
1028.531	0.8999999999998636	trials	29	s029_F200516	grSu6CiNe	14		4	1028.831	1029.13
1036.615	0.8999999999998636	trials	29	s029_F200516	grCe_grSu6Ne_PS	18	225.0	4	1036.915	1037.215
1037.224	0.8999999999998636	trials	29	s029_F200516	grCe_grSu3Ne	5	135.0	4	1037.524	1037.823
1037.824	0.8999999999998636	trials	29	s029_F200516	NoStim	0		4	1038.124	1038.423
1038.449	0.8999999999998636	trials	29	s029_F200516	grCe_grSu6Ne_PS	18	0.0	4	1038.749	1039.048
1039.049	0.8999999999998636	trials	29	s029_F200516	grCe_grSu3Ne	5	180.0	4	1039.349	1039.649
1046.1580000000001	0.8999999999998636	trials	29	s029_F200516	grCe_grSu6CiNe	15	90.0	4	1046.458	1046.758
1047.967	0.8999999999998636	trials	29	s029_F200516	grCe	1	180.0	4	1048.267	1048.566
1059.685	0.8999999999998636	trials	29	s029_F200516	grCe_grSu18Fa	11	180.0	4	1059.985	1060.285
1060.935	0.8999999999998636	trials	29	s029_F200516	grCe_grSu12Mi	9	135.0	4	1061.235	1061.535
1062.218	0.8999999999998636	trials	29	s029_F200516	coCe_grSu6Ne	17	270.0	4	1062.518	1062.818
1073.07	0.8999999999998636	trials	29	s029_F200516	grSu3Ne	4		4	1073.37	1073.67
1074.303	0.8999999999998636	trials	29	s029_F200516	grCe_grSu6Ne_PS	18	90.0	4	1074.603	1074.903
1074.903	0.8999999999998636	trials	29	s029_F200516	grCe	1	225.0	4	1075.203	1075.503
1075.5040000000001	0.8999999999998636	trials	29	s029_F200516	grCe_grSu12SmCiNe_PS	21	315.0	4	1075.804	1076.103
1086.838	0.8999999999998636	trials	29	s029_F200516	grCe_grSu6Ne	7	0.0	4	1087.138	1087.438
1087.463	0.8999999999998636	trials	29	s029_F200516	grCe_grSu6CiNe	15	315.0	4	1087.763	1088.063
1088.0720000000001	0.8999999999998636	trials	29	s029_F200516	grCe_grSu1Ne	3	315.0	4	1088.372	1088.672
1088.714	0.8999999999998636	trials	29	s029_F200516	grCe_grSu1Ne	3	270.0	4	1089.014	1089.313
1095.8980000000001	0.8999999999998636	trials	29	s029_F200516	grCe_grSu12SmCiNe	13	225.0	4	1096.198	1096.498
1096.515	0.8999999999998636	trials	29	s029_F200516	grCe_grSu6CiNe_PS	19	315.0	4	1096.815	1097.114
1097.123	0.8999999999998636	trials	29	s029_F200516	grSu12Mi	8		4	1097.423	1097.723
1097.765	0.8999999999998636	trials	29	s029_F200516	grCe	1	45.0	4	1098.065	1098.364
1105.566	0.8999999999998636	trials	29	s029_F200516	grCe_grSu6Ne	7	90.0	4	1105.866	1106.165
1106.166	0.8999999999998636	trials	29	s029_F200516	coCe	16	225.0	4	1106.466	1106.766
1106.7740000000001	0.8999999999998636	trials	29	s029_F200516	grCe_grSu18Fa	11	90.0	4	1107.074	1107.374
1107.374	0.8999999999998636	trials	29	s029_F200516	grCe_grSu12SmCiNe_PS	21	270.0	4	1107.674	1107.974
1115.775	0.8999999999998636	trials	29	s029_F200516	coCe	16	180.0	4	1116.075	1116.375
1119.434	0.8999999999998636	trials	29	s029_F200516	grCe_grSu12Mi	9	225.0	4	1119.734	1120.034
1120.034	0.8999999999998636	trials	29	s029_F200516	grCe_grSu3Ne	5	45.0	4	1120.334	1120.634
1121.885	0.8999999999998636	trials	29	s029_F200516	grCe_grSu18Fa	11	135.0	4	1122.185	1122.484
1133.578	0.8999999999998636	trials	29	s029_F200516	grCe_grSu12Mi	9	270.0	4	1133.878	1134.177
1134.178	0.8999999999998636	trials	29	s029_F200516	coCe	16	0.0	4	1134.478	1134.777
1134.778	0.8999999999998636	trials	29	s029_F200516	coCe	16	45.0	4	1135.078	1135.378
1138.7530000000002	0.8999999999998636	trials	29	s029_F200516	grCe_grSu1Ne	3	135.0	4	1139.053	1139.353
1142.395	0.8999999999998636	trials	29	s029_F200516	grCe_grSu12SmCiNe_PS	21	225.0	4	1142.695	1142.995
1142.996	0.8999999999998636	trials	29	s029_F200516	grCe_grSu12SmCiNe	13	90.0	4	1143.296	1143.595
1143.596	0.8999999999998636	trials	29	s029_F200516	grCe_grSu12SmCiNe	13	315.0	4	1143.896	1144.195
1144.829	0.8999999999998636	trials	29	s029_F200516	grCe_grSu6CiNe	15	45.0	4	1145.129	1145.429
1151.8880000000001	0.8999999999998636	trials	29	s029_F200516	grCe_grSu1Ne	3	45.0	4	1152.188	1152.488
1152.505	0.8999999999998636	trials	29	s029_F200516	grCe	1	315.0	4	1152.805	1153.105
1153.13	0.8999999999998636	trials	29	s029_F200516	grCe_grSu6Ne	7	315.0	4	1153.43	1153.73
1153.73	0.8999999999998636	trials	29	s029_F200516	grCe_grSu6Ne_PS	18	315.0	4	1154.03	1154.33
1154.43	0.8999999999998636	trials	29	s029_F200516	grCe_grSu12Mi	9	315.0	4	1154.73	1155.03
1161.548	0.8999999999998636	trials	29	s029_F200516	grCe_grSu12Mi	9	180.0	4	1161.848	1162.148
1165.707	0.8999999999998636	trials	29	s029_F200516	grCe_grSu6CiNe_PS	19	225.0	4	1166.007	1166.307
1166.315	0.8999999999998636	trials	29	s029_F200516	grCe_grSu6CiNe	15	270.0	4	1166.615	1166.915
1166.915	0.8999999999998636	trials	29	s029_F200516	grCe_grSu1Ne	3	180.0	4	1167.215	1167.515
1167.549	0.8999999999998636	trials	29	s029_F200516	grCe_grSu1Ne	3	0.0	4	1167.849	1168.148
1168.1570000000002	0.8999999999998636	trials	29	s029_F200516	grCe_grSu18Fa	11	315.0	4	1168.457	1168.757
1175.291	0.8999999999998636	trials	29	s029_F200516	grCe_grSu6Ne	7	45.0	4	1175.591	1175.891
1175.891	0.8999999999998636	trials	29	s029_F200516	grCe_grSu6CiNe	15	225.0	4	1176.191	1176.491
1176.517	0.8999999999998636	trials	29	s029_F200516	grCe_grSu12SmCiNe_PS	21	0.0	4	1176.817	1177.116
1177.117	0.8999999999998636	trials	29	s029_F200516	grSu6Ne	6		4	1177.417	1177.716
1181.317	0.8999999999998636	trials	29	s029_F200516	grCe_grSu6Ne	7	135.0	4	1181.617	1181.917
1181.9170000000001	0.8999999999998636	trials	29	s029_F200516	grCe_grSu12SmCiNe	13	135.0	4	1182.217	1182.517
1185.959	0.8999999999998636	trials	29	s029_F200516	grCe	1	90.0	4	1186.259	1186.559
1186.56	0.8999999999998636	trials	29	s029_F200516	coCe	16	135.0	4	1186.86	1187.159
1187.193	0.8999999999998636	trials	29	s029_F200516	grCe_grSu12SmCiNe	13	0.0	4	1187.493	1187.793
1187.826	0.8999999999998636	trials	29	s029_F200516	grCe_grSu6Ne	7	225.0	4	1188.126	1188.426
1188.443	0.8999999999998636	trials	29	s029_F200516	coCe_grSu6Ne	17	0.0	4	1188.743	1189.043
1214.296	0.8999999999998636	trials	29	s029_F200516	grCe_grSu6CiNe	15	135.0	4	1214.596	1214.896
1214.9470000000001	0.8999999999998636	trials	29	s029_F200516	grCe_grSu6CiNe_PS	19	0.0	4	1215.247	1215.546
1258.9940000000001	0.8999999999998636	trials	29	s029_F200516	grCe_grSu3Ne	5	315.0	4	1259.294	1259.594
1263.986	0.8999999999998636	trials	29	s029_F200516	grCe_grSu6Ne_PS	18	45.0	4	1264.286	1264.586
1264.586	0.8999999999998636	trials	29	s029_F200516	grCe_grSu12SmCiNe_PS	21	180.0	4	1264.886	1265.186
1265.1860000000001	0.8999999999998636	trials	29	s029_F200516	grSu12SmCiNe	12		4	1265.486	1265.786
1265.82	0.8999999999998636	trials	29	s029_F200516	coCe_grSu6Ne	17	180.0	4	1266.12	1266.419
1266.428	0.8999999999998636	trials	29	s029_F200516	grCe	1	0.0	4	1266.728	1267.028
1273.954	0.8999999999998636	trials	29	s029_F200516	grCe_grSu18Fa	11	225.0	4	1274.254	1274.554
1274.563	0.8999999999998636	trials	29	s029_F200516	grCe_grSu6CiNe_PS	19	270.0	4	1274.863	1275.162
1275.163	0.8999999999998636	trials	29	s029_F200516	grCe_grSu6CiNe_PS	19	180.0	4	1275.463	1275.762
1275.804	0.8999999999998636	trials	29	s029_F200516	coCe_grSu6Ne	17	135.0	4	1276.104	1276.404
1310.0420000000001	0.8999999999998636	trials	29	s029_F200516	grCe_grSu1Ne	3	90.0	4	1310.342	1310.642
1310.642	0.8999999999998636	trials	29	s029_F200516	grCe	1	270.0	4	1310.942	1311.242
1311.284	0.8999999999998636	trials	29	s029_F200516	grCe_grSu3Ne	5	225.0	4	1311.584	1311.884
1316.2350000000001	0.8999999999998636	trials	29	s029_F200516	grCe_grSu12SmCiNe	13	45.0	4	1316.535	1316.834
1316.835	0.8999999999998636	trials	29	s029_F200516	grCe_grSu6Ne_PS	18	180.0	4	1317.135	1317.434
1317.451	0.8999999999998636	trials	29	s029_F200516	grCe_grSu12Mi	9	45.0	4	1317.751	1318.051
1318.0520000000001	0.8999999999998636	trials	29	s029_F200516	grCe_grSu12SmCiNe_PS	21	90.0	4	1318.352	1318.651
1318.652	0.8999999999998636	trials	29	s029_F200516	grCe_grSu12SmCiNe	13	270.0	4	1318.952	1319.251
1330.845	0.8999999999998636	trials	29	s029_F200516	coCe_grSu6Ne	17	225.0	4	1331.145	1331.445
1331.453	0.8999999999998636	trials	29	s029_F200516	grCe_grSu18Fa	11	270.0	4	1331.753	1332.053
1332.0620000000001	0.8999999999998636	trials	29	s029_F200516	grCe_grSu12SmCiNe	13	180.0	4	1332.362	1332.661
1332.67	0.8999999999998636	trials	29	s029_F200516	grCe_grSu1Ne	3	225.0	4	1332.97	1333.27
1333.27	0.8999999999998636	trials	29	s029_F200516	coCe	16	90.0	4	1333.57	1333.87
1344.13	0.8999999999998636	trials	29	s029_F200516	grCe	1	135.0	4	1344.43	1344.73
1344.738	0.8999999999998636	trials	29	s029_F200516	grSu18Fa	10		4	1345.038	1345.338
1345.347	0.8999999999998636	trials	29	s029_F200516	grCe_grSu18Fa	11	45.0	4	1345.647	1345.946
1345.963	0.8999999999998636	trials	29	s029_F200516	grCe_grSu6CiNe	15	180.0	4	1346.263	1346.563
1353.748	0.8999999999998636	trials	29	s029_F200516	coCe	16	315.0	4	1354.048	1354.347
1354.356	0.8999999999998636	trials	29	s029_F200516	grCe_grSu3Ne	5	0.0	4	1354.656	1354.956
1354.9650000000001	0.8999999999998636	trials	29	s029_F200516	grCe_grSu18Fa	11	0.0	4	1355.265	1355.564
1355.5900000000001	0.8999999999998636	trials	29	s029_F200516	grCe_grSu6CiNe_PS	19	135.0	4	1355.89	1356.189
1356.2060000000001	0.8999999999998636	trials	29	s029_F200516	grCe_grSu6Ne_PS	18	135.0	4	1356.506	1356.806
1365.949	0.8999999999998636	trials	29	s029_F200516	grCe_grSu6Ne_PS	18	270.0	4	1366.249	1366.549
1373.267	0.8999999999998636	trials	29	s029_F200516	coCe_grSu6Ne	17	90.0	4	1373.567	1373.867
1373.867	0.8999999999998636	trials	29	s029_F200516	grCe_grSu6CiNe	15	0.0	4	1374.167	1374.467
1374.467	0.8999999999998636	trials	29	s029_F200516	grCe_grSu12SmCiNe_PS	21	45.0	4	1374.767	1375.067
1375.067	0.8999999999998636	trials	29	s029_F200516	grCe_grSu3Ne	5	270.0	4	1375.367	1375.667
1375.6670000000001	0.8999999999998636	trials	29	s029_F200516	coCe	16	270.0	4	1375.967	1376.267
1383.8600000000001	0.8999999999998636	trials	29	s029_F200516	grCe_grSu6CiNe_PS	19	45.0	4	1384.16	1384.46
1384.46	0.8999999999998636	trials	29	s029_F200516	grCe_grSu12SmCiNe_PS	21	135.0	4	1384.76	1385.06
1385.66	0.8999999999998636	trials	29	s029_F200516	grSu1Ne	2		4	1385.96	1386.26
1402.212	0.8999999999998636	trials	29	s029_F200516	coCe_grSu6Ne	17	45.0	4	1402.512	1402.812
1402.854	0.8999999999998636	trials	29	s029_F200516	grCe_grSu12SmCiNe	13	90.0	7	1403.154	1403.454
1403.454	0.8999999999998636	trials	29	s029_F200516	grCe_grSu6Ne_PS	18	180.0	7	1403.754	1404.054
1404.079	0.8999999999998636	trials	29	s029_F200516	grCe_grSu12Mi	9	225.0	7	1404.379	1404.679
1404.688	0.8999999999998636	trials	29	s029_F200516	grCe_grSu12SmCiNe_PS	21	225.0	7	1404.988	1405.287
1417.256	0.8999999999998636	trials	29	s029_F200516	grCe_grSu6CiNe	15	135.0	7	1417.556	1417.856
1417.864	0.8999999999998636	trials	29	s029_F200516	grCe_grSu12Mi	9	0.0	7	1418.164	1418.464
1418.473	0.8999999999998636	trials	29	s029_F200516	grCe_grSu18Fa	11	225.0	7	1418.773	1419.073
1419.073	0.8999999999998636	trials	29	s029_F200516	grCe_grSu6CiNe_PS	19	0.0	7	1419.373	1419.673
1419.698	0.8999999999998636	trials	29	s029_F200516	NoStim	0		7	1419.998	1420.298
1434.325	0.8999999999998636	trials	29	s029_F200516	grCe_grSu3Ne	5	270.0	7	1434.625	1434.925
1434.933	0.8999999999998636	trials	29	s029_F200516	coCe_grSu6Ne	17	270.0	7	1435.233	1435.533
1436.1670000000001	0.8999999999998636	trials	29	s029_F200516	grSu18Fa	10		7	1436.467	1436.766
1443.993	0.8999999999998636	trials	29	s029_F200516	grCe_grSu6Ne	7	180.0	7	1444.293	1444.592
1448.535	0.8999999999998636	trials	29	s029_F200516	grCe_grSu12SmCiNe_PS	21	180.0	7	1448.835	1449.135
1449.1770000000001	0.8999999999998636	trials	29	s029_F200516	grCe_grSu3Ne	5	0.0	7	1449.477	1449.776
1449.785	0.8999999999998636	trials	29	s029_F200516	coCe_grSu6Ne	17	0.0	7	1450.085	1450.385
1450.385	0.8999999999998636	trials	29	s029_F200516	coCe_grSu6Ne	17	315.0	7	1450.685	1450.985
1451.027	0.8999999999998636	trials	29	s029_F200516	grCe_grSu18Fa	11	90.0	7	1451.327	1451.627
1458.728	0.8999999999998636	trials	29	s029_F200516	grCe_grSu1Ne	3	270.0	7	1459.028	1459.328
1459.353	0.8999999999998636	trials	29	s029_F200516	grCe_grSu1Ne	3	180.0	7	1459.653	1459.953
1459.978	0.8999999999998636	trials	29	s029_F200516	grSu3Ne	4		7	1460.278	1460.578
1460.578	0.8999999999998636	trials	29	s029_F200516	coCe	16	315.0	7	1460.878	1461.178
1461.195	0.8999999999998636	trials	29	s029_F200516	grCe_grSu12SmCiNe	13	225.0	7	1461.495	1461.795
1468.438	0.8999999999998636	trials	29	s029_F200516	grCe_grSu1Ne	3	45.0	7	1468.738	1469.037
1469.079	0.8999999999998636	trials	29	s029_F200516	grCe_grSu6Ne_PS	18	135.0	7	1469.379	1469.679
1469.688	0.8999999999998636	trials	29	s029_F200516	grCe_grSu12SmCiNe	13	180.0	7	1469.988	1470.287
1470.288	0.8999999999998636	trials	29	s029_F200516	grCe_grSu6CiNe_PS	19	315.0	7	1470.588	1470.888
1470.8880000000001	0.8999999999998636	trials	29	s029_F200516	coCe	16	90.0	7	1471.188	1471.488
1478.1390000000001	0.8999999999998636	trials	29	s029_F200516	grCe_grSu18Fa	11	180.0	7	1478.439	1478.739
1478.739	0.8999999999998636	trials	29	s029_F200516	grCe	1	270.0	7	1479.039	1479.339
1479.339	0.8999999999998636	trials	29	s029_F200516	grCe	1	0.0	7	1479.639	1479.939
1480.548	0.8999999999998636	trials	29	s029_F200516	coCe	16	0.0	7	1480.848	1481.147
1496.608	0.8999999999998636	trials	29	s029_F200516	grCe_grSu6CiNe	15	90.0	7	1496.908	1497.208
1500.1670000000001	0.8999999999998636	trials	29	s029_F200516	coCe	16	180.0	7	1500.467	1500.766
1500.767	0.8999999999998636	trials	29	s029_F200516	grCe_grSu6Ne_PS	18	0.0	7	1501.067	1501.367
1501.9750000000001	0.8999999999998636	trials	29	s029_F200516	grCe_grSu18Fa	11	270.0	7	1502.275	1502.575
1502.6000000000001	0.8999999999998636	trials	29	s029_F200516	grSu6Ne	6		7	1502.9	1503.2
1513.477	0.8999999999998636	trials	29	s029_F200516	grCe_grSu12SmCiNe	13	315.0	7	1513.777	1514.076
1514.077	0.8999999999998636	trials	29	s029_F200516	grCe_grSu6Ne	7	45.0	7	1514.377	1514.677
1514.685	0.8999999999998636	trials	29	s029_F200516	grCe_grSu12Mi	9	90.0	7	1514.985	1515.285
1515.885	0.8999999999998636	trials	29	s029_F200516	grCe_grSu6CiNe	15	315.0	7	1516.185	1516.485
1523.3110000000001	0.8999999999998636	trials	29	s029_F200516	grCe_grSu12SmCiNe	13	135.0	7	1523.611	1523.911
1527.2450000000001	0.8999999999998636	trials	29	s029_F200516	grCe_grSu1Ne	3	225.0	7	1527.545	1527.845
1531.762	0.8999999999998636	trials	29	s029_F200516	grCe_grSu12SmCiNe_PS	21	45.0	7	1532.062	1532.362
1535.5800000000002	0.8999999999998636	trials	29	s029_F200516	coCe_grSu6Ne	17	45.0	7	1535.88	1536.179
1536.78	0.8999999999998636	trials	29	s029_F200516	grCe_grSu1Ne	3	315.0	7	1537.08	1537.379
1541.0720000000001	0.8999999999998636	trials	29	s029_F200516	grCe_grSu12Mi	9	135.0	7	1541.372	1541.672
1541.672	0.8999999999998636	trials	29	s029_F200516	grCe_grSu6Ne_PS	18	315.0	7	1541.972	1542.272
1542.272	0.8999999999998636	trials	29	s029_F200516	coCe_grSu6Ne	17	90.0	7	1542.572	1542.872
1542.881	0.8999999999998636	trials	29	s029_F200516	grCe_grSu6Ne	7	0.0	7	1543.181	1543.48
1543.522	0.8999999999998636	trials	29	s029_F200516	grCe_grSu6Ne_PS	18	270.0	7	1543.822	1544.122
1565.017	0.8999999999998636	trials	29	s029_F200516	coCe	16	135.0	7	1565.317	1565.616
1565.659	0.8999999999998636	trials	29	s029_F200516	grCe_grSu6CiNe	15	270.0	7	1565.959	1566.258
1566.267	0.8999999999998636	trials	29	s029_F200516	grCe	1	180.0	7	1566.567	1566.867
1566.884	0.8999999999998636	trials	29	s029_F200516	grCe_grSu12SmCiNe_PS	21	270.0	7	1567.184	1567.483
1574.718	0.8999999999998636	trials	29	s029_F200516	grSu1Ne	2		7	1575.018	1575.318
1575.326	0.8999999999998636	trials	29	s029_F200516	grCe_grSu6Ne	7	90.0	7	1575.626	1575.926
1575.9260000000002	0.8999999999998636	trials	29	s029_F200516	grCe_grSu6CiNe	15	225.0	7	1576.226	1576.526
1576.527	0.8999999999998636	trials	29	s029_F200516	grSu12SmCiNe	12		7	1576.827	1577.126
1577.152	0.8999999999998636	trials	29	s029_F200516	grCe_grSu12SmCiNe_PS	21	90.0	7	1577.452	1577.751
1584.4360000000001	0.8999999999998636	trials	29	s029_F200516	grCe_grSu6Ne	7	225.0	7	1584.736	1585.036
1585.036	0.8999999999998636	trials	29	s029_F200516	coCe	16	45.0	7	1585.336	1585.636
1585.636	0.8999999999998636	trials	29	s029_F200516	grCe_grSu6CiNe	15	180.0	7	1585.936	1586.236
1586.836	0.8999999999998636	trials	29	s029_F200516	grCe_grSu6Ne	7	135.0	7	1587.136	1587.436
1594.346	0.8999999999998636	trials	29	s029_F200516	grCe_grSu6CiNe_PS	19	90.0	7	1594.646	1594.945
1594.9460000000001	0.8999999999998636	trials	29	s029_F200516	grCe_grSu6CiNe_PS	19	270.0	7	1595.246	1595.545
1595.587	0.8999999999998636	trials	29	s029_F200516	grCe_grSu18Fa	11	315.0	7	1595.887	1596.187
1596.1870000000001	0.8999999999998636	trials	29	s029_F200516	grCe_grSu6CiNe_PS	19	45.0	7	1596.487	1596.787
1596.788	0.8999999999998636	trials	29	s029_F200516	grCe_grSu6Ne_PS	18	45.0	7	1597.088	1597.387
1607.589	0.8999999999998636	trials	29	s029_F200516	grCe	1	225.0	7	1607.889	1608.189
1608.189	0.8999999999998636	trials	29	s029_F200516	coCe_grSu6Ne	17	135.0	7	1608.489	1608.789
1608.8310000000001	0.8999999999998636	trials	29	s029_F200516	grCe_grSu12Mi	9	180.0	7	1609.131	1609.43
1609.4560000000001	0.8999999999998636	trials	29	s029_F200516	grSu12Mi	8		7	1609.756	1610.056
1621.916	0.8999999999998636	trials	29	s029_F200516	grCe_grSu12SmCiNe_PS	21	0.0	7	1622.216	1622.515
1623.116	0.8999999999998636	trials	29	s029_F200516	grCe	1	45.0	7	1623.416	1623.716
1623.733	0.8999999999998636	trials	29	s029_F200516	grCe_grSu1Ne	3	90.0	7	1624.033	1624.332
1624.3410000000001	0.8999999999998636	trials	29	s029_F200516	grCe_grSu3Ne	5	45.0	7	1624.641	1624.941
1632.192	0.8999999999998636	trials	29	s029_F200516	grCe_grSu12SmCiNe_PS	21	315.0	7	1632.492	1632.792
1632.817	0.8999999999998636	trials	29	s029_F200516	grCe_grSu6CiNe	15	45.0	7	1633.117	1633.417
1633.4170000000001	0.8999999999998636	trials	29	s029_F200516	grCe_grSu1Ne	3	0.0	7	1633.717	1634.017
1634.017	0.8999999999998636	trials	29	s029_F200516	grCe_grSu6CiNe_PS	19	180.0	7	1634.317	1634.617
1642.768	0.8999999999998636	trials	29	s029_F200516	grCe_grSu6CiNe	15	0.0	7	1643.068	1643.368
1652.453	0.8999999999998636	trials	29	s029_F200516	grCe	1	90.0	7	1652.753	1653.053
1653.662	0.8999999999998636	trials	29	s029_F200516	grCe_grSu12Mi	9	45.0	7	1653.962	1654.261
1669.505	0.8999999999998636	trials	29	s029_F200516	coCe_grSu6Ne	17	180.0	7	1669.805	1670.105
1670.105	0.8999999999998636	trials	29	s029_F200516	grCe	1	135.0	7	1670.405	1670.705
1670.7050000000002	0.8999999999998636	trials	29	s029_F200516	coCe	16	225.0	7	1671.005	1671.305
1671.305	0.8999999999998636	trials	29	s029_F200516	grCe_grSu6Ne	7	315.0	7	1671.605	1671.905
1671.906	0.8999999999998636	trials	29	s029_F200516	grCe_grSu12SmCiNe	13	0.0	7	1672.206	1672.505
1684.6570000000002	0.8999999999998636	trials	29	s029_F200516	grCe_grSu6Ne	7	270.0	7	1684.957	1685.257
1686.474	0.8999999999998636	trials	29	s029_F200516	grCe_grSu3Ne	5	225.0	7	1686.774	1687.074
1687.083	0.8999999999998636	trials	29	s029_F200516	grCe_grSu18Fa	11	45.0	7	1687.383	1687.682
1697.4170000000001	0.8999999999998636	trials	29	s029_F200516	grCe_grSu12SmCiNe	13	270.0	7	1697.717	1698.017
1698.626	0.8999999999998636	trials	29	s029_F200516	grCe_grSu12Mi	9	315.0	7	1698.926	1699.225
1699.2340000000002	0.8999999999998636	trials	29	s029_F200516	grCe_grSu3Ne	5	315.0	7	1699.534	1699.834
1699.843	0.8999999999998636	trials	29	s029_F200516	grCe_grSu18Fa	11	135.0	7	1700.143	1700.442
1706.952	0.8999999999998636	trials	29	s029_F200516	coSu6Ne	20		7	1707.252	1707.551
1707.585	0.8999999999998636	trials	29	s029_F200516	grCe_grSu12SmCiNe_PS	21	135.0	7	1707.885	1708.185
1708.185	0.8999999999998636	trials	29	s029_F200516	coCe	16	270.0	7	1708.485	1708.785
1708.827	0.8999999999998636	trials	29	s029_F200516	grCe_grSu6CiNe_PS	19	225.0	7	1709.127	1709.427
1709.4270000000001	0.8999999999998636	trials	29	s029_F200516	grSu6CiNe	14		7	1709.727	1710.027
1718.153	0.8999999999998636	trials	29	s029_F200516	coCe_grSu6Ne	17	225.0	7	1718.453	1718.753
1718.7530000000002	0.8999999999998636	trials	29	s029_F200516	grCe_grSu6Ne_PS	18	90.0	7	1719.053	1719.353
1719.362	0.8999999999998636	trials	29	s029_F200516	grCe	1	315.0	7	1719.662	1719.961
1719.97	0.8999999999998636	trials	29	s029_F200516	grCe_grSu18Fa	11	0.0	7	1720.27	1720.57
1720.57	0.8999999999998636	trials	29	s029_F200516	grCe_grSu1Ne	3	135.0	7	1720.87	1721.17
1728.53	0.8999999999998636	trials	29	s029_F200516	grCe_grSu6Ne_PS	18	225.0	7	1728.83	1729.129
1729.1380000000001	0.8999999999998636	trials	29	s029_F200516	grCe_grSu12Mi	9	270.0	7	1729.438	1729.738
1732.855	0.8999999999998636	trials	29	s029_F200516	grCe_grSu12SmCiNe	13	45.0	7	1733.155	1733.455
1733.48	0.8999999999998636	trials	29	s029_F200516	grCe_grSu3Ne	5	90.0	7	1733.78	1734.08
1734.0800000000002	0.8999999999998636	trials	29	s029_F200516	grCe_grSu3Ne	5	180.0	7	1734.38	1734.68
1735.289	0.8999999999998636	trials	29	s029_F200516	grCe_grSu3Ne	5	135.0	7	1735.589	1735.888
1742.448	0.8999999999998636	trials	29	s029_F200516	grCe_grSu6CiNe_PS	19	135.0	7	1742.748	1743.048
1743.048	0.8999999999998636	trials	29	s029_F200516	grCe	1	45.0	2	1743.348	1743.648
1744.248	0.8999999999998636	trials	29	s029_F200516	grSu6CiNe	14		2	1744.548	1744.848
1744.973	0.8999999999998636	trials	29	s029_F200516	grCe_grSu12SmCiNe	13	90.0	2	1745.273	1745.573
1752.849	0.8999999999998636	trials	29	s029_F200516	grCe_grSu6Ne_PS	18	315.0	2	1753.149	1753.449
1777.928	0.8999999999998636	trials	29	s029_F200516	grSu12Mi	8		2	1778.228	1778.527
1778.528	0.8999999999998636	trials	29	s029_F200516	coCe	16	0.0	2	1778.828	1779.127
1779.161	0.8999999999998636	trials	29	s029_F200516	grCe_grSu1Ne	3	180.0	2	1779.461	1779.761
1779.761	0.8999999999998636	trials	29	s029_F200516	grCe_grSu6Ne_PS	18	45.0	2	1780.061	1780.361
1783.978	0.8999999999998636	trials	29	s029_F200516	grCe_grSu18Fa	11	45.0	2	1784.278	1784.578
1784.587	0.8999999999998636	trials	29	s029_F200516	grCe_grSu12Mi	9	315.0	2	1784.887	1785.186
1785.1870000000001	0.8999999999998636	trials	29	s029_F200516	coCe_grSu6Ne	17	135.0	2	1785.487	1785.787
1785.795	0.8999999999998636	trials	29	s029_F200516	grCe_grSu3Ne	5	0.0	2	1786.095	1786.395
1786.395	0.8999999999998636	trials	29	s029_F200516	grCe_grSu6Ne_PS	18	180.0	2	1786.695	1786.995
1793.68	0.8999999999998636	trials	29	s029_F200516	grCe_grSu1Ne	3	225.0	2	1793.98	1794.279
1794.28	0.8999999999998636	trials	29	s029_F200516	coCe	16	315.0	2	1794.58	1794.879
1795.488	0.8999999999998636	trials	29	s029_F200516	coCe_grSu6Ne	17	45.0	2	1795.788	1796.088
1796.097	0.8999999999998636	trials	29	s029_F200516	grCe_grSu12SmCiNe_PS	21	45.0	2	1796.397	1796.696
1807.748	0.8999999999998636	trials	29	s029_F200516	coCe	16	180.0	2	1808.048	1808.348
1808.348	0.8999999999998636	trials	29	s029_F200516	grSu12SmCiNe	12		2	1808.648	1808.948
1808.948	0.8999999999998636	trials	29	s029_F200516	coCe_grSu6Ne	17	225.0	2	1809.248	1809.548
1809.582	0.8999999999998636	trials	29	s029_F200516	grCe_grSu1Ne	3	135.0	2	1809.882	1810.181
1817.208	0.8999999999998636	trials	29	s029_F200516	grCe_grSu12SmCiNe	13	180.0	2	1817.508	1817.807
1817.808	0.8999999999998636	trials	29	s029_F200516	grCe_grSu6CiNe_PS	19	0.0	2	1818.108	1818.407
1818.424	0.8999999999998636	trials	29	s029_F200516	grCe_grSu12SmCiNe	13	225.0	2	1818.724	1819.024
1822.325	0.8999999999998636	trials	29	s029_F200516	grCe_grSu6CiNe_PS	19	45.0	2	1822.625	1822.925
1822.933	0.8999999999998636	trials	29	s029_F200516	coCe_grSu6Ne	17	270.0	2	1823.233	1823.533
1823.558	0.8999999999998636	trials	29	s029_F200516	grCe_grSu18Fa	11	225.0	2	1823.858	1824.158
1824.159	0.8999999999998636	trials	29	s029_F200516	coCe_grSu6Ne	17	315.0	2	1824.459	1824.758
1824.759	0.8999999999998636	trials	29	s029_F200516	grCe	1	180.0	2	1825.059	1825.358
1833.285	0.8999999999998636	trials	29	s029_F200516	coCe	16	225.0	2	1833.585	1833.884
1834.502	0.8999999999998636	trials	29	s029_F200516	grCe_grSu6CiNe	15	135.0	2	1834.802	1835.101
1843.2530000000002	0.8999999999998636	trials	29	s029_F200516	grSu1Ne	2		2	1843.553	1843.852
1843.8690000000001	0.8999999999998636	trials	29	s029_F200516	grCe_grSu12SmCiNe	13	0.0	2	1844.169	1844.469
1844.478	0.8999999999998636	trials	29	s029_F200516	grCe_grSu18Fa	11	270.0	2	1844.778	1845.078
1845.086	0.8999999999998636	trials	29	s029_F200516	grCe_grSu12Mi	9	135.0	2	1845.386	1845.686
1845.695	0.8999999999998636	trials	29	s029_F200516	grCe_grSu3Ne	5	90.0	2	1845.995	1846.294
1853.037	0.8999999999998636	trials	29	s029_F200516	grCe_grSu12Mi	9	0.0	2	1853.337	1853.637
1856.779	0.8999999999998636	trials	29	s029_F200516	grCe_grSu18Fa	11	180.0	2	1857.079	1857.379
1857.38	0.8999999999998636	trials	29	s029_F200516	grCe_grSu6CiNe_PS	19	135.0	2	1857.68	1857.979
1858.605	0.8999999999998636	trials	29	s029_F200516	grCe_grSu6CiNe	15	225.0	2	1858.905	1859.204
1859.213	0.8999999999998636	trials	29	s029_F200516	grCe_grSu12SmCiNe	13	315.0	2	1859.513	1859.813
1878.616	0.8999999999998636	trials	29	s029_F200516	grCe_grSu12SmCiNe	13	45.0	2	1878.916	1879.215
1879.816	0.8999999999998636	trials	29	s029_F200516	grCe_grSu6CiNe_PS	19	270.0	2	1880.116	1880.415
1880.424	0.8999999999998636	trials	29	s029_F200516	grCe_grSu1Ne	3	315.0	2	1880.724	1881.024
1881.041	0.8999999999998636	trials	29	s029_F200516	coCe	16	135.0	2	1881.341	1881.641
1888.384	0.8999999999998636	trials	29	s029_F200516	grCe_grSu6Ne_PS	18	135.0	2	1888.684	1888.983
1898.035	0.8999999999998636	trials	29	s029_F200516	grCe_grSu6CiNe_PS	19	90.0	2	1898.335	1898.634
1898.635	0.8999999999998636	trials	29	s029_F200516	coCe_grSu6Ne	17	180.0	2	1898.935	1899.235
1899.2350000000001	0.8999999999998636	trials	29	s029_F200516	grSu3Ne	4		2	1899.535	1899.835
1899.835	0.8999999999998636	trials	29	s029_F200516	grCe_grSu3Ne	5	45.0	2	1900.135	1900.435
1921.7630000000001	0.8999999999998636	trials	29	s029_F200516	grCe_grSu3Ne	5	270.0	2	1922.063	1922.363
1922.363	0.8999999999998636	trials	29	s029_F200516	grCe	1	225.0	2	1922.663	1922.963
1922.963	0.8999999999998636	trials	29	s029_F200516	grCe	1	90.0	2	1923.263	1923.563
1923.605	0.8999999999998636	trials	29	s029_F200516	grCe_grSu18Fa	11	315.0	2	1923.905	1924.204
1924.2050000000002	0.8999999999998636	trials	29	s029_F200516	coCe	16	270.0	2	1924.505	1924.805
1936.0810000000001	0.8999999999998636	trials	29	s029_F200516	grCe_grSu6Ne	7	135.0	2	1936.381	1936.681
1941.015	0.8999999999998636	trials	29	s029_F200516	grCe_grSu3Ne	5	135.0	2	1941.315	1941.615
1941.624	0.8999999999998636	trials	29	s029_F200516	grCe_grSu18Fa	11	0.0	2	1941.924	1942.223
1942.224	0.8999999999998636	trials	29	s029_F200516	grCe_grSu12SmCiNe_PS	21	315.0	2	1942.524	1942.824
1942.824	0.8999999999998636	trials	29	s029_F200516	grCe_grSu1Ne	3	90.0	2	1943.124	1943.424
1967.9850000000001	0.8999999999998636	trials	29	s029_F200516	grCe_grSu12Mi	9	180.0	2	1968.285	1968.585
1971.761	0.8999999999998636	trials	29	s029_F200516	grCe_grSu12SmCiNe_PS	21	90.0	2	1972.061	1972.361
1972.403	0.8999999999998636	trials	29	s029_F200516	coCe_grSu6Ne	17	0.0	2	1972.703	1973.002
1973.028	0.8999999999998636	trials	29	s029_F200516	grCe_grSu6CiNe_PS	19	180.0	2	1973.328	1973.628
1973.6280000000002	0.8999999999998636	trials	29	s029_F200516	grCe_grSu6Ne_PS	18	0.0	2	1973.928	1974.228
1981.962	0.8999999999998636	trials	29	s029_F200516	grCe	1	0.0	2	1982.262	1982.562
1983.212	0.8999999999998636	trials	29	s029_F200516	grCe_grSu6Ne_PS	18	270.0	2	1983.512	1983.812
1984.454	0.8999999999998636	trials	29	s029_F200516	grCe_grSu12SmCiNe_PS	21	180.0	2	1984.754	1985.054
1991.9550000000002	0.8999999999998636	trials	29	s029_F200516	grCe_grSu6Ne_PS	18	90.0	2	1992.255	1992.555
1992.555	0.8999999999998636	trials	29	s029_F200516	grCe_grSu6Ne_PS	18	225.0	2	1992.855	1993.155
1994.381	0.8999999999998636	trials	29	s029_F200516	grCe_grSu12Mi	9	225.0	2	1994.681	1994.98
2001.6480000000001	0.8999999999998636	trials	29	s029_F200516	grCe_grSu6Ne	7	315.0	2	2001.948	2002.248
2002.248	0.8999999999998636	trials	29	s029_F200516	grCe_grSu3Ne	5	225.0	2	2002.548	2002.848
2002.857	0.8999999999998636	trials	29	s029_F200516	grCe_grSu6CiNe	15	45.0	2	2003.157	2003.456
2003.473	0.8999999999998636	trials	29	s029_F200516	grCe	1	270.0	2	2003.773	2004.073
2020.809	0.8999999999998636	trials	29	s029_F200516	grCe_grSu6Ne	7	225.0	2	2021.109	2021.409
2030.819	0.8999999999998636	trials	29	s029_F200516	grCe_grSu1Ne	3	45.0	2	2031.119	2031.418
2031.435	0.8999999999998636	trials	29	s029_F200516	grCe_grSu6Ne	7	0.0	2	2031.735	2032.035
2032.035	0.8999999999998636	trials	29	s029_F200516	grCe_grSu6CiNe	15	270.0	2	2032.335	2032.635
2032.644	0.8999999999998636	trials	29	s029_F200516	grCe_grSu12Mi	9	90.0	2	2032.944	2033.244
2033.277	0.8999999999998636	trials	29	s029_F200516	grCe_grSu6CiNe	15	315.0	2	2033.577	2033.877
2061.7309999999998	0.900000000000091	trials	29	s029_F200516	grCe_grSu1Ne	3	270.0	2	2062.031	2062.331
2062.339	0.900000000000091	trials	29	s029_F200516	grCe_grSu18Fa	11	90.0	2	2062.639	2062.939
2062.939	0.900000000000091	trials	29	s029_F200516	grCe_grSu6CiNe_PS	19	315.0	2	2063.239	2063.539
2063.548	0.900000000000091	trials	29	s029_F200516	grCe_grSu6CiNe	15	0.0	2	2063.848	2064.148
2064.181	0.900000000000091	trials	29	s029_F200516	grCe_grSu6CiNe	15	180.0	2	2064.481	2064.781
2072.357	0.900000000000091	trials	29	s029_F200516	NoStim	0		2	2072.657	2072.957
2072.991	0.900000000000091	trials	29	s029_F200516	grCe_grSu6Ne	7	90.0	2	2073.291	2073.59
2073.616	0.900000000000091	trials	29	s029_F200516	grCe_grSu12Mi	9	45.0	2	2073.916	2074.215
2074.216	0.900000000000091	trials	29	s029_F200516	grCe_grSu12SmCiNe_PS	21	135.0	2	2074.516	2074.816
2074.8329999999996	0.900000000000091	trials	29	s029_F200516	grCe_grSu6Ne	7	270.0	2	2075.133	2075.432
2096.652	0.900000000000091	trials	29	s029_F200516	grCe_grSu18Fa	11	135.0	2	2096.952	2097.252
2100.828	0.900000000000091	trials	29	s029_F200516	grCe_grSu12SmCiNe_PS	21	225.0	2	2101.128	2101.427
2101.444	0.900000000000091	trials	29	s029_F200516	grSu18Fa	10		2	2101.744	2102.044
2102.6609999999996	0.900000000000091	trials	29	s029_F200516	coCe	16	45.0	2	2102.961	2103.261
2103.261	0.900000000000091	trials	29	s029_F200516	grCe_grSu6Ne	7	45.0	2	2103.561	2103.861
2110.6209999999996	0.900000000000091	trials	29	s029_F200516	grCe_grSu12SmCiNe	13	135.0	2	2110.921	2111.22
2111.221	0.900000000000091	trials	29	s029_F200516	grCe_grSu12SmCiNe_PS	21	270.0	2	2111.521	2111.82
2111.821	0.900000000000091	trials	29	s029_F200516	grCe_grSu3Ne	5	180.0	2	2112.121	2112.42
2112.421	0.900000000000091	trials	29	s029_F200516	grCe	1	135.0	2	2112.721	2113.021
2120.464	0.900000000000091	trials	29	s029_F200516	grCe_grSu12SmCiNe_PS	21	0.0	2	2120.764	2121.063
2121.0719999999997	0.900000000000091	trials	29	s029_F200516	grCe_grSu12Mi	9	270.0	2	2121.372	2121.672
2121.6969999999997	0.900000000000091	trials	29	s029_F200516	grCe_grSu1Ne	3	0.0	2	2121.997	2122.297
2153.6259999999997	0.900000000000091	trials	29	s029_F200516	coSu6Ne	20		2	2153.926	2154.226
2154.2259999999997	0.900000000000091	trials	29	s029_F200516	grCe	1	315.0	2	2154.526	2154.826
2154.868	0.900000000000091	trials	29	s029_F200516	grCe_grSu6CiNe_PS	19	225.0	2	2155.168	2155.468
2171.553	0.900000000000091	trials	29	s029_F200516	grCe_grSu6Ne	7	180.0	2	2171.853	2172.153
2172.754	0.900000000000091	trials	29	s029_F200516	grCe_grSu6CiNe	15	90.0	2	2173.054	2173.353
2173.354	0.900000000000091	trials	29	s029_F200516	coCe_grSu6Ne	17	90.0	2	2173.654	2173.953
2181.2709999999997	0.900000000000091	trials	29	s029_F200516	grSu6Ne	6		2	2181.571	2181.871
2181.8799999999997	0.900000000000091	trials	29	s029_F200516	grCe_grSu12SmCiNe	13	270.0	2	2182.18	2182.479
2182.513	0.900000000000091	trials	29	s029_F200516	coCe	16	90.0	2	2182.813	2183.113
2183.7549999999997	0.900000000000091	trials	29	s029_F200516	grCe_grSu3Ne	5	315.0	2	2184.055	2184.355
2190.948	0.900000000000091	trials	29	s029_F200516	grCe	1	45.0	5	2191.248	2191.547
2191.548	0.900000000000091	trials	29	s029_F200516	grCe_grSu3Ne	5	0.0	5	2191.848	2192.147
2192.1639999999998	0.900000000000091	trials	29	s029_F200516	grSu1Ne	2		5	2192.464	2192.764
2192.765	0.900000000000091	trials	29	s029_F200516	grCe	1	90.0	5	2193.065	2193.364
2193.3729999999996	0.900000000000091	trials	29	s029_F200516	coCe_grSu6Ne	17	135.0	5	2193.673	2193.973
2200.5409999999997	0.900000000000091	trials	29	s029_F200516	grCe_grSu1Ne	3	225.0	5	2200.841	2201.14
2201.1409999999996	0.900000000000091	trials	29	s029_F200516	coCe_grSu6Ne	17	0.0	5	2201.441	2201.74
2204.716	0.900000000000091	trials	29	s029_F200516	grCe_grSu6CiNe_PS	19	315.0	5	2205.016	2205.316
2208.442	0.900000000000091	trials	29	s029_F200516	grCe_grSu6Ne	7	315.0	5	2208.742	2209.041
2209.042	0.900000000000091	trials	29	s029_F200516	grCe_grSu6Ne	7	90.0	5	2209.342	2209.641
2209.6749999999997	0.900000000000091	trials	29	s029_F200516	grCe_grSu12SmCiNe_PS	21	0.0	5	2209.975	2210.275
2210.2749999999996	0.900000000000091	trials	29	s029_F200516	grCe_grSu6CiNe	15	135.0	5	2210.575	2210.875
2218.151	0.900000000000091	trials	29	s029_F200516	grCe	1	180.0	5	2218.451	2218.751
2218.7509999999997	0.900000000000091	trials	29	s029_F200516	grCe_grSu1Ne	3	270.0	5	2219.051	2219.351
2231.595	0.900000000000091	trials	29	s029_F200516	grCe_grSu1Ne	3	90.0	5	2231.895	2232.194
2232.236	0.900000000000091	trials	29	s029_F200516	grSu12Mi	8		5	2232.536	2232.836
2232.87	0.900000000000091	trials	29	s029_F200516	coCe	16	135.0	5	2233.17	2233.469
2233.47	0.900000000000091	trials	29	s029_F200516	grCe_grSu6CiNe	15	270.0	5	2233.77	2234.069
2234.0699999999997	0.900000000000091	trials	29	s029_F200516	grCe_grSu6Ne	7	0.0	5	2234.37	2234.67
2241.3959999999997	0.900000000000091	trials	29	s029_F200516	grCe_grSu18Fa	11	315.0	5	2241.696	2241.995
2242.004	0.900000000000091	trials	29	s029_F200516	grCe_grSu12Mi	9	0.0	5	2242.304	2242.604
2242.6209999999996	0.900000000000091	trials	29	s029_F200516	grCe_grSu3Ne	5	135.0	5	2242.921	2243.221
2243.821	0.900000000000091	trials	29	s029_F200516	grCe_grSu3Ne	5	45.0	5	2244.121	2244.421
2278.167	0.900000000000091	trials	29	s029_F200516	grCe_grSu6CiNe	15	180.0	5	2278.467	2278.767
2278.767	0.900000000000091	trials	29	s029_F200516	coCe	16	90.0	5	2279.067	2279.367
2282.334	0.900000000000091	trials	29	s029_F200516	grCe_grSu18Fa	11	135.0	5	2282.634	2282.934
2282.9429999999998	0.900000000000091	trials	29	s029_F200516	grCe_grSu6Ne_PS	18	90.0	5	2283.243	2283.543
2283.551	0.900000000000091	trials	29	s029_F200516	grCe_grSu12Mi	9	45.0	5	2283.851	2284.151
2284.151	0.900000000000091	trials	29	s029_F200516	grCe_grSu6CiNe	15	45.0	5	2284.451	2284.751
2284.768	0.900000000000091	trials	29	s029_F200516	grCe_grSu6Ne_PS	18	180.0	5	2285.068	2285.368
2292.002	0.900000000000091	trials	29	s029_F200516	grCe_grSu6Ne_PS	18	315.0	5	2292.302	2292.602
2292.602	0.900000000000091	trials	29	s029_F200516	coCe_grSu6Ne	17	315.0	5	2292.902	2293.202
2293.2019999999998	0.900000000000091	trials	29	s029_F200516	grSu6Ne	6		5	2293.502	2293.802
2297.903	0.900000000000091	trials	29	s029_F200516	grCe_grSu6CiNe_PS	19	90.0	5	2298.203	2298.503
2298.52	0.900000000000091	trials	29	s029_F200516	coCe	16	270.0	5	2298.82	2299.12
2299.12	0.900000000000091	trials	29	s029_F200516	coCe	16	225.0	5	2299.42	2299.72
2299.745	0.900000000000091	trials	29	s029_F200516	NoStim	0		5	2300.045	2300.345
2300.3779999999997	0.900000000000091	trials	29	s029_F200516	grCe_grSu1Ne	3	45.0	5	2300.678	2300.978
2310.971	0.900000000000091	trials	29	s029_F200516	grCe_grSu1Ne	3	315.0	5	2311.271	2311.571
2312.2129999999997	0.900000000000091	trials	29	s029_F200516	grSu3Ne	4		5	2312.513	2312.813
2312.8379999999997	0.900000000000091	trials	29	s029_F200516	grCe_grSu6CiNe	15	315.0	5	2313.138	2313.438
2313.48	0.900000000000091	trials	29	s029_F200516	grCe_grSu3Ne	5	90.0	5	2313.78	2314.08
2320.8309999999997	0.900000000000091	trials	29	s029_F200516	grCe_grSu12SmCiNe_PS	21	315.0	5	2321.131	2321.431
2321.431	0.900000000000091	trials	29	s029_F200516	coCe_grSu6Ne	17	180.0	5	2321.731	2322.031
2322.673	0.900000000000091	trials	29	s029_F200516	grCe_grSu6Ne	7	45.0	5	2322.973	2323.273
2327.299	0.900000000000091	trials	29	s029_F200516	grCe_grSu6CiNe_PS	19	180.0	5	2327.599	2327.898
2327.9069999999997	0.900000000000091	trials	29	s029_F200516	grCe_grSu1Ne	3	180.0	5	2328.207	2328.507
2328.515	0.900000000000091	trials	29	s029_F200516	grCe	1	0.0	5	2328.815	2329.115
2329.1319999999996	0.900000000000091	trials	29	s029_F200516	grCe_grSu12SmCiNe	13	270.0	5	2329.432	2329.732
2336.95	0.900000000000091	trials	29	s029_F200516	grCe_grSu12Mi	9	135.0	5	2337.25	2337.55
2337.558	0.900000000000091	trials	29	s029_F200516	grCe_grSu18Fa	11	45.0	5	2337.858	2338.158
2338.167	0.900000000000091	trials	29	s029_F200516	grCe_grSu18Fa	11	270.0	5	2338.467	2338.766
2351.2349999999997	0.900000000000091	trials	29	s029_F200516	coCe_grSu6Ne	17	90.0	5	2351.535	2351.835
2351.852	0.900000000000091	trials	29	s029_F200516	grCe_grSu12SmCiNe_PS	21	270.0	5	2352.152	2352.451
2355.486	0.900000000000091	trials	29	s029_F200516	grCe_grSu12SmCiNe	13	135.0	5	2355.786	2356.085
2356.127	0.900000000000091	trials	29	s029_F200516	grSu6CiNe	14		5	2356.427	2356.727
2357.361	0.900000000000091	trials	29	s029_F200516	grCe_grSu12Mi	9	180.0	5	2357.661	2357.96
2357.961	0.900000000000091	trials	29	s029_F200516	coCe	16	45.0	5	2358.261	2358.561
2365.22	0.900000000000091	trials	29	s029_F200516	grCe_grSu6CiNe	15	0.0	5	2365.52	2365.82
2365.854	0.900000000000091	trials	29	s029_F200516	grCe_grSu12SmCiNe_PS	21	135.0	5	2366.154	2366.453
2366.4539999999997	0.900000000000091	trials	29	s029_F200516	grCe_grSu3Ne	5	315.0	5	2366.754	2367.053
2367.062	0.900000000000091	trials	29	s029_F200516	grCe_grSu12Mi	9	270.0	5	2367.362	2367.662
2375.6459999999997	0.900000000000091	trials	29	s029_F200516	grCe_grSu18Fa	11	225.0	5	2375.946	2376.246
2377.4469999999997	0.900000000000091	trials	29	s029_F200516	grCe	1	225.0	5	2377.747	2378.046
2378.055	0.900000000000091	trials	29	s029_F200516	grCe_grSu6Ne_PS	18	270.0	5	2378.355	2378.655
2385.2889999999998	0.900000000000091	trials	29	s029_F200516	coCe_grSu6Ne	17	45.0	5	2385.589	2385.889
2385.8889999999997	0.900000000000091	trials	29	s029_F200516	grCe_grSu12SmCiNe	13	315.0	5	2386.189	2386.489
2390.2569999999996	0.900000000000091	trials	29	s029_F200516	coSu6Ne	20		5	2390.557	2390.856
2390.89	0.900000000000091	trials	29	s029_F200516	grCe_grSu6CiNe	15	225.0	5	2391.19	2391.49
2391.49	0.900000000000091	trials	29	s029_F200516	coCe_grSu6Ne	17	270.0	5	2391.79	2392.09
2392.0899999999997	0.900000000000091	trials	29	s029_F200516	grCe_grSu1Ne	3	135.0	5	2392.39	2392.69
2392.6899999999996	0.900000000000091	trials	29	s029_F200516	grCe_grSu6CiNe	15	90.0	5	2392.99	2393.29
2400.0499999999997	0.900000000000091	trials	29	s029_F200516	grCe_grSu12SmCiNe	13	90.0	5	2400.35	2400.649
2400.658	0.900000000000091	trials	29	s029_F200516	grSu18Fa	10		5	2400.958	2401.258
2401.2659999999996	0.900000000000091	trials	29	s029_F200516	grCe_grSu12Mi	9	225.0	5	2401.566	2401.866
2401.883	0.900000000000091	trials	29	s029_F200516	grCe_grSu12SmCiNe_PS	21	225.0	5	2402.183	2402.483
2402.4919999999997	0.900000000000091	trials	29	s029_F200516	grCe_grSu12Mi	9	315.0	5	2402.792	2403.091
2409.6929999999998	0.900000000000091	trials	29	s029_F200516	grCe_grSu6Ne_PS	18	0.0	5	2409.993	2410.292
2410.3179999999998	0.900000000000091	trials	29	s029_F200516	grCe_grSu12SmCiNe	13	225.0	5	2410.618	2410.917
2410.9179999999997	0.900000000000091	trials	29	s029_F200516	coCe	16	180.0	5	2411.218	2411.517
2411.518	0.900000000000091	trials	29	s029_F200516	grCe_grSu12SmCiNe	13	180.0	5	2411.818	2412.117
2412.118	0.900000000000091	trials	29	s029_F200516	grCe_grSu6CiNe_PS	19	270.0	5	2412.418	2412.718
2419.5769999999998	0.900000000000091	trials	29	s029_F200516	grCe_grSu12SmCiNe	13	0.0	5	2419.877	2420.177
2422.011	0.900000000000091	trials	29	s029_F200516	grCe_grSu6CiNe_PS	19	135.0	5	2422.311	2422.61
2430.404	0.900000000000091	trials	29	s029_F200516	coCe_grSu6Ne	17	225.0	5	2430.704	2431.003
2431.004	0.900000000000091	trials	29	s029_F200516	grCe	1	135.0	5	2431.304	2431.603
2431.604	0.900000000000091	trials	29	s029_F200516	grSu12SmCiNe	12		5	2431.904	2432.203
2444.897	0.900000000000091	trials	29	s029_F200516	grCe_grSu12SmCiNe_PS	21	90.0	5	2445.197	2445.497
2445.5049999999997	0.900000000000091	trials	29	s029_F200516	grCe_grSu18Fa	11	0.0	5	2445.805	2446.105
2446.7059999999997	0.900000000000091	trials	29	s029_F200516	grCe_grSu12SmCiNe_PS	21	45.0	5	2447.006	2447.305
2447.339	0.900000000000091	trials	29	s029_F200516	grCe_grSu6CiNe_PS	19	225.0	5	2447.639	2447.939
2454.665	0.900000000000091	trials	29	s029_F200516	grCe_grSu3Ne	5	225.0	5	2454.965	2455.265
2455.2729999999997	0.900000000000091	trials	29	s029_F200516	grCe_grSu6Ne_PS	18	45.0	5	2455.573	2455.873
2455.8729999999996	0.900000000000091	trials	29	s029_F200516	grCe_grSu12SmCiNe_PS	21	180.0	5	2456.173	2456.473
2456.4739999999997	0.900000000000091	trials	29	s029_F200516	grCe_grSu6Ne_PS	18	225.0	5	2456.774	2457.073
2457.0739999999996	0.900000000000091	trials	29	s029_F200516	grCe_grSu3Ne	5	270.0	5	2457.374	2457.673
2464.758	0.900000000000091	trials	29	s029_F200516	grCe_grSu6Ne_PS	18	135.0	5	2465.058	2465.358
2465.3579999999997	0.900000000000091	trials	29	s029_F200516	grCe_grSu1Ne	3	0.0	5	2465.658	2465.958
2465.975	0.900000000000091	trials	29	s029_F200516	grCe_grSu6CiNe_PS	19	45.0	5	2466.275	2466.575
2466.5829999999996	0.900000000000091	trials	29	s029_F200516	grCe_grSu12Mi	9	90.0	5	2466.883	2467.183
2467.183	0.900000000000091	trials	29	s029_F200516	grCe_grSu6Ne	7	180.0	5	2467.483	2467.783
2474.468	0.900000000000091	trials	29	s029_F200516	grCe	1	270.0	5	2474.768	2475.067
2475.0679999999998	0.900000000000091	trials	29	s029_F200516	coCe	16	0.0	5	2475.368	2475.667
2476.268	0.900000000000091	trials	29	s029_F200516	coCe	16	315.0	5	2476.568	2476.868
2476.893	0.900000000000091	trials	29	s029_F200516	grCe_grSu12SmCiNe	13	45.0	5	2477.193	2477.493
2485.4519999999998	0.900000000000091	trials	29	s029_F200516	grCe_grSu3Ne	5	180.0	5	2485.752	2486.052
2486.0609999999997	0.900000000000091	trials	29	s029_F200516	grCe_grSu6Ne	7	270.0	5	2486.361	2486.66
2494.2279999999996	0.900000000000091	trials	29	s029_F200516	grCe_grSu6Ne	7	225.0	5	2494.528	2494.828
2494.8289999999997	0.900000000000091	trials	29	s029_F200516	grCe_grSu6CiNe_PS	19	0.0	5	2495.129	2495.428
2495.4289999999996	0.900000000000091	trials	29	s029_F200516	grCe	1	315.0	5	2495.729	2496.028
2496.645	0.900000000000091	trials	29	s029_F200516	grCe_grSu18Fa	11	90.0	5	2496.945	2497.245
2540.118	0.900000000000091	trials	29	s029_F200516	grCe_grSu6Ne	7	135.0	5	2540.418	2540.717
2540.7259999999997	0.900000000000091	trials	29	s029_F200516	grCe_grSu18Fa	11	180.0	5	2541.026	2541.326
2541.326	0.900000000000091	trials	29	s029_F200516	grCe_grSu6CiNe_PS	19	270.0	3	2541.626	2541.926
2578.2889999999998	0.900000000000091	trials	29	s029_F200516	coCe	16	0.0	3	2578.589	2578.889
2596.7749999999996	0.900000000000091	trials	29	s029_F200516	coSu6Ne	20		3	2597.075	2597.375
2603.3179999999998	0.900000000000091	trials	29	s029_F200516	grCe_grSu18Fa	11	45.0	3	2603.618	2603.917
2603.9179999999997	0.900000000000091	trials	29	s029_F200516	grCe_grSu1Ne	3	315.0	3	2604.218	2604.517
2604.5429999999997	0.900000000000091	trials	29	s029_F200516	grCe_grSu6CiNe	15	180.0	3	2604.843	2605.142
2612.2189999999996	0.900000000000091	trials	29	s029_F200516	grCe_grSu12SmCiNe	13	225.0	3	2612.519	2612.818
2612.819	0.900000000000091	trials	29	s029_F200516	coCe_grSu6Ne	17	225.0	3	2613.119	2613.418
2613.419	0.900000000000091	trials	29	s029_F200516	grSu6CiNe	14		3	2613.719	2614.019
2614.0359999999996	0.900000000000091	trials	29	s029_F200516	coCe_grSu6Ne	17	315.0	3	2614.336	2614.635
2628.854	0.900000000000091	trials	29	s029_F200516	coCe_grSu6Ne	17	0.0	3	2629.154	2629.454
2629.4959999999996	0.900000000000091	trials	29	s029_F200516	grCe_grSu12Mi	9	45.0	3	2629.796	2630.096
2630.096	0.900000000000091	trials	29	s029_F200516	coCe	16	90.0	3	2630.396	2630.696
2630.696	0.900000000000091	trials	29	s029_F200516	grCe_grSu6Ne	7	135.0	3	2630.996	2631.296
2631.296	0.900000000000091	trials	29	s029_F200516	grCe_grSu1Ne	3	135.0	3	2631.596	2631.896
2651.5649999999996	0.900000000000091	trials	29	s029_F200516	grSu12SmCiNe	12		3	2651.865	2652.165
2652.191	0.900000000000091	trials	29	s029_F200516	grCe_grSu6CiNe_PS	19	135.0	3	2652.491	2652.79
2652.8239999999996	0.900000000000091	trials	29	s029_F200516	NoStim	0		3	2653.124	2653.424
2653.424	0.900000000000091	trials	29	s029_F200516	grCe_grSu12SmCiNe_PS	21	0.0	3	2653.724	2654.024
2654.024	0.900000000000091	trials	29	s029_F200516	grCe_grSu6CiNe	15	225.0	3	2654.324	2654.624
2661.2169999999996	0.900000000000091	trials	29	s029_F200516	grCe_grSu12SmCiNe	13	270.0	3	2661.517	2661.816
2661.817	0.900000000000091	trials	29	s029_F200516	grCe	1	0.0	3	2662.117	2662.416
2663.017	0.900000000000091	trials	29	s029_F200516	coCe	16	315.0	3	2663.317	2663.617
2663.625	0.900000000000091	trials	29	s029_F200516	grCe_grSu18Fa	11	0.0	3	2663.925	2664.225
2709.906	0.900000000000091	trials	29	s029_F200516	grCe_grSu6Ne	7	270.0	3	2710.206	2710.506
2710.506	0.900000000000091	trials	29	s029_F200516	grCe_grSu12SmCiNe_PS	21	315.0	3	2710.806	2711.106
2711.1059999999998	0.900000000000091	trials	29	s029_F200516	coCe_grSu6Ne	17	45.0	3	2711.406	2711.706
2720.883	0.900000000000091	trials	29	s029_F200516	grCe	1	270.0	3	2721.183	2721.574
2721.591	0.900000000000091	trials	29	s029_F200516	grCe_grSu3Ne	5	135.0	3	2721.891	2722.191
2722.2	0.900000000000091	trials	29	s029_F200516	grCe_grSu12SmCiNe	13	180.0	3	2722.5	2722.799
2722.7999999999997	0.900000000000091	trials	29	s029_F200516	grCe	1	90.0	3	2723.1	2723.399
2723.3999999999996	0.900000000000091	trials	29	s029_F200516	grCe_grSu12SmCiNe	13	0.0	3	2723.7	2723.999
2771.5139999999997	0.900000000000091	trials	29	s029_F200516	grCe_grSu6CiNe_PS	19	315.0	3	2771.814	2772.114
2773.323	0.900000000000091	trials	29	s029_F200516	grCe_grSu6CiNe	15	45.0	3	2773.623	2773.923
2785.258	0.900000000000091	trials	29	s029_F200516	grCe_grSu1Ne	3	225.0	3	2785.558	2785.857
2819.796	0.900000000000091	trials	29	s029_F200516	grCe_grSu6CiNe_PS	19	225.0	3	2820.096	2820.395
2820.421	0.900000000000091	trials	29	s029_F200516	grCe_grSu3Ne	5	45.0	3	2820.721	2821.02
2821.029	0.900000000000091	trials	29	s029_F200516	grCe_grSu18Fa	11	315.0	3	2821.329	2821.629
2821.6369999999997	0.900000000000091	trials	29	s029_F200516	grCe_grSu12SmCiNe_PS	21	270.0	3	2821.937	2822.237
2829.4719999999998	0.900000000000091	trials	29	s029_F200516	grCe_grSu12Mi	9	135.0	3	2829.772	2830.071
2830.08	0.900000000000091	trials	29	s029_F200516	grCe_grSu18Fa	11	270.0	3	2830.38	2830.68
2830.68	0.900000000000091	trials	29	s029_F200516	grCe_grSu12SmCiNe_PS	21	90.0	3	2830.98	2831.28
2860.1259999999997	0.900000000000091	trials	29	s029_F200516	grCe_grSu6CiNe_PS	19	0.0	3	2860.426	2860.725
2869.8689999999997	0.900000000000091	trials	29	s029_F200516	grCe_grSu12Mi	9	90.0	3	2870.169	2870.468
2871.069	0.900000000000091	trials	29	s029_F200516	grCe_grSu6Ne	7	45.0	3	2871.369	2871.669
2871.669	0.900000000000091	trials	29	s029_F200516	grCe_grSu6Ne_PS	18	180.0	3	2871.969	2872.269
2878.87	0.900000000000091	trials	29	s029_F200516	grCe_grSu3Ne	5	90.0	3	2879.17	2879.47
2880.0699999999997	0.900000000000091	trials	29	s029_F200516	grCe_grSu3Ne	5	315.0	3	2880.37	2880.67
2880.678	0.900000000000091	trials	29	s029_F200516	grCe_grSu3Ne	5	0.0	3	2880.978	2881.278
2896.0299999999997	0.900000000000091	trials	29	s029_F200516	grCe_grSu12SmCiNe	13	90.0	3	2896.33	2896.63
2896.647	0.900000000000091	trials	29	s029_F200516	coCe_grSu6Ne	17	180.0	3	2896.947	2897.247
2897.247	0.900000000000091	trials	29	s029_F200516	grCe_grSu1Ne	3	0.0	3	2897.547	2897.847
2915.3329999999996	0.900000000000091	trials	29	s029_F200516	grCe_grSu6Ne	7	225.0	3	2915.633	2915.933
2915.933	0.900000000000091	trials	29	s029_F200516	grCe_grSu12SmCiNe_PS	21	135.0	3	2916.233	2916.533
2916.5499999999997	0.900000000000091	trials	29	s029_F200516	grCe	1	225.0	3	2916.85	2917.149
2917.1499999999996	0.900000000000091	trials	29	s029_F200516	grCe_grSu6CiNe	15	315.0	3	2917.45	2917.749
2927.6839999999997	0.900000000000091	trials	29	s029_F200516	grSu1Ne	2		3	2927.984	2928.284
2928.2929999999997	0.900000000000091	trials	29	s029_F200516	grSu6Ne	6		3	2928.593	2928.893
2928.901	0.900000000000091	trials	29	s029_F200516	grCe	1	315.0	3	2929.201	2929.501
2929.5009999999997	0.900000000000091	trials	29	s029_F200516	grCe_grSu6Ne_PS	18	315.0	3	2929.801	2930.101
2940.4109999999996	0.900000000000091	trials	29	s029_F200516	coCe_grSu6Ne	17	135.0	3	2940.711	2941.011
2941.02	0.900000000000091	trials	29	s029_F200516	grCe_grSu18Fa	11	135.0	3	2941.32	2941.619
2942.22	0.900000000000091	trials	29	s029_F200516	grCe_grSu6Ne_PS	18	270.0	3	2942.52	2942.819
2949.287	0.900000000000091	trials	29	s029_F200516	grCe_grSu6Ne	7	315.0	3	2949.587	2949.887
2969.665	0.900000000000091	trials	29	s029_F200516	grSu3Ne	4		3	2969.965	2970.265
2970.2819999999997	0.900000000000091	trials	29	s029_F200516	grCe_grSu6CiNe	15	90.0	3	2970.582	2970.881
2970.915	0.900000000000091	trials	29	s029_F200516	grCe_grSu1Ne	3	45.0	3	2971.215	2971.515
2971.5229999999997	0.900000000000091	trials	29	s029_F200516	grCe_grSu12Mi	9	270.0	3	2971.823	2972.123
2978.758	0.900000000000091	trials	29	s029_F200516	grCe	1	135.0	3	2979.058	2979.357
2979.3579999999997	0.900000000000091	trials	29	s029_F200516	grCe_grSu6CiNe	15	135.0	3	2979.658	2979.957
2979.9579999999996	0.900000000000091	trials	29	s029_F200516	coCe	16	135.0	3	2980.258	2980.558
2988.542	0.900000000000091	trials	29	s029_F200516	coCe	16	270.0	3	2988.842	2989.142
2989.142	0.900000000000091	trials	29	s029_F200516	grCe_grSu12SmCiNe_PS	21	225.0	3	2989.442	2989.742
2989.759	0.900000000000091	trials	29	s029_F200516	grCe	1	45.0	3	2990.059	2990.359
2990.401	0.900000000000091	trials	29	s029_F200516	grCe_grSu18Fa	11	90.0	3	2990.701	2991.001
3034.3979999999997	0.900000000000091	trials	29	s029_F200516	grCe_grSu18Fa	11	180.0	3	3034.698	3034.998
3035.0319999999997	0.900000000000091	trials	29	s029_F200516	grCe_grSu6CiNe	15	0.0	3	3035.332	3035.631
3035.64	0.900000000000091	trials	29	s029_F200516	grCe_grSu18Fa	11	225.0	3	3035.94	3036.24
3036.2569999999996	0.900000000000091	trials	29	s029_F200516	grCe_grSu12Mi	9	0.0	3	3036.557	3036.857
3043.4489999999996	0.900000000000091	trials	29	s029_F200516	grCe_grSu12Mi	9	225.0	3	3043.749	3044.049
3044.058	0.900000000000091	trials	29	s029_F200516	coCe	16	180.0	3	3044.358	3044.658
3044.6659999999997	0.900000000000091	trials	29	s029_F200516	grCe_grSu6CiNe	15	270.0	3	3044.966	3045.266
3045.2749999999996	0.900000000000091	trials	29	s029_F200516	grCe_grSu12SmCiNe	13	135.0	3	3045.575	3045.874
3057.935	0.900000000000091	trials	29	s029_F200516	grCe_grSu1Ne	3	180.0	3	3058.235	3058.534
3059.176	0.900000000000091	trials	29	s029_F200516	coCe	16	225.0	3	3059.476	3059.776
3059.777	0.900000000000091	trials	29	s029_F200516	grCe_grSu6CiNe_PS	19	90.0	3	3060.077	3060.376
3067.261	0.900000000000091	trials	29	s029_F200516	grCe_grSu6Ne	7	180.0	3	3067.561	3067.861
3068.461	0.900000000000091	trials	29	s029_F200516	grCe_grSu6Ne_PS	18	0.0	3	3068.761	3069.061
3164.0649999999996	0.900000000000091	trials	29	s029_F200516	grCe_grSu6Ne_PS	18	135.0	3	3164.365	3164.665
3164.665	0.900000000000091	trials	29	s029_F200516	grCe_grSu6Ne_PS	18	45.0	3	3164.965	3165.265
3165.307	0.900000000000091	trials	29	s029_F200516	grCe_grSu6Ne	7	0.0	3	3165.607	3165.907
3211.604	0.900000000000091	trials	29	s029_F200516	grCe_grSu12SmCiNe	13	45.0	3	3211.904	3212.204
3212.846	0.900000000000091	trials	29	s029_F200516	coCe	16	45.0	3	3213.146	3213.446
3219.931	0.900000000000091	trials	29	s029_F200516	grSu12Mi	8		3	3220.231	3220.53
3220.531	0.900000000000091	trials	29	s029_F200516	grCe_grSu6Ne_PS	18	90.0	3	3220.831	3221.13
3221.1639999999998	0.900000000000091	trials	29	s029_F200516	grSu18Fa	10		3	3221.464	3221.764
3228.348	0.900000000000091	trials	29	s029_F200516	grCe_grSu12SmCiNe_PS	21	45.0	3	3228.648	3228.948
3233.2239999999997	0.900000000000091	trials	29	s029_F200516	grCe_grSu6Ne_PS	18	225.0	3	3233.524	3233.824
3233.832	0.900000000000091	trials	29	s029_F200516	grCe_grSu6CiNe_PS	19	180.0	3	3234.132	3234.432
3234.432	0.900000000000091	trials	29	s029_F200516	grCe_grSu3Ne	5	225.0	3	3234.732	3235.032
3288.198	0.900000000000091	trials	29	s029_F200516	grCe_grSu6CiNe_PS	19	45.0	3	3288.498	3288.797
3288.798	0.900000000000091	trials	29	s029_F200516	grCe_grSu12SmCiNe_PS	21	180.0	3	3289.098	3289.397
3296.607	0.900000000000091	trials	29	s029_F200516	grCe_grSu3Ne	5	180.0	3	3296.907	3297.207
3297.216	0.900000000000091	trials	29	s029_F200516	grCe_grSu12Mi	9	180.0	3	3297.516	3297.815
3297.816	0.900000000000091	trials	29	s029_F200516	grCe_grSu6Ne	7	90.0	3	3298.116	3298.415
3321.169	0.900000000000091	trials	29	s029_F200516	grCe_grSu12Mi	9	315.0	3	3321.469	3321.768
3333.229	0.900000000000091	trials	29	s029_F200516	grCe_grSu1Ne	3	90.0	3	3333.529	3333.828
3376.234	0.900000000000091	trials	29	s029_F200516	grCe_grSu1Ne	3	270.0	3	3376.534	3376.834
3376.8759999999997	0.900000000000091	trials	29	s029_F200516	coCe_grSu6Ne	17	270.0	3	3377.176	3377.476
3437.2169999999996	0.900000000000091	trials	29	s029_F200516	grCe_grSu12SmCiNe	13	315.0	3	3437.517	3437.817
3452.644	0.900000000000091	trials	29	s029_F200516	coCe_grSu6Ne	17	90.0	3	3452.944	3453.244
3453.2439999999997	0.900000000000091	trials	29	s029_F200516	grCe_grSu3Ne	5	270.0	3	3453.544	3453.844
3453.861	0.900000000000091	trials	29	s029_F200516	grCe	1	180.0	3	3454.161	3454.46
3461.62	0.900000000000091	trials	29	s029_F200516	grCe_grSu12SmCiNe_PS	21	225.0	0	3461.92	3462.22
3462.22	0.900000000000091	trials	29	s029_F200516	grCe_grSu1Ne	3	90.0	0	3462.52	3462.82
3533.004	0.900000000000091	trials	29	s029_F200516	coCe_grSu6Ne	17	270.0	0	3533.304	3533.604
3538.8379999999997	0.900000000000091	trials	29	s029_F200516	grSu3Ne	4		0	3539.138	3539.438
3540.055	0.900000000000091	trials	29	s029_F200516	grCe_grSu12Mi	9	315.0	0	3540.355	3540.655
3552.307	0.900000000000091	trials	29	s029_F200516	grSu6CiNe	14		0	3552.607	3552.906
3552.9069999999997	0.900000000000091	trials	29	s029_F200516	grCe_grSu6Ne	7	90.0	0	3553.207	3553.507
3564.975	0.900000000000091	trials	29	s029_F200516	coCe	16	45.0	0	3565.275	3565.575
3565.575	0.900000000000091	trials	29	s029_F200516	coCe_grSu6Ne	17	315.0	0	3565.875	3566.175
3566.2169999999996	0.900000000000091	trials	29	s029_F200516	grCe_grSu6CiNe_PS	19	135.0	0	3566.517	3566.817
3573.7929999999997	0.900000000000091	trials	29	s029_F200516	grCe_grSu6Ne	7	0.0	0	3574.093	3574.393
3574.435	0.900000000000091	trials	29	s029_F200516	grCe_grSu6CiNe_PS	19	270.0	0	3574.735	3575.034
3575.06	0.900000000000091	trials	29	s029_F200516	grCe_grSu18Fa	11	270.0	0	3575.36	3575.659
3582.2859999999996	0.900000000000091	trials	29	s029_F200516	grCe_grSu6Ne_PS	18	90.0	0	3582.586	3582.885
3582.886	0.900000000000091	trials	29	s029_F200516	NoStim	0		0	3583.186	3583.485
3583.4939999999997	0.900000000000091	trials	29	s029_F200516	coCe_grSu6Ne	17	225.0	0	3583.794	3584.094
3594.6209999999996	0.900000000000091	trials	29	s029_F200516	grCe_grSu1Ne	3	0.0	0	3594.921	3595.22
3600.071	0.900000000000091	trials	29	s029_F200516	grCe_grSu1Ne	3	45.0	0	3600.371	3600.671
3600.705	0.900000000000091	trials	29	s029_F200516	grCe_grSu6Ne	7	45.0	0	3601.005	3601.304
3601.355	0.900000000000091	trials	29	s029_F200516	grCe_grSu6CiNe	15	135.0	0	3601.655	3601.955
3616.7819999999997	0.900000000000091	trials	29	s029_F200516	grCe	1	315.0	0	3617.082	3617.381
3617.3819999999996	0.900000000000091	trials	29	s029_F200516	grCe_grSu6Ne	7	315.0	0	3617.682	3617.982
3618.024	0.900000000000091	trials	29	s029_F200516	grCe_grSu12SmCiNe	13	270.0	0	3618.324	3618.623
3635.3509999999997	0.900000000000091	trials	29	s029_F200516	grCe_grSu18Fa	11	90.0	0	3635.651	3635.951
3636.551	0.900000000000091	trials	29	s029_F200516	grCe_grSu3Ne	5	315.0	0	3636.851	3637.151
3643.8689999999997	0.900000000000091	trials	29	s029_F200516	grCe_grSu6CiNe_PS	19	225.0	0	3644.169	3644.468
3644.4689999999996	0.900000000000091	trials	29	s029_F200516	grSu6Ne	6		0	3644.769	3645.068
3645.069	0.900000000000091	trials	29	s029_F200516	grCe	1	270.0	0	3645.369	3645.668
3652.6859999999997	0.900000000000091	trials	29	s029_F200516	grCe_grSu12SmCiNe	13	225.0	0	3652.986	3653.286
3653.287	0.900000000000091	trials	29	s029_F200516	grCe_grSu6CiNe	15	180.0	0	3653.587	3653.886
3653.9199999999996	0.900000000000091	trials	29	s029_F200516	grCe_grSu6CiNe	15	225.0	0	3654.22	3654.52
3661.2129999999997	0.900000000000091	trials	29	s029_F200516	grCe_grSu12SmCiNe	13	135.0	0	3661.513	3661.812
3661.821	0.900000000000091	trials	29	s029_F200516	grCe_grSu18Fa	11	135.0	0	3662.121	3662.421
3662.421	0.900000000000091	trials	29	s029_F200516	grCe	1	45.0	0	3662.721	3663.021
3670.489	0.900000000000091	trials	29	s029_F200516	grCe_grSu3Ne	5	0.0	0	3670.789	3671.088
3671.114	0.900000000000091	trials	29	s029_F200516	grCe	1	0.0	0	3671.414	3671.714
3678.3399999999997	0.900000000000091	trials	29	s029_F200516	grCe_grSu18Fa	11	0.0	0	3678.64	3678.939
3678.948	0.900000000000091	trials	29	s029_F200516	grCe_grSu12Mi	9	0.0	0	3679.248	3679.548
3679.557	0.900000000000091	trials	29	s029_F200516	grCe_grSu18Fa	11	315.0	0	3679.857	3680.156
3686.966	0.900000000000091	trials	29	s029_F200516	grCe_grSu1Ne	3	225.0	0	3687.266	3687.566
3687.5989999999997	0.900000000000091	trials	29	s029_F200516	grCe_grSu12SmCiNe	13	0.0	0	3687.899	3688.199
3688.2079999999996	0.900000000000091	trials	29	s029_F200516	grCe_grSu18Fa	11	180.0	0	3688.508	3688.807
3701.1679999999997	0.900000000000091	trials	29	s029_F200516	grCe_grSu12Mi	9	45.0	0	3701.468	3701.767
3701.801	0.900000000000091	trials	29	s029_F200516	grCe	1	180.0	0	3702.101	3702.401
3702.4429999999998	0.900000000000091	trials	29	s029_F200516	grCe_grSu3Ne	5	90.0	0	3702.743	3703.043
3709.769	0.900000000000091	trials	29	s029_F200516	grCe	1	135.0	0	3710.069	3710.369
3710.3689999999997	0.900000000000091	trials	29	s029_F200516	grCe_grSu12SmCiNe	13	315.0	0	3710.669	3710.969
3731.7219999999998	0.900000000000091	trials	29	s029_F200516	grCe_grSu18Fa	11	225.0	0	3732.022	3732.321
3732.355	0.900000000000091	trials	29	s029_F200516	grCe_grSu3Ne	5	135.0	0	3732.655	3732.955
3732.9629999999997	0.900000000000091	trials	29	s029_F200516	grCe_grSu18Fa	11	45.0	0	3733.263	3733.563
3740.7059999999997	0.900000000000091	trials	29	s029_F200516	grCe_grSu6CiNe	15	270.0	0	3741.006	3741.306
3741.906	0.900000000000091	trials	29	s029_F200516	grCe_grSu6Ne_PS	18	225.0	0	3742.206	3742.506
3749.6569999999997	0.900000000000091	trials	29	s029_F200516	grCe_grSu6Ne_PS	18	135.0	0	3749.957	3750.257
3750.2909999999997	0.900000000000091	trials	29	s029_F200516	coCe_grSu6Ne	17	180.0	0	3750.591	3750.89
3750.8909999999996	0.900000000000091	trials	29	s029_F200516	grCe_grSu6Ne_PS	18	45.0	0	3751.191	3751.49
3807.381	0.900000000000091	trials	29	s029_F200516	grSu12Mi	8		0	3807.681	3807.981
3814.466	0.900000000000091	trials	29	s029_F200516	grCe_grSu6Ne_PS	18	180.0	0	3814.766	3815.065
3815.066	0.900000000000091	trials	29	s029_F200516	grCe_grSu6Ne_PS	18	0.0	0	3815.366	3815.665
3815.6659999999997	0.900000000000091	trials	29	s029_F200516	grCe_grSu6CiNe	15	315.0	0	3815.966	3816.266
3822.95	0.900000000000091	trials	29	s029_F200516	coCe_grSu6Ne	17	45.0	0	3823.25	3823.55
3823.5589999999997	0.900000000000091	trials	29	s029_F200516	grCe_grSu1Ne	3	270.0	0	3823.859	3824.158
3824.1589999999997	0.900000000000091	trials	29	s029_F200516	grCe_grSu6Ne	7	270.0	0	3824.459	3824.758
3840.044	0.900000000000091	trials	29	s029_F200516	coCe	16	0.0	0	3840.344	3840.644
3840.644	0.900000000000091	trials	29	s029_F200516	grCe_grSu1Ne	3	135.0	0	3840.944	3841.244
3848.0119999999997	0.900000000000091	trials	29	s029_F200516	coCe	16	225.0	0	3848.312	3848.611
3848.6279999999997	0.900000000000091	trials	29	s029_F200516	grCe_grSu12SmCiNe_PS	21	315.0	0	3848.928	3849.228
3849.2369999999996	0.900000000000091	trials	29	s029_F200516	grCe_grSu6CiNe	15	90.0	0	3849.537	3849.837
3878.549	0.900000000000091	trials	29	s029_F200516	coCe_grSu6Ne	17	0.0	0	3878.849	3879.149
3899.002	0.900000000000091	trials	29	s029_F200516	grCe_grSu12Mi	9	180.0	0	3899.302	3899.601
3899.602	0.900000000000091	trials	29	s029_F200516	coCe_grSu6Ne	17	90.0	0	3899.902	3900.201
3900.2019999999998	0.900000000000091	trials	29	s029_F200516	coCe	16	135.0	0	3900.502	3900.801
3912.1279999999997	0.900000000000091	trials	29	s029_F200516	grCe_grSu12SmCiNe	13	180.0	0	3912.428	3912.728
3916.962	0.900000000000091	trials	29	s029_F200516	grCe_grSu12SmCiNe_PS	21	90.0	0	3917.262	3917.562
3917.5789999999997	0.900000000000091	trials	29	s029_F200516	grCe_grSu3Ne	5	45.0	0	3917.879	3918.179
3918.1789999999996	0.900000000000091	trials	29	s029_F200516	grCe	1	90.0	0	3918.479	3918.779
3940.1319999999996	0.900000000000091	trials	29	s029_F200516	grCe_grSu6CiNe_PS	19	315.0	0	3940.432	3940.732
3940.7569999999996	0.900000000000091	trials	29	s029_F200516	grCe_grSu1Ne	3	315.0	0	3941.057	3941.357
3941.399	0.900000000000091	trials	29	s029_F200516	grCe_grSu6CiNe_PS	19	90.0	0	3941.699	3941.998
3952.0829999999996	0.900000000000091	trials	29	s029_F200516	grSu1Ne	2		0	3952.383	3952.683
3952.6839999999997	0.900000000000091	trials	29	s029_F200516	grCe_grSu6CiNe_PS	19	0.0	0	3952.984	3953.283
3953.2839999999997	0.900000000000091	trials	29	s029_F200516	grCe	1	225.0	0	3953.584	3953.883
3970.252	0.900000000000091	trials	29	s029_F200516	grCe_grSu6CiNe	15	45.0	0	3970.552	3970.852
3970.8529999999996	0.900000000000091	trials	29	s029_F200516	coCe	16	270.0	0	3971.153	3971.452
3971.4939999999997	0.900000000000091	trials	29	s029_F200516	grCe_grSu6CiNe_PS	19	45.0	0	3971.794	3972.094
3980.2619999999997	0.900000000000091	trials	29	s029_F200516	grCe_grSu6Ne_PS	18	315.0	0	3980.562	3980.862
3980.8619999999996	0.900000000000091	trials	29	s029_F200516	grCe_grSu6Ne	7	225.0	0	3981.162	3981.462
3988.1459999999997	0.900000000000091	trials	29	s029_F200516	grCe_grSu12SmCiNe	13	90.0	0	3988.446	3988.746
3997.0809999999997	0.900000000000091	trials	29	s029_F200516	coCe	16	180.0	0	3997.381	3997.681
3997.714	0.900000000000091	trials	29	s029_F200516	grCe_grSu3Ne	5	180.0	0	3998.014	3998.314
4036.636	0.900000000000091	trials	29	s029_F200516	grCe_grSu12SmCiNe_PS	21	45.0	0	4036.936	4037.236
4037.861	0.900000000000091	trials	29	s029_F200516	grCe_grSu3Ne	5	225.0	0	4038.161	4038.461
4045.0119999999997	0.900000000000091	trials	29	s029_F200516	grCe_grSu6CiNe_PS	19	180.0	0	4045.312	4045.612
4045.629	0.900000000000091	trials	29	s029_F200516	grCe_grSu12SmCiNe	13	45.0	0	4045.929	4046.229
4046.2459999999996	0.900000000000091	trials	29	s029_F200516	grSu18Fa	10		0	4046.546	4046.845
4062.6229999999996	0.900000000000091	trials	29	s029_F200516	grCe_grSu12SmCiNe_PS	21	180.0	0	4062.923	4063.222
4064.015	0.900000000000091	trials	29	s029_F200516	grCe_grSu12Mi	9	225.0	0	4064.315	4064.614
4071.691	0.900000000000091	trials	29	s029_F200516	grCe_grSu12SmCiNe_PS	21	270.0	0	4071.991	4072.29
4072.316	0.900000000000091	trials	29	s029_F200516	grCe_grSu6Ne	7	180.0	0	4072.616	4072.915
4072.9159999999997	0.900000000000091	trials	29	s029_F200516	coCe	16	90.0	0	4073.216	4073.515
4081.1079999999997	0.900000000000091	trials	29	s029_F200516	grSu12SmCiNe	12		0	4081.408	4081.708
4082.3089999999997	0.900000000000091	trials	29	s029_F200516	grCe_grSu6CiNe	15	0.0	0	4082.609	4082.908
4090.026	0.900000000000091	trials	29	s029_F200516	grCe_grSu6Ne	7	135.0	0	4090.326	4090.626
4090.6259999999997	0.900000000000091	trials	29	s029_F200516	grCe_grSu6Ne_PS	18	270.0	0	4090.926	4091.226
4099.086	0.9000000000005457	trials	29	s029_F200516	grCe_grSu12SmCiNe_PS	21	135.0	0	4099.386	4099.685
4099.6939999999995	0.9000000000005457	trials	29	s029_F200516	coCe_grSu6Ne	17	135.0	0	4099.994	4100.294
4108.179	0.9000000000005457	trials	29	s029_F200516	grCe_grSu12Mi	9	135.0	0	4108.479	4108.778
4109.379	0.9000000000005457	trials	29	s029_F200516	grCe_grSu3Ne	5	270.0	0	4109.679	4109.978
4116.563	0.9000000000005457	trials	29	s029_F200516	coCe	16	315.0	0	4116.863	4117.163
4117.196	0.9000000000005457	trials	29	s029_F200516	grCe_grSu12Mi	9	90.0	0	4117.496	4117.796
4132.94	0.9000000000005457	trials	29	s029_F200516	grCe_grSu12Mi	9	270.0	0	4133.24	4133.54
4133.549	0.9000000000005457	trials	29	s029_F200516	grCe_grSu12SmCiNe_PS	21	0.0	0	4133.849	4134.148
4146.45	0.9000000000005457	trials	29	s029_F200516	coSu6Ne	20		0	4146.75	4147.05
4155.21	0.9000000000005457	trials	29	s029_F200516	grCe_grSu1Ne	3	180.0	0	4155.51	4155.809
4155.826	0.9000000000005457	trials	29	s029_F200516	grCe_grSu6Ne	7	45.0	8	4156.126	4156.426
4156.4349999999995	0.9000000000005457	trials	29	s029_F200516	grCe_grSu12SmCiNe	13	270.0	8	4156.735	4157.035
4163.6939999999995	0.9000000000005457	trials	29	s029_F200516	grCe_grSu6CiNe	15	135.0	8	4163.994	4164.294
4199.157	0.9000000000005457	trials	29	s029_F200516	grCe_grSu12SmCiNe_PS	21	225.0	8	4199.457	4199.757
4207.333	0.9000000000005457	trials	29	s029_F200516	grCe_grSu6CiNe	15	90.0	8	4207.633	4207.933
4207.933	0.9000000000005457	trials	29	s029_F200516	grCe_grSu6Ne	7	270.0	8	4208.233	4208.533
4208.708	0.9000000000005457	trials	29	s029_F200516	grCe	1	315.0	8	4209.008	4209.308
4218.427	0.9000000000005457	trials	29	s029_F200516	grCe_grSu18Fa	11	135.0	8	4218.727	4219.027
4223.028	0.9000000000005457	trials	29	s029_F200516	grCe_grSu12SmCiNe	13	90.0	8	4223.328	4223.627
4223.628	0.9000000000005457	trials	29	s029_F200516	grCe_grSu6Ne_PS	18	0.0	8	4223.928	4224.228
4224.245	0.9000000000005457	trials	29	s029_F200516	grCe_grSu6Ne_PS	18	315.0	8	4224.545	4224.844
4231.971	0.9000000000005457	trials	29	s029_F200516	grSu3Ne	4		8	4232.271	4232.57
4263.715999999999	0.9000000000005457	trials	29	s029_F200516	grCe_grSu12Mi	9	90.0	8	4264.016	4264.316
4366.920999999999	0.9000000000005457	trials	29	s029_F200516	grSu18Fa	10		8	4367.221	4367.521
4395.275	0.9000000000005457	trials	29	s029_F200516	coCe_grSu6Ne	17	90.0	8	4395.575	4395.875
4404.226	0.9000000000005457	trials	29	s029_F200516	grCe_grSu1Ne	3	225.0	8	4404.526	4404.826
4472.393	0.9000000000005457	trials	29	s029_F200516	grCe_grSu12SmCiNe	13	225.0	8	4472.693	4472.993
4473.0019999999995	0.9000000000005457	trials	29	s029_F200516	coCe_grSu6Ne	17	135.0	8	4473.302	4473.601
4489.571	0.9000000000005457	trials	29	s029_F200516	coCe	16	45.0	8	4489.871	4490.17
4490.204	0.9000000000005457	trials	29	s029_F200516	grCe_grSu12Mi	9	45.0	8	4490.504	4490.804
4506.981	0.9000000000005457	trials	29	s029_F200516	grCe_grSu1Ne	3	45.0	8	4507.281	4507.581
4518.965999999999	0.9000000000005457	trials	29	s029_F200516	grCe_grSu12SmCiNe_PS	21	135.0	8	4519.266	4519.566
4552.545	0.9000000000005457	trials	29	s029_F200516	grCe_grSu18Fa	11	0.0	8	4552.845	4553.145
4553.1449999999995	0.9000000000005457	trials	29	s029_F200516	coCe	16	225.0	8	4553.445	4553.745
4570.231	0.9000000000005457	trials	29	s029_F200516	grCe_grSu18Fa	11	270.0	8	4570.531	4570.831
4570.831	0.9000000000005457	trials	29	s029_F200516	grCe_grSu12SmCiNe	13	180.0	8	4571.131	4571.431
4588.407999999999	0.9000000000005457	trials	29	s029_F200516	grCe_grSu6CiNe	15	315.0	8	4588.708	4589.008
4595.643	0.9000000000005457	trials	29	s029_F200516	grCe_grSu12Mi	9	225.0	8	4595.943	4596.242
4596.2429999999995	0.9000000000005457	trials	29	s029_F200516	grCe_grSu6Ne_PS	18	45.0	8	4596.543	4596.842
4604.152	0.9000000000005457	trials	29	s029_F200516	grCe_grSu6Ne_PS	18	135.0	8	4604.452	4604.752
4611.8279999999995	0.9000000000005457	trials	29	s029_F200516	coCe	16	135.0	8	4612.128	4612.428
4612.428	0.9000000000005457	trials	29	s029_F200516	grCe_grSu12SmCiNe_PS	21	0.0	8	4612.728	4613.028
4638.406	0.9000000000005457	trials	29	s029_F200516	grCe_grSu12Mi	9	0.0	8	4638.706	4639.006
4639.005999999999	0.9000000000005457	trials	29	s029_F200516	grCe_grSu6CiNe_PS	19	90.0	8	4639.306	4639.606
4651.407999999999	0.9000000000005457	trials	29	s029_F200516	coCe	16	180.0	8	4651.708	4652.008
4652.008	0.9000000000005457	trials	29	s029_F200516	grCe_grSu12SmCiNe	13	0.0	8	4652.308	4652.608
4659.184	0.9000000000005457	trials	29	s029_F200516	grCe_grSu6Ne_PS	18	270.0	8	4659.484	4659.784
4667.218	0.9000000000005457	trials	29	s029_F200516	grCe_grSu6CiNe	15	180.0	8	4667.518	4667.818
4667.8189999999995	0.9000000000005457	trials	29	s029_F200516	grCe_grSu12SmCiNe_PS	21	180.0	8	4668.119	4668.418
4684.795999999999	0.9000000000005457	trials	29	s029_F200516	grCe	1	90.0	8	4685.096	4685.395
4692.063	0.9000000000005457	trials	29	s029_F200516	grSu6Ne	6		8	4692.363	4692.663
4692.672	0.9000000000005457	trials	29	s029_F200516	grCe_grSu18Fa	11	90.0	8	4692.972	4693.271
4710.299	0.9000000000005457	trials	29	s029_F200516	grSu12Mi	8		8	4710.599	4710.899
4718.099999999999	0.9000000000005457	trials	29	s029_F200516	grSu1Ne	2		8	4718.4	4718.7
4718.708	0.9000000000005457	trials	29	s029_F200516	grCe_grSu12Mi	9	315.0	8	4719.008	4719.308
4726.226	0.9000000000005457	trials	29	s029_F200516	grCe_grSu6CiNe_PS	19	315.0	8	4726.526	4726.826
4726.835	0.9000000000005457	trials	29	s029_F200516	grCe_grSu12Mi	9	135.0	8	4727.135	4727.434
4734.8859999999995	0.9000000000005457	trials	29	s029_F200516	grCe_grSu3Ne	5	270.0	8	4735.186	4735.485
4747.129	0.9000000000005457	trials	29	s029_F200516	grSu6CiNe	14		8	4747.429	4747.729
4747.879	0.9000000000005457	trials	29	s029_F200516	grCe_grSu12SmCiNe	13	315.0	8	4748.179	4748.479
4755.237999999999	0.9000000000005457	trials	29	s029_F200516	grCe_grSu1Ne	3	0.0	8	4755.538	4755.838
4755.871999999999	0.9000000000005457	trials	29	s029_F200516	grCe_grSu6Ne	7	0.0	8	4756.172	4756.471
4763.973	0.9000000000005457	trials	29	s029_F200516	coCe	16	270.0	8	4764.273	4764.572
4764.589	0.9000000000005457	trials	29	s029_F200516	coCe	16	315.0	8	4764.889	4765.189
4772.831999999999	0.9000000000005457	trials	29	s029_F200516	grCe_grSu6Ne	7	315.0	8	4773.132	4773.432
4780.075	0.9000000000005457	trials	29	s029_F200516	coCe_grSu6Ne	17	45.0	8	4780.375	4780.674
4780.733	0.9000000000005457	trials	29	s029_F200516	grCe_grSu18Fa	11	45.0	8	4781.033	4781.333
4797.027	0.9000000000005457	trials	29	s029_F200516	grCe_grSu6Ne	7	135.0	8	4797.327	4797.627
4804.7029999999995	0.9000000000005457	trials	29	s029_F200516	grCe_grSu12SmCiNe	13	135.0	8	4805.003	4805.303
4805.345	0.9000000000005457	trials	29	s029_F200516	grCe_grSu6CiNe_PS	19	135.0	8	4805.645	4805.944
4812.721	0.9000000000005457	trials	29	s029_F200516	grCe_grSu12SmCiNe	13	45.0	8	4813.021	4813.32
4813.321	0.9000000000005457	trials	29	s029_F200516	grCe_grSu1Ne	3	315.0	8	4813.621	4813.92
4838.882	0.9000000000005457	trials	29	s029_F200516	grCe_grSu3Ne	5	225.0	8	4839.182	4839.482
4839.491	0.9000000000005457	trials	29	s029_F200516	grCe_grSu12Mi	9	180.0	8	4839.791	4840.09
4846.983	0.9000000000005457	trials	29	s029_F200516	grCe_grSu3Ne	5	0.0	8	4847.283	4847.583
4847.583	0.9000000000005457	trials	29	s029_F200516	coCe_grSu6Ne	17	0.0	8	4847.883	4848.183
4854.834	0.9000000000005457	trials	29	s029_F200516	grCe_grSu6Ne_PS	18	90.0	8	4855.134	4855.434
4855.434	0.9000000000005457	trials	29	s029_F200516	grCe_grSu1Ne	3	270.0	8	4855.734	4856.034
4864.102	0.9000000000005457	trials	29	s029_F200516	grCe_grSu3Ne	5	315.0	8	4864.402	4864.702
4872.17	0.9000000000005457	trials	29	s029_F200516	grCe_grSu6CiNe_PS	19	0.0	8	4872.47	4872.77
4872.787	0.9000000000005457	trials	29	s029_F200516	grCe_grSu3Ne	5	90.0	8	4873.087	4873.386
4880.254	0.9000000000005457	trials	29	s029_F200516	coCe_grSu6Ne	17	315.0	8	4880.554	4880.854
4884.797	0.9000000000005457	trials	29	s029_F200516	grCe_grSu6CiNe	15	225.0	8	4885.097	4885.396
4892.914	0.9000000000005457	trials	29	s029_F200516	grCe_grSu12SmCiNe_PS	21	315.0	8	4893.214	4893.514
4893.563999999999	0.9000000000005457	trials	29	s029_F200516	grCe_grSu18Fa	11	180.0	8	4893.864	4894.164
4913.342	0.9000000000005457	trials	29	s029_F200516	grCe	1	180.0	8	4913.642	4913.942
4913.95	0.9000000000005457	trials	29	s029_F200516	grCe_grSu3Ne	5	135.0	8	4914.25	4914.55
4921.16	0.9000000000005457	trials	29	s029_F200516	grCe_grSu6CiNe_PS	19	270.0	8	4921.46	4921.759
4921.76	0.9000000000005457	trials	29	s029_F200516	grCe	1	135.0	8	4922.06	4922.359
4929.936	0.9000000000005457	trials	29	s029_F200516	grCe_grSu12Mi	9	270.0	8	4930.236	4930.535
4930.544	0.9000000000005457	trials	29	s029_F200516	grCe_grSu3Ne	5	180.0	8	4930.844	4931.144
4937.778	0.9000000000005457	trials	29	s029_F200516	coCe	16	90.0	8	4938.078	4938.378
4966.307	0.9000000000005457	trials	29	s029_F200516	grCe_grSu12SmCiNe_PS	21	270.0	8	4966.607	4966.907
4966.932	0.9000000000005457	trials	29	s029_F200516	grCe	1	0.0	8	4967.232	4967.532
4974.208	0.9000000000005457	trials	29	s029_F200516	grCe	1	225.0	8	4974.508	4974.808
4974.849999999999	0.9000000000005457	trials	29	s029_F200516	grCe_grSu6CiNe	15	45.0	8	4975.15	4975.45
5024.005999999999	0.9000000000005457	trials	29	s029_F200516	grCe_grSu1Ne	3	90.0	8	5024.306	5024.606
5031.891	0.9000000000005457	trials	29	s029_F200516	grCe_grSu6CiNe	15	0.0	8	5032.191	5032.49
5032.499	0.9000000000005457	trials	29	s029_F200516	coCe_grSu6Ne	17	180.0	8	5032.799	5033.099
5043.334	0.9000000000005457	trials	29	s029_F200516	coCe_grSu6Ne	17	225.0	8	5043.634	5043.933
5043.942	0.9000000000005457	trials	29	s029_F200516	grCe_grSu1Ne	3	135.0	8	5044.242	5044.542
5051.643	0.9000000000005457	trials	29	s029_F200516	grCe_grSu12SmCiNe_PS	21	90.0	8	5051.943	5052.243
5062.878	0.9000000000005457	trials	29	s029_F200516	grCe_grSu1Ne	3	180.0	8	5063.178	5063.478
5117.285	0.9000000000005457	trials	29	s029_F200516	grCe	1	270.0	8	5117.585	5117.885
5117.927	0.9000000000005457	trials	29	s029_F200516	NoStim	0		8	5118.227	5118.526
5125.169	0.9000000000005457	trials	29	s029_F200516	grCe_grSu18Fa	11	225.0	8	5125.469	5125.769
5130.178	0.9000000000005457	trials	29	s029_F200516	grCe_grSu18Fa	11	315.0	8	5130.478	5130.778
5141.646	0.9000000000005457	trials	29	s029_F200516	grCe_grSu6CiNe_PS	19	180.0	8	5141.946	5142.246
5142.246	0.9000000000005457	trials	29	s029_F200516	coCe	16	0.0	8	5142.546	5142.846
5149.621999999999	0.9000000000005457	trials	29	s029_F200516	grCe_grSu6Ne	7	225.0	8	5149.922	5150.222
5150.231	0.9000000000005457	trials	29	s029_F200516	coSu6Ne	20		8	5150.531	5150.831
5158.465	0.9000000000005457	trials	29	s029_F200516	grCe_grSu6CiNe	15	270.0	8	5158.765	5159.065
5159.065	0.9000000000005457	trials	29	s029_F200516	grCe_grSu6CiNe_PS	19	225.0	8	5159.365	5159.665
5170.934	0.9000000000005457	trials	29	s029_F200516	grCe_grSu6Ne	7	180.0	8	5171.234	5171.533
5182.985	0.9000000000005457	trials	29	s029_F200516	grCe_grSu6Ne_PS	18	180.0	8	5183.285	5183.585
5183.585	0.9000000000005457	trials	29	s029_F200516	grCe_grSu6Ne	7	90.0	8	5183.885	5184.185
5208.455	0.9000000000005457	trials	29	s029_F200516	grCe_grSu12SmCiNe_PS	21	45.0	8	5208.755	5209.055
5209.197	0.9000000000005457	trials	29	s029_F200516	grCe_grSu3Ne	5	45.0	8	5209.497	5209.797
5238.851	0.9000000000005457	trials	29	s029_F200516	coCe_grSu6Ne	17	270.0	8	5239.151	5239.45
5247.5019999999995	0.9000000000005457	trials	29	s029_F200516	grCe_grSu6CiNe_PS	19	45.0	8	5247.802	5248.101
5248.102	0.9000000000005457	trials	29	s029_F200516	grCe_grSu6Ne_PS	18	225.0	8	5248.402	5248.702
5255.945	0.9000000000005457	trials	29	s029_F200516	grCe	1	45.0	8	5256.245	5256.544
5256.561	0.9000000000005457	trials	29	s029_F200516	grSu12SmCiNe	12		8	5256.861	5257.161
