onset	duration	nwb_table	ses_ID	ses_Name	cond_Name	cond_ID	target_rot	rep_num	pdOn	pdOff
32.156000000000006	0.8999999999999986	trials	103	s103_J210614	grCe	1	90.0	7	32.456	32.756
32.764	0.8999999999999986	trials	103	s103_J210614	grCe_grSu6Ne_PS	18	180.0	7	33.064	33.364
33.365	0.8999999999999986	trials	103	s103_J210614	grCe_grSu6CiNe_PS	19	180.0	7	33.665	33.964
38.365	0.8999999999999986	trials	103	s103_J210614	grCe_grSu6CiNe_PS	19	0.0	7	38.665	38.965
38.974000000000004	0.8999999999999986	trials	103	s103_J210614	grCe_grSu6Ne_PS	18	45.0	7	39.274	39.573
39.599000000000004	0.8999999999999986	trials	103	s103_J210614	grCe_grSu18Fa	11	180.0	7	39.899	40.198
48.008	0.8999999999999986	trials	103	s103_J210614	coCe_grSu6Ne	17	225.0	7	48.308	48.608
51.525000000000006	0.8999999999999986	trials	103	s103_J210614	grCe_grSu18Fa	11	90.0	7	51.825	52.125
52.134	0.8999999999999986	trials	103	s103_J210614	grCe_grSu6Ne	7	315.0	7	52.434	52.733
52.742000000000004	0.8999999999999986	trials	103	s103_J210614	grCe_grSu12SmCiNe_PS	21	180.0	7	53.042	53.342
57.818000000000005	0.8999999999999986	trials	103	s103_J210614	grCe	1	0.0	7	58.118	58.417
58.434000000000005	0.8999999999999986	trials	103	s103_J210614	grCe_grSu12Mi	9	90.0	7	58.734	59.034
59.035000000000004	0.8999999999999986	trials	103	s103_J210614	coCe	16	315.0	7	59.335	59.634
70.161	0.8999999999999915	trials	103	s103_J210614	coCe_grSu6Ne	17	0.0	7	70.461	70.76
73.67	0.8999999999999915	trials	103	s103_J210614	grCe_grSu6CiNe	15	180.0	7	73.97	74.269
80.287	0.8999999999999915	trials	103	s103_J210614	grCe_grSu12SmCiNe	13	90.0	7	80.587	80.887
83.921	0.8999999999999915	trials	103	s103_J210614	grCe_grSu6CiNe	15	225.0	7	84.221	84.521
84.529	0.8999999999999915	trials	103	s103_J210614	grCe_grSu3Ne	5	45.0	7	84.829	85.129
85.138	0.8999999999999915	trials	103	s103_J210614	coSu6Ne	20		7	85.438	85.737
90.214	0.8999999999999915	trials	103	s103_J210614	grCe_grSu6Ne	7	90.0	7	90.514	90.813
90.822	0.8999999999999915	trials	103	s103_J210614	coCe_grSu6Ne	17	270.0	7	91.122	91.422
91.43	0.8999999999999915	trials	103	s103_J210614	grSu12Mi	8		7	91.73	92.03
96.789	0.8999999999999915	trials	103	s103_J210614	grSu6Ne	6		7	97.089	97.389
100.998	0.8999999999999915	trials	103	s103_J210614	grCe_grSu1Ne	3	225.0	7	101.298	101.598
101.607	0.8999999999999915	trials	103	s103_J210614	coCe_grSu6Ne	17	315.0	7	101.907	102.206
108.199	0.8999999999999915	trials	103	s103_J210614	grCe_grSu1Ne	3	90.0	7	108.499	108.799
113.358	0.8999999999999915	trials	103	s103_J210614	grSu1Ne	2		7	113.658	113.958
119.042	0.8999999999999915	trials	103	s103_J210614	grCe_grSu12Mi	9	45.0	7	119.342	119.642
119.651	0.8999999999999915	trials	103	s103_J210614	grCe_grSu1Ne	3	180.0	7	119.951	120.25
124.751	0.8999999999999915	trials	103	s103_J210614	grCe_grSu1Ne	3	270.0	7	125.051	125.351
125.351	0.8999999999999915	trials	103	s103_J210614	coCe	16	45.0	7	125.651	125.951
125.96000000000001	0.8999999999999915	trials	103	s103_J210614	grCe_grSu12SmCiNe_PS	21	90.0	7	126.26	126.559
134.761	0.9000000000000057	trials	103	s103_J210614	grCe_grSu6Ne	7	270.0	7	135.061	135.361
139.97799999999998	0.9000000000000057	trials	103	s103_J210614	grCe_grSu6Ne	7	45.0	7	140.278	140.578
144.93699999999998	0.9000000000000057	trials	103	s103_J210614	grCe_grSu12SmCiNe	13	315.0	7	145.237	145.537
145.546	0.9000000000000057	trials	103	s103_J210614	coCe_grSu6Ne	17	45.0	7	145.846	146.145
146.154	0.9000000000000057	trials	103	s103_J210614	grCe_grSu6Ne	7	135.0	7	146.454	146.754
154.414	0.9000000000000057	trials	103	s103_J210614	coCe	16	225.0	7	154.714	155.013
161.38899999999998	0.9000000000000057	trials	103	s103_J210614	grCe_grSu1Ne	3	315.0	7	161.689	161.989
164.88199999999998	0.9000000000000057	trials	103	s103_J210614	coCe	16	90.0	7	165.182	165.481
165.48999999999998	0.9000000000000057	trials	103	s103_J210614	grCe_grSu6CiNe_PS	19	90.0	7	165.79	166.09
166.09799999999998	0.9000000000000057	trials	103	s103_J210614	grCe_grSu12SmCiNe	13	0.0	7	166.398	166.698
171.432	0.9000000000000057	trials	103	s103_J210614	grCe_grSu12Mi	9	270.0	7	171.732	172.032
172.041	0.9000000000000057	trials	103	s103_J210614	grCe_grSu12SmCiNe_PS	21	135.0	7	172.341	172.64
172.649	0.9000000000000057	trials	103	s103_J210614	grCe_grSu6CiNe	15	90.0	7	172.949	173.249
177.667	0.9000000000000057	trials	103	s103_J210614	grCe_grSu12Mi	9	315.0	7	177.967	178.266
178.283	0.9000000000000057	trials	103	s103_J210614	grCe_grSu12Mi	9	0.0	7	178.583	178.883
178.892	0.9000000000000057	trials	103	s103_J210614	grCe_grSu6CiNe_PS	19	135.0	7	179.192	179.491
188.393	0.9000000000000057	trials	103	s103_J210614	grCe_grSu3Ne	5	135.0	7	188.693	188.993
191.95999999999998	0.9000000000000057	trials	103	s103_J210614	grCe_grSu6Ne_PS	18	225.0	7	192.26	192.56
198.236	0.9000000000000057	trials	103	s103_J210614	grCe_grSu6CiNe	15	0.0	7	198.536	198.835
204.987	0.9000000000000057	trials	103	s103_J210614	grCe_grSu6Ne_PS	18	315.0	7	205.287	205.586
205.595	0.9000000000000057	trials	103	s103_J210614	grCe_grSu12SmCiNe	13	180.0	7	205.895	206.195
206.20399999999998	0.9000000000000057	trials	103	s103_J210614	grSu6CiNe	14		7	206.504	206.803
211.779	0.9000000000000057	trials	103	s103_J210614	coCe_grSu6Ne	17	135.0	7	212.079	212.379
212.379	0.9000000000000057	trials	103	s103_J210614	grCe	1	225.0	7	212.679	212.979
217.963	0.9000000000000057	trials	103	s103_J210614	grCe_grSu6Ne	7	180.0	7	218.263	218.563
221.47199999999998	0.9000000000000057	trials	103	s103_J210614	grCe_grSu12SmCiNe_PS	21	315.0	7	221.772	222.072
222.081	0.9000000000000057	trials	103	s103_J210614	coCe_grSu6Ne	17	90.0	7	222.381	222.68
222.68099999999998	0.9000000000000057	trials	103	s103_J210614	coCe	16	0.0	7	222.981	223.28
227.731	0.9000000000000057	trials	103	s103_J210614	grCe_grSu6CiNe	15	45.0	7	228.031	228.331
228.33999999999997	0.9000000000000057	trials	103	s103_J210614	grCe_grSu6Ne_PS	18	0.0	7	228.64	228.939
228.94799999999998	0.9000000000000057	trials	103	s103_J210614	grCe_grSu12SmCiNe	13	270.0	7	229.248	229.548
237.04899999999998	0.9000000000000057	trials	103	s103_J210614	grSu3Ne	4		7	237.349	237.649
237.649	0.9000000000000057	trials	103	s103_J210614	coCe	16	135.0	7	237.949	238.249
238.249	0.9000000000000057	trials	103	s103_J210614	coCe	16	270.0	7	238.549	238.849
243.31699999999998	0.9000000000000057	trials	103	s103_J210614	grCe_grSu6CiNe	15	270.0	7	243.617	243.916
243.92499999999998	0.9000000000000057	trials	103	s103_J210614	grCe_grSu1Ne	3	45.0	7	244.225	244.525
244.542	0.9000000000000057	trials	103	s103_J210614	grCe_grSu18Fa	11	0.0	7	244.842	245.141
253.176	0.9000000000000057	trials	103	s103_J210614	grCe_grSu3Ne	5	270.0	7	253.476	253.776
256.819	0.9000000000000341	trials	103	s103_J210614	grSu12SmCiNe	12		7	257.119	257.418
271.37899999999996	0.9000000000000341	trials	103	s103_J210614	grCe_grSu6CiNe	15	135.0	7	271.679	271.978
276.33799999999997	0.9000000000000341	trials	103	s103_J210614	grCe_grSu6CiNe_PS	19	45.0	7	276.638	276.937
276.954	0.9000000000000341	trials	103	s103_J210614	grCe_grSu18Fa	11	45.0	7	277.254	277.554
277.57099999999997	0.9000000000000341	trials	103	s103_J210614	grCe_grSu18Fa	11	225.0	7	277.871	278.171
282.56399999999996	0.9000000000000341	trials	103	s103_J210614	grCe	1	45.0	7	282.864	283.163
283.78	0.9000000000000341	trials	103	s103_J210614	grCe_grSu6Ne_PS	18	135.0	7	284.08	284.38
295.532	0.9000000000000341	trials	103	s103_J210614	grCe	1	270.0	7	295.832	296.131
296.149	0.9000000000000341	trials	103	s103_J210614	grSu18Fa	10		7	296.449	296.748
296.757	0.9000000000000341	trials	103	s103_J210614	grCe_grSu12SmCiNe_PS	21	0.0	7	297.057	297.357
301.858	0.9000000000000341	trials	103	s103_J210614	grCe_grSu3Ne	5	90.0	7	302.158	302.457
302.491	0.9000000000000341	trials	103	s103_J210614	grCe_grSu3Ne	5	180.0	7	302.791	303.091
303.09999999999997	0.9000000000000341	trials	103	s103_J210614	grCe_grSu3Ne	5	0.0	7	303.4	303.699
308.058	0.9000000000000341	trials	103	s103_J210614	grCe_grSu12SmCiNe_PS	21	270.0	7	308.358	308.658
308.659	0.9000000000000341	trials	103	s103_J210614	NoStim	0		7	308.959	309.258
309.267	0.9000000000000341	trials	103	s103_J210614	grCe_grSu1Ne	3	135.0	7	309.567	309.867
314.176	0.9000000000000341	trials	103	s103_J210614	grCe_grSu6CiNe_PS	19	315.0	7	314.476	314.775
318.53499999999997	0.9000000000000341	trials	103	s103_J210614	coCe_grSu6Ne	17	180.0	7	318.835	319.134
322.144	0.9000000000000341	trials	103	s103_J210614	grCe_grSu12SmCiNe_PS	21	45.0	7	322.444	322.743
330.161	0.9000000000000341	trials	103	s103_J210614	grCe_grSu12SmCiNe	13	225.0	7	330.461	330.761
330.77	0.9000000000000341	trials	103	s103_J210614	grCe_grSu12SmCiNe	13	45.0	7	331.07	331.369
339.029	0.9000000000000341	trials	103	s103_J210614	coCe	16	180.0	7	339.329	339.629
339.638	0.9000000000000341	trials	103	s103_J210614	grCe_grSu6Ne	7	225.0	7	339.938	340.237
340.246	0.9000000000000341	trials	103	s103_J210614	grCe_grSu3Ne	5	225.0	7	340.546	340.846
345.238	0.9000000000000341	trials	103	s103_J210614	grCe_grSu6Ne_PS	18	270.0	7	345.538	345.838
349.22999999999996	0.9000000000000341	trials	103	s103_J210614	grCe_grSu3Ne	5	315.0	7	349.53	349.83
349.839	0.9000000000000341	trials	103	s103_J210614	grCe_grSu12SmCiNe_PS	21	225.0	7	350.139	350.438
355.28999999999996	0.9000000000000341	trials	103	s103_J210614	grCe	1	135.0	7	355.59	355.889
363.432	0.9000000000000341	trials	103	s103_J210614	grCe_grSu6Ne_PS	18	90.0	7	363.732	364.032
368.966	0.9000000000000341	trials	103	s103_J210614	grCe_grSu6Ne	7	0.0	7	369.266	369.566
369.58299999999997	0.9000000000000341	trials	103	s103_J210614	grCe_grSu18Fa	11	270.0	7	369.883	370.183
378.801	0.9000000000000341	trials	103	s103_J210614	grCe_grSu6CiNe	15	315.0	7	379.101	379.401
390.88599999999997	0.9000000000000341	trials	103	s103_J210614	grCe_grSu18Fa	11	315.0	7	391.186	391.485
391.49399999999997	0.9000000000000341	trials	103	s103_J210614	grCe_grSu1Ne	3	0.0	7	391.794	392.094
392.103	0.9000000000000341	trials	103	s103_J210614	grCe_grSu12SmCiNe	13	135.0	7	392.403	392.702
397.037	0.9000000000000341	trials	103	s103_J210614	grCe_grSu12Mi	9	135.0	7	397.337	397.636
397.662	0.9000000000000341	trials	103	s103_J210614	grCe_grSu18Fa	11	135.0	7	397.962	398.261
398.279	0.9000000000000341	trials	103	s103_J210614	grCe_grSu12Mi	9	225.0	7	398.579	398.878
406.521	0.9000000000000341	trials	103	s103_J210614	grCe_grSu12Mi	9	180.0	7	406.821	407.121
407.13	0.9000000000000341	trials	103	s103_J210614	grCe_grSu6CiNe_PS	19	225.0	7	407.43	407.729
407.72999999999996	0.9000000000000341	trials	103	s103_J210614	grCe	1	315.0	7	408.03	408.329
412.589	0.9000000000000341	trials	103	s103_J210614	grCe	1	180.0	7	412.889	413.188
413.197	0.9000000000000341	trials	103	s103_J210614	grCe_grSu6CiNe_PS	19	270.0	7	413.497	413.797
413.806	0.9000000000000341	trials	103	s103_J210614	grCe_grSu3Ne	5	90.0	3	414.106	414.405
418.765	0.9000000000000341	trials	103	s103_J210614	grCe_grSu1Ne	3	90.0	3	419.065	419.364
419.373	0.9000000000000341	trials	103	s103_J210614	grCe_grSu6CiNe_PS	19	270.0	3	419.673	419.972
419.99	0.9000000000000341	trials	103	s103_J210614	grCe_grSu18Fa	11	315.0	3	420.29	420.589
428.116	0.9000000000000341	trials	103	s103_J210614	grCe_grSu6CiNe_PS	19	0.0	3	428.416	428.715
428.724	0.9000000000000341	trials	103	s103_J210614	grCe_grSu6Ne	7	135.0	3	429.024	429.324
429.324	0.9000000000000341	trials	103	s103_J210614	grCe_grSu12SmCiNe_PS	21	270.0	3	429.624	429.924
437.484	0.9000000000000341	trials	103	s103_J210614	grCe_grSu12SmCiNe	13	135.0	3	437.784	438.083
438.7	0.9000000000000341	trials	103	s103_J210614	grCe_grSu1Ne	3	45.0	3	439.0	439.3
443.926	0.9000000000000341	trials	103	s103_J210614	coCe	16	270.0	3	444.226	444.526
444.568	0.9000000000000341	trials	103	s103_J210614	coCe_grSu6Ne	17	135.0	3	444.868	445.167
445.176	0.9000000000000341	trials	103	s103_J210614	coCe_grSu6Ne	17	225.0	3	445.476	445.776
450.185	0.9000000000000341	trials	103	s103_J210614	grSu18Fa	10		3	450.485	450.785
454.186	0.9000000000000341	trials	103	s103_J210614	grCe_grSu6CiNe	15	90.0	3	454.486	454.785
454.794	0.9000000000000341	trials	103	s103_J210614	coCe_grSu6Ne	17	180.0	3	455.094	455.394
455.40299999999996	0.9000000000000341	trials	103	s103_J210614	grCe_grSu3Ne	5	270.0	3	455.703	456.002
461.728	0.9000000000000341	trials	103	s103_J210614	grCe_grSu18Fa	11	90.0	3	462.028	462.328
466.554	0.9000000000000341	trials	103	s103_J210614	grCe_grSu12Mi	9	315.0	3	466.854	467.154
467.162	0.9000000000000341	trials	103	s103_J210614	grSu6Ne	6		3	467.462	467.762
467.779	0.9000000000000341	trials	103	s103_J210614	grCe_grSu18Fa	11	45.0	3	468.079	468.379
476.33	0.9000000000000341	trials	103	s103_J210614	grCe_grSu6CiNe_PS	19	45.0	3	476.63	476.93
476.93899999999996	0.9000000000000341	trials	103	s103_J210614	grCe_grSu6Ne_PS	18	270.0	3	477.239	477.538
477.54699999999997	0.9000000000000341	trials	103	s103_J210614	grCe_grSu6CiNe_PS	19	315.0	3	477.847	478.147
483.281	0.9000000000000341	trials	103	s103_J210614	grCe_grSu6CiNe	15	315.0	3	483.581	483.881
489.807	0.9000000000000341	trials	103	s103_J210614	grCe_grSu12SmCiNe	13	45.0	3	490.107	490.407
490.432	0.9000000000000341	trials	103	s103_J210614	grCe_grSu18Fa	11	180.0	3	490.732	491.032
491.041	0.9000000000000341	trials	103	s103_J210614	grCe_grSu6CiNe	15	225.0	3	491.341	491.64
496.041	0.9000000000000341	trials	103	s103_J210614	grCe_grSu18Fa	11	270.0	3	496.341	496.641
500.11699999999996	0.9000000000000341	trials	103	s103_J210614	grCe_grSu12SmCiNe_PS	21	135.0	3	500.417	500.916
500.925	0.9000000000000341	trials	103	s103_J210614	grCe_grSu12SmCiNe	13	180.0	3	501.225	501.525
501.525	0.9000000000000341	trials	103	s103_J210614	grCe	1	135.0	3	501.825	502.125
506.551	0.9000000000000341	trials	103	s103_J210614	grCe_grSu12Mi	9	270.0	3	506.851	507.15
507.159	0.9000000000000341	trials	103	s103_J210614	grCe_grSu3Ne	5	180.0	3	507.459	507.759
512.768	0.8999999999999773	trials	103	s103_J210614	grCe	1	315.0	3	513.068	513.368
513.3770000000001	0.8999999999999773	trials	103	s103_J210614	grCe_grSu6Ne_PS	18	225.0	3	513.677	513.976
516.902	0.8999999999999773	trials	103	s103_J210614	grCe_grSu6Ne	7	0.0	3	517.202	517.502
517.5110000000001	0.8999999999999773	trials	103	s103_J210614	grCe_grSu6CiNe_PS	19	225.0	3	517.811	518.11
518.111	0.8999999999999773	trials	103	s103_J210614	grCe	1	270.0	3	518.411	518.71
523.153	0.8999999999999773	trials	103	s103_J210614	grCe_grSu12Mi	9	180.0	3	523.453	523.753
523.7610000000001	0.8999999999999773	trials	103	s103_J210614	grCe_grSu6Ne_PS	18	135.0	3	524.061	524.361
524.37	0.8999999999999773	trials	103	s103_J210614	grCe_grSu12SmCiNe	13	225.0	3	524.67	524.969
532.663	0.8999999999999773	trials	103	s103_J210614	grCe_grSu6Ne	7	45.0	3	532.963	533.262
533.2710000000001	0.8999999999999773	trials	103	s103_J210614	grSu12Mi	8		3	533.571	533.871
533.879	0.8999999999999773	trials	103	s103_J210614	grCe_grSu6CiNe	15	270.0	3	534.179	534.479
542.1560000000001	0.8999999999999773	trials	103	s103_J210614	grCe_grSu3Ne	5	135.0	3	542.456	542.755
545.7230000000001	0.8999999999999773	trials	103	s103_J210614	grCe	1	0.0	3	546.023	546.322
546.331	0.8999999999999773	trials	103	s103_J210614	grCe_grSu12SmCiNe	13	0.0	3	546.631	546.931
546.931	0.8999999999999773	trials	103	s103_J210614	grCe	1	180.0	3	547.231	547.531
555.374	0.8999999999999773	trials	103	s103_J210614	coCe	16	90.0	3	555.674	555.973
559.283	0.8999999999999773	trials	103	s103_J210614	grCe_grSu6Ne_PS	18	45.0	3	559.583	559.882
560.5	0.8999999999999773	trials	103	s103_J210614	grCe_grSu6Ne	7	180.0	3	560.8	561.099
565.5840000000001	0.8999999999999773	trials	103	s103_J210614	grCe_grSu6Ne	7	315.0	3	565.884	566.183
569.784	0.8999999999999773	trials	103	s103_J210614	grCe_grSu12SmCiNe_PS	21	180.0	3	570.084	570.384
570.393	0.8999999999999773	trials	103	s103_J210614	grCe_grSu12SmCiNe_PS	21	315.0	3	570.693	570.992
582.4110000000001	0.8999999999999773	trials	103	s103_J210614	grCe_grSu12SmCiNe_PS	21	0.0	3	582.711	583.01
583.019	0.8999999999999773	trials	103	s103_J210614	grCe_grSu6Ne_PS	18	90.0	3	583.319	583.619
588.0450000000001	0.8999999999999773	trials	103	s103_J210614	grCe_grSu1Ne	3	225.0	3	588.345	588.644
592.1450000000001	0.8999999999999773	trials	103	s103_J210614	grCe_grSu6Ne	7	225.0	3	592.445	592.745
592.7620000000001	0.8999999999999773	trials	103	s103_J210614	grCe_grSu12Mi	9	90.0	3	593.062	593.362
593.3710000000001	0.8999999999999773	trials	103	s103_J210614	grCe_grSu3Ne	5	45.0	3	593.671	593.97
598.413	0.8999999999999773	trials	103	s103_J210614	grSu1Ne	2		3	598.713	599.012
599.6210000000001	0.8999999999999773	trials	103	s103_J210614	coCe	16	45.0	3	599.921	600.221
608.6310000000001	0.8999999999999773	trials	103	s103_J210614	grCe	1	90.0	3	608.931	609.23
615.0400000000001	0.8999999999999773	trials	103	s103_J210614	coCe_grSu6Ne	17	270.0	3	615.34	615.64
615.648	0.8999999999999773	trials	103	s103_J210614	coSu6Ne	20		3	615.948	616.248
616.273	0.8999999999999773	trials	103	s103_J210614	coCe	16	135.0	3	616.573	616.873
624.441	0.8999999999999773	trials	103	s103_J210614	coCe_grSu6Ne	17	45.0	3	624.741	625.041
625.058	0.8999999999999773	trials	103	s103_J210614	grCe_grSu18Fa	11	135.0	3	625.358	625.657
630.725	0.8999999999999773	trials	103	s103_J210614	grCe_grSu18Fa	11	225.0	3	631.025	631.325
631.3340000000001	0.8999999999999773	trials	103	s103_J210614	coCe_grSu6Ne	17	90.0	3	631.634	631.933
637.61	0.8999999999999773	trials	103	s103_J210614	grCe_grSu6CiNe	15	180.0	3	637.91	638.209
643.219	0.8999999999999773	trials	103	s103_J210614	grCe_grSu1Ne	3	0.0	3	643.519	643.818
644.4350000000001	0.8999999999999773	trials	103	s103_J210614	grCe_grSu12SmCiNe_PS	21	225.0	3	644.735	645.035
649.644	0.8999999999999773	trials	103	s103_J210614	grSu6CiNe	14		3	649.944	650.244
660.1460000000001	0.8999999999999773	trials	103	s103_J210614	grCe_grSu3Ne	5	315.0	3	660.446	660.745
661.3960000000001	0.8999999999999773	trials	103	s103_J210614	grSu12SmCiNe	12		3	661.696	661.996
670.139	0.8999999999999773	trials	103	s103_J210614	grCe_grSu12SmCiNe_PS	21	45.0	3	670.439	670.738
670.739	0.8999999999999773	trials	103	s103_J210614	grSu3Ne	4		3	671.039	671.338
680.5400000000001	0.8999999999999773	trials	103	s103_J210614	grCe_grSu6Ne	7	270.0	3	680.84	681.14
681.1650000000001	0.8999999999999773	trials	103	s103_J210614	grCe_grSu18Fa	11	0.0	3	681.465	681.765
681.774	0.8999999999999773	trials	103	s103_J210614	grCe_grSu6CiNe_PS	19	135.0	3	682.074	682.373
687.841	0.8999999999999773	trials	103	s103_J210614	grCe_grSu12SmCiNe	13	315.0	3	688.141	688.441
689.058	0.8999999999999773	trials	103	s103_J210614	grCe_grSu3Ne	5	0.0	3	689.358	689.657
699.743	0.8999999999999773	trials	103	s103_J210614	grCe_grSu12Mi	9	225.0	3	700.043	700.342
700.351	0.8999999999999773	trials	103	s103_J210614	grCe_grSu1Ne	3	270.0	3	700.651	700.951
707.577	0.8999999999999773	trials	103	s103_J210614	grCe_grSu6CiNe_PS	19	90.0	3	707.877	708.177
711.3190000000001	0.8999999999999773	trials	103	s103_J210614	grCe	1	45.0	3	711.619	711.919
715.0110000000001	0.8999999999999773	trials	103	s103_J210614	coCe	16	315.0	3	715.311	715.611
715.62	0.8999999999999773	trials	103	s103_J210614	grCe_grSu6Ne	7	90.0	3	715.92	716.219
716.2280000000001	0.8999999999999773	trials	103	s103_J210614	grCe_grSu12SmCiNe	13	90.0	3	716.528	716.828
721.2700000000001	0.8999999999999773	trials	103	s103_J210614	grCe_grSu1Ne	3	180.0	3	721.57	721.87
721.879	0.8999999999999773	trials	103	s103_J210614	grCe_grSu12SmCiNe	13	270.0	3	722.179	722.478
722.4870000000001	0.8999999999999773	trials	103	s103_J210614	coCe_grSu6Ne	17	0.0	3	722.787	723.087
728.971	0.8999999999999773	trials	103	s103_J210614	grCe_grSu3Ne	5	225.0	3	729.271	729.571
729.58	0.8999999999999773	trials	103	s103_J210614	grCe_grSu1Ne	3	315.0	3	729.88	730.179
744.815	0.8999999999999773	trials	103	s103_J210614	grCe_grSu6Ne_PS	18	180.0	3	745.115	745.415
750.191	0.8999999999999773	trials	103	s103_J210614	grCe_grSu6CiNe	15	135.0	3	750.491	750.79
750.791	0.8999999999999773	trials	103	s103_J210614	coCe	16	180.0	3	751.091	751.39
759.4000000000001	0.8999999999999773	trials	103	s103_J210614	coCe_grSu6Ne	17	315.0	3	759.7	760.0
760.009	0.8999999999999773	trials	103	s103_J210614	grCe_grSu6CiNe	15	0.0	3	760.309	760.608
760.6170000000001	0.8999999999999773	trials	103	s103_J210614	grCe_grSu6Ne_PS	18	315.0	3	760.917	761.217
765.726	0.8999999999999773	trials	103	s103_J210614	coCe	16	225.0	3	766.026	766.326
766.3430000000001	0.8999999999999773	trials	103	s103_J210614	grCe_grSu12Mi	9	135.0	3	766.643	766.942
766.96	0.8999999999999773	trials	103	s103_J210614	grCe_grSu12Mi	9	0.0	3	767.26	767.559
775.3770000000001	0.8999999999999773	trials	103	s103_J210614	grCe_grSu1Ne	3	135.0	3	775.677	775.977
775.986	0.8999999999999773	trials	103	s103_J210614	grCe_grSu6CiNe	15	45.0	3	776.286	776.585
776.586	0.8999999999999773	trials	103	s103_J210614	grCe	1	225.0	3	776.886	777.185
781.587	0.8999999999999773	trials	103	s103_J210614	grCe_grSu12Mi	9	45.0	3	781.887	782.186
782.187	0.8999999999999773	trials	103	s103_J210614	grCe_grSu6CiNe_PS	19	180.0	3	782.487	782.786
788.437	0.8999999999999773	trials	103	s103_J210614	grCe_grSu6Ne_PS	18	0.0	3	788.737	789.037
789.046	0.8999999999999773	trials	103	s103_J210614	grCe_grSu12SmCiNe_PS	21	90.0	3	789.346	789.645
794.6550000000001	0.8999999999999773	trials	103	s103_J210614	NoStim	0		3	794.955	795.254
795.255	0.8999999999999773	trials	103	s103_J210614	coCe	16	0.0	3	795.555	795.855
800.614	0.8999999999999773	trials	103	s103_J210614	grCe_grSu6CiNe_PS	19	0.0	6	800.914	801.214
807.6400000000001	0.8999999999999773	trials	103	s103_J210614	grCe_grSu12SmCiNe	13	135.0	6	807.94	808.24
811.682	0.8999999999999773	trials	103	s103_J210614	coSu6Ne	20		6	811.982	812.282
812.899	0.8999999999999773	trials	103	s103_J210614	grCe_grSu12SmCiNe	13	270.0	6	813.199	813.499
821.25	0.8999999999999773	trials	103	s103_J210614	coCe	16	270.0	6	821.55	821.85
821.8580000000001	0.8999999999999773	trials	103	s103_J210614	grCe_grSu6CiNe_PS	19	315.0	6	822.158	822.458
828.3340000000001	0.8999999999999773	trials	103	s103_J210614	NoStim	0		6	828.634	828.934
828.9430000000001	0.8999999999999773	trials	103	s103_J210614	grCe_grSu6CiNe	15	315.0	6	829.243	829.542
833.993	0.8999999999999773	trials	103	s103_J210614	grCe_grSu12Mi	9	180.0	6	834.293	834.593
834.6020000000001	0.8999999999999773	trials	103	s103_J210614	grCe_grSu6CiNe_PS	19	225.0	6	834.902	835.201
835.219	0.8999999999999773	trials	103	s103_J210614	grCe_grSu18Fa	11	225.0	6	835.519	835.818
840.278	0.8999999999999773	trials	103	s103_J210614	grCe_grSu1Ne	3	90.0	6	840.578	840.877
840.8860000000001	0.8999999999999773	trials	103	s103_J210614	grCe_grSu6Ne_PS	18	180.0	6	841.186	841.485
841.486	0.8999999999999773	trials	103	s103_J210614	grSu6Ne	6		6	841.786	842.086
847.187	0.8999999999999773	trials	103	s103_J210614	grCe_grSu6CiNe	15	225.0	6	847.487	847.786
847.7950000000001	0.8999999999999773	trials	103	s103_J210614	grCe_grSu12SmCiNe_PS	21	135.0	6	848.095	848.395
851.571	0.8999999999999773	trials	103	s103_J210614	coCe_grSu6Ne	17	180.0	6	851.871	852.17
852.171	0.8999999999999773	trials	103	s103_J210614	grCe	1	180.0	6	852.471	852.77
855.946	0.8999999999999773	trials	103	s103_J210614	grSu1Ne	2		6	856.246	856.546
856.546	0.8999999999999773	trials	103	s103_J210614	coCe	16	135.0	6	856.846	857.146
875.207	0.8999999999999773	trials	103	s103_J210614	grCe_grSu3Ne	5	225.0	6	875.507	875.807
882.5160000000001	0.8999999999999773	trials	103	s103_J210614	grCe_grSu6CiNe	15	180.0	6	882.816	883.116
883.125	0.8999999999999773	trials	103	s103_J210614	grCe_grSu3Ne	5	180.0	6	883.425	883.724
883.7330000000001	0.8999999999999773	trials	103	s103_J210614	grCe_grSu12SmCiNe	13	0.0	6	884.033	884.333
888.85	0.8999999999999773	trials	103	s103_J210614	grCe_grSu6Ne_PS	18	45.0	6	889.15	889.45
889.4590000000001	0.8999999999999773	trials	103	s103_J210614	coCe_grSu6Ne	17	45.0	6	889.759	890.058
890.067	0.8999999999999773	trials	103	s103_J210614	grCe_grSu6Ne_PS	18	315.0	6	890.367	890.667
895.043	0.8999999999999773	trials	103	s103_J210614	coCe_grSu6Ne	17	315.0	6	895.343	895.643
901.4770000000001	0.8999999999999773	trials	103	s103_J210614	grCe_grSu12Mi	9	45.0	6	901.777	902.077
902.086	0.8999999999999773	trials	103	s103_J210614	grCe_grSu6Ne	7	45.0	6	902.386	902.685
902.6940000000001	0.8999999999999773	trials	103	s103_J210614	grCe_grSu3Ne	5	270.0	6	902.994	903.294
914.9540000000001	0.8999999999999773	trials	103	s103_J210614	grCe_grSu6CiNe_PS	19	90.0	6	915.254	915.553
916.171	0.8999999999999773	trials	103	s103_J210614	grCe_grSu3Ne	5	0.0	6	916.471	916.77
921.1460000000001	0.8999999999999773	trials	103	s103_J210614	grCe_grSu1Ne	3	180.0	6	921.446	921.746
925.23	0.8999999999999773	trials	103	s103_J210614	grSu3Ne	4		6	925.53	925.83
925.839	0.8999999999999773	trials	103	s103_J210614	coCe_grSu6Ne	17	135.0	6	926.139	926.438
926.447	0.8999999999999773	trials	103	s103_J210614	grCe_grSu12SmCiNe	13	315.0	6	926.747	927.047
931.398	0.8999999999999773	trials	103	s103_J210614	coCe	16	90.0	6	931.698	931.997
932.0060000000001	0.8999999999999773	trials	103	s103_J210614	grCe_grSu12SmCiNe_PS	21	270.0	6	932.306	932.606
932.606	0.8999999999999773	trials	103	s103_J210614	coCe	16	225.0	6	932.906	933.206
937.648	0.8999999999999773	trials	103	s103_J210614	grCe_grSu1Ne	3	135.0	6	937.948	938.248
941.8820000000001	0.8999999999999773	trials	103	s103_J210614	grCe_grSu18Fa	11	135.0	6	942.182	942.482
948.542	0.8999999999999773	trials	103	s103_J210614	grCe_grSu18Fa	11	270.0	6	948.842	949.141
952.792	0.8999999999999773	trials	103	s103_J210614	coCe	16	0.0	6	953.092	953.392
953.4010000000001	0.8999999999999773	trials	103	s103_J210614	grSu12SmCiNe	12		6	953.701	954.0
959.7510000000001	0.8999999999999773	trials	103	s103_J210614	grCe_grSu6CiNe_PS	19	135.0	6	960.051	960.351
960.36	0.8999999999999773	trials	103	s103_J210614	coCe_grSu6Ne	17	270.0	6	960.66	960.959
960.9680000000001	0.8999999999999773	trials	103	s103_J210614	grCe_grSu6CiNe	15	45.0	6	961.268	961.568
969.2940000000001	0.8999999999999773	trials	103	s103_J210614	grCe_grSu6CiNe_PS	19	270.0	6	969.594	969.894
977.662	0.8999999999999773	trials	103	s103_J210614	grCe_grSu1Ne	3	225.0	6	977.962	978.262
978.2620000000001	0.8999999999999773	trials	103	s103_J210614	grCe	1	135.0	6	978.562	978.862
984.505	0.8999999999999773	trials	103	s103_J210614	coCe	16	315.0	6	984.805	985.104
985.1210000000001	0.8999999999999773	trials	103	s103_J210614	grCe_grSu18Fa	11	0.0	6	985.421	985.721
985.73	0.8999999999999773	trials	103	s103_J210614	grCe_grSu3Ne	5	45.0	6	986.03	986.329
991.1890000000001	0.8999999999999773	trials	103	s103_J210614	grCe	1	90.0	6	991.489	991.788
991.797	0.8999999999999773	trials	103	s103_J210614	grSu6CiNe	14		6	992.097	992.397
992.4060000000001	0.8999999999999773	trials	103	s103_J210614	grCe_grSu6Ne	7	315.0	6	992.706	993.005
997.565	0.8999999999999773	trials	103	s103_J210614	grCe_grSu6CiNe_PS	19	180.0	6	997.865	998.164
998.1650000000001	0.8999999999999773	trials	103	s103_J210614	grCe	1	270.0	6	998.465	998.764
998.7810000000001	0.8999999999999773	trials	103	s103_J210614	grCe_grSu12Mi	9	270.0	6	999.081	999.381
1003.832	0.8999999999999773	trials	103	s103_J210614	grCe	1	225.0	6	1004.132	1004.432
1004.44	0.8999999999999773	trials	103	s103_J210614	grCe_grSu6CiNe	15	135.0	6	1004.74	1005.04
1005.0490000000001	0.8999999999999773	trials	103	s103_J210614	grCe_grSu12SmCiNe	13	180.0	6	1005.349	1005.648
1010.6410000000001	0.8999999999999773	trials	103	s103_J210614	grCe_grSu6Ne	7	225.0	6	1010.941	1011.241
1011.25	0.8999999999999773	trials	103	s103_J210614	grCe_grSu6CiNe	15	0.0	6	1011.55	1011.849
1023.4350000000001	0.8999999999999773	trials	103	s103_J210614	grCe_grSu12SmCiNe_PS	21	180.0	6	1023.735	1024.034
1024.0430000000001	0.8999999999998636	trials	103	s103_J210614	grCe_grSu12SmCiNe_PS	21	0.0	6	1024.343	1024.643
1024.66	0.8999999999998636	trials	103	s103_J210614	grSu18Fa	10		6	1024.96	1025.259
1030.269	0.8999999999998636	trials	103	s103_J210614	grCe_grSu12SmCiNe	13	225.0	6	1030.569	1030.868
1033.669	0.8999999999998636	trials	103	s103_J210614	grCe_grSu3Ne	5	315.0	6	1033.969	1034.269
1037.67	0.8999999999998636	trials	103	s103_J210614	grCe_grSu12Mi	9	135.0	6	1037.97	1038.269
1038.278	0.8999999999998636	trials	103	s103_J210614	grCe_grSu3Ne	5	135.0	6	1038.578	1038.878
1038.903	0.8999999999998636	trials	103	s103_J210614	grCe_grSu18Fa	11	315.0	6	1039.203	1039.503
1047.246	0.8999999999998636	trials	103	s103_J210614	coCe_grSu6Ne	17	90.0	6	1047.546	1047.846
1047.854	0.8999999999998636	trials	103	s103_J210614	coCe_grSu6Ne	17	0.0	6	1048.154	1048.454
1048.463	0.8999999999998636	trials	103	s103_J210614	grCe_grSu3Ne	5	90.0	6	1048.763	1049.062
1053.422	0.8999999999998636	trials	103	s103_J210614	grCe_grSu6CiNe	15	90.0	6	1053.722	1054.021
1054.122	0.8999999999998636	trials	103	s103_J210614	grCe_grSu12SmCiNe_PS	21	315.0	6	1054.422	1054.721
1054.73	0.8999999999998636	trials	103	s103_J210614	grCe_grSu6CiNe	15	270.0	6	1055.03	1055.33
1063.181	0.8999999999998636	trials	103	s103_J210614	grCe_grSu12Mi	9	90.0	6	1063.481	1063.781
1063.79	0.8999999999998636	trials	103	s103_J210614	coCe_grSu6Ne	17	225.0	6	1064.09	1064.389
1064.3980000000001	0.8999999999998636	trials	103	s103_J210614	grCe_grSu6Ne_PS	18	225.0	6	1064.698	1064.998
1069.391	0.8999999999998636	trials	103	s103_J210614	grCe_grSu12SmCiNe	13	45.0	6	1069.691	1069.99
1069.999	0.8999999999998636	trials	103	s103_J210614	grCe_grSu12SmCiNe_PS	21	90.0	6	1070.299	1070.599
1078.767	0.8999999999998636	trials	103	s103_J210614	grCe_grSu6Ne_PS	18	90.0	6	1079.067	1079.366
1079.392	0.8999999999998636	trials	103	s103_J210614	grCe_grSu18Fa	11	90.0	6	1079.692	1079.991
1084.934	0.8999999999998636	trials	103	s103_J210614	grCe_grSu1Ne	3	0.0	6	1085.234	1085.534
1088.993	0.8999999999998636	trials	103	s103_J210614	grCe_grSu6Ne_PS	18	135.0	6	1089.293	1089.593
1092.935	0.8999999999998636	trials	103	s103_J210614	grSu12Mi	8		6	1093.235	1093.535
1093.544	0.8999999999998636	trials	103	s103_J210614	grCe_grSu6Ne	7	270.0	6	1093.844	1094.143
1094.144	0.8999999999998636	trials	103	s103_J210614	coCe	16	45.0	6	1094.444	1094.743
1099.111	0.8999999999998636	trials	103	s103_J210614	grCe	1	0.0	6	1099.411	1099.711
1099.72	0.8999999999998636	trials	103	s103_J210614	grCe_grSu12SmCiNe	13	90.0	6	1100.02	1100.319
1103.1870000000001	0.8999999999998636	trials	103	s103_J210614	grCe	1	315.0	6	1103.487	1103.786
1104.412	0.8999999999998636	trials	103	s103_J210614	grCe_grSu12Mi	9	0.0	6	1104.712	1105.011
1109.3790000000001	0.8999999999998636	trials	103	s103_J210614	grCe_grSu1Ne	3	45.0	6	1109.679	1109.979
1110.588	0.8999999999998636	trials	103	s103_J210614	coCe	16	180.0	6	1110.888	1111.187
1118.93	0.8999999999998636	trials	103	s103_J210614	grCe_grSu6Ne_PS	18	0.0	6	1119.23	1119.53
1122.5720000000001	0.8999999999998636	trials	103	s103_J210614	grCe_grSu6Ne	7	90.0	6	1122.872	1123.172
1123.181	0.8999999999998636	trials	103	s103_J210614	grCe_grSu12SmCiNe_PS	21	45.0	6	1123.481	1123.78
1123.781	0.8999999999998636	trials	103	s103_J210614	grCe_grSu6Ne_PS	18	270.0	6	1124.081	1124.381
1133.491	0.8999999999998636	trials	103	s103_J210614	grCe_grSu6Ne	7	0.0	6	1133.791	1134.09
1141.375	0.8999999999998636	trials	103	s103_J210614	grCe_grSu1Ne	3	315.0	6	1141.675	1141.974
1144.8590000000002	0.8999999999998636	trials	103	s103_J210614	grCe	1	45.0	6	1145.159	1145.458
1145.4750000000001	0.8999999999998636	trials	103	s103_J210614	grCe_grSu18Fa	11	45.0	6	1145.775	1146.075
1146.092	0.8999999999998636	trials	103	s103_J210614	grCe_grSu18Fa	11	180.0	6	1146.392	1146.692
1150.909	0.8999999999998636	trials	103	s103_J210614	grCe_grSu12SmCiNe_PS	21	225.0	6	1151.209	1151.509
1151.526	0.8999999999998636	trials	103	s103_J210614	grCe_grSu12Mi	9	315.0	6	1151.826	1152.126
1152.135	0.8999999999998636	trials	103	s103_J210614	grCe_grSu1Ne	3	270.0	6	1152.435	1152.734
1157.1190000000001	0.8999999999998636	trials	103	s103_J210614	grCe_grSu12Mi	9	225.0	6	1157.419	1157.718
1157.727	0.8999999999998636	trials	103	s103_J210614	grCe_grSu6CiNe_PS	19	45.0	6	1158.027	1158.327
1158.335	0.8999999999998636	trials	103	s103_J210614	grCe_grSu6Ne	7	180.0	6	1158.635	1158.935
1163.536	0.8999999999998636	trials	103	s103_J210614	grCe_grSu6Ne	7	135.0	6	1163.836	1164.136
1164.145	0.8999999999998636	trials	103	s103_J210614	grCe_grSu12SmCiNe	13	0.0	9	1164.445	1164.744
1164.7530000000002	0.8999999999998636	trials	103	s103_J210614	grCe_grSu6CiNe_PS	19	180.0	9	1165.053	1165.352
1173.221	0.8999999999998636	trials	103	s103_J210614	grCe_grSu12SmCiNe	13	180.0	9	1173.521	1173.82
1173.846	0.8999999999998636	trials	103	s103_J210614	grCe_grSu18Fa	11	45.0	9	1174.146	1174.445
1174.463	0.8999999999998636	trials	103	s103_J210614	grSu18Fa	10		9	1174.763	1175.062
1179.8220000000001	0.8999999999998636	trials	103	s103_J210614	coCe_grSu6Ne	17	270.0	9	1180.122	1180.421
1180.43	0.8999999999998636	trials	103	s103_J210614	grCe_grSu6Ne_PS	18	0.0	9	1180.73	1181.03
1181.03	0.8999999999998636	trials	103	s103_J210614	grCe	1	225.0	9	1181.33	1181.63
1185.856	0.8999999999998636	trials	103	s103_J210614	grCe_grSu1Ne	3	0.0	9	1186.156	1186.455
1186.464	0.8999999999998636	trials	103	s103_J210614	grCe_grSu12SmCiNe	13	225.0	9	1186.764	1187.064
1187.0810000000001	0.8999999999998636	trials	103	s103_J210614	grCe_grSu12Mi	9	135.0	9	1187.381	1187.68
1192.14	0.8999999999998636	trials	103	s103_J210614	coCe_grSu6Ne	17	135.0	9	1192.44	1192.739
1200.358	0.8999999999998636	trials	103	s103_J210614	grCe_grSu18Fa	11	270.0	9	1200.658	1200.957
1205.317	0.8999999999998636	trials	103	s103_J210614	grCe_grSu3Ne	5	225.0	9	1205.617	1205.916
1209.084	0.8999999999998636	trials	103	s103_J210614	coCe	16	45.0	9	1209.384	1209.683
1215.751	0.8999999999998636	trials	103	s103_J210614	grCe_grSu6Ne	7	225.0	9	1216.051	1216.351
1216.3600000000001	0.8999999999998636	trials	103	s103_J210614	grCe_grSu6Ne	7	315.0	9	1216.66	1216.959
1216.968	0.8999999999998636	trials	103	s103_J210614	grCe_grSu6Ne_PS	18	180.0	9	1217.268	1217.568
1222.577	0.8999999999998636	trials	103	s103_J210614	grCe_grSu12Mi	9	180.0	9	1222.877	1223.177
1223.386	0.8999999999998636	trials	103	s103_J210614	grCe_grSu12SmCiNe	13	270.0	9	1223.686	1223.985
1238.212	0.8999999999998636	trials	103	s103_J210614	grCe_grSu3Ne	5	135.0	9	1238.512	1238.812
1238.8210000000001	0.8999999999998636	trials	103	s103_J210614	grCe_grSu6Ne	7	45.0	9	1239.121	1239.42
1239.429	0.8999999999998636	trials	103	s103_J210614	grCe_grSu12SmCiNe_PS	21	180.0	9	1239.729	1240.029
1251.006	0.8999999999998636	trials	103	s103_J210614	grSu6CiNe	14		9	1251.306	1251.605
1252.223	0.8999999999998636	trials	103	s103_J210614	grCe_grSu3Ne	5	270.0	9	1252.523	1252.822
1257.248	0.8999999999998636	trials	103	s103_J210614	grCe_grSu6Ne	7	180.0	9	1257.548	1257.848
1257.857	0.8999999999998636	trials	103	s103_J210614	grCe_grSu6Ne_PS	18	270.0	9	1258.157	1258.456
1258.4650000000001	0.8999999999998636	trials	103	s103_J210614	coCe_grSu6Ne	17	180.0	9	1258.765	1259.065
1266.916	0.8999999999998636	trials	103	s103_J210614	grSu3Ne	4		9	1267.216	1267.516
1267.525	0.8999999999998636	trials	103	s103_J210614	grCe_grSu6CiNe_PS	19	0.0	9	1267.825	1268.124
1268.133	0.8999999999998636	trials	103	s103_J210614	grCe_grSu12SmCiNe_PS	21	270.0	9	1268.433	1268.733
1273.3500000000001	0.8999999999998636	trials	103	s103_J210614	coCe_grSu6Ne	17	90.0	9	1273.65	1273.95
1273.959	0.8999999999998636	trials	103	s103_J210614	grSu1Ne	2		9	1274.259	1274.558
1274.584	0.8999999999998636	trials	103	s103_J210614	grCe_grSu6Ne_PS	18	90.0	9	1274.884	1275.183
1283.143	0.8999999999998636	trials	103	s103_J210614	grCe_grSu12SmCiNe_PS	21	0.0	9	1283.443	1283.743
1283.752	0.8999999999998636	trials	103	s103_J210614	grCe_grSu6CiNe	15	180.0	9	1284.052	1284.351
1287.419	0.8999999999998636	trials	103	s103_J210614	coCe	16	0.0	9	1287.719	1288.018
1288.019	0.8999999999998636	trials	103	s103_J210614	coCe	16	180.0	9	1288.319	1288.618
1299.787	0.8999999999998636	trials	103	s103_J210614	grSu6Ne	6		9	1300.087	1300.387
1300.396	0.8999999999998636	trials	103	s103_J210614	grCe_grSu3Ne	5	0.0	9	1300.696	1300.995
1301.0040000000001	0.8999999999998636	trials	103	s103_J210614	grCe_grSu6Ne	7	135.0	9	1301.304	1301.604
1306.5710000000001	0.8999999999998636	trials	103	s103_J210614	grCe_grSu6CiNe_PS	19	135.0	9	1306.871	1307.171
1307.18	0.8999999999998636	trials	103	s103_J210614	grCe_grSu6CiNe_PS	19	45.0	9	1307.48	1307.779
1307.797	0.8999999999998636	trials	103	s103_J210614	grCe_grSu12Mi	9	225.0	9	1308.097	1308.396
1312.839	0.8999999999998636	trials	103	s103_J210614	coCe_grSu6Ne	17	45.0	9	1313.139	1313.438
1314.056	0.8999999999998636	trials	103	s103_J210614	grCe_grSu6CiNe	15	135.0	9	1314.356	1314.655
1325.39	0.8999999999998636	trials	103	s103_J210614	grCe_grSu18Fa	11	135.0	9	1325.69	1325.99
1325.999	0.8999999999998636	trials	103	s103_J210614	grCe_grSu12SmCiNe	13	90.0	9	1326.299	1326.598
1326.607	0.8999999999998636	trials	103	s103_J210614	grCe_grSu6Ne	7	270.0	9	1326.907	1327.207
1331.9660000000001	0.8999999999998636	trials	103	s103_J210614	grCe	1	0.0	9	1332.266	1332.566
1338.259	0.8999999999998636	trials	103	s103_J210614	grCe_grSu6CiNe_PS	19	90.0	9	1338.559	1338.858
1338.867	0.8999999999998636	trials	103	s103_J210614	grCe_grSu1Ne	3	45.0	9	1339.167	1339.467
1339.4840000000002	0.8999999999998636	trials	103	s103_J210614	grCe_grSu12Mi	9	45.0	9	1339.784	1340.083
1349.06	0.8999999999998636	trials	103	s103_J210614	grCe_grSu12SmCiNe	13	135.0	9	1349.36	1349.66
1349.6770000000001	0.8999999999998636	trials	103	s103_J210614	grCe_grSu12Mi	9	0.0	9	1349.977	1350.276
1350.285	0.8999999999998636	trials	103	s103_J210614	grCe_grSu6CiNe_PS	19	315.0	9	1350.585	1350.885
1356.236	0.8999999999998636	trials	103	s103_J210614	coSu6Ne	20		9	1356.536	1356.836
1360.395	0.8999999999998636	trials	103	s103_J210614	grCe_grSu12SmCiNe_PS	21	45.0	9	1360.695	1360.995
1360.9950000000001	0.8999999999998636	trials	103	s103_J210614	coCe	16	315.0	9	1361.295	1361.595
1361.595	0.8999999999998636	trials	103	s103_J210614	grCe	1	90.0	9	1361.895	1362.195
1367.913	0.8999999999998636	trials	103	s103_J210614	grCe_grSu12Mi	9	90.0	9	1368.213	1368.512
1374.047	0.8999999999998636	trials	103	s103_J210614	coCe	16	135.0	9	1374.347	1374.646
1374.647	0.8999999999998636	trials	103	s103_J210614	coCe	16	225.0	9	1374.947	1375.246
1379.7640000000001	0.8999999999998636	trials	103	s103_J210614	grCe_grSu6CiNe_PS	19	270.0	9	1380.064	1380.364
1380.364	0.8999999999998636	trials	103	s103_J210614	grCe	1	45.0	9	1380.664	1380.964
1386.682	0.8999999999998636	trials	103	s103_J210614	grCe_grSu6Ne	7	0.0	9	1386.982	1387.281
1387.29	0.8999999999998636	trials	103	s103_J210614	grCe_grSu1Ne	3	315.0	9	1387.59	1387.89
1392.949	0.8999999999998636	trials	103	s103_J210614	grCe_grSu18Fa	11	225.0	9	1393.249	1393.549
1393.549	0.8999999999998636	trials	103	s103_J210614	grCe	1	135.0	9	1393.849	1394.149
1394.1580000000001	0.8999999999998636	trials	103	s103_J210614	grCe_grSu3Ne	5	90.0	9	1394.458	1394.757
1400.434	0.8999999999998636	trials	103	s103_J210614	grCe_grSu6Ne_PS	18	45.0	9	1400.734	1401.033
1401.642	0.8999999999998636	trials	103	s103_J210614	coCe	16	90.0	9	1401.942	1402.242
1413.8600000000001	0.8999999999998636	trials	103	s103_J210614	grCe_grSu12Mi	9	315.0	9	1414.16	1414.46
1417.8690000000001	0.8999999999998636	trials	103	s103_J210614	grCe_grSu6Ne_PS	18	135.0	9	1418.169	1418.469
1424.678	0.8999999999998636	trials	103	s103_J210614	grCe_grSu6CiNe	15	90.0	9	1424.978	1425.278
1425.287	0.8999999999998636	trials	103	s103_J210614	grCe_grSu12SmCiNe	13	45.0	9	1425.587	1425.886
1425.895	0.8999999999998636	trials	103	s103_J210614	grCe_grSu3Ne	5	180.0	9	1426.195	1426.495
1431.354	0.8999999999998636	trials	103	s103_J210614	grCe_grSu6CiNe	15	315.0	9	1431.654	1431.954
1431.954	0.8999999999998636	trials	103	s103_J210614	NoStim	0		9	1432.254	1432.554
1437.5800000000002	0.8999999999998636	trials	103	s103_J210614	grCe_grSu1Ne	3	90.0	9	1437.88	1438.18
1438.188	0.8999999999998636	trials	103	s103_J210614	grCe_grSu6CiNe	15	45.0	9	1438.488	1438.788
1438.805	0.8999999999998636	trials	103	s103_J210614	grCe_grSu12Mi	9	270.0	9	1439.105	1439.405
1444.189	0.8999999999998636	trials	103	s103_J210614	coCe_grSu6Ne	17	315.0	9	1444.489	1444.789
1444.814	0.8999999999998636	trials	103	s103_J210614	grCe_grSu18Fa	11	0.0	9	1445.114	1445.414
1445.423	0.8999999999998636	trials	103	s103_J210614	grCe_grSu12SmCiNe_PS	21	315.0	9	1445.723	1446.022
1450.565	0.8999999999998636	trials	103	s103_J210614	grCe_grSu6CiNe	15	270.0	9	1450.865	1451.165
1457.208	0.8999999999998636	trials	103	s103_J210614	grCe_grSu12SmCiNe	13	315.0	9	1457.508	1457.807
1457.816	0.8999999999998636	trials	103	s103_J210614	grCe_grSu1Ne	3	225.0	9	1458.116	1458.416
1458.424	0.8999999999998636	trials	103	s103_J210614	grCe_grSu3Ne	5	315.0	9	1458.724	1459.024
1463.9170000000001	0.8999999999998636	trials	103	s103_J210614	grCe_grSu1Ne	3	180.0	9	1464.217	1464.516
1464.525	0.8999999999998636	trials	103	s103_J210614	coCe_grSu6Ne	17	0.0	9	1464.825	1465.125
1465.134	0.8999999999998636	trials	103	s103_J210614	grCe_grSu12SmCiNe_PS	21	90.0	9	1465.434	1465.733
1470.193	0.8999999999998636	trials	103	s103_J210614	coCe	16	270.0	9	1470.493	1470.792
1470.7930000000001	0.8999999999998636	trials	103	s103_J210614	grCe	1	180.0	9	1471.093	1471.392
1471.401	0.8999999999998636	trials	103	s103_J210614	grCe_grSu6CiNe_PS	19	225.0	9	1471.701	1472.001
1476.777	0.8999999999998636	trials	103	s103_J210614	grCe_grSu12SmCiNe_PS	21	135.0	9	1477.077	1477.376
1477.385	0.8999999999998636	trials	103	s103_J210614	grCe_grSu6CiNe	15	225.0	9	1477.685	1477.985
1477.9940000000001	0.8999999999998636	trials	103	s103_J210614	grCe_grSu6CiNe	15	0.0	9	1478.294	1478.593
1484.036	0.8999999999998636	trials	103	s103_J210614	grSu12SmCiNe	12		9	1484.336	1484.636
1484.644	0.8999999999998636	trials	103	s103_J210614	coCe_grSu6Ne	17	225.0	9	1484.944	1485.244
1490.462	0.8999999999998636	trials	103	s103_J210614	grCe_grSu18Fa	11	315.0	9	1490.762	1491.061
1491.07	0.8999999999998636	trials	103	s103_J210614	grCe_grSu3Ne	5	45.0	9	1491.37	1491.67
1496.221	0.8999999999998636	trials	103	s103_J210614	grSu12Mi	8		9	1496.521	1496.82
1496.829	0.8999999999998636	trials	103	s103_J210614	grCe_grSu6Ne	7	90.0	9	1497.129	1497.429
1503.472	0.8999999999998636	trials	103	s103_J210614	grCe_grSu12SmCiNe_PS	21	225.0	9	1503.772	1504.071
1504.0800000000002	0.8999999999998636	trials	103	s103_J210614	grCe_grSu1Ne	3	135.0	9	1504.38	1504.68
1509.2640000000001	0.8999999999998636	trials	103	s103_J210614	grCe_grSu6Ne_PS	18	315.0	9	1509.564	1509.864
1509.8890000000001	0.8999999999998636	trials	103	s103_J210614	grCe_grSu18Fa	11	90.0	9	1510.189	1510.489
1516.0320000000002	0.8999999999998636	trials	103	s103_J210614	grCe	1	270.0	9	1516.332	1516.631
1516.64	0.8999999999998636	trials	103	s103_J210614	grCe_grSu6Ne_PS	18	225.0	9	1516.94	1517.24
1524.9	0.8999999999998636	trials	103	s103_J210614	grCe_grSu1Ne	3	270.0	9	1525.2	1525.499
1528.633	0.8999999999998636	trials	103	s103_J210614	grCe_grSu18Fa	11	180.0	9	1528.933	1529.233
1529.267	0.8999999999998636	trials	103	s103_J210614	grCe	1	315.0	9	1529.567	1529.866
1529.875	0.8999999999998636	trials	103	s103_J210614	grCe_grSu12SmCiNe_PS	21	315.0	0	1530.175	1530.475
1537.893	0.8999999999998636	trials	103	s103_J210614	grCe_grSu6CiNe_PS	19	135.0	0	1538.193	1538.493
1538.501	0.8999999999998636	trials	103	s103_J210614	coCe_grSu6Ne	17	45.0	0	1538.801	1539.101
1539.118	0.8999999999998636	trials	103	s103_J210614	grCe_grSu18Fa	11	90.0	0	1539.418	1539.718
1544.644	0.8999999999998636	trials	103	s103_J210614	grCe_grSu12SmCiNe	13	90.0	0	1544.944	1545.243
1545.2440000000001	0.8999999999998636	trials	103	s103_J210614	grCe	1	270.0	0	1545.544	1545.844
1545.852	0.8999999999998636	trials	103	s103_J210614	grCe_grSu6CiNe	15	315.0	0	1546.152	1546.452
1551.261	0.8999999999998636	trials	103	s103_J210614	grCe_grSu18Fa	11	180.0	0	1551.561	1551.861
1551.8700000000001	0.8999999999998636	trials	103	s103_J210614	grCe_grSu6CiNe	15	270.0	0	1552.17	1552.469
1552.4950000000001	0.8999999999998636	trials	103	s103_J210614	grCe_grSu18Fa	11	45.0	0	1552.795	1553.094
1557.654	0.8999999999998636	trials	103	s103_J210614	grCe_grSu6CiNe_PS	19	90.0	0	1557.954	1558.253
1558.262	0.8999999999998636	trials	103	s103_J210614	grCe_grSu6CiNe_PS	19	180.0	0	1558.562	1558.862
1564.6380000000001	0.8999999999998636	trials	103	s103_J210614	grCe_grSu6Ne_PS	18	225.0	0	1564.938	1565.238
1570.397	0.8999999999998636	trials	103	s103_J210614	grCe_grSu12SmCiNe_PS	21	135.0	0	1570.697	1570.997
1571.006	0.8999999999998636	trials	103	s103_J210614	grCe_grSu6CiNe	15	90.0	0	1571.306	1571.605
1571.614	0.8999999999998636	trials	103	s103_J210614	grCe_grSu6CiNe	15	0.0	0	1571.914	1572.214
1583.791	0.8999999999998636	trials	103	s103_J210614	grCe_grSu3Ne	5	0.0	0	1584.091	1584.39
1584.3990000000001	0.8999999999998636	trials	103	s103_J210614	grCe_grSu6Ne_PS	18	90.0	0	1584.699	1584.999
1589.433	0.8999999999998636	trials	103	s103_J210614	grSu1Ne	2		0	1589.733	1590.033
1590.041	0.8999999999998636	trials	103	s103_J210614	grCe_grSu6Ne_PS	18	315.0	0	1590.341	1590.641
1590.692	0.8999999999998636	trials	103	s103_J210614	grCe_grSu12Mi	9	135.0	0	1590.992	1591.291
1599.026	0.8999999999998636	trials	103	s103_J210614	grCe_grSu12SmCiNe	13	135.0	0	1599.326	1599.625
1599.626	0.8999999999998636	trials	103	s103_J210614	coCe	16	90.0	0	1599.926	1600.226
1600.2340000000002	0.8999999999998636	trials	103	s103_J210614	grCe_grSu1Ne	3	270.0	0	1600.534	1600.834
1608.5520000000001	0.8999999999998636	trials	103	s103_J210614	grCe_grSu12Mi	9	270.0	0	1608.852	1609.152
1609.777	0.8999999999998636	trials	103	s103_J210614	grCe_grSu12Mi	9	315.0	0	1610.077	1610.377
1615.053	0.8999999999998636	trials	103	s103_J210614	grSu3Ne	4		0	1615.353	1615.653
1615.661	0.8999999999998636	trials	103	s103_J210614	coCe_grSu6Ne	17	90.0	0	1615.961	1616.261
1616.27	0.8999999999998636	trials	103	s103_J210614	grCe_grSu1Ne	3	45.0	0	1616.57	1616.869
1621.604	0.8999999999998636	trials	103	s103_J210614	grCe_grSu12SmCiNe	13	315.0	0	1621.904	1622.203
1626.5130000000001	0.8999999999998636	trials	103	s103_J210614	grCe_grSu12SmCiNe_PS	21	0.0	0	1626.813	1627.112
1631.522	0.8999999999998636	trials	103	s103_J210614	grCe_grSu12SmCiNe_PS	21	270.0	0	1631.822	1632.121
1632.13	0.8999999999998636	trials	103	s103_J210614	grCe_grSu6Ne_PS	18	180.0	0	1632.43	1632.73
1637.939	0.8999999999998636	trials	103	s103_J210614	grSu18Fa	10		0	1638.239	1638.539
1638.548	0.8999999999998636	trials	103	s103_J210614	grCe_grSu3Ne	5	225.0	0	1638.848	1639.147
1639.156	0.8999999999998636	trials	103	s103_J210614	grCe_grSu1Ne	3	90.0	0	1639.456	1639.756
1644.0230000000001	0.8999999999998636	trials	103	s103_J210614	grCe_grSu12SmCiNe	13	270.0	0	1644.323	1644.623
1644.632	0.8999999999998636	trials	103	s103_J210614	grCe_grSu3Ne	5	90.0	0	1644.932	1645.231
1645.24	0.8999999999998636	trials	103	s103_J210614	grCe_grSu3Ne	5	315.0	0	1645.54	1645.84
1654.3410000000001	0.8999999999998636	trials	103	s103_J210614	NoStim	0		0	1654.641	1654.941
1655.55	0.8999999999998636	trials	103	s103_J210614	grCe	1	225.0	0	1655.85	1656.149
1660.659	0.8999999999998636	trials	103	s103_J210614	coCe	16	45.0	0	1660.959	1661.258
1661.267	0.8999999999998636	trials	103	s103_J210614	grCe_grSu6Ne	7	315.0	0	1661.567	1661.867
1661.876	0.8999999999998636	trials	103	s103_J210614	coCe_grSu6Ne	17	270.0	0	1662.176	1662.475
1667.193	0.8999999999998636	trials	103	s103_J210614	grCe_grSu6Ne	7	225.0	0	1667.493	1667.793
1672.252	0.8999999999998636	trials	103	s103_J210614	grCe_grSu12SmCiNe_PS	21	45.0	0	1672.552	1672.852
1677.419	0.8999999999998636	trials	103	s103_J210614	grCe_grSu18Fa	11	270.0	0	1677.719	1678.019
1678.028	0.8999999999998636	trials	103	s103_J210614	grCe_grSu6CiNe_PS	19	315.0	0	1678.328	1678.627
1678.636	0.8999999999998636	trials	103	s103_J210614	grCe_grSu6Ne_PS	18	270.0	0	1678.936	1679.236
1683.637	0.8999999999998636	trials	103	s103_J210614	grCe_grSu6Ne	7	0.0	0	1683.937	1684.236
1684.2450000000001	0.8999999999998636	trials	103	s103_J210614	grCe_grSu12SmCiNe_PS	21	225.0	0	1684.545	1684.845
1684.854	0.8999999999998636	trials	103	s103_J210614	grCe_grSu1Ne	3	135.0	0	1685.154	1685.453
1689.796	0.8999999999998636	trials	103	s103_J210614	grCe_grSu6CiNe	15	180.0	0	1690.096	1690.396
1690.413	0.8999999999998636	trials	103	s103_J210614	grCe_grSu18Fa	11	0.0	0	1690.713	1691.012
1691.021	0.8999999999998636	trials	103	s103_J210614	grCe_grSu6Ne	7	270.0	0	1691.321	1691.621
1696.672	0.8999999999998636	trials	103	s103_J210614	coCe_grSu6Ne	17	0.0	0	1696.972	1697.271
1697.272	0.8999999999998636	trials	103	s103_J210614	coCe	16	180.0	0	1697.572	1697.872
1702.498	0.8999999999998636	trials	103	s103_J210614	grSu12Mi	8		0	1702.798	1703.097
1703.098	0.8999999999998636	trials	103	s103_J210614	grSu6Ne	6		0	1703.398	1703.697
1703.7060000000001	0.8999999999998636	trials	103	s103_J210614	grCe_grSu12SmCiNe	13	180.0	0	1704.006	1704.306
1712.541	0.8999999999998636	trials	103	s103_J210614	grCe	1	45.0	0	1712.841	1713.14
1713.1490000000001	0.8999999999998636	trials	103	s103_J210614	grCe_grSu6CiNe	15	225.0	0	1713.449	1713.749
1717.116	0.8999999999998636	trials	103	s103_J210614	grCe_grSu12SmCiNe_PS	21	180.0	0	1717.416	1717.716
1717.7250000000001	0.8999999999998636	trials	103	s103_J210614	grCe_grSu6CiNe	15	135.0	0	1718.025	1718.324
1718.333	0.8999999999998636	trials	103	s103_J210614	grCe_grSu6CiNe_PS	19	45.0	0	1718.633	1718.933
1723.084	0.8999999999998636	trials	103	s103_J210614	grCe_grSu12SmCiNe_PS	21	90.0	0	1723.384	1723.683
1723.692	0.8999999999998636	trials	103	s103_J210614	coCe_grSu6Ne	17	135.0	0	1723.992	1724.292
1724.3010000000002	0.8999999999998636	trials	103	s103_J210614	coCe_grSu6Ne	17	180.0	0	1724.601	1724.9
1729.901	0.8999999999998636	trials	103	s103_J210614	grCe_grSu6CiNe_PS	19	0.0	0	1730.201	1730.501
1740.7440000000001	0.8999999999998636	trials	103	s103_J210614	coCe_grSu6Ne	17	225.0	0	1741.044	1741.344
1741.353	0.8999999999998636	trials	103	s103_J210614	grCe_grSu6CiNe_PS	19	225.0	0	1741.653	1741.952
1746.853	0.8999999999998636	trials	103	s103_J210614	grCe_grSu12SmCiNe	13	225.0	0	1747.153	1747.453
1748.079	0.8999999999998636	trials	103	s103_J210614	grCe_grSu12Mi	9	0.0	0	1748.379	1748.678
1753.371	0.8999999999998636	trials	103	s103_J210614	grCe_grSu6Ne_PS	18	0.0	0	1753.671	1753.971
1754.046	0.8999999999998636	trials	103	s103_J210614	grCe	1	0.0	0	1754.346	1754.646
1754.654	0.8999999999998636	trials	103	s103_J210614	grCe_grSu6CiNe	15	45.0	0	1754.954	1755.254
1759.588	0.8999999999998636	trials	103	s103_J210614	grCe_grSu12Mi	9	90.0	0	1759.888	1760.188
1760.1970000000001	0.8999999999998636	trials	103	s103_J210614	grCe_grSu1Ne	3	180.0	0	1760.497	1760.796
1760.805	0.8999999999998636	trials	103	s103_J210614	grCe_grSu6Ne	7	180.0	0	1761.105	1761.405
1766.381	0.8999999999998636	trials	103	s103_J210614	grSu12SmCiNe	12		0	1766.681	1766.981
1766.989	0.8999999999998636	trials	103	s103_J210614	grCe_grSu6Ne	7	90.0	0	1767.289	1767.589
1772.107	0.8999999999998636	trials	103	s103_J210614	grCe_grSu3Ne	5	270.0	0	1772.407	1772.706
1772.723	0.8999999999998636	trials	103	s103_J210614	grCe_grSu18Fa	11	135.0	0	1773.023	1773.323
1778.4660000000001	0.8999999999998636	trials	103	s103_J210614	grCe	1	315.0	0	1778.766	1779.065
1779.074	0.8999999999998636	trials	103	s103_J210614	grCe_grSu6Ne_PS	18	45.0	0	1779.374	1779.674
1779.683	0.8999999999998636	trials	103	s103_J210614	coSu6Ne	20		0	1779.983	1780.282
1784.7	0.8999999999998636	trials	103	s103_J210614	grCe_grSu1Ne	3	225.0	0	1785.0	1785.3
1785.3	0.8999999999998636	trials	103	s103_J210614	coCe	16	135.0	0	1785.6	1785.9
1785.909	0.8999999999998636	trials	103	s103_J210614	grCe_grSu6CiNe_PS	19	270.0	0	1786.209	1786.508
1790.867	0.8999999999998636	trials	103	s103_J210614	coCe	16	225.0	0	1791.167	1791.467
1791.476	0.8999999999998636	trials	103	s103_J210614	grSu6CiNe	14		0	1791.776	1792.075
1792.084	0.8999999999998636	trials	103	s103_J210614	grCe_grSu3Ne	5	180.0	0	1792.384	1792.684
1798.2350000000001	0.8999999999998636	trials	103	s103_J210614	grCe_grSu1Ne	3	0.0	0	1798.535	1798.835
1803.836	0.8999999999998636	trials	103	s103_J210614	coCe	16	0.0	0	1804.136	1804.435
1804.453	0.8999999999998636	trials	103	s103_J210614	grCe_grSu12Mi	9	180.0	0	1804.753	1805.052
1822.622	0.8999999999998636	trials	103	s103_J210614	grCe_grSu3Ne	5	45.0	0	1822.922	1823.221
1823.238	0.8999999999998636	trials	103	s103_J210614	grCe_grSu12Mi	9	225.0	0	1823.538	1823.838
1823.847	0.8999999999998636	trials	103	s103_J210614	grCe_grSu6Ne	7	45.0	0	1824.147	1824.446
1828.897	0.8999999999998636	trials	103	s103_J210614	grCe_grSu18Fa	11	315.0	0	1829.197	1829.497
1829.506	0.8999999999998636	trials	103	s103_J210614	grCe_grSu12SmCiNe	13	0.0	0	1829.806	1830.105
1838.232	0.8999999999998636	trials	103	s103_J210614	grCe_grSu6Ne	7	135.0	0	1838.532	1838.832
1838.8400000000001	0.8999999999998636	trials	103	s103_J210614	grCe_grSu12SmCiNe	13	45.0	0	1839.14	1839.44
1839.44	0.8999999999998636	trials	103	s103_J210614	coCe	16	270.0	0	1839.74	1840.04
1844.208	0.8999999999998636	trials	103	s103_J210614	grCe	1	135.0	0	1844.508	1844.807
1844.808	0.8999999999998636	trials	103	s103_J210614	grCe	1	90.0	0	1845.108	1845.407
1845.433	0.8999999999998636	trials	103	s103_J210614	grCe_grSu18Fa	11	225.0	0	1845.733	1846.032
1850.3500000000001	0.8999999999998636	trials	103	s103_J210614	grCe_grSu3Ne	5	135.0	0	1850.65	1850.95
1850.95	0.8999999999998636	trials	103	s103_J210614	grCe	1	180.0	0	1851.25	1851.55
1851.567	0.8999999999998636	trials	103	s103_J210614	grCe_grSu12Mi	9	45.0	0	1851.867	1852.167
1859.6100000000001	0.8999999999998636	trials	103	s103_J210614	grCe_grSu1Ne	3	315.0	0	1859.91	1860.209
1860.218	0.8999999999998636	trials	103	s103_J210614	coCe_grSu6Ne	17	315.0	0	1860.518	1860.818
1860.818	0.8999999999998636	trials	103	s103_J210614	coCe	16	315.0	0	1861.118	1861.418
1866.594	0.8999999999998636	trials	103	s103_J210614	grCe_grSu6Ne_PS	18	135.0	0	1866.894	1867.194
1867.211	0.8999999999998636	trials	103	s103_J210614	grCe_grSu12Mi	9	270.0	5	1867.511	1867.81
1875.92	0.8999999999998636	trials	103	s103_J210614	grCe_grSu6Ne_PS	18	0.0	5	1876.22	1876.52
1876.529	0.8999999999998636	trials	103	s103_J210614	grCe_grSu12SmCiNe	13	180.0	5	1876.829	1877.128
1877.137	0.8999999999998636	trials	103	s103_J210614	grCe_grSu1Ne	3	0.0	5	1877.437	1877.737
1882.171	0.8999999999998636	trials	103	s103_J210614	grSu18Fa	10		5	1882.471	1882.771
1882.779	0.8999999999998636	trials	103	s103_J210614	grCe_grSu6Ne	7	135.0	5	1883.079	1883.379
1883.3880000000001	0.8999999999998636	trials	103	s103_J210614	grCe_grSu6CiNe_PS	19	0.0	5	1883.688	1883.987
1888.488	0.8999999999998636	trials	103	s103_J210614	grCe_grSu12Mi	9	180.0	5	1888.788	1889.088
1895.289	0.8999999999998636	trials	103	s103_J210614	grCe_grSu6Ne_PS	18	180.0	5	1895.589	1895.889
1895.8980000000001	0.8999999999998636	trials	103	s103_J210614	grCe_grSu3Ne	5	270.0	5	1896.198	1896.497
1896.506	0.8999999999998636	trials	103	s103_J210614	grCe_grSu12SmCiNe_PS	21	135.0	5	1896.806	1897.106
1901.432	0.8999999999998636	trials	103	s103_J210614	grCe_grSu6Ne	7	45.0	5	1901.732	1902.031
1902.04	0.8999999999998636	trials	103	s103_J210614	grCe_grSu6CiNe	15	135.0	5	1902.34	1902.64
1902.6490000000001	0.8999999999998636	trials	103	s103_J210614	grSu12SmCiNe	12		5	1902.949	1903.248
1907.799	0.8999999999998636	trials	103	s103_J210614	grSu12Mi	8		5	1908.099	1908.399
1908.4080000000001	0.8999999999998636	trials	103	s103_J210614	grCe_grSu3Ne	5	45.0	5	1908.708	1909.007
1909.016	0.8999999999998636	trials	103	s103_J210614	grCe_grSu6CiNe	15	225.0	5	1909.316	1909.616
1914.017	0.8999999999998636	trials	103	s103_J210614	coCe_grSu6Ne	17	135.0	5	1914.317	1914.616
1914.617	0.8999999999998636	trials	103	s103_J210614	grCe	1	45.0	5	1914.917	1915.216
1915.2250000000001	0.8999999999998636	trials	103	s103_J210614	grCe_grSu1Ne	3	270.0	5	1915.525	1915.825
1921.4260000000002	0.8999999999998636	trials	103	s103_J210614	grCe_grSu1Ne	3	135.0	5	1921.726	1922.026
1926.385	0.8999999999998636	trials	103	s103_J210614	coCe	16	0.0	5	1926.685	1926.985
1926.993	0.8999999999998636	trials	103	s103_J210614	grCe_grSu12SmCiNe	13	45.0	5	1927.293	1927.593
1927.6100000000001	0.8999999999998636	trials	103	s103_J210614	grCe_grSu18Fa	11	135.0	5	1927.91	1928.21
1939.17	0.8999999999998636	trials	103	s103_J210614	grCe_grSu6Ne	7	90.0	5	1939.47	1939.77
1939.778	0.8999999999998636	trials	103	s103_J210614	grCe_grSu6CiNe	15	180.0	5	1940.078	1940.378
1940.387	0.8999999999998636	trials	103	s103_J210614	grCe_grSu6CiNe_PS	19	90.0	5	1940.687	1940.986
1945.421	0.8999999999998636	trials	103	s103_J210614	grCe_grSu6Ne	7	225.0	5	1945.721	1946.02
1946.6380000000001	0.8999999999998636	trials	103	s103_J210614	grSu3Ne	4		5	1946.938	1947.237
1951.713	0.8999999999998636	trials	103	s103_J210614	coCe_grSu6Ne	17	0.0	5	1952.013	1952.313
1952.3220000000001	0.8999999999998636	trials	103	s103_J210614	grCe_grSu12SmCiNe	13	225.0	5	1952.622	1952.921
1952.93	0.8999999999998636	trials	103	s103_J210614	grCe_grSu6CiNe_PS	19	315.0	5	1953.23	1953.53
1957.931	0.8999999999998636	trials	103	s103_J210614	grCe_grSu3Ne	5	315.0	5	1958.231	1958.53
1958.539	0.8999999999998636	trials	103	s103_J210614	grCe_grSu6CiNe_PS	19	270.0	5	1958.839	1959.139
1964.323	0.8999999999998636	trials	103	s103_J210614	grCe_grSu18Fa	11	45.0	5	1964.623	1964.923
1964.932	0.8999999999998636	trials	103	s103_J210614	coCe_grSu6Ne	17	90.0	5	1965.232	1965.531
1973.508	0.8999999999998636	trials	103	s103_J210614	coCe_grSu6Ne	17	45.0	5	1973.808	1974.107
1974.125	0.8999999999998636	trials	103	s103_J210614	grCe_grSu18Fa	11	270.0	5	1974.425	1974.724
1974.733	0.8999999999998636	trials	103	s103_J210614	grCe_grSu12SmCiNe	13	270.0	5	1975.033	1975.333
1979.7	0.8999999999998636	trials	103	s103_J210614	grCe_grSu18Fa	11	180.0	5	1980.0	1980.3
1996.836	0.8999999999998636	trials	103	s103_J210614	grCe_grSu6Ne_PS	18	90.0	5	1997.136	1997.435
1997.444	0.8999999999998636	trials	103	s103_J210614	grCe_grSu6Ne	7	315.0	5	1997.744	1998.044
1998.0610000000001	0.8999999999998636	trials	103	s103_J210614	grCe_grSu12Mi	9	315.0	5	1998.361	1998.661
2002.9950000000001	0.8999999999998636	trials	103	s103_J210614	grCe_grSu12SmCiNe	13	315.0	5	2003.295	2003.595
2003.603	0.8999999999998636	trials	103	s103_J210614	grCe_grSu12SmCiNe_PS	21	270.0	5	2003.903	2004.203
2012.796	0.8999999999998636	trials	103	s103_J210614	grCe_grSu6CiNe	15	45.0	5	2013.096	2013.396
2013.413	0.8999999999998636	trials	103	s103_J210614	grCe_grSu12Mi	9	225.0	5	2013.713	2014.013
2014.021	0.8999999999998636	trials	103	s103_J210614	grCe_grSu6CiNe_PS	19	135.0	5	2014.321	2014.621
2019.1970000000001	0.8999999999998636	trials	103	s103_J210614	grSu6Ne	6		5	2019.497	2019.797
2022.873	0.8999999999998636	trials	103	s103_J210614	grCe_grSu12SmCiNe	13	90.0	5	2023.173	2023.472
2023.481	0.8999999999998636	trials	103	s103_J210614	grSu1Ne	2		5	2023.781	2024.081
2024.0810000000001	0.8999999999998636	trials	103	s103_J210614	NoStim	0		5	2024.381	2024.681
2029.04	0.8999999999998636	trials	103	s103_J210614	grCe_grSu6Ne_PS	18	135.0	5	2029.34	2029.64
2030.257	0.8999999999998636	trials	103	s103_J210614	grCe_grSu6CiNe_PS	19	45.0	5	2030.557	2030.856
2035.416	0.8999999999998636	trials	103	s103_J210614	grCe_grSu12Mi	9	0.0	5	2035.716	2036.015
2036.0240000000001	0.8999999999998636	trials	103	s103_J210614	grCe_grSu6CiNe	15	315.0	5	2036.324	2036.624
2036.6580000000001	0.8999999999998636	trials	103	s103_J210614	grCe_grSu6Ne_PS	18	270.0	5	2036.958	2037.257
2041.617	0.8999999999998636	trials	103	s103_J210614	grCe_grSu6Ne_PS	18	45.0	5	2041.917	2042.216
2042.2250000000001	0.8999999999998636	trials	103	s103_J210614	grCe_grSu1Ne	3	315.0	5	2042.525	2042.825
2047.8590000000002	0.8999999999998636	trials	103	s103_J210614	grCe_grSu6CiNe	15	270.0	5	2048.159	2048.459
2051.91	0.900000000000091	trials	103	s103_J210614	grCe_grSu12Mi	9	45.0	5	2052.21	2052.509
2056.0519999999997	0.900000000000091	trials	103	s103_J210614	grCe_grSu1Ne	3	180.0	5	2056.352	2056.651
2059.5359999999996	0.900000000000091	trials	103	s103_J210614	coCe	16	270.0	5	2059.836	2060.135
2060.144	0.900000000000091	trials	103	s103_J210614	grCe_grSu1Ne	3	45.0	5	2060.444	2060.744
2060.7529999999997	0.900000000000091	trials	103	s103_J210614	grSu6CiNe	14		5	2061.053	2061.352
2069.029	0.900000000000091	trials	103	s103_J210614	grCe_grSu6Ne_PS	18	315.0	5	2069.329	2069.628
2069.645	0.900000000000091	trials	103	s103_J210614	grCe_grSu12Mi	9	135.0	5	2069.945	2070.245
2075.488	0.900000000000091	trials	103	s103_J210614	grCe	1	0.0	5	2075.788	2076.087
2076.705	0.900000000000091	trials	103	s103_J210614	coCe_grSu6Ne	17	180.0	5	2077.005	2077.304
2081.7549999999997	0.900000000000091	trials	103	s103_J210614	coCe	16	180.0	5	2082.055	2082.355
2082.364	0.900000000000091	trials	103	s103_J210614	grCe_grSu12SmCiNe_PS	21	315.0	5	2082.664	2082.963
2082.9719999999998	0.900000000000091	trials	103	s103_J210614	grCe_grSu6Ne	7	270.0	5	2083.272	2083.572
2087.8729999999996	0.900000000000091	trials	103	s103_J210614	grCe_grSu3Ne	5	90.0	5	2088.173	2088.472
2088.4809999999998	0.900000000000091	trials	103	s103_J210614	grCe_grSu6Ne_PS	18	225.0	5	2088.781	2089.081
2106.5499999999997	0.900000000000091	trials	103	s103_J210614	grCe_grSu3Ne	5	180.0	5	2106.85	2107.15
2107.1499999999996	0.900000000000091	trials	103	s103_J210614	grCe	1	315.0	5	2107.45	2107.75
2107.759	0.900000000000091	trials	103	s103_J210614	grCe_grSu1Ne	3	225.0	5	2108.059	2108.358
2112.9179999999997	0.900000000000091	trials	103	s103_J210614	grCe_grSu6Ne	7	180.0	5	2113.218	2113.517
2117.076	0.900000000000091	trials	103	s103_J210614	grCe_grSu6CiNe_PS	19	225.0	5	2117.376	2117.676
2117.685	0.900000000000091	trials	103	s103_J210614	grCe_grSu12SmCiNe_PS	21	0.0	5	2117.985	2118.284
2118.2929999999997	0.900000000000091	trials	103	s103_J210614	coCe_grSu6Ne	17	270.0	5	2118.593	2118.893
2123.5609999999997	0.900000000000091	trials	103	s103_J210614	grCe_grSu3Ne	5	0.0	5	2123.861	2124.16
2124.169	0.900000000000091	trials	103	s103_J210614	grCe_grSu12SmCiNe	13	135.0	5	2124.469	2124.769
2124.777	0.900000000000091	trials	103	s103_J210614	grCe_grSu12SmCiNe_PS	21	45.0	5	2125.077	2125.377
2130.1119999999996	0.900000000000091	trials	103	s103_J210614	grCe_grSu12SmCiNe_PS	21	90.0	5	2130.412	2130.711
2130.72	0.900000000000091	trials	103	s103_J210614	grCe_grSu6CiNe_PS	19	180.0	5	2131.02	2131.319
2131.337	0.900000000000091	trials	103	s103_J210614	grCe_grSu12Mi	9	90.0	5	2131.637	2131.936
2144.18	0.900000000000091	trials	103	s103_J210614	coSu6Ne	20		5	2144.48	2144.78
2149.056	0.900000000000091	trials	103	s103_J210614	grCe	1	135.0	5	2149.356	2149.655
2149.6639999999998	0.900000000000091	trials	103	s103_J210614	coCe_grSu6Ne	17	315.0	5	2149.964	2150.264
2150.2639999999997	0.900000000000091	trials	103	s103_J210614	grCe	1	225.0	5	2150.564	2150.864
2155.4649999999997	0.900000000000091	trials	103	s103_J210614	coCe	16	315.0	5	2155.765	2156.064
2159.182	0.900000000000091	trials	103	s103_J210614	coCe	16	90.0	5	2159.482	2159.781
2160.39	0.900000000000091	trials	103	s103_J210614	grCe	1	180.0	5	2160.69	2160.99
2165.749	0.900000000000091	trials	103	s103_J210614	coCe	16	135.0	5	2166.049	2166.349
2169.75	0.900000000000091	trials	103	s103_J210614	grCe_grSu6Ne	7	0.0	5	2170.05	2170.35
2170.3579999999997	0.900000000000091	trials	103	s103_J210614	coCe_grSu6Ne	17	225.0	5	2170.658	2170.958
2175.109	0.900000000000091	trials	103	s103_J210614	grCe_grSu18Fa	11	90.0	5	2175.409	2175.709
2176.317	0.900000000000091	trials	103	s103_J210614	grCe	1	90.0	5	2176.617	2176.917
2186.0769999999998	0.900000000000091	trials	103	s103_J210614	coCe	16	45.0	5	2186.377	2186.677
2186.6859999999997	0.900000000000091	trials	103	s103_J210614	grCe_grSu6CiNe	15	90.0	5	2186.986	2187.285
2187.3019999999997	0.900000000000091	trials	103	s103_J210614	grCe_grSu18Fa	11	315.0	5	2187.602	2187.902
2192.245	0.900000000000091	trials	103	s103_J210614	grCe_grSu3Ne	5	225.0	5	2192.545	2192.844
2192.8529999999996	0.900000000000091	trials	103	s103_J210614	grCe_grSu12SmCiNe	13	0.0	5	2193.153	2193.453
2193.461	0.900000000000091	trials	103	s103_J210614	grCe_grSu12SmCiNe_PS	21	180.0	5	2193.761	2194.061
2198.587	0.900000000000091	trials	103	s103_J210614	grCe_grSu6CiNe	15	0.0	5	2198.887	2199.187
2199.1949999999997	0.900000000000091	trials	103	s103_J210614	grCe_grSu3Ne	5	135.0	5	2199.495	2199.795
2199.812	0.900000000000091	trials	103	s103_J210614	grCe_grSu18Fa	11	0.0	5	2200.112	2200.412
2205.321	0.900000000000091	trials	103	s103_J210614	grCe_grSu12SmCiNe_PS	21	225.0	5	2205.621	2205.921
2205.93	0.900000000000091	trials	103	s103_J210614	grCe_grSu1Ne	3	90.0	5	2206.23	2206.529
2206.555	0.900000000000091	trials	103	s103_J210614	grCe_grSu18Fa	11	225.0	5	2206.855	2207.154
2211.5299999999997	0.900000000000091	trials	103	s103_J210614	coCe	16	225.0	5	2211.83	2212.13
2212.1299999999997	0.900000000000091	trials	103	s103_J210614	grCe	1	270.0	5	2212.43	2212.73
2212.7309999999998	0.900000000000091	trials	103	s103_J210614	grCe	1	270.0	1	2213.031	2213.33
2221.357	0.900000000000091	trials	103	s103_J210614	grCe_grSu6Ne	7	45.0	1	2221.657	2221.956
2221.982	0.900000000000091	trials	103	s103_J210614	grCe_grSu18Fa	11	135.0	1	2222.282	2222.581
2222.5899999999997	0.900000000000091	trials	103	s103_J210614	grCe_grSu12SmCiNe	13	90.0	1	2222.89	2223.19
2228.6409999999996	0.900000000000091	trials	103	s103_J210614	grCe_grSu6Ne_PS	18	90.0	1	2228.941	2229.24
2229.241	0.900000000000091	trials	103	s103_J210614	grCe	1	315.0	1	2229.541	2229.841
2229.8489999999997	0.900000000000091	trials	103	s103_J210614	grCe_grSu1Ne	3	225.0	1	2230.149	2230.449
2242.834	0.900000000000091	trials	103	s103_J210614	grCe_grSu12Mi	9	315.0	1	2243.134	2243.434
2244.051	0.900000000000091	trials	103	s103_J210614	coCe_grSu6Ne	17	180.0	1	2244.351	2244.651
2249.2599999999998	0.900000000000091	trials	103	s103_J210614	grCe_grSu6CiNe_PS	19	180.0	1	2249.56	2249.86
2249.8689999999997	0.900000000000091	trials	103	s103_J210614	grCe_grSu12SmCiNe	13	315.0	1	2250.169	2250.468
2250.477	0.900000000000091	trials	103	s103_J210614	grCe_grSu6Ne	7	0.0	1	2250.777	2251.077
2255.544	0.900000000000091	trials	103	s103_J210614	grCe_grSu1Ne	3	315.0	1	2255.844	2256.144
2256.153	0.900000000000091	trials	103	s103_J210614	grCe_grSu6Ne	7	180.0	1	2256.453	2256.752
2256.761	0.900000000000091	trials	103	s103_J210614	grSu12SmCiNe	12		1	2257.061	2257.361
2261.87	0.900000000000091	trials	103	s103_J210614	coCe_grSu6Ne	17	90.0	1	2262.17	2262.47
2262.479	0.900000000000091	trials	103	s103_J210614	grCe_grSu6Ne_PS	18	270.0	1	2262.779	2263.078
2268.071	0.900000000000091	trials	103	s103_J210614	grCe_grSu12Mi	9	0.0	1	2268.371	2268.671
2268.6789999999996	0.900000000000091	trials	103	s103_J210614	grCe_grSu12SmCiNe	13	135.0	1	2268.979	2269.279
2269.288	0.900000000000091	trials	103	s103_J210614	grCe_grSu6CiNe_PS	19	270.0	1	2269.588	2269.887
2274.33	0.900000000000091	trials	103	s103_J210614	grCe_grSu6CiNe	15	315.0	1	2274.63	2274.93
2274.9469999999997	0.900000000000091	trials	103	s103_J210614	grCe_grSu12Mi	9	225.0	1	2275.247	2275.546
2275.589	0.900000000000091	trials	103	s103_J210614	grCe_grSu1Ne	3	180.0	1	2275.889	2276.188
2287.4649999999997	0.900000000000091	trials	103	s103_J210614	grCe_grSu18Fa	11	0.0	1	2287.765	2288.065
2288.6989999999996	0.900000000000091	trials	103	s103_J210614	grCe_grSu18Fa	11	90.0	1	2288.999	2289.298
2293.683	0.900000000000091	trials	103	s103_J210614	coCe_grSu6Ne	17	225.0	1	2293.983	2294.282
2294.2909999999997	0.900000000000091	trials	103	s103_J210614	grCe_grSu1Ne	3	90.0	1	2294.591	2294.891
2300.35	0.900000000000091	trials	103	s103_J210614	grCe_grSu6CiNe_PS	19	90.0	1	2300.65	2300.95
2303.884	0.900000000000091	trials	103	s103_J210614	grCe_grSu6CiNe_PS	19	225.0	1	2304.184	2304.484
2308.31	0.900000000000091	trials	103	s103_J210614	grCe_grSu18Fa	11	270.0	1	2308.61	2308.909
2308.91	0.900000000000091	trials	103	s103_J210614	grCe	1	225.0	1	2309.21	2309.509
2314.3849999999998	0.900000000000091	trials	103	s103_J210614	grSu6Ne	6		1	2314.685	2314.985
2314.9849999999997	0.900000000000091	trials	103	s103_J210614	grCe	1	0.0	1	2315.285	2315.585
2315.5939999999996	0.900000000000091	trials	103	s103_J210614	grCe_grSu6CiNe_PS	19	135.0	1	2315.894	2316.193
2320.736	0.900000000000091	trials	103	s103_J210614	grCe_grSu3Ne	5	270.0	1	2321.036	2321.336
2321.336	0.900000000000091	trials	103	s103_J210614	grCe	1	180.0	1	2321.636	2321.936
2321.9449999999997	0.900000000000091	trials	103	s103_J210614	grSu1Ne	2		1	2322.245	2322.544
2327.029	0.900000000000091	trials	103	s103_J210614	grSu12Mi	8		1	2327.329	2327.628
2327.645	0.900000000000091	trials	103	s103_J210614	grCe_grSu12Mi	9	90.0	1	2327.945	2328.245
2333.6459999999997	0.900000000000091	trials	103	s103_J210614	coCe	16	180.0	1	2333.946	2334.246
2334.2549999999997	0.900000000000091	trials	103	s103_J210614	grCe_grSu3Ne	5	90.0	1	2334.555	2334.854
2334.855	0.900000000000091	trials	103	s103_J210614	coCe	16	90.0	1	2335.155	2335.454
2344.306	0.900000000000091	trials	103	s103_J210614	grCe_grSu6Ne_PS	18	45.0	1	2344.606	2344.906
2350.198	0.900000000000091	trials	103	s103_J210614	grCe_grSu6CiNe	15	180.0	1	2350.498	2350.798
2350.807	0.900000000000091	trials	103	s103_J210614	coCe_grSu6Ne	17	315.0	1	2351.107	2351.406
2351.4069999999997	0.900000000000091	trials	103	s103_J210614	grCe_grSu12SmCiNe_PS	21	90.0	1	2351.707	2352.006
2356.5159999999996	0.900000000000091	trials	103	s103_J210614	grCe_grSu6CiNe	15	90.0	1	2356.816	2357.115
2357.116	0.900000000000091	trials	103	s103_J210614	grCe_grSu12SmCiNe_PS	21	315.0	1	2357.416	2357.715
2357.7239999999997	0.900000000000091	trials	103	s103_J210614	coSu6Ne	20		1	2358.024	2358.324
2362.817	0.900000000000091	trials	103	s103_J210614	grCe_grSu6CiNe	15	0.0	1	2363.117	2363.416
2367.067	0.900000000000091	trials	103	s103_J210614	grCe_grSu12SmCiNe_PS	21	180.0	1	2367.367	2367.667
2367.676	0.900000000000091	trials	103	s103_J210614	grCe_grSu6Ne	7	225.0	1	2367.976	2368.275
2368.2839999999997	0.900000000000091	trials	103	s103_J210614	grCe_grSu12SmCiNe	13	180.0	1	2368.584	2368.884
2380.102	0.900000000000091	trials	103	s103_J210614	grCe_grSu3Ne	5	0.0	1	2380.402	2380.702
2380.711	0.900000000000091	trials	103	s103_J210614	grSu6CiNe	14		1	2381.011	2381.31
2381.319	0.900000000000091	trials	103	s103_J210614	grCe_grSu6CiNe_PS	19	315.0	1	2381.619	2381.919
2386.37	0.900000000000091	trials	103	s103_J210614	grCe_grSu18Fa	11	225.0	1	2386.67	2386.969
2386.9779999999996	0.900000000000091	trials	103	s103_J210614	grCe_grSu12SmCiNe_PS	21	45.0	1	2387.278	2387.578
2387.587	0.900000000000091	trials	103	s103_J210614	grCe_grSu1Ne	3	135.0	1	2387.887	2388.186
2392.7709999999997	0.900000000000091	trials	103	s103_J210614	coCe_grSu6Ne	17	135.0	1	2393.071	2393.37
2399.8379999999997	0.900000000000091	trials	103	s103_J210614	grCe_grSu12SmCiNe	13	270.0	1	2400.138	2400.438
2409.064	0.900000000000091	trials	103	s103_J210614	grCe_grSu6CiNe	15	45.0	1	2409.364	2409.664
2409.6639999999998	0.900000000000091	trials	103	s103_J210614	grCe	1	135.0	1	2409.964	2410.264
2410.265	0.900000000000091	trials	103	s103_J210614	coCe	16	135.0	1	2410.565	2410.864
2422.433	0.900000000000091	trials	103	s103_J210614	NoStim	0		1	2422.733	2423.032
2426.8329999999996	0.900000000000091	trials	103	s103_J210614	grCe_grSu12SmCiNe	13	45.0	1	2427.133	2427.433
2434.0339999999997	0.900000000000091	trials	103	s103_J210614	grCe_grSu1Ne	3	270.0	1	2434.334	2434.634
2442.71	0.900000000000091	trials	103	s103_J210614	coCe	16	0.0	1	2443.01	2443.31
2443.319	0.900000000000091	trials	103	s103_J210614	grCe_grSu6Ne_PS	18	0.0	1	2443.619	2443.918
2443.9359999999997	0.900000000000091	trials	103	s103_J210614	grCe_grSu6Ne_PS	18	225.0	1	2444.236	2444.535
2449.0029999999997	0.900000000000091	trials	103	s103_J210614	grCe	1	45.0	1	2449.303	2449.602
2449.6029999999996	0.900000000000091	trials	103	s103_J210614	coCe	16	225.0	1	2449.903	2450.202
2459.6789999999996	0.900000000000091	trials	103	s103_J210614	grCe_grSu12SmCiNe	13	225.0	1	2459.979	2460.279
2460.288	0.900000000000091	trials	103	s103_J210614	grCe_grSu6CiNe_PS	19	45.0	1	2460.588	2460.887
2460.8959999999997	0.900000000000091	trials	103	s103_J210614	grSu3Ne	4		1	2461.196	2461.496
2467.622	0.900000000000091	trials	103	s103_J210614	grCe_grSu12Mi	9	180.0	1	2467.922	2468.221
2468.23	0.900000000000091	trials	103	s103_J210614	grCe_grSu12SmCiNe_PS	21	0.0	1	2468.53	2468.83
2468.839	0.900000000000091	trials	103	s103_J210614	grCe_grSu6Ne_PS	18	315.0	1	2469.139	2469.438
2474.3559999999998	0.900000000000091	trials	103	s103_J210614	grSu18Fa	10		1	2474.656	2474.956
2478.348	0.900000000000091	trials	103	s103_J210614	grCe_grSu1Ne	3	45.0	1	2478.648	2478.948
2478.9649999999997	0.900000000000091	trials	103	s103_J210614	grCe_grSu18Fa	11	45.0	1	2479.265	2479.565
2479.573	0.900000000000091	trials	103	s103_J210614	grCe_grSu12SmCiNe_PS	21	270.0	1	2479.873	2480.173
2491.3669999999997	0.900000000000091	trials	103	s103_J210614	coCe	16	315.0	1	2491.667	2491.966
2491.975	0.900000000000091	trials	103	s103_J210614	grCe_grSu12SmCiNe_PS	21	225.0	1	2492.275	2492.575
2492.584	0.900000000000091	trials	103	s103_J210614	grCe_grSu12SmCiNe_PS	21	135.0	1	2492.884	2493.183
2497.7839999999997	0.900000000000091	trials	103	s103_J210614	coCe	16	45.0	1	2498.084	2498.384
2498.393	0.900000000000091	trials	103	s103_J210614	grCe_grSu6Ne_PS	18	180.0	1	2498.693	2498.992
2499.0009999999997	0.900000000000091	trials	103	s103_J210614	coCe_grSu6Ne	17	270.0	1	2499.301	2499.601
2503.852	0.900000000000091	trials	103	s103_J210614	coCe_grSu6Ne	17	45.0	1	2504.152	2504.451
2504.46	0.900000000000091	trials	103	s103_J210614	grCe_grSu6Ne_PS	18	135.0	1	2504.76	2505.06
2505.06	0.900000000000091	trials	103	s103_J210614	coCe	16	270.0	1	2505.36	2505.66
2510.261	0.900000000000091	trials	103	s103_J210614	grCe	1	90.0	1	2510.561	2510.86
2510.886	0.900000000000091	trials	103	s103_J210614	grCe_grSu18Fa	11	315.0	1	2511.186	2511.485
2511.4939999999997	0.900000000000091	trials	103	s103_J210614	grCe_grSu3Ne	5	225.0	1	2511.794	2512.094
2521.879	0.900000000000091	trials	103	s103_J210614	grCe_grSu12SmCiNe	13	0.0	1	2522.179	2522.479
2522.4869999999996	0.900000000000091	trials	103	s103_J210614	grCe_grSu6Ne	7	270.0	1	2522.787	2523.087
2532.705	0.900000000000091	trials	103	s103_J210614	grCe_grSu18Fa	11	180.0	1	2533.005	2533.305
2533.3799999999997	0.900000000000091	trials	103	s103_J210614	grCe_grSu1Ne	3	0.0	1	2533.68	2533.98
2533.989	0.900000000000091	trials	103	s103_J210614	grCe_grSu3Ne	5	180.0	1	2534.289	2534.588
2539.165	0.900000000000091	trials	103	s103_J210614	grCe_grSu6Ne	7	135.0	1	2539.465	2539.764
2540.381	0.900000000000091	trials	103	s103_J210614	grCe_grSu6Ne	7	90.0	1	2540.681	2540.981
2549.8329999999996	0.900000000000091	trials	103	s103_J210614	grCe_grSu3Ne	5	315.0	1	2550.133	2550.432
2550.441	0.900000000000091	trials	103	s103_J210614	grCe_grSu6CiNe	15	135.0	1	2550.741	2551.041
2562.859	0.900000000000091	trials	103	s103_J210614	grCe_grSu6CiNe	15	225.0	1	2563.159	2563.459
2566.585	0.900000000000091	trials	103	s103_J210614	coCe_grSu6Ne	17	0.0	1	2566.885	2567.184
2570.377	0.900000000000091	trials	103	s103_J210614	grCe_grSu3Ne	5	45.0	1	2570.677	2570.976
2570.9939999999997	0.900000000000091	trials	103	s103_J210614	grCe_grSu12Mi	9	135.0	1	2571.294	2571.593
2571.602	0.900000000000091	trials	103	s103_J210614	grCe_grSu3Ne	5	135.0	1	2571.902	2572.202
2579.511	0.900000000000091	trials	103	s103_J210614	grCe_grSu12Mi	9	270.0	1	2579.811	2580.111
2580.1279999999997	0.900000000000091	trials	103	s103_J210614	grCe_grSu12Mi	9	45.0	1	2580.428	2580.728
2580.7369999999996	0.900000000000091	trials	103	s103_J210614	grCe_grSu6CiNe	15	270.0	1	2581.037	2581.336
2585.7039999999997	0.900000000000091	trials	103	s103_J210614	grCe_grSu6CiNe_PS	19	0.0	1	2586.004	2586.303
2586.312	0.900000000000091	trials	103	s103_J210614	grCe_grSu6Ne	7	315.0	1	2586.612	2586.912
2586.921	0.900000000000091	trials	103	s103_J210614	grCe_grSu1Ne	3	270.0	2	2587.221	2587.52
2596.464	0.900000000000091	trials	103	s103_J210614	grCe_grSu6Ne_PS	18	180.0	2	2596.764	2597.063
2597.0719999999997	0.900000000000091	trials	103	s103_J210614	grCe_grSu6CiNe	15	225.0	2	2597.372	2597.672
2597.68	0.900000000000091	trials	103	s103_J210614	grCe_grSu12SmCiNe	13	225.0	2	2597.98	2598.28
2606.607	0.900000000000091	trials	103	s103_J210614	grCe_grSu6CiNe	15	0.0	2	2606.907	2607.206
2607.2149999999997	0.900000000000091	trials	103	s103_J210614	coCe_grSu6Ne	17	135.0	2	2607.515	2607.815
2607.823	0.900000000000091	trials	103	s103_J210614	grCe_grSu12SmCiNe	13	0.0	2	2608.123	2608.423
2612.8239999999996	0.900000000000091	trials	103	s103_J210614	coSu6Ne	20		2	2613.124	2613.424
2613.433	0.900000000000091	trials	103	s103_J210614	grCe_grSu12SmCiNe_PS	21	135.0	2	2613.733	2614.032
2619.7	0.900000000000091	trials	103	s103_J210614	grSu12Mi	8		2	2620.0	2620.3
2620.308	0.900000000000091	trials	103	s103_J210614	grCe_grSu1Ne	3	315.0	2	2620.608	2620.908
2620.917	0.900000000000091	trials	103	s103_J210614	grCe_grSu6Ne	7	270.0	2	2621.217	2621.516
2625.859	0.900000000000091	trials	103	s103_J210614	coCe	16	45.0	2	2626.159	2626.459
2626.468	0.900000000000091	trials	103	s103_J210614	grCe_grSu3Ne	5	45.0	2	2626.768	2627.067
2627.076	0.900000000000091	trials	103	s103_J210614	grCe_grSu6Ne	7	180.0	2	2627.376	2627.675
2632.727	0.900000000000091	trials	103	s103_J210614	grCe_grSu6Ne	7	135.0	2	2633.027	2633.326
2633.335	0.900000000000091	trials	103	s103_J210614	grCe_grSu6Ne_PS	18	135.0	2	2633.635	2633.935
2642.9449999999997	0.900000000000091	trials	103	s103_J210614	grCe_grSu12SmCiNe_PS	21	180.0	2	2643.245	2643.544
2643.5609999999997	0.900000000000091	trials	103	s103_J210614	grCe_grSu12Mi	9	90.0	2	2643.861	2644.161
2644.1699999999996	0.900000000000091	trials	103	s103_J210614	grSu1Ne	2		2	2644.47	2644.769
2649.2459999999996	0.900000000000091	trials	103	s103_J210614	grCe_grSu12Mi	9	270.0	2	2649.546	2649.845
2657.272	0.900000000000091	trials	103	s103_J210614	grSu6Ne	6		2	2657.572	2657.871
2657.8799999999997	0.900000000000091	trials	103	s103_J210614	grCe_grSu1Ne	3	225.0	2	2658.18	2658.479
2658.497	0.900000000000091	trials	103	s103_J210614	grCe_grSu12Mi	9	225.0	2	2658.797	2659.096
2663.589	0.900000000000091	trials	103	s103_J210614	coCe	16	135.0	2	2663.889	2664.189
2664.1969999999997	0.900000000000091	trials	103	s103_J210614	grCe_grSu6Ne_PS	18	315.0	2	2664.497	2664.797
2664.806	0.900000000000091	trials	103	s103_J210614	grCe_grSu3Ne	5	270.0	2	2665.106	2665.405
2670.057	0.900000000000091	trials	103	s103_J210614	NoStim	0		2	2670.357	2670.656
2670.6569999999997	0.900000000000091	trials	103	s103_J210614	grCe	1	135.0	2	2670.957	2671.256
2671.2569999999996	0.900000000000091	trials	103	s103_J210614	coCe	16	90.0	2	2671.557	2671.856
2676.4159999999997	0.900000000000091	trials	103	s103_J210614	grCe_grSu1Ne	3	45.0	2	2676.716	2677.015
2680.908	0.900000000000091	trials	103	s103_J210614	grCe_grSu12SmCiNe_PS	21	315.0	2	2681.208	2681.507
2681.5159999999996	0.900000000000091	trials	103	s103_J210614	coCe_grSu6Ne	17	90.0	2	2681.816	2682.116
2686.634	0.900000000000091	trials	103	s103_J210614	grCe_grSu12SmCiNe_PS	21	90.0	2	2686.934	2687.233
2687.2419999999997	0.900000000000091	trials	103	s103_J210614	grCe_grSu12SmCiNe_PS	21	270.0	2	2687.542	2687.842
2693.451	0.900000000000091	trials	103	s103_J210614	grCe_grSu6Ne	7	45.0	2	2693.751	2694.051
2694.06	0.900000000000091	trials	103	s103_J210614	grCe_grSu12SmCiNe	13	270.0	2	2694.36	2694.659
2699.81	0.900000000000091	trials	103	s103_J210614	grCe_grSu3Ne	5	180.0	2	2700.11	2700.41
2700.4269999999997	0.900000000000091	trials	103	s103_J210614	grCe_grSu18Fa	11	180.0	2	2700.727	2701.027
2705.636	0.900000000000091	trials	103	s103_J210614	grCe_grSu18Fa	11	315.0	2	2705.936	2706.236
2706.245	0.900000000000091	trials	103	s103_J210614	grCe_grSu6CiNe	15	135.0	2	2706.545	2706.844
2706.845	0.900000000000091	trials	103	s103_J210614	coCe	16	0.0	2	2707.145	2707.444
2722.105	0.900000000000091	trials	103	s103_J210614	grCe_grSu18Fa	11	45.0	2	2722.405	2722.704
2722.7219999999998	0.900000000000091	trials	103	s103_J210614	grCe_grSu18Fa	11	0.0	2	2723.022	2723.321
2723.33	0.900000000000091	trials	103	s103_J210614	grCe_grSu6CiNe_PS	19	135.0	2	2723.63	2723.93
2728.306	0.900000000000091	trials	103	s103_J210614	grCe_grSu1Ne	3	135.0	2	2728.606	2728.905
2728.906	0.900000000000091	trials	103	s103_J210614	coCe	16	315.0	2	2729.206	2729.505
2729.5139999999997	0.900000000000091	trials	103	s103_J210614	grCe_grSu3Ne	5	90.0	2	2729.814	2730.114
2737.915	0.900000000000091	trials	103	s103_J210614	coCe	16	180.0	2	2738.215	2738.515
2749.3419999999996	0.900000000000091	trials	103	s103_J210614	grSu12SmCiNe	12		2	2749.642	2749.941
2749.942	0.900000000000091	trials	103	s103_J210614	grCe	1	45.0	2	2750.242	2750.541
2754.984	0.900000000000091	trials	103	s103_J210614	grCe_grSu12SmCiNe_PS	21	45.0	2	2755.284	2755.584
2759.426	0.900000000000091	trials	103	s103_J210614	grCe_grSu1Ne	3	0.0	2	2759.726	2760.026
2760.035	0.900000000000091	trials	103	s103_J210614	grCe_grSu12SmCiNe	13	90.0	2	2760.335	2760.634
2760.6349999999998	0.900000000000091	trials	103	s103_J210614	grCe	1	0.0	2	2760.935	2761.235
2765.9939999999997	0.900000000000091	trials	103	s103_J210614	grCe_grSu6CiNe_PS	19	45.0	2	2766.294	2766.594
2766.602	0.900000000000091	trials	103	s103_J210614	coCe_grSu6Ne	17	225.0	2	2766.902	2767.202
2775.962	0.900000000000091	trials	103	s103_J210614	grCe_grSu12Mi	9	315.0	2	2776.262	2776.561
2780.2369999999996	0.900000000000091	trials	103	s103_J210614	grCe_grSu18Fa	11	90.0	2	2780.537	2780.837
2780.846	0.900000000000091	trials	103	s103_J210614	grCe_grSu6CiNe	15	270.0	2	2781.146	2781.445
2790.397	0.900000000000091	trials	103	s103_J210614	coCe_grSu6Ne	17	0.0	2	2790.697	2790.997
2791.006	0.900000000000091	trials	103	s103_J210614	grCe_grSu3Ne	5	135.0	2	2791.306	2791.605
2802.332	0.900000000000091	trials	103	s103_J210614	grCe_grSu12SmCiNe_PS	21	0.0	2	2802.632	2802.932
2815.267	0.900000000000091	trials	103	s103_J210614	coCe_grSu6Ne	17	315.0	2	2815.567	2815.867
2815.875	0.900000000000091	trials	103	s103_J210614	grCe_grSu3Ne	5	315.0	2	2816.175	2816.475
2828.81	0.900000000000091	trials	103	s103_J210614	grCe	1	270.0	2	2829.11	2829.41
2830.027	0.900000000000091	trials	103	s103_J210614	grSu3Ne	4		2	2830.327	2830.627
2853.997	0.900000000000091	trials	103	s103_J210614	grCe	1	180.0	2	2854.297	2854.597
2854.605	0.900000000000091	trials	103	s103_J210614	grCe_grSu12SmCiNe	13	45.0	2	2854.905	2855.205
2855.2219999999998	0.900000000000091	trials	103	s103_J210614	grCe_grSu18Fa	11	135.0	2	2855.522	2855.822
2860.256	0.900000000000091	trials	103	s103_J210614	grCe_grSu6Ne_PS	18	0.0	2	2860.556	2860.856
2860.865	0.900000000000091	trials	103	s103_J210614	grCe_grSu6Ne_PS	18	225.0	2	2861.165	2861.464
2861.473	0.900000000000091	trials	103	s103_J210614	grCe_grSu1Ne	3	180.0	2	2861.773	2862.073
2866.274	0.900000000000091	trials	103	s103_J210614	grCe_grSu12Mi	9	0.0	2	2866.574	2866.873
2867.482	0.900000000000091	trials	103	s103_J210614	grCe_grSu6Ne	7	225.0	2	2867.782	2868.082
2877.3329999999996	0.900000000000091	trials	103	s103_J210614	grCe_grSu12Mi	9	180.0	2	2877.633	2877.933
2881.859	0.900000000000091	trials	103	s103_J210614	grCe_grSu12SmCiNe	13	180.0	2	2882.159	2882.459
2882.4669999999996	0.900000000000091	trials	103	s103_J210614	grCe_grSu6CiNe	15	180.0	2	2882.767	2883.067
2888.185	0.900000000000091	trials	103	s103_J210614	grCe	1	90.0	2	2888.485	2888.784
2892.602	0.900000000000091	trials	103	s103_J210614	grCe	1	315.0	2	2892.902	2893.202
2907.3869999999997	0.900000000000091	trials	103	s103_J210614	grCe_grSu3Ne	5	225.0	2	2907.687	2907.987
2907.9959999999996	0.900000000000091	trials	103	s103_J210614	coCe_grSu6Ne	17	270.0	2	2908.296	2908.595
2908.604	0.900000000000091	trials	103	s103_J210614	grCe_grSu6CiNe_PS	19	0.0	2	2908.904	2909.204
2923.0229999999997	0.900000000000091	trials	103	s103_J210614	grCe_grSu6CiNe_PS	19	90.0	2	2923.323	2923.622
2923.631	0.900000000000091	trials	103	s103_J210614	grCe_grSu12SmCiNe_PS	21	225.0	2	2923.931	2924.231
2937.741	0.900000000000091	trials	103	s103_J210614	grSu6CiNe	14		2	2938.041	2938.341
2938.35	0.900000000000091	trials	103	s103_J210614	grCe_grSu6Ne_PS	18	270.0	2	2938.65	2938.949
2942.4339999999997	0.900000000000091	trials	103	s103_J210614	grCe_grSu12Mi	9	45.0	2	2942.734	2943.033
2943.042	0.900000000000091	trials	103	s103_J210614	grCe_grSu6CiNe_PS	19	180.0	2	2943.342	2943.641
2943.642	0.900000000000091	trials	103	s103_J210614	grCe_grSu6Ne_PS	18	90.0	2	2943.942	2944.242
2974.413	0.900000000000091	trials	103	s103_J210614	grCe_grSu6CiNe	15	315.0	2	2974.713	2975.012
2975.0209999999997	0.900000000000091	trials	103	s103_J210614	grCe_grSu6Ne	7	90.0	2	2975.321	2975.621
2975.638	0.900000000000091	trials	103	s103_J210614	grSu18Fa	10		2	2975.938	2976.237
2980.622	0.900000000000091	trials	103	s103_J210614	grCe_grSu3Ne	5	0.0	2	2980.922	2981.221
2981.23	0.900000000000091	trials	103	s103_J210614	grCe_grSu6CiNe_PS	19	225.0	2	2981.53	2981.83
2990.406	0.900000000000091	trials	103	s103_J210614	coCe_grSu6Ne	17	180.0	2	2990.706	2991.006
2991.0069999999996	0.900000000000091	trials	103	s103_J210614	coCe	16	225.0	2	2991.307	2991.606
2991.615	0.900000000000091	trials	103	s103_J210614	grCe_grSu6Ne_PS	18	45.0	2	2991.915	2992.214
2997.299	0.900000000000091	trials	103	s103_J210614	grCe_grSu18Fa	11	270.0	2	2997.599	2997.899
2997.9069999999997	0.900000000000091	trials	103	s103_J210614	coCe_grSu6Ne	17	45.0	2	2998.207	2998.507
3008.459	0.900000000000091	trials	103	s103_J210614	coCe	16	270.0	2	3008.759	3009.058
3009.067	0.900000000000091	trials	103	s103_J210614	grCe_grSu6Ne	7	315.0	2	3009.367	3009.667
3018.5099999999998	0.900000000000091	trials	103	s103_J210614	grCe_grSu6CiNe_PS	19	315.0	2	3018.81	3019.11
3019.1099999999997	0.900000000000091	trials	103	s103_J210614	grCe	1	225.0	2	3019.41	3019.71
3019.7189999999996	0.900000000000091	trials	103	s103_J210614	grCe_grSu6CiNe	15	90.0	2	3020.019	3020.318
3024.778	0.900000000000091	trials	103	s103_J210614	grCe_grSu6CiNe	15	45.0	2	3025.078	3025.377
3028.5359999999996	0.900000000000091	trials	103	s103_J210614	grCe_grSu6CiNe_PS	19	270.0	2	3028.836	3029.136
3032.312	0.900000000000091	trials	103	s103_J210614	grCe_grSu6Ne	7	0.0	2	3032.612	3032.911
3032.9289999999996	0.900000000000091	trials	103	s103_J210614	grCe_grSu18Fa	11	225.0	2	3033.229	3033.528
3033.537	0.900000000000091	trials	103	s103_J210614	grCe_grSu12SmCiNe	13	315.0	2	3033.837	3034.137
3049.3309999999997	0.900000000000091	trials	103	s103_J210614	grCe_grSu12SmCiNe	13	135.0	2	3049.631	3049.93
3049.939	0.900000000000091	trials	103	s103_J210614	grCe_grSu1Ne	3	90.0	2	3050.239	3050.539
3050.556	0.900000000000091	trials	103	s103_J210614	grCe_grSu12Mi	9	135.0	2	3050.856	3051.155
3056.348	0.900000000000091	trials	103	s103_J210614	coCe	16	90.0	4	3056.648	3056.948
3061.9489999999996	0.900000000000091	trials	103	s103_J210614	grCe_grSu18Fa	11	180.0	4	3062.249	3062.549
3062.607	0.900000000000091	trials	103	s103_J210614	grCe_grSu6CiNe_PS	19	180.0	4	3062.907	3063.207
3063.216	0.900000000000091	trials	103	s103_J210614	grCe_grSu6Ne_PS	18	225.0	4	3063.516	3063.815
3074.542	0.900000000000091	trials	103	s103_J210614	grCe_grSu6CiNe	15	315.0	4	3074.842	3075.142
3078.593	0.900000000000091	trials	103	s103_J210614	grCe_grSu12Mi	9	135.0	4	3078.893	3079.192
3079.201	0.900000000000091	trials	103	s103_J210614	grCe_grSu6CiNe	15	45.0	4	3079.501	3079.801
3079.81	0.900000000000091	trials	103	s103_J210614	grCe_grSu3Ne	5	315.0	4	3080.11	3080.409
3084.8689999999997	0.900000000000091	trials	103	s103_J210614	grCe_grSu1Ne	3	135.0	4	3085.169	3085.468
3085.477	0.900000000000091	trials	103	s103_J210614	coCe_grSu6Ne	17	270.0	4	3085.777	3086.077
3086.086	0.900000000000091	trials	103	s103_J210614	grCe_grSu6Ne_PS	18	0.0	4	3086.386	3086.685
3091.37	0.900000000000091	trials	103	s103_J210614	grCe_grSu6Ne_PS	18	90.0	4	3091.67	3091.969
3091.995	0.900000000000091	trials	103	s103_J210614	grCe_grSu18Fa	11	0.0	4	3092.295	3092.594
3092.6029999999996	0.900000000000091	trials	103	s103_J210614	grCe_grSu12SmCiNe	13	270.0	4	3092.903	3093.203
3098.062	0.900000000000091	trials	103	s103_J210614	grCe_grSu1Ne	3	90.0	4	3098.362	3098.662
3101.8039999999996	0.900000000000091	trials	103	s103_J210614	grCe_grSu18Fa	11	90.0	4	3102.104	3102.404
3102.421	0.900000000000091	trials	103	s103_J210614	grCe_grSu18Fa	11	135.0	4	3102.721	3103.02
3103.0629999999996	0.900000000000091	trials	103	s103_J210614	coCe_grSu6Ne	17	180.0	4	3103.363	3103.662
3108.122	0.900000000000091	trials	103	s103_J210614	grSu1Ne	2		4	3108.422	3108.721
3111.7889999999998	0.900000000000091	trials	103	s103_J210614	grCe	1	225.0	4	3112.089	3112.388
3112.397	0.900000000000091	trials	103	s103_J210614	grCe_grSu6CiNe_PS	19	225.0	4	3112.697	3112.997
3113.006	0.900000000000091	trials	103	s103_J210614	grCe_grSu3Ne	5	45.0	4	3113.306	3113.605
3117.9809999999998	0.900000000000091	trials	103	s103_J210614	grCe_grSu6CiNe_PS	19	45.0	4	3118.281	3118.581
3118.5899999999997	0.900000000000091	trials	103	s103_J210614	grCe_grSu1Ne	3	45.0	4	3118.89	3119.189
3119.2059999999997	0.900000000000091	trials	103	s103_J210614	grCe_grSu18Fa	11	270.0	4	3119.506	3119.806
3124.207	0.900000000000091	trials	103	s103_J210614	grCe_grSu6CiNe_PS	19	315.0	4	3124.507	3124.807
3124.816	0.900000000000091	trials	103	s103_J210614	grCe_grSu6CiNe	15	135.0	4	3125.116	3125.415
3125.432	0.900000000000091	trials	103	s103_J210614	grCe_grSu12Mi	9	0.0	4	3125.732	3126.032
3141.8759999999997	0.900000000000091	trials	103	s103_J210614	grCe_grSu6CiNe_PS	19	135.0	4	3142.176	3142.476
3142.484	0.900000000000091	trials	103	s103_J210614	grCe_grSu6Ne	7	315.0	4	3142.784	3143.084
3143.093	0.900000000000091	trials	103	s103_J210614	grCe_grSu12SmCiNe	13	225.0	4	3143.393	3143.692
3148.0519999999997	0.900000000000091	trials	103	s103_J210614	grCe_grSu6Ne_PS	18	315.0	4	3148.352	3148.651
3148.669	0.900000000000091	trials	103	s103_J210614	grCe_grSu12Mi	9	90.0	4	3148.969	3149.268
3149.269	0.900000000000091	trials	103	s103_J210614	grCe	1	315.0	4	3149.569	3149.868
3154.4689999999996	0.900000000000091	trials	103	s103_J210614	grCe_grSu3Ne	5	225.0	4	3154.769	3155.069
3158.687	0.900000000000091	trials	103	s103_J210614	grCe_grSu12Mi	9	315.0	4	3158.987	3159.286
3159.903	0.900000000000091	trials	103	s103_J210614	grCe_grSu12SmCiNe	13	315.0	4	3160.203	3160.503
3165.046	0.900000000000091	trials	103	s103_J210614	grCe_grSu12SmCiNe_PS	21	135.0	4	3165.346	3165.645
3165.654	0.900000000000091	trials	103	s103_J210614	grCe_grSu6CiNe	15	270.0	4	3165.954	3166.254
3166.254	0.900000000000091	trials	103	s103_J210614	coCe	16	315.0	4	3166.554	3166.854
3171.372	0.900000000000091	trials	103	s103_J210614	grSu3Ne	4		4	3171.672	3171.971
3171.98	0.900000000000091	trials	103	s103_J210614	grCe_grSu12SmCiNe	13	180.0	4	3172.28	3172.58
3172.5879999999997	0.900000000000091	trials	103	s103_J210614	grCe_grSu12SmCiNe	13	90.0	4	3172.888	3173.188
3184.115	0.900000000000091	trials	103	s103_J210614	coCe_grSu6Ne	17	225.0	4	3184.415	3184.714
3185.332	0.900000000000091	trials	103	s103_J210614	grCe_grSu6CiNe_PS	19	90.0	4	3185.632	3185.931
3193.758	0.900000000000091	trials	103	s103_J210614	grCe_grSu6Ne	7	45.0	4	3194.058	3194.358
3194.3669999999997	0.900000000000091	trials	103	s103_J210614	grCe_grSu1Ne	3	0.0	4	3194.667	3194.967
3194.9759999999997	0.900000000000091	trials	103	s103_J210614	coCe_grSu6Ne	17	315.0	4	3195.276	3195.575
3200.218	0.900000000000091	trials	103	s103_J210614	grCe_grSu6Ne_PS	18	135.0	4	3200.518	3200.818
3200.826	0.900000000000091	trials	103	s103_J210614	grCe_grSu6Ne_PS	18	180.0	4	3201.126	3201.426
3201.426	0.900000000000091	trials	103	s103_J210614	coCe	16	225.0	4	3201.726	3202.026
3206.4849999999997	0.900000000000091	trials	103	s103_J210614	grSu6CiNe	14		4	3206.785	3207.085
3207.102	0.900000000000091	trials	103	s103_J210614	grCe_grSu12Mi	9	225.0	4	3207.402	3207.702
3207.7019999999998	0.900000000000091	trials	103	s103_J210614	grCe	1	90.0	4	3208.002	3208.302
3217.479	0.900000000000091	trials	103	s103_J210614	grCe_grSu6CiNe	15	90.0	4	3217.779	3218.078
3223.671	0.900000000000091	trials	103	s103_J210614	grCe_grSu6Ne	7	225.0	4	3223.971	3224.271
3224.279	0.900000000000091	trials	103	s103_J210614	coCe_grSu6Ne	17	0.0	4	3224.579	3224.879
3229.8799999999997	0.900000000000091	trials	103	s103_J210614	grCe_grSu6CiNe	15	225.0	4	3230.18	3230.48
3230.489	0.900000000000091	trials	103	s103_J210614	grSu12SmCiNe	12		4	3230.789	3231.088
3231.0969999999998	0.900000000000091	trials	103	s103_J210614	grCe_grSu6Ne_PS	18	45.0	4	3231.397	3231.697
3236.656	0.900000000000091	trials	103	s103_J210614	grCe_grSu12SmCiNe	13	0.0	4	3236.956	3237.256
3242.182	0.900000000000091	trials	103	s103_J210614	grCe_grSu12SmCiNe_PS	21	180.0	4	3242.482	3242.781
3250.124	0.900000000000091	trials	103	s103_J210614	grSu12Mi	8		4	3250.424	3250.724
3250.7329999999997	0.900000000000091	trials	103	s103_J210614	grCe_grSu12SmCiNe_PS	21	45.0	4	3251.033	3251.332
3260.951	0.900000000000091	trials	103	s103_J210614	grCe_grSu12SmCiNe_PS	21	90.0	4	3261.251	3261.55
3269.977	0.900000000000091	trials	103	s103_J210614	grCe_grSu18Fa	11	225.0	4	3270.277	3270.577
3270.585	0.900000000000091	trials	103	s103_J210614	grCe_grSu3Ne	5	270.0	4	3270.885	3271.185
3271.194	0.900000000000091	trials	103	s103_J210614	grCe_grSu12SmCiNe	13	45.0	4	3271.494	3271.793
3283.212	0.900000000000091	trials	103	s103_J210614	grCe_grSu1Ne	3	180.0	4	3283.512	3283.812
3283.812	0.900000000000091	trials	103	s103_J210614	coCe	16	45.0	4	3284.112	3284.412
3284.4289999999996	0.900000000000091	trials	103	s103_J210614	grCe_grSu12Mi	9	180.0	4	3284.729	3285.028
3289.43	0.900000000000091	trials	103	s103_J210614	grCe	1	45.0	4	3289.73	3290.029
3290.038	0.900000000000091	trials	103	s103_J210614	grSu6Ne	6		4	3290.338	3290.637
3295.689	0.900000000000091	trials	103	s103_J210614	grCe_grSu6Ne	7	0.0	4	3295.989	3296.288
3296.2889999999998	0.900000000000091	trials	103	s103_J210614	coCe	16	180.0	4	3296.589	3296.888
3296.906	0.900000000000091	trials	103	s103_J210614	grCe_grSu18Fa	11	315.0	4	3297.206	3297.505
3302.806	0.900000000000091	trials	103	s103_J210614	grCe_grSu12Mi	9	270.0	4	3303.106	3303.406
3303.415	0.900000000000091	trials	103	s103_J210614	grCe_grSu12SmCiNe	13	135.0	4	3303.715	3304.014
3308.457	0.900000000000091	trials	103	s103_J210614	grCe_grSu12SmCiNe_PS	21	315.0	4	3308.757	3309.057
3309.0649999999996	0.900000000000091	trials	103	s103_J210614	grCe_grSu3Ne	5	180.0	4	3309.365	3309.665
3309.6659999999997	0.900000000000091	trials	103	s103_J210614	coCe	16	270.0	4	3309.966	3310.265
3314.799	0.900000000000091	trials	103	s103_J210614	grCe	1	270.0	4	3315.099	3315.399
3316.0159999999996	0.900000000000091	trials	103	s103_J210614	grCe_grSu6CiNe_PS	19	270.0	4	3316.316	3316.616
3321.075	0.900000000000091	trials	103	s103_J210614	grCe_grSu1Ne	3	315.0	4	3321.375	3321.675
3321.6749999999997	0.900000000000091	trials	103	s103_J210614	coCe	16	0.0	4	3321.975	3322.275
3333.902	0.900000000000091	trials	103	s103_J210614	coSu6Ne	20		4	3334.202	3334.502
3337.627	0.900000000000091	trials	103	s103_J210614	NoStim	0		4	3337.927	3338.227
3338.2279999999996	0.900000000000091	trials	103	s103_J210614	grCe	1	0.0	4	3338.528	3338.827
3338.836	0.900000000000091	trials	103	s103_J210614	grCe_grSu3Ne	5	135.0	4	3339.136	3339.435
3344.162	0.900000000000091	trials	103	s103_J210614	grCe_grSu6CiNe	15	180.0	4	3344.462	3344.761
3344.7619999999997	0.900000000000091	trials	103	s103_J210614	coCe	16	135.0	4	3345.062	3345.361
3345.3779999999997	0.900000000000091	trials	103	s103_J210614	grCe_grSu18Fa	11	45.0	4	3345.678	3345.978
3350.796	0.900000000000091	trials	103	s103_J210614	grCe_grSu6CiNe	15	0.0	4	3351.096	3351.395
3351.421	0.900000000000091	trials	103	s103_J210614	grCe_grSu12Mi	9	45.0	4	3351.721	3352.02
3356.98	0.900000000000091	trials	103	s103_J210614	grCe_grSu3Ne	5	90.0	4	3357.28	3357.58
3357.58	0.900000000000091	trials	103	s103_J210614	grCe	1	180.0	4	3357.88	3358.18
3362.406	0.900000000000091	trials	103	s103_J210614	coCe_grSu6Ne	17	45.0	4	3362.706	3363.005
3363.0139999999997	0.900000000000091	trials	103	s103_J210614	coCe_grSu6Ne	17	135.0	4	3363.314	3363.614
3363.622	0.900000000000091	trials	103	s103_J210614	grCe_grSu6Ne_PS	18	270.0	4	3363.922	3364.222
3371.8399999999997	0.900000000000091	trials	103	s103_J210614	grCe_grSu6Ne	7	180.0	4	3372.14	3372.44
3373.057	0.900000000000091	trials	103	s103_J210614	grCe_grSu12SmCiNe_PS	21	225.0	4	3373.357	3373.657
3378.008	0.900000000000091	trials	103	s103_J210614	grCe_grSu1Ne	3	270.0	4	3378.308	3378.607
3378.616	0.900000000000091	trials	103	s103_J210614	grCe_grSu6CiNe_PS	19	0.0	4	3378.916	3379.216
3379.225	0.900000000000091	trials	103	s103_J210614	grCe_grSu6Ne	7	90.0	4	3379.525	3379.824
3388.142	0.900000000000091	trials	103	s103_J210614	grCe	1	135.0	4	3388.442	3388.742
3388.7509999999997	0.900000000000091	trials	103	s103_J210614	grCe_grSu1Ne	3	225.0	4	3389.051	3389.35
3389.359	0.900000000000091	trials	103	s103_J210614	grCe_grSu12SmCiNe_PS	21	0.0	4	3389.659	3389.959
3398.3849999999998	0.900000000000091	trials	103	s103_J210614	coCe_grSu6Ne	17	90.0	4	3398.685	3398.985
3399.002	0.900000000000091	trials	103	s103_J210614	grSu18Fa	10		4	3399.302	3399.602
3399.611	0.900000000000091	trials	103	s103_J210614	grCe_grSu6Ne	7	135.0	4	3399.911	3400.21
3404.7439999999997	0.900000000000091	trials	103	s103_J210614	grCe_grSu6Ne	7	270.0	4	3405.044	3405.344
3405.3529999999996	0.900000000000091	trials	103	s103_J210614	grCe_grSu3Ne	5	0.0	4	3405.653	3405.952
3405.961	0.900000000000091	trials	103	s103_J210614	grCe_grSu12SmCiNe_PS	21	270.0	4	3406.261	3406.561
3411.104	0.900000000000091	trials	103	s103_J210614	grCe_grSu18Fa	11	0.0	8	3411.404	3411.703
3411.712	0.900000000000091	trials	103	s103_J210614	grCe_grSu6CiNe	15	180.0	8	3412.012	3412.312
3415.4289999999996	0.900000000000091	trials	103	s103_J210614	grCe_grSu12SmCiNe_PS	21	225.0	8	3415.729	3416.029
3419.471	0.900000000000091	trials	103	s103_J210614	grCe_grSu6Ne	7	135.0	8	3419.771	3420.071
3420.08	0.900000000000091	trials	103	s103_J210614	grCe_grSu12SmCiNe	13	270.0	8	3420.38	3420.679
3423.33	0.900000000000091	trials	103	s103_J210614	grCe_grSu6CiNe_PS	19	0.0	8	3423.63	3423.93
3423.955	0.900000000000091	trials	103	s103_J210614	grCe_grSu18Fa	11	180.0	8	3424.255	3424.555
3424.564	0.900000000000091	trials	103	s103_J210614	coCe_grSu6Ne	17	45.0	8	3424.864	3425.163
3429.6639999999998	0.900000000000091	trials	103	s103_J210614	grCe_grSu6Ne_PS	18	270.0	8	3429.964	3430.264
3430.881	0.900000000000091	trials	103	s103_J210614	grCe_grSu3Ne	5	0.0	8	3431.181	3431.481
3435.957	0.900000000000091	trials	103	s103_J210614	grCe_grSu6Ne	7	90.0	8	3436.257	3436.556
3442.533	0.900000000000091	trials	103	s103_J210614	grCe_grSu6Ne	7	45.0	8	3442.833	3443.132
3443.1409999999996	0.900000000000091	trials	103	s103_J210614	grSu3Ne	4		8	3443.441	3443.741
3443.75	0.900000000000091	trials	103	s103_J210614	grCe_grSu12SmCiNe	13	90.0	8	3444.05	3444.349
3448.8669999999997	0.900000000000091	trials	103	s103_J210614	coCe	16	45.0	8	3449.167	3449.466
3449.475	0.900000000000091	trials	103	s103_J210614	grCe_grSu12SmCiNe_PS	21	315.0	8	3449.775	3450.075
3450.0919999999996	0.900000000000091	trials	103	s103_J210614	grCe_grSu12Mi	9	315.0	8	3450.392	3450.692
3455.2929999999997	0.900000000000091	trials	103	s103_J210614	grCe_grSu6CiNe_PS	19	135.0	8	3455.593	3455.892
3456.5099999999998	0.900000000000091	trials	103	s103_J210614	grCe_grSu6CiNe	15	315.0	8	3456.81	3457.109
3461.435	0.900000000000091	trials	103	s103_J210614	grCe_grSu6Ne	7	315.0	8	3461.735	3462.035
3464.9109999999996	0.900000000000091	trials	103	s103_J210614	grCe	1	270.0	8	3465.211	3465.51
3465.519	0.900000000000091	trials	103	s103_J210614	coCe_grSu6Ne	17	225.0	8	3465.819	3466.119
3470.2529999999997	0.900000000000091	trials	103	s103_J210614	grCe_grSu1Ne	3	135.0	8	3470.553	3470.853
3475.5119999999997	0.900000000000091	trials	103	s103_J210614	coCe	16	135.0	8	3475.812	3476.112
3476.129	0.900000000000091	trials	103	s103_J210614	grSu18Fa	10		8	3476.429	3476.728
3476.7459999999996	0.900000000000091	trials	103	s103_J210614	grCe_grSu18Fa	11	45.0	8	3477.046	3477.345
3481.8959999999997	0.900000000000091	trials	103	s103_J210614	grCe_grSu12SmCiNe_PS	21	0.0	8	3482.196	3482.496
3482.5049999999997	0.900000000000091	trials	103	s103_J210614	grCe_grSu6CiNe	15	135.0	8	3482.805	3483.104
3483.113	0.900000000000091	trials	103	s103_J210614	grSu12Mi	8		8	3483.413	3483.713
3488.2219999999998	0.900000000000091	trials	103	s103_J210614	grCe_grSu12SmCiNe	13	0.0	8	3488.522	3488.822
3488.83	0.900000000000091	trials	103	s103_J210614	grCe_grSu6Ne	7	180.0	8	3489.13	3489.43
3498.682	0.900000000000091	trials	103	s103_J210614	grCe_grSu6Ne_PS	18	0.0	8	3498.982	3499.281
3499.899	0.900000000000091	trials	103	s103_J210614	grCe_grSu6CiNe	15	45.0	8	3500.199	3500.498
3506.183	0.900000000000091	trials	103	s103_J210614	grCe_grSu18Fa	11	270.0	8	3506.483	3506.782
3511.133	0.900000000000091	trials	103	s103_J210614	grCe_grSu12Mi	9	270.0	8	3511.433	3511.733
3512.35	0.900000000000091	trials	103	s103_J210614	grSu1Ne	2		8	3512.65	3512.95
3527.5519999999997	0.900000000000091	trials	103	s103_J210614	coCe	16	180.0	8	3527.852	3528.152
3528.1609999999996	0.900000000000091	trials	103	s103_J210614	grCe_grSu6CiNe_PS	19	180.0	8	3528.461	3528.76
3528.769	0.900000000000091	trials	103	s103_J210614	grCe_grSu12SmCiNe	13	180.0	8	3529.069	3529.368
3533.8109999999997	0.900000000000091	trials	103	s103_J210614	coSu6Ne	20		8	3534.111	3534.411
3534.4199999999996	0.900000000000091	trials	103	s103_J210614	grCe_grSu6CiNe	15	270.0	8	3534.72	3535.019
3535.02	0.900000000000091	trials	103	s103_J210614	grCe	1	90.0	8	3535.32	3535.619
3543.287	0.900000000000091	trials	103	s103_J210614	grSu12SmCiNe	12		8	3543.587	3543.887
3543.8959999999997	0.900000000000091	trials	103	s103_J210614	coCe_grSu6Ne	17	180.0	8	3544.196	3544.495
3544.5209999999997	0.900000000000091	trials	103	s103_J210614	grCe_grSu18Fa	11	225.0	8	3544.821	3545.121
3549.8129999999996	0.900000000000091	trials	103	s103_J210614	grCe_grSu12Mi	9	0.0	8	3550.113	3550.413
3553.906	0.900000000000091	trials	103	s103_J210614	grCe_grSu6CiNe_PS	19	315.0	8	3554.206	3554.505
3554.5139999999997	0.900000000000091	trials	103	s103_J210614	grCe_grSu3Ne	5	90.0	8	3554.814	3555.113
3555.122	0.900000000000091	trials	103	s103_J210614	grCe_grSu6Ne	7	270.0	8	3555.422	3555.722
3560.073	0.900000000000091	trials	103	s103_J210614	coCe_grSu6Ne	17	270.0	8	3560.373	3560.673
3566.365	0.900000000000091	trials	103	s103_J210614	grCe_grSu12SmCiNe_PS	21	45.0	8	3566.665	3566.965
3566.966	0.900000000000091	trials	103	s103_J210614	grCe_grSu6CiNe_PS	19	270.0	8	3567.266	3567.565
3567.5739999999996	0.900000000000091	trials	103	s103_J210614	grCe_grSu6CiNe	15	225.0	8	3567.874	3568.173
3572.8909999999996	0.900000000000091	trials	103	s103_J210614	grCe_grSu6CiNe	15	90.0	8	3573.191	3573.491
3573.5	0.900000000000091	trials	103	s103_J210614	coCe_grSu6Ne	17	135.0	8	3573.8	3574.099
3579.6259999999997	0.900000000000091	trials	103	s103_J210614	grCe_grSu3Ne	5	45.0	8	3579.926	3580.225
3580.2259999999997	0.900000000000091	trials	103	s103_J210614	grCe	1	315.0	8	3580.526	3580.825
3586.518	0.900000000000091	trials	103	s103_J210614	grCe_grSu6Ne_PS	18	45.0	8	3586.818	3587.118
3587.1259999999997	0.900000000000091	trials	103	s103_J210614	grCe_grSu6Ne_PS	18	315.0	8	3587.426	3587.726
3592.085	0.900000000000091	trials	103	s103_J210614	grCe	1	135.0	8	3592.385	3592.685
3592.694	0.900000000000091	trials	103	s103_J210614	grCe_grSu1Ne	3	90.0	8	3592.994	3593.293
3598.37	0.900000000000091	trials	103	s103_J210614	grCe_grSu12SmCiNe	13	135.0	8	3598.67	3598.969
3599.595	0.900000000000091	trials	103	s103_J210614	grCe_grSu12Mi	9	135.0	8	3599.895	3600.194
3610.8709999999996	0.900000000000091	trials	103	s103_J210614	coCe	16	0.0	8	3611.171	3611.471
3611.48	0.900000000000091	trials	103	s103_J210614	grCe_grSu3Ne	5	225.0	8	3611.78	3612.079
3612.08	0.900000000000091	trials	103	s103_J210614	NoStim	0		8	3612.38	3612.679
3617.1549999999997	0.900000000000091	trials	103	s103_J210614	grCe_grSu6Ne_PS	18	90.0	8	3617.455	3617.755
3618.364	0.900000000000091	trials	103	s103_J210614	coCe	16	225.0	8	3618.664	3618.963
3623.256	0.900000000000091	trials	103	s103_J210614	grCe_grSu12SmCiNe_PS	21	270.0	8	3623.556	3623.856
3632.874	0.900000000000091	trials	103	s103_J210614	grCe_grSu6Ne	7	225.0	8	3633.174	3633.474
3633.4829999999997	0.900000000000091	trials	103	s103_J210614	grCe_grSu6CiNe_PS	19	90.0	8	3633.783	3634.082
3634.091	0.900000000000091	trials	103	s103_J210614	grSu6CiNe	14		8	3634.391	3634.69
3639.142	0.900000000000091	trials	103	s103_J210614	grCe_grSu12SmCiNe_PS	21	135.0	8	3639.442	3639.741
3639.7419999999997	0.900000000000091	trials	103	s103_J210614	grCe	1	225.0	8	3640.042	3640.341
3640.35	0.900000000000091	trials	103	s103_J210614	grCe_grSu6Ne	7	0.0	8	3640.65	3640.95
3645.4669999999996	0.900000000000091	trials	103	s103_J210614	grCe_grSu1Ne	3	315.0	8	3645.767	3646.067
3646.701	0.900000000000091	trials	103	s103_J210614	grCe_grSu18Fa	11	135.0	8	3647.001	3647.3
3651.9519999999998	0.900000000000091	trials	103	s103_J210614	coCe_grSu6Ne	17	90.0	8	3652.252	3652.551
3655.527	0.900000000000091	trials	103	s103_J210614	grCe_grSu6CiNe_PS	19	45.0	8	3655.827	3656.127
3656.752	0.900000000000091	trials	103	s103_J210614	grCe_grSu3Ne	5	270.0	8	3657.052	3657.352
3662.3779999999997	0.900000000000091	trials	103	s103_J210614	grCe_grSu3Ne	5	180.0	8	3662.678	3662.977
3662.986	0.900000000000091	trials	103	s103_J210614	grCe_grSu12SmCiNe	13	45.0	8	3663.286	3663.586
3671.546	0.900000000000091	trials	103	s103_J210614	grCe	1	180.0	8	3671.846	3672.145
3672.154	0.900000000000091	trials	103	s103_J210614	coCe_grSu6Ne	17	0.0	8	3672.454	3672.754
3672.763	0.900000000000091	trials	103	s103_J210614	grCe_grSu6Ne_PS	18	135.0	8	3673.063	3673.362
3677.863	0.900000000000091	trials	103	s103_J210614	grCe_grSu6Ne_PS	18	225.0	8	3678.163	3678.463
3681.33	0.900000000000091	trials	103	s103_J210614	grCe_grSu1Ne	3	270.0	8	3681.63	3681.93
3681.93	0.900000000000091	trials	103	s103_J210614	grCe	1	45.0	8	3682.23	3682.53
3682.5389999999998	0.900000000000091	trials	103	s103_J210614	grCe_grSu12SmCiNe	13	225.0	8	3682.839	3683.138
3687.573	0.900000000000091	trials	103	s103_J210614	grCe_grSu1Ne	3	180.0	8	3687.873	3688.172
3688.1899999999996	0.900000000000091	trials	103	s103_J210614	grCe_grSu12Mi	9	180.0	8	3688.49	3688.789
3688.798	0.900000000000091	trials	103	s103_J210614	coCe_grSu6Ne	17	315.0	8	3689.098	3689.398
3696.816	0.900000000000091	trials	103	s103_J210614	grCe_grSu18Fa	11	315.0	8	3697.116	3697.415
3697.4159999999997	0.900000000000091	trials	103	s103_J210614	coCe	16	270.0	8	3697.716	3698.015
3702.9579999999996	0.900000000000091	trials	103	s103_J210614	grCe_grSu3Ne	5	315.0	8	3703.258	3703.558
3703.567	0.900000000000091	trials	103	s103_J210614	grCe_grSu1Ne	3	0.0	8	3703.867	3704.166
3704.1749999999997	0.900000000000091	trials	103	s103_J210614	grCe_grSu1Ne	3	225.0	8	3704.475	3704.775
3712.334	0.900000000000091	trials	103	s103_J210614	grCe_grSu6CiNe	15	0.0	8	3712.634	3712.934
3712.9339999999997	0.900000000000091	trials	103	s103_J210614	grCe	1	0.0	8	3713.234	3713.534
3713.551	0.900000000000091	trials	103	s103_J210614	grCe_grSu12Mi	9	45.0	8	3713.851	3714.151
3718.4269999999997	0.900000000000091	trials	103	s103_J210614	grCe_grSu12SmCiNe_PS	21	180.0	8	3718.727	3719.026
3719.035	0.900000000000091	trials	103	s103_J210614	grCe_grSu1Ne	3	45.0	8	3719.335	3719.635
3719.6349999999998	0.900000000000091	trials	103	s103_J210614	coCe	16	315.0	8	3719.935	3720.235
3724.636	0.900000000000091	trials	103	s103_J210614	coCe	16	90.0	8	3724.936	3725.236
3725.2439999999997	0.900000000000091	trials	103	s103_J210614	grCe_grSu12SmCiNe_PS	21	90.0	8	3725.544	3725.844
3725.861	0.900000000000091	trials	103	s103_J210614	grCe_grSu12Mi	9	225.0	8	3726.161	3726.461
3730.937	0.900000000000091	trials	103	s103_J210614	grCe_grSu6CiNe_PS	19	225.0	8	3731.237	3731.536
3731.5449999999996	0.900000000000091	trials	103	s103_J210614	grCe_grSu6Ne_PS	18	180.0	8	3731.845	3732.145
3732.162	0.900000000000091	trials	103	s103_J210614	grCe_grSu12Mi	9	90.0	8	3732.462	3732.762
3737.129	0.900000000000091	trials	103	s103_J210614	grSu6Ne	6		8	3737.429	3737.729
3743.622	0.900000000000091	trials	103	s103_J210614	grCe_grSu18Fa	11	90.0	8	3743.922	3744.221
3751.006	0.900000000000091	trials	103	s103_J210614	grCe_grSu3Ne	5	135.0	8	3751.306	3751.606
3751.614	0.900000000000091	trials	103	s103_J210614	grCe_grSu12SmCiNe	13	315.0	8	3751.914	3752.214
