onset	duration	nwb_table	ses_ID	ses_Name	cond_Name	cond_ID	target_rot	rep_num	pdOn	pdOff
28.878	0.9000000000000021	trials	39	s039_F200614	grCe_grSu18Fa	11	90.0	4	29.178	29.477
33.02	0.8999999999999986	trials	39	s039_F200614	coCe	16	315.0	4	33.32	33.62
34.262	0.8999999999999986	trials	39	s039_F200614	grCe_grSu6CiNe_PS	19	225.0	4	34.562	34.862
34.870000000000005	0.8999999999999986	trials	39	s039_F200614	grCe_grSu12SmCiNe	13	45.0	4	35.17	35.47
41.629000000000005	0.8999999999999986	trials	39	s039_F200614	grCe_grSu6CiNe_PS	19	270.0	4	41.929	42.229
42.255	0.8999999999999986	trials	39	s039_F200614	grCe_grSu6Ne	7	315.0	4	42.555	42.854
42.863	0.8999999999999986	trials	39	s039_F200614	grSu12SmCiNe	12		4	43.163	43.463
43.471000000000004	0.8999999999999986	trials	39	s039_F200614	grCe_grSu6CiNe_PS	19	0.0	4	43.771	44.071
44.096000000000004	0.8999999999999986	trials	39	s039_F200614	grCe_grSu18Fa	11	315.0	4	44.396	44.696
51.289	0.8999999999999986	trials	39	s039_F200614	grCe_grSu6CiNe	15	315.0	4	51.589	51.889
51.914	0.8999999999999986	trials	39	s039_F200614	grCe_grSu6Ne_PS	18	270.0	4	52.214	52.514
52.523	0.8999999999999986	trials	39	s039_F200614	grCe_grSu6Ne_PS	18	225.0	4	52.823	53.122
53.148	0.8999999999999986	trials	39	s039_F200614	grCe_grSu6CiNe	15	270.0	4	53.448	53.747
59.273	0.8999999999999986	trials	39	s039_F200614	grCe_grSu12SmCiNe	13	315.0	4	59.573	59.873
59.89	0.8999999999999986	trials	39	s039_F200614	grCe_grSu12Mi	9	225.0	4	60.19	60.49
60.49	0.8999999999999986	trials	39	s039_F200614	coCe	16	180.0	4	60.79	61.09
61.107	0.8999999999999986	trials	39	s039_F200614	grCe_grSu12Mi	9	45.0	4	61.407	61.707
61.707	0.8999999999999986	trials	39	s039_F200614	grCe	1	90.0	4	62.007	62.307
67.924	0.8999999999999915	trials	39	s039_F200614	coCe	16	90.0	4	68.224	68.524
69.141	0.8999999999999915	trials	39	s039_F200614	grCe_grSu12SmCiNe	13	180.0	4	69.441	69.741
70.358	0.8999999999999915	trials	39	s039_F200614	grSu1Ne	2		4	70.658	70.958
76.467	0.8999999999999915	trials	39	s039_F200614	grSu6Ne	6		4	76.767	77.067
77.07600000000001	0.8999999999999915	trials	39	s039_F200614	grCe_grSu3Ne	5	45.0	4	77.376	77.675
77.684	0.8999999999999915	trials	39	s039_F200614	grSu6CiNe	14		4	77.984	78.284
78.293	0.8999999999999915	trials	39	s039_F200614	coCe_grSu6Ne	17	135.0	4	78.593	78.892
78.901	0.8999999999999915	trials	39	s039_F200614	grCe_grSu1Ne	3	45.0	4	79.201	79.501
85.00200000000001	0.8999999999999915	trials	39	s039_F200614	grCe_grSu12Mi	9	180.0	4	85.302	85.601
86.25200000000001	0.8999999999999915	trials	39	s039_F200614	grCe_grSu3Ne	5	180.0	4	86.552	86.852
87.46900000000001	0.8999999999999915	trials	39	s039_F200614	grCe_grSu6CiNe_PS	19	315.0	4	87.769	88.068
93.795	0.8999999999999915	trials	39	s039_F200614	grCe_grSu1Ne	3	135.0	4	94.095	94.394
94.395	0.8999999999999915	trials	39	s039_F200614	grCe	1	315.0	4	94.695	94.994
95.02	0.8999999999999915	trials	39	s039_F200614	grCe_grSu18Fa	11	135.0	4	95.32	95.619
95.628	0.8999999999999915	trials	39	s039_F200614	grCe_grSu12SmCiNe	13	135.0	4	95.928	96.228
96.22800000000001	0.8999999999999915	trials	39	s039_F200614	grCe	1	180.0	4	96.528	96.828
105.804	0.8999999999999915	trials	39	s039_F200614	grSu3Ne	4		4	106.104	106.404
109.447	0.8999999999999915	trials	39	s039_F200614	grCe_grSu1Ne	3	225.0	4	109.747	110.046
110.063	0.8999999999999915	trials	39	s039_F200614	coCe_grSu6Ne	17	225.0	4	110.363	110.663
110.672	0.8999999999999915	trials	39	s039_F200614	grSu12Mi	8		4	110.972	111.271
111.28	0.8999999999999915	trials	39	s039_F200614	grCe_grSu6Ne_PS	18	45.0	4	111.58	111.88
111.897	0.8999999999999915	trials	39	s039_F200614	grCe_grSu6CiNe	15	0.0	4	112.197	112.497
117.98100000000001	0.8999999999999915	trials	39	s039_F200614	grCe_grSu6CiNe	15	135.0	4	118.281	118.581
118.598	0.8999999999999915	trials	39	s039_F200614	grCe_grSu18Fa	11	180.0	4	118.898	119.197
122.765	0.8999999999999915	trials	39	s039_F200614	grCe_grSu12SmCiNe_PS	21	180.0	4	123.065	123.365
123.373	0.8999999999999915	trials	39	s039_F200614	grCe_grSu1Ne	3	315.0	4	123.673	123.973
124.015	0.8999999999999915	trials	39	s039_F200614	grCe_grSu6Ne	7	0.0	4	124.315	124.615
124.61500000000001	0.8999999999999915	trials	39	s039_F200614	NoStim	0		4	124.915	125.215
134.125	0.9000000000000057	trials	39	s039_F200614	grCe_grSu18Fa	11	225.0	4	134.425	134.724
137.67499999999998	0.9000000000000057	trials	39	s039_F200614	grCe	1	45.0	4	137.975	138.275
138.284	0.9000000000000057	trials	39	s039_F200614	coCe	16	45.0	4	138.584	138.883
138.892	0.9000000000000057	trials	39	s039_F200614	grCe_grSu6Ne	7	135.0	4	139.192	139.492
139.492	0.9000000000000057	trials	39	s039_F200614	coCe	16	270.0	4	139.792	140.092
140.1	0.9000000000000057	trials	39	s039_F200614	grCe_grSu12SmCiNe_PS	21	270.0	4	140.4	140.7
146.33499999999998	0.9000000000000057	trials	39	s039_F200614	grCe_grSu12Mi	9	0.0	4	146.635	146.934
146.951	0.9000000000000057	trials	39	s039_F200614	grSu18Fa	10		4	147.251	147.551
150.66899999999998	0.9000000000000057	trials	39	s039_F200614	coCe_grSu6Ne	17	0.0	4	150.969	151.268
151.285	0.9000000000000057	trials	39	s039_F200614	grCe_grSu18Fa	11	270.0	4	151.585	151.885
151.89399999999998	0.9000000000000057	trials	39	s039_F200614	grCe_grSu6Ne	7	180.0	4	152.194	152.493
152.50199999999998	0.9000000000000057	trials	39	s039_F200614	grCe_grSu6Ne_PS	18	0.0	4	152.802	153.102
153.111	0.9000000000000057	trials	39	s039_F200614	grCe_grSu12SmCiNe	13	90.0	4	153.411	153.71
159.361	0.9000000000000057	trials	39	s039_F200614	coCe_grSu6Ne	17	180.0	4	159.661	159.961
159.97	0.9000000000000057	trials	39	s039_F200614	grCe_grSu1Ne	3	180.0	4	160.27	160.569
161.82799999999997	0.9000000000000057	trials	39	s039_F200614	grCe_grSu12SmCiNe_PS	21	225.0	4	162.128	162.428
168.446	0.9000000000000057	trials	39	s039_F200614	grCe_grSu12SmCiNe_PS	21	135.0	4	168.746	169.046
169.66299999999998	0.9000000000000057	trials	39	s039_F200614	grCe_grSu12SmCiNe_PS	21	90.0	4	169.963	170.262
170.271	0.9000000000000057	trials	39	s039_F200614	grCe_grSu6Ne	7	225.0	4	170.571	170.871
170.879	0.9000000000000057	trials	39	s039_F200614	grCe_grSu6Ne_PS	18	90.0	4	171.179	171.479
176.98899999999998	0.9000000000000057	trials	39	s039_F200614	grCe_grSu12SmCiNe	13	225.0	4	177.289	177.588
177.59699999999998	0.9000000000000057	trials	39	s039_F200614	grCe_grSu6Ne_PS	18	135.0	4	177.897	178.197
178.20499999999998	0.9000000000000057	trials	39	s039_F200614	grCe_grSu6Ne	7	45.0	4	178.505	178.805
179.464	0.9000000000000057	trials	39	s039_F200614	grCe_grSu6Ne	7	90.0	4	179.764	180.064
185.665	0.9000000000000057	trials	39	s039_F200614	grCe_grSu12Mi	9	270.0	4	185.965	186.264
186.273	0.9000000000000057	trials	39	s039_F200614	grCe_grSu6Ne_PS	18	315.0	4	186.573	186.873
186.88199999999998	0.9000000000000057	trials	39	s039_F200614	grCe_grSu3Ne	5	90.0	4	187.182	187.481
187.48999999999998	0.9000000000000057	trials	39	s039_F200614	grCe_grSu6CiNe	15	90.0	4	187.79	188.09
188.13199999999998	0.9000000000000057	trials	39	s039_F200614	grCe_grSu3Ne	5	270.0	4	188.432	188.731
194.28199999999998	0.9000000000000057	trials	39	s039_F200614	grCe_grSu18Fa	11	0.0	4	194.582	194.882
194.92399999999998	0.9000000000000057	trials	39	s039_F200614	grCe	1	270.0	4	195.224	195.524
195.533	0.9000000000000057	trials	39	s039_F200614	grCe_grSu6CiNe_PS	19	90.0	4	195.833	196.132
200.392	0.9000000000000057	trials	39	s039_F200614	grCe_grSu1Ne	3	90.0	4	200.692	200.991
200.992	0.9000000000000057	trials	39	s039_F200614	grCe	1	135.0	4	201.292	201.591
207.77599999999998	0.9000000000000057	trials	39	s039_F200614	grCe_grSu3Ne	5	135.0	4	208.076	208.376
219.619	0.9000000000000057	trials	39	s039_F200614	grCe_grSu12SmCiNe_PS	21	315.0	4	219.919	220.219
220.236	0.9000000000000057	trials	39	s039_F200614	grCe_grSu12Mi	9	90.0	4	220.536	220.836
221.469	0.9000000000000057	trials	39	s039_F200614	coCe_grSu6Ne	17	45.0	4	221.769	222.069
227.47799999999998	0.9000000000000057	trials	39	s039_F200614	grCe_grSu6CiNe	15	225.0	4	227.778	228.078
228.11999999999998	0.9000000000000057	trials	39	s039_F200614	grCe_grSu6CiNe	15	45.0	4	228.42	228.72
228.72	0.9000000000000057	trials	39	s039_F200614	coCe	16	225.0	4	229.02	229.32
229.362	0.9000000000000057	trials	39	s039_F200614	grCe_grSu6Ne_PS	18	180.0	4	229.662	229.962
233.24599999999998	0.9000000000000057	trials	39	s039_F200614	coCe_grSu6Ne	17	90.0	4	233.546	233.846
233.84599999999998	0.9000000000000057	trials	39	s039_F200614	coCe	16	0.0	4	234.146	234.446
235.071	0.9000000000000057	trials	39	s039_F200614	grCe_grSu12Mi	9	315.0	4	235.371	235.671
235.688	0.9000000000000057	trials	39	s039_F200614	grCe_grSu12SmCiNe_PS	21	0.0	4	235.988	236.288
242.48899999999998	0.9000000000000057	trials	39	s039_F200614	grCe	1	225.0	4	242.789	243.088
243.09699999999998	0.9000000000000057	trials	39	s039_F200614	grCe_grSu1Ne	3	0.0	4	243.397	243.697
243.706	0.9000000000000057	trials	39	s039_F200614	grCe_grSu3Ne	5	225.0	4	244.006	244.305
244.314	0.9000000000000057	trials	39	s039_F200614	grCe_grSu3Ne	5	315.0	4	244.614	244.914
250.40599999999998	0.9000000000000057	trials	39	s039_F200614	grCe_grSu18Fa	11	45.0	4	250.706	251.006
251.623	0.9000000000000057	trials	39	s039_F200614	grCe_grSu6CiNe_PS	19	45.0	4	251.923	252.223
252.232	0.9000000000000057	trials	39	s039_F200614	grCe_grSu6CiNe_PS	19	180.0	4	252.532	252.831
262.26599999999996	0.9000000000000341	trials	39	s039_F200614	coCe	16	135.0	4	262.566	262.866
262.883	0.9000000000000341	trials	39	s039_F200614	grCe_grSu12Mi	9	135.0	4	263.183	263.483
263.491	0.9000000000000341	trials	39	s039_F200614	coCe_grSu6Ne	17	315.0	4	263.791	264.091
264.09999999999997	0.9000000000000341	trials	39	s039_F200614	grCe_grSu12SmCiNe	13	0.0	4	264.4	264.7
264.75	0.9000000000000341	trials	39	s039_F200614	grCe_grSu3Ne	5	0.0	4	265.05	265.35
270.876	0.9000000000000341	trials	39	s039_F200614	grCe_grSu6Ne	7	270.0	4	271.176	271.475
271.49199999999996	0.9000000000000341	trials	39	s039_F200614	grCe_grSu12SmCiNe_PS	21	45.0	4	271.792	272.092
272.726	0.9000000000000341	trials	39	s039_F200614	coSu6Ne	20		4	273.026	273.326
273.368	0.9000000000000341	trials	39	s039_F200614	grCe_grSu6CiNe	15	180.0	4	273.668	273.967
279.443	0.9000000000000341	trials	39	s039_F200614	grCe_grSu12SmCiNe	13	270.0	4	279.743	280.043
280.044	0.9000000000000341	trials	39	s039_F200614	grCe	1	0.0	4	280.344	280.643
281.26	0.9000000000000341	trials	39	s039_F200614	coCe_grSu6Ne	17	270.0	4	281.56	281.86
281.86899999999997	0.9000000000000341	trials	39	s039_F200614	grCe_grSu1Ne	3	270.0	4	282.169	282.468
288.053	0.9000000000000341	trials	39	s039_F200614	grCe_grSu6CiNe_PS	19	135.0	4	288.353	288.653
288.661	0.9000000000000341	trials	39	s039_F200614	grCe_grSu6CiNe	15	270.0	8	288.961	289.261
289.27	0.9000000000000341	trials	39	s039_F200614	grCe_grSu6Ne_PS	18	225.0	8	289.57	289.869
289.88599999999997	0.9000000000000341	trials	39	s039_F200614	grCe_grSu12Mi	9	315.0	8	290.186	290.486
296.546	0.9000000000000341	trials	39	s039_F200614	coSu6Ne	20		8	296.846	297.145
297.154	0.9000000000000341	trials	39	s039_F200614	grCe_grSu1Ne	3	315.0	8	297.454	297.754
297.763	0.9000000000000341	trials	39	s039_F200614	coCe_grSu6Ne	17	270.0	8	298.063	298.362
298.979	0.9000000000000341	trials	39	s039_F200614	grCe_grSu3Ne	5	90.0	8	299.279	299.579
305.147	0.9000000000000341	trials	39	s039_F200614	grCe_grSu1Ne	3	90.0	8	305.447	305.746
306.989	0.9000000000000341	trials	39	s039_F200614	coCe_grSu6Ne	17	45.0	8	307.289	307.588
307.60499999999996	0.9000000000000341	trials	39	s039_F200614	grCe_grSu6CiNe	15	0.0	8	307.905	308.205
313.798	0.9000000000000341	trials	39	s039_F200614	grCe_grSu18Fa	11	90.0	8	314.098	314.398
314.406	0.9000000000000341	trials	39	s039_F200614	grSu6CiNe	14		8	314.706	315.006
315.015	0.9000000000000341	trials	39	s039_F200614	grCe_grSu12SmCiNe	13	135.0	8	315.315	315.614
316.248	0.9000000000000341	trials	39	s039_F200614	grCe_grSu6Ne	7	270.0	8	316.548	316.848
322.316	0.9000000000000341	trials	39	s039_F200614	grCe_grSu12SmCiNe_PS	21	45.0	8	322.616	322.915
322.966	0.9000000000000341	trials	39	s039_F200614	grCe_grSu12Mi	9	270.0	8	323.266	323.565
323.574	0.9000000000000341	trials	39	s039_F200614	grCe_grSu1Ne	3	135.0	8	323.874	324.174
324.241	0.9000000000000341	trials	39	s039_F200614	grCe_grSu18Fa	11	45.0	8	324.541	324.841
324.849	0.9000000000000341	trials	39	s039_F200614	grCe_grSu1Ne	3	180.0	8	325.149	325.449
330.983	0.9000000000000341	trials	39	s039_F200614	grCe_grSu12Mi	9	45.0	8	331.283	331.583
331.584	0.9000000000000341	trials	39	s039_F200614	grCe	1	0.0	8	331.884	332.183
332.2	0.9000000000000341	trials	39	s039_F200614	grCe_grSu18Fa	11	225.0	8	332.5	332.8
332.80899999999997	0.9000000000000341	trials	39	s039_F200614	grSu6Ne	6		8	333.109	333.408
333.417	0.9000000000000341	trials	39	s039_F200614	grCe_grSu3Ne	5	225.0	8	333.717	334.017
339.51	0.9000000000000341	trials	39	s039_F200614	grCe_grSu3Ne	5	180.0	8	339.81	340.109
343.127	0.9000000000000341	trials	39	s039_F200614	coCe_grSu6Ne	17	0.0	8	343.427	343.726
343.735	0.9000000000000341	trials	39	s039_F200614	grCe_grSu12SmCiNe_PS	21	225.0	8	344.035	344.335
344.40999999999997	0.9000000000000341	trials	39	s039_F200614	grCe_grSu12Mi	9	135.0	8	344.71	345.01
345.019	0.9000000000000341	trials	39	s039_F200614	grSu12SmCiNe	12		8	345.319	345.618
345.61899999999997	0.9000000000000341	trials	39	s039_F200614	coCe	16	315.0	8	345.919	346.218
352.995	0.9000000000000341	trials	39	s039_F200614	grCe_grSu3Ne	5	315.0	8	353.295	353.594
353.603	0.9000000000000341	trials	39	s039_F200614	grCe_grSu1Ne	3	225.0	8	353.903	354.203
354.211	0.9000000000000341	trials	39	s039_F200614	grCe_grSu12SmCiNe	13	315.0	8	354.511	354.811
360.37899999999996	0.9000000000000341	trials	39	s039_F200614	grCe_grSu6Ne_PS	18	315.0	8	360.679	360.979
364.113	0.9000000000000341	trials	39	s039_F200614	grCe_grSu12SmCiNe	13	180.0	8	364.413	364.712
364.729	0.9000000000000341	trials	39	s039_F200614	grCe_grSu12Mi	9	180.0	8	365.029	365.329
365.371	0.9000000000000341	trials	39	s039_F200614	grCe_grSu12Mi	9	225.0	8	365.671	365.971
365.971	0.9000000000000341	trials	39	s039_F200614	coCe	16	0.0	8	366.271	366.571
366.57099999999997	0.9000000000000341	trials	39	s039_F200614	NoStim	0		8	366.871	367.171
372.931	0.9000000000000341	trials	39	s039_F200614	grCe_grSu6Ne_PS	18	180.0	8	373.231	373.53
373.539	0.9000000000000341	trials	39	s039_F200614	grCe_grSu6Ne_PS	18	45.0	8	373.839	374.139
374.147	0.9000000000000341	trials	39	s039_F200614	grSu12Mi	8		8	374.447	374.747
374.806	0.9000000000000341	trials	39	s039_F200614	grCe_grSu18Fa	11	180.0	8	375.106	375.405
375.414	0.9000000000000341	trials	39	s039_F200614	coCe_grSu6Ne	17	135.0	8	375.714	376.014
381.807	0.9000000000000341	trials	39	s039_F200614	grCe_grSu12SmCiNe_PS	21	0.0	8	382.107	382.406
382.407	0.9000000000000341	trials	39	s039_F200614	grCe	1	45.0	8	382.707	383.006
383.649	0.9000000000000341	trials	39	s039_F200614	coCe_grSu6Ne	17	225.0	8	383.949	384.248
384.257	0.9000000000000341	trials	39	s039_F200614	grCe_grSu12SmCiNe_PS	21	315.0	8	384.557	384.857
390.349	0.9000000000000341	trials	39	s039_F200614	grCe_grSu6Ne	7	225.0	8	390.649	390.949
390.95799999999997	0.9000000000000341	trials	39	s039_F200614	grCe_grSu6Ne_PS	18	90.0	8	391.258	391.558
391.608	0.9000000000000341	trials	39	s039_F200614	grCe_grSu3Ne	5	270.0	8	391.908	392.208
392.25	0.9000000000000341	trials	39	s039_F200614	grCe_grSu1Ne	3	270.0	8	392.55	392.849
392.883	0.9000000000000341	trials	39	s039_F200614	coCe	16	45.0	8	393.183	393.483
402.126	0.9000000000000341	trials	39	s039_F200614	grCe_grSu6CiNe_PS	19	45.0	8	402.426	402.726
402.751	0.9000000000000341	trials	39	s039_F200614	grCe_grSu6Ne_PS	18	0.0	8	403.051	403.351
403.359	0.9000000000000341	trials	39	s039_F200614	grCe_grSu12SmCiNe_PS	21	180.0	8	403.659	403.959
403.976	0.9000000000000341	trials	39	s039_F200614	grCe_grSu18Fa	11	135.0	8	404.276	404.576
410.644	0.9000000000000341	trials	39	s039_F200614	grSu1Ne	2		8	410.944	411.243
411.24399999999997	0.9000000000000341	trials	39	s039_F200614	grCe	1	180.0	8	411.544	411.844
411.852	0.9000000000000341	trials	39	s039_F200614	grCe_grSu6CiNe	15	180.0	8	412.152	412.452
412.461	0.9000000000000341	trials	39	s039_F200614	grCe_grSu6Ne_PS	18	270.0	8	412.761	413.06
413.069	0.9000000000000341	trials	39	s039_F200614	grCe_grSu1Ne	3	45.0	8	413.369	413.669
420.462	0.9000000000000341	trials	39	s039_F200614	coCe_grSu6Ne	17	180.0	8	420.762	421.061
421.087	0.9000000000000341	trials	39	s039_F200614	grCe_grSu6Ne	7	135.0	8	421.387	421.686
421.687	0.9000000000000341	trials	39	s039_F200614	coCe	16	90.0	8	421.987	422.287
428.171	0.9000000000000341	trials	39	s039_F200614	grCe	1	270.0	8	428.471	428.771
428.779	0.9000000000000341	trials	39	s039_F200614	grCe_grSu12SmCiNe_PS	21	90.0	8	429.079	429.379
429.388	0.9000000000000341	trials	39	s039_F200614	grCe_grSu6CiNe	15	135.0	8	429.688	429.988
429.996	0.9000000000000341	trials	39	s039_F200614	grCe_grSu6Ne	7	0.0	8	430.296	430.596
436.772	0.9000000000000341	trials	39	s039_F200614	coCe_grSu6Ne	17	315.0	8	437.072	437.372
438.597	0.9000000000000341	trials	39	s039_F200614	grCe_grSu1Ne	3	0.0	8	438.897	439.197
439.231	0.9000000000000341	trials	39	s039_F200614	grCe_grSu6CiNe	15	315.0	8	439.531	439.83
445.865	0.9000000000000341	trials	39	s039_F200614	coCe	16	135.0	8	446.165	446.465
446.473	0.9000000000000341	trials	39	s039_F200614	grCe_grSu6CiNe_PS	19	0.0	8	446.773	447.073
447.073	0.9000000000000341	trials	39	s039_F200614	coCe	16	180.0	8	447.373	447.673
447.724	0.9000000000000341	trials	39	s039_F200614	grCe_grSu6CiNe_PS	19	180.0	8	448.024	448.323
453.87399999999997	0.9000000000000341	trials	39	s039_F200614	grCe_grSu6Ne	7	180.0	8	454.174	454.474
454.49899999999997	0.9000000000000341	trials	39	s039_F200614	grCe_grSu18Fa	11	315.0	8	454.799	455.099
455.108	0.9000000000000341	trials	39	s039_F200614	grCe_grSu6Ne	7	45.0	8	455.408	455.708
455.716	0.9000000000000341	trials	39	s039_F200614	grCe_grSu6Ne	7	90.0	8	456.016	456.316
456.325	0.9000000000000341	trials	39	s039_F200614	coCe	16	225.0	8	456.625	456.924
462.334	0.9000000000000341	trials	39	s039_F200614	grCe_grSu12SmCiNe	13	90.0	8	462.634	462.933
462.942	0.9000000000000341	trials	39	s039_F200614	grCe_grSu3Ne	5	135.0	8	463.242	463.542
464.176	0.9000000000000341	trials	39	s039_F200614	grCe_grSu3Ne	5	45.0	8	464.476	464.775
464.784	0.9000000000000341	trials	39	s039_F200614	grCe_grSu6CiNe_PS	19	135.0	8	465.084	465.384
471.693	0.9000000000000341	trials	39	s039_F200614	grCe_grSu18Fa	11	270.0	8	471.993	472.293
472.31	0.9000000000000341	trials	39	s039_F200614	grSu18Fa	10		8	472.61	472.91
472.918	0.9000000000000341	trials	39	s039_F200614	grSu3Ne	4		8	473.218	473.518
479.63599999999997	0.9000000000000341	trials	39	s039_F200614	grCe_grSu6Ne	7	315.0	8	479.936	480.236
480.24399999999997	0.9000000000000341	trials	39	s039_F200614	grCe_grSu12SmCiNe_PS	21	135.0	8	480.544	480.844
480.853	0.9000000000000341	trials	39	s039_F200614	grCe_grSu12SmCiNe	13	270.0	8	481.153	481.453
481.461	0.9000000000000341	trials	39	s039_F200614	grCe_grSu12SmCiNe_PS	21	270.0	8	481.761	482.061
489.679	0.9000000000000341	trials	39	s039_F200614	grCe	1	135.0	8	489.979	490.279
490.287	0.9000000000000341	trials	39	s039_F200614	grCe_grSu12SmCiNe	13	45.0	8	490.587	490.887
490.929	0.9000000000000341	trials	39	s039_F200614	grCe	1	225.0	8	491.229	491.529
497.08	0.9000000000000341	trials	39	s039_F200614	grCe_grSu3Ne	5	0.0	8	497.38	497.68
497.68	0.9000000000000341	trials	39	s039_F200614	grCe	1	90.0	8	497.98	498.28
498.288	0.9000000000000341	trials	39	s039_F200614	grCe_grSu6CiNe_PS	19	90.0	8	498.588	498.888
498.905	0.9000000000000341	trials	39	s039_F200614	grCe_grSu12Mi	9	0.0	8	499.205	499.505
506.073	0.9000000000000341	trials	39	s039_F200614	grCe_grSu12Mi	9	90.0	8	506.373	506.672
506.673	0.9000000000000341	trials	39	s039_F200614	grCe	1	315.0	8	506.973	507.273
507.306	0.9000000000000341	trials	39	s039_F200614	grCe_grSu6CiNe	15	45.0	8	507.606	507.906
508.52299999999997	0.9000000000000341	trials	39	s039_F200614	grCe_grSu6CiNe	15	225.0	8	508.823	509.123
515.2410000000001	0.8999999999999773	trials	39	s039_F200614	grCe_grSu6CiNe_PS	19	315.0	8	515.541	515.84
515.874	0.8999999999999773	trials	39	s039_F200614	grCe_grSu6Ne_PS	18	135.0	8	516.174	516.474
516.4820000000001	0.8999999999999773	trials	39	s039_F200614	coCe_grSu6Ne	17	90.0	8	516.782	517.082
523.225	0.8999999999999773	trials	39	s039_F200614	grCe_grSu6CiNe	15	90.0	8	523.525	523.825
523.825	0.8999999999999773	trials	39	s039_F200614	coCe	16	270.0	8	524.125	524.425
524.433	0.8999999999999773	trials	39	s039_F200614	grCe_grSu12SmCiNe	13	0.0	8	524.733	525.033
525.042	0.8999999999999773	trials	39	s039_F200614	grCe_grSu6CiNe_PS	19	270.0	8	525.342	525.642
525.659	0.8999999999999773	trials	39	s039_F200614	grCe_grSu6CiNe_PS	19	225.0	8	525.959	526.258
531.701	0.8999999999999773	trials	39	s039_F200614	grCe_grSu12SmCiNe	13	225.0	8	532.001	532.301
532.3180000000001	0.8999999999999773	trials	39	s039_F200614	grCe_grSu18Fa	11	0.0	8	532.618	532.917
533.5350000000001	0.8999999999999773	trials	39	s039_F200614	grCe_grSu6CiNe_PS	19	0.0	1	533.835	534.134
540.4440000000001	0.8999999999999773	trials	39	s039_F200614	grCe_grSu1Ne	3	315.0	1	540.744	541.044
541.061	0.8999999999999773	trials	39	s039_F200614	grCe_grSu18Fa	11	180.0	1	541.361	541.66
542.277	0.8999999999999773	trials	39	s039_F200614	grCe_grSu12SmCiNe	13	0.0	1	542.577	542.877
542.9190000000001	0.8999999999999773	trials	39	s039_F200614	grCe_grSu12Mi	9	225.0	1	543.219	543.519
549.653	0.8999999999999773	trials	39	s039_F200614	coCe_grSu6Ne	17	315.0	1	549.953	550.253
550.312	0.8999999999999773	trials	39	s039_F200614	grCe_grSu18Fa	11	135.0	1	550.612	550.911
550.9200000000001	0.8999999999999773	trials	39	s039_F200614	grCe_grSu6CiNe	15	315.0	1	551.22	551.52
551.562	0.8999999999999773	trials	39	s039_F200614	grSu18Fa	10		1	551.862	552.162
552.162	0.8999999999999773	trials	39	s039_F200614	grCe	1	270.0	1	552.462	552.762
558.4380000000001	0.8999999999999773	trials	39	s039_F200614	grCe	1	135.0	1	558.738	559.038
559.046	0.8999999999999773	trials	39	s039_F200614	grCe_grSu12SmCiNe	13	180.0	1	559.346	559.646
560.263	0.8999999999999773	trials	39	s039_F200614	grCe_grSu12SmCiNe	13	135.0	1	560.563	560.863
560.8710000000001	0.8999999999999773	trials	39	s039_F200614	grCe_grSu6Ne	7	180.0	1	561.171	561.471
567.172	0.8999999999999773	trials	39	s039_F200614	coCe	16	135.0	1	567.472	567.772
567.7810000000001	0.8999999999999773	trials	39	s039_F200614	grCe_grSu6CiNe_PS	19	180.0	1	568.081	568.38
568.389	0.8999999999999773	trials	39	s039_F200614	NoStim	0		1	568.689	568.989
569.014	0.8999999999999773	trials	39	s039_F200614	grCe_grSu12SmCiNe	13	225.0	1	569.314	569.614
569.623	0.8999999999999773	trials	39	s039_F200614	grCe	1	225.0	1	569.923	570.222
576.432	0.8999999999999773	trials	39	s039_F200614	grCe_grSu18Fa	11	90.0	1	576.732	577.032
577.0400000000001	0.8999999999999773	trials	39	s039_F200614	grCe_grSu6Ne_PS	18	180.0	1	577.34	577.64
577.649	0.8999999999999773	trials	39	s039_F200614	grCe_grSu6Ne_PS	18	225.0	1	577.949	578.248
584.533	0.8999999999999773	trials	39	s039_F200614	grCe_grSu6Ne_PS	18	135.0	1	584.833	585.133
585.158	0.8999999999999773	trials	39	s039_F200614	grCe_grSu6Ne_PS	18	270.0	1	585.458	585.758
585.783	0.8999999999999773	trials	39	s039_F200614	coCe_grSu6Ne	17	135.0	1	586.083	586.383
586.3910000000001	0.8999999999999773	trials	39	s039_F200614	grCe_grSu12SmCiNe_PS	21	45.0	1	586.691	586.991
587.0	0.8999999999999773	trials	39	s039_F200614	grCe_grSu12SmCiNe	13	90.0	1	587.3	587.6
592.9920000000001	0.8999999999999773	trials	39	s039_F200614	grSu1Ne	2		1	593.292	593.592
593.634	0.8999999999999773	trials	39	s039_F200614	coCe	16	0.0	1	593.934	594.234
594.2420000000001	0.8999999999999773	trials	39	s039_F200614	grCe_grSu3Ne	5	270.0	1	594.542	594.842
594.851	0.8999999999999773	trials	39	s039_F200614	grCe_grSu1Ne	3	45.0	1	595.151	595.451
601.6600000000001	0.8999999999999773	trials	39	s039_F200614	coCe_grSu6Ne	17	0.0	1	601.96	602.26
602.4190000000001	0.8999999999999773	trials	39	s039_F200614	grCe_grSu6Ne	7	270.0	1	602.719	603.018
603.027	0.8999999999999773	trials	39	s039_F200614	grCe_grSu1Ne	3	90.0	1	603.327	603.627
603.635	0.8999999999999773	trials	39	s039_F200614	grCe_grSu12SmCiNe	13	45.0	1	603.935	604.235
604.244	0.8999999999999773	trials	39	s039_F200614	grCe_grSu12SmCiNe_PS	21	180.0	1	604.544	604.843
610.345	0.8999999999999773	trials	39	s039_F200614	grSu12Mi	8		1	610.645	610.944
610.9530000000001	0.8999999999999773	trials	39	s039_F200614	grCe_grSu6Ne	7	135.0	1	611.253	611.553
611.561	0.8999999999999773	trials	39	s039_F200614	grCe_grSu12SmCiNe_PS	21	225.0	1	611.861	612.161
612.2030000000001	0.8999999999999773	trials	39	s039_F200614	coCe_grSu6Ne	17	225.0	1	612.503	612.803
612.82	0.8999999999999773	trials	39	s039_F200614	grCe_grSu12Mi	9	180.0	1	613.12	613.42
618.962	0.8999999999999773	trials	39	s039_F200614	grCe_grSu6CiNe_PS	19	90.0	1	619.262	619.562
620.171	0.8999999999999773	trials	39	s039_F200614	grCe	1	90.0	1	620.471	620.77
624.788	0.8999999999999773	trials	39	s039_F200614	grCe_grSu6CiNe	15	45.0	1	625.088	625.388
625.388	0.8999999999999773	trials	39	s039_F200614	coCe	16	180.0	1	625.688	625.988
625.9970000000001	0.8999999999999773	trials	39	s039_F200614	grCe_grSu6CiNe	15	180.0	1	626.297	626.596
626.605	0.8999999999999773	trials	39	s039_F200614	grCe_grSu6CiNe	15	225.0	1	626.905	627.205
627.238	0.8999999999999773	trials	39	s039_F200614	coCe	16	45.0	1	627.538	627.838
633.864	0.8999999999999773	trials	39	s039_F200614	grCe	1	315.0	1	634.164	634.464
634.4730000000001	0.8999999999999773	trials	39	s039_F200614	coCe_grSu6Ne	17	270.0	1	634.773	635.072
635.139	0.8999999999999773	trials	39	s039_F200614	grCe_grSu1Ne	3	225.0	1	635.439	635.739
635.748	0.8999999999999773	trials	39	s039_F200614	grCe_grSu3Ne	5	90.0	1	636.048	636.347
641.774	0.8999999999999773	trials	39	s039_F200614	grSu3Ne	4		1	642.074	642.373
642.3820000000001	0.8999999999999773	trials	39	s039_F200614	grCe_grSu1Ne	3	270.0	1	642.682	642.982
642.999	0.8999999999999773	trials	39	s039_F200614	grCe_grSu18Fa	11	315.0	1	643.299	643.598
643.615	0.8999999999999773	trials	39	s039_F200614	coCe_grSu6Ne	17	90.0	1	643.915	644.215
644.2320000000001	0.8999999999999773	trials	39	s039_F200614	grCe_grSu18Fa	11	45.0	1	644.532	644.832
653.2080000000001	0.8999999999999773	trials	39	s039_F200614	grCe_grSu6Ne	7	90.0	1	653.508	653.808
653.817	0.8999999999999773	trials	39	s039_F200614	grCe_grSu6Ne	7	45.0	1	654.117	654.416
654.4340000000001	0.8999999999999773	trials	39	s039_F200614	coCe	16	270.0	1	654.734	655.033
655.0500000000001	0.8999999999999773	trials	39	s039_F200614	grCe_grSu18Fa	11	270.0	1	655.35	655.65
664.585	0.8999999999999773	trials	39	s039_F200614	grCe_grSu3Ne	5	180.0	1	664.885	665.185
665.802	0.8999999999999773	trials	39	s039_F200614	grCe_grSu3Ne	5	0.0	1	666.102	666.401
666.4100000000001	0.8999999999999773	trials	39	s039_F200614	grCe_grSu6CiNe_PS	19	45.0	1	666.71	667.01
673.236	0.8999999999999773	trials	39	s039_F200614	coCe	16	225.0	1	673.536	673.836
673.8530000000001	0.8999999999999773	trials	39	s039_F200614	grCe_grSu12Mi	9	270.0	1	674.153	674.452
674.503	0.8999999999999773	trials	39	s039_F200614	coCe_grSu6Ne	17	180.0	1	674.803	675.102
675.12	0.8999999999999773	trials	39	s039_F200614	grCe_grSu12Mi	9	90.0	1	675.42	675.719
682.12	0.8999999999999773	trials	39	s039_F200614	grSu6CiNe	14		1	682.42	682.72
682.729	0.8999999999999773	trials	39	s039_F200614	grCe_grSu6Ne_PS	18	45.0	1	683.029	683.329
683.3290000000001	0.8999999999999773	trials	39	s039_F200614	grCe	1	180.0	1	683.629	683.929
684.546	0.8999999999999773	trials	39	s039_F200614	grCe_grSu12SmCiNe_PS	21	270.0	1	684.846	685.145
690.73	0.8999999999999773	trials	39	s039_F200614	grCe_grSu6Ne	7	0.0	1	691.03	691.33
691.33	0.8999999999999773	trials	39	s039_F200614	coCe	16	315.0	1	691.63	691.93
691.947	0.8999999999999773	trials	39	s039_F200614	grCe_grSu6Ne_PS	18	0.0	1	692.247	692.546
692.5550000000001	0.8999999999999773	trials	39	s039_F200614	grSu12SmCiNe	12		1	692.855	693.155
699.389	0.8999999999999773	trials	39	s039_F200614	grCe_grSu6CiNe	15	135.0	1	699.689	699.989
700.0060000000001	0.8999999999999773	trials	39	s039_F200614	grCe_grSu1Ne	3	0.0	1	700.306	700.606
701.2230000000001	0.8999999999999773	trials	39	s039_F200614	grCe_grSu12SmCiNe_PS	21	0.0	1	701.523	701.823
701.831	0.8999999999999773	trials	39	s039_F200614	grCe_grSu6Ne	7	315.0	1	702.131	702.431
708.707	0.8999999999999773	trials	39	s039_F200614	grCe_grSu12Mi	9	135.0	1	709.007	709.307
709.332	0.8999999999999773	trials	39	s039_F200614	grCe_grSu18Fa	11	225.0	1	709.632	709.932
710.5740000000001	0.8999999999999773	trials	39	s039_F200614	grCe_grSu12SmCiNe_PS	21	315.0	1	710.874	711.174
716.6750000000001	0.8999999999999773	trials	39	s039_F200614	grCe_grSu12SmCiNe_PS	21	90.0	1	716.975	717.275
717.283	0.8999999999999773	trials	39	s039_F200614	grCe_grSu12Mi	9	315.0	1	717.583	717.883
717.892	0.8999999999999773	trials	39	s039_F200614	grCe_grSu6Ne_PS	18	315.0	1	718.192	718.491
718.5	0.8999999999999773	trials	39	s039_F200614	grCe_grSu6CiNe_PS	19	225.0	1	718.8	719.1
719.134	0.8999999999999773	trials	39	s039_F200614	grCe_grSu6CiNe	15	270.0	1	719.434	719.733
726.034	0.8999999999999773	trials	39	s039_F200614	grCe_grSu12SmCiNe	13	315.0	1	726.334	726.634
727.268	0.8999999999999773	trials	39	s039_F200614	grCe_grSu12Mi	9	0.0	1	727.568	727.868
727.868	0.8999999999999773	trials	39	s039_F200614	coCe	16	90.0	1	728.168	728.468
733.985	0.8999999999999773	trials	39	s039_F200614	grCe_grSu18Fa	11	0.0	1	734.285	734.585
734.594	0.8999999999999773	trials	39	s039_F200614	grCe_grSu3Ne	5	315.0	1	734.894	735.194
735.202	0.8999999999999773	trials	39	s039_F200614	grCe_grSu3Ne	5	225.0	1	735.502	735.802
735.811	0.8999999999999773	trials	39	s039_F200614	grCe_grSu3Ne	5	135.0	1	736.111	736.41
736.4190000000001	0.8999999999999773	trials	39	s039_F200614	grCe_grSu6Ne	7	225.0	1	736.719	737.019
742.8620000000001	0.8999999999999773	trials	39	s039_F200614	grCe_grSu12SmCiNe	13	270.0	1	743.162	743.461
744.1120000000001	0.8999999999999773	trials	39	s039_F200614	grCe_grSu6CiNe	15	0.0	1	744.412	744.711
749.196	0.8999999999999773	trials	39	s039_F200614	grCe_grSu1Ne	3	135.0	1	749.496	749.795
749.8040000000001	0.8999999999999773	trials	39	s039_F200614	grCe_grSu6Ne_PS	18	90.0	1	750.104	750.404
750.4380000000001	0.8999999999999773	trials	39	s039_F200614	grCe_grSu6CiNe	15	90.0	1	750.738	751.037
751.046	0.8999999999999773	trials	39	s039_F200614	grSu6Ne	6		1	751.346	751.646
751.6880000000001	0.8999999999999773	trials	39	s039_F200614	grCe_grSu6CiNe_PS	19	270.0	1	751.988	752.287
758.239	0.8999999999999773	trials	39	s039_F200614	grCe_grSu12SmCiNe_PS	21	135.0	1	758.539	758.838
767.523	0.8999999999999773	trials	39	s039_F200614	grCe_grSu6CiNe_PS	19	135.0	1	767.823	768.123
768.1320000000001	0.8999999999999773	trials	39	s039_F200614	grCe_grSu3Ne	5	45.0	1	768.432	768.731
769.3480000000001	0.8999999999999773	trials	39	s039_F200614	coSu6Ne	20		1	769.648	769.948
769.9480000000001	0.8999999999999773	trials	39	s039_F200614	grCe	1	0.0	1	770.248	770.548
776.841	0.8999999999999773	trials	39	s039_F200614	grCe_grSu6CiNe_PS	19	315.0	1	777.141	777.441
777.441	0.8999999999999773	trials	39	s039_F200614	grCe	1	45.0	1	777.741	778.041
778.066	0.8999999999999773	trials	39	s039_F200614	grCe_grSu1Ne	3	180.0	1	778.366	778.666
784.9250000000001	0.8999999999999773	trials	39	s039_F200614	grCe_grSu12Mi	9	45.0	1	785.225	785.525
785.534	0.8999999999999773	trials	39	s039_F200614	coCe_grSu6Ne	17	45.0	1	785.834	786.133
787.384	0.8999999999999773	trials	39	s039_F200614	grCe_grSu12SmCiNe	13	315.0	5	787.684	787.984
794.8100000000001	0.8999999999999773	trials	39	s039_F200614	grSu6Ne	6		5	795.11	795.41
795.427	0.8999999999999773	trials	39	s039_F200614	grCe_grSu12Mi	9	180.0	5	795.727	796.026
796.8100000000001	0.8999999999999773	trials	39	s039_F200614	grCe_grSu6CiNe_PS	19	135.0	5	797.11	797.41
797.4190000000001	0.8999999999999773	trials	39	s039_F200614	grSu1Ne	2		5	797.719	798.018
803.821	0.8999999999999773	trials	39	s039_F200614	grCe_grSu6Ne_PS	18	45.0	5	804.121	804.42
804.437	0.8999999999999773	trials	39	s039_F200614	grSu6CiNe	14		5	804.737	805.037
805.662	0.8999999999999773	trials	39	s039_F200614	grCe_grSu18Fa	11	270.0	5	805.962	806.262
806.2710000000001	0.8999999999999773	trials	39	s039_F200614	grCe_grSu12SmCiNe_PS	21	270.0	5	806.571	806.871
812.4050000000001	0.8999999999999773	trials	39	s039_F200614	grCe_grSu6Ne	7	270.0	5	812.705	813.005
813.005	0.8999999999999773	trials	39	s039_F200614	coCe	16	180.0	5	813.305	813.605
813.6220000000001	0.8999999999999773	trials	39	s039_F200614	grCe_grSu1Ne	3	270.0	5	813.922	814.221
814.2220000000001	0.8999999999999773	trials	39	s039_F200614	coCe	16	45.0	5	814.522	814.822
822.965	0.8999999999999773	trials	39	s039_F200614	grCe_grSu18Fa	11	135.0	5	823.265	823.564
824.1980000000001	0.8999999999999773	trials	39	s039_F200614	grCe_grSu18Fa	11	315.0	5	824.498	824.798
825.423	0.8999999999999773	trials	39	s039_F200614	coCe	16	225.0	5	825.723	826.023
831.691	0.8999999999999773	trials	39	s039_F200614	coCe_grSu6Ne	17	315.0	5	831.991	832.29
832.2990000000001	0.8999999999999773	trials	39	s039_F200614	grCe_grSu6Ne	7	135.0	5	832.599	832.899
832.899	0.8999999999999773	trials	39	s039_F200614	NoStim	0		5	833.199	833.499
834.1160000000001	0.8999999999999773	trials	39	s039_F200614	grCe_grSu6CiNe_PS	19	90.0	5	834.416	834.716
840.1500000000001	0.8999999999999773	trials	39	s039_F200614	grCe_grSu6CiNe	15	270.0	5	840.45	840.75
840.759	0.8999999999999773	trials	39	s039_F200614	grCe_grSu6CiNe	15	90.0	5	841.059	841.358
841.375	0.8999999999999773	trials	39	s039_F200614	coCe_grSu6Ne	17	270.0	5	841.675	841.975
848.835	0.8999999999999773	trials	39	s039_F200614	grSu3Ne	4		5	849.135	849.434
850.043	0.8999999999999773	trials	39	s039_F200614	grCe	1	225.0	5	850.343	850.643
850.6600000000001	0.8999999999999773	trials	39	s039_F200614	grCe_grSu12Mi	9	315.0	5	850.96	851.26
851.268	0.8999999999999773	trials	39	s039_F200614	grCe_grSu6Ne	7	225.0	5	851.568	851.868
857.652	0.8999999999999773	trials	39	s039_F200614	coCe_grSu6Ne	17	45.0	5	857.952	858.252
858.278	0.8999999999999773	trials	39	s039_F200614	coCe_grSu6Ne	17	225.0	5	858.578	858.877
858.903	0.8999999999999773	trials	39	s039_F200614	coCe	16	90.0	5	859.203	859.502
859.5110000000001	0.8999999999999773	trials	39	s039_F200614	grCe_grSu6Ne_PS	18	90.0	5	859.811	860.111
860.119	0.8999999999999773	trials	39	s039_F200614	grCe_grSu6CiNe	15	45.0	5	860.419	860.719
866.995	0.8999999999999773	trials	39	s039_F200614	grCe_grSu6CiNe_PS	19	270.0	5	867.295	867.595
867.629	0.8999999999999773	trials	39	s039_F200614	grCe_grSu6CiNe_PS	19	225.0	5	867.929	868.228
868.229	0.8999999999999773	trials	39	s039_F200614	grCe	1	45.0	5	868.529	868.829
874.788	0.8999999999999773	trials	39	s039_F200614	grCe_grSu12SmCiNe_PS	21	135.0	5	875.088	875.388
875.455	0.8999999999999773	trials	39	s039_F200614	grCe_grSu18Fa	11	0.0	5	875.755	876.054
876.672	0.8999999999999773	trials	39	s039_F200614	grCe_grSu6Ne_PS	18	225.0	5	876.972	877.271
877.2800000000001	0.8999999999999773	trials	39	s039_F200614	grCe_grSu12SmCiNe	13	225.0	5	877.58	877.88
884.181	0.8999999999999773	trials	39	s039_F200614	grSu12Mi	8		5	884.481	884.781
884.8140000000001	0.8999999999999773	trials	39	s039_F200614	grCe_grSu18Fa	11	180.0	5	885.114	885.414
885.423	0.8999999999999773	trials	39	s039_F200614	grCe_grSu6CiNe	15	315.0	5	885.723	886.022
886.0730000000001	0.8999999999999773	trials	39	s039_F200614	grCe_grSu18Fa	11	90.0	5	886.373	886.672
892.8570000000001	0.8999999999999773	trials	39	s039_F200614	grCe_grSu6Ne	7	45.0	5	893.157	893.457
893.465	0.8999999999999773	trials	39	s039_F200614	grCe_grSu6CiNe_PS	19	180.0	5	893.765	894.065
894.691	0.8999999999999773	trials	39	s039_F200614	grCe_grSu12Mi	9	135.0	5	894.991	895.29
901.1500000000001	0.8999999999999773	trials	39	s039_F200614	coSu6Ne	20		5	901.45	901.749
901.758	0.8999999999999773	trials	39	s039_F200614	grCe_grSu6CiNe	15	225.0	5	902.058	902.358
903.6	0.8999999999999773	trials	39	s039_F200614	grCe_grSu12Mi	9	270.0	5	903.9	904.2
917.835	0.8999999999999773	trials	39	s039_F200614	grCe_grSu6CiNe_PS	19	315.0	5	918.135	918.435
918.46	0.8999999999999773	trials	39	s039_F200614	grCe_grSu18Fa	11	45.0	5	918.76	919.06
919.0690000000001	0.8999999999999773	trials	39	s039_F200614	grCe_grSu3Ne	5	45.0	5	919.369	919.668
919.677	0.8999999999999773	trials	39	s039_F200614	grCe_grSu3Ne	5	135.0	5	919.977	920.277
920.311	0.8999999999999773	trials	39	s039_F200614	grCe_grSu12SmCiNe_PS	21	45.0	5	920.611	920.91
926.4780000000001	0.8999999999999773	trials	39	s039_F200614	grCe	1	180.0	5	926.778	927.078
927.086	0.8999999999999773	trials	39	s039_F200614	grCe_grSu6Ne_PS	18	135.0	5	927.386	927.686
927.7030000000001	0.8999999999999773	trials	39	s039_F200614	grCe_grSu12Mi	9	90.0	5	928.003	928.303
928.337	0.8999999999999773	trials	39	s039_F200614	grCe_grSu12SmCiNe	13	135.0	5	928.637	928.936
928.945	0.8999999999999773	trials	39	s039_F200614	grCe_grSu6Ne_PS	18	180.0	5	929.245	929.545
935.254	0.8999999999999773	trials	39	s039_F200614	grCe_grSu6CiNe_PS	19	0.0	5	935.554	935.854
936.479	0.8999999999999773	trials	39	s039_F200614	grCe_grSu3Ne	5	90.0	5	936.779	937.079
937.0880000000001	0.8999999999999773	trials	39	s039_F200614	grCe_grSu3Ne	5	180.0	5	937.388	937.687
937.696	0.8999999999999773	trials	39	s039_F200614	grCe_grSu3Ne	5	270.0	5	937.996	938.296
943.83	0.8999999999999773	trials	39	s039_F200614	grCe_grSu12SmCiNe	13	0.0	5	944.13	944.43
944.4390000000001	0.8999999999999773	trials	39	s039_F200614	coCe_grSu6Ne	17	90.0	5	944.739	945.038
945.0550000000001	0.8999999999999773	trials	39	s039_F200614	grCe_grSu12SmCiNe	13	45.0	5	945.355	945.655
945.672	0.8999999999999773	trials	39	s039_F200614	grCe_grSu12Mi	9	225.0	5	945.972	946.272
946.272	0.8999999999999773	trials	39	s039_F200614	coCe	16	135.0	5	946.572	946.872
952.898	0.8999999999999773	trials	39	s039_F200614	grSu18Fa	10		5	953.198	953.498
953.5060000000001	0.8999999999999773	trials	39	s039_F200614	grSu12SmCiNe	12		5	953.806	954.106
954.7230000000001	0.8999999999999773	trials	39	s039_F200614	grCe_grSu1Ne	3	45.0	5	955.023	955.323
955.373	0.8999999999999773	trials	39	s039_F200614	grCe_grSu6CiNe	15	135.0	5	955.673	955.973
961.433	0.8999999999999773	trials	39	s039_F200614	grCe_grSu1Ne	3	135.0	5	961.733	962.032
963.433	0.8999999999999773	trials	39	s039_F200614	grCe_grSu12SmCiNe	13	180.0	5	963.733	964.032
964.041	0.8999999999999773	trials	39	s039_F200614	grCe_grSu12SmCiNe	13	90.0	5	964.341	964.641
974.518	0.8999999999999773	trials	39	s039_F200614	grCe_grSu3Ne	5	225.0	5	974.818	975.117
975.1260000000001	0.8999999999999773	trials	39	s039_F200614	grCe_grSu12SmCiNe_PS	21	225.0	5	975.426	975.726
979.4680000000001	0.8999999999999773	trials	39	s039_F200614	coCe_grSu6Ne	17	180.0	5	979.768	980.068
980.077	0.8999999999999773	trials	39	s039_F200614	grCe_grSu1Ne	3	315.0	5	980.377	980.676
980.7270000000001	0.8999999999999773	trials	39	s039_F200614	grCe_grSu1Ne	3	180.0	5	981.027	981.326
981.327	0.8999999999999773	trials	39	s039_F200614	grCe	1	315.0	5	981.627	981.926
981.9350000000001	0.8999999999999773	trials	39	s039_F200614	coCe_grSu6Ne	17	0.0	5	982.235	982.535
988.9780000000001	0.8999999999999773	trials	39	s039_F200614	grCe	1	0.0	5	989.278	989.577
989.586	0.8999999999999773	trials	39	s039_F200614	grCe_grSu6Ne	7	315.0	5	989.886	990.186
990.195	0.8999999999999773	trials	39	s039_F200614	grCe_grSu1Ne	3	225.0	5	990.495	990.794
990.803	0.8999999999999773	trials	39	s039_F200614	grCe_grSu6CiNe	15	0.0	5	991.103	991.403
997.0200000000001	0.8999999999999773	trials	39	s039_F200614	coCe_grSu6Ne	17	135.0	5	997.32	997.62
997.629	0.8999999999999773	trials	39	s039_F200614	grCe_grSu6Ne_PS	18	315.0	5	997.929	998.229
998.2460000000001	0.8999999999999773	trials	39	s039_F200614	grCe_grSu12SmCiNe_PS	21	315.0	5	998.546	998.845
999.462	0.8999999999999773	trials	39	s039_F200614	grCe_grSu1Ne	3	90.0	5	999.762	1000.062
1005.697	0.8999999999999773	trials	39	s039_F200614	coCe	16	315.0	5	1005.997	1006.296
1006.3050000000001	0.8999999999999773	trials	39	s039_F200614	grCe_grSu1Ne	3	0.0	5	1006.605	1006.905
1006.913	0.8999999999999773	trials	39	s039_F200614	grCe_grSu6Ne_PS	18	0.0	5	1007.213	1007.513
1007.538	0.8999999999999773	trials	39	s039_F200614	grCe_grSu6Ne_PS	18	270.0	5	1007.838	1008.138
1008.147	0.8999999999999773	trials	39	s039_F200614	grCe_grSu12Mi	9	0.0	5	1008.447	1008.747
1015.0060000000001	0.8999999999999773	trials	39	s039_F200614	coCe	16	270.0	5	1015.306	1015.606
1015.648	0.8999999999999773	trials	39	s039_F200614	grCe_grSu6CiNe	15	180.0	5	1015.948	1016.248
1016.2560000000001	0.8999999999999773	trials	39	s039_F200614	grCe_grSu6CiNe_PS	19	45.0	5	1016.556	1016.856
1016.856	0.8999999999999773	trials	39	s039_F200614	coCe	16	0.0	5	1017.156	1017.456
1022.899	0.8999999999999773	trials	39	s039_F200614	grCe_grSu6Ne	7	0.0	5	1023.199	1023.498
1023.5490000000001	0.8999999999999773	trials	39	s039_F200614	grCe_grSu18Fa	11	225.0	5	1023.849	1024.149
1024.1490000000001	0.8999999999998636	trials	39	s039_F200614	grCe	1	270.0	5	1024.449	1024.749
1024.757	0.8999999999998636	trials	39	s039_F200614	grCe_grSu12SmCiNe_PS	21	180.0	5	1025.057	1025.357
1025.382	0.8999999999998636	trials	39	s039_F200614	grCe_grSu12SmCiNe	13	270.0	5	1025.682	1025.982
1031.767	0.8999999999998636	trials	39	s039_F200614	grCe_grSu3Ne	5	315.0	5	1032.067	1032.366
1032.367	0.8999999999998636	trials	39	s039_F200614	grCe	1	90.0	5	1032.667	1032.966
1033.017	0.8999999999998636	trials	39	s039_F200614	grCe_grSu12Mi	9	45.0	5	1033.317	1033.616
1033.625	0.8999999999998636	trials	39	s039_F200614	grCe_grSu12SmCiNe_PS	21	90.0	5	1033.925	1034.225
1034.25	0.8999999999998636	trials	39	s039_F200614	grCe_grSu6Ne	7	180.0	5	1034.55	1034.85
1040.4260000000002	0.8999999999998636	trials	39	s039_F200614	grCe_grSu3Ne	5	0.0	5	1040.726	1041.026
1041.034	0.8999999999998636	trials	39	s039_F200614	grCe_grSu6Ne	7	90.0	5	1041.334	1041.634
1041.643	0.8999999999998636	trials	39	s039_F200614	grCe_grSu12SmCiNe_PS	21	0.0	5	1041.943	1042.243
1042.243	0.8999999999998636	trials	39	s039_F200614	grCe	1	135.0	5	1042.543	1042.843
1042.851	0.8999999999998636	trials	39	s039_F200614	grCe_grSu1Ne	3	315.0	2	1043.151	1043.451
1048.902	0.8999999999998636	trials	39	s039_F200614	grCe_grSu18Fa	11	225.0	2	1049.202	1049.502
1050.1190000000001	0.8999999999998636	trials	39	s039_F200614	grCe_grSu12SmCiNe_PS	21	45.0	2	1050.419	1050.719
1050.736	0.8999999999998636	trials	39	s039_F200614	grCe_grSu12Mi	9	180.0	2	1051.036	1051.335
1051.336	0.8999999999998636	trials	39	s039_F200614	grCe	1	90.0	2	1051.636	1051.935
1057.512	0.8999999999998636	trials	39	s039_F200614	grCe_grSu1Ne	3	90.0	2	1057.812	1058.111
1058.1200000000001	0.8999999999998636	trials	39	s039_F200614	grCe_grSu6Ne_PS	18	0.0	2	1058.42	1058.72
1059.954	0.8999999999998636	trials	39	s039_F200614	grCe_grSu12Mi	9	225.0	2	1060.254	1060.553
1066.063	0.8999999999998636	trials	39	s039_F200614	grCe_grSu6Ne	7	45.0	2	1066.363	1066.662
1069.863	0.8999999999998636	trials	39	s039_F200614	grCe_grSu12Mi	9	315.0	2	1070.163	1070.463
1070.488	0.8999999999998636	trials	39	s039_F200614	NoStim	0		2	1070.788	1071.088
1071.097	0.8999999999998636	trials	39	s039_F200614	grCe_grSu3Ne	5	270.0	2	1071.397	1071.696
1071.6970000000001	0.8999999999998636	trials	39	s039_F200614	coCe	16	0.0	2	1071.997	1072.296
1078.6480000000001	0.8999999999998636	trials	39	s039_F200614	grCe_grSu6Ne	7	180.0	2	1078.948	1079.247
1079.248	0.8999999999998636	trials	39	s039_F200614	coCe	16	135.0	2	1079.548	1079.847
1079.856	0.8999999999998636	trials	39	s039_F200614	grCe_grSu1Ne	3	45.0	2	1080.156	1080.456
1080.49	0.8999999999998636	trials	39	s039_F200614	grCe_grSu6CiNe_PS	19	0.0	2	1080.79	1081.089
1087.849	0.8999999999998636	trials	39	s039_F200614	grCe_grSu12Mi	9	45.0	2	1088.149	1088.449
1088.4660000000001	0.8999999999998636	trials	39	s039_F200614	grCe_grSu6CiNe_PS	19	45.0	2	1088.766	1089.065
1089.682	0.8999999999998636	trials	39	s039_F200614	grCe_grSu6CiNe	15	0.0	2	1089.982	1090.282
1090.291	0.8999999999998636	trials	39	s039_F200614	grCe_grSu6CiNe_PS	19	180.0	2	1090.591	1090.891
1096.375	0.8999999999998636	trials	39	s039_F200614	grCe_grSu12SmCiNe_PS	21	90.0	2	1096.675	1096.975
1097.6000000000001	0.8999999999998636	trials	39	s039_F200614	grCe_grSu12SmCiNe_PS	21	270.0	2	1097.9	1098.2
1098.834	0.8999999999998636	trials	39	s039_F200614	grCe_grSu18Fa	11	0.0	2	1099.134	1099.433
1106.2930000000001	0.8999999999998636	trials	39	s039_F200614	grCe_grSu12SmCiNe_PS	21	0.0	2	1106.593	1106.893
1106.901	0.8999999999998636	trials	39	s039_F200614	grCe_grSu6CiNe_PS	19	315.0	2	1107.201	1107.501
1107.5510000000002	0.8999999999998636	trials	39	s039_F200614	grCe_grSu12Mi	9	135.0	2	1107.851	1108.151
1108.1680000000001	0.8999999999998636	trials	39	s039_F200614	grCe_grSu3Ne	5	0.0	2	1108.468	1108.768
1117.553	0.8999999999998636	trials	39	s039_F200614	grCe_grSu12Mi	9	270.0	2	1117.853	1118.152
1118.161	0.8999999999998636	trials	39	s039_F200614	grSu6CiNe	14		2	1118.461	1118.761
1118.769	0.8999999999998636	trials	39	s039_F200614	grCe_grSu1Ne	3	225.0	2	1119.069	1119.369
1119.395	0.8999999999998636	trials	39	s039_F200614	grCe	1	0.0	2	1119.695	1119.994
1126.746	0.8999999999998636	trials	39	s039_F200614	grCe_grSu3Ne	5	45.0	2	1127.046	1127.345
1127.971	0.8999999999998636	trials	39	s039_F200614	grCe_grSu18Fa	11	180.0	2	1128.271	1128.57
1128.5710000000001	0.8999999999998636	trials	39	s039_F200614	grCe	1	225.0	2	1128.871	1129.17
1138.305	0.8999999999998636	trials	39	s039_F200614	coSu6Ne	20		2	1138.605	1138.905
1138.914	0.8999999999998636	trials	39	s039_F200614	grCe_grSu6CiNe	15	45.0	2	1139.214	1139.513
1139.531	0.8999999999998636	trials	39	s039_F200614	grCe_grSu18Fa	11	135.0	2	1139.831	1140.13
1140.1390000000001	0.8999999999998636	trials	39	s039_F200614	grCe_grSu12SmCiNe	13	0.0	2	1140.439	1140.739
1140.747	0.8999999999998636	trials	39	s039_F200614	grCe_grSu3Ne	5	225.0	2	1141.047	1141.347
1147.0900000000001	0.8999999999998636	trials	39	s039_F200614	grCe_grSu12SmCiNe	13	180.0	2	1147.39	1147.69
1147.74	0.8999999999998636	trials	39	s039_F200614	grSu18Fa	10		2	1148.04	1148.34
1148.357	0.8999999999998636	trials	39	s039_F200614	grCe_grSu6Ne	7	270.0	2	1148.657	1148.956
1148.9650000000001	0.8999999999998636	trials	39	s039_F200614	coCe	16	180.0	2	1149.265	1149.565
1149.573	0.8999999999998636	trials	39	s039_F200614	grCe_grSu12SmCiNe	13	225.0	2	1149.873	1150.173
1156.1490000000001	0.8999999999998636	trials	39	s039_F200614	grCe_grSu12Mi	9	0.0	2	1156.449	1156.749
1156.758	0.8999999999998636	trials	39	s039_F200614	grCe_grSu12SmCiNe	13	45.0	2	1157.058	1157.357
1157.366	0.8999999999998636	trials	39	s039_F200614	grCe_grSu6Ne	7	135.0	2	1157.666	1157.966
1157.9750000000001	0.8999999999998636	trials	39	s039_F200614	grCe_grSu1Ne	3	270.0	2	1158.275	1158.574
1158.6000000000001	0.8999999999998636	trials	39	s039_F200614	grCe_grSu18Fa	11	315.0	2	1158.9	1159.199
1172.743	0.8999999999998636	trials	39	s039_F200614	grSu1Ne	2		2	1173.043	1173.343
1173.385	0.8999999999998636	trials	39	s039_F200614	grCe_grSu6Ne_PS	18	315.0	2	1173.685	1173.985
1174.027	0.8999999999998636	trials	39	s039_F200614	coCe	16	45.0	2	1174.327	1174.626
1174.627	0.8999999999998636	trials	39	s039_F200614	coCe	16	315.0	2	1174.927	1175.226
1175.2350000000001	0.8999999999998636	trials	39	s039_F200614	coCe_grSu6Ne	17	180.0	2	1175.535	1175.835
1181.603	0.8999999999998636	trials	39	s039_F200614	grCe_grSu6CiNe	15	90.0	2	1181.903	1182.202
1182.211	0.8999999999998636	trials	39	s039_F200614	grCe_grSu6CiNe	15	180.0	2	1182.511	1182.811
1182.828	0.8999999999998636	trials	39	s039_F200614	grCe_grSu6Ne_PS	18	135.0	2	1183.128	1183.427
1183.4360000000001	0.8999999999998636	trials	39	s039_F200614	grCe_grSu12SmCiNe	13	270.0	2	1183.736	1184.036
1184.045	0.8999999999998636	trials	39	s039_F200614	grCe_grSu6CiNe_PS	19	90.0	2	1184.345	1184.644
1190.862	0.8999999999998636	trials	39	s039_F200614	grCe_grSu6CiNe	15	135.0	2	1191.162	1191.462
1191.487	0.8999999999998636	trials	39	s039_F200614	coCe_grSu6Ne	17	315.0	2	1191.787	1192.087
1192.704	0.8999999999998636	trials	39	s039_F200614	grCe	1	135.0	2	1193.004	1193.304
1193.3120000000001	0.8999999999998636	trials	39	s039_F200614	coCe_grSu6Ne	17	0.0	2	1193.612	1193.912
1199.738	0.8999999999998636	trials	39	s039_F200614	coCe_grSu6Ne	17	45.0	2	1200.038	1200.338
1200.347	0.8999999999998636	trials	39	s039_F200614	grCe_grSu1Ne	3	135.0	2	1200.647	1200.946
1200.9550000000002	0.8999999999998636	trials	39	s039_F200614	grCe_grSu6CiNe_PS	19	270.0	2	1201.255	1201.555
1201.564	0.8999999999998636	trials	39	s039_F200614	grCe_grSu6CiNe	15	225.0	2	1201.864	1202.163
1202.18	0.8999999999998636	trials	39	s039_F200614	coCe	16	225.0	2	1202.48	1202.78
1208.414	0.8999999999998636	trials	39	s039_F200614	grCe_grSu6Ne	7	0.0	2	1208.714	1209.014
1209.0140000000001	0.8999999999998636	trials	39	s039_F200614	grCe	1	45.0	2	1209.314	1209.614
1209.623	0.8999999999998636	trials	39	s039_F200614	grSu3Ne	4		2	1209.923	1210.223
1210.8400000000001	0.8999999999998636	trials	39	s039_F200614	grCe_grSu12SmCiNe_PS	21	225.0	2	1211.14	1211.439
1217.382	0.8999999999998636	trials	39	s039_F200614	grCe_grSu18Fa	11	90.0	2	1217.682	1217.982
1217.999	0.8999999999998636	trials	39	s039_F200614	grCe_grSu12Mi	9	90.0	2	1218.299	1218.599
1218.607	0.8999999999998636	trials	39	s039_F200614	grCe_grSu6Ne_PS	18	270.0	2	1218.907	1219.207
1219.2160000000001	0.8999999999998636	trials	39	s039_F200614	grCe_grSu12SmCiNe_PS	21	135.0	2	1219.516	1219.815
1219.824	0.8999999999998636	trials	39	s039_F200614	grCe_grSu12SmCiNe	13	315.0	2	1220.124	1220.424
1225.958	0.8999999999998636	trials	39	s039_F200614	coCe_grSu6Ne	17	225.0	2	1226.258	1226.558
1226.567	0.8999999999998636	trials	39	s039_F200614	grCe_grSu3Ne	5	135.0	2	1226.867	1227.166
1228.392	0.8999999999998636	trials	39	s039_F200614	grCe_grSu6Ne	7	225.0	2	1228.692	1228.992
1234.434	0.8999999999998636	trials	39	s039_F200614	grCe_grSu12SmCiNe_PS	21	315.0	2	1234.734	1235.034
1235.093	0.8999999999998636	trials	39	s039_F200614	grCe_grSu18Fa	11	45.0	2	1235.393	1235.693
1235.701	0.8999999999998636	trials	39	s039_F200614	grCe_grSu6CiNe_PS	19	225.0	2	1236.001	1236.301
1236.31	0.8999999999998636	trials	39	s039_F200614	coCe_grSu6Ne	17	135.0	2	1236.61	1236.909
1236.943	0.8999999999998636	trials	39	s039_F200614	grSu12Mi	8		2	1237.243	1237.543
1243.594	0.8999999999998636	trials	39	s039_F200614	grCe_grSu3Ne	5	90.0	2	1243.894	1244.194
1244.202	0.8999999999998636	trials	39	s039_F200614	grCe_grSu6Ne	7	315.0	2	1244.502	1244.802
1244.852	0.8999999999998636	trials	39	s039_F200614	grCe_grSu6CiNe	15	315.0	2	1245.152	1245.452
1246.0610000000001	0.8999999999998636	trials	39	s039_F200614	coCe	16	270.0	2	1246.361	1246.661
1256.796	0.8999999999998636	trials	39	s039_F200614	grCe_grSu12SmCiNe_PS	21	180.0	2	1257.096	1257.395
1257.412	0.8999999999998636	trials	39	s039_F200614	grCe_grSu6Ne_PS	18	45.0	2	1257.712	1258.012
1258.6290000000001	0.8999999999998636	trials	39	s039_F200614	grCe_grSu12SmCiNe	13	90.0	2	1258.929	1259.229
1259.238	0.8999999999998636	trials	39	s039_F200614	grSu6Ne	6		2	1259.538	1259.837
1265.3300000000002	0.8999999999998636	trials	39	s039_F200614	grCe_grSu1Ne	3	180.0	2	1265.63	1265.93
1265.938	0.8999999999998636	trials	39	s039_F200614	grCe_grSu6Ne_PS	18	180.0	2	1266.238	1266.538
1267.797	0.8999999999998636	trials	39	s039_F200614	grCe_grSu3Ne	5	315.0	2	1268.097	1268.397
1274.106	0.8999999999998636	trials	39	s039_F200614	grCe	1	315.0	2	1274.406	1274.706
1275.356	0.8999999999998636	trials	39	s039_F200614	grCe_grSu1Ne	3	0.0	2	1275.656	1275.956
1275.9560000000001	0.8999999999998636	trials	39	s039_F200614	grCe	1	180.0	2	1276.256	1276.556
1276.565	0.8999999999998636	trials	39	s039_F200614	grCe_grSu6Ne_PS	18	225.0	2	1276.865	1277.165
1282.699	0.8999999999998636	trials	39	s039_F200614	grCe_grSu6CiNe_PS	19	135.0	2	1282.999	1283.299
1283.324	0.8999999999998636	trials	39	s039_F200614	grCe_grSu18Fa	11	270.0	2	1283.624	1283.924
1283.932	0.8999999999998636	trials	39	s039_F200614	grSu12SmCiNe	12		2	1284.232	1284.532
1284.549	0.8999999999998636	trials	39	s039_F200614	coCe_grSu6Ne	17	90.0	2	1284.849	1285.149
1285.1580000000001	0.8999999999998636	trials	39	s039_F200614	grCe_grSu12SmCiNe	13	135.0	2	1285.458	1285.757
1291.4080000000001	0.8999999999998636	trials	39	s039_F200614	grCe	1	270.0	2	1291.708	1292.008
1292.017	0.8999999999998636	trials	39	s039_F200614	grCe_grSu6Ne	7	90.0	2	1292.317	1292.617
1292.625	0.8999999999998636	trials	39	s039_F200614	grCe_grSu3Ne	5	180.0	2	1292.925	1293.225
1297.351	0.8999999999998636	trials	39	s039_F200614	grCe_grSu6Ne_PS	18	90.0	2	1297.651	1297.951
1297.959	0.8999999999998636	trials	39	s039_F200614	coCe_grSu6Ne	17	270.0	2	1298.259	1298.559
1303.268	0.8999999999998636	trials	39	s039_F200614	grCe_grSu6CiNe	15	270.0	2	1303.568	1303.868
1305.694	0.8999999999998636	trials	39	s039_F200614	coCe	16	90.0	2	1305.994	1306.293
1312.086	0.8999999999998636	trials	39	s039_F200614	grCe_grSu12SmCiNe	13	225.0	6	1312.386	1312.686
1312.695	0.8999999999998636	trials	39	s039_F200614	grCe_grSu12SmCiNe	13	315.0	6	1312.995	1313.294
1313.295	0.8999999999998636	trials	39	s039_F200614	grCe	1	0.0	6	1313.595	1313.894
1314.511	0.8999999999998636	trials	39	s039_F200614	coCe_grSu6Ne	17	315.0	6	1314.811	1315.111
1320.8790000000001	0.8999999999998636	trials	39	s039_F200614	coCe	16	225.0	6	1321.179	1321.479
1321.496	0.8999999999998636	trials	39	s039_F200614	grCe_grSu12Mi	9	135.0	6	1321.796	1322.095
1322.112	0.8999999999998636	trials	39	s039_F200614	grCe_grSu12Mi	9	315.0	6	1322.412	1322.712
1322.729	0.8999999999998636	trials	39	s039_F200614	grCe_grSu12Mi	9	270.0	6	1323.029	1323.329
1329.48	0.8999999999998636	trials	39	s039_F200614	grCe_grSu6CiNe_PS	19	180.0	6	1329.78	1330.08
1338.048	0.8999999999998636	trials	39	s039_F200614	grCe_grSu3Ne	5	270.0	6	1338.348	1338.647
1339.2730000000001	0.8999999999998636	trials	39	s039_F200614	grSu3Ne	4		6	1339.573	1339.873
1339.881	0.8999999999998636	trials	39	s039_F200614	grCe_grSu6Ne	7	270.0	6	1340.181	1340.481
1340.498	0.8999999999998636	trials	39	s039_F200614	grCe_grSu6Ne_PS	18	45.0	6	1340.798	1341.098
1346.974	0.8999999999998636	trials	39	s039_F200614	grCe_grSu12SmCiNe_PS	21	180.0	6	1347.274	1347.574
1348.232	0.8999999999998636	trials	39	s039_F200614	grSu18Fa	10		6	1348.532	1348.832
1349.458	0.8999999999998636	trials	39	s039_F200614	grCe_grSu18Fa	11	180.0	6	1349.758	1350.057
1355.675	0.8999999999998636	trials	39	s039_F200614	grCe_grSu6Ne_PS	18	90.0	6	1355.975	1356.275
1360.942	0.8999999999998636	trials	39	s039_F200614	grCe_grSu12Mi	9	225.0	6	1361.242	1361.542
1361.5510000000002	0.8999999999998636	trials	39	s039_F200614	grCe_grSu12SmCiNe	13	45.0	6	1361.851	1362.151
1362.151	0.8999999999998636	trials	39	s039_F200614	coCe	16	270.0	6	1362.451	1362.751
1362.759	0.8999999999998636	trials	39	s039_F200614	grCe_grSu3Ne	5	180.0	6	1363.059	1363.359
1363.384	0.8999999999998636	trials	39	s039_F200614	grCe_grSu12SmCiNe	13	135.0	6	1363.684	1363.984
1369.519	0.8999999999998636	trials	39	s039_F200614	grCe_grSu6Ne_PS	18	315.0	6	1369.819	1370.118
1370.127	0.8999999999998636	trials	39	s039_F200614	grCe_grSu6CiNe_PS	19	45.0	6	1370.427	1370.727
1370.7350000000001	0.8999999999998636	trials	39	s039_F200614	grCe_grSu6CiNe_PS	19	270.0	6	1371.035	1371.335
1371.3690000000001	0.8999999999998636	trials	39	s039_F200614	grCe_grSu3Ne	5	45.0	6	1371.669	1371.968
1372.002	0.8999999999998636	trials	39	s039_F200614	grCe_grSu1Ne	3	90.0	6	1372.302	1372.602
1382.9950000000001	0.8999999999998636	trials	39	s039_F200614	grCe_grSu6CiNe	15	0.0	6	1383.295	1383.595
1383.604	0.8999999999998636	trials	39	s039_F200614	grCe_grSu6CiNe_PS	19	225.0	6	1383.904	1384.203
1384.212	0.8999999999998636	trials	39	s039_F200614	grCe_grSu6Ne	7	225.0	6	1384.512	1384.812
1384.8120000000001	0.8999999999998636	trials	39	s039_F200614	coCe	16	90.0	6	1385.112	1385.412
1385.454	0.8999999999998636	trials	39	s039_F200614	grCe_grSu6Ne_PS	18	225.0	6	1385.754	1386.054
1391.988	0.8999999999998636	trials	39	s039_F200614	coSu6Ne	20		6	1392.288	1392.588
1392.597	0.8999999999998636	trials	39	s039_F200614	grCe_grSu6CiNe	15	90.0	6	1392.897	1393.196
1393.213	0.8999999999998636	trials	39	s039_F200614	grCe_grSu12Mi	9	45.0	6	1393.513	1393.813
1394.43	0.8999999999998636	trials	39	s039_F200614	grCe_grSu12SmCiNe	13	180.0	6	1394.73	1395.03
1400.7730000000001	0.8999999999998636	trials	39	s039_F200614	grCe_grSu6CiNe	15	270.0	6	1401.073	1401.372
1401.381	0.8999999999998636	trials	39	s039_F200614	grCe_grSu3Ne	5	135.0	6	1401.681	1401.981
1401.989	0.8999999999998636	trials	39	s039_F200614	grCe_grSu6CiNe_PS	19	90.0	6	1402.289	1402.589
1403.2060000000001	0.8999999999998636	trials	39	s039_F200614	grCe_grSu1Ne	3	315.0	6	1403.506	1403.806
1409.674	0.8999999999998636	trials	39	s039_F200614	grCe_grSu3Ne	5	315.0	6	1409.974	1410.273
1410.29	0.8999999999998636	trials	39	s039_F200614	grCe_grSu1Ne	3	225.0	6	1410.59	1410.89
1410.949	0.8999999999998636	trials	39	s039_F200614	grCe_grSu18Fa	11	45.0	6	1411.249	1411.549
1411.566	0.8999999999998636	trials	39	s039_F200614	grCe_grSu12Mi	9	180.0	6	1411.866	1412.165
1412.166	0.8999999999998636	trials	39	s039_F200614	coCe	16	135.0	6	1412.466	1412.765
1429.76	0.8999999999998636	trials	39	s039_F200614	grCe	1	270.0	6	1430.06	1430.359
1430.368	0.8999999999998636	trials	39	s039_F200614	grCe_grSu6Ne	7	315.0	6	1430.668	1430.968
1437.011	0.8999999999998636	trials	39	s039_F200614	grCe_grSu6Ne_PS	18	180.0	6	1437.311	1437.61
1437.6190000000001	0.8999999999998636	trials	39	s039_F200614	grCe_grSu12SmCiNe_PS	21	135.0	6	1437.919	1438.219
1438.219	0.8999999999998636	trials	39	s039_F200614	grCe	1	135.0	6	1438.519	1438.819
1438.827	0.8999999999998636	trials	39	s039_F200614	grSu1Ne	2		6	1439.127	1439.427
1439.4360000000001	0.8999999999998636	trials	39	s039_F200614	grCe_grSu6Ne_PS	18	0.0	6	1439.736	1440.036
1446.4950000000001	0.8999999999998636	trials	39	s039_F200614	grCe	1	315.0	6	1446.795	1447.095
1448.354	0.8999999999998636	trials	39	s039_F200614	grCe_grSu6Ne	7	45.0	6	1448.654	1448.953
1454.563	0.8999999999998636	trials	39	s039_F200614	grCe_grSu6CiNe	15	315.0	6	1454.863	1455.163
1455.171	0.8999999999998636	trials	39	s039_F200614	grCe_grSu6CiNe	15	180.0	6	1455.471	1455.771
1455.78	0.8999999999998636	trials	39	s039_F200614	grCe_grSu6Ne	7	135.0	6	1456.08	1456.379
1456.3880000000001	0.8999999999998636	trials	39	s039_F200614	grCe_grSu3Ne	5	0.0	6	1456.688	1456.988
1456.996	0.8999999999998636	trials	39	s039_F200614	grCe_grSu6CiNe_PS	19	135.0	6	1457.296	1457.596
1463.189	0.8999999999998636	trials	39	s039_F200614	grCe	1	45.0	6	1463.489	1463.789
1463.789	0.8999999999998636	trials	39	s039_F200614	coCe	16	45.0	6	1464.089	1464.389
1464.397	0.8999999999998636	trials	39	s039_F200614	coCe_grSu6Ne	17	225.0	6	1464.697	1464.997
1465.006	0.8999999999998636	trials	39	s039_F200614	grCe_grSu12SmCiNe_PS	21	0.0	6	1465.306	1465.606
1465.614	0.8999999999998636	trials	39	s039_F200614	grCe_grSu3Ne	5	90.0	6	1465.914	1466.214
1472.548	0.8999999999998636	trials	39	s039_F200614	grCe_grSu12SmCiNe	13	90.0	6	1472.848	1473.148
1473.1570000000002	0.8999999999998636	trials	39	s039_F200614	grSu12Mi	8		6	1473.457	1473.757
1473.765	0.8999999999998636	trials	39	s039_F200614	grCe_grSu12SmCiNe_PS	21	45.0	6	1474.065	1474.365
1477.391	0.8999999999998636	trials	39	s039_F200614	grCe	1	180.0	6	1477.691	1477.99
1478.608	0.8999999999998636	trials	39	s039_F200614	grCe_grSu6CiNe	15	225.0	6	1478.908	1479.207
1482.516	0.8999999999998636	trials	39	s039_F200614	grCe_grSu6CiNe_PS	19	315.0	6	1482.816	1483.116
1483.125	0.8999999999998636	trials	39	s039_F200614	coCe_grSu6Ne	17	90.0	6	1483.425	1483.725
1483.7250000000001	0.8999999999998636	trials	39	s039_F200614	coCe	16	315.0	6	1484.025	1484.325
1484.358	0.8999999999998636	trials	39	s039_F200614	grSu6CiNe	14		6	1484.658	1484.958
1484.967	0.8999999999998636	trials	39	s039_F200614	grCe_grSu6Ne_PS	18	135.0	6	1485.267	1485.566
1492.201	0.8999999999998636	trials	39	s039_F200614	grCe_grSu1Ne	3	180.0	6	1492.501	1492.801
1492.809	0.8999999999998636	trials	39	s039_F200614	grCe	1	90.0	6	1493.109	1493.409
1493.4180000000001	0.8999999999998636	trials	39	s039_F200614	grCe_grSu1Ne	3	0.0	6	1493.718	1494.018
1494.026	0.8999999999998636	trials	39	s039_F200614	grCe_grSu6Ne	7	0.0	6	1494.326	1494.626
1494.635	0.8999999999998636	trials	39	s039_F200614	coCe_grSu6Ne	17	45.0	6	1494.935	1495.234
1501.044	0.8999999999998636	trials	39	s039_F200614	grCe	1	225.0	6	1501.344	1501.644
1501.6770000000001	0.8999999999998636	trials	39	s039_F200614	coCe_grSu6Ne	17	0.0	6	1501.977	1502.277
1502.319	0.8999999999998636	trials	39	s039_F200614	grCe_grSu12SmCiNe_PS	21	315.0	6	1502.619	1502.919
1502.919	0.8999999999998636	trials	39	s039_F200614	coCe	16	180.0	6	1503.219	1503.519
1503.536	0.8999999999998636	trials	39	s039_F200614	grCe_grSu12SmCiNe_PS	21	90.0	6	1503.836	1504.136
1509.6870000000001	0.8999999999998636	trials	39	s039_F200614	grCe_grSu18Fa	11	90.0	6	1509.987	1510.286
1512.154	0.8999999999998636	trials	39	s039_F200614	coCe	16	0.0	6	1512.454	1512.753
1519.221	0.8999999999998636	trials	39	s039_F200614	grCe_grSu12Mi	9	90.0	6	1519.521	1519.821
1519.838	0.8999999999998636	trials	39	s039_F200614	grCe_grSu18Fa	11	0.0	6	1520.138	1520.438
1586.063	0.8999999999998636	trials	39	s039_F200614	coCe_grSu6Ne	17	135.0	6	1586.363	1586.663
1586.672	0.8999999999998636	trials	39	s039_F200614	grCe_grSu12SmCiNe	13	0.0	6	1586.972	1587.271
1587.28	0.8999999999998636	trials	39	s039_F200614	coCe_grSu6Ne	17	180.0	6	1587.58	1587.88
1635.1190000000001	0.8999999999998636	trials	39	s039_F200614	grCe_grSu12Mi	9	0.0	6	1635.419	1635.719
1635.736	0.8999999999998636	trials	39	s039_F200614	grCe_grSu18Fa	11	270.0	6	1636.036	1636.336
1636.345	0.8999999999998636	trials	39	s039_F200614	grCe_grSu12SmCiNe	13	270.0	6	1636.645	1636.944
1636.961	0.8999999999998636	trials	39	s039_F200614	grCe_grSu18Fa	11	135.0	6	1637.261	1637.561
1656.1970000000001	0.8999999999998636	trials	39	s039_F200614	grCe_grSu18Fa	11	225.0	6	1656.497	1656.797
1678.858	0.8999999999998636	trials	39	s039_F200614	grCe_grSu1Ne	3	45.0	6	1679.158	1679.458
1679.467	0.8999999999998636	trials	39	s039_F200614	grCe_grSu6CiNe_PS	19	0.0	6	1679.767	1680.067
1680.075	0.8999999999998636	trials	39	s039_F200614	grCe_grSu12SmCiNe_PS	21	270.0	6	1680.375	1680.675
1689.585	0.8999999999998636	trials	39	s039_F200614	grCe_grSu6CiNe	15	45.0	6	1689.885	1690.185
1690.21	0.8999999999998636	trials	39	s039_F200614	grCe_grSu6CiNe	15	135.0	6	1690.51	1690.81
1707.3790000000001	0.8999999999998636	trials	39	s039_F200614	NoStim	0		6	1707.679	1707.978
1707.987	0.8999999999998636	trials	39	s039_F200614	grCe_grSu6Ne	7	90.0	6	1708.287	1708.587
1708.604	0.8999999999998636	trials	39	s039_F200614	coCe_grSu6Ne	17	270.0	6	1708.904	1709.204
1709.2540000000001	0.8999999999998636	trials	39	s039_F200614	grCe_grSu1Ne	3	135.0	6	1709.554	1709.854
1709.871	0.8999999999998636	trials	39	s039_F200614	grCe_grSu18Fa	11	315.0	6	1710.171	1710.47
1721.189	0.8999999999998636	trials	39	s039_F200614	grSu12SmCiNe	12		6	1721.489	1721.789
1721.797	0.8999999999998636	trials	39	s039_F200614	grCe_grSu6Ne	7	180.0	6	1722.097	1722.397
1722.406	0.8999999999998636	trials	39	s039_F200614	grCe_grSu12SmCiNe_PS	21	225.0	6	1722.706	1723.005
1723.0140000000001	0.8999999999998636	trials	39	s039_F200614	grCe_grSu1Ne	3	270.0	6	1723.314	1723.614
1788.131	0.8999999999998636	trials	39	s039_F200614	grCe_grSu3Ne	5	225.0	6	1788.431	1788.731
1788.739	0.8999999999998636	trials	39	s039_F200614	grCe_grSu6Ne_PS	18	270.0	6	1789.039	1789.339
1789.373	0.8999999999998636	trials	39	s039_F200614	grSu6Ne	6		6	1789.673	1789.972
1796.357	0.8999999999998636	trials	39	s039_F200614	grCe_grSu3Ne	5	315.0	0	1796.657	1796.957
1796.9650000000001	0.8999999999998636	trials	39	s039_F200614	coCe_grSu6Ne	17	180.0	0	1797.265	1797.565
1798.182	0.8999999999998636	trials	39	s039_F200614	grCe_grSu6Ne_PS	18	180.0	0	1798.482	1798.782
1804.708	0.8999999999998636	trials	39	s039_F200614	grCe_grSu6CiNe_PS	19	45.0	0	1805.008	1805.308
1805.316	0.8999999999998636	trials	39	s039_F200614	grCe_grSu12SmCiNe_PS	21	135.0	0	1805.616	1805.916
1805.95	0.8999999999998636	trials	39	s039_F200614	coCe	16	315.0	0	1806.25	1806.55
1813.467	0.8999999999998636	trials	39	s039_F200614	grCe_grSu6Ne	7	90.0	0	1813.767	1814.067
1814.084	0.8999999999998636	trials	39	s039_F200614	grCe_grSu3Ne	5	45.0	0	1814.384	1814.684
1820.818	0.8999999999998636	trials	39	s039_F200614	grCe	1	225.0	0	1821.118	1821.418
1822.044	0.8999999999998636	trials	39	s039_F200614	grCe_grSu12Mi	9	180.0	0	1822.344	1822.643
1866.3990000000001	0.8999999999998636	trials	39	s039_F200614	grCe_grSu12SmCiNe_PS	21	270.0	0	1866.699	1866.999
1866.999	0.8999999999998636	trials	39	s039_F200614	grCe	1	315.0	0	1867.299	1867.599
1867.633	0.8999999999998636	trials	39	s039_F200614	grCe_grSu12Mi	9	45.0	0	1867.933	1868.233
1868.275	0.8999999999998636	trials	39	s039_F200614	grCe_grSu12SmCiNe_PS	21	315.0	0	1868.575	1868.874
1918.298	0.8999999999998636	trials	39	s039_F200614	grCe_grSu6CiNe	15	0.0	0	1918.598	1918.897
1918.914	0.8999999999998636	trials	39	s039_F200614	grCe_grSu12Mi	9	225.0	0	1919.214	1919.514
1919.5230000000001	0.8999999999998636	trials	39	s039_F200614	grCe_grSu6Ne_PS	18	45.0	0	1919.823	1920.123
1920.131	0.8999999999998636	trials	39	s039_F200614	grCe_grSu12SmCiNe	13	90.0	0	1920.431	1920.731
1926.924	0.8999999999998636	trials	39	s039_F200614	grCe_grSu1Ne	3	180.0	0	1927.224	1927.524
1927.5240000000001	0.8999999999998636	trials	39	s039_F200614	coCe	16	180.0	0	1927.824	1928.124
1928.132	0.8999999999998636	trials	39	s039_F200614	grCe_grSu1Ne	3	135.0	0	1928.432	1928.732
1943.4180000000001	0.8999999999998636	trials	39	s039_F200614	coCe_grSu6Ne	17	225.0	0	1943.718	1944.017
1944.034	0.8999999999998636	trials	39	s039_F200614	grCe_grSu18Fa	11	45.0	0	1944.334	1944.634
1944.643	0.8999999999998636	trials	39	s039_F200614	grCe_grSu1Ne	3	225.0	0	1944.943	1945.242
1948.318	0.8999999999998636	trials	39	s039_F200614	grCe_grSu6CiNe_PS	19	225.0	0	1948.618	1948.918
1948.96	0.8999999999998636	trials	39	s039_F200614	coCe_grSu6Ne	17	0.0	0	1949.26	1949.56
1949.568	0.8999999999998636	trials	39	s039_F200614	grCe_grSu1Ne	3	315.0	0	1949.868	1950.168
1950.1770000000001	0.8999999999998636	trials	39	s039_F200614	grCe_grSu6Ne_PS	18	0.0	0	1950.477	1950.776
1956.786	0.8999999999998636	trials	39	s039_F200614	grCe_grSu1Ne	3	270.0	0	1957.086	1957.386
1957.394	0.8999999999998636	trials	39	s039_F200614	grCe_grSu6CiNe_PS	19	0.0	0	1957.694	1957.994
1958.019	0.8999999999998636	trials	39	s039_F200614	grCe_grSu6CiNe	15	180.0	0	1958.319	1958.619
1963.078	0.8999999999998636	trials	39	s039_F200614	grCe_grSu12SmCiNe_PS	21	0.0	0	1963.378	1963.678
1963.695	0.8999999999998636	trials	39	s039_F200614	grCe_grSu3Ne	5	135.0	0	1963.995	1964.295
1964.304	0.8999999999998636	trials	39	s039_F200614	grSu12Mi	8		0	1964.604	1964.903
1964.92	0.8999999999998636	trials	39	s039_F200614	grCe_grSu12Mi	9	90.0	0	1965.22	1965.52
1972.13	0.8999999999998636	trials	39	s039_F200614	grCe_grSu12SmCiNe_PS	21	225.0	0	1972.43	1972.729
1972.738	0.8999999999998636	trials	39	s039_F200614	grCe_grSu6Ne_PS	18	225.0	0	1973.038	1973.338
1973.38	0.8999999999998636	trials	39	s039_F200614	grCe_grSu6Ne_PS	18	270.0	0	1973.68	1973.979
1973.988	0.8999999999998636	trials	39	s039_F200614	grCe_grSu6Ne	7	0.0	0	1974.288	1974.588
1989.799	0.8999999999998636	trials	39	s039_F200614	grCe_grSu12SmCiNe	13	0.0	0	1990.099	1990.398
1991.0320000000002	0.8999999999998636	trials	39	s039_F200614	grCe_grSu6Ne	7	180.0	0	1991.332	1991.632
1991.64	0.8999999999998636	trials	39	s039_F200614	grCe_grSu12SmCiNe	13	180.0	0	1991.94	1992.24
2003.584	0.8999999999998636	trials	39	s039_F200614	grCe_grSu18Fa	11	270.0	0	2003.884	2004.183
2004.217	0.8999999999998636	trials	39	s039_F200614	grCe	1	270.0	0	2004.517	2004.817
2004.826	0.8999999999998636	trials	39	s039_F200614	grCe_grSu12SmCiNe	13	315.0	0	2005.126	2005.425
2005.451	0.8999999999998636	trials	39	s039_F200614	grCe	1	0.0	0	2005.751	2006.05
2012.26	0.8999999999998636	trials	39	s039_F200614	grCe_grSu6Ne_PS	18	90.0	0	2012.56	2012.86
2012.868	0.8999999999998636	trials	39	s039_F200614	grCe_grSu6Ne	7	315.0	0	2013.168	2013.468
2013.468	0.8999999999998636	trials	39	s039_F200614	coCe	16	270.0	0	2013.768	2014.068
2014.077	0.8999999999998636	trials	39	s039_F200614	grCe_grSu6CiNe_PS	19	90.0	0	2014.377	2014.676
2027.912	0.8999999999998636	trials	39	s039_F200614	grCe_grSu3Ne	5	225.0	0	2028.212	2028.512
2028.52	0.8999999999998636	trials	39	s039_F200614	grCe_grSu6CiNe_PS	19	270.0	0	2028.82	2029.12
2059.3329999999996	0.900000000000091	trials	39	s039_F200614	grCe_grSu6CiNe	15	270.0	0	2059.633	2059.932
2060.566	0.900000000000091	trials	39	s039_F200614	grCe_grSu3Ne	5	0.0	0	2060.866	2061.166
2078.7599999999998	0.900000000000091	trials	39	s039_F200614	coCe_grSu6Ne	17	270.0	0	2079.06	2079.36
2087.486	0.900000000000091	trials	39	s039_F200614	grCe	1	90.0	0	2087.786	2088.086
2088.145	0.900000000000091	trials	39	s039_F200614	grCe_grSu18Fa	11	225.0	0	2088.445	2088.744
2088.761	0.900000000000091	trials	39	s039_F200614	grSu18Fa	10		0	2089.061	2089.361
2095.162	0.900000000000091	trials	39	s039_F200614	coCe	16	225.0	0	2095.462	2095.762
2095.8039999999996	0.900000000000091	trials	39	s039_F200614	grSu3Ne	4		0	2096.104	2096.404
2096.412	0.900000000000091	trials	39	s039_F200614	coCe_grSu6Ne	17	315.0	0	2096.712	2097.012
2097.0209999999997	0.900000000000091	trials	39	s039_F200614	grCe_grSu6CiNe_PS	19	135.0	0	2097.321	2097.62
2103.23	0.900000000000091	trials	39	s039_F200614	grCe_grSu6CiNe	15	135.0	0	2103.53	2103.83
2103.8469999999998	0.900000000000091	trials	39	s039_F200614	grCe_grSu6Ne	7	225.0	0	2104.147	2104.446
2104.4629999999997	0.900000000000091	trials	39	s039_F200614	grCe_grSu12Mi	9	270.0	0	2104.763	2105.063
2105.0719999999997	0.900000000000091	trials	39	s039_F200614	coCe_grSu6Ne	17	135.0	0	2105.372	2105.671
2111.381	0.900000000000091	trials	39	s039_F200614	grCe_grSu6Ne_PS	18	135.0	0	2111.681	2111.981
2111.989	0.900000000000091	trials	39	s039_F200614	grCe_grSu12SmCiNe	13	270.0	0	2112.289	2112.589
2120.749	0.900000000000091	trials	39	s039_F200614	grCe	1	135.0	0	2121.049	2121.348
2121.957	0.900000000000091	trials	39	s039_F200614	NoStim	0		0	2122.257	2122.557
2122.566	0.900000000000091	trials	39	s039_F200614	grCe_grSu3Ne	5	90.0	0	2122.866	2123.165
2135.234	0.900000000000091	trials	39	s039_F200614	coSu6Ne	20		0	2135.534	2135.834
2142.9269999999997	0.900000000000091	trials	39	s039_F200614	grCe	1	180.0	0	2143.227	2143.526
2143.56	0.900000000000091	trials	39	s039_F200614	grCe_grSu1Ne	3	0.0	0	2143.86	2144.16
2144.2019999999998	0.900000000000091	trials	39	s039_F200614	grSu1Ne	2		0	2144.502	2144.802
2150.944	0.900000000000091	trials	39	s039_F200614	grCe_grSu12SmCiNe	13	225.0	0	2151.244	2151.544
2151.569	0.900000000000091	trials	39	s039_F200614	grCe_grSu6CiNe	15	90.0	0	2151.869	2152.169
2152.178	0.900000000000091	trials	39	s039_F200614	grCe_grSu1Ne	3	45.0	0	2152.478	2152.778
2152.803	0.900000000000091	trials	39	s039_F200614	grCe_grSu1Ne	3	90.0	0	2153.103	2153.403
2158.912	0.900000000000091	trials	39	s039_F200614	coCe	16	0.0	0	2159.212	2159.512
2159.537	0.900000000000091	trials	39	s039_F200614	grCe_grSu6CiNe_PS	19	180.0	0	2159.837	2160.137
2160.1459999999997	0.900000000000091	trials	39	s039_F200614	grCe_grSu6Ne_PS	18	315.0	0	2160.446	2160.745
2169.93	0.900000000000091	trials	39	s039_F200614	grSu6CiNe	14		0	2170.23	2170.53
2170.5389999999998	0.900000000000091	trials	39	s039_F200614	grSu6Ne	6		0	2170.839	2171.138
2171.147	0.900000000000091	trials	39	s039_F200614	coCe_grSu6Ne	17	45.0	0	2171.447	2171.747
2171.7549999999997	0.900000000000091	trials	39	s039_F200614	grCe_grSu6CiNe	15	225.0	0	2172.055	2172.355
2180.365	0.900000000000091	trials	39	s039_F200614	grCe_grSu3Ne	5	180.0	0	2180.665	2180.965
2180.9979999999996	0.900000000000091	trials	39	s039_F200614	grCe_grSu12Mi	9	135.0	0	2181.298	2181.598
2189.0159999999996	0.900000000000091	trials	39	s039_F200614	grCe_grSu12SmCiNe_PS	21	90.0	0	2189.316	2189.616
2189.649	0.900000000000091	trials	39	s039_F200614	grCe_grSu3Ne	5	270.0	0	2189.949	2190.249
2190.8909999999996	0.900000000000091	trials	39	s039_F200614	coCe	16	90.0	0	2191.191	2191.491
2196.875	0.900000000000091	trials	39	s039_F200614	coCe	16	135.0	0	2197.175	2197.475
2198.7419999999997	0.900000000000091	trials	39	s039_F200614	grCe_grSu12SmCiNe	13	45.0	0	2199.042	2199.342
2205.343	0.900000000000091	trials	39	s039_F200614	grSu12SmCiNe	12		0	2205.643	2205.943
2205.968	0.900000000000091	trials	39	s039_F200614	grCe_grSu18Fa	11	315.0	0	2206.268	2206.568
2209.685	0.900000000000091	trials	39	s039_F200614	grCe_grSu6CiNe	15	315.0	0	2209.985	2210.285
2210.3019999999997	0.900000000000091	trials	39	s039_F200614	grCe_grSu12Mi	9	0.0	0	2210.602	2210.902
2210.91	0.900000000000091	trials	39	s039_F200614	grCe_grSu6Ne	7	270.0	0	2211.21	2211.51
2211.519	0.900000000000091	trials	39	s039_F200614	grCe_grSu6Ne	7	135.0	0	2211.819	2212.119
2217.7279999999996	0.900000000000091	trials	39	s039_F200614	coCe_grSu6Ne	17	90.0	0	2218.028	2218.328
2218.336	0.900000000000091	trials	39	s039_F200614	grCe_grSu6CiNe	15	45.0	0	2218.636	2218.936
2218.9449999999997	0.900000000000091	trials	39	s039_F200614	grCe_grSu12SmCiNe_PS	21	180.0	0	2219.245	2219.545
2219.553	0.900000000000091	trials	39	s039_F200614	grCe_grSu6CiNe_PS	19	315.0	0	2219.853	2220.153
2225.754	0.900000000000091	trials	39	s039_F200614	grCe_grSu12SmCiNe_PS	21	45.0	0	2226.054	2226.354
2226.3709999999996	0.900000000000091	trials	39	s039_F200614	grCe_grSu18Fa	11	90.0	0	2226.671	2226.97
2226.979	0.900000000000091	trials	39	s039_F200614	coCe	16	45.0	0	2227.279	2227.579
2227.596	0.900000000000091	trials	39	s039_F200614	grCe_grSu12Mi	9	315.0	0	2227.896	2228.196
2233.6879999999996	0.900000000000091	trials	39	s039_F200614	grCe_grSu12SmCiNe	13	135.0	0	2233.988	2234.288
2234.288	0.900000000000091	trials	39	s039_F200614	grCe	1	45.0	0	2234.588	2234.888
2234.9049999999997	0.900000000000091	trials	39	s039_F200614	grCe_grSu18Fa	11	180.0	0	2235.205	2235.505
2235.5139999999997	0.900000000000091	trials	39	s039_F200614	grCe_grSu6Ne	7	45.0	0	2235.814	2236.113
2243.49	0.900000000000091	trials	39	s039_F200614	grCe_grSu18Fa	11	135.0	0	2243.79	2244.089
2244.1059999999998	0.900000000000091	trials	39	s039_F200614	grCe_grSu18Fa	11	0.0	0	2244.406	2244.706
2244.7149999999997	0.900000000000091	trials	39	s039_F200614	grCe_grSu12SmCiNe_PS	21	45.0	9	2245.015	2245.315
2250.982	0.900000000000091	trials	39	s039_F200614	grCe_grSu12SmCiNe	13	270.0	9	2251.282	2251.582
2251.591	0.900000000000091	trials	39	s039_F200614	grCe_grSu3Ne	5	270.0	9	2251.891	2252.19
2252.2239999999997	0.900000000000091	trials	39	s039_F200614	coCe_grSu6Ne	17	270.0	9	2252.524	2252.824
2252.8329999999996	0.900000000000091	trials	39	s039_F200614	grCe_grSu1Ne	3	135.0	9	2253.133	2253.432
2259.325	0.900000000000091	trials	39	s039_F200614	grCe_grSu6Ne_PS	18	0.0	9	2259.625	2259.925
2259.933	0.900000000000091	trials	39	s039_F200614	grSu1Ne	2		9	2260.233	2260.533
2260.542	0.900000000000091	trials	39	s039_F200614	grCe_grSu6CiNe	15	135.0	9	2260.842	2261.142
2261.1499999999996	0.900000000000091	trials	39	s039_F200614	grCe_grSu6CiNe	15	315.0	9	2261.45	2261.75
2268.1259999999997	0.900000000000091	trials	39	s039_F200614	grCe_grSu12SmCiNe	13	315.0	9	2268.426	2268.726
2268.7349999999997	0.900000000000091	trials	39	s039_F200614	coCe_grSu6Ne	17	135.0	9	2269.035	2269.334
2269.343	0.900000000000091	trials	39	s039_F200614	grCe_grSu6CiNe_PS	19	225.0	9	2269.643	2269.943
2276.886	0.900000000000091	trials	39	s039_F200614	grCe_grSu12SmCiNe_PS	21	180.0	9	2277.186	2277.485
2277.4939999999997	0.900000000000091	trials	39	s039_F200614	grCe_grSu1Ne	3	225.0	9	2277.794	2278.094
2284.8529999999996	0.900000000000091	trials	39	s039_F200614	grCe_grSu18Fa	11	45.0	9	2285.153	2285.453
2286.1029999999996	0.900000000000091	trials	39	s039_F200614	grCe_grSu3Ne	5	225.0	9	2286.403	2286.703
2286.712	0.900000000000091	trials	39	s039_F200614	grCe_grSu3Ne	5	0.0	9	2287.012	2287.312
2292.988	0.900000000000091	trials	39	s039_F200614	grCe_grSu18Fa	11	0.0	9	2293.288	2293.587
2293.596	0.900000000000091	trials	39	s039_F200614	coCe_grSu6Ne	17	315.0	9	2293.896	2294.196
2306.173	0.900000000000091	trials	39	s039_F200614	grCe_grSu6Ne_PS	18	45.0	9	2306.473	2306.772
2306.798	0.900000000000091	trials	39	s039_F200614	grCe_grSu12Mi	9	270.0	9	2307.098	2307.398
2307.406	0.900000000000091	trials	39	s039_F200614	grCe_grSu3Ne	5	180.0	9	2307.706	2308.006
2308.006	0.900000000000091	trials	39	s039_F200614	grCe	1	90.0	9	2308.306	2308.606
2320.258	0.900000000000091	trials	39	s039_F200614	grCe_grSu6CiNe	15	225.0	9	2320.558	2320.858
2331.9339999999997	0.900000000000091	trials	39	s039_F200614	grSu6Ne	6		9	2332.234	2332.534
2332.551	0.900000000000091	trials	39	s039_F200614	grCe_grSu18Fa	11	90.0	9	2332.851	2333.151
2333.16	0.900000000000091	trials	39	s039_F200614	grCe_grSu3Ne	5	135.0	9	2333.46	2333.759
2333.776	0.900000000000091	trials	39	s039_F200614	coCe	16	225.0	9	2334.076	2334.376
2340.902	0.900000000000091	trials	39	s039_F200614	grCe_grSu6Ne	7	225.0	9	2341.202	2341.502
2341.544	0.900000000000091	trials	39	s039_F200614	grCe_grSu6CiNe_PS	19	135.0	9	2341.844	2342.144
2342.152	0.900000000000091	trials	39	s039_F200614	grCe_grSu6Ne	7	90.0	9	2342.452	2342.752
2342.761	0.900000000000091	trials	39	s039_F200614	coSu6Ne	20		9	2343.061	2343.36
2348.8199999999997	0.900000000000091	trials	39	s039_F200614	coCe	16	90.0	9	2349.12	2349.42
2350.037	0.900000000000091	trials	39	s039_F200614	grCe_grSu1Ne	3	45.0	9	2350.337	2350.636
2350.645	0.900000000000091	trials	39	s039_F200614	coCe_grSu6Ne	17	225.0	9	2350.945	2351.245
2358.0539999999996	0.900000000000091	trials	39	s039_F200614	grSu18Fa	10		9	2358.354	2358.654
2358.696	0.900000000000091	trials	39	s039_F200614	grCe_grSu6Ne	7	315.0	9	2358.996	2359.296
2368.272	0.900000000000091	trials	39	s039_F200614	grCe_grSu18Fa	11	135.0	9	2368.572	2368.872
2368.881	0.900000000000091	trials	39	s039_F200614	grCe_grSu12SmCiNe	13	90.0	9	2369.181	2369.481
2369.4809999999998	0.900000000000091	trials	39	s039_F200614	grCe	1	270.0	9	2369.781	2370.081
2370.089	0.900000000000091	trials	39	s039_F200614	grCe_grSu6Ne_PS	18	315.0	9	2370.389	2370.689
2376.423	0.900000000000091	trials	39	s039_F200614	grCe_grSu12Mi	9	315.0	9	2376.723	2377.023
2377.0319999999997	0.900000000000091	trials	39	s039_F200614	grCe_grSu6Ne	7	135.0	9	2377.332	2377.632
2377.64	0.900000000000091	trials	39	s039_F200614	grCe_grSu6CiNe_PS	19	180.0	9	2377.94	2378.24
2378.265	0.900000000000091	trials	39	s039_F200614	grCe_grSu12SmCiNe_PS	21	0.0	9	2378.565	2378.865
2384.933	0.900000000000091	trials	39	s039_F200614	grCe_grSu1Ne	3	0.0	9	2385.233	2385.533
2385.5409999999997	0.900000000000091	trials	39	s039_F200614	grSu3Ne	4		9	2385.841	2386.141
2386.1499999999996	0.900000000000091	trials	39	s039_F200614	grCe_grSu3Ne	5	90.0	9	2386.45	2386.749
2386.75	0.900000000000091	trials	39	s039_F200614	grCe	1	45.0	9	2387.05	2387.35
2393.667	0.900000000000091	trials	39	s039_F200614	grCe	1	315.0	9	2393.967	2394.267
2394.893	0.900000000000091	trials	39	s039_F200614	grCe_grSu12Mi	9	180.0	9	2395.193	2395.492
2410.1189999999997	0.900000000000091	trials	39	s039_F200614	grCe_grSu6Ne	7	0.0	9	2410.419	2410.719
2410.7279999999996	0.900000000000091	trials	39	s039_F200614	grCe_grSu6Ne_PS	18	270.0	9	2411.028	2411.328
2411.345	0.900000000000091	trials	39	s039_F200614	grCe_grSu3Ne	5	45.0	9	2411.645	2411.944
2420.1119999999996	0.900000000000091	trials	39	s039_F200614	coCe_grSu6Ne	17	180.0	9	2420.412	2420.712
2420.729	0.900000000000091	trials	39	s039_F200614	grCe_grSu12Mi	9	45.0	9	2421.029	2421.329
2421.3379999999997	0.900000000000091	trials	39	s039_F200614	grCe_grSu12SmCiNe	13	225.0	9	2421.638	2421.937
2428.0299999999997	0.900000000000091	trials	39	s039_F200614	grCe_grSu6Ne_PS	18	90.0	9	2428.33	2428.63
2428.6299999999997	0.900000000000091	trials	39	s039_F200614	grCe	1	225.0	9	2428.93	2429.23
2429.855	0.900000000000091	trials	39	s039_F200614	grCe_grSu1Ne	3	90.0	9	2430.155	2430.455
2436.265	0.900000000000091	trials	39	s039_F200614	grCe_grSu6CiNe	15	270.0	9	2436.565	2436.864
2436.8729999999996	0.900000000000091	trials	39	s039_F200614	coCe_grSu6Ne	17	0.0	9	2437.173	2437.473
2437.4979999999996	0.900000000000091	trials	39	s039_F200614	grCe_grSu18Fa	11	225.0	9	2437.798	2438.098
2438.1059999999998	0.900000000000091	trials	39	s039_F200614	grSu12Mi	8		9	2438.406	2438.706
2444.466	0.900000000000091	trials	39	s039_F200614	grCe_grSu6CiNe_PS	19	90.0	9	2444.766	2445.065
2445.674	0.900000000000091	trials	39	s039_F200614	grCe	1	135.0	9	2445.974	2446.274
2446.274	0.900000000000091	trials	39	s039_F200614	coCe	16	0.0	9	2446.574	2446.874
2452.7079999999996	0.900000000000091	trials	39	s039_F200614	grCe_grSu18Fa	11	180.0	9	2453.008	2453.308
2453.9579999999996	0.900000000000091	trials	39	s039_F200614	grCe_grSu12SmCiNe	13	45.0	9	2454.258	2454.558
2454.567	0.900000000000091	trials	39	s039_F200614	coCe_grSu6Ne	17	90.0	9	2454.867	2455.167
2461.993	0.900000000000091	trials	39	s039_F200614	grCe_grSu6CiNe	15	180.0	9	2462.293	2462.593
2462.618	0.900000000000091	trials	39	s039_F200614	grCe_grSu1Ne	3	315.0	9	2462.918	2463.218
2463.218	0.900000000000091	trials	39	s039_F200614	grCe	1	180.0	9	2463.518	2463.818
2463.826	0.900000000000091	trials	39	s039_F200614	grSu6CiNe	14		9	2464.126	2464.426
2469.944	0.900000000000091	trials	39	s039_F200614	grCe_grSu6CiNe	15	0.0	9	2470.244	2470.544
2474.4109999999996	0.900000000000091	trials	39	s039_F200614	grCe_grSu12SmCiNe_PS	21	225.0	9	2474.711	2475.011
2475.02	0.900000000000091	trials	39	s039_F200614	grCe_grSu6CiNe_PS	19	45.0	9	2475.32	2475.619
2475.636	0.900000000000091	trials	39	s039_F200614	grCe_grSu12Mi	9	225.0	9	2475.936	2476.236
2482.479	0.900000000000091	trials	39	s039_F200614	grCe_grSu12SmCiNe	13	0.0	9	2482.779	2483.079
2483.129	0.900000000000091	trials	39	s039_F200614	grCe_grSu12Mi	9	90.0	9	2483.429	2483.729
2483.7369999999996	0.900000000000091	trials	39	s039_F200614	grCe_grSu6CiNe	15	45.0	9	2484.037	2484.337
2484.346	0.900000000000091	trials	39	s039_F200614	grCe_grSu6Ne_PS	18	135.0	9	2484.646	2484.945
2497.6639999999998	0.900000000000091	trials	39	s039_F200614	grCe_grSu18Fa	11	315.0	9	2497.964	2498.264
2498.2729999999997	0.900000000000091	trials	39	s039_F200614	grCe_grSu12SmCiNe	13	180.0	9	2498.573	2498.872
2498.906	0.900000000000091	trials	39	s039_F200614	coCe	16	180.0	9	2499.206	2499.506
2499.5139999999997	0.900000000000091	trials	39	s039_F200614	grCe_grSu6CiNe	15	90.0	9	2499.814	2500.114
2505.799	0.900000000000091	trials	39	s039_F200614	grCe_grSu1Ne	3	270.0	9	2506.099	2506.398
2506.399	0.900000000000091	trials	39	s039_F200614	coCe	16	45.0	9	2506.699	2506.998
2506.999	0.900000000000091	trials	39	s039_F200614	grCe	1	0.0	9	2507.299	2507.598
2507.607	0.900000000000091	trials	39	s039_F200614	grCe_grSu12SmCiNe_PS	21	270.0	9	2507.907	2508.207
2514.1409999999996	0.900000000000091	trials	39	s039_F200614	grCe_grSu12Mi	9	135.0	9	2514.441	2514.741
2515.3579999999997	0.900000000000091	trials	39	s039_F200614	grSu12SmCiNe	12		9	2515.658	2515.958
2515.966	0.900000000000091	trials	39	s039_F200614	grCe_grSu6Ne	7	270.0	9	2516.266	2516.566
2523.634	0.900000000000091	trials	39	s039_F200614	grCe_grSu6CiNe_PS	19	270.0	9	2523.934	2524.234
2524.276	0.900000000000091	trials	39	s039_F200614	grCe_grSu12SmCiNe_PS	21	315.0	9	2524.576	2524.876
2524.993	0.900000000000091	trials	39	s039_F200614	coCe_grSu6Ne	17	45.0	9	2525.293	2525.592
2525.6009999999997	0.900000000000091	trials	39	s039_F200614	grCe_grSu6CiNe_PS	19	315.0	9	2525.901	2526.201
2532.777	0.900000000000091	trials	39	s039_F200614	grCe_grSu3Ne	5	315.0	9	2533.077	2533.377
2533.394	0.900000000000091	trials	39	s039_F200614	grCe_grSu18Fa	11	270.0	9	2533.694	2533.993
2534.019	0.900000000000091	trials	39	s039_F200614	grCe_grSu6Ne_PS	18	180.0	9	2534.319	2534.619
2540.328	0.900000000000091	trials	39	s039_F200614	grCe_grSu6Ne_PS	18	225.0	9	2540.628	2540.928
2541.5359999999996	0.900000000000091	trials	39	s039_F200614	coCe	16	315.0	9	2541.836	2542.136
2558.5049999999997	0.900000000000091	trials	39	s039_F200614	grCe_grSu6CiNe_PS	19	0.0	9	2558.805	2559.105
2559.122	0.900000000000091	trials	39	s039_F200614	coCe	16	135.0	9	2559.422	2559.722
2559.7639999999997	0.900000000000091	trials	39	s039_F200614	coCe	16	270.0	9	2560.064	2560.364
2560.381	0.900000000000091	trials	39	s039_F200614	grCe_grSu12Mi	9	0.0	9	2560.681	2560.98
2585.3669999999997	0.900000000000091	trials	39	s039_F200614	grCe_grSu12SmCiNe_PS	21	135.0	9	2585.667	2585.967
2585.9759999999997	0.900000000000091	trials	39	s039_F200614	grCe_grSu12SmCiNe	13	135.0	9	2586.276	2586.575
2587.2169999999996	0.900000000000091	trials	39	s039_F200614	grCe_grSu6Ne	7	45.0	9	2587.517	2587.817
2593.6769999999997	0.900000000000091	trials	39	s039_F200614	NoStim	0		9	2593.977	2594.276
2594.902	0.900000000000091	trials	39	s039_F200614	grCe_grSu12SmCiNe_PS	21	90.0	9	2595.202	2595.501
2595.5099999999998	0.900000000000091	trials	39	s039_F200614	grCe_grSu1Ne	3	180.0	9	2595.81	2596.11
2603.1859999999997	0.900000000000091	trials	39	s039_F200614	grCe_grSu6Ne	7	180.0	9	2603.486	2603.786
2603.8109999999997	0.900000000000091	trials	39	s039_F200614	coCe	16	270.0	7	2604.111	2604.411
2604.4199999999996	0.900000000000091	trials	39	s039_F200614	grCe_grSu3Ne	5	45.0	7	2604.72	2605.019
2679.5789999999997	0.900000000000091	trials	39	s039_F200614	grSu12Mi	8		7	2679.879	2680.179
2680.1879999999996	0.900000000000091	trials	39	s039_F200614	grCe_grSu12SmCiNe_PS	21	0.0	7	2680.488	2680.787
2680.8289999999997	0.900000000000091	trials	39	s039_F200614	coCe_grSu6Ne	17	270.0	7	2681.129	2681.429
2687.939	0.900000000000091	trials	39	s039_F200614	grCe_grSu6CiNe	15	135.0	7	2688.239	2688.538
2693.323	0.900000000000091	trials	39	s039_F200614	grCe_grSu18Fa	11	270.0	7	2693.623	2693.922
2693.9559999999997	0.900000000000091	trials	39	s039_F200614	coCe_grSu6Ne	17	315.0	7	2694.256	2694.556
2707.7	0.900000000000091	trials	39	s039_F200614	grCe_grSu3Ne	5	90.0	7	2708.0	2708.299
2708.308	0.900000000000091	trials	39	s039_F200614	grCe_grSu12SmCiNe	13	90.0	7	2708.608	2708.908
2708.908	0.900000000000091	trials	39	s039_F200614	coCe	16	225.0	7	2709.208	2709.508
2715.984	0.900000000000091	trials	39	s039_F200614	grCe_grSu6CiNe_PS	19	315.0	7	2716.284	2716.584
2716.5919999999996	0.900000000000091	trials	39	s039_F200614	grCe_grSu6CiNe	15	90.0	7	2716.892	2717.192
2727.2599999999998	0.900000000000091	trials	39	s039_F200614	grCe_grSu12SmCiNe_PS	21	180.0	7	2727.56	2727.86
2727.894	0.900000000000091	trials	39	s039_F200614	grCe_grSu18Fa	11	315.0	7	2728.194	2728.494
2734.6859999999997	0.900000000000091	trials	39	s039_F200614	grCe_grSu6Ne_PS	18	45.0	7	2734.986	2735.286
2735.2949999999996	0.900000000000091	trials	39	s039_F200614	grCe_grSu1Ne	3	0.0	7	2735.595	2735.894
2735.903	0.900000000000091	trials	39	s039_F200614	grCe_grSu12SmCiNe_PS	21	135.0	7	2736.203	2736.503
2736.5119999999997	0.900000000000091	trials	39	s039_F200614	coSu6Ne	20		7	2736.812	2737.111
2743.488	0.900000000000091	trials	39	s039_F200614	grCe_grSu12Mi	9	180.0	7	2743.788	2744.087
2744.096	0.900000000000091	trials	39	s039_F200614	grCe_grSu12SmCiNe	13	135.0	7	2744.396	2744.696
2744.7039999999997	0.900000000000091	trials	39	s039_F200614	grCe_grSu3Ne	5	0.0	7	2745.004	2745.304
2756.172	0.900000000000091	trials	39	s039_F200614	coCe_grSu6Ne	17	90.0	7	2756.472	2756.772
2757.3889999999997	0.900000000000091	trials	39	s039_F200614	grCe_grSu6Ne	7	135.0	7	2757.689	2757.989
2757.9979999999996	0.900000000000091	trials	39	s039_F200614	grCe_grSu6Ne	7	315.0	7	2758.298	2758.597
2764.2569999999996	0.900000000000091	trials	39	s039_F200614	grCe_grSu6CiNe	15	270.0	7	2764.557	2764.857
2764.89	0.900000000000091	trials	39	s039_F200614	grCe	1	225.0	7	2765.19	2765.49
2765.5069999999996	0.900000000000091	trials	39	s039_F200614	grCe_grSu12Mi	9	45.0	7	2765.807	2766.107
2766.115	0.900000000000091	trials	39	s039_F200614	grCe_grSu1Ne	3	225.0	7	2766.415	2766.715
2797.511	0.900000000000091	trials	39	s039_F200614	grCe_grSu12SmCiNe	13	0.0	7	2797.811	2798.111
2798.12	0.900000000000091	trials	39	s039_F200614	grCe_grSu6Ne	7	90.0	7	2798.42	2798.719
2798.7279999999996	0.900000000000091	trials	39	s039_F200614	grCe_grSu12SmCiNe	13	225.0	7	2799.028	2799.328
2802.403	0.900000000000091	trials	39	s039_F200614	coCe	16	0.0	7	2802.703	2803.003
2803.004	0.900000000000091	trials	39	s039_F200614	NoStim	0		7	2803.304	2803.603
2803.604	0.900000000000091	trials	39	s039_F200614	grCe	1	315.0	7	2803.904	2804.203
2804.212	0.900000000000091	trials	39	s039_F200614	grCe_grSu6CiNe_PS	19	90.0	7	2804.512	2804.812
2810.404	0.900000000000091	trials	39	s039_F200614	grCe_grSu6CiNe_PS	19	180.0	7	2810.704	2811.004
2811.013	0.900000000000091	trials	39	s039_F200614	grCe_grSu6Ne_PS	18	225.0	7	2811.313	2811.613
2811.6209999999996	0.900000000000091	trials	39	s039_F200614	grCe_grSu6Ne_PS	18	90.0	7	2811.921	2812.221
2812.23	0.900000000000091	trials	39	s039_F200614	grCe_grSu1Ne	3	135.0	7	2812.53	2812.829
2819.4719999999998	0.900000000000091	trials	39	s039_F200614	grCe_grSu1Ne	3	90.0	7	2819.772	2820.072
2820.089	0.900000000000091	trials	39	s039_F200614	grCe_grSu12SmCiNe	13	315.0	7	2820.389	2820.689
2820.7309999999998	0.900000000000091	trials	39	s039_F200614	grCe_grSu6CiNe_PS	19	0.0	7	2821.031	2821.331
2821.3309999999997	0.900000000000091	trials	39	s039_F200614	coCe	16	315.0	7	2821.631	2821.931
2837.491	0.900000000000091	trials	39	s039_F200614	grCe_grSu12Mi	9	315.0	7	2837.791	2838.091
2838.133	0.900000000000091	trials	39	s039_F200614	grCe_grSu6CiNe_PS	19	135.0	7	2838.433	2838.733
2838.7659999999996	0.900000000000091	trials	39	s039_F200614	coCe_grSu6Ne	17	135.0	7	2839.066	2839.366
2855.2439999999997	0.900000000000091	trials	39	s039_F200614	grCe_grSu3Ne	5	270.0	7	2855.544	2855.843
2855.852	0.900000000000091	trials	39	s039_F200614	grCe_grSu6Ne	7	270.0	7	2856.152	2856.452
2856.46	0.900000000000091	trials	39	s039_F200614	grCe_grSu1Ne	3	270.0	7	2856.76	2857.06
2863.27	0.900000000000091	trials	39	s039_F200614	grCe_grSu6CiNe	15	0.0	7	2863.57	2863.869
2864.52	0.900000000000091	trials	39	s039_F200614	grSu6CiNe	14		7	2864.82	2865.12
2871.412	0.900000000000091	trials	39	s039_F200614	grCe_grSu6CiNe_PS	19	45.0	7	2871.712	2872.012
2872.6459999999997	0.900000000000091	trials	39	s039_F200614	grSu3Ne	4		7	2872.946	2873.246
2889.923	0.900000000000091	trials	39	s039_F200614	coCe	16	180.0	7	2890.223	2890.523
2890.557	0.900000000000091	trials	39	s039_F200614	grCe_grSu18Fa	11	90.0	7	2890.857	2891.156
2897.674	0.900000000000091	trials	39	s039_F200614	grCe_grSu6Ne	7	0.0	7	2897.974	2898.274
2898.308	0.900000000000091	trials	39	s039_F200614	grCe_grSu12Mi	9	0.0	7	2898.608	2898.907
2898.941	0.900000000000091	trials	39	s039_F200614	grCe_grSu6CiNe	15	180.0	7	2899.241	2899.541
2899.549	0.900000000000091	trials	39	s039_F200614	grCe_grSu6Ne	7	180.0	7	2899.849	2900.149
2905.9579999999996	0.900000000000091	trials	39	s039_F200614	grCe_grSu1Ne	3	45.0	7	2906.258	2906.558
2906.567	0.900000000000091	trials	39	s039_F200614	grCe_grSu12SmCiNe	13	45.0	7	2906.867	2907.167
2907.1839999999997	0.900000000000091	trials	39	s039_F200614	grCe_grSu18Fa	11	135.0	7	2907.484	2907.783
2907.817	0.900000000000091	trials	39	s039_F200614	grCe_grSu12SmCiNe_PS	21	315.0	7	2908.117	2908.417
2917.31	0.900000000000091	trials	39	s039_F200614	grCe	1	45.0	7	2917.61	2917.91
2917.9179999999997	0.900000000000091	trials	39	s039_F200614	coCe_grSu6Ne	17	0.0	7	2918.218	2918.518
2926.403	0.900000000000091	trials	39	s039_F200614	grCe_grSu6Ne_PS	18	315.0	7	2926.703	2927.002
2927.011	0.900000000000091	trials	39	s039_F200614	grCe_grSu6CiNe	15	225.0	7	2927.311	2927.611
2927.62	0.900000000000091	trials	39	s039_F200614	grCe_grSu6CiNe	15	45.0	7	2927.92	2928.219
2928.2279999999996	0.900000000000091	trials	39	s039_F200614	grCe_grSu6CiNe_PS	19	270.0	7	2928.528	2928.828
2934.7709999999997	0.900000000000091	trials	39	s039_F200614	grCe_grSu6Ne	7	225.0	7	2935.071	2935.37
2935.379	0.900000000000091	trials	39	s039_F200614	grCe_grSu1Ne	3	180.0	7	2935.679	2935.979
2936.0209999999997	0.900000000000091	trials	39	s039_F200614	grCe_grSu3Ne	5	135.0	7	2936.321	2936.62
2936.629	0.900000000000091	trials	39	s039_F200614	grCe_grSu6CiNe	15	315.0	7	2936.929	2937.229
2948.9469999999997	0.900000000000091	trials	39	s039_F200614	grCe_grSu12Mi	9	225.0	7	2949.247	2949.547
2950.1639999999998	0.900000000000091	trials	39	s039_F200614	grCe_grSu3Ne	5	315.0	7	2950.464	2950.764
2950.814	0.900000000000091	trials	39	s039_F200614	grCe_grSu18Fa	11	0.0	7	2951.114	2951.414
2961.816	0.900000000000091	trials	39	s039_F200614	grCe_grSu12SmCiNe	13	180.0	7	2962.116	2962.415
2962.432	0.900000000000091	trials	39	s039_F200614	grCe_grSu3Ne	5	180.0	7	2962.732	2963.032
2963.649	0.900000000000091	trials	39	s039_F200614	grCe_grSu12SmCiNe_PS	21	270.0	7	2963.949	2964.249
2975.0919999999996	0.900000000000091	trials	39	s039_F200614	grCe_grSu6Ne_PS	18	180.0	7	2975.392	2975.692
2975.701	0.900000000000091	trials	39	s039_F200614	grCe_grSu6Ne_PS	18	135.0	7	2976.001	2976.301
2976.301	0.900000000000091	trials	39	s039_F200614	grCe	1	270.0	7	2976.601	2976.901
2985.819	0.900000000000091	trials	39	s039_F200614	grSu1Ne	2		7	2986.119	2986.418
2986.4269999999997	0.900000000000091	trials	39	s039_F200614	grCe_grSu6Ne_PS	18	270.0	7	2986.727	2987.027
2987.027	0.900000000000091	trials	39	s039_F200614	grCe	1	0.0	7	2987.327	2987.627
2987.652	0.900000000000091	trials	39	s039_F200614	grCe_grSu18Fa	11	45.0	7	2987.952	2988.252
2993.8619999999996	0.900000000000091	trials	39	s039_F200614	grCe_grSu12Mi	9	135.0	7	2994.162	2994.461
2995.12	0.900000000000091	trials	39	s039_F200614	grCe_grSu6CiNe_PS	19	225.0	7	2995.42	2995.72
2995.7369999999996	0.900000000000091	trials	39	s039_F200614	grSu6Ne	6		7	2996.037	2996.336
3002.154	0.900000000000091	trials	39	s039_F200614	grCe_grSu12SmCiNe_PS	21	90.0	7	3002.454	3002.754
3002.754	0.900000000000091	trials	39	s039_F200614	coCe	16	135.0	7	3003.054	3003.354
3003.404	0.900000000000091	trials	39	s039_F200614	grCe_grSu18Fa	11	180.0	7	3003.704	3004.004
3004.013	0.900000000000091	trials	39	s039_F200614	coCe_grSu6Ne	17	45.0	7	3004.313	3004.613
3043.026	0.900000000000091	trials	39	s039_F200614	grCe_grSu12Mi	9	90.0	7	3043.326	3043.626
3043.685	0.900000000000091	trials	39	s039_F200614	grCe_grSu12Mi	9	270.0	7	3043.985	3044.284
3056.578	0.900000000000091	trials	39	s039_F200614	grCe	1	90.0	7	3056.878	3057.178
3058.4109999999996	0.900000000000091	trials	39	s039_F200614	grSu18Fa	10		7	3058.711	3059.011
3065.0209999999997	0.900000000000091	trials	39	s039_F200614	coCe	16	45.0	7	3065.321	3065.62
3066.238	0.900000000000091	trials	39	s039_F200614	grCe_grSu3Ne	5	225.0	7	3066.538	3066.837
3066.8379999999997	0.900000000000091	trials	39	s039_F200614	coCe	16	90.0	7	3067.138	3067.437
3073.0049999999997	0.900000000000091	trials	39	s039_F200614	coCe_grSu6Ne	17	225.0	7	3073.305	3073.605
3073.6549999999997	0.900000000000091	trials	39	s039_F200614	grCe_grSu18Fa	11	225.0	7	3073.955	3074.255
3074.2639999999997	0.900000000000091	trials	39	s039_F200614	grCe_grSu12SmCiNe_PS	21	225.0	7	3074.564	3074.863
3074.872	0.900000000000091	trials	39	s039_F200614	grCe_grSu6Ne	7	45.0	7	3075.172	3075.472
3090.4159999999997	0.900000000000091	trials	39	s039_F200614	grCe	1	135.0	7	3090.716	3091.015
3091.0319999999997	0.900000000000091	trials	39	s039_F200614	grCe_grSu1Ne	3	315.0	7	3091.332	3091.632
3091.6409999999996	0.900000000000091	trials	39	s039_F200614	grCe_grSu12SmCiNe	13	270.0	7	3091.941	3092.24
3092.249	0.900000000000091	trials	39	s039_F200614	grCe_grSu6Ne_PS	18	0.0	7	3092.549	3092.849
3098.625	0.900000000000091	trials	39	s039_F200614	grSu12SmCiNe	12		7	3098.925	3099.225
3099.2419999999997	0.900000000000091	trials	39	s039_F200614	grCe_grSu12SmCiNe_PS	21	45.0	7	3099.542	3099.841
3099.8419999999996	0.900000000000091	trials	39	s039_F200614	grCe	1	180.0	7	3100.142	3100.442
3111.243	0.900000000000091	trials	39	s039_F200614	coCe_grSu6Ne	17	180.0	7	3111.543	3111.843
3112.46	0.900000000000091	trials	39	s039_F200614	grCe_grSu6CiNe	15	315.0	3	3112.76	3113.06
3113.0769999999998	0.900000000000091	trials	39	s039_F200614	grCe_grSu6Ne_PS	18	270.0	3	3113.377	3113.677
3120.778	0.900000000000091	trials	39	s039_F200614	grCe_grSu6Ne	7	45.0	3	3121.078	3121.378
3121.3779999999997	0.900000000000091	trials	39	s039_F200614	grCe	1	0.0	3	3121.678	3121.978
3121.995	0.900000000000091	trials	39	s039_F200614	grCe_grSu18Fa	11	90.0	3	3122.295	3122.594
3122.6279999999997	0.900000000000091	trials	39	s039_F200614	grCe_grSu6Ne_PS	18	135.0	3	3122.928	3123.228
3134.663	0.900000000000091	trials	39	s039_F200614	grCe_grSu12SmCiNe	13	45.0	3	3134.963	3135.263
3143.064	0.900000000000091	trials	39	s039_F200614	grCe_grSu12SmCiNe_PS	21	0.0	3	3143.364	3143.664
3143.681	0.900000000000091	trials	39	s039_F200614	grCe_grSu18Fa	11	225.0	3	3143.981	3144.281
3144.298	0.900000000000091	trials	39	s039_F200614	grCe_grSu18Fa	11	270.0	3	3144.598	3144.897
3144.906	0.900000000000091	trials	39	s039_F200614	grCe_grSu6Ne	7	270.0	3	3145.206	3145.506
3151.524	0.900000000000091	trials	39	s039_F200614	grCe_grSu12SmCiNe_PS	21	315.0	3	3151.824	3152.123
3152.1319999999996	0.900000000000091	trials	39	s039_F200614	grCe_grSu12SmCiNe	13	315.0	3	3152.432	3152.732
3152.732	0.900000000000091	trials	39	s039_F200614	coCe	16	225.0	3	3153.032	3153.332
3153.3489999999997	0.900000000000091	trials	39	s039_F200614	grCe_grSu12Mi	9	0.0	3	3153.649	3153.948
3159.5409999999997	0.900000000000091	trials	39	s039_F200614	grCe_grSu6Ne_PS	18	225.0	3	3159.841	3160.141
3160.758	0.900000000000091	trials	39	s039_F200614	grCe_grSu6CiNe	15	180.0	3	3161.058	3161.358
3161.3999999999996	0.900000000000091	trials	39	s039_F200614	grCe_grSu6CiNe_PS	19	0.0	3	3161.7	3161.999
3167.7509999999997	0.900000000000091	trials	39	s039_F200614	coCe	16	315.0	3	3168.051	3168.35
3168.959	0.900000000000091	trials	39	s039_F200614	coCe	16	0.0	3	3169.259	3169.559
3189.937	0.900000000000091	trials	39	s039_F200614	coCe_grSu6Ne	17	270.0	3	3190.237	3190.537
3190.7369999999996	0.900000000000091	trials	39	s039_F200614	grCe_grSu3Ne	5	45.0	3	3191.037	3191.337
3191.962	0.900000000000091	trials	39	s039_F200614	grCe_grSu12Mi	9	45.0	3	3192.262	3192.562
3198.4629999999997	0.900000000000091	trials	39	s039_F200614	grCe_grSu18Fa	11	0.0	3	3198.763	3199.063
3199.0629999999996	0.900000000000091	trials	39	s039_F200614	coCe	16	45.0	3	3199.363	3199.663
3199.663	0.900000000000091	trials	39	s039_F200614	grCe	1	225.0	3	3199.963	3200.263
3200.305	0.900000000000091	trials	39	s039_F200614	grCe_grSu1Ne	3	315.0	3	3200.605	3200.905
3211.49	0.900000000000091	trials	39	s039_F200614	grCe_grSu18Fa	11	45.0	3	3211.79	3212.089
3212.0899999999997	0.900000000000091	trials	39	s039_F200614	grCe	1	135.0	3	3212.39	3212.689
3212.698	0.900000000000091	trials	39	s039_F200614	grCe_grSu6CiNe	15	225.0	3	3212.998	3213.298
3226.683	0.900000000000091	trials	39	s039_F200614	grCe_grSu1Ne	3	90.0	3	3226.983	3227.283
3236.143	0.900000000000091	trials	39	s039_F200614	grCe_grSu18Fa	11	315.0	3	3236.443	3236.742
3236.7509999999997	0.900000000000091	trials	39	s039_F200614	grCe_grSu6Ne	7	135.0	3	3237.051	3237.351
3242.227	0.900000000000091	trials	39	s039_F200614	grCe_grSu12SmCiNe	13	135.0	3	3242.527	3242.827
3242.8439999999996	0.900000000000091	trials	39	s039_F200614	coCe_grSu6Ne	17	180.0	3	3243.144	3243.443
3243.444	0.900000000000091	trials	39	s039_F200614	coCe	16	90.0	3	3243.744	3244.043
3263.921	0.900000000000091	trials	39	s039_F200614	grCe_grSu6CiNe	15	270.0	3	3264.221	3264.521
3264.5299999999997	0.900000000000091	trials	39	s039_F200614	grCe_grSu6CiNe_PS	19	135.0	3	3264.83	3265.129
3265.138	0.900000000000091	trials	39	s039_F200614	coCe_grSu6Ne	17	225.0	3	3265.438	3265.738
3265.747	0.900000000000091	trials	39	s039_F200614	grCe_grSu12SmCiNe_PS	21	270.0	3	3266.047	3266.346
3272.5969999999998	0.900000000000091	trials	39	s039_F200614	grCe_grSu18Fa	11	180.0	3	3272.897	3273.197
3273.814	0.900000000000091	trials	39	s039_F200614	grCe_grSu6Ne_PS	18	45.0	3	3274.114	3274.414
3274.448	0.900000000000091	trials	39	s039_F200614	grCe_grSu6CiNe	15	45.0	3	3274.748	3275.047
3280.9739999999997	0.900000000000091	trials	39	s039_F200614	grCe	1	90.0	3	3281.274	3281.573
3281.615	0.900000000000091	trials	39	s039_F200614	grCe_grSu12SmCiNe	13	180.0	3	3281.915	3282.215
3282.2239999999997	0.900000000000091	trials	39	s039_F200614	grCe_grSu6CiNe_PS	19	180.0	3	3282.524	3282.823
3282.832	0.900000000000091	trials	39	s039_F200614	grCe_grSu3Ne	5	180.0	3	3283.132	3283.432
3289.2329999999997	0.900000000000091	trials	39	s039_F200614	coCe_grSu6Ne	17	135.0	3	3289.533	3289.833
3289.841	0.900000000000091	trials	39	s039_F200614	grCe_grSu12SmCiNe	13	90.0	3	3290.141	3290.441
3290.4829999999997	0.900000000000091	trials	39	s039_F200614	grCe_grSu6Ne	7	225.0	3	3290.783	3291.083
3301.5679999999998	0.900000000000091	trials	39	s039_F200614	coCe_grSu6Ne	17	315.0	3	3301.868	3302.168
3302.185	0.900000000000091	trials	39	s039_F200614	grCe_grSu12Mi	9	180.0	3	3302.485	3302.784
3309.4109999999996	0.900000000000091	trials	39	s039_F200614	grCe_grSu12SmCiNe_PS	21	135.0	3	3309.711	3310.01
3310.019	0.900000000000091	trials	39	s039_F200614	grCe_grSu12SmCiNe_PS	21	225.0	3	3310.319	3310.619
3310.627	0.900000000000091	trials	39	s039_F200614	grCe_grSu6Ne	7	90.0	3	3310.927	3311.227
3311.236	0.900000000000091	trials	39	s039_F200614	coCe_grSu6Ne	17	90.0	3	3311.536	3311.836
3317.745	0.900000000000091	trials	39	s039_F200614	grCe_grSu6Ne	7	180.0	3	3318.045	3318.345
3318.3529999999996	0.900000000000091	trials	39	s039_F200614	grCe_grSu3Ne	5	270.0	3	3318.653	3318.953
3318.9869999999996	0.900000000000091	trials	39	s039_F200614	grCe_grSu6Ne_PS	18	315.0	3	3319.287	3319.586
3325.729	0.900000000000091	trials	39	s039_F200614	grCe_grSu1Ne	3	135.0	3	3326.029	3326.329
3327.5629999999996	0.900000000000091	trials	39	s039_F200614	grCe_grSu3Ne	5	90.0	3	3327.863	3328.163
3339.9399999999996	0.900000000000091	trials	39	s039_F200614	grCe_grSu1Ne	3	45.0	3	3340.24	3340.539
3340.5809999999997	0.900000000000091	trials	39	s039_F200614	grCe_grSu6Ne_PS	18	0.0	3	3340.881	3341.181
3341.2149999999997	0.900000000000091	trials	39	s039_F200614	coCe	16	135.0	3	3341.515	3341.814
3341.8309999999997	0.900000000000091	trials	39	s039_F200614	grCe_grSu12Mi	9	135.0	3	3342.131	3342.431
3396.33	0.900000000000091	trials	39	s039_F200614	grCe_grSu6Ne	7	315.0	3	3396.63	3396.93
3396.939	0.900000000000091	trials	39	s039_F200614	grCe_grSu6Ne_PS	18	90.0	3	3397.239	3397.538
3397.5389999999998	0.900000000000091	trials	39	s039_F200614	grCe	1	45.0	3	3397.839	3398.138
3398.1549999999997	0.900000000000091	trials	39	s039_F200614	grCe_grSu12Mi	9	90.0	3	3398.455	3398.755
3418.9579999999996	0.900000000000091	trials	39	s039_F200614	coCe_grSu6Ne	17	0.0	3	3419.258	3419.558
3419.566	0.900000000000091	trials	39	s039_F200614	grCe_grSu6CiNe_PS	19	225.0	3	3419.866	3420.166
3420.1749999999997	0.900000000000091	trials	39	s039_F200614	grCe_grSu3Ne	5	0.0	3	3420.475	3420.775
3420.7749999999996	0.900000000000091	trials	39	s039_F200614	NoStim	0		3	3421.075	3421.375
3428.4089999999997	0.900000000000091	trials	39	s039_F200614	coSu6Ne	20		3	3428.709	3429.009
3429.018	0.900000000000091	trials	39	s039_F200614	grCe_grSu3Ne	5	135.0	3	3429.318	3429.617
3429.6259999999997	0.900000000000091	trials	39	s039_F200614	grCe_grSu6CiNe_PS	19	90.0	3	3429.926	3430.226
3436.569	0.900000000000091	trials	39	s039_F200614	grCe_grSu12SmCiNe	13	270.0	3	3436.869	3437.168
3437.21	0.900000000000091	trials	39	s039_F200614	grCe_grSu6CiNe	15	0.0	3	3437.51	3437.81
3437.81	0.900000000000091	trials	39	s039_F200614	coCe	16	180.0	3	3438.11	3438.41
3445.361	0.900000000000091	trials	39	s039_F200614	grCe_grSu1Ne	3	270.0	3	3445.661	3445.961
3446.6279999999997	0.900000000000091	trials	39	s039_F200614	grCe_grSu12Mi	9	225.0	3	3446.928	3447.228
3450.562	0.900000000000091	trials	39	s039_F200614	grCe_grSu18Fa	11	135.0	3	3450.862	3451.162
3451.171	0.900000000000091	trials	39	s039_F200614	grCe_grSu6Ne_PS	18	180.0	3	3451.471	3451.77
3451.7709999999997	0.900000000000091	trials	39	s039_F200614	grCe	1	180.0	3	3452.071	3452.37
3452.379	0.900000000000091	trials	39	s039_F200614	grCe_grSu6CiNe_PS	19	315.0	3	3452.679	3452.979
3458.73	0.900000000000091	trials	39	s039_F200614	grCe_grSu3Ne	5	315.0	3	3459.03	3459.33
3459.3469999999998	0.900000000000091	trials	39	s039_F200614	grCe_grSu12Mi	9	315.0	3	3459.647	3459.946
3459.955	0.900000000000091	trials	39	s039_F200614	grCe_grSu12SmCiNe_PS	21	45.0	3	3460.255	3460.555
3460.672	0.900000000000091	trials	39	s039_F200614	grCe_grSu12SmCiNe_PS	21	180.0	3	3460.972	3461.271
3473.39	0.900000000000091	trials	39	s039_F200614	grCe_grSu12Mi	9	270.0	3	3473.69	3473.99
3473.9979999999996	0.900000000000091	trials	39	s039_F200614	grCe_grSu1Ne	3	0.0	3	3474.298	3474.598
3474.64	0.900000000000091	trials	39	s039_F200614	grSu12Mi	8		3	3474.94	3475.24
3482.3579999999997	0.900000000000091	trials	39	s039_F200614	grCe_grSu12SmCiNe	13	0.0	3	3482.658	3482.958
3482.966	0.900000000000091	trials	39	s039_F200614	grSu6Ne	6		3	3483.266	3483.566
3490.292	0.900000000000091	trials	39	s039_F200614	grSu6CiNe	14		3	3490.592	3490.892
3490.9339999999997	0.900000000000091	trials	39	s039_F200614	grCe_grSu1Ne	3	180.0	3	3491.234	3491.534
3502.652	0.900000000000091	trials	39	s039_F200614	grSu3Ne	4		3	3502.952	3503.252
3503.252	0.900000000000091	trials	39	s039_F200614	grCe	1	270.0	3	3503.552	3503.852
3514.645	0.900000000000091	trials	39	s039_F200614	grCe_grSu6Ne	7	0.0	3	3514.945	3515.245
3515.254	0.900000000000091	trials	39	s039_F200614	grSu12SmCiNe	12		3	3515.554	3515.853
3519.729	0.900000000000091	trials	39	s039_F200614	grCe_grSu12SmCiNe	13	225.0	3	3520.029	3520.329
3520.346	0.900000000000091	trials	39	s039_F200614	coCe_grSu6Ne	17	45.0	3	3520.646	3520.946
3520.9959999999996	0.900000000000091	trials	39	s039_F200614	grSu18Fa	10		3	3521.296	3521.596
3521.6209999999996	0.900000000000091	trials	39	s039_F200614	grCe_grSu6CiNe_PS	19	45.0	3	3521.921	3522.221
3528.172	0.900000000000091	trials	39	s039_F200614	grCe	1	315.0	3	3528.472	3528.772
3528.781	0.900000000000091	trials	39	s039_F200614	grCe_grSu12SmCiNe_PS	21	90.0	3	3529.081	3529.38
3536.298	0.900000000000091	trials	39	s039_F200614	coCe	16	270.0	3	3536.598	3536.898
3536.9069999999997	0.900000000000091	trials	39	s039_F200614	grCe_grSu6CiNe	15	135.0	3	3537.207	3537.506
3537.5319999999997	0.900000000000091	trials	39	s039_F200614	grCe_grSu6CiNe	15	90.0	3	3537.832	3538.131
3546.5829999999996	0.900000000000091	trials	39	s039_F200614	grCe_grSu6CiNe_PS	19	270.0	3	3546.883	3547.183
3547.191	0.900000000000091	trials	39	s039_F200614	grCe_grSu3Ne	5	225.0	3	3547.491	3547.791
3547.7999999999997	0.900000000000091	trials	39	s039_F200614	grSu1Ne	2		3	3548.1	3548.399
3548.408	0.900000000000091	trials	39	s039_F200614	grCe_grSu1Ne	3	225.0	3	3548.708	3549.008
